1785136075.1309161
1785136075.1309161
1785136075.1309161
1785136075.1309161
1785136075.1309161
1785136075.1311381
1785136075.1311381
1785136075.1311381
1785136075.1311381
1785136075.1311381
1785136075.1311381
1785136075.1311381
1785136075.1311381
1785136075.1311381
1785136075.1313601
1785136075.1313601
1785136075.1313601
1785136075.1313601
1785136075.1313601
1785136075.1313601
1785136075.1313601
1785136075.1313601
1785136075.1313601
1785136075.1313601
1785136075.1313601
1785136075.1315820
1785136075.1315820
1785136075.1315820
1785136075.1315820
1785136075.1315820
1785136075.1315820
1785136075.1315820
1785136075.1315820
1785136075.1315820
1785136075.1315820
1785136075.1315820
1785136075.1318040
1785136075.1318040
1785136075.1318040
1785136075.1318040
1785136075.1318040
1785136075.1318040
1785136075.1318040
1785136075.1318040
1785136075.1318040
1785136075.1318040
1785136075.1320269
1785136075.1320269
1785136075.1320269
1785136075.1320269
1785136075.1320269
1785136075.1320269
1785136075.1320269
1785136075.1320269
1785136075.1322491
1785136075.1322491
1785136075.1322491
1785136075.1322491
1785136075.1322491
1785136075.1322491
1785136075.1322491
1785136075.1324699
1785136075.1324699
1785136075.1324699
1785136075.1324699
1785136075.1324699
1785136075.1326931
1785136075.1326931
1785136075.1355810
1785136075.1355810
1785136075.1358039
1785136075.1358039
1785136075.1358039
1785136075.1358039
1785136075.1358039
1785136075.1358039
1785136075.1358039
1785136075.1358039
1785136075.1358039
1785136075.1358039
1785136075.1360259
1785136075.1360259
1785136075.1360259
1785136075.1360259
1785136075.1360259
1785136075.1360259
1785136075.1360259
1785136075.1360259
1785136075.1360259
1785136075.1360259
1785136075.1360259
1785136075.1360259
1785136075.1360259
1785136075.1360259
1785136075.1360259
1785136075.1360259
1785136075.1360259
1785136075.1360259
1785136075.1360259
1785136075.1360259
1785136075.1360259
1785136075.1360259
1785136075.1360259
1785136075.1360259
1785136075.1360259
1785136075.1360259
1785136075.1360259
1785136075.1360259
1785136075.1360259
1785136075.1360259
1785136075.1360259
1785136075.1360259
1785136075.1362481
1785136075.1362481
1785136075.1362481
1785136075.1362481
1785136075.1362481
1785136075.1362481
1785136075.1362481
1785136075.1362481
1785136075.1362481
1785136075.1362481
1785136075.1362481
1785136075.1362481
1785136075.1362481
1785136075.1362481
1785136075.1362481
1785136075.1362481
1785136075.1362481
1785136075.1362481
1785136075.1362481
1785136075.1362481
1785136075.1362481
1785136075.1362481
1785136075.1362481
1785136075.1362481
1785136075.1362481
1785136075.1362481
1785136075.1362481
1785136075.1362481
1785136075.1362481
1785136075.1362481
1785136075.1362481
1785136075.1362481
1785136075.1364701
1785136075.1364701
1785136075.1364701
1785136075.1364701
1785136075.1364701
1785136075.1364701
1785136075.1364701
1785136075.1364701
1785136075.1364701
1785136075.1364701
1785136075.1364701
1785136075.1364701
1785136075.1364701
1785136075.1364701
1785136075.1364701
1785136075.1364701
1785136075.1364701
1785136075.1364701
1785136075.1364701
1785136075.1364701
1785136075.1364701
1785136075.1364701
1785136075.1364701
1785136075.1364701
1785136075.1364701
1785136075.1364701
1785136075.1364701
1785136075.1364701
1785136075.1364701
1785136075.1364701
1785136075.1364701
1785136075.1364701
1785136075.1366930
1785136075.1366930
1785136075.1366930
1785136075.1366930
1785136075.1366930
1785136075.1366930
1785136075.1366930
1785136075.1366930
1785136075.1366930
1785136075.1366930
1785136075.1366930
1785136075.1366930
1785136075.1366930
1785136075.1366930
1785136075.1366930
1785136075.1366930
1785136075.1366930
1785136075.1366930
1785136075.1366930
1785136075.1366930
1785136075.1366930
1785136075.1366930
1785136075.1366930
1785136075.1366930
1785136075.1366930
1785136075.1366930
1785136075.1366930
1785136075.1366930
1785136075.1366930
1785136075.1366930
1785136075.1366930
1785136075.1366930
1785136075.1369140
1785136075.1369140
1785136075.1369140
1785136075.1369140
1785136075.1369140
1785136075.1369140
1785136075.1369140
1785136075.1369140
1785136075.1369140
1785136075.1369140
1785136075.1369140
1785136075.1369140
1785136075.1369140
1785136075.1369140
1785136075.1369140
1785136075.1369140
1785136075.1369140
1785136075.1369140
1785136075.1369140
1785136075.1369140
1785136075.1369140
1785136075.1369140
1785136075.1369140
1785136075.1369140
1785136075.1369140
1785136075.1369140
1785136075.1369140
1785136075.1369140
1785136075.1369140
1785136075.1369140
1785136075.1369140
1785136075.1369140
1785136075.1371369
1785136075.1371369
1785136075.1371369
1785136075.1371369
1785136075.1371369
1785136075.1371369
1785136075.1371369
1785136075.1371369
1785136075.1371369
1785136075.1371369
1785136075.1371369
1785136075.1371369
1785136075.1371369
1785136075.1371369
1785136075.1371369
1785136075.1371369
1785136075.1371369
1785136075.1371369
1785136075.1371369
1785136075.1371369
1785136075.1371369
1785136075.1371369
1785136075.1371369
1785136075.1371369
1785136075.1371369
1785136075.1371369
1785136075.1371369
1785136075.1371369
1785136075.1371369
1785136075.1371369
1785136075.1371369
1785136075.1371369
1785136075.1373589
1785136075.1373589
1785136075.1373589
1785136075.1373589
1785136075.1373589
1785136075.1373589
1785136075.1373589
1785136075.1373589
1785136075.1373589
1785136075.1373589
1785136075.1373589
1785136075.1373589
1785136075.1373589
1785136075.1373589
1785136075.1373589
1785136075.1373589
1785136075.1373589
1785136075.1373589
1785136075.1373589
1785136075.1373589
1785136075.1373589
1785136075.1373589
1785136075.1373589
1785136075.1373589
1785136075.1373589
1785136075.1373589
1785136075.1373589
1785136075.1373589
1785136075.1373589
1785136075.1373589
1785136075.1373589
1785136075.1373589
1785136075.1373589
1785136075.1373589
1785136075.1373589
1785136075.1375811
1785136075.1375811
1785136075.1375811
1785136075.1375811
1785136075.1375811
1785136075.1375811
1785136075.1375811
1785136075.1375811
1785136075.1375811
1785136075.1375811
1785136075.1375811
1785136075.1375811
1785136075.1375811
1785136075.1375811
1785136075.1375811
1785136075.1375811
1785136075.1375811
1785136075.1375811
1785136075.1375811
1785136075.1375811
1785136075.1375811
1785136075.1375811
1785136075.1375811
1785136075.1375811
1785136075.1375811
1785136075.1375811
1785136075.1375811
1785136075.1375811
1785136075.1375811
1785136075.1375811
1785136075.1375811
1785136075.1375811
1785136075.1375811
1785136075.1375811
1785136075.1375811
1785136075.1375811
1785136075.1375811
1785136075.1375811
1785136075.1375811
1785136075.1375811
1785136075.1375811
1785136075.1375811
1785136075.1375811
1785136075.1375811
1785136075.1375811
1785136075.1375811
1785136075.1375811
1785136075.1375811
1785136075.1378031
1785136075.1378031
1785136075.1378031
1785136075.1378031
1785136075.1378031
1785136075.1378031
1785136075.1378031
1785136075.1378031
1785136075.1378031
1785136075.1378031
1785136075.1378031
1785136075.1378031
1785136075.1378031
1785136075.1378031
1785136075.1378031
1785136075.1378031
1785136075.1378031
1785136075.1378031
1785136075.1378031
1785136075.1378031
1785136075.1378031
1785136075.1378031
1785136075.1378031
1785136075.1378031
1785136075.1378031
1785136075.1378031
1785136075.1378031
1785136075.1378031
1785136075.1378031
1785136075.1378031
1785136075.1378031
1785136075.1378031
1785136075.1378031
1785136075.1378031
1785136075.1378031
1785136075.1378031
1785136075.1378031
1785136075.1378031
1785136075.1378031
1785136075.1378031
1785136075.1378031
1785136075.1378031
1785136075.1378031
1785136075.1378031
1785136075.1378031
1785136075.1378031
1785136075.1378031
1785136075.1380250
1785136075.1380250
1785136075.1380250
1785136075.1380250
1785136075.1380250
1785136075.1380250
1785136075.1380250
1785136075.1380250
1785136075.1380250
1785136075.1380250
1785136075.1380250
1785136075.1380250
1785136075.1380250
1785136075.1380250
1785136075.1380250
1785136075.1380250
1785136075.1380250
1785136075.1380250
1785136075.1380250
1785136075.1380250
1785136075.1380250
1785136075.1380250
1785136075.1380250
1785136075.1380250
1785136075.1380250
1785136075.1380250
1785136075.1380250
1785136075.1380250
1785136075.1380250
1785136075.1380250
1785136075.1380250
1785136075.1380250
1785136075.1380250
1785136075.1380250
1785136075.1380250
1785136075.1380250
1785136075.1380250
1785136075.1380250
1785136075.1380250
1785136075.1380250
1785136075.1380250
1785136075.1380250
1785136075.1380250
1785136075.1380250
1785136075.1380250
1785136075.1380250
1785136075.1380250
1785136075.1380250
1785136075.1380250
1785136075.1382480
1785136075.1382480
1785136075.1382480
1785136075.1382480
1785136075.1382480
1785136075.1382480
1785136075.1382480
1785136075.1382480
1785136075.1382480
1785136075.1382480
1785136075.1382480
1785136075.1382480
1785136075.1382480
1785136075.1382480
1785136075.1382480
1785136075.1382480
1785136075.1382480
1785136075.1382480
1785136075.1382480
1785136075.1382480
1785136075.1382480
1785136075.1382480
1785136075.1382480
1785136075.1382480
1785136075.1382480
1785136075.1382480
1785136075.1382480
1785136075.1382480
1785136075.1382480
1785136075.1382480
1785136075.1382480
1785136075.1382480
1785136075.1382480
1785136075.1382480
1785136075.1382480
1785136075.1382480
1785136075.1382480
1785136075.1382480
1785136075.1382480
1785136075.1382480
1785136075.1382480
1785136075.1382480
1785136075.1382480
1785136075.1382480
1785136075.1382480
1785136075.1382480
1785136075.1382480
1785136075.1382480
1785136075.1382480
1785136075.1384709
1785136075.1384709
1785136075.1384709
1785136075.1384709
1785136075.1384709
1785136075.1384709
1785136075.1384709
1785136075.1384709
1785136075.1384709
1785136075.1384709
1785136075.1384709
1785136075.1384709
1785136075.1384709
1785136075.1384709
1785136075.1384709
1785136075.1384709
1785136075.1384709
1785136075.1384709
1785136075.1384709
1785136075.1384709
1785136075.1384709
1785136075.1384709
1785136075.1384709
1785136075.1384709
1785136075.1384709
1785136075.1384709
1785136075.1384709
1785136075.1384709
1785136075.1384709
1785136075.1384709
1785136075.1384709
1785136075.1384709
1785136075.1384709
1785136075.1384709
1785136075.1384709
1785136075.1384709
1785136075.1384709
1785136075.1384709
1785136075.1384709
1785136075.1384709
1785136075.1384709
1785136075.1384709
1785136075.1384709
1785136075.1384709
1785136075.1384709
1785136075.1384709
1785136075.1384709
1785136075.1384709
1785136075.1384709
1785136075.1386909
1785136075.1386909
1785136075.1386909
1785136075.1386909
1785136075.1386909
1785136075.1386909
1785136075.1386909
1785136075.1386909
1785136075.1386909
1785136075.1386909
1785136075.1386909
1785136075.1386909
1785136075.1386909
1785136075.1386909
1785136075.1386909
1785136075.1386909
1785136075.1386909
1785136075.1386909
1785136075.1386909
1785136075.1386909
1785136075.1386909
1785136075.1386909
1785136075.1386909
1785136075.1386909
1785136075.1386909
1785136075.1386909
1785136075.1386909
1785136075.1386909
1785136075.1386909
1785136075.1386909
1785136075.1386909
1785136075.1386909
1785136075.1386909
1785136075.1386909
1785136075.1386909
1785136075.1386909
1785136075.1386909
1785136075.1386909
1785136075.1386909
1785136075.1386909
1785136075.1386909
1785136075.1386909
1785136075.1386909
1785136075.1386909
1785136075.1386909
1785136075.1386909
1785136075.1386909
1785136075.1386909
1785136075.1386909
1785136075.1389141
1785136075.1389141
1785136075.1389141
1785136075.1389141
1785136075.1389141
1785136075.1389141
1785136075.1389141
1785136075.1389141
1785136075.1389141
1785136075.1389141
1785136075.1389141
1785136075.1389141
1785136075.1389141
1785136075.1389141
1785136075.1389141
1785136075.1389141
1785136075.1389141
1785136075.1389141
1785136075.1389141
1785136075.1389141
1785136075.1389141
1785136075.1389141
1785136075.1389141
1785136075.1389141
1785136075.1389141
1785136075.1389141
1785136075.1389141
1785136075.1389141
1785136075.1389141
1785136075.1389141
1785136075.1389141
1785136075.1389141
1785136075.1389141
1785136075.1389141
1785136075.1389141
1785136075.1389141
1785136075.1389141
1785136075.1389141
1785136075.1389141
1785136075.1389141
1785136075.1389141
1785136075.1389141
1785136075.1389141
1785136075.1389141
1785136075.1389141
1785136075.1389141
1785136075.1389141
1785136075.1389141
1785136075.1389141
1785136075.1391361
1785136075.1391361
1785136075.1391361
1785136075.1391361
1785136075.1391361
1785136075.1391361
1785136075.1391361
1785136075.1391361
1785136075.1391361
1785136075.1391361
1785136075.1391361
1785136075.1391361
1785136075.1391361
1785136075.1391361
1785136075.1391361
1785136075.1391361
1785136075.1391361
1785136075.1391361
1785136075.1391361
1785136075.1391361
1785136075.1391361
1785136075.1391361
1785136075.1391361
1785136075.1391361
1785136075.1391361
1785136075.1391361
1785136075.1391361
1785136075.1391361
1785136075.1391361
1785136075.1391361
1785136075.1391361
1785136075.1391361
1785136075.1391361
1785136075.1391361
1785136075.1391361
1785136075.1391361
1785136075.1391361
1785136075.1391361
1785136075.1391361
1785136075.1391361
1785136075.1391361
1785136075.1391361
1785136075.1391361
1785136075.1391361
1785136075.1391361
1785136075.1391361
1785136075.1391361
1785136075.1391361
1785136075.1391361
1785136075.1393590
1785136075.1393590
1785136075.1393590
1785136075.1393590
1785136075.1393590
1785136075.1393590
1785136075.1393590
1785136075.1393590
1785136075.1393590
1785136075.1393590
1785136075.1393590
1785136075.1393590
1785136075.1393590
1785136075.1393590
1785136075.1393590
1785136075.1393590
1785136075.1393590
1785136075.1393590
1785136075.1393590
1785136075.1393590
1785136075.1393590
1785136075.1393590
1785136075.1393590
1785136075.1393590
1785136075.1393590
1785136075.1393590
1785136075.1393590
1785136075.1393590
1785136075.1393590
1785136075.1393590
1785136075.1393590
1785136075.1393590
1785136075.1393590
1785136075.1393590
1785136075.1393590
1785136075.1393590
1785136075.1393590
1785136075.1393590
1785136075.1393590
1785136075.1393590
1785136075.1393590
1785136075.1393590
1785136075.1393590
1785136075.1393590
1785136075.1393590
1785136075.1393590
1785136075.1393590
1785136075.1393590
1785136075.1393590
1785136075.1395810
1785136075.1395810
1785136075.1395810
1785136075.1395810
1785136075.1395810
1785136075.1395810
1785136075.1395810
1785136075.1395810
1785136075.1395810
1785136075.1395810
1785136075.1395810
1785136075.1395810
1785136075.1395810
1785136075.1395810
1785136075.1395810
1785136075.1395810
1785136075.1395810
1785136075.1395810
1785136075.1395810
1785136075.1395810
1785136075.1395810
1785136075.1395810
1785136075.1395810
1785136075.1395810
1785136075.1395810
1785136075.1395810
1785136075.1395810
1785136075.1395810
1785136075.1395810
1785136075.1395810
1785136075.1395810
1785136075.1395810
1785136075.1395810
1785136075.1395810
1785136075.1395810
1785136075.1395810
1785136075.1395810
1785136075.1395810
1785136075.1395810
1785136075.1395810
1785136075.1395810
1785136075.1395810
1785136075.1395810
1785136075.1395810
1785136075.1395810
1785136075.1395810
1785136075.1395810
1785136075.1395810
1785136075.1395810
1785136075.1398039
1785136075.1398039
1785136075.1398039
1785136075.1398039
1785136075.1398039
1785136075.1398039
1785136075.1398039
1785136075.1398039
1785136075.1398039
1785136075.1398039
1785136075.1398039
1785136075.1398039
1785136075.1398039
1785136075.1398039
1785136075.1398039
1785136075.1398039
1785136075.1398039
1785136075.1398039
1785136075.1398039
1785136075.1398039
1785136075.1398039
1785136075.1398039
1785136075.1398039
1785136075.1398039
1785136075.1398039
1785136075.1398039
1785136075.1398039
1785136075.1398039
1785136075.1398039
1785136075.1398039
1785136075.1398039
1785136075.1398039
1785136075.1398039
1785136075.1398039
1785136075.1398039
1785136075.1398039
1785136075.1398039
1785136075.1398039
1785136075.1398039
1785136075.1398039
1785136075.1398039
1785136075.1398039
1785136075.1398039
1785136075.1398039
1785136075.1398039
1785136075.1398039
1785136075.1398039
1785136075.1398039
1785136075.1400261
1785136075.1400261
1785136075.1400261
1785136075.1400261
1785136075.1400261
1785136075.1400261
1785136075.1400261
1785136075.1400261
1785136075.1400261
1785136075.1400261
1785136075.1400261
1785136075.1400261
1785136075.1400261
1785136075.1400261
1785136075.1400261
1785136075.1400261
1785136075.1400261
1785136075.1400261
1785136075.1400261
1785136075.1400261
1785136075.1400261
1785136075.1400261
1785136075.1400261
1785136075.1400261
1785136075.1400261
1785136075.1400261
1785136075.1400261
1785136075.1400261
1785136075.1400261
1785136075.1400261
1785136075.1400261
1785136075.1400261
1785136075.1400261
1785136075.1400261
1785136075.1400261
1785136075.1400261
1785136075.1400261
1785136075.1400261
1785136075.1400261
1785136075.1400261
1785136075.1400261
1785136075.1400261
1785136075.1400261
1785136075.1400261
1785136075.1400261
1785136075.1400261
1785136075.1400261
1785136075.1400261
1785136075.1402481
1785136075.1402481
1785136075.1402481
1785136075.1402481
1785136075.1402481
1785136075.1402481
1785136075.1402481
1785136075.1402481
1785136075.1402481
1785136075.1402481
1785136075.1402481
1785136075.1402481
1785136075.1402481
1785136075.1402481
1785136075.1402481
1785136075.1402481
1785136075.1402481
1785136075.1402481
1785136075.1402481
1785136075.1402481
1785136075.1402481
1785136075.1402481
1785136075.1402481
1785136075.1402481
1785136075.1402481
1785136075.1402481
1785136075.1402481
1785136075.1402481
1785136075.1402481
1785136075.1402481
1785136075.1402481
1785136075.1402481
1785136075.1402481
1785136075.1402481
1785136075.1402481
1785136075.1402481
1785136075.1402481
1785136075.1402481
1785136075.1402481
1785136075.1402481
1785136075.1402481
1785136075.1402481
1785136075.1402481
1785136075.1402481
1785136075.1402481
1785136075.1402481
1785136075.1402481
1785136075.1402481
1785136075.1404700
1785136075.1404700
1785136075.1404700
1785136075.1404700
1785136075.1404700
1785136075.1404700
1785136075.1404700
1785136075.1404700
1785136075.1404700
1785136075.1404700
1785136075.1404700
1785136075.1404700
1785136075.1404700
1785136075.1404700
1785136075.1404700
1785136075.1404700
1785136075.1404700
1785136075.1404700
1785136075.1404700
1785136075.1404700
1785136075.1404700
1785136075.1404700
1785136075.1404700
1785136075.1404700
1785136075.1404700
1785136075.1404700
1785136075.1404700
1785136075.1404700
1785136075.1404700
1785136075.1404700
1785136075.1404700
1785136075.1404700
1785136075.1404700
1785136075.1404700
1785136075.1404700
1785136075.1404700
1785136075.1404700
1785136075.1404700
1785136075.1404700
1785136075.1404700
1785136075.1404700
1785136075.1404700
1785136075.1404700
1785136075.1404700
1785136075.1404700
1785136075.1404700
1785136075.1404700
1785136075.1404700
1785136075.1406920
1785136075.1406920
1785136075.1406920
1785136075.1406920
1785136075.1406920
1785136075.1406920
1785136075.1406920
1785136075.1406920
1785136075.1406920
1785136075.1406920
1785136075.1406920
1785136075.1406920
1785136075.1406920
1785136075.1406920
1785136075.1406920
1785136075.1406920
1785136075.1406920
1785136075.1406920
1785136075.1406920
1785136075.1406920
1785136075.1406920
1785136075.1406920
1785136075.1406920
1785136075.1406920
1785136075.1406920
1785136075.1406920
1785136075.1406920
1785136075.1406920
1785136075.1406920
1785136075.1406920
1785136075.1406920
1785136075.1406920
1785136075.1406920
1785136075.1406920
1785136075.1406920
1785136075.1406920
1785136075.1406920
1785136075.1406920
1785136075.1406920
1785136075.1406920
1785136075.1406920
1785136075.1406920
1785136075.1406920
1785136075.1406920
1785136075.1406920
1785136075.1406920
1785136075.1406920
1785136075.1406920
1785136075.1409140
1785136075.1409140
1785136075.1409140
1785136075.1409140
1785136075.1409140
1785136075.1409140
1785136075.1409140
1785136075.1409140
1785136075.1409140
1785136075.1409140
1785136075.1409140
1785136075.1409140
1785136075.1409140
1785136075.1409140
1785136075.1409140
1785136075.1409140
1785136075.1409140
1785136075.1409140
1785136075.1409140
1785136075.1409140
1785136075.1409140
1785136075.1409140
1785136075.1409140
1785136075.1409140
1785136075.1409140
1785136075.1409140
1785136075.1409140
1785136075.1409140
1785136075.1409140
1785136075.1409140
1785136075.1409140
1785136075.1409140
1785136075.1409140
1785136075.1409140
1785136075.1409140
1785136075.1409140
1785136075.1409140
1785136075.1409140
1785136075.1409140
1785136075.1409140
1785136075.1409140
1785136075.1409140
1785136075.1409140
1785136075.1409140
1785136075.1409140
1785136075.1409140
1785136075.1409140
1785136075.1409140
1785136075.1409140
1785136075.1409140
1785136075.1409140
1785136075.1409140
1785136075.1411359
1785136075.1411359
1785136075.1411359
1785136075.1411359
1785136075.1411359
1785136075.1411359
1785136075.1411359
1785136075.1411359
1785136075.1411359
1785136075.1411359
1785136075.1411359
1785136075.1411359
1785136075.1411359
1785136075.1411359
1785136075.1411359
1785136075.1411359
1785136075.1411359
1785136075.1411359
1785136075.1411359
1785136075.1411359
1785136075.1411359
1785136075.1411359
1785136075.1411359
1785136075.1411359
1785136075.1411359
1785136075.1411359
1785136075.1411359
1785136075.1411359
1785136075.1411359
1785136075.1411359
1785136075.1411359
1785136075.1411359
1785136075.1411359
1785136075.1411359
1785136075.1411359
1785136075.1411359
1785136075.1411359
1785136075.1411359
1785136075.1411359
1785136075.1411359
1785136075.1411359
1785136075.1411359
1785136075.1411359
1785136075.1411359
1785136075.1411359
1785136075.1411359
1785136075.1411359
1785136075.1411359
1785136075.1411359
1785136075.1411359
1785136075.1413591
1785136075.1413591
1785136075.1413591
1785136075.1413591
1785136075.1413591
1785136075.1413591
1785136075.1413591
1785136075.1413591
1785136075.1413591
1785136075.1413591
1785136075.1413591
1785136075.1413591
1785136075.1413591
1785136075.1413591
1785136075.1413591
1785136075.1413591
1785136075.1413591
1785136075.1413591
1785136075.1413591
1785136075.1413591
1785136075.1413591
1785136075.1413591
1785136075.1413591
1785136075.1413591
1785136075.1413591
1785136075.1413591
1785136075.1413591
1785136075.1413591
1785136075.1413591
1785136075.1413591
1785136075.1413591
1785136075.1413591
1785136075.1413591
1785136075.1413591
1785136075.1413591
1785136075.1413591
1785136075.1413591
1785136075.1413591
1785136075.1413591
1785136075.1413591
1785136075.1413591
1785136075.1413591
1785136075.1413591
1785136075.1413591
1785136075.1413591
1785136075.1413591
1785136075.1413591
1785136075.1413591
1785136075.1413591
1785136075.1413591
1785136075.1413591
1785136075.1413591
1785136075.1415801
1785136075.1415801
1785136075.1415801
1785136075.1415801
1785136075.1415801
1785136075.1415801
1785136075.1415801
1785136075.1415801
1785136075.1415801
1785136075.1415801
1785136075.1415801
1785136075.1415801
1785136075.1415801
1785136075.1415801
1785136075.1415801
1785136075.1415801
1785136075.1415801
1785136075.1415801
1785136075.1415801
1785136075.1415801
1785136075.1415801
1785136075.1415801
1785136075.1415801
1785136075.1415801
1785136075.1415801
1785136075.1415801
1785136075.1415801
1785136075.1415801
1785136075.1415801
1785136075.1415801
1785136075.1415801
1785136075.1415801
1785136075.1415801
1785136075.1415801
1785136075.1415801
1785136075.1415801
1785136075.1415801
1785136075.1415801
1785136075.1415801
1785136075.1415801
1785136075.1415801
1785136075.1415801
1785136075.1415801
1785136075.1415801
1785136075.1415801
1785136075.1415801
1785136075.1415801
1785136075.1415801
1785136075.1415801
1785136075.1415801
1785136075.1415801
1785136075.1418011
1785136075.1418011
1785136075.1418011
1785136075.1418011
1785136075.1418011
1785136075.1418011
1785136075.1418011
1785136075.1418011
1785136075.1418011
1785136075.1418011
1785136075.1418011
1785136075.1418011
1785136075.1418011
1785136075.1418011
1785136075.1418011
1785136075.1418011
1785136075.1418011
1785136075.1418011
1785136075.1418011
1785136075.1418011
1785136075.1418011
1785136075.1418011
1785136075.1418011
1785136075.1418011
1785136075.1418011
1785136075.1418011
1785136075.1418011
1785136075.1418011
1785136075.1418011
1785136075.1418011
1785136075.1418011
1785136075.1418011
1785136075.1418011
1785136075.1418011
1785136075.1418011
1785136075.1418011
1785136075.1418011
1785136075.1418011
1785136075.1418011
1785136075.1418011
1785136075.1418011
1785136075.1418011
1785136075.1418011
1785136075.1418011
1785136075.1418011
1785136075.1418011
1785136075.1418011
1785136075.1418011
1785136075.1420250
1785136075.1420250
1785136075.1420250
1785136075.1420250
1785136075.1420250
1785136075.1420250
1785136075.1420250
1785136075.1420250
1785136075.1420250
1785136075.1420250
1785136075.1420250
1785136075.1420250
1785136075.1420250
1785136075.1420250
1785136075.1420250
1785136075.1420250
1785136075.1420250
1785136075.1420250
1785136075.1420250
1785136075.1420250
1785136075.1420250
1785136075.1420250
1785136075.1420250
1785136075.1420250
1785136075.1420250
1785136075.1420250
1785136075.1420250
1785136075.1420250
1785136075.1420250
1785136075.1420250
1785136075.1420250
1785136075.1420250
1785136075.1420250
1785136075.1420250
1785136075.1420250
1785136075.1420250
1785136075.1420250
1785136075.1420250
1785136075.1420250
1785136075.1420250
1785136075.1420250
1785136075.1420250
1785136075.1420250
1785136075.1420250
1785136075.1420250
1785136075.1420250
1785136075.1420250
1785136075.1422470
1785136075.1422470
1785136075.1422470
1785136075.1422470
1785136075.1422470
1785136075.1422470
1785136075.1422470
1785136075.1422470
1785136075.1422470
1785136075.1422470
1785136075.1422470
1785136075.1422470
1785136075.1422470
1785136075.1422470
1785136075.1422470
1785136075.1422470
1785136075.1422470
1785136075.1422470
1785136075.1422470
1785136075.1422470
1785136075.1422470
1785136075.1422470
1785136075.1422470
1785136075.1422470
1785136075.1422470
1785136075.1422470
1785136075.1422470
1785136075.1422470
1785136075.1422470
1785136075.1422470
1785136075.1422470
1785136075.1422470
1785136075.1422470
1785136075.1422470
1785136075.1422470
1785136075.1422470
1785136075.1422470
1785136075.1422470
1785136075.1422470
1785136075.1422470
1785136075.1422470
1785136075.1422470
1785136075.1422470
1785136075.1422470
1785136075.1422470
1785136075.1422470
1785136075.1422470
1785136075.1424689
1785136075.1424689
1785136075.1424689
1785136075.1424689
1785136075.1424689
1785136075.1424689
1785136075.1424689
1785136075.1424689
1785136075.1424689
1785136075.1424689
1785136075.1424689
1785136075.1424689
1785136075.1424689
1785136075.1424689
1785136075.1424689
1785136075.1424689
1785136075.1424689
1785136075.1424689
1785136075.1424689
1785136075.1424689
1785136075.1424689
1785136075.1424689
1785136075.1424689
1785136075.1424689
1785136075.1424689
1785136075.1424689
1785136075.1424689
1785136075.1424689
1785136075.1424689
1785136075.1424689
1785136075.1424689
1785136075.1424689
1785136075.1424689
1785136075.1424689
1785136075.1424689
1785136075.1424689
1785136075.1424689
1785136075.1424689
1785136075.1424689
1785136075.1424689
1785136075.1424689
1785136075.1424689
1785136075.1424689
1785136075.1424689
1785136075.1424689
1785136075.1424689
1785136075.1424689
1785136075.1426909
1785136075.1426909
1785136075.1426909
1785136075.1426909
1785136075.1426909
1785136075.1426909
1785136075.1426909
1785136075.1426909
1785136075.1426909
1785136075.1426909
1785136075.1426909
1785136075.1426909
1785136075.1426909
1785136075.1426909
1785136075.1426909
1785136075.1426909
1785136075.1426909
1785136075.1426909
1785136075.1426909
1785136075.1426909
1785136075.1426909
1785136075.1426909
1785136075.1426909
1785136075.1426909
1785136075.1426909
1785136075.1426909
1785136075.1426909
1785136075.1426909
1785136075.1426909
1785136075.1426909
1785136075.1426909
1785136075.1426909
1785136075.1426909
1785136075.1426909
1785136075.1426909
1785136075.1426909
1785136075.1426909
1785136075.1426909
1785136075.1426909
1785136075.1426909
1785136075.1426909
1785136075.1426909
1785136075.1426909
1785136075.1426909
1785136075.1426909
1785136075.1426909
1785136075.1429141
1785136075.1429141
1785136075.1429141
1785136075.1429141
1785136075.1429141
1785136075.1429141
1785136075.1429141
1785136075.1429141
1785136075.1429141
1785136075.1429141
1785136075.1429141
1785136075.1429141
1785136075.1429141
1785136075.1429141
1785136075.1429141
1785136075.1429141
1785136075.1429141
1785136075.1429141
1785136075.1429141
1785136075.1429141
1785136075.1429141
1785136075.1429141
1785136075.1429141
1785136075.1429141
1785136075.1429141
1785136075.1429141
1785136075.1429141
1785136075.1429141
1785136075.1429141
1785136075.1429141
1785136075.1429141
1785136075.1429141
1785136075.1429141
1785136075.1429141
1785136075.1429141
1785136075.1429141
1785136075.1429141
1785136075.1429141
1785136075.1429141
1785136075.1429141
1785136075.1429141
1785136075.1429141
1785136075.1429141
1785136075.1429141
1785136075.1429141
1785136075.1429141
1785136075.1431360
1785136075.1431360
1785136075.1431360
1785136075.1431360
1785136075.1431360
1785136075.1431360
1785136075.1431360
1785136075.1431360
1785136075.1431360
1785136075.1431360
1785136075.1431360
1785136075.1431360
1785136075.1431360
1785136075.1431360
1785136075.1431360
1785136075.1431360
1785136075.1431360
1785136075.1431360
1785136075.1431360
1785136075.1431360
1785136075.1431360
1785136075.1431360
1785136075.1431360
1785136075.1431360
1785136075.1431360
1785136075.1431360
1785136075.1431360
1785136075.1431360
1785136075.1431360
1785136075.1431360
1785136075.1431360
1785136075.1431360
1785136075.1431360
1785136075.1431360
1785136075.1431360
1785136075.1431360
1785136075.1431360
1785136075.1431360
1785136075.1431360
1785136075.1431360
1785136075.1431360
1785136075.1431360
1785136075.1431360
1785136075.1431360
1785136075.1431360
1785136075.1431360
1785136075.1433570
1785136075.1433570
1785136075.1433570
1785136075.1433570
1785136075.1433570
1785136075.1433570
1785136075.1433570
1785136075.1433570
1785136075.1433570
1785136075.1433570
1785136075.1433570
1785136075.1433570
1785136075.1433570
1785136075.1433570
1785136075.1433570
1785136075.1433570
1785136075.1433570
1785136075.1433570
1785136075.1433570
1785136075.1433570
1785136075.1433570
1785136075.1433570
1785136075.1433570
1785136075.1433570
1785136075.1433570
1785136075.1433570
1785136075.1433570
1785136075.1433570
1785136075.1433570
1785136075.1433570
1785136075.1433570
1785136075.1433570
1785136075.1433570
1785136075.1433570
1785136075.1433570
1785136075.1433570
1785136075.1433570
1785136075.1433570
1785136075.1433570
1785136075.1433570
1785136075.1433570
1785136075.1433570
1785136075.1433570
1785136075.1433570
1785136075.1433570
1785136075.1433570
1785136075.1435809
1785136075.1435809
1785136075.1435809
1785136075.1435809
1785136075.1435809
1785136075.1435809
1785136075.1435809
1785136075.1435809
1785136075.1435809
1785136075.1435809
1785136075.1435809
1785136075.1435809
1785136075.1435809
1785136075.1435809
1785136075.1435809
1785136075.1435809
1785136075.1435809
1785136075.1435809
1785136075.1435809
1785136075.1435809
1785136075.1435809
1785136075.1435809
1785136075.1435809
1785136075.1435809
1785136075.1435809
1785136075.1435809
1785136075.1435809
1785136075.1435809
1785136075.1435809
1785136075.1435809
1785136075.1435809
1785136075.1435809
1785136075.1435809
1785136075.1435809
1785136075.1435809
1785136075.1435809
1785136075.1435809
1785136075.1435809
1785136075.1435809
1785136075.1435809
1785136075.1435809
1785136075.1435809
1785136075.1435809
1785136075.1435809
1785136075.1435809
1785136075.1435809
1785136075.1438019
1785136075.1438019
1785136075.1438019
1785136075.1438019
1785136075.1438019
1785136075.1438019
1785136075.1438019
1785136075.1438019
1785136075.1438019
1785136075.1438019
1785136075.1438019
1785136075.1438019
1785136075.1438019
1785136075.1438019
1785136075.1438019
1785136075.1438019
1785136075.1438019
1785136075.1438019
1785136075.1438019
1785136075.1438019
1785136075.1438019
1785136075.1438019
1785136075.1438019
1785136075.1438019
1785136075.1438019
1785136075.1438019
1785136075.1438019
1785136075.1438019
1785136075.1438019
1785136075.1438019
1785136075.1438019
1785136075.1438019
1785136075.1438019
1785136075.1438019
1785136075.1438019
1785136075.1438019
1785136075.1438019
1785136075.1438019
1785136075.1438019
1785136075.1438019
1785136075.1438019
1785136075.1438019
1785136075.1438019
1785136075.1438019
1785136075.1438019
1785136075.1438019
1785136075.1438019
1785136075.1440239
1785136075.1440239
1785136075.1440239
1785136075.1440239
1785136075.1440239
1785136075.1440239
1785136075.1440239
1785136075.1440239
1785136075.1440239
1785136075.1440239
1785136075.1440239
1785136075.1440239
1785136075.1440239
1785136075.1440239
1785136075.1440239
1785136075.1440239
1785136075.1440239
1785136075.1440239
1785136075.1440239
1785136075.1440239
1785136075.1440239
1785136075.1440239
1785136075.1440239
1785136075.1440239
1785136075.1440239
1785136075.1440239
1785136075.1440239
1785136075.1440239
1785136075.1440239
1785136075.1440239
1785136075.1440239
1785136075.1440239
1785136075.1440239
1785136075.1440239
1785136075.1440239
1785136075.1440239
1785136075.1440239
1785136075.1440239
1785136075.1440239
1785136075.1440239
1785136075.1440239
1785136075.1440239
1785136075.1440239
1785136075.1440239
1785136075.1440239
1785136075.1440239
1785136075.1440239
1785136075.1440239
1785136075.1440239
1785136075.1440239
1785136075.1440239
1785136075.1440239
1785136075.1440239
1785136075.1440239
1785136075.1440239
1785136075.1440239
1785136075.1440239
1785136075.1442471
1785136075.1442471
1785136075.1442471
1785136075.1442471
1785136075.1442471
1785136075.1442471
1785136075.1442471
1785136075.1442471
1785136075.1442471
1785136075.1442471
1785136075.1442471
1785136075.1442471
1785136075.1442471
1785136075.1442471
1785136075.1442471
1785136075.1442471
1785136075.1442471
1785136075.1442471
1785136075.1442471
1785136075.1442471
1785136075.1442471
1785136075.1442471
1785136075.1442471
1785136075.1442471
1785136075.1442471
1785136075.1442471
1785136075.1442471
1785136075.1442471
1785136075.1442471
1785136075.1442471
1785136075.1442471
1785136075.1442471
1785136075.1442471
1785136075.1442471
1785136075.1442471
1785136075.1442471
1785136075.1442471
1785136075.1442471
1785136075.1442471
1785136075.1442471
1785136075.1442471
1785136075.1442471
1785136075.1442471
1785136075.1442471
1785136075.1442471
1785136075.1442471
1785136075.1442471
1785136075.1442471
1785136075.1442471
1785136075.1442471
1785136075.1442471
1785136075.1442471
1785136075.1442471
1785136075.1442471
1785136075.1442471
1785136075.1442471
1785136075.1442471
1785136075.1442471
1785136075.1442471
1785136075.1442471
1785136075.1442471
1785136075.1442471
1785136075.1442471
1785136075.1442471
1785136075.1442471
1785136075.1442471
1785136075.1442471
1785136075.1442471
1785136075.1442471
1785136075.1442471
1785136075.1442471
1785136075.1442471
1785136075.1444690
1785136075.1444690
1785136075.1444690
1785136075.1444690
1785136075.1444690
1785136075.1444690
1785136075.1444690
1785136075.1444690
1785136075.1444690
1785136075.1444690
1785136075.1444690
1785136075.1444690
1785136075.1444690
1785136075.1444690
1785136075.1444690
1785136075.1444690
1785136075.1444690
1785136075.1444690
1785136075.1444690
1785136075.1444690
1785136075.1444690
1785136075.1444690
1785136075.1444690
1785136075.1444690
1785136075.1444690
1785136075.1444690
1785136075.1444690
1785136075.1444690
1785136075.1444690
1785136075.1444690
1785136075.1444690
1785136075.1444690
1785136075.1444690
1785136075.1444690
1785136075.1444690
1785136075.1444690
1785136075.1444690
1785136075.1444690
1785136075.1444690
1785136075.1444690
1785136075.1444690
1785136075.1444690
1785136075.1444690
1785136075.1444690
1785136075.1444690
1785136075.1444690
1785136075.1444690
1785136075.1444690
1785136075.1444690
1785136075.1444690
1785136075.1444690
1785136075.1444690
1785136075.1444690
1785136075.1444690
1785136075.1444690
1785136075.1444690
1785136075.1444690
1785136075.1446910
1785136075.1446910
1785136075.1446910
1785136075.1446910
1785136075.1446910
1785136075.1446910
1785136075.1446910
1785136075.1446910
1785136075.1446910
1785136075.1446910
1785136075.1446910
1785136075.1446910
1785136075.1446910
1785136075.1446910
1785136075.1446910
1785136075.1446910
1785136075.1446910
1785136075.1446910
1785136075.1446910
1785136075.1446910
1785136075.1446910
1785136075.1446910
1785136075.1446910
1785136075.1446910
1785136075.1446910
1785136075.1446910
1785136075.1446910
1785136075.1446910
1785136075.1446910
1785136075.1446910
1785136075.1446910
1785136075.1446910
1785136075.1446910
1785136075.1446910
1785136075.1446910
1785136075.1446910
1785136075.1446910
1785136075.1446910
1785136075.1446910
1785136075.1446910
1785136075.1446910
1785136075.1446910
1785136075.1446910
1785136075.1446910
1785136075.1446910
1785136075.1446910
1785136075.1446910
1785136075.1446910
1785136075.1446910
1785136075.1446910
1785136075.1446910
1785136075.1446910
1785136075.1446910
1785136075.1446910
1785136075.1446910
1785136075.1446910
1785136075.1446910
1785136075.1446910
1785136075.1446910
1785136075.1446910
1785136075.1449130
1785136075.1449130
1785136075.1449130
1785136075.1449130
1785136075.1449130
1785136075.1449130
1785136075.1449130
1785136075.1449130
1785136075.1449130
1785136075.1449130
1785136075.1449130
1785136075.1449130
1785136075.1449130
1785136075.1449130
1785136075.1449130
1785136075.1449130
1785136075.1449130
1785136075.1449130
1785136075.1449130
1785136075.1449130
1785136075.1449130
1785136075.1449130
1785136075.1449130
1785136075.1449130
1785136075.1449130
1785136075.1449130
1785136075.1449130
1785136075.1449130
1785136075.1449130
1785136075.1449130
1785136075.1449130
1785136075.1449130
1785136075.1449130
1785136075.1449130
1785136075.1449130
1785136075.1449130
1785136075.1449130
1785136075.1449130
1785136075.1449130
1785136075.1449130
1785136075.1449130
1785136075.1449130
1785136075.1449130
1785136075.1449130
1785136075.1449130
1785136075.1449130
1785136075.1449130
1785136075.1449130
1785136075.1449130
1785136075.1449130
1785136075.1449130
1785136075.1449130
1785136075.1449130
1785136075.1451349
1785136075.1451349
1785136075.1451349
1785136075.1451349
1785136075.1451349
1785136075.1451349
1785136075.1451349
1785136075.1451349
1785136075.1451349
1785136075.1451349
1785136075.1451349
1785136075.1451349
1785136075.1451349
1785136075.1451349
1785136075.1451349
1785136075.1451349
1785136075.1451349
1785136075.1451349
1785136075.1451349
1785136075.1451349
1785136075.1451349
1785136075.1451349
1785136075.1451349
1785136075.1451349
1785136075.1451349
1785136075.1451349
1785136075.1451349
1785136075.1451349
1785136075.1451349
1785136075.1451349
1785136075.1451349
1785136075.1451349
1785136075.1451349
1785136075.1451349
1785136075.1451349
1785136075.1451349
1785136075.1451349
1785136075.1451349
1785136075.1451349
1785136075.1451349
1785136075.1451349
1785136075.1451349
1785136075.1451349
1785136075.1451349
1785136075.1451349
1785136075.1451349
1785136075.1451349
1785136075.1451349
1785136075.1451349
1785136075.1451349
1785136075.1451349
1785136075.1451349
1785136075.1451349
1785136075.1451349
1785136075.1451349
1785136075.1451349
1785136075.1451349
1785136075.1451349
1785136075.1453581
1785136075.1453581
1785136075.1453581
1785136075.1453581
1785136075.1453581
1785136075.1453581
1785136075.1453581
1785136075.1453581
1785136075.1453581
1785136075.1453581
1785136075.1453581
1785136075.1453581
1785136075.1453581
1785136075.1453581
1785136075.1453581
1785136075.1453581
1785136075.1453581
1785136075.1453581
1785136075.1453581
1785136075.1453581
1785136075.1453581
1785136075.1453581
1785136075.1453581
1785136075.1453581
1785136075.1453581
1785136075.1453581
1785136075.1453581
1785136075.1453581
1785136075.1453581
1785136075.1453581
1785136075.1453581
1785136075.1453581
1785136075.1453581
1785136075.1453581
1785136075.1453581
1785136075.1453581
1785136075.1453581
1785136075.1453581
1785136075.1453581
1785136075.1453581
1785136075.1453581
1785136075.1453581
1785136075.1453581
1785136075.1453581
1785136075.1453581
1785136075.1453581
1785136075.1453581
1785136075.1453581
1785136075.1453581
1785136075.1453581
1785136075.1453581
1785136075.1453581
1785136075.1453581
1785136075.1453581
1785136075.1453581
1785136075.1453581
1785136075.1453581
1785136075.1453581
1785136075.1453581
1785136075.1455791
1785136075.1455791
1785136075.1455791
1785136075.1455791
1785136075.1455791
1785136075.1455791
1785136075.1455791
1785136075.1455791
1785136075.1455791
1785136075.1455791
1785136075.1455791
1785136075.1455791
1785136075.1455791
1785136075.1455791
1785136075.1455791
1785136075.1455791
1785136075.1455791
1785136075.1455791
1785136075.1455791
1785136075.1455791
1785136075.1455791
1785136075.1455791
1785136075.1455791
1785136075.1455791
1785136075.1455791
1785136075.1455791
1785136075.1455791
1785136075.1455791
1785136075.1455791
1785136075.1455791
1785136075.1455791
1785136075.1455791
1785136075.1455791
1785136075.1455791
1785136075.1455791
1785136075.1455791
1785136075.1455791
1785136075.1455791
1785136075.1455791
1785136075.1455791
1785136075.1455791
1785136075.1455791
1785136075.1455791
1785136075.1455791
1785136075.1455791
1785136075.1455791
1785136075.1455791
1785136075.1455791
1785136075.1458020
1785136075.1458020
1785136075.1458020
1785136075.1458020
1785136075.1458020
1785136075.1458020
1785136075.1458020
1785136075.1458020
1785136075.1458020
1785136075.1458020
1785136075.1458020
1785136075.1458020
1785136075.1458020
1785136075.1458020
1785136075.1458020
1785136075.1458020
1785136075.1458020
1785136075.1458020
1785136075.1458020
1785136075.1458020
1785136075.1458020
1785136075.1458020
1785136075.1458020
1785136075.1458020
1785136075.1458020
1785136075.1458020
1785136075.1458020
1785136075.1458020
1785136075.1458020
1785136075.1458020
1785136075.1458020
1785136075.1458020
1785136075.1458020
1785136075.1458020
1785136075.1458020
1785136075.1458020
1785136075.1458020
1785136075.1458020
1785136075.1458020
1785136075.1458020
1785136075.1458020
1785136075.1458020
1785136075.1458020
1785136075.1458020
1785136075.1458020
1785136075.1458020
1785136075.1458020
1785136075.1458020
1785136075.1458020
1785136075.1460240
1785136075.1460240
1785136075.1460240
1785136075.1460240
1785136075.1460240
1785136075.1460240
1785136075.1460240
1785136075.1460240
1785136075.1460240
1785136075.1460240
1785136075.1460240
1785136075.1460240
1785136075.1460240
1785136075.1460240
1785136075.1460240
1785136075.1460240
1785136075.1460240
1785136075.1460240
1785136075.1460240
1785136075.1460240
1785136075.1460240
1785136075.1460240
1785136075.1460240
1785136075.1460240
1785136075.1460240
1785136075.1460240
1785136075.1460240
1785136075.1460240
1785136075.1460240
1785136075.1460240
1785136075.1460240
1785136075.1460240
1785136075.1460240
1785136075.1460240
1785136075.1460240
1785136075.1460240
1785136075.1460240
1785136075.1460240
1785136075.1460240
1785136075.1460240
1785136075.1460240
1785136075.1460240
1785136075.1460240
1785136075.1460240
1785136075.1460240
1785136075.1460240
1785136075.1460240
1785136075.1460240
1785136075.1460240
1785136075.1460240
1785136075.1460240
1785136075.1460240
1785136075.1460240
1785136075.1460240
1785136075.1460240
1785136075.1460240
1785136075.1460240
1785136075.1460240
1785136075.1460240
1785136075.1460240
1785136075.1460240
1785136075.1460240
1785136075.1460240
1785136075.1460240
1785136075.1460240
1785136075.1460240
1785136075.1460240
1785136075.1462460
1785136075.1462460
1785136075.1462460
1785136075.1462460
1785136075.1462460
1785136075.1462460
1785136075.1462460
1785136075.1462460
1785136075.1462460
1785136075.1462460
1785136075.1462460
1785136075.1462460
1785136075.1462460
1785136075.1462460
1785136075.1462460
1785136075.1462460
1785136075.1462460
1785136075.1462460
1785136075.1462460
1785136075.1462460
1785136075.1462460
1785136075.1462460
1785136075.1462460
1785136075.1462460
1785136075.1462460
1785136075.1462460
1785136075.1462460
1785136075.1462460
1785136075.1462460
1785136075.1462460
1785136075.1462460
1785136075.1462460
1785136075.1462460
1785136075.1462460
1785136075.1462460
1785136075.1462460
1785136075.1462460
1785136075.1462460
1785136075.1462460
1785136075.1462460
1785136075.1462460
1785136075.1462460
1785136075.1462460
1785136075.1462460
1785136075.1462460
1785136075.1462460
1785136075.1462460
1785136075.1462460
1785136075.1462460
1785136075.1464679
1785136075.1464679
1785136075.1464679
1785136075.1464679
1785136075.1464679
1785136075.1464679
1785136075.1464679
1785136075.1464679
1785136075.1464679
1785136075.1464679
1785136075.1464679
1785136075.1464679
1785136075.1464679
1785136075.1464679
1785136075.1464679
1785136075.1464679
1785136075.1464679
1785136075.1464679
1785136075.1464679
1785136075.1464679
1785136075.1464679
1785136075.1464679
1785136075.1464679
1785136075.1464679
1785136075.1464679
1785136075.1464679
1785136075.1464679
1785136075.1464679
1785136075.1464679
1785136075.1464679
1785136075.1464679
1785136075.1464679
1785136075.1464679
1785136075.1464679
1785136075.1464679
1785136075.1464679
1785136075.1464679
1785136075.1464679
1785136075.1464679
1785136075.1464679
1785136075.1464679
1785136075.1464679
1785136075.1464679
1785136075.1464679
1785136075.1464679
1785136075.1466911
1785136075.1466911
1785136075.1466911
1785136075.1466911
1785136075.1466911
1785136075.1466911
1785136075.1466911
1785136075.1466911
1785136075.1466911
1785136075.1466911
1785136075.1466911
1785136075.1466911
1785136075.1466911
1785136075.1466911
1785136075.1466911
1785136075.1466911
1785136075.1466911
1785136075.1466911
1785136075.1466911
1785136075.1466911
1785136075.1466911
1785136075.1466911
1785136075.1466911
1785136075.1466911
1785136075.1466911
1785136075.1466911
1785136075.1466911
1785136075.1466911
1785136075.1466911
1785136075.1466911
1785136075.1466911
1785136075.1466911
1785136075.1466911
1785136075.1466911
1785136075.1466911
1785136075.1466911
1785136075.1466911
1785136075.1466911
1785136075.1466911
1785136075.1466911
1785136075.1466911
1785136075.1466911
1785136075.1466911
1785136075.1466911
1785136075.1466911
1785136075.1469121
1785136075.1469121
1785136075.1469121
1785136075.1469121
1785136075.1469121
1785136075.1469121
1785136075.1469121
1785136075.1469121
1785136075.1469121
1785136075.1469121
1785136075.1469121
1785136075.1469121
1785136075.1469121
1785136075.1469121
1785136075.1469121
1785136075.1469121
1785136075.1469121
1785136075.1469121
1785136075.1469121
1785136075.1469121
1785136075.1469121
1785136075.1469121
1785136075.1469121
1785136075.1469121
1785136075.1469121
1785136075.1469121
1785136075.1469121
1785136075.1469121
1785136075.1469121
1785136075.1469121
1785136075.1469121
1785136075.1469121
1785136075.1469121
1785136075.1469121
1785136075.1469121
1785136075.1469121
1785136075.1469121
1785136075.1469121
1785136075.1469121
1785136075.1469121
1785136075.1469121
1785136075.1469121
1785136075.1469121
1785136075.1469121
1785136075.1469121
1785136075.1469121
1785136075.1469121
1785136075.1469121
1785136075.1469121
1785136075.1469121
1785136075.1469121
1785136075.1469121
1785136075.1469121
1785136075.1469121
1785136075.1469121
1785136075.1469121
1785136075.1469121
1785136075.1469121
1785136075.1469121
1785136075.1469121
1785136075.1469121
1785136075.1471350
1785136075.1471350
1785136075.1471350
1785136075.1471350
1785136075.1471350
1785136075.1471350
1785136075.1471350
1785136075.1471350
1785136075.1471350
1785136075.1471350
1785136075.1471350
1785136075.1471350
1785136075.1471350
1785136075.1471350
1785136075.1471350
1785136075.1471350
1785136075.1471350
1785136075.1471350
1785136075.1471350
1785136075.1471350
1785136075.1471350
1785136075.1471350
1785136075.1471350
1785136075.1471350
1785136075.1471350
1785136075.1471350
1785136075.1471350
1785136075.1471350
1785136075.1471350
1785136075.1471350
1785136075.1471350
1785136075.1471350
1785136075.1471350
1785136075.1471350
1785136075.1471350
1785136075.1471350
1785136075.1471350
1785136075.1471350
1785136075.1471350
1785136075.1471350
1785136075.1471350
1785136075.1471350
1785136075.1471350
1785136075.1471350
1785136075.1471350
1785136075.1473570
1785136075.1473570
1785136075.1473570
1785136075.1473570
1785136075.1473570
1785136075.1473570
1785136075.1473570
1785136075.1473570
1785136075.1473570
1785136075.1473570
1785136075.1473570
1785136075.1473570
1785136075.1473570
1785136075.1473570
1785136075.1473570
1785136075.1473570
1785136075.1473570
1785136075.1473570
1785136075.1473570
1785136075.1473570
1785136075.1473570
1785136075.1473570
1785136075.1473570
1785136075.1473570
1785136075.1473570
1785136075.1473570
1785136075.1473570
1785136075.1473570
1785136075.1473570
1785136075.1473570
1785136075.1473570
1785136075.1473570
1785136075.1473570
1785136075.1473570
1785136075.1473570
1785136075.1473570
1785136075.1473570
1785136075.1473570
1785136075.1473570
1785136075.1473570
1785136075.1473570
1785136075.1473570
1785136075.1473570
1785136075.1473570
1785136075.1473570
1785136075.1475790
1785136075.1475790
1785136075.1475790
1785136075.1475790
1785136075.1475790
1785136075.1475790
1785136075.1475790
1785136075.1475790
1785136075.1475790
1785136075.1475790
1785136075.1475790
1785136075.1475790
1785136075.1475790
1785136075.1475790
1785136075.1475790
1785136075.1475790
1785136075.1475790
1785136075.1475790
1785136075.1475790
1785136075.1475790
1785136075.1475790
1785136075.1475790
1785136075.1475790
1785136075.1475790
1785136075.1475790
1785136075.1475790
1785136075.1475790
1785136075.1475790
1785136075.1475790
1785136075.1475790
1785136075.1475790
1785136075.1475790
1785136075.1475790
1785136075.1475790
1785136075.1475790
1785136075.1475790
1785136075.1475790
1785136075.1475790
1785136075.1475790
1785136075.1475790
1785136075.1475790
1785136075.1475790
1785136075.1475790
1785136075.1475790
1785136075.1475790
1785136075.1475790
1785136075.1478009
1785136075.1478009
1785136075.1478009
1785136075.1478009
1785136075.1478009
1785136075.1478009
1785136075.1478009
1785136075.1478009
1785136075.1478009
1785136075.1478009
1785136075.1478009
1785136075.1478009
1785136075.1478009
1785136075.1478009
1785136075.1478009
1785136075.1478009
1785136075.1478009
1785136075.1478009
1785136075.1478009
1785136075.1478009
1785136075.1478009
1785136075.1478009
1785136075.1478009
1785136075.1478009
1785136075.1478009
1785136075.1478009
1785136075.1478009
1785136075.1478009
1785136075.1478009
1785136075.1478009
1785136075.1478009
1785136075.1478009
1785136075.1478009
1785136075.1478009
1785136075.1478009
1785136075.1478009
1785136075.1478009
1785136075.1478009
1785136075.1478009
1785136075.1478009
1785136075.1478009
1785136075.1478009
1785136075.1478009
1785136075.1478009
1785136075.1478009
1785136075.1478009
1785136075.1480229
1785136075.1480229
1785136075.1480229
1785136075.1480229
1785136075.1480229
1785136075.1480229
1785136075.1480229
1785136075.1480229
1785136075.1480229
1785136075.1480229
1785136075.1480229
1785136075.1480229
1785136075.1480229
1785136075.1480229
1785136075.1480229
1785136075.1480229
1785136075.1480229
1785136075.1480229
1785136075.1480229
1785136075.1480229
1785136075.1480229
1785136075.1480229
1785136075.1480229
1785136075.1480229
1785136075.1480229
1785136075.1480229
1785136075.1480229
1785136075.1480229
1785136075.1480229
1785136075.1480229
1785136075.1480229
1785136075.1480229
1785136075.1480229
1785136075.1480229
1785136075.1480229
1785136075.1480229
1785136075.1480229
1785136075.1480229
1785136075.1480229
1785136075.1480229
1785136075.1480229
1785136075.1480229
1785136075.1480229
1785136075.1480229
1785136075.1480229
1785136075.1480229
1785136075.1482460
1785136075.1482460
1785136075.1482460
1785136075.1482460
1785136075.1482460
1785136075.1482460
1785136075.1482460
1785136075.1482460
1785136075.1482460
1785136075.1482460
1785136075.1482460
1785136075.1482460
1785136075.1482460
1785136075.1482460
1785136075.1482460
1785136075.1482460
1785136075.1482460
1785136075.1482460
1785136075.1482460
1785136075.1482460
1785136075.1482460
1785136075.1482460
1785136075.1482460
1785136075.1482460
1785136075.1482460
1785136075.1482460
1785136075.1482460
1785136075.1482460
1785136075.1482460
1785136075.1482460
1785136075.1482460
1785136075.1482460
1785136075.1482460
1785136075.1482460
1785136075.1482460
1785136075.1482460
1785136075.1482460
1785136075.1482460
1785136075.1482460
1785136075.1482460
1785136075.1482460
1785136075.1482460
1785136075.1482460
1785136075.1482460
1785136075.1482460
1785136075.1482460
1785136075.1482460
1785136075.1484671
1785136075.1484671
1785136075.1484671
1785136075.1484671
1785136075.1484671
1785136075.1484671
1785136075.1484671
1785136075.1484671
1785136075.1484671
1785136075.1484671
1785136075.1484671
1785136075.1484671
1785136075.1484671
1785136075.1484671
1785136075.1484671
1785136075.1484671
1785136075.1484671
1785136075.1484671
1785136075.1484671
1785136075.1484671
1785136075.1484671
1785136075.1484671
1785136075.1484671
1785136075.1484671
1785136075.1484671
1785136075.1484671
1785136075.1484671
1785136075.1484671
1785136075.1484671
1785136075.1484671
1785136075.1484671
1785136075.1484671
1785136075.1484671
1785136075.1484671
1785136075.1484671
1785136075.1484671
1785136075.1484671
1785136075.1484671
1785136075.1484671
1785136075.1484671
1785136075.1484671
1785136075.1484671
1785136075.1484671
1785136075.1484671
1785136075.1484671
1785136075.1484671
1785136075.1484671
1785136075.1484671
1785136075.1484671
1785136075.1484671
1785136075.1484671
1785136075.1484671
1785136075.1484671
1785136075.1486900
1785136075.1486900
1785136075.1486900
1785136075.1486900
1785136075.1486900
1785136075.1486900
1785136075.1486900
1785136075.1486900
1785136075.1486900
1785136075.1486900
1785136075.1486900
1785136075.1486900
1785136075.1486900
1785136075.1486900
1785136075.1486900
1785136075.1486900
1785136075.1486900
1785136075.1486900
1785136075.1486900
1785136075.1486900
1785136075.1486900
1785136075.1486900
1785136075.1486900
1785136075.1486900
1785136075.1486900
1785136075.1486900
1785136075.1486900
1785136075.1486900
1785136075.1486900
1785136075.1486900
1785136075.1486900
1785136075.1486900
1785136075.1486900
1785136075.1486900
1785136075.1486900
1785136075.1486900
1785136075.1486900
1785136075.1486900
1785136075.1486900
1785136075.1486900
1785136075.1486900
1785136075.1486900
1785136075.1486900
1785136075.1486900
1785136075.1486900
1785136075.1486900
1785136075.1486900
1785136075.1486900
1785136075.1486900
1785136075.1486900
1785136075.1486900
1785136075.1486900
1785136075.1486900
1785136075.1486900
1785136075.1486900
1785136075.1486900
1785136075.1489129
1785136075.1489129
1785136075.1489129
1785136075.1489129
1785136075.1489129
1785136075.1489129
1785136075.1489129
1785136075.1489129
1785136075.1489129
1785136075.1489129
1785136075.1489129
1785136075.1489129
1785136075.1489129
1785136075.1489129
1785136075.1489129
1785136075.1489129
1785136075.1489129
1785136075.1489129
1785136075.1489129
1785136075.1489129
1785136075.1489129
1785136075.1489129
1785136075.1489129
1785136075.1489129
1785136075.1489129
1785136075.1489129
1785136075.1489129
1785136075.1489129
1785136075.1489129
1785136075.1489129
1785136075.1489129
1785136075.1489129
1785136075.1489129
1785136075.1489129
1785136075.1489129
1785136075.1489129
1785136075.1489129
1785136075.1489129
1785136075.1489129
1785136075.1489129
1785136075.1489129
1785136075.1489129
1785136075.1489129
1785136075.1489129
1785136075.1489129
1785136075.1489129
1785136075.1489129
1785136075.1489129
1785136075.1489129
1785136075.1489129
1785136075.1489129
1785136075.1489129
1785136075.1489129
1785136075.1489129
1785136075.1489129
1785136075.1489129
1785136075.1489129
1785136075.1489129
1785136075.1489129
1785136075.1489129
1785136075.1489129
1785136075.1489129
1785136075.1489129
1785136075.1489129
1785136075.1489129
1785136075.1491339
1785136075.1491339
1785136075.1491339
1785136075.1491339
1785136075.1491339
1785136075.1491339
1785136075.1491339
1785136075.1491339
1785136075.1491339
1785136075.1491339
1785136075.1491339
1785136075.1491339
1785136075.1491339
1785136075.1491339
1785136075.1491339
1785136075.1491339
1785136075.1491339
1785136075.1491339
1785136075.1491339
1785136075.1491339
1785136075.1491339
1785136075.1491339
1785136075.1491339
1785136075.1491339
1785136075.1491339
1785136075.1491339
1785136075.1491339
1785136075.1491339
1785136075.1491339
1785136075.1491339
1785136075.1491339
1785136075.1491339
1785136075.1491339
1785136075.1491339
1785136075.1491339
1785136075.1491339
1785136075.1491339
1785136075.1491339
1785136075.1491339
1785136075.1491339
1785136075.1491339
1785136075.1491339
1785136075.1491339
1785136075.1491339
1785136075.1491339
1785136075.1491339
1785136075.1491339
1785136075.1491339
1785136075.1491339
1785136075.1491339
1785136075.1491339
1785136075.1491339
1785136075.1491339
1785136075.1491339
1785136075.1491339
1785136075.1491339
1785136075.1491339
1785136075.1491339
1785136075.1491339
1785136075.1491339
1785136075.1491339
1785136075.1491339
1785136075.1491339
1785136075.1491339
1785136075.1491339
1785136075.1491339
1785136075.1491339
1785136075.1491339
1785136075.1491339
1785136075.1491339
1785136075.1491339
1785136075.1491339
1785136075.1491339
1785136075.1491339
1785136075.1491339
1785136075.1491339
1785136075.1491339
1785136075.1491339
1785136075.1491339
1785136075.1491339
1785136075.1491339
1785136075.1491339
1785136075.1491339
1785136075.1491339
1785136075.1491339
1785136075.1491339
1785136075.1491339
1785136075.1491339
1785136075.1493559
1785136075.1493559
1785136075.1493559
1785136075.1493559
1785136075.1493559
1785136075.1493559
1785136075.1493559
1785136075.1493559
1785136075.1493559
1785136075.1493559
1785136075.1493559
1785136075.1493559
1785136075.1493559
1785136075.1493559
1785136075.1493559
1785136075.1493559
1785136075.1493559
1785136075.1493559
1785136075.1493559
1785136075.1493559
1785136075.1493559
1785136075.1493559
1785136075.1493559
1785136075.1493559
1785136075.1493559
1785136075.1493559
1785136075.1493559
1785136075.1493559
1785136075.1493559
1785136075.1493559
1785136075.1493559
1785136075.1493559
1785136075.1493559
1785136075.1493559
1785136075.1493559
1785136075.1493559
1785136075.1493559
1785136075.1493559
1785136075.1493559
1785136075.1493559
1785136075.1493559
1785136075.1493559
1785136075.1493559
1785136075.1493559
1785136075.1493559
1785136075.1493559
1785136075.1493559
1785136075.1493559
1785136075.1493559
1785136075.1493559
1785136075.1493559
1785136075.1493559
1785136075.1493559
1785136075.1493559
1785136075.1493559
1785136075.1493559
1785136075.1493559
1785136075.1493559
1785136075.1493559
1785136075.1493559
1785136075.1493559
1785136075.1493559
1785136075.1493559
1785136075.1493559
1785136075.1493559
1785136075.1493559
1785136075.1493559
1785136075.1493559
1785136075.1493559
1785136075.1493559
1785136075.1493559
1785136075.1493559
1785136075.1493559
1785136075.1493559
1785136075.1493559
1785136075.1493559
1785136075.1493559
1785136075.1493559
1785136075.1493559
1785136075.1493559
1785136075.1495790
1785136075.1495790
1785136075.1495790
1785136075.1495790
1785136075.1495790
1785136075.1495790
1785136075.1495790
1785136075.1495790
1785136075.1495790
1785136075.1495790
1785136075.1495790
1785136075.1495790
1785136075.1495790
1785136075.1495790
1785136075.1495790
1785136075.1495790
1785136075.1495790
1785136075.1495790
1785136075.1495790
1785136075.1495790
1785136075.1495790
1785136075.1495790
1785136075.1495790
1785136075.1495790
1785136075.1495790
1785136075.1495790
1785136075.1495790
1785136075.1495790
1785136075.1495790
1785136075.1495790
1785136075.1495790
1785136075.1495790
1785136075.1495790
1785136075.1495790
1785136075.1495790
1785136075.1495790
1785136075.1495790
1785136075.1495790
1785136075.1495790
1785136075.1495790
1785136075.1495790
1785136075.1495790
1785136075.1495790
1785136075.1495790
1785136075.1495790
1785136075.1495790
1785136075.1495790
1785136075.1495790
1785136075.1495790
1785136075.1495790
1785136075.1495790
1785136075.1495790
1785136075.1495790
1785136075.1495790
1785136075.1495790
1785136075.1495790
1785136075.1495790
1785136075.1495790
1785136075.1495790
1785136075.1495790
1785136075.1495790
1785136075.1495790
1785136075.1495790
1785136075.1495790
1785136075.1495790
1785136075.1495790
1785136075.1495790
1785136075.1495790
1785136075.1495790
1785136075.1495790
1785136075.1495790
1785136075.1495790
1785136075.1495790
1785136075.1495790
1785136075.1495790
1785136075.1495790
1785136075.1495790
1785136075.1495790
1785136075.1495790
1785136075.1495790
1785136075.1495790
1785136075.1495790
1785136075.1495790
1785136075.1495790
1785136075.1495790
1785136075.1498010
1785136075.1498010
1785136075.1498010
1785136075.1498010
1785136075.1498010
1785136075.1498010
1785136075.1498010
1785136075.1498010
1785136075.1498010
1785136075.1498010
1785136075.1498010
1785136075.1498010
1785136075.1498010
1785136075.1498010
1785136075.1498010
1785136075.1498010
1785136075.1498010
1785136075.1498010
1785136075.1498010
1785136075.1498010
1785136075.1498010
1785136075.1498010
1785136075.1498010
1785136075.1498010
1785136075.1498010
1785136075.1498010
1785136075.1498010
1785136075.1498010
1785136075.1498010
1785136075.1498010
1785136075.1498010
1785136075.1498010
1785136075.1498010
1785136075.1498010
1785136075.1498010
1785136075.1498010
1785136075.1498010
1785136075.1498010
1785136075.1498010
1785136075.1498010
1785136075.1498010
1785136075.1498010
1785136075.1498010
1785136075.1498010
1785136075.1498010
1785136075.1498010
1785136075.1498010
1785136075.1498010
1785136075.1498010
1785136075.1498010
1785136075.1498010
1785136075.1498010
1785136075.1498010
1785136075.1498010
1785136075.1498010
1785136075.1498010
1785136075.1498010
1785136075.1498010
1785136075.1498010
1785136075.1498010
1785136075.1498010
1785136075.1498010
1785136075.1498010
1785136075.1498010
1785136075.1498010
1785136075.1498010
1785136075.1498010
1785136075.1498010
1785136075.1500230
1785136075.1500230
1785136075.1500230
1785136075.1500230
1785136075.1500230
1785136075.1500230
1785136075.1500230
1785136075.1500230
1785136075.1500230
1785136075.1500230
1785136075.1500230
1785136075.1500230
1785136075.1500230
1785136075.1500230
1785136075.1500230
1785136075.1500230
1785136075.1500230
1785136075.1500230
1785136075.1500230
1785136075.1500230
1785136075.1500230
1785136075.1500230
1785136075.1500230
1785136075.1500230
1785136075.1500230
1785136075.1500230
1785136075.1500230
1785136075.1500230
1785136075.1500230
1785136075.1500230
1785136075.1500230
1785136075.1500230
1785136075.1500230
1785136075.1500230
1785136075.1500230
1785136075.1500230
1785136075.1500230
1785136075.1500230
1785136075.1500230
1785136075.1500230
1785136075.1500230
1785136075.1500230
1785136075.1500230
1785136075.1500230
1785136075.1500230
1785136075.1500230
1785136075.1500230
1785136075.1500230
1785136075.1500230
1785136075.1500230
1785136075.1500230
1785136075.1500230
1785136075.1500230
1785136075.1500230
1785136075.1500230
1785136075.1500230
1785136075.1500230
1785136075.1500230
1785136075.1500230
1785136075.1500230
1785136075.1500230
1785136075.1500230
1785136075.1500230
1785136075.1500230
1785136075.1502450
1785136075.1502450
1785136075.1502450
1785136075.1502450
1785136075.1502450
1785136075.1502450
1785136075.1502450
1785136075.1502450
1785136075.1502450
1785136075.1502450
1785136075.1502450
1785136075.1502450
1785136075.1502450
1785136075.1502450
1785136075.1502450
1785136075.1502450
1785136075.1502450
1785136075.1502450
1785136075.1502450
1785136075.1502450
1785136075.1502450
1785136075.1502450
1785136075.1502450
1785136075.1502450
1785136075.1502450
1785136075.1502450
1785136075.1502450
1785136075.1502450
1785136075.1502450
1785136075.1502450
1785136075.1502450
1785136075.1502450
1785136075.1502450
1785136075.1502450
1785136075.1502450
1785136075.1502450
1785136075.1502450
1785136075.1502450
1785136075.1502450
1785136075.1502450
1785136075.1502450
1785136075.1502450
1785136075.1502450
1785136075.1502450
1785136075.1502450
1785136075.1502450
1785136075.1502450
1785136075.1502450
1785136075.1502450
1785136075.1502450
1785136075.1502450
1785136075.1502450
1785136075.1502450
1785136075.1502450
1785136075.1502450
1785136075.1502450
1785136075.1502450
1785136075.1504669
1785136075.1504669
1785136075.1504669
1785136075.1504669
1785136075.1504669
1785136075.1504669
1785136075.1504669
1785136075.1504669
1785136075.1504669
1785136075.1504669
1785136075.1504669
1785136075.1504669
1785136075.1504669
1785136075.1504669
1785136075.1504669
1785136075.1504669
1785136075.1504669
1785136075.1504669
1785136075.1504669
1785136075.1504669
1785136075.1504669
1785136075.1504669
1785136075.1504669
1785136075.1504669
1785136075.1504669
1785136075.1504669
1785136075.1504669
1785136075.1504669
1785136075.1504669
1785136075.1504669
1785136075.1504669
1785136075.1504669
1785136075.1504669
1785136075.1504669
1785136075.1504669
1785136075.1504669
1785136075.1504669
1785136075.1504669
1785136075.1504669
1785136075.1504669
1785136075.1504669
1785136075.1504669
1785136075.1504669
1785136075.1504669
1785136075.1504669
1785136075.1504669
1785136075.1504669
1785136075.1504669
1785136075.1504669
1785136075.1504669
1785136075.1504669
1785136075.1504669
1785136075.1504669
1785136075.1506889
1785136075.1506889
1785136075.1506889
1785136075.1506889
1785136075.1506889
1785136075.1506889
1785136075.1506889
1785136075.1506889
1785136075.1506889
1785136075.1506889
1785136075.1506889
1785136075.1506889
1785136075.1506889
1785136075.1506889
1785136075.1506889
1785136075.1506889
1785136075.1506889
1785136075.1506889
1785136075.1506889
1785136075.1506889
1785136075.1506889
1785136075.1506889
1785136075.1506889
1785136075.1506889
1785136075.1506889
1785136075.1506889
1785136075.1506889
1785136075.1506889
1785136075.1506889
1785136075.1506889
1785136075.1506889
1785136075.1506889
1785136075.1506889
1785136075.1506889
1785136075.1506889
1785136075.1506889
1785136075.1506889
1785136075.1506889
1785136075.1506889
1785136075.1506889
1785136075.1506889
1785136075.1506889
1785136075.1506889
1785136075.1506889
1785136075.1506889
1785136075.1506889
1785136075.1506889
1785136075.1506889
1785136075.1506889
1785136075.1506889
1785136075.1506889
1785136075.1506889
1785136075.1506889
1785136075.1506889
1785136075.1506889
1785136075.1506889
1785136075.1506889
1785136075.1506889
1785136075.1506889
1785136075.1506889
1785136075.1506889
1785136075.1506889
1785136075.1509120
1785136075.1509120
1785136075.1509120
1785136075.1509120
1785136075.1509120
1785136075.1509120
1785136075.1509120
1785136075.1509120
1785136075.1509120
1785136075.1509120
1785136075.1509120
1785136075.1509120
1785136075.1509120
1785136075.1509120
1785136075.1509120
1785136075.1509120
1785136075.1509120
1785136075.1509120
1785136075.1509120
1785136075.1509120
1785136075.1509120
1785136075.1509120
1785136075.1509120
1785136075.1509120
1785136075.1509120
1785136075.1509120
1785136075.1509120
1785136075.1509120
1785136075.1509120
1785136075.1509120
1785136075.1509120
1785136075.1509120
1785136075.1509120
1785136075.1509120
1785136075.1509120
1785136075.1509120
1785136075.1509120
1785136075.1509120
1785136075.1509120
1785136075.1509120
1785136075.1509120
1785136075.1509120
1785136075.1509120
1785136075.1509120
1785136075.1509120
1785136075.1509120
1785136075.1509120
1785136075.1509120
1785136075.1509120
1785136075.1509120
1785136075.1509120
1785136075.1509120
1785136075.1509120
1785136075.1509120
1785136075.1509120
1785136075.1509120
1785136075.1509120
1785136075.1509120
1785136075.1509120
1785136075.1509120
1785136075.1509120
1785136075.1509120
1785136075.1509120
1785136075.1509120
1785136075.1509120
1785136075.1509120
1785136075.1509120
1785136075.1509120
1785136075.1509120
1785136075.1509120
1785136075.1509120
1785136075.1509120
1785136075.1509120
1785136075.1509120
1785136075.1509120
1785136075.1509120
1785136075.1509120
1785136075.1509120
1785136075.1511340
1785136075.1511340
1785136075.1511340
1785136075.1511340
1785136075.1511340
1785136075.1511340
1785136075.1511340
1785136075.1511340
1785136075.1511340
1785136075.1511340
1785136075.1511340
1785136075.1511340
1785136075.1511340
1785136075.1511340
1785136075.1511340
1785136075.1511340
1785136075.1511340
1785136075.1511340
1785136075.1511340
1785136075.1511340
1785136075.1511340
1785136075.1511340
1785136075.1511340
1785136075.1511340
1785136075.1511340
1785136075.1511340
1785136075.1511340
1785136075.1511340
1785136075.1511340
1785136075.1511340
1785136075.1511340
1785136075.1511340
1785136075.1511340
1785136075.1511340
1785136075.1511340
1785136075.1511340
1785136075.1511340
1785136075.1511340
1785136075.1511340
1785136075.1511340
1785136075.1511340
1785136075.1511340
1785136075.1511340
1785136075.1511340
1785136075.1511340
1785136075.1511340
1785136075.1511340
1785136075.1511340
1785136075.1511340
1785136075.1511340
1785136075.1511340
1785136075.1511340
1785136075.1511340
1785136075.1511340
1785136075.1511340
1785136075.1511340
1785136075.1511340
1785136075.1511340
1785136075.1511340
1785136075.1511340
1785136075.1511340
1785136075.1511340
1785136075.1511340
1785136075.1511340
1785136075.1511340
1785136075.1511340
1785136075.1511340
1785136075.1511340
1785136075.1511340
1785136075.1511340
1785136075.1511340
1785136075.1511340
1785136075.1511340
1785136075.1511340
1785136075.1511340
1785136075.1511340
1785136075.1511340
1785136075.1513560
1785136075.1513560
1785136075.1513560
1785136075.1513560
1785136075.1513560
1785136075.1513560
1785136075.1513560
1785136075.1513560
1785136075.1513560
1785136075.1513560
1785136075.1513560
1785136075.1513560
1785136075.1513560
1785136075.1513560
1785136075.1513560
1785136075.1513560
1785136075.1513560
1785136075.1513560
1785136075.1513560
1785136075.1513560
1785136075.1513560
1785136075.1513560
1785136075.1513560
1785136075.1513560
1785136075.1513560
1785136075.1513560
1785136075.1513560
1785136075.1513560
1785136075.1513560
1785136075.1513560
1785136075.1513560
1785136075.1513560
1785136075.1513560
1785136075.1513560
1785136075.1513560
1785136075.1513560
1785136075.1513560
1785136075.1513560
1785136075.1513560
1785136075.1513560
1785136075.1513560
1785136075.1513560
1785136075.1513560
1785136075.1513560
1785136075.1513560
1785136075.1513560
1785136075.1513560
1785136075.1513560
1785136075.1513560
1785136075.1513560
1785136075.1513560
1785136075.1513560
1785136075.1513560
1785136075.1513560
1785136075.1513560
1785136075.1513560
1785136075.1513560
1785136075.1513560
1785136075.1513560
1785136075.1513560
1785136075.1513560
1785136075.1513560
1785136075.1513560
1785136075.1513560
1785136075.1513560
1785136075.1513560
1785136075.1513560
1785136075.1513560
1785136075.1513560
1785136075.1513560
1785136075.1513560
1785136075.1513560
1785136075.1515779
1785136075.1515779
1785136075.1515779
1785136075.1515779
1785136075.1515779
1785136075.1515779
1785136075.1515779
1785136075.1515779
1785136075.1515779
1785136075.1515779
1785136075.1515779
1785136075.1515779
1785136075.1515779
1785136075.1515779
1785136075.1515779
1785136075.1515779
1785136075.1515779
1785136075.1515779
1785136075.1515779
1785136075.1515779
1785136075.1515779
1785136075.1515779
1785136075.1515779
1785136075.1515779
1785136075.1515779
1785136075.1515779
1785136075.1515779
1785136075.1515779
1785136075.1515779
1785136075.1515779
1785136075.1515779
1785136075.1515779
1785136075.1515779
1785136075.1515779
1785136075.1515779
1785136075.1515779
1785136075.1515779
1785136075.1515779
1785136075.1515779
1785136075.1515779
1785136075.1515779
1785136075.1515779
1785136075.1515779
1785136075.1515779
1785136075.1515779
1785136075.1515779
1785136075.1515779
1785136075.1515779
1785136075.1515779
1785136075.1515779
1785136075.1515779
1785136075.1515779
1785136075.1515779
1785136075.1515779
1785136075.1515779
1785136075.1515779
1785136075.1515779
1785136075.1515779
1785136075.1515779
1785136075.1515779
1785136075.1515779
1785136075.1515779
1785136075.1515779
1785136075.1515779
1785136075.1515779
1785136075.1515779
1785136075.1515779
1785136075.1515779
1785136075.1515779
1785136075.1518011
1785136075.1518011
1785136075.1518011
1785136075.1518011
1785136075.1518011
1785136075.1518011
1785136075.1518011
1785136075.1518011
1785136075.1518011
1785136075.1518011
1785136075.1518011
1785136075.1518011
1785136075.1518011
1785136075.1518011
1785136075.1518011
1785136075.1518011
1785136075.1518011
1785136075.1518011
1785136075.1518011
1785136075.1518011
1785136075.1518011
1785136075.1518011
1785136075.1518011
1785136075.1518011
1785136075.1518011
1785136075.1518011
1785136075.1518011
1785136075.1518011
1785136075.1518011
1785136075.1518011
1785136075.1518011
1785136075.1518011
1785136075.1518011
1785136075.1518011
1785136075.1518011
1785136075.1518011
1785136075.1518011
1785136075.1518011
1785136075.1518011
1785136075.1518011
1785136075.1518011
1785136075.1518011
1785136075.1518011
1785136075.1518011
1785136075.1518011
1785136075.1518011
1785136075.1518011
1785136075.1518011
1785136075.1518011
1785136075.1518011
1785136075.1518011
1785136075.1518011
1785136075.1518011
1785136075.1518011
1785136075.1518011
1785136075.1518011
1785136075.1518011
1785136075.1518011
1785136075.1518011
1785136075.1518011
1785136075.1518011
1785136075.1518011
1785136075.1518011
1785136075.1518011
1785136075.1518011
1785136075.1518011
1785136075.1518011
1785136075.1518011
1785136075.1518011
1785136075.1518011
1785136075.1518011
1785136075.1518011
1785136075.1518011
1785136075.1518011
1785136075.1518011
1785136075.1518011
1785136075.1518011
1785136075.1520231
1785136075.1520231
1785136075.1520231
1785136075.1520231
1785136075.1520231
1785136075.1520231
1785136075.1520231
1785136075.1520231
1785136075.1520231
1785136075.1520231
1785136075.1520231
1785136075.1520231
1785136075.1520231
1785136075.1520231
1785136075.1520231
1785136075.1520231
1785136075.1520231
1785136075.1520231
1785136075.1520231
1785136075.1520231
1785136075.1520231
1785136075.1520231
1785136075.1520231
1785136075.1520231
1785136075.1520231
1785136075.1520231
1785136075.1520231
1785136075.1520231
1785136075.1520231
1785136075.1520231
1785136075.1520231
1785136075.1520231
1785136075.1520231
1785136075.1520231
1785136075.1520231
1785136075.1520231
1785136075.1520231
1785136075.1520231
1785136075.1520231
1785136075.1520231
1785136075.1520231
1785136075.1520231
1785136075.1520231
1785136075.1520231
1785136075.1520231
1785136075.1520231
1785136075.1520231
1785136075.1520231
1785136075.1520231
1785136075.1520231
1785136075.1520231
1785136075.1520231
1785136075.1520231
1785136075.1520231
1785136075.1520231
1785136075.1520231
1785136075.1520231
1785136075.1520231
1785136075.1520231
1785136075.1520231
1785136075.1520231
1785136075.1520231
1785136075.1520231
1785136075.1520231
1785136075.1520231
1785136075.1520231
1785136075.1520231
1785136075.1520231
1785136075.1522450
1785136075.1522450
1785136075.1522450
1785136075.1522450
1785136075.1522450
1785136075.1522450
1785136075.1522450
1785136075.1522450
1785136075.1522450
1785136075.1522450
1785136075.1522450
1785136075.1522450
1785136075.1522450
1785136075.1522450
1785136075.1522450
1785136075.1522450
1785136075.1522450
1785136075.1522450
1785136075.1522450
1785136075.1522450
1785136075.1522450
1785136075.1522450
1785136075.1522450
1785136075.1522450
1785136075.1522450
1785136075.1522450
1785136075.1522450
1785136075.1522450
1785136075.1522450
1785136075.1522450
1785136075.1522450
1785136075.1522450
1785136075.1522450
1785136075.1522450
1785136075.1522450
1785136075.1522450
1785136075.1522450
1785136075.1522450
1785136075.1522450
1785136075.1522450
1785136075.1522450
1785136075.1522450
1785136075.1522450
1785136075.1522450
1785136075.1522450
1785136075.1522450
1785136075.1522450
1785136075.1522450
1785136075.1522450
1785136075.1522450
1785136075.1522450
1785136075.1522450
1785136075.1522450
1785136075.1522450
1785136075.1522450
1785136075.1522450
1785136075.1522450
1785136075.1522450
1785136075.1522450
1785136075.1522450
1785136075.1522450
1785136075.1522450
1785136075.1522450
1785136075.1522450
1785136075.1522450
1785136075.1522450
1785136075.1524670
1785136075.1524670
1785136075.1524670
1785136075.1524670
1785136075.1524670
1785136075.1524670
1785136075.1524670
1785136075.1524670
1785136075.1524670
1785136075.1524670
1785136075.1524670
1785136075.1524670
1785136075.1524670
1785136075.1524670
1785136075.1524670
1785136075.1524670
1785136075.1524670
1785136075.1524670
1785136075.1524670
1785136075.1524670
1785136075.1524670
1785136075.1524670
1785136075.1524670
1785136075.1524670
1785136075.1524670
1785136075.1524670
1785136075.1524670
1785136075.1524670
1785136075.1524670
1785136075.1524670
1785136075.1524670
1785136075.1524670
1785136075.1524670
1785136075.1524670
1785136075.1524670
1785136075.1524670
1785136075.1524670
1785136075.1524670
1785136075.1524670
1785136075.1524670
1785136075.1524670
1785136075.1524670
1785136075.1524670
1785136075.1524670
1785136075.1524670
1785136075.1524670
1785136075.1524670
1785136075.1524670
1785136075.1524670
1785136075.1524670
1785136075.1524670
1785136075.1524670
1785136075.1524670
1785136075.1524670
1785136075.1524670
1785136075.1524670
1785136075.1524670
1785136075.1524670
1785136075.1524670
1785136075.1524670
1785136075.1524670
1785136075.1524670
1785136075.1524670
1785136075.1526890
1785136075.1526890
1785136075.1526890
1785136075.1526890
1785136075.1526890
1785136075.1526890
1785136075.1526890
1785136075.1526890
1785136075.1526890
1785136075.1526890
1785136075.1526890
1785136075.1526890
1785136075.1526890
1785136075.1526890
1785136075.1526890
1785136075.1526890
1785136075.1526890
1785136075.1526890
1785136075.1526890
1785136075.1526890
1785136075.1526890
1785136075.1526890
1785136075.1526890
1785136075.1526890
1785136075.1526890
1785136075.1526890
1785136075.1526890
1785136075.1526890
1785136075.1526890
1785136075.1526890
1785136075.1526890
1785136075.1526890
1785136075.1526890
1785136075.1526890
1785136075.1526890
1785136075.1526890
1785136075.1526890
1785136075.1526890
1785136075.1526890
1785136075.1526890
1785136075.1526890
1785136075.1526890
1785136075.1526890
1785136075.1526890
1785136075.1526890
1785136075.1526890
1785136075.1526890
1785136075.1526890
1785136075.1526890
1785136075.1526890
1785136075.1526890
1785136075.1526890
1785136075.1526890
1785136075.1526890
1785136075.1526890
1785136075.1526890
1785136075.1526890
1785136075.1526890
1785136075.1526890
1785136075.1526890
1785136075.1526890
1785136075.1526890
1785136075.1526890
1785136075.1526890
1785136075.1529109
1785136075.1529109
1785136075.1529109
1785136075.1529109
1785136075.1529109
1785136075.1529109
1785136075.1529109
1785136075.1529109
1785136075.1529109
1785136075.1529109
1785136075.1529109
1785136075.1529109
1785136075.1529109
1785136075.1529109
1785136075.1529109
1785136075.1529109
1785136075.1529109
1785136075.1529109
1785136075.1529109
1785136075.1529109
1785136075.1529109
1785136075.1529109
1785136075.1529109
1785136075.1529109
1785136075.1529109
1785136075.1529109
1785136075.1529109
1785136075.1529109
1785136075.1529109
1785136075.1529109
1785136075.1529109
1785136075.1529109
1785136075.1529109
1785136075.1529109
1785136075.1529109
1785136075.1529109
1785136075.1529109
1785136075.1529109
1785136075.1529109
1785136075.1529109
1785136075.1529109
1785136075.1529109
1785136075.1529109
1785136075.1529109
1785136075.1529109
1785136075.1529109
1785136075.1529109
1785136075.1529109
1785136075.1529109
1785136075.1529109
1785136075.1529109
1785136075.1529109
1785136075.1529109
1785136075.1529109
1785136075.1529109
1785136075.1529109
1785136075.1529109
1785136075.1529109
1785136075.1529109
1785136075.1529109
1785136075.1529109
1785136075.1529109
1785136075.1529109
1785136075.1531329
1785136075.1531329
1785136075.1531329
1785136075.1531329
1785136075.1531329
1785136075.1531329
1785136075.1531329
1785136075.1531329
1785136075.1531329
1785136075.1531329
1785136075.1531329
1785136075.1531329
1785136075.1531329
1785136075.1531329
1785136075.1531329
1785136075.1531329
1785136075.1531329
1785136075.1531329
1785136075.1531329
1785136075.1531329
1785136075.1531329
1785136075.1531329
1785136075.1531329
1785136075.1531329
1785136075.1531329
1785136075.1531329
1785136075.1531329
1785136075.1531329
1785136075.1531329
1785136075.1531329
1785136075.1531329
1785136075.1531329
1785136075.1531329
1785136075.1531329
1785136075.1531329
1785136075.1531329
1785136075.1531329
1785136075.1531329
1785136075.1531329
1785136075.1531329
1785136075.1531329
1785136075.1531329
1785136075.1531329
1785136075.1531329
1785136075.1531329
1785136075.1531329
1785136075.1531329
1785136075.1531329
1785136075.1531329
1785136075.1531329
1785136075.1531329
1785136075.1531329
1785136075.1531329
1785136075.1531329
1785136075.1531329
1785136075.1531329
1785136075.1531329
1785136075.1531329
1785136075.1531329
1785136075.1531329
1785136075.1531329
1785136075.1531329
1785136075.1531329
1785136075.1531329
1785136075.1533561
1785136075.1533561
1785136075.1533561
1785136075.1533561
1785136075.1533561
1785136075.1533561
1785136075.1533561
1785136075.1533561
1785136075.1533561
1785136075.1533561
1785136075.1533561
1785136075.1533561
1785136075.1533561
1785136075.1533561
1785136075.1533561
1785136075.1533561
1785136075.1533561
1785136075.1533561
1785136075.1533561
1785136075.1533561
1785136075.1533561
1785136075.1533561
1785136075.1533561
1785136075.1533561
1785136075.1533561
1785136075.1533561
1785136075.1533561
1785136075.1533561
1785136075.1533561
1785136075.1533561
1785136075.1533561
1785136075.1533561
1785136075.1533561
1785136075.1533561
1785136075.1533561
1785136075.1533561
1785136075.1533561
1785136075.1533561
1785136075.1533561
1785136075.1533561
1785136075.1533561
1785136075.1533561
1785136075.1533561
1785136075.1533561
1785136075.1533561
1785136075.1533561
1785136075.1533561
1785136075.1533561
1785136075.1533561
1785136075.1533561
1785136075.1533561
1785136075.1533561
1785136075.1533561
1785136075.1533561
1785136075.1533561
1785136075.1533561
1785136075.1533561
1785136075.1533561
1785136075.1533561
1785136075.1533561
1785136075.1535780
1785136075.1535780
1785136075.1535780
1785136075.1535780
1785136075.1535780
1785136075.1535780
1785136075.1535780
1785136075.1535780
1785136075.1535780
1785136075.1535780
1785136075.1535780
1785136075.1535780
1785136075.1535780
1785136075.1535780
1785136075.1535780
1785136075.1535780
1785136075.1535780
1785136075.1535780
1785136075.1535780
1785136075.1535780
1785136075.1535780
1785136075.1535780
1785136075.1535780
1785136075.1535780
1785136075.1535780
1785136075.1535780
1785136075.1535780
1785136075.1535780
1785136075.1535780
1785136075.1535780
1785136075.1535780
1785136075.1535780
1785136075.1535780
1785136075.1535780
1785136075.1535780
1785136075.1535780
1785136075.1535780
1785136075.1535780
1785136075.1535780
1785136075.1535780
1785136075.1535780
1785136075.1535780
1785136075.1535780
1785136075.1535780
1785136075.1535780
1785136075.1535780
1785136075.1535780
1785136075.1535780
1785136075.1535780
1785136075.1535780
1785136075.1535780
1785136075.1535780
1785136075.1535780
1785136075.1535780
1785136075.1535780
1785136075.1535780
1785136075.1535780
1785136075.1535780
1785136075.1535780
1785136075.1535780
1785136075.1535780
1785136075.1535780
1785136075.1535780
1785136075.1538000
1785136075.1538000
1785136075.1538000
1785136075.1538000
1785136075.1538000
1785136075.1538000
1785136075.1538000
1785136075.1538000
1785136075.1538000
1785136075.1538000
1785136075.1538000
1785136075.1538000
1785136075.1538000
1785136075.1538000
1785136075.1538000
1785136075.1538000
1785136075.1538000
1785136075.1538000
1785136075.1538000
1785136075.1538000
1785136075.1538000
1785136075.1538000
1785136075.1538000
1785136075.1538000
1785136075.1538000
1785136075.1538000
1785136075.1538000
1785136075.1538000
1785136075.1538000
1785136075.1538000
1785136075.1538000
1785136075.1538000
1785136075.1538000
1785136075.1538000
1785136075.1538000
1785136075.1538000
1785136075.1538000
1785136075.1538000
1785136075.1538000
1785136075.1538000
1785136075.1538000
1785136075.1538000
1785136075.1538000
1785136075.1538000
1785136075.1538000
1785136075.1538000
1785136075.1538000
1785136075.1538000
1785136075.1538000
1785136075.1538000
1785136075.1538000
1785136075.1538000
1785136075.1538000
1785136075.1538000
1785136075.1538000
1785136075.1538000
1785136075.1538000
1785136075.1538000
1785136075.1538000
1785136075.1538000
1785136075.1538000
1785136075.1538000
1785136075.1538000
1785136075.1538000
1785136075.1538000
1785136075.1538000
1785136075.1538000
1785136075.1538000
1785136075.1538000
1785136075.1538000
1785136075.1538000
1785136075.1538000
1785136075.1538000
1785136075.1538000
1785136075.1538000
1785136075.1538000
1785136075.1538000
1785136075.1538000
1785136075.1538000
1785136075.1540220
1785136075.1540220
1785136075.1540220
1785136075.1540220
1785136075.1540220
1785136075.1540220
1785136075.1540220
1785136075.1540220
1785136075.1540220
1785136075.1540220
1785136075.1540220
1785136075.1540220
1785136075.1540220
1785136075.1540220
1785136075.1540220
1785136075.1540220
1785136075.1540220
1785136075.1540220
1785136075.1540220
1785136075.1540220
1785136075.1540220
1785136075.1540220
1785136075.1540220
1785136075.1540220
1785136075.1540220
1785136075.1540220
1785136075.1540220
1785136075.1540220
1785136075.1540220
1785136075.1540220
1785136075.1540220
1785136075.1540220
1785136075.1540220
1785136075.1540220
1785136075.1540220
1785136075.1540220
1785136075.1540220
1785136075.1540220
1785136075.1540220
1785136075.1540220
1785136075.1540220
1785136075.1540220
1785136075.1540220
1785136075.1540220
1785136075.1540220
1785136075.1540220
1785136075.1540220
1785136075.1540220
1785136075.1540220
1785136075.1540220
1785136075.1540220
1785136075.1540220
1785136075.1540220
1785136075.1540220
1785136075.1540220
1785136075.1540220
1785136075.1540220
1785136075.1540220
1785136075.1540220
1785136075.1540220
1785136075.1540220
1785136075.1540220
1785136075.1540220
1785136075.1540220
1785136075.1540220
1785136075.1540220
1785136075.1540220
1785136075.1540220
1785136075.1540220
1785136075.1540220
1785136075.1540220
1785136075.1540220
1785136075.1540220
1785136075.1540220
1785136075.1540220
1785136075.1540220
1785136075.1540220
1785136075.1540220
1785136075.1540220
1785136075.1540220
1785136075.1542439
1785136075.1542439
1785136075.1542439
1785136075.1542439
1785136075.1542439
1785136075.1542439
1785136075.1542439
1785136075.1542439
1785136075.1542439
1785136075.1542439
1785136075.1542439
1785136075.1542439
1785136075.1542439
1785136075.1542439
1785136075.1542439
1785136075.1542439
1785136075.1542439
1785136075.1542439
1785136075.1542439
1785136075.1542439
1785136075.1542439
1785136075.1542439
1785136075.1542439
1785136075.1542439
1785136075.1542439
1785136075.1542439
1785136075.1542439
1785136075.1542439
1785136075.1542439
1785136075.1542439
1785136075.1542439
1785136075.1542439
1785136075.1542439
1785136075.1542439
1785136075.1542439
1785136075.1542439
1785136075.1542439
1785136075.1542439
1785136075.1542439
1785136075.1542439
1785136075.1542439
1785136075.1542439
1785136075.1542439
1785136075.1542439
1785136075.1542439
1785136075.1542439
1785136075.1542439
1785136075.1542439
1785136075.1542439
1785136075.1542439
1785136075.1542439
1785136075.1542439
1785136075.1542439
1785136075.1542439
1785136075.1542439
1785136075.1542439
1785136075.1542439
1785136075.1542439
1785136075.1542439
1785136075.1542439
1785136075.1542439
1785136075.1542439
1785136075.1542439
1785136075.1542439
1785136075.1542439
1785136075.1542439
1785136075.1542439
1785136075.1542439
1785136075.1542439
1785136075.1542439
1785136075.1542439
1785136075.1544671
1785136075.1544671
1785136075.1544671
1785136075.1544671
1785136075.1544671
1785136075.1544671
1785136075.1544671
1785136075.1544671
1785136075.1544671
1785136075.1544671
1785136075.1544671
1785136075.1544671
1785136075.1544671
1785136075.1544671
1785136075.1544671
1785136075.1544671
1785136075.1544671
1785136075.1544671
1785136075.1544671
1785136075.1544671
1785136075.1544671
1785136075.1544671
1785136075.1544671
1785136075.1544671
1785136075.1544671
1785136075.1544671
1785136075.1544671
1785136075.1544671
1785136075.1544671
1785136075.1544671
1785136075.1544671
1785136075.1544671
1785136075.1544671
1785136075.1544671
1785136075.1544671
1785136075.1544671
1785136075.1544671
1785136075.1544671
1785136075.1544671
1785136075.1544671
1785136075.1544671
1785136075.1544671
1785136075.1544671
1785136075.1544671
1785136075.1544671
1785136075.1544671
1785136075.1544671
1785136075.1544671
1785136075.1544671
1785136075.1544671
1785136075.1544671
1785136075.1544671
1785136075.1544671
1785136075.1544671
1785136075.1544671
1785136075.1544671
1785136075.1544671
1785136075.1544671
1785136075.1544671
1785136075.1544671
1785136075.1544671
1785136075.1544671
1785136075.1544671
1785136075.1544671
1785136075.1544671
1785136075.1544671
1785136075.1544671
1785136075.1544671
1785136075.1544671
1785136075.1546891
1785136075.1546891
1785136075.1546891
1785136075.1546891
1785136075.1546891
1785136075.1546891
1785136075.1546891
1785136075.1546891
1785136075.1546891
1785136075.1546891
1785136075.1546891
1785136075.1546891
1785136075.1546891
1785136075.1546891
1785136075.1546891
1785136075.1546891
1785136075.1546891
1785136075.1546891
1785136075.1546891
1785136075.1546891
1785136075.1546891
1785136075.1546891
1785136075.1546891
1785136075.1546891
1785136075.1546891
1785136075.1546891
1785136075.1546891
1785136075.1546891
1785136075.1546891
1785136075.1546891
1785136075.1546891
1785136075.1546891
1785136075.1546891
1785136075.1546891
1785136075.1546891
1785136075.1546891
1785136075.1546891
1785136075.1546891
1785136075.1546891
1785136075.1546891
1785136075.1546891
1785136075.1546891
1785136075.1546891
1785136075.1546891
1785136075.1546891
1785136075.1546891
1785136075.1546891
1785136075.1546891
1785136075.1546891
1785136075.1546891
1785136075.1546891
1785136075.1546891
1785136075.1546891
1785136075.1546891
1785136075.1546891
1785136075.1546891
1785136075.1546891
1785136075.1546891
1785136075.1546891
1785136075.1546891
1785136075.1546891
1785136075.1546891
1785136075.1546891
1785136075.1546891
1785136075.1546891
1785136075.1546891
1785136075.1546891
1785136075.1546891
1785136075.1549110
1785136075.1549110
1785136075.1549110
1785136075.1549110
1785136075.1549110
1785136075.1549110
1785136075.1549110
1785136075.1549110
1785136075.1549110
1785136075.1549110
1785136075.1549110
1785136075.1549110
1785136075.1549110
1785136075.1549110
1785136075.1549110
1785136075.1549110
1785136075.1549110
1785136075.1549110
1785136075.1549110
1785136075.1549110
1785136075.1549110
1785136075.1549110
1785136075.1549110
1785136075.1549110
1785136075.1549110
1785136075.1549110
1785136075.1549110
1785136075.1549110
1785136075.1549110
1785136075.1549110
1785136075.1549110
1785136075.1549110
1785136075.1549110
1785136075.1549110
1785136075.1549110
1785136075.1549110
1785136075.1549110
1785136075.1549110
1785136075.1549110
1785136075.1549110
1785136075.1549110
1785136075.1549110
1785136075.1549110
1785136075.1549110
1785136075.1549110
1785136075.1549110
1785136075.1549110
1785136075.1549110
1785136075.1549110
1785136075.1549110
1785136075.1549110
1785136075.1549110
1785136075.1549110
1785136075.1549110
1785136075.1549110
1785136075.1549110
1785136075.1549110
1785136075.1549110
1785136075.1549110
1785136075.1549110
1785136075.1549110
1785136075.1549110
1785136075.1549110
1785136075.1549110
1785136075.1549110
1785136075.1549110
1785136075.1549110
1785136075.1549110
1785136075.1549110
1785136075.1549110
1785136075.1551330
1785136075.1551330
1785136075.1551330
1785136075.1551330
1785136075.1551330
1785136075.1551330
1785136075.1551330
1785136075.1551330
1785136075.1551330
1785136075.1551330
1785136075.1551330
1785136075.1551330
1785136075.1551330
1785136075.1551330
1785136075.1551330
1785136075.1551330
1785136075.1551330
1785136075.1551330
1785136075.1551330
1785136075.1551330
1785136075.1551330
1785136075.1551330
1785136075.1551330
1785136075.1551330
1785136075.1551330
1785136075.1551330
1785136075.1551330
1785136075.1551330
1785136075.1551330
1785136075.1551330
1785136075.1551330
1785136075.1551330
1785136075.1551330
1785136075.1551330
1785136075.1551330
1785136075.1551330
1785136075.1551330
1785136075.1551330
1785136075.1551330
1785136075.1551330
1785136075.1551330
1785136075.1551330
1785136075.1551330
1785136075.1551330
1785136075.1551330
1785136075.1551330
1785136075.1551330
1785136075.1551330
1785136075.1551330
1785136075.1551330
1785136075.1551330
1785136075.1551330
1785136075.1551330
1785136075.1551330
1785136075.1551330
1785136075.1551330
1785136075.1551330
1785136075.1551330
1785136075.1551330
1785136075.1551330
1785136075.1551330
1785136075.1551330
1785136075.1551330
1785136075.1551330
1785136075.1551330
1785136075.1551330
1785136075.1551330
1785136075.1551330
1785136075.1551330
1785136075.1551330
1785136075.1551330
1785136075.1551330
1785136075.1551330
1785136075.1551330
1785136075.1551330
1785136075.1551330
1785136075.1551330
1785136075.1553550
1785136075.1553550
1785136075.1553550
1785136075.1553550
1785136075.1553550
1785136075.1553550
1785136075.1553550
1785136075.1553550
1785136075.1553550
1785136075.1553550
1785136075.1553550
1785136075.1553550
1785136075.1553550
1785136075.1553550
1785136075.1553550
1785136075.1553550
1785136075.1553550
1785136075.1553550
1785136075.1553550
1785136075.1553550
1785136075.1553550
1785136075.1553550
1785136075.1553550
1785136075.1553550
1785136075.1553550
1785136075.1553550
1785136075.1553550
1785136075.1553550
1785136075.1553550
1785136075.1553550
1785136075.1553550
1785136075.1553550
1785136075.1553550
1785136075.1553550
1785136075.1553550
1785136075.1553550
1785136075.1553550
1785136075.1553550
1785136075.1553550
1785136075.1553550
1785136075.1553550
1785136075.1553550
1785136075.1553550
1785136075.1553550
1785136075.1553550
1785136075.1553550
1785136075.1553550
1785136075.1553550
1785136075.1553550
1785136075.1553550
1785136075.1553550
1785136075.1553550
1785136075.1553550
1785136075.1553550
1785136075.1553550
1785136075.1553550
1785136075.1553550
1785136075.1553550
1785136075.1553550
1785136075.1553550
1785136075.1553550
1785136075.1553550
1785136075.1553550
1785136075.1553550
1785136075.1553550
1785136075.1553550
1785136075.1553550
1785136075.1553550
1785136075.1553550
1785136075.1553550
1785136075.1555779
1785136075.1555779
1785136075.1555779
1785136075.1555779
1785136075.1555779
1785136075.1555779
1785136075.1555779
1785136075.1555779
1785136075.1555779
1785136075.1555779
1785136075.1555779
1785136075.1555779
1785136075.1555779
1785136075.1555779
1785136075.1555779
1785136075.1555779
1785136075.1555779
1785136075.1555779
1785136075.1555779
1785136075.1555779
1785136075.1555779
1785136075.1555779
1785136075.1555779
1785136075.1555779
1785136075.1555779
1785136075.1555779
1785136075.1555779
1785136075.1555779
1785136075.1555779
1785136075.1555779
1785136075.1555779
1785136075.1555779
1785136075.1555779
1785136075.1555779
1785136075.1555779
1785136075.1555779
1785136075.1555779
1785136075.1555779
1785136075.1555779
1785136075.1555779
1785136075.1555779
1785136075.1555779
1785136075.1555779
1785136075.1555779
1785136075.1555779
1785136075.1555779
1785136075.1555779
1785136075.1555779
1785136075.1555779
1785136075.1555779
1785136075.1555779
1785136075.1555779
1785136075.1555779
1785136075.1555779
1785136075.1555779
1785136075.1555779
1785136075.1555779
1785136075.1555779
1785136075.1555779
1785136075.1555779
1785136075.1555779
1785136075.1555779
1785136075.1555779
1785136075.1555779
1785136075.1555779
1785136075.1555779
1785136075.1555779
1785136075.1555779
1785136075.1555779
1785136075.1555779
1785136075.1555779
1785136075.1555779
1785136075.1558001
1785136075.1558001
1785136075.1558001
1785136075.1558001
1785136075.1558001
1785136075.1558001
1785136075.1558001
1785136075.1558001
1785136075.1558001
1785136075.1558001
1785136075.1558001
1785136075.1558001
1785136075.1558001
1785136075.1558001
1785136075.1558001
1785136075.1558001
1785136075.1558001
1785136075.1558001
1785136075.1558001
1785136075.1558001
1785136075.1558001
1785136075.1558001
1785136075.1558001
1785136075.1558001
1785136075.1558001
1785136075.1558001
1785136075.1558001
1785136075.1558001
1785136075.1558001
1785136075.1558001
1785136075.1558001
1785136075.1558001
1785136075.1558001
1785136075.1558001
1785136075.1558001
1785136075.1558001
1785136075.1558001
1785136075.1558001
1785136075.1558001
1785136075.1558001
1785136075.1558001
1785136075.1558001
1785136075.1558001
1785136075.1558001
1785136075.1558001
1785136075.1558001
1785136075.1558001
1785136075.1558001
1785136075.1558001
1785136075.1558001
1785136075.1558001
1785136075.1558001
1785136075.1558001
1785136075.1558001
1785136075.1558001
1785136075.1558001
1785136075.1558001
1785136075.1558001
1785136075.1558001
1785136075.1558001
1785136075.1558001
1785136075.1558001
1785136075.1558001
1785136075.1558001
1785136075.1558001
1785136075.1558001
1785136075.1558001
1785136075.1558001
1785136075.1558001
1785136075.1558001
1785136075.1558001
1785136075.1558001
1785136075.1558001
1785136075.1558001
1785136075.1560221
1785136075.1560221
1785136075.1560221
1785136075.1560221
1785136075.1560221
1785136075.1560221
1785136075.1560221
1785136075.1560221
1785136075.1560221
1785136075.1560221
1785136075.1560221
1785136075.1560221
1785136075.1560221
1785136075.1560221
1785136075.1560221
1785136075.1560221
1785136075.1560221
1785136075.1560221
1785136075.1560221
1785136075.1560221
1785136075.1560221
1785136075.1560221
1785136075.1560221
1785136075.1560221
1785136075.1560221
1785136075.1560221
1785136075.1560221
1785136075.1560221
1785136075.1560221
1785136075.1560221
1785136075.1560221
1785136075.1560221
1785136075.1560221
1785136075.1560221
1785136075.1560221
1785136075.1560221
1785136075.1560221
1785136075.1560221
1785136075.1560221
1785136075.1560221
1785136075.1560221
1785136075.1560221
1785136075.1560221
1785136075.1560221
1785136075.1560221
1785136075.1560221
1785136075.1560221
1785136075.1560221
1785136075.1560221
1785136075.1560221
1785136075.1560221
1785136075.1560221
1785136075.1560221
1785136075.1560221
1785136075.1560221
1785136075.1560221
1785136075.1560221
1785136075.1560221
1785136075.1560221
1785136075.1560221
1785136075.1560221
1785136075.1560221
1785136075.1560221
1785136075.1560221
1785136075.1560221
1785136075.1560221
1785136075.1560221
1785136075.1560221
1785136075.1560221
1785136075.1560221
1785136075.1560221
1785136075.1560221
1785136075.1560221
1785136075.1560221
1785136075.1560221
1785136075.1560221
1785136075.1560221
1785136075.1560221
1785136075.1560221
1785136075.1560221
1785136075.1560221
1785136075.1560221
1785136075.1560221
1785136075.1560221
1785136075.1560221
1785136075.1560221
1785136075.1560221
1785136075.1560221
1785136075.1560221
1785136075.1560221
1785136075.1560221
1785136075.1560221
1785136075.1560221
1785136075.1560221
1785136075.1562440
1785136075.1562440
1785136075.1562440
1785136075.1562440
1785136075.1562440
1785136075.1562440
1785136075.1562440
1785136075.1562440
1785136075.1562440
1785136075.1562440
1785136075.1562440
1785136075.1562440
1785136075.1562440
1785136075.1562440
1785136075.1562440
1785136075.1562440
1785136075.1562440
1785136075.1562440
1785136075.1562440
1785136075.1562440
1785136075.1562440
1785136075.1562440
1785136075.1562440
1785136075.1562440
1785136075.1562440
1785136075.1562440
1785136075.1562440
1785136075.1562440
1785136075.1562440
1785136075.1562440
1785136075.1562440
1785136075.1562440
1785136075.1562440
1785136075.1562440
1785136075.1562440
1785136075.1562440
1785136075.1562440
1785136075.1562440
1785136075.1562440
1785136075.1562440
1785136075.1562440
1785136075.1562440
1785136075.1562440
1785136075.1562440
1785136075.1562440
1785136075.1562440
1785136075.1562440
1785136075.1562440
1785136075.1562440
1785136075.1562440
1785136075.1562440
1785136075.1562440
1785136075.1562440
1785136075.1562440
1785136075.1562440
1785136075.1562440
1785136075.1562440
1785136075.1562440
1785136075.1562440
1785136075.1562440
1785136075.1562440
1785136075.1562440
1785136075.1562440
1785136075.1562440
1785136075.1562440
1785136075.1562440
1785136075.1562440
1785136075.1562440
1785136075.1562440
1785136075.1562440
1785136075.1562440
1785136075.1562440
1785136075.1562440
1785136075.1562440
1785136075.1562440
1785136075.1562440
1785136075.1562440
1785136075.1562440
1785136075.1562440
1785136075.1562440
1785136075.1562440
1785136075.1562440
1785136075.1562440
1785136075.1564660
1785136075.1564660
1785136075.1564660
1785136075.1564660
1785136075.1564660
1785136075.1564660
1785136075.1564660
1785136075.1564660
1785136075.1564660
1785136075.1564660
1785136075.1564660
1785136075.1564660
1785136075.1564660
1785136075.1564660
1785136075.1564660
1785136075.1564660
1785136075.1564660
1785136075.1564660
1785136075.1564660
1785136075.1564660
1785136075.1564660
1785136075.1564660
1785136075.1564660
1785136075.1564660
1785136075.1564660
1785136075.1564660
1785136075.1564660
1785136075.1564660
1785136075.1564660
1785136075.1564660
1785136075.1564660
1785136075.1564660
1785136075.1564660
1785136075.1564660
1785136075.1564660
1785136075.1564660
1785136075.1564660
1785136075.1564660
1785136075.1564660
1785136075.1564660
1785136075.1564660
1785136075.1564660
1785136075.1564660
1785136075.1564660
1785136075.1564660
1785136075.1564660
1785136075.1564660
1785136075.1564660
1785136075.1564660
1785136075.1564660
1785136075.1564660
1785136075.1564660
1785136075.1564660
1785136075.1564660
1785136075.1564660
1785136075.1564660
1785136075.1564660
1785136075.1564660
1785136075.1564660
1785136075.1564660
1785136075.1564660
1785136075.1564660
1785136075.1564660
1785136075.1564660
1785136075.1564660
1785136075.1564660
1785136075.1564660
1785136075.1564660
1785136075.1564660
1785136075.1564660
1785136075.1564660
1785136075.1564660
1785136075.1564660
1785136075.1564660
1785136075.1564660
1785136075.1564660
1785136075.1564660
1785136075.1564660
1785136075.1564660
1785136075.1564660
1785136075.1566880
1785136075.1566880
1785136075.1566880
1785136075.1566880
1785136075.1566880
1785136075.1566880
1785136075.1566880
1785136075.1566880
1785136075.1566880
1785136075.1566880
1785136075.1566880
1785136075.1566880
1785136075.1566880
1785136075.1566880
1785136075.1566880
1785136075.1566880
1785136075.1566880
1785136075.1566880
1785136075.1566880
1785136075.1566880
1785136075.1566880
1785136075.1566880
1785136075.1566880
1785136075.1566880
1785136075.1566880
1785136075.1566880
1785136075.1566880
1785136075.1566880
1785136075.1566880
1785136075.1566880
1785136075.1566880
1785136075.1566880
1785136075.1566880
1785136075.1566880
1785136075.1566880
1785136075.1566880
1785136075.1566880
1785136075.1566880
1785136075.1566880
1785136075.1566880
1785136075.1566880
1785136075.1566880
1785136075.1566880
1785136075.1566880
1785136075.1566880
1785136075.1566880
1785136075.1566880
1785136075.1566880
1785136075.1566880
1785136075.1566880
1785136075.1566880
1785136075.1566880
1785136075.1566880
1785136075.1566880
1785136075.1566880
1785136075.1566880
1785136075.1566880
1785136075.1566880
1785136075.1566880
1785136075.1566880
1785136075.1566880
1785136075.1566880
1785136075.1566880
1785136075.1566880
1785136075.1566880
1785136075.1566880
1785136075.1566880
1785136075.1566880
1785136075.1566880
1785136075.1566880
1785136075.1566880
1785136075.1566880
1785136075.1566880
1785136075.1566880
1785136075.1566880
1785136075.1566880
1785136075.1566880
1785136075.1566880
1785136075.1566880
1785136075.1566880
1785136075.1566880
1785136075.1566880
1785136075.1566880
1785136075.1569099
1785136075.1569099
1785136075.1569099
1785136075.1569099
1785136075.1569099
1785136075.1569099
1785136075.1569099
1785136075.1569099
1785136075.1569099
1785136075.1569099
1785136075.1569099
1785136075.1569099
1785136075.1569099
1785136075.1569099
1785136075.1569099
1785136075.1569099
1785136075.1569099
1785136075.1569099
1785136075.1569099
1785136075.1569099
1785136075.1569099
1785136075.1569099
1785136075.1569099
1785136075.1569099
1785136075.1569099
1785136075.1569099
1785136075.1569099
1785136075.1569099
1785136075.1569099
1785136075.1569099
1785136075.1569099
1785136075.1569099
1785136075.1569099
1785136075.1569099
1785136075.1569099
1785136075.1569099
1785136075.1569099
1785136075.1569099
1785136075.1569099
1785136075.1569099
1785136075.1569099
1785136075.1569099
1785136075.1569099
1785136075.1569099
1785136075.1569099
1785136075.1569099
1785136075.1569099
1785136075.1569099
1785136075.1569099
1785136075.1569099
1785136075.1569099
1785136075.1569099
1785136075.1569099
1785136075.1569099
1785136075.1569099
1785136075.1569099
1785136075.1569099
1785136075.1569099
1785136075.1569099
1785136075.1569099
1785136075.1569099
1785136075.1569099
1785136075.1569099
1785136075.1569099
1785136075.1569099
1785136075.1569099
1785136075.1569099
1785136075.1569099
1785136075.1569099
1785136075.1569099
1785136075.1569099
1785136075.1569099
1785136075.1569099
1785136075.1569099
1785136075.1569099
1785136075.1569099
1785136075.1569099
1785136075.1569099
1785136075.1569099
1785136075.1569099
1785136075.1569099
1785136075.1569099
1785136075.1569099
1785136075.1569099
1785136075.1569099
1785136075.1569099
1785136075.1569099
1785136075.1569099
1785136075.1569099
1785136075.1569099
1785136075.1569099
1785136075.1569099
1785136075.1569099
1785136075.1569099
1785136075.1569099
1785136075.1569099
1785136075.1569099
1785136075.1569099
1785136075.1569099
1785136075.1569099
1785136075.1569099
1785136075.1571319
1785136075.1571319
1785136075.1571319
1785136075.1571319
1785136075.1571319
1785136075.1571319
1785136075.1571319
1785136075.1571319
1785136075.1571319
1785136075.1571319
1785136075.1571319
1785136075.1571319
1785136075.1571319
1785136075.1571319
1785136075.1571319
1785136075.1571319
1785136075.1571319
1785136075.1571319
1785136075.1571319
1785136075.1571319
1785136075.1571319
1785136075.1571319
1785136075.1571319
1785136075.1571319
1785136075.1571319
1785136075.1571319
1785136075.1571319
1785136075.1571319
1785136075.1571319
1785136075.1571319
1785136075.1571319
1785136075.1571319
1785136075.1571319
1785136075.1571319
1785136075.1571319
1785136075.1571319
1785136075.1571319
1785136075.1571319
1785136075.1571319
1785136075.1571319
1785136075.1571319
1785136075.1571319
1785136075.1571319
1785136075.1571319
1785136075.1571319
1785136075.1571319
1785136075.1571319
1785136075.1571319
1785136075.1571319
1785136075.1571319
1785136075.1571319
1785136075.1571319
1785136075.1571319
1785136075.1571319
1785136075.1571319
1785136075.1571319
1785136075.1571319
1785136075.1571319
1785136075.1571319
1785136075.1571319
1785136075.1571319
1785136075.1571319
1785136075.1571319
1785136075.1571319
1785136075.1571319
1785136075.1571319
1785136075.1571319
1785136075.1571319
1785136075.1571319
1785136075.1571319
1785136075.1571319
1785136075.1571319
1785136075.1571319
1785136075.1571319
1785136075.1571319
1785136075.1571319
1785136075.1571319
1785136075.1571319
1785136075.1571319
1785136075.1573541
1785136075.1573541
1785136075.1573541
1785136075.1573541
1785136075.1573541
1785136075.1573541
1785136075.1573541
1785136075.1573541
1785136075.1573541
1785136075.1573541
1785136075.1573541
1785136075.1573541
1785136075.1573541
1785136075.1573541
1785136075.1573541
1785136075.1573541
1785136075.1573541
1785136075.1573541
1785136075.1573541
1785136075.1573541
1785136075.1573541
1785136075.1573541
1785136075.1573541
1785136075.1573541
1785136075.1573541
1785136075.1573541
1785136075.1573541
1785136075.1573541
1785136075.1573541
1785136075.1573541
1785136075.1573541
1785136075.1573541
1785136075.1573541
1785136075.1573541
1785136075.1573541
1785136075.1573541
1785136075.1573541
1785136075.1573541
1785136075.1573541
1785136075.1573541
1785136075.1573541
1785136075.1573541
1785136075.1573541
1785136075.1573541
1785136075.1573541
1785136075.1573541
1785136075.1573541
1785136075.1573541
1785136075.1573541
1785136075.1573541
1785136075.1573541
1785136075.1573541
1785136075.1573541
1785136075.1573541
1785136075.1573541
1785136075.1573541
1785136075.1573541
1785136075.1573541
1785136075.1573541
1785136075.1573541
1785136075.1573541
1785136075.1573541
1785136075.1573541
1785136075.1573541
1785136075.1573541
1785136075.1573541
1785136075.1573541
1785136075.1573541
1785136075.1573541
1785136075.1573541
1785136075.1573541
1785136075.1573541
1785136075.1573541
1785136075.1573541
1785136075.1573541
1785136075.1573541
1785136075.1573541
1785136075.1575770
1785136075.1575770
1785136075.1575770
1785136075.1575770
1785136075.1575770
1785136075.1575770
1785136075.1575770
1785136075.1575770
1785136075.1575770
1785136075.1575770
1785136075.1575770
1785136075.1575770
1785136075.1575770
1785136075.1575770
1785136075.1575770
1785136075.1575770
1785136075.1575770
1785136075.1575770
1785136075.1575770
1785136075.1575770
1785136075.1575770
1785136075.1575770
1785136075.1575770
1785136075.1575770
1785136075.1575770
1785136075.1575770
1785136075.1575770
1785136075.1575770
1785136075.1575770
1785136075.1575770
1785136075.1575770
1785136075.1575770
1785136075.1575770
1785136075.1575770
1785136075.1575770
1785136075.1575770
1785136075.1575770
1785136075.1575770
1785136075.1575770
1785136075.1575770
1785136075.1575770
1785136075.1575770
1785136075.1575770
1785136075.1575770
1785136075.1575770
1785136075.1575770
1785136075.1575770
1785136075.1575770
1785136075.1575770
1785136075.1575770
1785136075.1575770
1785136075.1575770
1785136075.1575770
1785136075.1575770
1785136075.1575770
1785136075.1575770
1785136075.1575770
1785136075.1575770
1785136075.1575770
1785136075.1575770
1785136075.1575770
1785136075.1575770
1785136075.1575770
1785136075.1575770
1785136075.1575770
1785136075.1575770
1785136075.1575770
1785136075.1575770
1785136075.1575770
1785136075.1575770
1785136075.1575770
1785136075.1575770
1785136075.1575770
1785136075.1575770
1785136075.1575770
1785136075.1578000
1785136075.1578000
1785136075.1578000
1785136075.1578000
1785136075.1578000
1785136075.1578000
1785136075.1578000
1785136075.1578000
1785136075.1578000
1785136075.1578000
1785136075.1578000
1785136075.1578000
1785136075.1578000
1785136075.1578000
1785136075.1578000
1785136075.1578000
1785136075.1578000
1785136075.1578000
1785136075.1578000
1785136075.1578000
1785136075.1578000
1785136075.1578000
1785136075.1578000
1785136075.1578000
1785136075.1578000
1785136075.1578000
1785136075.1578000
1785136075.1578000
1785136075.1578000
1785136075.1578000
1785136075.1578000
1785136075.1578000
1785136075.1578000
1785136075.1578000
1785136075.1578000
1785136075.1578000
1785136075.1578000
1785136075.1578000
1785136075.1578000
1785136075.1578000
1785136075.1578000
1785136075.1578000
1785136075.1578000
1785136075.1578000
1785136075.1578000
1785136075.1578000
1785136075.1578000
1785136075.1578000
1785136075.1578000
1785136075.1578000
1785136075.1578000
1785136075.1578000
1785136075.1578000
1785136075.1578000
1785136075.1578000
1785136075.1578000
1785136075.1578000
1785136075.1578000
1785136075.1578000
1785136075.1578000
1785136075.1578000
1785136075.1578000
1785136075.1578000
1785136075.1578000
1785136075.1578000
1785136075.1578000
1785136075.1578000
1785136075.1578000
1785136075.1578000
1785136075.1578000
1785136075.1578000
1785136075.1578000
1785136075.1578000
1785136075.1578000
1785136075.1578000
1785136075.1578000
1785136075.1578000
1785136075.1578000
1785136075.1578000
1785136075.1578000
1785136075.1578000
1785136075.1578000
1785136075.1578000
1785136075.1580210
1785136075.1580210
1785136075.1580210
1785136075.1580210
1785136075.1580210
1785136075.1580210
1785136075.1580210
1785136075.1580210
1785136075.1580210
1785136075.1580210
1785136075.1580210
1785136075.1580210
1785136075.1580210
1785136075.1580210
1785136075.1580210
1785136075.1580210
1785136075.1580210
1785136075.1580210
1785136075.1580210
1785136075.1580210
1785136075.1580210
1785136075.1580210
1785136075.1580210
1785136075.1580210
1785136075.1580210
1785136075.1580210
1785136075.1580210
1785136075.1580210
1785136075.1580210
1785136075.1580210
1785136075.1580210
1785136075.1580210
1785136075.1580210
1785136075.1580210
1785136075.1580210
1785136075.1580210
1785136075.1580210
1785136075.1580210
1785136075.1580210
1785136075.1580210
1785136075.1580210
1785136075.1580210
1785136075.1580210
1785136075.1580210
1785136075.1580210
1785136075.1580210
1785136075.1580210
1785136075.1580210
1785136075.1580210
1785136075.1580210
1785136075.1580210
1785136075.1580210
1785136075.1580210
1785136075.1580210
1785136075.1580210
1785136075.1580210
1785136075.1580210
1785136075.1580210
1785136075.1580210
1785136075.1580210
1785136075.1580210
1785136075.1580210
1785136075.1580210
1785136075.1582429
1785136075.1582429
1785136075.1582429
1785136075.1582429
1785136075.1582429
1785136075.1582429
1785136075.1582429
1785136075.1582429
1785136075.1582429
1785136075.1582429
1785136075.1582429
1785136075.1582429
1785136075.1582429
1785136075.1582429
1785136075.1582429
1785136075.1582429
1785136075.1582429
1785136075.1582429
1785136075.1582429
1785136075.1582429
1785136075.1582429
1785136075.1582429
1785136075.1582429
1785136075.1582429
1785136075.1582429
1785136075.1582429
1785136075.1582429
1785136075.1582429
1785136075.1582429
1785136075.1582429
1785136075.1582429
1785136075.1582429
1785136075.1582429
1785136075.1582429
1785136075.1582429
1785136075.1582429
1785136075.1582429
1785136075.1582429
1785136075.1582429
1785136075.1582429
1785136075.1582429
1785136075.1582429
1785136075.1582429
1785136075.1582429
1785136075.1582429
1785136075.1582429
1785136075.1582429
1785136075.1582429
1785136075.1582429
1785136075.1582429
1785136075.1582429
1785136075.1582429
1785136075.1582429
1785136075.1582429
1785136075.1582429
1785136075.1582429
1785136075.1582429
1785136075.1582429
1785136075.1582429
1785136075.1582429
1785136075.1582429
1785136075.1582429
1785136075.1582429
1785136075.1582429
1785136075.1584649
1785136075.1584649
1785136075.1584649
1785136075.1584649
1785136075.1584649
1785136075.1584649
1785136075.1584649
1785136075.1584649
1785136075.1584649
1785136075.1584649
1785136075.1584649
1785136075.1584649
1785136075.1584649
1785136075.1584649
1785136075.1584649
1785136075.1584649
1785136075.1584649
1785136075.1584649
1785136075.1584649
1785136075.1584649
1785136075.1584649
1785136075.1584649
1785136075.1584649
1785136075.1584649
1785136075.1584649
1785136075.1584649
1785136075.1584649
1785136075.1584649
1785136075.1584649
1785136075.1584649
1785136075.1584649
1785136075.1584649
1785136075.1584649
1785136075.1584649
1785136075.1584649
1785136075.1584649
1785136075.1584649
1785136075.1584649
1785136075.1584649
1785136075.1584649
1785136075.1584649
1785136075.1584649
1785136075.1584649
1785136075.1584649
1785136075.1584649
1785136075.1584649
1785136075.1584649
1785136075.1584649
1785136075.1584649
1785136075.1584649
1785136075.1584649
1785136075.1584649
1785136075.1584649
1785136075.1584649
1785136075.1584649
1785136075.1584649
1785136075.1584649
1785136075.1584649
1785136075.1584649
1785136075.1584649
1785136075.1584649
1785136075.1586871
1785136075.1586871
1785136075.1586871
1785136075.1586871
1785136075.1586871
1785136075.1586871
1785136075.1586871
1785136075.1586871
1785136075.1586871
1785136075.1586871
1785136075.1586871
1785136075.1586871
1785136075.1586871
1785136075.1586871
1785136075.1586871
1785136075.1586871
1785136075.1586871
1785136075.1586871
1785136075.1586871
1785136075.1586871
1785136075.1586871
1785136075.1586871
1785136075.1586871
1785136075.1586871
1785136075.1586871
1785136075.1586871
1785136075.1586871
1785136075.1586871
1785136075.1586871
1785136075.1586871
1785136075.1586871
1785136075.1586871
1785136075.1586871
1785136075.1586871
1785136075.1586871
1785136075.1586871
1785136075.1586871
1785136075.1586871
1785136075.1586871
1785136075.1586871
1785136075.1586871
1785136075.1586871
1785136075.1586871
1785136075.1586871
1785136075.1586871
1785136075.1586871
1785136075.1586871
1785136075.1586871
1785136075.1586871
1785136075.1586871
1785136075.1586871
1785136075.1586871
1785136075.1586871
1785136075.1586871
1785136075.1586871
1785136075.1586871
1785136075.1586871
1785136075.1586871
1785136075.1586871
1785136075.1589100
1785136075.1589100
1785136075.1589100
1785136075.1589100
1785136075.1589100
1785136075.1589100
1785136075.1589100
1785136075.1589100
1785136075.1589100
1785136075.1589100
1785136075.1589100
1785136075.1589100
1785136075.1589100
1785136075.1589100
1785136075.1589100
1785136075.1589100
1785136075.1589100
1785136075.1589100
1785136075.1589100
1785136075.1589100
1785136075.1589100
1785136075.1589100
1785136075.1589100
1785136075.1589100
1785136075.1589100
1785136075.1589100
1785136075.1589100
1785136075.1589100
1785136075.1589100
1785136075.1589100
1785136075.1589100
1785136075.1589100
1785136075.1589100
1785136075.1589100
1785136075.1589100
1785136075.1589100
1785136075.1589100
1785136075.1589100
1785136075.1589100
1785136075.1589100
1785136075.1589100
1785136075.1589100
1785136075.1589100
1785136075.1589100
1785136075.1589100
1785136075.1589100
1785136075.1589100
1785136075.1589100
1785136075.1589100
1785136075.1589100
1785136075.1589100
1785136075.1589100
1785136075.1589100
1785136075.1589100
1785136075.1589100
1785136075.1591320
1785136075.1591320
1785136075.1591320
1785136075.1591320
1785136075.1591320
1785136075.1591320
1785136075.1591320
1785136075.1591320
1785136075.1591320
1785136075.1591320
1785136075.1591320
1785136075.1591320
1785136075.1591320
1785136075.1591320
1785136075.1591320
1785136075.1591320
1785136075.1591320
1785136075.1591320
1785136075.1591320
1785136075.1591320
1785136075.1591320
1785136075.1591320
1785136075.1591320
1785136075.1591320
1785136075.1591320
1785136075.1591320
1785136075.1591320
1785136075.1591320
1785136075.1591320
1785136075.1591320
1785136075.1591320
1785136075.1591320
1785136075.1591320
1785136075.1591320
1785136075.1591320
1785136075.1591320
1785136075.1591320
1785136075.1591320
1785136075.1591320
1785136075.1591320
1785136075.1591320
1785136075.1591320
1785136075.1591320
1785136075.1591320
1785136075.1591320
1785136075.1591320
1785136075.1591320
1785136075.1591320
1785136075.1591320
1785136075.1591320
1785136075.1591320
1785136075.1591320
1785136075.1591320
1785136075.1591320
1785136075.1593540
1785136075.1593540
1785136075.1593540
1785136075.1593540
1785136075.1593540
1785136075.1593540
1785136075.1593540
1785136075.1593540
1785136075.1593540
1785136075.1593540
1785136075.1593540
1785136075.1593540
1785136075.1593540
1785136075.1593540
1785136075.1593540
1785136075.1593540
1785136075.1593540
1785136075.1593540
1785136075.1593540
1785136075.1593540
1785136075.1593540
1785136075.1593540
1785136075.1593540
1785136075.1593540
1785136075.1593540
1785136075.1593540
1785136075.1593540
1785136075.1593540
1785136075.1593540
1785136075.1593540
1785136075.1593540
1785136075.1593540
1785136075.1593540
1785136075.1593540
1785136075.1593540
1785136075.1593540
1785136075.1593540
1785136075.1593540
1785136075.1593540
1785136075.1593540
1785136075.1593540
1785136075.1593540
1785136075.1593540
1785136075.1593540
1785136075.1593540
1785136075.1593540
1785136075.1593540
1785136075.1593540
1785136075.1593540
1785136075.1593540
1785136075.1593540
1785136075.1593540
1785136075.1593540
1785136075.1593540
1785136075.1593540
1785136075.1595759
1785136075.1595759
1785136075.1595759
1785136075.1595759
1785136075.1595759
1785136075.1595759
1785136075.1595759
1785136075.1595759
1785136075.1595759
1785136075.1595759
1785136075.1595759
1785136075.1595759
1785136075.1595759
1785136075.1595759
1785136075.1595759
1785136075.1595759
1785136075.1595759
1785136075.1595759
1785136075.1595759
1785136075.1595759
1785136075.1595759
1785136075.1595759
1785136075.1595759
1785136075.1595759
1785136075.1595759
1785136075.1595759
1785136075.1595759
1785136075.1595759
1785136075.1595759
1785136075.1595759
1785136075.1595759
1785136075.1595759
1785136075.1595759
1785136075.1595759
1785136075.1595759
1785136075.1595759
1785136075.1595759
1785136075.1595759
1785136075.1595759
1785136075.1595759
1785136075.1595759
1785136075.1595759
1785136075.1595759
1785136075.1595759
1785136075.1595759
1785136075.1595759
1785136075.1595759
1785136075.1595759
1785136075.1595759
1785136075.1595759
1785136075.1595759
1785136075.1595759
1785136075.1595759
1785136075.1595759
1785136075.1595759
1785136075.1595759
1785136075.1597991
1785136075.1597991
1785136075.1597991
1785136075.1597991
1785136075.1597991
1785136075.1597991
1785136075.1597991
1785136075.1597991
1785136075.1597991
1785136075.1597991
1785136075.1597991
1785136075.1597991
1785136075.1597991
1785136075.1597991
1785136075.1597991
1785136075.1597991
1785136075.1597991
1785136075.1597991
1785136075.1597991
1785136075.1597991
1785136075.1597991
1785136075.1597991
1785136075.1597991
1785136075.1597991
1785136075.1597991
1785136075.1597991
1785136075.1597991
1785136075.1597991
1785136075.1597991
1785136075.1597991
1785136075.1597991
1785136075.1597991
1785136075.1597991
1785136075.1597991
1785136075.1597991
1785136075.1597991
1785136075.1597991
1785136075.1597991
1785136075.1597991
1785136075.1597991
1785136075.1597991
1785136075.1597991
1785136075.1597991
1785136075.1597991
1785136075.1597991
1785136075.1597991
1785136075.1597991
1785136075.1597991
1785136075.1597991
1785136075.1597991
1785136075.1597991
1785136075.1597991
1785136075.1600211
1785136075.1600211
1785136075.1600211
1785136075.1600211
1785136075.1600211
1785136075.1600211
1785136075.1600211
1785136075.1600211
1785136075.1600211
1785136075.1600211
1785136075.1600211
1785136075.1600211
1785136075.1600211
1785136075.1600211
1785136075.1600211
1785136075.1600211
1785136075.1600211
1785136075.1600211
1785136075.1600211
1785136075.1600211
1785136075.1600211
1785136075.1600211
1785136075.1600211
1785136075.1600211
1785136075.1600211
1785136075.1600211
1785136075.1600211
1785136075.1600211
1785136075.1600211
1785136075.1600211
1785136075.1600211
1785136075.1600211
1785136075.1600211
1785136075.1600211
1785136075.1600211
1785136075.1600211
1785136075.1600211
1785136075.1600211
1785136075.1600211
1785136075.1600211
1785136075.1600211
1785136075.1600211
1785136075.1600211
1785136075.1600211
1785136075.1600211
1785136075.1600211
1785136075.1600211
1785136075.1600211
1785136075.1600211
1785136075.1600211
1785136075.1600211
1785136075.1600211
1785136075.1602430
1785136075.1602430
1785136075.1602430
1785136075.1602430
1785136075.1602430
1785136075.1602430
1785136075.1602430
1785136075.1602430
1785136075.1602430
1785136075.1602430
1785136075.1602430
1785136075.1602430
1785136075.1602430
1785136075.1602430
1785136075.1602430
1785136075.1602430
1785136075.1602430
1785136075.1602430
1785136075.1602430
1785136075.1602430
1785136075.1602430
1785136075.1602430
1785136075.1602430
1785136075.1602430
1785136075.1602430
1785136075.1602430
1785136075.1602430
1785136075.1602430
1785136075.1602430
1785136075.1602430
1785136075.1602430
1785136075.1602430
1785136075.1602430
1785136075.1602430
1785136075.1602430
1785136075.1602430
1785136075.1602430
1785136075.1602430
1785136075.1602430
1785136075.1602430
1785136075.1602430
1785136075.1602430
1785136075.1602430
1785136075.1602430
1785136075.1602430
1785136075.1602430
1785136075.1602430
1785136075.1602430
1785136075.1602430
1785136075.1604650
1785136075.1604650
1785136075.1604650
1785136075.1604650
1785136075.1604650
1785136075.1604650
1785136075.1604650
1785136075.1604650
1785136075.1604650
1785136075.1604650
1785136075.1604650
1785136075.1604650
1785136075.1604650
1785136075.1604650
1785136075.1604650
1785136075.1604650
1785136075.1604650
1785136075.1604650
1785136075.1604650
1785136075.1604650
1785136075.1604650
1785136075.1604650
1785136075.1604650
1785136075.1604650
1785136075.1604650
1785136075.1604650
1785136075.1604650
1785136075.1604650
1785136075.1604650
1785136075.1604650
1785136075.1604650
1785136075.1604650
1785136075.1604650
1785136075.1604650
1785136075.1604650
1785136075.1604650
1785136075.1604650
1785136075.1604650
1785136075.1604650
1785136075.1604650
1785136075.1604650
1785136075.1604650
1785136075.1604650
1785136075.1604650
1785136075.1604650
1785136075.1604650
1785136075.1604650
1785136075.1604650
1785136075.1606870
1785136075.1606870
1785136075.1606870
1785136075.1606870
1785136075.1606870
1785136075.1606870
1785136075.1606870
1785136075.1606870
1785136075.1606870
1785136075.1606870
1785136075.1606870
1785136075.1606870
1785136075.1606870
1785136075.1606870
1785136075.1606870
1785136075.1606870
1785136075.1606870
1785136075.1606870
1785136075.1606870
1785136075.1606870
1785136075.1606870
1785136075.1606870
1785136075.1606870
1785136075.1606870
1785136075.1606870
1785136075.1606870
1785136075.1606870
1785136075.1606870
1785136075.1606870
1785136075.1606870
1785136075.1606870
1785136075.1606870
1785136075.1606870
1785136075.1606870
1785136075.1606870
1785136075.1606870
1785136075.1606870
1785136075.1606870
1785136075.1606870
1785136075.1606870
1785136075.1606870
1785136075.1606870
1785136075.1606870
1785136075.1606870
1785136075.1606870
1785136075.1609099
1785136075.1609099
1785136075.1609099
1785136075.1609099
1785136075.1609099
1785136075.1609099
1785136075.1609099
1785136075.1609099
1785136075.1609099
1785136075.1609099
1785136075.1609099
1785136075.1609099
1785136075.1609099
1785136075.1609099
1785136075.1609099
1785136075.1609099
1785136075.1609099
1785136075.1609099
1785136075.1609099
1785136075.1609099
1785136075.1609099
1785136075.1609099
1785136075.1609099
1785136075.1609099
1785136075.1609099
1785136075.1609099
1785136075.1609099
1785136075.1609099
1785136075.1609099
1785136075.1609099
1785136075.1609099
1785136075.1609099
1785136075.1609099
1785136075.1609099
1785136075.1609099
1785136075.1609099
1785136075.1609099
1785136075.1609099
1785136075.1609099
1785136075.1609099
1785136075.1609099
1785136075.1609099
1785136075.1609099
1785136075.1611321
1785136075.1611321
1785136075.1611321
1785136075.1611321
1785136075.1611321
1785136075.1611321
1785136075.1611321
1785136075.1611321
1785136075.1611321
1785136075.1611321
1785136075.1611321
1785136075.1611321
1785136075.1611321
1785136075.1611321
1785136075.1611321
1785136075.1611321
1785136075.1611321
1785136075.1611321
1785136075.1611321
1785136075.1611321
1785136075.1611321
1785136075.1611321
1785136075.1611321
1785136075.1611321
1785136075.1611321
1785136075.1611321
1785136075.1611321
1785136075.1611321
1785136075.1611321
1785136075.1611321
1785136075.1611321
1785136075.1611321
1785136075.1611321
1785136075.1611321
1785136075.1611321
1785136075.1611321
1785136075.1611321
1785136075.1611321
1785136075.1611321
1785136075.1611321
1785136075.1611321
1785136075.1611321
1785136075.1611321
1785136075.1613531
1785136075.1613531
1785136075.1613531
1785136075.1613531
1785136075.1613531
1785136075.1613531
1785136075.1613531
1785136075.1613531
1785136075.1613531
1785136075.1613531
1785136075.1613531
1785136075.1613531
1785136075.1613531
1785136075.1613531
1785136075.1613531
1785136075.1613531
1785136075.1613531
1785136075.1613531
1785136075.1613531
1785136075.1613531
1785136075.1613531
1785136075.1613531
1785136075.1613531
1785136075.1613531
1785136075.1613531
1785136075.1613531
1785136075.1613531
1785136075.1613531
1785136075.1613531
1785136075.1613531
1785136075.1613531
1785136075.1613531
1785136075.1613531
1785136075.1613531
1785136075.1613531
1785136075.1613531
1785136075.1613531
1785136075.1613531
1785136075.1613531
1785136075.1613531
1785136075.1613531
1785136075.1613531
1785136075.1613531
1785136075.1615751
1785136075.1615751
1785136075.1615751
1785136075.1615751
1785136075.1615751
1785136075.1615751
1785136075.1615751
1785136075.1615751
1785136075.1615751
1785136075.1615751
1785136075.1615751
1785136075.1615751
1785136075.1615751
1785136075.1615751
1785136075.1615751
1785136075.1615751
1785136075.1615751
1785136075.1615751
1785136075.1615751
1785136075.1615751
1785136075.1615751
1785136075.1615751
1785136075.1615751
1785136075.1615751
1785136075.1615751
1785136075.1615751
1785136075.1615751
1785136075.1615751
1785136075.1615751
1785136075.1615751
1785136075.1615751
1785136075.1615751
1785136075.1615751
1785136075.1615751
1785136075.1615751
1785136075.1615751
1785136075.1615751
1785136075.1615751
1785136075.1615751
1785136075.1615751
1785136075.1615751
1785136075.1615751
1785136075.1615751
1785136075.1617980
1785136075.1617980
1785136075.1617980
1785136075.1617980
1785136075.1617980
1785136075.1617980
1785136075.1617980
1785136075.1617980
1785136075.1617980
1785136075.1617980
1785136075.1617980
1785136075.1617980
1785136075.1617980
1785136075.1617980
1785136075.1617980
1785136075.1617980
1785136075.1617980
1785136075.1617980
1785136075.1617980
1785136075.1617980
1785136075.1617980
1785136075.1617980
1785136075.1617980
1785136075.1617980
1785136075.1617980
1785136075.1617980
1785136075.1617980
1785136075.1617980
1785136075.1617980
1785136075.1617980
1785136075.1617980
1785136075.1617980
1785136075.1617980
1785136075.1617980
1785136075.1617980
1785136075.1617980
1785136075.1617980
1785136075.1617980
1785136075.1617980
1785136075.1617980
1785136075.1617980
1785136075.1617980
1785136075.1617980
1785136075.1620200
1785136075.1620200
1785136075.1620200
1785136075.1620200
1785136075.1620200
1785136075.1620200
1785136075.1620200
1785136075.1620200
1785136075.1620200
1785136075.1620200
1785136075.1620200
1785136075.1620200
1785136075.1620200
1785136075.1620200
1785136075.1620200
1785136075.1620200
1785136075.1620200
1785136075.1620200
1785136075.1620200
1785136075.1620200
1785136075.1620200
1785136075.1620200
1785136075.1620200
1785136075.1620200
1785136075.1620200
1785136075.1620200
1785136075.1620200
1785136075.1620200
1785136075.1620200
1785136075.1620200
1785136075.1620200
1785136075.1620200
1785136075.1620200
1785136075.1620200
1785136075.1620200
1785136075.1620200
1785136075.1620200
1785136075.1620200
1785136075.1620200
1785136075.1620200
1785136075.1620200
1785136075.1620200
1785136075.1620200
1785136075.1622419
1785136075.1622419
1785136075.1622419
1785136075.1622419
1785136075.1622419
1785136075.1622419
1785136075.1622419
1785136075.1622419
1785136075.1622419
1785136075.1622419
1785136075.1622419
1785136075.1622419
1785136075.1622419
1785136075.1622419
1785136075.1622419
1785136075.1622419
1785136075.1622419
1785136075.1622419
1785136075.1622419
1785136075.1622419
1785136075.1622419
1785136075.1622419
1785136075.1622419
1785136075.1622419
1785136075.1622419
1785136075.1622419
1785136075.1622419
1785136075.1622419
1785136075.1622419
1785136075.1622419
1785136075.1622419
1785136075.1622419
1785136075.1622419
1785136075.1622419
1785136075.1622419
1785136075.1622419
1785136075.1622419
1785136075.1622419
1785136075.1622419
1785136075.1622419
1785136075.1622419
1785136075.1622419
1785136075.1622419
1785136075.1624651
1785136075.1624651
1785136075.1624651
1785136075.1624651
1785136075.1624651
1785136075.1624651
1785136075.1624651
1785136075.1624651
1785136075.1624651
1785136075.1624651
1785136075.1624651
1785136075.1624651
1785136075.1624651
1785136075.1624651
1785136075.1624651
1785136075.1624651
1785136075.1624651
1785136075.1624651
1785136075.1624651
1785136075.1624651
1785136075.1624651
1785136075.1624651
1785136075.1624651
1785136075.1624651
1785136075.1624651
1785136075.1624651
1785136075.1624651
1785136075.1624651
1785136075.1624651
1785136075.1624651
1785136075.1624651
1785136075.1624651
1785136075.1624651
1785136075.1624651
1785136075.1624651
1785136075.1624651
1785136075.1624651
1785136075.1624651
1785136075.1624651
1785136075.1624651
1785136075.1624651
1785136075.1624651
1785136075.1624651
1785136075.1624651
1785136075.1626861
1785136075.1626861
1785136075.1626861
1785136075.1626861
1785136075.1626861
1785136075.1626861
1785136075.1626861
1785136075.1626861
1785136075.1626861
1785136075.1626861
1785136075.1626861
1785136075.1626861
1785136075.1626861
1785136075.1626861
1785136075.1626861
1785136075.1626861
1785136075.1626861
1785136075.1626861
1785136075.1626861
1785136075.1626861
1785136075.1626861
1785136075.1626861
1785136075.1626861
1785136075.1626861
1785136075.1626861
1785136075.1626861
1785136075.1626861
1785136075.1626861
1785136075.1626861
1785136075.1626861
1785136075.1626861
1785136075.1626861
1785136075.1626861
1785136075.1626861
1785136075.1626861
1785136075.1626861
1785136075.1626861
1785136075.1626861
1785136075.1626861
1785136075.1626861
1785136075.1626861
1785136075.1626861
1785136075.1626861
1785136075.1626861
1785136075.1629081
1785136075.1629081
1785136075.1629081
1785136075.1629081
1785136075.1629081
1785136075.1629081
1785136075.1629081
1785136075.1629081
1785136075.1629081
1785136075.1629081
1785136075.1629081
1785136075.1629081
1785136075.1629081
1785136075.1629081
1785136075.1629081
1785136075.1629081
1785136075.1629081
1785136075.1629081
1785136075.1629081
1785136075.1629081
1785136075.1629081
1785136075.1629081
1785136075.1629081
1785136075.1629081
1785136075.1629081
1785136075.1629081
1785136075.1629081
1785136075.1629081
1785136075.1629081
1785136075.1629081
1785136075.1629081
1785136075.1629081
1785136075.1629081
1785136075.1629081
1785136075.1629081
1785136075.1629081
1785136075.1629081
1785136075.1629081
1785136075.1629081
1785136075.1629081
1785136075.1629081
1785136075.1629081
1785136075.1629081
1785136075.1629081
1785136075.1631310
1785136075.1631310
1785136075.1631310
1785136075.1631310
1785136075.1631310
1785136075.1631310
1785136075.1631310
1785136075.1631310
1785136075.1631310
1785136075.1631310
1785136075.1631310
1785136075.1631310
1785136075.1631310
1785136075.1631310
1785136075.1631310
1785136075.1631310
1785136075.1631310
1785136075.1631310
1785136075.1631310
1785136075.1631310
1785136075.1631310
1785136075.1631310
1785136075.1631310
1785136075.1631310
1785136075.1631310
1785136075.1631310
1785136075.1631310
1785136075.1631310
1785136075.1631310
1785136075.1631310
1785136075.1631310
1785136075.1631310
1785136075.1631310
1785136075.1631310
1785136075.1631310
1785136075.1631310
1785136075.1631310
1785136075.1631310
1785136075.1631310
1785136075.1631310
1785136075.1631310
1785136075.1631310
1785136075.1631310
1785136075.1631310
1785136075.1633539
1785136075.1633539
1785136075.1633539
1785136075.1633539
1785136075.1633539
1785136075.1633539
1785136075.1633539
1785136075.1633539
1785136075.1633539
1785136075.1633539
1785136075.1633539
1785136075.1633539
1785136075.1633539
1785136075.1633539
1785136075.1633539
1785136075.1633539
1785136075.1633539
1785136075.1633539
1785136075.1633539
1785136075.1633539
1785136075.1633539
1785136075.1633539
1785136075.1633539
1785136075.1633539
1785136075.1633539
1785136075.1633539
1785136075.1633539
1785136075.1633539
1785136075.1633539
1785136075.1633539
1785136075.1633539
1785136075.1633539
1785136075.1633539
1785136075.1633539
1785136075.1633539
1785136075.1633539
1785136075.1633539
1785136075.1633539
1785136075.1633539
1785136075.1633539
1785136075.1633539
1785136075.1633539
1785136075.1633539
1785136075.1633539
1785136075.1635749
1785136075.1635749
1785136075.1635749
1785136075.1635749
1785136075.1635749
1785136075.1635749
1785136075.1635749
1785136075.1635749
1785136075.1635749
1785136075.1635749
1785136075.1635749
1785136075.1635749
1785136075.1635749
1785136075.1635749
1785136075.1635749
1785136075.1635749
1785136075.1635749
1785136075.1635749
1785136075.1635749
1785136075.1635749
1785136075.1635749
1785136075.1635749
1785136075.1635749
1785136075.1635749
1785136075.1635749
1785136075.1635749
1785136075.1635749
1785136075.1635749
1785136075.1635749
1785136075.1635749
1785136075.1635749
1785136075.1635749
1785136075.1635749
1785136075.1635749
1785136075.1635749
1785136075.1635749
1785136075.1635749
1785136075.1635749
1785136075.1635749
1785136075.1635749
1785136075.1635749
1785136075.1635749
1785136075.1635749
1785136075.1635749
1785136075.1637969
1785136075.1637969
1785136075.1637969
1785136075.1637969
1785136075.1637969
1785136075.1637969
1785136075.1637969
1785136075.1637969
1785136075.1637969
1785136075.1637969
1785136075.1637969
1785136075.1637969
1785136075.1637969
1785136075.1637969
1785136075.1637969
1785136075.1637969
1785136075.1637969
1785136075.1637969
1785136075.1637969
1785136075.1637969
1785136075.1637969
1785136075.1637969
1785136075.1637969
1785136075.1637969
1785136075.1637969
1785136075.1637969
1785136075.1637969
1785136075.1637969
1785136075.1637969
1785136075.1637969
1785136075.1637969
1785136075.1637969
1785136075.1637969
1785136075.1637969
1785136075.1637969
1785136075.1637969
1785136075.1637969
1785136075.1637969
1785136075.1637969
1785136075.1637969
1785136075.1637969
1785136075.1637969
1785136075.1637969
1785136075.1637969
1785136075.1640210
1785136075.1640210
1785136075.1640210
1785136075.1640210
1785136075.1640210
1785136075.1640210
1785136075.1640210
1785136075.1640210
1785136075.1640210
1785136075.1640210
1785136075.1640210
1785136075.1640210
1785136075.1640210
1785136075.1640210
1785136075.1640210
1785136075.1640210
1785136075.1640210
1785136075.1640210
1785136075.1640210
1785136075.1640210
1785136075.1640210
1785136075.1640210
1785136075.1640210
1785136075.1640210
1785136075.1640210
1785136075.1640210
1785136075.1640210
1785136075.1640210
1785136075.1640210
1785136075.1640210
1785136075.1640210
1785136075.1640210
1785136075.1640210
1785136075.1640210
1785136075.1640210
1785136075.1640210
1785136075.1640210
1785136075.1640210
1785136075.1640210
1785136075.1640210
1785136075.1640210
1785136075.1640210
1785136075.1640210
1785136075.1640210
1785136075.1640210
1785136075.1642411
1785136075.1642411
1785136075.1642411
1785136075.1642411
1785136075.1642411
1785136075.1642411
1785136075.1642411
1785136075.1642411
1785136075.1642411
1785136075.1642411
1785136075.1642411
1785136075.1642411
1785136075.1642411
1785136075.1642411
1785136075.1642411
1785136075.1642411
1785136075.1642411
1785136075.1642411
1785136075.1642411
1785136075.1642411
1785136075.1642411
1785136075.1642411
1785136075.1642411
1785136075.1642411
1785136075.1642411
1785136075.1642411
1785136075.1642411
1785136075.1642411
1785136075.1642411
1785136075.1642411
1785136075.1642411
1785136075.1642411
1785136075.1642411
1785136075.1642411
1785136075.1642411
1785136075.1642411
1785136075.1642411
1785136075.1642411
1785136075.1642411
1785136075.1642411
1785136075.1642411
1785136075.1642411
1785136075.1642411
1785136075.1642411
1785136075.1642411
1785136075.1644640
1785136075.1644640
1785136075.1644640
1785136075.1644640
1785136075.1644640
1785136075.1644640
1785136075.1644640
1785136075.1644640
1785136075.1644640
1785136075.1644640
1785136075.1644640
1785136075.1644640
1785136075.1644640
1785136075.1644640
1785136075.1644640
1785136075.1644640
1785136075.1644640
1785136075.1644640
1785136075.1644640
1785136075.1644640
1785136075.1644640
1785136075.1644640
1785136075.1644640
1785136075.1644640
1785136075.1644640
1785136075.1644640
1785136075.1644640
1785136075.1644640
1785136075.1644640
1785136075.1644640
1785136075.1644640
1785136075.1644640
1785136075.1644640
1785136075.1644640
1785136075.1644640
1785136075.1644640
1785136075.1644640
1785136075.1644640
1785136075.1644640
1785136075.1644640
1785136075.1644640
1785136075.1644640
1785136075.1644640
1785136075.1644640
1785136075.1644640
1785136075.1646850
1785136075.1646850
1785136075.1646850
1785136075.1646850
1785136075.1646850
1785136075.1646850
1785136075.1646850
1785136075.1646850
1785136075.1646850
1785136075.1646850
1785136075.1646850
1785136075.1646850
1785136075.1646850
1785136075.1646850
1785136075.1646850
1785136075.1646850
1785136075.1646850
1785136075.1646850
1785136075.1646850
1785136075.1646850
1785136075.1646850
1785136075.1646850
1785136075.1646850
1785136075.1646850
1785136075.1646850
1785136075.1646850
1785136075.1646850
1785136075.1646850
1785136075.1646850
1785136075.1646850
1785136075.1646850
1785136075.1646850
1785136075.1646850
1785136075.1646850
1785136075.1646850
1785136075.1646850
1785136075.1646850
1785136075.1646850
1785136075.1646850
1785136075.1646850
1785136075.1646850
1785136075.1646850
1785136075.1646850
1785136075.1646850
1785136075.1646850
1785136075.1649079
1785136075.1649079
1785136075.1649079
1785136075.1649079
1785136075.1649079
1785136075.1649079
1785136075.1649079
1785136075.1649079
1785136075.1649079
1785136075.1649079
1785136075.1649079
1785136075.1649079
1785136075.1649079
1785136075.1649079
1785136075.1649079
1785136075.1649079
1785136075.1649079
1785136075.1649079
1785136075.1649079
1785136075.1649079
1785136075.1649079
1785136075.1649079
1785136075.1649079
1785136075.1649079
1785136075.1649079
1785136075.1649079
1785136075.1649079
1785136075.1649079
1785136075.1649079
1785136075.1649079
1785136075.1649079
1785136075.1649079
1785136075.1649079
1785136075.1649079
1785136075.1649079
1785136075.1649079
1785136075.1649079
1785136075.1649079
1785136075.1649079
1785136075.1649079
1785136075.1649079
1785136075.1649079
1785136075.1649079
1785136075.1649079
1785136075.1649079
1785136075.1651299
1785136075.1651299
1785136075.1651299
1785136075.1651299
1785136075.1651299
1785136075.1651299
1785136075.1651299
1785136075.1651299
1785136075.1651299
1785136075.1651299
1785136075.1651299
1785136075.1651299
1785136075.1651299
1785136075.1651299
1785136075.1651299
1785136075.1651299
1785136075.1651299
1785136075.1651299
1785136075.1651299
1785136075.1651299
1785136075.1651299
1785136075.1651299
1785136075.1651299
1785136075.1651299
1785136075.1651299
1785136075.1651299
1785136075.1651299
1785136075.1651299
1785136075.1651299
1785136075.1651299
1785136075.1651299
1785136075.1651299
1785136075.1651299
1785136075.1651299
1785136075.1651299
1785136075.1651299
1785136075.1651299
1785136075.1651299
1785136075.1651299
1785136075.1651299
1785136075.1651299
1785136075.1651299
1785136075.1651299
1785136075.1651299
1785136075.1651299
1785136075.1653521
1785136075.1653521
1785136075.1653521
1785136075.1653521
1785136075.1653521
1785136075.1653521
1785136075.1653521
1785136075.1653521
1785136075.1653521
1785136075.1653521
1785136075.1653521
1785136075.1653521
1785136075.1653521
1785136075.1653521
1785136075.1653521
1785136075.1653521
1785136075.1653521
1785136075.1653521
1785136075.1653521
1785136075.1653521
1785136075.1653521
1785136075.1653521
1785136075.1653521
1785136075.1653521
1785136075.1653521
1785136075.1653521
1785136075.1653521
1785136075.1653521
1785136075.1653521
1785136075.1653521
1785136075.1653521
1785136075.1653521
1785136075.1653521
1785136075.1653521
1785136075.1653521
1785136075.1653521
1785136075.1653521
1785136075.1653521
1785136075.1653521
1785136075.1653521
1785136075.1653521
1785136075.1653521
1785136075.1653521
1785136075.1653521
1785136075.1653521
1785136075.1655750
1785136075.1655750
1785136075.1655750
1785136075.1655750
1785136075.1655750
1785136075.1655750
1785136075.1655750
1785136075.1655750
1785136075.1655750
1785136075.1655750
1785136075.1655750
1785136075.1655750
1785136075.1655750
1785136075.1655750
1785136075.1655750
1785136075.1655750
1785136075.1655750
1785136075.1655750
1785136075.1655750
1785136075.1655750
1785136075.1655750
1785136075.1655750
1785136075.1655750
1785136075.1655750
1785136075.1655750
1785136075.1655750
1785136075.1655750
1785136075.1655750
1785136075.1655750
1785136075.1655750
1785136075.1655750
1785136075.1655750
1785136075.1655750
1785136075.1655750
1785136075.1655750
1785136075.1655750
1785136075.1655750
1785136075.1655750
1785136075.1655750
1785136075.1655750
1785136075.1655750
1785136075.1655750
1785136075.1655750
1785136075.1655750
1785136075.1655750
1785136075.1655750
1785136075.1657960
1785136075.1657960
1785136075.1657960
1785136075.1657960
1785136075.1657960
1785136075.1657960
1785136075.1657960
1785136075.1657960
1785136075.1657960
1785136075.1657960
1785136075.1657960
1785136075.1657960
1785136075.1657960
1785136075.1657960
1785136075.1657960
1785136075.1657960
1785136075.1657960
1785136075.1657960
1785136075.1657960
1785136075.1657960
1785136075.1657960
1785136075.1657960
1785136075.1657960
1785136075.1657960
1785136075.1657960
1785136075.1657960
1785136075.1657960
1785136075.1657960
1785136075.1657960
1785136075.1657960
1785136075.1657960
1785136075.1657960
1785136075.1657960
1785136075.1657960
1785136075.1657960
1785136075.1657960
1785136075.1657960
1785136075.1657960
1785136075.1657960
1785136075.1657960
1785136075.1657960
1785136075.1657960
1785136075.1657960
1785136075.1657960
1785136075.1657960
1785136075.1657960
1785136075.1660190
1785136075.1660190
1785136075.1660190
1785136075.1660190
1785136075.1660190
1785136075.1660190
1785136075.1660190
1785136075.1660190
1785136075.1660190
1785136075.1660190
1785136075.1660190
1785136075.1660190
1785136075.1660190
1785136075.1660190
1785136075.1660190
1785136075.1660190
1785136075.1660190
1785136075.1660190
1785136075.1660190
1785136075.1660190
1785136075.1660190
1785136075.1660190
1785136075.1660190
1785136075.1660190
1785136075.1660190
1785136075.1660190
1785136075.1660190
1785136075.1660190
1785136075.1660190
1785136075.1660190
1785136075.1660190
1785136075.1660190
1785136075.1660190
1785136075.1660190
1785136075.1660190
1785136075.1660190
1785136075.1660190
1785136075.1660190
1785136075.1660190
1785136075.1660190
1785136075.1660190
1785136075.1660190
1785136075.1660190
1785136075.1660190
1785136075.1660190
1785136075.1660190
1785136075.1662400
1785136075.1662400
1785136075.1662400
1785136075.1662400
1785136075.1662400
1785136075.1662400
1785136075.1662400
1785136075.1662400
1785136075.1662400
1785136075.1662400
1785136075.1662400
1785136075.1662400
1785136075.1662400
1785136075.1662400
1785136075.1662400
1785136075.1662400
1785136075.1662400
1785136075.1662400
1785136075.1662400
1785136075.1662400
1785136075.1662400
1785136075.1662400
1785136075.1662400
1785136075.1662400
1785136075.1662400
1785136075.1662400
1785136075.1662400
1785136075.1662400
1785136075.1662400
1785136075.1662400
1785136075.1662400
1785136075.1662400
1785136075.1662400
1785136075.1662400
1785136075.1662400
1785136075.1662400
1785136075.1662400
1785136075.1662400
1785136075.1662400
1785136075.1662400
1785136075.1662400
1785136075.1662400
1785136075.1662400
1785136075.1662400
1785136075.1662400
1785136075.1662400
1785136075.1664629
1785136075.1664629
1785136075.1664629
1785136075.1664629
1785136075.1664629
1785136075.1664629
1785136075.1664629
1785136075.1664629
1785136075.1664629
1785136075.1664629
1785136075.1664629
1785136075.1664629
1785136075.1664629
1785136075.1664629
1785136075.1664629
1785136075.1664629
1785136075.1664629
1785136075.1664629
1785136075.1664629
1785136075.1664629
1785136075.1664629
1785136075.1664629
1785136075.1664629
1785136075.1664629
1785136075.1664629
1785136075.1664629
1785136075.1664629
1785136075.1664629
1785136075.1664629
1785136075.1664629
1785136075.1664629
1785136075.1664629
1785136075.1664629
1785136075.1664629
1785136075.1664629
1785136075.1664629
1785136075.1664629
1785136075.1664629
1785136075.1664629
1785136075.1664629
1785136075.1664629
1785136075.1664629
1785136075.1664629
1785136075.1664629
1785136075.1664629
1785136075.1664629
1785136075.1666861
1785136075.1666861
1785136075.1666861
1785136075.1666861
1785136075.1666861
1785136075.1666861
1785136075.1666861
1785136075.1666861
1785136075.1666861
1785136075.1666861
1785136075.1666861
1785136075.1666861
1785136075.1666861
1785136075.1666861
1785136075.1666861
1785136075.1666861
1785136075.1666861
1785136075.1666861
1785136075.1666861
1785136075.1666861
1785136075.1666861
1785136075.1666861
1785136075.1666861
1785136075.1666861
1785136075.1666861
1785136075.1666861
1785136075.1666861
1785136075.1666861
1785136075.1666861
1785136075.1666861
1785136075.1666861
1785136075.1666861
1785136075.1666861
1785136075.1666861
1785136075.1666861
1785136075.1666861
1785136075.1666861
1785136075.1666861
1785136075.1666861
1785136075.1666861
1785136075.1666861
1785136075.1666861
1785136075.1666861
1785136075.1666861
1785136075.1666861
1785136075.1666861
1785136075.1669149
1785136075.1669149
1785136075.1669149
1785136075.1669149
1785136075.1669149
1785136075.1669149
1785136075.1669149
1785136075.1669149
1785136075.1669149
1785136075.1669149
1785136075.1669149
1785136075.1669149
1785136075.1669149
1785136075.1669149
1785136075.1669149
1785136075.1669149
1785136075.1669149
1785136075.1669149
1785136075.1669149
1785136075.1669149
1785136075.1669149
1785136075.1669149
1785136075.1669149
1785136075.1669149
1785136075.1669149
1785136075.1669149
1785136075.1669149
1785136075.1669149
1785136075.1669149
1785136075.1669149
1785136075.1669149
1785136075.1669149
1785136075.1669149
1785136075.1669149
1785136075.1669149
1785136075.1669149
1785136075.1669149
1785136075.1669149
1785136075.1669149
1785136075.1669149
1785136075.1669149
1785136075.1669149
1785136075.1669149
1785136075.1669149
1785136075.1669149
1785136075.1669149
1785136075.1671360
1785136075.1671360
1785136075.1671360
1785136075.1671360
1785136075.1671360
1785136075.1671360
1785136075.1671360
1785136075.1671360
1785136075.1671360
1785136075.1671360
1785136075.1671360
1785136075.1671360
1785136075.1671360
1785136075.1671360
1785136075.1671360
1785136075.1671360
1785136075.1671360
1785136075.1671360
1785136075.1671360
1785136075.1671360
1785136075.1671360
1785136075.1671360
1785136075.1671360
1785136075.1671360
1785136075.1671360
1785136075.1671360
1785136075.1671360
1785136075.1671360
1785136075.1671360
1785136075.1671360
1785136075.1671360
1785136075.1671360
1785136075.1671360
1785136075.1671360
1785136075.1671360
1785136075.1671360
1785136075.1671360
1785136075.1671360
1785136075.1671360
1785136075.1671360
1785136075.1671360
1785136075.1671360
1785136075.1671360
1785136075.1671360
1785136075.1671360
1785136075.1671360
1785136075.1673529
1785136075.1673529
1785136075.1673529
1785136075.1673529
1785136075.1673529
1785136075.1673529
1785136075.1673529
1785136075.1673529
1785136075.1673529
1785136075.1673529
1785136075.1673529
1785136075.1673529
1785136075.1673529
1785136075.1673529
1785136075.1673529
1785136075.1673529
1785136075.1673529
1785136075.1673529
1785136075.1673529
1785136075.1673529
1785136075.1673529
1785136075.1673529
1785136075.1673529
1785136075.1673529
1785136075.1673529
1785136075.1673529
1785136075.1673529
1785136075.1673529
1785136075.1673529
1785136075.1673529
1785136075.1673529
1785136075.1673529
1785136075.1673529
1785136075.1673529
1785136075.1673529
1785136075.1673529
1785136075.1673529
1785136075.1673529
1785136075.1673529
1785136075.1673529
1785136075.1673529
1785136075.1673529
1785136075.1673529
1785136075.1673529
1785136075.1673529
1785136075.1673529
1785136075.1673529
1785136075.1675739
1785136075.1675739
1785136075.1675739
1785136075.1675739
1785136075.1675739
1785136075.1675739
1785136075.1675739
1785136075.1675739
1785136075.1675739
1785136075.1675739
1785136075.1675739
1785136075.1675739
1785136075.1675739
1785136075.1675739
1785136075.1675739
1785136075.1675739
1785136075.1675739
1785136075.1675739
1785136075.1675739
1785136075.1675739
1785136075.1675739
1785136075.1675739
1785136075.1675739
1785136075.1675739
1785136075.1675739
1785136075.1675739
1785136075.1675739
1785136075.1675739
1785136075.1675739
1785136075.1675739
1785136075.1675739
1785136075.1675739
1785136075.1675739
1785136075.1675739
1785136075.1675739
1785136075.1675739
1785136075.1675739
1785136075.1675739
1785136075.1675739
1785136075.1675739
1785136075.1675739
1785136075.1675739
1785136075.1675739
1785136075.1675739
1785136075.1675739
1785136075.1675739
1785136075.1675739
1785136075.1677959
1785136075.1677959
1785136075.1677959
1785136075.1677959
1785136075.1677959
1785136075.1677959
1785136075.1677959
1785136075.1677959
1785136075.1677959
1785136075.1677959
1785136075.1677959
1785136075.1677959
1785136075.1677959
1785136075.1677959
1785136075.1677959
1785136075.1677959
1785136075.1677959
1785136075.1677959
1785136075.1677959
1785136075.1677959
1785136075.1677959
1785136075.1677959
1785136075.1677959
1785136075.1677959
1785136075.1677959
1785136075.1677959
1785136075.1677959
1785136075.1677959
1785136075.1677959
1785136075.1677959
1785136075.1677959
1785136075.1677959
1785136075.1677959
1785136075.1677959
1785136075.1677959
1785136075.1677959
1785136075.1677959
1785136075.1677959
1785136075.1677959
1785136075.1677959
1785136075.1677959
1785136075.1677959
1785136075.1677959
1785136075.1677959
1785136075.1677959
1785136075.1677959
1785136075.1677959
1785136075.1680169
1785136075.1680169
1785136075.1680169
1785136075.1680169
1785136075.1680169
1785136075.1680169
1785136075.1680169
1785136075.1680169
1785136075.1680169
1785136075.1680169
1785136075.1680169
1785136075.1680169
1785136075.1680169
1785136075.1680169
1785136075.1680169
1785136075.1680169
1785136075.1680169
1785136075.1680169
1785136075.1680169
1785136075.1680169
1785136075.1680169
1785136075.1680169
1785136075.1680169
1785136075.1680169
1785136075.1680169
1785136075.1680169
1785136075.1680169
1785136075.1680169
1785136075.1680169
1785136075.1680169
1785136075.1680169
1785136075.1680169
1785136075.1680169
1785136075.1680169
1785136075.1680169
1785136075.1680169
1785136075.1680169
1785136075.1680169
1785136075.1680169
1785136075.1680169
1785136075.1680169
1785136075.1680169
1785136075.1680169
1785136075.1680169
1785136075.1680169
1785136075.1680169
1785136075.1680169
1785136075.1682401
1785136075.1682401
1785136075.1682401
1785136075.1682401
1785136075.1682401
1785136075.1682401
1785136075.1682401
1785136075.1682401
1785136075.1682401
1785136075.1682401
1785136075.1682401
1785136075.1682401
1785136075.1682401
1785136075.1682401
1785136075.1682401
1785136075.1682401
1785136075.1682401
1785136075.1682401
1785136075.1682401
1785136075.1682401
1785136075.1682401
1785136075.1682401
1785136075.1682401
1785136075.1682401
1785136075.1682401
1785136075.1682401
1785136075.1682401
1785136075.1682401
1785136075.1682401
1785136075.1682401
1785136075.1682401
1785136075.1682401
1785136075.1682401
1785136075.1682401
1785136075.1682401
1785136075.1682401
1785136075.1682401
1785136075.1682401
1785136075.1682401
1785136075.1682401
1785136075.1682401
1785136075.1682401
1785136075.1682401
1785136075.1682401
1785136075.1682401
1785136075.1682401
1785136075.1682401
1785136075.1684620
1785136075.1684620
1785136075.1684620
1785136075.1684620
1785136075.1684620
1785136075.1684620
1785136075.1684620
1785136075.1684620
1785136075.1684620
1785136075.1684620
1785136075.1684620
1785136075.1684620
1785136075.1684620
1785136075.1684620
1785136075.1684620
1785136075.1684620
1785136075.1684620
1785136075.1684620
1785136075.1684620
1785136075.1684620
1785136075.1684620
1785136075.1684620
1785136075.1684620
1785136075.1684620
1785136075.1684620
1785136075.1684620
1785136075.1684620
1785136075.1684620
1785136075.1684620
1785136075.1684620
1785136075.1684620
1785136075.1684620
1785136075.1684620
1785136075.1684620
1785136075.1684620
1785136075.1684620
1785136075.1684620
1785136075.1684620
1785136075.1684620
1785136075.1684620
1785136075.1684620
1785136075.1684620
1785136075.1684620
1785136075.1684620
1785136075.1684620
1785136075.1684620
1785136075.1684620
1785136075.1686840
1785136075.1686840
1785136075.1686840
1785136075.1686840
1785136075.1686840
1785136075.1686840
1785136075.1686840
1785136075.1686840
1785136075.1686840
1785136075.1686840
1785136075.1686840
1785136075.1686840
1785136075.1686840
1785136075.1686840
1785136075.1686840
1785136075.1686840
1785136075.1686840
1785136075.1686840
1785136075.1686840
1785136075.1686840
1785136075.1686840
1785136075.1686840
1785136075.1686840
1785136075.1686840
1785136075.1686840
1785136075.1686840
1785136075.1686840
1785136075.1686840
1785136075.1686840
1785136075.1686840
1785136075.1686840
1785136075.1686840
1785136075.1686840
1785136075.1686840
1785136075.1686840
1785136075.1686840
1785136075.1686840
1785136075.1686840
1785136075.1686840
1785136075.1686840
1785136075.1686840
1785136075.1686840
1785136075.1686840
1785136075.1686840
1785136075.1686840
1785136075.1686840
1785136075.1686840
1785136075.1686840
1785136075.1689069
1785136075.1689069
1785136075.1689069
1785136075.1689069
1785136075.1689069
1785136075.1689069
1785136075.1689069
1785136075.1689069
1785136075.1689069
1785136075.1689069
1785136075.1689069
1785136075.1689069
1785136075.1689069
1785136075.1689069
1785136075.1689069
1785136075.1689069
1785136075.1689069
1785136075.1689069
1785136075.1689069
1785136075.1689069
1785136075.1689069
1785136075.1689069
1785136075.1689069
1785136075.1689069
1785136075.1689069
1785136075.1689069
1785136075.1689069
1785136075.1689069
1785136075.1689069
1785136075.1689069
1785136075.1689069
1785136075.1689069
1785136075.1689069
1785136075.1689069
1785136075.1689069
1785136075.1689069
1785136075.1689069
1785136075.1689069
1785136075.1689069
1785136075.1689069
1785136075.1689069
1785136075.1689069
1785136075.1689069
1785136075.1689069
1785136075.1689069
1785136075.1689069
1785136075.1689069
1785136075.1689069
1785136075.1691279
1785136075.1691279
1785136075.1691279
1785136075.1691279
1785136075.1691279
1785136075.1691279
1785136075.1691279
1785136075.1691279
1785136075.1691279
1785136075.1691279
1785136075.1691279
1785136075.1691279
1785136075.1691279
1785136075.1691279
1785136075.1691279
1785136075.1691279
1785136075.1691279
1785136075.1691279
1785136075.1691279
1785136075.1691279
1785136075.1691279
1785136075.1691279
1785136075.1691279
1785136075.1691279
1785136075.1691279
1785136075.1691279
1785136075.1691279
1785136075.1691279
1785136075.1691279
1785136075.1691279
1785136075.1691279
1785136075.1691279
1785136075.1691279
1785136075.1691279
1785136075.1691279
1785136075.1691279
1785136075.1691279
1785136075.1691279
1785136075.1691279
1785136075.1691279
1785136075.1691279
1785136075.1691279
1785136075.1691279
1785136075.1691279
1785136075.1691279
1785136075.1691279
1785136075.1691279
1785136075.1691279
1785136075.1693511
1785136075.1693511
1785136075.1693511
1785136075.1693511
1785136075.1693511
1785136075.1693511
1785136075.1693511
1785136075.1693511
1785136075.1693511
1785136075.1693511
1785136075.1693511
1785136075.1693511
1785136075.1693511
1785136075.1693511
1785136075.1693511
1785136075.1693511
1785136075.1693511
1785136075.1693511
1785136075.1693511
1785136075.1693511
1785136075.1693511
1785136075.1693511
1785136075.1693511
1785136075.1693511
1785136075.1693511
1785136075.1693511
1785136075.1693511
1785136075.1693511
1785136075.1693511
1785136075.1693511
1785136075.1693511
1785136075.1693511
1785136075.1693511
1785136075.1693511
1785136075.1693511
1785136075.1693511
1785136075.1693511
1785136075.1693511
1785136075.1693511
1785136075.1693511
1785136075.1693511
1785136075.1693511
1785136075.1693511
1785136075.1693511
1785136075.1695731
1785136075.1695731
1785136075.1695731
1785136075.1695731
1785136075.1695731
1785136075.1695731
1785136075.1695731
1785136075.1695731
1785136075.1695731
1785136075.1695731
1785136075.1695731
1785136075.1695731
1785136075.1695731
1785136075.1695731
1785136075.1695731
1785136075.1695731
1785136075.1695731
1785136075.1695731
1785136075.1695731
1785136075.1695731
1785136075.1695731
1785136075.1695731
1785136075.1695731
1785136075.1695731
1785136075.1695731
1785136075.1695731
1785136075.1697950
1785136075.1697950
1785136075.1697950
1785136075.1697950
1785136075.1697950
1785136075.1697950
1785136075.1697950
1785136075.1697950
1785136075.1697950
1785136075.1697950
1785136075.1697950
1785136075.1697950
1785136075.1697950
1785136075.1697950
1785136075.1697950
1785136075.1697950
1785136075.1697950
1785136075.1697950
1785136075.1697950
1785136075.1697950
1785136075.1697950
1785136075.1697950
1785136075.1697950
1785136075.1697950
1785136075.1697950
1785136075.1697950
1785136075.1697950
1785136075.1700170
1785136075.1700170
1785136075.1700170
1785136075.1700170
1785136075.1700170
1785136075.1700170
1785136075.1700170
1785136075.1700170
1785136075.1700170
1785136075.1700170
1785136075.1700170
1785136075.1700170
1785136075.1700170
1785136075.1700170
1785136075.1700170
1785136075.1700170
1785136075.1700170
1785136075.1700170
1785136075.1700170
1785136075.1700170
1785136075.1700170
1785136075.1700170
1785136075.1700170
1785136075.1700170
1785136075.1700170
1785136075.1700170
1785136075.1700170
1785136075.1700170
1785136075.1700170
1785136075.1700170
1785136075.1700170
1785136075.1700170
1785136075.1700170
1785136075.1700170
1785136075.1700170
1785136075.1702390
1785136075.1702390
1785136075.1702390
1785136075.1702390
1785136075.1702390
1785136075.1702390
1785136075.1702390
1785136075.1702390
1785136075.1702390
1785136075.1702390
1785136075.1702390
1785136075.1702390
1785136075.1702390
1785136075.1702390
1785136075.1702390
1785136075.1702390
1785136075.1702390
1785136075.1704619
1785136075.1704619
1785136075.1704619
1785136075.1704619
1785136075.1704619
1785136075.1704619
1785136075.1704619
1785136075.1704619
1785136075.1704619
1785136075.1704619
1785136075.1704619
1785136075.1704619
1785136075.1704619
1785136075.1704619
1785136075.1704619
1785136075.1704619
1785136075.1704619
1785136075.1706829
1785136075.1706829
1785136075.1706829
1785136075.1706829
1785136075.1706829
1785136075.1706829
1785136075.1706829
1785136075.1706829
1785136075.1706829
1785136075.1706829
1785136075.1706829
1785136075.1706829
1785136075.1706829
1785136075.1706829
1785136075.1706829
1785136075.1706829
1785136075.1706829
1785136075.1709061
1785136075.1709061
1785136075.1709061
1785136075.1709061
1785136075.1709061
1785136075.1709061
1785136075.1709061
1785136075.1709061
1785136075.1709061
1785136075.1709061
1785136075.1709061
1785136075.1709061
1785136075.1709061
1785136075.1709061
1785136075.1709061
1785136075.1709061
1785136075.1709061
1785136075.1711280
1785136075.1711280
1785136075.1711280
1785136075.1711280
1785136075.1711280
1785136075.1711280
1785136075.1711280
1785136075.1711280
1785136075.1711280
1785136075.1711280
1785136075.1711280
1785136075.1711280
1785136075.1711280
1785136075.1711280
1785136075.1711280
1785136075.1713500
1785136075.1713500
1785136075.1713500
1785136075.1713500
1785136075.1713500
1785136075.1713500
1785136075.1713500
1785136075.1713500
1785136075.1713500
1785136075.1713500
1785136075.1713500
1785136075.1762381
1785136075.1762381
1785136075.1762381
1785136075.1762381
1785136075.1762381
1785136075.1762381
1785136075.1762381
1785136075.1762381
1785136075.1762381
1785136075.1762381
1785136075.1764600
1785136075.1764600
1785136075.1764600
1785136075.1764600
1785136075.1764600
1785136075.1764600
1785136075.1764600
1785136075.1764600
1785136075.1764600
1785136075.1764600
1785136075.1764600
1785136075.1766820
1785136075.1766820
1785136075.1766820
1785136075.1766820
1785136075.1766820
1785136075.1766820
1785136075.1766820
1785136075.1766820
1785136075.1766820
1785136075.1766820
1785136075.1766820
1785136075.1769049
1785136075.1769049
1785136075.1769049
1785136075.1769049
1785136075.1769049
1785136075.1769049
1785136075.1769049
1785136075.1769049
1785136075.1769049
1785136075.1769049
1785136075.1769049
1785136075.1769049
1785136075.1771269
1785136075.1771269
1785136075.1771269
1785136075.1771269
1785136075.1771269
1785136075.1771269
1785136075.1771269
1785136075.1771269
1785136075.1771269
1785136075.1771269
1785136075.1771269
1785136075.1771269
1785136075.1771269
1785136075.1771269
1785136075.1773500
1785136075.1773500
1785136075.1773500
1785136075.1773500
1785136075.1773500
1785136075.1773500
1785136075.1773500
1785136075.1773500
1785136075.1773500
1785136075.1773500
1785136075.1773500
1785136075.1773500
1785136075.1773500
1785136075.1773500
1785136075.1773500
1785136075.1773500
1785136075.1775711
1785136075.1775711
1785136075.1775711
1785136075.1775711
1785136075.1775711
1785136075.1775711
1785136075.1775711
1785136075.1775711
1785136075.1775711
1785136075.1775711
1785136075.1775711
1785136075.1775711
1785136075.1775711
1785136075.1775711
1785136075.1775711
1785136075.1775711
1785136075.1777940
1785136075.1777940
1785136075.1777940
1785136075.1777940
1785136075.1777940
1785136075.1777940
1785136075.1777940
1785136075.1777940
1785136075.1777940
1785136075.1777940
1785136075.1777940
1785136075.1777940
1785136075.1777940
1785136075.1777940
1785136075.1777940
1785136075.1780159
1785136075.1780159
1785136075.1780159
1785136075.1780159
1785136075.1780159
1785136075.1780159
1785136075.1780159
1785136075.1780159
1785136075.1780159
1785136075.1780159
1785136075.1780159
1785136075.1780159
1785136075.1780159
1785136075.1782379
1785136075.1782379
1785136075.1782379
1785136075.1782379
1785136075.1782379
1785136075.1782379
1785136075.1782379
1785136075.1786830
