1785136086.4285829
1785136086.4285829
1785136086.4285829
1785136086.4285829
1785136086.4285829
1785136086.4285829
1785136086.4288051
1785136086.4288051
1785136086.4288051
1785136086.4288051
1785136086.4288051
1785136086.4288051
1785136086.4288051
1785136086.4288051
1785136086.4288051
1785136086.4290280
1785136086.4290280
1785136086.4290280
1785136086.4290280
1785136086.4290280
1785136086.4290280
1785136086.4290280
1785136086.4290280
1785136086.4290280
1785136086.4290280
1785136086.4290280
1785136086.4292490
1785136086.4292490
1785136086.4292490
1785136086.4292490
1785136086.4292490
1785136086.4292490
1785136086.4292490
1785136086.4292490
1785136086.4292490
1785136086.4292490
1785136086.4292490
1785136086.4294710
1785136086.4294710
1785136086.4294710
1785136086.4294710
1785136086.4294710
1785136086.4294710
1785136086.4294710
1785136086.4294710
1785136086.4294710
1785136086.4296939
1785136086.4296939
1785136086.4296939
1785136086.4296939
1785136086.4296939
1785136086.4296939
1785136086.4296939
1785136086.4299159
1785136086.4299159
1785136086.4299159
1785136086.4299159
1785136086.4299159
1785136086.4299159
1785136086.4299159
1785136086.4301381
1785136086.4301381
1785136086.4301381
1785136086.4301381
1785136086.4301381
1785136086.4303610
1785136086.4332490
1785136086.4332490
1785136086.4334710
1785136086.4334710
1785136086.4334710
1785136086.4334710
1785136086.4334710
1785136086.4334710
1785136086.4334710
1785136086.4334710
1785136086.4334710
1785136086.4334710
1785136086.4334710
1785136086.4336939
1785136086.4336939
1785136086.4336939
1785136086.4336939
1785136086.4336939
1785136086.4336939
1785136086.4336939
1785136086.4336939
1785136086.4336939
1785136086.4336939
1785136086.4336939
1785136086.4336939
1785136086.4336939
1785136086.4336939
1785136086.4336939
1785136086.4336939
1785136086.4336939
1785136086.4336939
1785136086.4336939
1785136086.4336939
1785136086.4336939
1785136086.4336939
1785136086.4336939
1785136086.4336939
1785136086.4336939
1785136086.4336939
1785136086.4336939
1785136086.4336939
1785136086.4336939
1785136086.4336939
1785136086.4336939
1785136086.4336939
1785136086.4339161
1785136086.4339161
1785136086.4339161
1785136086.4339161
1785136086.4339161
1785136086.4339161
1785136086.4339161
1785136086.4339161
1785136086.4339161
1785136086.4339161
1785136086.4339161
1785136086.4339161
1785136086.4339161
1785136086.4339161
1785136086.4339161
1785136086.4339161
1785136086.4339161
1785136086.4339161
1785136086.4339161
1785136086.4339161
1785136086.4339161
1785136086.4339161
1785136086.4339161
1785136086.4339161
1785136086.4339161
1785136086.4339161
1785136086.4339161
1785136086.4339161
1785136086.4339161
1785136086.4339161
1785136086.4339161
1785136086.4339161
1785136086.4341381
1785136086.4341381
1785136086.4341381
1785136086.4341381
1785136086.4341381
1785136086.4341381
1785136086.4341381
1785136086.4341381
1785136086.4341381
1785136086.4341381
1785136086.4341381
1785136086.4341381
1785136086.4341381
1785136086.4341381
1785136086.4341381
1785136086.4341381
1785136086.4341381
1785136086.4341381
1785136086.4341381
1785136086.4341381
1785136086.4341381
1785136086.4341381
1785136086.4341381
1785136086.4341381
1785136086.4341381
1785136086.4341381
1785136086.4341381
1785136086.4341381
1785136086.4341381
1785136086.4341381
1785136086.4341381
1785136086.4341381
1785136086.4343600
1785136086.4343600
1785136086.4343600
1785136086.4343600
1785136086.4343600
1785136086.4343600
1785136086.4343600
1785136086.4343600
1785136086.4343600
1785136086.4343600
1785136086.4343600
1785136086.4343600
1785136086.4343600
1785136086.4343600
1785136086.4343600
1785136086.4343600
1785136086.4343600
1785136086.4343600
1785136086.4343600
1785136086.4343600
1785136086.4343600
1785136086.4343600
1785136086.4343600
1785136086.4343600
1785136086.4343600
1785136086.4343600
1785136086.4343600
1785136086.4343600
1785136086.4343600
1785136086.4343600
1785136086.4343600
1785136086.4343600
1785136086.4345820
1785136086.4345820
1785136086.4345820
1785136086.4345820
1785136086.4345820
1785136086.4345820
1785136086.4345820
1785136086.4345820
1785136086.4345820
1785136086.4345820
1785136086.4345820
1785136086.4345820
1785136086.4345820
1785136086.4345820
1785136086.4345820
1785136086.4345820
1785136086.4345820
1785136086.4345820
1785136086.4345820
1785136086.4345820
1785136086.4345820
1785136086.4345820
1785136086.4345820
1785136086.4345820
1785136086.4345820
1785136086.4345820
1785136086.4345820
1785136086.4345820
1785136086.4345820
1785136086.4345820
1785136086.4345820
1785136086.4345820
1785136086.4348040
1785136086.4348040
1785136086.4348040
1785136086.4348040
1785136086.4348040
1785136086.4348040
1785136086.4348040
1785136086.4348040
1785136086.4348040
1785136086.4348040
1785136086.4348040
1785136086.4348040
1785136086.4348040
1785136086.4348040
1785136086.4348040
1785136086.4348040
1785136086.4348040
1785136086.4348040
1785136086.4348040
1785136086.4348040
1785136086.4348040
1785136086.4348040
1785136086.4348040
1785136086.4348040
1785136086.4348040
1785136086.4348040
1785136086.4348040
1785136086.4348040
1785136086.4348040
1785136086.4348040
1785136086.4348040
1785136086.4348040
1785136086.4350259
1785136086.4350259
1785136086.4350259
1785136086.4350259
1785136086.4350259
1785136086.4350259
1785136086.4350259
1785136086.4350259
1785136086.4350259
1785136086.4350259
1785136086.4350259
1785136086.4350259
1785136086.4350259
1785136086.4350259
1785136086.4350259
1785136086.4350259
1785136086.4350259
1785136086.4350259
1785136086.4350259
1785136086.4350259
1785136086.4350259
1785136086.4350259
1785136086.4350259
1785136086.4350259
1785136086.4350259
1785136086.4350259
1785136086.4350259
1785136086.4350259
1785136086.4350259
1785136086.4350259
1785136086.4350259
1785136086.4350259
1785136086.4350259
1785136086.4350259
1785136086.4350259
1785136086.4352491
1785136086.4352491
1785136086.4352491
1785136086.4352491
1785136086.4352491
1785136086.4352491
1785136086.4352491
1785136086.4352491
1785136086.4352491
1785136086.4352491
1785136086.4352491
1785136086.4352491
1785136086.4352491
1785136086.4352491
1785136086.4352491
1785136086.4352491
1785136086.4352491
1785136086.4352491
1785136086.4352491
1785136086.4352491
1785136086.4352491
1785136086.4352491
1785136086.4352491
1785136086.4352491
1785136086.4352491
1785136086.4352491
1785136086.4352491
1785136086.4352491
1785136086.4352491
1785136086.4352491
1785136086.4352491
1785136086.4352491
1785136086.4352491
1785136086.4352491
1785136086.4352491
1785136086.4352491
1785136086.4352491
1785136086.4352491
1785136086.4352491
1785136086.4352491
1785136086.4352491
1785136086.4352491
1785136086.4352491
1785136086.4352491
1785136086.4352491
1785136086.4352491
1785136086.4352491
1785136086.4352491
1785136086.4354711
1785136086.4354711
1785136086.4354711
1785136086.4354711
1785136086.4354711
1785136086.4354711
1785136086.4354711
1785136086.4354711
1785136086.4354711
1785136086.4354711
1785136086.4354711
1785136086.4354711
1785136086.4354711
1785136086.4354711
1785136086.4354711
1785136086.4354711
1785136086.4354711
1785136086.4354711
1785136086.4354711
1785136086.4354711
1785136086.4354711
1785136086.4354711
1785136086.4354711
1785136086.4354711
1785136086.4354711
1785136086.4354711
1785136086.4354711
1785136086.4354711
1785136086.4354711
1785136086.4354711
1785136086.4354711
1785136086.4354711
1785136086.4354711
1785136086.4354711
1785136086.4354711
1785136086.4354711
1785136086.4354711
1785136086.4354711
1785136086.4354711
1785136086.4354711
1785136086.4354711
1785136086.4354711
1785136086.4354711
1785136086.4354711
1785136086.4354711
1785136086.4354711
1785136086.4354711
1785136086.4354711
1785136086.4356930
1785136086.4356930
1785136086.4356930
1785136086.4356930
1785136086.4356930
1785136086.4356930
1785136086.4356930
1785136086.4356930
1785136086.4356930
1785136086.4356930
1785136086.4356930
1785136086.4356930
1785136086.4356930
1785136086.4356930
1785136086.4356930
1785136086.4356930
1785136086.4356930
1785136086.4356930
1785136086.4356930
1785136086.4356930
1785136086.4356930
1785136086.4356930
1785136086.4356930
1785136086.4356930
1785136086.4356930
1785136086.4356930
1785136086.4356930
1785136086.4356930
1785136086.4356930
1785136086.4356930
1785136086.4356930
1785136086.4356930
1785136086.4356930
1785136086.4356930
1785136086.4356930
1785136086.4356930
1785136086.4356930
1785136086.4356930
1785136086.4356930
1785136086.4356930
1785136086.4356930
1785136086.4356930
1785136086.4356930
1785136086.4356930
1785136086.4356930
1785136086.4356930
1785136086.4356930
1785136086.4356930
1785136086.4356930
1785136086.4359159
1785136086.4359159
1785136086.4359159
1785136086.4359159
1785136086.4359159
1785136086.4359159
1785136086.4359159
1785136086.4359159
1785136086.4359159
1785136086.4359159
1785136086.4359159
1785136086.4359159
1785136086.4359159
1785136086.4359159
1785136086.4359159
1785136086.4359159
1785136086.4359159
1785136086.4359159
1785136086.4359159
1785136086.4359159
1785136086.4359159
1785136086.4359159
1785136086.4359159
1785136086.4359159
1785136086.4359159
1785136086.4359159
1785136086.4359159
1785136086.4359159
1785136086.4359159
1785136086.4359159
1785136086.4359159
1785136086.4359159
1785136086.4359159
1785136086.4359159
1785136086.4359159
1785136086.4359159
1785136086.4359159
1785136086.4359159
1785136086.4359159
1785136086.4359159
1785136086.4359159
1785136086.4359159
1785136086.4359159
1785136086.4359159
1785136086.4359159
1785136086.4359159
1785136086.4359159
1785136086.4359159
1785136086.4359159
1785136086.4361379
1785136086.4361379
1785136086.4361379
1785136086.4361379
1785136086.4361379
1785136086.4361379
1785136086.4361379
1785136086.4361379
1785136086.4361379
1785136086.4361379
1785136086.4361379
1785136086.4361379
1785136086.4361379
1785136086.4361379
1785136086.4361379
1785136086.4361379
1785136086.4361379
1785136086.4361379
1785136086.4361379
1785136086.4361379
1785136086.4361379
1785136086.4361379
1785136086.4361379
1785136086.4361379
1785136086.4361379
1785136086.4361379
1785136086.4361379
1785136086.4361379
1785136086.4361379
1785136086.4361379
1785136086.4361379
1785136086.4361379
1785136086.4361379
1785136086.4361379
1785136086.4361379
1785136086.4361379
1785136086.4361379
1785136086.4361379
1785136086.4361379
1785136086.4361379
1785136086.4361379
1785136086.4361379
1785136086.4361379
1785136086.4361379
1785136086.4361379
1785136086.4361379
1785136086.4361379
1785136086.4361379
1785136086.4361379
1785136086.4363589
1785136086.4363589
1785136086.4363589
1785136086.4363589
1785136086.4363589
1785136086.4363589
1785136086.4363589
1785136086.4363589
1785136086.4363589
1785136086.4363589
1785136086.4363589
1785136086.4363589
1785136086.4363589
1785136086.4363589
1785136086.4363589
1785136086.4363589
1785136086.4363589
1785136086.4363589
1785136086.4363589
1785136086.4363589
1785136086.4363589
1785136086.4363589
1785136086.4363589
1785136086.4363589
1785136086.4363589
1785136086.4363589
1785136086.4363589
1785136086.4363589
1785136086.4363589
1785136086.4363589
1785136086.4363589
1785136086.4363589
1785136086.4363589
1785136086.4363589
1785136086.4363589
1785136086.4363589
1785136086.4363589
1785136086.4363589
1785136086.4363589
1785136086.4363589
1785136086.4363589
1785136086.4363589
1785136086.4363589
1785136086.4363589
1785136086.4363589
1785136086.4363589
1785136086.4363589
1785136086.4363589
1785136086.4363589
1785136086.4365809
1785136086.4365809
1785136086.4365809
1785136086.4365809
1785136086.4365809
1785136086.4365809
1785136086.4365809
1785136086.4365809
1785136086.4365809
1785136086.4365809
1785136086.4365809
1785136086.4365809
1785136086.4365809
1785136086.4365809
1785136086.4365809
1785136086.4365809
1785136086.4365809
1785136086.4365809
1785136086.4365809
1785136086.4365809
1785136086.4365809
1785136086.4365809
1785136086.4365809
1785136086.4365809
1785136086.4365809
1785136086.4365809
1785136086.4365809
1785136086.4365809
1785136086.4365809
1785136086.4365809
1785136086.4365809
1785136086.4365809
1785136086.4365809
1785136086.4365809
1785136086.4365809
1785136086.4365809
1785136086.4365809
1785136086.4365809
1785136086.4365809
1785136086.4365809
1785136086.4365809
1785136086.4365809
1785136086.4365809
1785136086.4365809
1785136086.4365809
1785136086.4365809
1785136086.4365809
1785136086.4365809
1785136086.4365809
1785136086.4368041
1785136086.4368041
1785136086.4368041
1785136086.4368041
1785136086.4368041
1785136086.4368041
1785136086.4368041
1785136086.4368041
1785136086.4368041
1785136086.4368041
1785136086.4368041
1785136086.4368041
1785136086.4368041
1785136086.4368041
1785136086.4368041
1785136086.4368041
1785136086.4368041
1785136086.4368041
1785136086.4368041
1785136086.4368041
1785136086.4368041
1785136086.4368041
1785136086.4368041
1785136086.4368041
1785136086.4368041
1785136086.4368041
1785136086.4368041
1785136086.4368041
1785136086.4368041
1785136086.4368041
1785136086.4368041
1785136086.4368041
1785136086.4368041
1785136086.4368041
1785136086.4368041
1785136086.4368041
1785136086.4368041
1785136086.4368041
1785136086.4368041
1785136086.4368041
1785136086.4368041
1785136086.4368041
1785136086.4368041
1785136086.4368041
1785136086.4368041
1785136086.4368041
1785136086.4368041
1785136086.4368041
1785136086.4368041
1785136086.4370260
1785136086.4370260
1785136086.4370260
1785136086.4370260
1785136086.4370260
1785136086.4370260
1785136086.4370260
1785136086.4370260
1785136086.4370260
1785136086.4370260
1785136086.4370260
1785136086.4370260
1785136086.4370260
1785136086.4370260
1785136086.4370260
1785136086.4370260
1785136086.4370260
1785136086.4370260
1785136086.4370260
1785136086.4370260
1785136086.4370260
1785136086.4370260
1785136086.4370260
1785136086.4370260
1785136086.4370260
1785136086.4370260
1785136086.4370260
1785136086.4370260
1785136086.4370260
1785136086.4370260
1785136086.4370260
1785136086.4370260
1785136086.4370260
1785136086.4370260
1785136086.4370260
1785136086.4370260
1785136086.4370260
1785136086.4370260
1785136086.4370260
1785136086.4370260
1785136086.4370260
1785136086.4370260
1785136086.4370260
1785136086.4370260
1785136086.4370260
1785136086.4370260
1785136086.4370260
1785136086.4370260
1785136086.4370260
1785136086.4372480
1785136086.4372480
1785136086.4372480
1785136086.4372480
1785136086.4372480
1785136086.4372480
1785136086.4372480
1785136086.4372480
1785136086.4372480
1785136086.4372480
1785136086.4372480
1785136086.4372480
1785136086.4372480
1785136086.4372480
1785136086.4372480
1785136086.4372480
1785136086.4372480
1785136086.4372480
1785136086.4372480
1785136086.4372480
1785136086.4372480
1785136086.4372480
1785136086.4372480
1785136086.4372480
1785136086.4372480
1785136086.4372480
1785136086.4372480
1785136086.4372480
1785136086.4372480
1785136086.4372480
1785136086.4372480
1785136086.4372480
1785136086.4372480
1785136086.4372480
1785136086.4372480
1785136086.4372480
1785136086.4372480
1785136086.4372480
1785136086.4372480
1785136086.4372480
1785136086.4372480
1785136086.4372480
1785136086.4372480
1785136086.4372480
1785136086.4372480
1785136086.4372480
1785136086.4372480
1785136086.4372480
1785136086.4372480
1785136086.4374709
1785136086.4374709
1785136086.4374709
1785136086.4374709
1785136086.4374709
1785136086.4374709
1785136086.4374709
1785136086.4374709
1785136086.4374709
1785136086.4374709
1785136086.4374709
1785136086.4374709
1785136086.4374709
1785136086.4374709
1785136086.4374709
1785136086.4374709
1785136086.4374709
1785136086.4374709
1785136086.4374709
1785136086.4374709
1785136086.4374709
1785136086.4374709
1785136086.4374709
1785136086.4374709
1785136086.4374709
1785136086.4374709
1785136086.4374709
1785136086.4374709
1785136086.4374709
1785136086.4374709
1785136086.4374709
1785136086.4374709
1785136086.4374709
1785136086.4374709
1785136086.4374709
1785136086.4374709
1785136086.4374709
1785136086.4374709
1785136086.4374709
1785136086.4374709
1785136086.4374709
1785136086.4374709
1785136086.4374709
1785136086.4374709
1785136086.4374709
1785136086.4374709
1785136086.4374709
1785136086.4374709
1785136086.4376931
1785136086.4376931
1785136086.4376931
1785136086.4376931
1785136086.4376931
1785136086.4376931
1785136086.4376931
1785136086.4376931
1785136086.4376931
1785136086.4376931
1785136086.4376931
1785136086.4376931
1785136086.4376931
1785136086.4376931
1785136086.4376931
1785136086.4376931
1785136086.4376931
1785136086.4376931
1785136086.4376931
1785136086.4376931
1785136086.4376931
1785136086.4376931
1785136086.4376931
1785136086.4376931
1785136086.4376931
1785136086.4376931
1785136086.4376931
1785136086.4376931
1785136086.4376931
1785136086.4376931
1785136086.4376931
1785136086.4376931
1785136086.4376931
1785136086.4376931
1785136086.4376931
1785136086.4376931
1785136086.4376931
1785136086.4376931
1785136086.4376931
1785136086.4376931
1785136086.4376931
1785136086.4376931
1785136086.4376931
1785136086.4376931
1785136086.4376931
1785136086.4376931
1785136086.4376931
1785136086.4376931
1785136086.4379151
1785136086.4379151
1785136086.4379151
1785136086.4379151
1785136086.4379151
1785136086.4379151
1785136086.4379151
1785136086.4379151
1785136086.4379151
1785136086.4379151
1785136086.4379151
1785136086.4379151
1785136086.4379151
1785136086.4379151
1785136086.4379151
1785136086.4379151
1785136086.4379151
1785136086.4379151
1785136086.4379151
1785136086.4379151
1785136086.4379151
1785136086.4379151
1785136086.4379151
1785136086.4379151
1785136086.4379151
1785136086.4379151
1785136086.4379151
1785136086.4379151
1785136086.4379151
1785136086.4379151
1785136086.4379151
1785136086.4379151
1785136086.4379151
1785136086.4379151
1785136086.4379151
1785136086.4379151
1785136086.4379151
1785136086.4379151
1785136086.4379151
1785136086.4379151
1785136086.4379151
1785136086.4379151
1785136086.4379151
1785136086.4379151
1785136086.4379151
1785136086.4379151
1785136086.4379151
1785136086.4379151
1785136086.4381371
1785136086.4381371
1785136086.4381371
1785136086.4381371
1785136086.4381371
1785136086.4381371
1785136086.4381371
1785136086.4381371
1785136086.4381371
1785136086.4381371
1785136086.4381371
1785136086.4381371
1785136086.4381371
1785136086.4381371
1785136086.4381371
1785136086.4381371
1785136086.4381371
1785136086.4381371
1785136086.4381371
1785136086.4381371
1785136086.4381371
1785136086.4381371
1785136086.4381371
1785136086.4381371
1785136086.4381371
1785136086.4381371
1785136086.4381371
1785136086.4381371
1785136086.4381371
1785136086.4381371
1785136086.4381371
1785136086.4381371
1785136086.4381371
1785136086.4381371
1785136086.4381371
1785136086.4381371
1785136086.4381371
1785136086.4381371
1785136086.4381371
1785136086.4381371
1785136086.4381371
1785136086.4381371
1785136086.4381371
1785136086.4381371
1785136086.4381371
1785136086.4381371
1785136086.4381371
1785136086.4381371
1785136086.4383600
1785136086.4383600
1785136086.4383600
1785136086.4383600
1785136086.4383600
1785136086.4383600
1785136086.4383600
1785136086.4383600
1785136086.4383600
1785136086.4383600
1785136086.4383600
1785136086.4383600
1785136086.4383600
1785136086.4383600
1785136086.4383600
1785136086.4383600
1785136086.4383600
1785136086.4383600
1785136086.4383600
1785136086.4383600
1785136086.4383600
1785136086.4383600
1785136086.4383600
1785136086.4383600
1785136086.4383600
1785136086.4383600
1785136086.4383600
1785136086.4383600
1785136086.4383600
1785136086.4383600
1785136086.4383600
1785136086.4383600
1785136086.4383600
1785136086.4383600
1785136086.4383600
1785136086.4383600
1785136086.4383600
1785136086.4383600
1785136086.4383600
1785136086.4383600
1785136086.4383600
1785136086.4383600
1785136086.4383600
1785136086.4383600
1785136086.4383600
1785136086.4383600
1785136086.4383600
1785136086.4383600
1785136086.4385819
1785136086.4385819
1785136086.4385819
1785136086.4385819
1785136086.4385819
1785136086.4385819
1785136086.4385819
1785136086.4385819
1785136086.4385819
1785136086.4385819
1785136086.4385819
1785136086.4385819
1785136086.4385819
1785136086.4385819
1785136086.4385819
1785136086.4385819
1785136086.4385819
1785136086.4385819
1785136086.4385819
1785136086.4385819
1785136086.4385819
1785136086.4385819
1785136086.4385819
1785136086.4385819
1785136086.4385819
1785136086.4385819
1785136086.4385819
1785136086.4385819
1785136086.4385819
1785136086.4385819
1785136086.4385819
1785136086.4385819
1785136086.4385819
1785136086.4385819
1785136086.4385819
1785136086.4385819
1785136086.4385819
1785136086.4385819
1785136086.4385819
1785136086.4385819
1785136086.4385819
1785136086.4385819
1785136086.4385819
1785136086.4385819
1785136086.4385819
1785136086.4385819
1785136086.4385819
1785136086.4385819
1785136086.4385819
1785136086.4385819
1785136086.4385819
1785136086.4385819
1785136086.4385819
1785136086.4388030
1785136086.4388030
1785136086.4388030
1785136086.4388030
1785136086.4388030
1785136086.4388030
1785136086.4388030
1785136086.4388030
1785136086.4388030
1785136086.4388030
1785136086.4388030
1785136086.4388030
1785136086.4388030
1785136086.4388030
1785136086.4388030
1785136086.4388030
1785136086.4388030
1785136086.4388030
1785136086.4388030
1785136086.4388030
1785136086.4388030
1785136086.4388030
1785136086.4388030
1785136086.4388030
1785136086.4388030
1785136086.4388030
1785136086.4388030
1785136086.4388030
1785136086.4388030
1785136086.4388030
1785136086.4388030
1785136086.4388030
1785136086.4388030
1785136086.4388030
1785136086.4388030
1785136086.4388030
1785136086.4388030
1785136086.4388030
1785136086.4388030
1785136086.4388030
1785136086.4388030
1785136086.4388030
1785136086.4388030
1785136086.4388030
1785136086.4388030
1785136086.4388030
1785136086.4388030
1785136086.4388030
1785136086.4388030
1785136086.4388030
1785136086.4388030
1785136086.4390261
1785136086.4390261
1785136086.4390261
1785136086.4390261
1785136086.4390261
1785136086.4390261
1785136086.4390261
1785136086.4390261
1785136086.4390261
1785136086.4390261
1785136086.4390261
1785136086.4390261
1785136086.4390261
1785136086.4390261
1785136086.4390261
1785136086.4390261
1785136086.4390261
1785136086.4390261
1785136086.4390261
1785136086.4390261
1785136086.4390261
1785136086.4390261
1785136086.4390261
1785136086.4390261
1785136086.4390261
1785136086.4390261
1785136086.4390261
1785136086.4390261
1785136086.4390261
1785136086.4390261
1785136086.4390261
1785136086.4390261
1785136086.4390261
1785136086.4390261
1785136086.4390261
1785136086.4390261
1785136086.4390261
1785136086.4390261
1785136086.4390261
1785136086.4390261
1785136086.4390261
1785136086.4390261
1785136086.4390261
1785136086.4390261
1785136086.4390261
1785136086.4390261
1785136086.4390261
1785136086.4390261
1785136086.4390261
1785136086.4390261
1785136086.4390261
1785136086.4392481
1785136086.4392481
1785136086.4392481
1785136086.4392481
1785136086.4392481
1785136086.4392481
1785136086.4392481
1785136086.4392481
1785136086.4392481
1785136086.4392481
1785136086.4392481
1785136086.4392481
1785136086.4392481
1785136086.4392481
1785136086.4392481
1785136086.4392481
1785136086.4392481
1785136086.4392481
1785136086.4392481
1785136086.4392481
1785136086.4392481
1785136086.4392481
1785136086.4392481
1785136086.4392481
1785136086.4392481
1785136086.4392481
1785136086.4392481
1785136086.4392481
1785136086.4392481
1785136086.4392481
1785136086.4392481
1785136086.4392481
1785136086.4392481
1785136086.4392481
1785136086.4392481
1785136086.4392481
1785136086.4392481
1785136086.4392481
1785136086.4392481
1785136086.4392481
1785136086.4392481
1785136086.4392481
1785136086.4392481
1785136086.4392481
1785136086.4392481
1785136086.4392481
1785136086.4392481
1785136086.4392481
1785136086.4392481
1785136086.4392481
1785136086.4392481
1785136086.4394691
1785136086.4394691
1785136086.4394691
1785136086.4394691
1785136086.4394691
1785136086.4394691
1785136086.4394691
1785136086.4394691
1785136086.4394691
1785136086.4394691
1785136086.4394691
1785136086.4394691
1785136086.4394691
1785136086.4394691
1785136086.4394691
1785136086.4394691
1785136086.4394691
1785136086.4394691
1785136086.4394691
1785136086.4394691
1785136086.4394691
1785136086.4394691
1785136086.4394691
1785136086.4394691
1785136086.4394691
1785136086.4394691
1785136086.4394691
1785136086.4394691
1785136086.4394691
1785136086.4394691
1785136086.4394691
1785136086.4394691
1785136086.4394691
1785136086.4394691
1785136086.4394691
1785136086.4394691
1785136086.4394691
1785136086.4394691
1785136086.4394691
1785136086.4394691
1785136086.4394691
1785136086.4394691
1785136086.4394691
1785136086.4394691
1785136086.4394691
1785136086.4394691
1785136086.4394691
1785136086.4394691
1785136086.4396930
1785136086.4396930
1785136086.4396930
1785136086.4396930
1785136086.4396930
1785136086.4396930
1785136086.4396930
1785136086.4396930
1785136086.4396930
1785136086.4396930
1785136086.4396930
1785136086.4396930
1785136086.4396930
1785136086.4396930
1785136086.4396930
1785136086.4396930
1785136086.4396930
1785136086.4396930
1785136086.4396930
1785136086.4396930
1785136086.4396930
1785136086.4396930
1785136086.4396930
1785136086.4396930
1785136086.4396930
1785136086.4396930
1785136086.4396930
1785136086.4396930
1785136086.4396930
1785136086.4396930
1785136086.4396930
1785136086.4396930
1785136086.4396930
1785136086.4396930
1785136086.4396930
1785136086.4396930
1785136086.4396930
1785136086.4396930
1785136086.4396930
1785136086.4396930
1785136086.4396930
1785136086.4396930
1785136086.4396930
1785136086.4396930
1785136086.4396930
1785136086.4396930
1785136086.4396930
1785136086.4399149
1785136086.4399149
1785136086.4399149
1785136086.4399149
1785136086.4399149
1785136086.4399149
1785136086.4399149
1785136086.4399149
1785136086.4399149
1785136086.4399149
1785136086.4399149
1785136086.4399149
1785136086.4399149
1785136086.4399149
1785136086.4399149
1785136086.4399149
1785136086.4399149
1785136086.4399149
1785136086.4399149
1785136086.4399149
1785136086.4399149
1785136086.4399149
1785136086.4399149
1785136086.4399149
1785136086.4399149
1785136086.4399149
1785136086.4399149
1785136086.4399149
1785136086.4399149
1785136086.4399149
1785136086.4399149
1785136086.4399149
1785136086.4399149
1785136086.4399149
1785136086.4399149
1785136086.4399149
1785136086.4399149
1785136086.4399149
1785136086.4399149
1785136086.4399149
1785136086.4399149
1785136086.4399149
1785136086.4399149
1785136086.4399149
1785136086.4399149
1785136086.4399149
1785136086.4399149
1785136086.4401369
1785136086.4401369
1785136086.4401369
1785136086.4401369
1785136086.4401369
1785136086.4401369
1785136086.4401369
1785136086.4401369
1785136086.4401369
1785136086.4401369
1785136086.4401369
1785136086.4401369
1785136086.4401369
1785136086.4401369
1785136086.4401369
1785136086.4401369
1785136086.4401369
1785136086.4401369
1785136086.4401369
1785136086.4401369
1785136086.4401369
1785136086.4401369
1785136086.4401369
1785136086.4401369
1785136086.4401369
1785136086.4401369
1785136086.4401369
1785136086.4401369
1785136086.4401369
1785136086.4401369
1785136086.4401369
1785136086.4401369
1785136086.4401369
1785136086.4401369
1785136086.4401369
1785136086.4401369
1785136086.4401369
1785136086.4401369
1785136086.4401369
1785136086.4401369
1785136086.4401369
1785136086.4401369
1785136086.4401369
1785136086.4401369
1785136086.4401369
1785136086.4401369
1785136086.4401369
1785136086.4403591
1785136086.4403591
1785136086.4403591
1785136086.4403591
1785136086.4403591
1785136086.4403591
1785136086.4403591
1785136086.4403591
1785136086.4403591
1785136086.4403591
1785136086.4403591
1785136086.4403591
1785136086.4403591
1785136086.4403591
1785136086.4403591
1785136086.4403591
1785136086.4403591
1785136086.4403591
1785136086.4403591
1785136086.4403591
1785136086.4403591
1785136086.4403591
1785136086.4403591
1785136086.4403591
1785136086.4403591
1785136086.4403591
1785136086.4403591
1785136086.4403591
1785136086.4403591
1785136086.4403591
1785136086.4403591
1785136086.4403591
1785136086.4403591
1785136086.4403591
1785136086.4403591
1785136086.4403591
1785136086.4403591
1785136086.4403591
1785136086.4403591
1785136086.4403591
1785136086.4403591
1785136086.4403591
1785136086.4403591
1785136086.4403591
1785136086.4403591
1785136086.4403591
1785136086.4405811
1785136086.4405811
1785136086.4405811
1785136086.4405811
1785136086.4405811
1785136086.4405811
1785136086.4405811
1785136086.4405811
1785136086.4405811
1785136086.4405811
1785136086.4405811
1785136086.4405811
1785136086.4405811
1785136086.4405811
1785136086.4405811
1785136086.4405811
1785136086.4405811
1785136086.4405811
1785136086.4405811
1785136086.4405811
1785136086.4405811
1785136086.4405811
1785136086.4405811
1785136086.4405811
1785136086.4405811
1785136086.4405811
1785136086.4405811
1785136086.4405811
1785136086.4405811
1785136086.4405811
1785136086.4405811
1785136086.4405811
1785136086.4405811
1785136086.4405811
1785136086.4405811
1785136086.4405811
1785136086.4405811
1785136086.4405811
1785136086.4405811
1785136086.4405811
1785136086.4405811
1785136086.4405811
1785136086.4405811
1785136086.4405811
1785136086.4405811
1785136086.4405811
1785136086.4408031
1785136086.4408031
1785136086.4408031
1785136086.4408031
1785136086.4408031
1785136086.4408031
1785136086.4408031
1785136086.4408031
1785136086.4408031
1785136086.4408031
1785136086.4408031
1785136086.4408031
1785136086.4408031
1785136086.4408031
1785136086.4408031
1785136086.4408031
1785136086.4408031
1785136086.4408031
1785136086.4408031
1785136086.4408031
1785136086.4408031
1785136086.4408031
1785136086.4408031
1785136086.4408031
1785136086.4408031
1785136086.4408031
1785136086.4408031
1785136086.4408031
1785136086.4408031
1785136086.4408031
1785136086.4408031
1785136086.4408031
1785136086.4408031
1785136086.4408031
1785136086.4408031
1785136086.4408031
1785136086.4408031
1785136086.4408031
1785136086.4408031
1785136086.4408031
1785136086.4408031
1785136086.4408031
1785136086.4408031
1785136086.4408031
1785136086.4408031
1785136086.4408031
1785136086.4410250
1785136086.4410250
1785136086.4410250
1785136086.4410250
1785136086.4410250
1785136086.4410250
1785136086.4410250
1785136086.4410250
1785136086.4410250
1785136086.4410250
1785136086.4410250
1785136086.4410250
1785136086.4410250
1785136086.4410250
1785136086.4410250
1785136086.4410250
1785136086.4410250
1785136086.4410250
1785136086.4410250
1785136086.4410250
1785136086.4410250
1785136086.4410250
1785136086.4410250
1785136086.4410250
1785136086.4410250
1785136086.4410250
1785136086.4410250
1785136086.4410250
1785136086.4410250
1785136086.4410250
1785136086.4410250
1785136086.4410250
1785136086.4410250
1785136086.4410250
1785136086.4410250
1785136086.4410250
1785136086.4410250
1785136086.4410250
1785136086.4410250
1785136086.4410250
1785136086.4410250
1785136086.4410250
1785136086.4410250
1785136086.4410250
1785136086.4410250
1785136086.4410250
1785136086.4412479
1785136086.4412479
1785136086.4412479
1785136086.4412479
1785136086.4412479
1785136086.4412479
1785136086.4412479
1785136086.4412479
1785136086.4412479
1785136086.4412479
1785136086.4412479
1785136086.4412479
1785136086.4412479
1785136086.4412479
1785136086.4412479
1785136086.4412479
1785136086.4412479
1785136086.4412479
1785136086.4412479
1785136086.4412479
1785136086.4412479
1785136086.4412479
1785136086.4412479
1785136086.4412479
1785136086.4412479
1785136086.4412479
1785136086.4412479
1785136086.4412479
1785136086.4412479
1785136086.4412479
1785136086.4412479
1785136086.4412479
1785136086.4412479
1785136086.4412479
1785136086.4412479
1785136086.4412479
1785136086.4412479
1785136086.4412479
1785136086.4412479
1785136086.4412479
1785136086.4412479
1785136086.4412479
1785136086.4412479
1785136086.4412479
1785136086.4412479
1785136086.4412479
1785136086.4414690
1785136086.4414690
1785136086.4414690
1785136086.4414690
1785136086.4414690
1785136086.4414690
1785136086.4414690
1785136086.4414690
1785136086.4414690
1785136086.4414690
1785136086.4414690
1785136086.4414690
1785136086.4414690
1785136086.4414690
1785136086.4414690
1785136086.4414690
1785136086.4414690
1785136086.4414690
1785136086.4414690
1785136086.4414690
1785136086.4414690
1785136086.4414690
1785136086.4414690
1785136086.4414690
1785136086.4414690
1785136086.4414690
1785136086.4414690
1785136086.4414690
1785136086.4414690
1785136086.4414690
1785136086.4414690
1785136086.4414690
1785136086.4414690
1785136086.4414690
1785136086.4414690
1785136086.4414690
1785136086.4414690
1785136086.4414690
1785136086.4414690
1785136086.4414690
1785136086.4414690
1785136086.4414690
1785136086.4414690
1785136086.4414690
1785136086.4414690
1785136086.4414690
1785136086.4414690
1785136086.4416921
1785136086.4416921
1785136086.4416921
1785136086.4416921
1785136086.4416921
1785136086.4416921
1785136086.4416921
1785136086.4416921
1785136086.4416921
1785136086.4416921
1785136086.4416921
1785136086.4416921
1785136086.4416921
1785136086.4416921
1785136086.4416921
1785136086.4416921
1785136086.4416921
1785136086.4416921
1785136086.4416921
1785136086.4416921
1785136086.4416921
1785136086.4416921
1785136086.4416921
1785136086.4416921
1785136086.4416921
1785136086.4416921
1785136086.4416921
1785136086.4416921
1785136086.4416921
1785136086.4416921
1785136086.4416921
1785136086.4416921
1785136086.4416921
1785136086.4416921
1785136086.4416921
1785136086.4416921
1785136086.4416921
1785136086.4416921
1785136086.4416921
1785136086.4416921
1785136086.4416921
1785136086.4416921
1785136086.4416921
1785136086.4416921
1785136086.4416921
1785136086.4416921
1785136086.4416921
1785136086.4416921
1785136086.4416921
1785136086.4416921
1785136086.4416921
1785136086.4416921
1785136086.4416921
1785136086.4416921
1785136086.4416921
1785136086.4416921
1785136086.4419141
1785136086.4419141
1785136086.4419141
1785136086.4419141
1785136086.4419141
1785136086.4419141
1785136086.4419141
1785136086.4419141
1785136086.4419141
1785136086.4419141
1785136086.4419141
1785136086.4419141
1785136086.4419141
1785136086.4419141
1785136086.4419141
1785136086.4419141
1785136086.4419141
1785136086.4419141
1785136086.4419141
1785136086.4419141
1785136086.4419141
1785136086.4419141
1785136086.4419141
1785136086.4419141
1785136086.4419141
1785136086.4419141
1785136086.4419141
1785136086.4419141
1785136086.4419141
1785136086.4419141
1785136086.4419141
1785136086.4419141
1785136086.4419141
1785136086.4419141
1785136086.4419141
1785136086.4419141
1785136086.4419141
1785136086.4419141
1785136086.4419141
1785136086.4419141
1785136086.4419141
1785136086.4419141
1785136086.4419141
1785136086.4419141
1785136086.4419141
1785136086.4419141
1785136086.4419141
1785136086.4419141
1785136086.4419141
1785136086.4419141
1785136086.4419141
1785136086.4419141
1785136086.4419141
1785136086.4419141
1785136086.4419141
1785136086.4419141
1785136086.4419141
1785136086.4419141
1785136086.4419141
1785136086.4419141
1785136086.4419141
1785136086.4419141
1785136086.4419141
1785136086.4419141
1785136086.4419141
1785136086.4419141
1785136086.4419141
1785136086.4419141
1785136086.4419141
1785136086.4419141
1785136086.4419141
1785136086.4419141
1785136086.4419141
1785136086.4421360
1785136086.4421360
1785136086.4421360
1785136086.4421360
1785136086.4421360
1785136086.4421360
1785136086.4421360
1785136086.4421360
1785136086.4421360
1785136086.4421360
1785136086.4421360
1785136086.4421360
1785136086.4421360
1785136086.4421360
1785136086.4421360
1785136086.4421360
1785136086.4421360
1785136086.4421360
1785136086.4421360
1785136086.4421360
1785136086.4421360
1785136086.4421360
1785136086.4421360
1785136086.4421360
1785136086.4421360
1785136086.4421360
1785136086.4421360
1785136086.4421360
1785136086.4421360
1785136086.4421360
1785136086.4421360
1785136086.4421360
1785136086.4421360
1785136086.4421360
1785136086.4421360
1785136086.4421360
1785136086.4421360
1785136086.4421360
1785136086.4421360
1785136086.4421360
1785136086.4421360
1785136086.4421360
1785136086.4421360
1785136086.4421360
1785136086.4421360
1785136086.4421360
1785136086.4421360
1785136086.4421360
1785136086.4421360
1785136086.4421360
1785136086.4421360
1785136086.4421360
1785136086.4421360
1785136086.4421360
1785136086.4421360
1785136086.4421360
1785136086.4421360
1785136086.4423580
1785136086.4423580
1785136086.4423580
1785136086.4423580
1785136086.4423580
1785136086.4423580
1785136086.4423580
1785136086.4423580
1785136086.4423580
1785136086.4423580
1785136086.4423580
1785136086.4423580
1785136086.4423580
1785136086.4423580
1785136086.4423580
1785136086.4423580
1785136086.4423580
1785136086.4423580
1785136086.4423580
1785136086.4423580
1785136086.4423580
1785136086.4423580
1785136086.4423580
1785136086.4423580
1785136086.4423580
1785136086.4423580
1785136086.4423580
1785136086.4423580
1785136086.4423580
1785136086.4423580
1785136086.4423580
1785136086.4423580
1785136086.4423580
1785136086.4423580
1785136086.4423580
1785136086.4423580
1785136086.4423580
1785136086.4423580
1785136086.4423580
1785136086.4423580
1785136086.4423580
1785136086.4423580
1785136086.4423580
1785136086.4423580
1785136086.4423580
1785136086.4423580
1785136086.4423580
1785136086.4423580
1785136086.4423580
1785136086.4423580
1785136086.4423580
1785136086.4423580
1785136086.4423580
1785136086.4423580
1785136086.4423580
1785136086.4423580
1785136086.4423580
1785136086.4423580
1785136086.4423580
1785136086.4425800
1785136086.4425800
1785136086.4425800
1785136086.4425800
1785136086.4425800
1785136086.4425800
1785136086.4425800
1785136086.4425800
1785136086.4425800
1785136086.4425800
1785136086.4425800
1785136086.4425800
1785136086.4425800
1785136086.4425800
1785136086.4425800
1785136086.4425800
1785136086.4425800
1785136086.4425800
1785136086.4425800
1785136086.4425800
1785136086.4425800
1785136086.4425800
1785136086.4425800
1785136086.4425800
1785136086.4425800
1785136086.4425800
1785136086.4425800
1785136086.4425800
1785136086.4425800
1785136086.4425800
1785136086.4425800
1785136086.4425800
1785136086.4425800
1785136086.4425800
1785136086.4425800
1785136086.4425800
1785136086.4425800
1785136086.4425800
1785136086.4425800
1785136086.4425800
1785136086.4425800
1785136086.4425800
1785136086.4425800
1785136086.4425800
1785136086.4425800
1785136086.4425800
1785136086.4425800
1785136086.4425800
1785136086.4425800
1785136086.4425800
1785136086.4425800
1785136086.4425800
1785136086.4425800
1785136086.4428029
1785136086.4428029
1785136086.4428029
1785136086.4428029
1785136086.4428029
1785136086.4428029
1785136086.4428029
1785136086.4428029
1785136086.4428029
1785136086.4428029
1785136086.4428029
1785136086.4428029
1785136086.4428029
1785136086.4428029
1785136086.4428029
1785136086.4428029
1785136086.4428029
1785136086.4428029
1785136086.4428029
1785136086.4428029
1785136086.4428029
1785136086.4428029
1785136086.4428029
1785136086.4428029
1785136086.4428029
1785136086.4428029
1785136086.4428029
1785136086.4428029
1785136086.4428029
1785136086.4428029
1785136086.4428029
1785136086.4428029
1785136086.4428029
1785136086.4428029
1785136086.4428029
1785136086.4428029
1785136086.4428029
1785136086.4428029
1785136086.4428029
1785136086.4428029
1785136086.4428029
1785136086.4428029
1785136086.4428029
1785136086.4428029
1785136086.4428029
1785136086.4428029
1785136086.4428029
1785136086.4428029
1785136086.4428029
1785136086.4428029
1785136086.4428029
1785136086.4428029
1785136086.4428029
1785136086.4428029
1785136086.4428029
1785136086.4428029
1785136086.4428029
1785136086.4428029
1785136086.4430251
1785136086.4430251
1785136086.4430251
1785136086.4430251
1785136086.4430251
1785136086.4430251
1785136086.4430251
1785136086.4430251
1785136086.4430251
1785136086.4430251
1785136086.4430251
1785136086.4430251
1785136086.4430251
1785136086.4430251
1785136086.4430251
1785136086.4430251
1785136086.4430251
1785136086.4430251
1785136086.4430251
1785136086.4430251
1785136086.4430251
1785136086.4430251
1785136086.4430251
1785136086.4430251
1785136086.4430251
1785136086.4430251
1785136086.4430251
1785136086.4430251
1785136086.4430251
1785136086.4430251
1785136086.4430251
1785136086.4430251
1785136086.4430251
1785136086.4430251
1785136086.4430251
1785136086.4430251
1785136086.4430251
1785136086.4430251
1785136086.4430251
1785136086.4430251
1785136086.4430251
1785136086.4430251
1785136086.4430251
1785136086.4430251
1785136086.4430251
1785136086.4430251
1785136086.4430251
1785136086.4430251
1785136086.4430251
1785136086.4430251
1785136086.4430251
1785136086.4430251
1785136086.4430251
1785136086.4430251
1785136086.4430251
1785136086.4430251
1785136086.4430251
1785136086.4430251
1785136086.4430251
1785136086.4432471
1785136086.4432471
1785136086.4432471
1785136086.4432471
1785136086.4432471
1785136086.4432471
1785136086.4432471
1785136086.4432471
1785136086.4432471
1785136086.4432471
1785136086.4432471
1785136086.4432471
1785136086.4432471
1785136086.4432471
1785136086.4432471
1785136086.4432471
1785136086.4432471
1785136086.4432471
1785136086.4432471
1785136086.4432471
1785136086.4432471
1785136086.4432471
1785136086.4432471
1785136086.4432471
1785136086.4432471
1785136086.4432471
1785136086.4432471
1785136086.4432471
1785136086.4432471
1785136086.4432471
1785136086.4432471
1785136086.4432471
1785136086.4432471
1785136086.4432471
1785136086.4432471
1785136086.4432471
1785136086.4432471
1785136086.4432471
1785136086.4432471
1785136086.4432471
1785136086.4432471
1785136086.4432471
1785136086.4432471
1785136086.4432471
1785136086.4432471
1785136086.4432471
1785136086.4432471
1785136086.4432471
1785136086.4434690
1785136086.4434690
1785136086.4434690
1785136086.4434690
1785136086.4434690
1785136086.4434690
1785136086.4434690
1785136086.4434690
1785136086.4434690
1785136086.4434690
1785136086.4434690
1785136086.4434690
1785136086.4434690
1785136086.4434690
1785136086.4434690
1785136086.4434690
1785136086.4434690
1785136086.4434690
1785136086.4434690
1785136086.4434690
1785136086.4434690
1785136086.4434690
1785136086.4434690
1785136086.4434690
1785136086.4434690
1785136086.4434690
1785136086.4434690
1785136086.4434690
1785136086.4434690
1785136086.4434690
1785136086.4434690
1785136086.4434690
1785136086.4434690
1785136086.4434690
1785136086.4434690
1785136086.4434690
1785136086.4434690
1785136086.4434690
1785136086.4434690
1785136086.4434690
1785136086.4434690
1785136086.4434690
1785136086.4434690
1785136086.4434690
1785136086.4434690
1785136086.4434690
1785136086.4434690
1785136086.4434690
1785136086.4434690
1785136086.4436910
1785136086.4436910
1785136086.4436910
1785136086.4436910
1785136086.4436910
1785136086.4436910
1785136086.4436910
1785136086.4436910
1785136086.4436910
1785136086.4436910
1785136086.4436910
1785136086.4436910
1785136086.4436910
1785136086.4436910
1785136086.4436910
1785136086.4436910
1785136086.4436910
1785136086.4436910
1785136086.4436910
1785136086.4436910
1785136086.4436910
1785136086.4436910
1785136086.4436910
1785136086.4436910
1785136086.4436910
1785136086.4436910
1785136086.4436910
1785136086.4436910
1785136086.4436910
1785136086.4436910
1785136086.4436910
1785136086.4436910
1785136086.4436910
1785136086.4436910
1785136086.4436910
1785136086.4436910
1785136086.4436910
1785136086.4436910
1785136086.4436910
1785136086.4436910
1785136086.4436910
1785136086.4436910
1785136086.4436910
1785136086.4436910
1785136086.4436910
1785136086.4436910
1785136086.4436910
1785136086.4436910
1785136086.4436910
1785136086.4436910
1785136086.4436910
1785136086.4436910
1785136086.4436910
1785136086.4436910
1785136086.4436910
1785136086.4436910
1785136086.4436910
1785136086.4436910
1785136086.4436910
1785136086.4436910
1785136086.4436910
1785136086.4436910
1785136086.4436910
1785136086.4436910
1785136086.4436910
1785136086.4436910
1785136086.4436910
1785136086.4439139
1785136086.4439139
1785136086.4439139
1785136086.4439139
1785136086.4439139
1785136086.4439139
1785136086.4439139
1785136086.4439139
1785136086.4439139
1785136086.4439139
1785136086.4439139
1785136086.4439139
1785136086.4439139
1785136086.4439139
1785136086.4439139
1785136086.4439139
1785136086.4439139
1785136086.4439139
1785136086.4439139
1785136086.4439139
1785136086.4439139
1785136086.4439139
1785136086.4439139
1785136086.4439139
1785136086.4439139
1785136086.4439139
1785136086.4439139
1785136086.4439139
1785136086.4439139
1785136086.4439139
1785136086.4439139
1785136086.4439139
1785136086.4439139
1785136086.4439139
1785136086.4439139
1785136086.4439139
1785136086.4439139
1785136086.4439139
1785136086.4439139
1785136086.4439139
1785136086.4439139
1785136086.4439139
1785136086.4439139
1785136086.4439139
1785136086.4439139
1785136086.4439139
1785136086.4439139
1785136086.4439139
1785136086.4441359
1785136086.4441359
1785136086.4441359
1785136086.4441359
1785136086.4441359
1785136086.4441359
1785136086.4441359
1785136086.4441359
1785136086.4441359
1785136086.4441359
1785136086.4441359
1785136086.4441359
1785136086.4441359
1785136086.4441359
1785136086.4441359
1785136086.4441359
1785136086.4441359
1785136086.4441359
1785136086.4441359
1785136086.4441359
1785136086.4441359
1785136086.4441359
1785136086.4441359
1785136086.4441359
1785136086.4441359
1785136086.4441359
1785136086.4441359
1785136086.4441359
1785136086.4441359
1785136086.4441359
1785136086.4441359
1785136086.4441359
1785136086.4441359
1785136086.4441359
1785136086.4441359
1785136086.4441359
1785136086.4441359
1785136086.4441359
1785136086.4441359
1785136086.4441359
1785136086.4441359
1785136086.4441359
1785136086.4441359
1785136086.4441359
1785136086.4441359
1785136086.4443581
1785136086.4443581
1785136086.4443581
1785136086.4443581
1785136086.4443581
1785136086.4443581
1785136086.4443581
1785136086.4443581
1785136086.4443581
1785136086.4443581
1785136086.4443581
1785136086.4443581
1785136086.4443581
1785136086.4443581
1785136086.4443581
1785136086.4443581
1785136086.4443581
1785136086.4443581
1785136086.4443581
1785136086.4443581
1785136086.4443581
1785136086.4443581
1785136086.4443581
1785136086.4443581
1785136086.4443581
1785136086.4443581
1785136086.4443581
1785136086.4443581
1785136086.4443581
1785136086.4443581
1785136086.4443581
1785136086.4443581
1785136086.4443581
1785136086.4443581
1785136086.4443581
1785136086.4443581
1785136086.4443581
1785136086.4443581
1785136086.4443581
1785136086.4443581
1785136086.4443581
1785136086.4443581
1785136086.4443581
1785136086.4443581
1785136086.4443581
1785136086.4445801
1785136086.4445801
1785136086.4445801
1785136086.4445801
1785136086.4445801
1785136086.4445801
1785136086.4445801
1785136086.4445801
1785136086.4445801
1785136086.4445801
1785136086.4445801
1785136086.4445801
1785136086.4445801
1785136086.4445801
1785136086.4445801
1785136086.4445801
1785136086.4445801
1785136086.4445801
1785136086.4445801
1785136086.4445801
1785136086.4445801
1785136086.4445801
1785136086.4445801
1785136086.4445801
1785136086.4445801
1785136086.4445801
1785136086.4445801
1785136086.4445801
1785136086.4445801
1785136086.4445801
1785136086.4445801
1785136086.4445801
1785136086.4445801
1785136086.4445801
1785136086.4445801
1785136086.4445801
1785136086.4445801
1785136086.4445801
1785136086.4445801
1785136086.4445801
1785136086.4445801
1785136086.4445801
1785136086.4445801
1785136086.4445801
1785136086.4445801
1785136086.4445801
1785136086.4445801
1785136086.4445801
1785136086.4445801
1785136086.4445801
1785136086.4445801
1785136086.4445801
1785136086.4445801
1785136086.4445801
1785136086.4445801
1785136086.4445801
1785136086.4445801
1785136086.4445801
1785136086.4445801
1785136086.4445801
1785136086.4448020
1785136086.4448020
1785136086.4448020
1785136086.4448020
1785136086.4448020
1785136086.4448020
1785136086.4448020
1785136086.4448020
1785136086.4448020
1785136086.4448020
1785136086.4448020
1785136086.4448020
1785136086.4448020
1785136086.4448020
1785136086.4448020
1785136086.4448020
1785136086.4448020
1785136086.4448020
1785136086.4448020
1785136086.4448020
1785136086.4448020
1785136086.4448020
1785136086.4448020
1785136086.4448020
1785136086.4448020
1785136086.4448020
1785136086.4448020
1785136086.4448020
1785136086.4448020
1785136086.4448020
1785136086.4448020
1785136086.4448020
1785136086.4448020
1785136086.4448020
1785136086.4448020
1785136086.4448020
1785136086.4448020
1785136086.4448020
1785136086.4448020
1785136086.4448020
1785136086.4448020
1785136086.4448020
1785136086.4448020
1785136086.4448020
1785136086.4448020
1785136086.4450250
1785136086.4450250
1785136086.4450250
1785136086.4450250
1785136086.4450250
1785136086.4450250
1785136086.4450250
1785136086.4450250
1785136086.4450250
1785136086.4450250
1785136086.4450250
1785136086.4450250
1785136086.4450250
1785136086.4450250
1785136086.4450250
1785136086.4450250
1785136086.4450250
1785136086.4450250
1785136086.4450250
1785136086.4450250
1785136086.4450250
1785136086.4450250
1785136086.4450250
1785136086.4450250
1785136086.4450250
1785136086.4450250
1785136086.4450250
1785136086.4450250
1785136086.4450250
1785136086.4450250
1785136086.4450250
1785136086.4450250
1785136086.4450250
1785136086.4450250
1785136086.4450250
1785136086.4450250
1785136086.4450250
1785136086.4450250
1785136086.4450250
1785136086.4450250
1785136086.4450250
1785136086.4450250
1785136086.4450250
1785136086.4450250
1785136086.4450250
1785136086.4452469
1785136086.4452469
1785136086.4452469
1785136086.4452469
1785136086.4452469
1785136086.4452469
1785136086.4452469
1785136086.4452469
1785136086.4452469
1785136086.4452469
1785136086.4452469
1785136086.4452469
1785136086.4452469
1785136086.4452469
1785136086.4452469
1785136086.4452469
1785136086.4452469
1785136086.4452469
1785136086.4452469
1785136086.4452469
1785136086.4452469
1785136086.4452469
1785136086.4452469
1785136086.4452469
1785136086.4452469
1785136086.4452469
1785136086.4452469
1785136086.4452469
1785136086.4452469
1785136086.4452469
1785136086.4452469
1785136086.4452469
1785136086.4452469
1785136086.4452469
1785136086.4452469
1785136086.4452469
1785136086.4452469
1785136086.4452469
1785136086.4452469
1785136086.4452469
1785136086.4452469
1785136086.4452469
1785136086.4452469
1785136086.4452469
1785136086.4452469
1785136086.4452469
1785136086.4454689
1785136086.4454689
1785136086.4454689
1785136086.4454689
1785136086.4454689
1785136086.4454689
1785136086.4454689
1785136086.4454689
1785136086.4454689
1785136086.4454689
1785136086.4454689
1785136086.4454689
1785136086.4454689
1785136086.4454689
1785136086.4454689
1785136086.4454689
1785136086.4454689
1785136086.4454689
1785136086.4454689
1785136086.4454689
1785136086.4454689
1785136086.4454689
1785136086.4454689
1785136086.4454689
1785136086.4454689
1785136086.4454689
1785136086.4454689
1785136086.4454689
1785136086.4454689
1785136086.4454689
1785136086.4454689
1785136086.4454689
1785136086.4454689
1785136086.4454689
1785136086.4454689
1785136086.4454689
1785136086.4454689
1785136086.4454689
1785136086.4454689
1785136086.4454689
1785136086.4454689
1785136086.4454689
1785136086.4454689
1785136086.4454689
1785136086.4454689
1785136086.4454689
1785136086.4456911
1785136086.4456911
1785136086.4456911
1785136086.4456911
1785136086.4456911
1785136086.4456911
1785136086.4456911
1785136086.4456911
1785136086.4456911
1785136086.4456911
1785136086.4456911
1785136086.4456911
1785136086.4456911
1785136086.4456911
1785136086.4456911
1785136086.4456911
1785136086.4456911
1785136086.4456911
1785136086.4456911
1785136086.4456911
1785136086.4456911
1785136086.4456911
1785136086.4456911
1785136086.4456911
1785136086.4456911
1785136086.4456911
1785136086.4456911
1785136086.4456911
1785136086.4456911
1785136086.4456911
1785136086.4456911
1785136086.4456911
1785136086.4456911
1785136086.4456911
1785136086.4456911
1785136086.4456911
1785136086.4456911
1785136086.4456911
1785136086.4456911
1785136086.4456911
1785136086.4456911
1785136086.4456911
1785136086.4456911
1785136086.4456911
1785136086.4456911
1785136086.4459131
1785136086.4459131
1785136086.4459131
1785136086.4459131
1785136086.4459131
1785136086.4459131
1785136086.4459131
1785136086.4459131
1785136086.4459131
1785136086.4459131
1785136086.4459131
1785136086.4459131
1785136086.4459131
1785136086.4459131
1785136086.4459131
1785136086.4459131
1785136086.4459131
1785136086.4459131
1785136086.4459131
1785136086.4459131
1785136086.4459131
1785136086.4459131
1785136086.4459131
1785136086.4459131
1785136086.4459131
1785136086.4459131
1785136086.4459131
1785136086.4459131
1785136086.4459131
1785136086.4459131
1785136086.4459131
1785136086.4459131
1785136086.4459131
1785136086.4459131
1785136086.4459131
1785136086.4459131
1785136086.4459131
1785136086.4459131
1785136086.4459131
1785136086.4459131
1785136086.4459131
1785136086.4459131
1785136086.4459131
1785136086.4459131
1785136086.4459131
1785136086.4461350
1785136086.4461350
1785136086.4461350
1785136086.4461350
1785136086.4461350
1785136086.4461350
1785136086.4461350
1785136086.4461350
1785136086.4461350
1785136086.4461350
1785136086.4461350
1785136086.4461350
1785136086.4461350
1785136086.4461350
1785136086.4461350
1785136086.4461350
1785136086.4461350
1785136086.4461350
1785136086.4461350
1785136086.4461350
1785136086.4461350
1785136086.4461350
1785136086.4461350
1785136086.4461350
1785136086.4461350
1785136086.4461350
1785136086.4461350
1785136086.4461350
1785136086.4461350
1785136086.4461350
1785136086.4461350
1785136086.4461350
1785136086.4461350
1785136086.4461350
1785136086.4461350
1785136086.4461350
1785136086.4461350
1785136086.4461350
1785136086.4461350
1785136086.4461350
1785136086.4461350
1785136086.4461350
1785136086.4461350
1785136086.4461350
1785136086.4461350
1785136086.4463570
1785136086.4463570
1785136086.4463570
1785136086.4463570
1785136086.4463570
1785136086.4463570
1785136086.4463570
1785136086.4463570
1785136086.4463570
1785136086.4463570
1785136086.4463570
1785136086.4463570
1785136086.4463570
1785136086.4463570
1785136086.4463570
1785136086.4463570
1785136086.4463570
1785136086.4463570
1785136086.4463570
1785136086.4463570
1785136086.4463570
1785136086.4463570
1785136086.4463570
1785136086.4463570
1785136086.4463570
1785136086.4463570
1785136086.4463570
1785136086.4463570
1785136086.4463570
1785136086.4463570
1785136086.4463570
1785136086.4463570
1785136086.4463570
1785136086.4463570
1785136086.4463570
1785136086.4463570
1785136086.4463570
1785136086.4463570
1785136086.4463570
1785136086.4463570
1785136086.4463570
1785136086.4463570
1785136086.4463570
1785136086.4463570
1785136086.4463570
1785136086.4463570
1785136086.4465799
1785136086.4465799
1785136086.4465799
1785136086.4465799
1785136086.4465799
1785136086.4465799
1785136086.4465799
1785136086.4465799
1785136086.4465799
1785136086.4465799
1785136086.4465799
1785136086.4465799
1785136086.4465799
1785136086.4465799
1785136086.4465799
1785136086.4465799
1785136086.4465799
1785136086.4465799
1785136086.4465799
1785136086.4465799
1785136086.4465799
1785136086.4465799
1785136086.4465799
1785136086.4465799
1785136086.4465799
1785136086.4465799
1785136086.4465799
1785136086.4465799
1785136086.4465799
1785136086.4465799
1785136086.4465799
1785136086.4465799
1785136086.4465799
1785136086.4465799
1785136086.4465799
1785136086.4465799
1785136086.4465799
1785136086.4465799
1785136086.4465799
1785136086.4465799
1785136086.4465799
1785136086.4465799
1785136086.4465799
1785136086.4465799
1785136086.4465799
1785136086.4465799
1785136086.4465799
1785136086.4465799
1785136086.4465799
1785136086.4465799
1785136086.4468009
1785136086.4468009
1785136086.4468009
1785136086.4468009
1785136086.4468009
1785136086.4468009
1785136086.4468009
1785136086.4468009
1785136086.4468009
1785136086.4468009
1785136086.4468009
1785136086.4468009
1785136086.4468009
1785136086.4468009
1785136086.4468009
1785136086.4468009
1785136086.4468009
1785136086.4468009
1785136086.4468009
1785136086.4468009
1785136086.4468009
1785136086.4468009
1785136086.4468009
1785136086.4468009
1785136086.4468009
1785136086.4468009
1785136086.4468009
1785136086.4468009
1785136086.4468009
1785136086.4468009
1785136086.4468009
1785136086.4468009
1785136086.4468009
1785136086.4468009
1785136086.4468009
1785136086.4468009
1785136086.4468009
1785136086.4468009
1785136086.4468009
1785136086.4468009
1785136086.4468009
1785136086.4468009
1785136086.4468009
1785136086.4468009
1785136086.4468009
1785136086.4468009
1785136086.4468009
1785136086.4468009
1785136086.4468009
1785136086.4468009
1785136086.4468009
1785136086.4468009
1785136086.4468009
1785136086.4468009
1785136086.4468009
1785136086.4468009
1785136086.4468009
1785136086.4468009
1785136086.4468009
1785136086.4468009
1785136086.4468009
1785136086.4468009
1785136086.4468009
1785136086.4468009
1785136086.4468009
1785136086.4468009
1785136086.4468009
1785136086.4468009
1785136086.4468009
1785136086.4468009
1785136086.4468009
1785136086.4468009
1785136086.4470241
1785136086.4470241
1785136086.4470241
1785136086.4470241
1785136086.4470241
1785136086.4470241
1785136086.4470241
1785136086.4470241
1785136086.4470241
1785136086.4470241
1785136086.4470241
1785136086.4470241
1785136086.4470241
1785136086.4470241
1785136086.4470241
1785136086.4470241
1785136086.4470241
1785136086.4470241
1785136086.4470241
1785136086.4470241
1785136086.4470241
1785136086.4470241
1785136086.4470241
1785136086.4470241
1785136086.4470241
1785136086.4470241
1785136086.4470241
1785136086.4470241
1785136086.4470241
1785136086.4470241
1785136086.4470241
1785136086.4470241
1785136086.4470241
1785136086.4470241
1785136086.4470241
1785136086.4470241
1785136086.4470241
1785136086.4470241
1785136086.4470241
1785136086.4470241
1785136086.4470241
1785136086.4470241
1785136086.4470241
1785136086.4470241
1785136086.4470241
1785136086.4470241
1785136086.4470241
1785136086.4470241
1785136086.4470241
1785136086.4470241
1785136086.4470241
1785136086.4470241
1785136086.4470241
1785136086.4470241
1785136086.4470241
1785136086.4470241
1785136086.4470241
1785136086.4470241
1785136086.4470241
1785136086.4470241
1785136086.4470241
1785136086.4470241
1785136086.4470241
1785136086.4470241
1785136086.4470241
1785136086.4470241
1785136086.4470241
1785136086.4470241
1785136086.4472461
1785136086.4472461
1785136086.4472461
1785136086.4472461
1785136086.4472461
1785136086.4472461
1785136086.4472461
1785136086.4472461
1785136086.4472461
1785136086.4472461
1785136086.4472461
1785136086.4472461
1785136086.4472461
1785136086.4472461
1785136086.4472461
1785136086.4472461
1785136086.4472461
1785136086.4472461
1785136086.4472461
1785136086.4472461
1785136086.4472461
1785136086.4472461
1785136086.4472461
1785136086.4472461
1785136086.4472461
1785136086.4472461
1785136086.4472461
1785136086.4472461
1785136086.4472461
1785136086.4472461
1785136086.4472461
1785136086.4472461
1785136086.4472461
1785136086.4472461
1785136086.4472461
1785136086.4472461
1785136086.4472461
1785136086.4472461
1785136086.4472461
1785136086.4472461
1785136086.4472461
1785136086.4472461
1785136086.4472461
1785136086.4472461
1785136086.4472461
1785136086.4472461
1785136086.4472461
1785136086.4472461
1785136086.4472461
1785136086.4472461
1785136086.4472461
1785136086.4472461
1785136086.4472461
1785136086.4472461
1785136086.4472461
1785136086.4472461
1785136086.4472461
1785136086.4472461
1785136086.4472461
1785136086.4472461
1785136086.4472461
1785136086.4472461
1785136086.4472461
1785136086.4472461
1785136086.4472461
1785136086.4472461
1785136086.4472461
1785136086.4472461
1785136086.4472461
1785136086.4472461
1785136086.4472461
1785136086.4472461
1785136086.4472461
1785136086.4472461
1785136086.4472461
1785136086.4472461
1785136086.4472461
1785136086.4472461
1785136086.4472461
1785136086.4474680
1785136086.4474680
1785136086.4474680
1785136086.4474680
1785136086.4474680
1785136086.4474680
1785136086.4474680
1785136086.4474680
1785136086.4474680
1785136086.4474680
1785136086.4474680
1785136086.4474680
1785136086.4474680
1785136086.4474680
1785136086.4474680
1785136086.4474680
1785136086.4474680
1785136086.4474680
1785136086.4474680
1785136086.4474680
1785136086.4474680
1785136086.4474680
1785136086.4474680
1785136086.4474680
1785136086.4474680
1785136086.4474680
1785136086.4474680
1785136086.4474680
1785136086.4474680
1785136086.4474680
1785136086.4474680
1785136086.4474680
1785136086.4474680
1785136086.4474680
1785136086.4474680
1785136086.4474680
1785136086.4474680
1785136086.4474680
1785136086.4474680
1785136086.4474680
1785136086.4474680
1785136086.4474680
1785136086.4474680
1785136086.4474680
1785136086.4474680
1785136086.4474680
1785136086.4474680
1785136086.4474680
1785136086.4474680
1785136086.4474680
1785136086.4474680
1785136086.4474680
1785136086.4474680
1785136086.4474680
1785136086.4474680
1785136086.4474680
1785136086.4474680
1785136086.4474680
1785136086.4474680
1785136086.4474680
1785136086.4474680
1785136086.4474680
1785136086.4474680
1785136086.4474680
1785136086.4474680
1785136086.4474680
1785136086.4474680
1785136086.4474680
1785136086.4476900
1785136086.4476900
1785136086.4476900
1785136086.4476900
1785136086.4476900
1785136086.4476900
1785136086.4476900
1785136086.4476900
1785136086.4476900
1785136086.4476900
1785136086.4476900
1785136086.4476900
1785136086.4476900
1785136086.4476900
1785136086.4476900
1785136086.4476900
1785136086.4476900
1785136086.4476900
1785136086.4476900
1785136086.4476900
1785136086.4476900
1785136086.4476900
1785136086.4476900
1785136086.4476900
1785136086.4476900
1785136086.4476900
1785136086.4476900
1785136086.4476900
1785136086.4476900
1785136086.4476900
1785136086.4476900
1785136086.4476900
1785136086.4476900
1785136086.4476900
1785136086.4476900
1785136086.4476900
1785136086.4476900
1785136086.4476900
1785136086.4476900
1785136086.4476900
1785136086.4476900
1785136086.4476900
1785136086.4476900
1785136086.4476900
1785136086.4476900
1785136086.4476900
1785136086.4476900
1785136086.4476900
1785136086.4476900
1785136086.4476900
1785136086.4476900
1785136086.4476900
1785136086.4476900
1785136086.4476900
1785136086.4476900
1785136086.4476900
1785136086.4476900
1785136086.4476900
1785136086.4476900
1785136086.4476900
1785136086.4476900
1785136086.4476900
1785136086.4476900
1785136086.4476900
1785136086.4479129
1785136086.4479129
1785136086.4479129
1785136086.4479129
1785136086.4479129
1785136086.4479129
1785136086.4479129
1785136086.4479129
1785136086.4479129
1785136086.4479129
1785136086.4479129
1785136086.4479129
1785136086.4479129
1785136086.4479129
1785136086.4479129
1785136086.4479129
1785136086.4479129
1785136086.4479129
1785136086.4479129
1785136086.4479129
1785136086.4479129
1785136086.4479129
1785136086.4479129
1785136086.4479129
1785136086.4479129
1785136086.4479129
1785136086.4479129
1785136086.4479129
1785136086.4479129
1785136086.4479129
1785136086.4479129
1785136086.4479129
1785136086.4479129
1785136086.4479129
1785136086.4479129
1785136086.4479129
1785136086.4479129
1785136086.4479129
1785136086.4479129
1785136086.4479129
1785136086.4479129
1785136086.4479129
1785136086.4479129
1785136086.4479129
1785136086.4479129
1785136086.4479129
1785136086.4479129
1785136086.4479129
1785136086.4479129
1785136086.4479129
1785136086.4479129
1785136086.4479129
1785136086.4479129
1785136086.4479129
1785136086.4479129
1785136086.4479129
1785136086.4481349
1785136086.4481349
1785136086.4481349
1785136086.4481349
1785136086.4481349
1785136086.4481349
1785136086.4481349
1785136086.4481349
1785136086.4481349
1785136086.4481349
1785136086.4481349
1785136086.4481349
1785136086.4481349
1785136086.4481349
1785136086.4481349
1785136086.4481349
1785136086.4481349
1785136086.4481349
1785136086.4481349
1785136086.4481349
1785136086.4481349
1785136086.4481349
1785136086.4481349
1785136086.4481349
1785136086.4481349
1785136086.4481349
1785136086.4481349
1785136086.4481349
1785136086.4481349
1785136086.4481349
1785136086.4481349
1785136086.4481349
1785136086.4481349
1785136086.4481349
1785136086.4481349
1785136086.4481349
1785136086.4481349
1785136086.4481349
1785136086.4481349
1785136086.4481349
1785136086.4481349
1785136086.4481349
1785136086.4481349
1785136086.4481349
1785136086.4481349
1785136086.4481349
1785136086.4481349
1785136086.4481349
1785136086.4481349
1785136086.4481349
1785136086.4481349
1785136086.4481349
1785136086.4481349
1785136086.4483571
1785136086.4483571
1785136086.4483571
1785136086.4483571
1785136086.4483571
1785136086.4483571
1785136086.4483571
1785136086.4483571
1785136086.4483571
1785136086.4483571
1785136086.4483571
1785136086.4483571
1785136086.4483571
1785136086.4483571
1785136086.4483571
1785136086.4483571
1785136086.4483571
1785136086.4483571
1785136086.4483571
1785136086.4483571
1785136086.4483571
1785136086.4483571
1785136086.4483571
1785136086.4483571
1785136086.4483571
1785136086.4483571
1785136086.4483571
1785136086.4483571
1785136086.4483571
1785136086.4483571
1785136086.4483571
1785136086.4483571
1785136086.4483571
1785136086.4483571
1785136086.4483571
1785136086.4483571
1785136086.4483571
1785136086.4483571
1785136086.4483571
1785136086.4483571
1785136086.4483571
1785136086.4483571
1785136086.4483571
1785136086.4483571
1785136086.4483571
1785136086.4483571
1785136086.4483571
1785136086.4483571
1785136086.4483571
1785136086.4483571
1785136086.4483571
1785136086.4483571
1785136086.4483571
1785136086.4483571
1785136086.4483571
1785136086.4485791
1785136086.4485791
1785136086.4485791
1785136086.4485791
1785136086.4485791
1785136086.4485791
1785136086.4485791
1785136086.4485791
1785136086.4485791
1785136086.4485791
1785136086.4485791
1785136086.4485791
1785136086.4485791
1785136086.4485791
1785136086.4485791
1785136086.4485791
1785136086.4485791
1785136086.4485791
1785136086.4485791
1785136086.4485791
1785136086.4485791
1785136086.4485791
1785136086.4485791
1785136086.4485791
1785136086.4485791
1785136086.4485791
1785136086.4485791
1785136086.4485791
1785136086.4485791
1785136086.4485791
1785136086.4485791
1785136086.4485791
1785136086.4485791
1785136086.4485791
1785136086.4485791
1785136086.4485791
1785136086.4485791
1785136086.4485791
1785136086.4485791
1785136086.4485791
1785136086.4485791
1785136086.4485791
1785136086.4485791
1785136086.4485791
1785136086.4485791
1785136086.4485791
1785136086.4485791
1785136086.4485791
1785136086.4485791
1785136086.4485791
1785136086.4485791
1785136086.4485791
1785136086.4485791
1785136086.4485791
1785136086.4485791
1785136086.4485791
1785136086.4485791
1785136086.4485791
1785136086.4485791
1785136086.4485791
1785136086.4485791
1785136086.4485791
1785136086.4485791
1785136086.4485791
1785136086.4485791
1785136086.4485791
1785136086.4485791
1785136086.4485791
1785136086.4485791
1785136086.4485791
1785136086.4485791
1785136086.4485791
1785136086.4485791
1785136086.4485791
1785136086.4485791
1785136086.4485791
1785136086.4485791
1785136086.4485791
1785136086.4485791
1785136086.4488020
1785136086.4488020
1785136086.4488020
1785136086.4488020
1785136086.4488020
1785136086.4488020
1785136086.4488020
1785136086.4488020
1785136086.4488020
1785136086.4488020
1785136086.4488020
1785136086.4488020
1785136086.4488020
1785136086.4488020
1785136086.4488020
1785136086.4488020
1785136086.4488020
1785136086.4488020
1785136086.4488020
1785136086.4488020
1785136086.4488020
1785136086.4488020
1785136086.4488020
1785136086.4488020
1785136086.4488020
1785136086.4488020
1785136086.4488020
1785136086.4488020
1785136086.4488020
1785136086.4488020
1785136086.4488020
1785136086.4488020
1785136086.4488020
1785136086.4488020
1785136086.4488020
1785136086.4488020
1785136086.4488020
1785136086.4488020
1785136086.4488020
1785136086.4488020
1785136086.4488020
1785136086.4488020
1785136086.4488020
1785136086.4488020
1785136086.4488020
1785136086.4488020
1785136086.4488020
1785136086.4488020
1785136086.4488020
1785136086.4488020
1785136086.4488020
1785136086.4488020
1785136086.4488020
1785136086.4488020
1785136086.4488020
1785136086.4488020
1785136086.4488020
1785136086.4488020
1785136086.4488020
1785136086.4488020
1785136086.4488020
1785136086.4488020
1785136086.4488020
1785136086.4488020
1785136086.4488020
1785136086.4488020
1785136086.4488020
1785136086.4488020
1785136086.4488020
1785136086.4488020
1785136086.4488020
1785136086.4488020
1785136086.4488020
1785136086.4488020
1785136086.4488020
1785136086.4488020
1785136086.4488020
1785136086.4488020
1785136086.4490240
1785136086.4490240
1785136086.4490240
1785136086.4490240
1785136086.4490240
1785136086.4490240
1785136086.4490240
1785136086.4490240
1785136086.4490240
1785136086.4490240
1785136086.4490240
1785136086.4490240
1785136086.4490240
1785136086.4490240
1785136086.4490240
1785136086.4490240
1785136086.4490240
1785136086.4490240
1785136086.4490240
1785136086.4490240
1785136086.4490240
1785136086.4490240
1785136086.4490240
1785136086.4490240
1785136086.4490240
1785136086.4490240
1785136086.4490240
1785136086.4490240
1785136086.4490240
1785136086.4490240
1785136086.4490240
1785136086.4490240
1785136086.4490240
1785136086.4490240
1785136086.4490240
1785136086.4490240
1785136086.4490240
1785136086.4490240
1785136086.4490240
1785136086.4490240
1785136086.4490240
1785136086.4490240
1785136086.4490240
1785136086.4490240
1785136086.4490240
1785136086.4490240
1785136086.4490240
1785136086.4490240
1785136086.4490240
1785136086.4490240
1785136086.4490240
1785136086.4490240
1785136086.4490240
1785136086.4490240
1785136086.4490240
1785136086.4490240
1785136086.4490240
1785136086.4492459
1785136086.4492459
1785136086.4492459
1785136086.4492459
1785136086.4492459
1785136086.4492459
1785136086.4492459
1785136086.4492459
1785136086.4492459
1785136086.4492459
1785136086.4492459
1785136086.4492459
1785136086.4492459
1785136086.4492459
1785136086.4492459
1785136086.4492459
1785136086.4492459
1785136086.4492459
1785136086.4492459
1785136086.4492459
1785136086.4492459
1785136086.4492459
1785136086.4492459
1785136086.4492459
1785136086.4492459
1785136086.4492459
1785136086.4492459
1785136086.4492459
1785136086.4492459
1785136086.4492459
1785136086.4492459
1785136086.4492459
1785136086.4492459
1785136086.4492459
1785136086.4492459
1785136086.4492459
1785136086.4492459
1785136086.4492459
1785136086.4492459
1785136086.4492459
1785136086.4492459
1785136086.4492459
1785136086.4492459
1785136086.4492459
1785136086.4492459
1785136086.4492459
1785136086.4492459
1785136086.4492459
1785136086.4492459
1785136086.4492459
1785136086.4492459
1785136086.4492459
1785136086.4492459
1785136086.4492459
1785136086.4492459
1785136086.4492459
1785136086.4492459
1785136086.4492459
1785136086.4492459
1785136086.4492459
1785136086.4492459
1785136086.4492459
1785136086.4492459
1785136086.4492459
1785136086.4494679
1785136086.4494679
1785136086.4494679
1785136086.4494679
1785136086.4494679
1785136086.4494679
1785136086.4494679
1785136086.4494679
1785136086.4494679
1785136086.4494679
1785136086.4494679
1785136086.4494679
1785136086.4494679
1785136086.4494679
1785136086.4494679
1785136086.4494679
1785136086.4494679
1785136086.4494679
1785136086.4494679
1785136086.4494679
1785136086.4494679
1785136086.4494679
1785136086.4494679
1785136086.4494679
1785136086.4494679
1785136086.4494679
1785136086.4494679
1785136086.4494679
1785136086.4494679
1785136086.4494679
1785136086.4494679
1785136086.4494679
1785136086.4494679
1785136086.4494679
1785136086.4494679
1785136086.4494679
1785136086.4494679
1785136086.4494679
1785136086.4494679
1785136086.4494679
1785136086.4494679
1785136086.4494679
1785136086.4494679
1785136086.4494679
1785136086.4494679
1785136086.4494679
1785136086.4494679
1785136086.4494679
1785136086.4494679
1785136086.4494679
1785136086.4494679
1785136086.4494679
1785136086.4494679
1785136086.4494679
1785136086.4494679
1785136086.4494679
1785136086.4494679
1785136086.4494679
1785136086.4494679
1785136086.4494679
1785136086.4494679
1785136086.4494679
1785136086.4494679
1785136086.4494679
1785136086.4494679
1785136086.4494679
1785136086.4494679
1785136086.4494679
1785136086.4494679
1785136086.4494679
1785136086.4494679
1785136086.4494679
1785136086.4494679
1785136086.4494679
1785136086.4494679
1785136086.4494679
1785136086.4494679
1785136086.4496901
1785136086.4496901
1785136086.4496901
1785136086.4496901
1785136086.4496901
1785136086.4496901
1785136086.4496901
1785136086.4496901
1785136086.4496901
1785136086.4496901
1785136086.4496901
1785136086.4496901
1785136086.4496901
1785136086.4496901
1785136086.4496901
1785136086.4496901
1785136086.4496901
1785136086.4496901
1785136086.4496901
1785136086.4496901
1785136086.4496901
1785136086.4496901
1785136086.4496901
1785136086.4496901
1785136086.4496901
1785136086.4496901
1785136086.4496901
1785136086.4496901
1785136086.4496901
1785136086.4496901
1785136086.4496901
1785136086.4496901
1785136086.4496901
1785136086.4496901
1785136086.4496901
1785136086.4496901
1785136086.4496901
1785136086.4496901
1785136086.4496901
1785136086.4496901
1785136086.4496901
1785136086.4496901
1785136086.4496901
1785136086.4496901
1785136086.4496901
1785136086.4496901
1785136086.4496901
1785136086.4496901
1785136086.4496901
1785136086.4496901
1785136086.4496901
1785136086.4496901
1785136086.4496901
1785136086.4496901
1785136086.4496901
1785136086.4496901
1785136086.4496901
1785136086.4496901
1785136086.4496901
1785136086.4496901
1785136086.4496901
1785136086.4496901
1785136086.4496901
1785136086.4496901
1785136086.4496901
1785136086.4496901
1785136086.4496901
1785136086.4496901
1785136086.4496901
1785136086.4496901
1785136086.4499121
1785136086.4499121
1785136086.4499121
1785136086.4499121
1785136086.4499121
1785136086.4499121
1785136086.4499121
1785136086.4499121
1785136086.4499121
1785136086.4499121
1785136086.4499121
1785136086.4499121
1785136086.4499121
1785136086.4499121
1785136086.4499121
1785136086.4499121
1785136086.4499121
1785136086.4499121
1785136086.4499121
1785136086.4499121
1785136086.4499121
1785136086.4499121
1785136086.4499121
1785136086.4499121
1785136086.4499121
1785136086.4499121
1785136086.4499121
1785136086.4499121
1785136086.4499121
1785136086.4499121
1785136086.4499121
1785136086.4499121
1785136086.4499121
1785136086.4499121
1785136086.4499121
1785136086.4499121
1785136086.4499121
1785136086.4499121
1785136086.4499121
1785136086.4499121
1785136086.4499121
1785136086.4499121
1785136086.4499121
1785136086.4499121
1785136086.4499121
1785136086.4499121
1785136086.4499121
1785136086.4499121
1785136086.4499121
1785136086.4499121
1785136086.4499121
1785136086.4499121
1785136086.4499121
1785136086.4499121
1785136086.4499121
1785136086.4499121
1785136086.4499121
1785136086.4499121
1785136086.4499121
1785136086.4499121
1785136086.4499121
1785136086.4499121
1785136086.4499121
1785136086.4499121
1785136086.4499121
1785136086.4501350
1785136086.4501350
1785136086.4501350
1785136086.4501350
1785136086.4501350
1785136086.4501350
1785136086.4501350
1785136086.4501350
1785136086.4501350
1785136086.4501350
1785136086.4501350
1785136086.4501350
1785136086.4501350
1785136086.4501350
1785136086.4501350
1785136086.4501350
1785136086.4501350
1785136086.4501350
1785136086.4501350
1785136086.4501350
1785136086.4501350
1785136086.4501350
1785136086.4501350
1785136086.4501350
1785136086.4501350
1785136086.4501350
1785136086.4501350
1785136086.4501350
1785136086.4501350
1785136086.4501350
1785136086.4501350
1785136086.4501350
1785136086.4501350
1785136086.4501350
1785136086.4501350
1785136086.4501350
1785136086.4501350
1785136086.4501350
1785136086.4501350
1785136086.4501350
1785136086.4501350
1785136086.4501350
1785136086.4501350
1785136086.4501350
1785136086.4501350
1785136086.4501350
1785136086.4501350
1785136086.4501350
1785136086.4501350
1785136086.4501350
1785136086.4501350
1785136086.4501350
1785136086.4501350
1785136086.4501350
1785136086.4501350
1785136086.4501350
1785136086.4501350
1785136086.4501350
1785136086.4501350
1785136086.4501350
1785136086.4501350
1785136086.4501350
1785136086.4501350
1785136086.4503570
1785136086.4503570
1785136086.4503570
1785136086.4503570
1785136086.4503570
1785136086.4503570
1785136086.4503570
1785136086.4503570
1785136086.4503570
1785136086.4503570
1785136086.4503570
1785136086.4503570
1785136086.4503570
1785136086.4503570
1785136086.4503570
1785136086.4503570
1785136086.4503570
1785136086.4503570
1785136086.4503570
1785136086.4503570
1785136086.4503570
1785136086.4503570
1785136086.4503570
1785136086.4503570
1785136086.4503570
1785136086.4503570
1785136086.4503570
1785136086.4503570
1785136086.4503570
1785136086.4503570
1785136086.4503570
1785136086.4503570
1785136086.4503570
1785136086.4503570
1785136086.4503570
1785136086.4503570
1785136086.4503570
1785136086.4503570
1785136086.4503570
1785136086.4503570
1785136086.4503570
1785136086.4503570
1785136086.4503570
1785136086.4503570
1785136086.4503570
1785136086.4503570
1785136086.4503570
1785136086.4503570
1785136086.4503570
1785136086.4503570
1785136086.4503570
1785136086.4503570
1785136086.4503570
1785136086.4503570
1785136086.4503570
1785136086.4503570
1785136086.4503570
1785136086.4503570
1785136086.4503570
1785136086.4503570
1785136086.4503570
1785136086.4503570
1785136086.4503570
1785136086.4503570
1785136086.4505789
1785136086.4505789
1785136086.4505789
1785136086.4505789
1785136086.4505789
1785136086.4505789
1785136086.4505789
1785136086.4505789
1785136086.4505789
1785136086.4505789
1785136086.4505789
1785136086.4505789
1785136086.4505789
1785136086.4505789
1785136086.4505789
1785136086.4505789
1785136086.4505789
1785136086.4505789
1785136086.4505789
1785136086.4505789
1785136086.4505789
1785136086.4505789
1785136086.4505789
1785136086.4505789
1785136086.4505789
1785136086.4505789
1785136086.4505789
1785136086.4505789
1785136086.4505789
1785136086.4505789
1785136086.4505789
1785136086.4505789
1785136086.4505789
1785136086.4505789
1785136086.4505789
1785136086.4505789
1785136086.4505789
1785136086.4505789
1785136086.4505789
1785136086.4505789
1785136086.4505789
1785136086.4505789
1785136086.4505789
1785136086.4505789
1785136086.4505789
1785136086.4505789
1785136086.4505789
1785136086.4505789
1785136086.4505789
1785136086.4505789
1785136086.4505789
1785136086.4505789
1785136086.4505789
1785136086.4505789
1785136086.4505789
1785136086.4505789
1785136086.4505789
1785136086.4505789
1785136086.4505789
1785136086.4505789
1785136086.4505789
1785136086.4505789
1785136086.4505789
1785136086.4508009
1785136086.4508009
1785136086.4508009
1785136086.4508009
1785136086.4508009
1785136086.4508009
1785136086.4508009
1785136086.4508009
1785136086.4508009
1785136086.4508009
1785136086.4508009
1785136086.4508009
1785136086.4508009
1785136086.4508009
1785136086.4508009
1785136086.4508009
1785136086.4508009
1785136086.4508009
1785136086.4508009
1785136086.4508009
1785136086.4508009
1785136086.4508009
1785136086.4508009
1785136086.4508009
1785136086.4508009
1785136086.4508009
1785136086.4508009
1785136086.4508009
1785136086.4508009
1785136086.4508009
1785136086.4508009
1785136086.4508009
1785136086.4508009
1785136086.4508009
1785136086.4508009
1785136086.4508009
1785136086.4508009
1785136086.4508009
1785136086.4508009
1785136086.4508009
1785136086.4508009
1785136086.4508009
1785136086.4508009
1785136086.4508009
1785136086.4508009
1785136086.4508009
1785136086.4508009
1785136086.4508009
1785136086.4508009
1785136086.4508009
1785136086.4508009
1785136086.4508009
1785136086.4508009
1785136086.4508009
1785136086.4508009
1785136086.4508009
1785136086.4508009
1785136086.4508009
1785136086.4508009
1785136086.4508009
1785136086.4508009
1785136086.4508009
1785136086.4508009
1785136086.4508009
1785136086.4510231
1785136086.4510231
1785136086.4510231
1785136086.4510231
1785136086.4510231
1785136086.4510231
1785136086.4510231
1785136086.4510231
1785136086.4510231
1785136086.4510231
1785136086.4510231
1785136086.4510231
1785136086.4510231
1785136086.4510231
1785136086.4510231
1785136086.4510231
1785136086.4510231
1785136086.4510231
1785136086.4510231
1785136086.4510231
1785136086.4510231
1785136086.4510231
1785136086.4510231
1785136086.4510231
1785136086.4510231
1785136086.4510231
1785136086.4510231
1785136086.4510231
1785136086.4510231
1785136086.4510231
1785136086.4510231
1785136086.4510231
1785136086.4510231
1785136086.4510231
1785136086.4510231
1785136086.4510231
1785136086.4510231
1785136086.4510231
1785136086.4510231
1785136086.4510231
1785136086.4510231
1785136086.4510231
1785136086.4510231
1785136086.4510231
1785136086.4510231
1785136086.4510231
1785136086.4510231
1785136086.4510231
1785136086.4510231
1785136086.4510231
1785136086.4510231
1785136086.4510231
1785136086.4510231
1785136086.4510231
1785136086.4510231
1785136086.4510231
1785136086.4510231
1785136086.4510231
1785136086.4510231
1785136086.4510231
1785136086.4512451
1785136086.4512451
1785136086.4512451
1785136086.4512451
1785136086.4512451
1785136086.4512451
1785136086.4512451
1785136086.4512451
1785136086.4512451
1785136086.4512451
1785136086.4512451
1785136086.4512451
1785136086.4512451
1785136086.4512451
1785136086.4512451
1785136086.4512451
1785136086.4512451
1785136086.4512451
1785136086.4512451
1785136086.4512451
1785136086.4512451
1785136086.4512451
1785136086.4512451
1785136086.4512451
1785136086.4512451
1785136086.4512451
1785136086.4512451
1785136086.4512451
1785136086.4512451
1785136086.4512451
1785136086.4512451
1785136086.4512451
1785136086.4512451
1785136086.4512451
1785136086.4512451
1785136086.4512451
1785136086.4512451
1785136086.4512451
1785136086.4512451
1785136086.4512451
1785136086.4512451
1785136086.4512451
1785136086.4512451
1785136086.4512451
1785136086.4512451
1785136086.4512451
1785136086.4512451
1785136086.4512451
1785136086.4512451
1785136086.4512451
1785136086.4512451
1785136086.4512451
1785136086.4512451
1785136086.4512451
1785136086.4512451
1785136086.4512451
1785136086.4512451
1785136086.4512451
1785136086.4512451
1785136086.4512451
1785136086.4512451
1785136086.4512451
1785136086.4512451
1785136086.4514680
1785136086.4514680
1785136086.4514680
1785136086.4514680
1785136086.4514680
1785136086.4514680
1785136086.4514680
1785136086.4514680
1785136086.4514680
1785136086.4514680
1785136086.4514680
1785136086.4514680
1785136086.4514680
1785136086.4514680
1785136086.4514680
1785136086.4514680
1785136086.4514680
1785136086.4514680
1785136086.4514680
1785136086.4514680
1785136086.4514680
1785136086.4514680
1785136086.4514680
1785136086.4514680
1785136086.4514680
1785136086.4514680
1785136086.4514680
1785136086.4514680
1785136086.4514680
1785136086.4514680
1785136086.4514680
1785136086.4514680
1785136086.4514680
1785136086.4514680
1785136086.4514680
1785136086.4514680
1785136086.4514680
1785136086.4514680
1785136086.4514680
1785136086.4514680
1785136086.4514680
1785136086.4514680
1785136086.4514680
1785136086.4514680
1785136086.4514680
1785136086.4514680
1785136086.4514680
1785136086.4514680
1785136086.4514680
1785136086.4514680
1785136086.4514680
1785136086.4514680
1785136086.4514680
1785136086.4514680
1785136086.4514680
1785136086.4514680
1785136086.4514680
1785136086.4514680
1785136086.4514680
1785136086.4514680
1785136086.4514680
1785136086.4514680
1785136086.4514680
1785136086.4514680
1785136086.4514680
1785136086.4514680
1785136086.4514680
1785136086.4514680
1785136086.4514680
1785136086.4514680
1785136086.4514680
1785136086.4514680
1785136086.4514680
1785136086.4514680
1785136086.4514680
1785136086.4514680
1785136086.4514680
1785136086.4514680
1785136086.4514680
1785136086.4516900
1785136086.4516900
1785136086.4516900
1785136086.4516900
1785136086.4516900
1785136086.4516900
1785136086.4516900
1785136086.4516900
1785136086.4516900
1785136086.4516900
1785136086.4516900
1785136086.4516900
1785136086.4516900
1785136086.4516900
1785136086.4516900
1785136086.4516900
1785136086.4516900
1785136086.4516900
1785136086.4516900
1785136086.4516900
1785136086.4516900
1785136086.4516900
1785136086.4516900
1785136086.4516900
1785136086.4516900
1785136086.4516900
1785136086.4516900
1785136086.4516900
1785136086.4516900
1785136086.4516900
1785136086.4516900
1785136086.4516900
1785136086.4516900
1785136086.4516900
1785136086.4516900
1785136086.4516900
1785136086.4516900
1785136086.4516900
1785136086.4516900
1785136086.4516900
1785136086.4516900
1785136086.4516900
1785136086.4516900
1785136086.4516900
1785136086.4516900
1785136086.4516900
1785136086.4516900
1785136086.4516900
1785136086.4516900
1785136086.4516900
1785136086.4516900
1785136086.4516900
1785136086.4516900
1785136086.4516900
1785136086.4516900
1785136086.4516900
1785136086.4516900
1785136086.4516900
1785136086.4516900
1785136086.4516900
1785136086.4516900
1785136086.4516900
1785136086.4516900
1785136086.4516900
1785136086.4516900
1785136086.4516900
1785136086.4516900
1785136086.4516900
1785136086.4516900
1785136086.4516900
1785136086.4516900
1785136086.4516900
1785136086.4516900
1785136086.4516900
1785136086.4516900
1785136086.4516900
1785136086.4516900
1785136086.4516900
1785136086.4516900
1785136086.4519119
1785136086.4519119
1785136086.4519119
1785136086.4519119
1785136086.4519119
1785136086.4519119
1785136086.4519119
1785136086.4519119
1785136086.4519119
1785136086.4519119
1785136086.4519119
1785136086.4519119
1785136086.4519119
1785136086.4519119
1785136086.4519119
1785136086.4519119
1785136086.4519119
1785136086.4519119
1785136086.4519119
1785136086.4519119
1785136086.4519119
1785136086.4519119
1785136086.4519119
1785136086.4519119
1785136086.4519119
1785136086.4519119
1785136086.4519119
1785136086.4519119
1785136086.4519119
1785136086.4519119
1785136086.4519119
1785136086.4519119
1785136086.4519119
1785136086.4519119
1785136086.4519119
1785136086.4519119
1785136086.4519119
1785136086.4519119
1785136086.4519119
1785136086.4519119
1785136086.4519119
1785136086.4519119
1785136086.4519119
1785136086.4519119
1785136086.4519119
1785136086.4519119
1785136086.4519119
1785136086.4519119
1785136086.4519119
1785136086.4519119
1785136086.4519119
1785136086.4519119
1785136086.4519119
1785136086.4519119
1785136086.4519119
1785136086.4519119
1785136086.4519119
1785136086.4519119
1785136086.4519119
1785136086.4519119
1785136086.4519119
1785136086.4519119
1785136086.4519119
1785136086.4519119
1785136086.4519119
1785136086.4519119
1785136086.4519119
1785136086.4519119
1785136086.4519119
1785136086.4521339
1785136086.4521339
1785136086.4521339
1785136086.4521339
1785136086.4521339
1785136086.4521339
1785136086.4521339
1785136086.4521339
1785136086.4521339
1785136086.4521339
1785136086.4521339
1785136086.4521339
1785136086.4521339
1785136086.4521339
1785136086.4521339
1785136086.4521339
1785136086.4521339
1785136086.4521339
1785136086.4521339
1785136086.4521339
1785136086.4521339
1785136086.4521339
1785136086.4521339
1785136086.4521339
1785136086.4521339
1785136086.4521339
1785136086.4521339
1785136086.4521339
1785136086.4521339
1785136086.4521339
1785136086.4521339
1785136086.4521339
1785136086.4521339
1785136086.4521339
1785136086.4521339
1785136086.4521339
1785136086.4521339
1785136086.4521339
1785136086.4521339
1785136086.4521339
1785136086.4521339
1785136086.4521339
1785136086.4521339
1785136086.4521339
1785136086.4521339
1785136086.4521339
1785136086.4521339
1785136086.4521339
1785136086.4521339
1785136086.4521339
1785136086.4521339
1785136086.4521339
1785136086.4521339
1785136086.4521339
1785136086.4521339
1785136086.4521339
1785136086.4521339
1785136086.4521339
1785136086.4521339
1785136086.4521339
1785136086.4521339
1785136086.4521339
1785136086.4521339
1785136086.4521339
1785136086.4521339
1785136086.4521339
1785136086.4521339
1785136086.4521339
1785136086.4521339
1785136086.4523561
1785136086.4523561
1785136086.4523561
1785136086.4523561
1785136086.4523561
1785136086.4523561
1785136086.4523561
1785136086.4523561
1785136086.4523561
1785136086.4523561
1785136086.4523561
1785136086.4523561
1785136086.4523561
1785136086.4523561
1785136086.4523561
1785136086.4523561
1785136086.4523561
1785136086.4523561
1785136086.4523561
1785136086.4523561
1785136086.4523561
1785136086.4523561
1785136086.4523561
1785136086.4523561
1785136086.4523561
1785136086.4523561
1785136086.4523561
1785136086.4523561
1785136086.4523561
1785136086.4523561
1785136086.4523561
1785136086.4523561
1785136086.4523561
1785136086.4523561
1785136086.4523561
1785136086.4523561
1785136086.4523561
1785136086.4523561
1785136086.4523561
1785136086.4523561
1785136086.4523561
1785136086.4523561
1785136086.4523561
1785136086.4523561
1785136086.4523561
1785136086.4523561
1785136086.4523561
1785136086.4523561
1785136086.4523561
1785136086.4523561
1785136086.4523561
1785136086.4523561
1785136086.4523561
1785136086.4523561
1785136086.4523561
1785136086.4523561
1785136086.4523561
1785136086.4523561
1785136086.4523561
1785136086.4523561
1785136086.4523561
1785136086.4523561
1785136086.4523561
1785136086.4523561
1785136086.4523561
1785136086.4523561
1785136086.4523561
1785136086.4523561
1785136086.4525781
1785136086.4525781
1785136086.4525781
1785136086.4525781
1785136086.4525781
1785136086.4525781
1785136086.4525781
1785136086.4525781
1785136086.4525781
1785136086.4525781
1785136086.4525781
1785136086.4525781
1785136086.4525781
1785136086.4525781
1785136086.4525781
1785136086.4525781
1785136086.4525781
1785136086.4525781
1785136086.4525781
1785136086.4525781
1785136086.4525781
1785136086.4525781
1785136086.4525781
1785136086.4525781
1785136086.4525781
1785136086.4525781
1785136086.4525781
1785136086.4525781
1785136086.4525781
1785136086.4525781
1785136086.4525781
1785136086.4525781
1785136086.4525781
1785136086.4525781
1785136086.4525781
1785136086.4525781
1785136086.4525781
1785136086.4525781
1785136086.4525781
1785136086.4525781
1785136086.4525781
1785136086.4525781
1785136086.4525781
1785136086.4525781
1785136086.4525781
1785136086.4525781
1785136086.4525781
1785136086.4525781
1785136086.4525781
1785136086.4525781
1785136086.4525781
1785136086.4525781
1785136086.4525781
1785136086.4525781
1785136086.4525781
1785136086.4525781
1785136086.4525781
1785136086.4525781
1785136086.4525781
1785136086.4525781
1785136086.4525781
1785136086.4525781
1785136086.4525781
1785136086.4525781
1785136086.4525781
1785136086.4525781
1785136086.4525781
1785136086.4525781
1785136086.4525781
1785136086.4525781
1785136086.4528010
1785136086.4528010
1785136086.4528010
1785136086.4528010
1785136086.4528010
1785136086.4528010
1785136086.4528010
1785136086.4528010
1785136086.4528010
1785136086.4528010
1785136086.4528010
1785136086.4528010
1785136086.4528010
1785136086.4528010
1785136086.4528010
1785136086.4528010
1785136086.4528010
1785136086.4528010
1785136086.4528010
1785136086.4528010
1785136086.4528010
1785136086.4528010
1785136086.4528010
1785136086.4528010
1785136086.4528010
1785136086.4528010
1785136086.4528010
1785136086.4528010
1785136086.4528010
1785136086.4528010
1785136086.4528010
1785136086.4528010
1785136086.4528010
1785136086.4528010
1785136086.4528010
1785136086.4528010
1785136086.4528010
1785136086.4528010
1785136086.4528010
1785136086.4528010
1785136086.4528010
1785136086.4528010
1785136086.4528010
1785136086.4528010
1785136086.4528010
1785136086.4528010
1785136086.4528010
1785136086.4528010
1785136086.4528010
1785136086.4528010
1785136086.4528010
1785136086.4528010
1785136086.4528010
1785136086.4528010
1785136086.4528010
1785136086.4528010
1785136086.4528010
1785136086.4528010
1785136086.4528010
1785136086.4528010
1785136086.4528010
1785136086.4528010
1785136086.4528010
1785136086.4528010
1785136086.4528010
1785136086.4528010
1785136086.4528010
1785136086.4528010
1785136086.4528010
1785136086.4528010
1785136086.4528010
1785136086.4528010
1785136086.4528010
1785136086.4528010
1785136086.4528010
1785136086.4528010
1785136086.4528010
1785136086.4528010
1785136086.4530230
1785136086.4530230
1785136086.4530230
1785136086.4530230
1785136086.4530230
1785136086.4530230
1785136086.4530230
1785136086.4530230
1785136086.4530230
1785136086.4530230
1785136086.4530230
1785136086.4530230
1785136086.4530230
1785136086.4530230
1785136086.4530230
1785136086.4530230
1785136086.4530230
1785136086.4530230
1785136086.4530230
1785136086.4530230
1785136086.4530230
1785136086.4530230
1785136086.4530230
1785136086.4530230
1785136086.4530230
1785136086.4530230
1785136086.4530230
1785136086.4530230
1785136086.4530230
1785136086.4530230
1785136086.4530230
1785136086.4530230
1785136086.4530230
1785136086.4530230
1785136086.4530230
1785136086.4530230
1785136086.4530230
1785136086.4530230
1785136086.4530230
1785136086.4530230
1785136086.4530230
1785136086.4530230
1785136086.4530230
1785136086.4530230
1785136086.4530230
1785136086.4530230
1785136086.4530230
1785136086.4530230
1785136086.4530230
1785136086.4530230
1785136086.4530230
1785136086.4530230
1785136086.4530230
1785136086.4530230
1785136086.4530230
1785136086.4530230
1785136086.4530230
1785136086.4530230
1785136086.4530230
1785136086.4530230
1785136086.4530230
1785136086.4530230
1785136086.4530230
1785136086.4530230
1785136086.4530230
1785136086.4530230
1785136086.4530230
1785136086.4530230
1785136086.4530230
1785136086.4530230
1785136086.4532449
1785136086.4532449
1785136086.4532449
1785136086.4532449
1785136086.4532449
1785136086.4532449
1785136086.4532449
1785136086.4532449
1785136086.4532449
1785136086.4532449
1785136086.4532449
1785136086.4532449
1785136086.4532449
1785136086.4532449
1785136086.4532449
1785136086.4532449
1785136086.4532449
1785136086.4532449
1785136086.4532449
1785136086.4532449
1785136086.4532449
1785136086.4532449
1785136086.4532449
1785136086.4532449
1785136086.4532449
1785136086.4532449
1785136086.4532449
1785136086.4532449
1785136086.4532449
1785136086.4532449
1785136086.4532449
1785136086.4532449
1785136086.4532449
1785136086.4532449
1785136086.4532449
1785136086.4532449
1785136086.4532449
1785136086.4532449
1785136086.4532449
1785136086.4532449
1785136086.4532449
1785136086.4532449
1785136086.4532449
1785136086.4532449
1785136086.4532449
1785136086.4532449
1785136086.4532449
1785136086.4532449
1785136086.4532449
1785136086.4532449
1785136086.4532449
1785136086.4532449
1785136086.4532449
1785136086.4532449
1785136086.4532449
1785136086.4532449
1785136086.4532449
1785136086.4532449
1785136086.4532449
1785136086.4532449
1785136086.4532449
1785136086.4532449
1785136086.4532449
1785136086.4532449
1785136086.4532449
1785136086.4532449
1785136086.4532449
1785136086.4532449
1785136086.4532449
1785136086.4532449
1785136086.4532449
1785136086.4532449
1785136086.4534669
1785136086.4534669
1785136086.4534669
1785136086.4534669
1785136086.4534669
1785136086.4534669
1785136086.4534669
1785136086.4534669
1785136086.4534669
1785136086.4534669
1785136086.4534669
1785136086.4534669
1785136086.4534669
1785136086.4534669
1785136086.4534669
1785136086.4534669
1785136086.4534669
1785136086.4534669
1785136086.4534669
1785136086.4534669
1785136086.4534669
1785136086.4534669
1785136086.4534669
1785136086.4534669
1785136086.4534669
1785136086.4534669
1785136086.4534669
1785136086.4534669
1785136086.4534669
1785136086.4534669
1785136086.4534669
1785136086.4534669
1785136086.4534669
1785136086.4534669
1785136086.4534669
1785136086.4534669
1785136086.4534669
1785136086.4534669
1785136086.4534669
1785136086.4534669
1785136086.4534669
1785136086.4534669
1785136086.4534669
1785136086.4534669
1785136086.4534669
1785136086.4534669
1785136086.4534669
1785136086.4534669
1785136086.4534669
1785136086.4534669
1785136086.4534669
1785136086.4534669
1785136086.4534669
1785136086.4534669
1785136086.4534669
1785136086.4534669
1785136086.4534669
1785136086.4534669
1785136086.4534669
1785136086.4534669
1785136086.4534669
1785136086.4534669
1785136086.4534669
1785136086.4534669
1785136086.4534669
1785136086.4534669
1785136086.4534669
1785136086.4534669
1785136086.4534669
1785136086.4534669
1785136086.4534669
1785136086.4534669
1785136086.4534669
1785136086.4534669
1785136086.4534669
1785136086.4536891
1785136086.4536891
1785136086.4536891
1785136086.4536891
1785136086.4536891
1785136086.4536891
1785136086.4536891
1785136086.4536891
1785136086.4536891
1785136086.4536891
1785136086.4536891
1785136086.4536891
1785136086.4536891
1785136086.4536891
1785136086.4536891
1785136086.4536891
1785136086.4536891
1785136086.4536891
1785136086.4536891
1785136086.4536891
1785136086.4536891
1785136086.4536891
1785136086.4536891
1785136086.4536891
1785136086.4536891
1785136086.4536891
1785136086.4536891
1785136086.4536891
1785136086.4536891
1785136086.4536891
1785136086.4536891
1785136086.4536891
1785136086.4536891
1785136086.4536891
1785136086.4536891
1785136086.4536891
1785136086.4536891
1785136086.4536891
1785136086.4536891
1785136086.4536891
1785136086.4536891
1785136086.4536891
1785136086.4536891
1785136086.4536891
1785136086.4536891
1785136086.4536891
1785136086.4536891
1785136086.4536891
1785136086.4536891
1785136086.4536891
1785136086.4536891
1785136086.4536891
1785136086.4536891
1785136086.4536891
1785136086.4536891
1785136086.4536891
1785136086.4536891
1785136086.4536891
1785136086.4536891
1785136086.4536891
1785136086.4536891
1785136086.4536891
1785136086.4536891
1785136086.4536891
1785136086.4536891
1785136086.4536891
1785136086.4536891
1785136086.4536891
1785136086.4536891
1785136086.4536891
1785136086.4536891
1785136086.4536891
1785136086.4536891
1785136086.4536891
1785136086.4536891
1785136086.4536891
1785136086.4536891
1785136086.4536891
1785136086.4536891
1785136086.4536891
1785136086.4536891
1785136086.4536891
1785136086.4536891
1785136086.4536891
1785136086.4536891
1785136086.4536891
1785136086.4536891
1785136086.4536891
1785136086.4536891
1785136086.4536891
1785136086.4536891
1785136086.4536891
1785136086.4536891
1785136086.4536891
1785136086.4536891
1785136086.4536891
1785136086.4539120
1785136086.4539120
1785136086.4539120
1785136086.4539120
1785136086.4539120
1785136086.4539120
1785136086.4539120
1785136086.4539120
1785136086.4539120
1785136086.4539120
1785136086.4539120
1785136086.4539120
1785136086.4539120
1785136086.4539120
1785136086.4539120
1785136086.4539120
1785136086.4539120
1785136086.4539120
1785136086.4539120
1785136086.4539120
1785136086.4539120
1785136086.4539120
1785136086.4539120
1785136086.4539120
1785136086.4539120
1785136086.4539120
1785136086.4539120
1785136086.4539120
1785136086.4539120
1785136086.4539120
1785136086.4539120
1785136086.4539120
1785136086.4539120
1785136086.4539120
1785136086.4539120
1785136086.4539120
1785136086.4539120
1785136086.4539120
1785136086.4539120
1785136086.4539120
1785136086.4539120
1785136086.4539120
1785136086.4539120
1785136086.4539120
1785136086.4539120
1785136086.4539120
1785136086.4539120
1785136086.4539120
1785136086.4539120
1785136086.4539120
1785136086.4539120
1785136086.4539120
1785136086.4539120
1785136086.4539120
1785136086.4539120
1785136086.4539120
1785136086.4539120
1785136086.4539120
1785136086.4539120
1785136086.4539120
1785136086.4539120
1785136086.4539120
1785136086.4539120
1785136086.4539120
1785136086.4539120
1785136086.4539120
1785136086.4539120
1785136086.4539120
1785136086.4539120
1785136086.4539120
1785136086.4539120
1785136086.4539120
1785136086.4539120
1785136086.4539120
1785136086.4539120
1785136086.4539120
1785136086.4539120
1785136086.4539120
1785136086.4539120
1785136086.4539120
1785136086.4539120
1785136086.4539120
1785136086.4539120
1785136086.4539120
1785136086.4539120
1785136086.4541340
1785136086.4541340
1785136086.4541340
1785136086.4541340
1785136086.4541340
1785136086.4541340
1785136086.4541340
1785136086.4541340
1785136086.4541340
1785136086.4541340
1785136086.4541340
1785136086.4541340
1785136086.4541340
1785136086.4541340
1785136086.4541340
1785136086.4541340
1785136086.4541340
1785136086.4541340
1785136086.4541340
1785136086.4541340
1785136086.4541340
1785136086.4541340
1785136086.4541340
1785136086.4541340
1785136086.4541340
1785136086.4541340
1785136086.4541340
1785136086.4541340
1785136086.4541340
1785136086.4541340
1785136086.4541340
1785136086.4541340
1785136086.4541340
1785136086.4541340
1785136086.4541340
1785136086.4541340
1785136086.4541340
1785136086.4541340
1785136086.4541340
1785136086.4541340
1785136086.4541340
1785136086.4541340
1785136086.4541340
1785136086.4541340
1785136086.4541340
1785136086.4541340
1785136086.4541340
1785136086.4541340
1785136086.4541340
1785136086.4541340
1785136086.4541340
1785136086.4541340
1785136086.4541340
1785136086.4541340
1785136086.4541340
1785136086.4541340
1785136086.4541340
1785136086.4541340
1785136086.4541340
1785136086.4541340
1785136086.4541340
1785136086.4541340
1785136086.4541340
1785136086.4541340
1785136086.4541340
1785136086.4541340
1785136086.4541340
1785136086.4541340
1785136086.4541340
1785136086.4541340
1785136086.4541340
1785136086.4541340
1785136086.4541340
1785136086.4541340
1785136086.4541340
1785136086.4541340
1785136086.4541340
1785136086.4541340
1785136086.4541340
1785136086.4541340
1785136086.4543560
1785136086.4543560
1785136086.4543560
1785136086.4543560
1785136086.4543560
1785136086.4543560
1785136086.4543560
1785136086.4543560
1785136086.4543560
1785136086.4543560
1785136086.4543560
1785136086.4543560
1785136086.4543560
1785136086.4543560
1785136086.4543560
1785136086.4543560
1785136086.4543560
1785136086.4543560
1785136086.4543560
1785136086.4543560
1785136086.4543560
1785136086.4543560
1785136086.4543560
1785136086.4543560
1785136086.4543560
1785136086.4543560
1785136086.4543560
1785136086.4543560
1785136086.4543560
1785136086.4543560
1785136086.4543560
1785136086.4543560
1785136086.4543560
1785136086.4543560
1785136086.4543560
1785136086.4543560
1785136086.4543560
1785136086.4543560
1785136086.4543560
1785136086.4543560
1785136086.4543560
1785136086.4543560
1785136086.4543560
1785136086.4543560
1785136086.4543560
1785136086.4543560
1785136086.4543560
1785136086.4543560
1785136086.4543560
1785136086.4543560
1785136086.4543560
1785136086.4543560
1785136086.4543560
1785136086.4543560
1785136086.4543560
1785136086.4543560
1785136086.4543560
1785136086.4543560
1785136086.4543560
1785136086.4543560
1785136086.4543560
1785136086.4543560
1785136086.4543560
1785136086.4543560
1785136086.4543560
1785136086.4543560
1785136086.4543560
1785136086.4543560
1785136086.4543560
1785136086.4543560
1785136086.4543560
1785136086.4543560
1785136086.4543560
1785136086.4543560
1785136086.4543560
1785136086.4543560
1785136086.4543560
1785136086.4543560
1785136086.4543560
1785136086.4543560
1785136086.4543560
1785136086.4543560
1785136086.4543560
1785136086.4545779
1785136086.4545779
1785136086.4545779
1785136086.4545779
1785136086.4545779
1785136086.4545779
1785136086.4545779
1785136086.4545779
1785136086.4545779
1785136086.4545779
1785136086.4545779
1785136086.4545779
1785136086.4545779
1785136086.4545779
1785136086.4545779
1785136086.4545779
1785136086.4545779
1785136086.4545779
1785136086.4545779
1785136086.4545779
1785136086.4545779
1785136086.4545779
1785136086.4545779
1785136086.4545779
1785136086.4545779
1785136086.4545779
1785136086.4545779
1785136086.4545779
1785136086.4545779
1785136086.4545779
1785136086.4545779
1785136086.4545779
1785136086.4545779
1785136086.4545779
1785136086.4545779
1785136086.4545779
1785136086.4545779
1785136086.4545779
1785136086.4545779
1785136086.4545779
1785136086.4545779
1785136086.4545779
1785136086.4545779
1785136086.4545779
1785136086.4545779
1785136086.4545779
1785136086.4545779
1785136086.4545779
1785136086.4545779
1785136086.4545779
1785136086.4545779
1785136086.4545779
1785136086.4545779
1785136086.4545779
1785136086.4545779
1785136086.4545779
1785136086.4545779
1785136086.4545779
1785136086.4545779
1785136086.4545779
1785136086.4545779
1785136086.4545779
1785136086.4545779
1785136086.4545779
1785136086.4545779
1785136086.4545779
1785136086.4545779
1785136086.4545779
1785136086.4545779
1785136086.4545779
1785136086.4545779
1785136086.4545779
1785136086.4545779
1785136086.4545779
1785136086.4545779
1785136086.4545779
1785136086.4545779
1785136086.4545779
1785136086.4545779
1785136086.4545779
1785136086.4545779
1785136086.4545779
1785136086.4545779
1785136086.4545779
1785136086.4545779
1785136086.4545779
1785136086.4545779
1785136086.4545779
1785136086.4545779
1785136086.4545779
1785136086.4545779
1785136086.4545779
1785136086.4545779
1785136086.4545779
1785136086.4545779
1785136086.4545779
1785136086.4545779
1785136086.4545779
1785136086.4545779
1785136086.4545779
1785136086.4545779
1785136086.4545779
1785136086.4547999
1785136086.4547999
1785136086.4547999
1785136086.4547999
1785136086.4547999
1785136086.4547999
1785136086.4547999
1785136086.4547999
1785136086.4547999
1785136086.4547999
1785136086.4547999
1785136086.4547999
1785136086.4547999
1785136086.4547999
1785136086.4547999
1785136086.4547999
1785136086.4547999
1785136086.4547999
1785136086.4547999
1785136086.4547999
1785136086.4547999
1785136086.4547999
1785136086.4547999
1785136086.4547999
1785136086.4547999
1785136086.4547999
1785136086.4547999
1785136086.4547999
1785136086.4547999
1785136086.4547999
1785136086.4547999
1785136086.4547999
1785136086.4547999
1785136086.4547999
1785136086.4547999
1785136086.4547999
1785136086.4547999
1785136086.4547999
1785136086.4547999
1785136086.4547999
1785136086.4547999
1785136086.4547999
1785136086.4547999
1785136086.4547999
1785136086.4547999
1785136086.4547999
1785136086.4547999
1785136086.4547999
1785136086.4547999
1785136086.4547999
1785136086.4547999
1785136086.4547999
1785136086.4547999
1785136086.4547999
1785136086.4547999
1785136086.4547999
1785136086.4547999
1785136086.4547999
1785136086.4547999
1785136086.4547999
1785136086.4547999
1785136086.4547999
1785136086.4547999
1785136086.4547999
1785136086.4547999
1785136086.4547999
1785136086.4547999
1785136086.4547999
1785136086.4547999
1785136086.4547999
1785136086.4547999
1785136086.4547999
1785136086.4547999
1785136086.4547999
1785136086.4547999
1785136086.4547999
1785136086.4547999
1785136086.4547999
1785136086.4547999
1785136086.4550221
1785136086.4550221
1785136086.4550221
1785136086.4550221
1785136086.4550221
1785136086.4550221
1785136086.4550221
1785136086.4550221
1785136086.4550221
1785136086.4550221
1785136086.4550221
1785136086.4550221
1785136086.4550221
1785136086.4550221
1785136086.4550221
1785136086.4550221
1785136086.4550221
1785136086.4550221
1785136086.4550221
1785136086.4550221
1785136086.4550221
1785136086.4550221
1785136086.4550221
1785136086.4550221
1785136086.4550221
1785136086.4550221
1785136086.4550221
1785136086.4550221
1785136086.4550221
1785136086.4550221
1785136086.4550221
1785136086.4550221
1785136086.4550221
1785136086.4550221
1785136086.4550221
1785136086.4550221
1785136086.4550221
1785136086.4550221
1785136086.4550221
1785136086.4550221
1785136086.4550221
1785136086.4550221
1785136086.4550221
1785136086.4550221
1785136086.4550221
1785136086.4550221
1785136086.4550221
1785136086.4550221
1785136086.4550221
1785136086.4550221
1785136086.4550221
1785136086.4550221
1785136086.4550221
1785136086.4550221
1785136086.4550221
1785136086.4550221
1785136086.4550221
1785136086.4550221
1785136086.4550221
1785136086.4550221
1785136086.4550221
1785136086.4550221
1785136086.4550221
1785136086.4550221
1785136086.4550221
1785136086.4550221
1785136086.4550221
1785136086.4550221
1785136086.4550221
1785136086.4550221
1785136086.4550221
1785136086.4550221
1785136086.4550221
1785136086.4550221
1785136086.4550221
1785136086.4552450
1785136086.4552450
1785136086.4552450
1785136086.4552450
1785136086.4552450
1785136086.4552450
1785136086.4552450
1785136086.4552450
1785136086.4552450
1785136086.4552450
1785136086.4552450
1785136086.4552450
1785136086.4552450
1785136086.4552450
1785136086.4552450
1785136086.4552450
1785136086.4552450
1785136086.4552450
1785136086.4552450
1785136086.4552450
1785136086.4552450
1785136086.4552450
1785136086.4552450
1785136086.4552450
1785136086.4552450
1785136086.4552450
1785136086.4552450
1785136086.4552450
1785136086.4552450
1785136086.4552450
1785136086.4552450
1785136086.4552450
1785136086.4552450
1785136086.4552450
1785136086.4552450
1785136086.4552450
1785136086.4552450
1785136086.4552450
1785136086.4552450
1785136086.4552450
1785136086.4552450
1785136086.4552450
1785136086.4552450
1785136086.4552450
1785136086.4552450
1785136086.4552450
1785136086.4552450
1785136086.4552450
1785136086.4552450
1785136086.4552450
1785136086.4552450
1785136086.4552450
1785136086.4552450
1785136086.4552450
1785136086.4552450
1785136086.4552450
1785136086.4552450
1785136086.4552450
1785136086.4552450
1785136086.4552450
1785136086.4552450
1785136086.4552450
1785136086.4552450
1785136086.4552450
1785136086.4552450
1785136086.4552450
1785136086.4552450
1785136086.4552450
1785136086.4552450
1785136086.4552450
1785136086.4552450
1785136086.4552450
1785136086.4552450
1785136086.4552450
1785136086.4552450
1785136086.4554670
1785136086.4554670
1785136086.4554670
1785136086.4554670
1785136086.4554670
1785136086.4554670
1785136086.4554670
1785136086.4554670
1785136086.4554670
1785136086.4554670
1785136086.4554670
1785136086.4554670
1785136086.4554670
1785136086.4554670
1785136086.4554670
1785136086.4554670
1785136086.4554670
1785136086.4554670
1785136086.4554670
1785136086.4554670
1785136086.4554670
1785136086.4554670
1785136086.4554670
1785136086.4554670
1785136086.4554670
1785136086.4554670
1785136086.4554670
1785136086.4554670
1785136086.4554670
1785136086.4554670
1785136086.4554670
1785136086.4554670
1785136086.4554670
1785136086.4554670
1785136086.4554670
1785136086.4554670
1785136086.4554670
1785136086.4554670
1785136086.4554670
1785136086.4554670
1785136086.4554670
1785136086.4554670
1785136086.4554670
1785136086.4554670
1785136086.4554670
1785136086.4554670
1785136086.4554670
1785136086.4554670
1785136086.4554670
1785136086.4554670
1785136086.4554670
1785136086.4554670
1785136086.4554670
1785136086.4554670
1785136086.4554670
1785136086.4554670
1785136086.4554670
1785136086.4554670
1785136086.4554670
1785136086.4554670
1785136086.4554670
1785136086.4554670
1785136086.4554670
1785136086.4554670
1785136086.4554670
1785136086.4554670
1785136086.4554670
1785136086.4554670
1785136086.4554670
1785136086.4554670
1785136086.4554670
1785136086.4554670
1785136086.4554670
1785136086.4554670
1785136086.4554670
1785136086.4554670
1785136086.4554670
1785136086.4554670
1785136086.4554670
1785136086.4554670
1785136086.4554670
1785136086.4556890
1785136086.4556890
1785136086.4556890
1785136086.4556890
1785136086.4556890
1785136086.4556890
1785136086.4556890
1785136086.4556890
1785136086.4556890
1785136086.4556890
1785136086.4556890
1785136086.4556890
1785136086.4556890
1785136086.4556890
1785136086.4556890
1785136086.4556890
1785136086.4556890
1785136086.4556890
1785136086.4556890
1785136086.4556890
1785136086.4556890
1785136086.4556890
1785136086.4556890
1785136086.4556890
1785136086.4556890
1785136086.4556890
1785136086.4556890
1785136086.4556890
1785136086.4556890
1785136086.4556890
1785136086.4556890
1785136086.4556890
1785136086.4556890
1785136086.4556890
1785136086.4556890
1785136086.4556890
1785136086.4556890
1785136086.4556890
1785136086.4556890
1785136086.4556890
1785136086.4556890
1785136086.4556890
1785136086.4556890
1785136086.4556890
1785136086.4556890
1785136086.4556890
1785136086.4556890
1785136086.4556890
1785136086.4556890
1785136086.4556890
1785136086.4556890
1785136086.4556890
1785136086.4556890
1785136086.4556890
1785136086.4556890
1785136086.4556890
1785136086.4556890
1785136086.4556890
1785136086.4556890
1785136086.4556890
1785136086.4556890
1785136086.4556890
1785136086.4556890
1785136086.4556890
1785136086.4559109
1785136086.4559109
1785136086.4559109
1785136086.4559109
1785136086.4559109
1785136086.4559109
1785136086.4559109
1785136086.4559109
1785136086.4559109
1785136086.4559109
1785136086.4559109
1785136086.4559109
1785136086.4559109
1785136086.4559109
1785136086.4559109
1785136086.4559109
1785136086.4559109
1785136086.4559109
1785136086.4559109
1785136086.4559109
1785136086.4559109
1785136086.4559109
1785136086.4559109
1785136086.4559109
1785136086.4559109
1785136086.4559109
1785136086.4559109
1785136086.4559109
1785136086.4559109
1785136086.4559109
1785136086.4559109
1785136086.4559109
1785136086.4559109
1785136086.4559109
1785136086.4559109
1785136086.4559109
1785136086.4559109
1785136086.4559109
1785136086.4559109
1785136086.4559109
1785136086.4559109
1785136086.4559109
1785136086.4559109
1785136086.4559109
1785136086.4559109
1785136086.4559109
1785136086.4559109
1785136086.4559109
1785136086.4559109
1785136086.4559109
1785136086.4559109
1785136086.4559109
1785136086.4559109
1785136086.4559109
1785136086.4559109
1785136086.4559109
1785136086.4559109
1785136086.4559109
1785136086.4559109
1785136086.4559109
1785136086.4559109
1785136086.4559109
1785136086.4559109
1785136086.4561329
1785136086.4561329
1785136086.4561329
1785136086.4561329
1785136086.4561329
1785136086.4561329
1785136086.4561329
1785136086.4561329
1785136086.4561329
1785136086.4561329
1785136086.4561329
1785136086.4561329
1785136086.4561329
1785136086.4561329
1785136086.4561329
1785136086.4561329
1785136086.4561329
1785136086.4561329
1785136086.4561329
1785136086.4561329
1785136086.4561329
1785136086.4561329
1785136086.4561329
1785136086.4561329
1785136086.4561329
1785136086.4561329
1785136086.4561329
1785136086.4561329
1785136086.4561329
1785136086.4561329
1785136086.4561329
1785136086.4561329
1785136086.4561329
1785136086.4561329
1785136086.4561329
1785136086.4561329
1785136086.4561329
1785136086.4561329
1785136086.4561329
1785136086.4561329
1785136086.4561329
1785136086.4561329
1785136086.4561329
1785136086.4561329
1785136086.4561329
1785136086.4561329
1785136086.4561329
1785136086.4561329
1785136086.4561329
1785136086.4561329
1785136086.4561329
1785136086.4561329
1785136086.4561329
1785136086.4561329
1785136086.4561329
1785136086.4561329
1785136086.4561329
1785136086.4561329
1785136086.4561329
1785136086.4561329
1785136086.4561329
1785136086.4563551
1785136086.4563551
1785136086.4563551
1785136086.4563551
1785136086.4563551
1785136086.4563551
1785136086.4563551
1785136086.4563551
1785136086.4563551
1785136086.4563551
1785136086.4563551
1785136086.4563551
1785136086.4563551
1785136086.4563551
1785136086.4563551
1785136086.4563551
1785136086.4563551
1785136086.4563551
1785136086.4563551
1785136086.4563551
1785136086.4563551
1785136086.4563551
1785136086.4563551
1785136086.4563551
1785136086.4563551
1785136086.4563551
1785136086.4563551
1785136086.4563551
1785136086.4563551
1785136086.4563551
1785136086.4563551
1785136086.4563551
1785136086.4563551
1785136086.4563551
1785136086.4563551
1785136086.4563551
1785136086.4563551
1785136086.4563551
1785136086.4563551
1785136086.4563551
1785136086.4563551
1785136086.4563551
1785136086.4563551
1785136086.4563551
1785136086.4563551
1785136086.4563551
1785136086.4563551
1785136086.4563551
1785136086.4563551
1785136086.4563551
1785136086.4563551
1785136086.4563551
1785136086.4563551
1785136086.4563551
1785136086.4563551
1785136086.4563551
1785136086.4563551
1785136086.4563551
1785136086.4563551
1785136086.4565771
1785136086.4565771
1785136086.4565771
1785136086.4565771
1785136086.4565771
1785136086.4565771
1785136086.4565771
1785136086.4565771
1785136086.4565771
1785136086.4565771
1785136086.4565771
1785136086.4565771
1785136086.4565771
1785136086.4565771
1785136086.4565771
1785136086.4565771
1785136086.4565771
1785136086.4565771
1785136086.4565771
1785136086.4565771
1785136086.4565771
1785136086.4565771
1785136086.4565771
1785136086.4565771
1785136086.4565771
1785136086.4565771
1785136086.4565771
1785136086.4565771
1785136086.4565771
1785136086.4565771
1785136086.4565771
1785136086.4565771
1785136086.4565771
1785136086.4565771
1785136086.4565771
1785136086.4565771
1785136086.4565771
1785136086.4565771
1785136086.4565771
1785136086.4565771
1785136086.4565771
1785136086.4565771
1785136086.4565771
1785136086.4565771
1785136086.4565771
1785136086.4565771
1785136086.4565771
1785136086.4565771
1785136086.4565771
1785136086.4565771
1785136086.4565771
1785136086.4565771
1785136086.4565771
1785136086.4565771
1785136086.4568000
1785136086.4568000
1785136086.4568000
1785136086.4568000
1785136086.4568000
1785136086.4568000
1785136086.4568000
1785136086.4568000
1785136086.4568000
1785136086.4568000
1785136086.4568000
1785136086.4568000
1785136086.4568000
1785136086.4568000
1785136086.4568000
1785136086.4568000
1785136086.4568000
1785136086.4568000
1785136086.4568000
1785136086.4568000
1785136086.4568000
1785136086.4568000
1785136086.4568000
1785136086.4568000
1785136086.4568000
1785136086.4568000
1785136086.4568000
1785136086.4568000
1785136086.4568000
1785136086.4568000
1785136086.4568000
1785136086.4568000
1785136086.4568000
1785136086.4568000
1785136086.4568000
1785136086.4568000
1785136086.4568000
1785136086.4568000
1785136086.4568000
1785136086.4568000
1785136086.4568000
1785136086.4568000
1785136086.4568000
1785136086.4568000
1785136086.4568000
1785136086.4568000
1785136086.4568000
1785136086.4568000
1785136086.4568000
1785136086.4568000
1785136086.4568000
1785136086.4568000
1785136086.4568000
1785136086.4568000
1785136086.4570220
1785136086.4570220
1785136086.4570220
1785136086.4570220
1785136086.4570220
1785136086.4570220
1785136086.4570220
1785136086.4570220
1785136086.4570220
1785136086.4570220
1785136086.4570220
1785136086.4570220
1785136086.4570220
1785136086.4570220
1785136086.4570220
1785136086.4570220
1785136086.4570220
1785136086.4570220
1785136086.4570220
1785136086.4570220
1785136086.4570220
1785136086.4570220
1785136086.4570220
1785136086.4570220
1785136086.4570220
1785136086.4570220
1785136086.4570220
1785136086.4570220
1785136086.4570220
1785136086.4570220
1785136086.4570220
1785136086.4570220
1785136086.4570220
1785136086.4570220
1785136086.4570220
1785136086.4570220
1785136086.4570220
1785136086.4570220
1785136086.4570220
1785136086.4570220
1785136086.4570220
1785136086.4570220
1785136086.4570220
1785136086.4570220
1785136086.4570220
1785136086.4570220
1785136086.4570220
1785136086.4570220
1785136086.4570220
1785136086.4570220
1785136086.4570220
1785136086.4570220
1785136086.4570220
1785136086.4570220
1785136086.4570220
1785136086.4572439
1785136086.4572439
1785136086.4572439
1785136086.4572439
1785136086.4572439
1785136086.4572439
1785136086.4572439
1785136086.4572439
1785136086.4572439
1785136086.4572439
1785136086.4572439
1785136086.4572439
1785136086.4572439
1785136086.4572439
1785136086.4572439
1785136086.4572439
1785136086.4572439
1785136086.4572439
1785136086.4572439
1785136086.4572439
1785136086.4572439
1785136086.4572439
1785136086.4572439
1785136086.4572439
1785136086.4572439
1785136086.4572439
1785136086.4572439
1785136086.4572439
1785136086.4572439
1785136086.4572439
1785136086.4572439
1785136086.4572439
1785136086.4572439
1785136086.4572439
1785136086.4572439
1785136086.4572439
1785136086.4572439
1785136086.4572439
1785136086.4572439
1785136086.4572439
1785136086.4572439
1785136086.4572439
1785136086.4572439
1785136086.4572439
1785136086.4572439
1785136086.4572439
1785136086.4572439
1785136086.4572439
1785136086.4572439
1785136086.4572439
1785136086.4572439
1785136086.4572439
1785136086.4572439
1785136086.4572439
1785136086.4572439
1785136086.4572439
1785136086.4574659
1785136086.4574659
1785136086.4574659
1785136086.4574659
1785136086.4574659
1785136086.4574659
1785136086.4574659
1785136086.4574659
1785136086.4574659
1785136086.4574659
1785136086.4574659
1785136086.4574659
1785136086.4574659
1785136086.4574659
1785136086.4574659
1785136086.4574659
1785136086.4574659
1785136086.4574659
1785136086.4574659
1785136086.4574659
1785136086.4574659
1785136086.4574659
1785136086.4574659
1785136086.4574659
1785136086.4574659
1785136086.4574659
1785136086.4574659
1785136086.4574659
1785136086.4574659
1785136086.4574659
1785136086.4574659
1785136086.4574659
1785136086.4574659
1785136086.4574659
1785136086.4574659
1785136086.4574659
1785136086.4574659
1785136086.4574659
1785136086.4574659
1785136086.4574659
1785136086.4574659
1785136086.4574659
1785136086.4574659
1785136086.4574659
1785136086.4574659
1785136086.4574659
1785136086.4574659
1785136086.4574659
1785136086.4574659
1785136086.4574659
1785136086.4574659
1785136086.4574659
1785136086.4576881
1785136086.4576881
1785136086.4576881
1785136086.4576881
1785136086.4576881
1785136086.4576881
1785136086.4576881
1785136086.4576881
1785136086.4576881
1785136086.4576881
1785136086.4576881
1785136086.4576881
1785136086.4576881
1785136086.4576881
1785136086.4576881
1785136086.4576881
1785136086.4576881
1785136086.4576881
1785136086.4576881
1785136086.4576881
1785136086.4576881
1785136086.4576881
1785136086.4576881
1785136086.4576881
1785136086.4576881
1785136086.4576881
1785136086.4576881
1785136086.4576881
1785136086.4576881
1785136086.4576881
1785136086.4576881
1785136086.4576881
1785136086.4576881
1785136086.4576881
1785136086.4576881
1785136086.4576881
1785136086.4576881
1785136086.4576881
1785136086.4576881
1785136086.4576881
1785136086.4576881
1785136086.4576881
1785136086.4576881
1785136086.4576881
1785136086.4576881
1785136086.4576881
1785136086.4576881
1785136086.4576881
1785136086.4576881
1785136086.4576881
1785136086.4576881
1785136086.4576881
1785136086.4579101
1785136086.4579101
1785136086.4579101
1785136086.4579101
1785136086.4579101
1785136086.4579101
1785136086.4579101
1785136086.4579101
1785136086.4579101
1785136086.4579101
1785136086.4579101
1785136086.4579101
1785136086.4579101
1785136086.4579101
1785136086.4579101
1785136086.4579101
1785136086.4579101
1785136086.4579101
1785136086.4579101
1785136086.4579101
1785136086.4579101
1785136086.4579101
1785136086.4579101
1785136086.4579101
1785136086.4579101
1785136086.4579101
1785136086.4579101
1785136086.4579101
1785136086.4579101
1785136086.4579101
1785136086.4579101
1785136086.4579101
1785136086.4579101
1785136086.4579101
1785136086.4579101
1785136086.4579101
1785136086.4579101
1785136086.4579101
1785136086.4579101
1785136086.4579101
1785136086.4579101
1785136086.4579101
1785136086.4579101
1785136086.4579101
1785136086.4579101
1785136086.4579101
1785136086.4579101
1785136086.4579101
1785136086.4579101
1785136086.4581320
1785136086.4581320
1785136086.4581320
1785136086.4581320
1785136086.4581320
1785136086.4581320
1785136086.4581320
1785136086.4581320
1785136086.4581320
1785136086.4581320
1785136086.4581320
1785136086.4581320
1785136086.4581320
1785136086.4581320
1785136086.4581320
1785136086.4581320
1785136086.4581320
1785136086.4581320
1785136086.4581320
1785136086.4581320
1785136086.4581320
1785136086.4581320
1785136086.4581320
1785136086.4581320
1785136086.4581320
1785136086.4581320
1785136086.4581320
1785136086.4581320
1785136086.4581320
1785136086.4581320
1785136086.4581320
1785136086.4581320
1785136086.4581320
1785136086.4581320
1785136086.4581320
1785136086.4581320
1785136086.4581320
1785136086.4581320
1785136086.4581320
1785136086.4581320
1785136086.4581320
1785136086.4581320
1785136086.4581320
1785136086.4581320
1785136086.4581320
1785136086.4581320
1785136086.4581320
1785136086.4581320
1785136086.4583549
1785136086.4583549
1785136086.4583549
1785136086.4583549
1785136086.4583549
1785136086.4583549
1785136086.4583549
1785136086.4583549
1785136086.4583549
1785136086.4583549
1785136086.4583549
1785136086.4583549
1785136086.4583549
1785136086.4583549
1785136086.4583549
1785136086.4583549
1785136086.4583549
1785136086.4583549
1785136086.4583549
1785136086.4583549
1785136086.4583549
1785136086.4583549
1785136086.4583549
1785136086.4583549
1785136086.4583549
1785136086.4583549
1785136086.4583549
1785136086.4583549
1785136086.4583549
1785136086.4583549
1785136086.4583549
1785136086.4583549
1785136086.4583549
1785136086.4583549
1785136086.4583549
1785136086.4583549
1785136086.4583549
1785136086.4583549
1785136086.4583549
1785136086.4583549
1785136086.4583549
1785136086.4583549
1785136086.4583549
1785136086.4583549
1785136086.4583549
1785136086.4585781
1785136086.4585781
1785136086.4585781
1785136086.4585781
1785136086.4585781
1785136086.4585781
1785136086.4585781
1785136086.4585781
1785136086.4585781
1785136086.4585781
1785136086.4585781
1785136086.4585781
1785136086.4585781
1785136086.4585781
1785136086.4585781
1785136086.4585781
1785136086.4585781
1785136086.4585781
1785136086.4585781
1785136086.4585781
1785136086.4585781
1785136086.4585781
1785136086.4585781
1785136086.4585781
1785136086.4585781
1785136086.4585781
1785136086.4585781
1785136086.4585781
1785136086.4585781
1785136086.4585781
1785136086.4585781
1785136086.4585781
1785136086.4585781
1785136086.4585781
1785136086.4585781
1785136086.4585781
1785136086.4585781
1785136086.4585781
1785136086.4585781
1785136086.4585781
1785136086.4585781
1785136086.4585781
1785136086.4585781
1785136086.4588001
1785136086.4588001
1785136086.4588001
1785136086.4588001
1785136086.4588001
1785136086.4588001
1785136086.4588001
1785136086.4588001
1785136086.4588001
1785136086.4588001
1785136086.4588001
1785136086.4588001
1785136086.4588001
1785136086.4588001
1785136086.4588001
1785136086.4588001
1785136086.4588001
1785136086.4588001
1785136086.4588001
1785136086.4588001
1785136086.4588001
1785136086.4588001
1785136086.4588001
1785136086.4588001
1785136086.4588001
1785136086.4588001
1785136086.4588001
1785136086.4588001
1785136086.4588001
1785136086.4588001
1785136086.4588001
1785136086.4588001
1785136086.4588001
1785136086.4588001
1785136086.4588001
1785136086.4588001
1785136086.4588001
1785136086.4588001
1785136086.4588001
1785136086.4588001
1785136086.4588001
1785136086.4588001
1785136086.4588001
1785136086.4590211
1785136086.4590211
1785136086.4590211
1785136086.4590211
1785136086.4590211
1785136086.4590211
1785136086.4590211
1785136086.4590211
1785136086.4590211
1785136086.4590211
1785136086.4590211
1785136086.4590211
1785136086.4590211
1785136086.4590211
1785136086.4590211
1785136086.4590211
1785136086.4590211
1785136086.4590211
1785136086.4590211
1785136086.4590211
1785136086.4590211
1785136086.4590211
1785136086.4590211
1785136086.4590211
1785136086.4590211
1785136086.4590211
1785136086.4590211
1785136086.4590211
1785136086.4590211
1785136086.4590211
1785136086.4590211
1785136086.4590211
1785136086.4590211
1785136086.4590211
1785136086.4590211
1785136086.4590211
1785136086.4590211
1785136086.4590211
1785136086.4590211
1785136086.4590211
1785136086.4590211
1785136086.4590211
1785136086.4590211
1785136086.4592431
1785136086.4592431
1785136086.4592431
1785136086.4592431
1785136086.4592431
1785136086.4592431
1785136086.4592431
1785136086.4592431
1785136086.4592431
1785136086.4592431
1785136086.4592431
1785136086.4592431
1785136086.4592431
1785136086.4592431
1785136086.4592431
1785136086.4592431
1785136086.4592431
1785136086.4592431
1785136086.4592431
1785136086.4592431
1785136086.4592431
1785136086.4592431
1785136086.4592431
1785136086.4592431
1785136086.4592431
1785136086.4592431
1785136086.4592431
1785136086.4592431
1785136086.4592431
1785136086.4592431
1785136086.4592431
1785136086.4592431
1785136086.4592431
1785136086.4592431
1785136086.4592431
1785136086.4592431
1785136086.4592431
1785136086.4592431
1785136086.4592431
1785136086.4592431
1785136086.4592431
1785136086.4592431
1785136086.4592431
1785136086.4594660
1785136086.4594660
1785136086.4594660
1785136086.4594660
1785136086.4594660
1785136086.4594660
1785136086.4594660
1785136086.4594660
1785136086.4594660
1785136086.4594660
1785136086.4594660
1785136086.4594660
1785136086.4594660
1785136086.4594660
1785136086.4594660
1785136086.4594660
1785136086.4594660
1785136086.4594660
1785136086.4594660
1785136086.4594660
1785136086.4594660
1785136086.4594660
1785136086.4594660
1785136086.4594660
1785136086.4594660
1785136086.4594660
1785136086.4594660
1785136086.4594660
1785136086.4594660
1785136086.4594660
1785136086.4594660
1785136086.4594660
1785136086.4594660
1785136086.4594660
1785136086.4594660
1785136086.4594660
1785136086.4594660
1785136086.4594660
1785136086.4594660
1785136086.4594660
1785136086.4594660
1785136086.4594660
1785136086.4594660
1785136086.4596870
1785136086.4596870
1785136086.4596870
1785136086.4596870
1785136086.4596870
1785136086.4596870
1785136086.4596870
1785136086.4596870
1785136086.4596870
1785136086.4596870
1785136086.4596870
1785136086.4596870
1785136086.4596870
1785136086.4596870
1785136086.4596870
1785136086.4596870
1785136086.4596870
1785136086.4596870
1785136086.4596870
1785136086.4596870
1785136086.4596870
1785136086.4596870
1785136086.4596870
1785136086.4596870
1785136086.4596870
1785136086.4596870
1785136086.4596870
1785136086.4596870
1785136086.4596870
1785136086.4596870
1785136086.4596870
1785136086.4596870
1785136086.4596870
1785136086.4596870
1785136086.4596870
1785136086.4596870
1785136086.4596870
1785136086.4596870
1785136086.4596870
1785136086.4596870
1785136086.4596870
1785136086.4596870
1785136086.4596870
1785136086.4599090
1785136086.4599090
1785136086.4599090
1785136086.4599090
1785136086.4599090
1785136086.4599090
1785136086.4599090
1785136086.4599090
1785136086.4599090
1785136086.4599090
1785136086.4599090
1785136086.4599090
1785136086.4599090
1785136086.4599090
1785136086.4599090
1785136086.4599090
1785136086.4599090
1785136086.4599090
1785136086.4599090
1785136086.4599090
1785136086.4599090
1785136086.4599090
1785136086.4599090
1785136086.4599090
1785136086.4599090
1785136086.4599090
1785136086.4599090
1785136086.4599090
1785136086.4599090
1785136086.4599090
1785136086.4599090
1785136086.4599090
1785136086.4599090
1785136086.4599090
1785136086.4599090
1785136086.4599090
1785136086.4599090
1785136086.4599090
1785136086.4599090
1785136086.4599090
1785136086.4599090
1785136086.4599090
1785136086.4599090
1785136086.4601319
1785136086.4601319
1785136086.4601319
1785136086.4601319
1785136086.4601319
1785136086.4601319
1785136086.4601319
1785136086.4601319
1785136086.4601319
1785136086.4601319
1785136086.4601319
1785136086.4601319
1785136086.4601319
1785136086.4601319
1785136086.4601319
1785136086.4601319
1785136086.4601319
1785136086.4601319
1785136086.4601319
1785136086.4601319
1785136086.4601319
1785136086.4601319
1785136086.4601319
1785136086.4601319
1785136086.4601319
1785136086.4601319
1785136086.4601319
1785136086.4601319
1785136086.4601319
1785136086.4601319
1785136086.4601319
1785136086.4601319
1785136086.4601319
1785136086.4601319
1785136086.4601319
1785136086.4601319
1785136086.4601319
1785136086.4601319
1785136086.4601319
1785136086.4601319
1785136086.4601319
1785136086.4601319
1785136086.4601319
1785136086.4601319
1785136086.4603541
1785136086.4603541
1785136086.4603541
1785136086.4603541
1785136086.4603541
1785136086.4603541
1785136086.4603541
1785136086.4603541
1785136086.4603541
1785136086.4603541
1785136086.4603541
1785136086.4603541
1785136086.4603541
1785136086.4603541
1785136086.4603541
1785136086.4603541
1785136086.4603541
1785136086.4603541
1785136086.4603541
1785136086.4603541
1785136086.4603541
1785136086.4603541
1785136086.4603541
1785136086.4603541
1785136086.4603541
1785136086.4603541
1785136086.4603541
1785136086.4603541
1785136086.4603541
1785136086.4603541
1785136086.4603541
1785136086.4603541
1785136086.4603541
1785136086.4603541
1785136086.4603541
1785136086.4603541
1785136086.4603541
1785136086.4603541
1785136086.4603541
1785136086.4603541
1785136086.4603541
1785136086.4603541
1785136086.4603541
1785136086.4603541
1785136086.4605761
1785136086.4605761
1785136086.4605761
1785136086.4605761
1785136086.4605761
1785136086.4605761
1785136086.4605761
1785136086.4605761
1785136086.4605761
1785136086.4605761
1785136086.4605761
1785136086.4605761
1785136086.4605761
1785136086.4605761
1785136086.4605761
1785136086.4605761
1785136086.4605761
1785136086.4605761
1785136086.4605761
1785136086.4605761
1785136086.4605761
1785136086.4605761
1785136086.4605761
1785136086.4605761
1785136086.4605761
1785136086.4605761
1785136086.4605761
1785136086.4605761
1785136086.4605761
1785136086.4605761
1785136086.4605761
1785136086.4605761
1785136086.4605761
1785136086.4605761
1785136086.4605761
1785136086.4605761
1785136086.4605761
1785136086.4605761
1785136086.4605761
1785136086.4605761
1785136086.4605761
1785136086.4605761
1785136086.4605761
1785136086.4605761
1785136086.4607990
1785136086.4607990
1785136086.4607990
1785136086.4607990
1785136086.4607990
1785136086.4607990
1785136086.4607990
1785136086.4607990
1785136086.4607990
1785136086.4607990
1785136086.4607990
1785136086.4607990
1785136086.4607990
1785136086.4607990
1785136086.4607990
1785136086.4607990
1785136086.4607990
1785136086.4607990
1785136086.4607990
1785136086.4607990
1785136086.4607990
1785136086.4607990
1785136086.4607990
1785136086.4607990
1785136086.4607990
1785136086.4607990
1785136086.4607990
1785136086.4607990
1785136086.4607990
1785136086.4607990
1785136086.4607990
1785136086.4607990
1785136086.4607990
1785136086.4607990
1785136086.4607990
1785136086.4607990
1785136086.4607990
1785136086.4607990
1785136086.4607990
1785136086.4607990
1785136086.4607990
1785136086.4607990
1785136086.4607990
1785136086.4607990
1785136086.4610209
1785136086.4610209
1785136086.4610209
1785136086.4610209
1785136086.4610209
1785136086.4610209
1785136086.4610209
1785136086.4610209
1785136086.4610209
1785136086.4610209
1785136086.4610209
1785136086.4610209
1785136086.4610209
1785136086.4610209
1785136086.4610209
1785136086.4610209
1785136086.4610209
1785136086.4610209
1785136086.4610209
1785136086.4610209
1785136086.4610209
1785136086.4610209
1785136086.4610209
1785136086.4610209
1785136086.4610209
1785136086.4610209
1785136086.4610209
1785136086.4610209
1785136086.4610209
1785136086.4610209
1785136086.4610209
1785136086.4610209
1785136086.4610209
1785136086.4610209
1785136086.4610209
1785136086.4610209
1785136086.4610209
1785136086.4610209
1785136086.4610209
1785136086.4610209
1785136086.4610209
1785136086.4610209
1785136086.4610209
1785136086.4610209
1785136086.4612429
1785136086.4612429
1785136086.4612429
1785136086.4612429
1785136086.4612429
1785136086.4612429
1785136086.4612429
1785136086.4612429
1785136086.4612429
1785136086.4612429
1785136086.4612429
1785136086.4612429
1785136086.4612429
1785136086.4612429
1785136086.4612429
1785136086.4612429
1785136086.4612429
1785136086.4612429
1785136086.4612429
1785136086.4612429
1785136086.4612429
1785136086.4612429
1785136086.4612429
1785136086.4612429
1785136086.4612429
1785136086.4612429
1785136086.4612429
1785136086.4612429
1785136086.4612429
1785136086.4612429
1785136086.4612429
1785136086.4612429
1785136086.4612429
1785136086.4612429
1785136086.4612429
1785136086.4612429
1785136086.4612429
1785136086.4612429
1785136086.4612429
1785136086.4612429
1785136086.4612429
1785136086.4612429
1785136086.4612429
1785136086.4612429
1785136086.4614649
1785136086.4614649
1785136086.4614649
1785136086.4614649
1785136086.4614649
1785136086.4614649
1785136086.4614649
1785136086.4614649
1785136086.4614649
1785136086.4614649
1785136086.4614649
1785136086.4614649
1785136086.4614649
1785136086.4614649
1785136086.4614649
1785136086.4614649
1785136086.4614649
1785136086.4614649
1785136086.4614649
1785136086.4614649
1785136086.4614649
1785136086.4614649
1785136086.4614649
1785136086.4614649
1785136086.4614649
1785136086.4614649
1785136086.4614649
1785136086.4614649
1785136086.4614649
1785136086.4614649
1785136086.4614649
1785136086.4614649
1785136086.4614649
1785136086.4614649
1785136086.4614649
1785136086.4614649
1785136086.4614649
1785136086.4614649
1785136086.4614649
1785136086.4614649
1785136086.4614649
1785136086.4614649
1785136086.4614649
1785136086.4614649
1785136086.4616890
1785136086.4616890
1785136086.4616890
1785136086.4616890
1785136086.4616890
1785136086.4616890
1785136086.4616890
1785136086.4616890
1785136086.4616890
1785136086.4616890
1785136086.4616890
1785136086.4616890
1785136086.4616890
1785136086.4616890
1785136086.4616890
1785136086.4616890
1785136086.4616890
1785136086.4616890
1785136086.4616890
1785136086.4616890
1785136086.4616890
1785136086.4616890
1785136086.4616890
1785136086.4616890
1785136086.4616890
1785136086.4616890
1785136086.4616890
1785136086.4616890
1785136086.4616890
1785136086.4616890
1785136086.4616890
1785136086.4616890
1785136086.4616890
1785136086.4616890
1785136086.4616890
1785136086.4616890
1785136086.4616890
1785136086.4616890
1785136086.4616890
1785136086.4616890
1785136086.4616890
1785136086.4616890
1785136086.4616890
1785136086.4616890
1785136086.4616890
1785136086.4619091
1785136086.4619091
1785136086.4619091
1785136086.4619091
1785136086.4619091
1785136086.4619091
1785136086.4619091
1785136086.4619091
1785136086.4619091
1785136086.4619091
1785136086.4619091
1785136086.4619091
1785136086.4619091
1785136086.4619091
1785136086.4619091
1785136086.4619091
1785136086.4619091
1785136086.4619091
1785136086.4619091
1785136086.4619091
1785136086.4619091
1785136086.4619091
1785136086.4619091
1785136086.4619091
1785136086.4619091
1785136086.4619091
1785136086.4619091
1785136086.4619091
1785136086.4619091
1785136086.4619091
1785136086.4619091
1785136086.4619091
1785136086.4619091
1785136086.4619091
1785136086.4619091
1785136086.4619091
1785136086.4619091
1785136086.4619091
1785136086.4619091
1785136086.4619091
1785136086.4619091
1785136086.4619091
1785136086.4619091
1785136086.4619091
1785136086.4619091
1785136086.4621320
1785136086.4621320
1785136086.4621320
1785136086.4621320
1785136086.4621320
1785136086.4621320
1785136086.4621320
1785136086.4621320
1785136086.4621320
1785136086.4621320
1785136086.4621320
1785136086.4621320
1785136086.4621320
1785136086.4621320
1785136086.4621320
1785136086.4621320
1785136086.4621320
1785136086.4621320
1785136086.4621320
1785136086.4621320
1785136086.4621320
1785136086.4621320
1785136086.4621320
1785136086.4621320
1785136086.4621320
1785136086.4621320
1785136086.4621320
1785136086.4621320
1785136086.4621320
1785136086.4621320
1785136086.4621320
1785136086.4621320
1785136086.4621320
1785136086.4621320
1785136086.4621320
1785136086.4621320
1785136086.4621320
1785136086.4621320
1785136086.4621320
1785136086.4621320
1785136086.4621320
1785136086.4621320
1785136086.4621320
1785136086.4621320
1785136086.4621320
1785136086.4623530
1785136086.4623530
1785136086.4623530
1785136086.4623530
1785136086.4623530
1785136086.4623530
1785136086.4623530
1785136086.4623530
1785136086.4623530
1785136086.4623530
1785136086.4623530
1785136086.4623530
1785136086.4623530
1785136086.4623530
1785136086.4623530
1785136086.4623530
1785136086.4623530
1785136086.4623530
1785136086.4623530
1785136086.4623530
1785136086.4623530
1785136086.4623530
1785136086.4623530
1785136086.4623530
1785136086.4623530
1785136086.4623530
1785136086.4623530
1785136086.4623530
1785136086.4623530
1785136086.4623530
1785136086.4623530
1785136086.4623530
1785136086.4623530
1785136086.4623530
1785136086.4623530
1785136086.4623530
1785136086.4623530
1785136086.4623530
1785136086.4623530
1785136086.4623530
1785136086.4623530
1785136086.4623530
1785136086.4623530
1785136086.4623530
1785136086.4623530
1785136086.4625759
1785136086.4625759
1785136086.4625759
1785136086.4625759
1785136086.4625759
1785136086.4625759
1785136086.4625759
1785136086.4625759
1785136086.4625759
1785136086.4625759
1785136086.4625759
1785136086.4625759
1785136086.4625759
1785136086.4625759
1785136086.4625759
1785136086.4625759
1785136086.4625759
1785136086.4625759
1785136086.4625759
1785136086.4625759
1785136086.4625759
1785136086.4625759
1785136086.4625759
1785136086.4625759
1785136086.4625759
1785136086.4625759
1785136086.4625759
1785136086.4625759
1785136086.4625759
1785136086.4625759
1785136086.4625759
1785136086.4625759
1785136086.4625759
1785136086.4625759
1785136086.4625759
1785136086.4625759
1785136086.4625759
1785136086.4625759
1785136086.4625759
1785136086.4625759
1785136086.4625759
1785136086.4625759
1785136086.4625759
1785136086.4625759
1785136086.4625759
1785136086.4625759
1785136086.4625759
1785136086.4625759
1785136086.4625759
1785136086.4625759
1785136086.4625759
1785136086.4625759
1785136086.4625759
1785136086.4625759
1785136086.4625759
1785136086.4625759
1785136086.4625759
1785136086.4625759
1785136086.4625759
1785136086.4625759
1785136086.4625759
1785136086.4625759
1785136086.4627981
1785136086.4627981
1785136086.4627981
1785136086.4627981
1785136086.4627981
1785136086.4627981
1785136086.4627981
1785136086.4627981
1785136086.4627981
1785136086.4627981
1785136086.4627981
1785136086.4627981
1785136086.4627981
1785136086.4627981
1785136086.4627981
1785136086.4627981
1785136086.4627981
1785136086.4627981
1785136086.4627981
1785136086.4627981
1785136086.4627981
1785136086.4627981
1785136086.4627981
1785136086.4627981
1785136086.4627981
1785136086.4627981
1785136086.4627981
1785136086.4627981
1785136086.4627981
1785136086.4627981
1785136086.4627981
1785136086.4627981
1785136086.4627981
1785136086.4627981
1785136086.4627981
1785136086.4627981
1785136086.4627981
1785136086.4627981
1785136086.4627981
1785136086.4627981
1785136086.4627981
1785136086.4627981
1785136086.4627981
1785136086.4627981
1785136086.4627981
1785136086.4627981
1785136086.4627981
1785136086.4627981
1785136086.4627981
1785136086.4627981
1785136086.4627981
1785136086.4627981
1785136086.4627981
1785136086.4627981
1785136086.4627981
1785136086.4627981
1785136086.4627981
1785136086.4627981
1785136086.4627981
1785136086.4627981
1785136086.4627981
1785136086.4627981
1785136086.4627981
1785136086.4627981
1785136086.4627981
1785136086.4630201
1785136086.4630201
1785136086.4630201
1785136086.4630201
1785136086.4630201
1785136086.4630201
1785136086.4630201
1785136086.4630201
1785136086.4630201
1785136086.4630201
1785136086.4630201
1785136086.4630201
1785136086.4630201
1785136086.4630201
1785136086.4630201
1785136086.4630201
1785136086.4630201
1785136086.4630201
1785136086.4630201
1785136086.4630201
1785136086.4630201
1785136086.4630201
1785136086.4630201
1785136086.4630201
1785136086.4630201
1785136086.4630201
1785136086.4630201
1785136086.4630201
1785136086.4630201
1785136086.4630201
1785136086.4630201
1785136086.4630201
1785136086.4630201
1785136086.4630201
1785136086.4630201
1785136086.4630201
1785136086.4630201
1785136086.4630201
1785136086.4630201
1785136086.4630201
1785136086.4630201
1785136086.4630201
1785136086.4630201
1785136086.4630201
1785136086.4630201
1785136086.4630201
1785136086.4630201
1785136086.4630201
1785136086.4630201
1785136086.4630201
1785136086.4630201
1785136086.4630201
1785136086.4630201
1785136086.4630201
1785136086.4630201
1785136086.4630201
1785136086.4630201
1785136086.4630201
1785136086.4630201
1785136086.4630201
1785136086.4630201
1785136086.4630201
1785136086.4630201
1785136086.4630201
1785136086.4630201
1785136086.4632421
1785136086.4632421
1785136086.4632421
1785136086.4632421
1785136086.4632421
1785136086.4632421
1785136086.4632421
1785136086.4632421
1785136086.4632421
1785136086.4632421
1785136086.4632421
1785136086.4632421
1785136086.4632421
1785136086.4632421
1785136086.4632421
1785136086.4632421
1785136086.4632421
1785136086.4632421
1785136086.4632421
1785136086.4632421
1785136086.4632421
1785136086.4632421
1785136086.4632421
1785136086.4632421
1785136086.4632421
1785136086.4632421
1785136086.4632421
1785136086.4632421
1785136086.4632421
1785136086.4632421
1785136086.4632421
1785136086.4632421
1785136086.4632421
1785136086.4632421
1785136086.4632421
1785136086.4632421
1785136086.4632421
1785136086.4632421
1785136086.4632421
1785136086.4632421
1785136086.4632421
1785136086.4632421
1785136086.4632421
1785136086.4632421
1785136086.4632421
1785136086.4632421
1785136086.4632421
1785136086.4632421
1785136086.4632421
1785136086.4632421
1785136086.4632421
1785136086.4632421
1785136086.4632421
1785136086.4632421
1785136086.4632421
1785136086.4632421
1785136086.4632421
1785136086.4632421
1785136086.4632421
1785136086.4632421
1785136086.4632421
1785136086.4632421
1785136086.4632421
1785136086.4632421
1785136086.4632421
1785136086.4634640
1785136086.4634640
1785136086.4634640
1785136086.4634640
1785136086.4634640
1785136086.4634640
1785136086.4634640
1785136086.4634640
1785136086.4634640
1785136086.4634640
1785136086.4634640
1785136086.4634640
1785136086.4634640
1785136086.4634640
1785136086.4634640
1785136086.4634640
1785136086.4634640
1785136086.4634640
1785136086.4634640
1785136086.4634640
1785136086.4634640
1785136086.4634640
1785136086.4634640
1785136086.4634640
1785136086.4634640
1785136086.4634640
1785136086.4634640
1785136086.4634640
1785136086.4634640
1785136086.4634640
1785136086.4634640
1785136086.4634640
1785136086.4634640
1785136086.4634640
1785136086.4634640
1785136086.4634640
1785136086.4634640
1785136086.4634640
1785136086.4634640
1785136086.4634640
1785136086.4634640
1785136086.4634640
1785136086.4634640
1785136086.4634640
1785136086.4634640
1785136086.4634640
1785136086.4634640
1785136086.4634640
1785136086.4634640
1785136086.4634640
1785136086.4634640
1785136086.4634640
1785136086.4634640
1785136086.4634640
1785136086.4634640
1785136086.4634640
1785136086.4636869
1785136086.4636869
1785136086.4636869
1785136086.4636869
1785136086.4636869
1785136086.4636869
1785136086.4636869
1785136086.4636869
1785136086.4636869
1785136086.4636869
1785136086.4636869
1785136086.4636869
1785136086.4636869
1785136086.4636869
1785136086.4636869
1785136086.4636869
1785136086.4636869
1785136086.4636869
1785136086.4636869
1785136086.4636869
1785136086.4636869
1785136086.4636869
1785136086.4636869
1785136086.4636869
1785136086.4636869
1785136086.4636869
1785136086.4636869
1785136086.4636869
1785136086.4636869
1785136086.4636869
1785136086.4636869
1785136086.4636869
1785136086.4636869
1785136086.4636869
1785136086.4636869
1785136086.4636869
1785136086.4636869
1785136086.4636869
1785136086.4636869
1785136086.4636869
1785136086.4636869
1785136086.4636869
1785136086.4636869
1785136086.4636869
1785136086.4636869
1785136086.4636869
1785136086.4636869
1785136086.4636869
1785136086.4636869
1785136086.4636869
1785136086.4636869
1785136086.4636869
1785136086.4636869
1785136086.4636869
1785136086.4636869
1785136086.4636869
1785136086.4636869
1785136086.4639080
1785136086.4639080
1785136086.4639080
1785136086.4639080
1785136086.4639080
1785136086.4639080
1785136086.4639080
1785136086.4639080
1785136086.4639080
1785136086.4639080
1785136086.4639080
1785136086.4639080
1785136086.4639080
1785136086.4639080
1785136086.4639080
1785136086.4639080
1785136086.4639080
1785136086.4639080
1785136086.4639080
1785136086.4639080
1785136086.4639080
1785136086.4639080
1785136086.4639080
1785136086.4639080
1785136086.4639080
1785136086.4639080
1785136086.4639080
1785136086.4639080
1785136086.4639080
1785136086.4639080
1785136086.4639080
1785136086.4639080
1785136086.4639080
1785136086.4639080
1785136086.4639080
1785136086.4639080
1785136086.4639080
1785136086.4639080
1785136086.4639080
1785136086.4639080
1785136086.4639080
1785136086.4639080
1785136086.4639080
1785136086.4639080
1785136086.4639080
1785136086.4639080
1785136086.4639080
1785136086.4639080
1785136086.4639080
1785136086.4639080
1785136086.4639080
1785136086.4639080
1785136086.4639080
1785136086.4639080
1785136086.4639080
1785136086.4639080
1785136086.4639080
1785136086.4639080
1785136086.4641311
1785136086.4641311
1785136086.4641311
1785136086.4641311
1785136086.4641311
1785136086.4641311
1785136086.4641311
1785136086.4641311
1785136086.4641311
1785136086.4641311
1785136086.4641311
1785136086.4641311
1785136086.4641311
1785136086.4641311
1785136086.4641311
1785136086.4641311
1785136086.4641311
1785136086.4641311
1785136086.4641311
1785136086.4641311
1785136086.4641311
1785136086.4641311
1785136086.4641311
1785136086.4641311
1785136086.4641311
1785136086.4641311
1785136086.4641311
1785136086.4641311
1785136086.4641311
1785136086.4641311
1785136086.4641311
1785136086.4641311
1785136086.4641311
1785136086.4641311
1785136086.4641311
1785136086.4641311
1785136086.4641311
1785136086.4641311
1785136086.4641311
1785136086.4641311
1785136086.4641311
1785136086.4641311
1785136086.4641311
1785136086.4641311
1785136086.4641311
1785136086.4641311
1785136086.4641311
1785136086.4641311
1785136086.4641311
1785136086.4641311
1785136086.4641311
1785136086.4641311
1785136086.4641311
1785136086.4641311
1785136086.4641311
1785136086.4641311
1785136086.4641311
1785136086.4641311
1785136086.4641311
1785136086.4641311
1785136086.4641311
1785136086.4641311
1785136086.4641311
1785136086.4641311
1785136086.4641311
1785136086.4643540
1785136086.4643540
1785136086.4643540
1785136086.4643540
1785136086.4643540
1785136086.4643540
1785136086.4643540
1785136086.4643540
1785136086.4643540
1785136086.4643540
1785136086.4643540
1785136086.4643540
1785136086.4643540
1785136086.4643540
1785136086.4643540
1785136086.4643540
1785136086.4643540
1785136086.4643540
1785136086.4643540
1785136086.4643540
1785136086.4643540
1785136086.4643540
1785136086.4643540
1785136086.4643540
1785136086.4643540
1785136086.4643540
1785136086.4643540
1785136086.4643540
1785136086.4643540
1785136086.4643540
1785136086.4643540
1785136086.4643540
1785136086.4643540
1785136086.4643540
1785136086.4643540
1785136086.4643540
1785136086.4643540
1785136086.4643540
1785136086.4643540
1785136086.4643540
1785136086.4643540
1785136086.4643540
1785136086.4643540
1785136086.4643540
1785136086.4643540
1785136086.4643540
1785136086.4643540
1785136086.4643540
1785136086.4643540
1785136086.4643540
1785136086.4643540
1785136086.4643540
1785136086.4643540
1785136086.4643540
1785136086.4643540
1785136086.4643540
1785136086.4643540
1785136086.4643540
1785136086.4643540
1785136086.4643540
1785136086.4643540
1785136086.4643540
1785136086.4643540
1785136086.4643540
1785136086.4643540
1785136086.4643540
1785136086.4643540
1785136086.4643540
1785136086.4643540
1785136086.4643540
1785136086.4643540
1785136086.4645829
1785136086.4645829
1785136086.4645829
1785136086.4645829
1785136086.4645829
1785136086.4645829
1785136086.4645829
1785136086.4645829
1785136086.4645829
1785136086.4645829
1785136086.4645829
1785136086.4645829
1785136086.4645829
1785136086.4645829
1785136086.4645829
1785136086.4645829
1785136086.4645829
1785136086.4645829
1785136086.4645829
1785136086.4645829
1785136086.4645829
1785136086.4645829
1785136086.4645829
1785136086.4645829
1785136086.4645829
1785136086.4645829
1785136086.4645829
1785136086.4645829
1785136086.4645829
1785136086.4645829
1785136086.4645829
1785136086.4645829
1785136086.4645829
1785136086.4645829
1785136086.4645829
1785136086.4645829
1785136086.4645829
1785136086.4645829
1785136086.4645829
1785136086.4645829
1785136086.4645829
1785136086.4645829
1785136086.4645829
1785136086.4645829
1785136086.4645829
1785136086.4645829
1785136086.4645829
1785136086.4645829
1785136086.4645829
1785136086.4645829
1785136086.4645829
1785136086.4645829
1785136086.4645829
1785136086.4645829
1785136086.4645829
1785136086.4645829
1785136086.4645829
1785136086.4645829
1785136086.4645829
1785136086.4645829
1785136086.4645829
1785136086.4645829
1785136086.4645829
1785136086.4645829
1785136086.4645829
1785136086.4645829
1785136086.4645829
1785136086.4645829
1785136086.4645829
1785136086.4645829
1785136086.4648039
1785136086.4648039
1785136086.4648039
1785136086.4648039
1785136086.4648039
1785136086.4648039
1785136086.4648039
1785136086.4648039
1785136086.4648039
1785136086.4648039
1785136086.4648039
1785136086.4648039
1785136086.4648039
1785136086.4648039
1785136086.4648039
1785136086.4648039
1785136086.4648039
1785136086.4648039
1785136086.4648039
1785136086.4648039
1785136086.4648039
1785136086.4648039
1785136086.4648039
1785136086.4648039
1785136086.4648039
1785136086.4648039
1785136086.4648039
1785136086.4648039
1785136086.4648039
1785136086.4648039
1785136086.4648039
1785136086.4648039
1785136086.4648039
1785136086.4648039
1785136086.4648039
1785136086.4648039
1785136086.4648039
1785136086.4648039
1785136086.4648039
1785136086.4648039
1785136086.4648039
1785136086.4648039
1785136086.4648039
1785136086.4648039
1785136086.4648039
1785136086.4648039
1785136086.4648039
1785136086.4648039
1785136086.4648039
1785136086.4648039
1785136086.4648039
1785136086.4648039
1785136086.4648039
1785136086.4648039
1785136086.4648039
1785136086.4648039
1785136086.4648039
1785136086.4648039
1785136086.4648039
1785136086.4648039
1785136086.4648039
1785136086.4648039
1785136086.4648039
1785136086.4648039
1785136086.4648039
1785136086.4648039
1785136086.4648039
1785136086.4648039
1785136086.4648039
1785136086.4648039
1785136086.4650199
1785136086.4650199
1785136086.4650199
1785136086.4650199
1785136086.4650199
1785136086.4650199
1785136086.4650199
1785136086.4650199
1785136086.4650199
1785136086.4650199
1785136086.4650199
1785136086.4650199
1785136086.4650199
1785136086.4650199
1785136086.4650199
1785136086.4650199
1785136086.4650199
1785136086.4650199
1785136086.4650199
1785136086.4650199
1785136086.4650199
1785136086.4650199
1785136086.4650199
1785136086.4650199
1785136086.4650199
1785136086.4650199
1785136086.4650199
1785136086.4650199
1785136086.4650199
1785136086.4650199
1785136086.4650199
1785136086.4650199
1785136086.4650199
1785136086.4650199
1785136086.4650199
1785136086.4650199
1785136086.4650199
1785136086.4650199
1785136086.4650199
1785136086.4650199
1785136086.4650199
1785136086.4650199
1785136086.4650199
1785136086.4650199
1785136086.4650199
1785136086.4650199
1785136086.4650199
1785136086.4650199
1785136086.4650199
1785136086.4650199
1785136086.4650199
1785136086.4650199
1785136086.4650199
1785136086.4650199
1785136086.4650199
1785136086.4650199
1785136086.4650199
1785136086.4650199
1785136086.4650199
1785136086.4650199
1785136086.4650199
1785136086.4650199
1785136086.4650199
1785136086.4650199
1785136086.4652419
1785136086.4652419
1785136086.4652419
1785136086.4652419
1785136086.4652419
1785136086.4652419
1785136086.4652419
1785136086.4652419
1785136086.4652419
1785136086.4652419
1785136086.4652419
1785136086.4652419
1785136086.4652419
1785136086.4652419
1785136086.4652419
1785136086.4652419
1785136086.4652419
1785136086.4652419
1785136086.4652419
1785136086.4652419
1785136086.4652419
1785136086.4652419
1785136086.4652419
1785136086.4652419
1785136086.4652419
1785136086.4652419
1785136086.4652419
1785136086.4652419
1785136086.4652419
1785136086.4652419
1785136086.4652419
1785136086.4652419
1785136086.4652419
1785136086.4652419
1785136086.4652419
1785136086.4652419
1785136086.4652419
1785136086.4652419
1785136086.4652419
1785136086.4652419
1785136086.4652419
1785136086.4652419
1785136086.4652419
1785136086.4652419
1785136086.4652419
1785136086.4652419
1785136086.4652419
1785136086.4652419
1785136086.4652419
1785136086.4652419
1785136086.4652419
1785136086.4652419
1785136086.4652419
1785136086.4652419
1785136086.4652419
1785136086.4652419
1785136086.4652419
1785136086.4652419
1785136086.4652419
1785136086.4652419
1785136086.4652419
1785136086.4652419
1785136086.4652419
1785136086.4654641
1785136086.4654641
1785136086.4654641
1785136086.4654641
1785136086.4654641
1785136086.4654641
1785136086.4654641
1785136086.4654641
1785136086.4654641
1785136086.4654641
1785136086.4654641
1785136086.4654641
1785136086.4654641
1785136086.4654641
1785136086.4654641
1785136086.4654641
1785136086.4654641
1785136086.4654641
1785136086.4654641
1785136086.4654641
1785136086.4654641
1785136086.4654641
1785136086.4654641
1785136086.4654641
1785136086.4654641
1785136086.4654641
1785136086.4654641
1785136086.4654641
1785136086.4654641
1785136086.4654641
1785136086.4654641
1785136086.4654641
1785136086.4654641
1785136086.4654641
1785136086.4654641
1785136086.4654641
1785136086.4654641
1785136086.4654641
1785136086.4654641
1785136086.4654641
1785136086.4654641
1785136086.4654641
1785136086.4654641
1785136086.4654641
1785136086.4654641
1785136086.4654641
1785136086.4654641
1785136086.4654641
1785136086.4654641
1785136086.4654641
1785136086.4654641
1785136086.4654641
1785136086.4654641
1785136086.4654641
1785136086.4654641
1785136086.4654641
1785136086.4654641
1785136086.4654641
1785136086.4654641
1785136086.4654641
1785136086.4654641
1785136086.4654641
1785136086.4654641
1785136086.4656849
1785136086.4656849
1785136086.4656849
1785136086.4656849
1785136086.4656849
1785136086.4656849
1785136086.4656849
1785136086.4656849
1785136086.4656849
1785136086.4656849
1785136086.4656849
1785136086.4656849
1785136086.4656849
1785136086.4656849
1785136086.4656849
1785136086.4656849
1785136086.4656849
1785136086.4656849
1785136086.4656849
1785136086.4656849
1785136086.4656849
1785136086.4656849
1785136086.4656849
1785136086.4656849
1785136086.4656849
1785136086.4656849
1785136086.4656849
1785136086.4656849
1785136086.4656849
1785136086.4656849
1785136086.4656849
1785136086.4656849
1785136086.4656849
1785136086.4656849
1785136086.4656849
1785136086.4656849
1785136086.4656849
1785136086.4656849
1785136086.4656849
1785136086.4656849
1785136086.4656849
1785136086.4656849
1785136086.4656849
1785136086.4656849
1785136086.4656849
1785136086.4656849
1785136086.4656849
1785136086.4656849
1785136086.4656849
1785136086.4656849
1785136086.4656849
1785136086.4656849
1785136086.4656849
1785136086.4656849
1785136086.4656849
1785136086.4656849
1785136086.4656849
1785136086.4656849
1785136086.4656849
1785136086.4656849
1785136086.4656849
1785136086.4656849
1785136086.4656849
1785136086.4656849
1785136086.4659081
1785136086.4659081
1785136086.4659081
1785136086.4659081
1785136086.4659081
1785136086.4659081
1785136086.4659081
1785136086.4659081
1785136086.4659081
1785136086.4659081
1785136086.4659081
1785136086.4659081
1785136086.4659081
1785136086.4659081
1785136086.4659081
1785136086.4659081
1785136086.4659081
1785136086.4659081
1785136086.4659081
1785136086.4659081
1785136086.4659081
1785136086.4659081
1785136086.4659081
1785136086.4659081
1785136086.4659081
1785136086.4659081
1785136086.4659081
1785136086.4659081
1785136086.4659081
1785136086.4659081
1785136086.4659081
1785136086.4659081
1785136086.4659081
1785136086.4659081
1785136086.4659081
1785136086.4659081
1785136086.4659081
1785136086.4659081
1785136086.4659081
1785136086.4659081
1785136086.4659081
1785136086.4659081
1785136086.4659081
1785136086.4659081
1785136086.4659081
1785136086.4659081
1785136086.4659081
1785136086.4659081
1785136086.4659081
1785136086.4659081
1785136086.4659081
1785136086.4659081
1785136086.4659081
1785136086.4659081
1785136086.4659081
1785136086.4659081
1785136086.4659081
1785136086.4659081
1785136086.4659081
1785136086.4659081
1785136086.4659081
1785136086.4659081
1785136086.4661300
1785136086.4661300
1785136086.4661300
1785136086.4661300
1785136086.4661300
1785136086.4661300
1785136086.4661300
1785136086.4661300
1785136086.4661300
1785136086.4661300
1785136086.4661300
1785136086.4661300
1785136086.4661300
1785136086.4661300
1785136086.4661300
1785136086.4661300
1785136086.4661300
1785136086.4661300
1785136086.4661300
1785136086.4661300
1785136086.4661300
1785136086.4661300
1785136086.4661300
1785136086.4661300
1785136086.4661300
1785136086.4661300
1785136086.4661300
1785136086.4661300
1785136086.4661300
1785136086.4661300
1785136086.4661300
1785136086.4661300
1785136086.4661300
1785136086.4661300
1785136086.4661300
1785136086.4661300
1785136086.4661300
1785136086.4661300
1785136086.4661300
1785136086.4661300
1785136086.4661300
1785136086.4661300
1785136086.4661300
1785136086.4661300
1785136086.4661300
1785136086.4661300
1785136086.4661300
1785136086.4661300
1785136086.4661300
1785136086.4661300
1785136086.4661300
1785136086.4661300
1785136086.4661300
1785136086.4661300
1785136086.4661300
1785136086.4661300
1785136086.4661300
1785136086.4661300
1785136086.4661300
1785136086.4661300
1785136086.4661300
1785136086.4663520
1785136086.4663520
1785136086.4663520
1785136086.4663520
1785136086.4663520
1785136086.4663520
1785136086.4663520
1785136086.4663520
1785136086.4663520
1785136086.4663520
1785136086.4663520
1785136086.4663520
1785136086.4663520
1785136086.4663520
1785136086.4663520
1785136086.4663520
1785136086.4663520
1785136086.4663520
1785136086.4663520
1785136086.4663520
1785136086.4663520
1785136086.4663520
1785136086.4663520
1785136086.4663520
1785136086.4663520
1785136086.4663520
1785136086.4663520
1785136086.4663520
1785136086.4663520
1785136086.4663520
1785136086.4663520
1785136086.4663520
1785136086.4663520
1785136086.4663520
1785136086.4663520
1785136086.4663520
1785136086.4663520
1785136086.4663520
1785136086.4663520
1785136086.4663520
1785136086.4663520
1785136086.4663520
1785136086.4663520
1785136086.4663520
1785136086.4663520
1785136086.4663520
1785136086.4663520
1785136086.4663520
1785136086.4663520
1785136086.4663520
1785136086.4663520
1785136086.4663520
1785136086.4663520
1785136086.4663520
1785136086.4663520
1785136086.4663520
1785136086.4663520
1785136086.4663520
1785136086.4663520
1785136086.4663520
1785136086.4663520
1785136086.4665740
1785136086.4665740
1785136086.4665740
1785136086.4665740
1785136086.4665740
1785136086.4665740
1785136086.4665740
1785136086.4665740
1785136086.4665740
1785136086.4665740
1785136086.4665740
1785136086.4665740
1785136086.4665740
1785136086.4665740
1785136086.4665740
1785136086.4665740
1785136086.4665740
1785136086.4665740
1785136086.4665740
1785136086.4665740
1785136086.4665740
1785136086.4665740
1785136086.4665740
1785136086.4665740
1785136086.4665740
1785136086.4665740
1785136086.4665740
1785136086.4665740
1785136086.4665740
1785136086.4665740
1785136086.4665740
1785136086.4665740
1785136086.4665740
1785136086.4665740
1785136086.4665740
1785136086.4665740
1785136086.4665740
1785136086.4665740
1785136086.4665740
1785136086.4665740
1785136086.4665740
1785136086.4665740
1785136086.4665740
1785136086.4665740
1785136086.4665740
1785136086.4665740
1785136086.4665740
1785136086.4665740
1785136086.4665740
1785136086.4665740
1785136086.4665740
1785136086.4665740
1785136086.4665740
1785136086.4665740
1785136086.4665740
1785136086.4665740
1785136086.4665740
1785136086.4665740
1785136086.4665740
1785136086.4665740
1785136086.4665740
1785136086.4667959
1785136086.4667959
1785136086.4667959
1785136086.4667959
1785136086.4667959
1785136086.4667959
1785136086.4667959
1785136086.4667959
1785136086.4667959
1785136086.4667959
1785136086.4667959
1785136086.4667959
1785136086.4667959
1785136086.4667959
1785136086.4667959
1785136086.4667959
1785136086.4667959
1785136086.4667959
1785136086.4667959
1785136086.4667959
1785136086.4667959
1785136086.4667959
1785136086.4667959
1785136086.4667959
1785136086.4667959
1785136086.4667959
1785136086.4667959
1785136086.4667959
1785136086.4667959
1785136086.4667959
1785136086.4667959
1785136086.4667959
1785136086.4667959
1785136086.4667959
1785136086.4667959
1785136086.4667959
1785136086.4667959
1785136086.4667959
1785136086.4667959
1785136086.4667959
1785136086.4667959
1785136086.4667959
1785136086.4667959
1785136086.4667959
1785136086.4667959
1785136086.4667959
1785136086.4667959
1785136086.4667959
1785136086.4667959
1785136086.4667959
1785136086.4667959
1785136086.4667959
1785136086.4667959
1785136086.4667959
1785136086.4667959
1785136086.4667959
1785136086.4667959
1785136086.4667959
1785136086.4667959
1785136086.4667959
1785136086.4670191
1785136086.4670191
1785136086.4670191
1785136086.4670191
1785136086.4670191
1785136086.4670191
1785136086.4670191
1785136086.4670191
1785136086.4670191
1785136086.4670191
1785136086.4670191
1785136086.4670191
1785136086.4670191
1785136086.4670191
1785136086.4670191
1785136086.4670191
1785136086.4670191
1785136086.4670191
1785136086.4670191
1785136086.4670191
1785136086.4670191
1785136086.4670191
1785136086.4670191
1785136086.4670191
1785136086.4670191
1785136086.4670191
1785136086.4670191
1785136086.4670191
1785136086.4670191
1785136086.4670191
1785136086.4670191
1785136086.4670191
1785136086.4670191
1785136086.4670191
1785136086.4670191
1785136086.4670191
1785136086.4670191
1785136086.4670191
1785136086.4670191
1785136086.4670191
1785136086.4670191
1785136086.4670191
1785136086.4670191
1785136086.4670191
1785136086.4670191
1785136086.4672410
1785136086.4672410
1785136086.4672410
1785136086.4672410
1785136086.4672410
1785136086.4672410
1785136086.4672410
1785136086.4672410
1785136086.4672410
1785136086.4672410
1785136086.4672410
1785136086.4672410
1785136086.4672410
1785136086.4672410
1785136086.4672410
1785136086.4672410
1785136086.4672410
1785136086.4672410
1785136086.4672410
1785136086.4672410
1785136086.4672410
1785136086.4672410
1785136086.4672410
1785136086.4672410
1785136086.4672410
1785136086.4674630
1785136086.4674630
1785136086.4674630
1785136086.4674630
1785136086.4674630
1785136086.4674630
1785136086.4674630
1785136086.4674630
1785136086.4674630
1785136086.4674630
1785136086.4674630
1785136086.4674630
1785136086.4674630
1785136086.4674630
1785136086.4674630
1785136086.4674630
1785136086.4674630
1785136086.4674630
1785136086.4674630
1785136086.4674630
1785136086.4674630
1785136086.4674630
1785136086.4674630
1785136086.4674630
1785136086.4674630
1785136086.4674630
1785136086.4676850
1785136086.4676850
1785136086.4676850
1785136086.4676850
1785136086.4676850
1785136086.4676850
1785136086.4676850
1785136086.4676850
1785136086.4676850
1785136086.4676850
1785136086.4676850
1785136086.4676850
1785136086.4676850
1785136086.4676850
1785136086.4676850
1785136086.4676850
1785136086.4676850
1785136086.4676850
1785136086.4676850
1785136086.4676850
1785136086.4676850
1785136086.4676850
1785136086.4676850
1785136086.4676850
1785136086.4676850
1785136086.4676850
1785136086.4676850
1785136086.4676850
1785136086.4676850
1785136086.4676850
1785136086.4676850
1785136086.4676850
1785136086.4676850
1785136086.4676850
1785136086.4676850
1785136086.4679070
1785136086.4679070
1785136086.4679070
1785136086.4679070
1785136086.4679070
1785136086.4679070
1785136086.4679070
1785136086.4679070
1785136086.4679070
1785136086.4679070
1785136086.4679070
1785136086.4679070
1785136086.4679070
1785136086.4679070
1785136086.4679070
1785136086.4679070
1785136086.4679070
1785136086.4681301
1785136086.4681301
1785136086.4681301
1785136086.4681301
1785136086.4681301
1785136086.4681301
1785136086.4681301
1785136086.4681301
1785136086.4681301
1785136086.4681301
1785136086.4681301
1785136086.4681301
1785136086.4681301
1785136086.4681301
1785136086.4681301
1785136086.4681301
1785136086.4681301
1785136086.4683509
1785136086.4683509
1785136086.4683509
1785136086.4683509
1785136086.4683509
1785136086.4683509
1785136086.4683509
1785136086.4683509
1785136086.4683509
1785136086.4683509
1785136086.4683509
1785136086.4683509
1785136086.4683509
1785136086.4683509
1785136086.4683509
1785136086.4683509
1785136086.4683509
1785136086.4685740
1785136086.4685740
1785136086.4685740
1785136086.4685740
1785136086.4685740
1785136086.4685740
1785136086.4685740
1785136086.4685740
1785136086.4685740
1785136086.4685740
1785136086.4685740
1785136086.4685740
1785136086.4685740
1785136086.4685740
1785136086.4685740
1785136086.4685740
1785136086.4685740
1785136086.4687960
1785136086.4687960
1785136086.4687960
1785136086.4687960
1785136086.4687960
1785136086.4687960
1785136086.4687960
1785136086.4687960
1785136086.4687960
1785136086.4687960
1785136086.4687960
1785136086.4687960
1785136086.4687960
1785136086.4687960
1785136086.4687960
1785136086.4690180
1785136086.4690180
1785136086.4690180
1785136086.4690180
1785136086.4690180
1785136086.4690180
1785136086.4690180
1785136086.4690180
1785136086.4690180
1785136086.4690180
1785136086.4690180
1785136086.4739060
1785136086.4739060
1785136086.4739060
1785136086.4739060
1785136086.4739060
1785136086.4739060
1785136086.4739060
1785136086.4739060
1785136086.4739060
1785136086.4741280
1785136086.4741280
1785136086.4741280
1785136086.4741280
1785136086.4741280
1785136086.4741280
1785136086.4741280
1785136086.4741280
1785136086.4741280
1785136086.4741280
1785136086.4741280
1785136086.4743500
1785136086.4743500
1785136086.4743500
1785136086.4743500
1785136086.4743500
1785136086.4743500
1785136086.4743500
1785136086.4743500
1785136086.4743500
1785136086.4743500
1785136086.4743500
1785136086.4745729
1785136086.4745729
1785136086.4745729
1785136086.4745729
1785136086.4745729
1785136086.4745729
1785136086.4745729
1785136086.4745729
1785136086.4745729
1785136086.4745729
1785136086.4745729
1785136086.4745729
1785136086.4747939
1785136086.4747939
1785136086.4747939
1785136086.4747939
1785136086.4747939
1785136086.4747939
1785136086.4747939
1785136086.4747939
1785136086.4747939
1785136086.4747939
1785136086.4747939
1785136086.4747939
1785136086.4747939
1785136086.4747939
1785136086.4750171
1785136086.4750171
1785136086.4750171
1785136086.4750171
1785136086.4750171
1785136086.4750171
1785136086.4750171
1785136086.4750171
1785136086.4750171
1785136086.4750171
1785136086.4750171
1785136086.4750171
1785136086.4750171
1785136086.4750171
1785136086.4750171
1785136086.4750171
1785136086.4752390
1785136086.4752390
1785136086.4752390
1785136086.4752390
1785136086.4752390
1785136086.4752390
1785136086.4752390
1785136086.4752390
1785136086.4752390
1785136086.4752390
1785136086.4752390
1785136086.4752390
1785136086.4752390
1785136086.4752390
1785136086.4752390
1785136086.4752390
1785136086.4754610
1785136086.4754610
1785136086.4754610
1785136086.4754610
1785136086.4754610
1785136086.4754610
1785136086.4754610
1785136086.4754610
1785136086.4754610
1785136086.4754610
1785136086.4754610
1785136086.4754610
1785136086.4754610
1785136086.4754610
1785136086.4754610
1785136086.4756839
1785136086.4756839
1785136086.4756839
1785136086.4756839
1785136086.4756839
1785136086.4756839
1785136086.4756839
1785136086.4756839
1785136086.4756839
1785136086.4756839
1785136086.4756839
1785136086.4756839
1785136086.4756839
1785136086.4759059
1785136086.4759059
1785136086.4759059
1785136086.4759059
1785136086.4759059
1785136086.4759059
1785136086.4759059
