1785136074.8309751
1785136074.8309751
1785136074.8309751
1785136074.8309751
1785136074.8309751
1785136074.8311980
1785136074.8311980
1785136074.8311980
1785136074.8311980
1785136074.8311980
1785136074.8311980
1785136074.8311980
1785136074.8311980
1785136074.8311980
1785136074.8314199
1785136074.8314199
1785136074.8314199
1785136074.8314199
1785136074.8314199
1785136074.8314199
1785136074.8314199
1785136074.8314199
1785136074.8314199
1785136074.8314199
1785136074.8314199
1785136074.8316419
1785136074.8316419
1785136074.8316419
1785136074.8316419
1785136074.8316419
1785136074.8316419
1785136074.8316419
1785136074.8316419
1785136074.8316419
1785136074.8316419
1785136074.8316419
1785136074.8318641
1785136074.8318641
1785136074.8318641
1785136074.8318641
1785136074.8318641
1785136074.8318641
1785136074.8318641
1785136074.8318641
1785136074.8318641
1785136074.8320861
1785136074.8320861
1785136074.8320861
1785136074.8320861
1785136074.8320861
1785136074.8320861
1785136074.8320861
1785136074.8320861
1785136074.8323090
1785136074.8323090
1785136074.8323090
1785136074.8323090
1785136074.8323090
1785136074.8323090
1785136074.8323090
1785136074.8325300
1785136074.8325300
1785136074.8325300
1785136074.8325300
1785136074.8325300
1785136074.8327529
1785136074.8327529
1785136074.8356409
1785136074.8356409
1785136074.8358641
1785136074.8358641
1785136074.8358641
1785136074.8358641
1785136074.8358641
1785136074.8358641
1785136074.8358641
1785136074.8358641
1785136074.8358641
1785136074.8358641
1785136074.8360860
1785136074.8360860
1785136074.8360860
1785136074.8360860
1785136074.8360860
1785136074.8360860
1785136074.8360860
1785136074.8360860
1785136074.8360860
1785136074.8360860
1785136074.8360860
1785136074.8360860
1785136074.8360860
1785136074.8360860
1785136074.8360860
1785136074.8360860
1785136074.8360860
1785136074.8360860
1785136074.8360860
1785136074.8360860
1785136074.8360860
1785136074.8360860
1785136074.8360860
1785136074.8360860
1785136074.8360860
1785136074.8360860
1785136074.8360860
1785136074.8360860
1785136074.8360860
1785136074.8360860
1785136074.8360860
1785136074.8360860
1785136074.8363080
1785136074.8363080
1785136074.8363080
1785136074.8363080
1785136074.8363080
1785136074.8363080
1785136074.8363080
1785136074.8363080
1785136074.8363080
1785136074.8363080
1785136074.8363080
1785136074.8363080
1785136074.8363080
1785136074.8363080
1785136074.8363080
1785136074.8363080
1785136074.8363080
1785136074.8363080
1785136074.8363080
1785136074.8363080
1785136074.8363080
1785136074.8363080
1785136074.8363080
1785136074.8363080
1785136074.8363080
1785136074.8363080
1785136074.8363080
1785136074.8363080
1785136074.8363080
1785136074.8363080
1785136074.8363080
1785136074.8363080
1785136074.8365300
1785136074.8365300
1785136074.8365300
1785136074.8365300
1785136074.8365300
1785136074.8365300
1785136074.8365300
1785136074.8365300
1785136074.8365300
1785136074.8365300
1785136074.8365300
1785136074.8365300
1785136074.8365300
1785136074.8365300
1785136074.8365300
1785136074.8365300
1785136074.8365300
1785136074.8365300
1785136074.8365300
1785136074.8365300
1785136074.8365300
1785136074.8365300
1785136074.8365300
1785136074.8365300
1785136074.8365300
1785136074.8365300
1785136074.8365300
1785136074.8365300
1785136074.8365300
1785136074.8365300
1785136074.8365300
1785136074.8365300
1785136074.8367519
1785136074.8367519
1785136074.8367519
1785136074.8367519
1785136074.8367519
1785136074.8367519
1785136074.8367519
1785136074.8367519
1785136074.8367519
1785136074.8367519
1785136074.8367519
1785136074.8367519
1785136074.8367519
1785136074.8367519
1785136074.8367519
1785136074.8367519
1785136074.8367519
1785136074.8367519
1785136074.8367519
1785136074.8367519
1785136074.8367519
1785136074.8367519
1785136074.8367519
1785136074.8367519
1785136074.8367519
1785136074.8367519
1785136074.8367519
1785136074.8367519
1785136074.8367519
1785136074.8367519
1785136074.8367519
1785136074.8367519
1785136074.8369739
1785136074.8369739
1785136074.8369739
1785136074.8369739
1785136074.8369739
1785136074.8369739
1785136074.8369739
1785136074.8369739
1785136074.8369739
1785136074.8369739
1785136074.8369739
1785136074.8369739
1785136074.8369739
1785136074.8369739
1785136074.8369739
1785136074.8369739
1785136074.8369739
1785136074.8369739
1785136074.8369739
1785136074.8369739
1785136074.8369739
1785136074.8369739
1785136074.8369739
1785136074.8369739
1785136074.8369739
1785136074.8369739
1785136074.8369739
1785136074.8369739
1785136074.8369739
1785136074.8369739
1785136074.8369739
1785136074.8369739
1785136074.8371971
1785136074.8371971
1785136074.8371971
1785136074.8371971
1785136074.8371971
1785136074.8371971
1785136074.8371971
1785136074.8371971
1785136074.8371971
1785136074.8371971
1785136074.8371971
1785136074.8371971
1785136074.8371971
1785136074.8371971
1785136074.8371971
1785136074.8371971
1785136074.8371971
1785136074.8371971
1785136074.8371971
1785136074.8371971
1785136074.8371971
1785136074.8371971
1785136074.8371971
1785136074.8371971
1785136074.8371971
1785136074.8371971
1785136074.8371971
1785136074.8371971
1785136074.8371971
1785136074.8371971
1785136074.8371971
1785136074.8371971
1785136074.8374190
1785136074.8374190
1785136074.8374190
1785136074.8374190
1785136074.8374190
1785136074.8374190
1785136074.8374190
1785136074.8374190
1785136074.8374190
1785136074.8374190
1785136074.8374190
1785136074.8374190
1785136074.8374190
1785136074.8374190
1785136074.8374190
1785136074.8374190
1785136074.8374190
1785136074.8374190
1785136074.8374190
1785136074.8374190
1785136074.8374190
1785136074.8374190
1785136074.8374190
1785136074.8374190
1785136074.8374190
1785136074.8374190
1785136074.8374190
1785136074.8374190
1785136074.8374190
1785136074.8374190
1785136074.8374190
1785136074.8374190
1785136074.8374190
1785136074.8374190
1785136074.8374190
1785136074.8376410
1785136074.8376410
1785136074.8376410
1785136074.8376410
1785136074.8376410
1785136074.8376410
1785136074.8376410
1785136074.8376410
1785136074.8376410
1785136074.8376410
1785136074.8376410
1785136074.8376410
1785136074.8376410
1785136074.8376410
1785136074.8376410
1785136074.8376410
1785136074.8376410
1785136074.8376410
1785136074.8376410
1785136074.8376410
1785136074.8376410
1785136074.8376410
1785136074.8376410
1785136074.8376410
1785136074.8376410
1785136074.8376410
1785136074.8376410
1785136074.8376410
1785136074.8376410
1785136074.8376410
1785136074.8376410
1785136074.8376410
1785136074.8376410
1785136074.8376410
1785136074.8376410
1785136074.8376410
1785136074.8376410
1785136074.8376410
1785136074.8376410
1785136074.8376410
1785136074.8376410
1785136074.8376410
1785136074.8376410
1785136074.8376410
1785136074.8376410
1785136074.8376410
1785136074.8376410
1785136074.8376410
1785136074.8378639
1785136074.8378639
1785136074.8378639
1785136074.8378639
1785136074.8378639
1785136074.8378639
1785136074.8378639
1785136074.8378639
1785136074.8378639
1785136074.8378639
1785136074.8378639
1785136074.8378639
1785136074.8378639
1785136074.8378639
1785136074.8378639
1785136074.8378639
1785136074.8378639
1785136074.8378639
1785136074.8378639
1785136074.8378639
1785136074.8378639
1785136074.8378639
1785136074.8378639
1785136074.8378639
1785136074.8378639
1785136074.8378639
1785136074.8378639
1785136074.8378639
1785136074.8378639
1785136074.8378639
1785136074.8378639
1785136074.8378639
1785136074.8378639
1785136074.8378639
1785136074.8378639
1785136074.8378639
1785136074.8378639
1785136074.8378639
1785136074.8378639
1785136074.8378639
1785136074.8378639
1785136074.8378639
1785136074.8378639
1785136074.8378639
1785136074.8378639
1785136074.8378639
1785136074.8378639
1785136074.8378639
1785136074.8380849
1785136074.8380849
1785136074.8380849
1785136074.8380849
1785136074.8380849
1785136074.8380849
1785136074.8380849
1785136074.8380849
1785136074.8380849
1785136074.8380849
1785136074.8380849
1785136074.8380849
1785136074.8380849
1785136074.8380849
1785136074.8380849
1785136074.8380849
1785136074.8380849
1785136074.8380849
1785136074.8380849
1785136074.8380849
1785136074.8380849
1785136074.8380849
1785136074.8380849
1785136074.8380849
1785136074.8380849
1785136074.8380849
1785136074.8380849
1785136074.8380849
1785136074.8380849
1785136074.8380849
1785136074.8380849
1785136074.8380849
1785136074.8380849
1785136074.8380849
1785136074.8380849
1785136074.8380849
1785136074.8380849
1785136074.8380849
1785136074.8380849
1785136074.8380849
1785136074.8380849
1785136074.8380849
1785136074.8380849
1785136074.8380849
1785136074.8380849
1785136074.8380849
1785136074.8380849
1785136074.8380849
1785136074.8380849
1785136074.8383081
1785136074.8383081
1785136074.8383081
1785136074.8383081
1785136074.8383081
1785136074.8383081
1785136074.8383081
1785136074.8383081
1785136074.8383081
1785136074.8383081
1785136074.8383081
1785136074.8383081
1785136074.8383081
1785136074.8383081
1785136074.8383081
1785136074.8383081
1785136074.8383081
1785136074.8383081
1785136074.8383081
1785136074.8383081
1785136074.8383081
1785136074.8383081
1785136074.8383081
1785136074.8383081
1785136074.8383081
1785136074.8383081
1785136074.8383081
1785136074.8383081
1785136074.8383081
1785136074.8383081
1785136074.8383081
1785136074.8383081
1785136074.8383081
1785136074.8383081
1785136074.8383081
1785136074.8383081
1785136074.8383081
1785136074.8383081
1785136074.8383081
1785136074.8383081
1785136074.8383081
1785136074.8383081
1785136074.8383081
1785136074.8383081
1785136074.8383081
1785136074.8383081
1785136074.8383081
1785136074.8383081
1785136074.8383081
1785136074.8385301
1785136074.8385301
1785136074.8385301
1785136074.8385301
1785136074.8385301
1785136074.8385301
1785136074.8385301
1785136074.8385301
1785136074.8385301
1785136074.8385301
1785136074.8385301
1785136074.8385301
1785136074.8385301
1785136074.8385301
1785136074.8385301
1785136074.8385301
1785136074.8385301
1785136074.8385301
1785136074.8385301
1785136074.8385301
1785136074.8385301
1785136074.8385301
1785136074.8385301
1785136074.8385301
1785136074.8385301
1785136074.8385301
1785136074.8385301
1785136074.8385301
1785136074.8385301
1785136074.8385301
1785136074.8385301
1785136074.8385301
1785136074.8385301
1785136074.8385301
1785136074.8385301
1785136074.8385301
1785136074.8385301
1785136074.8385301
1785136074.8385301
1785136074.8385301
1785136074.8385301
1785136074.8385301
1785136074.8385301
1785136074.8385301
1785136074.8385301
1785136074.8385301
1785136074.8385301
1785136074.8385301
1785136074.8385301
1785136074.8387511
1785136074.8387511
1785136074.8387511
1785136074.8387511
1785136074.8387511
1785136074.8387511
1785136074.8387511
1785136074.8387511
1785136074.8387511
1785136074.8387511
1785136074.8387511
1785136074.8387511
1785136074.8387511
1785136074.8387511
1785136074.8387511
1785136074.8387511
1785136074.8387511
1785136074.8387511
1785136074.8387511
1785136074.8387511
1785136074.8387511
1785136074.8387511
1785136074.8387511
1785136074.8387511
1785136074.8387511
1785136074.8387511
1785136074.8387511
1785136074.8387511
1785136074.8387511
1785136074.8387511
1785136074.8387511
1785136074.8387511
1785136074.8387511
1785136074.8387511
1785136074.8387511
1785136074.8387511
1785136074.8387511
1785136074.8387511
1785136074.8387511
1785136074.8387511
1785136074.8387511
1785136074.8387511
1785136074.8387511
1785136074.8387511
1785136074.8387511
1785136074.8387511
1785136074.8387511
1785136074.8387511
1785136074.8387511
1785136074.8389740
1785136074.8389740
1785136074.8389740
1785136074.8389740
1785136074.8389740
1785136074.8389740
1785136074.8389740
1785136074.8389740
1785136074.8389740
1785136074.8389740
1785136074.8389740
1785136074.8389740
1785136074.8389740
1785136074.8389740
1785136074.8389740
1785136074.8389740
1785136074.8389740
1785136074.8389740
1785136074.8389740
1785136074.8389740
1785136074.8389740
1785136074.8389740
1785136074.8389740
1785136074.8389740
1785136074.8389740
1785136074.8389740
1785136074.8389740
1785136074.8389740
1785136074.8389740
1785136074.8389740
1785136074.8389740
1785136074.8389740
1785136074.8389740
1785136074.8389740
1785136074.8389740
1785136074.8389740
1785136074.8389740
1785136074.8389740
1785136074.8389740
1785136074.8389740
1785136074.8389740
1785136074.8389740
1785136074.8389740
1785136074.8389740
1785136074.8389740
1785136074.8389740
1785136074.8389740
1785136074.8389740
1785136074.8389740
1785136074.8391960
1785136074.8391960
1785136074.8391960
1785136074.8391960
1785136074.8391960
1785136074.8391960
1785136074.8391960
1785136074.8391960
1785136074.8391960
1785136074.8391960
1785136074.8391960
1785136074.8391960
1785136074.8391960
1785136074.8391960
1785136074.8391960
1785136074.8391960
1785136074.8391960
1785136074.8391960
1785136074.8391960
1785136074.8391960
1785136074.8391960
1785136074.8391960
1785136074.8391960
1785136074.8391960
1785136074.8391960
1785136074.8391960
1785136074.8391960
1785136074.8391960
1785136074.8391960
1785136074.8391960
1785136074.8391960
1785136074.8391960
1785136074.8391960
1785136074.8391960
1785136074.8391960
1785136074.8391960
1785136074.8391960
1785136074.8391960
1785136074.8391960
1785136074.8391960
1785136074.8391960
1785136074.8391960
1785136074.8391960
1785136074.8391960
1785136074.8391960
1785136074.8391960
1785136074.8391960
1785136074.8391960
1785136074.8391960
1785136074.8394189
1785136074.8394189
1785136074.8394189
1785136074.8394189
1785136074.8394189
1785136074.8394189
1785136074.8394189
1785136074.8394189
1785136074.8394189
1785136074.8394189
1785136074.8394189
1785136074.8394189
1785136074.8394189
1785136074.8394189
1785136074.8394189
1785136074.8394189
1785136074.8394189
1785136074.8394189
1785136074.8394189
1785136074.8394189
1785136074.8394189
1785136074.8394189
1785136074.8394189
1785136074.8394189
1785136074.8394189
1785136074.8394189
1785136074.8394189
1785136074.8394189
1785136074.8394189
1785136074.8394189
1785136074.8394189
1785136074.8394189
1785136074.8394189
1785136074.8394189
1785136074.8394189
1785136074.8394189
1785136074.8394189
1785136074.8394189
1785136074.8394189
1785136074.8394189
1785136074.8394189
1785136074.8394189
1785136074.8394189
1785136074.8394189
1785136074.8394189
1785136074.8394189
1785136074.8394189
1785136074.8394189
1785136074.8394189
1785136074.8396411
1785136074.8396411
1785136074.8396411
1785136074.8396411
1785136074.8396411
1785136074.8396411
1785136074.8396411
1785136074.8396411
1785136074.8396411
1785136074.8396411
1785136074.8396411
1785136074.8396411
1785136074.8396411
1785136074.8396411
1785136074.8396411
1785136074.8396411
1785136074.8396411
1785136074.8396411
1785136074.8396411
1785136074.8396411
1785136074.8396411
1785136074.8396411
1785136074.8396411
1785136074.8396411
1785136074.8396411
1785136074.8396411
1785136074.8396411
1785136074.8396411
1785136074.8396411
1785136074.8396411
1785136074.8396411
1785136074.8396411
1785136074.8396411
1785136074.8396411
1785136074.8396411
1785136074.8396411
1785136074.8396411
1785136074.8396411
1785136074.8396411
1785136074.8396411
1785136074.8396411
1785136074.8396411
1785136074.8396411
1785136074.8396411
1785136074.8396411
1785136074.8396411
1785136074.8396411
1785136074.8396411
1785136074.8396411
1785136074.8398631
1785136074.8398631
1785136074.8398631
1785136074.8398631
1785136074.8398631
1785136074.8398631
1785136074.8398631
1785136074.8398631
1785136074.8398631
1785136074.8398631
1785136074.8398631
1785136074.8398631
1785136074.8398631
1785136074.8398631
1785136074.8398631
1785136074.8398631
1785136074.8398631
1785136074.8398631
1785136074.8398631
1785136074.8398631
1785136074.8398631
1785136074.8398631
1785136074.8398631
1785136074.8398631
1785136074.8398631
1785136074.8398631
1785136074.8398631
1785136074.8398631
1785136074.8398631
1785136074.8398631
1785136074.8398631
1785136074.8398631
1785136074.8398631
1785136074.8398631
1785136074.8398631
1785136074.8398631
1785136074.8398631
1785136074.8398631
1785136074.8398631
1785136074.8398631
1785136074.8398631
1785136074.8398631
1785136074.8398631
1785136074.8398631
1785136074.8398631
1785136074.8398631
1785136074.8398631
1785136074.8398631
1785136074.8400850
1785136074.8400850
1785136074.8400850
1785136074.8400850
1785136074.8400850
1785136074.8400850
1785136074.8400850
1785136074.8400850
1785136074.8400850
1785136074.8400850
1785136074.8400850
1785136074.8400850
1785136074.8400850
1785136074.8400850
1785136074.8400850
1785136074.8400850
1785136074.8400850
1785136074.8400850
1785136074.8400850
1785136074.8400850
1785136074.8400850
1785136074.8400850
1785136074.8400850
1785136074.8400850
1785136074.8400850
1785136074.8400850
1785136074.8400850
1785136074.8400850
1785136074.8400850
1785136074.8400850
1785136074.8400850
1785136074.8400850
1785136074.8400850
1785136074.8400850
1785136074.8400850
1785136074.8400850
1785136074.8400850
1785136074.8400850
1785136074.8400850
1785136074.8400850
1785136074.8400850
1785136074.8400850
1785136074.8400850
1785136074.8400850
1785136074.8400850
1785136074.8400850
1785136074.8400850
1785136074.8400850
1785136074.8403070
1785136074.8403070
1785136074.8403070
1785136074.8403070
1785136074.8403070
1785136074.8403070
1785136074.8403070
1785136074.8403070
1785136074.8403070
1785136074.8403070
1785136074.8403070
1785136074.8403070
1785136074.8403070
1785136074.8403070
1785136074.8403070
1785136074.8403070
1785136074.8403070
1785136074.8403070
1785136074.8403070
1785136074.8403070
1785136074.8403070
1785136074.8403070
1785136074.8403070
1785136074.8403070
1785136074.8403070
1785136074.8403070
1785136074.8403070
1785136074.8403070
1785136074.8403070
1785136074.8403070
1785136074.8403070
1785136074.8403070
1785136074.8403070
1785136074.8403070
1785136074.8403070
1785136074.8403070
1785136074.8403070
1785136074.8403070
1785136074.8403070
1785136074.8403070
1785136074.8403070
1785136074.8403070
1785136074.8403070
1785136074.8403070
1785136074.8403070
1785136074.8403070
1785136074.8403070
1785136074.8403070
1785136074.8405299
1785136074.8405299
1785136074.8405299
1785136074.8405299
1785136074.8405299
1785136074.8405299
1785136074.8405299
1785136074.8405299
1785136074.8405299
1785136074.8405299
1785136074.8405299
1785136074.8405299
1785136074.8405299
1785136074.8405299
1785136074.8405299
1785136074.8405299
1785136074.8405299
1785136074.8405299
1785136074.8405299
1785136074.8405299
1785136074.8405299
1785136074.8405299
1785136074.8405299
1785136074.8405299
1785136074.8405299
1785136074.8405299
1785136074.8405299
1785136074.8405299
1785136074.8405299
1785136074.8405299
1785136074.8405299
1785136074.8405299
1785136074.8405299
1785136074.8405299
1785136074.8405299
1785136074.8405299
1785136074.8405299
1785136074.8405299
1785136074.8405299
1785136074.8405299
1785136074.8405299
1785136074.8405299
1785136074.8405299
1785136074.8405299
1785136074.8405299
1785136074.8405299
1785136074.8405299
1785136074.8405299
1785136074.8407519
1785136074.8407519
1785136074.8407519
1785136074.8407519
1785136074.8407519
1785136074.8407519
1785136074.8407519
1785136074.8407519
1785136074.8407519
1785136074.8407519
1785136074.8407519
1785136074.8407519
1785136074.8407519
1785136074.8407519
1785136074.8407519
1785136074.8407519
1785136074.8407519
1785136074.8407519
1785136074.8407519
1785136074.8407519
1785136074.8407519
1785136074.8407519
1785136074.8407519
1785136074.8407519
1785136074.8407519
1785136074.8407519
1785136074.8407519
1785136074.8407519
1785136074.8407519
1785136074.8407519
1785136074.8407519
1785136074.8407519
1785136074.8407519
1785136074.8407519
1785136074.8407519
1785136074.8407519
1785136074.8407519
1785136074.8407519
1785136074.8407519
1785136074.8407519
1785136074.8407519
1785136074.8407519
1785136074.8407519
1785136074.8407519
1785136074.8407519
1785136074.8407519
1785136074.8407519
1785136074.8407519
1785136074.8409741
1785136074.8409741
1785136074.8409741
1785136074.8409741
1785136074.8409741
1785136074.8409741
1785136074.8409741
1785136074.8409741
1785136074.8409741
1785136074.8409741
1785136074.8409741
1785136074.8409741
1785136074.8409741
1785136074.8409741
1785136074.8409741
1785136074.8409741
1785136074.8409741
1785136074.8409741
1785136074.8409741
1785136074.8409741
1785136074.8409741
1785136074.8409741
1785136074.8409741
1785136074.8409741
1785136074.8409741
1785136074.8409741
1785136074.8409741
1785136074.8409741
1785136074.8409741
1785136074.8409741
1785136074.8409741
1785136074.8409741
1785136074.8409741
1785136074.8409741
1785136074.8409741
1785136074.8409741
1785136074.8409741
1785136074.8409741
1785136074.8409741
1785136074.8409741
1785136074.8409741
1785136074.8409741
1785136074.8409741
1785136074.8409741
1785136074.8409741
1785136074.8409741
1785136074.8409741
1785136074.8409741
1785136074.8409741
1785136074.8409741
1785136074.8409741
1785136074.8411961
1785136074.8411961
1785136074.8411961
1785136074.8411961
1785136074.8411961
1785136074.8411961
1785136074.8411961
1785136074.8411961
1785136074.8411961
1785136074.8411961
1785136074.8411961
1785136074.8411961
1785136074.8411961
1785136074.8411961
1785136074.8411961
1785136074.8411961
1785136074.8411961
1785136074.8411961
1785136074.8411961
1785136074.8411961
1785136074.8411961
1785136074.8411961
1785136074.8411961
1785136074.8411961
1785136074.8411961
1785136074.8411961
1785136074.8411961
1785136074.8411961
1785136074.8411961
1785136074.8411961
1785136074.8411961
1785136074.8411961
1785136074.8411961
1785136074.8411961
1785136074.8411961
1785136074.8411961
1785136074.8411961
1785136074.8411961
1785136074.8411961
1785136074.8411961
1785136074.8411961
1785136074.8411961
1785136074.8411961
1785136074.8411961
1785136074.8411961
1785136074.8411961
1785136074.8411961
1785136074.8411961
1785136074.8411961
1785136074.8411961
1785136074.8411961
1785136074.8414190
1785136074.8414190
1785136074.8414190
1785136074.8414190
1785136074.8414190
1785136074.8414190
1785136074.8414190
1785136074.8414190
1785136074.8414190
1785136074.8414190
1785136074.8414190
1785136074.8414190
1785136074.8414190
1785136074.8414190
1785136074.8414190
1785136074.8414190
1785136074.8414190
1785136074.8414190
1785136074.8414190
1785136074.8414190
1785136074.8414190
1785136074.8414190
1785136074.8414190
1785136074.8414190
1785136074.8414190
1785136074.8414190
1785136074.8414190
1785136074.8414190
1785136074.8414190
1785136074.8414190
1785136074.8414190
1785136074.8414190
1785136074.8414190
1785136074.8414190
1785136074.8414190
1785136074.8414190
1785136074.8414190
1785136074.8414190
1785136074.8414190
1785136074.8414190
1785136074.8414190
1785136074.8414190
1785136074.8414190
1785136074.8414190
1785136074.8414190
1785136074.8414190
1785136074.8414190
1785136074.8414190
1785136074.8414190
1785136074.8414190
1785136074.8414190
1785136074.8414190
1785136074.8416400
1785136074.8416400
1785136074.8416400
1785136074.8416400
1785136074.8416400
1785136074.8416400
1785136074.8416400
1785136074.8416400
1785136074.8416400
1785136074.8416400
1785136074.8416400
1785136074.8416400
1785136074.8416400
1785136074.8416400
1785136074.8416400
1785136074.8416400
1785136074.8416400
1785136074.8416400
1785136074.8416400
1785136074.8416400
1785136074.8416400
1785136074.8416400
1785136074.8416400
1785136074.8416400
1785136074.8416400
1785136074.8416400
1785136074.8416400
1785136074.8416400
1785136074.8416400
1785136074.8416400
1785136074.8416400
1785136074.8416400
1785136074.8416400
1785136074.8416400
1785136074.8416400
1785136074.8416400
1785136074.8416400
1785136074.8416400
1785136074.8416400
1785136074.8416400
1785136074.8416400
1785136074.8416400
1785136074.8416400
1785136074.8416400
1785136074.8416400
1785136074.8416400
1785136074.8416400
1785136074.8416400
1785136074.8416400
1785136074.8416400
1785136074.8416400
1785136074.8418610
1785136074.8418610
1785136074.8418610
1785136074.8418610
1785136074.8418610
1785136074.8418610
1785136074.8418610
1785136074.8418610
1785136074.8418610
1785136074.8418610
1785136074.8418610
1785136074.8418610
1785136074.8418610
1785136074.8418610
1785136074.8418610
1785136074.8418610
1785136074.8418610
1785136074.8418610
1785136074.8418610
1785136074.8418610
1785136074.8418610
1785136074.8418610
1785136074.8418610
1785136074.8418610
1785136074.8418610
1785136074.8418610
1785136074.8418610
1785136074.8418610
1785136074.8418610
1785136074.8418610
1785136074.8418610
1785136074.8418610
1785136074.8418610
1785136074.8418610
1785136074.8418610
1785136074.8418610
1785136074.8418610
1785136074.8418610
1785136074.8418610
1785136074.8418610
1785136074.8418610
1785136074.8418610
1785136074.8418610
1785136074.8418610
1785136074.8418610
1785136074.8418610
1785136074.8418610
1785136074.8418610
1785136074.8420849
1785136074.8420849
1785136074.8420849
1785136074.8420849
1785136074.8420849
1785136074.8420849
1785136074.8420849
1785136074.8420849
1785136074.8420849
1785136074.8420849
1785136074.8420849
1785136074.8420849
1785136074.8420849
1785136074.8420849
1785136074.8420849
1785136074.8420849
1785136074.8420849
1785136074.8420849
1785136074.8420849
1785136074.8420849
1785136074.8420849
1785136074.8420849
1785136074.8420849
1785136074.8420849
1785136074.8420849
1785136074.8420849
1785136074.8420849
1785136074.8420849
1785136074.8420849
1785136074.8420849
1785136074.8420849
1785136074.8420849
1785136074.8420849
1785136074.8420849
1785136074.8420849
1785136074.8420849
1785136074.8420849
1785136074.8420849
1785136074.8420849
1785136074.8420849
1785136074.8420849
1785136074.8420849
1785136074.8420849
1785136074.8420849
1785136074.8420849
1785136074.8420849
1785136074.8420849
1785136074.8423071
1785136074.8423071
1785136074.8423071
1785136074.8423071
1785136074.8423071
1785136074.8423071
1785136074.8423071
1785136074.8423071
1785136074.8423071
1785136074.8423071
1785136074.8423071
1785136074.8423071
1785136074.8423071
1785136074.8423071
1785136074.8423071
1785136074.8423071
1785136074.8423071
1785136074.8423071
1785136074.8423071
1785136074.8423071
1785136074.8423071
1785136074.8423071
1785136074.8423071
1785136074.8423071
1785136074.8423071
1785136074.8423071
1785136074.8423071
1785136074.8423071
1785136074.8423071
1785136074.8423071
1785136074.8423071
1785136074.8423071
1785136074.8423071
1785136074.8423071
1785136074.8423071
1785136074.8423071
1785136074.8423071
1785136074.8423071
1785136074.8423071
1785136074.8423071
1785136074.8423071
1785136074.8423071
1785136074.8423071
1785136074.8423071
1785136074.8423071
1785136074.8423071
1785136074.8423071
1785136074.8425291
1785136074.8425291
1785136074.8425291
1785136074.8425291
1785136074.8425291
1785136074.8425291
1785136074.8425291
1785136074.8425291
1785136074.8425291
1785136074.8425291
1785136074.8425291
1785136074.8425291
1785136074.8425291
1785136074.8425291
1785136074.8425291
1785136074.8425291
1785136074.8425291
1785136074.8425291
1785136074.8425291
1785136074.8425291
1785136074.8425291
1785136074.8425291
1785136074.8425291
1785136074.8425291
1785136074.8425291
1785136074.8425291
1785136074.8425291
1785136074.8425291
1785136074.8425291
1785136074.8425291
1785136074.8425291
1785136074.8425291
1785136074.8425291
1785136074.8425291
1785136074.8425291
1785136074.8425291
1785136074.8425291
1785136074.8425291
1785136074.8425291
1785136074.8425291
1785136074.8425291
1785136074.8425291
1785136074.8425291
1785136074.8425291
1785136074.8425291
1785136074.8425291
1785136074.8425291
1785136074.8427510
1785136074.8427510
1785136074.8427510
1785136074.8427510
1785136074.8427510
1785136074.8427510
1785136074.8427510
1785136074.8427510
1785136074.8427510
1785136074.8427510
1785136074.8427510
1785136074.8427510
1785136074.8427510
1785136074.8427510
1785136074.8427510
1785136074.8427510
1785136074.8427510
1785136074.8427510
1785136074.8427510
1785136074.8427510
1785136074.8427510
1785136074.8427510
1785136074.8427510
1785136074.8427510
1785136074.8427510
1785136074.8427510
1785136074.8427510
1785136074.8427510
1785136074.8427510
1785136074.8427510
1785136074.8427510
1785136074.8427510
1785136074.8427510
1785136074.8427510
1785136074.8427510
1785136074.8427510
1785136074.8427510
1785136074.8427510
1785136074.8427510
1785136074.8427510
1785136074.8427510
1785136074.8427510
1785136074.8427510
1785136074.8427510
1785136074.8427510
1785136074.8427510
1785136074.8429739
1785136074.8429739
1785136074.8429739
1785136074.8429739
1785136074.8429739
1785136074.8429739
1785136074.8429739
1785136074.8429739
1785136074.8429739
1785136074.8429739
1785136074.8429739
1785136074.8429739
1785136074.8429739
1785136074.8429739
1785136074.8429739
1785136074.8429739
1785136074.8429739
1785136074.8429739
1785136074.8429739
1785136074.8429739
1785136074.8429739
1785136074.8429739
1785136074.8429739
1785136074.8429739
1785136074.8429739
1785136074.8429739
1785136074.8429739
1785136074.8429739
1785136074.8429739
1785136074.8429739
1785136074.8429739
1785136074.8429739
1785136074.8429739
1785136074.8429739
1785136074.8429739
1785136074.8429739
1785136074.8429739
1785136074.8429739
1785136074.8429739
1785136074.8429739
1785136074.8429739
1785136074.8429739
1785136074.8429739
1785136074.8429739
1785136074.8429739
1785136074.8429739
1785136074.8431959
1785136074.8431959
1785136074.8431959
1785136074.8431959
1785136074.8431959
1785136074.8431959
1785136074.8431959
1785136074.8431959
1785136074.8431959
1785136074.8431959
1785136074.8431959
1785136074.8431959
1785136074.8431959
1785136074.8431959
1785136074.8431959
1785136074.8431959
1785136074.8431959
1785136074.8431959
1785136074.8431959
1785136074.8431959
1785136074.8431959
1785136074.8431959
1785136074.8431959
1785136074.8431959
1785136074.8431959
1785136074.8431959
1785136074.8431959
1785136074.8431959
1785136074.8431959
1785136074.8431959
1785136074.8431959
1785136074.8431959
1785136074.8431959
1785136074.8431959
1785136074.8431959
1785136074.8431959
1785136074.8431959
1785136074.8431959
1785136074.8431959
1785136074.8431959
1785136074.8431959
1785136074.8431959
1785136074.8431959
1785136074.8431959
1785136074.8431959
1785136074.8431959
1785136074.8434179
1785136074.8434179
1785136074.8434179
1785136074.8434179
1785136074.8434179
1785136074.8434179
1785136074.8434179
1785136074.8434179
1785136074.8434179
1785136074.8434179
1785136074.8434179
1785136074.8434179
1785136074.8434179
1785136074.8434179
1785136074.8434179
1785136074.8434179
1785136074.8434179
1785136074.8434179
1785136074.8434179
1785136074.8434179
1785136074.8434179
1785136074.8434179
1785136074.8434179
1785136074.8434179
1785136074.8434179
1785136074.8434179
1785136074.8434179
1785136074.8434179
1785136074.8434179
1785136074.8434179
1785136074.8434179
1785136074.8434179
1785136074.8434179
1785136074.8434179
1785136074.8434179
1785136074.8434179
1785136074.8434179
1785136074.8434179
1785136074.8434179
1785136074.8434179
1785136074.8434179
1785136074.8434179
1785136074.8434179
1785136074.8434179
1785136074.8434179
1785136074.8434179
1785136074.8436410
1785136074.8436410
1785136074.8436410
1785136074.8436410
1785136074.8436410
1785136074.8436410
1785136074.8436410
1785136074.8436410
1785136074.8436410
1785136074.8436410
1785136074.8436410
1785136074.8436410
1785136074.8436410
1785136074.8436410
1785136074.8436410
1785136074.8436410
1785136074.8436410
1785136074.8436410
1785136074.8436410
1785136074.8436410
1785136074.8436410
1785136074.8436410
1785136074.8436410
1785136074.8436410
1785136074.8436410
1785136074.8436410
1785136074.8436410
1785136074.8436410
1785136074.8436410
1785136074.8436410
1785136074.8436410
1785136074.8436410
1785136074.8436410
1785136074.8436410
1785136074.8436410
1785136074.8436410
1785136074.8436410
1785136074.8436410
1785136074.8436410
1785136074.8436410
1785136074.8436410
1785136074.8436410
1785136074.8436410
1785136074.8436410
1785136074.8436410
1785136074.8436410
1785136074.8438621
1785136074.8438621
1785136074.8438621
1785136074.8438621
1785136074.8438621
1785136074.8438621
1785136074.8438621
1785136074.8438621
1785136074.8438621
1785136074.8438621
1785136074.8438621
1785136074.8438621
1785136074.8438621
1785136074.8438621
1785136074.8438621
1785136074.8438621
1785136074.8438621
1785136074.8438621
1785136074.8438621
1785136074.8438621
1785136074.8438621
1785136074.8438621
1785136074.8438621
1785136074.8438621
1785136074.8438621
1785136074.8438621
1785136074.8438621
1785136074.8438621
1785136074.8438621
1785136074.8438621
1785136074.8438621
1785136074.8438621
1785136074.8438621
1785136074.8438621
1785136074.8438621
1785136074.8438621
1785136074.8438621
1785136074.8438621
1785136074.8438621
1785136074.8438621
1785136074.8438621
1785136074.8438621
1785136074.8438621
1785136074.8438621
1785136074.8438621
1785136074.8438621
1785136074.8438621
1785136074.8440840
1785136074.8440840
1785136074.8440840
1785136074.8440840
1785136074.8440840
1785136074.8440840
1785136074.8440840
1785136074.8440840
1785136074.8440840
1785136074.8440840
1785136074.8440840
1785136074.8440840
1785136074.8440840
1785136074.8440840
1785136074.8440840
1785136074.8440840
1785136074.8440840
1785136074.8440840
1785136074.8440840
1785136074.8440840
1785136074.8440840
1785136074.8440840
1785136074.8440840
1785136074.8440840
1785136074.8440840
1785136074.8440840
1785136074.8440840
1785136074.8440840
1785136074.8440840
1785136074.8440840
1785136074.8440840
1785136074.8440840
1785136074.8440840
1785136074.8440840
1785136074.8440840
1785136074.8440840
1785136074.8440840
1785136074.8440840
1785136074.8440840
1785136074.8440840
1785136074.8440840
1785136074.8440840
1785136074.8440840
1785136074.8440840
1785136074.8440840
1785136074.8440840
1785136074.8440840
1785136074.8440840
1785136074.8440840
1785136074.8440840
1785136074.8440840
1785136074.8440840
1785136074.8440840
1785136074.8440840
1785136074.8440840
1785136074.8440840
1785136074.8440840
1785136074.8443069
1785136074.8443069
1785136074.8443069
1785136074.8443069
1785136074.8443069
1785136074.8443069
1785136074.8443069
1785136074.8443069
1785136074.8443069
1785136074.8443069
1785136074.8443069
1785136074.8443069
1785136074.8443069
1785136074.8443069
1785136074.8443069
1785136074.8443069
1785136074.8443069
1785136074.8443069
1785136074.8443069
1785136074.8443069
1785136074.8443069
1785136074.8443069
1785136074.8443069
1785136074.8443069
1785136074.8443069
1785136074.8443069
1785136074.8443069
1785136074.8443069
1785136074.8443069
1785136074.8443069
1785136074.8443069
1785136074.8443069
1785136074.8443069
1785136074.8443069
1785136074.8443069
1785136074.8443069
1785136074.8443069
1785136074.8443069
1785136074.8443069
1785136074.8443069
1785136074.8443069
1785136074.8443069
1785136074.8443069
1785136074.8443069
1785136074.8443069
1785136074.8443069
1785136074.8443069
1785136074.8443069
1785136074.8443069
1785136074.8443069
1785136074.8443069
1785136074.8443069
1785136074.8443069
1785136074.8443069
1785136074.8443069
1785136074.8443069
1785136074.8443069
1785136074.8443069
1785136074.8443069
1785136074.8443069
1785136074.8443069
1785136074.8443069
1785136074.8443069
1785136074.8443069
1785136074.8443069
1785136074.8443069
1785136074.8443069
1785136074.8443069
1785136074.8443069
1785136074.8443069
1785136074.8443069
1785136074.8443069
1785136074.8443069
1785136074.8445289
1785136074.8445289
1785136074.8445289
1785136074.8445289
1785136074.8445289
1785136074.8445289
1785136074.8445289
1785136074.8445289
1785136074.8445289
1785136074.8445289
1785136074.8445289
1785136074.8445289
1785136074.8445289
1785136074.8445289
1785136074.8445289
1785136074.8445289
1785136074.8445289
1785136074.8445289
1785136074.8445289
1785136074.8445289
1785136074.8445289
1785136074.8445289
1785136074.8445289
1785136074.8445289
1785136074.8445289
1785136074.8445289
1785136074.8445289
1785136074.8445289
1785136074.8445289
1785136074.8445289
1785136074.8445289
1785136074.8445289
1785136074.8445289
1785136074.8445289
1785136074.8445289
1785136074.8445289
1785136074.8445289
1785136074.8445289
1785136074.8445289
1785136074.8445289
1785136074.8445289
1785136074.8445289
1785136074.8445289
1785136074.8445289
1785136074.8445289
1785136074.8445289
1785136074.8445289
1785136074.8445289
1785136074.8445289
1785136074.8445289
1785136074.8445289
1785136074.8445289
1785136074.8445289
1785136074.8445289
1785136074.8445289
1785136074.8445289
1785136074.8445289
1785136074.8445289
1785136074.8445289
1785136074.8447509
1785136074.8447509
1785136074.8447509
1785136074.8447509
1785136074.8447509
1785136074.8447509
1785136074.8447509
1785136074.8447509
1785136074.8447509
1785136074.8447509
1785136074.8447509
1785136074.8447509
1785136074.8447509
1785136074.8447509
1785136074.8447509
1785136074.8447509
1785136074.8447509
1785136074.8447509
1785136074.8447509
1785136074.8447509
1785136074.8447509
1785136074.8447509
1785136074.8447509
1785136074.8447509
1785136074.8447509
1785136074.8447509
1785136074.8447509
1785136074.8447509
1785136074.8447509
1785136074.8447509
1785136074.8447509
1785136074.8447509
1785136074.8447509
1785136074.8447509
1785136074.8447509
1785136074.8447509
1785136074.8447509
1785136074.8447509
1785136074.8447509
1785136074.8447509
1785136074.8447509
1785136074.8447509
1785136074.8447509
1785136074.8447509
1785136074.8447509
1785136074.8447509
1785136074.8447509
1785136074.8447509
1785136074.8447509
1785136074.8447509
1785136074.8447509
1785136074.8447509
1785136074.8447509
1785136074.8447509
1785136074.8447509
1785136074.8447509
1785136074.8447509
1785136074.8447509
1785136074.8447509
1785136074.8447509
1785136074.8449731
1785136074.8449731
1785136074.8449731
1785136074.8449731
1785136074.8449731
1785136074.8449731
1785136074.8449731
1785136074.8449731
1785136074.8449731
1785136074.8449731
1785136074.8449731
1785136074.8449731
1785136074.8449731
1785136074.8449731
1785136074.8449731
1785136074.8449731
1785136074.8449731
1785136074.8449731
1785136074.8449731
1785136074.8449731
1785136074.8449731
1785136074.8449731
1785136074.8449731
1785136074.8449731
1785136074.8449731
1785136074.8449731
1785136074.8449731
1785136074.8449731
1785136074.8449731
1785136074.8449731
1785136074.8449731
1785136074.8449731
1785136074.8449731
1785136074.8449731
1785136074.8449731
1785136074.8449731
1785136074.8449731
1785136074.8449731
1785136074.8449731
1785136074.8449731
1785136074.8449731
1785136074.8449731
1785136074.8449731
1785136074.8449731
1785136074.8449731
1785136074.8449731
1785136074.8449731
1785136074.8449731
1785136074.8449731
1785136074.8449731
1785136074.8449731
1785136074.8449731
1785136074.8449731
1785136074.8451951
1785136074.8451951
1785136074.8451951
1785136074.8451951
1785136074.8451951
1785136074.8451951
1785136074.8451951
1785136074.8451951
1785136074.8451951
1785136074.8451951
1785136074.8451951
1785136074.8451951
1785136074.8451951
1785136074.8451951
1785136074.8451951
1785136074.8451951
1785136074.8451951
1785136074.8451951
1785136074.8451951
1785136074.8451951
1785136074.8451951
1785136074.8451951
1785136074.8451951
1785136074.8451951
1785136074.8451951
1785136074.8451951
1785136074.8451951
1785136074.8451951
1785136074.8451951
1785136074.8451951
1785136074.8451951
1785136074.8451951
1785136074.8451951
1785136074.8451951
1785136074.8451951
1785136074.8451951
1785136074.8451951
1785136074.8451951
1785136074.8451951
1785136074.8451951
1785136074.8451951
1785136074.8451951
1785136074.8451951
1785136074.8451951
1785136074.8451951
1785136074.8451951
1785136074.8451951
1785136074.8451951
1785136074.8451951
1785136074.8451951
1785136074.8451951
1785136074.8451951
1785136074.8451951
1785136074.8451951
1785136074.8451951
1785136074.8451951
1785136074.8451951
1785136074.8451951
1785136074.8454180
1785136074.8454180
1785136074.8454180
1785136074.8454180
1785136074.8454180
1785136074.8454180
1785136074.8454180
1785136074.8454180
1785136074.8454180
1785136074.8454180
1785136074.8454180
1785136074.8454180
1785136074.8454180
1785136074.8454180
1785136074.8454180
1785136074.8454180
1785136074.8454180
1785136074.8454180
1785136074.8454180
1785136074.8454180
1785136074.8454180
1785136074.8454180
1785136074.8454180
1785136074.8454180
1785136074.8454180
1785136074.8454180
1785136074.8454180
1785136074.8454180
1785136074.8454180
1785136074.8454180
1785136074.8454180
1785136074.8454180
1785136074.8454180
1785136074.8454180
1785136074.8454180
1785136074.8454180
1785136074.8454180
1785136074.8454180
1785136074.8454180
1785136074.8454180
1785136074.8454180
1785136074.8454180
1785136074.8454180
1785136074.8454180
1785136074.8454180
1785136074.8454180
1785136074.8454180
1785136074.8454180
1785136074.8454180
1785136074.8454180
1785136074.8454180
1785136074.8454180
1785136074.8454180
1785136074.8454180
1785136074.8454180
1785136074.8454180
1785136074.8454180
1785136074.8454180
1785136074.8454180
1785136074.8456390
1785136074.8456390
1785136074.8456390
1785136074.8456390
1785136074.8456390
1785136074.8456390
1785136074.8456390
1785136074.8456390
1785136074.8456390
1785136074.8456390
1785136074.8456390
1785136074.8456390
1785136074.8456390
1785136074.8456390
1785136074.8456390
1785136074.8456390
1785136074.8456390
1785136074.8456390
1785136074.8456390
1785136074.8456390
1785136074.8456390
1785136074.8456390
1785136074.8456390
1785136074.8456390
1785136074.8456390
1785136074.8456390
1785136074.8456390
1785136074.8456390
1785136074.8456390
1785136074.8456390
1785136074.8456390
1785136074.8456390
1785136074.8456390
1785136074.8456390
1785136074.8456390
1785136074.8456390
1785136074.8456390
1785136074.8456390
1785136074.8456390
1785136074.8456390
1785136074.8456390
1785136074.8456390
1785136074.8456390
1785136074.8456390
1785136074.8456390
1785136074.8456390
1785136074.8456390
1785136074.8456390
1785136074.8458619
1785136074.8458619
1785136074.8458619
1785136074.8458619
1785136074.8458619
1785136074.8458619
1785136074.8458619
1785136074.8458619
1785136074.8458619
1785136074.8458619
1785136074.8458619
1785136074.8458619
1785136074.8458619
1785136074.8458619
1785136074.8458619
1785136074.8458619
1785136074.8458619
1785136074.8458619
1785136074.8458619
1785136074.8458619
1785136074.8458619
1785136074.8458619
1785136074.8458619
1785136074.8458619
1785136074.8458619
1785136074.8458619
1785136074.8458619
1785136074.8458619
1785136074.8458619
1785136074.8458619
1785136074.8458619
1785136074.8458619
1785136074.8458619
1785136074.8458619
1785136074.8458619
1785136074.8458619
1785136074.8458619
1785136074.8458619
1785136074.8458619
1785136074.8458619
1785136074.8458619
1785136074.8458619
1785136074.8458619
1785136074.8458619
1785136074.8458619
1785136074.8458619
1785136074.8458619
1785136074.8458619
1785136074.8458619
1785136074.8460841
1785136074.8460841
1785136074.8460841
1785136074.8460841
1785136074.8460841
1785136074.8460841
1785136074.8460841
1785136074.8460841
1785136074.8460841
1785136074.8460841
1785136074.8460841
1785136074.8460841
1785136074.8460841
1785136074.8460841
1785136074.8460841
1785136074.8460841
1785136074.8460841
1785136074.8460841
1785136074.8460841
1785136074.8460841
1785136074.8460841
1785136074.8460841
1785136074.8460841
1785136074.8460841
1785136074.8460841
1785136074.8460841
1785136074.8460841
1785136074.8460841
1785136074.8460841
1785136074.8460841
1785136074.8460841
1785136074.8460841
1785136074.8460841
1785136074.8460841
1785136074.8460841
1785136074.8460841
1785136074.8460841
1785136074.8460841
1785136074.8460841
1785136074.8460841
1785136074.8460841
1785136074.8460841
1785136074.8460841
1785136074.8460841
1785136074.8460841
1785136074.8460841
1785136074.8460841
1785136074.8460841
1785136074.8460841
1785136074.8460841
1785136074.8460841
1785136074.8460841
1785136074.8460841
1785136074.8460841
1785136074.8460841
1785136074.8460841
1785136074.8460841
1785136074.8460841
1785136074.8460841
1785136074.8460841
1785136074.8460841
1785136074.8460841
1785136074.8460841
1785136074.8460841
1785136074.8460841
1785136074.8460841
1785136074.8460841
1785136074.8463070
1785136074.8463070
1785136074.8463070
1785136074.8463070
1785136074.8463070
1785136074.8463070
1785136074.8463070
1785136074.8463070
1785136074.8463070
1785136074.8463070
1785136074.8463070
1785136074.8463070
1785136074.8463070
1785136074.8463070
1785136074.8463070
1785136074.8463070
1785136074.8463070
1785136074.8463070
1785136074.8463070
1785136074.8463070
1785136074.8463070
1785136074.8463070
1785136074.8463070
1785136074.8463070
1785136074.8463070
1785136074.8463070
1785136074.8463070
1785136074.8463070
1785136074.8463070
1785136074.8463070
1785136074.8463070
1785136074.8463070
1785136074.8463070
1785136074.8463070
1785136074.8463070
1785136074.8463070
1785136074.8463070
1785136074.8463070
1785136074.8463070
1785136074.8463070
1785136074.8463070
1785136074.8463070
1785136074.8463070
1785136074.8463070
1785136074.8463070
1785136074.8463070
1785136074.8463070
1785136074.8463070
1785136074.8465281
1785136074.8465281
1785136074.8465281
1785136074.8465281
1785136074.8465281
1785136074.8465281
1785136074.8465281
1785136074.8465281
1785136074.8465281
1785136074.8465281
1785136074.8465281
1785136074.8465281
1785136074.8465281
1785136074.8465281
1785136074.8465281
1785136074.8465281
1785136074.8465281
1785136074.8465281
1785136074.8465281
1785136074.8465281
1785136074.8465281
1785136074.8465281
1785136074.8465281
1785136074.8465281
1785136074.8465281
1785136074.8465281
1785136074.8465281
1785136074.8465281
1785136074.8465281
1785136074.8465281
1785136074.8465281
1785136074.8465281
1785136074.8465281
1785136074.8465281
1785136074.8465281
1785136074.8465281
1785136074.8465281
1785136074.8465281
1785136074.8465281
1785136074.8465281
1785136074.8465281
1785136074.8465281
1785136074.8465281
1785136074.8465281
1785136074.8465281
1785136074.8467510
1785136074.8467510
1785136074.8467510
1785136074.8467510
1785136074.8467510
1785136074.8467510
1785136074.8467510
1785136074.8467510
1785136074.8467510
1785136074.8467510
1785136074.8467510
1785136074.8467510
1785136074.8467510
1785136074.8467510
1785136074.8467510
1785136074.8467510
1785136074.8467510
1785136074.8467510
1785136074.8467510
1785136074.8467510
1785136074.8467510
1785136074.8467510
1785136074.8467510
1785136074.8467510
1785136074.8467510
1785136074.8467510
1785136074.8467510
1785136074.8467510
1785136074.8467510
1785136074.8467510
1785136074.8467510
1785136074.8467510
1785136074.8467510
1785136074.8467510
1785136074.8467510
1785136074.8467510
1785136074.8467510
1785136074.8467510
1785136074.8467510
1785136074.8467510
1785136074.8467510
1785136074.8467510
1785136074.8467510
1785136074.8467510
1785136074.8467510
1785136074.8469720
1785136074.8469720
1785136074.8469720
1785136074.8469720
1785136074.8469720
1785136074.8469720
1785136074.8469720
1785136074.8469720
1785136074.8469720
1785136074.8469720
1785136074.8469720
1785136074.8469720
1785136074.8469720
1785136074.8469720
1785136074.8469720
1785136074.8469720
1785136074.8469720
1785136074.8469720
1785136074.8469720
1785136074.8469720
1785136074.8469720
1785136074.8469720
1785136074.8469720
1785136074.8469720
1785136074.8469720
1785136074.8469720
1785136074.8469720
1785136074.8469720
1785136074.8469720
1785136074.8469720
1785136074.8469720
1785136074.8469720
1785136074.8469720
1785136074.8469720
1785136074.8469720
1785136074.8469720
1785136074.8469720
1785136074.8469720
1785136074.8469720
1785136074.8469720
1785136074.8469720
1785136074.8469720
1785136074.8469720
1785136074.8469720
1785136074.8469720
1785136074.8469720
1785136074.8469720
1785136074.8469720
1785136074.8469720
1785136074.8469720
1785136074.8469720
1785136074.8469720
1785136074.8469720
1785136074.8469720
1785136074.8469720
1785136074.8469720
1785136074.8469720
1785136074.8469720
1785136074.8469720
1785136074.8469720
1785136074.8471949
1785136074.8471949
1785136074.8471949
1785136074.8471949
1785136074.8471949
1785136074.8471949
1785136074.8471949
1785136074.8471949
1785136074.8471949
1785136074.8471949
1785136074.8471949
1785136074.8471949
1785136074.8471949
1785136074.8471949
1785136074.8471949
1785136074.8471949
1785136074.8471949
1785136074.8471949
1785136074.8471949
1785136074.8471949
1785136074.8471949
1785136074.8471949
1785136074.8471949
1785136074.8471949
1785136074.8471949
1785136074.8471949
1785136074.8471949
1785136074.8471949
1785136074.8471949
1785136074.8471949
1785136074.8471949
1785136074.8471949
1785136074.8471949
1785136074.8471949
1785136074.8471949
1785136074.8471949
1785136074.8471949
1785136074.8471949
1785136074.8471949
1785136074.8471949
1785136074.8471949
1785136074.8471949
1785136074.8471949
1785136074.8471949
1785136074.8471949
1785136074.8474171
1785136074.8474171
1785136074.8474171
1785136074.8474171
1785136074.8474171
1785136074.8474171
1785136074.8474171
1785136074.8474171
1785136074.8474171
1785136074.8474171
1785136074.8474171
1785136074.8474171
1785136074.8474171
1785136074.8474171
1785136074.8474171
1785136074.8474171
1785136074.8474171
1785136074.8474171
1785136074.8474171
1785136074.8474171
1785136074.8474171
1785136074.8474171
1785136074.8474171
1785136074.8474171
1785136074.8474171
1785136074.8474171
1785136074.8474171
1785136074.8474171
1785136074.8474171
1785136074.8474171
1785136074.8474171
1785136074.8474171
1785136074.8474171
1785136074.8474171
1785136074.8474171
1785136074.8474171
1785136074.8474171
1785136074.8474171
1785136074.8474171
1785136074.8474171
1785136074.8474171
1785136074.8474171
1785136074.8474171
1785136074.8474171
1785136074.8474171
1785136074.8476391
1785136074.8476391
1785136074.8476391
1785136074.8476391
1785136074.8476391
1785136074.8476391
1785136074.8476391
1785136074.8476391
1785136074.8476391
1785136074.8476391
1785136074.8476391
1785136074.8476391
1785136074.8476391
1785136074.8476391
1785136074.8476391
1785136074.8476391
1785136074.8476391
1785136074.8476391
1785136074.8476391
1785136074.8476391
1785136074.8476391
1785136074.8476391
1785136074.8476391
1785136074.8476391
1785136074.8476391
1785136074.8476391
1785136074.8476391
1785136074.8476391
1785136074.8476391
1785136074.8476391
1785136074.8476391
1785136074.8476391
1785136074.8476391
1785136074.8476391
1785136074.8476391
1785136074.8476391
1785136074.8476391
1785136074.8476391
1785136074.8476391
1785136074.8476391
1785136074.8476391
1785136074.8476391
1785136074.8476391
1785136074.8476391
1785136074.8476391
1785136074.8476391
1785136074.8478620
1785136074.8478620
1785136074.8478620
1785136074.8478620
1785136074.8478620
1785136074.8478620
1785136074.8478620
1785136074.8478620
1785136074.8478620
1785136074.8478620
1785136074.8478620
1785136074.8478620
1785136074.8478620
1785136074.8478620
1785136074.8478620
1785136074.8478620
1785136074.8478620
1785136074.8478620
1785136074.8478620
1785136074.8478620
1785136074.8478620
1785136074.8478620
1785136074.8478620
1785136074.8478620
1785136074.8478620
1785136074.8478620
1785136074.8478620
1785136074.8478620
1785136074.8478620
1785136074.8478620
1785136074.8478620
1785136074.8478620
1785136074.8478620
1785136074.8478620
1785136074.8478620
1785136074.8478620
1785136074.8478620
1785136074.8478620
1785136074.8478620
1785136074.8478620
1785136074.8478620
1785136074.8478620
1785136074.8478620
1785136074.8478620
1785136074.8478620
1785136074.8478620
1785136074.8480840
1785136074.8480840
1785136074.8480840
1785136074.8480840
1785136074.8480840
1785136074.8480840
1785136074.8480840
1785136074.8480840
1785136074.8480840
1785136074.8480840
1785136074.8480840
1785136074.8480840
1785136074.8480840
1785136074.8480840
1785136074.8480840
1785136074.8480840
1785136074.8480840
1785136074.8480840
1785136074.8480840
1785136074.8480840
1785136074.8480840
1785136074.8480840
1785136074.8480840
1785136074.8480840
1785136074.8480840
1785136074.8480840
1785136074.8480840
1785136074.8480840
1785136074.8480840
1785136074.8480840
1785136074.8480840
1785136074.8480840
1785136074.8480840
1785136074.8480840
1785136074.8480840
1785136074.8480840
1785136074.8480840
1785136074.8480840
1785136074.8480840
1785136074.8480840
1785136074.8480840
1785136074.8480840
1785136074.8480840
1785136074.8480840
1785136074.8480840
1785136074.8480840
1785136074.8480840
1785136074.8480840
1785136074.8480840
1785136074.8483059
1785136074.8483059
1785136074.8483059
1785136074.8483059
1785136074.8483059
1785136074.8483059
1785136074.8483059
1785136074.8483059
1785136074.8483059
1785136074.8483059
1785136074.8483059
1785136074.8483059
1785136074.8483059
1785136074.8483059
1785136074.8483059
1785136074.8483059
1785136074.8483059
1785136074.8483059
1785136074.8483059
1785136074.8483059
1785136074.8483059
1785136074.8483059
1785136074.8483059
1785136074.8483059
1785136074.8483059
1785136074.8483059
1785136074.8483059
1785136074.8483059
1785136074.8483059
1785136074.8483059
1785136074.8483059
1785136074.8483059
1785136074.8483059
1785136074.8483059
1785136074.8483059
1785136074.8483059
1785136074.8483059
1785136074.8483059
1785136074.8483059
1785136074.8483059
1785136074.8483059
1785136074.8483059
1785136074.8483059
1785136074.8483059
1785136074.8483059
1785136074.8483059
1785136074.8483059
1785136074.8483059
1785136074.8483059
1785136074.8483059
1785136074.8483059
1785136074.8483059
1785136074.8483059
1785136074.8483059
1785136074.8483059
1785136074.8485279
1785136074.8485279
1785136074.8485279
1785136074.8485279
1785136074.8485279
1785136074.8485279
1785136074.8485279
1785136074.8485279
1785136074.8485279
1785136074.8485279
1785136074.8485279
1785136074.8485279
1785136074.8485279
1785136074.8485279
1785136074.8485279
1785136074.8485279
1785136074.8485279
1785136074.8485279
1785136074.8485279
1785136074.8485279
1785136074.8485279
1785136074.8485279
1785136074.8485279
1785136074.8485279
1785136074.8485279
1785136074.8485279
1785136074.8485279
1785136074.8485279
1785136074.8485279
1785136074.8485279
1785136074.8485279
1785136074.8485279
1785136074.8485279
1785136074.8485279
1785136074.8485279
1785136074.8485279
1785136074.8485279
1785136074.8485279
1785136074.8485279
1785136074.8485279
1785136074.8485279
1785136074.8485279
1785136074.8485279
1785136074.8485279
1785136074.8485279
1785136074.8485279
1785136074.8485279
1785136074.8485279
1785136074.8485279
1785136074.8485279
1785136074.8485279
1785136074.8485279
1785136074.8485279
1785136074.8485279
1785136074.8485279
1785136074.8485279
1785136074.8485279
1785136074.8487501
1785136074.8487501
1785136074.8487501
1785136074.8487501
1785136074.8487501
1785136074.8487501
1785136074.8487501
1785136074.8487501
1785136074.8487501
1785136074.8487501
1785136074.8487501
1785136074.8487501
1785136074.8487501
1785136074.8487501
1785136074.8487501
1785136074.8487501
1785136074.8487501
1785136074.8487501
1785136074.8487501
1785136074.8487501
1785136074.8487501
1785136074.8487501
1785136074.8487501
1785136074.8487501
1785136074.8487501
1785136074.8487501
1785136074.8487501
1785136074.8487501
1785136074.8487501
1785136074.8487501
1785136074.8487501
1785136074.8487501
1785136074.8487501
1785136074.8487501
1785136074.8487501
1785136074.8487501
1785136074.8487501
1785136074.8487501
1785136074.8487501
1785136074.8487501
1785136074.8487501
1785136074.8487501
1785136074.8487501
1785136074.8487501
1785136074.8487501
1785136074.8487501
1785136074.8487501
1785136074.8487501
1785136074.8487501
1785136074.8487501
1785136074.8487501
1785136074.8487501
1785136074.8487501
1785136074.8487501
1785136074.8487501
1785136074.8487501
1785136074.8487501
1785136074.8487501
1785136074.8487501
1785136074.8487501
1785136074.8487501
1785136074.8487501
1785136074.8489730
1785136074.8489730
1785136074.8489730
1785136074.8489730
1785136074.8489730
1785136074.8489730
1785136074.8489730
1785136074.8489730
1785136074.8489730
1785136074.8489730
1785136074.8489730
1785136074.8489730
1785136074.8489730
1785136074.8489730
1785136074.8489730
1785136074.8489730
1785136074.8489730
1785136074.8489730
1785136074.8489730
1785136074.8489730
1785136074.8489730
1785136074.8489730
1785136074.8489730
1785136074.8489730
1785136074.8489730
1785136074.8489730
1785136074.8489730
1785136074.8489730
1785136074.8489730
1785136074.8489730
1785136074.8489730
1785136074.8489730
1785136074.8489730
1785136074.8489730
1785136074.8489730
1785136074.8489730
1785136074.8489730
1785136074.8489730
1785136074.8489730
1785136074.8489730
1785136074.8489730
1785136074.8489730
1785136074.8489730
1785136074.8489730
1785136074.8489730
1785136074.8489730
1785136074.8489730
1785136074.8489730
1785136074.8489730
1785136074.8489730
1785136074.8489730
1785136074.8489730
1785136074.8489730
1785136074.8489730
1785136074.8489730
1785136074.8489730
1785136074.8489730
1785136074.8489730
1785136074.8489730
1785136074.8489730
1785136074.8489730
1785136074.8489730
1785136074.8489730
1785136074.8489730
1785136074.8489730
1785136074.8489730
1785136074.8491940
1785136074.8491940
1785136074.8491940
1785136074.8491940
1785136074.8491940
1785136074.8491940
1785136074.8491940
1785136074.8491940
1785136074.8491940
1785136074.8491940
1785136074.8491940
1785136074.8491940
1785136074.8491940
1785136074.8491940
1785136074.8491940
1785136074.8491940
1785136074.8491940
1785136074.8491940
1785136074.8491940
1785136074.8491940
1785136074.8491940
1785136074.8491940
1785136074.8491940
1785136074.8491940
1785136074.8491940
1785136074.8491940
1785136074.8491940
1785136074.8491940
1785136074.8491940
1785136074.8491940
1785136074.8491940
1785136074.8491940
1785136074.8491940
1785136074.8491940
1785136074.8491940
1785136074.8491940
1785136074.8491940
1785136074.8491940
1785136074.8491940
1785136074.8491940
1785136074.8491940
1785136074.8491940
1785136074.8491940
1785136074.8491940
1785136074.8491940
1785136074.8491940
1785136074.8491940
1785136074.8491940
1785136074.8491940
1785136074.8491940
1785136074.8491940
1785136074.8491940
1785136074.8491940
1785136074.8491940
1785136074.8491940
1785136074.8491940
1785136074.8491940
1785136074.8491940
1785136074.8491940
1785136074.8491940
1785136074.8491940
1785136074.8491940
1785136074.8491940
1785136074.8491940
1785136074.8491940
1785136074.8491940
1785136074.8491940
1785136074.8491940
1785136074.8491940
1785136074.8491940
1785136074.8491940
1785136074.8491940
1785136074.8491940
1785136074.8491940
1785136074.8491940
1785136074.8491940
1785136074.8491940
1785136074.8491940
1785136074.8491940
1785136074.8491940
1785136074.8491940
1785136074.8491940
1785136074.8491940
1785136074.8491940
1785136074.8491940
1785136074.8494170
1785136074.8494170
1785136074.8494170
1785136074.8494170
1785136074.8494170
1785136074.8494170
1785136074.8494170
1785136074.8494170
1785136074.8494170
1785136074.8494170
1785136074.8494170
1785136074.8494170
1785136074.8494170
1785136074.8494170
1785136074.8494170
1785136074.8494170
1785136074.8494170
1785136074.8494170
1785136074.8494170
1785136074.8494170
1785136074.8494170
1785136074.8494170
1785136074.8494170
1785136074.8494170
1785136074.8494170
1785136074.8494170
1785136074.8494170
1785136074.8494170
1785136074.8494170
1785136074.8494170
1785136074.8494170
1785136074.8494170
1785136074.8494170
1785136074.8494170
1785136074.8494170
1785136074.8494170
1785136074.8494170
1785136074.8494170
1785136074.8494170
1785136074.8494170
1785136074.8494170
1785136074.8494170
1785136074.8494170
1785136074.8494170
1785136074.8494170
1785136074.8494170
1785136074.8494170
1785136074.8494170
1785136074.8494170
1785136074.8494170
1785136074.8494170
1785136074.8494170
1785136074.8494170
1785136074.8494170
1785136074.8494170
1785136074.8494170
1785136074.8494170
1785136074.8494170
1785136074.8494170
1785136074.8494170
1785136074.8494170
1785136074.8494170
1785136074.8494170
1785136074.8494170
1785136074.8494170
1785136074.8494170
1785136074.8494170
1785136074.8494170
1785136074.8494170
1785136074.8494170
1785136074.8494170
1785136074.8494170
1785136074.8494170
1785136074.8496389
1785136074.8496389
1785136074.8496389
1785136074.8496389
1785136074.8496389
1785136074.8496389
1785136074.8496389
1785136074.8496389
1785136074.8496389
1785136074.8496389
1785136074.8496389
1785136074.8496389
1785136074.8496389
1785136074.8496389
1785136074.8496389
1785136074.8496389
1785136074.8496389
1785136074.8496389
1785136074.8496389
1785136074.8496389
1785136074.8496389
1785136074.8496389
1785136074.8496389
1785136074.8496389
1785136074.8496389
1785136074.8496389
1785136074.8496389
1785136074.8496389
1785136074.8496389
1785136074.8496389
1785136074.8496389
1785136074.8496389
1785136074.8496389
1785136074.8496389
1785136074.8496389
1785136074.8496389
1785136074.8496389
1785136074.8496389
1785136074.8496389
1785136074.8496389
1785136074.8496389
1785136074.8496389
1785136074.8496389
1785136074.8496389
1785136074.8496389
1785136074.8496389
1785136074.8496389
1785136074.8496389
1785136074.8496389
1785136074.8496389
1785136074.8496389
1785136074.8496389
1785136074.8496389
1785136074.8496389
1785136074.8496389
1785136074.8496389
1785136074.8496389
1785136074.8496389
1785136074.8496389
1785136074.8496389
1785136074.8496389
1785136074.8496389
1785136074.8496389
1785136074.8496389
1785136074.8496389
1785136074.8496389
1785136074.8496389
1785136074.8496389
1785136074.8496389
1785136074.8496389
1785136074.8496389
1785136074.8496389
1785136074.8496389
1785136074.8496389
1785136074.8496389
1785136074.8496389
1785136074.8496389
1785136074.8496389
1785136074.8496389
1785136074.8498609
1785136074.8498609
1785136074.8498609
1785136074.8498609
1785136074.8498609
1785136074.8498609
1785136074.8498609
1785136074.8498609
1785136074.8498609
1785136074.8498609
1785136074.8498609
1785136074.8498609
1785136074.8498609
1785136074.8498609
1785136074.8498609
1785136074.8498609
1785136074.8498609
1785136074.8498609
1785136074.8498609
1785136074.8498609
1785136074.8498609
1785136074.8498609
1785136074.8498609
1785136074.8498609
1785136074.8498609
1785136074.8498609
1785136074.8498609
1785136074.8498609
1785136074.8498609
1785136074.8498609
1785136074.8498609
1785136074.8498609
1785136074.8498609
1785136074.8498609
1785136074.8498609
1785136074.8498609
1785136074.8498609
1785136074.8498609
1785136074.8498609
1785136074.8498609
1785136074.8498609
1785136074.8498609
1785136074.8498609
1785136074.8498609
1785136074.8498609
1785136074.8498609
1785136074.8498609
1785136074.8498609
1785136074.8498609
1785136074.8498609
1785136074.8498609
1785136074.8498609
1785136074.8498609
1785136074.8498609
1785136074.8498609
1785136074.8498609
1785136074.8498609
1785136074.8498609
1785136074.8498609
1785136074.8498609
1785136074.8498609
1785136074.8498609
1785136074.8498609
1785136074.8498609
1785136074.8498609
1785136074.8498609
1785136074.8498609
1785136074.8498609
1785136074.8500831
1785136074.8500831
1785136074.8500831
1785136074.8500831
1785136074.8500831
1785136074.8500831
1785136074.8500831
1785136074.8500831
1785136074.8500831
1785136074.8500831
1785136074.8500831
1785136074.8500831
1785136074.8500831
1785136074.8500831
1785136074.8500831
1785136074.8500831
1785136074.8500831
1785136074.8500831
1785136074.8500831
1785136074.8500831
1785136074.8500831
1785136074.8500831
1785136074.8500831
1785136074.8500831
1785136074.8500831
1785136074.8500831
1785136074.8500831
1785136074.8500831
1785136074.8500831
1785136074.8500831
1785136074.8500831
1785136074.8500831
1785136074.8500831
1785136074.8500831
1785136074.8500831
1785136074.8500831
1785136074.8500831
1785136074.8500831
1785136074.8500831
1785136074.8500831
1785136074.8500831
1785136074.8500831
1785136074.8500831
1785136074.8500831
1785136074.8500831
1785136074.8500831
1785136074.8500831
1785136074.8500831
1785136074.8500831
1785136074.8500831
1785136074.8500831
1785136074.8500831
1785136074.8500831
1785136074.8500831
1785136074.8500831
1785136074.8500831
1785136074.8500831
1785136074.8500831
1785136074.8500831
1785136074.8500831
1785136074.8500831
1785136074.8500831
1785136074.8500831
1785136074.8503051
1785136074.8503051
1785136074.8503051
1785136074.8503051
1785136074.8503051
1785136074.8503051
1785136074.8503051
1785136074.8503051
1785136074.8503051
1785136074.8503051
1785136074.8503051
1785136074.8503051
1785136074.8503051
1785136074.8503051
1785136074.8503051
1785136074.8503051
1785136074.8503051
1785136074.8503051
1785136074.8503051
1785136074.8503051
1785136074.8503051
1785136074.8503051
1785136074.8503051
1785136074.8503051
1785136074.8503051
1785136074.8503051
1785136074.8503051
1785136074.8503051
1785136074.8503051
1785136074.8503051
1785136074.8503051
1785136074.8503051
1785136074.8503051
1785136074.8503051
1785136074.8503051
1785136074.8503051
1785136074.8503051
1785136074.8503051
1785136074.8503051
1785136074.8503051
1785136074.8503051
1785136074.8503051
1785136074.8503051
1785136074.8503051
1785136074.8503051
1785136074.8503051
1785136074.8503051
1785136074.8503051
1785136074.8503051
1785136074.8503051
1785136074.8503051
1785136074.8503051
1785136074.8503051
1785136074.8503051
1785136074.8503051
1785136074.8503051
1785136074.8503051
1785136074.8503051
1785136074.8503051
1785136074.8503051
1785136074.8503051
1785136074.8503051
1785136074.8503051
1785136074.8503051
1785136074.8505280
1785136074.8505280
1785136074.8505280
1785136074.8505280
1785136074.8505280
1785136074.8505280
1785136074.8505280
1785136074.8505280
1785136074.8505280
1785136074.8505280
1785136074.8505280
1785136074.8505280
1785136074.8505280
1785136074.8505280
1785136074.8505280
1785136074.8505280
1785136074.8505280
1785136074.8505280
1785136074.8505280
1785136074.8505280
1785136074.8505280
1785136074.8505280
1785136074.8505280
1785136074.8505280
1785136074.8505280
1785136074.8505280
1785136074.8505280
1785136074.8505280
1785136074.8505280
1785136074.8505280
1785136074.8505280
1785136074.8505280
1785136074.8505280
1785136074.8505280
1785136074.8505280
1785136074.8505280
1785136074.8505280
1785136074.8505280
1785136074.8505280
1785136074.8505280
1785136074.8505280
1785136074.8505280
1785136074.8505280
1785136074.8505280
1785136074.8505280
1785136074.8505280
1785136074.8505280
1785136074.8505280
1785136074.8505280
1785136074.8505280
1785136074.8505280
1785136074.8505280
1785136074.8505280
1785136074.8505280
1785136074.8505280
1785136074.8505280
1785136074.8505280
1785136074.8505280
1785136074.8505280
1785136074.8505280
1785136074.8505280
1785136074.8505280
1785136074.8505280
1785136074.8505280
1785136074.8505280
1785136074.8507500
1785136074.8507500
1785136074.8507500
1785136074.8507500
1785136074.8507500
1785136074.8507500
1785136074.8507500
1785136074.8507500
1785136074.8507500
1785136074.8507500
1785136074.8507500
1785136074.8507500
1785136074.8507500
1785136074.8507500
1785136074.8507500
1785136074.8507500
1785136074.8507500
1785136074.8507500
1785136074.8507500
1785136074.8507500
1785136074.8507500
1785136074.8507500
1785136074.8507500
1785136074.8507500
1785136074.8507500
1785136074.8507500
1785136074.8507500
1785136074.8507500
1785136074.8507500
1785136074.8507500
1785136074.8507500
1785136074.8507500
1785136074.8507500
1785136074.8507500
1785136074.8507500
1785136074.8507500
1785136074.8507500
1785136074.8507500
1785136074.8507500
1785136074.8507500
1785136074.8507500
1785136074.8507500
1785136074.8507500
1785136074.8507500
1785136074.8507500
1785136074.8507500
1785136074.8507500
1785136074.8507500
1785136074.8507500
1785136074.8507500
1785136074.8507500
1785136074.8507500
1785136074.8507500
1785136074.8507500
1785136074.8507500
1785136074.8507500
1785136074.8507500
1785136074.8507500
1785136074.8507500
1785136074.8507500
1785136074.8507500
1785136074.8507500
1785136074.8507500
1785136074.8507500
1785136074.8507500
1785136074.8507500
1785136074.8507500
1785136074.8507500
1785136074.8507500
1785136074.8507500
1785136074.8509719
1785136074.8509719
1785136074.8509719
1785136074.8509719
1785136074.8509719
1785136074.8509719
1785136074.8509719
1785136074.8509719
1785136074.8509719
1785136074.8509719
1785136074.8509719
1785136074.8509719
1785136074.8509719
1785136074.8509719
1785136074.8509719
1785136074.8509719
1785136074.8509719
1785136074.8509719
1785136074.8509719
1785136074.8509719
1785136074.8509719
1785136074.8509719
1785136074.8509719
1785136074.8509719
1785136074.8509719
1785136074.8509719
1785136074.8509719
1785136074.8509719
1785136074.8509719
1785136074.8509719
1785136074.8509719
1785136074.8509719
1785136074.8509719
1785136074.8509719
1785136074.8509719
1785136074.8509719
1785136074.8509719
1785136074.8509719
1785136074.8509719
1785136074.8509719
1785136074.8509719
1785136074.8509719
1785136074.8509719
1785136074.8509719
1785136074.8509719
1785136074.8509719
1785136074.8509719
1785136074.8509719
1785136074.8509719
1785136074.8509719
1785136074.8509719
1785136074.8509719
1785136074.8509719
1785136074.8509719
1785136074.8509719
1785136074.8509719
1785136074.8509719
1785136074.8509719
1785136074.8509719
1785136074.8509719
1785136074.8509719
1785136074.8509719
1785136074.8509719
1785136074.8509719
1785136074.8509719
1785136074.8509719
1785136074.8509719
1785136074.8509719
1785136074.8509719
1785136074.8509719
1785136074.8509719
1785136074.8509719
1785136074.8509719
1785136074.8509719
1785136074.8509719
1785136074.8509719
1785136074.8509719
1785136074.8509719
1785136074.8511939
1785136074.8511939
1785136074.8511939
1785136074.8511939
1785136074.8511939
1785136074.8511939
1785136074.8511939
1785136074.8511939
1785136074.8511939
1785136074.8511939
1785136074.8511939
1785136074.8511939
1785136074.8511939
1785136074.8511939
1785136074.8511939
1785136074.8511939
1785136074.8511939
1785136074.8511939
1785136074.8511939
1785136074.8511939
1785136074.8511939
1785136074.8511939
1785136074.8511939
1785136074.8511939
1785136074.8511939
1785136074.8511939
1785136074.8511939
1785136074.8511939
1785136074.8511939
1785136074.8511939
1785136074.8511939
1785136074.8511939
1785136074.8511939
1785136074.8511939
1785136074.8511939
1785136074.8511939
1785136074.8511939
1785136074.8511939
1785136074.8511939
1785136074.8511939
1785136074.8511939
1785136074.8511939
1785136074.8511939
1785136074.8511939
1785136074.8511939
1785136074.8511939
1785136074.8511939
1785136074.8511939
1785136074.8511939
1785136074.8511939
1785136074.8511939
1785136074.8511939
1785136074.8511939
1785136074.8511939
1785136074.8511939
1785136074.8511939
1785136074.8511939
1785136074.8511939
1785136074.8511939
1785136074.8511939
1785136074.8511939
1785136074.8511939
1785136074.8511939
1785136074.8511939
1785136074.8511939
1785136074.8511939
1785136074.8511939
1785136074.8511939
1785136074.8511939
1785136074.8511939
1785136074.8511939
1785136074.8511939
1785136074.8511939
1785136074.8511939
1785136074.8511939
1785136074.8511939
1785136074.8511939
1785136074.8514161
1785136074.8514161
1785136074.8514161
1785136074.8514161
1785136074.8514161
1785136074.8514161
1785136074.8514161
1785136074.8514161
1785136074.8514161
1785136074.8514161
1785136074.8514161
1785136074.8514161
1785136074.8514161
1785136074.8514161
1785136074.8514161
1785136074.8514161
1785136074.8514161
1785136074.8514161
1785136074.8514161
1785136074.8514161
1785136074.8514161
1785136074.8514161
1785136074.8514161
1785136074.8514161
1785136074.8514161
1785136074.8514161
1785136074.8514161
1785136074.8514161
1785136074.8514161
1785136074.8514161
1785136074.8514161
1785136074.8514161
1785136074.8514161
1785136074.8514161
1785136074.8514161
1785136074.8514161
1785136074.8514161
1785136074.8514161
1785136074.8514161
1785136074.8514161
1785136074.8514161
1785136074.8514161
1785136074.8514161
1785136074.8514161
1785136074.8514161
1785136074.8514161
1785136074.8514161
1785136074.8514161
1785136074.8514161
1785136074.8514161
1785136074.8514161
1785136074.8514161
1785136074.8514161
1785136074.8514161
1785136074.8514161
1785136074.8514161
1785136074.8514161
1785136074.8514161
1785136074.8514161
1785136074.8514161
1785136074.8514161
1785136074.8516390
1785136074.8516390
1785136074.8516390
1785136074.8516390
1785136074.8516390
1785136074.8516390
1785136074.8516390
1785136074.8516390
1785136074.8516390
1785136074.8516390
1785136074.8516390
1785136074.8516390
1785136074.8516390
1785136074.8516390
1785136074.8516390
1785136074.8516390
1785136074.8516390
1785136074.8516390
1785136074.8516390
1785136074.8516390
1785136074.8516390
1785136074.8516390
1785136074.8516390
1785136074.8516390
1785136074.8516390
1785136074.8516390
1785136074.8516390
1785136074.8516390
1785136074.8516390
1785136074.8516390
1785136074.8516390
1785136074.8516390
1785136074.8516390
1785136074.8516390
1785136074.8516390
1785136074.8516390
1785136074.8516390
1785136074.8516390
1785136074.8516390
1785136074.8516390
1785136074.8516390
1785136074.8516390
1785136074.8516390
1785136074.8516390
1785136074.8516390
1785136074.8516390
1785136074.8516390
1785136074.8516390
1785136074.8516390
1785136074.8516390
1785136074.8516390
1785136074.8516390
1785136074.8516390
1785136074.8516390
1785136074.8516390
1785136074.8516390
1785136074.8516390
1785136074.8516390
1785136074.8516390
1785136074.8516390
1785136074.8516390
1785136074.8516390
1785136074.8518610
1785136074.8518610
1785136074.8518610
1785136074.8518610
1785136074.8518610
1785136074.8518610
1785136074.8518610
1785136074.8518610
1785136074.8518610
1785136074.8518610
1785136074.8518610
1785136074.8518610
1785136074.8518610
1785136074.8518610
1785136074.8518610
1785136074.8518610
1785136074.8518610
1785136074.8518610
1785136074.8518610
1785136074.8518610
1785136074.8518610
1785136074.8518610
1785136074.8518610
1785136074.8518610
1785136074.8518610
1785136074.8518610
1785136074.8518610
1785136074.8518610
1785136074.8518610
1785136074.8518610
1785136074.8518610
1785136074.8518610
1785136074.8518610
1785136074.8518610
1785136074.8518610
1785136074.8518610
1785136074.8518610
1785136074.8518610
1785136074.8518610
1785136074.8518610
1785136074.8518610
1785136074.8518610
1785136074.8518610
1785136074.8518610
1785136074.8518610
1785136074.8518610
1785136074.8518610
1785136074.8518610
1785136074.8518610
1785136074.8518610
1785136074.8518610
1785136074.8518610
1785136074.8518610
1785136074.8518610
1785136074.8518610
1785136074.8518610
1785136074.8518610
1785136074.8518610
1785136074.8518610
1785136074.8518610
1785136074.8518610
1785136074.8518610
1785136074.8518610
1785136074.8518610
1785136074.8518610
1785136074.8518610
1785136074.8518610
1785136074.8518610
1785136074.8518610
1785136074.8518610
1785136074.8518610
1785136074.8518610
1785136074.8518610
1785136074.8518610
1785136074.8518610
1785136074.8518610
1785136074.8520830
1785136074.8520830
1785136074.8520830
1785136074.8520830
1785136074.8520830
1785136074.8520830
1785136074.8520830
1785136074.8520830
1785136074.8520830
1785136074.8520830
1785136074.8520830
1785136074.8520830
1785136074.8520830
1785136074.8520830
1785136074.8520830
1785136074.8520830
1785136074.8520830
1785136074.8520830
1785136074.8520830
1785136074.8520830
1785136074.8520830
1785136074.8520830
1785136074.8520830
1785136074.8520830
1785136074.8520830
1785136074.8520830
1785136074.8520830
1785136074.8520830
1785136074.8520830
1785136074.8520830
1785136074.8520830
1785136074.8520830
1785136074.8520830
1785136074.8520830
1785136074.8520830
1785136074.8520830
1785136074.8520830
1785136074.8520830
1785136074.8520830
1785136074.8520830
1785136074.8520830
1785136074.8520830
1785136074.8520830
1785136074.8520830
1785136074.8520830
1785136074.8520830
1785136074.8520830
1785136074.8520830
1785136074.8520830
1785136074.8520830
1785136074.8520830
1785136074.8520830
1785136074.8520830
1785136074.8520830
1785136074.8520830
1785136074.8520830
1785136074.8520830
1785136074.8520830
1785136074.8520830
1785136074.8520830
1785136074.8520830
1785136074.8520830
1785136074.8520830
1785136074.8520830
1785136074.8520830
1785136074.8520830
1785136074.8520830
1785136074.8520830
1785136074.8520830
1785136074.8523049
1785136074.8523049
1785136074.8523049
1785136074.8523049
1785136074.8523049
1785136074.8523049
1785136074.8523049
1785136074.8523049
1785136074.8523049
1785136074.8523049
1785136074.8523049
1785136074.8523049
1785136074.8523049
1785136074.8523049
1785136074.8523049
1785136074.8523049
1785136074.8523049
1785136074.8523049
1785136074.8523049
1785136074.8523049
1785136074.8523049
1785136074.8523049
1785136074.8523049
1785136074.8523049
1785136074.8523049
1785136074.8523049
1785136074.8523049
1785136074.8523049
1785136074.8523049
1785136074.8523049
1785136074.8523049
1785136074.8523049
1785136074.8523049
1785136074.8523049
1785136074.8523049
1785136074.8523049
1785136074.8523049
1785136074.8523049
1785136074.8523049
1785136074.8523049
1785136074.8523049
1785136074.8523049
1785136074.8523049
1785136074.8523049
1785136074.8523049
1785136074.8523049
1785136074.8523049
1785136074.8523049
1785136074.8523049
1785136074.8523049
1785136074.8523049
1785136074.8523049
1785136074.8523049
1785136074.8523049
1785136074.8523049
1785136074.8523049
1785136074.8523049
1785136074.8523049
1785136074.8523049
1785136074.8523049
1785136074.8523049
1785136074.8523049
1785136074.8523049
1785136074.8523049
1785136074.8523049
1785136074.8523049
1785136074.8525281
1785136074.8525281
1785136074.8525281
1785136074.8525281
1785136074.8525281
1785136074.8525281
1785136074.8525281
1785136074.8525281
1785136074.8525281
1785136074.8525281
1785136074.8525281
1785136074.8525281
1785136074.8525281
1785136074.8525281
1785136074.8525281
1785136074.8525281
1785136074.8525281
1785136074.8525281
1785136074.8525281
1785136074.8525281
1785136074.8525281
1785136074.8525281
1785136074.8525281
1785136074.8525281
1785136074.8525281
1785136074.8525281
1785136074.8525281
1785136074.8525281
1785136074.8525281
1785136074.8525281
1785136074.8525281
1785136074.8525281
1785136074.8525281
1785136074.8525281
1785136074.8525281
1785136074.8525281
1785136074.8525281
1785136074.8525281
1785136074.8525281
1785136074.8525281
1785136074.8525281
1785136074.8525281
1785136074.8525281
1785136074.8525281
1785136074.8525281
1785136074.8525281
1785136074.8525281
1785136074.8525281
1785136074.8525281
1785136074.8525281
1785136074.8525281
1785136074.8525281
1785136074.8525281
1785136074.8525281
1785136074.8525281
1785136074.8525281
1785136074.8525281
1785136074.8525281
1785136074.8525281
1785136074.8525281
1785136074.8525281
1785136074.8525281
1785136074.8525281
1785136074.8527501
1785136074.8527501
1785136074.8527501
1785136074.8527501
1785136074.8527501
1785136074.8527501
1785136074.8527501
1785136074.8527501
1785136074.8527501
1785136074.8527501
1785136074.8527501
1785136074.8527501
1785136074.8527501
1785136074.8527501
1785136074.8527501
1785136074.8527501
1785136074.8527501
1785136074.8527501
1785136074.8527501
1785136074.8527501
1785136074.8527501
1785136074.8527501
1785136074.8527501
1785136074.8527501
1785136074.8527501
1785136074.8527501
1785136074.8527501
1785136074.8527501
1785136074.8527501
1785136074.8527501
1785136074.8527501
1785136074.8527501
1785136074.8527501
1785136074.8527501
1785136074.8527501
1785136074.8527501
1785136074.8527501
1785136074.8527501
1785136074.8527501
1785136074.8527501
1785136074.8527501
1785136074.8527501
1785136074.8527501
1785136074.8527501
1785136074.8527501
1785136074.8527501
1785136074.8527501
1785136074.8527501
1785136074.8527501
1785136074.8527501
1785136074.8527501
1785136074.8527501
1785136074.8527501
1785136074.8527501
1785136074.8527501
1785136074.8527501
1785136074.8527501
1785136074.8527501
1785136074.8527501
1785136074.8527501
1785136074.8527501
1785136074.8527501
1785136074.8527501
1785136074.8527501
1785136074.8529720
1785136074.8529720
1785136074.8529720
1785136074.8529720
1785136074.8529720
1785136074.8529720
1785136074.8529720
1785136074.8529720
1785136074.8529720
1785136074.8529720
1785136074.8529720
1785136074.8529720
1785136074.8529720
1785136074.8529720
1785136074.8529720
1785136074.8529720
1785136074.8529720
1785136074.8529720
1785136074.8529720
1785136074.8529720
1785136074.8529720
1785136074.8529720
1785136074.8529720
1785136074.8529720
1785136074.8529720
1785136074.8529720
1785136074.8529720
1785136074.8529720
1785136074.8529720
1785136074.8529720
1785136074.8529720
1785136074.8529720
1785136074.8529720
1785136074.8529720
1785136074.8529720
1785136074.8529720
1785136074.8529720
1785136074.8529720
1785136074.8529720
1785136074.8529720
1785136074.8529720
1785136074.8529720
1785136074.8529720
1785136074.8529720
1785136074.8529720
1785136074.8529720
1785136074.8529720
1785136074.8529720
1785136074.8529720
1785136074.8529720
1785136074.8529720
1785136074.8529720
1785136074.8529720
1785136074.8529720
1785136074.8529720
1785136074.8529720
1785136074.8529720
1785136074.8529720
1785136074.8529720
1785136074.8529720
1785136074.8529720
1785136074.8529720
1785136074.8529720
1785136074.8531940
1785136074.8531940
1785136074.8531940
1785136074.8531940
1785136074.8531940
1785136074.8531940
1785136074.8531940
1785136074.8531940
1785136074.8531940
1785136074.8531940
1785136074.8531940
1785136074.8531940
1785136074.8531940
1785136074.8531940
1785136074.8531940
1785136074.8531940
1785136074.8531940
1785136074.8531940
1785136074.8531940
1785136074.8531940
1785136074.8531940
1785136074.8531940
1785136074.8531940
1785136074.8531940
1785136074.8531940
1785136074.8531940
1785136074.8531940
1785136074.8531940
1785136074.8531940
1785136074.8531940
1785136074.8531940
1785136074.8531940
1785136074.8531940
1785136074.8531940
1785136074.8531940
1785136074.8531940
1785136074.8531940
1785136074.8531940
1785136074.8531940
1785136074.8531940
1785136074.8531940
1785136074.8531940
1785136074.8531940
1785136074.8531940
1785136074.8531940
1785136074.8531940
1785136074.8531940
1785136074.8531940
1785136074.8531940
1785136074.8531940
1785136074.8531940
1785136074.8531940
1785136074.8531940
1785136074.8531940
1785136074.8531940
1785136074.8531940
1785136074.8531940
1785136074.8531940
1785136074.8531940
1785136074.8531940
1785136074.8531940
1785136074.8531940
1785136074.8531940
1785136074.8531940
1785136074.8534160
1785136074.8534160
1785136074.8534160
1785136074.8534160
1785136074.8534160
1785136074.8534160
1785136074.8534160
1785136074.8534160
1785136074.8534160
1785136074.8534160
1785136074.8534160
1785136074.8534160
1785136074.8534160
1785136074.8534160
1785136074.8534160
1785136074.8534160
1785136074.8534160
1785136074.8534160
1785136074.8534160
1785136074.8534160
1785136074.8534160
1785136074.8534160
1785136074.8534160
1785136074.8534160
1785136074.8534160
1785136074.8534160
1785136074.8534160
1785136074.8534160
1785136074.8534160
1785136074.8534160
1785136074.8534160
1785136074.8534160
1785136074.8534160
1785136074.8534160
1785136074.8534160
1785136074.8534160
1785136074.8534160
1785136074.8534160
1785136074.8534160
1785136074.8534160
1785136074.8534160
1785136074.8534160
1785136074.8534160
1785136074.8534160
1785136074.8534160
1785136074.8534160
1785136074.8534160
1785136074.8534160
1785136074.8534160
1785136074.8534160
1785136074.8534160
1785136074.8534160
1785136074.8534160
1785136074.8534160
1785136074.8534160
1785136074.8534160
1785136074.8534160
1785136074.8534160
1785136074.8534160
1785136074.8534160
1785136074.8536379
1785136074.8536379
1785136074.8536379
1785136074.8536379
1785136074.8536379
1785136074.8536379
1785136074.8536379
1785136074.8536379
1785136074.8536379
1785136074.8536379
1785136074.8536379
1785136074.8536379
1785136074.8536379
1785136074.8536379
1785136074.8536379
1785136074.8536379
1785136074.8536379
1785136074.8536379
1785136074.8536379
1785136074.8536379
1785136074.8536379
1785136074.8536379
1785136074.8536379
1785136074.8536379
1785136074.8536379
1785136074.8536379
1785136074.8536379
1785136074.8536379
1785136074.8536379
1785136074.8536379
1785136074.8536379
1785136074.8536379
1785136074.8536379
1785136074.8536379
1785136074.8536379
1785136074.8536379
1785136074.8536379
1785136074.8536379
1785136074.8536379
1785136074.8536379
1785136074.8536379
1785136074.8536379
1785136074.8536379
1785136074.8536379
1785136074.8536379
1785136074.8536379
1785136074.8536379
1785136074.8536379
1785136074.8536379
1785136074.8536379
1785136074.8536379
1785136074.8536379
1785136074.8536379
1785136074.8536379
1785136074.8536379
1785136074.8536379
1785136074.8536379
1785136074.8536379
1785136074.8536379
1785136074.8536379
1785136074.8536379
1785136074.8536379
1785136074.8538611
1785136074.8538611
1785136074.8538611
1785136074.8538611
1785136074.8538611
1785136074.8538611
1785136074.8538611
1785136074.8538611
1785136074.8538611
1785136074.8538611
1785136074.8538611
1785136074.8538611
1785136074.8538611
1785136074.8538611
1785136074.8538611
1785136074.8538611
1785136074.8538611
1785136074.8538611
1785136074.8538611
1785136074.8538611
1785136074.8538611
1785136074.8538611
1785136074.8538611
1785136074.8538611
1785136074.8538611
1785136074.8538611
1785136074.8538611
1785136074.8538611
1785136074.8538611
1785136074.8538611
1785136074.8538611
1785136074.8538611
1785136074.8538611
1785136074.8538611
1785136074.8538611
1785136074.8538611
1785136074.8538611
1785136074.8538611
1785136074.8538611
1785136074.8538611
1785136074.8538611
1785136074.8538611
1785136074.8538611
1785136074.8538611
1785136074.8538611
1785136074.8538611
1785136074.8538611
1785136074.8538611
1785136074.8538611
1785136074.8538611
1785136074.8538611
1785136074.8538611
1785136074.8538611
1785136074.8538611
1785136074.8538611
1785136074.8538611
1785136074.8538611
1785136074.8538611
1785136074.8538611
1785136074.8538611
1785136074.8538611
1785136074.8538611
1785136074.8538611
1785136074.8538611
1785136074.8538611
1785136074.8538611
1785136074.8538611
1785136074.8538611
1785136074.8538611
1785136074.8538611
1785136074.8538611
1785136074.8538611
1785136074.8538611
1785136074.8538611
1785136074.8538611
1785136074.8538611
1785136074.8538611
1785136074.8540831
1785136074.8540831
1785136074.8540831
1785136074.8540831
1785136074.8540831
1785136074.8540831
1785136074.8540831
1785136074.8540831
1785136074.8540831
1785136074.8540831
1785136074.8540831
1785136074.8540831
1785136074.8540831
1785136074.8540831
1785136074.8540831
1785136074.8540831
1785136074.8540831
1785136074.8540831
1785136074.8540831
1785136074.8540831
1785136074.8540831
1785136074.8540831
1785136074.8540831
1785136074.8540831
1785136074.8540831
1785136074.8540831
1785136074.8540831
1785136074.8540831
1785136074.8540831
1785136074.8540831
1785136074.8540831
1785136074.8540831
1785136074.8540831
1785136074.8540831
1785136074.8540831
1785136074.8540831
1785136074.8540831
1785136074.8540831
1785136074.8540831
1785136074.8540831
1785136074.8540831
1785136074.8540831
1785136074.8540831
1785136074.8540831
1785136074.8540831
1785136074.8540831
1785136074.8540831
1785136074.8540831
1785136074.8540831
1785136074.8540831
1785136074.8540831
1785136074.8540831
1785136074.8540831
1785136074.8540831
1785136074.8540831
1785136074.8540831
1785136074.8540831
1785136074.8540831
1785136074.8540831
1785136074.8540831
1785136074.8540831
1785136074.8540831
1785136074.8540831
1785136074.8540831
1785136074.8540831
1785136074.8540831
1785136074.8540831
1785136074.8540831
1785136074.8540831
1785136074.8540831
1785136074.8540831
1785136074.8540831
1785136074.8540831
1785136074.8540831
1785136074.8540831
1785136074.8540831
1785136074.8540831
1785136074.8543050
1785136074.8543050
1785136074.8543050
1785136074.8543050
1785136074.8543050
1785136074.8543050
1785136074.8543050
1785136074.8543050
1785136074.8543050
1785136074.8543050
1785136074.8543050
1785136074.8543050
1785136074.8543050
1785136074.8543050
1785136074.8543050
1785136074.8543050
1785136074.8543050
1785136074.8543050
1785136074.8543050
1785136074.8543050
1785136074.8543050
1785136074.8543050
1785136074.8543050
1785136074.8543050
1785136074.8543050
1785136074.8543050
1785136074.8543050
1785136074.8543050
1785136074.8543050
1785136074.8543050
1785136074.8543050
1785136074.8543050
1785136074.8543050
1785136074.8543050
1785136074.8543050
1785136074.8543050
1785136074.8543050
1785136074.8543050
1785136074.8543050
1785136074.8543050
1785136074.8543050
1785136074.8543050
1785136074.8543050
1785136074.8543050
1785136074.8543050
1785136074.8543050
1785136074.8543050
1785136074.8543050
1785136074.8543050
1785136074.8543050
1785136074.8543050
1785136074.8543050
1785136074.8543050
1785136074.8543050
1785136074.8543050
1785136074.8543050
1785136074.8543050
1785136074.8543050
1785136074.8543050
1785136074.8543050
1785136074.8543050
1785136074.8543050
1785136074.8543050
1785136074.8543050
1785136074.8543050
1785136074.8543050
1785136074.8543050
1785136074.8543050
1785136074.8543050
1785136074.8545270
1785136074.8545270
1785136074.8545270
1785136074.8545270
1785136074.8545270
1785136074.8545270
1785136074.8545270
1785136074.8545270
1785136074.8545270
1785136074.8545270
1785136074.8545270
1785136074.8545270
1785136074.8545270
1785136074.8545270
1785136074.8545270
1785136074.8545270
1785136074.8545270
1785136074.8545270
1785136074.8545270
1785136074.8545270
1785136074.8545270
1785136074.8545270
1785136074.8545270
1785136074.8545270
1785136074.8545270
1785136074.8545270
1785136074.8545270
1785136074.8545270
1785136074.8545270
1785136074.8545270
1785136074.8545270
1785136074.8545270
1785136074.8545270
1785136074.8545270
1785136074.8545270
1785136074.8545270
1785136074.8545270
1785136074.8545270
1785136074.8545270
1785136074.8545270
1785136074.8545270
1785136074.8545270
1785136074.8545270
1785136074.8545270
1785136074.8545270
1785136074.8545270
1785136074.8545270
1785136074.8545270
1785136074.8545270
1785136074.8545270
1785136074.8545270
1785136074.8545270
1785136074.8545270
1785136074.8545270
1785136074.8545270
1785136074.8545270
1785136074.8545270
1785136074.8545270
1785136074.8545270
1785136074.8545270
1785136074.8545270
1785136074.8545270
1785136074.8545270
1785136074.8545270
1785136074.8545270
1785136074.8545270
1785136074.8545270
1785136074.8545270
1785136074.8545270
1785136074.8547499
1785136074.8547499
1785136074.8547499
1785136074.8547499
1785136074.8547499
1785136074.8547499
1785136074.8547499
1785136074.8547499
1785136074.8547499
1785136074.8547499
1785136074.8547499
1785136074.8547499
1785136074.8547499
1785136074.8547499
1785136074.8547499
1785136074.8547499
1785136074.8547499
1785136074.8547499
1785136074.8547499
1785136074.8547499
1785136074.8547499
1785136074.8547499
1785136074.8547499
1785136074.8547499
1785136074.8547499
1785136074.8547499
1785136074.8547499
1785136074.8547499
1785136074.8547499
1785136074.8547499
1785136074.8547499
1785136074.8547499
1785136074.8547499
1785136074.8547499
1785136074.8547499
1785136074.8547499
1785136074.8547499
1785136074.8547499
1785136074.8547499
1785136074.8547499
1785136074.8547499
1785136074.8547499
1785136074.8547499
1785136074.8547499
1785136074.8547499
1785136074.8547499
1785136074.8547499
1785136074.8547499
1785136074.8547499
1785136074.8547499
1785136074.8547499
1785136074.8547499
1785136074.8547499
1785136074.8547499
1785136074.8547499
1785136074.8547499
1785136074.8547499
1785136074.8547499
1785136074.8547499
1785136074.8547499
1785136074.8547499
1785136074.8547499
1785136074.8547499
1785136074.8547499
1785136074.8547499
1785136074.8547499
1785136074.8547499
1785136074.8547499
1785136074.8549709
1785136074.8549709
1785136074.8549709
1785136074.8549709
1785136074.8549709
1785136074.8549709
1785136074.8549709
1785136074.8549709
1785136074.8549709
1785136074.8549709
1785136074.8549709
1785136074.8549709
1785136074.8549709
1785136074.8549709
1785136074.8549709
1785136074.8549709
1785136074.8549709
1785136074.8549709
1785136074.8549709
1785136074.8549709
1785136074.8549709
1785136074.8549709
1785136074.8549709
1785136074.8549709
1785136074.8549709
1785136074.8549709
1785136074.8549709
1785136074.8549709
1785136074.8549709
1785136074.8549709
1785136074.8549709
1785136074.8549709
1785136074.8549709
1785136074.8549709
1785136074.8549709
1785136074.8549709
1785136074.8549709
1785136074.8549709
1785136074.8549709
1785136074.8549709
1785136074.8549709
1785136074.8549709
1785136074.8549709
1785136074.8549709
1785136074.8549709
1785136074.8549709
1785136074.8549709
1785136074.8549709
1785136074.8549709
1785136074.8549709
1785136074.8549709
1785136074.8549709
1785136074.8549709
1785136074.8549709
1785136074.8549709
1785136074.8549709
1785136074.8549709
1785136074.8549709
1785136074.8549709
1785136074.8549709
1785136074.8549709
1785136074.8549709
1785136074.8549709
1785136074.8549709
1785136074.8549709
1785136074.8549709
1785136074.8549709
1785136074.8549709
1785136074.8549709
1785136074.8549709
1785136074.8551941
1785136074.8551941
1785136074.8551941
1785136074.8551941
1785136074.8551941
1785136074.8551941
1785136074.8551941
1785136074.8551941
1785136074.8551941
1785136074.8551941
1785136074.8551941
1785136074.8551941
1785136074.8551941
1785136074.8551941
1785136074.8551941
1785136074.8551941
1785136074.8551941
1785136074.8551941
1785136074.8551941
1785136074.8551941
1785136074.8551941
1785136074.8551941
1785136074.8551941
1785136074.8551941
1785136074.8551941
1785136074.8551941
1785136074.8551941
1785136074.8551941
1785136074.8551941
1785136074.8551941
1785136074.8551941
1785136074.8551941
1785136074.8551941
1785136074.8551941
1785136074.8551941
1785136074.8551941
1785136074.8551941
1785136074.8551941
1785136074.8551941
1785136074.8551941
1785136074.8551941
1785136074.8551941
1785136074.8551941
1785136074.8551941
1785136074.8551941
1785136074.8551941
1785136074.8551941
1785136074.8551941
1785136074.8551941
1785136074.8551941
1785136074.8551941
1785136074.8551941
1785136074.8551941
1785136074.8551941
1785136074.8551941
1785136074.8551941
1785136074.8551941
1785136074.8551941
1785136074.8551941
1785136074.8551941
1785136074.8551941
1785136074.8551941
1785136074.8551941
1785136074.8551941
1785136074.8551941
1785136074.8551941
1785136074.8551941
1785136074.8551941
1785136074.8551941
1785136074.8551941
1785136074.8551941
1785136074.8551941
1785136074.8551941
1785136074.8551941
1785136074.8551941
1785136074.8551941
1785136074.8551941
1785136074.8554161
1785136074.8554161
1785136074.8554161
1785136074.8554161
1785136074.8554161
1785136074.8554161
1785136074.8554161
1785136074.8554161
1785136074.8554161
1785136074.8554161
1785136074.8554161
1785136074.8554161
1785136074.8554161
1785136074.8554161
1785136074.8554161
1785136074.8554161
1785136074.8554161
1785136074.8554161
1785136074.8554161
1785136074.8554161
1785136074.8554161
1785136074.8554161
1785136074.8554161
1785136074.8554161
1785136074.8554161
1785136074.8554161
1785136074.8554161
1785136074.8554161
1785136074.8554161
1785136074.8554161
1785136074.8554161
1785136074.8554161
1785136074.8554161
1785136074.8554161
1785136074.8554161
1785136074.8554161
1785136074.8554161
1785136074.8554161
1785136074.8554161
1785136074.8554161
1785136074.8554161
1785136074.8554161
1785136074.8554161
1785136074.8554161
1785136074.8554161
1785136074.8554161
1785136074.8554161
1785136074.8554161
1785136074.8554161
1785136074.8554161
1785136074.8554161
1785136074.8554161
1785136074.8554161
1785136074.8554161
1785136074.8554161
1785136074.8554161
1785136074.8554161
1785136074.8554161
1785136074.8554161
1785136074.8554161
1785136074.8554161
1785136074.8554161
1785136074.8554161
1785136074.8554161
1785136074.8554161
1785136074.8554161
1785136074.8554161
1785136074.8554161
1785136074.8554161
1785136074.8554161
1785136074.8554161
1785136074.8556380
1785136074.8556380
1785136074.8556380
1785136074.8556380
1785136074.8556380
1785136074.8556380
1785136074.8556380
1785136074.8556380
1785136074.8556380
1785136074.8556380
1785136074.8556380
1785136074.8556380
1785136074.8556380
1785136074.8556380
1785136074.8556380
1785136074.8556380
1785136074.8556380
1785136074.8556380
1785136074.8556380
1785136074.8556380
1785136074.8556380
1785136074.8556380
1785136074.8556380
1785136074.8556380
1785136074.8556380
1785136074.8556380
1785136074.8556380
1785136074.8556380
1785136074.8556380
1785136074.8556380
1785136074.8556380
1785136074.8556380
1785136074.8556380
1785136074.8556380
1785136074.8556380
1785136074.8556380
1785136074.8556380
1785136074.8556380
1785136074.8556380
1785136074.8556380
1785136074.8556380
1785136074.8556380
1785136074.8556380
1785136074.8556380
1785136074.8556380
1785136074.8556380
1785136074.8556380
1785136074.8556380
1785136074.8556380
1785136074.8556380
1785136074.8556380
1785136074.8556380
1785136074.8556380
1785136074.8556380
1785136074.8556380
1785136074.8556380
1785136074.8556380
1785136074.8556380
1785136074.8556380
1785136074.8556380
1785136074.8556380
1785136074.8556380
1785136074.8556380
1785136074.8556380
1785136074.8556380
1785136074.8556380
1785136074.8556380
1785136074.8556380
1785136074.8556380
1785136074.8556380
1785136074.8556380
1785136074.8556380
1785136074.8558600
1785136074.8558600
1785136074.8558600
1785136074.8558600
1785136074.8558600
1785136074.8558600
1785136074.8558600
1785136074.8558600
1785136074.8558600
1785136074.8558600
1785136074.8558600
1785136074.8558600
1785136074.8558600
1785136074.8558600
1785136074.8558600
1785136074.8558600
1785136074.8558600
1785136074.8558600
1785136074.8558600
1785136074.8558600
1785136074.8558600
1785136074.8558600
1785136074.8558600
1785136074.8558600
1785136074.8558600
1785136074.8558600
1785136074.8558600
1785136074.8558600
1785136074.8558600
1785136074.8558600
1785136074.8558600
1785136074.8558600
1785136074.8558600
1785136074.8558600
1785136074.8558600
1785136074.8558600
1785136074.8558600
1785136074.8558600
1785136074.8558600
1785136074.8558600
1785136074.8558600
1785136074.8558600
1785136074.8558600
1785136074.8558600
1785136074.8558600
1785136074.8558600
1785136074.8558600
1785136074.8558600
1785136074.8558600
1785136074.8558600
1785136074.8558600
1785136074.8558600
1785136074.8558600
1785136074.8558600
1785136074.8558600
1785136074.8558600
1785136074.8558600
1785136074.8558600
1785136074.8558600
1785136074.8558600
1785136074.8558600
1785136074.8558600
1785136074.8558600
1785136074.8558600
1785136074.8558600
1785136074.8558600
1785136074.8558600
1785136074.8558600
1785136074.8558600
1785136074.8558600
1785136074.8558600
1785136074.8558600
1785136074.8558600
1785136074.8558600
1785136074.8558600
1785136074.8560820
1785136074.8560820
1785136074.8560820
1785136074.8560820
1785136074.8560820
1785136074.8560820
1785136074.8560820
1785136074.8560820
1785136074.8560820
1785136074.8560820
1785136074.8560820
1785136074.8560820
1785136074.8560820
1785136074.8560820
1785136074.8560820
1785136074.8560820
1785136074.8560820
1785136074.8560820
1785136074.8560820
1785136074.8560820
1785136074.8560820
1785136074.8560820
1785136074.8560820
1785136074.8560820
1785136074.8560820
1785136074.8560820
1785136074.8560820
1785136074.8560820
1785136074.8560820
1785136074.8560820
1785136074.8560820
1785136074.8560820
1785136074.8560820
1785136074.8560820
1785136074.8560820
1785136074.8560820
1785136074.8560820
1785136074.8560820
1785136074.8560820
1785136074.8560820
1785136074.8560820
1785136074.8560820
1785136074.8560820
1785136074.8560820
1785136074.8560820
1785136074.8560820
1785136074.8560820
1785136074.8560820
1785136074.8560820
1785136074.8560820
1785136074.8560820
1785136074.8560820
1785136074.8560820
1785136074.8560820
1785136074.8560820
1785136074.8560820
1785136074.8560820
1785136074.8560820
1785136074.8560820
1785136074.8560820
1785136074.8560820
1785136074.8560820
1785136074.8560820
1785136074.8560820
1785136074.8560820
1785136074.8560820
1785136074.8560820
1785136074.8560820
1785136074.8560820
1785136074.8560820
1785136074.8560820
1785136074.8560820
1785136074.8560820
1785136074.8560820
1785136074.8560820
1785136074.8560820
1785136074.8560820
1785136074.8560820
1785136074.8560820
1785136074.8560820
1785136074.8560820
1785136074.8560820
1785136074.8560820
1785136074.8560820
1785136074.8560820
1785136074.8560820
1785136074.8560820
1785136074.8560820
1785136074.8560820
1785136074.8560820
1785136074.8560820
1785136074.8560820
1785136074.8560820
1785136074.8560820
1785136074.8560820
1785136074.8560820
1785136074.8560820
1785136074.8560820
1785136074.8563049
1785136074.8563049
1785136074.8563049
1785136074.8563049
1785136074.8563049
1785136074.8563049
1785136074.8563049
1785136074.8563049
1785136074.8563049
1785136074.8563049
1785136074.8563049
1785136074.8563049
1785136074.8563049
1785136074.8563049
1785136074.8563049
1785136074.8563049
1785136074.8563049
1785136074.8563049
1785136074.8563049
1785136074.8563049
1785136074.8563049
1785136074.8563049
1785136074.8563049
1785136074.8563049
1785136074.8563049
1785136074.8563049
1785136074.8563049
1785136074.8563049
1785136074.8563049
1785136074.8563049
1785136074.8563049
1785136074.8563049
1785136074.8563049
1785136074.8563049
1785136074.8563049
1785136074.8563049
1785136074.8563049
1785136074.8563049
1785136074.8563049
1785136074.8563049
1785136074.8563049
1785136074.8563049
1785136074.8563049
1785136074.8563049
1785136074.8563049
1785136074.8563049
1785136074.8563049
1785136074.8563049
1785136074.8563049
1785136074.8563049
1785136074.8563049
1785136074.8563049
1785136074.8563049
1785136074.8563049
1785136074.8563049
1785136074.8563049
1785136074.8563049
1785136074.8563049
1785136074.8563049
1785136074.8563049
1785136074.8563049
1785136074.8563049
1785136074.8563049
1785136074.8563049
1785136074.8563049
1785136074.8563049
1785136074.8563049
1785136074.8563049
1785136074.8563049
1785136074.8563049
1785136074.8563049
1785136074.8563049
1785136074.8563049
1785136074.8563049
1785136074.8563049
1785136074.8563049
1785136074.8563049
1785136074.8563049
1785136074.8563049
1785136074.8563049
1785136074.8563049
1785136074.8563049
1785136074.8563049
1785136074.8563049
1785136074.8563049
1785136074.8565271
1785136074.8565271
1785136074.8565271
1785136074.8565271
1785136074.8565271
1785136074.8565271
1785136074.8565271
1785136074.8565271
1785136074.8565271
1785136074.8565271
1785136074.8565271
1785136074.8565271
1785136074.8565271
1785136074.8565271
1785136074.8565271
1785136074.8565271
1785136074.8565271
1785136074.8565271
1785136074.8565271
1785136074.8565271
1785136074.8565271
1785136074.8565271
1785136074.8565271
1785136074.8565271
1785136074.8565271
1785136074.8565271
1785136074.8565271
1785136074.8565271
1785136074.8565271
1785136074.8565271
1785136074.8565271
1785136074.8565271
1785136074.8565271
1785136074.8565271
1785136074.8565271
1785136074.8565271
1785136074.8565271
1785136074.8565271
1785136074.8565271
1785136074.8565271
1785136074.8565271
1785136074.8565271
1785136074.8565271
1785136074.8565271
1785136074.8565271
1785136074.8565271
1785136074.8565271
1785136074.8565271
1785136074.8565271
1785136074.8565271
1785136074.8565271
1785136074.8565271
1785136074.8565271
1785136074.8565271
1785136074.8565271
1785136074.8565271
1785136074.8565271
1785136074.8565271
1785136074.8565271
1785136074.8565271
1785136074.8565271
1785136074.8565271
1785136074.8565271
1785136074.8565271
1785136074.8565271
1785136074.8565271
1785136074.8565271
1785136074.8565271
1785136074.8565271
1785136074.8565271
1785136074.8565271
1785136074.8565271
1785136074.8565271
1785136074.8565271
1785136074.8565271
1785136074.8565271
1785136074.8565271
1785136074.8565271
1785136074.8565271
1785136074.8565271
1785136074.8565271
1785136074.8567491
1785136074.8567491
1785136074.8567491
1785136074.8567491
1785136074.8567491
1785136074.8567491
1785136074.8567491
1785136074.8567491
1785136074.8567491
1785136074.8567491
1785136074.8567491
1785136074.8567491
1785136074.8567491
1785136074.8567491
1785136074.8567491
1785136074.8567491
1785136074.8567491
1785136074.8567491
1785136074.8567491
1785136074.8567491
1785136074.8567491
1785136074.8567491
1785136074.8567491
1785136074.8567491
1785136074.8567491
1785136074.8567491
1785136074.8567491
1785136074.8567491
1785136074.8567491
1785136074.8567491
1785136074.8567491
1785136074.8567491
1785136074.8567491
1785136074.8567491
1785136074.8567491
1785136074.8567491
1785136074.8567491
1785136074.8567491
1785136074.8567491
1785136074.8567491
1785136074.8567491
1785136074.8567491
1785136074.8567491
1785136074.8567491
1785136074.8567491
1785136074.8567491
1785136074.8567491
1785136074.8567491
1785136074.8567491
1785136074.8567491
1785136074.8567491
1785136074.8567491
1785136074.8567491
1785136074.8567491
1785136074.8567491
1785136074.8567491
1785136074.8567491
1785136074.8567491
1785136074.8567491
1785136074.8567491
1785136074.8567491
1785136074.8567491
1785136074.8567491
1785136074.8567491
1785136074.8567491
1785136074.8567491
1785136074.8567491
1785136074.8567491
1785136074.8567491
1785136074.8567491
1785136074.8567491
1785136074.8567491
1785136074.8567491
1785136074.8567491
1785136074.8567491
1785136074.8567491
1785136074.8567491
1785136074.8567491
1785136074.8567491
1785136074.8567491
1785136074.8567491
1785136074.8567491
1785136074.8567491
1785136074.8569710
1785136074.8569710
1785136074.8569710
1785136074.8569710
1785136074.8569710
1785136074.8569710
1785136074.8569710
1785136074.8569710
1785136074.8569710
1785136074.8569710
1785136074.8569710
1785136074.8569710
1785136074.8569710
1785136074.8569710
1785136074.8569710
1785136074.8569710
1785136074.8569710
1785136074.8569710
1785136074.8569710
1785136074.8569710
1785136074.8569710
1785136074.8569710
1785136074.8569710
1785136074.8569710
1785136074.8569710
1785136074.8569710
1785136074.8569710
1785136074.8569710
1785136074.8569710
1785136074.8569710
1785136074.8569710
1785136074.8569710
1785136074.8569710
1785136074.8569710
1785136074.8569710
1785136074.8569710
1785136074.8569710
1785136074.8569710
1785136074.8569710
1785136074.8569710
1785136074.8569710
1785136074.8569710
1785136074.8569710
1785136074.8569710
1785136074.8569710
1785136074.8569710
1785136074.8569710
1785136074.8569710
1785136074.8569710
1785136074.8569710
1785136074.8569710
1785136074.8569710
1785136074.8569710
1785136074.8569710
1785136074.8569710
1785136074.8569710
1785136074.8569710
1785136074.8569710
1785136074.8569710
1785136074.8569710
1785136074.8569710
1785136074.8569710
1785136074.8569710
1785136074.8569710
1785136074.8569710
1785136074.8569710
1785136074.8569710
1785136074.8569710
1785136074.8569710
1785136074.8569710
1785136074.8569710
1785136074.8569710
1785136074.8569710
1785136074.8569710
1785136074.8569710
1785136074.8569710
1785136074.8569710
1785136074.8569710
1785136074.8569710
1785136074.8569710
1785136074.8569710
1785136074.8569710
1785136074.8569710
1785136074.8569710
1785136074.8569710
1785136074.8569710
1785136074.8569710
1785136074.8569710
1785136074.8569710
1785136074.8569710
1785136074.8569710
1785136074.8569710
1785136074.8569710
1785136074.8569710
1785136074.8569710
1785136074.8569710
1785136074.8569710
1785136074.8569710
1785136074.8569710
1785136074.8569710
1785136074.8569710
1785136074.8569710
1785136074.8571930
1785136074.8571930
1785136074.8571930
1785136074.8571930
1785136074.8571930
1785136074.8571930
1785136074.8571930
1785136074.8571930
1785136074.8571930
1785136074.8571930
1785136074.8571930
1785136074.8571930
1785136074.8571930
1785136074.8571930
1785136074.8571930
1785136074.8571930
1785136074.8571930
1785136074.8571930
1785136074.8571930
1785136074.8571930
1785136074.8571930
1785136074.8571930
1785136074.8571930
1785136074.8571930
1785136074.8571930
1785136074.8571930
1785136074.8571930
1785136074.8571930
1785136074.8571930
1785136074.8571930
1785136074.8571930
1785136074.8571930
1785136074.8571930
1785136074.8571930
1785136074.8571930
1785136074.8571930
1785136074.8571930
1785136074.8571930
1785136074.8571930
1785136074.8571930
1785136074.8571930
1785136074.8571930
1785136074.8571930
1785136074.8571930
1785136074.8571930
1785136074.8571930
1785136074.8571930
1785136074.8571930
1785136074.8571930
1785136074.8571930
1785136074.8571930
1785136074.8571930
1785136074.8571930
1785136074.8571930
1785136074.8571930
1785136074.8571930
1785136074.8571930
1785136074.8571930
1785136074.8571930
1785136074.8571930
1785136074.8571930
1785136074.8571930
1785136074.8571930
1785136074.8571930
1785136074.8571930
1785136074.8571930
1785136074.8571930
1785136074.8571930
1785136074.8571930
1785136074.8571930
1785136074.8571930
1785136074.8571930
1785136074.8571930
1785136074.8571930
1785136074.8571930
1785136074.8571930
1785136074.8571930
1785136074.8571930
1785136074.8574150
1785136074.8574150
1785136074.8574150
1785136074.8574150
1785136074.8574150
1785136074.8574150
1785136074.8574150
1785136074.8574150
1785136074.8574150
1785136074.8574150
1785136074.8574150
1785136074.8574150
1785136074.8574150
1785136074.8574150
1785136074.8574150
1785136074.8574150
1785136074.8574150
1785136074.8574150
1785136074.8574150
1785136074.8574150
1785136074.8574150
1785136074.8574150
1785136074.8574150
1785136074.8574150
1785136074.8574150
1785136074.8574150
1785136074.8574150
1785136074.8574150
1785136074.8574150
1785136074.8574150
1785136074.8574150
1785136074.8574150
1785136074.8574150
1785136074.8574150
1785136074.8574150
1785136074.8574150
1785136074.8574150
1785136074.8574150
1785136074.8574150
1785136074.8574150
1785136074.8574150
1785136074.8574150
1785136074.8574150
1785136074.8574150
1785136074.8574150
1785136074.8574150
1785136074.8574150
1785136074.8574150
1785136074.8574150
1785136074.8574150
1785136074.8574150
1785136074.8574150
1785136074.8574150
1785136074.8574150
1785136074.8574150
1785136074.8574150
1785136074.8574150
1785136074.8574150
1785136074.8574150
1785136074.8574150
1785136074.8574150
1785136074.8574150
1785136074.8574150
1785136074.8574150
1785136074.8574150
1785136074.8574150
1785136074.8574150
1785136074.8574150
1785136074.8574150
1785136074.8574150
1785136074.8574150
1785136074.8574150
1785136074.8574150
1785136074.8574150
1785136074.8574150
1785136074.8576379
1785136074.8576379
1785136074.8576379
1785136074.8576379
1785136074.8576379
1785136074.8576379
1785136074.8576379
1785136074.8576379
1785136074.8576379
1785136074.8576379
1785136074.8576379
1785136074.8576379
1785136074.8576379
1785136074.8576379
1785136074.8576379
1785136074.8576379
1785136074.8576379
1785136074.8576379
1785136074.8576379
1785136074.8576379
1785136074.8576379
1785136074.8576379
1785136074.8576379
1785136074.8576379
1785136074.8576379
1785136074.8576379
1785136074.8576379
1785136074.8576379
1785136074.8576379
1785136074.8576379
1785136074.8576379
1785136074.8576379
1785136074.8576379
1785136074.8576379
1785136074.8576379
1785136074.8576379
1785136074.8576379
1785136074.8576379
1785136074.8576379
1785136074.8576379
1785136074.8576379
1785136074.8576379
1785136074.8576379
1785136074.8576379
1785136074.8576379
1785136074.8576379
1785136074.8576379
1785136074.8576379
1785136074.8576379
1785136074.8576379
1785136074.8576379
1785136074.8576379
1785136074.8576379
1785136074.8576379
1785136074.8576379
1785136074.8576379
1785136074.8576379
1785136074.8576379
1785136074.8576379
1785136074.8576379
1785136074.8576379
1785136074.8576379
1785136074.8576379
1785136074.8576379
1785136074.8576379
1785136074.8576379
1785136074.8576379
1785136074.8576379
1785136074.8576379
1785136074.8576379
1785136074.8576379
1785136074.8576379
1785136074.8576379
1785136074.8576379
1785136074.8576379
1785136074.8578610
1785136074.8578610
1785136074.8578610
1785136074.8578610
1785136074.8578610
1785136074.8578610
1785136074.8578610
1785136074.8578610
1785136074.8578610
1785136074.8578610
1785136074.8578610
1785136074.8578610
1785136074.8578610
1785136074.8578610
1785136074.8578610
1785136074.8578610
1785136074.8578610
1785136074.8578610
1785136074.8578610
1785136074.8578610
1785136074.8578610
1785136074.8578610
1785136074.8578610
1785136074.8578610
1785136074.8578610
1785136074.8578610
1785136074.8578610
1785136074.8578610
1785136074.8578610
1785136074.8578610
1785136074.8578610
1785136074.8578610
1785136074.8578610
1785136074.8578610
1785136074.8578610
1785136074.8578610
1785136074.8578610
1785136074.8578610
1785136074.8578610
1785136074.8578610
1785136074.8578610
1785136074.8578610
1785136074.8578610
1785136074.8578610
1785136074.8578610
1785136074.8578610
1785136074.8578610
1785136074.8578610
1785136074.8578610
1785136074.8578610
1785136074.8578610
1785136074.8578610
1785136074.8578610
1785136074.8578610
1785136074.8578610
1785136074.8578610
1785136074.8578610
1785136074.8578610
1785136074.8578610
1785136074.8578610
1785136074.8578610
1785136074.8578610
1785136074.8578610
1785136074.8578610
1785136074.8578610
1785136074.8578610
1785136074.8578610
1785136074.8578610
1785136074.8578610
1785136074.8578610
1785136074.8578610
1785136074.8578610
1785136074.8578610
1785136074.8578610
1785136074.8578610
1785136074.8578610
1785136074.8578610
1785136074.8578610
1785136074.8578610
1785136074.8578610
1785136074.8578610
1785136074.8578610
1785136074.8578610
1785136074.8580821
1785136074.8580821
1785136074.8580821
1785136074.8580821
1785136074.8580821
1785136074.8580821
1785136074.8580821
1785136074.8580821
1785136074.8580821
1785136074.8580821
1785136074.8580821
1785136074.8580821
1785136074.8580821
1785136074.8580821
1785136074.8580821
1785136074.8580821
1785136074.8580821
1785136074.8580821
1785136074.8580821
1785136074.8580821
1785136074.8580821
1785136074.8580821
1785136074.8580821
1785136074.8580821
1785136074.8580821
1785136074.8580821
1785136074.8580821
1785136074.8580821
1785136074.8580821
1785136074.8580821
1785136074.8580821
1785136074.8580821
1785136074.8580821
1785136074.8580821
1785136074.8580821
1785136074.8580821
1785136074.8580821
1785136074.8580821
1785136074.8580821
1785136074.8580821
1785136074.8580821
1785136074.8580821
1785136074.8580821
1785136074.8580821
1785136074.8580821
1785136074.8580821
1785136074.8580821
1785136074.8580821
1785136074.8580821
1785136074.8580821
1785136074.8580821
1785136074.8580821
1785136074.8580821
1785136074.8580821
1785136074.8580821
1785136074.8580821
1785136074.8580821
1785136074.8580821
1785136074.8580821
1785136074.8580821
1785136074.8580821
1785136074.8580821
1785136074.8580821
1785136074.8580821
1785136074.8583040
1785136074.8583040
1785136074.8583040
1785136074.8583040
1785136074.8583040
1785136074.8583040
1785136074.8583040
1785136074.8583040
1785136074.8583040
1785136074.8583040
1785136074.8583040
1785136074.8583040
1785136074.8583040
1785136074.8583040
1785136074.8583040
1785136074.8583040
1785136074.8583040
1785136074.8583040
1785136074.8583040
1785136074.8583040
1785136074.8583040
1785136074.8583040
1785136074.8583040
1785136074.8583040
1785136074.8583040
1785136074.8583040
1785136074.8583040
1785136074.8583040
1785136074.8583040
1785136074.8583040
1785136074.8583040
1785136074.8583040
1785136074.8583040
1785136074.8583040
1785136074.8583040
1785136074.8583040
1785136074.8583040
1785136074.8583040
1785136074.8583040
1785136074.8583040
1785136074.8583040
1785136074.8583040
1785136074.8583040
1785136074.8583040
1785136074.8583040
1785136074.8583040
1785136074.8583040
1785136074.8583040
1785136074.8583040
1785136074.8583040
1785136074.8583040
1785136074.8583040
1785136074.8583040
1785136074.8583040
1785136074.8583040
1785136074.8583040
1785136074.8583040
1785136074.8583040
1785136074.8583040
1785136074.8583040
1785136074.8583040
1785136074.8583040
1785136074.8583040
1785136074.8585260
1785136074.8585260
1785136074.8585260
1785136074.8585260
1785136074.8585260
1785136074.8585260
1785136074.8585260
1785136074.8585260
1785136074.8585260
1785136074.8585260
1785136074.8585260
1785136074.8585260
1785136074.8585260
1785136074.8585260
1785136074.8585260
1785136074.8585260
1785136074.8585260
1785136074.8585260
1785136074.8585260
1785136074.8585260
1785136074.8585260
1785136074.8585260
1785136074.8585260
1785136074.8585260
1785136074.8585260
1785136074.8585260
1785136074.8585260
1785136074.8585260
1785136074.8585260
1785136074.8585260
1785136074.8585260
1785136074.8585260
1785136074.8585260
1785136074.8585260
1785136074.8585260
1785136074.8585260
1785136074.8585260
1785136074.8585260
1785136074.8585260
1785136074.8585260
1785136074.8585260
1785136074.8585260
1785136074.8585260
1785136074.8585260
1785136074.8585260
1785136074.8585260
1785136074.8585260
1785136074.8585260
1785136074.8585260
1785136074.8585260
1785136074.8585260
1785136074.8585260
1785136074.8585260
1785136074.8585260
1785136074.8585260
1785136074.8585260
1785136074.8585260
1785136074.8585260
1785136074.8585260
1785136074.8585260
1785136074.8585260
1785136074.8587480
1785136074.8587480
1785136074.8587480
1785136074.8587480
1785136074.8587480
1785136074.8587480
1785136074.8587480
1785136074.8587480
1785136074.8587480
1785136074.8587480
1785136074.8587480
1785136074.8587480
1785136074.8587480
1785136074.8587480
1785136074.8587480
1785136074.8587480
1785136074.8587480
1785136074.8587480
1785136074.8587480
1785136074.8587480
1785136074.8587480
1785136074.8587480
1785136074.8587480
1785136074.8587480
1785136074.8587480
1785136074.8587480
1785136074.8587480
1785136074.8587480
1785136074.8587480
1785136074.8587480
1785136074.8587480
1785136074.8587480
1785136074.8587480
1785136074.8587480
1785136074.8587480
1785136074.8587480
1785136074.8587480
1785136074.8587480
1785136074.8587480
1785136074.8587480
1785136074.8587480
1785136074.8587480
1785136074.8587480
1785136074.8587480
1785136074.8587480
1785136074.8587480
1785136074.8587480
1785136074.8587480
1785136074.8587480
1785136074.8587480
1785136074.8587480
1785136074.8587480
1785136074.8587480
1785136074.8587480
1785136074.8587480
1785136074.8587480
1785136074.8587480
1785136074.8587480
1785136074.8587480
1785136074.8589699
1785136074.8589699
1785136074.8589699
1785136074.8589699
1785136074.8589699
1785136074.8589699
1785136074.8589699
1785136074.8589699
1785136074.8589699
1785136074.8589699
1785136074.8589699
1785136074.8589699
1785136074.8589699
1785136074.8589699
1785136074.8589699
1785136074.8589699
1785136074.8589699
1785136074.8589699
1785136074.8589699
1785136074.8589699
1785136074.8589699
1785136074.8589699
1785136074.8589699
1785136074.8589699
1785136074.8589699
1785136074.8589699
1785136074.8589699
1785136074.8589699
1785136074.8589699
1785136074.8589699
1785136074.8589699
1785136074.8589699
1785136074.8589699
1785136074.8589699
1785136074.8589699
1785136074.8589699
1785136074.8589699
1785136074.8589699
1785136074.8589699
1785136074.8589699
1785136074.8589699
1785136074.8589699
1785136074.8589699
1785136074.8589699
1785136074.8589699
1785136074.8589699
1785136074.8589699
1785136074.8589699
1785136074.8589699
1785136074.8589699
1785136074.8589699
1785136074.8589699
1785136074.8589699
1785136074.8589699
1785136074.8589699
1785136074.8591931
1785136074.8591931
1785136074.8591931
1785136074.8591931
1785136074.8591931
1785136074.8591931
1785136074.8591931
1785136074.8591931
1785136074.8591931
1785136074.8591931
1785136074.8591931
1785136074.8591931
1785136074.8591931
1785136074.8591931
1785136074.8591931
1785136074.8591931
1785136074.8591931
1785136074.8591931
1785136074.8591931
1785136074.8591931
1785136074.8591931
1785136074.8591931
1785136074.8591931
1785136074.8591931
1785136074.8591931
1785136074.8591931
1785136074.8591931
1785136074.8591931
1785136074.8591931
1785136074.8591931
1785136074.8591931
1785136074.8591931
1785136074.8591931
1785136074.8591931
1785136074.8591931
1785136074.8591931
1785136074.8591931
1785136074.8591931
1785136074.8591931
1785136074.8591931
1785136074.8591931
1785136074.8591931
1785136074.8591931
1785136074.8591931
1785136074.8591931
1785136074.8591931
1785136074.8591931
1785136074.8591931
1785136074.8591931
1785136074.8591931
1785136074.8591931
1785136074.8591931
1785136074.8591931
1785136074.8591931
1785136074.8594151
1785136074.8594151
1785136074.8594151
1785136074.8594151
1785136074.8594151
1785136074.8594151
1785136074.8594151
1785136074.8594151
1785136074.8594151
1785136074.8594151
1785136074.8594151
1785136074.8594151
1785136074.8594151
1785136074.8594151
1785136074.8594151
1785136074.8594151
1785136074.8594151
1785136074.8594151
1785136074.8594151
1785136074.8594151
1785136074.8594151
1785136074.8594151
1785136074.8594151
1785136074.8594151
1785136074.8594151
1785136074.8594151
1785136074.8594151
1785136074.8594151
1785136074.8594151
1785136074.8594151
1785136074.8594151
1785136074.8594151
1785136074.8594151
1785136074.8594151
1785136074.8594151
1785136074.8594151
1785136074.8594151
1785136074.8594151
1785136074.8594151
1785136074.8594151
1785136074.8594151
1785136074.8594151
1785136074.8594151
1785136074.8594151
1785136074.8594151
1785136074.8594151
1785136074.8594151
1785136074.8594151
1785136074.8594151
1785136074.8594151
1785136074.8594151
1785136074.8594151
1785136074.8594151
1785136074.8594151
1785136074.8596380
1785136074.8596380
1785136074.8596380
1785136074.8596380
1785136074.8596380
1785136074.8596380
1785136074.8596380
1785136074.8596380
1785136074.8596380
1785136074.8596380
1785136074.8596380
1785136074.8596380
1785136074.8596380
1785136074.8596380
1785136074.8596380
1785136074.8596380
1785136074.8596380
1785136074.8596380
1785136074.8596380
1785136074.8596380
1785136074.8596380
1785136074.8596380
1785136074.8596380
1785136074.8596380
1785136074.8596380
1785136074.8596380
1785136074.8596380
1785136074.8596380
1785136074.8596380
1785136074.8596380
1785136074.8596380
1785136074.8596380
1785136074.8596380
1785136074.8596380
1785136074.8596380
1785136074.8596380
1785136074.8596380
1785136074.8596380
1785136074.8596380
1785136074.8596380
1785136074.8596380
1785136074.8596380
1785136074.8596380
1785136074.8596380
1785136074.8596380
1785136074.8596380
1785136074.8596380
1785136074.8596380
1785136074.8596380
1785136074.8596380
1785136074.8596380
1785136074.8596380
1785136074.8596380
1785136074.8596380
1785136074.8596380
1785136074.8596380
1785136074.8598599
1785136074.8598599
1785136074.8598599
1785136074.8598599
1785136074.8598599
1785136074.8598599
1785136074.8598599
1785136074.8598599
1785136074.8598599
1785136074.8598599
1785136074.8598599
1785136074.8598599
1785136074.8598599
1785136074.8598599
1785136074.8598599
1785136074.8598599
1785136074.8598599
1785136074.8598599
1785136074.8598599
1785136074.8598599
1785136074.8598599
1785136074.8598599
1785136074.8598599
1785136074.8598599
1785136074.8598599
1785136074.8598599
1785136074.8598599
1785136074.8598599
1785136074.8598599
1785136074.8598599
1785136074.8598599
1785136074.8598599
1785136074.8598599
1785136074.8598599
1785136074.8598599
1785136074.8598599
1785136074.8598599
1785136074.8598599
1785136074.8598599
1785136074.8598599
1785136074.8598599
1785136074.8598599
1785136074.8598599
1785136074.8598599
1785136074.8598599
1785136074.8598599
1785136074.8598599
1785136074.8598599
1785136074.8598599
1785136074.8598599
1785136074.8598599
1785136074.8598599
1785136074.8600819
1785136074.8600819
1785136074.8600819
1785136074.8600819
1785136074.8600819
1785136074.8600819
1785136074.8600819
1785136074.8600819
1785136074.8600819
1785136074.8600819
1785136074.8600819
1785136074.8600819
1785136074.8600819
1785136074.8600819
1785136074.8600819
1785136074.8600819
1785136074.8600819
1785136074.8600819
1785136074.8600819
1785136074.8600819
1785136074.8600819
1785136074.8600819
1785136074.8600819
1785136074.8600819
1785136074.8600819
1785136074.8600819
1785136074.8600819
1785136074.8600819
1785136074.8600819
1785136074.8600819
1785136074.8600819
1785136074.8600819
1785136074.8600819
1785136074.8600819
1785136074.8600819
1785136074.8600819
1785136074.8600819
1785136074.8600819
1785136074.8600819
1785136074.8600819
1785136074.8600819
1785136074.8600819
1785136074.8600819
1785136074.8600819
1785136074.8600819
1785136074.8600819
1785136074.8600819
1785136074.8600819
1785136074.8600819
1785136074.8600819
1785136074.8600819
1785136074.8600819
1785136074.8603041
1785136074.8603041
1785136074.8603041
1785136074.8603041
1785136074.8603041
1785136074.8603041
1785136074.8603041
1785136074.8603041
1785136074.8603041
1785136074.8603041
1785136074.8603041
1785136074.8603041
1785136074.8603041
1785136074.8603041
1785136074.8603041
1785136074.8603041
1785136074.8603041
1785136074.8603041
1785136074.8603041
1785136074.8603041
1785136074.8603041
1785136074.8603041
1785136074.8603041
1785136074.8603041
1785136074.8603041
1785136074.8603041
1785136074.8603041
1785136074.8603041
1785136074.8603041
1785136074.8603041
1785136074.8603041
1785136074.8603041
1785136074.8603041
1785136074.8603041
1785136074.8603041
1785136074.8603041
1785136074.8603041
1785136074.8603041
1785136074.8603041
1785136074.8603041
1785136074.8603041
1785136074.8603041
1785136074.8603041
1785136074.8603041
1785136074.8603041
1785136074.8603041
1785136074.8603041
1785136074.8603041
1785136074.8603041
1785136074.8603041
1785136074.8605261
1785136074.8605261
1785136074.8605261
1785136074.8605261
1785136074.8605261
1785136074.8605261
1785136074.8605261
1785136074.8605261
1785136074.8605261
1785136074.8605261
1785136074.8605261
1785136074.8605261
1785136074.8605261
1785136074.8605261
1785136074.8605261
1785136074.8605261
1785136074.8605261
1785136074.8605261
1785136074.8605261
1785136074.8605261
1785136074.8605261
1785136074.8605261
1785136074.8605261
1785136074.8605261
1785136074.8605261
1785136074.8605261
1785136074.8605261
1785136074.8605261
1785136074.8605261
1785136074.8605261
1785136074.8605261
1785136074.8605261
1785136074.8605261
1785136074.8605261
1785136074.8605261
1785136074.8605261
1785136074.8605261
1785136074.8605261
1785136074.8605261
1785136074.8605261
1785136074.8605261
1785136074.8605261
1785136074.8605261
1785136074.8605261
1785136074.8605261
1785136074.8605261
1785136074.8605261
1785136074.8605261
1785136074.8607481
1785136074.8607481
1785136074.8607481
1785136074.8607481
1785136074.8607481
1785136074.8607481
1785136074.8607481
1785136074.8607481
1785136074.8607481
1785136074.8607481
1785136074.8607481
1785136074.8607481
1785136074.8607481
1785136074.8607481
1785136074.8607481
1785136074.8607481
1785136074.8607481
1785136074.8607481
1785136074.8607481
1785136074.8607481
1785136074.8607481
1785136074.8607481
1785136074.8607481
1785136074.8607481
1785136074.8607481
1785136074.8607481
1785136074.8607481
1785136074.8607481
1785136074.8607481
1785136074.8607481
1785136074.8607481
1785136074.8607481
1785136074.8607481
1785136074.8607481
1785136074.8607481
1785136074.8607481
1785136074.8607481
1785136074.8607481
1785136074.8607481
1785136074.8607481
1785136074.8607481
1785136074.8607481
1785136074.8607481
1785136074.8607481
1785136074.8609710
1785136074.8609710
1785136074.8609710
1785136074.8609710
1785136074.8609710
1785136074.8609710
1785136074.8609710
1785136074.8609710
1785136074.8609710
1785136074.8609710
1785136074.8609710
1785136074.8609710
1785136074.8609710
1785136074.8609710
1785136074.8609710
1785136074.8609710
1785136074.8609710
1785136074.8609710
1785136074.8609710
1785136074.8609710
1785136074.8609710
1785136074.8609710
1785136074.8609710
1785136074.8609710
1785136074.8609710
1785136074.8609710
1785136074.8609710
1785136074.8609710
1785136074.8609710
1785136074.8609710
1785136074.8609710
1785136074.8609710
1785136074.8609710
1785136074.8609710
1785136074.8609710
1785136074.8609710
1785136074.8609710
1785136074.8609710
1785136074.8609710
1785136074.8609710
1785136074.8609710
1785136074.8609710
1785136074.8609710
1785136074.8611929
1785136074.8611929
1785136074.8611929
1785136074.8611929
1785136074.8611929
1785136074.8611929
1785136074.8611929
1785136074.8611929
1785136074.8611929
1785136074.8611929
1785136074.8611929
1785136074.8611929
1785136074.8611929
1785136074.8611929
1785136074.8611929
1785136074.8611929
1785136074.8611929
1785136074.8611929
1785136074.8611929
1785136074.8611929
1785136074.8611929
1785136074.8611929
1785136074.8611929
1785136074.8611929
1785136074.8611929
1785136074.8611929
1785136074.8611929
1785136074.8611929
1785136074.8611929
1785136074.8611929
1785136074.8611929
1785136074.8611929
1785136074.8611929
1785136074.8611929
1785136074.8611929
1785136074.8611929
1785136074.8611929
1785136074.8611929
1785136074.8611929
1785136074.8611929
1785136074.8611929
1785136074.8611929
1785136074.8611929
1785136074.8614149
1785136074.8614149
1785136074.8614149
1785136074.8614149
1785136074.8614149
1785136074.8614149
1785136074.8614149
1785136074.8614149
1785136074.8614149
1785136074.8614149
1785136074.8614149
1785136074.8614149
1785136074.8614149
1785136074.8614149
1785136074.8614149
1785136074.8614149
1785136074.8614149
1785136074.8614149
1785136074.8614149
1785136074.8614149
1785136074.8614149
1785136074.8614149
1785136074.8614149
1785136074.8614149
1785136074.8614149
1785136074.8614149
1785136074.8614149
1785136074.8614149
1785136074.8614149
1785136074.8614149
1785136074.8614149
1785136074.8614149
1785136074.8614149
1785136074.8614149
1785136074.8614149
1785136074.8614149
1785136074.8614149
1785136074.8614149
1785136074.8614149
1785136074.8614149
1785136074.8614149
1785136074.8614149
1785136074.8614149
1785136074.8616359
1785136074.8616359
1785136074.8616359
1785136074.8616359
1785136074.8616359
1785136074.8616359
1785136074.8616359
1785136074.8616359
1785136074.8616359
1785136074.8616359
1785136074.8616359
1785136074.8616359
1785136074.8616359
1785136074.8616359
1785136074.8616359
1785136074.8616359
1785136074.8616359
1785136074.8616359
1785136074.8616359
1785136074.8616359
1785136074.8616359
1785136074.8616359
1785136074.8616359
1785136074.8616359
1785136074.8616359
1785136074.8616359
1785136074.8616359
1785136074.8616359
1785136074.8616359
1785136074.8616359
1785136074.8616359
1785136074.8616359
1785136074.8616359
1785136074.8616359
1785136074.8616359
1785136074.8616359
1785136074.8616359
1785136074.8616359
1785136074.8616359
1785136074.8616359
1785136074.8616359
1785136074.8616359
1785136074.8616359
1785136074.8618600
1785136074.8618600
1785136074.8618600
1785136074.8618600
1785136074.8618600
1785136074.8618600
1785136074.8618600
1785136074.8618600
1785136074.8618600
1785136074.8618600
1785136074.8618600
1785136074.8618600
1785136074.8618600
1785136074.8618600
1785136074.8618600
1785136074.8618600
1785136074.8618600
1785136074.8618600
1785136074.8618600
1785136074.8618600
1785136074.8618600
1785136074.8618600
1785136074.8618600
1785136074.8618600
1785136074.8618600
1785136074.8618600
1785136074.8618600
1785136074.8618600
1785136074.8618600
1785136074.8618600
1785136074.8618600
1785136074.8618600
1785136074.8618600
1785136074.8618600
1785136074.8618600
1785136074.8618600
1785136074.8618600
1785136074.8618600
1785136074.8618600
1785136074.8618600
1785136074.8618600
1785136074.8618600
1785136074.8618600
1785136074.8620811
1785136074.8620811
1785136074.8620811
1785136074.8620811
1785136074.8620811
1785136074.8620811
1785136074.8620811
1785136074.8620811
1785136074.8620811
1785136074.8620811
1785136074.8620811
1785136074.8620811
1785136074.8620811
1785136074.8620811
1785136074.8620811
1785136074.8620811
1785136074.8620811
1785136074.8620811
1785136074.8620811
1785136074.8620811
1785136074.8620811
1785136074.8620811
1785136074.8620811
1785136074.8620811
1785136074.8620811
1785136074.8620811
1785136074.8620811
1785136074.8620811
1785136074.8620811
1785136074.8620811
1785136074.8620811
1785136074.8620811
1785136074.8620811
1785136074.8620811
1785136074.8620811
1785136074.8620811
1785136074.8620811
1785136074.8620811
1785136074.8620811
1785136074.8620811
1785136074.8620811
1785136074.8620811
1785136074.8620811
1785136074.8623030
1785136074.8623030
1785136074.8623030
1785136074.8623030
1785136074.8623030
1785136074.8623030
1785136074.8623030
1785136074.8623030
1785136074.8623030
1785136074.8623030
1785136074.8623030
1785136074.8623030
1785136074.8623030
1785136074.8623030
1785136074.8623030
1785136074.8623030
1785136074.8623030
1785136074.8623030
1785136074.8623030
1785136074.8623030
1785136074.8623030
1785136074.8623030
1785136074.8623030
1785136074.8623030
1785136074.8623030
1785136074.8623030
1785136074.8623030
1785136074.8623030
1785136074.8623030
1785136074.8623030
1785136074.8623030
1785136074.8623030
1785136074.8623030
1785136074.8623030
1785136074.8623030
1785136074.8623030
1785136074.8623030
1785136074.8623030
1785136074.8623030
1785136074.8623030
1785136074.8623030
1785136074.8623030
1785136074.8623030
1785136074.8625259
1785136074.8625259
1785136074.8625259
1785136074.8625259
1785136074.8625259
1785136074.8625259
1785136074.8625259
1785136074.8625259
1785136074.8625259
1785136074.8625259
1785136074.8625259
1785136074.8625259
1785136074.8625259
1785136074.8625259
1785136074.8625259
1785136074.8625259
1785136074.8625259
1785136074.8625259
1785136074.8625259
1785136074.8625259
1785136074.8625259
1785136074.8625259
1785136074.8625259
1785136074.8625259
1785136074.8625259
1785136074.8625259
1785136074.8625259
1785136074.8625259
1785136074.8625259
1785136074.8625259
1785136074.8625259
1785136074.8625259
1785136074.8625259
1785136074.8625259
1785136074.8625259
1785136074.8625259
1785136074.8625259
1785136074.8625259
1785136074.8625259
1785136074.8625259
1785136074.8625259
1785136074.8625259
1785136074.8625259
1785136074.8625259
1785136074.8627470
1785136074.8627470
1785136074.8627470
1785136074.8627470
1785136074.8627470
1785136074.8627470
1785136074.8627470
1785136074.8627470
1785136074.8627470
1785136074.8627470
1785136074.8627470
1785136074.8627470
1785136074.8627470
1785136074.8627470
1785136074.8627470
1785136074.8627470
1785136074.8627470
1785136074.8627470
1785136074.8627470
1785136074.8627470
1785136074.8627470
1785136074.8627470
1785136074.8627470
1785136074.8627470
1785136074.8627470
1785136074.8627470
1785136074.8627470
1785136074.8627470
1785136074.8627470
1785136074.8627470
1785136074.8627470
1785136074.8627470
1785136074.8627470
1785136074.8627470
1785136074.8627470
1785136074.8627470
1785136074.8627470
1785136074.8627470
1785136074.8627470
1785136074.8627470
1785136074.8627470
1785136074.8627470
1785136074.8627470
1785136074.8627470
1785136074.8629689
1785136074.8629689
1785136074.8629689
1785136074.8629689
1785136074.8629689
1785136074.8629689
1785136074.8629689
1785136074.8629689
1785136074.8629689
1785136074.8629689
1785136074.8629689
1785136074.8629689
1785136074.8629689
1785136074.8629689
1785136074.8629689
1785136074.8629689
1785136074.8629689
1785136074.8629689
1785136074.8629689
1785136074.8629689
1785136074.8629689
1785136074.8629689
1785136074.8629689
1785136074.8629689
1785136074.8629689
1785136074.8629689
1785136074.8629689
1785136074.8629689
1785136074.8629689
1785136074.8629689
1785136074.8629689
1785136074.8629689
1785136074.8629689
1785136074.8629689
1785136074.8629689
1785136074.8629689
1785136074.8629689
1785136074.8629689
1785136074.8629689
1785136074.8629689
1785136074.8629689
1785136074.8629689
1785136074.8629689
1785136074.8629689
1785136074.8631930
1785136074.8631930
1785136074.8631930
1785136074.8631930
1785136074.8631930
1785136074.8631930
1785136074.8631930
1785136074.8631930
1785136074.8631930
1785136074.8631930
1785136074.8631930
1785136074.8631930
1785136074.8631930
1785136074.8631930
1785136074.8631930
1785136074.8631930
1785136074.8631930
1785136074.8631930
1785136074.8631930
1785136074.8631930
1785136074.8631930
1785136074.8631930
1785136074.8631930
1785136074.8631930
1785136074.8631930
1785136074.8631930
1785136074.8631930
1785136074.8631930
1785136074.8631930
1785136074.8631930
1785136074.8631930
1785136074.8631930
1785136074.8631930
1785136074.8631930
1785136074.8631930
1785136074.8631930
1785136074.8631930
1785136074.8631930
1785136074.8631930
1785136074.8631930
1785136074.8631930
1785136074.8631930
1785136074.8631930
1785136074.8631930
1785136074.8634150
1785136074.8634150
1785136074.8634150
1785136074.8634150
1785136074.8634150
1785136074.8634150
1785136074.8634150
1785136074.8634150
1785136074.8634150
1785136074.8634150
1785136074.8634150
1785136074.8634150
1785136074.8634150
1785136074.8634150
1785136074.8634150
1785136074.8634150
1785136074.8634150
1785136074.8634150
1785136074.8634150
1785136074.8634150
1785136074.8634150
1785136074.8634150
1785136074.8634150
1785136074.8634150
1785136074.8634150
1785136074.8634150
1785136074.8634150
1785136074.8634150
1785136074.8634150
1785136074.8634150
1785136074.8634150
1785136074.8634150
1785136074.8634150
1785136074.8634150
1785136074.8634150
1785136074.8634150
1785136074.8634150
1785136074.8634150
1785136074.8634150
1785136074.8634150
1785136074.8634150
1785136074.8634150
1785136074.8634150
1785136074.8634150
1785136074.8636360
1785136074.8636360
1785136074.8636360
1785136074.8636360
1785136074.8636360
1785136074.8636360
1785136074.8636360
1785136074.8636360
1785136074.8636360
1785136074.8636360
1785136074.8636360
1785136074.8636360
1785136074.8636360
1785136074.8636360
1785136074.8636360
1785136074.8636360
1785136074.8636360
1785136074.8636360
1785136074.8636360
1785136074.8636360
1785136074.8636360
1785136074.8636360
1785136074.8636360
1785136074.8636360
1785136074.8636360
1785136074.8636360
1785136074.8636360
1785136074.8636360
1785136074.8636360
1785136074.8636360
1785136074.8636360
1785136074.8636360
1785136074.8636360
1785136074.8636360
1785136074.8636360
1785136074.8636360
1785136074.8636360
1785136074.8636360
1785136074.8636360
1785136074.8636360
1785136074.8636360
1785136074.8636360
1785136074.8636360
1785136074.8636360
1785136074.8638580
1785136074.8638580
1785136074.8638580
1785136074.8638580
1785136074.8638580
1785136074.8638580
1785136074.8638580
1785136074.8638580
1785136074.8638580
1785136074.8638580
1785136074.8638580
1785136074.8638580
1785136074.8638580
1785136074.8638580
1785136074.8638580
1785136074.8638580
1785136074.8638580
1785136074.8638580
1785136074.8638580
1785136074.8638580
1785136074.8638580
1785136074.8638580
1785136074.8638580
1785136074.8638580
1785136074.8638580
1785136074.8638580
1785136074.8638580
1785136074.8638580
1785136074.8638580
1785136074.8638580
1785136074.8638580
1785136074.8638580
1785136074.8638580
1785136074.8638580
1785136074.8638580
1785136074.8638580
1785136074.8638580
1785136074.8638580
1785136074.8638580
1785136074.8638580
1785136074.8638580
1785136074.8638580
1785136074.8638580
1785136074.8638580
1785136074.8640821
1785136074.8640821
1785136074.8640821
1785136074.8640821
1785136074.8640821
1785136074.8640821
1785136074.8640821
1785136074.8640821
1785136074.8640821
1785136074.8640821
1785136074.8640821
1785136074.8640821
1785136074.8640821
1785136074.8640821
1785136074.8640821
1785136074.8640821
1785136074.8640821
1785136074.8640821
1785136074.8640821
1785136074.8640821
1785136074.8640821
1785136074.8640821
1785136074.8640821
1785136074.8640821
1785136074.8640821
1785136074.8640821
1785136074.8640821
1785136074.8640821
1785136074.8640821
1785136074.8640821
1785136074.8640821
1785136074.8640821
1785136074.8640821
1785136074.8640821
1785136074.8640821
1785136074.8640821
1785136074.8640821
1785136074.8640821
1785136074.8640821
1785136074.8640821
1785136074.8640821
1785136074.8640821
1785136074.8640821
1785136074.8640821
1785136074.8640821
1785136074.8643019
1785136074.8643019
1785136074.8643019
1785136074.8643019
1785136074.8643019
1785136074.8643019
1785136074.8643019
1785136074.8643019
1785136074.8643019
1785136074.8643019
1785136074.8643019
1785136074.8643019
1785136074.8643019
1785136074.8643019
1785136074.8643019
1785136074.8643019
1785136074.8643019
1785136074.8643019
1785136074.8643019
1785136074.8643019
1785136074.8643019
1785136074.8643019
1785136074.8643019
1785136074.8643019
1785136074.8643019
1785136074.8643019
1785136074.8643019
1785136074.8643019
1785136074.8643019
1785136074.8643019
1785136074.8643019
1785136074.8643019
1785136074.8643019
1785136074.8643019
1785136074.8643019
1785136074.8643019
1785136074.8643019
1785136074.8643019
1785136074.8643019
1785136074.8643019
1785136074.8643019
1785136074.8643019
1785136074.8643019
1785136074.8643019
1785136074.8643019
1785136074.8645260
1785136074.8645260
1785136074.8645260
1785136074.8645260
1785136074.8645260
1785136074.8645260
1785136074.8645260
1785136074.8645260
1785136074.8645260
1785136074.8645260
1785136074.8645260
1785136074.8645260
1785136074.8645260
1785136074.8645260
1785136074.8645260
1785136074.8645260
1785136074.8645260
1785136074.8645260
1785136074.8645260
1785136074.8645260
1785136074.8645260
1785136074.8645260
1785136074.8645260
1785136074.8645260
1785136074.8645260
1785136074.8645260
1785136074.8645260
1785136074.8645260
1785136074.8645260
1785136074.8645260
1785136074.8645260
1785136074.8645260
1785136074.8645260
1785136074.8645260
1785136074.8645260
1785136074.8645260
1785136074.8645260
1785136074.8645260
1785136074.8645260
1785136074.8645260
1785136074.8645260
1785136074.8645260
1785136074.8645260
1785136074.8645260
1785136074.8645260
1785136074.8647470
1785136074.8647470
1785136074.8647470
1785136074.8647470
1785136074.8647470
1785136074.8647470
1785136074.8647470
1785136074.8647470
1785136074.8647470
1785136074.8647470
1785136074.8647470
1785136074.8647470
1785136074.8647470
1785136074.8647470
1785136074.8647470
1785136074.8647470
1785136074.8647470
1785136074.8647470
1785136074.8647470
1785136074.8647470
1785136074.8647470
1785136074.8647470
1785136074.8647470
1785136074.8647470
1785136074.8647470
1785136074.8647470
1785136074.8647470
1785136074.8647470
1785136074.8647470
1785136074.8647470
1785136074.8647470
1785136074.8647470
1785136074.8647470
1785136074.8647470
1785136074.8647470
1785136074.8647470
1785136074.8647470
1785136074.8647470
1785136074.8647470
1785136074.8647470
1785136074.8647470
1785136074.8647470
1785136074.8647470
1785136074.8647470
1785136074.8647470
1785136074.8649690
1785136074.8649690
1785136074.8649690
1785136074.8649690
1785136074.8649690
1785136074.8649690
1785136074.8649690
1785136074.8649690
1785136074.8649690
1785136074.8649690
1785136074.8649690
1785136074.8649690
1785136074.8649690
1785136074.8649690
1785136074.8649690
1785136074.8649690
1785136074.8649690
1785136074.8649690
1785136074.8649690
1785136074.8649690
1785136074.8649690
1785136074.8649690
1785136074.8649690
1785136074.8649690
1785136074.8649690
1785136074.8649690
1785136074.8649690
1785136074.8649690
1785136074.8649690
1785136074.8649690
1785136074.8649690
1785136074.8649690
1785136074.8649690
1785136074.8649690
1785136074.8649690
1785136074.8649690
1785136074.8649690
1785136074.8649690
1785136074.8649690
1785136074.8649690
1785136074.8649690
1785136074.8649690
1785136074.8649690
1785136074.8649690
1785136074.8649690
1785136074.8651919
1785136074.8651919
1785136074.8651919
1785136074.8651919
1785136074.8651919
1785136074.8651919
1785136074.8651919
1785136074.8651919
1785136074.8651919
1785136074.8651919
1785136074.8651919
1785136074.8651919
1785136074.8651919
1785136074.8651919
1785136074.8651919
1785136074.8651919
1785136074.8651919
1785136074.8651919
1785136074.8651919
1785136074.8651919
1785136074.8651919
1785136074.8651919
1785136074.8651919
1785136074.8651919
1785136074.8651919
1785136074.8651919
1785136074.8651919
1785136074.8651919
1785136074.8651919
1785136074.8651919
1785136074.8651919
1785136074.8651919
1785136074.8651919
1785136074.8651919
1785136074.8651919
1785136074.8651919
1785136074.8651919
1785136074.8651919
1785136074.8651919
1785136074.8651919
1785136074.8651919
1785136074.8651919
1785136074.8651919
1785136074.8651919
1785136074.8651919
1785136074.8654139
1785136074.8654139
1785136074.8654139
1785136074.8654139
1785136074.8654139
1785136074.8654139
1785136074.8654139
1785136074.8654139
1785136074.8654139
1785136074.8654139
1785136074.8654139
1785136074.8654139
1785136074.8654139
1785136074.8654139
1785136074.8654139
1785136074.8654139
1785136074.8654139
1785136074.8654139
1785136074.8654139
1785136074.8654139
1785136074.8654139
1785136074.8654139
1785136074.8654139
1785136074.8654139
1785136074.8654139
1785136074.8654139
1785136074.8654139
1785136074.8654139
1785136074.8654139
1785136074.8654139
1785136074.8654139
1785136074.8654139
1785136074.8654139
1785136074.8654139
1785136074.8654139
1785136074.8654139
1785136074.8654139
1785136074.8654139
1785136074.8654139
1785136074.8654139
1785136074.8654139
1785136074.8654139
1785136074.8654139
1785136074.8654139
1785136074.8654139
1785136074.8656361
1785136074.8656361
1785136074.8656361
1785136074.8656361
1785136074.8656361
1785136074.8656361
1785136074.8656361
1785136074.8656361
1785136074.8656361
1785136074.8656361
1785136074.8656361
1785136074.8656361
1785136074.8656361
1785136074.8656361
1785136074.8656361
1785136074.8656361
1785136074.8656361
1785136074.8656361
1785136074.8656361
1785136074.8656361
1785136074.8656361
1785136074.8656361
1785136074.8656361
1785136074.8656361
1785136074.8656361
1785136074.8656361
1785136074.8656361
1785136074.8656361
1785136074.8656361
1785136074.8656361
1785136074.8656361
1785136074.8656361
1785136074.8656361
1785136074.8656361
1785136074.8656361
1785136074.8656361
1785136074.8656361
1785136074.8656361
1785136074.8656361
1785136074.8656361
1785136074.8656361
1785136074.8656361
1785136074.8656361
1785136074.8656361
1785136074.8656361
1785136074.8658581
1785136074.8658581
1785136074.8658581
1785136074.8658581
1785136074.8658581
1785136074.8658581
1785136074.8658581
1785136074.8658581
1785136074.8658581
1785136074.8658581
1785136074.8658581
1785136074.8658581
1785136074.8658581
1785136074.8658581
1785136074.8658581
1785136074.8658581
1785136074.8658581
1785136074.8658581
1785136074.8658581
1785136074.8658581
1785136074.8658581
1785136074.8658581
1785136074.8658581
1785136074.8658581
1785136074.8658581
1785136074.8658581
1785136074.8658581
1785136074.8658581
1785136074.8658581
1785136074.8658581
1785136074.8658581
1785136074.8658581
1785136074.8658581
1785136074.8658581
1785136074.8658581
1785136074.8658581
1785136074.8658581
1785136074.8658581
1785136074.8658581
1785136074.8658581
1785136074.8658581
1785136074.8658581
1785136074.8658581
1785136074.8658581
1785136074.8658581
1785136074.8658581
1785136074.8660800
1785136074.8660800
1785136074.8660800
1785136074.8660800
1785136074.8660800
1785136074.8660800
1785136074.8660800
1785136074.8660800
1785136074.8660800
1785136074.8660800
1785136074.8660800
1785136074.8660800
1785136074.8660800
1785136074.8660800
1785136074.8660800
1785136074.8660800
1785136074.8660800
1785136074.8660800
1785136074.8660800
1785136074.8660800
1785136074.8660800
1785136074.8660800
1785136074.8660800
1785136074.8660800
1785136074.8660800
1785136074.8660800
1785136074.8660800
1785136074.8660800
1785136074.8660800
1785136074.8660800
1785136074.8660800
1785136074.8660800
1785136074.8660800
1785136074.8660800
1785136074.8660800
1785136074.8660800
1785136074.8660800
1785136074.8660800
1785136074.8660800
1785136074.8660800
1785136074.8660800
1785136074.8660800
1785136074.8660800
1785136074.8660800
1785136074.8660800
1785136074.8660800
1785136074.8663020
1785136074.8663020
1785136074.8663020
1785136074.8663020
1785136074.8663020
1785136074.8663020
1785136074.8663020
1785136074.8663020
1785136074.8663020
1785136074.8663020
1785136074.8663020
1785136074.8663020
1785136074.8663020
1785136074.8663020
1785136074.8663020
1785136074.8663020
1785136074.8663020
1785136074.8663020
1785136074.8663020
1785136074.8663020
1785136074.8663020
1785136074.8663020
1785136074.8663020
1785136074.8663020
1785136074.8663020
1785136074.8663020
1785136074.8663020
1785136074.8663020
1785136074.8663020
1785136074.8663020
1785136074.8663020
1785136074.8663020
1785136074.8663020
1785136074.8663020
1785136074.8663020
1785136074.8663020
1785136074.8663020
1785136074.8663020
1785136074.8663020
1785136074.8663020
1785136074.8663020
1785136074.8663020
1785136074.8663020
1785136074.8663020
1785136074.8663020
1785136074.8663020
1785136074.8665249
1785136074.8665249
1785136074.8665249
1785136074.8665249
1785136074.8665249
1785136074.8665249
1785136074.8665249
1785136074.8665249
1785136074.8665249
1785136074.8665249
1785136074.8665249
1785136074.8665249
1785136074.8665249
1785136074.8665249
1785136074.8665249
1785136074.8665249
1785136074.8665249
1785136074.8665249
1785136074.8665249
1785136074.8665249
1785136074.8665249
1785136074.8665249
1785136074.8665249
1785136074.8665249
1785136074.8665249
1785136074.8665249
1785136074.8665249
1785136074.8665249
1785136074.8665249
1785136074.8665249
1785136074.8665249
1785136074.8665249
1785136074.8665249
1785136074.8665249
1785136074.8665249
1785136074.8665249
1785136074.8665249
1785136074.8665249
1785136074.8665249
1785136074.8665249
1785136074.8665249
1785136074.8665249
1785136074.8665249
1785136074.8665249
1785136074.8665249
1785136074.8665249
1785136074.8667469
1785136074.8667469
1785136074.8667469
1785136074.8667469
1785136074.8667469
1785136074.8667469
1785136074.8667469
1785136074.8667469
1785136074.8667469
1785136074.8667469
1785136074.8667469
1785136074.8667469
1785136074.8667469
1785136074.8667469
1785136074.8667469
1785136074.8667469
1785136074.8667469
1785136074.8667469
1785136074.8667469
1785136074.8667469
1785136074.8667469
1785136074.8667469
1785136074.8667469
1785136074.8667469
1785136074.8667469
1785136074.8667469
1785136074.8667469
1785136074.8667469
1785136074.8667469
1785136074.8667469
1785136074.8667469
1785136074.8667469
1785136074.8667469
1785136074.8667469
1785136074.8667469
1785136074.8667469
1785136074.8667469
1785136074.8667469
1785136074.8667469
1785136074.8667469
1785136074.8667469
1785136074.8667469
1785136074.8667469
1785136074.8667469
1785136074.8667469
1785136074.8667469
1785136074.8669770
1785136074.8669770
1785136074.8669770
1785136074.8669770
1785136074.8669770
1785136074.8669770
1785136074.8669770
1785136074.8669770
1785136074.8669770
1785136074.8669770
1785136074.8669770
1785136074.8669770
1785136074.8669770
1785136074.8669770
1785136074.8669770
1785136074.8669770
1785136074.8669770
1785136074.8669770
1785136074.8669770
1785136074.8669770
1785136074.8669770
1785136074.8669770
1785136074.8669770
1785136074.8669770
1785136074.8669770
1785136074.8669770
1785136074.8669770
1785136074.8669770
1785136074.8669770
1785136074.8669770
1785136074.8669770
1785136074.8669770
1785136074.8669770
1785136074.8669770
1785136074.8669770
1785136074.8669770
1785136074.8669770
1785136074.8669770
1785136074.8669770
1785136074.8669770
1785136074.8669770
1785136074.8669770
1785136074.8669770
1785136074.8669770
1785136074.8669770
1785136074.8669770
1785136074.8671980
1785136074.8671980
1785136074.8671980
1785136074.8671980
1785136074.8671980
1785136074.8671980
1785136074.8671980
1785136074.8671980
1785136074.8671980
1785136074.8671980
1785136074.8671980
1785136074.8671980
1785136074.8671980
1785136074.8671980
1785136074.8671980
1785136074.8671980
1785136074.8671980
1785136074.8671980
1785136074.8671980
1785136074.8671980
1785136074.8671980
1785136074.8671980
1785136074.8671980
1785136074.8671980
1785136074.8671980
1785136074.8671980
1785136074.8671980
1785136074.8671980
1785136074.8671980
1785136074.8671980
1785136074.8671980
1785136074.8671980
1785136074.8671980
1785136074.8671980
1785136074.8671980
1785136074.8671980
1785136074.8671980
1785136074.8671980
1785136074.8671980
1785136074.8671980
1785136074.8671980
1785136074.8671980
1785136074.8671980
1785136074.8671980
1785136074.8671980
1785136074.8671980
1785136074.8674140
1785136074.8674140
1785136074.8674140
1785136074.8674140
1785136074.8674140
1785136074.8674140
1785136074.8674140
1785136074.8674140
1785136074.8674140
1785136074.8674140
1785136074.8674140
1785136074.8674140
1785136074.8674140
1785136074.8674140
1785136074.8674140
1785136074.8674140
1785136074.8674140
1785136074.8674140
1785136074.8674140
1785136074.8674140
1785136074.8674140
1785136074.8674140
1785136074.8674140
1785136074.8674140
1785136074.8674140
1785136074.8674140
1785136074.8674140
1785136074.8674140
1785136074.8674140
1785136074.8674140
1785136074.8674140
1785136074.8674140
1785136074.8674140
1785136074.8674140
1785136074.8674140
1785136074.8674140
1785136074.8674140
1785136074.8674140
1785136074.8674140
1785136074.8674140
1785136074.8674140
1785136074.8674140
1785136074.8674140
1785136074.8674140
1785136074.8674140
1785136074.8674140
1785136074.8674140
1785136074.8676360
1785136074.8676360
1785136074.8676360
1785136074.8676360
1785136074.8676360
1785136074.8676360
1785136074.8676360
1785136074.8676360
1785136074.8676360
1785136074.8676360
1785136074.8676360
1785136074.8676360
1785136074.8676360
1785136074.8676360
1785136074.8676360
1785136074.8676360
1785136074.8676360
1785136074.8676360
1785136074.8676360
1785136074.8676360
1785136074.8676360
1785136074.8676360
1785136074.8676360
1785136074.8676360
1785136074.8676360
1785136074.8676360
1785136074.8676360
1785136074.8676360
1785136074.8676360
1785136074.8676360
1785136074.8676360
1785136074.8676360
1785136074.8676360
1785136074.8676360
1785136074.8676360
1785136074.8676360
1785136074.8676360
1785136074.8676360
1785136074.8676360
1785136074.8676360
1785136074.8676360
1785136074.8676360
1785136074.8676360
1785136074.8676360
1785136074.8676360
1785136074.8676360
1785136074.8676360
1785136074.8678579
1785136074.8678579
1785136074.8678579
1785136074.8678579
1785136074.8678579
1785136074.8678579
1785136074.8678579
1785136074.8678579
1785136074.8678579
1785136074.8678579
1785136074.8678579
1785136074.8678579
1785136074.8678579
1785136074.8678579
1785136074.8678579
1785136074.8678579
1785136074.8678579
1785136074.8678579
1785136074.8678579
1785136074.8678579
1785136074.8678579
1785136074.8678579
1785136074.8678579
1785136074.8678579
1785136074.8678579
1785136074.8678579
1785136074.8678579
1785136074.8678579
1785136074.8678579
1785136074.8678579
1785136074.8678579
1785136074.8678579
1785136074.8678579
1785136074.8678579
1785136074.8678579
1785136074.8678579
1785136074.8678579
1785136074.8678579
1785136074.8678579
1785136074.8678579
1785136074.8678579
1785136074.8678579
1785136074.8678579
1785136074.8678579
1785136074.8678579
1785136074.8678579
1785136074.8678579
1785136074.8680789
1785136074.8680789
1785136074.8680789
1785136074.8680789
1785136074.8680789
1785136074.8680789
1785136074.8680789
1785136074.8680789
1785136074.8680789
1785136074.8680789
1785136074.8680789
1785136074.8680789
1785136074.8680789
1785136074.8680789
1785136074.8680789
1785136074.8680789
1785136074.8680789
1785136074.8680789
1785136074.8680789
1785136074.8680789
1785136074.8680789
1785136074.8680789
1785136074.8680789
1785136074.8680789
1785136074.8680789
1785136074.8680789
1785136074.8680789
1785136074.8680789
1785136074.8680789
1785136074.8680789
1785136074.8680789
1785136074.8680789
1785136074.8680789
1785136074.8680789
1785136074.8680789
1785136074.8680789
1785136074.8680789
1785136074.8680789
1785136074.8680789
1785136074.8680789
1785136074.8680789
1785136074.8680789
1785136074.8680789
1785136074.8680789
1785136074.8680789
1785136074.8680789
1785136074.8680789
1785136074.8683021
1785136074.8683021
1785136074.8683021
1785136074.8683021
1785136074.8683021
1785136074.8683021
1785136074.8683021
1785136074.8683021
1785136074.8683021
1785136074.8683021
1785136074.8683021
1785136074.8683021
1785136074.8683021
1785136074.8683021
1785136074.8683021
1785136074.8683021
1785136074.8683021
1785136074.8683021
1785136074.8683021
1785136074.8683021
1785136074.8683021
1785136074.8683021
1785136074.8683021
1785136074.8683021
1785136074.8683021
1785136074.8683021
1785136074.8683021
1785136074.8683021
1785136074.8683021
1785136074.8683021
1785136074.8683021
1785136074.8683021
1785136074.8683021
1785136074.8683021
1785136074.8683021
1785136074.8683021
1785136074.8683021
1785136074.8683021
1785136074.8683021
1785136074.8683021
1785136074.8683021
1785136074.8683021
1785136074.8683021
1785136074.8683021
1785136074.8683021
1785136074.8683021
1785136074.8683021
1785136074.8685241
1785136074.8685241
1785136074.8685241
1785136074.8685241
1785136074.8685241
1785136074.8685241
1785136074.8685241
1785136074.8685241
1785136074.8685241
1785136074.8685241
1785136074.8685241
1785136074.8685241
1785136074.8685241
1785136074.8685241
1785136074.8685241
1785136074.8685241
1785136074.8685241
1785136074.8685241
1785136074.8685241
1785136074.8685241
1785136074.8685241
1785136074.8685241
1785136074.8685241
1785136074.8685241
1785136074.8685241
1785136074.8685241
1785136074.8685241
1785136074.8685241
1785136074.8685241
1785136074.8685241
1785136074.8685241
1785136074.8685241
1785136074.8685241
1785136074.8685241
1785136074.8685241
1785136074.8685241
1785136074.8685241
1785136074.8685241
1785136074.8685241
1785136074.8685241
1785136074.8685241
1785136074.8685241
1785136074.8685241
1785136074.8685241
1785136074.8685241
1785136074.8685241
1785136074.8685241
1785136074.8687451
1785136074.8687451
1785136074.8687451
1785136074.8687451
1785136074.8687451
1785136074.8687451
1785136074.8687451
1785136074.8687451
1785136074.8687451
1785136074.8687451
1785136074.8687451
1785136074.8687451
1785136074.8687451
1785136074.8687451
1785136074.8687451
1785136074.8687451
1785136074.8687451
1785136074.8687451
1785136074.8687451
1785136074.8687451
1785136074.8687451
1785136074.8687451
1785136074.8687451
1785136074.8687451
1785136074.8687451
1785136074.8687451
1785136074.8687451
1785136074.8687451
1785136074.8687451
1785136074.8687451
1785136074.8687451
1785136074.8687451
1785136074.8687451
1785136074.8687451
1785136074.8687451
1785136074.8687451
1785136074.8687451
1785136074.8687451
1785136074.8687451
1785136074.8687451
1785136074.8687451
1785136074.8687451
1785136074.8687451
1785136074.8687451
1785136074.8687451
1785136074.8687451
1785136074.8687451
1785136074.8687451
1785136074.8689680
1785136074.8689680
1785136074.8689680
1785136074.8689680
1785136074.8689680
1785136074.8689680
1785136074.8689680
1785136074.8689680
1785136074.8689680
1785136074.8689680
1785136074.8689680
1785136074.8689680
1785136074.8689680
1785136074.8689680
1785136074.8689680
1785136074.8689680
1785136074.8689680
1785136074.8689680
1785136074.8689680
1785136074.8689680
1785136074.8689680
1785136074.8689680
1785136074.8689680
1785136074.8689680
1785136074.8689680
1785136074.8689680
1785136074.8689680
1785136074.8689680
1785136074.8689680
1785136074.8689680
1785136074.8689680
1785136074.8689680
1785136074.8689680
1785136074.8689680
1785136074.8689680
1785136074.8689680
1785136074.8689680
1785136074.8689680
1785136074.8689680
1785136074.8689680
1785136074.8689680
1785136074.8689680
1785136074.8689680
1785136074.8689680
1785136074.8689680
1785136074.8689680
1785136074.8689680
1785136074.8689680
1785136074.8691900
1785136074.8691900
1785136074.8691900
1785136074.8691900
1785136074.8691900
1785136074.8691900
1785136074.8691900
1785136074.8691900
1785136074.8691900
1785136074.8691900
1785136074.8691900
1785136074.8691900
1785136074.8691900
1785136074.8691900
1785136074.8691900
1785136074.8691900
1785136074.8691900
1785136074.8691900
1785136074.8691900
1785136074.8691900
1785136074.8691900
1785136074.8691900
1785136074.8691900
1785136074.8691900
1785136074.8691900
1785136074.8691900
1785136074.8691900
1785136074.8691900
1785136074.8691900
1785136074.8691900
1785136074.8691900
1785136074.8691900
1785136074.8691900
1785136074.8691900
1785136074.8691900
1785136074.8691900
1785136074.8691900
1785136074.8691900
1785136074.8691900
1785136074.8691900
1785136074.8691900
1785136074.8691900
1785136074.8691900
1785136074.8691900
1785136074.8691900
1785136074.8691900
1785136074.8691900
1785136074.8691900
1785136074.8694129
1785136074.8694129
1785136074.8694129
1785136074.8694129
1785136074.8694129
1785136074.8694129
1785136074.8694129
1785136074.8694129
1785136074.8694129
1785136074.8694129
1785136074.8694129
1785136074.8694129
1785136074.8694129
1785136074.8694129
1785136074.8694129
1785136074.8694129
1785136074.8694129
1785136074.8694129
1785136074.8694129
1785136074.8694129
1785136074.8694129
1785136074.8694129
1785136074.8694129
1785136074.8694129
1785136074.8694129
1785136074.8694129
1785136074.8694129
1785136074.8694129
1785136074.8694129
1785136074.8694129
1785136074.8694129
1785136074.8694129
1785136074.8694129
1785136074.8694129
1785136074.8694129
1785136074.8694129
1785136074.8694129
1785136074.8694129
1785136074.8694129
1785136074.8694129
1785136074.8694129
1785136074.8694129
1785136074.8694129
1785136074.8694129
1785136074.8696351
1785136074.8696351
1785136074.8696351
1785136074.8696351
1785136074.8696351
1785136074.8696351
1785136074.8696351
1785136074.8696351
1785136074.8696351
1785136074.8696351
1785136074.8696351
1785136074.8696351
1785136074.8696351
1785136074.8696351
1785136074.8696351
1785136074.8696351
1785136074.8696351
1785136074.8696351
1785136074.8696351
1785136074.8696351
1785136074.8696351
1785136074.8696351
1785136074.8696351
1785136074.8696351
1785136074.8696351
1785136074.8698571
1785136074.8698571
1785136074.8698571
1785136074.8698571
1785136074.8698571
1785136074.8698571
1785136074.8698571
1785136074.8698571
1785136074.8698571
1785136074.8698571
1785136074.8698571
1785136074.8698571
1785136074.8698571
1785136074.8698571
1785136074.8698571
1785136074.8698571
1785136074.8698571
1785136074.8698571
1785136074.8698571
1785136074.8698571
1785136074.8698571
1785136074.8698571
1785136074.8698571
1785136074.8698571
1785136074.8698571
1785136074.8700781
1785136074.8700781
1785136074.8700781
1785136074.8700781
1785136074.8700781
1785136074.8700781
1785136074.8700781
1785136074.8700781
1785136074.8700781
1785136074.8700781
1785136074.8700781
1785136074.8700781
1785136074.8700781
1785136074.8700781
1785136074.8700781
1785136074.8700781
1785136074.8700781
1785136074.8700781
1785136074.8700781
1785136074.8700781
1785136074.8700781
1785136074.8700781
1785136074.8700781
1785136074.8700781
1785136074.8700781
1785136074.8700781
1785136074.8700781
1785136074.8700781
1785136074.8700781
1785136074.8700781
1785136074.8700781
1785136074.8700781
1785136074.8700781
1785136074.8700781
1785136074.8703010
1785136074.8703010
1785136074.8703010
1785136074.8703010
1785136074.8703010
1785136074.8703010
1785136074.8703010
1785136074.8703010
1785136074.8703010
1785136074.8703010
1785136074.8703010
1785136074.8703010
1785136074.8703010
1785136074.8703010
1785136074.8703010
1785136074.8703010
1785136074.8703010
1785136074.8705230
1785136074.8705230
1785136074.8705230
1785136074.8705230
1785136074.8705230
1785136074.8705230
1785136074.8705230
1785136074.8705230
1785136074.8705230
1785136074.8705230
1785136074.8705230
1785136074.8705230
1785136074.8705230
1785136074.8705230
1785136074.8705230
1785136074.8705230
1785136074.8705230
1785136074.8707449
1785136074.8707449
1785136074.8707449
1785136074.8707449
1785136074.8707449
1785136074.8707449
1785136074.8707449
1785136074.8707449
1785136074.8707449
1785136074.8707449
1785136074.8707449
1785136074.8707449
1785136074.8707449
1785136074.8707449
1785136074.8707449
1785136074.8707449
1785136074.8707449
1785136074.8709681
1785136074.8709681
1785136074.8709681
1785136074.8709681
1785136074.8709681
1785136074.8709681
1785136074.8709681
1785136074.8709681
1785136074.8709681
1785136074.8709681
1785136074.8709681
1785136074.8709681
1785136074.8709681
1785136074.8709681
1785136074.8709681
1785136074.8709681
1785136074.8709681
1785136074.8711901
1785136074.8711901
1785136074.8711901
1785136074.8711901
1785136074.8711901
1785136074.8711901
1785136074.8711901
1785136074.8711901
1785136074.8711901
1785136074.8711901
1785136074.8711901
1785136074.8711901
1785136074.8711901
1785136074.8711901
1785136074.8711901
1785136074.8714120
1785136074.8714120
1785136074.8714120
1785136074.8714120
1785136074.8714120
1785136074.8714120
1785136074.8714120
1785136074.8714120
1785136074.8714120
1785136074.8714120
1785136074.8714120
1785136074.8763001
1785136074.8763001
1785136074.8763001
1785136074.8763001
1785136074.8763001
1785136074.8763001
1785136074.8763001
1785136074.8763001
1785136074.8763001
1785136074.8765221
1785136074.8765221
1785136074.8765221
1785136074.8765221
1785136074.8765221
1785136074.8765221
1785136074.8765221
1785136074.8765221
1785136074.8765221
1785136074.8765221
1785136074.8765221
1785136074.8767440
1785136074.8767440
1785136074.8767440
1785136074.8767440
1785136074.8767440
1785136074.8767440
1785136074.8767440
1785136074.8767440
1785136074.8767440
1785136074.8767440
1785136074.8767440
1785136074.8769670
1785136074.8769670
1785136074.8769670
1785136074.8769670
1785136074.8769670
1785136074.8769670
1785136074.8769670
1785136074.8769670
1785136074.8769670
1785136074.8769670
1785136074.8769670
1785136074.8769670
1785136074.8771889
1785136074.8771889
1785136074.8771889
1785136074.8771889
1785136074.8771889
1785136074.8771889
1785136074.8771889
1785136074.8771889
1785136074.8771889
1785136074.8771889
1785136074.8771889
1785136074.8771889
1785136074.8771889
1785136074.8771889
1785136074.8774121
1785136074.8774121
1785136074.8774121
1785136074.8774121
1785136074.8774121
1785136074.8774121
1785136074.8774121
1785136074.8774121
1785136074.8774121
1785136074.8774121
1785136074.8774121
1785136074.8774121
1785136074.8774121
1785136074.8774121
1785136074.8774121
1785136074.8774121
1785136074.8776331
1785136074.8776331
1785136074.8776331
1785136074.8776331
1785136074.8776331
1785136074.8776331
1785136074.8776331
1785136074.8776331
1785136074.8776331
1785136074.8776331
1785136074.8776331
1785136074.8776331
1785136074.8776331
1785136074.8776331
1785136074.8776331
1785136074.8776331
1785136074.8778560
1785136074.8778560
1785136074.8778560
1785136074.8778560
1785136074.8778560
1785136074.8778560
1785136074.8778560
1785136074.8778560
1785136074.8778560
1785136074.8778560
1785136074.8778560
1785136074.8778560
1785136074.8778560
1785136074.8778560
1785136074.8778560
1785136074.8780780
1785136074.8780780
1785136074.8780780
1785136074.8780780
1785136074.8780780
1785136074.8780780
1785136074.8780780
1785136074.8780780
1785136074.8780780
1785136074.8780780
1785136074.8780780
1785136074.8780780
1785136074.8783000
1785136074.8783000
1785136074.8783000
1785136074.8783000
1785136074.8783000
1785136074.8783000
1785136074.8783000
