1785136079.8299460
1785136079.8299460
1785136079.8299460
1785136079.8299460
1785136079.8299460
1785136079.8299460
1785136079.8301680
1785136079.8301680
1785136079.8301680
1785136079.8301680
1785136079.8301680
1785136079.8301680
1785136079.8301680
1785136079.8301680
1785136079.8301680
1785136079.8303909
1785136079.8303909
1785136079.8303909
1785136079.8303909
1785136079.8303909
1785136079.8303909
1785136079.8303909
1785136079.8303909
1785136079.8303909
1785136079.8303909
1785136079.8303909
1785136079.8306119
1785136079.8306119
1785136079.8306119
1785136079.8306119
1785136079.8306119
1785136079.8306119
1785136079.8306119
1785136079.8306119
1785136079.8306119
1785136079.8306119
1785136079.8306119
1785136079.8308351
1785136079.8308351
1785136079.8308351
1785136079.8308351
1785136079.8308351
1785136079.8308351
1785136079.8308351
1785136079.8308351
1785136079.8310571
1785136079.8310571
1785136079.8310571
1785136079.8310571
1785136079.8310571
1785136079.8310571
1785136079.8310571
1785136079.8312790
1785136079.8312790
1785136079.8312790
1785136079.8312790
1785136079.8312790
1785136079.8312790
1785136079.8312790
1785136079.8315001
1785136079.8315001
1785136079.8315001
1785136079.8315001
1785136079.8315001
1785136079.8317239
1785136079.8346119
1785136079.8346119
1785136079.8348351
1785136079.8348351
1785136079.8348351
1785136079.8348351
1785136079.8348351
1785136079.8348351
1785136079.8348351
1785136079.8348351
1785136079.8348351
1785136079.8348351
1785136079.8348351
1785136079.8350570
1785136079.8350570
1785136079.8350570
1785136079.8350570
1785136079.8350570
1785136079.8350570
1785136079.8350570
1785136079.8350570
1785136079.8350570
1785136079.8350570
1785136079.8350570
1785136079.8350570
1785136079.8350570
1785136079.8350570
1785136079.8350570
1785136079.8350570
1785136079.8350570
1785136079.8350570
1785136079.8350570
1785136079.8350570
1785136079.8350570
1785136079.8350570
1785136079.8350570
1785136079.8350570
1785136079.8350570
1785136079.8350570
1785136079.8350570
1785136079.8350570
1785136079.8350570
1785136079.8350570
1785136079.8350570
1785136079.8350570
1785136079.8352790
1785136079.8352790
1785136079.8352790
1785136079.8352790
1785136079.8352790
1785136079.8352790
1785136079.8352790
1785136079.8352790
1785136079.8352790
1785136079.8352790
1785136079.8352790
1785136079.8352790
1785136079.8352790
1785136079.8352790
1785136079.8352790
1785136079.8352790
1785136079.8352790
1785136079.8352790
1785136079.8352790
1785136079.8352790
1785136079.8352790
1785136079.8352790
1785136079.8352790
1785136079.8352790
1785136079.8352790
1785136079.8352790
1785136079.8352790
1785136079.8352790
1785136079.8352790
1785136079.8352790
1785136079.8352790
1785136079.8352790
1785136079.8355010
1785136079.8355010
1785136079.8355010
1785136079.8355010
1785136079.8355010
1785136079.8355010
1785136079.8355010
1785136079.8355010
1785136079.8355010
1785136079.8355010
1785136079.8355010
1785136079.8355010
1785136079.8355010
1785136079.8355010
1785136079.8355010
1785136079.8355010
1785136079.8355010
1785136079.8355010
1785136079.8355010
1785136079.8355010
1785136079.8355010
1785136079.8355010
1785136079.8355010
1785136079.8355010
1785136079.8355010
1785136079.8355010
1785136079.8355010
1785136079.8355010
1785136079.8355010
1785136079.8355010
1785136079.8355010
1785136079.8355010
1785136079.8357229
1785136079.8357229
1785136079.8357229
1785136079.8357229
1785136079.8357229
1785136079.8357229
1785136079.8357229
1785136079.8357229
1785136079.8357229
1785136079.8357229
1785136079.8357229
1785136079.8357229
1785136079.8357229
1785136079.8357229
1785136079.8357229
1785136079.8357229
1785136079.8357229
1785136079.8357229
1785136079.8357229
1785136079.8357229
1785136079.8357229
1785136079.8357229
1785136079.8357229
1785136079.8357229
1785136079.8357229
1785136079.8357229
1785136079.8357229
1785136079.8357229
1785136079.8357229
1785136079.8357229
1785136079.8357229
1785136079.8357229
1785136079.8359449
1785136079.8359449
1785136079.8359449
1785136079.8359449
1785136079.8359449
1785136079.8359449
1785136079.8359449
1785136079.8359449
1785136079.8359449
1785136079.8359449
1785136079.8359449
1785136079.8359449
1785136079.8359449
1785136079.8359449
1785136079.8359449
1785136079.8359449
1785136079.8359449
1785136079.8359449
1785136079.8359449
1785136079.8359449
1785136079.8359449
1785136079.8359449
1785136079.8359449
1785136079.8359449
1785136079.8359449
1785136079.8359449
1785136079.8359449
1785136079.8359449
1785136079.8359449
1785136079.8359449
1785136079.8359449
1785136079.8359449
1785136079.8361671
1785136079.8361671
1785136079.8361671
1785136079.8361671
1785136079.8361671
1785136079.8361671
1785136079.8361671
1785136079.8361671
1785136079.8361671
1785136079.8361671
1785136079.8361671
1785136079.8361671
1785136079.8361671
1785136079.8361671
1785136079.8361671
1785136079.8361671
1785136079.8361671
1785136079.8361671
1785136079.8361671
1785136079.8361671
1785136079.8361671
1785136079.8361671
1785136079.8361671
1785136079.8361671
1785136079.8361671
1785136079.8361671
1785136079.8361671
1785136079.8361671
1785136079.8361671
1785136079.8361671
1785136079.8361671
1785136079.8361671
1785136079.8363900
1785136079.8363900
1785136079.8363900
1785136079.8363900
1785136079.8363900
1785136079.8363900
1785136079.8363900
1785136079.8363900
1785136079.8363900
1785136079.8363900
1785136079.8363900
1785136079.8363900
1785136079.8363900
1785136079.8363900
1785136079.8363900
1785136079.8363900
1785136079.8363900
1785136079.8363900
1785136079.8363900
1785136079.8363900
1785136079.8363900
1785136079.8363900
1785136079.8363900
1785136079.8363900
1785136079.8363900
1785136079.8363900
1785136079.8363900
1785136079.8363900
1785136079.8363900
1785136079.8363900
1785136079.8363900
1785136079.8363900
1785136079.8363900
1785136079.8363900
1785136079.8363900
1785136079.8363900
1785136079.8366120
1785136079.8366120
1785136079.8366120
1785136079.8366120
1785136079.8366120
1785136079.8366120
1785136079.8366120
1785136079.8366120
1785136079.8366120
1785136079.8366120
1785136079.8366120
1785136079.8366120
1785136079.8366120
1785136079.8366120
1785136079.8366120
1785136079.8366120
1785136079.8366120
1785136079.8366120
1785136079.8366120
1785136079.8366120
1785136079.8366120
1785136079.8366120
1785136079.8366120
1785136079.8366120
1785136079.8366120
1785136079.8366120
1785136079.8366120
1785136079.8366120
1785136079.8366120
1785136079.8366120
1785136079.8366120
1785136079.8366120
1785136079.8366120
1785136079.8366120
1785136079.8366120
1785136079.8366120
1785136079.8366120
1785136079.8366120
1785136079.8366120
1785136079.8366120
1785136079.8366120
1785136079.8366120
1785136079.8366120
1785136079.8366120
1785136079.8366120
1785136079.8366120
1785136079.8366120
1785136079.8366120
1785136079.8368340
1785136079.8368340
1785136079.8368340
1785136079.8368340
1785136079.8368340
1785136079.8368340
1785136079.8368340
1785136079.8368340
1785136079.8368340
1785136079.8368340
1785136079.8368340
1785136079.8368340
1785136079.8368340
1785136079.8368340
1785136079.8368340
1785136079.8368340
1785136079.8368340
1785136079.8368340
1785136079.8368340
1785136079.8368340
1785136079.8368340
1785136079.8368340
1785136079.8368340
1785136079.8368340
1785136079.8368340
1785136079.8368340
1785136079.8368340
1785136079.8368340
1785136079.8368340
1785136079.8368340
1785136079.8368340
1785136079.8368340
1785136079.8368340
1785136079.8368340
1785136079.8368340
1785136079.8368340
1785136079.8368340
1785136079.8368340
1785136079.8368340
1785136079.8368340
1785136079.8368340
1785136079.8368340
1785136079.8368340
1785136079.8368340
1785136079.8368340
1785136079.8368340
1785136079.8368340
1785136079.8368340
1785136079.8370559
1785136079.8370559
1785136079.8370559
1785136079.8370559
1785136079.8370559
1785136079.8370559
1785136079.8370559
1785136079.8370559
1785136079.8370559
1785136079.8370559
1785136079.8370559
1785136079.8370559
1785136079.8370559
1785136079.8370559
1785136079.8370559
1785136079.8370559
1785136079.8370559
1785136079.8370559
1785136079.8370559
1785136079.8370559
1785136079.8370559
1785136079.8370559
1785136079.8370559
1785136079.8370559
1785136079.8370559
1785136079.8370559
1785136079.8370559
1785136079.8370559
1785136079.8370559
1785136079.8370559
1785136079.8370559
1785136079.8370559
1785136079.8370559
1785136079.8370559
1785136079.8370559
1785136079.8370559
1785136079.8370559
1785136079.8370559
1785136079.8370559
1785136079.8370559
1785136079.8370559
1785136079.8370559
1785136079.8370559
1785136079.8370559
1785136079.8370559
1785136079.8370559
1785136079.8370559
1785136079.8370559
1785136079.8372791
1785136079.8372791
1785136079.8372791
1785136079.8372791
1785136079.8372791
1785136079.8372791
1785136079.8372791
1785136079.8372791
1785136079.8372791
1785136079.8372791
1785136079.8372791
1785136079.8372791
1785136079.8372791
1785136079.8372791
1785136079.8372791
1785136079.8372791
1785136079.8372791
1785136079.8372791
1785136079.8372791
1785136079.8372791
1785136079.8372791
1785136079.8372791
1785136079.8372791
1785136079.8372791
1785136079.8372791
1785136079.8372791
1785136079.8372791
1785136079.8372791
1785136079.8372791
1785136079.8372791
1785136079.8372791
1785136079.8372791
1785136079.8372791
1785136079.8372791
1785136079.8372791
1785136079.8372791
1785136079.8372791
1785136079.8372791
1785136079.8372791
1785136079.8372791
1785136079.8372791
1785136079.8372791
1785136079.8372791
1785136079.8372791
1785136079.8372791
1785136079.8372791
1785136079.8372791
1785136079.8372791
1785136079.8372791
1785136079.8375010
1785136079.8375010
1785136079.8375010
1785136079.8375010
1785136079.8375010
1785136079.8375010
1785136079.8375010
1785136079.8375010
1785136079.8375010
1785136079.8375010
1785136079.8375010
1785136079.8375010
1785136079.8375010
1785136079.8375010
1785136079.8375010
1785136079.8375010
1785136079.8375010
1785136079.8375010
1785136079.8375010
1785136079.8375010
1785136079.8375010
1785136079.8375010
1785136079.8375010
1785136079.8375010
1785136079.8375010
1785136079.8375010
1785136079.8375010
1785136079.8375010
1785136079.8375010
1785136079.8375010
1785136079.8375010
1785136079.8375010
1785136079.8375010
1785136079.8375010
1785136079.8375010
1785136079.8375010
1785136079.8375010
1785136079.8375010
1785136079.8375010
1785136079.8375010
1785136079.8375010
1785136079.8375010
1785136079.8375010
1785136079.8375010
1785136079.8375010
1785136079.8375010
1785136079.8375010
1785136079.8375010
1785136079.8375010
1785136079.8377221
1785136079.8377221
1785136079.8377221
1785136079.8377221
1785136079.8377221
1785136079.8377221
1785136079.8377221
1785136079.8377221
1785136079.8377221
1785136079.8377221
1785136079.8377221
1785136079.8377221
1785136079.8377221
1785136079.8377221
1785136079.8377221
1785136079.8377221
1785136079.8377221
1785136079.8377221
1785136079.8377221
1785136079.8377221
1785136079.8377221
1785136079.8377221
1785136079.8377221
1785136079.8377221
1785136079.8377221
1785136079.8377221
1785136079.8377221
1785136079.8377221
1785136079.8377221
1785136079.8377221
1785136079.8377221
1785136079.8377221
1785136079.8377221
1785136079.8377221
1785136079.8377221
1785136079.8377221
1785136079.8377221
1785136079.8377221
1785136079.8377221
1785136079.8377221
1785136079.8377221
1785136079.8377221
1785136079.8377221
1785136079.8377221
1785136079.8377221
1785136079.8377221
1785136079.8377221
1785136079.8377221
1785136079.8377221
1785136079.8379450
1785136079.8379450
1785136079.8379450
1785136079.8379450
1785136079.8379450
1785136079.8379450
1785136079.8379450
1785136079.8379450
1785136079.8379450
1785136079.8379450
1785136079.8379450
1785136079.8379450
1785136079.8379450
1785136079.8379450
1785136079.8379450
1785136079.8379450
1785136079.8379450
1785136079.8379450
1785136079.8379450
1785136079.8379450
1785136079.8379450
1785136079.8379450
1785136079.8379450
1785136079.8379450
1785136079.8379450
1785136079.8379450
1785136079.8379450
1785136079.8379450
1785136079.8379450
1785136079.8379450
1785136079.8379450
1785136079.8379450
1785136079.8379450
1785136079.8379450
1785136079.8379450
1785136079.8379450
1785136079.8379450
1785136079.8379450
1785136079.8379450
1785136079.8379450
1785136079.8379450
1785136079.8379450
1785136079.8379450
1785136079.8379450
1785136079.8379450
1785136079.8379450
1785136079.8379450
1785136079.8379450
1785136079.8379450
1785136079.8381670
1785136079.8381670
1785136079.8381670
1785136079.8381670
1785136079.8381670
1785136079.8381670
1785136079.8381670
1785136079.8381670
1785136079.8381670
1785136079.8381670
1785136079.8381670
1785136079.8381670
1785136079.8381670
1785136079.8381670
1785136079.8381670
1785136079.8381670
1785136079.8381670
1785136079.8381670
1785136079.8381670
1785136079.8381670
1785136079.8381670
1785136079.8381670
1785136079.8381670
1785136079.8381670
1785136079.8381670
1785136079.8381670
1785136079.8381670
1785136079.8381670
1785136079.8381670
1785136079.8381670
1785136079.8381670
1785136079.8381670
1785136079.8381670
1785136079.8381670
1785136079.8381670
1785136079.8381670
1785136079.8381670
1785136079.8381670
1785136079.8381670
1785136079.8381670
1785136079.8381670
1785136079.8381670
1785136079.8381670
1785136079.8381670
1785136079.8381670
1785136079.8381670
1785136079.8381670
1785136079.8381670
1785136079.8381670
1785136079.8383901
1785136079.8383901
1785136079.8383901
1785136079.8383901
1785136079.8383901
1785136079.8383901
1785136079.8383901
1785136079.8383901
1785136079.8383901
1785136079.8383901
1785136079.8383901
1785136079.8383901
1785136079.8383901
1785136079.8383901
1785136079.8383901
1785136079.8383901
1785136079.8383901
1785136079.8383901
1785136079.8383901
1785136079.8383901
1785136079.8383901
1785136079.8383901
1785136079.8383901
1785136079.8383901
1785136079.8383901
1785136079.8383901
1785136079.8383901
1785136079.8383901
1785136079.8383901
1785136079.8383901
1785136079.8383901
1785136079.8383901
1785136079.8383901
1785136079.8383901
1785136079.8383901
1785136079.8383901
1785136079.8383901
1785136079.8383901
1785136079.8383901
1785136079.8383901
1785136079.8383901
1785136079.8383901
1785136079.8383901
1785136079.8383901
1785136079.8383901
1785136079.8383901
1785136079.8383901
1785136079.8383901
1785136079.8383901
1785136079.8386121
1785136079.8386121
1785136079.8386121
1785136079.8386121
1785136079.8386121
1785136079.8386121
1785136079.8386121
1785136079.8386121
1785136079.8386121
1785136079.8386121
1785136079.8386121
1785136079.8386121
1785136079.8386121
1785136079.8386121
1785136079.8386121
1785136079.8386121
1785136079.8386121
1785136079.8386121
1785136079.8386121
1785136079.8386121
1785136079.8386121
1785136079.8386121
1785136079.8386121
1785136079.8386121
1785136079.8386121
1785136079.8386121
1785136079.8386121
1785136079.8386121
1785136079.8386121
1785136079.8386121
1785136079.8386121
1785136079.8386121
1785136079.8386121
1785136079.8386121
1785136079.8386121
1785136079.8386121
1785136079.8386121
1785136079.8386121
1785136079.8386121
1785136079.8386121
1785136079.8386121
1785136079.8386121
1785136079.8386121
1785136079.8386121
1785136079.8386121
1785136079.8386121
1785136079.8386121
1785136079.8386121
1785136079.8386121
1785136079.8388340
1785136079.8388340
1785136079.8388340
1785136079.8388340
1785136079.8388340
1785136079.8388340
1785136079.8388340
1785136079.8388340
1785136079.8388340
1785136079.8388340
1785136079.8388340
1785136079.8388340
1785136079.8388340
1785136079.8388340
1785136079.8388340
1785136079.8388340
1785136079.8388340
1785136079.8388340
1785136079.8388340
1785136079.8388340
1785136079.8388340
1785136079.8388340
1785136079.8388340
1785136079.8388340
1785136079.8388340
1785136079.8388340
1785136079.8388340
1785136079.8388340
1785136079.8388340
1785136079.8388340
1785136079.8388340
1785136079.8388340
1785136079.8388340
1785136079.8388340
1785136079.8388340
1785136079.8388340
1785136079.8388340
1785136079.8388340
1785136079.8388340
1785136079.8388340
1785136079.8388340
1785136079.8388340
1785136079.8388340
1785136079.8388340
1785136079.8388340
1785136079.8388340
1785136079.8388340
1785136079.8388340
1785136079.8390560
1785136079.8390560
1785136079.8390560
1785136079.8390560
1785136079.8390560
1785136079.8390560
1785136079.8390560
1785136079.8390560
1785136079.8390560
1785136079.8390560
1785136079.8390560
1785136079.8390560
1785136079.8390560
1785136079.8390560
1785136079.8390560
1785136079.8390560
1785136079.8390560
1785136079.8390560
1785136079.8390560
1785136079.8390560
1785136079.8390560
1785136079.8390560
1785136079.8390560
1785136079.8390560
1785136079.8390560
1785136079.8390560
1785136079.8390560
1785136079.8390560
1785136079.8390560
1785136079.8390560
1785136079.8390560
1785136079.8390560
1785136079.8390560
1785136079.8390560
1785136079.8390560
1785136079.8390560
1785136079.8390560
1785136079.8390560
1785136079.8390560
1785136079.8390560
1785136079.8390560
1785136079.8390560
1785136079.8390560
1785136079.8390560
1785136079.8390560
1785136079.8390560
1785136079.8390560
1785136079.8390560
1785136079.8392780
1785136079.8392780
1785136079.8392780
1785136079.8392780
1785136079.8392780
1785136079.8392780
1785136079.8392780
1785136079.8392780
1785136079.8392780
1785136079.8392780
1785136079.8392780
1785136079.8392780
1785136079.8392780
1785136079.8392780
1785136079.8392780
1785136079.8392780
1785136079.8392780
1785136079.8392780
1785136079.8392780
1785136079.8392780
1785136079.8392780
1785136079.8392780
1785136079.8392780
1785136079.8392780
1785136079.8392780
1785136079.8392780
1785136079.8392780
1785136079.8392780
1785136079.8392780
1785136079.8392780
1785136079.8392780
1785136079.8392780
1785136079.8392780
1785136079.8392780
1785136079.8392780
1785136079.8392780
1785136079.8392780
1785136079.8392780
1785136079.8392780
1785136079.8392780
1785136079.8392780
1785136079.8392780
1785136079.8392780
1785136079.8392780
1785136079.8392780
1785136079.8392780
1785136079.8392780
1785136079.8392780
1785136079.8395009
1785136079.8395009
1785136079.8395009
1785136079.8395009
1785136079.8395009
1785136079.8395009
1785136079.8395009
1785136079.8395009
1785136079.8395009
1785136079.8395009
1785136079.8395009
1785136079.8395009
1785136079.8395009
1785136079.8395009
1785136079.8395009
1785136079.8395009
1785136079.8395009
1785136079.8395009
1785136079.8395009
1785136079.8395009
1785136079.8395009
1785136079.8395009
1785136079.8395009
1785136079.8395009
1785136079.8395009
1785136079.8395009
1785136079.8395009
1785136079.8395009
1785136079.8395009
1785136079.8395009
1785136079.8395009
1785136079.8395009
1785136079.8395009
1785136079.8395009
1785136079.8395009
1785136079.8395009
1785136079.8395009
1785136079.8395009
1785136079.8395009
1785136079.8395009
1785136079.8395009
1785136079.8395009
1785136079.8395009
1785136079.8395009
1785136079.8395009
1785136079.8395009
1785136079.8395009
1785136079.8395009
1785136079.8397231
1785136079.8397231
1785136079.8397231
1785136079.8397231
1785136079.8397231
1785136079.8397231
1785136079.8397231
1785136079.8397231
1785136079.8397231
1785136079.8397231
1785136079.8397231
1785136079.8397231
1785136079.8397231
1785136079.8397231
1785136079.8397231
1785136079.8397231
1785136079.8397231
1785136079.8397231
1785136079.8397231
1785136079.8397231
1785136079.8397231
1785136079.8397231
1785136079.8397231
1785136079.8397231
1785136079.8397231
1785136079.8397231
1785136079.8397231
1785136079.8397231
1785136079.8397231
1785136079.8397231
1785136079.8397231
1785136079.8397231
1785136079.8397231
1785136079.8397231
1785136079.8397231
1785136079.8397231
1785136079.8397231
1785136079.8397231
1785136079.8397231
1785136079.8397231
1785136079.8397231
1785136079.8397231
1785136079.8397231
1785136079.8397231
1785136079.8397231
1785136079.8397231
1785136079.8397231
1785136079.8397231
1785136079.8399451
1785136079.8399451
1785136079.8399451
1785136079.8399451
1785136079.8399451
1785136079.8399451
1785136079.8399451
1785136079.8399451
1785136079.8399451
1785136079.8399451
1785136079.8399451
1785136079.8399451
1785136079.8399451
1785136079.8399451
1785136079.8399451
1785136079.8399451
1785136079.8399451
1785136079.8399451
1785136079.8399451
1785136079.8399451
1785136079.8399451
1785136079.8399451
1785136079.8399451
1785136079.8399451
1785136079.8399451
1785136079.8399451
1785136079.8399451
1785136079.8399451
1785136079.8399451
1785136079.8399451
1785136079.8399451
1785136079.8399451
1785136079.8399451
1785136079.8399451
1785136079.8399451
1785136079.8399451
1785136079.8399451
1785136079.8399451
1785136079.8399451
1785136079.8399451
1785136079.8399451
1785136079.8399451
1785136079.8399451
1785136079.8399451
1785136079.8399451
1785136079.8399451
1785136079.8399451
1785136079.8399451
1785136079.8399451
1785136079.8399451
1785136079.8399451
1785136079.8399451
1785136079.8401670
1785136079.8401670
1785136079.8401670
1785136079.8401670
1785136079.8401670
1785136079.8401670
1785136079.8401670
1785136079.8401670
1785136079.8401670
1785136079.8401670
1785136079.8401670
1785136079.8401670
1785136079.8401670
1785136079.8401670
1785136079.8401670
1785136079.8401670
1785136079.8401670
1785136079.8401670
1785136079.8401670
1785136079.8401670
1785136079.8401670
1785136079.8401670
1785136079.8401670
1785136079.8401670
1785136079.8401670
1785136079.8401670
1785136079.8401670
1785136079.8401670
1785136079.8401670
1785136079.8401670
1785136079.8401670
1785136079.8401670
1785136079.8401670
1785136079.8401670
1785136079.8401670
1785136079.8401670
1785136079.8401670
1785136079.8401670
1785136079.8401670
1785136079.8401670
1785136079.8401670
1785136079.8401670
1785136079.8401670
1785136079.8401670
1785136079.8401670
1785136079.8401670
1785136079.8401670
1785136079.8401670
1785136079.8401670
1785136079.8401670
1785136079.8401670
1785136079.8401670
1785136079.8401670
1785136079.8403900
1785136079.8403900
1785136079.8403900
1785136079.8403900
1785136079.8403900
1785136079.8403900
1785136079.8403900
1785136079.8403900
1785136079.8403900
1785136079.8403900
1785136079.8403900
1785136079.8403900
1785136079.8403900
1785136079.8403900
1785136079.8403900
1785136079.8403900
1785136079.8403900
1785136079.8403900
1785136079.8403900
1785136079.8403900
1785136079.8403900
1785136079.8403900
1785136079.8403900
1785136079.8403900
1785136079.8403900
1785136079.8403900
1785136079.8403900
1785136079.8403900
1785136079.8403900
1785136079.8403900
1785136079.8403900
1785136079.8403900
1785136079.8403900
1785136079.8403900
1785136079.8403900
1785136079.8403900
1785136079.8403900
1785136079.8403900
1785136079.8403900
1785136079.8403900
1785136079.8403900
1785136079.8403900
1785136079.8403900
1785136079.8403900
1785136079.8403900
1785136079.8403900
1785136079.8403900
1785136079.8403900
1785136079.8403900
1785136079.8403900
1785136079.8403900
1785136079.8406110
1785136079.8406110
1785136079.8406110
1785136079.8406110
1785136079.8406110
1785136079.8406110
1785136079.8406110
1785136079.8406110
1785136079.8406110
1785136079.8406110
1785136079.8406110
1785136079.8406110
1785136079.8406110
1785136079.8406110
1785136079.8406110
1785136079.8406110
1785136079.8406110
1785136079.8406110
1785136079.8406110
1785136079.8406110
1785136079.8406110
1785136079.8406110
1785136079.8406110
1785136079.8406110
1785136079.8406110
1785136079.8406110
1785136079.8406110
1785136079.8406110
1785136079.8406110
1785136079.8406110
1785136079.8406110
1785136079.8406110
1785136079.8406110
1785136079.8406110
1785136079.8406110
1785136079.8406110
1785136079.8406110
1785136079.8406110
1785136079.8406110
1785136079.8406110
1785136079.8406110
1785136079.8406110
1785136079.8406110
1785136079.8406110
1785136079.8406110
1785136079.8406110
1785136079.8406110
1785136079.8406110
1785136079.8406110
1785136079.8406110
1785136079.8406110
1785136079.8408320
1785136079.8408320
1785136079.8408320
1785136079.8408320
1785136079.8408320
1785136079.8408320
1785136079.8408320
1785136079.8408320
1785136079.8408320
1785136079.8408320
1785136079.8408320
1785136079.8408320
1785136079.8408320
1785136079.8408320
1785136079.8408320
1785136079.8408320
1785136079.8408320
1785136079.8408320
1785136079.8408320
1785136079.8408320
1785136079.8408320
1785136079.8408320
1785136079.8408320
1785136079.8408320
1785136079.8408320
1785136079.8408320
1785136079.8408320
1785136079.8408320
1785136079.8408320
1785136079.8408320
1785136079.8408320
1785136079.8408320
1785136079.8408320
1785136079.8408320
1785136079.8408320
1785136079.8408320
1785136079.8408320
1785136079.8408320
1785136079.8408320
1785136079.8408320
1785136079.8408320
1785136079.8408320
1785136079.8408320
1785136079.8408320
1785136079.8408320
1785136079.8408320
1785136079.8408320
1785136079.8408320
1785136079.8410561
1785136079.8410561
1785136079.8410561
1785136079.8410561
1785136079.8410561
1785136079.8410561
1785136079.8410561
1785136079.8410561
1785136079.8410561
1785136079.8410561
1785136079.8410561
1785136079.8410561
1785136079.8410561
1785136079.8410561
1785136079.8410561
1785136079.8410561
1785136079.8410561
1785136079.8410561
1785136079.8410561
1785136079.8410561
1785136079.8410561
1785136079.8410561
1785136079.8410561
1785136079.8410561
1785136079.8410561
1785136079.8410561
1785136079.8410561
1785136079.8410561
1785136079.8410561
1785136079.8410561
1785136079.8410561
1785136079.8410561
1785136079.8410561
1785136079.8410561
1785136079.8410561
1785136079.8410561
1785136079.8410561
1785136079.8410561
1785136079.8410561
1785136079.8410561
1785136079.8410561
1785136079.8410561
1785136079.8410561
1785136079.8410561
1785136079.8410561
1785136079.8410561
1785136079.8410561
1785136079.8412781
1785136079.8412781
1785136079.8412781
1785136079.8412781
1785136079.8412781
1785136079.8412781
1785136079.8412781
1785136079.8412781
1785136079.8412781
1785136079.8412781
1785136079.8412781
1785136079.8412781
1785136079.8412781
1785136079.8412781
1785136079.8412781
1785136079.8412781
1785136079.8412781
1785136079.8412781
1785136079.8412781
1785136079.8412781
1785136079.8412781
1785136079.8412781
1785136079.8412781
1785136079.8412781
1785136079.8412781
1785136079.8412781
1785136079.8412781
1785136079.8412781
1785136079.8412781
1785136079.8412781
1785136079.8412781
1785136079.8412781
1785136079.8412781
1785136079.8412781
1785136079.8412781
1785136079.8412781
1785136079.8412781
1785136079.8412781
1785136079.8412781
1785136079.8412781
1785136079.8412781
1785136079.8412781
1785136079.8412781
1785136079.8412781
1785136079.8412781
1785136079.8412781
1785136079.8412781
1785136079.8415000
1785136079.8415000
1785136079.8415000
1785136079.8415000
1785136079.8415000
1785136079.8415000
1785136079.8415000
1785136079.8415000
1785136079.8415000
1785136079.8415000
1785136079.8415000
1785136079.8415000
1785136079.8415000
1785136079.8415000
1785136079.8415000
1785136079.8415000
1785136079.8415000
1785136079.8415000
1785136079.8415000
1785136079.8415000
1785136079.8415000
1785136079.8415000
1785136079.8415000
1785136079.8415000
1785136079.8415000
1785136079.8415000
1785136079.8415000
1785136079.8415000
1785136079.8415000
1785136079.8415000
1785136079.8415000
1785136079.8415000
1785136079.8415000
1785136079.8415000
1785136079.8415000
1785136079.8415000
1785136079.8415000
1785136079.8415000
1785136079.8415000
1785136079.8415000
1785136079.8415000
1785136079.8415000
1785136079.8415000
1785136079.8415000
1785136079.8415000
1785136079.8415000
1785136079.8415000
1785136079.8417220
1785136079.8417220
1785136079.8417220
1785136079.8417220
1785136079.8417220
1785136079.8417220
1785136079.8417220
1785136079.8417220
1785136079.8417220
1785136079.8417220
1785136079.8417220
1785136079.8417220
1785136079.8417220
1785136079.8417220
1785136079.8417220
1785136079.8417220
1785136079.8417220
1785136079.8417220
1785136079.8417220
1785136079.8417220
1785136079.8417220
1785136079.8417220
1785136079.8417220
1785136079.8417220
1785136079.8417220
1785136079.8417220
1785136079.8417220
1785136079.8417220
1785136079.8417220
1785136079.8417220
1785136079.8417220
1785136079.8417220
1785136079.8417220
1785136079.8417220
1785136079.8417220
1785136079.8417220
1785136079.8417220
1785136079.8417220
1785136079.8417220
1785136079.8417220
1785136079.8417220
1785136079.8417220
1785136079.8417220
1785136079.8417220
1785136079.8417220
1785136079.8417220
1785136079.8419449
1785136079.8419449
1785136079.8419449
1785136079.8419449
1785136079.8419449
1785136079.8419449
1785136079.8419449
1785136079.8419449
1785136079.8419449
1785136079.8419449
1785136079.8419449
1785136079.8419449
1785136079.8419449
1785136079.8419449
1785136079.8419449
1785136079.8419449
1785136079.8419449
1785136079.8419449
1785136079.8419449
1785136079.8419449
1785136079.8419449
1785136079.8419449
1785136079.8419449
1785136079.8419449
1785136079.8419449
1785136079.8419449
1785136079.8419449
1785136079.8419449
1785136079.8419449
1785136079.8419449
1785136079.8419449
1785136079.8419449
1785136079.8419449
1785136079.8419449
1785136079.8419449
1785136079.8419449
1785136079.8419449
1785136079.8419449
1785136079.8419449
1785136079.8419449
1785136079.8419449
1785136079.8419449
1785136079.8419449
1785136079.8419449
1785136079.8419449
1785136079.8419449
1785136079.8421669
1785136079.8421669
1785136079.8421669
1785136079.8421669
1785136079.8421669
1785136079.8421669
1785136079.8421669
1785136079.8421669
1785136079.8421669
1785136079.8421669
1785136079.8421669
1785136079.8421669
1785136079.8421669
1785136079.8421669
1785136079.8421669
1785136079.8421669
1785136079.8421669
1785136079.8421669
1785136079.8421669
1785136079.8421669
1785136079.8421669
1785136079.8421669
1785136079.8421669
1785136079.8421669
1785136079.8421669
1785136079.8421669
1785136079.8421669
1785136079.8421669
1785136079.8421669
1785136079.8421669
1785136079.8421669
1785136079.8421669
1785136079.8421669
1785136079.8421669
1785136079.8421669
1785136079.8421669
1785136079.8421669
1785136079.8421669
1785136079.8421669
1785136079.8421669
1785136079.8421669
1785136079.8421669
1785136079.8421669
1785136079.8421669
1785136079.8421669
1785136079.8421669
1785136079.8423879
1785136079.8423879
1785136079.8423879
1785136079.8423879
1785136079.8423879
1785136079.8423879
1785136079.8423879
1785136079.8423879
1785136079.8423879
1785136079.8423879
1785136079.8423879
1785136079.8423879
1785136079.8423879
1785136079.8423879
1785136079.8423879
1785136079.8423879
1785136079.8423879
1785136079.8423879
1785136079.8423879
1785136079.8423879
1785136079.8423879
1785136079.8423879
1785136079.8423879
1785136079.8423879
1785136079.8423879
1785136079.8423879
1785136079.8423879
1785136079.8423879
1785136079.8423879
1785136079.8423879
1785136079.8423879
1785136079.8423879
1785136079.8423879
1785136079.8423879
1785136079.8423879
1785136079.8423879
1785136079.8423879
1785136079.8423879
1785136079.8423879
1785136079.8423879
1785136079.8423879
1785136079.8423879
1785136079.8423879
1785136079.8423879
1785136079.8423879
1785136079.8423879
1785136079.8426120
1785136079.8426120
1785136079.8426120
1785136079.8426120
1785136079.8426120
1785136079.8426120
1785136079.8426120
1785136079.8426120
1785136079.8426120
1785136079.8426120
1785136079.8426120
1785136079.8426120
1785136079.8426120
1785136079.8426120
1785136079.8426120
1785136079.8426120
1785136079.8426120
1785136079.8426120
1785136079.8426120
1785136079.8426120
1785136079.8426120
1785136079.8426120
1785136079.8426120
1785136079.8426120
1785136079.8426120
1785136079.8426120
1785136079.8426120
1785136079.8426120
1785136079.8426120
1785136079.8426120
1785136079.8426120
1785136079.8426120
1785136079.8426120
1785136079.8426120
1785136079.8426120
1785136079.8426120
1785136079.8426120
1785136079.8426120
1785136079.8426120
1785136079.8426120
1785136079.8426120
1785136079.8426120
1785136079.8426120
1785136079.8426120
1785136079.8426120
1785136079.8426120
1785136079.8428330
1785136079.8428330
1785136079.8428330
1785136079.8428330
1785136079.8428330
1785136079.8428330
1785136079.8428330
1785136079.8428330
1785136079.8428330
1785136079.8428330
1785136079.8428330
1785136079.8428330
1785136079.8428330
1785136079.8428330
1785136079.8428330
1785136079.8428330
1785136079.8428330
1785136079.8428330
1785136079.8428330
1785136079.8428330
1785136079.8428330
1785136079.8428330
1785136079.8428330
1785136079.8428330
1785136079.8428330
1785136079.8428330
1785136079.8428330
1785136079.8428330
1785136079.8428330
1785136079.8428330
1785136079.8428330
1785136079.8428330
1785136079.8428330
1785136079.8428330
1785136079.8428330
1785136079.8428330
1785136079.8428330
1785136079.8428330
1785136079.8428330
1785136079.8428330
1785136079.8428330
1785136079.8428330
1785136079.8428330
1785136079.8428330
1785136079.8428330
1785136079.8428330
1785136079.8428330
1785136079.8430550
1785136079.8430550
1785136079.8430550
1785136079.8430550
1785136079.8430550
1785136079.8430550
1785136079.8430550
1785136079.8430550
1785136079.8430550
1785136079.8430550
1785136079.8430550
1785136079.8430550
1785136079.8430550
1785136079.8430550
1785136079.8430550
1785136079.8430550
1785136079.8430550
1785136079.8430550
1785136079.8430550
1785136079.8430550
1785136079.8430550
1785136079.8430550
1785136079.8430550
1785136079.8430550
1785136079.8430550
1785136079.8430550
1785136079.8430550
1785136079.8430550
1785136079.8430550
1785136079.8430550
1785136079.8430550
1785136079.8430550
1785136079.8430550
1785136079.8430550
1785136079.8430550
1785136079.8430550
1785136079.8430550
1785136079.8430550
1785136079.8430550
1785136079.8430550
1785136079.8430550
1785136079.8430550
1785136079.8430550
1785136079.8430550
1785136079.8430550
1785136079.8430550
1785136079.8430550
1785136079.8430550
1785136079.8430550
1785136079.8430550
1785136079.8430550
1785136079.8430550
1785136079.8430550
1785136079.8430550
1785136079.8430550
1785136079.8430550
1785136079.8432779
1785136079.8432779
1785136079.8432779
1785136079.8432779
1785136079.8432779
1785136079.8432779
1785136079.8432779
1785136079.8432779
1785136079.8432779
1785136079.8432779
1785136079.8432779
1785136079.8432779
1785136079.8432779
1785136079.8432779
1785136079.8432779
1785136079.8432779
1785136079.8432779
1785136079.8432779
1785136079.8432779
1785136079.8432779
1785136079.8432779
1785136079.8432779
1785136079.8432779
1785136079.8432779
1785136079.8432779
1785136079.8432779
1785136079.8432779
1785136079.8432779
1785136079.8432779
1785136079.8432779
1785136079.8432779
1785136079.8432779
1785136079.8432779
1785136079.8432779
1785136079.8432779
1785136079.8432779
1785136079.8432779
1785136079.8432779
1785136079.8432779
1785136079.8432779
1785136079.8432779
1785136079.8432779
1785136079.8432779
1785136079.8432779
1785136079.8432779
1785136079.8432779
1785136079.8432779
1785136079.8432779
1785136079.8432779
1785136079.8432779
1785136079.8432779
1785136079.8432779
1785136079.8432779
1785136079.8432779
1785136079.8432779
1785136079.8432779
1785136079.8432779
1785136079.8432779
1785136079.8432779
1785136079.8432779
1785136079.8432779
1785136079.8432779
1785136079.8432779
1785136079.8432779
1785136079.8432779
1785136079.8432779
1785136079.8432779
1785136079.8432779
1785136079.8432779
1785136079.8432779
1785136079.8432779
1785136079.8432779
1785136079.8434999
1785136079.8434999
1785136079.8434999
1785136079.8434999
1785136079.8434999
1785136079.8434999
1785136079.8434999
1785136079.8434999
1785136079.8434999
1785136079.8434999
1785136079.8434999
1785136079.8434999
1785136079.8434999
1785136079.8434999
1785136079.8434999
1785136079.8434999
1785136079.8434999
1785136079.8434999
1785136079.8434999
1785136079.8434999
1785136079.8434999
1785136079.8434999
1785136079.8434999
1785136079.8434999
1785136079.8434999
1785136079.8434999
1785136079.8434999
1785136079.8434999
1785136079.8434999
1785136079.8434999
1785136079.8434999
1785136079.8434999
1785136079.8434999
1785136079.8434999
1785136079.8434999
1785136079.8434999
1785136079.8434999
1785136079.8434999
1785136079.8434999
1785136079.8434999
1785136079.8434999
1785136079.8434999
1785136079.8434999
1785136079.8434999
1785136079.8434999
1785136079.8434999
1785136079.8434999
1785136079.8434999
1785136079.8434999
1785136079.8434999
1785136079.8434999
1785136079.8434999
1785136079.8434999
1785136079.8434999
1785136079.8434999
1785136079.8434999
1785136079.8434999
1785136079.8437221
1785136079.8437221
1785136079.8437221
1785136079.8437221
1785136079.8437221
1785136079.8437221
1785136079.8437221
1785136079.8437221
1785136079.8437221
1785136079.8437221
1785136079.8437221
1785136079.8437221
1785136079.8437221
1785136079.8437221
1785136079.8437221
1785136079.8437221
1785136079.8437221
1785136079.8437221
1785136079.8437221
1785136079.8437221
1785136079.8437221
1785136079.8437221
1785136079.8437221
1785136079.8437221
1785136079.8437221
1785136079.8437221
1785136079.8437221
1785136079.8437221
1785136079.8437221
1785136079.8437221
1785136079.8437221
1785136079.8437221
1785136079.8437221
1785136079.8437221
1785136079.8437221
1785136079.8437221
1785136079.8437221
1785136079.8437221
1785136079.8437221
1785136079.8437221
1785136079.8437221
1785136079.8437221
1785136079.8437221
1785136079.8437221
1785136079.8437221
1785136079.8437221
1785136079.8437221
1785136079.8437221
1785136079.8437221
1785136079.8437221
1785136079.8437221
1785136079.8437221
1785136079.8437221
1785136079.8437221
1785136079.8437221
1785136079.8437221
1785136079.8437221
1785136079.8437221
1785136079.8437221
1785136079.8437221
1785136079.8439441
1785136079.8439441
1785136079.8439441
1785136079.8439441
1785136079.8439441
1785136079.8439441
1785136079.8439441
1785136079.8439441
1785136079.8439441
1785136079.8439441
1785136079.8439441
1785136079.8439441
1785136079.8439441
1785136079.8439441
1785136079.8439441
1785136079.8439441
1785136079.8439441
1785136079.8439441
1785136079.8439441
1785136079.8439441
1785136079.8439441
1785136079.8439441
1785136079.8439441
1785136079.8439441
1785136079.8439441
1785136079.8439441
1785136079.8439441
1785136079.8439441
1785136079.8439441
1785136079.8439441
1785136079.8439441
1785136079.8439441
1785136079.8439441
1785136079.8439441
1785136079.8439441
1785136079.8439441
1785136079.8439441
1785136079.8439441
1785136079.8439441
1785136079.8439441
1785136079.8439441
1785136079.8439441
1785136079.8439441
1785136079.8439441
1785136079.8439441
1785136079.8439441
1785136079.8439441
1785136079.8439441
1785136079.8439441
1785136079.8439441
1785136079.8439441
1785136079.8439441
1785136079.8439441
1785136079.8441660
1785136079.8441660
1785136079.8441660
1785136079.8441660
1785136079.8441660
1785136079.8441660
1785136079.8441660
1785136079.8441660
1785136079.8441660
1785136079.8441660
1785136079.8441660
1785136079.8441660
1785136079.8441660
1785136079.8441660
1785136079.8441660
1785136079.8441660
1785136079.8441660
1785136079.8441660
1785136079.8441660
1785136079.8441660
1785136079.8441660
1785136079.8441660
1785136079.8441660
1785136079.8441660
1785136079.8441660
1785136079.8441660
1785136079.8441660
1785136079.8441660
1785136079.8441660
1785136079.8441660
1785136079.8441660
1785136079.8441660
1785136079.8441660
1785136079.8441660
1785136079.8441660
1785136079.8441660
1785136079.8441660
1785136079.8441660
1785136079.8441660
1785136079.8441660
1785136079.8441660
1785136079.8441660
1785136079.8441660
1785136079.8441660
1785136079.8441660
1785136079.8441660
1785136079.8441660
1785136079.8441660
1785136079.8441660
1785136079.8441660
1785136079.8441660
1785136079.8441660
1785136079.8441660
1785136079.8441660
1785136079.8441660
1785136079.8441660
1785136079.8441660
1785136079.8441660
1785136079.8443880
1785136079.8443880
1785136079.8443880
1785136079.8443880
1785136079.8443880
1785136079.8443880
1785136079.8443880
1785136079.8443880
1785136079.8443880
1785136079.8443880
1785136079.8443880
1785136079.8443880
1785136079.8443880
1785136079.8443880
1785136079.8443880
1785136079.8443880
1785136079.8443880
1785136079.8443880
1785136079.8443880
1785136079.8443880
1785136079.8443880
1785136079.8443880
1785136079.8443880
1785136079.8443880
1785136079.8443880
1785136079.8443880
1785136079.8443880
1785136079.8443880
1785136079.8443880
1785136079.8443880
1785136079.8443880
1785136079.8443880
1785136079.8443880
1785136079.8443880
1785136079.8443880
1785136079.8443880
1785136079.8443880
1785136079.8443880
1785136079.8443880
1785136079.8443880
1785136079.8443880
1785136079.8443880
1785136079.8443880
1785136079.8443880
1785136079.8443880
1785136079.8443880
1785136079.8443880
1785136079.8443880
1785136079.8443880
1785136079.8443880
1785136079.8443880
1785136079.8443880
1785136079.8443880
1785136079.8443880
1785136079.8443880
1785136079.8443880
1785136079.8443880
1785136079.8443880
1785136079.8443880
1785136079.8446100
1785136079.8446100
1785136079.8446100
1785136079.8446100
1785136079.8446100
1785136079.8446100
1785136079.8446100
1785136079.8446100
1785136079.8446100
1785136079.8446100
1785136079.8446100
1785136079.8446100
1785136079.8446100
1785136079.8446100
1785136079.8446100
1785136079.8446100
1785136079.8446100
1785136079.8446100
1785136079.8446100
1785136079.8446100
1785136079.8446100
1785136079.8446100
1785136079.8446100
1785136079.8446100
1785136079.8446100
1785136079.8446100
1785136079.8446100
1785136079.8446100
1785136079.8446100
1785136079.8446100
1785136079.8446100
1785136079.8446100
1785136079.8446100
1785136079.8446100
1785136079.8446100
1785136079.8446100
1785136079.8446100
1785136079.8446100
1785136079.8446100
1785136079.8446100
1785136079.8446100
1785136079.8446100
1785136079.8446100
1785136079.8446100
1785136079.8446100
1785136079.8446100
1785136079.8446100
1785136079.8446100
1785136079.8446100
1785136079.8448329
1785136079.8448329
1785136079.8448329
1785136079.8448329
1785136079.8448329
1785136079.8448329
1785136079.8448329
1785136079.8448329
1785136079.8448329
1785136079.8448329
1785136079.8448329
1785136079.8448329
1785136079.8448329
1785136079.8448329
1785136079.8448329
1785136079.8448329
1785136079.8448329
1785136079.8448329
1785136079.8448329
1785136079.8448329
1785136079.8448329
1785136079.8448329
1785136079.8448329
1785136079.8448329
1785136079.8448329
1785136079.8448329
1785136079.8448329
1785136079.8448329
1785136079.8448329
1785136079.8448329
1785136079.8448329
1785136079.8448329
1785136079.8448329
1785136079.8448329
1785136079.8448329
1785136079.8448329
1785136079.8448329
1785136079.8448329
1785136079.8448329
1785136079.8448329
1785136079.8448329
1785136079.8448329
1785136079.8448329
1785136079.8448329
1785136079.8448329
1785136079.8448329
1785136079.8448329
1785136079.8448329
1785136079.8448329
1785136079.8450551
1785136079.8450551
1785136079.8450551
1785136079.8450551
1785136079.8450551
1785136079.8450551
1785136079.8450551
1785136079.8450551
1785136079.8450551
1785136079.8450551
1785136079.8450551
1785136079.8450551
1785136079.8450551
1785136079.8450551
1785136079.8450551
1785136079.8450551
1785136079.8450551
1785136079.8450551
1785136079.8450551
1785136079.8450551
1785136079.8450551
1785136079.8450551
1785136079.8450551
1785136079.8450551
1785136079.8450551
1785136079.8450551
1785136079.8450551
1785136079.8450551
1785136079.8450551
1785136079.8450551
1785136079.8450551
1785136079.8450551
1785136079.8450551
1785136079.8450551
1785136079.8450551
1785136079.8450551
1785136079.8450551
1785136079.8450551
1785136079.8450551
1785136079.8450551
1785136079.8450551
1785136079.8450551
1785136079.8450551
1785136079.8450551
1785136079.8450551
1785136079.8450551
1785136079.8450551
1785136079.8450551
1785136079.8450551
1785136079.8450551
1785136079.8450551
1785136079.8450551
1785136079.8450551
1785136079.8450551
1785136079.8450551
1785136079.8450551
1785136079.8450551
1785136079.8450551
1785136079.8450551
1785136079.8450551
1785136079.8450551
1785136079.8450551
1785136079.8450551
1785136079.8450551
1785136079.8450551
1785136079.8450551
1785136079.8450551
1785136079.8452780
1785136079.8452780
1785136079.8452780
1785136079.8452780
1785136079.8452780
1785136079.8452780
1785136079.8452780
1785136079.8452780
1785136079.8452780
1785136079.8452780
1785136079.8452780
1785136079.8452780
1785136079.8452780
1785136079.8452780
1785136079.8452780
1785136079.8452780
1785136079.8452780
1785136079.8452780
1785136079.8452780
1785136079.8452780
1785136079.8452780
1785136079.8452780
1785136079.8452780
1785136079.8452780
1785136079.8452780
1785136079.8452780
1785136079.8452780
1785136079.8452780
1785136079.8452780
1785136079.8452780
1785136079.8452780
1785136079.8452780
1785136079.8452780
1785136079.8452780
1785136079.8452780
1785136079.8452780
1785136079.8452780
1785136079.8452780
1785136079.8452780
1785136079.8452780
1785136079.8452780
1785136079.8452780
1785136079.8452780
1785136079.8452780
1785136079.8452780
1785136079.8452780
1785136079.8452780
1785136079.8452780
1785136079.8452780
1785136079.8455000
1785136079.8455000
1785136079.8455000
1785136079.8455000
1785136079.8455000
1785136079.8455000
1785136079.8455000
1785136079.8455000
1785136079.8455000
1785136079.8455000
1785136079.8455000
1785136079.8455000
1785136079.8455000
1785136079.8455000
1785136079.8455000
1785136079.8455000
1785136079.8455000
1785136079.8455000
1785136079.8455000
1785136079.8455000
1785136079.8455000
1785136079.8455000
1785136079.8455000
1785136079.8455000
1785136079.8455000
1785136079.8455000
1785136079.8455000
1785136079.8455000
1785136079.8455000
1785136079.8455000
1785136079.8455000
1785136079.8455000
1785136079.8455000
1785136079.8455000
1785136079.8455000
1785136079.8455000
1785136079.8455000
1785136079.8455000
1785136079.8455000
1785136079.8455000
1785136079.8455000
1785136079.8455000
1785136079.8455000
1785136079.8455000
1785136079.8455000
1785136079.8457220
1785136079.8457220
1785136079.8457220
1785136079.8457220
1785136079.8457220
1785136079.8457220
1785136079.8457220
1785136079.8457220
1785136079.8457220
1785136079.8457220
1785136079.8457220
1785136079.8457220
1785136079.8457220
1785136079.8457220
1785136079.8457220
1785136079.8457220
1785136079.8457220
1785136079.8457220
1785136079.8457220
1785136079.8457220
1785136079.8457220
1785136079.8457220
1785136079.8457220
1785136079.8457220
1785136079.8457220
1785136079.8457220
1785136079.8457220
1785136079.8457220
1785136079.8457220
1785136079.8457220
1785136079.8457220
1785136079.8457220
1785136079.8457220
1785136079.8457220
1785136079.8457220
1785136079.8457220
1785136079.8457220
1785136079.8457220
1785136079.8457220
1785136079.8457220
1785136079.8457220
1785136079.8457220
1785136079.8457220
1785136079.8457220
1785136079.8457220
1785136079.8459430
1785136079.8459430
1785136079.8459430
1785136079.8459430
1785136079.8459430
1785136079.8459430
1785136079.8459430
1785136079.8459430
1785136079.8459430
1785136079.8459430
1785136079.8459430
1785136079.8459430
1785136079.8459430
1785136079.8459430
1785136079.8459430
1785136079.8459430
1785136079.8459430
1785136079.8459430
1785136079.8459430
1785136079.8459430
1785136079.8459430
1785136079.8459430
1785136079.8459430
1785136079.8459430
1785136079.8459430
1785136079.8459430
1785136079.8459430
1785136079.8459430
1785136079.8459430
1785136079.8459430
1785136079.8459430
1785136079.8459430
1785136079.8459430
1785136079.8459430
1785136079.8459430
1785136079.8459430
1785136079.8459430
1785136079.8459430
1785136079.8459430
1785136079.8459430
1785136079.8459430
1785136079.8459430
1785136079.8459430
1785136079.8459430
1785136079.8459430
1785136079.8459430
1785136079.8459430
1785136079.8459430
1785136079.8459430
1785136079.8459430
1785136079.8459430
1785136079.8459430
1785136079.8459430
1785136079.8459430
1785136079.8459430
1785136079.8459430
1785136079.8459430
1785136079.8459430
1785136079.8459430
1785136079.8459430
1785136079.8459430
1785136079.8461659
1785136079.8461659
1785136079.8461659
1785136079.8461659
1785136079.8461659
1785136079.8461659
1785136079.8461659
1785136079.8461659
1785136079.8461659
1785136079.8461659
1785136079.8461659
1785136079.8461659
1785136079.8461659
1785136079.8461659
1785136079.8461659
1785136079.8461659
1785136079.8461659
1785136079.8461659
1785136079.8461659
1785136079.8461659
1785136079.8461659
1785136079.8461659
1785136079.8461659
1785136079.8461659
1785136079.8461659
1785136079.8461659
1785136079.8461659
1785136079.8461659
1785136079.8461659
1785136079.8461659
1785136079.8461659
1785136079.8461659
1785136079.8461659
1785136079.8461659
1785136079.8461659
1785136079.8461659
1785136079.8461659
1785136079.8461659
1785136079.8461659
1785136079.8461659
1785136079.8461659
1785136079.8461659
1785136079.8461659
1785136079.8461659
1785136079.8461659
1785136079.8463881
1785136079.8463881
1785136079.8463881
1785136079.8463881
1785136079.8463881
1785136079.8463881
1785136079.8463881
1785136079.8463881
1785136079.8463881
1785136079.8463881
1785136079.8463881
1785136079.8463881
1785136079.8463881
1785136079.8463881
1785136079.8463881
1785136079.8463881
1785136079.8463881
1785136079.8463881
1785136079.8463881
1785136079.8463881
1785136079.8463881
1785136079.8463881
1785136079.8463881
1785136079.8463881
1785136079.8463881
1785136079.8463881
1785136079.8463881
1785136079.8463881
1785136079.8463881
1785136079.8463881
1785136079.8463881
1785136079.8463881
1785136079.8463881
1785136079.8463881
1785136079.8463881
1785136079.8463881
1785136079.8463881
1785136079.8463881
1785136079.8463881
1785136079.8463881
1785136079.8463881
1785136079.8463881
1785136079.8463881
1785136079.8463881
1785136079.8463881
1785136079.8466101
1785136079.8466101
1785136079.8466101
1785136079.8466101
1785136079.8466101
1785136079.8466101
1785136079.8466101
1785136079.8466101
1785136079.8466101
1785136079.8466101
1785136079.8466101
1785136079.8466101
1785136079.8466101
1785136079.8466101
1785136079.8466101
1785136079.8466101
1785136079.8466101
1785136079.8466101
1785136079.8466101
1785136079.8466101
1785136079.8466101
1785136079.8466101
1785136079.8466101
1785136079.8466101
1785136079.8466101
1785136079.8466101
1785136079.8466101
1785136079.8466101
1785136079.8466101
1785136079.8466101
1785136079.8466101
1785136079.8466101
1785136079.8466101
1785136079.8466101
1785136079.8466101
1785136079.8466101
1785136079.8466101
1785136079.8466101
1785136079.8466101
1785136079.8466101
1785136079.8466101
1785136079.8466101
1785136079.8466101
1785136079.8466101
1785136079.8466101
1785136079.8466101
1785136079.8468330
1785136079.8468330
1785136079.8468330
1785136079.8468330
1785136079.8468330
1785136079.8468330
1785136079.8468330
1785136079.8468330
1785136079.8468330
1785136079.8468330
1785136079.8468330
1785136079.8468330
1785136079.8468330
1785136079.8468330
1785136079.8468330
1785136079.8468330
1785136079.8468330
1785136079.8468330
1785136079.8468330
1785136079.8468330
1785136079.8468330
1785136079.8468330
1785136079.8468330
1785136079.8468330
1785136079.8468330
1785136079.8468330
1785136079.8468330
1785136079.8468330
1785136079.8468330
1785136079.8468330
1785136079.8468330
1785136079.8468330
1785136079.8468330
1785136079.8468330
1785136079.8468330
1785136079.8468330
1785136079.8468330
1785136079.8468330
1785136079.8468330
1785136079.8468330
1785136079.8468330
1785136079.8468330
1785136079.8468330
1785136079.8468330
1785136079.8468330
1785136079.8468330
1785136079.8470540
1785136079.8470540
1785136079.8470540
1785136079.8470540
1785136079.8470540
1785136079.8470540
1785136079.8470540
1785136079.8470540
1785136079.8470540
1785136079.8470540
1785136079.8470540
1785136079.8470540
1785136079.8470540
1785136079.8470540
1785136079.8470540
1785136079.8470540
1785136079.8470540
1785136079.8470540
1785136079.8470540
1785136079.8470540
1785136079.8470540
1785136079.8470540
1785136079.8470540
1785136079.8470540
1785136079.8470540
1785136079.8470540
1785136079.8470540
1785136079.8470540
1785136079.8470540
1785136079.8470540
1785136079.8470540
1785136079.8470540
1785136079.8470540
1785136079.8470540
1785136079.8470540
1785136079.8470540
1785136079.8470540
1785136079.8470540
1785136079.8470540
1785136079.8470540
1785136079.8470540
1785136079.8470540
1785136079.8470540
1785136079.8470540
1785136079.8470540
1785136079.8470540
1785136079.8472769
1785136079.8472769
1785136079.8472769
1785136079.8472769
1785136079.8472769
1785136079.8472769
1785136079.8472769
1785136079.8472769
1785136079.8472769
1785136079.8472769
1785136079.8472769
1785136079.8472769
1785136079.8472769
1785136079.8472769
1785136079.8472769
1785136079.8472769
1785136079.8472769
1785136079.8472769
1785136079.8472769
1785136079.8472769
1785136079.8472769
1785136079.8472769
1785136079.8472769
1785136079.8472769
1785136079.8472769
1785136079.8472769
1785136079.8472769
1785136079.8472769
1785136079.8472769
1785136079.8472769
1785136079.8472769
1785136079.8472769
1785136079.8472769
1785136079.8472769
1785136079.8472769
1785136079.8472769
1785136079.8472769
1785136079.8472769
1785136079.8472769
1785136079.8472769
1785136079.8472769
1785136079.8472769
1785136079.8472769
1785136079.8472769
1785136079.8472769
1785136079.8474989
1785136079.8474989
1785136079.8474989
1785136079.8474989
1785136079.8474989
1785136079.8474989
1785136079.8474989
1785136079.8474989
1785136079.8474989
1785136079.8474989
1785136079.8474989
1785136079.8474989
1785136079.8474989
1785136079.8474989
1785136079.8474989
1785136079.8474989
1785136079.8474989
1785136079.8474989
1785136079.8474989
1785136079.8474989
1785136079.8474989
1785136079.8474989
1785136079.8474989
1785136079.8474989
1785136079.8474989
1785136079.8474989
1785136079.8474989
1785136079.8474989
1785136079.8474989
1785136079.8474989
1785136079.8474989
1785136079.8474989
1785136079.8474989
1785136079.8474989
1785136079.8474989
1785136079.8474989
1785136079.8474989
1785136079.8474989
1785136079.8474989
1785136079.8474989
1785136079.8474989
1785136079.8474989
1785136079.8474989
1785136079.8474989
1785136079.8474989
1785136079.8474989
1785136079.8477211
1785136079.8477211
1785136079.8477211
1785136079.8477211
1785136079.8477211
1785136079.8477211
1785136079.8477211
1785136079.8477211
1785136079.8477211
1785136079.8477211
1785136079.8477211
1785136079.8477211
1785136079.8477211
1785136079.8477211
1785136079.8477211
1785136079.8477211
1785136079.8477211
1785136079.8477211
1785136079.8477211
1785136079.8477211
1785136079.8477211
1785136079.8477211
1785136079.8477211
1785136079.8477211
1785136079.8477211
1785136079.8477211
1785136079.8477211
1785136079.8477211
1785136079.8477211
1785136079.8477211
1785136079.8477211
1785136079.8477211
1785136079.8477211
1785136079.8477211
1785136079.8477211
1785136079.8477211
1785136079.8477211
1785136079.8477211
1785136079.8477211
1785136079.8477211
1785136079.8477211
1785136079.8477211
1785136079.8477211
1785136079.8477211
1785136079.8477211
1785136079.8477211
1785136079.8479440
1785136079.8479440
1785136079.8479440
1785136079.8479440
1785136079.8479440
1785136079.8479440
1785136079.8479440
1785136079.8479440
1785136079.8479440
1785136079.8479440
1785136079.8479440
1785136079.8479440
1785136079.8479440
1785136079.8479440
1785136079.8479440
1785136079.8479440
1785136079.8479440
1785136079.8479440
1785136079.8479440
1785136079.8479440
1785136079.8479440
1785136079.8479440
1785136079.8479440
1785136079.8479440
1785136079.8479440
1785136079.8479440
1785136079.8479440
1785136079.8479440
1785136079.8479440
1785136079.8479440
1785136079.8479440
1785136079.8479440
1785136079.8479440
1785136079.8479440
1785136079.8479440
1785136079.8479440
1785136079.8479440
1785136079.8479440
1785136079.8479440
1785136079.8479440
1785136079.8479440
1785136079.8479440
1785136079.8479440
1785136079.8479440
1785136079.8479440
1785136079.8479440
1785136079.8479440
1785136079.8479440
1785136079.8479440
1785136079.8479440
1785136079.8479440
1785136079.8481650
1785136079.8481650
1785136079.8481650
1785136079.8481650
1785136079.8481650
1785136079.8481650
1785136079.8481650
1785136079.8481650
1785136079.8481650
1785136079.8481650
1785136079.8481650
1785136079.8481650
1785136079.8481650
1785136079.8481650
1785136079.8481650
1785136079.8481650
1785136079.8481650
1785136079.8481650
1785136079.8481650
1785136079.8481650
1785136079.8481650
1785136079.8481650
1785136079.8481650
1785136079.8481650
1785136079.8481650
1785136079.8481650
1785136079.8481650
1785136079.8481650
1785136079.8481650
1785136079.8481650
1785136079.8481650
1785136079.8481650
1785136079.8481650
1785136079.8481650
1785136079.8481650
1785136079.8481650
1785136079.8481650
1785136079.8481650
1785136079.8481650
1785136079.8481650
1785136079.8481650
1785136079.8481650
1785136079.8481650
1785136079.8481650
1785136079.8481650
1785136079.8481650
1785136079.8481650
1785136079.8481650
1785136079.8481650
1785136079.8481650
1785136079.8481650
1785136079.8481650
1785136079.8481650
1785136079.8481650
1785136079.8481650
1785136079.8481650
1785136079.8481650
1785136079.8481650
1785136079.8481650
1785136079.8481650
1785136079.8481650
1785136079.8481650
1785136079.8481650
1785136079.8481650
1785136079.8481650
1785136079.8481650
1785136079.8481650
1785136079.8481650
1785136079.8481650
1785136079.8481650
1785136079.8481650
1785136079.8481650
1785136079.8483880
1785136079.8483880
1785136079.8483880
1785136079.8483880
1785136079.8483880
1785136079.8483880
1785136079.8483880
1785136079.8483880
1785136079.8483880
1785136079.8483880
1785136079.8483880
1785136079.8483880
1785136079.8483880
1785136079.8483880
1785136079.8483880
1785136079.8483880
1785136079.8483880
1785136079.8483880
1785136079.8483880
1785136079.8483880
1785136079.8483880
1785136079.8483880
1785136079.8483880
1785136079.8483880
1785136079.8483880
1785136079.8483880
1785136079.8483880
1785136079.8483880
1785136079.8483880
1785136079.8483880
1785136079.8483880
1785136079.8483880
1785136079.8483880
1785136079.8483880
1785136079.8483880
1785136079.8483880
1785136079.8483880
1785136079.8483880
1785136079.8483880
1785136079.8483880
1785136079.8483880
1785136079.8483880
1785136079.8483880
1785136079.8483880
1785136079.8483880
1785136079.8483880
1785136079.8483880
1785136079.8483880
1785136079.8483880
1785136079.8483880
1785136079.8483880
1785136079.8483880
1785136079.8483880
1785136079.8483880
1785136079.8483880
1785136079.8483880
1785136079.8483880
1785136079.8483880
1785136079.8483880
1785136079.8483880
1785136079.8483880
1785136079.8483880
1785136079.8483880
1785136079.8483880
1785136079.8483880
1785136079.8483880
1785136079.8483880
1785136079.8483880
1785136079.8486099
1785136079.8486099
1785136079.8486099
1785136079.8486099
1785136079.8486099
1785136079.8486099
1785136079.8486099
1785136079.8486099
1785136079.8486099
1785136079.8486099
1785136079.8486099
1785136079.8486099
1785136079.8486099
1785136079.8486099
1785136079.8486099
1785136079.8486099
1785136079.8486099
1785136079.8486099
1785136079.8486099
1785136079.8486099
1785136079.8486099
1785136079.8486099
1785136079.8486099
1785136079.8486099
1785136079.8486099
1785136079.8486099
1785136079.8486099
1785136079.8486099
1785136079.8486099
1785136079.8486099
1785136079.8486099
1785136079.8486099
1785136079.8486099
1785136079.8486099
1785136079.8486099
1785136079.8486099
1785136079.8486099
1785136079.8486099
1785136079.8486099
1785136079.8486099
1785136079.8486099
1785136079.8486099
1785136079.8486099
1785136079.8486099
1785136079.8486099
1785136079.8486099
1785136079.8486099
1785136079.8486099
1785136079.8486099
1785136079.8486099
1785136079.8486099
1785136079.8486099
1785136079.8486099
1785136079.8486099
1785136079.8486099
1785136079.8486099
1785136079.8486099
1785136079.8486099
1785136079.8486099
1785136079.8486099
1785136079.8486099
1785136079.8486099
1785136079.8486099
1785136079.8486099
1785136079.8486099
1785136079.8486099
1785136079.8486099
1785136079.8486099
1785136079.8486099
1785136079.8486099
1785136079.8486099
1785136079.8486099
1785136079.8486099
1785136079.8486099
1785136079.8486099
1785136079.8486099
1785136079.8486099
1785136079.8486099
1785136079.8486099
1785136079.8488319
1785136079.8488319
1785136079.8488319
1785136079.8488319
1785136079.8488319
1785136079.8488319
1785136079.8488319
1785136079.8488319
1785136079.8488319
1785136079.8488319
1785136079.8488319
1785136079.8488319
1785136079.8488319
1785136079.8488319
1785136079.8488319
1785136079.8488319
1785136079.8488319
1785136079.8488319
1785136079.8488319
1785136079.8488319
1785136079.8488319
1785136079.8488319
1785136079.8488319
1785136079.8488319
1785136079.8488319
1785136079.8488319
1785136079.8488319
1785136079.8488319
1785136079.8488319
1785136079.8488319
1785136079.8488319
1785136079.8488319
1785136079.8488319
1785136079.8488319
1785136079.8488319
1785136079.8488319
1785136079.8488319
1785136079.8488319
1785136079.8488319
1785136079.8488319
1785136079.8488319
1785136079.8488319
1785136079.8488319
1785136079.8488319
1785136079.8488319
1785136079.8488319
1785136079.8488319
1785136079.8488319
1785136079.8488319
1785136079.8488319
1785136079.8488319
1785136079.8488319
1785136079.8488319
1785136079.8488319
1785136079.8488319
1785136079.8488319
1785136079.8488319
1785136079.8488319
1785136079.8488319
1785136079.8488319
1785136079.8488319
1785136079.8488319
1785136079.8488319
1785136079.8488319
1785136079.8488319
1785136079.8488319
1785136079.8488319
1785136079.8488319
1785136079.8490541
1785136079.8490541
1785136079.8490541
1785136079.8490541
1785136079.8490541
1785136079.8490541
1785136079.8490541
1785136079.8490541
1785136079.8490541
1785136079.8490541
1785136079.8490541
1785136079.8490541
1785136079.8490541
1785136079.8490541
1785136079.8490541
1785136079.8490541
1785136079.8490541
1785136079.8490541
1785136079.8490541
1785136079.8490541
1785136079.8490541
1785136079.8490541
1785136079.8490541
1785136079.8490541
1785136079.8490541
1785136079.8490541
1785136079.8490541
1785136079.8490541
1785136079.8490541
1785136079.8490541
1785136079.8490541
1785136079.8490541
1785136079.8490541
1785136079.8490541
1785136079.8490541
1785136079.8490541
1785136079.8490541
1785136079.8490541
1785136079.8490541
1785136079.8490541
1785136079.8490541
1785136079.8490541
1785136079.8490541
1785136079.8490541
1785136079.8490541
1785136079.8490541
1785136079.8490541
1785136079.8490541
1785136079.8490541
1785136079.8490541
1785136079.8490541
1785136079.8490541
1785136079.8490541
1785136079.8490541
1785136079.8490541
1785136079.8490541
1785136079.8490541
1785136079.8490541
1785136079.8490541
1785136079.8490541
1785136079.8490541
1785136079.8490541
1785136079.8490541
1785136079.8492761
1785136079.8492761
1785136079.8492761
1785136079.8492761
1785136079.8492761
1785136079.8492761
1785136079.8492761
1785136079.8492761
1785136079.8492761
1785136079.8492761
1785136079.8492761
1785136079.8492761
1785136079.8492761
1785136079.8492761
1785136079.8492761
1785136079.8492761
1785136079.8492761
1785136079.8492761
1785136079.8492761
1785136079.8492761
1785136079.8492761
1785136079.8492761
1785136079.8492761
1785136079.8492761
1785136079.8492761
1785136079.8492761
1785136079.8492761
1785136079.8492761
1785136079.8492761
1785136079.8492761
1785136079.8492761
1785136079.8492761
1785136079.8492761
1785136079.8492761
1785136079.8492761
1785136079.8492761
1785136079.8492761
1785136079.8492761
1785136079.8492761
1785136079.8492761
1785136079.8492761
1785136079.8492761
1785136079.8492761
1785136079.8492761
1785136079.8492761
1785136079.8492761
1785136079.8492761
1785136079.8492761
1785136079.8492761
1785136079.8492761
1785136079.8492761
1785136079.8492761
1785136079.8492761
1785136079.8492761
1785136079.8492761
1785136079.8492761
1785136079.8492761
1785136079.8494990
1785136079.8494990
1785136079.8494990
1785136079.8494990
1785136079.8494990
1785136079.8494990
1785136079.8494990
1785136079.8494990
1785136079.8494990
1785136079.8494990
1785136079.8494990
1785136079.8494990
1785136079.8494990
1785136079.8494990
1785136079.8494990
1785136079.8494990
1785136079.8494990
1785136079.8494990
1785136079.8494990
1785136079.8494990
1785136079.8494990
1785136079.8494990
1785136079.8494990
1785136079.8494990
1785136079.8494990
1785136079.8494990
1785136079.8494990
1785136079.8494990
1785136079.8494990
1785136079.8494990
1785136079.8494990
1785136079.8494990
1785136079.8494990
1785136079.8494990
1785136079.8494990
1785136079.8494990
1785136079.8494990
1785136079.8494990
1785136079.8494990
1785136079.8494990
1785136079.8494990
1785136079.8494990
1785136079.8494990
1785136079.8494990
1785136079.8494990
1785136079.8494990
1785136079.8494990
1785136079.8494990
1785136079.8494990
1785136079.8494990
1785136079.8494990
1785136079.8494990
1785136079.8497210
1785136079.8497210
1785136079.8497210
1785136079.8497210
1785136079.8497210
1785136079.8497210
1785136079.8497210
1785136079.8497210
1785136079.8497210
1785136079.8497210
1785136079.8497210
1785136079.8497210
1785136079.8497210
1785136079.8497210
1785136079.8497210
1785136079.8497210
1785136079.8497210
1785136079.8497210
1785136079.8497210
1785136079.8497210
1785136079.8497210
1785136079.8497210
1785136079.8497210
1785136079.8497210
1785136079.8497210
1785136079.8497210
1785136079.8497210
1785136079.8497210
1785136079.8497210
1785136079.8497210
1785136079.8497210
1785136079.8497210
1785136079.8497210
1785136079.8497210
1785136079.8497210
1785136079.8497210
1785136079.8497210
1785136079.8497210
1785136079.8497210
1785136079.8497210
1785136079.8497210
1785136079.8497210
1785136079.8497210
1785136079.8497210
1785136079.8497210
1785136079.8497210
1785136079.8497210
1785136079.8497210
1785136079.8497210
1785136079.8497210
1785136079.8497210
1785136079.8497210
1785136079.8497210
1785136079.8497210
1785136079.8499429
1785136079.8499429
1785136079.8499429
1785136079.8499429
1785136079.8499429
1785136079.8499429
1785136079.8499429
1785136079.8499429
1785136079.8499429
1785136079.8499429
1785136079.8499429
1785136079.8499429
1785136079.8499429
1785136079.8499429
1785136079.8499429
1785136079.8499429
1785136079.8499429
1785136079.8499429
1785136079.8499429
1785136079.8499429
1785136079.8499429
1785136079.8499429
1785136079.8499429
1785136079.8499429
1785136079.8499429
1785136079.8499429
1785136079.8499429
1785136079.8499429
1785136079.8499429
1785136079.8499429
1785136079.8499429
1785136079.8499429
1785136079.8499429
1785136079.8499429
1785136079.8499429
1785136079.8499429
1785136079.8499429
1785136079.8499429
1785136079.8499429
1785136079.8499429
1785136079.8499429
1785136079.8499429
1785136079.8499429
1785136079.8499429
1785136079.8499429
1785136079.8499429
1785136079.8499429
1785136079.8499429
1785136079.8499429
1785136079.8499429
1785136079.8499429
1785136079.8499429
1785136079.8499429
1785136079.8499429
1785136079.8499429
1785136079.8499429
1785136079.8499429
1785136079.8499429
1785136079.8499429
1785136079.8499429
1785136079.8499429
1785136079.8499429
1785136079.8499429
1785136079.8499429
1785136079.8499429
1785136079.8499429
1785136079.8499429
1785136079.8499429
1785136079.8499429
1785136079.8499429
1785136079.8499429
1785136079.8499429
1785136079.8499429
1785136079.8499429
1785136079.8499429
1785136079.8499429
1785136079.8499429
1785136079.8499429
1785136079.8501649
1785136079.8501649
1785136079.8501649
1785136079.8501649
1785136079.8501649
1785136079.8501649
1785136079.8501649
1785136079.8501649
1785136079.8501649
1785136079.8501649
1785136079.8501649
1785136079.8501649
1785136079.8501649
1785136079.8501649
1785136079.8501649
1785136079.8501649
1785136079.8501649
1785136079.8501649
1785136079.8501649
1785136079.8501649
1785136079.8501649
1785136079.8501649
1785136079.8501649
1785136079.8501649
1785136079.8501649
1785136079.8501649
1785136079.8501649
1785136079.8501649
1785136079.8501649
1785136079.8501649
1785136079.8501649
1785136079.8501649
1785136079.8501649
1785136079.8501649
1785136079.8501649
1785136079.8501649
1785136079.8501649
1785136079.8501649
1785136079.8501649
1785136079.8501649
1785136079.8501649
1785136079.8501649
1785136079.8501649
1785136079.8501649
1785136079.8501649
1785136079.8501649
1785136079.8501649
1785136079.8501649
1785136079.8501649
1785136079.8501649
1785136079.8501649
1785136079.8501649
1785136079.8501649
1785136079.8501649
1785136079.8501649
1785136079.8501649
1785136079.8501649
1785136079.8501649
1785136079.8501649
1785136079.8501649
1785136079.8501649
1785136079.8501649
1785136079.8501649
1785136079.8501649
1785136079.8501649
1785136079.8501649
1785136079.8501649
1785136079.8501649
1785136079.8501649
1785136079.8501649
1785136079.8501649
1785136079.8501649
1785136079.8501649
1785136079.8501649
1785136079.8501649
1785136079.8501649
1785136079.8501649
1785136079.8503881
1785136079.8503881
1785136079.8503881
1785136079.8503881
1785136079.8503881
1785136079.8503881
1785136079.8503881
1785136079.8503881
1785136079.8503881
1785136079.8503881
1785136079.8503881
1785136079.8503881
1785136079.8503881
1785136079.8503881
1785136079.8503881
1785136079.8503881
1785136079.8503881
1785136079.8503881
1785136079.8503881
1785136079.8503881
1785136079.8503881
1785136079.8503881
1785136079.8503881
1785136079.8503881
1785136079.8503881
1785136079.8503881
1785136079.8503881
1785136079.8503881
1785136079.8503881
1785136079.8503881
1785136079.8503881
1785136079.8503881
1785136079.8503881
1785136079.8503881
1785136079.8503881
1785136079.8503881
1785136079.8503881
1785136079.8503881
1785136079.8503881
1785136079.8503881
1785136079.8503881
1785136079.8503881
1785136079.8503881
1785136079.8503881
1785136079.8503881
1785136079.8503881
1785136079.8503881
1785136079.8503881
1785136079.8503881
1785136079.8503881
1785136079.8503881
1785136079.8503881
1785136079.8503881
1785136079.8503881
1785136079.8503881
1785136079.8503881
1785136079.8503881
1785136079.8503881
1785136079.8503881
1785136079.8503881
1785136079.8503881
1785136079.8503881
1785136079.8503881
1785136079.8503881
1785136079.8503881
1785136079.8503881
1785136079.8503881
1785136079.8506100
1785136079.8506100
1785136079.8506100
1785136079.8506100
1785136079.8506100
1785136079.8506100
1785136079.8506100
1785136079.8506100
1785136079.8506100
1785136079.8506100
1785136079.8506100
1785136079.8506100
1785136079.8506100
1785136079.8506100
1785136079.8506100
1785136079.8506100
1785136079.8506100
1785136079.8506100
1785136079.8506100
1785136079.8506100
1785136079.8506100
1785136079.8506100
1785136079.8506100
1785136079.8506100
1785136079.8506100
1785136079.8506100
1785136079.8506100
1785136079.8506100
1785136079.8506100
1785136079.8506100
1785136079.8506100
1785136079.8506100
1785136079.8506100
1785136079.8506100
1785136079.8506100
1785136079.8506100
1785136079.8506100
1785136079.8506100
1785136079.8506100
1785136079.8506100
1785136079.8506100
1785136079.8506100
1785136079.8506100
1785136079.8506100
1785136079.8506100
1785136079.8506100
1785136079.8506100
1785136079.8506100
1785136079.8506100
1785136079.8506100
1785136079.8506100
1785136079.8506100
1785136079.8506100
1785136079.8506100
1785136079.8506100
1785136079.8506100
1785136079.8506100
1785136079.8506100
1785136079.8506100
1785136079.8506100
1785136079.8506100
1785136079.8506100
1785136079.8506100
1785136079.8506100
1785136079.8506100
1785136079.8506100
1785136079.8506100
1785136079.8506100
1785136079.8506100
1785136079.8506100
1785136079.8506100
1785136079.8506100
1785136079.8506100
1785136079.8506100
1785136079.8506100
1785136079.8506100
1785136079.8508320
1785136079.8508320
1785136079.8508320
1785136079.8508320
1785136079.8508320
1785136079.8508320
1785136079.8508320
1785136079.8508320
1785136079.8508320
1785136079.8508320
1785136079.8508320
1785136079.8508320
1785136079.8508320
1785136079.8508320
1785136079.8508320
1785136079.8508320
1785136079.8508320
1785136079.8508320
1785136079.8508320
1785136079.8508320
1785136079.8508320
1785136079.8508320
1785136079.8508320
1785136079.8508320
1785136079.8508320
1785136079.8508320
1785136079.8508320
1785136079.8508320
1785136079.8508320
1785136079.8508320
1785136079.8508320
1785136079.8508320
1785136079.8508320
1785136079.8508320
1785136079.8508320
1785136079.8508320
1785136079.8508320
1785136079.8508320
1785136079.8508320
1785136079.8508320
1785136079.8508320
1785136079.8508320
1785136079.8508320
1785136079.8508320
1785136079.8508320
1785136079.8508320
1785136079.8508320
1785136079.8508320
1785136079.8508320
1785136079.8508320
1785136079.8508320
1785136079.8508320
1785136079.8508320
1785136079.8508320
1785136079.8508320
1785136079.8508320
1785136079.8508320
1785136079.8508320
1785136079.8508320
1785136079.8508320
1785136079.8508320
1785136079.8508320
1785136079.8508320
1785136079.8508320
1785136079.8508320
1785136079.8508320
1785136079.8508320
1785136079.8508320
1785136079.8508320
1785136079.8508320
1785136079.8508320
1785136079.8508320
1785136079.8508320
1785136079.8508320
1785136079.8508320
1785136079.8508320
1785136079.8508320
1785136079.8508320
1785136079.8510540
1785136079.8510540
1785136079.8510540
1785136079.8510540
1785136079.8510540
1785136079.8510540
1785136079.8510540
1785136079.8510540
1785136079.8510540
1785136079.8510540
1785136079.8510540
1785136079.8510540
1785136079.8510540
1785136079.8510540
1785136079.8510540
1785136079.8510540
1785136079.8510540
1785136079.8510540
1785136079.8510540
1785136079.8510540
1785136079.8510540
1785136079.8510540
1785136079.8510540
1785136079.8510540
1785136079.8510540
1785136079.8510540
1785136079.8510540
1785136079.8510540
1785136079.8510540
1785136079.8510540
1785136079.8510540
1785136079.8510540
1785136079.8510540
1785136079.8510540
1785136079.8510540
1785136079.8510540
1785136079.8510540
1785136079.8510540
1785136079.8510540
1785136079.8510540
1785136079.8510540
1785136079.8510540
1785136079.8510540
1785136079.8510540
1785136079.8510540
1785136079.8510540
1785136079.8510540
1785136079.8510540
1785136079.8510540
1785136079.8510540
1785136079.8510540
1785136079.8510540
1785136079.8510540
1785136079.8510540
1785136079.8510540
1785136079.8510540
1785136079.8510540
1785136079.8510540
1785136079.8510540
1785136079.8510540
1785136079.8510540
1785136079.8510540
1785136079.8510540
1785136079.8510540
1785136079.8510540
1785136079.8510540
1785136079.8510540
1785136079.8510540
1785136079.8510540
1785136079.8512759
1785136079.8512759
1785136079.8512759
1785136079.8512759
1785136079.8512759
1785136079.8512759
1785136079.8512759
1785136079.8512759
1785136079.8512759
1785136079.8512759
1785136079.8512759
1785136079.8512759
1785136079.8512759
1785136079.8512759
1785136079.8512759
1785136079.8512759
1785136079.8512759
1785136079.8512759
1785136079.8512759
1785136079.8512759
1785136079.8512759
1785136079.8512759
1785136079.8512759
1785136079.8512759
1785136079.8512759
1785136079.8512759
1785136079.8512759
1785136079.8512759
1785136079.8512759
1785136079.8512759
1785136079.8512759
1785136079.8512759
1785136079.8512759
1785136079.8512759
1785136079.8512759
1785136079.8512759
1785136079.8512759
1785136079.8512759
1785136079.8512759
1785136079.8512759
1785136079.8512759
1785136079.8512759
1785136079.8512759
1785136079.8512759
1785136079.8512759
1785136079.8512759
1785136079.8512759
1785136079.8512759
1785136079.8512759
1785136079.8512759
1785136079.8512759
1785136079.8512759
1785136079.8512759
1785136079.8512759
1785136079.8512759
1785136079.8512759
1785136079.8512759
1785136079.8512759
1785136079.8512759
1785136079.8512759
1785136079.8512759
1785136079.8512759
1785136079.8512759
1785136079.8512759
1785136079.8512759
1785136079.8512759
1785136079.8514991
1785136079.8514991
1785136079.8514991
1785136079.8514991
1785136079.8514991
1785136079.8514991
1785136079.8514991
1785136079.8514991
1785136079.8514991
1785136079.8514991
1785136079.8514991
1785136079.8514991
1785136079.8514991
1785136079.8514991
1785136079.8514991
1785136079.8514991
1785136079.8514991
1785136079.8514991
1785136079.8514991
1785136079.8514991
1785136079.8514991
1785136079.8514991
1785136079.8514991
1785136079.8514991
1785136079.8514991
1785136079.8514991
1785136079.8514991
1785136079.8514991
1785136079.8514991
1785136079.8514991
1785136079.8514991
1785136079.8514991
1785136079.8514991
1785136079.8514991
1785136079.8514991
1785136079.8514991
1785136079.8514991
1785136079.8514991
1785136079.8514991
1785136079.8514991
1785136079.8514991
1785136079.8514991
1785136079.8514991
1785136079.8514991
1785136079.8514991
1785136079.8514991
1785136079.8514991
1785136079.8514991
1785136079.8514991
1785136079.8514991
1785136079.8514991
1785136079.8514991
1785136079.8514991
1785136079.8514991
1785136079.8514991
1785136079.8514991
1785136079.8514991
1785136079.8514991
1785136079.8514991
1785136079.8514991
1785136079.8514991
1785136079.8514991
1785136079.8514991
1785136079.8517210
1785136079.8517210
1785136079.8517210
1785136079.8517210
1785136079.8517210
1785136079.8517210
1785136079.8517210
1785136079.8517210
1785136079.8517210
1785136079.8517210
1785136079.8517210
1785136079.8517210
1785136079.8517210
1785136079.8517210
1785136079.8517210
1785136079.8517210
1785136079.8517210
1785136079.8517210
1785136079.8517210
1785136079.8517210
1785136079.8517210
1785136079.8517210
1785136079.8517210
1785136079.8517210
1785136079.8517210
1785136079.8517210
1785136079.8517210
1785136079.8517210
1785136079.8517210
1785136079.8517210
1785136079.8517210
1785136079.8517210
1785136079.8517210
1785136079.8517210
1785136079.8517210
1785136079.8517210
1785136079.8517210
1785136079.8517210
1785136079.8517210
1785136079.8517210
1785136079.8517210
1785136079.8517210
1785136079.8517210
1785136079.8517210
1785136079.8517210
1785136079.8517210
1785136079.8517210
1785136079.8517210
1785136079.8517210
1785136079.8517210
1785136079.8517210
1785136079.8517210
1785136079.8517210
1785136079.8517210
1785136079.8517210
1785136079.8517210
1785136079.8517210
1785136079.8517210
1785136079.8517210
1785136079.8517210
1785136079.8517210
1785136079.8517210
1785136079.8517210
1785136079.8517210
1785136079.8519430
1785136079.8519430
1785136079.8519430
1785136079.8519430
1785136079.8519430
1785136079.8519430
1785136079.8519430
1785136079.8519430
1785136079.8519430
1785136079.8519430
1785136079.8519430
1785136079.8519430
1785136079.8519430
1785136079.8519430
1785136079.8519430
1785136079.8519430
1785136079.8519430
1785136079.8519430
1785136079.8519430
1785136079.8519430
1785136079.8519430
1785136079.8519430
1785136079.8519430
1785136079.8519430
1785136079.8519430
1785136079.8519430
1785136079.8519430
1785136079.8519430
1785136079.8519430
1785136079.8519430
1785136079.8519430
1785136079.8519430
1785136079.8519430
1785136079.8519430
1785136079.8519430
1785136079.8519430
1785136079.8519430
1785136079.8519430
1785136079.8519430
1785136079.8519430
1785136079.8519430
1785136079.8519430
1785136079.8519430
1785136079.8519430
1785136079.8519430
1785136079.8519430
1785136079.8519430
1785136079.8519430
1785136079.8519430
1785136079.8519430
1785136079.8519430
1785136079.8519430
1785136079.8519430
1785136079.8519430
1785136079.8519430
1785136079.8519430
1785136079.8519430
1785136079.8519430
1785136079.8519430
1785136079.8519430
1785136079.8519430
1785136079.8519430
1785136079.8521650
1785136079.8521650
1785136079.8521650
1785136079.8521650
1785136079.8521650
1785136079.8521650
1785136079.8521650
1785136079.8521650
1785136079.8521650
1785136079.8521650
1785136079.8521650
1785136079.8521650
1785136079.8521650
1785136079.8521650
1785136079.8521650
1785136079.8521650
1785136079.8521650
1785136079.8521650
1785136079.8521650
1785136079.8521650
1785136079.8521650
1785136079.8521650
1785136079.8521650
1785136079.8521650
1785136079.8521650
1785136079.8521650
1785136079.8521650
1785136079.8521650
1785136079.8521650
1785136079.8521650
1785136079.8521650
1785136079.8521650
1785136079.8521650
1785136079.8521650
1785136079.8521650
1785136079.8521650
1785136079.8521650
1785136079.8521650
1785136079.8521650
1785136079.8521650
1785136079.8521650
1785136079.8521650
1785136079.8521650
1785136079.8521650
1785136079.8521650
1785136079.8521650
1785136079.8521650
1785136079.8521650
1785136079.8521650
1785136079.8521650
1785136079.8521650
1785136079.8521650
1785136079.8521650
1785136079.8521650
1785136079.8521650
1785136079.8521650
1785136079.8521650
1785136079.8521650
1785136079.8521650
1785136079.8521650
1785136079.8521650
1785136079.8521650
1785136079.8521650
1785136079.8521650
1785136079.8523879
1785136079.8523879
1785136079.8523879
1785136079.8523879
1785136079.8523879
1785136079.8523879
1785136079.8523879
1785136079.8523879
1785136079.8523879
1785136079.8523879
1785136079.8523879
1785136079.8523879
1785136079.8523879
1785136079.8523879
1785136079.8523879
1785136079.8523879
1785136079.8523879
1785136079.8523879
1785136079.8523879
1785136079.8523879
1785136079.8523879
1785136079.8523879
1785136079.8523879
1785136079.8523879
1785136079.8523879
1785136079.8523879
1785136079.8523879
1785136079.8523879
1785136079.8523879
1785136079.8523879
1785136079.8523879
1785136079.8523879
1785136079.8523879
1785136079.8523879
1785136079.8523879
1785136079.8523879
1785136079.8523879
1785136079.8523879
1785136079.8523879
1785136079.8523879
1785136079.8523879
1785136079.8523879
1785136079.8523879
1785136079.8523879
1785136079.8523879
1785136079.8523879
1785136079.8523879
1785136079.8523879
1785136079.8523879
1785136079.8523879
1785136079.8523879
1785136079.8523879
1785136079.8523879
1785136079.8523879
1785136079.8523879
1785136079.8523879
1785136079.8523879
1785136079.8523879
1785136079.8523879
1785136079.8523879
1785136079.8526089
1785136079.8526089
1785136079.8526089
1785136079.8526089
1785136079.8526089
1785136079.8526089
1785136079.8526089
1785136079.8526089
1785136079.8526089
1785136079.8526089
1785136079.8526089
1785136079.8526089
1785136079.8526089
1785136079.8526089
1785136079.8526089
1785136079.8526089
1785136079.8526089
1785136079.8526089
1785136079.8526089
1785136079.8526089
1785136079.8526089
1785136079.8526089
1785136079.8526089
1785136079.8526089
1785136079.8526089
1785136079.8526089
1785136079.8526089
1785136079.8526089
1785136079.8526089
1785136079.8526089
1785136079.8526089
1785136079.8526089
1785136079.8526089
1785136079.8526089
1785136079.8526089
1785136079.8526089
1785136079.8526089
1785136079.8526089
1785136079.8526089
1785136079.8526089
1785136079.8526089
1785136079.8526089
1785136079.8526089
1785136079.8526089
1785136079.8526089
1785136079.8526089
1785136079.8526089
1785136079.8526089
1785136079.8526089
1785136079.8526089
1785136079.8526089
1785136079.8526089
1785136079.8526089
1785136079.8526089
1785136079.8526089
1785136079.8526089
1785136079.8526089
1785136079.8526089
1785136079.8526089
1785136079.8526089
1785136079.8526089
1785136079.8526089
1785136079.8526089
1785136079.8528321
1785136079.8528321
1785136079.8528321
1785136079.8528321
1785136079.8528321
1785136079.8528321
1785136079.8528321
1785136079.8528321
1785136079.8528321
1785136079.8528321
1785136079.8528321
1785136079.8528321
1785136079.8528321
1785136079.8528321
1785136079.8528321
1785136079.8528321
1785136079.8528321
1785136079.8528321
1785136079.8528321
1785136079.8528321
1785136079.8528321
1785136079.8528321
1785136079.8528321
1785136079.8528321
1785136079.8528321
1785136079.8528321
1785136079.8528321
1785136079.8528321
1785136079.8528321
1785136079.8528321
1785136079.8528321
1785136079.8528321
1785136079.8528321
1785136079.8528321
1785136079.8528321
1785136079.8528321
1785136079.8528321
1785136079.8528321
1785136079.8528321
1785136079.8528321
1785136079.8528321
1785136079.8528321
1785136079.8528321
1785136079.8528321
1785136079.8528321
1785136079.8528321
1785136079.8528321
1785136079.8528321
1785136079.8528321
1785136079.8528321
1785136079.8528321
1785136079.8528321
1785136079.8528321
1785136079.8528321
1785136079.8528321
1785136079.8528321
1785136079.8528321
1785136079.8528321
1785136079.8528321
1785136079.8528321
1785136079.8528321
1785136079.8528321
1785136079.8528321
1785136079.8528321
1785136079.8528321
1785136079.8528321
1785136079.8528321
1785136079.8528321
1785136079.8528321
1785136079.8528321
1785136079.8528321
1785136079.8528321
1785136079.8528321
1785136079.8528321
1785136079.8528321
1785136079.8528321
1785136079.8528321
1785136079.8530540
1785136079.8530540
1785136079.8530540
1785136079.8530540
1785136079.8530540
1785136079.8530540
1785136079.8530540
1785136079.8530540
1785136079.8530540
1785136079.8530540
1785136079.8530540
1785136079.8530540
1785136079.8530540
1785136079.8530540
1785136079.8530540
1785136079.8530540
1785136079.8530540
1785136079.8530540
1785136079.8530540
1785136079.8530540
1785136079.8530540
1785136079.8530540
1785136079.8530540
1785136079.8530540
1785136079.8530540
1785136079.8530540
1785136079.8530540
1785136079.8530540
1785136079.8530540
1785136079.8530540
1785136079.8530540
1785136079.8530540
1785136079.8530540
1785136079.8530540
1785136079.8530540
1785136079.8530540
1785136079.8530540
1785136079.8530540
1785136079.8530540
1785136079.8530540
1785136079.8530540
1785136079.8530540
1785136079.8530540
1785136079.8530540
1785136079.8530540
1785136079.8530540
1785136079.8530540
1785136079.8530540
1785136079.8530540
1785136079.8530540
1785136079.8530540
1785136079.8530540
1785136079.8530540
1785136079.8530540
1785136079.8530540
1785136079.8530540
1785136079.8530540
1785136079.8530540
1785136079.8530540
1785136079.8530540
1785136079.8530540
1785136079.8530540
1785136079.8530540
1785136079.8530540
1785136079.8530540
1785136079.8530540
1785136079.8530540
1785136079.8530540
1785136079.8530540
1785136079.8530540
1785136079.8530540
1785136079.8530540
1785136079.8530540
1785136079.8530540
1785136079.8530540
1785136079.8530540
1785136079.8530540
1785136079.8530540
1785136079.8530540
1785136079.8530540
1785136079.8532760
1785136079.8532760
1785136079.8532760
1785136079.8532760
1785136079.8532760
1785136079.8532760
1785136079.8532760
1785136079.8532760
1785136079.8532760
1785136079.8532760
1785136079.8532760
1785136079.8532760
1785136079.8532760
1785136079.8532760
1785136079.8532760
1785136079.8532760
1785136079.8532760
1785136079.8532760
1785136079.8532760
1785136079.8532760
1785136079.8532760
1785136079.8532760
1785136079.8532760
1785136079.8532760
1785136079.8532760
1785136079.8532760
1785136079.8532760
1785136079.8532760
1785136079.8532760
1785136079.8532760
1785136079.8532760
1785136079.8532760
1785136079.8532760
1785136079.8532760
1785136079.8532760
1785136079.8532760
1785136079.8532760
1785136079.8532760
1785136079.8532760
1785136079.8532760
1785136079.8532760
1785136079.8532760
1785136079.8532760
1785136079.8532760
1785136079.8532760
1785136079.8532760
1785136079.8532760
1785136079.8532760
1785136079.8532760
1785136079.8532760
1785136079.8532760
1785136079.8532760
1785136079.8532760
1785136079.8532760
1785136079.8532760
1785136079.8532760
1785136079.8532760
1785136079.8532760
1785136079.8532760
1785136079.8532760
1785136079.8532760
1785136079.8532760
1785136079.8532760
1785136079.8532760
1785136079.8532760
1785136079.8532760
1785136079.8532760
1785136079.8532760
1785136079.8532760
1785136079.8532760
1785136079.8534980
1785136079.8534980
1785136079.8534980
1785136079.8534980
1785136079.8534980
1785136079.8534980
1785136079.8534980
1785136079.8534980
1785136079.8534980
1785136079.8534980
1785136079.8534980
1785136079.8534980
1785136079.8534980
1785136079.8534980
1785136079.8534980
1785136079.8534980
1785136079.8534980
1785136079.8534980
1785136079.8534980
1785136079.8534980
1785136079.8534980
1785136079.8534980
1785136079.8534980
1785136079.8534980
1785136079.8534980
1785136079.8534980
1785136079.8534980
1785136079.8534980
1785136079.8534980
1785136079.8534980
1785136079.8534980
1785136079.8534980
1785136079.8534980
1785136079.8534980
1785136079.8534980
1785136079.8534980
1785136079.8534980
1785136079.8534980
1785136079.8534980
1785136079.8534980
1785136079.8534980
1785136079.8534980
1785136079.8534980
1785136079.8534980
1785136079.8534980
1785136079.8534980
1785136079.8534980
1785136079.8534980
1785136079.8534980
1785136079.8534980
1785136079.8534980
1785136079.8534980
1785136079.8534980
1785136079.8534980
1785136079.8534980
1785136079.8534980
1785136079.8534980
1785136079.8534980
1785136079.8534980
1785136079.8534980
1785136079.8534980
1785136079.8534980
1785136079.8534980
1785136079.8534980
1785136079.8534980
1785136079.8534980
1785136079.8534980
1785136079.8534980
1785136079.8534980
1785136079.8534980
1785136079.8537209
1785136079.8537209
1785136079.8537209
1785136079.8537209
1785136079.8537209
1785136079.8537209
1785136079.8537209
1785136079.8537209
1785136079.8537209
1785136079.8537209
1785136079.8537209
1785136079.8537209
1785136079.8537209
1785136079.8537209
1785136079.8537209
1785136079.8537209
1785136079.8537209
1785136079.8537209
1785136079.8537209
1785136079.8537209
1785136079.8537209
1785136079.8537209
1785136079.8537209
1785136079.8537209
1785136079.8537209
1785136079.8537209
1785136079.8537209
1785136079.8537209
1785136079.8537209
1785136079.8537209
1785136079.8537209
1785136079.8537209
1785136079.8537209
1785136079.8537209
1785136079.8537209
1785136079.8537209
1785136079.8537209
1785136079.8537209
1785136079.8537209
1785136079.8537209
1785136079.8537209
1785136079.8537209
1785136079.8537209
1785136079.8537209
1785136079.8537209
1785136079.8537209
1785136079.8537209
1785136079.8537209
1785136079.8537209
1785136079.8537209
1785136079.8537209
1785136079.8537209
1785136079.8537209
1785136079.8537209
1785136079.8537209
1785136079.8537209
1785136079.8537209
1785136079.8537209
1785136079.8537209
1785136079.8537209
1785136079.8537209
1785136079.8537209
1785136079.8537209
1785136079.8537209
1785136079.8537209
1785136079.8537209
1785136079.8537209
1785136079.8537209
1785136079.8537209
1785136079.8539419
1785136079.8539419
1785136079.8539419
1785136079.8539419
1785136079.8539419
1785136079.8539419
1785136079.8539419
1785136079.8539419
1785136079.8539419
1785136079.8539419
1785136079.8539419
1785136079.8539419
1785136079.8539419
1785136079.8539419
1785136079.8539419
1785136079.8539419
1785136079.8539419
1785136079.8539419
1785136079.8539419
1785136079.8539419
1785136079.8539419
1785136079.8539419
1785136079.8539419
1785136079.8539419
1785136079.8539419
1785136079.8539419
1785136079.8539419
1785136079.8539419
1785136079.8539419
1785136079.8539419
1785136079.8539419
1785136079.8539419
1785136079.8539419
1785136079.8539419
1785136079.8539419
1785136079.8539419
1785136079.8539419
1785136079.8539419
1785136079.8539419
1785136079.8539419
1785136079.8539419
1785136079.8539419
1785136079.8539419
1785136079.8539419
1785136079.8539419
1785136079.8539419
1785136079.8539419
1785136079.8539419
1785136079.8539419
1785136079.8539419
1785136079.8539419
1785136079.8539419
1785136079.8539419
1785136079.8539419
1785136079.8539419
1785136079.8539419
1785136079.8539419
1785136079.8539419
1785136079.8539419
1785136079.8539419
1785136079.8539419
1785136079.8539419
1785136079.8539419
1785136079.8539419
1785136079.8539419
1785136079.8539419
1785136079.8539419
1785136079.8539419
1785136079.8539419
1785136079.8539419
1785136079.8541651
1785136079.8541651
1785136079.8541651
1785136079.8541651
1785136079.8541651
1785136079.8541651
1785136079.8541651
1785136079.8541651
1785136079.8541651
1785136079.8541651
1785136079.8541651
1785136079.8541651
1785136079.8541651
1785136079.8541651
1785136079.8541651
1785136079.8541651
1785136079.8541651
1785136079.8541651
1785136079.8541651
1785136079.8541651
1785136079.8541651
1785136079.8541651
1785136079.8541651
1785136079.8541651
1785136079.8541651
1785136079.8541651
1785136079.8541651
1785136079.8541651
1785136079.8541651
1785136079.8541651
1785136079.8541651
1785136079.8541651
1785136079.8541651
1785136079.8541651
1785136079.8541651
1785136079.8541651
1785136079.8541651
1785136079.8541651
1785136079.8541651
1785136079.8541651
1785136079.8541651
1785136079.8541651
1785136079.8541651
1785136079.8541651
1785136079.8541651
1785136079.8541651
1785136079.8541651
1785136079.8541651
1785136079.8541651
1785136079.8541651
1785136079.8541651
1785136079.8541651
1785136079.8541651
1785136079.8541651
1785136079.8541651
1785136079.8541651
1785136079.8541651
1785136079.8541651
1785136079.8541651
1785136079.8541651
1785136079.8541651
1785136079.8541651
1785136079.8541651
1785136079.8541651
1785136079.8541651
1785136079.8541651
1785136079.8541651
1785136079.8541651
1785136079.8541651
1785136079.8541651
1785136079.8541651
1785136079.8541651
1785136079.8541651
1785136079.8541651
1785136079.8541651
1785136079.8541651
1785136079.8541651
1785136079.8543870
1785136079.8543870
1785136079.8543870
1785136079.8543870
1785136079.8543870
1785136079.8543870
1785136079.8543870
1785136079.8543870
1785136079.8543870
1785136079.8543870
1785136079.8543870
1785136079.8543870
1785136079.8543870
1785136079.8543870
1785136079.8543870
1785136079.8543870
1785136079.8543870
1785136079.8543870
1785136079.8543870
1785136079.8543870
1785136079.8543870
1785136079.8543870
1785136079.8543870
1785136079.8543870
1785136079.8543870
1785136079.8543870
1785136079.8543870
1785136079.8543870
1785136079.8543870
1785136079.8543870
1785136079.8543870
1785136079.8543870
1785136079.8543870
1785136079.8543870
1785136079.8543870
1785136079.8543870
1785136079.8543870
1785136079.8543870
1785136079.8543870
1785136079.8543870
1785136079.8543870
1785136079.8543870
1785136079.8543870
1785136079.8543870
1785136079.8543870
1785136079.8543870
1785136079.8543870
1785136079.8543870
1785136079.8543870
1785136079.8543870
1785136079.8543870
1785136079.8543870
1785136079.8543870
1785136079.8543870
1785136079.8543870
1785136079.8543870
1785136079.8543870
1785136079.8543870
1785136079.8543870
1785136079.8543870
1785136079.8543870
1785136079.8543870
1785136079.8543870
1785136079.8543870
1785136079.8543870
1785136079.8543870
1785136079.8543870
1785136079.8543870
1785136079.8543870
1785136079.8546090
1785136079.8546090
1785136079.8546090
1785136079.8546090
1785136079.8546090
1785136079.8546090
1785136079.8546090
1785136079.8546090
1785136079.8546090
1785136079.8546090
1785136079.8546090
1785136079.8546090
1785136079.8546090
1785136079.8546090
1785136079.8546090
1785136079.8546090
1785136079.8546090
1785136079.8546090
1785136079.8546090
1785136079.8546090
1785136079.8546090
1785136079.8546090
1785136079.8546090
1785136079.8546090
1785136079.8546090
1785136079.8546090
1785136079.8546090
1785136079.8546090
1785136079.8546090
1785136079.8546090
1785136079.8546090
1785136079.8546090
1785136079.8546090
1785136079.8546090
1785136079.8546090
1785136079.8546090
1785136079.8546090
1785136079.8546090
1785136079.8546090
1785136079.8546090
1785136079.8546090
1785136079.8546090
1785136079.8546090
1785136079.8546090
1785136079.8546090
1785136079.8546090
1785136079.8546090
1785136079.8546090
1785136079.8546090
1785136079.8546090
1785136079.8546090
1785136079.8546090
1785136079.8546090
1785136079.8546090
1785136079.8546090
1785136079.8546090
1785136079.8546090
1785136079.8546090
1785136079.8546090
1785136079.8546090
1785136079.8546090
1785136079.8546090
1785136079.8546090
1785136079.8546090
1785136079.8546090
1785136079.8546090
1785136079.8546090
1785136079.8546090
1785136079.8546090
1785136079.8546090
1785136079.8546090
1785136079.8546090
1785136079.8546090
1785136079.8548310
1785136079.8548310
1785136079.8548310
1785136079.8548310
1785136079.8548310
1785136079.8548310
1785136079.8548310
1785136079.8548310
1785136079.8548310
1785136079.8548310
1785136079.8548310
1785136079.8548310
1785136079.8548310
1785136079.8548310
1785136079.8548310
1785136079.8548310
1785136079.8548310
1785136079.8548310
1785136079.8548310
1785136079.8548310
1785136079.8548310
1785136079.8548310
1785136079.8548310
1785136079.8548310
1785136079.8548310
1785136079.8548310
1785136079.8548310
1785136079.8548310
1785136079.8548310
1785136079.8548310
1785136079.8548310
1785136079.8548310
1785136079.8548310
1785136079.8548310
1785136079.8548310
1785136079.8548310
1785136079.8548310
1785136079.8548310
1785136079.8548310
1785136079.8548310
1785136079.8548310
1785136079.8548310
1785136079.8548310
1785136079.8548310
1785136079.8548310
1785136079.8548310
1785136079.8548310
1785136079.8548310
1785136079.8548310
1785136079.8548310
1785136079.8548310
1785136079.8548310
1785136079.8548310
1785136079.8548310
1785136079.8548310
1785136079.8548310
1785136079.8548310
1785136079.8548310
1785136079.8548310
1785136079.8548310
1785136079.8548310
1785136079.8548310
1785136079.8548310
1785136079.8548310
1785136079.8548310
1785136079.8548310
1785136079.8548310
1785136079.8548310
1785136079.8548310
1785136079.8548310
1785136079.8548310
1785136079.8548310
1785136079.8548310
1785136079.8548310
1785136079.8548310
1785136079.8550529
1785136079.8550529
1785136079.8550529
1785136079.8550529
1785136079.8550529
1785136079.8550529
1785136079.8550529
1785136079.8550529
1785136079.8550529
1785136079.8550529
1785136079.8550529
1785136079.8550529
1785136079.8550529
1785136079.8550529
1785136079.8550529
1785136079.8550529
1785136079.8550529
1785136079.8550529
1785136079.8550529
1785136079.8550529
1785136079.8550529
1785136079.8550529
1785136079.8550529
1785136079.8550529
1785136079.8550529
1785136079.8550529
1785136079.8550529
1785136079.8550529
1785136079.8550529
1785136079.8550529
1785136079.8550529
1785136079.8550529
1785136079.8550529
1785136079.8550529
1785136079.8550529
1785136079.8550529
1785136079.8550529
1785136079.8550529
1785136079.8550529
1785136079.8550529
1785136079.8550529
1785136079.8550529
1785136079.8550529
1785136079.8550529
1785136079.8550529
1785136079.8550529
1785136079.8550529
1785136079.8550529
1785136079.8550529
1785136079.8550529
1785136079.8550529
1785136079.8550529
1785136079.8550529
1785136079.8550529
1785136079.8550529
1785136079.8550529
1785136079.8550529
1785136079.8550529
1785136079.8550529
1785136079.8550529
1785136079.8550529
1785136079.8550529
1785136079.8550529
1785136079.8550529
1785136079.8550529
1785136079.8550529
1785136079.8550529
1785136079.8550529
1785136079.8550529
1785136079.8550529
1785136079.8550529
1785136079.8550529
1785136079.8550529
1785136079.8550529
1785136079.8550529
1785136079.8550529
1785136079.8550529
1785136079.8550529
1785136079.8550529
1785136079.8550529
1785136079.8550529
1785136079.8550529
1785136079.8550529
1785136079.8550529
1785136079.8550529
1785136079.8550529
1785136079.8550529
1785136079.8550529
1785136079.8550529
1785136079.8550529
1785136079.8550529
1785136079.8550529
1785136079.8550529
1785136079.8550529
1785136079.8552761
1785136079.8552761
1785136079.8552761
1785136079.8552761
1785136079.8552761
1785136079.8552761
1785136079.8552761
1785136079.8552761
1785136079.8552761
1785136079.8552761
1785136079.8552761
1785136079.8552761
1785136079.8552761
1785136079.8552761
1785136079.8552761
1785136079.8552761
1785136079.8552761
1785136079.8552761
1785136079.8552761
1785136079.8552761
1785136079.8552761
1785136079.8552761
1785136079.8552761
1785136079.8552761
1785136079.8552761
1785136079.8552761
1785136079.8552761
1785136079.8552761
1785136079.8552761
1785136079.8552761
1785136079.8552761
1785136079.8552761
1785136079.8552761
1785136079.8552761
1785136079.8552761
1785136079.8552761
1785136079.8552761
1785136079.8552761
1785136079.8552761
1785136079.8552761
1785136079.8552761
1785136079.8552761
1785136079.8552761
1785136079.8552761
1785136079.8552761
1785136079.8552761
1785136079.8552761
1785136079.8552761
1785136079.8552761
1785136079.8552761
1785136079.8552761
1785136079.8552761
1785136079.8552761
1785136079.8552761
1785136079.8552761
1785136079.8552761
1785136079.8552761
1785136079.8552761
1785136079.8552761
1785136079.8552761
1785136079.8552761
1785136079.8552761
1785136079.8552761
1785136079.8552761
1785136079.8552761
1785136079.8552761
1785136079.8552761
1785136079.8552761
1785136079.8552761
1785136079.8552761
1785136079.8552761
1785136079.8552761
1785136079.8552761
1785136079.8552761
1785136079.8552761
1785136079.8552761
1785136079.8552761
1785136079.8552761
1785136079.8552761
1785136079.8552761
1785136079.8552761
1785136079.8552761
1785136079.8552761
1785136079.8552761
1785136079.8552761
1785136079.8554981
1785136079.8554981
1785136079.8554981
1785136079.8554981
1785136079.8554981
1785136079.8554981
1785136079.8554981
1785136079.8554981
1785136079.8554981
1785136079.8554981
1785136079.8554981
1785136079.8554981
1785136079.8554981
1785136079.8554981
1785136079.8554981
1785136079.8554981
1785136079.8554981
1785136079.8554981
1785136079.8554981
1785136079.8554981
1785136079.8554981
1785136079.8554981
1785136079.8554981
1785136079.8554981
1785136079.8554981
1785136079.8554981
1785136079.8554981
1785136079.8554981
1785136079.8554981
1785136079.8554981
1785136079.8554981
1785136079.8554981
1785136079.8554981
1785136079.8554981
1785136079.8554981
1785136079.8554981
1785136079.8554981
1785136079.8554981
1785136079.8554981
1785136079.8554981
1785136079.8554981
1785136079.8554981
1785136079.8554981
1785136079.8554981
1785136079.8554981
1785136079.8554981
1785136079.8554981
1785136079.8554981
1785136079.8554981
1785136079.8554981
1785136079.8554981
1785136079.8554981
1785136079.8554981
1785136079.8554981
1785136079.8554981
1785136079.8554981
1785136079.8554981
1785136079.8554981
1785136079.8554981
1785136079.8554981
1785136079.8554981
1785136079.8554981
1785136079.8554981
1785136079.8554981
1785136079.8554981
1785136079.8554981
1785136079.8554981
1785136079.8554981
1785136079.8554981
1785136079.8554981
1785136079.8554981
1785136079.8554981
1785136079.8554981
1785136079.8554981
1785136079.8554981
1785136079.8554981
1785136079.8554981
1785136079.8554981
1785136079.8554981
1785136079.8554981
1785136079.8554981
1785136079.8554981
1785136079.8557200
1785136079.8557200
1785136079.8557200
1785136079.8557200
1785136079.8557200
1785136079.8557200
1785136079.8557200
1785136079.8557200
1785136079.8557200
1785136079.8557200
1785136079.8557200
1785136079.8557200
1785136079.8557200
1785136079.8557200
1785136079.8557200
1785136079.8557200
1785136079.8557200
1785136079.8557200
1785136079.8557200
1785136079.8557200
1785136079.8557200
1785136079.8557200
1785136079.8557200
1785136079.8557200
1785136079.8557200
1785136079.8557200
1785136079.8557200
1785136079.8557200
1785136079.8557200
1785136079.8557200
1785136079.8557200
1785136079.8557200
1785136079.8557200
1785136079.8557200
1785136079.8557200
1785136079.8557200
1785136079.8557200
1785136079.8557200
1785136079.8557200
1785136079.8557200
1785136079.8557200
1785136079.8557200
1785136079.8557200
1785136079.8557200
1785136079.8557200
1785136079.8557200
1785136079.8557200
1785136079.8557200
1785136079.8557200
1785136079.8557200
1785136079.8557200
1785136079.8557200
1785136079.8557200
1785136079.8557200
1785136079.8557200
1785136079.8557200
1785136079.8557200
1785136079.8557200
1785136079.8557200
1785136079.8557200
1785136079.8557200
1785136079.8557200
1785136079.8557200
1785136079.8557200
1785136079.8557200
1785136079.8557200
1785136079.8557200
1785136079.8557200
1785136079.8557200
1785136079.8557200
1785136079.8557200
1785136079.8557200
1785136079.8557200
1785136079.8557200
1785136079.8557200
1785136079.8557200
1785136079.8557200
1785136079.8557200
1785136079.8557200
1785136079.8557200
1785136079.8557200
1785136079.8557200
1785136079.8557200
1785136079.8559420
1785136079.8559420
1785136079.8559420
1785136079.8559420
1785136079.8559420
1785136079.8559420
1785136079.8559420
1785136079.8559420
1785136079.8559420
1785136079.8559420
1785136079.8559420
1785136079.8559420
1785136079.8559420
1785136079.8559420
1785136079.8559420
1785136079.8559420
1785136079.8559420
1785136079.8559420
1785136079.8559420
1785136079.8559420
1785136079.8559420
1785136079.8559420
1785136079.8559420
1785136079.8559420
1785136079.8559420
1785136079.8559420
1785136079.8559420
1785136079.8559420
1785136079.8559420
1785136079.8559420
1785136079.8559420
1785136079.8559420
1785136079.8559420
1785136079.8559420
1785136079.8559420
1785136079.8559420
1785136079.8559420
1785136079.8559420
1785136079.8559420
1785136079.8559420
1785136079.8559420
1785136079.8559420
1785136079.8559420
1785136079.8559420
1785136079.8559420
1785136079.8559420
1785136079.8559420
1785136079.8559420
1785136079.8559420
1785136079.8559420
1785136079.8559420
1785136079.8559420
1785136079.8559420
1785136079.8559420
1785136079.8559420
1785136079.8559420
1785136079.8559420
1785136079.8559420
1785136079.8559420
1785136079.8559420
1785136079.8559420
1785136079.8559420
1785136079.8559420
1785136079.8559420
1785136079.8559420
1785136079.8559420
1785136079.8559420
1785136079.8559420
1785136079.8559420
1785136079.8559420
1785136079.8559420
1785136079.8559420
1785136079.8559420
1785136079.8559420
1785136079.8559420
1785136079.8559420
1785136079.8559420
1785136079.8559420
1785136079.8559420
1785136079.8559420
1785136079.8559420
1785136079.8559420
1785136079.8559420
1785136079.8559420
1785136079.8559420
1785136079.8559420
1785136079.8559420
1785136079.8559420
1785136079.8559420
1785136079.8559420
1785136079.8559420
1785136079.8559420
1785136079.8559420
1785136079.8559420
1785136079.8559420
1785136079.8559420
1785136079.8559420
1785136079.8559420
1785136079.8559420
1785136079.8559420
1785136079.8559420
1785136079.8559420
1785136079.8561640
1785136079.8561640
1785136079.8561640
1785136079.8561640
1785136079.8561640
1785136079.8561640
1785136079.8561640
1785136079.8561640
1785136079.8561640
1785136079.8561640
1785136079.8561640
1785136079.8561640
1785136079.8561640
1785136079.8561640
1785136079.8561640
1785136079.8561640
1785136079.8561640
1785136079.8561640
1785136079.8561640
1785136079.8561640
1785136079.8561640
1785136079.8561640
1785136079.8561640
1785136079.8561640
1785136079.8561640
1785136079.8561640
1785136079.8561640
1785136079.8561640
1785136079.8561640
1785136079.8561640
1785136079.8561640
1785136079.8561640
1785136079.8561640
1785136079.8561640
1785136079.8561640
1785136079.8561640
1785136079.8561640
1785136079.8561640
1785136079.8561640
1785136079.8561640
1785136079.8561640
1785136079.8561640
1785136079.8561640
1785136079.8561640
1785136079.8561640
1785136079.8561640
1785136079.8561640
1785136079.8561640
1785136079.8561640
1785136079.8561640
1785136079.8561640
1785136079.8561640
1785136079.8561640
1785136079.8561640
1785136079.8561640
1785136079.8561640
1785136079.8561640
1785136079.8561640
1785136079.8561640
1785136079.8561640
1785136079.8561640
1785136079.8561640
1785136079.8561640
1785136079.8561640
1785136079.8561640
1785136079.8561640
1785136079.8561640
1785136079.8561640
1785136079.8561640
1785136079.8561640
1785136079.8561640
1785136079.8561640
1785136079.8561640
1785136079.8561640
1785136079.8561640
1785136079.8561640
1785136079.8561640
1785136079.8561640
1785136079.8561640
1785136079.8563869
1785136079.8563869
1785136079.8563869
1785136079.8563869
1785136079.8563869
1785136079.8563869
1785136079.8563869
1785136079.8563869
1785136079.8563869
1785136079.8563869
1785136079.8563869
1785136079.8563869
1785136079.8563869
1785136079.8563869
1785136079.8563869
1785136079.8563869
1785136079.8563869
1785136079.8563869
1785136079.8563869
1785136079.8563869
1785136079.8563869
1785136079.8563869
1785136079.8563869
1785136079.8563869
1785136079.8563869
1785136079.8563869
1785136079.8563869
1785136079.8563869
1785136079.8563869
1785136079.8563869
1785136079.8563869
1785136079.8563869
1785136079.8563869
1785136079.8563869
1785136079.8563869
1785136079.8563869
1785136079.8563869
1785136079.8563869
1785136079.8563869
1785136079.8563869
1785136079.8563869
1785136079.8563869
1785136079.8563869
1785136079.8563869
1785136079.8563869
1785136079.8563869
1785136079.8563869
1785136079.8563869
1785136079.8563869
1785136079.8563869
1785136079.8563869
1785136079.8563869
1785136079.8563869
1785136079.8563869
1785136079.8563869
1785136079.8563869
1785136079.8563869
1785136079.8563869
1785136079.8563869
1785136079.8563869
1785136079.8563869
1785136079.8563869
1785136079.8563869
1785136079.8563869
1785136079.8563869
1785136079.8563869
1785136079.8563869
1785136079.8563869
1785136079.8563869
1785136079.8563869
1785136079.8563869
1785136079.8563869
1785136079.8563869
1785136079.8563869
1785136079.8563869
1785136079.8566091
1785136079.8566091
1785136079.8566091
1785136079.8566091
1785136079.8566091
1785136079.8566091
1785136079.8566091
1785136079.8566091
1785136079.8566091
1785136079.8566091
1785136079.8566091
1785136079.8566091
1785136079.8566091
1785136079.8566091
1785136079.8566091
1785136079.8566091
1785136079.8566091
1785136079.8566091
1785136079.8566091
1785136079.8566091
1785136079.8566091
1785136079.8566091
1785136079.8566091
1785136079.8566091
1785136079.8566091
1785136079.8566091
1785136079.8566091
1785136079.8566091
1785136079.8566091
1785136079.8566091
1785136079.8566091
1785136079.8566091
1785136079.8566091
1785136079.8566091
1785136079.8566091
1785136079.8566091
1785136079.8566091
1785136079.8566091
1785136079.8566091
1785136079.8566091
1785136079.8566091
1785136079.8566091
1785136079.8566091
1785136079.8566091
1785136079.8566091
1785136079.8566091
1785136079.8566091
1785136079.8566091
1785136079.8566091
1785136079.8566091
1785136079.8566091
1785136079.8566091
1785136079.8566091
1785136079.8566091
1785136079.8566091
1785136079.8566091
1785136079.8566091
1785136079.8566091
1785136079.8566091
1785136079.8566091
1785136079.8566091
1785136079.8566091
1785136079.8566091
1785136079.8566091
1785136079.8566091
1785136079.8566091
1785136079.8566091
1785136079.8566091
1785136079.8566091
1785136079.8566091
1785136079.8566091
1785136079.8566091
1785136079.8566091
1785136079.8566091
1785136079.8566091
1785136079.8568320
1785136079.8568320
1785136079.8568320
1785136079.8568320
1785136079.8568320
1785136079.8568320
1785136079.8568320
1785136079.8568320
1785136079.8568320
1785136079.8568320
1785136079.8568320
1785136079.8568320
1785136079.8568320
1785136079.8568320
1785136079.8568320
1785136079.8568320
1785136079.8568320
1785136079.8568320
1785136079.8568320
1785136079.8568320
1785136079.8568320
1785136079.8568320
1785136079.8568320
1785136079.8568320
1785136079.8568320
1785136079.8568320
1785136079.8568320
1785136079.8568320
1785136079.8568320
1785136079.8568320
1785136079.8568320
1785136079.8568320
1785136079.8568320
1785136079.8568320
1785136079.8568320
1785136079.8568320
1785136079.8568320
1785136079.8568320
1785136079.8568320
1785136079.8568320
1785136079.8568320
1785136079.8568320
1785136079.8568320
1785136079.8568320
1785136079.8568320
1785136079.8568320
1785136079.8568320
1785136079.8568320
1785136079.8568320
1785136079.8568320
1785136079.8568320
1785136079.8568320
1785136079.8568320
1785136079.8568320
1785136079.8568320
1785136079.8568320
1785136079.8568320
1785136079.8568320
1785136079.8568320
1785136079.8568320
1785136079.8568320
1785136079.8568320
1785136079.8568320
1785136079.8568320
1785136079.8568320
1785136079.8568320
1785136079.8568320
1785136079.8568320
1785136079.8568320
1785136079.8568320
1785136079.8568320
1785136079.8568320
1785136079.8568320
1785136079.8568320
1785136079.8568320
1785136079.8568320
1785136079.8568320
1785136079.8568320
1785136079.8568320
1785136079.8568320
1785136079.8568320
1785136079.8568320
1785136079.8570530
1785136079.8570530
1785136079.8570530
1785136079.8570530
1785136079.8570530
1785136079.8570530
1785136079.8570530
1785136079.8570530
1785136079.8570530
1785136079.8570530
1785136079.8570530
1785136079.8570530
1785136079.8570530
1785136079.8570530
1785136079.8570530
1785136079.8570530
1785136079.8570530
1785136079.8570530
1785136079.8570530
1785136079.8570530
1785136079.8570530
1785136079.8570530
1785136079.8570530
1785136079.8570530
1785136079.8570530
1785136079.8570530
1785136079.8570530
1785136079.8570530
1785136079.8570530
1785136079.8570530
1785136079.8570530
1785136079.8570530
1785136079.8570530
1785136079.8570530
1785136079.8570530
1785136079.8570530
1785136079.8570530
1785136079.8570530
1785136079.8570530
1785136079.8570530
1785136079.8570530
1785136079.8570530
1785136079.8570530
1785136079.8570530
1785136079.8570530
1785136079.8570530
1785136079.8570530
1785136079.8570530
1785136079.8570530
1785136079.8570530
1785136079.8570530
1785136079.8570530
1785136079.8570530
1785136079.8570530
1785136079.8570530
1785136079.8570530
1785136079.8570530
1785136079.8570530
1785136079.8570530
1785136079.8570530
1785136079.8570530
1785136079.8570530
1785136079.8570530
1785136079.8570530
1785136079.8570530
1785136079.8572750
1785136079.8572750
1785136079.8572750
1785136079.8572750
1785136079.8572750
1785136079.8572750
1785136079.8572750
1785136079.8572750
1785136079.8572750
1785136079.8572750
1785136079.8572750
1785136079.8572750
1785136079.8572750
1785136079.8572750
1785136079.8572750
1785136079.8572750
1785136079.8572750
1785136079.8572750
1785136079.8572750
1785136079.8572750
1785136079.8572750
1785136079.8572750
1785136079.8572750
1785136079.8572750
1785136079.8572750
1785136079.8572750
1785136079.8572750
1785136079.8572750
1785136079.8572750
1785136079.8572750
1785136079.8572750
1785136079.8572750
1785136079.8572750
1785136079.8572750
1785136079.8572750
1785136079.8572750
1785136079.8572750
1785136079.8572750
1785136079.8572750
1785136079.8572750
1785136079.8572750
1785136079.8572750
1785136079.8572750
1785136079.8572750
1785136079.8572750
1785136079.8572750
1785136079.8572750
1785136079.8572750
1785136079.8572750
1785136079.8572750
1785136079.8572750
1785136079.8572750
1785136079.8572750
1785136079.8572750
1785136079.8572750
1785136079.8572750
1785136079.8572750
1785136079.8572750
1785136079.8572750
1785136079.8572750
1785136079.8572750
1785136079.8572750
1785136079.8572750
1785136079.8572750
1785136079.8574970
1785136079.8574970
1785136079.8574970
1785136079.8574970
1785136079.8574970
1785136079.8574970
1785136079.8574970
1785136079.8574970
1785136079.8574970
1785136079.8574970
1785136079.8574970
1785136079.8574970
1785136079.8574970
1785136079.8574970
1785136079.8574970
1785136079.8574970
1785136079.8574970
1785136079.8574970
1785136079.8574970
1785136079.8574970
1785136079.8574970
1785136079.8574970
1785136079.8574970
1785136079.8574970
1785136079.8574970
1785136079.8574970
1785136079.8574970
1785136079.8574970
1785136079.8574970
1785136079.8574970
1785136079.8574970
1785136079.8574970
1785136079.8574970
1785136079.8574970
1785136079.8574970
1785136079.8574970
1785136079.8574970
1785136079.8574970
1785136079.8574970
1785136079.8574970
1785136079.8574970
1785136079.8574970
1785136079.8574970
1785136079.8574970
1785136079.8574970
1785136079.8574970
1785136079.8574970
1785136079.8574970
1785136079.8574970
1785136079.8574970
1785136079.8574970
1785136079.8574970
1785136079.8574970
1785136079.8574970
1785136079.8574970
1785136079.8574970
1785136079.8574970
1785136079.8574970
1785136079.8574970
1785136079.8574970
1785136079.8574970
1785136079.8577189
1785136079.8577189
1785136079.8577189
1785136079.8577189
1785136079.8577189
1785136079.8577189
1785136079.8577189
1785136079.8577189
1785136079.8577189
1785136079.8577189
1785136079.8577189
1785136079.8577189
1785136079.8577189
1785136079.8577189
1785136079.8577189
1785136079.8577189
1785136079.8577189
1785136079.8577189
1785136079.8577189
1785136079.8577189
1785136079.8577189
1785136079.8577189
1785136079.8577189
1785136079.8577189
1785136079.8577189
1785136079.8577189
1785136079.8577189
1785136079.8577189
1785136079.8577189
1785136079.8577189
1785136079.8577189
1785136079.8577189
1785136079.8577189
1785136079.8577189
1785136079.8577189
1785136079.8577189
1785136079.8577189
1785136079.8577189
1785136079.8577189
1785136079.8577189
1785136079.8577189
1785136079.8577189
1785136079.8577189
1785136079.8577189
1785136079.8577189
1785136079.8577189
1785136079.8577189
1785136079.8577189
1785136079.8577189
1785136079.8577189
1785136079.8577189
1785136079.8577189
1785136079.8577189
1785136079.8577189
1785136079.8577189
1785136079.8577189
1785136079.8577189
1785136079.8577189
1785136079.8577189
1785136079.8579409
1785136079.8579409
1785136079.8579409
1785136079.8579409
1785136079.8579409
1785136079.8579409
1785136079.8579409
1785136079.8579409
1785136079.8579409
1785136079.8579409
1785136079.8579409
1785136079.8579409
1785136079.8579409
1785136079.8579409
1785136079.8579409
1785136079.8579409
1785136079.8579409
1785136079.8579409
1785136079.8579409
1785136079.8579409
1785136079.8579409
1785136079.8579409
1785136079.8579409
1785136079.8579409
1785136079.8579409
1785136079.8579409
1785136079.8579409
1785136079.8579409
1785136079.8579409
1785136079.8579409
1785136079.8579409
1785136079.8579409
1785136079.8579409
1785136079.8579409
1785136079.8579409
1785136079.8579409
1785136079.8579409
1785136079.8579409
1785136079.8579409
1785136079.8579409
1785136079.8579409
1785136079.8579409
1785136079.8579409
1785136079.8579409
1785136079.8579409
1785136079.8579409
1785136079.8579409
1785136079.8579409
1785136079.8579409
1785136079.8579409
1785136079.8579409
1785136079.8579409
1785136079.8579409
1785136079.8579409
1785136079.8579409
1785136079.8581641
1785136079.8581641
1785136079.8581641
1785136079.8581641
1785136079.8581641
1785136079.8581641
1785136079.8581641
1785136079.8581641
1785136079.8581641
1785136079.8581641
1785136079.8581641
1785136079.8581641
1785136079.8581641
1785136079.8581641
1785136079.8581641
1785136079.8581641
1785136079.8581641
1785136079.8581641
1785136079.8581641
1785136079.8581641
1785136079.8581641
1785136079.8581641
1785136079.8581641
1785136079.8581641
1785136079.8581641
1785136079.8581641
1785136079.8581641
1785136079.8581641
1785136079.8581641
1785136079.8581641
1785136079.8581641
1785136079.8581641
1785136079.8581641
1785136079.8581641
1785136079.8581641
1785136079.8581641
1785136079.8581641
1785136079.8581641
1785136079.8581641
1785136079.8581641
1785136079.8581641
1785136079.8581641
1785136079.8581641
1785136079.8581641
1785136079.8581641
1785136079.8581641
1785136079.8581641
1785136079.8581641
1785136079.8581641
1785136079.8581641
1785136079.8581641
1785136079.8581641
1785136079.8581641
1785136079.8581641
1785136079.8583870
1785136079.8583870
1785136079.8583870
1785136079.8583870
1785136079.8583870
1785136079.8583870
1785136079.8583870
1785136079.8583870
1785136079.8583870
1785136079.8583870
1785136079.8583870
1785136079.8583870
1785136079.8583870
1785136079.8583870
1785136079.8583870
1785136079.8583870
1785136079.8583870
1785136079.8583870
1785136079.8583870
1785136079.8583870
1785136079.8583870
1785136079.8583870
1785136079.8583870
1785136079.8583870
1785136079.8583870
1785136079.8583870
1785136079.8583870
1785136079.8583870
1785136079.8583870
1785136079.8583870
1785136079.8583870
1785136079.8583870
1785136079.8583870
1785136079.8583870
1785136079.8583870
1785136079.8583870
1785136079.8583870
1785136079.8583870
1785136079.8583870
1785136079.8583870
1785136079.8583870
1785136079.8583870
1785136079.8583870
1785136079.8583870
1785136079.8583870
1785136079.8583870
1785136079.8583870
1785136079.8583870
1785136079.8583870
1785136079.8583870
1785136079.8583870
1785136079.8583870
1785136079.8583870
1785136079.8583870
1785136079.8583870
1785136079.8586090
1785136079.8586090
1785136079.8586090
1785136079.8586090
1785136079.8586090
1785136079.8586090
1785136079.8586090
1785136079.8586090
1785136079.8586090
1785136079.8586090
1785136079.8586090
1785136079.8586090
1785136079.8586090
1785136079.8586090
1785136079.8586090
1785136079.8586090
1785136079.8586090
1785136079.8586090
1785136079.8586090
1785136079.8586090
1785136079.8586090
1785136079.8586090
1785136079.8586090
1785136079.8586090
1785136079.8586090
1785136079.8586090
1785136079.8586090
1785136079.8586090
1785136079.8586090
1785136079.8586090
1785136079.8586090
1785136079.8586090
1785136079.8586090
1785136079.8586090
1785136079.8586090
1785136079.8586090
1785136079.8586090
1785136079.8586090
1785136079.8586090
1785136079.8586090
1785136079.8586090
1785136079.8586090
1785136079.8586090
1785136079.8586090
1785136079.8586090
1785136079.8586090
1785136079.8586090
1785136079.8586090
1785136079.8586090
1785136079.8586090
1785136079.8586090
1785136079.8586090
1785136079.8586090
1785136079.8586090
1785136079.8586090
1785136079.8586090
1785136079.8588309
1785136079.8588309
1785136079.8588309
1785136079.8588309
1785136079.8588309
1785136079.8588309
1785136079.8588309
1785136079.8588309
1785136079.8588309
1785136079.8588309
1785136079.8588309
1785136079.8588309
1785136079.8588309
1785136079.8588309
1785136079.8588309
1785136079.8588309
1785136079.8588309
1785136079.8588309
1785136079.8588309
1785136079.8588309
1785136079.8588309
1785136079.8588309
1785136079.8588309
1785136079.8588309
1785136079.8588309
1785136079.8588309
1785136079.8588309
1785136079.8588309
1785136079.8588309
1785136079.8588309
1785136079.8588309
1785136079.8588309
1785136079.8588309
1785136079.8588309
1785136079.8588309
1785136079.8588309
1785136079.8588309
1785136079.8588309
1785136079.8588309
1785136079.8588309
1785136079.8588309
1785136079.8588309
1785136079.8588309
1785136079.8588309
1785136079.8588309
1785136079.8588309
1785136079.8588309
1785136079.8588309
1785136079.8588309
1785136079.8588309
1785136079.8588309
1785136079.8588309
1785136079.8590529
1785136079.8590529
1785136079.8590529
1785136079.8590529
1785136079.8590529
1785136079.8590529
1785136079.8590529
1785136079.8590529
1785136079.8590529
1785136079.8590529
1785136079.8590529
1785136079.8590529
1785136079.8590529
1785136079.8590529
1785136079.8590529
1785136079.8590529
1785136079.8590529
1785136079.8590529
1785136079.8590529
1785136079.8590529
1785136079.8590529
1785136079.8590529
1785136079.8590529
1785136079.8590529
1785136079.8590529
1785136079.8590529
1785136079.8590529
1785136079.8590529
1785136079.8590529
1785136079.8590529
1785136079.8590529
1785136079.8590529
1785136079.8590529
1785136079.8590529
1785136079.8590529
1785136079.8590529
1785136079.8590529
1785136079.8590529
1785136079.8590529
1785136079.8590529
1785136079.8590529
1785136079.8590529
1785136079.8590529
1785136079.8590529
1785136079.8590529
1785136079.8590529
1785136079.8590529
1785136079.8590529
1785136079.8590529
1785136079.8590529
1785136079.8590529
1785136079.8590529
1785136079.8592751
1785136079.8592751
1785136079.8592751
1785136079.8592751
1785136079.8592751
1785136079.8592751
1785136079.8592751
1785136079.8592751
1785136079.8592751
1785136079.8592751
1785136079.8592751
1785136079.8592751
1785136079.8592751
1785136079.8592751
1785136079.8592751
1785136079.8592751
1785136079.8592751
1785136079.8592751
1785136079.8592751
1785136079.8592751
1785136079.8592751
1785136079.8592751
1785136079.8592751
1785136079.8592751
1785136079.8592751
1785136079.8592751
1785136079.8592751
1785136079.8592751
1785136079.8592751
1785136079.8592751
1785136079.8592751
1785136079.8592751
1785136079.8592751
1785136079.8592751
1785136079.8592751
1785136079.8592751
1785136079.8592751
1785136079.8592751
1785136079.8592751
1785136079.8592751
1785136079.8592751
1785136079.8592751
1785136079.8592751
1785136079.8592751
1785136079.8592751
1785136079.8592751
1785136079.8592751
1785136079.8592751
1785136079.8592751
1785136079.8594971
1785136079.8594971
1785136079.8594971
1785136079.8594971
1785136079.8594971
1785136079.8594971
1785136079.8594971
1785136079.8594971
1785136079.8594971
1785136079.8594971
1785136079.8594971
1785136079.8594971
1785136079.8594971
1785136079.8594971
1785136079.8594971
1785136079.8594971
1785136079.8594971
1785136079.8594971
1785136079.8594971
1785136079.8594971
1785136079.8594971
1785136079.8594971
1785136079.8594971
1785136079.8594971
1785136079.8594971
1785136079.8594971
1785136079.8594971
1785136079.8594971
1785136079.8594971
1785136079.8594971
1785136079.8594971
1785136079.8594971
1785136079.8594971
1785136079.8594971
1785136079.8594971
1785136079.8594971
1785136079.8594971
1785136079.8594971
1785136079.8594971
1785136079.8594971
1785136079.8594971
1785136079.8594971
1785136079.8594971
1785136079.8594971
1785136079.8594971
1785136079.8594971
1785136079.8594971
1785136079.8594971
1785136079.8597190
1785136079.8597190
1785136079.8597190
1785136079.8597190
1785136079.8597190
1785136079.8597190
1785136079.8597190
1785136079.8597190
1785136079.8597190
1785136079.8597190
1785136079.8597190
1785136079.8597190
1785136079.8597190
1785136079.8597190
1785136079.8597190
1785136079.8597190
1785136079.8597190
1785136079.8597190
1785136079.8597190
1785136079.8597190
1785136079.8597190
1785136079.8597190
1785136079.8597190
1785136079.8597190
1785136079.8597190
1785136079.8597190
1785136079.8597190
1785136079.8597190
1785136079.8597190
1785136079.8597190
1785136079.8597190
1785136079.8597190
1785136079.8597190
1785136079.8597190
1785136079.8597190
1785136079.8597190
1785136079.8597190
1785136079.8597190
1785136079.8597190
1785136079.8597190
1785136079.8597190
1785136079.8597190
1785136079.8597190
1785136079.8597190
1785136079.8597190
1785136079.8599420
1785136079.8599420
1785136079.8599420
1785136079.8599420
1785136079.8599420
1785136079.8599420
1785136079.8599420
1785136079.8599420
1785136079.8599420
1785136079.8599420
1785136079.8599420
1785136079.8599420
1785136079.8599420
1785136079.8599420
1785136079.8599420
1785136079.8599420
1785136079.8599420
1785136079.8599420
1785136079.8599420
1785136079.8599420
1785136079.8599420
1785136079.8599420
1785136079.8599420
1785136079.8599420
1785136079.8599420
1785136079.8599420
1785136079.8599420
1785136079.8599420
1785136079.8599420
1785136079.8599420
1785136079.8599420
1785136079.8599420
1785136079.8599420
1785136079.8599420
1785136079.8599420
1785136079.8599420
1785136079.8599420
1785136079.8599420
1785136079.8599420
1785136079.8599420
1785136079.8599420
1785136079.8599420
1785136079.8599420
1785136079.8601639
1785136079.8601639
1785136079.8601639
1785136079.8601639
1785136079.8601639
1785136079.8601639
1785136079.8601639
1785136079.8601639
1785136079.8601639
1785136079.8601639
1785136079.8601639
1785136079.8601639
1785136079.8601639
1785136079.8601639
1785136079.8601639
1785136079.8601639
1785136079.8601639
1785136079.8601639
1785136079.8601639
1785136079.8601639
1785136079.8601639
1785136079.8601639
1785136079.8601639
1785136079.8601639
1785136079.8601639
1785136079.8601639
1785136079.8601639
1785136079.8601639
1785136079.8601639
1785136079.8601639
1785136079.8601639
1785136079.8601639
1785136079.8601639
1785136079.8601639
1785136079.8601639
1785136079.8601639
1785136079.8601639
1785136079.8601639
1785136079.8601639
1785136079.8601639
1785136079.8601639
1785136079.8601639
1785136079.8601639
1785136079.8603859
1785136079.8603859
1785136079.8603859
1785136079.8603859
1785136079.8603859
1785136079.8603859
1785136079.8603859
1785136079.8603859
1785136079.8603859
1785136079.8603859
1785136079.8603859
1785136079.8603859
1785136079.8603859
1785136079.8603859
1785136079.8603859
1785136079.8603859
1785136079.8603859
1785136079.8603859
1785136079.8603859
1785136079.8603859
1785136079.8603859
1785136079.8603859
1785136079.8603859
1785136079.8603859
1785136079.8603859
1785136079.8603859
1785136079.8603859
1785136079.8603859
1785136079.8603859
1785136079.8603859
1785136079.8603859
1785136079.8603859
1785136079.8603859
1785136079.8603859
1785136079.8603859
1785136079.8603859
1785136079.8603859
1785136079.8603859
1785136079.8603859
1785136079.8603859
1785136079.8603859
1785136079.8603859
1785136079.8603859
1785136079.8606069
1785136079.8606069
1785136079.8606069
1785136079.8606069
1785136079.8606069
1785136079.8606069
1785136079.8606069
1785136079.8606069
1785136079.8606069
1785136079.8606069
1785136079.8606069
1785136079.8606069
1785136079.8606069
1785136079.8606069
1785136079.8606069
1785136079.8606069
1785136079.8606069
1785136079.8606069
1785136079.8606069
1785136079.8606069
1785136079.8606069
1785136079.8606069
1785136079.8606069
1785136079.8606069
1785136079.8606069
1785136079.8606069
1785136079.8606069
1785136079.8606069
1785136079.8606069
1785136079.8606069
1785136079.8606069
1785136079.8606069
1785136079.8606069
1785136079.8606069
1785136079.8606069
1785136079.8606069
1785136079.8606069
1785136079.8606069
1785136079.8606069
1785136079.8606069
1785136079.8606069
1785136079.8606069
1785136079.8606069
1785136079.8608310
1785136079.8608310
1785136079.8608310
1785136079.8608310
1785136079.8608310
1785136079.8608310
1785136079.8608310
1785136079.8608310
1785136079.8608310
1785136079.8608310
1785136079.8608310
1785136079.8608310
1785136079.8608310
1785136079.8608310
1785136079.8608310
1785136079.8608310
1785136079.8608310
1785136079.8608310
1785136079.8608310
1785136079.8608310
1785136079.8608310
1785136079.8608310
1785136079.8608310
1785136079.8608310
1785136079.8608310
1785136079.8608310
1785136079.8608310
1785136079.8608310
1785136079.8608310
1785136079.8608310
1785136079.8608310
1785136079.8608310
1785136079.8608310
1785136079.8608310
1785136079.8608310
1785136079.8608310
1785136079.8608310
1785136079.8608310
1785136079.8608310
1785136079.8608310
1785136079.8608310
1785136079.8608310
1785136079.8608310
1785136079.8610520
1785136079.8610520
1785136079.8610520
1785136079.8610520
1785136079.8610520
1785136079.8610520
1785136079.8610520
1785136079.8610520
1785136079.8610520
1785136079.8610520
1785136079.8610520
1785136079.8610520
1785136079.8610520
1785136079.8610520
1785136079.8610520
1785136079.8610520
1785136079.8610520
1785136079.8610520
1785136079.8610520
1785136079.8610520
1785136079.8610520
1785136079.8610520
1785136079.8610520
1785136079.8610520
1785136079.8610520
1785136079.8610520
1785136079.8610520
1785136079.8610520
1785136079.8610520
1785136079.8610520
1785136079.8610520
1785136079.8610520
1785136079.8610520
1785136079.8610520
1785136079.8610520
1785136079.8610520
1785136079.8610520
1785136079.8610520
1785136079.8610520
1785136079.8610520
1785136079.8610520
1785136079.8610520
1785136079.8610520
1785136079.8612740
1785136079.8612740
1785136079.8612740
1785136079.8612740
1785136079.8612740
1785136079.8612740
1785136079.8612740
1785136079.8612740
1785136079.8612740
1785136079.8612740
1785136079.8612740
1785136079.8612740
1785136079.8612740
1785136079.8612740
1785136079.8612740
1785136079.8612740
1785136079.8612740
1785136079.8612740
1785136079.8612740
1785136079.8612740
1785136079.8612740
1785136079.8612740
1785136079.8612740
1785136079.8612740
1785136079.8612740
1785136079.8612740
1785136079.8612740
1785136079.8612740
1785136079.8612740
1785136079.8612740
1785136079.8612740
1785136079.8612740
1785136079.8612740
1785136079.8612740
1785136079.8612740
1785136079.8612740
1785136079.8612740
1785136079.8612740
1785136079.8612740
1785136079.8612740
1785136079.8612740
1785136079.8612740
1785136079.8612740
1785136079.8614969
1785136079.8614969
1785136079.8614969
1785136079.8614969
1785136079.8614969
1785136079.8614969
1785136079.8614969
1785136079.8614969
1785136079.8614969
1785136079.8614969
1785136079.8614969
1785136079.8614969
1785136079.8614969
1785136079.8614969
1785136079.8614969
1785136079.8614969
1785136079.8614969
1785136079.8614969
1785136079.8614969
1785136079.8614969
1785136079.8614969
1785136079.8614969
1785136079.8614969
1785136079.8614969
1785136079.8614969
1785136079.8614969
1785136079.8614969
1785136079.8614969
1785136079.8614969
1785136079.8614969
1785136079.8614969
1785136079.8614969
1785136079.8614969
1785136079.8614969
1785136079.8614969
1785136079.8614969
1785136079.8614969
1785136079.8614969
1785136079.8614969
1785136079.8614969
1785136079.8614969
1785136079.8614969
1785136079.8614969
1785136079.8614969
1785136079.8617179
1785136079.8617179
1785136079.8617179
1785136079.8617179
1785136079.8617179
1785136079.8617179
1785136079.8617179
1785136079.8617179
1785136079.8617179
1785136079.8617179
1785136079.8617179
1785136079.8617179
1785136079.8617179
1785136079.8617179
1785136079.8617179
1785136079.8617179
1785136079.8617179
1785136079.8617179
1785136079.8617179
1785136079.8617179
1785136079.8617179
1785136079.8617179
1785136079.8617179
1785136079.8617179
1785136079.8617179
1785136079.8617179
1785136079.8617179
1785136079.8617179
1785136079.8617179
1785136079.8617179
1785136079.8617179
1785136079.8617179
1785136079.8617179
1785136079.8617179
1785136079.8617179
1785136079.8617179
1785136079.8617179
1785136079.8617179
1785136079.8617179
1785136079.8617179
1785136079.8617179
1785136079.8617179
1785136079.8617179
1785136079.8617179
1785136079.8619399
1785136079.8619399
1785136079.8619399
1785136079.8619399
1785136079.8619399
1785136079.8619399
1785136079.8619399
1785136079.8619399
1785136079.8619399
1785136079.8619399
1785136079.8619399
1785136079.8619399
1785136079.8619399
1785136079.8619399
1785136079.8619399
1785136079.8619399
1785136079.8619399
1785136079.8619399
1785136079.8619399
1785136079.8619399
1785136079.8619399
1785136079.8619399
1785136079.8619399
1785136079.8619399
1785136079.8619399
1785136079.8619399
1785136079.8619399
1785136079.8619399
1785136079.8619399
1785136079.8619399
1785136079.8619399
1785136079.8619399
1785136079.8619399
1785136079.8619399
1785136079.8619399
1785136079.8619399
1785136079.8619399
1785136079.8619399
1785136079.8619399
1785136079.8619399
1785136079.8619399
1785136079.8619399
1785136079.8619399
1785136079.8619399
1785136079.8621640
1785136079.8621640
1785136079.8621640
1785136079.8621640
1785136079.8621640
1785136079.8621640
1785136079.8621640
1785136079.8621640
1785136079.8621640
1785136079.8621640
1785136079.8621640
1785136079.8621640
1785136079.8621640
1785136079.8621640
1785136079.8621640
1785136079.8621640
1785136079.8621640
1785136079.8621640
1785136079.8621640
1785136079.8621640
1785136079.8621640
1785136079.8621640
1785136079.8621640
1785136079.8621640
1785136079.8621640
1785136079.8621640
1785136079.8621640
1785136079.8621640
1785136079.8621640
1785136079.8621640
1785136079.8621640
1785136079.8621640
1785136079.8621640
1785136079.8621640
1785136079.8621640
1785136079.8621640
1785136079.8621640
1785136079.8621640
1785136079.8621640
1785136079.8621640
1785136079.8621640
1785136079.8621640
1785136079.8621640
1785136079.8621640
1785136079.8623860
1785136079.8623860
1785136079.8623860
1785136079.8623860
1785136079.8623860
1785136079.8623860
1785136079.8623860
1785136079.8623860
1785136079.8623860
1785136079.8623860
1785136079.8623860
1785136079.8623860
1785136079.8623860
1785136079.8623860
1785136079.8623860
1785136079.8623860
1785136079.8623860
1785136079.8623860
1785136079.8623860
1785136079.8623860
1785136079.8623860
1785136079.8623860
1785136079.8623860
1785136079.8623860
1785136079.8623860
1785136079.8623860
1785136079.8623860
1785136079.8623860
1785136079.8623860
1785136079.8623860
1785136079.8623860
1785136079.8623860
1785136079.8623860
1785136079.8623860
1785136079.8623860
1785136079.8623860
1785136079.8623860
1785136079.8623860
1785136079.8623860
1785136079.8623860
1785136079.8623860
1785136079.8623860
1785136079.8623860
1785136079.8623860
1785136079.8626070
1785136079.8626070
1785136079.8626070
1785136079.8626070
1785136079.8626070
1785136079.8626070
1785136079.8626070
1785136079.8626070
1785136079.8626070
1785136079.8626070
1785136079.8626070
1785136079.8626070
1785136079.8626070
1785136079.8626070
1785136079.8626070
1785136079.8626070
1785136079.8626070
1785136079.8626070
1785136079.8626070
1785136079.8626070
1785136079.8626070
1785136079.8626070
1785136079.8626070
1785136079.8626070
1785136079.8626070
1785136079.8626070
1785136079.8626070
1785136079.8626070
1785136079.8626070
1785136079.8626070
1785136079.8626070
1785136079.8626070
1785136079.8626070
1785136079.8626070
1785136079.8626070
1785136079.8626070
1785136079.8626070
1785136079.8626070
1785136079.8626070
1785136079.8626070
1785136079.8626070
1785136079.8626070
1785136079.8626070
1785136079.8626070
1785136079.8628290
1785136079.8628290
1785136079.8628290
1785136079.8628290
1785136079.8628290
1785136079.8628290
1785136079.8628290
1785136079.8628290
1785136079.8628290
1785136079.8628290
1785136079.8628290
1785136079.8628290
1785136079.8628290
1785136079.8628290
1785136079.8628290
1785136079.8628290
1785136079.8628290
1785136079.8628290
1785136079.8628290
1785136079.8628290
1785136079.8628290
1785136079.8628290
1785136079.8628290
1785136079.8628290
1785136079.8628290
1785136079.8628290
1785136079.8628290
1785136079.8628290
1785136079.8628290
1785136079.8628290
1785136079.8628290
1785136079.8628290
1785136079.8628290
1785136079.8628290
1785136079.8628290
1785136079.8628290
1785136079.8628290
1785136079.8628290
1785136079.8628290
1785136079.8628290
1785136079.8628290
1785136079.8628290
1785136079.8628290
1785136079.8628290
1785136079.8630531
1785136079.8630531
1785136079.8630531
1785136079.8630531
1785136079.8630531
1785136079.8630531
1785136079.8630531
1785136079.8630531
1785136079.8630531
1785136079.8630531
1785136079.8630531
1785136079.8630531
1785136079.8630531
1785136079.8630531
1785136079.8630531
1785136079.8630531
1785136079.8630531
1785136079.8630531
1785136079.8630531
1785136079.8630531
1785136079.8630531
1785136079.8630531
1785136079.8630531
1785136079.8630531
1785136079.8630531
1785136079.8630531
1785136079.8630531
1785136079.8630531
1785136079.8630531
1785136079.8630531
1785136079.8630531
1785136079.8630531
1785136079.8630531
1785136079.8630531
1785136079.8630531
1785136079.8630531
1785136079.8630531
1785136079.8630531
1785136079.8630531
1785136079.8630531
1785136079.8630531
1785136079.8630531
1785136079.8630531
1785136079.8630531
1785136079.8630531
1785136079.8632729
1785136079.8632729
1785136079.8632729
1785136079.8632729
1785136079.8632729
1785136079.8632729
1785136079.8632729
1785136079.8632729
1785136079.8632729
1785136079.8632729
1785136079.8632729
1785136079.8632729
1785136079.8632729
1785136079.8632729
1785136079.8632729
1785136079.8632729
1785136079.8632729
1785136079.8632729
1785136079.8632729
1785136079.8632729
1785136079.8632729
1785136079.8632729
1785136079.8632729
1785136079.8632729
1785136079.8632729
1785136079.8632729
1785136079.8632729
1785136079.8632729
1785136079.8632729
1785136079.8632729
1785136079.8632729
1785136079.8632729
1785136079.8632729
1785136079.8632729
1785136079.8632729
1785136079.8632729
1785136079.8632729
1785136079.8632729
1785136079.8632729
1785136079.8632729
1785136079.8632729
1785136079.8632729
1785136079.8632729
1785136079.8632729
1785136079.8632729
1785136079.8634970
1785136079.8634970
1785136079.8634970
1785136079.8634970
1785136079.8634970
1785136079.8634970
1785136079.8634970
1785136079.8634970
1785136079.8634970
1785136079.8634970
1785136079.8634970
1785136079.8634970
1785136079.8634970
1785136079.8634970
1785136079.8634970
1785136079.8634970
1785136079.8634970
1785136079.8634970
1785136079.8634970
1785136079.8634970
1785136079.8634970
1785136079.8634970
1785136079.8634970
1785136079.8634970
1785136079.8634970
1785136079.8634970
1785136079.8634970
1785136079.8634970
1785136079.8634970
1785136079.8634970
1785136079.8634970
1785136079.8634970
1785136079.8634970
1785136079.8634970
1785136079.8634970
1785136079.8634970
1785136079.8634970
1785136079.8634970
1785136079.8634970
1785136079.8634970
1785136079.8634970
1785136079.8634970
1785136079.8634970
1785136079.8634970
1785136079.8634970
1785136079.8637180
1785136079.8637180
1785136079.8637180
1785136079.8637180
1785136079.8637180
1785136079.8637180
1785136079.8637180
1785136079.8637180
1785136079.8637180
1785136079.8637180
1785136079.8637180
1785136079.8637180
1785136079.8637180
1785136079.8637180
1785136079.8637180
1785136079.8637180
1785136079.8637180
1785136079.8637180
1785136079.8637180
1785136079.8637180
1785136079.8637180
1785136079.8637180
1785136079.8637180
1785136079.8637180
1785136079.8637180
1785136079.8637180
1785136079.8637180
1785136079.8637180
1785136079.8637180
1785136079.8637180
1785136079.8637180
1785136079.8637180
1785136079.8637180
1785136079.8637180
1785136079.8637180
1785136079.8637180
1785136079.8637180
1785136079.8637180
1785136079.8637180
1785136079.8637180
1785136079.8637180
1785136079.8637180
1785136079.8637180
1785136079.8637180
1785136079.8637180
1785136079.8639400
1785136079.8639400
1785136079.8639400
1785136079.8639400
1785136079.8639400
1785136079.8639400
1785136079.8639400
1785136079.8639400
1785136079.8639400
1785136079.8639400
1785136079.8639400
1785136079.8639400
1785136079.8639400
1785136079.8639400
1785136079.8639400
1785136079.8639400
1785136079.8639400
1785136079.8639400
1785136079.8639400
1785136079.8639400
1785136079.8639400
1785136079.8639400
1785136079.8639400
1785136079.8639400
1785136079.8639400
1785136079.8639400
1785136079.8639400
1785136079.8639400
1785136079.8639400
1785136079.8639400
1785136079.8639400
1785136079.8639400
1785136079.8639400
1785136079.8639400
1785136079.8639400
1785136079.8639400
1785136079.8639400
1785136079.8639400
1785136079.8639400
1785136079.8639400
1785136079.8639400
1785136079.8639400
1785136079.8639400
1785136079.8639400
1785136079.8639400
1785136079.8641629
1785136079.8641629
1785136079.8641629
1785136079.8641629
1785136079.8641629
1785136079.8641629
1785136079.8641629
1785136079.8641629
1785136079.8641629
1785136079.8641629
1785136079.8641629
1785136079.8641629
1785136079.8641629
1785136079.8641629
1785136079.8641629
1785136079.8641629
1785136079.8641629
1785136079.8641629
1785136079.8641629
1785136079.8641629
1785136079.8641629
1785136079.8641629
1785136079.8641629
1785136079.8641629
1785136079.8641629
1785136079.8641629
1785136079.8641629
1785136079.8641629
1785136079.8641629
1785136079.8641629
1785136079.8641629
1785136079.8641629
1785136079.8641629
1785136079.8641629
1785136079.8641629
1785136079.8641629
1785136079.8641629
1785136079.8641629
1785136079.8641629
1785136079.8641629
1785136079.8641629
1785136079.8641629
1785136079.8641629
1785136079.8641629
1785136079.8641629
1785136079.8643849
1785136079.8643849
1785136079.8643849
1785136079.8643849
1785136079.8643849
1785136079.8643849
1785136079.8643849
1785136079.8643849
1785136079.8643849
1785136079.8643849
1785136079.8643849
1785136079.8643849
1785136079.8643849
1785136079.8643849
1785136079.8643849
1785136079.8643849
1785136079.8643849
1785136079.8643849
1785136079.8643849
1785136079.8643849
1785136079.8643849
1785136079.8643849
1785136079.8643849
1785136079.8643849
1785136079.8643849
1785136079.8643849
1785136079.8643849
1785136079.8643849
1785136079.8643849
1785136079.8643849
1785136079.8643849
1785136079.8643849
1785136079.8643849
1785136079.8643849
1785136079.8643849
1785136079.8643849
1785136079.8643849
1785136079.8643849
1785136079.8643849
1785136079.8643849
1785136079.8643849
1785136079.8643849
1785136079.8643849
1785136079.8643849
1785136079.8643849
1785136079.8646071
1785136079.8646071
1785136079.8646071
1785136079.8646071
1785136079.8646071
1785136079.8646071
1785136079.8646071
1785136079.8646071
1785136079.8646071
1785136079.8646071
1785136079.8646071
1785136079.8646071
1785136079.8646071
1785136079.8646071
1785136079.8646071
1785136079.8646071
1785136079.8646071
1785136079.8646071
1785136079.8646071
1785136079.8646071
1785136079.8646071
1785136079.8646071
1785136079.8646071
1785136079.8646071
1785136079.8646071
1785136079.8646071
1785136079.8646071
1785136079.8646071
1785136079.8646071
1785136079.8646071
1785136079.8646071
1785136079.8646071
1785136079.8646071
1785136079.8646071
1785136079.8646071
1785136079.8646071
1785136079.8646071
1785136079.8646071
1785136079.8646071
1785136079.8646071
1785136079.8646071
1785136079.8646071
1785136079.8646071
1785136079.8646071
1785136079.8646071
1785136079.8648291
1785136079.8648291
1785136079.8648291
1785136079.8648291
1785136079.8648291
1785136079.8648291
1785136079.8648291
1785136079.8648291
1785136079.8648291
1785136079.8648291
1785136079.8648291
1785136079.8648291
1785136079.8648291
1785136079.8648291
1785136079.8648291
1785136079.8648291
1785136079.8648291
1785136079.8648291
1785136079.8648291
1785136079.8648291
1785136079.8648291
1785136079.8648291
1785136079.8648291
1785136079.8648291
1785136079.8648291
1785136079.8648291
1785136079.8648291
1785136079.8648291
1785136079.8648291
1785136079.8648291
1785136079.8648291
1785136079.8648291
1785136079.8648291
1785136079.8648291
1785136079.8648291
1785136079.8648291
1785136079.8648291
1785136079.8648291
1785136079.8648291
1785136079.8648291
1785136079.8648291
1785136079.8648291
1785136079.8648291
1785136079.8648291
1785136079.8648291
1785136079.8648291
1785136079.8650510
1785136079.8650510
1785136079.8650510
1785136079.8650510
1785136079.8650510
1785136079.8650510
1785136079.8650510
1785136079.8650510
1785136079.8650510
1785136079.8650510
1785136079.8650510
1785136079.8650510
1785136079.8650510
1785136079.8650510
1785136079.8650510
1785136079.8650510
1785136079.8650510
1785136079.8650510
1785136079.8650510
1785136079.8650510
1785136079.8650510
1785136079.8650510
1785136079.8650510
1785136079.8650510
1785136079.8650510
1785136079.8650510
1785136079.8650510
1785136079.8650510
1785136079.8650510
1785136079.8650510
1785136079.8650510
1785136079.8650510
1785136079.8650510
1785136079.8650510
1785136079.8650510
1785136079.8650510
1785136079.8650510
1785136079.8650510
1785136079.8650510
1785136079.8650510
1785136079.8650510
1785136079.8650510
1785136079.8650510
1785136079.8650510
1785136079.8650510
1785136079.8650510
1785136079.8652730
1785136079.8652730
1785136079.8652730
1785136079.8652730
1785136079.8652730
1785136079.8652730
1785136079.8652730
1785136079.8652730
1785136079.8652730
1785136079.8652730
1785136079.8652730
1785136079.8652730
1785136079.8652730
1785136079.8652730
1785136079.8652730
1785136079.8652730
1785136079.8652730
1785136079.8652730
1785136079.8652730
1785136079.8652730
1785136079.8652730
1785136079.8652730
1785136079.8652730
1785136079.8652730
1785136079.8652730
1785136079.8652730
1785136079.8652730
1785136079.8652730
1785136079.8652730
1785136079.8652730
1785136079.8652730
1785136079.8652730
1785136079.8652730
1785136079.8652730
1785136079.8652730
1785136079.8652730
1785136079.8652730
1785136079.8652730
1785136079.8652730
1785136079.8652730
1785136079.8652730
1785136079.8652730
1785136079.8652730
1785136079.8652730
1785136079.8652730
1785136079.8652730
1785136079.8654959
1785136079.8654959
1785136079.8654959
1785136079.8654959
1785136079.8654959
1785136079.8654959
1785136079.8654959
1785136079.8654959
1785136079.8654959
1785136079.8654959
1785136079.8654959
1785136079.8654959
1785136079.8654959
1785136079.8654959
1785136079.8654959
1785136079.8654959
1785136079.8654959
1785136079.8654959
1785136079.8654959
1785136079.8654959
1785136079.8654959
1785136079.8654959
1785136079.8654959
1785136079.8654959
1785136079.8654959
1785136079.8654959
1785136079.8654959
1785136079.8654959
1785136079.8654959
1785136079.8654959
1785136079.8654959
1785136079.8654959
1785136079.8654959
1785136079.8654959
1785136079.8654959
1785136079.8654959
1785136079.8654959
1785136079.8654959
1785136079.8654959
1785136079.8654959
1785136079.8654959
1785136079.8654959
1785136079.8654959
1785136079.8654959
1785136079.8654959
1785136079.8654959
1785136079.8657191
1785136079.8657191
1785136079.8657191
1785136079.8657191
1785136079.8657191
1785136079.8657191
1785136079.8657191
1785136079.8657191
1785136079.8657191
1785136079.8657191
1785136079.8657191
1785136079.8657191
1785136079.8657191
1785136079.8657191
1785136079.8657191
1785136079.8657191
1785136079.8657191
1785136079.8657191
1785136079.8657191
1785136079.8657191
1785136079.8657191
1785136079.8657191
1785136079.8657191
1785136079.8657191
1785136079.8657191
1785136079.8657191
1785136079.8657191
1785136079.8657191
1785136079.8657191
1785136079.8657191
1785136079.8657191
1785136079.8657191
1785136079.8657191
1785136079.8657191
1785136079.8657191
1785136079.8657191
1785136079.8657191
1785136079.8657191
1785136079.8657191
1785136079.8657191
1785136079.8657191
1785136079.8657191
1785136079.8657191
1785136079.8657191
1785136079.8657191
1785136079.8657191
1785136079.8659480
1785136079.8659480
1785136079.8659480
1785136079.8659480
1785136079.8659480
1785136079.8659480
1785136079.8659480
1785136079.8659480
1785136079.8659480
1785136079.8659480
1785136079.8659480
1785136079.8659480
1785136079.8659480
1785136079.8659480
1785136079.8659480
1785136079.8659480
1785136079.8659480
1785136079.8659480
1785136079.8659480
1785136079.8659480
1785136079.8659480
1785136079.8659480
1785136079.8659480
1785136079.8659480
1785136079.8659480
1785136079.8659480
1785136079.8659480
1785136079.8659480
1785136079.8659480
1785136079.8659480
1785136079.8659480
1785136079.8659480
1785136079.8659480
1785136079.8659480
1785136079.8659480
1785136079.8659480
1785136079.8659480
1785136079.8659480
1785136079.8659480
1785136079.8659480
1785136079.8659480
1785136079.8659480
1785136079.8659480
1785136079.8659480
1785136079.8659480
1785136079.8659480
1785136079.8661690
1785136079.8661690
1785136079.8661690
1785136079.8661690
1785136079.8661690
1785136079.8661690
1785136079.8661690
1785136079.8661690
1785136079.8661690
1785136079.8661690
1785136079.8661690
1785136079.8661690
1785136079.8661690
1785136079.8661690
1785136079.8661690
1785136079.8661690
1785136079.8661690
1785136079.8661690
1785136079.8661690
1785136079.8661690
1785136079.8661690
1785136079.8661690
1785136079.8661690
1785136079.8661690
1785136079.8661690
1785136079.8661690
1785136079.8661690
1785136079.8661690
1785136079.8661690
1785136079.8661690
1785136079.8661690
1785136079.8661690
1785136079.8661690
1785136079.8661690
1785136079.8661690
1785136079.8661690
1785136079.8661690
1785136079.8661690
1785136079.8661690
1785136079.8661690
1785136079.8661690
1785136079.8661690
1785136079.8661690
1785136079.8661690
1785136079.8661690
1785136079.8661690
1785136079.8663850
1785136079.8663850
1785136079.8663850
1785136079.8663850
1785136079.8663850
1785136079.8663850
1785136079.8663850
1785136079.8663850
1785136079.8663850
1785136079.8663850
1785136079.8663850
1785136079.8663850
1785136079.8663850
1785136079.8663850
1785136079.8663850
1785136079.8663850
1785136079.8663850
1785136079.8663850
1785136079.8663850
1785136079.8663850
1785136079.8663850
1785136079.8663850
1785136079.8663850
1785136079.8663850
1785136079.8663850
1785136079.8663850
1785136079.8663850
1785136079.8663850
1785136079.8663850
1785136079.8663850
1785136079.8663850
1785136079.8663850
1785136079.8663850
1785136079.8663850
1785136079.8663850
1785136079.8663850
1785136079.8663850
1785136079.8663850
1785136079.8663850
1785136079.8663850
1785136079.8663850
1785136079.8663850
1785136079.8663850
1785136079.8663850
1785136079.8663850
1785136079.8663850
1785136079.8663850
1785136079.8666070
1785136079.8666070
1785136079.8666070
1785136079.8666070
1785136079.8666070
1785136079.8666070
1785136079.8666070
1785136079.8666070
1785136079.8666070
1785136079.8666070
1785136079.8666070
1785136079.8666070
1785136079.8666070
1785136079.8666070
1785136079.8666070
1785136079.8666070
1785136079.8666070
1785136079.8666070
1785136079.8666070
1785136079.8666070
1785136079.8666070
1785136079.8666070
1785136079.8666070
1785136079.8666070
1785136079.8666070
1785136079.8666070
1785136079.8666070
1785136079.8666070
1785136079.8666070
1785136079.8666070
1785136079.8666070
1785136079.8666070
1785136079.8666070
1785136079.8666070
1785136079.8666070
1785136079.8666070
1785136079.8666070
1785136079.8666070
1785136079.8666070
1785136079.8666070
1785136079.8666070
1785136079.8666070
1785136079.8666070
1785136079.8666070
1785136079.8666070
1785136079.8666070
1785136079.8666070
1785136079.8668289
1785136079.8668289
1785136079.8668289
1785136079.8668289
1785136079.8668289
1785136079.8668289
1785136079.8668289
1785136079.8668289
1785136079.8668289
1785136079.8668289
1785136079.8668289
1785136079.8668289
1785136079.8668289
1785136079.8668289
1785136079.8668289
1785136079.8668289
1785136079.8668289
1785136079.8668289
1785136079.8668289
1785136079.8668289
1785136079.8668289
1785136079.8668289
1785136079.8668289
1785136079.8668289
1785136079.8668289
1785136079.8668289
1785136079.8668289
1785136079.8668289
1785136079.8668289
1785136079.8668289
1785136079.8668289
1785136079.8668289
1785136079.8668289
1785136079.8668289
1785136079.8668289
1785136079.8668289
1785136079.8668289
1785136079.8668289
1785136079.8668289
1785136079.8668289
1785136079.8668289
1785136079.8668289
1785136079.8668289
1785136079.8668289
1785136079.8668289
1785136079.8668289
1785136079.8668289
1785136079.8670499
1785136079.8670499
1785136079.8670499
1785136079.8670499
1785136079.8670499
1785136079.8670499
1785136079.8670499
1785136079.8670499
1785136079.8670499
1785136079.8670499
1785136079.8670499
1785136079.8670499
1785136079.8670499
1785136079.8670499
1785136079.8670499
1785136079.8670499
1785136079.8670499
1785136079.8670499
1785136079.8670499
1785136079.8670499
1785136079.8670499
1785136079.8670499
1785136079.8670499
1785136079.8670499
1785136079.8670499
1785136079.8670499
1785136079.8670499
1785136079.8670499
1785136079.8670499
1785136079.8670499
1785136079.8670499
1785136079.8670499
1785136079.8670499
1785136079.8670499
1785136079.8670499
1785136079.8670499
1785136079.8670499
1785136079.8670499
1785136079.8670499
1785136079.8670499
1785136079.8670499
1785136079.8670499
1785136079.8670499
1785136079.8670499
1785136079.8670499
1785136079.8670499
1785136079.8670499
1785136079.8672731
1785136079.8672731
1785136079.8672731
1785136079.8672731
1785136079.8672731
1785136079.8672731
1785136079.8672731
1785136079.8672731
1785136079.8672731
1785136079.8672731
1785136079.8672731
1785136079.8672731
1785136079.8672731
1785136079.8672731
1785136079.8672731
1785136079.8672731
1785136079.8672731
1785136079.8672731
1785136079.8672731
1785136079.8672731
1785136079.8672731
1785136079.8672731
1785136079.8672731
1785136079.8672731
1785136079.8672731
1785136079.8672731
1785136079.8672731
1785136079.8672731
1785136079.8672731
1785136079.8672731
1785136079.8672731
1785136079.8672731
1785136079.8672731
1785136079.8672731
1785136079.8672731
1785136079.8672731
1785136079.8672731
1785136079.8672731
1785136079.8672731
1785136079.8672731
1785136079.8672731
1785136079.8672731
1785136079.8672731
1785136079.8672731
1785136079.8672731
1785136079.8672731
1785136079.8672731
1785136079.8674951
1785136079.8674951
1785136079.8674951
1785136079.8674951
1785136079.8674951
1785136079.8674951
1785136079.8674951
1785136079.8674951
1785136079.8674951
1785136079.8674951
1785136079.8674951
1785136079.8674951
1785136079.8674951
1785136079.8674951
1785136079.8674951
1785136079.8674951
1785136079.8674951
1785136079.8674951
1785136079.8674951
1785136079.8674951
1785136079.8674951
1785136079.8674951
1785136079.8674951
1785136079.8674951
1785136079.8674951
1785136079.8674951
1785136079.8674951
1785136079.8674951
1785136079.8674951
1785136079.8674951
1785136079.8674951
1785136079.8674951
1785136079.8674951
1785136079.8674951
1785136079.8674951
1785136079.8674951
1785136079.8674951
1785136079.8674951
1785136079.8674951
1785136079.8674951
1785136079.8674951
1785136079.8674951
1785136079.8674951
1785136079.8674951
1785136079.8674951
1785136079.8674951
1785136079.8674951
1785136079.8677161
1785136079.8677161
1785136079.8677161
1785136079.8677161
1785136079.8677161
1785136079.8677161
1785136079.8677161
1785136079.8677161
1785136079.8677161
1785136079.8677161
1785136079.8677161
1785136079.8677161
1785136079.8677161
1785136079.8677161
1785136079.8677161
1785136079.8677161
1785136079.8677161
1785136079.8677161
1785136079.8677161
1785136079.8677161
1785136079.8677161
1785136079.8677161
1785136079.8677161
1785136079.8677161
1785136079.8677161
1785136079.8677161
1785136079.8677161
1785136079.8677161
1785136079.8677161
1785136079.8677161
1785136079.8677161
1785136079.8677161
1785136079.8677161
1785136079.8677161
1785136079.8677161
1785136079.8677161
1785136079.8677161
1785136079.8677161
1785136079.8677161
1785136079.8677161
1785136079.8677161
1785136079.8677161
1785136079.8677161
1785136079.8677161
1785136079.8677161
1785136079.8677161
1785136079.8677161
1785136079.8677161
1785136079.8679390
1785136079.8679390
1785136079.8679390
1785136079.8679390
1785136079.8679390
1785136079.8679390
1785136079.8679390
1785136079.8679390
1785136079.8679390
1785136079.8679390
1785136079.8679390
1785136079.8679390
1785136079.8679390
1785136079.8679390
1785136079.8679390
1785136079.8679390
1785136079.8679390
1785136079.8679390
1785136079.8679390
1785136079.8679390
1785136079.8679390
1785136079.8679390
1785136079.8679390
1785136079.8679390
1785136079.8679390
1785136079.8679390
1785136079.8679390
1785136079.8679390
1785136079.8679390
1785136079.8679390
1785136079.8679390
1785136079.8679390
1785136079.8679390
1785136079.8679390
1785136079.8679390
1785136079.8679390
1785136079.8679390
1785136079.8679390
1785136079.8679390
1785136079.8679390
1785136079.8679390
1785136079.8679390
1785136079.8679390
1785136079.8679390
1785136079.8679390
1785136079.8679390
1785136079.8679390
1785136079.8679390
1785136079.8681610
1785136079.8681610
1785136079.8681610
1785136079.8681610
1785136079.8681610
1785136079.8681610
1785136079.8681610
1785136079.8681610
1785136079.8681610
1785136079.8681610
1785136079.8681610
1785136079.8681610
1785136079.8681610
1785136079.8681610
1785136079.8681610
1785136079.8681610
1785136079.8681610
1785136079.8681610
1785136079.8681610
1785136079.8681610
1785136079.8681610
1785136079.8681610
1785136079.8681610
1785136079.8681610
1785136079.8681610
1785136079.8681610
1785136079.8681610
1785136079.8681610
1785136079.8681610
1785136079.8681610
1785136079.8681610
1785136079.8681610
1785136079.8681610
1785136079.8681610
1785136079.8681610
1785136079.8681610
1785136079.8681610
1785136079.8681610
1785136079.8681610
1785136079.8681610
1785136079.8681610
1785136079.8681610
1785136079.8681610
1785136079.8681610
1785136079.8681610
1785136079.8681610
1785136079.8681610
1785136079.8681610
1785136079.8683839
1785136079.8683839
1785136079.8683839
1785136079.8683839
1785136079.8683839
1785136079.8683839
1785136079.8683839
1785136079.8683839
1785136079.8683839
1785136079.8683839
1785136079.8683839
1785136079.8683839
1785136079.8683839
1785136079.8683839
1785136079.8683839
1785136079.8683839
1785136079.8683839
1785136079.8683839
1785136079.8683839
1785136079.8683839
1785136079.8683839
1785136079.8683839
1785136079.8683839
1785136079.8683839
1785136079.8683839
1785136079.8683839
1785136079.8683839
1785136079.8683839
1785136079.8683839
1785136079.8683839
1785136079.8683839
1785136079.8683839
1785136079.8683839
1785136079.8683839
1785136079.8683839
1785136079.8683839
1785136079.8683839
1785136079.8683839
1785136079.8683839
1785136079.8683839
1785136079.8683839
1785136079.8683839
1785136079.8683839
1785136079.8683839
1785136079.8686061
1785136079.8686061
1785136079.8686061
1785136079.8686061
1785136079.8686061
1785136079.8686061
1785136079.8686061
1785136079.8686061
1785136079.8686061
1785136079.8686061
1785136079.8686061
1785136079.8686061
1785136079.8686061
1785136079.8686061
1785136079.8686061
1785136079.8686061
1785136079.8686061
1785136079.8686061
1785136079.8686061
1785136079.8686061
1785136079.8686061
1785136079.8686061
1785136079.8686061
1785136079.8686061
1785136079.8686061
1785136079.8686061
1785136079.8688281
1785136079.8688281
1785136079.8688281
1785136079.8688281
1785136079.8688281
1785136079.8688281
1785136079.8688281
1785136079.8688281
1785136079.8688281
1785136079.8688281
1785136079.8688281
1785136079.8688281
1785136079.8688281
1785136079.8688281
1785136079.8688281
1785136079.8688281
1785136079.8688281
1785136079.8688281
1785136079.8688281
1785136079.8688281
1785136079.8688281
1785136079.8688281
1785136079.8688281
1785136079.8688281
1785136079.8688281
1785136079.8688281
1785136079.8690500
1785136079.8690500
1785136079.8690500
1785136079.8690500
1785136079.8690500
1785136079.8690500
1785136079.8690500
1785136079.8690500
1785136079.8690500
1785136079.8690500
1785136079.8690500
1785136079.8690500
1785136079.8690500
1785136079.8690500
1785136079.8690500
1785136079.8690500
1785136079.8690500
1785136079.8690500
1785136079.8690500
1785136079.8690500
1785136079.8690500
1785136079.8690500
1785136079.8690500
1785136079.8690500
1785136079.8690500
1785136079.8690500
1785136079.8690500
1785136079.8690500
1785136079.8690500
1785136079.8690500
1785136079.8690500
1785136079.8690500
1785136079.8690500
1785136079.8690500
1785136079.8690500
1785136079.8692720
1785136079.8692720
1785136079.8692720
1785136079.8692720
1785136079.8692720
1785136079.8692720
1785136079.8692720
1785136079.8692720
1785136079.8692720
1785136079.8692720
1785136079.8692720
1785136079.8692720
1785136079.8692720
1785136079.8692720
1785136079.8692720
1785136079.8692720
1785136079.8692720
1785136079.8694949
1785136079.8694949
1785136079.8694949
1785136079.8694949
1785136079.8694949
1785136079.8694949
1785136079.8694949
1785136079.8694949
1785136079.8694949
1785136079.8694949
1785136079.8694949
1785136079.8694949
1785136079.8694949
1785136079.8694949
1785136079.8694949
1785136079.8694949
1785136079.8694949
1785136079.8697159
1785136079.8697159
1785136079.8697159
1785136079.8697159
1785136079.8697159
1785136079.8697159
1785136079.8697159
1785136079.8697159
1785136079.8697159
1785136079.8697159
1785136079.8697159
1785136079.8697159
1785136079.8697159
1785136079.8697159
1785136079.8697159
1785136079.8697159
1785136079.8697159
1785136079.8699391
1785136079.8699391
1785136079.8699391
1785136079.8699391
1785136079.8699391
1785136079.8699391
1785136079.8699391
1785136079.8699391
1785136079.8699391
1785136079.8699391
1785136079.8699391
1785136079.8699391
1785136079.8699391
1785136079.8699391
1785136079.8699391
1785136079.8699391
1785136079.8699391
1785136079.8701611
1785136079.8701611
1785136079.8701611
1785136079.8701611
1785136079.8701611
1785136079.8701611
1785136079.8701611
1785136079.8701611
1785136079.8701611
1785136079.8701611
1785136079.8701611
1785136079.8701611
1785136079.8701611
1785136079.8701611
1785136079.8701611
1785136079.8703830
1785136079.8703830
1785136079.8703830
1785136079.8703830
1785136079.8703830
1785136079.8703830
1785136079.8703830
1785136079.8703830
1785136079.8703830
1785136079.8703830
1785136079.8703830
1785136079.8752711
1785136079.8752711
1785136079.8752711
1785136079.8752711
1785136079.8752711
1785136079.8752711
1785136079.8752711
1785136079.8752711
1785136079.8752711
1785136079.8754930
1785136079.8754930
1785136079.8754930
1785136079.8754930
1785136079.8754930
1785136079.8754930
1785136079.8754930
1785136079.8754930
1785136079.8754930
1785136079.8754930
1785136079.8754930
1785136079.8757150
1785136079.8757150
1785136079.8757150
1785136079.8757150
1785136079.8757150
1785136079.8757150
1785136079.8757150
1785136079.8757150
1785136079.8757150
1785136079.8757150
1785136079.8757150
1785136079.8759379
1785136079.8759379
1785136079.8759379
1785136079.8759379
1785136079.8759379
1785136079.8759379
1785136079.8759379
1785136079.8759379
1785136079.8759379
1785136079.8759379
1785136079.8759379
1785136079.8759379
1785136079.8761599
1785136079.8761599
1785136079.8761599
1785136079.8761599
1785136079.8761599
1785136079.8761599
1785136079.8761599
1785136079.8761599
1785136079.8761599
1785136079.8761599
1785136079.8761599
1785136079.8761599
1785136079.8761599
1785136079.8761599
1785136079.8763831
1785136079.8763831
1785136079.8763831
1785136079.8763831
1785136079.8763831
1785136079.8763831
1785136079.8763831
1785136079.8763831
1785136079.8763831
1785136079.8763831
1785136079.8763831
1785136079.8763831
1785136079.8763831
1785136079.8763831
1785136079.8763831
1785136079.8763831
1785136079.8766041
1785136079.8766041
1785136079.8766041
1785136079.8766041
1785136079.8766041
1785136079.8766041
1785136079.8766041
1785136079.8766041
1785136079.8766041
1785136079.8766041
1785136079.8766041
1785136079.8766041
1785136079.8766041
1785136079.8766041
1785136079.8766041
1785136079.8766041
1785136079.8768270
1785136079.8768270
1785136079.8768270
1785136079.8768270
1785136079.8768270
1785136079.8768270
1785136079.8768270
1785136079.8768270
1785136079.8768270
1785136079.8768270
1785136079.8768270
1785136079.8768270
1785136079.8768270
1785136079.8768270
1785136079.8768270
1785136079.8770490
1785136079.8770490
1785136079.8770490
1785136079.8770490
1785136079.8770490
1785136079.8770490
1785136079.8770490
1785136079.8770490
1785136079.8770490
1785136079.8770490
1785136079.8770490
1785136079.8770490
1785136079.8770490
1785136079.8772709
1785136079.8772709
1785136079.8772709
1785136079.8772709
1785136079.8772709
1785136079.8772709
1785136079.8772709
