1785136095.1268830
1785136095.1268830
1785136095.1268830
1785136095.1268830
1785136095.1268830
1785136095.1268830
1785136095.1271050
1785136095.1271050
1785136095.1271050
1785136095.1271050
1785136095.1271050
1785136095.1271050
1785136095.1271050
1785136095.1271050
1785136095.1271050
1785136095.1273279
1785136095.1273279
1785136095.1273279
1785136095.1273279
1785136095.1273279
1785136095.1273279
1785136095.1273279
1785136095.1273279
1785136095.1273279
1785136095.1273279
1785136095.1273279
1785136095.1275489
1785136095.1275489
1785136095.1275489
1785136095.1275489
1785136095.1275489
1785136095.1275489
1785136095.1275489
1785136095.1275489
1785136095.1275489
1785136095.1275489
1785136095.1275489
1785136095.1277709
1785136095.1277709
1785136095.1277709
1785136095.1277709
1785136095.1277709
1785136095.1277709
1785136095.1277709
1785136095.1277709
1785136095.1279941
1785136095.1279941
1785136095.1279941
1785136095.1279941
1785136095.1279941
1785136095.1279941
1785136095.1279941
1785136095.1279941
1785136095.1282160
1785136095.1282160
1785136095.1282160
1785136095.1282160
1785136095.1282160
1785136095.1282160
1785136095.1282160
1785136095.1284370
1785136095.1284370
1785136095.1284370
1785136095.1284370
1785136095.1284370
1785136095.1286600
1785136095.1286600
1785136095.1315479
1785136095.1315479
1785136095.1317711
1785136095.1317711
1785136095.1317711
1785136095.1317711
1785136095.1317711
1785136095.1317711
1785136095.1317711
1785136095.1317711
1785136095.1317711
1785136095.1317711
1785136095.1319931
1785136095.1319931
1785136095.1319931
1785136095.1319931
1785136095.1319931
1785136095.1319931
1785136095.1319931
1785136095.1319931
1785136095.1319931
1785136095.1319931
1785136095.1319931
1785136095.1319931
1785136095.1319931
1785136095.1319931
1785136095.1319931
1785136095.1319931
1785136095.1319931
1785136095.1319931
1785136095.1319931
1785136095.1319931
1785136095.1319931
1785136095.1319931
1785136095.1319931
1785136095.1319931
1785136095.1319931
1785136095.1319931
1785136095.1319931
1785136095.1319931
1785136095.1319931
1785136095.1319931
1785136095.1319931
1785136095.1319931
1785136095.1322150
1785136095.1322150
1785136095.1322150
1785136095.1322150
1785136095.1322150
1785136095.1322150
1785136095.1322150
1785136095.1322150
1785136095.1322150
1785136095.1322150
1785136095.1322150
1785136095.1322150
1785136095.1322150
1785136095.1322150
1785136095.1322150
1785136095.1322150
1785136095.1322150
1785136095.1322150
1785136095.1322150
1785136095.1322150
1785136095.1322150
1785136095.1322150
1785136095.1322150
1785136095.1322150
1785136095.1322150
1785136095.1322150
1785136095.1322150
1785136095.1322150
1785136095.1322150
1785136095.1322150
1785136095.1322150
1785136095.1322150
1785136095.1324370
1785136095.1324370
1785136095.1324370
1785136095.1324370
1785136095.1324370
1785136095.1324370
1785136095.1324370
1785136095.1324370
1785136095.1324370
1785136095.1324370
1785136095.1324370
1785136095.1324370
1785136095.1324370
1785136095.1324370
1785136095.1324370
1785136095.1324370
1785136095.1324370
1785136095.1324370
1785136095.1324370
1785136095.1324370
1785136095.1324370
1785136095.1324370
1785136095.1324370
1785136095.1324370
1785136095.1324370
1785136095.1324370
1785136095.1324370
1785136095.1324370
1785136095.1324370
1785136095.1324370
1785136095.1324370
1785136095.1324370
1785136095.1326599
1785136095.1326599
1785136095.1326599
1785136095.1326599
1785136095.1326599
1785136095.1326599
1785136095.1326599
1785136095.1326599
1785136095.1326599
1785136095.1326599
1785136095.1326599
1785136095.1326599
1785136095.1326599
1785136095.1326599
1785136095.1326599
1785136095.1326599
1785136095.1326599
1785136095.1326599
1785136095.1326599
1785136095.1326599
1785136095.1326599
1785136095.1326599
1785136095.1326599
1785136095.1326599
1785136095.1326599
1785136095.1326599
1785136095.1326599
1785136095.1326599
1785136095.1326599
1785136095.1326599
1785136095.1326599
1785136095.1326599
1785136095.1328821
1785136095.1328821
1785136095.1328821
1785136095.1328821
1785136095.1328821
1785136095.1328821
1785136095.1328821
1785136095.1328821
1785136095.1328821
1785136095.1328821
1785136095.1328821
1785136095.1328821
1785136095.1328821
1785136095.1328821
1785136095.1328821
1785136095.1328821
1785136095.1328821
1785136095.1328821
1785136095.1328821
1785136095.1328821
1785136095.1328821
1785136095.1328821
1785136095.1328821
1785136095.1328821
1785136095.1328821
1785136095.1328821
1785136095.1328821
1785136095.1328821
1785136095.1328821
1785136095.1328821
1785136095.1328821
1785136095.1328821
1785136095.1331041
1785136095.1331041
1785136095.1331041
1785136095.1331041
1785136095.1331041
1785136095.1331041
1785136095.1331041
1785136095.1331041
1785136095.1331041
1785136095.1331041
1785136095.1331041
1785136095.1331041
1785136095.1331041
1785136095.1331041
1785136095.1331041
1785136095.1331041
1785136095.1331041
1785136095.1331041
1785136095.1331041
1785136095.1331041
1785136095.1331041
1785136095.1331041
1785136095.1331041
1785136095.1331041
1785136095.1331041
1785136095.1331041
1785136095.1331041
1785136095.1331041
1785136095.1331041
1785136095.1331041
1785136095.1331041
1785136095.1331041
1785136095.1333261
1785136095.1333261
1785136095.1333261
1785136095.1333261
1785136095.1333261
1785136095.1333261
1785136095.1333261
1785136095.1333261
1785136095.1333261
1785136095.1333261
1785136095.1333261
1785136095.1333261
1785136095.1333261
1785136095.1333261
1785136095.1333261
1785136095.1333261
1785136095.1333261
1785136095.1333261
1785136095.1333261
1785136095.1333261
1785136095.1333261
1785136095.1333261
1785136095.1333261
1785136095.1333261
1785136095.1333261
1785136095.1333261
1785136095.1333261
1785136095.1333261
1785136095.1333261
1785136095.1333261
1785136095.1333261
1785136095.1333261
1785136095.1333261
1785136095.1333261
1785136095.1333261
1785136095.1335480
1785136095.1335480
1785136095.1335480
1785136095.1335480
1785136095.1335480
1785136095.1335480
1785136095.1335480
1785136095.1335480
1785136095.1335480
1785136095.1335480
1785136095.1335480
1785136095.1335480
1785136095.1335480
1785136095.1335480
1785136095.1335480
1785136095.1335480
1785136095.1335480
1785136095.1335480
1785136095.1335480
1785136095.1335480
1785136095.1335480
1785136095.1335480
1785136095.1335480
1785136095.1335480
1785136095.1335480
1785136095.1335480
1785136095.1335480
1785136095.1335480
1785136095.1335480
1785136095.1335480
1785136095.1335480
1785136095.1335480
1785136095.1335480
1785136095.1335480
1785136095.1335480
1785136095.1335480
1785136095.1335480
1785136095.1335480
1785136095.1335480
1785136095.1335480
1785136095.1335480
1785136095.1335480
1785136095.1335480
1785136095.1335480
1785136095.1335480
1785136095.1335480
1785136095.1335480
1785136095.1335480
1785136095.1337709
1785136095.1337709
1785136095.1337709
1785136095.1337709
1785136095.1337709
1785136095.1337709
1785136095.1337709
1785136095.1337709
1785136095.1337709
1785136095.1337709
1785136095.1337709
1785136095.1337709
1785136095.1337709
1785136095.1337709
1785136095.1337709
1785136095.1337709
1785136095.1337709
1785136095.1337709
1785136095.1337709
1785136095.1337709
1785136095.1337709
1785136095.1337709
1785136095.1337709
1785136095.1337709
1785136095.1337709
1785136095.1337709
1785136095.1337709
1785136095.1337709
1785136095.1337709
1785136095.1337709
1785136095.1337709
1785136095.1337709
1785136095.1337709
1785136095.1337709
1785136095.1337709
1785136095.1337709
1785136095.1337709
1785136095.1337709
1785136095.1337709
1785136095.1337709
1785136095.1337709
1785136095.1337709
1785136095.1337709
1785136095.1337709
1785136095.1337709
1785136095.1337709
1785136095.1337709
1785136095.1337709
1785136095.1339920
1785136095.1339920
1785136095.1339920
1785136095.1339920
1785136095.1339920
1785136095.1339920
1785136095.1339920
1785136095.1339920
1785136095.1339920
1785136095.1339920
1785136095.1339920
1785136095.1339920
1785136095.1339920
1785136095.1339920
1785136095.1339920
1785136095.1339920
1785136095.1339920
1785136095.1339920
1785136095.1339920
1785136095.1339920
1785136095.1339920
1785136095.1339920
1785136095.1339920
1785136095.1339920
1785136095.1339920
1785136095.1339920
1785136095.1339920
1785136095.1339920
1785136095.1339920
1785136095.1339920
1785136095.1339920
1785136095.1339920
1785136095.1339920
1785136095.1339920
1785136095.1339920
1785136095.1339920
1785136095.1339920
1785136095.1339920
1785136095.1339920
1785136095.1339920
1785136095.1339920
1785136095.1339920
1785136095.1339920
1785136095.1339920
1785136095.1339920
1785136095.1339920
1785136095.1339920
1785136095.1339920
1785136095.1342151
1785136095.1342151
1785136095.1342151
1785136095.1342151
1785136095.1342151
1785136095.1342151
1785136095.1342151
1785136095.1342151
1785136095.1342151
1785136095.1342151
1785136095.1342151
1785136095.1342151
1785136095.1342151
1785136095.1342151
1785136095.1342151
1785136095.1342151
1785136095.1342151
1785136095.1342151
1785136095.1342151
1785136095.1342151
1785136095.1342151
1785136095.1342151
1785136095.1342151
1785136095.1342151
1785136095.1342151
1785136095.1342151
1785136095.1342151
1785136095.1342151
1785136095.1342151
1785136095.1342151
1785136095.1342151
1785136095.1342151
1785136095.1342151
1785136095.1342151
1785136095.1342151
1785136095.1342151
1785136095.1342151
1785136095.1342151
1785136095.1342151
1785136095.1342151
1785136095.1342151
1785136095.1342151
1785136095.1342151
1785136095.1342151
1785136095.1342151
1785136095.1342151
1785136095.1342151
1785136095.1342151
1785136095.1342151
1785136095.1344380
1785136095.1344380
1785136095.1344380
1785136095.1344380
1785136095.1344380
1785136095.1344380
1785136095.1344380
1785136095.1344380
1785136095.1344380
1785136095.1344380
1785136095.1344380
1785136095.1344380
1785136095.1344380
1785136095.1344380
1785136095.1344380
1785136095.1344380
1785136095.1344380
1785136095.1344380
1785136095.1344380
1785136095.1344380
1785136095.1344380
1785136095.1344380
1785136095.1344380
1785136095.1344380
1785136095.1344380
1785136095.1344380
1785136095.1344380
1785136095.1344380
1785136095.1344380
1785136095.1344380
1785136095.1344380
1785136095.1344380
1785136095.1344380
1785136095.1344380
1785136095.1344380
1785136095.1344380
1785136095.1344380
1785136095.1344380
1785136095.1344380
1785136095.1344380
1785136095.1344380
1785136095.1344380
1785136095.1344380
1785136095.1344380
1785136095.1344380
1785136095.1344380
1785136095.1344380
1785136095.1344380
1785136095.1344380
1785136095.1346591
1785136095.1346591
1785136095.1346591
1785136095.1346591
1785136095.1346591
1785136095.1346591
1785136095.1346591
1785136095.1346591
1785136095.1346591
1785136095.1346591
1785136095.1346591
1785136095.1346591
1785136095.1346591
1785136095.1346591
1785136095.1346591
1785136095.1346591
1785136095.1346591
1785136095.1346591
1785136095.1346591
1785136095.1346591
1785136095.1346591
1785136095.1346591
1785136095.1346591
1785136095.1346591
1785136095.1346591
1785136095.1346591
1785136095.1346591
1785136095.1346591
1785136095.1346591
1785136095.1346591
1785136095.1346591
1785136095.1346591
1785136095.1346591
1785136095.1346591
1785136095.1346591
1785136095.1346591
1785136095.1346591
1785136095.1346591
1785136095.1346591
1785136095.1346591
1785136095.1346591
1785136095.1346591
1785136095.1346591
1785136095.1346591
1785136095.1346591
1785136095.1346591
1785136095.1346591
1785136095.1346591
1785136095.1346591
1785136095.1348810
1785136095.1348810
1785136095.1348810
1785136095.1348810
1785136095.1348810
1785136095.1348810
1785136095.1348810
1785136095.1348810
1785136095.1348810
1785136095.1348810
1785136095.1348810
1785136095.1348810
1785136095.1348810
1785136095.1348810
1785136095.1348810
1785136095.1348810
1785136095.1348810
1785136095.1348810
1785136095.1348810
1785136095.1348810
1785136095.1348810
1785136095.1348810
1785136095.1348810
1785136095.1348810
1785136095.1348810
1785136095.1348810
1785136095.1348810
1785136095.1348810
1785136095.1348810
1785136095.1348810
1785136095.1348810
1785136095.1348810
1785136095.1348810
1785136095.1348810
1785136095.1348810
1785136095.1348810
1785136095.1348810
1785136095.1348810
1785136095.1348810
1785136095.1348810
1785136095.1348810
1785136095.1348810
1785136095.1348810
1785136095.1348810
1785136095.1348810
1785136095.1348810
1785136095.1348810
1785136095.1348810
1785136095.1348810
1785136095.1351030
1785136095.1351030
1785136095.1351030
1785136095.1351030
1785136095.1351030
1785136095.1351030
1785136095.1351030
1785136095.1351030
1785136095.1351030
1785136095.1351030
1785136095.1351030
1785136095.1351030
1785136095.1351030
1785136095.1351030
1785136095.1351030
1785136095.1351030
1785136095.1351030
1785136095.1351030
1785136095.1351030
1785136095.1351030
1785136095.1351030
1785136095.1351030
1785136095.1351030
1785136095.1351030
1785136095.1351030
1785136095.1351030
1785136095.1351030
1785136095.1351030
1785136095.1351030
1785136095.1351030
1785136095.1351030
1785136095.1351030
1785136095.1351030
1785136095.1351030
1785136095.1351030
1785136095.1351030
1785136095.1351030
1785136095.1351030
1785136095.1351030
1785136095.1351030
1785136095.1351030
1785136095.1351030
1785136095.1351030
1785136095.1351030
1785136095.1351030
1785136095.1351030
1785136095.1351030
1785136095.1351030
1785136095.1351030
1785136095.1353259
1785136095.1353259
1785136095.1353259
1785136095.1353259
1785136095.1353259
1785136095.1353259
1785136095.1353259
1785136095.1353259
1785136095.1353259
1785136095.1353259
1785136095.1353259
1785136095.1353259
1785136095.1353259
1785136095.1353259
1785136095.1353259
1785136095.1353259
1785136095.1353259
1785136095.1353259
1785136095.1353259
1785136095.1353259
1785136095.1353259
1785136095.1353259
1785136095.1353259
1785136095.1353259
1785136095.1353259
1785136095.1353259
1785136095.1353259
1785136095.1353259
1785136095.1353259
1785136095.1353259
1785136095.1353259
1785136095.1353259
1785136095.1353259
1785136095.1353259
1785136095.1353259
1785136095.1353259
1785136095.1353259
1785136095.1353259
1785136095.1353259
1785136095.1353259
1785136095.1353259
1785136095.1353259
1785136095.1353259
1785136095.1353259
1785136095.1353259
1785136095.1353259
1785136095.1353259
1785136095.1353259
1785136095.1353259
1785136095.1355481
1785136095.1355481
1785136095.1355481
1785136095.1355481
1785136095.1355481
1785136095.1355481
1785136095.1355481
1785136095.1355481
1785136095.1355481
1785136095.1355481
1785136095.1355481
1785136095.1355481
1785136095.1355481
1785136095.1355481
1785136095.1355481
1785136095.1355481
1785136095.1355481
1785136095.1355481
1785136095.1355481
1785136095.1355481
1785136095.1355481
1785136095.1355481
1785136095.1355481
1785136095.1355481
1785136095.1355481
1785136095.1355481
1785136095.1355481
1785136095.1355481
1785136095.1355481
1785136095.1355481
1785136095.1355481
1785136095.1355481
1785136095.1355481
1785136095.1355481
1785136095.1355481
1785136095.1355481
1785136095.1355481
1785136095.1355481
1785136095.1355481
1785136095.1355481
1785136095.1355481
1785136095.1355481
1785136095.1355481
1785136095.1355481
1785136095.1355481
1785136095.1355481
1785136095.1355481
1785136095.1355481
1785136095.1355481
1785136095.1357710
1785136095.1357710
1785136095.1357710
1785136095.1357710
1785136095.1357710
1785136095.1357710
1785136095.1357710
1785136095.1357710
1785136095.1357710
1785136095.1357710
1785136095.1357710
1785136095.1357710
1785136095.1357710
1785136095.1357710
1785136095.1357710
1785136095.1357710
1785136095.1357710
1785136095.1357710
1785136095.1357710
1785136095.1357710
1785136095.1357710
1785136095.1357710
1785136095.1357710
1785136095.1357710
1785136095.1357710
1785136095.1357710
1785136095.1357710
1785136095.1357710
1785136095.1357710
1785136095.1357710
1785136095.1357710
1785136095.1357710
1785136095.1357710
1785136095.1357710
1785136095.1357710
1785136095.1357710
1785136095.1357710
1785136095.1357710
1785136095.1357710
1785136095.1357710
1785136095.1357710
1785136095.1357710
1785136095.1357710
1785136095.1357710
1785136095.1357710
1785136095.1357710
1785136095.1357710
1785136095.1357710
1785136095.1359930
1785136095.1359930
1785136095.1359930
1785136095.1359930
1785136095.1359930
1785136095.1359930
1785136095.1359930
1785136095.1359930
1785136095.1359930
1785136095.1359930
1785136095.1359930
1785136095.1359930
1785136095.1359930
1785136095.1359930
1785136095.1359930
1785136095.1359930
1785136095.1359930
1785136095.1359930
1785136095.1359930
1785136095.1359930
1785136095.1359930
1785136095.1359930
1785136095.1359930
1785136095.1359930
1785136095.1359930
1785136095.1359930
1785136095.1359930
1785136095.1359930
1785136095.1359930
1785136095.1359930
1785136095.1359930
1785136095.1359930
1785136095.1359930
1785136095.1359930
1785136095.1359930
1785136095.1359930
1785136095.1359930
1785136095.1359930
1785136095.1359930
1785136095.1359930
1785136095.1359930
1785136095.1359930
1785136095.1359930
1785136095.1359930
1785136095.1359930
1785136095.1359930
1785136095.1359930
1785136095.1359930
1785136095.1362150
1785136095.1362150
1785136095.1362150
1785136095.1362150
1785136095.1362150
1785136095.1362150
1785136095.1362150
1785136095.1362150
1785136095.1362150
1785136095.1362150
1785136095.1362150
1785136095.1362150
1785136095.1362150
1785136095.1362150
1785136095.1362150
1785136095.1362150
1785136095.1362150
1785136095.1362150
1785136095.1362150
1785136095.1362150
1785136095.1362150
1785136095.1362150
1785136095.1362150
1785136095.1362150
1785136095.1362150
1785136095.1362150
1785136095.1362150
1785136095.1362150
1785136095.1362150
1785136095.1362150
1785136095.1362150
1785136095.1362150
1785136095.1362150
1785136095.1362150
1785136095.1362150
1785136095.1362150
1785136095.1362150
1785136095.1362150
1785136095.1362150
1785136095.1362150
1785136095.1362150
1785136095.1362150
1785136095.1362150
1785136095.1362150
1785136095.1362150
1785136095.1362150
1785136095.1362150
1785136095.1362150
1785136095.1364369
1785136095.1364369
1785136095.1364369
1785136095.1364369
1785136095.1364369
1785136095.1364369
1785136095.1364369
1785136095.1364369
1785136095.1364369
1785136095.1364369
1785136095.1364369
1785136095.1364369
1785136095.1364369
1785136095.1364369
1785136095.1364369
1785136095.1364369
1785136095.1364369
1785136095.1364369
1785136095.1364369
1785136095.1364369
1785136095.1364369
1785136095.1364369
1785136095.1364369
1785136095.1364369
1785136095.1364369
1785136095.1364369
1785136095.1364369
1785136095.1364369
1785136095.1364369
1785136095.1364369
1785136095.1364369
1785136095.1364369
1785136095.1364369
1785136095.1364369
1785136095.1364369
1785136095.1364369
1785136095.1364369
1785136095.1364369
1785136095.1364369
1785136095.1364369
1785136095.1364369
1785136095.1364369
1785136095.1364369
1785136095.1364369
1785136095.1364369
1785136095.1364369
1785136095.1364369
1785136095.1364369
1785136095.1366589
1785136095.1366589
1785136095.1366589
1785136095.1366589
1785136095.1366589
1785136095.1366589
1785136095.1366589
1785136095.1366589
1785136095.1366589
1785136095.1366589
1785136095.1366589
1785136095.1366589
1785136095.1366589
1785136095.1366589
1785136095.1366589
1785136095.1366589
1785136095.1366589
1785136095.1366589
1785136095.1366589
1785136095.1366589
1785136095.1366589
1785136095.1366589
1785136095.1366589
1785136095.1366589
1785136095.1366589
1785136095.1366589
1785136095.1366589
1785136095.1366589
1785136095.1366589
1785136095.1366589
1785136095.1366589
1785136095.1366589
1785136095.1366589
1785136095.1366589
1785136095.1366589
1785136095.1366589
1785136095.1366589
1785136095.1366589
1785136095.1366589
1785136095.1366589
1785136095.1366589
1785136095.1366589
1785136095.1366589
1785136095.1366589
1785136095.1366589
1785136095.1366589
1785136095.1366589
1785136095.1366589
1785136095.1368811
1785136095.1368811
1785136095.1368811
1785136095.1368811
1785136095.1368811
1785136095.1368811
1785136095.1368811
1785136095.1368811
1785136095.1368811
1785136095.1368811
1785136095.1368811
1785136095.1368811
1785136095.1368811
1785136095.1368811
1785136095.1368811
1785136095.1368811
1785136095.1368811
1785136095.1368811
1785136095.1368811
1785136095.1368811
1785136095.1368811
1785136095.1368811
1785136095.1368811
1785136095.1368811
1785136095.1368811
1785136095.1368811
1785136095.1368811
1785136095.1368811
1785136095.1368811
1785136095.1368811
1785136095.1368811
1785136095.1368811
1785136095.1368811
1785136095.1368811
1785136095.1368811
1785136095.1368811
1785136095.1368811
1785136095.1368811
1785136095.1368811
1785136095.1368811
1785136095.1368811
1785136095.1368811
1785136095.1368811
1785136095.1368811
1785136095.1368811
1785136095.1368811
1785136095.1368811
1785136095.1368811
1785136095.1368811
1785136095.1368811
1785136095.1368811
1785136095.1368811
1785136095.1371031
1785136095.1371031
1785136095.1371031
1785136095.1371031
1785136095.1371031
1785136095.1371031
1785136095.1371031
1785136095.1371031
1785136095.1371031
1785136095.1371031
1785136095.1371031
1785136095.1371031
1785136095.1371031
1785136095.1371031
1785136095.1371031
1785136095.1371031
1785136095.1371031
1785136095.1371031
1785136095.1371031
1785136095.1371031
1785136095.1371031
1785136095.1371031
1785136095.1371031
1785136095.1371031
1785136095.1371031
1785136095.1371031
1785136095.1371031
1785136095.1371031
1785136095.1371031
1785136095.1371031
1785136095.1371031
1785136095.1371031
1785136095.1371031
1785136095.1371031
1785136095.1371031
1785136095.1371031
1785136095.1371031
1785136095.1371031
1785136095.1371031
1785136095.1371031
1785136095.1371031
1785136095.1371031
1785136095.1371031
1785136095.1371031
1785136095.1371031
1785136095.1371031
1785136095.1371031
1785136095.1371031
1785136095.1371031
1785136095.1371031
1785136095.1373260
1785136095.1373260
1785136095.1373260
1785136095.1373260
1785136095.1373260
1785136095.1373260
1785136095.1373260
1785136095.1373260
1785136095.1373260
1785136095.1373260
1785136095.1373260
1785136095.1373260
1785136095.1373260
1785136095.1373260
1785136095.1373260
1785136095.1373260
1785136095.1373260
1785136095.1373260
1785136095.1373260
1785136095.1373260
1785136095.1373260
1785136095.1373260
1785136095.1373260
1785136095.1373260
1785136095.1373260
1785136095.1373260
1785136095.1373260
1785136095.1373260
1785136095.1373260
1785136095.1373260
1785136095.1373260
1785136095.1373260
1785136095.1373260
1785136095.1373260
1785136095.1373260
1785136095.1373260
1785136095.1373260
1785136095.1373260
1785136095.1373260
1785136095.1373260
1785136095.1373260
1785136095.1373260
1785136095.1373260
1785136095.1373260
1785136095.1373260
1785136095.1373260
1785136095.1373260
1785136095.1373260
1785136095.1373260
1785136095.1373260
1785136095.1373260
1785136095.1375470
1785136095.1375470
1785136095.1375470
1785136095.1375470
1785136095.1375470
1785136095.1375470
1785136095.1375470
1785136095.1375470
1785136095.1375470
1785136095.1375470
1785136095.1375470
1785136095.1375470
1785136095.1375470
1785136095.1375470
1785136095.1375470
1785136095.1375470
1785136095.1375470
1785136095.1375470
1785136095.1375470
1785136095.1375470
1785136095.1375470
1785136095.1375470
1785136095.1375470
1785136095.1375470
1785136095.1375470
1785136095.1375470
1785136095.1375470
1785136095.1375470
1785136095.1375470
1785136095.1375470
1785136095.1375470
1785136095.1375470
1785136095.1375470
1785136095.1375470
1785136095.1375470
1785136095.1375470
1785136095.1375470
1785136095.1375470
1785136095.1375470
1785136095.1375470
1785136095.1375470
1785136095.1375470
1785136095.1375470
1785136095.1375470
1785136095.1375470
1785136095.1375470
1785136095.1375470
1785136095.1375470
1785136095.1375470
1785136095.1375470
1785136095.1375470
1785136095.1377690
1785136095.1377690
1785136095.1377690
1785136095.1377690
1785136095.1377690
1785136095.1377690
1785136095.1377690
1785136095.1377690
1785136095.1377690
1785136095.1377690
1785136095.1377690
1785136095.1377690
1785136095.1377690
1785136095.1377690
1785136095.1377690
1785136095.1377690
1785136095.1377690
1785136095.1377690
1785136095.1377690
1785136095.1377690
1785136095.1377690
1785136095.1377690
1785136095.1377690
1785136095.1377690
1785136095.1377690
1785136095.1377690
1785136095.1377690
1785136095.1377690
1785136095.1377690
1785136095.1377690
1785136095.1377690
1785136095.1377690
1785136095.1377690
1785136095.1377690
1785136095.1377690
1785136095.1377690
1785136095.1377690
1785136095.1377690
1785136095.1377690
1785136095.1377690
1785136095.1377690
1785136095.1377690
1785136095.1377690
1785136095.1377690
1785136095.1377690
1785136095.1377690
1785136095.1377690
1785136095.1377690
1785136095.1379919
1785136095.1379919
1785136095.1379919
1785136095.1379919
1785136095.1379919
1785136095.1379919
1785136095.1379919
1785136095.1379919
1785136095.1379919
1785136095.1379919
1785136095.1379919
1785136095.1379919
1785136095.1379919
1785136095.1379919
1785136095.1379919
1785136095.1379919
1785136095.1379919
1785136095.1379919
1785136095.1379919
1785136095.1379919
1785136095.1379919
1785136095.1379919
1785136095.1379919
1785136095.1379919
1785136095.1379919
1785136095.1379919
1785136095.1379919
1785136095.1379919
1785136095.1379919
1785136095.1379919
1785136095.1379919
1785136095.1379919
1785136095.1379919
1785136095.1379919
1785136095.1379919
1785136095.1379919
1785136095.1379919
1785136095.1379919
1785136095.1379919
1785136095.1379919
1785136095.1379919
1785136095.1379919
1785136095.1379919
1785136095.1379919
1785136095.1379919
1785136095.1379919
1785136095.1379919
1785136095.1382141
1785136095.1382141
1785136095.1382141
1785136095.1382141
1785136095.1382141
1785136095.1382141
1785136095.1382141
1785136095.1382141
1785136095.1382141
1785136095.1382141
1785136095.1382141
1785136095.1382141
1785136095.1382141
1785136095.1382141
1785136095.1382141
1785136095.1382141
1785136095.1382141
1785136095.1382141
1785136095.1382141
1785136095.1382141
1785136095.1382141
1785136095.1382141
1785136095.1382141
1785136095.1382141
1785136095.1382141
1785136095.1382141
1785136095.1382141
1785136095.1382141
1785136095.1382141
1785136095.1382141
1785136095.1382141
1785136095.1382141
1785136095.1382141
1785136095.1382141
1785136095.1382141
1785136095.1382141
1785136095.1382141
1785136095.1382141
1785136095.1382141
1785136095.1382141
1785136095.1382141
1785136095.1382141
1785136095.1382141
1785136095.1382141
1785136095.1382141
1785136095.1382141
1785136095.1382141
1785136095.1384361
1785136095.1384361
1785136095.1384361
1785136095.1384361
1785136095.1384361
1785136095.1384361
1785136095.1384361
1785136095.1384361
1785136095.1384361
1785136095.1384361
1785136095.1384361
1785136095.1384361
1785136095.1384361
1785136095.1384361
1785136095.1384361
1785136095.1384361
1785136095.1384361
1785136095.1384361
1785136095.1384361
1785136095.1384361
1785136095.1384361
1785136095.1384361
1785136095.1384361
1785136095.1384361
1785136095.1384361
1785136095.1384361
1785136095.1384361
1785136095.1384361
1785136095.1384361
1785136095.1384361
1785136095.1384361
1785136095.1384361
1785136095.1384361
1785136095.1384361
1785136095.1384361
1785136095.1384361
1785136095.1384361
1785136095.1384361
1785136095.1384361
1785136095.1384361
1785136095.1384361
1785136095.1384361
1785136095.1384361
1785136095.1384361
1785136095.1384361
1785136095.1384361
1785136095.1384361
1785136095.1386590
1785136095.1386590
1785136095.1386590
1785136095.1386590
1785136095.1386590
1785136095.1386590
1785136095.1386590
1785136095.1386590
1785136095.1386590
1785136095.1386590
1785136095.1386590
1785136095.1386590
1785136095.1386590
1785136095.1386590
1785136095.1386590
1785136095.1386590
1785136095.1386590
1785136095.1386590
1785136095.1386590
1785136095.1386590
1785136095.1386590
1785136095.1386590
1785136095.1386590
1785136095.1386590
1785136095.1386590
1785136095.1386590
1785136095.1386590
1785136095.1386590
1785136095.1386590
1785136095.1386590
1785136095.1386590
1785136095.1386590
1785136095.1386590
1785136095.1386590
1785136095.1386590
1785136095.1386590
1785136095.1386590
1785136095.1386590
1785136095.1386590
1785136095.1386590
1785136095.1386590
1785136095.1386590
1785136095.1386590
1785136095.1386590
1785136095.1386590
1785136095.1386590
1785136095.1388810
1785136095.1388810
1785136095.1388810
1785136095.1388810
1785136095.1388810
1785136095.1388810
1785136095.1388810
1785136095.1388810
1785136095.1388810
1785136095.1388810
1785136095.1388810
1785136095.1388810
1785136095.1388810
1785136095.1388810
1785136095.1388810
1785136095.1388810
1785136095.1388810
1785136095.1388810
1785136095.1388810
1785136095.1388810
1785136095.1388810
1785136095.1388810
1785136095.1388810
1785136095.1388810
1785136095.1388810
1785136095.1388810
1785136095.1388810
1785136095.1388810
1785136095.1388810
1785136095.1388810
1785136095.1388810
1785136095.1388810
1785136095.1388810
1785136095.1388810
1785136095.1388810
1785136095.1388810
1785136095.1388810
1785136095.1388810
1785136095.1388810
1785136095.1388810
1785136095.1388810
1785136095.1388810
1785136095.1388810
1785136095.1388810
1785136095.1388810
1785136095.1388810
1785136095.1391029
1785136095.1391029
1785136095.1391029
1785136095.1391029
1785136095.1391029
1785136095.1391029
1785136095.1391029
1785136095.1391029
1785136095.1391029
1785136095.1391029
1785136095.1391029
1785136095.1391029
1785136095.1391029
1785136095.1391029
1785136095.1391029
1785136095.1391029
1785136095.1391029
1785136095.1391029
1785136095.1391029
1785136095.1391029
1785136095.1391029
1785136095.1391029
1785136095.1391029
1785136095.1391029
1785136095.1391029
1785136095.1391029
1785136095.1391029
1785136095.1391029
1785136095.1391029
1785136095.1391029
1785136095.1391029
1785136095.1391029
1785136095.1391029
1785136095.1391029
1785136095.1391029
1785136095.1391029
1785136095.1391029
1785136095.1391029
1785136095.1391029
1785136095.1391029
1785136095.1391029
1785136095.1391029
1785136095.1391029
1785136095.1391029
1785136095.1391029
1785136095.1391029
1785136095.1393249
1785136095.1393249
1785136095.1393249
1785136095.1393249
1785136095.1393249
1785136095.1393249
1785136095.1393249
1785136095.1393249
1785136095.1393249
1785136095.1393249
1785136095.1393249
1785136095.1393249
1785136095.1393249
1785136095.1393249
1785136095.1393249
1785136095.1393249
1785136095.1393249
1785136095.1393249
1785136095.1393249
1785136095.1393249
1785136095.1393249
1785136095.1393249
1785136095.1393249
1785136095.1393249
1785136095.1393249
1785136095.1393249
1785136095.1393249
1785136095.1393249
1785136095.1393249
1785136095.1393249
1785136095.1393249
1785136095.1393249
1785136095.1393249
1785136095.1393249
1785136095.1393249
1785136095.1393249
1785136095.1393249
1785136095.1393249
1785136095.1393249
1785136095.1393249
1785136095.1393249
1785136095.1393249
1785136095.1393249
1785136095.1393249
1785136095.1393249
1785136095.1393249
1785136095.1395481
1785136095.1395481
1785136095.1395481
1785136095.1395481
1785136095.1395481
1785136095.1395481
1785136095.1395481
1785136095.1395481
1785136095.1395481
1785136095.1395481
1785136095.1395481
1785136095.1395481
1785136095.1395481
1785136095.1395481
1785136095.1395481
1785136095.1395481
1785136095.1395481
1785136095.1395481
1785136095.1395481
1785136095.1395481
1785136095.1395481
1785136095.1395481
1785136095.1395481
1785136095.1395481
1785136095.1395481
1785136095.1395481
1785136095.1395481
1785136095.1395481
1785136095.1395481
1785136095.1395481
1785136095.1395481
1785136095.1395481
1785136095.1395481
1785136095.1395481
1785136095.1395481
1785136095.1395481
1785136095.1395481
1785136095.1395481
1785136095.1395481
1785136095.1395481
1785136095.1395481
1785136095.1395481
1785136095.1395481
1785136095.1395481
1785136095.1395481
1785136095.1395481
1785136095.1397691
1785136095.1397691
1785136095.1397691
1785136095.1397691
1785136095.1397691
1785136095.1397691
1785136095.1397691
1785136095.1397691
1785136095.1397691
1785136095.1397691
1785136095.1397691
1785136095.1397691
1785136095.1397691
1785136095.1397691
1785136095.1397691
1785136095.1397691
1785136095.1397691
1785136095.1397691
1785136095.1397691
1785136095.1397691
1785136095.1397691
1785136095.1397691
1785136095.1397691
1785136095.1397691
1785136095.1397691
1785136095.1397691
1785136095.1397691
1785136095.1397691
1785136095.1397691
1785136095.1397691
1785136095.1397691
1785136095.1397691
1785136095.1397691
1785136095.1397691
1785136095.1397691
1785136095.1397691
1785136095.1397691
1785136095.1397691
1785136095.1397691
1785136095.1397691
1785136095.1397691
1785136095.1397691
1785136095.1397691
1785136095.1397691
1785136095.1397691
1785136095.1397691
1785136095.1397691
1785136095.1399910
1785136095.1399910
1785136095.1399910
1785136095.1399910
1785136095.1399910
1785136095.1399910
1785136095.1399910
1785136095.1399910
1785136095.1399910
1785136095.1399910
1785136095.1399910
1785136095.1399910
1785136095.1399910
1785136095.1399910
1785136095.1399910
1785136095.1399910
1785136095.1399910
1785136095.1399910
1785136095.1399910
1785136095.1399910
1785136095.1399910
1785136095.1399910
1785136095.1399910
1785136095.1399910
1785136095.1399910
1785136095.1399910
1785136095.1399910
1785136095.1399910
1785136095.1399910
1785136095.1399910
1785136095.1399910
1785136095.1399910
1785136095.1399910
1785136095.1399910
1785136095.1399910
1785136095.1399910
1785136095.1399910
1785136095.1399910
1785136095.1399910
1785136095.1399910
1785136095.1399910
1785136095.1399910
1785136095.1399910
1785136095.1399910
1785136095.1399910
1785136095.1399910
1785136095.1399910
1785136095.1399910
1785136095.1399910
1785136095.1399910
1785136095.1399910
1785136095.1399910
1785136095.1399910
1785136095.1399910
1785136095.1399910
1785136095.1399910
1785136095.1402140
1785136095.1402140
1785136095.1402140
1785136095.1402140
1785136095.1402140
1785136095.1402140
1785136095.1402140
1785136095.1402140
1785136095.1402140
1785136095.1402140
1785136095.1402140
1785136095.1402140
1785136095.1402140
1785136095.1402140
1785136095.1402140
1785136095.1402140
1785136095.1402140
1785136095.1402140
1785136095.1402140
1785136095.1402140
1785136095.1402140
1785136095.1402140
1785136095.1402140
1785136095.1402140
1785136095.1402140
1785136095.1402140
1785136095.1402140
1785136095.1402140
1785136095.1402140
1785136095.1402140
1785136095.1402140
1785136095.1402140
1785136095.1402140
1785136095.1402140
1785136095.1402140
1785136095.1402140
1785136095.1402140
1785136095.1402140
1785136095.1402140
1785136095.1402140
1785136095.1402140
1785136095.1402140
1785136095.1402140
1785136095.1402140
1785136095.1402140
1785136095.1402140
1785136095.1402140
1785136095.1402140
1785136095.1402140
1785136095.1402140
1785136095.1402140
1785136095.1402140
1785136095.1402140
1785136095.1402140
1785136095.1402140
1785136095.1402140
1785136095.1402140
1785136095.1402140
1785136095.1402140
1785136095.1402140
1785136095.1402140
1785136095.1402140
1785136095.1402140
1785136095.1402140
1785136095.1402140
1785136095.1402140
1785136095.1402140
1785136095.1402140
1785136095.1402140
1785136095.1402140
1785136095.1402140
1785136095.1402140
1785136095.1404359
1785136095.1404359
1785136095.1404359
1785136095.1404359
1785136095.1404359
1785136095.1404359
1785136095.1404359
1785136095.1404359
1785136095.1404359
1785136095.1404359
1785136095.1404359
1785136095.1404359
1785136095.1404359
1785136095.1404359
1785136095.1404359
1785136095.1404359
1785136095.1404359
1785136095.1404359
1785136095.1404359
1785136095.1404359
1785136095.1404359
1785136095.1404359
1785136095.1404359
1785136095.1404359
1785136095.1404359
1785136095.1404359
1785136095.1404359
1785136095.1404359
1785136095.1404359
1785136095.1404359
1785136095.1404359
1785136095.1404359
1785136095.1404359
1785136095.1404359
1785136095.1404359
1785136095.1404359
1785136095.1404359
1785136095.1404359
1785136095.1404359
1785136095.1404359
1785136095.1404359
1785136095.1404359
1785136095.1404359
1785136095.1404359
1785136095.1404359
1785136095.1404359
1785136095.1404359
1785136095.1404359
1785136095.1404359
1785136095.1404359
1785136095.1404359
1785136095.1404359
1785136095.1404359
1785136095.1404359
1785136095.1404359
1785136095.1404359
1785136095.1404359
1785136095.1406579
1785136095.1406579
1785136095.1406579
1785136095.1406579
1785136095.1406579
1785136095.1406579
1785136095.1406579
1785136095.1406579
1785136095.1406579
1785136095.1406579
1785136095.1406579
1785136095.1406579
1785136095.1406579
1785136095.1406579
1785136095.1406579
1785136095.1406579
1785136095.1406579
1785136095.1406579
1785136095.1406579
1785136095.1406579
1785136095.1406579
1785136095.1406579
1785136095.1406579
1785136095.1406579
1785136095.1406579
1785136095.1406579
1785136095.1406579
1785136095.1406579
1785136095.1406579
1785136095.1406579
1785136095.1406579
1785136095.1406579
1785136095.1406579
1785136095.1406579
1785136095.1406579
1785136095.1406579
1785136095.1406579
1785136095.1406579
1785136095.1406579
1785136095.1406579
1785136095.1406579
1785136095.1406579
1785136095.1406579
1785136095.1406579
1785136095.1406579
1785136095.1406579
1785136095.1406579
1785136095.1406579
1785136095.1406579
1785136095.1406579
1785136095.1406579
1785136095.1406579
1785136095.1406579
1785136095.1406579
1785136095.1406579
1785136095.1406579
1785136095.1406579
1785136095.1406579
1785136095.1406579
1785136095.1406579
1785136095.1408801
1785136095.1408801
1785136095.1408801
1785136095.1408801
1785136095.1408801
1785136095.1408801
1785136095.1408801
1785136095.1408801
1785136095.1408801
1785136095.1408801
1785136095.1408801
1785136095.1408801
1785136095.1408801
1785136095.1408801
1785136095.1408801
1785136095.1408801
1785136095.1408801
1785136095.1408801
1785136095.1408801
1785136095.1408801
1785136095.1408801
1785136095.1408801
1785136095.1408801
1785136095.1408801
1785136095.1408801
1785136095.1408801
1785136095.1408801
1785136095.1408801
1785136095.1408801
1785136095.1408801
1785136095.1408801
1785136095.1408801
1785136095.1408801
1785136095.1408801
1785136095.1408801
1785136095.1408801
1785136095.1408801
1785136095.1408801
1785136095.1408801
1785136095.1408801
1785136095.1408801
1785136095.1408801
1785136095.1408801
1785136095.1408801
1785136095.1408801
1785136095.1408801
1785136095.1408801
1785136095.1408801
1785136095.1408801
1785136095.1408801
1785136095.1408801
1785136095.1408801
1785136095.1408801
1785136095.1411021
1785136095.1411021
1785136095.1411021
1785136095.1411021
1785136095.1411021
1785136095.1411021
1785136095.1411021
1785136095.1411021
1785136095.1411021
1785136095.1411021
1785136095.1411021
1785136095.1411021
1785136095.1411021
1785136095.1411021
1785136095.1411021
1785136095.1411021
1785136095.1411021
1785136095.1411021
1785136095.1411021
1785136095.1411021
1785136095.1411021
1785136095.1411021
1785136095.1411021
1785136095.1411021
1785136095.1411021
1785136095.1411021
1785136095.1411021
1785136095.1411021
1785136095.1411021
1785136095.1411021
1785136095.1411021
1785136095.1411021
1785136095.1411021
1785136095.1411021
1785136095.1411021
1785136095.1411021
1785136095.1411021
1785136095.1411021
1785136095.1411021
1785136095.1411021
1785136095.1411021
1785136095.1411021
1785136095.1411021
1785136095.1411021
1785136095.1411021
1785136095.1411021
1785136095.1411021
1785136095.1411021
1785136095.1411021
1785136095.1411021
1785136095.1411021
1785136095.1411021
1785136095.1411021
1785136095.1411021
1785136095.1411021
1785136095.1411021
1785136095.1411021
1785136095.1411021
1785136095.1413250
1785136095.1413250
1785136095.1413250
1785136095.1413250
1785136095.1413250
1785136095.1413250
1785136095.1413250
1785136095.1413250
1785136095.1413250
1785136095.1413250
1785136095.1413250
1785136095.1413250
1785136095.1413250
1785136095.1413250
1785136095.1413250
1785136095.1413250
1785136095.1413250
1785136095.1413250
1785136095.1413250
1785136095.1413250
1785136095.1413250
1785136095.1413250
1785136095.1413250
1785136095.1413250
1785136095.1413250
1785136095.1413250
1785136095.1413250
1785136095.1413250
1785136095.1413250
1785136095.1413250
1785136095.1413250
1785136095.1413250
1785136095.1413250
1785136095.1413250
1785136095.1413250
1785136095.1413250
1785136095.1413250
1785136095.1413250
1785136095.1413250
1785136095.1413250
1785136095.1413250
1785136095.1413250
1785136095.1413250
1785136095.1413250
1785136095.1413250
1785136095.1413250
1785136095.1413250
1785136095.1413250
1785136095.1413250
1785136095.1413250
1785136095.1413250
1785136095.1413250
1785136095.1413250
1785136095.1413250
1785136095.1413250
1785136095.1413250
1785136095.1413250
1785136095.1413250
1785136095.1413250
1785136095.1415460
1785136095.1415460
1785136095.1415460
1785136095.1415460
1785136095.1415460
1785136095.1415460
1785136095.1415460
1785136095.1415460
1785136095.1415460
1785136095.1415460
1785136095.1415460
1785136095.1415460
1785136095.1415460
1785136095.1415460
1785136095.1415460
1785136095.1415460
1785136095.1415460
1785136095.1415460
1785136095.1415460
1785136095.1415460
1785136095.1415460
1785136095.1415460
1785136095.1415460
1785136095.1415460
1785136095.1415460
1785136095.1415460
1785136095.1415460
1785136095.1415460
1785136095.1415460
1785136095.1415460
1785136095.1415460
1785136095.1415460
1785136095.1415460
1785136095.1415460
1785136095.1415460
1785136095.1415460
1785136095.1415460
1785136095.1415460
1785136095.1415460
1785136095.1415460
1785136095.1415460
1785136095.1415460
1785136095.1415460
1785136095.1415460
1785136095.1415460
1785136095.1415460
1785136095.1415460
1785136095.1415460
1785136095.1415460
1785136095.1417689
1785136095.1417689
1785136095.1417689
1785136095.1417689
1785136095.1417689
1785136095.1417689
1785136095.1417689
1785136095.1417689
1785136095.1417689
1785136095.1417689
1785136095.1417689
1785136095.1417689
1785136095.1417689
1785136095.1417689
1785136095.1417689
1785136095.1417689
1785136095.1417689
1785136095.1417689
1785136095.1417689
1785136095.1417689
1785136095.1417689
1785136095.1417689
1785136095.1417689
1785136095.1417689
1785136095.1417689
1785136095.1417689
1785136095.1417689
1785136095.1417689
1785136095.1417689
1785136095.1417689
1785136095.1417689
1785136095.1417689
1785136095.1417689
1785136095.1417689
1785136095.1417689
1785136095.1417689
1785136095.1417689
1785136095.1417689
1785136095.1417689
1785136095.1417689
1785136095.1417689
1785136095.1417689
1785136095.1417689
1785136095.1417689
1785136095.1417689
1785136095.1417689
1785136095.1417689
1785136095.1417689
1785136095.1417689
1785136095.1419909
1785136095.1419909
1785136095.1419909
1785136095.1419909
1785136095.1419909
1785136095.1419909
1785136095.1419909
1785136095.1419909
1785136095.1419909
1785136095.1419909
1785136095.1419909
1785136095.1419909
1785136095.1419909
1785136095.1419909
1785136095.1419909
1785136095.1419909
1785136095.1419909
1785136095.1419909
1785136095.1419909
1785136095.1419909
1785136095.1419909
1785136095.1419909
1785136095.1419909
1785136095.1419909
1785136095.1419909
1785136095.1419909
1785136095.1419909
1785136095.1419909
1785136095.1419909
1785136095.1419909
1785136095.1419909
1785136095.1419909
1785136095.1419909
1785136095.1419909
1785136095.1419909
1785136095.1419909
1785136095.1419909
1785136095.1419909
1785136095.1419909
1785136095.1419909
1785136095.1419909
1785136095.1419909
1785136095.1419909
1785136095.1419909
1785136095.1419909
1785136095.1419909
1785136095.1419909
1785136095.1419909
1785136095.1419909
1785136095.1419909
1785136095.1419909
1785136095.1419909
1785136095.1419909
1785136095.1419909
1785136095.1419909
1785136095.1419909
1785136095.1419909
1785136095.1419909
1785136095.1419909
1785136095.1419909
1785136095.1419909
1785136095.1419909
1785136095.1419909
1785136095.1419909
1785136095.1419909
1785136095.1419909
1785136095.1419909
1785136095.1422141
1785136095.1422141
1785136095.1422141
1785136095.1422141
1785136095.1422141
1785136095.1422141
1785136095.1422141
1785136095.1422141
1785136095.1422141
1785136095.1422141
1785136095.1422141
1785136095.1422141
1785136095.1422141
1785136095.1422141
1785136095.1422141
1785136095.1422141
1785136095.1422141
1785136095.1422141
1785136095.1422141
1785136095.1422141
1785136095.1422141
1785136095.1422141
1785136095.1422141
1785136095.1422141
1785136095.1422141
1785136095.1422141
1785136095.1422141
1785136095.1422141
1785136095.1422141
1785136095.1422141
1785136095.1422141
1785136095.1422141
1785136095.1422141
1785136095.1422141
1785136095.1422141
1785136095.1422141
1785136095.1422141
1785136095.1422141
1785136095.1422141
1785136095.1422141
1785136095.1422141
1785136095.1422141
1785136095.1422141
1785136095.1422141
1785136095.1422141
1785136095.1422141
1785136095.1422141
1785136095.1422141
1785136095.1424351
1785136095.1424351
1785136095.1424351
1785136095.1424351
1785136095.1424351
1785136095.1424351
1785136095.1424351
1785136095.1424351
1785136095.1424351
1785136095.1424351
1785136095.1424351
1785136095.1424351
1785136095.1424351
1785136095.1424351
1785136095.1424351
1785136095.1424351
1785136095.1424351
1785136095.1424351
1785136095.1424351
1785136095.1424351
1785136095.1424351
1785136095.1424351
1785136095.1424351
1785136095.1424351
1785136095.1424351
1785136095.1424351
1785136095.1424351
1785136095.1424351
1785136095.1424351
1785136095.1424351
1785136095.1424351
1785136095.1424351
1785136095.1424351
1785136095.1424351
1785136095.1424351
1785136095.1424351
1785136095.1424351
1785136095.1424351
1785136095.1424351
1785136095.1424351
1785136095.1424351
1785136095.1424351
1785136095.1424351
1785136095.1424351
1785136095.1424351
1785136095.1426580
1785136095.1426580
1785136095.1426580
1785136095.1426580
1785136095.1426580
1785136095.1426580
1785136095.1426580
1785136095.1426580
1785136095.1426580
1785136095.1426580
1785136095.1426580
1785136095.1426580
1785136095.1426580
1785136095.1426580
1785136095.1426580
1785136095.1426580
1785136095.1426580
1785136095.1426580
1785136095.1426580
1785136095.1426580
1785136095.1426580
1785136095.1426580
1785136095.1426580
1785136095.1426580
1785136095.1426580
1785136095.1426580
1785136095.1426580
1785136095.1426580
1785136095.1426580
1785136095.1426580
1785136095.1426580
1785136095.1426580
1785136095.1426580
1785136095.1426580
1785136095.1426580
1785136095.1426580
1785136095.1426580
1785136095.1426580
1785136095.1426580
1785136095.1426580
1785136095.1426580
1785136095.1426580
1785136095.1426580
1785136095.1426580
1785136095.1426580
1785136095.1428790
1785136095.1428790
1785136095.1428790
1785136095.1428790
1785136095.1428790
1785136095.1428790
1785136095.1428790
1785136095.1428790
1785136095.1428790
1785136095.1428790
1785136095.1428790
1785136095.1428790
1785136095.1428790
1785136095.1428790
1785136095.1428790
1785136095.1428790
1785136095.1428790
1785136095.1428790
1785136095.1428790
1785136095.1428790
1785136095.1428790
1785136095.1428790
1785136095.1428790
1785136095.1428790
1785136095.1428790
1785136095.1428790
1785136095.1428790
1785136095.1428790
1785136095.1428790
1785136095.1428790
1785136095.1428790
1785136095.1428790
1785136095.1428790
1785136095.1428790
1785136095.1428790
1785136095.1428790
1785136095.1428790
1785136095.1428790
1785136095.1428790
1785136095.1428790
1785136095.1428790
1785136095.1428790
1785136095.1428790
1785136095.1428790
1785136095.1428790
1785136095.1428790
1785136095.1428790
1785136095.1428790
1785136095.1428790
1785136095.1428790
1785136095.1428790
1785136095.1428790
1785136095.1428790
1785136095.1428790
1785136095.1428790
1785136095.1428790
1785136095.1428790
1785136095.1428790
1785136095.1428790
1785136095.1428790
1785136095.1428790
1785136095.1431019
1785136095.1431019
1785136095.1431019
1785136095.1431019
1785136095.1431019
1785136095.1431019
1785136095.1431019
1785136095.1431019
1785136095.1431019
1785136095.1431019
1785136095.1431019
1785136095.1431019
1785136095.1431019
1785136095.1431019
1785136095.1431019
1785136095.1431019
1785136095.1431019
1785136095.1431019
1785136095.1431019
1785136095.1431019
1785136095.1431019
1785136095.1431019
1785136095.1431019
1785136095.1431019
1785136095.1431019
1785136095.1431019
1785136095.1431019
1785136095.1431019
1785136095.1431019
1785136095.1431019
1785136095.1431019
1785136095.1431019
1785136095.1431019
1785136095.1431019
1785136095.1431019
1785136095.1431019
1785136095.1431019
1785136095.1431019
1785136095.1431019
1785136095.1431019
1785136095.1431019
1785136095.1431019
1785136095.1431019
1785136095.1431019
1785136095.1431019
1785136095.1433239
1785136095.1433239
1785136095.1433239
1785136095.1433239
1785136095.1433239
1785136095.1433239
1785136095.1433239
1785136095.1433239
1785136095.1433239
1785136095.1433239
1785136095.1433239
1785136095.1433239
1785136095.1433239
1785136095.1433239
1785136095.1433239
1785136095.1433239
1785136095.1433239
1785136095.1433239
1785136095.1433239
1785136095.1433239
1785136095.1433239
1785136095.1433239
1785136095.1433239
1785136095.1433239
1785136095.1433239
1785136095.1433239
1785136095.1433239
1785136095.1433239
1785136095.1433239
1785136095.1433239
1785136095.1433239
1785136095.1433239
1785136095.1433239
1785136095.1433239
1785136095.1433239
1785136095.1433239
1785136095.1433239
1785136095.1433239
1785136095.1433239
1785136095.1433239
1785136095.1433239
1785136095.1433239
1785136095.1433239
1785136095.1433239
1785136095.1433239
1785136095.1435461
1785136095.1435461
1785136095.1435461
1785136095.1435461
1785136095.1435461
1785136095.1435461
1785136095.1435461
1785136095.1435461
1785136095.1435461
1785136095.1435461
1785136095.1435461
1785136095.1435461
1785136095.1435461
1785136095.1435461
1785136095.1435461
1785136095.1435461
1785136095.1435461
1785136095.1435461
1785136095.1435461
1785136095.1435461
1785136095.1435461
1785136095.1435461
1785136095.1435461
1785136095.1435461
1785136095.1435461
1785136095.1435461
1785136095.1435461
1785136095.1435461
1785136095.1435461
1785136095.1435461
1785136095.1435461
1785136095.1435461
1785136095.1435461
1785136095.1435461
1785136095.1435461
1785136095.1435461
1785136095.1435461
1785136095.1435461
1785136095.1435461
1785136095.1435461
1785136095.1435461
1785136095.1435461
1785136095.1435461
1785136095.1435461
1785136095.1435461
1785136095.1435461
1785136095.1437690
1785136095.1437690
1785136095.1437690
1785136095.1437690
1785136095.1437690
1785136095.1437690
1785136095.1437690
1785136095.1437690
1785136095.1437690
1785136095.1437690
1785136095.1437690
1785136095.1437690
1785136095.1437690
1785136095.1437690
1785136095.1437690
1785136095.1437690
1785136095.1437690
1785136095.1437690
1785136095.1437690
1785136095.1437690
1785136095.1437690
1785136095.1437690
1785136095.1437690
1785136095.1437690
1785136095.1437690
1785136095.1437690
1785136095.1437690
1785136095.1437690
1785136095.1437690
1785136095.1437690
1785136095.1437690
1785136095.1437690
1785136095.1437690
1785136095.1437690
1785136095.1437690
1785136095.1437690
1785136095.1437690
1785136095.1437690
1785136095.1437690
1785136095.1437690
1785136095.1437690
1785136095.1437690
1785136095.1437690
1785136095.1437690
1785136095.1437690
1785136095.1437690
1785136095.1439900
1785136095.1439900
1785136095.1439900
1785136095.1439900
1785136095.1439900
1785136095.1439900
1785136095.1439900
1785136095.1439900
1785136095.1439900
1785136095.1439900
1785136095.1439900
1785136095.1439900
1785136095.1439900
1785136095.1439900
1785136095.1439900
1785136095.1439900
1785136095.1439900
1785136095.1439900
1785136095.1439900
1785136095.1439900
1785136095.1439900
1785136095.1439900
1785136095.1439900
1785136095.1439900
1785136095.1439900
1785136095.1439900
1785136095.1439900
1785136095.1439900
1785136095.1439900
1785136095.1439900
1785136095.1439900
1785136095.1439900
1785136095.1439900
1785136095.1439900
1785136095.1439900
1785136095.1439900
1785136095.1439900
1785136095.1439900
1785136095.1439900
1785136095.1439900
1785136095.1439900
1785136095.1439900
1785136095.1439900
1785136095.1439900
1785136095.1439900
1785136095.1439900
1785136095.1442130
1785136095.1442130
1785136095.1442130
1785136095.1442130
1785136095.1442130
1785136095.1442130
1785136095.1442130
1785136095.1442130
1785136095.1442130
1785136095.1442130
1785136095.1442130
1785136095.1442130
1785136095.1442130
1785136095.1442130
1785136095.1442130
1785136095.1442130
1785136095.1442130
1785136095.1442130
1785136095.1442130
1785136095.1442130
1785136095.1442130
1785136095.1442130
1785136095.1442130
1785136095.1442130
1785136095.1442130
1785136095.1442130
1785136095.1442130
1785136095.1442130
1785136095.1442130
1785136095.1442130
1785136095.1442130
1785136095.1442130
1785136095.1442130
1785136095.1442130
1785136095.1442130
1785136095.1442130
1785136095.1442130
1785136095.1442130
1785136095.1442130
1785136095.1442130
1785136095.1442130
1785136095.1442130
1785136095.1442130
1785136095.1442130
1785136095.1442130
1785136095.1442130
1785136095.1444349
1785136095.1444349
1785136095.1444349
1785136095.1444349
1785136095.1444349
1785136095.1444349
1785136095.1444349
1785136095.1444349
1785136095.1444349
1785136095.1444349
1785136095.1444349
1785136095.1444349
1785136095.1444349
1785136095.1444349
1785136095.1444349
1785136095.1444349
1785136095.1444349
1785136095.1444349
1785136095.1444349
1785136095.1444349
1785136095.1444349
1785136095.1444349
1785136095.1444349
1785136095.1444349
1785136095.1444349
1785136095.1444349
1785136095.1444349
1785136095.1444349
1785136095.1444349
1785136095.1444349
1785136095.1444349
1785136095.1444349
1785136095.1444349
1785136095.1444349
1785136095.1444349
1785136095.1444349
1785136095.1444349
1785136095.1444349
1785136095.1444349
1785136095.1444349
1785136095.1444349
1785136095.1444349
1785136095.1444349
1785136095.1444349
1785136095.1444349
1785136095.1444349
1785136095.1446569
1785136095.1446569
1785136095.1446569
1785136095.1446569
1785136095.1446569
1785136095.1446569
1785136095.1446569
1785136095.1446569
1785136095.1446569
1785136095.1446569
1785136095.1446569
1785136095.1446569
1785136095.1446569
1785136095.1446569
1785136095.1446569
1785136095.1446569
1785136095.1446569
1785136095.1446569
1785136095.1446569
1785136095.1446569
1785136095.1446569
1785136095.1446569
1785136095.1446569
1785136095.1446569
1785136095.1446569
1785136095.1446569
1785136095.1446569
1785136095.1446569
1785136095.1446569
1785136095.1446569
1785136095.1446569
1785136095.1446569
1785136095.1446569
1785136095.1446569
1785136095.1446569
1785136095.1446569
1785136095.1446569
1785136095.1446569
1785136095.1446569
1785136095.1446569
1785136095.1446569
1785136095.1446569
1785136095.1446569
1785136095.1446569
1785136095.1446569
1785136095.1446569
1785136095.1448801
1785136095.1448801
1785136095.1448801
1785136095.1448801
1785136095.1448801
1785136095.1448801
1785136095.1448801
1785136095.1448801
1785136095.1448801
1785136095.1448801
1785136095.1448801
1785136095.1448801
1785136095.1448801
1785136095.1448801
1785136095.1448801
1785136095.1448801
1785136095.1448801
1785136095.1448801
1785136095.1448801
1785136095.1448801
1785136095.1448801
1785136095.1448801
1785136095.1448801
1785136095.1448801
1785136095.1448801
1785136095.1448801
1785136095.1448801
1785136095.1448801
1785136095.1448801
1785136095.1448801
1785136095.1448801
1785136095.1448801
1785136095.1448801
1785136095.1448801
1785136095.1448801
1785136095.1448801
1785136095.1448801
1785136095.1448801
1785136095.1448801
1785136095.1448801
1785136095.1448801
1785136095.1448801
1785136095.1448801
1785136095.1448801
1785136095.1448801
1785136095.1448801
1785136095.1448801
1785136095.1448801
1785136095.1448801
1785136095.1448801
1785136095.1451011
1785136095.1451011
1785136095.1451011
1785136095.1451011
1785136095.1451011
1785136095.1451011
1785136095.1451011
1785136095.1451011
1785136095.1451011
1785136095.1451011
1785136095.1451011
1785136095.1451011
1785136095.1451011
1785136095.1451011
1785136095.1451011
1785136095.1451011
1785136095.1451011
1785136095.1451011
1785136095.1451011
1785136095.1451011
1785136095.1451011
1785136095.1451011
1785136095.1451011
1785136095.1451011
1785136095.1451011
1785136095.1451011
1785136095.1451011
1785136095.1451011
1785136095.1451011
1785136095.1451011
1785136095.1451011
1785136095.1451011
1785136095.1451011
1785136095.1451011
1785136095.1451011
1785136095.1451011
1785136095.1451011
1785136095.1451011
1785136095.1451011
1785136095.1451011
1785136095.1451011
1785136095.1451011
1785136095.1451011
1785136095.1451011
1785136095.1451011
1785136095.1451011
1785136095.1451011
1785136095.1451011
1785136095.1451011
1785136095.1451011
1785136095.1451011
1785136095.1451011
1785136095.1451011
1785136095.1451011
1785136095.1451011
1785136095.1451011
1785136095.1451011
1785136095.1451011
1785136095.1451011
1785136095.1451011
1785136095.1451011
1785136095.1451011
1785136095.1451011
1785136095.1451011
1785136095.1451011
1785136095.1451011
1785136095.1451011
1785136095.1451011
1785136095.1451011
1785136095.1451011
1785136095.1451011
1785136095.1451011
1785136095.1453240
1785136095.1453240
1785136095.1453240
1785136095.1453240
1785136095.1453240
1785136095.1453240
1785136095.1453240
1785136095.1453240
1785136095.1453240
1785136095.1453240
1785136095.1453240
1785136095.1453240
1785136095.1453240
1785136095.1453240
1785136095.1453240
1785136095.1453240
1785136095.1453240
1785136095.1453240
1785136095.1453240
1785136095.1453240
1785136095.1453240
1785136095.1453240
1785136095.1453240
1785136095.1453240
1785136095.1453240
1785136095.1453240
1785136095.1453240
1785136095.1453240
1785136095.1453240
1785136095.1453240
1785136095.1453240
1785136095.1453240
1785136095.1453240
1785136095.1453240
1785136095.1453240
1785136095.1453240
1785136095.1453240
1785136095.1453240
1785136095.1453240
1785136095.1453240
1785136095.1453240
1785136095.1453240
1785136095.1453240
1785136095.1453240
1785136095.1453240
1785136095.1453240
1785136095.1453240
1785136095.1453240
1785136095.1453240
1785136095.1453240
1785136095.1453240
1785136095.1453240
1785136095.1453240
1785136095.1453240
1785136095.1453240
1785136095.1453240
1785136095.1453240
1785136095.1453240
1785136095.1453240
1785136095.1453240
1785136095.1453240
1785136095.1453240
1785136095.1453240
1785136095.1453240
1785136095.1453240
1785136095.1453240
1785136095.1453240
1785136095.1453240
1785136095.1455460
1785136095.1455460
1785136095.1455460
1785136095.1455460
1785136095.1455460
1785136095.1455460
1785136095.1455460
1785136095.1455460
1785136095.1455460
1785136095.1455460
1785136095.1455460
1785136095.1455460
1785136095.1455460
1785136095.1455460
1785136095.1455460
1785136095.1455460
1785136095.1455460
1785136095.1455460
1785136095.1455460
1785136095.1455460
1785136095.1455460
1785136095.1455460
1785136095.1455460
1785136095.1455460
1785136095.1455460
1785136095.1455460
1785136095.1455460
1785136095.1455460
1785136095.1455460
1785136095.1455460
1785136095.1455460
1785136095.1455460
1785136095.1455460
1785136095.1455460
1785136095.1455460
1785136095.1455460
1785136095.1455460
1785136095.1455460
1785136095.1455460
1785136095.1455460
1785136095.1455460
1785136095.1455460
1785136095.1455460
1785136095.1455460
1785136095.1455460
1785136095.1455460
1785136095.1455460
1785136095.1455460
1785136095.1455460
1785136095.1455460
1785136095.1455460
1785136095.1455460
1785136095.1455460
1785136095.1455460
1785136095.1455460
1785136095.1455460
1785136095.1455460
1785136095.1455460
1785136095.1455460
1785136095.1455460
1785136095.1455460
1785136095.1455460
1785136095.1455460
1785136095.1455460
1785136095.1455460
1785136095.1455460
1785136095.1455460
1785136095.1455460
1785136095.1455460
1785136095.1455460
1785136095.1455460
1785136095.1455460
1785136095.1455460
1785136095.1455460
1785136095.1455460
1785136095.1455460
1785136095.1455460
1785136095.1455460
1785136095.1455460
1785136095.1457679
1785136095.1457679
1785136095.1457679
1785136095.1457679
1785136095.1457679
1785136095.1457679
1785136095.1457679
1785136095.1457679
1785136095.1457679
1785136095.1457679
1785136095.1457679
1785136095.1457679
1785136095.1457679
1785136095.1457679
1785136095.1457679
1785136095.1457679
1785136095.1457679
1785136095.1457679
1785136095.1457679
1785136095.1457679
1785136095.1457679
1785136095.1457679
1785136095.1457679
1785136095.1457679
1785136095.1457679
1785136095.1457679
1785136095.1457679
1785136095.1457679
1785136095.1457679
1785136095.1457679
1785136095.1457679
1785136095.1457679
1785136095.1457679
1785136095.1457679
1785136095.1457679
1785136095.1457679
1785136095.1457679
1785136095.1457679
1785136095.1457679
1785136095.1457679
1785136095.1457679
1785136095.1457679
1785136095.1457679
1785136095.1457679
1785136095.1457679
1785136095.1457679
1785136095.1457679
1785136095.1457679
1785136095.1457679
1785136095.1457679
1785136095.1457679
1785136095.1457679
1785136095.1457679
1785136095.1457679
1785136095.1457679
1785136095.1457679
1785136095.1457679
1785136095.1457679
1785136095.1457679
1785136095.1457679
1785136095.1457679
1785136095.1457679
1785136095.1457679
1785136095.1457679
1785136095.1457679
1785136095.1457679
1785136095.1457679
1785136095.1457679
1785136095.1457679
1785136095.1459899
1785136095.1459899
1785136095.1459899
1785136095.1459899
1785136095.1459899
1785136095.1459899
1785136095.1459899
1785136095.1459899
1785136095.1459899
1785136095.1459899
1785136095.1459899
1785136095.1459899
1785136095.1459899
1785136095.1459899
1785136095.1459899
1785136095.1459899
1785136095.1459899
1785136095.1459899
1785136095.1459899
1785136095.1459899
1785136095.1459899
1785136095.1459899
1785136095.1459899
1785136095.1459899
1785136095.1459899
1785136095.1459899
1785136095.1459899
1785136095.1459899
1785136095.1459899
1785136095.1459899
1785136095.1459899
1785136095.1459899
1785136095.1459899
1785136095.1459899
1785136095.1459899
1785136095.1459899
1785136095.1459899
1785136095.1459899
1785136095.1459899
1785136095.1459899
1785136095.1459899
1785136095.1459899
1785136095.1459899
1785136095.1459899
1785136095.1459899
1785136095.1459899
1785136095.1459899
1785136095.1459899
1785136095.1459899
1785136095.1459899
1785136095.1459899
1785136095.1459899
1785136095.1459899
1785136095.1459899
1785136095.1459899
1785136095.1459899
1785136095.1459899
1785136095.1459899
1785136095.1459899
1785136095.1459899
1785136095.1459899
1785136095.1459899
1785136095.1459899
1785136095.1462121
1785136095.1462121
1785136095.1462121
1785136095.1462121
1785136095.1462121
1785136095.1462121
1785136095.1462121
1785136095.1462121
1785136095.1462121
1785136095.1462121
1785136095.1462121
1785136095.1462121
1785136095.1462121
1785136095.1462121
1785136095.1462121
1785136095.1462121
1785136095.1462121
1785136095.1462121
1785136095.1462121
1785136095.1462121
1785136095.1462121
1785136095.1462121
1785136095.1462121
1785136095.1462121
1785136095.1462121
1785136095.1462121
1785136095.1462121
1785136095.1462121
1785136095.1462121
1785136095.1462121
1785136095.1462121
1785136095.1462121
1785136095.1462121
1785136095.1462121
1785136095.1462121
1785136095.1462121
1785136095.1462121
1785136095.1462121
1785136095.1462121
1785136095.1462121
1785136095.1462121
1785136095.1462121
1785136095.1462121
1785136095.1462121
1785136095.1462121
1785136095.1462121
1785136095.1462121
1785136095.1462121
1785136095.1462121
1785136095.1462121
1785136095.1462121
1785136095.1462121
1785136095.1462121
1785136095.1462121
1785136095.1462121
1785136095.1462121
1785136095.1462121
1785136095.1464350
1785136095.1464350
1785136095.1464350
1785136095.1464350
1785136095.1464350
1785136095.1464350
1785136095.1464350
1785136095.1464350
1785136095.1464350
1785136095.1464350
1785136095.1464350
1785136095.1464350
1785136095.1464350
1785136095.1464350
1785136095.1464350
1785136095.1464350
1785136095.1464350
1785136095.1464350
1785136095.1464350
1785136095.1464350
1785136095.1464350
1785136095.1464350
1785136095.1464350
1785136095.1464350
1785136095.1464350
1785136095.1464350
1785136095.1464350
1785136095.1464350
1785136095.1464350
1785136095.1464350
1785136095.1464350
1785136095.1464350
1785136095.1464350
1785136095.1464350
1785136095.1464350
1785136095.1464350
1785136095.1464350
1785136095.1464350
1785136095.1464350
1785136095.1464350
1785136095.1464350
1785136095.1464350
1785136095.1464350
1785136095.1464350
1785136095.1464350
1785136095.1464350
1785136095.1464350
1785136095.1464350
1785136095.1464350
1785136095.1464350
1785136095.1464350
1785136095.1464350
1785136095.1464350
1785136095.1466570
1785136095.1466570
1785136095.1466570
1785136095.1466570
1785136095.1466570
1785136095.1466570
1785136095.1466570
1785136095.1466570
1785136095.1466570
1785136095.1466570
1785136095.1466570
1785136095.1466570
1785136095.1466570
1785136095.1466570
1785136095.1466570
1785136095.1466570
1785136095.1466570
1785136095.1466570
1785136095.1466570
1785136095.1466570
1785136095.1466570
1785136095.1466570
1785136095.1466570
1785136095.1466570
1785136095.1466570
1785136095.1466570
1785136095.1466570
1785136095.1466570
1785136095.1466570
1785136095.1466570
1785136095.1466570
1785136095.1466570
1785136095.1466570
1785136095.1466570
1785136095.1466570
1785136095.1466570
1785136095.1466570
1785136095.1466570
1785136095.1466570
1785136095.1466570
1785136095.1466570
1785136095.1466570
1785136095.1466570
1785136095.1466570
1785136095.1466570
1785136095.1466570
1785136095.1466570
1785136095.1466570
1785136095.1466570
1785136095.1466570
1785136095.1466570
1785136095.1466570
1785136095.1466570
1785136095.1466570
1785136095.1466570
1785136095.1468790
1785136095.1468790
1785136095.1468790
1785136095.1468790
1785136095.1468790
1785136095.1468790
1785136095.1468790
1785136095.1468790
1785136095.1468790
1785136095.1468790
1785136095.1468790
1785136095.1468790
1785136095.1468790
1785136095.1468790
1785136095.1468790
1785136095.1468790
1785136095.1468790
1785136095.1468790
1785136095.1468790
1785136095.1468790
1785136095.1468790
1785136095.1468790
1785136095.1468790
1785136095.1468790
1785136095.1468790
1785136095.1468790
1785136095.1468790
1785136095.1468790
1785136095.1468790
1785136095.1468790
1785136095.1468790
1785136095.1468790
1785136095.1468790
1785136095.1468790
1785136095.1468790
1785136095.1468790
1785136095.1468790
1785136095.1468790
1785136095.1468790
1785136095.1468790
1785136095.1468790
1785136095.1468790
1785136095.1468790
1785136095.1468790
1785136095.1468790
1785136095.1468790
1785136095.1468790
1785136095.1468790
1785136095.1468790
1785136095.1468790
1785136095.1468790
1785136095.1468790
1785136095.1468790
1785136095.1468790
1785136095.1468790
1785136095.1468790
1785136095.1468790
1785136095.1468790
1785136095.1468790
1785136095.1468790
1785136095.1468790
1785136095.1468790
1785136095.1468790
1785136095.1468790
1785136095.1468790
1785136095.1468790
1785136095.1468790
1785136095.1468790
1785136095.1468790
1785136095.1468790
1785136095.1468790
1785136095.1468790
1785136095.1468790
1785136095.1468790
1785136095.1468790
1785136095.1468790
1785136095.1468790
1785136095.1468790
1785136095.1468790
1785136095.1471009
1785136095.1471009
1785136095.1471009
1785136095.1471009
1785136095.1471009
1785136095.1471009
1785136095.1471009
1785136095.1471009
1785136095.1471009
1785136095.1471009
1785136095.1471009
1785136095.1471009
1785136095.1471009
1785136095.1471009
1785136095.1471009
1785136095.1471009
1785136095.1471009
1785136095.1471009
1785136095.1471009
1785136095.1471009
1785136095.1471009
1785136095.1471009
1785136095.1471009
1785136095.1471009
1785136095.1471009
1785136095.1471009
1785136095.1471009
1785136095.1471009
1785136095.1471009
1785136095.1471009
1785136095.1471009
1785136095.1471009
1785136095.1471009
1785136095.1471009
1785136095.1471009
1785136095.1471009
1785136095.1471009
1785136095.1471009
1785136095.1471009
1785136095.1471009
1785136095.1471009
1785136095.1471009
1785136095.1471009
1785136095.1471009
1785136095.1471009
1785136095.1471009
1785136095.1471009
1785136095.1471009
1785136095.1471009
1785136095.1471009
1785136095.1471009
1785136095.1471009
1785136095.1471009
1785136095.1471009
1785136095.1471009
1785136095.1471009
1785136095.1471009
1785136095.1471009
1785136095.1471009
1785136095.1471009
1785136095.1471009
1785136095.1471009
1785136095.1471009
1785136095.1471009
1785136095.1471009
1785136095.1471009
1785136095.1471009
1785136095.1471009
1785136095.1471009
1785136095.1471009
1785136095.1471009
1785136095.1471009
1785136095.1471009
1785136095.1471009
1785136095.1471009
1785136095.1471009
1785136095.1471009
1785136095.1473229
1785136095.1473229
1785136095.1473229
1785136095.1473229
1785136095.1473229
1785136095.1473229
1785136095.1473229
1785136095.1473229
1785136095.1473229
1785136095.1473229
1785136095.1473229
1785136095.1473229
1785136095.1473229
1785136095.1473229
1785136095.1473229
1785136095.1473229
1785136095.1473229
1785136095.1473229
1785136095.1473229
1785136095.1473229
1785136095.1473229
1785136095.1473229
1785136095.1473229
1785136095.1473229
1785136095.1473229
1785136095.1473229
1785136095.1473229
1785136095.1473229
1785136095.1473229
1785136095.1473229
1785136095.1473229
1785136095.1473229
1785136095.1473229
1785136095.1473229
1785136095.1473229
1785136095.1473229
1785136095.1473229
1785136095.1473229
1785136095.1473229
1785136095.1473229
1785136095.1473229
1785136095.1473229
1785136095.1473229
1785136095.1473229
1785136095.1473229
1785136095.1473229
1785136095.1473229
1785136095.1473229
1785136095.1473229
1785136095.1473229
1785136095.1473229
1785136095.1473229
1785136095.1473229
1785136095.1473229
1785136095.1473229
1785136095.1473229
1785136095.1473229
1785136095.1473229
1785136095.1473229
1785136095.1475451
1785136095.1475451
1785136095.1475451
1785136095.1475451
1785136095.1475451
1785136095.1475451
1785136095.1475451
1785136095.1475451
1785136095.1475451
1785136095.1475451
1785136095.1475451
1785136095.1475451
1785136095.1475451
1785136095.1475451
1785136095.1475451
1785136095.1475451
1785136095.1475451
1785136095.1475451
1785136095.1475451
1785136095.1475451
1785136095.1475451
1785136095.1475451
1785136095.1475451
1785136095.1475451
1785136095.1475451
1785136095.1475451
1785136095.1475451
1785136095.1475451
1785136095.1475451
1785136095.1475451
1785136095.1475451
1785136095.1475451
1785136095.1475451
1785136095.1475451
1785136095.1475451
1785136095.1475451
1785136095.1475451
1785136095.1475451
1785136095.1475451
1785136095.1475451
1785136095.1475451
1785136095.1475451
1785136095.1475451
1785136095.1475451
1785136095.1475451
1785136095.1475451
1785136095.1475451
1785136095.1475451
1785136095.1475451
1785136095.1475451
1785136095.1475451
1785136095.1475451
1785136095.1475451
1785136095.1475451
1785136095.1475451
1785136095.1475451
1785136095.1475451
1785136095.1475451
1785136095.1475451
1785136095.1475451
1785136095.1475451
1785136095.1475451
1785136095.1475451
1785136095.1475451
1785136095.1475451
1785136095.1477680
1785136095.1477680
1785136095.1477680
1785136095.1477680
1785136095.1477680
1785136095.1477680
1785136095.1477680
1785136095.1477680
1785136095.1477680
1785136095.1477680
1785136095.1477680
1785136095.1477680
1785136095.1477680
1785136095.1477680
1785136095.1477680
1785136095.1477680
1785136095.1477680
1785136095.1477680
1785136095.1477680
1785136095.1477680
1785136095.1477680
1785136095.1477680
1785136095.1477680
1785136095.1477680
1785136095.1477680
1785136095.1477680
1785136095.1477680
1785136095.1477680
1785136095.1477680
1785136095.1477680
1785136095.1477680
1785136095.1477680
1785136095.1477680
1785136095.1477680
1785136095.1477680
1785136095.1477680
1785136095.1477680
1785136095.1477680
1785136095.1477680
1785136095.1477680
1785136095.1477680
1785136095.1477680
1785136095.1477680
1785136095.1477680
1785136095.1477680
1785136095.1477680
1785136095.1477680
1785136095.1477680
1785136095.1477680
1785136095.1477680
1785136095.1477680
1785136095.1477680
1785136095.1477680
1785136095.1477680
1785136095.1477680
1785136095.1477680
1785136095.1477680
1785136095.1477680
1785136095.1477680
1785136095.1477680
1785136095.1477680
1785136095.1477680
1785136095.1477680
1785136095.1477680
1785136095.1477680
1785136095.1477680
1785136095.1477680
1785136095.1477680
1785136095.1477680
1785136095.1477680
1785136095.1477680
1785136095.1477680
1785136095.1477680
1785136095.1477680
1785136095.1477680
1785136095.1477680
1785136095.1477680
1785136095.1479900
1785136095.1479900
1785136095.1479900
1785136095.1479900
1785136095.1479900
1785136095.1479900
1785136095.1479900
1785136095.1479900
1785136095.1479900
1785136095.1479900
1785136095.1479900
1785136095.1479900
1785136095.1479900
1785136095.1479900
1785136095.1479900
1785136095.1479900
1785136095.1479900
1785136095.1479900
1785136095.1479900
1785136095.1479900
1785136095.1479900
1785136095.1479900
1785136095.1479900
1785136095.1479900
1785136095.1479900
1785136095.1479900
1785136095.1479900
1785136095.1479900
1785136095.1479900
1785136095.1479900
1785136095.1479900
1785136095.1479900
1785136095.1479900
1785136095.1479900
1785136095.1479900
1785136095.1479900
1785136095.1479900
1785136095.1479900
1785136095.1479900
1785136095.1479900
1785136095.1479900
1785136095.1479900
1785136095.1479900
1785136095.1479900
1785136095.1479900
1785136095.1479900
1785136095.1479900
1785136095.1479900
1785136095.1479900
1785136095.1479900
1785136095.1479900
1785136095.1479900
1785136095.1479900
1785136095.1479900
1785136095.1479900
1785136095.1479900
1785136095.1479900
1785136095.1479900
1785136095.1479900
1785136095.1479900
1785136095.1479900
1785136095.1479900
1785136095.1479900
1785136095.1479900
1785136095.1479900
1785136095.1479900
1785136095.1479900
1785136095.1479900
1785136095.1482120
1785136095.1482120
1785136095.1482120
1785136095.1482120
1785136095.1482120
1785136095.1482120
1785136095.1482120
1785136095.1482120
1785136095.1482120
1785136095.1482120
1785136095.1482120
1785136095.1482120
1785136095.1482120
1785136095.1482120
1785136095.1482120
1785136095.1482120
1785136095.1482120
1785136095.1482120
1785136095.1482120
1785136095.1482120
1785136095.1482120
1785136095.1482120
1785136095.1482120
1785136095.1482120
1785136095.1482120
1785136095.1482120
1785136095.1482120
1785136095.1482120
1785136095.1482120
1785136095.1482120
1785136095.1482120
1785136095.1482120
1785136095.1482120
1785136095.1482120
1785136095.1482120
1785136095.1482120
1785136095.1482120
1785136095.1482120
1785136095.1482120
1785136095.1482120
1785136095.1482120
1785136095.1482120
1785136095.1482120
1785136095.1482120
1785136095.1482120
1785136095.1482120
1785136095.1482120
1785136095.1482120
1785136095.1482120
1785136095.1482120
1785136095.1482120
1785136095.1482120
1785136095.1482120
1785136095.1482120
1785136095.1482120
1785136095.1482120
1785136095.1482120
1785136095.1482120
1785136095.1482120
1785136095.1482120
1785136095.1482120
1785136095.1482120
1785136095.1482120
1785136095.1482120
1785136095.1482120
1785136095.1482120
1785136095.1484339
1785136095.1484339
1785136095.1484339
1785136095.1484339
1785136095.1484339
1785136095.1484339
1785136095.1484339
1785136095.1484339
1785136095.1484339
1785136095.1484339
1785136095.1484339
1785136095.1484339
1785136095.1484339
1785136095.1484339
1785136095.1484339
1785136095.1484339
1785136095.1484339
1785136095.1484339
1785136095.1484339
1785136095.1484339
1785136095.1484339
1785136095.1484339
1785136095.1484339
1785136095.1484339
1785136095.1484339
1785136095.1484339
1785136095.1484339
1785136095.1484339
1785136095.1484339
1785136095.1484339
1785136095.1484339
1785136095.1484339
1785136095.1484339
1785136095.1484339
1785136095.1484339
1785136095.1484339
1785136095.1484339
1785136095.1484339
1785136095.1484339
1785136095.1484339
1785136095.1484339
1785136095.1484339
1785136095.1484339
1785136095.1484339
1785136095.1484339
1785136095.1484339
1785136095.1484339
1785136095.1484339
1785136095.1484339
1785136095.1484339
1785136095.1484339
1785136095.1484339
1785136095.1484339
1785136095.1484339
1785136095.1484339
1785136095.1484339
1785136095.1484339
1785136095.1484339
1785136095.1484339
1785136095.1484339
1785136095.1484339
1785136095.1484339
1785136095.1484339
1785136095.1486559
1785136095.1486559
1785136095.1486559
1785136095.1486559
1785136095.1486559
1785136095.1486559
1785136095.1486559
1785136095.1486559
1785136095.1486559
1785136095.1486559
1785136095.1486559
1785136095.1486559
1785136095.1486559
1785136095.1486559
1785136095.1486559
1785136095.1486559
1785136095.1486559
1785136095.1486559
1785136095.1486559
1785136095.1486559
1785136095.1486559
1785136095.1486559
1785136095.1486559
1785136095.1486559
1785136095.1486559
1785136095.1486559
1785136095.1486559
1785136095.1486559
1785136095.1486559
1785136095.1486559
1785136095.1486559
1785136095.1486559
1785136095.1486559
1785136095.1486559
1785136095.1486559
1785136095.1486559
1785136095.1486559
1785136095.1486559
1785136095.1486559
1785136095.1486559
1785136095.1486559
1785136095.1486559
1785136095.1486559
1785136095.1486559
1785136095.1486559
1785136095.1486559
1785136095.1486559
1785136095.1486559
1785136095.1486559
1785136095.1486559
1785136095.1486559
1785136095.1486559
1785136095.1486559
1785136095.1486559
1785136095.1486559
1785136095.1486559
1785136095.1486559
1785136095.1486559
1785136095.1486559
1785136095.1486559
1785136095.1486559
1785136095.1486559
1785136095.1486559
1785136095.1486559
1785136095.1488791
1785136095.1488791
1785136095.1488791
1785136095.1488791
1785136095.1488791
1785136095.1488791
1785136095.1488791
1785136095.1488791
1785136095.1488791
1785136095.1488791
1785136095.1488791
1785136095.1488791
1785136095.1488791
1785136095.1488791
1785136095.1488791
1785136095.1488791
1785136095.1488791
1785136095.1488791
1785136095.1488791
1785136095.1488791
1785136095.1488791
1785136095.1488791
1785136095.1488791
1785136095.1488791
1785136095.1488791
1785136095.1488791
1785136095.1488791
1785136095.1488791
1785136095.1488791
1785136095.1488791
1785136095.1488791
1785136095.1488791
1785136095.1488791
1785136095.1488791
1785136095.1488791
1785136095.1488791
1785136095.1488791
1785136095.1488791
1785136095.1488791
1785136095.1488791
1785136095.1488791
1785136095.1488791
1785136095.1488791
1785136095.1488791
1785136095.1488791
1785136095.1488791
1785136095.1488791
1785136095.1488791
1785136095.1488791
1785136095.1488791
1785136095.1488791
1785136095.1488791
1785136095.1488791
1785136095.1488791
1785136095.1488791
1785136095.1488791
1785136095.1488791
1785136095.1488791
1785136095.1488791
1785136095.1488791
1785136095.1488791
1785136095.1488791
1785136095.1491010
1785136095.1491010
1785136095.1491010
1785136095.1491010
1785136095.1491010
1785136095.1491010
1785136095.1491010
1785136095.1491010
1785136095.1491010
1785136095.1491010
1785136095.1491010
1785136095.1491010
1785136095.1491010
1785136095.1491010
1785136095.1491010
1785136095.1491010
1785136095.1491010
1785136095.1491010
1785136095.1491010
1785136095.1491010
1785136095.1491010
1785136095.1491010
1785136095.1491010
1785136095.1491010
1785136095.1491010
1785136095.1491010
1785136095.1491010
1785136095.1491010
1785136095.1491010
1785136095.1491010
1785136095.1491010
1785136095.1491010
1785136095.1491010
1785136095.1491010
1785136095.1491010
1785136095.1491010
1785136095.1491010
1785136095.1491010
1785136095.1491010
1785136095.1491010
1785136095.1491010
1785136095.1491010
1785136095.1491010
1785136095.1491010
1785136095.1491010
1785136095.1491010
1785136095.1491010
1785136095.1491010
1785136095.1491010
1785136095.1491010
1785136095.1491010
1785136095.1491010
1785136095.1491010
1785136095.1491010
1785136095.1491010
1785136095.1491010
1785136095.1491010
1785136095.1491010
1785136095.1491010
1785136095.1491010
1785136095.1491010
1785136095.1491010
1785136095.1491010
1785136095.1491010
1785136095.1493230
1785136095.1493230
1785136095.1493230
1785136095.1493230
1785136095.1493230
1785136095.1493230
1785136095.1493230
1785136095.1493230
1785136095.1493230
1785136095.1493230
1785136095.1493230
1785136095.1493230
1785136095.1493230
1785136095.1493230
1785136095.1493230
1785136095.1493230
1785136095.1493230
1785136095.1493230
1785136095.1493230
1785136095.1493230
1785136095.1493230
1785136095.1493230
1785136095.1493230
1785136095.1493230
1785136095.1493230
1785136095.1493230
1785136095.1493230
1785136095.1493230
1785136095.1493230
1785136095.1493230
1785136095.1493230
1785136095.1493230
1785136095.1493230
1785136095.1493230
1785136095.1493230
1785136095.1493230
1785136095.1493230
1785136095.1493230
1785136095.1493230
1785136095.1493230
1785136095.1493230
1785136095.1493230
1785136095.1493230
1785136095.1493230
1785136095.1493230
1785136095.1493230
1785136095.1493230
1785136095.1493230
1785136095.1493230
1785136095.1493230
1785136095.1493230
1785136095.1493230
1785136095.1493230
1785136095.1493230
1785136095.1493230
1785136095.1493230
1785136095.1493230
1785136095.1493230
1785136095.1493230
1785136095.1493230
1785136095.1495450
1785136095.1495450
1785136095.1495450
1785136095.1495450
1785136095.1495450
1785136095.1495450
1785136095.1495450
1785136095.1495450
1785136095.1495450
1785136095.1495450
1785136095.1495450
1785136095.1495450
1785136095.1495450
1785136095.1495450
1785136095.1495450
1785136095.1495450
1785136095.1495450
1785136095.1495450
1785136095.1495450
1785136095.1495450
1785136095.1495450
1785136095.1495450
1785136095.1495450
1785136095.1495450
1785136095.1495450
1785136095.1495450
1785136095.1495450
1785136095.1495450
1785136095.1495450
1785136095.1495450
1785136095.1495450
1785136095.1495450
1785136095.1495450
1785136095.1495450
1785136095.1495450
1785136095.1495450
1785136095.1495450
1785136095.1495450
1785136095.1495450
1785136095.1495450
1785136095.1495450
1785136095.1495450
1785136095.1495450
1785136095.1495450
1785136095.1495450
1785136095.1495450
1785136095.1495450
1785136095.1495450
1785136095.1495450
1785136095.1495450
1785136095.1495450
1785136095.1495450
1785136095.1495450
1785136095.1495450
1785136095.1495450
1785136095.1495450
1785136095.1495450
1785136095.1495450
1785136095.1495450
1785136095.1495450
1785136095.1495450
1785136095.1495450
1785136095.1495450
1785136095.1497669
1785136095.1497669
1785136095.1497669
1785136095.1497669
1785136095.1497669
1785136095.1497669
1785136095.1497669
1785136095.1497669
1785136095.1497669
1785136095.1497669
1785136095.1497669
1785136095.1497669
1785136095.1497669
1785136095.1497669
1785136095.1497669
1785136095.1497669
1785136095.1497669
1785136095.1497669
1785136095.1497669
1785136095.1497669
1785136095.1497669
1785136095.1497669
1785136095.1497669
1785136095.1497669
1785136095.1497669
1785136095.1497669
1785136095.1497669
1785136095.1497669
1785136095.1497669
1785136095.1497669
1785136095.1497669
1785136095.1497669
1785136095.1497669
1785136095.1497669
1785136095.1497669
1785136095.1497669
1785136095.1497669
1785136095.1497669
1785136095.1497669
1785136095.1497669
1785136095.1497669
1785136095.1497669
1785136095.1497669
1785136095.1497669
1785136095.1497669
1785136095.1497669
1785136095.1497669
1785136095.1497669
1785136095.1497669
1785136095.1497669
1785136095.1497669
1785136095.1497669
1785136095.1497669
1785136095.1497669
1785136095.1497669
1785136095.1497669
1785136095.1497669
1785136095.1497669
1785136095.1497669
1785136095.1497669
1785136095.1497669
1785136095.1497669
1785136095.1497669
1785136095.1497669
1785136095.1497669
1785136095.1497669
1785136095.1497669
1785136095.1497669
1785136095.1497669
1785136095.1497669
1785136095.1497669
1785136095.1497669
1785136095.1497669
1785136095.1497669
1785136095.1497669
1785136095.1497669
1785136095.1497669
1785136095.1497669
1785136095.1499901
1785136095.1499901
1785136095.1499901
1785136095.1499901
1785136095.1499901
1785136095.1499901
1785136095.1499901
1785136095.1499901
1785136095.1499901
1785136095.1499901
1785136095.1499901
1785136095.1499901
1785136095.1499901
1785136095.1499901
1785136095.1499901
1785136095.1499901
1785136095.1499901
1785136095.1499901
1785136095.1499901
1785136095.1499901
1785136095.1499901
1785136095.1499901
1785136095.1499901
1785136095.1499901
1785136095.1499901
1785136095.1499901
1785136095.1499901
1785136095.1499901
1785136095.1499901
1785136095.1499901
1785136095.1499901
1785136095.1499901
1785136095.1499901
1785136095.1499901
1785136095.1499901
1785136095.1499901
1785136095.1499901
1785136095.1499901
1785136095.1499901
1785136095.1499901
1785136095.1499901
1785136095.1499901
1785136095.1499901
1785136095.1499901
1785136095.1499901
1785136095.1499901
1785136095.1499901
1785136095.1499901
1785136095.1499901
1785136095.1499901
1785136095.1499901
1785136095.1499901
1785136095.1499901
1785136095.1499901
1785136095.1499901
1785136095.1499901
1785136095.1499901
1785136095.1499901
1785136095.1499901
1785136095.1499901
1785136095.1499901
1785136095.1499901
1785136095.1499901
1785136095.1499901
1785136095.1499901
1785136095.1499901
1785136095.1499901
1785136095.1499901
1785136095.1499901
1785136095.1499901
1785136095.1499901
1785136095.1499901
1785136095.1499901
1785136095.1499901
1785136095.1499901
1785136095.1499901
1785136095.1499901
1785136095.1499901
1785136095.1499901
1785136095.1502111
1785136095.1502111
1785136095.1502111
1785136095.1502111
1785136095.1502111
1785136095.1502111
1785136095.1502111
1785136095.1502111
1785136095.1502111
1785136095.1502111
1785136095.1502111
1785136095.1502111
1785136095.1502111
1785136095.1502111
1785136095.1502111
1785136095.1502111
1785136095.1502111
1785136095.1502111
1785136095.1502111
1785136095.1502111
1785136095.1502111
1785136095.1502111
1785136095.1502111
1785136095.1502111
1785136095.1502111
1785136095.1502111
1785136095.1502111
1785136095.1502111
1785136095.1502111
1785136095.1502111
1785136095.1502111
1785136095.1502111
1785136095.1502111
1785136095.1502111
1785136095.1502111
1785136095.1502111
1785136095.1502111
1785136095.1502111
1785136095.1502111
1785136095.1502111
1785136095.1502111
1785136095.1502111
1785136095.1502111
1785136095.1502111
1785136095.1502111
1785136095.1502111
1785136095.1502111
1785136095.1502111
1785136095.1502111
1785136095.1502111
1785136095.1502111
1785136095.1502111
1785136095.1502111
1785136095.1502111
1785136095.1502111
1785136095.1502111
1785136095.1502111
1785136095.1502111
1785136095.1502111
1785136095.1502111
1785136095.1502111
1785136095.1502111
1785136095.1502111
1785136095.1502111
1785136095.1502111
1785136095.1502111
1785136095.1502111
1785136095.1502111
1785136095.1502111
1785136095.1502111
1785136095.1502111
1785136095.1502111
1785136095.1504340
1785136095.1504340
1785136095.1504340
1785136095.1504340
1785136095.1504340
1785136095.1504340
1785136095.1504340
1785136095.1504340
1785136095.1504340
1785136095.1504340
1785136095.1504340
1785136095.1504340
1785136095.1504340
1785136095.1504340
1785136095.1504340
1785136095.1504340
1785136095.1504340
1785136095.1504340
1785136095.1504340
1785136095.1504340
1785136095.1504340
1785136095.1504340
1785136095.1504340
1785136095.1504340
1785136095.1504340
1785136095.1504340
1785136095.1504340
1785136095.1504340
1785136095.1504340
1785136095.1504340
1785136095.1504340
1785136095.1504340
1785136095.1504340
1785136095.1504340
1785136095.1504340
1785136095.1504340
1785136095.1504340
1785136095.1504340
1785136095.1504340
1785136095.1504340
1785136095.1504340
1785136095.1504340
1785136095.1504340
1785136095.1504340
1785136095.1504340
1785136095.1504340
1785136095.1504340
1785136095.1504340
1785136095.1504340
1785136095.1504340
1785136095.1504340
1785136095.1504340
1785136095.1504340
1785136095.1504340
1785136095.1504340
1785136095.1504340
1785136095.1504340
1785136095.1504340
1785136095.1504340
1785136095.1504340
1785136095.1504340
1785136095.1504340
1785136095.1504340
1785136095.1504340
1785136095.1504340
1785136095.1504340
1785136095.1504340
1785136095.1504340
1785136095.1504340
1785136095.1506560
1785136095.1506560
1785136095.1506560
1785136095.1506560
1785136095.1506560
1785136095.1506560
1785136095.1506560
1785136095.1506560
1785136095.1506560
1785136095.1506560
1785136095.1506560
1785136095.1506560
1785136095.1506560
1785136095.1506560
1785136095.1506560
1785136095.1506560
1785136095.1506560
1785136095.1506560
1785136095.1506560
1785136095.1506560
1785136095.1506560
1785136095.1506560
1785136095.1506560
1785136095.1506560
1785136095.1506560
1785136095.1506560
1785136095.1506560
1785136095.1506560
1785136095.1506560
1785136095.1506560
1785136095.1506560
1785136095.1506560
1785136095.1506560
1785136095.1506560
1785136095.1506560
1785136095.1506560
1785136095.1506560
1785136095.1506560
1785136095.1506560
1785136095.1506560
1785136095.1506560
1785136095.1506560
1785136095.1506560
1785136095.1506560
1785136095.1506560
1785136095.1506560
1785136095.1506560
1785136095.1506560
1785136095.1506560
1785136095.1506560
1785136095.1506560
1785136095.1506560
1785136095.1506560
1785136095.1506560
1785136095.1506560
1785136095.1506560
1785136095.1506560
1785136095.1506560
1785136095.1506560
1785136095.1506560
1785136095.1506560
1785136095.1506560
1785136095.1506560
1785136095.1506560
1785136095.1506560
1785136095.1506560
1785136095.1506560
1785136095.1506560
1785136095.1508780
1785136095.1508780
1785136095.1508780
1785136095.1508780
1785136095.1508780
1785136095.1508780
1785136095.1508780
1785136095.1508780
1785136095.1508780
1785136095.1508780
1785136095.1508780
1785136095.1508780
1785136095.1508780
1785136095.1508780
1785136095.1508780
1785136095.1508780
1785136095.1508780
1785136095.1508780
1785136095.1508780
1785136095.1508780
1785136095.1508780
1785136095.1508780
1785136095.1508780
1785136095.1508780
1785136095.1508780
1785136095.1508780
1785136095.1508780
1785136095.1508780
1785136095.1508780
1785136095.1508780
1785136095.1508780
1785136095.1508780
1785136095.1508780
1785136095.1508780
1785136095.1508780
1785136095.1508780
1785136095.1508780
1785136095.1508780
1785136095.1508780
1785136095.1508780
1785136095.1508780
1785136095.1508780
1785136095.1508780
1785136095.1508780
1785136095.1508780
1785136095.1508780
1785136095.1508780
1785136095.1508780
1785136095.1508780
1785136095.1508780
1785136095.1508780
1785136095.1508780
1785136095.1508780
1785136095.1508780
1785136095.1508780
1785136095.1508780
1785136095.1508780
1785136095.1508780
1785136095.1508780
1785136095.1508780
1785136095.1508780
1785136095.1508780
1785136095.1508780
1785136095.1508780
1785136095.1508780
1785136095.1508780
1785136095.1508780
1785136095.1508780
1785136095.1508780
1785136095.1508780
1785136095.1510999
1785136095.1510999
1785136095.1510999
1785136095.1510999
1785136095.1510999
1785136095.1510999
1785136095.1510999
1785136095.1510999
1785136095.1510999
1785136095.1510999
1785136095.1510999
1785136095.1510999
1785136095.1510999
1785136095.1510999
1785136095.1510999
1785136095.1510999
1785136095.1510999
1785136095.1510999
1785136095.1510999
1785136095.1510999
1785136095.1510999
1785136095.1510999
1785136095.1510999
1785136095.1510999
1785136095.1510999
1785136095.1510999
1785136095.1510999
1785136095.1510999
1785136095.1510999
1785136095.1510999
1785136095.1510999
1785136095.1510999
1785136095.1510999
1785136095.1510999
1785136095.1510999
1785136095.1510999
1785136095.1510999
1785136095.1510999
1785136095.1510999
1785136095.1510999
1785136095.1510999
1785136095.1510999
1785136095.1510999
1785136095.1510999
1785136095.1510999
1785136095.1510999
1785136095.1510999
1785136095.1510999
1785136095.1510999
1785136095.1510999
1785136095.1510999
1785136095.1510999
1785136095.1510999
1785136095.1510999
1785136095.1510999
1785136095.1510999
1785136095.1510999
1785136095.1510999
1785136095.1510999
1785136095.1510999
1785136095.1510999
1785136095.1510999
1785136095.1510999
1785136095.1510999
1785136095.1510999
1785136095.1510999
1785136095.1510999
1785136095.1510999
1785136095.1510999
1785136095.1510999
1785136095.1510999
1785136095.1510999
1785136095.1510999
1785136095.1510999
1785136095.1510999
1785136095.1513231
1785136095.1513231
1785136095.1513231
1785136095.1513231
1785136095.1513231
1785136095.1513231
1785136095.1513231
1785136095.1513231
1785136095.1513231
1785136095.1513231
1785136095.1513231
1785136095.1513231
1785136095.1513231
1785136095.1513231
1785136095.1513231
1785136095.1513231
1785136095.1513231
1785136095.1513231
1785136095.1513231
1785136095.1513231
1785136095.1513231
1785136095.1513231
1785136095.1513231
1785136095.1513231
1785136095.1513231
1785136095.1513231
1785136095.1513231
1785136095.1513231
1785136095.1513231
1785136095.1513231
1785136095.1513231
1785136095.1513231
1785136095.1513231
1785136095.1513231
1785136095.1513231
1785136095.1513231
1785136095.1513231
1785136095.1513231
1785136095.1513231
1785136095.1513231
1785136095.1513231
1785136095.1513231
1785136095.1513231
1785136095.1513231
1785136095.1513231
1785136095.1513231
1785136095.1513231
1785136095.1513231
1785136095.1513231
1785136095.1513231
1785136095.1513231
1785136095.1513231
1785136095.1513231
1785136095.1513231
1785136095.1513231
1785136095.1513231
1785136095.1513231
1785136095.1513231
1785136095.1513231
1785136095.1513231
1785136095.1513231
1785136095.1513231
1785136095.1513231
1785136095.1513231
1785136095.1513231
1785136095.1513231
1785136095.1513231
1785136095.1513231
1785136095.1513231
1785136095.1513231
1785136095.1515450
1785136095.1515450
1785136095.1515450
1785136095.1515450
1785136095.1515450
1785136095.1515450
1785136095.1515450
1785136095.1515450
1785136095.1515450
1785136095.1515450
1785136095.1515450
1785136095.1515450
1785136095.1515450
1785136095.1515450
1785136095.1515450
1785136095.1515450
1785136095.1515450
1785136095.1515450
1785136095.1515450
1785136095.1515450
1785136095.1515450
1785136095.1515450
1785136095.1515450
1785136095.1515450
1785136095.1515450
1785136095.1515450
1785136095.1515450
1785136095.1515450
1785136095.1515450
1785136095.1515450
1785136095.1515450
1785136095.1515450
1785136095.1515450
1785136095.1515450
1785136095.1515450
1785136095.1515450
1785136095.1515450
1785136095.1515450
1785136095.1515450
1785136095.1515450
1785136095.1515450
1785136095.1515450
1785136095.1515450
1785136095.1515450
1785136095.1515450
1785136095.1515450
1785136095.1515450
1785136095.1515450
1785136095.1515450
1785136095.1515450
1785136095.1515450
1785136095.1515450
1785136095.1515450
1785136095.1515450
1785136095.1515450
1785136095.1515450
1785136095.1515450
1785136095.1515450
1785136095.1515450
1785136095.1515450
1785136095.1515450
1785136095.1515450
1785136095.1515450
1785136095.1515450
1785136095.1515450
1785136095.1515450
1785136095.1515450
1785136095.1515450
1785136095.1515450
1785136095.1515450
1785136095.1515450
1785136095.1515450
1785136095.1517670
1785136095.1517670
1785136095.1517670
1785136095.1517670
1785136095.1517670
1785136095.1517670
1785136095.1517670
1785136095.1517670
1785136095.1517670
1785136095.1517670
1785136095.1517670
1785136095.1517670
1785136095.1517670
1785136095.1517670
1785136095.1517670
1785136095.1517670
1785136095.1517670
1785136095.1517670
1785136095.1517670
1785136095.1517670
1785136095.1517670
1785136095.1517670
1785136095.1517670
1785136095.1517670
1785136095.1517670
1785136095.1517670
1785136095.1517670
1785136095.1517670
1785136095.1517670
1785136095.1517670
1785136095.1517670
1785136095.1517670
1785136095.1517670
1785136095.1517670
1785136095.1517670
1785136095.1517670
1785136095.1517670
1785136095.1517670
1785136095.1517670
1785136095.1517670
1785136095.1517670
1785136095.1517670
1785136095.1517670
1785136095.1517670
1785136095.1517670
1785136095.1517670
1785136095.1517670
1785136095.1517670
1785136095.1517670
1785136095.1517670
1785136095.1517670
1785136095.1517670
1785136095.1517670
1785136095.1517670
1785136095.1517670
1785136095.1517670
1785136095.1517670
1785136095.1517670
1785136095.1517670
1785136095.1517670
1785136095.1517670
1785136095.1517670
1785136095.1517670
1785136095.1517670
1785136095.1517670
1785136095.1517670
1785136095.1517670
1785136095.1517670
1785136095.1517670
1785136095.1517670
1785136095.1517670
1785136095.1517670
1785136095.1517670
1785136095.1517670
1785136095.1517670
1785136095.1517670
1785136095.1519890
1785136095.1519890
1785136095.1519890
1785136095.1519890
1785136095.1519890
1785136095.1519890
1785136095.1519890
1785136095.1519890
1785136095.1519890
1785136095.1519890
1785136095.1519890
1785136095.1519890
1785136095.1519890
1785136095.1519890
1785136095.1519890
1785136095.1519890
1785136095.1519890
1785136095.1519890
1785136095.1519890
1785136095.1519890
1785136095.1519890
1785136095.1519890
1785136095.1519890
1785136095.1519890
1785136095.1519890
1785136095.1519890
1785136095.1519890
1785136095.1519890
1785136095.1519890
1785136095.1519890
1785136095.1519890
1785136095.1519890
1785136095.1519890
1785136095.1519890
1785136095.1519890
1785136095.1519890
1785136095.1519890
1785136095.1519890
1785136095.1519890
1785136095.1519890
1785136095.1519890
1785136095.1519890
1785136095.1519890
1785136095.1519890
1785136095.1519890
1785136095.1519890
1785136095.1519890
1785136095.1519890
1785136095.1519890
1785136095.1519890
1785136095.1519890
1785136095.1519890
1785136095.1519890
1785136095.1519890
1785136095.1519890
1785136095.1519890
1785136095.1519890
1785136095.1519890
1785136095.1519890
1785136095.1519890
1785136095.1519890
1785136095.1519890
1785136095.1519890
1785136095.1519890
1785136095.1519890
1785136095.1519890
1785136095.1519890
1785136095.1519890
1785136095.1519890
1785136095.1519890
1785136095.1519890
1785136095.1519890
1785136095.1519890
1785136095.1519890
1785136095.1519890
1785136095.1519890
1785136095.1519890
1785136095.1519890
1785136095.1519890
1785136095.1519890
1785136095.1519890
1785136095.1519890
1785136095.1519890
1785136095.1519890
1785136095.1519890
1785136095.1519890
1785136095.1519890
1785136095.1519890
1785136095.1519890
1785136095.1519890
1785136095.1519890
1785136095.1519890
1785136095.1519890
1785136095.1519890
1785136095.1519890
1785136095.1519890
1785136095.1522110
1785136095.1522110
1785136095.1522110
1785136095.1522110
1785136095.1522110
1785136095.1522110
1785136095.1522110
1785136095.1522110
1785136095.1522110
1785136095.1522110
1785136095.1522110
1785136095.1522110
1785136095.1522110
1785136095.1522110
1785136095.1522110
1785136095.1522110
1785136095.1522110
1785136095.1522110
1785136095.1522110
1785136095.1522110
1785136095.1522110
1785136095.1522110
1785136095.1522110
1785136095.1522110
1785136095.1522110
1785136095.1522110
1785136095.1522110
1785136095.1522110
1785136095.1522110
1785136095.1522110
1785136095.1522110
1785136095.1522110
1785136095.1522110
1785136095.1522110
1785136095.1522110
1785136095.1522110
1785136095.1522110
1785136095.1522110
1785136095.1522110
1785136095.1522110
1785136095.1522110
1785136095.1522110
1785136095.1522110
1785136095.1522110
1785136095.1522110
1785136095.1522110
1785136095.1522110
1785136095.1522110
1785136095.1522110
1785136095.1522110
1785136095.1522110
1785136095.1522110
1785136095.1522110
1785136095.1522110
1785136095.1522110
1785136095.1522110
1785136095.1522110
1785136095.1522110
1785136095.1522110
1785136095.1522110
1785136095.1522110
1785136095.1522110
1785136095.1522110
1785136095.1522110
1785136095.1522110
1785136095.1522110
1785136095.1522110
1785136095.1522110
1785136095.1522110
1785136095.1522110
1785136095.1522110
1785136095.1522110
1785136095.1522110
1785136095.1522110
1785136095.1522110
1785136095.1522110
1785136095.1522110
1785136095.1522110
1785136095.1522110
1785136095.1522110
1785136095.1522110
1785136095.1522110
1785136095.1522110
1785136095.1522110
1785136095.1522110
1785136095.1522110
1785136095.1524329
1785136095.1524329
1785136095.1524329
1785136095.1524329
1785136095.1524329
1785136095.1524329
1785136095.1524329
1785136095.1524329
1785136095.1524329
1785136095.1524329
1785136095.1524329
1785136095.1524329
1785136095.1524329
1785136095.1524329
1785136095.1524329
1785136095.1524329
1785136095.1524329
1785136095.1524329
1785136095.1524329
1785136095.1524329
1785136095.1524329
1785136095.1524329
1785136095.1524329
1785136095.1524329
1785136095.1524329
1785136095.1524329
1785136095.1524329
1785136095.1524329
1785136095.1524329
1785136095.1524329
1785136095.1524329
1785136095.1524329
1785136095.1524329
1785136095.1524329
1785136095.1524329
1785136095.1524329
1785136095.1524329
1785136095.1524329
1785136095.1524329
1785136095.1524329
1785136095.1524329
1785136095.1524329
1785136095.1524329
1785136095.1524329
1785136095.1524329
1785136095.1524329
1785136095.1524329
1785136095.1524329
1785136095.1524329
1785136095.1524329
1785136095.1524329
1785136095.1524329
1785136095.1524329
1785136095.1524329
1785136095.1524329
1785136095.1524329
1785136095.1524329
1785136095.1524329
1785136095.1524329
1785136095.1524329
1785136095.1524329
1785136095.1524329
1785136095.1524329
1785136095.1524329
1785136095.1524329
1785136095.1524329
1785136095.1524329
1785136095.1524329
1785136095.1524329
1785136095.1524329
1785136095.1524329
1785136095.1524329
1785136095.1524329
1785136095.1524329
1785136095.1524329
1785136095.1524329
1785136095.1524329
1785136095.1524329
1785136095.1524329
1785136095.1524329
1785136095.1524329
1785136095.1526549
1785136095.1526549
1785136095.1526549
1785136095.1526549
1785136095.1526549
1785136095.1526549
1785136095.1526549
1785136095.1526549
1785136095.1526549
1785136095.1526549
1785136095.1526549
1785136095.1526549
1785136095.1526549
1785136095.1526549
1785136095.1526549
1785136095.1526549
1785136095.1526549
1785136095.1526549
1785136095.1526549
1785136095.1526549
1785136095.1526549
1785136095.1526549
1785136095.1526549
1785136095.1526549
1785136095.1526549
1785136095.1526549
1785136095.1526549
1785136095.1526549
1785136095.1526549
1785136095.1526549
1785136095.1526549
1785136095.1526549
1785136095.1526549
1785136095.1526549
1785136095.1526549
1785136095.1526549
1785136095.1526549
1785136095.1526549
1785136095.1526549
1785136095.1526549
1785136095.1526549
1785136095.1526549
1785136095.1526549
1785136095.1526549
1785136095.1526549
1785136095.1526549
1785136095.1526549
1785136095.1526549
1785136095.1526549
1785136095.1526549
1785136095.1526549
1785136095.1526549
1785136095.1526549
1785136095.1526549
1785136095.1526549
1785136095.1526549
1785136095.1526549
1785136095.1526549
1785136095.1526549
1785136095.1526549
1785136095.1526549
1785136095.1526549
1785136095.1526549
1785136095.1526549
1785136095.1526549
1785136095.1526549
1785136095.1526549
1785136095.1526549
1785136095.1526549
1785136095.1526549
1785136095.1526549
1785136095.1526549
1785136095.1526549
1785136095.1526549
1785136095.1526549
1785136095.1526549
1785136095.1526549
1785136095.1526549
1785136095.1526549
1785136095.1526549
1785136095.1526549
1785136095.1526549
1785136095.1528780
1785136095.1528780
1785136095.1528780
1785136095.1528780
1785136095.1528780
1785136095.1528780
1785136095.1528780
1785136095.1528780
1785136095.1528780
1785136095.1528780
1785136095.1528780
1785136095.1528780
1785136095.1528780
1785136095.1528780
1785136095.1528780
1785136095.1528780
1785136095.1528780
1785136095.1528780
1785136095.1528780
1785136095.1528780
1785136095.1528780
1785136095.1528780
1785136095.1528780
1785136095.1528780
1785136095.1528780
1785136095.1528780
1785136095.1528780
1785136095.1528780
1785136095.1528780
1785136095.1528780
1785136095.1528780
1785136095.1528780
1785136095.1528780
1785136095.1528780
1785136095.1528780
1785136095.1528780
1785136095.1528780
1785136095.1528780
1785136095.1528780
1785136095.1528780
1785136095.1528780
1785136095.1528780
1785136095.1528780
1785136095.1528780
1785136095.1528780
1785136095.1528780
1785136095.1528780
1785136095.1528780
1785136095.1528780
1785136095.1528780
1785136095.1528780
1785136095.1528780
1785136095.1528780
1785136095.1528780
1785136095.1528780
1785136095.1528780
1785136095.1528780
1785136095.1528780
1785136095.1528780
1785136095.1528780
1785136095.1528780
1785136095.1528780
1785136095.1528780
1785136095.1528780
1785136095.1528780
1785136095.1528780
1785136095.1528780
1785136095.1528780
1785136095.1528780
1785136095.1528780
1785136095.1528780
1785136095.1528780
1785136095.1528780
1785136095.1528780
1785136095.1528780
1785136095.1528780
1785136095.1528780
1785136095.1528780
1785136095.1528780
1785136095.1528780
1785136095.1528780
1785136095.1528780
1785136095.1528780
1785136095.1528780
1785136095.1528780
1785136095.1528780
1785136095.1528780
1785136095.1528780
1785136095.1528780
1785136095.1528780
1785136095.1528780
1785136095.1528780
1785136095.1528780
1785136095.1528780
1785136095.1528780
1785136095.1528780
1785136095.1528780
1785136095.1528780
1785136095.1528780
1785136095.1528780
1785136095.1528780
1785136095.1528780
1785136095.1528780
1785136095.1531000
1785136095.1531000
1785136095.1531000
1785136095.1531000
1785136095.1531000
1785136095.1531000
1785136095.1531000
1785136095.1531000
1785136095.1531000
1785136095.1531000
1785136095.1531000
1785136095.1531000
1785136095.1531000
1785136095.1531000
1785136095.1531000
1785136095.1531000
1785136095.1531000
1785136095.1531000
1785136095.1531000
1785136095.1531000
1785136095.1531000
1785136095.1531000
1785136095.1531000
1785136095.1531000
1785136095.1531000
1785136095.1531000
1785136095.1531000
1785136095.1531000
1785136095.1531000
1785136095.1531000
1785136095.1531000
1785136095.1531000
1785136095.1531000
1785136095.1531000
1785136095.1531000
1785136095.1531000
1785136095.1531000
1785136095.1531000
1785136095.1531000
1785136095.1531000
1785136095.1531000
1785136095.1531000
1785136095.1531000
1785136095.1531000
1785136095.1531000
1785136095.1531000
1785136095.1531000
1785136095.1531000
1785136095.1531000
1785136095.1531000
1785136095.1531000
1785136095.1531000
1785136095.1531000
1785136095.1531000
1785136095.1531000
1785136095.1531000
1785136095.1531000
1785136095.1531000
1785136095.1531000
1785136095.1531000
1785136095.1531000
1785136095.1531000
1785136095.1531000
1785136095.1531000
1785136095.1531000
1785136095.1531000
1785136095.1531000
1785136095.1531000
1785136095.1531000
1785136095.1531000
1785136095.1531000
1785136095.1531000
1785136095.1531000
1785136095.1531000
1785136095.1531000
1785136095.1531000
1785136095.1531000
1785136095.1531000
1785136095.1531000
1785136095.1531000
1785136095.1533220
1785136095.1533220
1785136095.1533220
1785136095.1533220
1785136095.1533220
1785136095.1533220
1785136095.1533220
1785136095.1533220
1785136095.1533220
1785136095.1533220
1785136095.1533220
1785136095.1533220
1785136095.1533220
1785136095.1533220
1785136095.1533220
1785136095.1533220
1785136095.1533220
1785136095.1533220
1785136095.1533220
1785136095.1533220
1785136095.1533220
1785136095.1533220
1785136095.1533220
1785136095.1533220
1785136095.1533220
1785136095.1533220
1785136095.1533220
1785136095.1533220
1785136095.1533220
1785136095.1533220
1785136095.1533220
1785136095.1533220
1785136095.1533220
1785136095.1533220
1785136095.1533220
1785136095.1533220
1785136095.1533220
1785136095.1533220
1785136095.1533220
1785136095.1533220
1785136095.1533220
1785136095.1533220
1785136095.1533220
1785136095.1533220
1785136095.1533220
1785136095.1533220
1785136095.1533220
1785136095.1533220
1785136095.1533220
1785136095.1533220
1785136095.1533220
1785136095.1533220
1785136095.1533220
1785136095.1533220
1785136095.1533220
1785136095.1533220
1785136095.1533220
1785136095.1533220
1785136095.1533220
1785136095.1533220
1785136095.1533220
1785136095.1533220
1785136095.1533220
1785136095.1533220
1785136095.1533220
1785136095.1533220
1785136095.1533220
1785136095.1533220
1785136095.1533220
1785136095.1533220
1785136095.1533220
1785136095.1533220
1785136095.1533220
1785136095.1533220
1785136095.1533220
1785136095.1533220
1785136095.1535449
1785136095.1535449
1785136095.1535449
1785136095.1535449
1785136095.1535449
1785136095.1535449
1785136095.1535449
1785136095.1535449
1785136095.1535449
1785136095.1535449
1785136095.1535449
1785136095.1535449
1785136095.1535449
1785136095.1535449
1785136095.1535449
1785136095.1535449
1785136095.1535449
1785136095.1535449
1785136095.1535449
1785136095.1535449
1785136095.1535449
1785136095.1535449
1785136095.1535449
1785136095.1535449
1785136095.1535449
1785136095.1535449
1785136095.1535449
1785136095.1535449
1785136095.1535449
1785136095.1535449
1785136095.1535449
1785136095.1535449
1785136095.1535449
1785136095.1535449
1785136095.1535449
1785136095.1535449
1785136095.1535449
1785136095.1535449
1785136095.1535449
1785136095.1535449
1785136095.1535449
1785136095.1535449
1785136095.1535449
1785136095.1535449
1785136095.1535449
1785136095.1535449
1785136095.1535449
1785136095.1535449
1785136095.1535449
1785136095.1535449
1785136095.1535449
1785136095.1535449
1785136095.1535449
1785136095.1535449
1785136095.1535449
1785136095.1535449
1785136095.1535449
1785136095.1535449
1785136095.1535449
1785136095.1535449
1785136095.1535449
1785136095.1535449
1785136095.1535449
1785136095.1535449
1785136095.1535449
1785136095.1535449
1785136095.1535449
1785136095.1535449
1785136095.1535449
1785136095.1535449
1785136095.1535449
1785136095.1535449
1785136095.1535449
1785136095.1535449
1785136095.1537671
1785136095.1537671
1785136095.1537671
1785136095.1537671
1785136095.1537671
1785136095.1537671
1785136095.1537671
1785136095.1537671
1785136095.1537671
1785136095.1537671
1785136095.1537671
1785136095.1537671
1785136095.1537671
1785136095.1537671
1785136095.1537671
1785136095.1537671
1785136095.1537671
1785136095.1537671
1785136095.1537671
1785136095.1537671
1785136095.1537671
1785136095.1537671
1785136095.1537671
1785136095.1537671
1785136095.1537671
1785136095.1537671
1785136095.1537671
1785136095.1537671
1785136095.1537671
1785136095.1537671
1785136095.1537671
1785136095.1537671
1785136095.1537671
1785136095.1537671
1785136095.1537671
1785136095.1537671
1785136095.1537671
1785136095.1537671
1785136095.1537671
1785136095.1537671
1785136095.1537671
1785136095.1537671
1785136095.1537671
1785136095.1537671
1785136095.1537671
1785136095.1537671
1785136095.1537671
1785136095.1537671
1785136095.1537671
1785136095.1537671
1785136095.1537671
1785136095.1537671
1785136095.1537671
1785136095.1537671
1785136095.1537671
1785136095.1537671
1785136095.1537671
1785136095.1537671
1785136095.1537671
1785136095.1537671
1785136095.1537671
1785136095.1537671
1785136095.1537671
1785136095.1537671
1785136095.1537671
1785136095.1537671
1785136095.1537671
1785136095.1537671
1785136095.1537671
1785136095.1537671
1785136095.1537671
1785136095.1537671
1785136095.1537671
1785136095.1537671
1785136095.1537671
1785136095.1537671
1785136095.1537671
1785136095.1537671
1785136095.1537671
1785136095.1537671
1785136095.1537671
1785136095.1537671
1785136095.1537671
1785136095.1539879
1785136095.1539879
1785136095.1539879
1785136095.1539879
1785136095.1539879
1785136095.1539879
1785136095.1539879
1785136095.1539879
1785136095.1539879
1785136095.1539879
1785136095.1539879
1785136095.1539879
1785136095.1539879
1785136095.1539879
1785136095.1539879
1785136095.1539879
1785136095.1539879
1785136095.1539879
1785136095.1539879
1785136095.1539879
1785136095.1539879
1785136095.1539879
1785136095.1539879
1785136095.1539879
1785136095.1539879
1785136095.1539879
1785136095.1539879
1785136095.1539879
1785136095.1539879
1785136095.1539879
1785136095.1539879
1785136095.1539879
1785136095.1539879
1785136095.1539879
1785136095.1539879
1785136095.1539879
1785136095.1539879
1785136095.1539879
1785136095.1539879
1785136095.1539879
1785136095.1539879
1785136095.1539879
1785136095.1539879
1785136095.1539879
1785136095.1539879
1785136095.1539879
1785136095.1539879
1785136095.1539879
1785136095.1539879
1785136095.1539879
1785136095.1539879
1785136095.1539879
1785136095.1539879
1785136095.1539879
1785136095.1539879
1785136095.1539879
1785136095.1539879
1785136095.1539879
1785136095.1539879
1785136095.1539879
1785136095.1539879
1785136095.1539879
1785136095.1539879
1785136095.1539879
1785136095.1542110
1785136095.1542110
1785136095.1542110
1785136095.1542110
1785136095.1542110
1785136095.1542110
1785136095.1542110
1785136095.1542110
1785136095.1542110
1785136095.1542110
1785136095.1542110
1785136095.1542110
1785136095.1542110
1785136095.1542110
1785136095.1542110
1785136095.1542110
1785136095.1542110
1785136095.1542110
1785136095.1542110
1785136095.1542110
1785136095.1542110
1785136095.1542110
1785136095.1542110
1785136095.1542110
1785136095.1542110
1785136095.1542110
1785136095.1542110
1785136095.1542110
1785136095.1542110
1785136095.1542110
1785136095.1542110
1785136095.1542110
1785136095.1542110
1785136095.1542110
1785136095.1542110
1785136095.1542110
1785136095.1542110
1785136095.1542110
1785136095.1542110
1785136095.1542110
1785136095.1542110
1785136095.1542110
1785136095.1542110
1785136095.1542110
1785136095.1542110
1785136095.1542110
1785136095.1542110
1785136095.1542110
1785136095.1542110
1785136095.1542110
1785136095.1542110
1785136095.1542110
1785136095.1542110
1785136095.1542110
1785136095.1542110
1785136095.1542110
1785136095.1542110
1785136095.1542110
1785136095.1542110
1785136095.1542110
1785136095.1542110
1785136095.1542110
1785136095.1542110
1785136095.1542110
1785136095.1544330
1785136095.1544330
1785136095.1544330
1785136095.1544330
1785136095.1544330
1785136095.1544330
1785136095.1544330
1785136095.1544330
1785136095.1544330
1785136095.1544330
1785136095.1544330
1785136095.1544330
1785136095.1544330
1785136095.1544330
1785136095.1544330
1785136095.1544330
1785136095.1544330
1785136095.1544330
1785136095.1544330
1785136095.1544330
1785136095.1544330
1785136095.1544330
1785136095.1544330
1785136095.1544330
1785136095.1544330
1785136095.1544330
1785136095.1544330
1785136095.1544330
1785136095.1544330
1785136095.1544330
1785136095.1544330
1785136095.1544330
1785136095.1544330
1785136095.1544330
1785136095.1544330
1785136095.1544330
1785136095.1544330
1785136095.1544330
1785136095.1544330
1785136095.1544330
1785136095.1544330
1785136095.1544330
1785136095.1544330
1785136095.1544330
1785136095.1544330
1785136095.1544330
1785136095.1544330
1785136095.1544330
1785136095.1544330
1785136095.1544330
1785136095.1544330
1785136095.1544330
1785136095.1544330
1785136095.1544330
1785136095.1544330
1785136095.1544330
1785136095.1544330
1785136095.1544330
1785136095.1544330
1785136095.1544330
1785136095.1544330
1785136095.1546550
1785136095.1546550
1785136095.1546550
1785136095.1546550
1785136095.1546550
1785136095.1546550
1785136095.1546550
1785136095.1546550
1785136095.1546550
1785136095.1546550
1785136095.1546550
1785136095.1546550
1785136095.1546550
1785136095.1546550
1785136095.1546550
1785136095.1546550
1785136095.1546550
1785136095.1546550
1785136095.1546550
1785136095.1546550
1785136095.1546550
1785136095.1546550
1785136095.1546550
1785136095.1546550
1785136095.1546550
1785136095.1546550
1785136095.1546550
1785136095.1546550
1785136095.1546550
1785136095.1546550
1785136095.1546550
1785136095.1546550
1785136095.1546550
1785136095.1546550
1785136095.1546550
1785136095.1546550
1785136095.1546550
1785136095.1546550
1785136095.1546550
1785136095.1546550
1785136095.1546550
1785136095.1546550
1785136095.1546550
1785136095.1546550
1785136095.1546550
1785136095.1546550
1785136095.1546550
1785136095.1546550
1785136095.1546550
1785136095.1546550
1785136095.1546550
1785136095.1546550
1785136095.1546550
1785136095.1546550
1785136095.1546550
1785136095.1546550
1785136095.1546550
1785136095.1548769
1785136095.1548769
1785136095.1548769
1785136095.1548769
1785136095.1548769
1785136095.1548769
1785136095.1548769
1785136095.1548769
1785136095.1548769
1785136095.1548769
1785136095.1548769
1785136095.1548769
1785136095.1548769
1785136095.1548769
1785136095.1548769
1785136095.1548769
1785136095.1548769
1785136095.1548769
1785136095.1548769
1785136095.1548769
1785136095.1548769
1785136095.1548769
1785136095.1548769
1785136095.1548769
1785136095.1548769
1785136095.1548769
1785136095.1548769
1785136095.1548769
1785136095.1548769
1785136095.1548769
1785136095.1548769
1785136095.1548769
1785136095.1548769
1785136095.1548769
1785136095.1548769
1785136095.1548769
1785136095.1548769
1785136095.1548769
1785136095.1548769
1785136095.1548769
1785136095.1548769
1785136095.1548769
1785136095.1548769
1785136095.1548769
1785136095.1548769
1785136095.1548769
1785136095.1548769
1785136095.1548769
1785136095.1548769
1785136095.1548769
1785136095.1548769
1785136095.1548769
1785136095.1548769
1785136095.1548769
1785136095.1548769
1785136095.1550989
1785136095.1550989
1785136095.1550989
1785136095.1550989
1785136095.1550989
1785136095.1550989
1785136095.1550989
1785136095.1550989
1785136095.1550989
1785136095.1550989
1785136095.1550989
1785136095.1550989
1785136095.1550989
1785136095.1550989
1785136095.1550989
1785136095.1550989
1785136095.1550989
1785136095.1550989
1785136095.1550989
1785136095.1550989
1785136095.1550989
1785136095.1550989
1785136095.1550989
1785136095.1550989
1785136095.1550989
1785136095.1550989
1785136095.1550989
1785136095.1550989
1785136095.1550989
1785136095.1550989
1785136095.1550989
1785136095.1550989
1785136095.1550989
1785136095.1550989
1785136095.1550989
1785136095.1550989
1785136095.1550989
1785136095.1550989
1785136095.1550989
1785136095.1550989
1785136095.1550989
1785136095.1550989
1785136095.1550989
1785136095.1550989
1785136095.1550989
1785136095.1550989
1785136095.1550989
1785136095.1550989
1785136095.1550989
1785136095.1550989
1785136095.1550989
1785136095.1550989
1785136095.1550989
1785136095.1550989
1785136095.1553221
1785136095.1553221
1785136095.1553221
1785136095.1553221
1785136095.1553221
1785136095.1553221
1785136095.1553221
1785136095.1553221
1785136095.1553221
1785136095.1553221
1785136095.1553221
1785136095.1553221
1785136095.1553221
1785136095.1553221
1785136095.1553221
1785136095.1553221
1785136095.1553221
1785136095.1553221
1785136095.1553221
1785136095.1553221
1785136095.1553221
1785136095.1553221
1785136095.1553221
1785136095.1553221
1785136095.1553221
1785136095.1553221
1785136095.1553221
1785136095.1553221
1785136095.1553221
1785136095.1553221
1785136095.1553221
1785136095.1553221
1785136095.1553221
1785136095.1553221
1785136095.1553221
1785136095.1553221
1785136095.1553221
1785136095.1553221
1785136095.1553221
1785136095.1553221
1785136095.1553221
1785136095.1553221
1785136095.1553221
1785136095.1553221
1785136095.1553221
1785136095.1553221
1785136095.1553221
1785136095.1553221
1785136095.1553221
1785136095.1553221
1785136095.1553221
1785136095.1553221
1785136095.1553221
1785136095.1553221
1785136095.1553221
1785136095.1555440
1785136095.1555440
1785136095.1555440
1785136095.1555440
1785136095.1555440
1785136095.1555440
1785136095.1555440
1785136095.1555440
1785136095.1555440
1785136095.1555440
1785136095.1555440
1785136095.1555440
1785136095.1555440
1785136095.1555440
1785136095.1555440
1785136095.1555440
1785136095.1555440
1785136095.1555440
1785136095.1555440
1785136095.1555440
1785136095.1555440
1785136095.1555440
1785136095.1555440
1785136095.1555440
1785136095.1555440
1785136095.1555440
1785136095.1555440
1785136095.1555440
1785136095.1555440
1785136095.1555440
1785136095.1555440
1785136095.1555440
1785136095.1555440
1785136095.1555440
1785136095.1555440
1785136095.1555440
1785136095.1555440
1785136095.1555440
1785136095.1555440
1785136095.1555440
1785136095.1555440
1785136095.1555440
1785136095.1555440
1785136095.1555440
1785136095.1555440
1785136095.1555440
1785136095.1555440
1785136095.1555440
1785136095.1555440
1785136095.1555440
1785136095.1555440
1785136095.1555440
1785136095.1555440
1785136095.1555440
1785136095.1557660
1785136095.1557660
1785136095.1557660
1785136095.1557660
1785136095.1557660
1785136095.1557660
1785136095.1557660
1785136095.1557660
1785136095.1557660
1785136095.1557660
1785136095.1557660
1785136095.1557660
1785136095.1557660
1785136095.1557660
1785136095.1557660
1785136095.1557660
1785136095.1557660
1785136095.1557660
1785136095.1557660
1785136095.1557660
1785136095.1557660
1785136095.1557660
1785136095.1557660
1785136095.1557660
1785136095.1557660
1785136095.1557660
1785136095.1557660
1785136095.1557660
1785136095.1557660
1785136095.1557660
1785136095.1557660
1785136095.1557660
1785136095.1557660
1785136095.1557660
1785136095.1557660
1785136095.1557660
1785136095.1557660
1785136095.1557660
1785136095.1557660
1785136095.1557660
1785136095.1557660
1785136095.1557660
1785136095.1557660
1785136095.1557660
1785136095.1557660
1785136095.1557660
1785136095.1557660
1785136095.1557660
1785136095.1557660
1785136095.1557660
1785136095.1557660
1785136095.1557660
1785136095.1557660
1785136095.1559880
1785136095.1559880
1785136095.1559880
1785136095.1559880
1785136095.1559880
1785136095.1559880
1785136095.1559880
1785136095.1559880
1785136095.1559880
1785136095.1559880
1785136095.1559880
1785136095.1559880
1785136095.1559880
1785136095.1559880
1785136095.1559880
1785136095.1559880
1785136095.1559880
1785136095.1559880
1785136095.1559880
1785136095.1559880
1785136095.1559880
1785136095.1559880
1785136095.1559880
1785136095.1559880
1785136095.1559880
1785136095.1559880
1785136095.1559880
1785136095.1559880
1785136095.1559880
1785136095.1559880
1785136095.1559880
1785136095.1559880
1785136095.1559880
1785136095.1559880
1785136095.1559880
1785136095.1559880
1785136095.1559880
1785136095.1559880
1785136095.1559880
1785136095.1559880
1785136095.1559880
1785136095.1559880
1785136095.1559880
1785136095.1559880
1785136095.1559880
1785136095.1559880
1785136095.1559880
1785136095.1559880
1785136095.1559880
1785136095.1559880
1785136095.1559880
1785136095.1559880
1785136095.1562099
1785136095.1562099
1785136095.1562099
1785136095.1562099
1785136095.1562099
1785136095.1562099
1785136095.1562099
1785136095.1562099
1785136095.1562099
1785136095.1562099
1785136095.1562099
1785136095.1562099
1785136095.1562099
1785136095.1562099
1785136095.1562099
1785136095.1562099
1785136095.1562099
1785136095.1562099
1785136095.1562099
1785136095.1562099
1785136095.1562099
1785136095.1562099
1785136095.1562099
1785136095.1562099
1785136095.1562099
1785136095.1562099
1785136095.1562099
1785136095.1562099
1785136095.1562099
1785136095.1562099
1785136095.1562099
1785136095.1562099
1785136095.1562099
1785136095.1562099
1785136095.1562099
1785136095.1562099
1785136095.1562099
1785136095.1562099
1785136095.1562099
1785136095.1562099
1785136095.1562099
1785136095.1562099
1785136095.1562099
1785136095.1562099
1785136095.1562099
1785136095.1562099
1785136095.1562099
1785136095.1562099
1785136095.1562099
1785136095.1562099
1785136095.1562099
1785136095.1562099
1785136095.1564319
1785136095.1564319
1785136095.1564319
1785136095.1564319
1785136095.1564319
1785136095.1564319
1785136095.1564319
1785136095.1564319
1785136095.1564319
1785136095.1564319
1785136095.1564319
1785136095.1564319
1785136095.1564319
1785136095.1564319
1785136095.1564319
1785136095.1564319
1785136095.1564319
1785136095.1564319
1785136095.1564319
1785136095.1564319
1785136095.1564319
1785136095.1564319
1785136095.1564319
1785136095.1564319
1785136095.1564319
1785136095.1564319
1785136095.1564319
1785136095.1564319
1785136095.1564319
1785136095.1564319
1785136095.1564319
1785136095.1564319
1785136095.1564319
1785136095.1564319
1785136095.1564319
1785136095.1564319
1785136095.1564319
1785136095.1564319
1785136095.1564319
1785136095.1564319
1785136095.1564319
1785136095.1564319
1785136095.1564319
1785136095.1564319
1785136095.1564319
1785136095.1564319
1785136095.1564319
1785136095.1564319
1785136095.1566539
1785136095.1566539
1785136095.1566539
1785136095.1566539
1785136095.1566539
1785136095.1566539
1785136095.1566539
1785136095.1566539
1785136095.1566539
1785136095.1566539
1785136095.1566539
1785136095.1566539
1785136095.1566539
1785136095.1566539
1785136095.1566539
1785136095.1566539
1785136095.1566539
1785136095.1566539
1785136095.1566539
1785136095.1566539
1785136095.1566539
1785136095.1566539
1785136095.1566539
1785136095.1566539
1785136095.1566539
1785136095.1566539
1785136095.1566539
1785136095.1566539
1785136095.1566539
1785136095.1566539
1785136095.1566539
1785136095.1566539
1785136095.1566539
1785136095.1566539
1785136095.1566539
1785136095.1566539
1785136095.1566539
1785136095.1566539
1785136095.1566539
1785136095.1566539
1785136095.1566539
1785136095.1566539
1785136095.1566539
1785136095.1566539
1785136095.1568770
1785136095.1568770
1785136095.1568770
1785136095.1568770
1785136095.1568770
1785136095.1568770
1785136095.1568770
1785136095.1568770
1785136095.1568770
1785136095.1568770
1785136095.1568770
1785136095.1568770
1785136095.1568770
1785136095.1568770
1785136095.1568770
1785136095.1568770
1785136095.1568770
1785136095.1568770
1785136095.1568770
1785136095.1568770
1785136095.1568770
1785136095.1568770
1785136095.1568770
1785136095.1568770
1785136095.1568770
1785136095.1568770
1785136095.1568770
1785136095.1568770
1785136095.1568770
1785136095.1568770
1785136095.1568770
1785136095.1568770
1785136095.1568770
1785136095.1568770
1785136095.1568770
1785136095.1568770
1785136095.1568770
1785136095.1568770
1785136095.1568770
1785136095.1568770
1785136095.1568770
1785136095.1568770
1785136095.1568770
1785136095.1570990
1785136095.1570990
1785136095.1570990
1785136095.1570990
1785136095.1570990
1785136095.1570990
1785136095.1570990
1785136095.1570990
1785136095.1570990
1785136095.1570990
1785136095.1570990
1785136095.1570990
1785136095.1570990
1785136095.1570990
1785136095.1570990
1785136095.1570990
1785136095.1570990
1785136095.1570990
1785136095.1570990
1785136095.1570990
1785136095.1570990
1785136095.1570990
1785136095.1570990
1785136095.1570990
1785136095.1570990
1785136095.1570990
1785136095.1570990
1785136095.1570990
1785136095.1570990
1785136095.1570990
1785136095.1570990
1785136095.1570990
1785136095.1570990
1785136095.1570990
1785136095.1570990
1785136095.1570990
1785136095.1570990
1785136095.1570990
1785136095.1570990
1785136095.1570990
1785136095.1570990
1785136095.1570990
1785136095.1570990
1785136095.1573210
1785136095.1573210
1785136095.1573210
1785136095.1573210
1785136095.1573210
1785136095.1573210
1785136095.1573210
1785136095.1573210
1785136095.1573210
1785136095.1573210
1785136095.1573210
1785136095.1573210
1785136095.1573210
1785136095.1573210
1785136095.1573210
1785136095.1573210
1785136095.1573210
1785136095.1573210
1785136095.1573210
1785136095.1573210
1785136095.1573210
1785136095.1573210
1785136095.1573210
1785136095.1573210
1785136095.1573210
1785136095.1573210
1785136095.1573210
1785136095.1573210
1785136095.1573210
1785136095.1573210
1785136095.1573210
1785136095.1573210
1785136095.1573210
1785136095.1573210
1785136095.1573210
1785136095.1573210
1785136095.1573210
1785136095.1573210
1785136095.1573210
1785136095.1573210
1785136095.1573210
1785136095.1573210
1785136095.1573210
1785136095.1575420
1785136095.1575420
1785136095.1575420
1785136095.1575420
1785136095.1575420
1785136095.1575420
1785136095.1575420
1785136095.1575420
1785136095.1575420
1785136095.1575420
1785136095.1575420
1785136095.1575420
1785136095.1575420
1785136095.1575420
1785136095.1575420
1785136095.1575420
1785136095.1575420
1785136095.1575420
1785136095.1575420
1785136095.1575420
1785136095.1575420
1785136095.1575420
1785136095.1575420
1785136095.1575420
1785136095.1575420
1785136095.1575420
1785136095.1575420
1785136095.1575420
1785136095.1575420
1785136095.1575420
1785136095.1575420
1785136095.1575420
1785136095.1575420
1785136095.1575420
1785136095.1575420
1785136095.1575420
1785136095.1575420
1785136095.1575420
1785136095.1575420
1785136095.1575420
1785136095.1575420
1785136095.1575420
1785136095.1575420
1785136095.1577661
1785136095.1577661
1785136095.1577661
1785136095.1577661
1785136095.1577661
1785136095.1577661
1785136095.1577661
1785136095.1577661
1785136095.1577661
1785136095.1577661
1785136095.1577661
1785136095.1577661
1785136095.1577661
1785136095.1577661
1785136095.1577661
1785136095.1577661
1785136095.1577661
1785136095.1577661
1785136095.1577661
1785136095.1577661
1785136095.1577661
1785136095.1577661
1785136095.1577661
1785136095.1577661
1785136095.1577661
1785136095.1577661
1785136095.1577661
1785136095.1577661
1785136095.1577661
1785136095.1577661
1785136095.1577661
1785136095.1577661
1785136095.1577661
1785136095.1577661
1785136095.1577661
1785136095.1577661
1785136095.1577661
1785136095.1577661
1785136095.1577661
1785136095.1577661
1785136095.1577661
1785136095.1577661
1785136095.1577661
1785136095.1579871
1785136095.1579871
1785136095.1579871
1785136095.1579871
1785136095.1579871
1785136095.1579871
1785136095.1579871
1785136095.1579871
1785136095.1579871
1785136095.1579871
1785136095.1579871
1785136095.1579871
1785136095.1579871
1785136095.1579871
1785136095.1579871
1785136095.1579871
1785136095.1579871
1785136095.1579871
1785136095.1579871
1785136095.1579871
1785136095.1579871
1785136095.1579871
1785136095.1579871
1785136095.1579871
1785136095.1579871
1785136095.1579871
1785136095.1579871
1785136095.1579871
1785136095.1579871
1785136095.1579871
1785136095.1579871
1785136095.1579871
1785136095.1579871
1785136095.1579871
1785136095.1579871
1785136095.1579871
1785136095.1579871
1785136095.1579871
1785136095.1579871
1785136095.1579871
1785136095.1579871
1785136095.1579871
1785136095.1579871
1785136095.1582091
1785136095.1582091
1785136095.1582091
1785136095.1582091
1785136095.1582091
1785136095.1582091
1785136095.1582091
1785136095.1582091
1785136095.1582091
1785136095.1582091
1785136095.1582091
1785136095.1582091
1785136095.1582091
1785136095.1582091
1785136095.1582091
1785136095.1582091
1785136095.1582091
1785136095.1582091
1785136095.1582091
1785136095.1582091
1785136095.1582091
1785136095.1582091
1785136095.1582091
1785136095.1582091
1785136095.1582091
1785136095.1582091
1785136095.1582091
1785136095.1582091
1785136095.1582091
1785136095.1582091
1785136095.1582091
1785136095.1582091
1785136095.1582091
1785136095.1582091
1785136095.1582091
1785136095.1582091
1785136095.1582091
1785136095.1582091
1785136095.1582091
1785136095.1582091
1785136095.1582091
1785136095.1582091
1785136095.1582091
1785136095.1584320
1785136095.1584320
1785136095.1584320
1785136095.1584320
1785136095.1584320
1785136095.1584320
1785136095.1584320
1785136095.1584320
1785136095.1584320
1785136095.1584320
1785136095.1584320
1785136095.1584320
1785136095.1584320
1785136095.1584320
1785136095.1584320
1785136095.1584320
1785136095.1584320
1785136095.1584320
1785136095.1584320
1785136095.1584320
1785136095.1584320
1785136095.1584320
1785136095.1584320
1785136095.1584320
1785136095.1584320
1785136095.1584320
1785136095.1584320
1785136095.1584320
1785136095.1584320
1785136095.1584320
1785136095.1584320
1785136095.1584320
1785136095.1584320
1785136095.1584320
1785136095.1584320
1785136095.1584320
1785136095.1584320
1785136095.1584320
1785136095.1584320
1785136095.1584320
1785136095.1584320
1785136095.1584320
1785136095.1584320
1785136095.1584320
1785136095.1586530
1785136095.1586530
1785136095.1586530
1785136095.1586530
1785136095.1586530
1785136095.1586530
1785136095.1586530
1785136095.1586530
1785136095.1586530
1785136095.1586530
1785136095.1586530
1785136095.1586530
1785136095.1586530
1785136095.1586530
1785136095.1586530
1785136095.1586530
1785136095.1586530
1785136095.1586530
1785136095.1586530
1785136095.1586530
1785136095.1586530
1785136095.1586530
1785136095.1586530
1785136095.1586530
1785136095.1586530
1785136095.1586530
1785136095.1586530
1785136095.1586530
1785136095.1586530
1785136095.1586530
1785136095.1586530
1785136095.1586530
1785136095.1586530
1785136095.1586530
1785136095.1586530
1785136095.1586530
1785136095.1586530
1785136095.1586530
1785136095.1586530
1785136095.1586530
1785136095.1586530
1785136095.1586530
1785136095.1586530
1785136095.1586530
1785136095.1588750
1785136095.1588750
1785136095.1588750
1785136095.1588750
1785136095.1588750
1785136095.1588750
1785136095.1588750
1785136095.1588750
1785136095.1588750
1785136095.1588750
1785136095.1588750
1785136095.1588750
1785136095.1588750
1785136095.1588750
1785136095.1588750
1785136095.1588750
1785136095.1588750
1785136095.1588750
1785136095.1588750
1785136095.1588750
1785136095.1588750
1785136095.1588750
1785136095.1588750
1785136095.1588750
1785136095.1588750
1785136095.1588750
1785136095.1588750
1785136095.1588750
1785136095.1588750
1785136095.1588750
1785136095.1588750
1785136095.1588750
1785136095.1588750
1785136095.1588750
1785136095.1588750
1785136095.1588750
1785136095.1588750
1785136095.1588750
1785136095.1588750
1785136095.1588750
1785136095.1588750
1785136095.1588750
1785136095.1588750
1785136095.1588750
1785136095.1590991
1785136095.1590991
1785136095.1590991
1785136095.1590991
1785136095.1590991
1785136095.1590991
1785136095.1590991
1785136095.1590991
1785136095.1590991
1785136095.1590991
1785136095.1590991
1785136095.1590991
1785136095.1590991
1785136095.1590991
1785136095.1590991
1785136095.1590991
1785136095.1590991
1785136095.1590991
1785136095.1590991
1785136095.1590991
1785136095.1590991
1785136095.1590991
1785136095.1590991
1785136095.1590991
1785136095.1590991
1785136095.1590991
1785136095.1590991
1785136095.1590991
1785136095.1590991
1785136095.1590991
1785136095.1590991
1785136095.1590991
1785136095.1590991
1785136095.1590991
1785136095.1590991
1785136095.1590991
1785136095.1590991
1785136095.1590991
1785136095.1590991
1785136095.1590991
1785136095.1590991
1785136095.1590991
1785136095.1590991
1785136095.1590991
1785136095.1593211
1785136095.1593211
1785136095.1593211
1785136095.1593211
1785136095.1593211
1785136095.1593211
1785136095.1593211
1785136095.1593211
1785136095.1593211
1785136095.1593211
1785136095.1593211
1785136095.1593211
1785136095.1593211
1785136095.1593211
1785136095.1593211
1785136095.1593211
1785136095.1593211
1785136095.1593211
1785136095.1593211
1785136095.1593211
1785136095.1593211
1785136095.1593211
1785136095.1593211
1785136095.1593211
1785136095.1593211
1785136095.1593211
1785136095.1593211
1785136095.1593211
1785136095.1593211
1785136095.1593211
1785136095.1593211
1785136095.1593211
1785136095.1593211
1785136095.1593211
1785136095.1593211
1785136095.1593211
1785136095.1593211
1785136095.1593211
1785136095.1593211
1785136095.1593211
1785136095.1593211
1785136095.1593211
1785136095.1593211
1785136095.1593211
1785136095.1595421
1785136095.1595421
1785136095.1595421
1785136095.1595421
1785136095.1595421
1785136095.1595421
1785136095.1595421
1785136095.1595421
1785136095.1595421
1785136095.1595421
1785136095.1595421
1785136095.1595421
1785136095.1595421
1785136095.1595421
1785136095.1595421
1785136095.1595421
1785136095.1595421
1785136095.1595421
1785136095.1595421
1785136095.1595421
1785136095.1595421
1785136095.1595421
1785136095.1595421
1785136095.1595421
1785136095.1595421
1785136095.1595421
1785136095.1595421
1785136095.1595421
1785136095.1595421
1785136095.1595421
1785136095.1595421
1785136095.1595421
1785136095.1595421
1785136095.1595421
1785136095.1595421
1785136095.1595421
1785136095.1595421
1785136095.1595421
1785136095.1595421
1785136095.1595421
1785136095.1595421
1785136095.1595421
1785136095.1595421
1785136095.1595421
1785136095.1597641
1785136095.1597641
1785136095.1597641
1785136095.1597641
1785136095.1597641
1785136095.1597641
1785136095.1597641
1785136095.1597641
1785136095.1597641
1785136095.1597641
1785136095.1597641
1785136095.1597641
1785136095.1597641
1785136095.1597641
1785136095.1597641
1785136095.1597641
1785136095.1597641
1785136095.1597641
1785136095.1597641
1785136095.1597641
1785136095.1597641
1785136095.1597641
1785136095.1597641
1785136095.1597641
1785136095.1597641
1785136095.1597641
1785136095.1597641
1785136095.1597641
1785136095.1597641
1785136095.1597641
1785136095.1597641
1785136095.1597641
1785136095.1597641
1785136095.1597641
1785136095.1597641
1785136095.1597641
1785136095.1597641
1785136095.1597641
1785136095.1597641
1785136095.1597641
1785136095.1597641
1785136095.1597641
1785136095.1597641
1785136095.1597641
1785136095.1599879
1785136095.1599879
1785136095.1599879
1785136095.1599879
1785136095.1599879
1785136095.1599879
1785136095.1599879
1785136095.1599879
1785136095.1599879
1785136095.1599879
1785136095.1599879
1785136095.1599879
1785136095.1599879
1785136095.1599879
1785136095.1599879
1785136095.1599879
1785136095.1599879
1785136095.1599879
1785136095.1599879
1785136095.1599879
1785136095.1599879
1785136095.1599879
1785136095.1599879
1785136095.1599879
1785136095.1599879
1785136095.1599879
1785136095.1599879
1785136095.1599879
1785136095.1599879
1785136095.1599879
1785136095.1599879
1785136095.1599879
1785136095.1599879
1785136095.1599879
1785136095.1599879
1785136095.1599879
1785136095.1599879
1785136095.1599879
1785136095.1599879
1785136095.1599879
1785136095.1599879
1785136095.1599879
1785136095.1599879
1785136095.1599879
1785136095.1599879
1785136095.1602080
1785136095.1602080
1785136095.1602080
1785136095.1602080
1785136095.1602080
1785136095.1602080
1785136095.1602080
1785136095.1602080
1785136095.1602080
1785136095.1602080
1785136095.1602080
1785136095.1602080
1785136095.1602080
1785136095.1602080
1785136095.1602080
1785136095.1602080
1785136095.1602080
1785136095.1602080
1785136095.1602080
1785136095.1602080
1785136095.1602080
1785136095.1602080
1785136095.1602080
1785136095.1602080
1785136095.1602080
1785136095.1602080
1785136095.1602080
1785136095.1602080
1785136095.1602080
1785136095.1602080
1785136095.1602080
1785136095.1602080
1785136095.1602080
1785136095.1602080
1785136095.1602080
1785136095.1602080
1785136095.1602080
1785136095.1602080
1785136095.1602080
1785136095.1602080
1785136095.1602080
1785136095.1602080
1785136095.1602080
1785136095.1602080
1785136095.1602080
1785136095.1604321
1785136095.1604321
1785136095.1604321
1785136095.1604321
1785136095.1604321
1785136095.1604321
1785136095.1604321
1785136095.1604321
1785136095.1604321
1785136095.1604321
1785136095.1604321
1785136095.1604321
1785136095.1604321
1785136095.1604321
1785136095.1604321
1785136095.1604321
1785136095.1604321
1785136095.1604321
1785136095.1604321
1785136095.1604321
1785136095.1604321
1785136095.1604321
1785136095.1604321
1785136095.1604321
1785136095.1604321
1785136095.1604321
1785136095.1604321
1785136095.1604321
1785136095.1604321
1785136095.1604321
1785136095.1604321
1785136095.1604321
1785136095.1604321
1785136095.1604321
1785136095.1604321
1785136095.1604321
1785136095.1604321
1785136095.1604321
1785136095.1604321
1785136095.1604321
1785136095.1604321
1785136095.1604321
1785136095.1604321
1785136095.1604321
1785136095.1604321
1785136095.1606519
1785136095.1606519
1785136095.1606519
1785136095.1606519
1785136095.1606519
1785136095.1606519
1785136095.1606519
1785136095.1606519
1785136095.1606519
1785136095.1606519
1785136095.1606519
1785136095.1606519
1785136095.1606519
1785136095.1606519
1785136095.1606519
1785136095.1606519
1785136095.1606519
1785136095.1606519
1785136095.1606519
1785136095.1606519
1785136095.1606519
1785136095.1606519
1785136095.1606519
1785136095.1606519
1785136095.1606519
1785136095.1606519
1785136095.1606519
1785136095.1606519
1785136095.1606519
1785136095.1606519
1785136095.1606519
1785136095.1606519
1785136095.1606519
1785136095.1606519
1785136095.1606519
1785136095.1606519
1785136095.1606519
1785136095.1606519
1785136095.1606519
1785136095.1606519
1785136095.1606519
1785136095.1606519
1785136095.1606519
1785136095.1606519
1785136095.1606519
1785136095.1608751
1785136095.1608751
1785136095.1608751
1785136095.1608751
1785136095.1608751
1785136095.1608751
1785136095.1608751
1785136095.1608751
1785136095.1608751
1785136095.1608751
1785136095.1608751
1785136095.1608751
1785136095.1608751
1785136095.1608751
1785136095.1608751
1785136095.1608751
1785136095.1608751
1785136095.1608751
1785136095.1608751
1785136095.1608751
1785136095.1608751
1785136095.1608751
1785136095.1608751
1785136095.1608751
1785136095.1608751
1785136095.1608751
1785136095.1608751
1785136095.1608751
1785136095.1608751
1785136095.1608751
1785136095.1608751
1785136095.1608751
1785136095.1608751
1785136095.1608751
1785136095.1608751
1785136095.1608751
1785136095.1608751
1785136095.1608751
1785136095.1608751
1785136095.1608751
1785136095.1608751
1785136095.1608751
1785136095.1608751
1785136095.1608751
1785136095.1608751
1785136095.1608751
1785136095.1608751
1785136095.1608751
1785136095.1608751
1785136095.1608751
1785136095.1608751
1785136095.1608751
1785136095.1608751
1785136095.1608751
1785136095.1608751
1785136095.1608751
1785136095.1608751
1785136095.1608751
1785136095.1608751
1785136095.1608751
1785136095.1608751
1785136095.1608751
1785136095.1610970
1785136095.1610970
1785136095.1610970
1785136095.1610970
1785136095.1610970
1785136095.1610970
1785136095.1610970
1785136095.1610970
1785136095.1610970
1785136095.1610970
1785136095.1610970
1785136095.1610970
1785136095.1610970
1785136095.1610970
1785136095.1610970
1785136095.1610970
1785136095.1610970
1785136095.1610970
1785136095.1610970
1785136095.1610970
1785136095.1610970
1785136095.1610970
1785136095.1610970
1785136095.1610970
1785136095.1610970
1785136095.1610970
1785136095.1610970
1785136095.1610970
1785136095.1610970
1785136095.1610970
1785136095.1610970
1785136095.1610970
1785136095.1610970
1785136095.1610970
1785136095.1610970
1785136095.1610970
1785136095.1610970
1785136095.1610970
1785136095.1610970
1785136095.1610970
1785136095.1610970
1785136095.1610970
1785136095.1610970
1785136095.1610970
1785136095.1610970
1785136095.1610970
1785136095.1610970
1785136095.1610970
1785136095.1610970
1785136095.1610970
1785136095.1610970
1785136095.1610970
1785136095.1610970
1785136095.1610970
1785136095.1610970
1785136095.1610970
1785136095.1610970
1785136095.1610970
1785136095.1610970
1785136095.1610970
1785136095.1610970
1785136095.1610970
1785136095.1610970
1785136095.1610970
1785136095.1610970
1785136095.1613200
1785136095.1613200
1785136095.1613200
1785136095.1613200
1785136095.1613200
1785136095.1613200
1785136095.1613200
1785136095.1613200
1785136095.1613200
1785136095.1613200
1785136095.1613200
1785136095.1613200
1785136095.1613200
1785136095.1613200
1785136095.1613200
1785136095.1613200
1785136095.1613200
1785136095.1613200
1785136095.1613200
1785136095.1613200
1785136095.1613200
1785136095.1613200
1785136095.1613200
1785136095.1613200
1785136095.1613200
1785136095.1613200
1785136095.1613200
1785136095.1613200
1785136095.1613200
1785136095.1613200
1785136095.1613200
1785136095.1613200
1785136095.1613200
1785136095.1613200
1785136095.1613200
1785136095.1613200
1785136095.1613200
1785136095.1613200
1785136095.1613200
1785136095.1613200
1785136095.1613200
1785136095.1613200
1785136095.1613200
1785136095.1613200
1785136095.1613200
1785136095.1613200
1785136095.1613200
1785136095.1613200
1785136095.1613200
1785136095.1613200
1785136095.1613200
1785136095.1613200
1785136095.1613200
1785136095.1613200
1785136095.1613200
1785136095.1613200
1785136095.1613200
1785136095.1613200
1785136095.1613200
1785136095.1613200
1785136095.1613200
1785136095.1613200
1785136095.1613200
1785136095.1613200
1785136095.1613200
1785136095.1615419
1785136095.1615419
1785136095.1615419
1785136095.1615419
1785136095.1615419
1785136095.1615419
1785136095.1615419
1785136095.1615419
1785136095.1615419
1785136095.1615419
1785136095.1615419
1785136095.1615419
1785136095.1615419
1785136095.1615419
1785136095.1615419
1785136095.1615419
1785136095.1615419
1785136095.1615419
1785136095.1615419
1785136095.1615419
1785136095.1615419
1785136095.1615419
1785136095.1615419
1785136095.1615419
1785136095.1615419
1785136095.1615419
1785136095.1615419
1785136095.1615419
1785136095.1615419
1785136095.1615419
1785136095.1615419
1785136095.1615419
1785136095.1615419
1785136095.1615419
1785136095.1615419
1785136095.1615419
1785136095.1615419
1785136095.1615419
1785136095.1615419
1785136095.1615419
1785136095.1615419
1785136095.1615419
1785136095.1615419
1785136095.1615419
1785136095.1615419
1785136095.1615419
1785136095.1615419
1785136095.1615419
1785136095.1615419
1785136095.1615419
1785136095.1615419
1785136095.1615419
1785136095.1615419
1785136095.1615419
1785136095.1615419
1785136095.1615419
1785136095.1615419
1785136095.1615419
1785136095.1615419
1785136095.1615419
1785136095.1615419
1785136095.1615419
1785136095.1615419
1785136095.1615419
1785136095.1615419
1785136095.1617630
1785136095.1617630
1785136095.1617630
1785136095.1617630
1785136095.1617630
1785136095.1617630
1785136095.1617630
1785136095.1617630
1785136095.1617630
1785136095.1617630
1785136095.1617630
1785136095.1617630
1785136095.1617630
1785136095.1617630
1785136095.1617630
1785136095.1617630
1785136095.1617630
1785136095.1617630
1785136095.1617630
1785136095.1617630
1785136095.1617630
1785136095.1617630
1785136095.1617630
1785136095.1617630
1785136095.1617630
1785136095.1617630
1785136095.1617630
1785136095.1617630
1785136095.1617630
1785136095.1617630
1785136095.1617630
1785136095.1617630
1785136095.1617630
1785136095.1617630
1785136095.1617630
1785136095.1617630
1785136095.1617630
1785136095.1617630
1785136095.1617630
1785136095.1617630
1785136095.1617630
1785136095.1617630
1785136095.1617630
1785136095.1617630
1785136095.1617630
1785136095.1617630
1785136095.1617630
1785136095.1617630
1785136095.1617630
1785136095.1617630
1785136095.1617630
1785136095.1617630
1785136095.1617630
1785136095.1617630
1785136095.1617630
1785136095.1617630
1785136095.1617630
1785136095.1619861
1785136095.1619861
1785136095.1619861
1785136095.1619861
1785136095.1619861
1785136095.1619861
1785136095.1619861
1785136095.1619861
1785136095.1619861
1785136095.1619861
1785136095.1619861
1785136095.1619861
1785136095.1619861
1785136095.1619861
1785136095.1619861
1785136095.1619861
1785136095.1619861
1785136095.1619861
1785136095.1619861
1785136095.1619861
1785136095.1619861
1785136095.1619861
1785136095.1619861
1785136095.1619861
1785136095.1619861
1785136095.1619861
1785136095.1619861
1785136095.1619861
1785136095.1619861
1785136095.1619861
1785136095.1619861
1785136095.1619861
1785136095.1619861
1785136095.1619861
1785136095.1619861
1785136095.1619861
1785136095.1619861
1785136095.1619861
1785136095.1619861
1785136095.1619861
1785136095.1619861
1785136095.1619861
1785136095.1619861
1785136095.1619861
1785136095.1619861
1785136095.1619861
1785136095.1619861
1785136095.1619861
1785136095.1619861
1785136095.1619861
1785136095.1619861
1785136095.1619861
1785136095.1619861
1785136095.1619861
1785136095.1619861
1785136095.1619861
1785136095.1619861
1785136095.1622081
1785136095.1622081
1785136095.1622081
1785136095.1622081
1785136095.1622081
1785136095.1622081
1785136095.1622081
1785136095.1622081
1785136095.1622081
1785136095.1622081
1785136095.1622081
1785136095.1622081
1785136095.1622081
1785136095.1622081
1785136095.1622081
1785136095.1622081
1785136095.1622081
1785136095.1622081
1785136095.1622081
1785136095.1622081
1785136095.1622081
1785136095.1622081
1785136095.1622081
1785136095.1622081
1785136095.1622081
1785136095.1622081
1785136095.1622081
1785136095.1622081
1785136095.1622081
1785136095.1622081
1785136095.1622081
1785136095.1622081
1785136095.1622081
1785136095.1622081
1785136095.1622081
1785136095.1622081
1785136095.1622081
1785136095.1622081
1785136095.1622081
1785136095.1622081
1785136095.1622081
1785136095.1622081
1785136095.1622081
1785136095.1622081
1785136095.1622081
1785136095.1622081
1785136095.1622081
1785136095.1622081
1785136095.1622081
1785136095.1622081
1785136095.1622081
1785136095.1622081
1785136095.1622081
1785136095.1622081
1785136095.1622081
1785136095.1622081
1785136095.1622081
1785136095.1622081
1785136095.1624310
1785136095.1624310
1785136095.1624310
1785136095.1624310
1785136095.1624310
1785136095.1624310
1785136095.1624310
1785136095.1624310
1785136095.1624310
1785136095.1624310
1785136095.1624310
1785136095.1624310
1785136095.1624310
1785136095.1624310
1785136095.1624310
1785136095.1624310
1785136095.1624310
1785136095.1624310
1785136095.1624310
1785136095.1624310
1785136095.1624310
1785136095.1624310
1785136095.1624310
1785136095.1624310
1785136095.1624310
1785136095.1624310
1785136095.1624310
1785136095.1624310
1785136095.1624310
1785136095.1624310
1785136095.1624310
1785136095.1624310
1785136095.1624310
1785136095.1624310
1785136095.1624310
1785136095.1624310
1785136095.1624310
1785136095.1624310
1785136095.1624310
1785136095.1624310
1785136095.1624310
1785136095.1624310
1785136095.1624310
1785136095.1624310
1785136095.1624310
1785136095.1624310
1785136095.1624310
1785136095.1624310
1785136095.1624310
1785136095.1624310
1785136095.1624310
1785136095.1624310
1785136095.1624310
1785136095.1624310
1785136095.1624310
1785136095.1624310
1785136095.1624310
1785136095.1624310
1785136095.1624310
1785136095.1624310
1785136095.1624310
1785136095.1624310
1785136095.1624310
1785136095.1626530
1785136095.1626530
1785136095.1626530
1785136095.1626530
1785136095.1626530
1785136095.1626530
1785136095.1626530
1785136095.1626530
1785136095.1626530
1785136095.1626530
1785136095.1626530
1785136095.1626530
1785136095.1626530
1785136095.1626530
1785136095.1626530
1785136095.1626530
1785136095.1626530
1785136095.1626530
1785136095.1626530
1785136095.1626530
1785136095.1626530
1785136095.1626530
1785136095.1626530
1785136095.1626530
1785136095.1626530
1785136095.1626530
1785136095.1626530
1785136095.1626530
1785136095.1626530
1785136095.1626530
1785136095.1626530
1785136095.1626530
1785136095.1626530
1785136095.1626530
1785136095.1626530
1785136095.1626530
1785136095.1626530
1785136095.1626530
1785136095.1626530
1785136095.1626530
1785136095.1626530
1785136095.1626530
1785136095.1626530
1785136095.1626530
1785136095.1626530
1785136095.1626530
1785136095.1626530
1785136095.1626530
1785136095.1626530
1785136095.1626530
1785136095.1626530
1785136095.1626530
1785136095.1626530
1785136095.1626530
1785136095.1626530
1785136095.1626530
1785136095.1626530
1785136095.1626530
1785136095.1626530
1785136095.1626530
1785136095.1626530
1785136095.1626530
1785136095.1626530
1785136095.1626530
1785136095.1626530
1785136095.1626530
1785136095.1626530
1785136095.1626530
1785136095.1626530
1785136095.1626530
1785136095.1626530
1785136095.1628821
1785136095.1628821
1785136095.1628821
1785136095.1628821
1785136095.1628821
1785136095.1628821
1785136095.1628821
1785136095.1628821
1785136095.1628821
1785136095.1628821
1785136095.1628821
1785136095.1628821
1785136095.1628821
1785136095.1628821
1785136095.1628821
1785136095.1628821
1785136095.1628821
1785136095.1628821
1785136095.1628821
1785136095.1628821
1785136095.1628821
1785136095.1628821
1785136095.1628821
1785136095.1628821
1785136095.1628821
1785136095.1628821
1785136095.1628821
1785136095.1628821
1785136095.1628821
1785136095.1628821
1785136095.1628821
1785136095.1628821
1785136095.1628821
1785136095.1628821
1785136095.1628821
1785136095.1628821
1785136095.1628821
1785136095.1628821
1785136095.1628821
1785136095.1628821
1785136095.1628821
1785136095.1628821
1785136095.1628821
1785136095.1628821
1785136095.1628821
1785136095.1628821
1785136095.1628821
1785136095.1628821
1785136095.1628821
1785136095.1628821
1785136095.1628821
1785136095.1628821
1785136095.1628821
1785136095.1628821
1785136095.1628821
1785136095.1628821
1785136095.1628821
1785136095.1628821
1785136095.1628821
1785136095.1628821
1785136095.1628821
1785136095.1628821
1785136095.1628821
1785136095.1628821
1785136095.1628821
1785136095.1628821
1785136095.1628821
1785136095.1628821
1785136095.1628821
1785136095.1628821
1785136095.1631041
1785136095.1631041
1785136095.1631041
1785136095.1631041
1785136095.1631041
1785136095.1631041
1785136095.1631041
1785136095.1631041
1785136095.1631041
1785136095.1631041
1785136095.1631041
1785136095.1631041
1785136095.1631041
1785136095.1631041
1785136095.1631041
1785136095.1631041
1785136095.1631041
1785136095.1631041
1785136095.1631041
1785136095.1631041
1785136095.1631041
1785136095.1631041
1785136095.1631041
1785136095.1631041
1785136095.1631041
1785136095.1631041
1785136095.1631041
1785136095.1631041
1785136095.1631041
1785136095.1631041
1785136095.1631041
1785136095.1631041
1785136095.1631041
1785136095.1631041
1785136095.1631041
1785136095.1631041
1785136095.1631041
1785136095.1631041
1785136095.1631041
1785136095.1631041
1785136095.1631041
1785136095.1631041
1785136095.1631041
1785136095.1631041
1785136095.1631041
1785136095.1631041
1785136095.1631041
1785136095.1631041
1785136095.1631041
1785136095.1631041
1785136095.1631041
1785136095.1631041
1785136095.1631041
1785136095.1631041
1785136095.1631041
1785136095.1631041
1785136095.1631041
1785136095.1631041
1785136095.1631041
1785136095.1631041
1785136095.1631041
1785136095.1631041
1785136095.1631041
1785136095.1631041
1785136095.1631041
1785136095.1631041
1785136095.1631041
1785136095.1631041
1785136095.1631041
1785136095.1631041
1785136095.1633201
1785136095.1633201
1785136095.1633201
1785136095.1633201
1785136095.1633201
1785136095.1633201
1785136095.1633201
1785136095.1633201
1785136095.1633201
1785136095.1633201
1785136095.1633201
1785136095.1633201
1785136095.1633201
1785136095.1633201
1785136095.1633201
1785136095.1633201
1785136095.1633201
1785136095.1633201
1785136095.1633201
1785136095.1633201
1785136095.1633201
1785136095.1633201
1785136095.1633201
1785136095.1633201
1785136095.1633201
1785136095.1633201
1785136095.1633201
1785136095.1633201
1785136095.1633201
1785136095.1633201
1785136095.1633201
1785136095.1633201
1785136095.1633201
1785136095.1633201
1785136095.1633201
1785136095.1633201
1785136095.1633201
1785136095.1633201
1785136095.1633201
1785136095.1633201
1785136095.1633201
1785136095.1633201
1785136095.1633201
1785136095.1633201
1785136095.1633201
1785136095.1633201
1785136095.1633201
1785136095.1633201
1785136095.1633201
1785136095.1633201
1785136095.1633201
1785136095.1633201
1785136095.1633201
1785136095.1633201
1785136095.1633201
1785136095.1633201
1785136095.1633201
1785136095.1633201
1785136095.1633201
1785136095.1633201
1785136095.1633201
1785136095.1633201
1785136095.1633201
1785136095.1633201
1785136095.1635411
1785136095.1635411
1785136095.1635411
1785136095.1635411
1785136095.1635411
1785136095.1635411
1785136095.1635411
1785136095.1635411
1785136095.1635411
1785136095.1635411
1785136095.1635411
1785136095.1635411
1785136095.1635411
1785136095.1635411
1785136095.1635411
1785136095.1635411
1785136095.1635411
1785136095.1635411
1785136095.1635411
1785136095.1635411
1785136095.1635411
1785136095.1635411
1785136095.1635411
1785136095.1635411
1785136095.1635411
1785136095.1635411
1785136095.1635411
1785136095.1635411
1785136095.1635411
1785136095.1635411
1785136095.1635411
1785136095.1635411
1785136095.1635411
1785136095.1635411
1785136095.1635411
1785136095.1635411
1785136095.1635411
1785136095.1635411
1785136095.1635411
1785136095.1635411
1785136095.1635411
1785136095.1635411
1785136095.1635411
1785136095.1635411
1785136095.1635411
1785136095.1635411
1785136095.1635411
1785136095.1635411
1785136095.1635411
1785136095.1635411
1785136095.1635411
1785136095.1635411
1785136095.1635411
1785136095.1635411
1785136095.1635411
1785136095.1635411
1785136095.1635411
1785136095.1635411
1785136095.1635411
1785136095.1635411
1785136095.1635411
1785136095.1635411
1785136095.1637630
1785136095.1637630
1785136095.1637630
1785136095.1637630
1785136095.1637630
1785136095.1637630
1785136095.1637630
1785136095.1637630
1785136095.1637630
1785136095.1637630
1785136095.1637630
1785136095.1637630
1785136095.1637630
1785136095.1637630
1785136095.1637630
1785136095.1637630
1785136095.1637630
1785136095.1637630
1785136095.1637630
1785136095.1637630
1785136095.1637630
1785136095.1637630
1785136095.1637630
1785136095.1637630
1785136095.1637630
1785136095.1637630
1785136095.1637630
1785136095.1637630
1785136095.1637630
1785136095.1637630
1785136095.1637630
1785136095.1637630
1785136095.1637630
1785136095.1637630
1785136095.1637630
1785136095.1637630
1785136095.1637630
1785136095.1637630
1785136095.1637630
1785136095.1637630
1785136095.1637630
1785136095.1637630
1785136095.1637630
1785136095.1637630
1785136095.1637630
1785136095.1637630
1785136095.1637630
1785136095.1637630
1785136095.1637630
1785136095.1637630
1785136095.1637630
1785136095.1637630
1785136095.1637630
1785136095.1637630
1785136095.1637630
1785136095.1637630
1785136095.1637630
1785136095.1637630
1785136095.1637630
1785136095.1637630
1785136095.1637630
1785136095.1637630
1785136095.1637630
1785136095.1637630
1785136095.1639841
1785136095.1639841
1785136095.1639841
1785136095.1639841
1785136095.1639841
1785136095.1639841
1785136095.1639841
1785136095.1639841
1785136095.1639841
1785136095.1639841
1785136095.1639841
1785136095.1639841
1785136095.1639841
1785136095.1639841
1785136095.1639841
1785136095.1639841
1785136095.1639841
1785136095.1639841
1785136095.1639841
1785136095.1639841
1785136095.1639841
1785136095.1639841
1785136095.1639841
1785136095.1639841
1785136095.1639841
1785136095.1639841
1785136095.1639841
1785136095.1639841
1785136095.1639841
1785136095.1639841
1785136095.1639841
1785136095.1639841
1785136095.1639841
1785136095.1639841
1785136095.1639841
1785136095.1639841
1785136095.1639841
1785136095.1639841
1785136095.1639841
1785136095.1639841
1785136095.1639841
1785136095.1639841
1785136095.1639841
1785136095.1639841
1785136095.1639841
1785136095.1639841
1785136095.1639841
1785136095.1639841
1785136095.1639841
1785136095.1639841
1785136095.1639841
1785136095.1639841
1785136095.1639841
1785136095.1639841
1785136095.1639841
1785136095.1639841
1785136095.1639841
1785136095.1639841
1785136095.1639841
1785136095.1639841
1785136095.1639841
1785136095.1639841
1785136095.1639841
1785136095.1642070
1785136095.1642070
1785136095.1642070
1785136095.1642070
1785136095.1642070
1785136095.1642070
1785136095.1642070
1785136095.1642070
1785136095.1642070
1785136095.1642070
1785136095.1642070
1785136095.1642070
1785136095.1642070
1785136095.1642070
1785136095.1642070
1785136095.1642070
1785136095.1642070
1785136095.1642070
1785136095.1642070
1785136095.1642070
1785136095.1642070
1785136095.1642070
1785136095.1642070
1785136095.1642070
1785136095.1642070
1785136095.1642070
1785136095.1642070
1785136095.1642070
1785136095.1642070
1785136095.1642070
1785136095.1642070
1785136095.1642070
1785136095.1642070
1785136095.1642070
1785136095.1642070
1785136095.1642070
1785136095.1642070
1785136095.1642070
1785136095.1642070
1785136095.1642070
1785136095.1642070
1785136095.1642070
1785136095.1642070
1785136095.1642070
1785136095.1642070
1785136095.1642070
1785136095.1642070
1785136095.1642070
1785136095.1642070
1785136095.1642070
1785136095.1642070
1785136095.1642070
1785136095.1642070
1785136095.1642070
1785136095.1642070
1785136095.1642070
1785136095.1642070
1785136095.1642070
1785136095.1642070
1785136095.1642070
1785136095.1642070
1785136095.1642070
1785136095.1644289
1785136095.1644289
1785136095.1644289
1785136095.1644289
1785136095.1644289
1785136095.1644289
1785136095.1644289
1785136095.1644289
1785136095.1644289
1785136095.1644289
1785136095.1644289
1785136095.1644289
1785136095.1644289
1785136095.1644289
1785136095.1644289
1785136095.1644289
1785136095.1644289
1785136095.1644289
1785136095.1644289
1785136095.1644289
1785136095.1644289
1785136095.1644289
1785136095.1644289
1785136095.1644289
1785136095.1644289
1785136095.1644289
1785136095.1644289
1785136095.1644289
1785136095.1644289
1785136095.1644289
1785136095.1644289
1785136095.1644289
1785136095.1644289
1785136095.1644289
1785136095.1644289
1785136095.1644289
1785136095.1644289
1785136095.1644289
1785136095.1644289
1785136095.1644289
1785136095.1644289
1785136095.1644289
1785136095.1644289
1785136095.1644289
1785136095.1644289
1785136095.1644289
1785136095.1644289
1785136095.1644289
1785136095.1644289
1785136095.1644289
1785136095.1644289
1785136095.1644289
1785136095.1644289
1785136095.1644289
1785136095.1644289
1785136095.1644289
1785136095.1644289
1785136095.1644289
1785136095.1644289
1785136095.1644289
1785136095.1644289
1785136095.1646509
1785136095.1646509
1785136095.1646509
1785136095.1646509
1785136095.1646509
1785136095.1646509
1785136095.1646509
1785136095.1646509
1785136095.1646509
1785136095.1646509
1785136095.1646509
1785136095.1646509
1785136095.1646509
1785136095.1646509
1785136095.1646509
1785136095.1646509
1785136095.1646509
1785136095.1646509
1785136095.1646509
1785136095.1646509
1785136095.1646509
1785136095.1646509
1785136095.1646509
1785136095.1646509
1785136095.1646509
1785136095.1646509
1785136095.1646509
1785136095.1646509
1785136095.1646509
1785136095.1646509
1785136095.1646509
1785136095.1646509
1785136095.1646509
1785136095.1646509
1785136095.1646509
1785136095.1646509
1785136095.1646509
1785136095.1646509
1785136095.1646509
1785136095.1646509
1785136095.1646509
1785136095.1646509
1785136095.1646509
1785136095.1646509
1785136095.1646509
1785136095.1646509
1785136095.1646509
1785136095.1646509
1785136095.1646509
1785136095.1646509
1785136095.1646509
1785136095.1646509
1785136095.1646509
1785136095.1646509
1785136095.1646509
1785136095.1646509
1785136095.1646509
1785136095.1646509
1785136095.1646509
1785136095.1646509
1785136095.1646509
1785136095.1648741
1785136095.1648741
1785136095.1648741
1785136095.1648741
1785136095.1648741
1785136095.1648741
1785136095.1648741
1785136095.1648741
1785136095.1648741
1785136095.1648741
1785136095.1648741
1785136095.1648741
1785136095.1648741
1785136095.1648741
1785136095.1648741
1785136095.1648741
1785136095.1648741
1785136095.1648741
1785136095.1648741
1785136095.1648741
1785136095.1648741
1785136095.1648741
1785136095.1648741
1785136095.1648741
1785136095.1648741
1785136095.1648741
1785136095.1648741
1785136095.1648741
1785136095.1648741
1785136095.1648741
1785136095.1648741
1785136095.1648741
1785136095.1648741
1785136095.1648741
1785136095.1648741
1785136095.1648741
1785136095.1648741
1785136095.1648741
1785136095.1648741
1785136095.1648741
1785136095.1648741
1785136095.1648741
1785136095.1648741
1785136095.1648741
1785136095.1648741
1785136095.1648741
1785136095.1648741
1785136095.1648741
1785136095.1648741
1785136095.1648741
1785136095.1648741
1785136095.1648741
1785136095.1648741
1785136095.1648741
1785136095.1648741
1785136095.1648741
1785136095.1648741
1785136095.1648741
1785136095.1648741
1785136095.1648741
1785136095.1648741
1785136095.1650960
1785136095.1650960
1785136095.1650960
1785136095.1650960
1785136095.1650960
1785136095.1650960
1785136095.1650960
1785136095.1650960
1785136095.1650960
1785136095.1650960
1785136095.1650960
1785136095.1650960
1785136095.1650960
1785136095.1650960
1785136095.1650960
1785136095.1650960
1785136095.1650960
1785136095.1650960
1785136095.1650960
1785136095.1650960
1785136095.1650960
1785136095.1650960
1785136095.1650960
1785136095.1650960
1785136095.1650960
1785136095.1650960
1785136095.1650960
1785136095.1650960
1785136095.1650960
1785136095.1650960
1785136095.1650960
1785136095.1650960
1785136095.1650960
1785136095.1650960
1785136095.1650960
1785136095.1650960
1785136095.1650960
1785136095.1650960
1785136095.1650960
1785136095.1650960
1785136095.1650960
1785136095.1650960
1785136095.1650960
1785136095.1650960
1785136095.1650960
1785136095.1650960
1785136095.1650960
1785136095.1650960
1785136095.1650960
1785136095.1650960
1785136095.1650960
1785136095.1650960
1785136095.1650960
1785136095.1650960
1785136095.1650960
1785136095.1650960
1785136095.1650960
1785136095.1650960
1785136095.1650960
1785136095.1650960
1785136095.1653180
1785136095.1653180
1785136095.1653180
1785136095.1653180
1785136095.1653180
1785136095.1653180
1785136095.1653180
1785136095.1653180
1785136095.1653180
1785136095.1653180
1785136095.1653180
1785136095.1653180
1785136095.1653180
1785136095.1653180
1785136095.1653180
1785136095.1653180
1785136095.1653180
1785136095.1653180
1785136095.1653180
1785136095.1653180
1785136095.1653180
1785136095.1653180
1785136095.1653180
1785136095.1653180
1785136095.1653180
1785136095.1653180
1785136095.1653180
1785136095.1653180
1785136095.1653180
1785136095.1653180
1785136095.1653180
1785136095.1653180
1785136095.1653180
1785136095.1653180
1785136095.1653180
1785136095.1653180
1785136095.1653180
1785136095.1653180
1785136095.1653180
1785136095.1653180
1785136095.1653180
1785136095.1653180
1785136095.1653180
1785136095.1653180
1785136095.1653180
1785136095.1655400
1785136095.1655400
1785136095.1655400
1785136095.1655400
1785136095.1655400
1785136095.1655400
1785136095.1655400
1785136095.1655400
1785136095.1655400
1785136095.1655400
1785136095.1655400
1785136095.1655400
1785136095.1655400
1785136095.1655400
1785136095.1655400
1785136095.1655400
1785136095.1655400
1785136095.1655400
1785136095.1655400
1785136095.1655400
1785136095.1655400
1785136095.1655400
1785136095.1655400
1785136095.1655400
1785136095.1655400
1785136095.1657619
1785136095.1657619
1785136095.1657619
1785136095.1657619
1785136095.1657619
1785136095.1657619
1785136095.1657619
1785136095.1657619
1785136095.1657619
1785136095.1657619
1785136095.1657619
1785136095.1657619
1785136095.1657619
1785136095.1657619
1785136095.1657619
1785136095.1657619
1785136095.1657619
1785136095.1657619
1785136095.1657619
1785136095.1657619
1785136095.1657619
1785136095.1657619
1785136095.1657619
1785136095.1657619
1785136095.1657619
1785136095.1659839
1785136095.1659839
1785136095.1659839
1785136095.1659839
1785136095.1659839
1785136095.1659839
1785136095.1659839
1785136095.1659839
1785136095.1659839
1785136095.1659839
1785136095.1659839
1785136095.1659839
1785136095.1659839
1785136095.1659839
1785136095.1659839
1785136095.1659839
1785136095.1659839
1785136095.1659839
1785136095.1659839
1785136095.1659839
1785136095.1659839
1785136095.1659839
1785136095.1659839
1785136095.1659839
1785136095.1659839
1785136095.1659839
1785136095.1659839
1785136095.1659839
1785136095.1659839
1785136095.1659839
1785136095.1659839
1785136095.1659839
1785136095.1659839
1785136095.1659839
1785136095.1662071
1785136095.1662071
1785136095.1662071
1785136095.1662071
1785136095.1662071
1785136095.1662071
1785136095.1662071
1785136095.1662071
1785136095.1662071
1785136095.1662071
1785136095.1662071
1785136095.1662071
1785136095.1662071
1785136095.1662071
1785136095.1662071
1785136095.1662071
1785136095.1662071
1785136095.1664290
1785136095.1664290
1785136095.1664290
1785136095.1664290
1785136095.1664290
1785136095.1664290
1785136095.1664290
1785136095.1664290
1785136095.1664290
1785136095.1664290
1785136095.1664290
1785136095.1664290
1785136095.1664290
1785136095.1664290
1785136095.1664290
1785136095.1664290
1785136095.1664290
1785136095.1666501
1785136095.1666501
1785136095.1666501
1785136095.1666501
1785136095.1666501
1785136095.1666501
1785136095.1666501
1785136095.1666501
1785136095.1666501
1785136095.1666501
1785136095.1666501
1785136095.1666501
1785136095.1666501
1785136095.1666501
1785136095.1666501
1785136095.1666501
1785136095.1666501
1785136095.1668730
1785136095.1668730
1785136095.1668730
1785136095.1668730
1785136095.1668730
1785136095.1668730
1785136095.1668730
1785136095.1668730
1785136095.1668730
1785136095.1668730
1785136095.1668730
1785136095.1668730
1785136095.1668730
1785136095.1668730
1785136095.1668730
1785136095.1668730
1785136095.1668730
1785136095.1670959
1785136095.1670959
1785136095.1670959
1785136095.1670959
1785136095.1670959
1785136095.1670959
1785136095.1670959
1785136095.1670959
1785136095.1670959
1785136095.1670959
1785136095.1670959
1785136095.1670959
1785136095.1670959
1785136095.1670959
1785136095.1670959
1785136095.1673169
1785136095.1673169
1785136095.1673169
1785136095.1673169
1785136095.1673169
1785136095.1673169
1785136095.1673169
1785136095.1673169
1785136095.1673169
1785136095.1673169
1785136095.1673169
1785136095.1722050
1785136095.1722050
1785136095.1722050
1785136095.1722050
1785136095.1722050
1785136095.1722050
1785136095.1722050
1785136095.1722050
1785136095.1722050
1785136095.1722050
1785136095.1724269
1785136095.1724269
1785136095.1724269
1785136095.1724269
1785136095.1724269
1785136095.1724269
1785136095.1724269
1785136095.1724269
1785136095.1724269
1785136095.1724269
1785136095.1724269
1785136095.1726489
1785136095.1726489
1785136095.1726489
1785136095.1726489
1785136095.1726489
1785136095.1726489
1785136095.1726489
1785136095.1726489
1785136095.1726489
1785136095.1726489
1785136095.1726489
1785136095.1728721
1785136095.1728721
1785136095.1728721
1785136095.1728721
1785136095.1728721
1785136095.1728721
1785136095.1728721
1785136095.1728721
1785136095.1728721
1785136095.1728721
1785136095.1728721
1785136095.1728721
1785136095.1730940
1785136095.1730940
1785136095.1730940
1785136095.1730940
1785136095.1730940
1785136095.1730940
1785136095.1730940
1785136095.1730940
1785136095.1730940
1785136095.1730940
1785136095.1730940
1785136095.1730940
1785136095.1730940
1785136095.1730940
1785136095.1733170
1785136095.1733170
1785136095.1733170
1785136095.1733170
1785136095.1733170
1785136095.1733170
1785136095.1733170
1785136095.1733170
1785136095.1733170
1785136095.1733170
1785136095.1733170
1785136095.1733170
1785136095.1733170
1785136095.1733170
1785136095.1733170
1785136095.1735380
1785136095.1735380
1785136095.1735380
1785136095.1735380
1785136095.1735380
1785136095.1735380
1785136095.1735380
1785136095.1735380
1785136095.1735380
1785136095.1735380
1785136095.1735380
1785136095.1735380
1785136095.1735380
1785136095.1735380
1785136095.1735380
1785136095.1735380
1785136095.1737609
1785136095.1737609
1785136095.1737609
1785136095.1737609
1785136095.1737609
1785136095.1737609
1785136095.1737609
1785136095.1737609
1785136095.1737609
1785136095.1737609
1785136095.1737609
1785136095.1737609
1785136095.1737609
1785136095.1737609
1785136095.1737609
1785136095.1739831
1785136095.1739831
1785136095.1739831
1785136095.1739831
1785136095.1739831
1785136095.1739831
1785136095.1739831
1785136095.1739831
1785136095.1739831
1785136095.1739831
1785136095.1739831
1785136095.1739831
1785136095.1742051
1785136095.1742051
1785136095.1742051
1785136095.1742051
1785136095.1742051
1785136095.1742051
1785136095.1742051
