1785136092.8273189
1785136092.8273189
1785136092.8273189
1785136092.8273189
1785136092.8273189
1785136092.8275421
1785136092.8275421
1785136092.8275421
1785136092.8275421
1785136092.8275421
1785136092.8275421
1785136092.8275421
1785136092.8275421
1785136092.8275421
1785136092.8277640
1785136092.8277640
1785136092.8277640
1785136092.8277640
1785136092.8277640
1785136092.8277640
1785136092.8277640
1785136092.8277640
1785136092.8277640
1785136092.8277640
1785136092.8277640
1785136092.8279860
1785136092.8279860
1785136092.8279860
1785136092.8279860
1785136092.8279860
1785136092.8279860
1785136092.8279860
1785136092.8279860
1785136092.8279860
1785136092.8279860
1785136092.8279860
1785136092.8282080
1785136092.8282080
1785136092.8282080
1785136092.8282080
1785136092.8282080
1785136092.8282080
1785136092.8282080
1785136092.8282080
1785136092.8284309
1785136092.8284309
1785136092.8284309
1785136092.8284309
1785136092.8284309
1785136092.8284309
1785136092.8284309
1785136092.8284309
1785136092.8284309
1785136092.8286531
1785136092.8286531
1785136092.8286531
1785136092.8286531
1785136092.8286531
1785136092.8286531
1785136092.8286531
1785136092.8288741
1785136092.8288741
1785136092.8288741
1785136092.8288741
1785136092.8288741
1785136092.8290970
1785136092.8319850
1785136092.8319850
1785136092.8322079
1785136092.8322079
1785136092.8322079
1785136092.8322079
1785136092.8322079
1785136092.8322079
1785136092.8322079
1785136092.8322079
1785136092.8322079
1785136092.8322079
1785136092.8322079
1785136092.8324299
1785136092.8324299
1785136092.8324299
1785136092.8324299
1785136092.8324299
1785136092.8324299
1785136092.8324299
1785136092.8324299
1785136092.8324299
1785136092.8324299
1785136092.8324299
1785136092.8324299
1785136092.8324299
1785136092.8324299
1785136092.8324299
1785136092.8324299
1785136092.8324299
1785136092.8324299
1785136092.8324299
1785136092.8324299
1785136092.8324299
1785136092.8324299
1785136092.8324299
1785136092.8324299
1785136092.8324299
1785136092.8324299
1785136092.8324299
1785136092.8324299
1785136092.8324299
1785136092.8324299
1785136092.8324299
1785136092.8324299
1785136092.8326521
1785136092.8326521
1785136092.8326521
1785136092.8326521
1785136092.8326521
1785136092.8326521
1785136092.8326521
1785136092.8326521
1785136092.8326521
1785136092.8326521
1785136092.8326521
1785136092.8326521
1785136092.8326521
1785136092.8326521
1785136092.8326521
1785136092.8326521
1785136092.8326521
1785136092.8326521
1785136092.8326521
1785136092.8326521
1785136092.8326521
1785136092.8326521
1785136092.8326521
1785136092.8326521
1785136092.8326521
1785136092.8326521
1785136092.8326521
1785136092.8326521
1785136092.8326521
1785136092.8326521
1785136092.8326521
1785136092.8326521
1785136092.8328741
1785136092.8328741
1785136092.8328741
1785136092.8328741
1785136092.8328741
1785136092.8328741
1785136092.8328741
1785136092.8328741
1785136092.8328741
1785136092.8328741
1785136092.8328741
1785136092.8328741
1785136092.8328741
1785136092.8328741
1785136092.8328741
1785136092.8328741
1785136092.8328741
1785136092.8328741
1785136092.8328741
1785136092.8328741
1785136092.8328741
1785136092.8328741
1785136092.8328741
1785136092.8328741
1785136092.8328741
1785136092.8328741
1785136092.8328741
1785136092.8328741
1785136092.8328741
1785136092.8328741
1785136092.8328741
1785136092.8328741
1785136092.8330960
1785136092.8330960
1785136092.8330960
1785136092.8330960
1785136092.8330960
1785136092.8330960
1785136092.8330960
1785136092.8330960
1785136092.8330960
1785136092.8330960
1785136092.8330960
1785136092.8330960
1785136092.8330960
1785136092.8330960
1785136092.8330960
1785136092.8330960
1785136092.8330960
1785136092.8330960
1785136092.8330960
1785136092.8330960
1785136092.8330960
1785136092.8330960
1785136092.8330960
1785136092.8330960
1785136092.8330960
1785136092.8330960
1785136092.8330960
1785136092.8330960
1785136092.8330960
1785136092.8330960
1785136092.8330960
1785136092.8330960
1785136092.8333180
1785136092.8333180
1785136092.8333180
1785136092.8333180
1785136092.8333180
1785136092.8333180
1785136092.8333180
1785136092.8333180
1785136092.8333180
1785136092.8333180
1785136092.8333180
1785136092.8333180
1785136092.8333180
1785136092.8333180
1785136092.8333180
1785136092.8333180
1785136092.8333180
1785136092.8333180
1785136092.8333180
1785136092.8333180
1785136092.8333180
1785136092.8333180
1785136092.8333180
1785136092.8333180
1785136092.8333180
1785136092.8333180
1785136092.8333180
1785136092.8333180
1785136092.8333180
1785136092.8333180
1785136092.8333180
1785136092.8333180
1785136092.8335400
1785136092.8335400
1785136092.8335400
1785136092.8335400
1785136092.8335400
1785136092.8335400
1785136092.8335400
1785136092.8335400
1785136092.8335400
1785136092.8335400
1785136092.8335400
1785136092.8335400
1785136092.8335400
1785136092.8335400
1785136092.8335400
1785136092.8335400
1785136092.8335400
1785136092.8335400
1785136092.8335400
1785136092.8335400
1785136092.8335400
1785136092.8335400
1785136092.8335400
1785136092.8335400
1785136092.8335400
1785136092.8335400
1785136092.8335400
1785136092.8335400
1785136092.8335400
1785136092.8335400
1785136092.8335400
1785136092.8335400
1785136092.8337629
1785136092.8337629
1785136092.8337629
1785136092.8337629
1785136092.8337629
1785136092.8337629
1785136092.8337629
1785136092.8337629
1785136092.8337629
1785136092.8337629
1785136092.8337629
1785136092.8337629
1785136092.8337629
1785136092.8337629
1785136092.8337629
1785136092.8337629
1785136092.8337629
1785136092.8337629
1785136092.8337629
1785136092.8337629
1785136092.8337629
1785136092.8337629
1785136092.8337629
1785136092.8337629
1785136092.8337629
1785136092.8337629
1785136092.8337629
1785136092.8337629
1785136092.8337629
1785136092.8337629
1785136092.8337629
1785136092.8337629
1785136092.8337629
1785136092.8337629
1785136092.8337629
1785136092.8339851
1785136092.8339851
1785136092.8339851
1785136092.8339851
1785136092.8339851
1785136092.8339851
1785136092.8339851
1785136092.8339851
1785136092.8339851
1785136092.8339851
1785136092.8339851
1785136092.8339851
1785136092.8339851
1785136092.8339851
1785136092.8339851
1785136092.8339851
1785136092.8339851
1785136092.8339851
1785136092.8339851
1785136092.8339851
1785136092.8339851
1785136092.8339851
1785136092.8339851
1785136092.8339851
1785136092.8339851
1785136092.8339851
1785136092.8339851
1785136092.8339851
1785136092.8339851
1785136092.8339851
1785136092.8339851
1785136092.8339851
1785136092.8339851
1785136092.8339851
1785136092.8339851
1785136092.8339851
1785136092.8339851
1785136092.8339851
1785136092.8339851
1785136092.8339851
1785136092.8339851
1785136092.8339851
1785136092.8339851
1785136092.8339851
1785136092.8339851
1785136092.8339851
1785136092.8339851
1785136092.8339851
1785136092.8342071
1785136092.8342071
1785136092.8342071
1785136092.8342071
1785136092.8342071
1785136092.8342071
1785136092.8342071
1785136092.8342071
1785136092.8342071
1785136092.8342071
1785136092.8342071
1785136092.8342071
1785136092.8342071
1785136092.8342071
1785136092.8342071
1785136092.8342071
1785136092.8342071
1785136092.8342071
1785136092.8342071
1785136092.8342071
1785136092.8342071
1785136092.8342071
1785136092.8342071
1785136092.8342071
1785136092.8342071
1785136092.8342071
1785136092.8342071
1785136092.8342071
1785136092.8342071
1785136092.8342071
1785136092.8342071
1785136092.8342071
1785136092.8342071
1785136092.8342071
1785136092.8342071
1785136092.8342071
1785136092.8342071
1785136092.8342071
1785136092.8342071
1785136092.8342071
1785136092.8342071
1785136092.8342071
1785136092.8342071
1785136092.8342071
1785136092.8342071
1785136092.8342071
1785136092.8342071
1785136092.8342071
1785136092.8342071
1785136092.8344290
1785136092.8344290
1785136092.8344290
1785136092.8344290
1785136092.8344290
1785136092.8344290
1785136092.8344290
1785136092.8344290
1785136092.8344290
1785136092.8344290
1785136092.8344290
1785136092.8344290
1785136092.8344290
1785136092.8344290
1785136092.8344290
1785136092.8344290
1785136092.8344290
1785136092.8344290
1785136092.8344290
1785136092.8344290
1785136092.8344290
1785136092.8344290
1785136092.8344290
1785136092.8344290
1785136092.8344290
1785136092.8344290
1785136092.8344290
1785136092.8344290
1785136092.8344290
1785136092.8344290
1785136092.8344290
1785136092.8344290
1785136092.8344290
1785136092.8344290
1785136092.8344290
1785136092.8344290
1785136092.8344290
1785136092.8344290
1785136092.8344290
1785136092.8344290
1785136092.8344290
1785136092.8344290
1785136092.8344290
1785136092.8344290
1785136092.8344290
1785136092.8344290
1785136092.8344290
1785136092.8344290
1785136092.8346519
1785136092.8346519
1785136092.8346519
1785136092.8346519
1785136092.8346519
1785136092.8346519
1785136092.8346519
1785136092.8346519
1785136092.8346519
1785136092.8346519
1785136092.8346519
1785136092.8346519
1785136092.8346519
1785136092.8346519
1785136092.8346519
1785136092.8346519
1785136092.8346519
1785136092.8346519
1785136092.8346519
1785136092.8346519
1785136092.8346519
1785136092.8346519
1785136092.8346519
1785136092.8346519
1785136092.8346519
1785136092.8346519
1785136092.8346519
1785136092.8346519
1785136092.8346519
1785136092.8346519
1785136092.8346519
1785136092.8346519
1785136092.8346519
1785136092.8346519
1785136092.8346519
1785136092.8346519
1785136092.8346519
1785136092.8346519
1785136092.8346519
1785136092.8346519
1785136092.8346519
1785136092.8346519
1785136092.8346519
1785136092.8346519
1785136092.8346519
1785136092.8346519
1785136092.8346519
1785136092.8346519
1785136092.8346519
1785136092.8348739
1785136092.8348739
1785136092.8348739
1785136092.8348739
1785136092.8348739
1785136092.8348739
1785136092.8348739
1785136092.8348739
1785136092.8348739
1785136092.8348739
1785136092.8348739
1785136092.8348739
1785136092.8348739
1785136092.8348739
1785136092.8348739
1785136092.8348739
1785136092.8348739
1785136092.8348739
1785136092.8348739
1785136092.8348739
1785136092.8348739
1785136092.8348739
1785136092.8348739
1785136092.8348739
1785136092.8348739
1785136092.8348739
1785136092.8348739
1785136092.8348739
1785136092.8348739
1785136092.8348739
1785136092.8348739
1785136092.8348739
1785136092.8348739
1785136092.8348739
1785136092.8348739
1785136092.8348739
1785136092.8348739
1785136092.8348739
1785136092.8348739
1785136092.8348739
1785136092.8348739
1785136092.8348739
1785136092.8348739
1785136092.8348739
1785136092.8348739
1785136092.8348739
1785136092.8348739
1785136092.8348739
1785136092.8348739
1785136092.8350949
1785136092.8350949
1785136092.8350949
1785136092.8350949
1785136092.8350949
1785136092.8350949
1785136092.8350949
1785136092.8350949
1785136092.8350949
1785136092.8350949
1785136092.8350949
1785136092.8350949
1785136092.8350949
1785136092.8350949
1785136092.8350949
1785136092.8350949
1785136092.8350949
1785136092.8350949
1785136092.8350949
1785136092.8350949
1785136092.8350949
1785136092.8350949
1785136092.8350949
1785136092.8350949
1785136092.8350949
1785136092.8350949
1785136092.8350949
1785136092.8350949
1785136092.8350949
1785136092.8350949
1785136092.8350949
1785136092.8350949
1785136092.8350949
1785136092.8350949
1785136092.8350949
1785136092.8350949
1785136092.8350949
1785136092.8350949
1785136092.8350949
1785136092.8350949
1785136092.8350949
1785136092.8350949
1785136092.8350949
1785136092.8350949
1785136092.8350949
1785136092.8350949
1785136092.8350949
1785136092.8350949
1785136092.8350949
1785136092.8353169
1785136092.8353169
1785136092.8353169
1785136092.8353169
1785136092.8353169
1785136092.8353169
1785136092.8353169
1785136092.8353169
1785136092.8353169
1785136092.8353169
1785136092.8353169
1785136092.8353169
1785136092.8353169
1785136092.8353169
1785136092.8353169
1785136092.8353169
1785136092.8353169
1785136092.8353169
1785136092.8353169
1785136092.8353169
1785136092.8353169
1785136092.8353169
1785136092.8353169
1785136092.8353169
1785136092.8353169
1785136092.8353169
1785136092.8353169
1785136092.8353169
1785136092.8353169
1785136092.8353169
1785136092.8353169
1785136092.8353169
1785136092.8353169
1785136092.8353169
1785136092.8353169
1785136092.8353169
1785136092.8353169
1785136092.8353169
1785136092.8353169
1785136092.8353169
1785136092.8353169
1785136092.8353169
1785136092.8353169
1785136092.8353169
1785136092.8353169
1785136092.8353169
1785136092.8353169
1785136092.8353169
1785136092.8353169
1785136092.8355401
1785136092.8355401
1785136092.8355401
1785136092.8355401
1785136092.8355401
1785136092.8355401
1785136092.8355401
1785136092.8355401
1785136092.8355401
1785136092.8355401
1785136092.8355401
1785136092.8355401
1785136092.8355401
1785136092.8355401
1785136092.8355401
1785136092.8355401
1785136092.8355401
1785136092.8355401
1785136092.8355401
1785136092.8355401
1785136092.8355401
1785136092.8355401
1785136092.8355401
1785136092.8355401
1785136092.8355401
1785136092.8355401
1785136092.8355401
1785136092.8355401
1785136092.8355401
1785136092.8355401
1785136092.8355401
1785136092.8355401
1785136092.8355401
1785136092.8355401
1785136092.8355401
1785136092.8355401
1785136092.8355401
1785136092.8355401
1785136092.8355401
1785136092.8355401
1785136092.8355401
1785136092.8355401
1785136092.8355401
1785136092.8355401
1785136092.8355401
1785136092.8355401
1785136092.8355401
1785136092.8355401
1785136092.8355401
1785136092.8357620
1785136092.8357620
1785136092.8357620
1785136092.8357620
1785136092.8357620
1785136092.8357620
1785136092.8357620
1785136092.8357620
1785136092.8357620
1785136092.8357620
1785136092.8357620
1785136092.8357620
1785136092.8357620
1785136092.8357620
1785136092.8357620
1785136092.8357620
1785136092.8357620
1785136092.8357620
1785136092.8357620
1785136092.8357620
1785136092.8357620
1785136092.8357620
1785136092.8357620
1785136092.8357620
1785136092.8357620
1785136092.8357620
1785136092.8357620
1785136092.8357620
1785136092.8357620
1785136092.8357620
1785136092.8357620
1785136092.8357620
1785136092.8357620
1785136092.8357620
1785136092.8357620
1785136092.8357620
1785136092.8357620
1785136092.8357620
1785136092.8357620
1785136092.8357620
1785136092.8357620
1785136092.8357620
1785136092.8357620
1785136092.8357620
1785136092.8357620
1785136092.8357620
1785136092.8357620
1785136092.8357620
1785136092.8357620
1785136092.8359840
1785136092.8359840
1785136092.8359840
1785136092.8359840
1785136092.8359840
1785136092.8359840
1785136092.8359840
1785136092.8359840
1785136092.8359840
1785136092.8359840
1785136092.8359840
1785136092.8359840
1785136092.8359840
1785136092.8359840
1785136092.8359840
1785136092.8359840
1785136092.8359840
1785136092.8359840
1785136092.8359840
1785136092.8359840
1785136092.8359840
1785136092.8359840
1785136092.8359840
1785136092.8359840
1785136092.8359840
1785136092.8359840
1785136092.8359840
1785136092.8359840
1785136092.8359840
1785136092.8359840
1785136092.8359840
1785136092.8359840
1785136092.8359840
1785136092.8359840
1785136092.8359840
1785136092.8359840
1785136092.8359840
1785136092.8359840
1785136092.8359840
1785136092.8359840
1785136092.8359840
1785136092.8359840
1785136092.8359840
1785136092.8359840
1785136092.8359840
1785136092.8359840
1785136092.8359840
1785136092.8359840
1785136092.8359840
1785136092.8362069
1785136092.8362069
1785136092.8362069
1785136092.8362069
1785136092.8362069
1785136092.8362069
1785136092.8362069
1785136092.8362069
1785136092.8362069
1785136092.8362069
1785136092.8362069
1785136092.8362069
1785136092.8362069
1785136092.8362069
1785136092.8362069
1785136092.8362069
1785136092.8362069
1785136092.8362069
1785136092.8362069
1785136092.8362069
1785136092.8362069
1785136092.8362069
1785136092.8362069
1785136092.8362069
1785136092.8362069
1785136092.8362069
1785136092.8362069
1785136092.8362069
1785136092.8362069
1785136092.8362069
1785136092.8362069
1785136092.8362069
1785136092.8362069
1785136092.8362069
1785136092.8362069
1785136092.8362069
1785136092.8362069
1785136092.8362069
1785136092.8362069
1785136092.8362069
1785136092.8362069
1785136092.8362069
1785136092.8362069
1785136092.8362069
1785136092.8362069
1785136092.8362069
1785136092.8362069
1785136092.8362069
1785136092.8364291
1785136092.8364291
1785136092.8364291
1785136092.8364291
1785136092.8364291
1785136092.8364291
1785136092.8364291
1785136092.8364291
1785136092.8364291
1785136092.8364291
1785136092.8364291
1785136092.8364291
1785136092.8364291
1785136092.8364291
1785136092.8364291
1785136092.8364291
1785136092.8364291
1785136092.8364291
1785136092.8364291
1785136092.8364291
1785136092.8364291
1785136092.8364291
1785136092.8364291
1785136092.8364291
1785136092.8364291
1785136092.8364291
1785136092.8364291
1785136092.8364291
1785136092.8364291
1785136092.8364291
1785136092.8364291
1785136092.8364291
1785136092.8364291
1785136092.8364291
1785136092.8364291
1785136092.8364291
1785136092.8364291
1785136092.8364291
1785136092.8364291
1785136092.8364291
1785136092.8364291
1785136092.8364291
1785136092.8364291
1785136092.8364291
1785136092.8364291
1785136092.8364291
1785136092.8364291
1785136092.8364291
1785136092.8366511
1785136092.8366511
1785136092.8366511
1785136092.8366511
1785136092.8366511
1785136092.8366511
1785136092.8366511
1785136092.8366511
1785136092.8366511
1785136092.8366511
1785136092.8366511
1785136092.8366511
1785136092.8366511
1785136092.8366511
1785136092.8366511
1785136092.8366511
1785136092.8366511
1785136092.8366511
1785136092.8366511
1785136092.8366511
1785136092.8366511
1785136092.8366511
1785136092.8366511
1785136092.8366511
1785136092.8366511
1785136092.8366511
1785136092.8366511
1785136092.8366511
1785136092.8366511
1785136092.8366511
1785136092.8366511
1785136092.8366511
1785136092.8366511
1785136092.8366511
1785136092.8366511
1785136092.8366511
1785136092.8366511
1785136092.8366511
1785136092.8366511
1785136092.8366511
1785136092.8366511
1785136092.8366511
1785136092.8366511
1785136092.8366511
1785136092.8366511
1785136092.8366511
1785136092.8366511
1785136092.8366511
1785136092.8368731
1785136092.8368731
1785136092.8368731
1785136092.8368731
1785136092.8368731
1785136092.8368731
1785136092.8368731
1785136092.8368731
1785136092.8368731
1785136092.8368731
1785136092.8368731
1785136092.8368731
1785136092.8368731
1785136092.8368731
1785136092.8368731
1785136092.8368731
1785136092.8368731
1785136092.8368731
1785136092.8368731
1785136092.8368731
1785136092.8368731
1785136092.8368731
1785136092.8368731
1785136092.8368731
1785136092.8368731
1785136092.8368731
1785136092.8368731
1785136092.8368731
1785136092.8368731
1785136092.8368731
1785136092.8368731
1785136092.8368731
1785136092.8368731
1785136092.8368731
1785136092.8368731
1785136092.8368731
1785136092.8368731
1785136092.8368731
1785136092.8368731
1785136092.8368731
1785136092.8368731
1785136092.8368731
1785136092.8368731
1785136092.8368731
1785136092.8368731
1785136092.8368731
1785136092.8368731
1785136092.8368731
1785136092.8370960
1785136092.8370960
1785136092.8370960
1785136092.8370960
1785136092.8370960
1785136092.8370960
1785136092.8370960
1785136092.8370960
1785136092.8370960
1785136092.8370960
1785136092.8370960
1785136092.8370960
1785136092.8370960
1785136092.8370960
1785136092.8370960
1785136092.8370960
1785136092.8370960
1785136092.8370960
1785136092.8370960
1785136092.8370960
1785136092.8370960
1785136092.8370960
1785136092.8370960
1785136092.8370960
1785136092.8370960
1785136092.8370960
1785136092.8370960
1785136092.8370960
1785136092.8370960
1785136092.8370960
1785136092.8370960
1785136092.8370960
1785136092.8370960
1785136092.8370960
1785136092.8370960
1785136092.8370960
1785136092.8370960
1785136092.8370960
1785136092.8370960
1785136092.8370960
1785136092.8370960
1785136092.8370960
1785136092.8370960
1785136092.8370960
1785136092.8370960
1785136092.8370960
1785136092.8370960
1785136092.8370960
1785136092.8373179
1785136092.8373179
1785136092.8373179
1785136092.8373179
1785136092.8373179
1785136092.8373179
1785136092.8373179
1785136092.8373179
1785136092.8373179
1785136092.8373179
1785136092.8373179
1785136092.8373179
1785136092.8373179
1785136092.8373179
1785136092.8373179
1785136092.8373179
1785136092.8373179
1785136092.8373179
1785136092.8373179
1785136092.8373179
1785136092.8373179
1785136092.8373179
1785136092.8373179
1785136092.8373179
1785136092.8373179
1785136092.8373179
1785136092.8373179
1785136092.8373179
1785136092.8373179
1785136092.8373179
1785136092.8373179
1785136092.8373179
1785136092.8373179
1785136092.8373179
1785136092.8373179
1785136092.8373179
1785136092.8373179
1785136092.8373179
1785136092.8373179
1785136092.8373179
1785136092.8373179
1785136092.8373179
1785136092.8373179
1785136092.8373179
1785136092.8373179
1785136092.8373179
1785136092.8373179
1785136092.8373179
1785136092.8373179
1785136092.8373179
1785136092.8373179
1785136092.8375390
1785136092.8375390
1785136092.8375390
1785136092.8375390
1785136092.8375390
1785136092.8375390
1785136092.8375390
1785136092.8375390
1785136092.8375390
1785136092.8375390
1785136092.8375390
1785136092.8375390
1785136092.8375390
1785136092.8375390
1785136092.8375390
1785136092.8375390
1785136092.8375390
1785136092.8375390
1785136092.8375390
1785136092.8375390
1785136092.8375390
1785136092.8375390
1785136092.8375390
1785136092.8375390
1785136092.8375390
1785136092.8375390
1785136092.8375390
1785136092.8375390
1785136092.8375390
1785136092.8375390
1785136092.8375390
1785136092.8375390
1785136092.8375390
1785136092.8375390
1785136092.8375390
1785136092.8375390
1785136092.8375390
1785136092.8375390
1785136092.8375390
1785136092.8375390
1785136092.8375390
1785136092.8375390
1785136092.8375390
1785136092.8375390
1785136092.8375390
1785136092.8375390
1785136092.8375390
1785136092.8375390
1785136092.8375390
1785136092.8375390
1785136092.8375390
1785136092.8375390
1785136092.8375390
1785136092.8377621
1785136092.8377621
1785136092.8377621
1785136092.8377621
1785136092.8377621
1785136092.8377621
1785136092.8377621
1785136092.8377621
1785136092.8377621
1785136092.8377621
1785136092.8377621
1785136092.8377621
1785136092.8377621
1785136092.8377621
1785136092.8377621
1785136092.8377621
1785136092.8377621
1785136092.8377621
1785136092.8377621
1785136092.8377621
1785136092.8377621
1785136092.8377621
1785136092.8377621
1785136092.8377621
1785136092.8377621
1785136092.8377621
1785136092.8377621
1785136092.8377621
1785136092.8377621
1785136092.8377621
1785136092.8377621
1785136092.8377621
1785136092.8377621
1785136092.8377621
1785136092.8377621
1785136092.8377621
1785136092.8377621
1785136092.8377621
1785136092.8377621
1785136092.8377621
1785136092.8377621
1785136092.8377621
1785136092.8377621
1785136092.8377621
1785136092.8377621
1785136092.8377621
1785136092.8377621
1785136092.8377621
1785136092.8377621
1785136092.8377621
1785136092.8377621
1785136092.8379841
1785136092.8379841
1785136092.8379841
1785136092.8379841
1785136092.8379841
1785136092.8379841
1785136092.8379841
1785136092.8379841
1785136092.8379841
1785136092.8379841
1785136092.8379841
1785136092.8379841
1785136092.8379841
1785136092.8379841
1785136092.8379841
1785136092.8379841
1785136092.8379841
1785136092.8379841
1785136092.8379841
1785136092.8379841
1785136092.8379841
1785136092.8379841
1785136092.8379841
1785136092.8379841
1785136092.8379841
1785136092.8379841
1785136092.8379841
1785136092.8379841
1785136092.8379841
1785136092.8379841
1785136092.8379841
1785136092.8379841
1785136092.8379841
1785136092.8379841
1785136092.8379841
1785136092.8379841
1785136092.8379841
1785136092.8379841
1785136092.8379841
1785136092.8379841
1785136092.8379841
1785136092.8379841
1785136092.8379841
1785136092.8379841
1785136092.8379841
1785136092.8379841
1785136092.8379841
1785136092.8379841
1785136092.8379841
1785136092.8379841
1785136092.8379841
1785136092.8382051
1785136092.8382051
1785136092.8382051
1785136092.8382051
1785136092.8382051
1785136092.8382051
1785136092.8382051
1785136092.8382051
1785136092.8382051
1785136092.8382051
1785136092.8382051
1785136092.8382051
1785136092.8382051
1785136092.8382051
1785136092.8382051
1785136092.8382051
1785136092.8382051
1785136092.8382051
1785136092.8382051
1785136092.8382051
1785136092.8382051
1785136092.8382051
1785136092.8382051
1785136092.8382051
1785136092.8382051
1785136092.8382051
1785136092.8382051
1785136092.8382051
1785136092.8382051
1785136092.8382051
1785136092.8382051
1785136092.8382051
1785136092.8382051
1785136092.8382051
1785136092.8382051
1785136092.8382051
1785136092.8382051
1785136092.8382051
1785136092.8382051
1785136092.8382051
1785136092.8382051
1785136092.8382051
1785136092.8382051
1785136092.8382051
1785136092.8382051
1785136092.8382051
1785136092.8382051
1785136092.8382051
1785136092.8384290
1785136092.8384290
1785136092.8384290
1785136092.8384290
1785136092.8384290
1785136092.8384290
1785136092.8384290
1785136092.8384290
1785136092.8384290
1785136092.8384290
1785136092.8384290
1785136092.8384290
1785136092.8384290
1785136092.8384290
1785136092.8384290
1785136092.8384290
1785136092.8384290
1785136092.8384290
1785136092.8384290
1785136092.8384290
1785136092.8384290
1785136092.8384290
1785136092.8384290
1785136092.8384290
1785136092.8384290
1785136092.8384290
1785136092.8384290
1785136092.8384290
1785136092.8384290
1785136092.8384290
1785136092.8384290
1785136092.8384290
1785136092.8384290
1785136092.8384290
1785136092.8384290
1785136092.8384290
1785136092.8384290
1785136092.8384290
1785136092.8384290
1785136092.8384290
1785136092.8384290
1785136092.8384290
1785136092.8384290
1785136092.8384290
1785136092.8384290
1785136092.8384290
1785136092.8384290
1785136092.8386509
1785136092.8386509
1785136092.8386509
1785136092.8386509
1785136092.8386509
1785136092.8386509
1785136092.8386509
1785136092.8386509
1785136092.8386509
1785136092.8386509
1785136092.8386509
1785136092.8386509
1785136092.8386509
1785136092.8386509
1785136092.8386509
1785136092.8386509
1785136092.8386509
1785136092.8386509
1785136092.8386509
1785136092.8386509
1785136092.8386509
1785136092.8386509
1785136092.8386509
1785136092.8386509
1785136092.8386509
1785136092.8386509
1785136092.8386509
1785136092.8386509
1785136092.8386509
1785136092.8386509
1785136092.8386509
1785136092.8386509
1785136092.8386509
1785136092.8386509
1785136092.8386509
1785136092.8386509
1785136092.8386509
1785136092.8386509
1785136092.8386509
1785136092.8386509
1785136092.8386509
1785136092.8386509
1785136092.8386509
1785136092.8386509
1785136092.8386509
1785136092.8386509
1785136092.8386509
1785136092.8388729
1785136092.8388729
1785136092.8388729
1785136092.8388729
1785136092.8388729
1785136092.8388729
1785136092.8388729
1785136092.8388729
1785136092.8388729
1785136092.8388729
1785136092.8388729
1785136092.8388729
1785136092.8388729
1785136092.8388729
1785136092.8388729
1785136092.8388729
1785136092.8388729
1785136092.8388729
1785136092.8388729
1785136092.8388729
1785136092.8388729
1785136092.8388729
1785136092.8388729
1785136092.8388729
1785136092.8388729
1785136092.8388729
1785136092.8388729
1785136092.8388729
1785136092.8388729
1785136092.8388729
1785136092.8388729
1785136092.8388729
1785136092.8388729
1785136092.8388729
1785136092.8388729
1785136092.8388729
1785136092.8388729
1785136092.8388729
1785136092.8388729
1785136092.8388729
1785136092.8388729
1785136092.8388729
1785136092.8388729
1785136092.8388729
1785136092.8388729
1785136092.8388729
1785136092.8388729
1785136092.8390951
1785136092.8390951
1785136092.8390951
1785136092.8390951
1785136092.8390951
1785136092.8390951
1785136092.8390951
1785136092.8390951
1785136092.8390951
1785136092.8390951
1785136092.8390951
1785136092.8390951
1785136092.8390951
1785136092.8390951
1785136092.8390951
1785136092.8390951
1785136092.8390951
1785136092.8390951
1785136092.8390951
1785136092.8390951
1785136092.8390951
1785136092.8390951
1785136092.8390951
1785136092.8390951
1785136092.8390951
1785136092.8390951
1785136092.8390951
1785136092.8390951
1785136092.8390951
1785136092.8390951
1785136092.8390951
1785136092.8390951
1785136092.8390951
1785136092.8390951
1785136092.8390951
1785136092.8390951
1785136092.8390951
1785136092.8390951
1785136092.8390951
1785136092.8390951
1785136092.8390951
1785136092.8390951
1785136092.8390951
1785136092.8390951
1785136092.8390951
1785136092.8390951
1785136092.8393171
1785136092.8393171
1785136092.8393171
1785136092.8393171
1785136092.8393171
1785136092.8393171
1785136092.8393171
1785136092.8393171
1785136092.8393171
1785136092.8393171
1785136092.8393171
1785136092.8393171
1785136092.8393171
1785136092.8393171
1785136092.8393171
1785136092.8393171
1785136092.8393171
1785136092.8393171
1785136092.8393171
1785136092.8393171
1785136092.8393171
1785136092.8393171
1785136092.8393171
1785136092.8393171
1785136092.8393171
1785136092.8393171
1785136092.8393171
1785136092.8393171
1785136092.8393171
1785136092.8393171
1785136092.8393171
1785136092.8393171
1785136092.8393171
1785136092.8393171
1785136092.8393171
1785136092.8393171
1785136092.8393171
1785136092.8393171
1785136092.8393171
1785136092.8393171
1785136092.8393171
1785136092.8393171
1785136092.8393171
1785136092.8393171
1785136092.8393171
1785136092.8393171
1785136092.8395391
1785136092.8395391
1785136092.8395391
1785136092.8395391
1785136092.8395391
1785136092.8395391
1785136092.8395391
1785136092.8395391
1785136092.8395391
1785136092.8395391
1785136092.8395391
1785136092.8395391
1785136092.8395391
1785136092.8395391
1785136092.8395391
1785136092.8395391
1785136092.8395391
1785136092.8395391
1785136092.8395391
1785136092.8395391
1785136092.8395391
1785136092.8395391
1785136092.8395391
1785136092.8395391
1785136092.8395391
1785136092.8395391
1785136092.8395391
1785136092.8395391
1785136092.8395391
1785136092.8395391
1785136092.8395391
1785136092.8395391
1785136092.8395391
1785136092.8395391
1785136092.8395391
1785136092.8395391
1785136092.8395391
1785136092.8395391
1785136092.8395391
1785136092.8395391
1785136092.8395391
1785136092.8395391
1785136092.8395391
1785136092.8395391
1785136092.8395391
1785136092.8395391
1785136092.8397610
1785136092.8397610
1785136092.8397610
1785136092.8397610
1785136092.8397610
1785136092.8397610
1785136092.8397610
1785136092.8397610
1785136092.8397610
1785136092.8397610
1785136092.8397610
1785136092.8397610
1785136092.8397610
1785136092.8397610
1785136092.8397610
1785136092.8397610
1785136092.8397610
1785136092.8397610
1785136092.8397610
1785136092.8397610
1785136092.8397610
1785136092.8397610
1785136092.8397610
1785136092.8397610
1785136092.8397610
1785136092.8397610
1785136092.8397610
1785136092.8397610
1785136092.8397610
1785136092.8397610
1785136092.8397610
1785136092.8397610
1785136092.8397610
1785136092.8397610
1785136092.8397610
1785136092.8397610
1785136092.8397610
1785136092.8397610
1785136092.8397610
1785136092.8397610
1785136092.8397610
1785136092.8397610
1785136092.8397610
1785136092.8397610
1785136092.8397610
1785136092.8397610
1785136092.8399839
1785136092.8399839
1785136092.8399839
1785136092.8399839
1785136092.8399839
1785136092.8399839
1785136092.8399839
1785136092.8399839
1785136092.8399839
1785136092.8399839
1785136092.8399839
1785136092.8399839
1785136092.8399839
1785136092.8399839
1785136092.8399839
1785136092.8399839
1785136092.8399839
1785136092.8399839
1785136092.8399839
1785136092.8399839
1785136092.8399839
1785136092.8399839
1785136092.8399839
1785136092.8399839
1785136092.8399839
1785136092.8399839
1785136092.8399839
1785136092.8399839
1785136092.8399839
1785136092.8399839
1785136092.8399839
1785136092.8399839
1785136092.8399839
1785136092.8399839
1785136092.8399839
1785136092.8399839
1785136092.8399839
1785136092.8399839
1785136092.8399839
1785136092.8399839
1785136092.8399839
1785136092.8399839
1785136092.8399839
1785136092.8399839
1785136092.8399839
1785136092.8399839
1785136092.8402050
1785136092.8402050
1785136092.8402050
1785136092.8402050
1785136092.8402050
1785136092.8402050
1785136092.8402050
1785136092.8402050
1785136092.8402050
1785136092.8402050
1785136092.8402050
1785136092.8402050
1785136092.8402050
1785136092.8402050
1785136092.8402050
1785136092.8402050
1785136092.8402050
1785136092.8402050
1785136092.8402050
1785136092.8402050
1785136092.8402050
1785136092.8402050
1785136092.8402050
1785136092.8402050
1785136092.8402050
1785136092.8402050
1785136092.8402050
1785136092.8402050
1785136092.8402050
1785136092.8402050
1785136092.8402050
1785136092.8402050
1785136092.8402050
1785136092.8402050
1785136092.8402050
1785136092.8402050
1785136092.8402050
1785136092.8402050
1785136092.8402050
1785136092.8402050
1785136092.8402050
1785136092.8402050
1785136092.8402050
1785136092.8402050
1785136092.8402050
1785136092.8402050
1785136092.8402050
1785136092.8404281
1785136092.8404281
1785136092.8404281
1785136092.8404281
1785136092.8404281
1785136092.8404281
1785136092.8404281
1785136092.8404281
1785136092.8404281
1785136092.8404281
1785136092.8404281
1785136092.8404281
1785136092.8404281
1785136092.8404281
1785136092.8404281
1785136092.8404281
1785136092.8404281
1785136092.8404281
1785136092.8404281
1785136092.8404281
1785136092.8404281
1785136092.8404281
1785136092.8404281
1785136092.8404281
1785136092.8404281
1785136092.8404281
1785136092.8404281
1785136092.8404281
1785136092.8404281
1785136092.8404281
1785136092.8404281
1785136092.8404281
1785136092.8404281
1785136092.8404281
1785136092.8404281
1785136092.8404281
1785136092.8404281
1785136092.8404281
1785136092.8404281
1785136092.8404281
1785136092.8404281
1785136092.8404281
1785136092.8404281
1785136092.8404281
1785136092.8404281
1785136092.8404281
1785136092.8404281
1785136092.8404281
1785136092.8404281
1785136092.8404281
1785136092.8404281
1785136092.8404281
1785136092.8404281
1785136092.8404281
1785136092.8404281
1785136092.8406501
1785136092.8406501
1785136092.8406501
1785136092.8406501
1785136092.8406501
1785136092.8406501
1785136092.8406501
1785136092.8406501
1785136092.8406501
1785136092.8406501
1785136092.8406501
1785136092.8406501
1785136092.8406501
1785136092.8406501
1785136092.8406501
1785136092.8406501
1785136092.8406501
1785136092.8406501
1785136092.8406501
1785136092.8406501
1785136092.8406501
1785136092.8406501
1785136092.8406501
1785136092.8406501
1785136092.8406501
1785136092.8406501
1785136092.8406501
1785136092.8406501
1785136092.8406501
1785136092.8406501
1785136092.8406501
1785136092.8406501
1785136092.8406501
1785136092.8406501
1785136092.8406501
1785136092.8406501
1785136092.8406501
1785136092.8406501
1785136092.8406501
1785136092.8406501
1785136092.8406501
1785136092.8406501
1785136092.8406501
1785136092.8406501
1785136092.8406501
1785136092.8406501
1785136092.8406501
1785136092.8406501
1785136092.8406501
1785136092.8406501
1785136092.8406501
1785136092.8406501
1785136092.8406501
1785136092.8406501
1785136092.8406501
1785136092.8406501
1785136092.8406501
1785136092.8406501
1785136092.8406501
1785136092.8406501
1785136092.8406501
1785136092.8406501
1785136092.8406501
1785136092.8406501
1785136092.8406501
1785136092.8406501
1785136092.8406501
1785136092.8406501
1785136092.8406501
1785136092.8406501
1785136092.8406501
1785136092.8406501
1785136092.8408720
1785136092.8408720
1785136092.8408720
1785136092.8408720
1785136092.8408720
1785136092.8408720
1785136092.8408720
1785136092.8408720
1785136092.8408720
1785136092.8408720
1785136092.8408720
1785136092.8408720
1785136092.8408720
1785136092.8408720
1785136092.8408720
1785136092.8408720
1785136092.8408720
1785136092.8408720
1785136092.8408720
1785136092.8408720
1785136092.8408720
1785136092.8408720
1785136092.8408720
1785136092.8408720
1785136092.8408720
1785136092.8408720
1785136092.8408720
1785136092.8408720
1785136092.8408720
1785136092.8408720
1785136092.8408720
1785136092.8408720
1785136092.8408720
1785136092.8408720
1785136092.8408720
1785136092.8408720
1785136092.8408720
1785136092.8408720
1785136092.8408720
1785136092.8408720
1785136092.8408720
1785136092.8408720
1785136092.8408720
1785136092.8408720
1785136092.8408720
1785136092.8408720
1785136092.8408720
1785136092.8408720
1785136092.8408720
1785136092.8408720
1785136092.8408720
1785136092.8408720
1785136092.8408720
1785136092.8408720
1785136092.8408720
1785136092.8408720
1785136092.8408720
1785136092.8410940
1785136092.8410940
1785136092.8410940
1785136092.8410940
1785136092.8410940
1785136092.8410940
1785136092.8410940
1785136092.8410940
1785136092.8410940
1785136092.8410940
1785136092.8410940
1785136092.8410940
1785136092.8410940
1785136092.8410940
1785136092.8410940
1785136092.8410940
1785136092.8410940
1785136092.8410940
1785136092.8410940
1785136092.8410940
1785136092.8410940
1785136092.8410940
1785136092.8410940
1785136092.8410940
1785136092.8410940
1785136092.8410940
1785136092.8410940
1785136092.8410940
1785136092.8410940
1785136092.8410940
1785136092.8410940
1785136092.8410940
1785136092.8410940
1785136092.8410940
1785136092.8410940
1785136092.8410940
1785136092.8410940
1785136092.8410940
1785136092.8410940
1785136092.8410940
1785136092.8410940
1785136092.8410940
1785136092.8410940
1785136092.8410940
1785136092.8410940
1785136092.8410940
1785136092.8410940
1785136092.8410940
1785136092.8410940
1785136092.8410940
1785136092.8410940
1785136092.8410940
1785136092.8410940
1785136092.8410940
1785136092.8410940
1785136092.8410940
1785136092.8410940
1785136092.8410940
1785136092.8410940
1785136092.8410940
1785136092.8410940
1785136092.8413160
1785136092.8413160
1785136092.8413160
1785136092.8413160
1785136092.8413160
1785136092.8413160
1785136092.8413160
1785136092.8413160
1785136092.8413160
1785136092.8413160
1785136092.8413160
1785136092.8413160
1785136092.8413160
1785136092.8413160
1785136092.8413160
1785136092.8413160
1785136092.8413160
1785136092.8413160
1785136092.8413160
1785136092.8413160
1785136092.8413160
1785136092.8413160
1785136092.8413160
1785136092.8413160
1785136092.8413160
1785136092.8413160
1785136092.8413160
1785136092.8413160
1785136092.8413160
1785136092.8413160
1785136092.8413160
1785136092.8413160
1785136092.8413160
1785136092.8413160
1785136092.8413160
1785136092.8413160
1785136092.8413160
1785136092.8413160
1785136092.8413160
1785136092.8413160
1785136092.8413160
1785136092.8413160
1785136092.8413160
1785136092.8413160
1785136092.8413160
1785136092.8413160
1785136092.8413160
1785136092.8413160
1785136092.8413160
1785136092.8413160
1785136092.8413160
1785136092.8413160
1785136092.8413160
1785136092.8415389
1785136092.8415389
1785136092.8415389
1785136092.8415389
1785136092.8415389
1785136092.8415389
1785136092.8415389
1785136092.8415389
1785136092.8415389
1785136092.8415389
1785136092.8415389
1785136092.8415389
1785136092.8415389
1785136092.8415389
1785136092.8415389
1785136092.8415389
1785136092.8415389
1785136092.8415389
1785136092.8415389
1785136092.8415389
1785136092.8415389
1785136092.8415389
1785136092.8415389
1785136092.8415389
1785136092.8415389
1785136092.8415389
1785136092.8415389
1785136092.8415389
1785136092.8415389
1785136092.8415389
1785136092.8415389
1785136092.8415389
1785136092.8415389
1785136092.8415389
1785136092.8415389
1785136092.8415389
1785136092.8415389
1785136092.8415389
1785136092.8415389
1785136092.8415389
1785136092.8415389
1785136092.8415389
1785136092.8415389
1785136092.8415389
1785136092.8415389
1785136092.8415389
1785136092.8415389
1785136092.8415389
1785136092.8415389
1785136092.8415389
1785136092.8415389
1785136092.8415389
1785136092.8415389
1785136092.8415389
1785136092.8415389
1785136092.8415389
1785136092.8415389
1785136092.8415389
1785136092.8417611
1785136092.8417611
1785136092.8417611
1785136092.8417611
1785136092.8417611
1785136092.8417611
1785136092.8417611
1785136092.8417611
1785136092.8417611
1785136092.8417611
1785136092.8417611
1785136092.8417611
1785136092.8417611
1785136092.8417611
1785136092.8417611
1785136092.8417611
1785136092.8417611
1785136092.8417611
1785136092.8417611
1785136092.8417611
1785136092.8417611
1785136092.8417611
1785136092.8417611
1785136092.8417611
1785136092.8417611
1785136092.8417611
1785136092.8417611
1785136092.8417611
1785136092.8417611
1785136092.8417611
1785136092.8417611
1785136092.8417611
1785136092.8417611
1785136092.8417611
1785136092.8417611
1785136092.8417611
1785136092.8417611
1785136092.8417611
1785136092.8417611
1785136092.8417611
1785136092.8417611
1785136092.8417611
1785136092.8417611
1785136092.8417611
1785136092.8417611
1785136092.8417611
1785136092.8417611
1785136092.8417611
1785136092.8417611
1785136092.8417611
1785136092.8417611
1785136092.8417611
1785136092.8417611
1785136092.8417611
1785136092.8417611
1785136092.8417611
1785136092.8417611
1785136092.8417611
1785136092.8417611
1785136092.8419831
1785136092.8419831
1785136092.8419831
1785136092.8419831
1785136092.8419831
1785136092.8419831
1785136092.8419831
1785136092.8419831
1785136092.8419831
1785136092.8419831
1785136092.8419831
1785136092.8419831
1785136092.8419831
1785136092.8419831
1785136092.8419831
1785136092.8419831
1785136092.8419831
1785136092.8419831
1785136092.8419831
1785136092.8419831
1785136092.8419831
1785136092.8419831
1785136092.8419831
1785136092.8419831
1785136092.8419831
1785136092.8419831
1785136092.8419831
1785136092.8419831
1785136092.8419831
1785136092.8419831
1785136092.8419831
1785136092.8419831
1785136092.8419831
1785136092.8419831
1785136092.8419831
1785136092.8419831
1785136092.8419831
1785136092.8419831
1785136092.8419831
1785136092.8419831
1785136092.8419831
1785136092.8419831
1785136092.8419831
1785136092.8419831
1785136092.8419831
1785136092.8419831
1785136092.8419831
1785136092.8419831
1785136092.8419831
1785136092.8422050
1785136092.8422050
1785136092.8422050
1785136092.8422050
1785136092.8422050
1785136092.8422050
1785136092.8422050
1785136092.8422050
1785136092.8422050
1785136092.8422050
1785136092.8422050
1785136092.8422050
1785136092.8422050
1785136092.8422050
1785136092.8422050
1785136092.8422050
1785136092.8422050
1785136092.8422050
1785136092.8422050
1785136092.8422050
1785136092.8422050
1785136092.8422050
1785136092.8422050
1785136092.8422050
1785136092.8422050
1785136092.8422050
1785136092.8422050
1785136092.8422050
1785136092.8422050
1785136092.8422050
1785136092.8422050
1785136092.8422050
1785136092.8422050
1785136092.8422050
1785136092.8422050
1785136092.8422050
1785136092.8422050
1785136092.8422050
1785136092.8422050
1785136092.8422050
1785136092.8422050
1785136092.8422050
1785136092.8422050
1785136092.8422050
1785136092.8422050
1785136092.8422050
1785136092.8422050
1785136092.8422050
1785136092.8422050
1785136092.8424270
1785136092.8424270
1785136092.8424270
1785136092.8424270
1785136092.8424270
1785136092.8424270
1785136092.8424270
1785136092.8424270
1785136092.8424270
1785136092.8424270
1785136092.8424270
1785136092.8424270
1785136092.8424270
1785136092.8424270
1785136092.8424270
1785136092.8424270
1785136092.8424270
1785136092.8424270
1785136092.8424270
1785136092.8424270
1785136092.8424270
1785136092.8424270
1785136092.8424270
1785136092.8424270
1785136092.8424270
1785136092.8424270
1785136092.8424270
1785136092.8424270
1785136092.8424270
1785136092.8424270
1785136092.8424270
1785136092.8424270
1785136092.8424270
1785136092.8424270
1785136092.8424270
1785136092.8424270
1785136092.8424270
1785136092.8424270
1785136092.8424270
1785136092.8424270
1785136092.8424270
1785136092.8424270
1785136092.8424270
1785136092.8424270
1785136092.8424270
1785136092.8424270
1785136092.8424270
1785136092.8424270
1785136092.8424270
1785136092.8424270
1785136092.8424270
1785136092.8424270
1785136092.8424270
1785136092.8424270
1785136092.8424270
1785136092.8424270
1785136092.8424270
1785136092.8424270
1785136092.8424270
1785136092.8424270
1785136092.8424270
1785136092.8424270
1785136092.8424270
1785136092.8424270
1785136092.8424270
1785136092.8424270
1785136092.8424270
1785136092.8426499
1785136092.8426499
1785136092.8426499
1785136092.8426499
1785136092.8426499
1785136092.8426499
1785136092.8426499
1785136092.8426499
1785136092.8426499
1785136092.8426499
1785136092.8426499
1785136092.8426499
1785136092.8426499
1785136092.8426499
1785136092.8426499
1785136092.8426499
1785136092.8426499
1785136092.8426499
1785136092.8426499
1785136092.8426499
1785136092.8426499
1785136092.8426499
1785136092.8426499
1785136092.8426499
1785136092.8426499
1785136092.8426499
1785136092.8426499
1785136092.8426499
1785136092.8426499
1785136092.8426499
1785136092.8426499
1785136092.8426499
1785136092.8426499
1785136092.8426499
1785136092.8426499
1785136092.8426499
1785136092.8426499
1785136092.8426499
1785136092.8426499
1785136092.8426499
1785136092.8426499
1785136092.8426499
1785136092.8426499
1785136092.8426499
1785136092.8426499
1785136092.8426499
1785136092.8426499
1785136092.8426499
1785136092.8426499
1785136092.8428719
1785136092.8428719
1785136092.8428719
1785136092.8428719
1785136092.8428719
1785136092.8428719
1785136092.8428719
1785136092.8428719
1785136092.8428719
1785136092.8428719
1785136092.8428719
1785136092.8428719
1785136092.8428719
1785136092.8428719
1785136092.8428719
1785136092.8428719
1785136092.8428719
1785136092.8428719
1785136092.8428719
1785136092.8428719
1785136092.8428719
1785136092.8428719
1785136092.8428719
1785136092.8428719
1785136092.8428719
1785136092.8428719
1785136092.8428719
1785136092.8428719
1785136092.8428719
1785136092.8428719
1785136092.8428719
1785136092.8428719
1785136092.8428719
1785136092.8428719
1785136092.8428719
1785136092.8428719
1785136092.8428719
1785136092.8428719
1785136092.8428719
1785136092.8428719
1785136092.8428719
1785136092.8428719
1785136092.8428719
1785136092.8428719
1785136092.8428719
1785136092.8430941
1785136092.8430941
1785136092.8430941
1785136092.8430941
1785136092.8430941
1785136092.8430941
1785136092.8430941
1785136092.8430941
1785136092.8430941
1785136092.8430941
1785136092.8430941
1785136092.8430941
1785136092.8430941
1785136092.8430941
1785136092.8430941
1785136092.8430941
1785136092.8430941
1785136092.8430941
1785136092.8430941
1785136092.8430941
1785136092.8430941
1785136092.8430941
1785136092.8430941
1785136092.8430941
1785136092.8430941
1785136092.8430941
1785136092.8430941
1785136092.8430941
1785136092.8430941
1785136092.8430941
1785136092.8430941
1785136092.8430941
1785136092.8430941
1785136092.8430941
1785136092.8430941
1785136092.8430941
1785136092.8430941
1785136092.8430941
1785136092.8430941
1785136092.8430941
1785136092.8430941
1785136092.8430941
1785136092.8430941
1785136092.8430941
1785136092.8430941
1785136092.8433161
1785136092.8433161
1785136092.8433161
1785136092.8433161
1785136092.8433161
1785136092.8433161
1785136092.8433161
1785136092.8433161
1785136092.8433161
1785136092.8433161
1785136092.8433161
1785136092.8433161
1785136092.8433161
1785136092.8433161
1785136092.8433161
1785136092.8433161
1785136092.8433161
1785136092.8433161
1785136092.8433161
1785136092.8433161
1785136092.8433161
1785136092.8433161
1785136092.8433161
1785136092.8433161
1785136092.8433161
1785136092.8433161
1785136092.8433161
1785136092.8433161
1785136092.8433161
1785136092.8433161
1785136092.8433161
1785136092.8433161
1785136092.8433161
1785136092.8433161
1785136092.8433161
1785136092.8433161
1785136092.8433161
1785136092.8433161
1785136092.8433161
1785136092.8433161
1785136092.8433161
1785136092.8433161
1785136092.8433161
1785136092.8433161
1785136092.8433161
1785136092.8433161
1785136092.8433161
1785136092.8433161
1785136092.8433161
1785136092.8433161
1785136092.8433161
1785136092.8433161
1785136092.8433161
1785136092.8433161
1785136092.8433161
1785136092.8433161
1785136092.8433161
1785136092.8433161
1785136092.8433161
1785136092.8433161
1785136092.8433161
1785136092.8435380
1785136092.8435380
1785136092.8435380
1785136092.8435380
1785136092.8435380
1785136092.8435380
1785136092.8435380
1785136092.8435380
1785136092.8435380
1785136092.8435380
1785136092.8435380
1785136092.8435380
1785136092.8435380
1785136092.8435380
1785136092.8435380
1785136092.8435380
1785136092.8435380
1785136092.8435380
1785136092.8435380
1785136092.8435380
1785136092.8435380
1785136092.8435380
1785136092.8435380
1785136092.8435380
1785136092.8435380
1785136092.8435380
1785136092.8435380
1785136092.8435380
1785136092.8435380
1785136092.8435380
1785136092.8435380
1785136092.8435380
1785136092.8435380
1785136092.8435380
1785136092.8435380
1785136092.8435380
1785136092.8435380
1785136092.8435380
1785136092.8435380
1785136092.8435380
1785136092.8435380
1785136092.8435380
1785136092.8435380
1785136092.8435380
1785136092.8435380
1785136092.8437600
1785136092.8437600
1785136092.8437600
1785136092.8437600
1785136092.8437600
1785136092.8437600
1785136092.8437600
1785136092.8437600
1785136092.8437600
1785136092.8437600
1785136092.8437600
1785136092.8437600
1785136092.8437600
1785136092.8437600
1785136092.8437600
1785136092.8437600
1785136092.8437600
1785136092.8437600
1785136092.8437600
1785136092.8437600
1785136092.8437600
1785136092.8437600
1785136092.8437600
1785136092.8437600
1785136092.8437600
1785136092.8437600
1785136092.8437600
1785136092.8437600
1785136092.8437600
1785136092.8437600
1785136092.8437600
1785136092.8437600
1785136092.8437600
1785136092.8437600
1785136092.8437600
1785136092.8437600
1785136092.8437600
1785136092.8437600
1785136092.8437600
1785136092.8437600
1785136092.8437600
1785136092.8437600
1785136092.8437600
1785136092.8437600
1785136092.8437600
1785136092.8439820
1785136092.8439820
1785136092.8439820
1785136092.8439820
1785136092.8439820
1785136092.8439820
1785136092.8439820
1785136092.8439820
1785136092.8439820
1785136092.8439820
1785136092.8439820
1785136092.8439820
1785136092.8439820
1785136092.8439820
1785136092.8439820
1785136092.8439820
1785136092.8439820
1785136092.8439820
1785136092.8439820
1785136092.8439820
1785136092.8439820
1785136092.8439820
1785136092.8439820
1785136092.8439820
1785136092.8439820
1785136092.8439820
1785136092.8439820
1785136092.8439820
1785136092.8439820
1785136092.8439820
1785136092.8439820
1785136092.8439820
1785136092.8439820
1785136092.8439820
1785136092.8439820
1785136092.8439820
1785136092.8439820
1785136092.8439820
1785136092.8439820
1785136092.8439820
1785136092.8439820
1785136092.8439820
1785136092.8439820
1785136092.8439820
1785136092.8439820
1785136092.8439820
1785136092.8442049
1785136092.8442049
1785136092.8442049
1785136092.8442049
1785136092.8442049
1785136092.8442049
1785136092.8442049
1785136092.8442049
1785136092.8442049
1785136092.8442049
1785136092.8442049
1785136092.8442049
1785136092.8442049
1785136092.8442049
1785136092.8442049
1785136092.8442049
1785136092.8442049
1785136092.8442049
1785136092.8442049
1785136092.8442049
1785136092.8442049
1785136092.8442049
1785136092.8442049
1785136092.8442049
1785136092.8442049
1785136092.8442049
1785136092.8442049
1785136092.8442049
1785136092.8442049
1785136092.8442049
1785136092.8442049
1785136092.8442049
1785136092.8442049
1785136092.8442049
1785136092.8442049
1785136092.8442049
1785136092.8442049
1785136092.8442049
1785136092.8442049
1785136092.8442049
1785136092.8442049
1785136092.8442049
1785136092.8442049
1785136092.8442049
1785136092.8442049
1785136092.8442049
1785136092.8444271
1785136092.8444271
1785136092.8444271
1785136092.8444271
1785136092.8444271
1785136092.8444271
1785136092.8444271
1785136092.8444271
1785136092.8444271
1785136092.8444271
1785136092.8444271
1785136092.8444271
1785136092.8444271
1785136092.8444271
1785136092.8444271
1785136092.8444271
1785136092.8444271
1785136092.8444271
1785136092.8444271
1785136092.8444271
1785136092.8444271
1785136092.8444271
1785136092.8444271
1785136092.8444271
1785136092.8444271
1785136092.8444271
1785136092.8444271
1785136092.8444271
1785136092.8444271
1785136092.8444271
1785136092.8444271
1785136092.8444271
1785136092.8444271
1785136092.8444271
1785136092.8444271
1785136092.8444271
1785136092.8444271
1785136092.8444271
1785136092.8444271
1785136092.8444271
1785136092.8444271
1785136092.8444271
1785136092.8444271
1785136092.8444271
1785136092.8444271
1785136092.8446491
1785136092.8446491
1785136092.8446491
1785136092.8446491
1785136092.8446491
1785136092.8446491
1785136092.8446491
1785136092.8446491
1785136092.8446491
1785136092.8446491
1785136092.8446491
1785136092.8446491
1785136092.8446491
1785136092.8446491
1785136092.8446491
1785136092.8446491
1785136092.8446491
1785136092.8446491
1785136092.8446491
1785136092.8446491
1785136092.8446491
1785136092.8446491
1785136092.8446491
1785136092.8446491
1785136092.8446491
1785136092.8446491
1785136092.8446491
1785136092.8446491
1785136092.8446491
1785136092.8446491
1785136092.8446491
1785136092.8446491
1785136092.8446491
1785136092.8446491
1785136092.8446491
1785136092.8446491
1785136092.8446491
1785136092.8446491
1785136092.8446491
1785136092.8446491
1785136092.8446491
1785136092.8446491
1785136092.8446491
1785136092.8446491
1785136092.8446491
1785136092.8448710
1785136092.8448710
1785136092.8448710
1785136092.8448710
1785136092.8448710
1785136092.8448710
1785136092.8448710
1785136092.8448710
1785136092.8448710
1785136092.8448710
1785136092.8448710
1785136092.8448710
1785136092.8448710
1785136092.8448710
1785136092.8448710
1785136092.8448710
1785136092.8448710
1785136092.8448710
1785136092.8448710
1785136092.8448710
1785136092.8448710
1785136092.8448710
1785136092.8448710
1785136092.8448710
1785136092.8448710
1785136092.8448710
1785136092.8448710
1785136092.8448710
1785136092.8448710
1785136092.8448710
1785136092.8448710
1785136092.8448710
1785136092.8448710
1785136092.8448710
1785136092.8448710
1785136092.8448710
1785136092.8448710
1785136092.8448710
1785136092.8448710
1785136092.8448710
1785136092.8448710
1785136092.8448710
1785136092.8448710
1785136092.8448710
1785136092.8448710
1785136092.8450930
1785136092.8450930
1785136092.8450930
1785136092.8450930
1785136092.8450930
1785136092.8450930
1785136092.8450930
1785136092.8450930
1785136092.8450930
1785136092.8450930
1785136092.8450930
1785136092.8450930
1785136092.8450930
1785136092.8450930
1785136092.8450930
1785136092.8450930
1785136092.8450930
1785136092.8450930
1785136092.8450930
1785136092.8450930
1785136092.8450930
1785136092.8450930
1785136092.8450930
1785136092.8450930
1785136092.8450930
1785136092.8450930
1785136092.8450930
1785136092.8450930
1785136092.8450930
1785136092.8450930
1785136092.8450930
1785136092.8450930
1785136092.8450930
1785136092.8450930
1785136092.8450930
1785136092.8450930
1785136092.8450930
1785136092.8450930
1785136092.8450930
1785136092.8450930
1785136092.8450930
1785136092.8450930
1785136092.8450930
1785136092.8450930
1785136092.8450930
1785136092.8450930
1785136092.8453159
1785136092.8453159
1785136092.8453159
1785136092.8453159
1785136092.8453159
1785136092.8453159
1785136092.8453159
1785136092.8453159
1785136092.8453159
1785136092.8453159
1785136092.8453159
1785136092.8453159
1785136092.8453159
1785136092.8453159
1785136092.8453159
1785136092.8453159
1785136092.8453159
1785136092.8453159
1785136092.8453159
1785136092.8453159
1785136092.8453159
1785136092.8453159
1785136092.8453159
1785136092.8453159
1785136092.8453159
1785136092.8453159
1785136092.8453159
1785136092.8453159
1785136092.8453159
1785136092.8453159
1785136092.8453159
1785136092.8453159
1785136092.8453159
1785136092.8453159
1785136092.8453159
1785136092.8453159
1785136092.8453159
1785136092.8453159
1785136092.8453159
1785136092.8453159
1785136092.8453159
1785136092.8453159
1785136092.8453159
1785136092.8453159
1785136092.8453159
1785136092.8453159
1785136092.8453159
1785136092.8453159
1785136092.8453159
1785136092.8453159
1785136092.8455369
1785136092.8455369
1785136092.8455369
1785136092.8455369
1785136092.8455369
1785136092.8455369
1785136092.8455369
1785136092.8455369
1785136092.8455369
1785136092.8455369
1785136092.8455369
1785136092.8455369
1785136092.8455369
1785136092.8455369
1785136092.8455369
1785136092.8455369
1785136092.8455369
1785136092.8455369
1785136092.8455369
1785136092.8455369
1785136092.8455369
1785136092.8455369
1785136092.8455369
1785136092.8455369
1785136092.8455369
1785136092.8455369
1785136092.8455369
1785136092.8455369
1785136092.8455369
1785136092.8455369
1785136092.8455369
1785136092.8455369
1785136092.8455369
1785136092.8455369
1785136092.8455369
1785136092.8455369
1785136092.8455369
1785136092.8455369
1785136092.8455369
1785136092.8455369
1785136092.8455369
1785136092.8455369
1785136092.8455369
1785136092.8455369
1785136092.8455369
1785136092.8455369
1785136092.8455369
1785136092.8455369
1785136092.8455369
1785136092.8455369
1785136092.8455369
1785136092.8455369
1785136092.8455369
1785136092.8455369
1785136092.8455369
1785136092.8455369
1785136092.8455369
1785136092.8455369
1785136092.8455369
1785136092.8455369
1785136092.8455369
1785136092.8455369
1785136092.8455369
1785136092.8455369
1785136092.8455369
1785136092.8455369
1785136092.8455369
1785136092.8455369
1785136092.8455369
1785136092.8455369
1785136092.8455369
1785136092.8455369
1785136092.8457601
1785136092.8457601
1785136092.8457601
1785136092.8457601
1785136092.8457601
1785136092.8457601
1785136092.8457601
1785136092.8457601
1785136092.8457601
1785136092.8457601
1785136092.8457601
1785136092.8457601
1785136092.8457601
1785136092.8457601
1785136092.8457601
1785136092.8457601
1785136092.8457601
1785136092.8457601
1785136092.8457601
1785136092.8457601
1785136092.8457601
1785136092.8457601
1785136092.8457601
1785136092.8457601
1785136092.8457601
1785136092.8457601
1785136092.8457601
1785136092.8457601
1785136092.8457601
1785136092.8457601
1785136092.8457601
1785136092.8457601
1785136092.8457601
1785136092.8457601
1785136092.8457601
1785136092.8457601
1785136092.8457601
1785136092.8457601
1785136092.8457601
1785136092.8457601
1785136092.8457601
1785136092.8457601
1785136092.8457601
1785136092.8457601
1785136092.8457601
1785136092.8457601
1785136092.8457601
1785136092.8457601
1785136092.8457601
1785136092.8457601
1785136092.8457601
1785136092.8457601
1785136092.8457601
1785136092.8457601
1785136092.8457601
1785136092.8457601
1785136092.8457601
1785136092.8457601
1785136092.8457601
1785136092.8457601
1785136092.8457601
1785136092.8457601
1785136092.8457601
1785136092.8457601
1785136092.8457601
1785136092.8457601
1785136092.8457601
1785136092.8457601
1785136092.8459821
1785136092.8459821
1785136092.8459821
1785136092.8459821
1785136092.8459821
1785136092.8459821
1785136092.8459821
1785136092.8459821
1785136092.8459821
1785136092.8459821
1785136092.8459821
1785136092.8459821
1785136092.8459821
1785136092.8459821
1785136092.8459821
1785136092.8459821
1785136092.8459821
1785136092.8459821
1785136092.8459821
1785136092.8459821
1785136092.8459821
1785136092.8459821
1785136092.8459821
1785136092.8459821
1785136092.8459821
1785136092.8459821
1785136092.8459821
1785136092.8459821
1785136092.8459821
1785136092.8459821
1785136092.8459821
1785136092.8459821
1785136092.8459821
1785136092.8459821
1785136092.8459821
1785136092.8459821
1785136092.8459821
1785136092.8459821
1785136092.8459821
1785136092.8459821
1785136092.8459821
1785136092.8459821
1785136092.8459821
1785136092.8459821
1785136092.8459821
1785136092.8459821
1785136092.8459821
1785136092.8459821
1785136092.8459821
1785136092.8459821
1785136092.8459821
1785136092.8459821
1785136092.8459821
1785136092.8459821
1785136092.8459821
1785136092.8459821
1785136092.8459821
1785136092.8459821
1785136092.8459821
1785136092.8459821
1785136092.8459821
1785136092.8459821
1785136092.8459821
1785136092.8459821
1785136092.8459821
1785136092.8459821
1785136092.8459821
1785136092.8459821
1785136092.8459821
1785136092.8459821
1785136092.8459821
1785136092.8459821
1785136092.8459821
1785136092.8459821
1785136092.8459821
1785136092.8459821
1785136092.8459821
1785136092.8459821
1785136092.8459821
1785136092.8462040
1785136092.8462040
1785136092.8462040
1785136092.8462040
1785136092.8462040
1785136092.8462040
1785136092.8462040
1785136092.8462040
1785136092.8462040
1785136092.8462040
1785136092.8462040
1785136092.8462040
1785136092.8462040
1785136092.8462040
1785136092.8462040
1785136092.8462040
1785136092.8462040
1785136092.8462040
1785136092.8462040
1785136092.8462040
1785136092.8462040
1785136092.8462040
1785136092.8462040
1785136092.8462040
1785136092.8462040
1785136092.8462040
1785136092.8462040
1785136092.8462040
1785136092.8462040
1785136092.8462040
1785136092.8462040
1785136092.8462040
1785136092.8462040
1785136092.8462040
1785136092.8462040
1785136092.8462040
1785136092.8462040
1785136092.8462040
1785136092.8462040
1785136092.8462040
1785136092.8462040
1785136092.8462040
1785136092.8462040
1785136092.8462040
1785136092.8462040
1785136092.8462040
1785136092.8462040
1785136092.8462040
1785136092.8462040
1785136092.8462040
1785136092.8462040
1785136092.8462040
1785136092.8462040
1785136092.8462040
1785136092.8462040
1785136092.8462040
1785136092.8462040
1785136092.8462040
1785136092.8462040
1785136092.8462040
1785136092.8462040
1785136092.8462040
1785136092.8462040
1785136092.8462040
1785136092.8462040
1785136092.8462040
1785136092.8462040
1785136092.8462040
1785136092.8462040
1785136092.8464260
1785136092.8464260
1785136092.8464260
1785136092.8464260
1785136092.8464260
1785136092.8464260
1785136092.8464260
1785136092.8464260
1785136092.8464260
1785136092.8464260
1785136092.8464260
1785136092.8464260
1785136092.8464260
1785136092.8464260
1785136092.8464260
1785136092.8464260
1785136092.8464260
1785136092.8464260
1785136092.8464260
1785136092.8464260
1785136092.8464260
1785136092.8464260
1785136092.8464260
1785136092.8464260
1785136092.8464260
1785136092.8464260
1785136092.8464260
1785136092.8464260
1785136092.8464260
1785136092.8464260
1785136092.8464260
1785136092.8464260
1785136092.8464260
1785136092.8464260
1785136092.8464260
1785136092.8464260
1785136092.8464260
1785136092.8464260
1785136092.8464260
1785136092.8464260
1785136092.8464260
1785136092.8464260
1785136092.8464260
1785136092.8464260
1785136092.8464260
1785136092.8464260
1785136092.8464260
1785136092.8464260
1785136092.8464260
1785136092.8464260
1785136092.8464260
1785136092.8464260
1785136092.8464260
1785136092.8464260
1785136092.8464260
1785136092.8464260
1785136092.8464260
1785136092.8464260
1785136092.8464260
1785136092.8464260
1785136092.8464260
1785136092.8464260
1785136092.8464260
1785136092.8466480
1785136092.8466480
1785136092.8466480
1785136092.8466480
1785136092.8466480
1785136092.8466480
1785136092.8466480
1785136092.8466480
1785136092.8466480
1785136092.8466480
1785136092.8466480
1785136092.8466480
1785136092.8466480
1785136092.8466480
1785136092.8466480
1785136092.8466480
1785136092.8466480
1785136092.8466480
1785136092.8466480
1785136092.8466480
1785136092.8466480
1785136092.8466480
1785136092.8466480
1785136092.8466480
1785136092.8466480
1785136092.8466480
1785136092.8466480
1785136092.8466480
1785136092.8466480
1785136092.8466480
1785136092.8466480
1785136092.8466480
1785136092.8466480
1785136092.8466480
1785136092.8466480
1785136092.8466480
1785136092.8466480
1785136092.8466480
1785136092.8466480
1785136092.8466480
1785136092.8466480
1785136092.8466480
1785136092.8466480
1785136092.8466480
1785136092.8466480
1785136092.8466480
1785136092.8466480
1785136092.8466480
1785136092.8466480
1785136092.8466480
1785136092.8466480
1785136092.8466480
1785136092.8466480
1785136092.8466480
1785136092.8466480
1785136092.8466480
1785136092.8466480
1785136092.8468709
1785136092.8468709
1785136092.8468709
1785136092.8468709
1785136092.8468709
1785136092.8468709
1785136092.8468709
1785136092.8468709
1785136092.8468709
1785136092.8468709
1785136092.8468709
1785136092.8468709
1785136092.8468709
1785136092.8468709
1785136092.8468709
1785136092.8468709
1785136092.8468709
1785136092.8468709
1785136092.8468709
1785136092.8468709
1785136092.8468709
1785136092.8468709
1785136092.8468709
1785136092.8468709
1785136092.8468709
1785136092.8468709
1785136092.8468709
1785136092.8468709
1785136092.8468709
1785136092.8468709
1785136092.8468709
1785136092.8468709
1785136092.8468709
1785136092.8468709
1785136092.8468709
1785136092.8468709
1785136092.8468709
1785136092.8468709
1785136092.8468709
1785136092.8468709
1785136092.8468709
1785136092.8468709
1785136092.8468709
1785136092.8468709
1785136092.8468709
1785136092.8468709
1785136092.8468709
1785136092.8468709
1785136092.8468709
1785136092.8468709
1785136092.8468709
1785136092.8468709
1785136092.8468709
1785136092.8470931
1785136092.8470931
1785136092.8470931
1785136092.8470931
1785136092.8470931
1785136092.8470931
1785136092.8470931
1785136092.8470931
1785136092.8470931
1785136092.8470931
1785136092.8470931
1785136092.8470931
1785136092.8470931
1785136092.8470931
1785136092.8470931
1785136092.8470931
1785136092.8470931
1785136092.8470931
1785136092.8470931
1785136092.8470931
1785136092.8470931
1785136092.8470931
1785136092.8470931
1785136092.8470931
1785136092.8470931
1785136092.8470931
1785136092.8470931
1785136092.8470931
1785136092.8470931
1785136092.8470931
1785136092.8470931
1785136092.8470931
1785136092.8470931
1785136092.8470931
1785136092.8470931
1785136092.8470931
1785136092.8470931
1785136092.8470931
1785136092.8470931
1785136092.8470931
1785136092.8470931
1785136092.8470931
1785136092.8470931
1785136092.8470931
1785136092.8470931
1785136092.8470931
1785136092.8470931
1785136092.8470931
1785136092.8470931
1785136092.8470931
1785136092.8470931
1785136092.8470931
1785136092.8470931
1785136092.8470931
1785136092.8473151
1785136092.8473151
1785136092.8473151
1785136092.8473151
1785136092.8473151
1785136092.8473151
1785136092.8473151
1785136092.8473151
1785136092.8473151
1785136092.8473151
1785136092.8473151
1785136092.8473151
1785136092.8473151
1785136092.8473151
1785136092.8473151
1785136092.8473151
1785136092.8473151
1785136092.8473151
1785136092.8473151
1785136092.8473151
1785136092.8473151
1785136092.8473151
1785136092.8473151
1785136092.8473151
1785136092.8473151
1785136092.8473151
1785136092.8473151
1785136092.8473151
1785136092.8473151
1785136092.8473151
1785136092.8473151
1785136092.8473151
1785136092.8473151
1785136092.8473151
1785136092.8473151
1785136092.8473151
1785136092.8473151
1785136092.8473151
1785136092.8473151
1785136092.8473151
1785136092.8473151
1785136092.8473151
1785136092.8473151
1785136092.8473151
1785136092.8473151
1785136092.8473151
1785136092.8473151
1785136092.8473151
1785136092.8473151
1785136092.8473151
1785136092.8473151
1785136092.8473151
1785136092.8473151
1785136092.8473151
1785136092.8473151
1785136092.8473151
1785136092.8473151
1785136092.8473151
1785136092.8473151
1785136092.8473151
1785136092.8473151
1785136092.8473151
1785136092.8473151
1785136092.8473151
1785136092.8473151
1785136092.8473151
1785136092.8473151
1785136092.8473151
1785136092.8473151
1785136092.8473151
1785136092.8473151
1785136092.8473151
1785136092.8473151
1785136092.8473151
1785136092.8473151
1785136092.8473151
1785136092.8473151
1785136092.8473151
1785136092.8475370
1785136092.8475370
1785136092.8475370
1785136092.8475370
1785136092.8475370
1785136092.8475370
1785136092.8475370
1785136092.8475370
1785136092.8475370
1785136092.8475370
1785136092.8475370
1785136092.8475370
1785136092.8475370
1785136092.8475370
1785136092.8475370
1785136092.8475370
1785136092.8475370
1785136092.8475370
1785136092.8475370
1785136092.8475370
1785136092.8475370
1785136092.8475370
1785136092.8475370
1785136092.8475370
1785136092.8475370
1785136092.8475370
1785136092.8475370
1785136092.8475370
1785136092.8475370
1785136092.8475370
1785136092.8475370
1785136092.8475370
1785136092.8475370
1785136092.8475370
1785136092.8475370
1785136092.8475370
1785136092.8475370
1785136092.8475370
1785136092.8475370
1785136092.8475370
1785136092.8475370
1785136092.8475370
1785136092.8475370
1785136092.8475370
1785136092.8475370
1785136092.8475370
1785136092.8475370
1785136092.8475370
1785136092.8475370
1785136092.8475370
1785136092.8475370
1785136092.8475370
1785136092.8475370
1785136092.8475370
1785136092.8475370
1785136092.8475370
1785136092.8475370
1785136092.8475370
1785136092.8475370
1785136092.8475370
1785136092.8475370
1785136092.8475370
1785136092.8475370
1785136092.8475370
1785136092.8475370
1785136092.8475370
1785136092.8475370
1785136092.8475370
1785136092.8475370
1785136092.8475370
1785136092.8475370
1785136092.8475370
1785136092.8475370
1785136092.8475370
1785136092.8475370
1785136092.8475370
1785136092.8475370
1785136092.8477600
1785136092.8477600
1785136092.8477600
1785136092.8477600
1785136092.8477600
1785136092.8477600
1785136092.8477600
1785136092.8477600
1785136092.8477600
1785136092.8477600
1785136092.8477600
1785136092.8477600
1785136092.8477600
1785136092.8477600
1785136092.8477600
1785136092.8477600
1785136092.8477600
1785136092.8477600
1785136092.8477600
1785136092.8477600
1785136092.8477600
1785136092.8477600
1785136092.8477600
1785136092.8477600
1785136092.8477600
1785136092.8477600
1785136092.8477600
1785136092.8477600
1785136092.8477600
1785136092.8477600
1785136092.8477600
1785136092.8477600
1785136092.8477600
1785136092.8477600
1785136092.8477600
1785136092.8477600
1785136092.8477600
1785136092.8477600
1785136092.8477600
1785136092.8477600
1785136092.8477600
1785136092.8477600
1785136092.8477600
1785136092.8477600
1785136092.8477600
1785136092.8477600
1785136092.8477600
1785136092.8477600
1785136092.8477600
1785136092.8477600
1785136092.8477600
1785136092.8477600
1785136092.8477600
1785136092.8477600
1785136092.8477600
1785136092.8477600
1785136092.8477600
1785136092.8477600
1785136092.8477600
1785136092.8479810
1785136092.8479810
1785136092.8479810
1785136092.8479810
1785136092.8479810
1785136092.8479810
1785136092.8479810
1785136092.8479810
1785136092.8479810
1785136092.8479810
1785136092.8479810
1785136092.8479810
1785136092.8479810
1785136092.8479810
1785136092.8479810
1785136092.8479810
1785136092.8479810
1785136092.8479810
1785136092.8479810
1785136092.8479810
1785136092.8479810
1785136092.8479810
1785136092.8479810
1785136092.8479810
1785136092.8479810
1785136092.8479810
1785136092.8479810
1785136092.8479810
1785136092.8479810
1785136092.8479810
1785136092.8479810
1785136092.8479810
1785136092.8479810
1785136092.8479810
1785136092.8479810
1785136092.8479810
1785136092.8479810
1785136092.8479810
1785136092.8479810
1785136092.8479810
1785136092.8479810
1785136092.8479810
1785136092.8479810
1785136092.8479810
1785136092.8479810
1785136092.8479810
1785136092.8479810
1785136092.8479810
1785136092.8479810
1785136092.8479810
1785136092.8479810
1785136092.8479810
1785136092.8479810
1785136092.8479810
1785136092.8479810
1785136092.8479810
1785136092.8479810
1785136092.8479810
1785136092.8479810
1785136092.8479810
1785136092.8479810
1785136092.8479810
1785136092.8479810
1785136092.8479810
1785136092.8479810
1785136092.8482039
1785136092.8482039
1785136092.8482039
1785136092.8482039
1785136092.8482039
1785136092.8482039
1785136092.8482039
1785136092.8482039
1785136092.8482039
1785136092.8482039
1785136092.8482039
1785136092.8482039
1785136092.8482039
1785136092.8482039
1785136092.8482039
1785136092.8482039
1785136092.8482039
1785136092.8482039
1785136092.8482039
1785136092.8482039
1785136092.8482039
1785136092.8482039
1785136092.8482039
1785136092.8482039
1785136092.8482039
1785136092.8482039
1785136092.8482039
1785136092.8482039
1785136092.8482039
1785136092.8482039
1785136092.8482039
1785136092.8482039
1785136092.8482039
1785136092.8482039
1785136092.8482039
1785136092.8482039
1785136092.8482039
1785136092.8482039
1785136092.8482039
1785136092.8482039
1785136092.8482039
1785136092.8482039
1785136092.8482039
1785136092.8482039
1785136092.8482039
1785136092.8482039
1785136092.8482039
1785136092.8482039
1785136092.8482039
1785136092.8482039
1785136092.8482039
1785136092.8482039
1785136092.8482039
1785136092.8482039
1785136092.8482039
1785136092.8482039
1785136092.8482039
1785136092.8482039
1785136092.8482039
1785136092.8482039
1785136092.8482039
1785136092.8482039
1785136092.8482039
1785136092.8482039
1785136092.8482039
1785136092.8482039
1785136092.8482039
1785136092.8482039
1785136092.8482039
1785136092.8482039
1785136092.8482039
1785136092.8482039
1785136092.8482039
1785136092.8482039
1785136092.8482039
1785136092.8482039
1785136092.8482039
1785136092.8484261
1785136092.8484261
1785136092.8484261
1785136092.8484261
1785136092.8484261
1785136092.8484261
1785136092.8484261
1785136092.8484261
1785136092.8484261
1785136092.8484261
1785136092.8484261
1785136092.8484261
1785136092.8484261
1785136092.8484261
1785136092.8484261
1785136092.8484261
1785136092.8484261
1785136092.8484261
1785136092.8484261
1785136092.8484261
1785136092.8484261
1785136092.8484261
1785136092.8484261
1785136092.8484261
1785136092.8484261
1785136092.8484261
1785136092.8484261
1785136092.8484261
1785136092.8484261
1785136092.8484261
1785136092.8484261
1785136092.8484261
1785136092.8484261
1785136092.8484261
1785136092.8484261
1785136092.8484261
1785136092.8484261
1785136092.8484261
1785136092.8484261
1785136092.8484261
1785136092.8484261
1785136092.8484261
1785136092.8484261
1785136092.8484261
1785136092.8484261
1785136092.8484261
1785136092.8484261
1785136092.8484261
1785136092.8484261
1785136092.8484261
1785136092.8484261
1785136092.8484261
1785136092.8484261
1785136092.8484261
1785136092.8484261
1785136092.8484261
1785136092.8484261
1785136092.8484261
1785136092.8484261
1785136092.8484261
1785136092.8484261
1785136092.8484261
1785136092.8484261
1785136092.8484261
1785136092.8484261
1785136092.8484261
1785136092.8484261
1785136092.8484261
1785136092.8486481
1785136092.8486481
1785136092.8486481
1785136092.8486481
1785136092.8486481
1785136092.8486481
1785136092.8486481
1785136092.8486481
1785136092.8486481
1785136092.8486481
1785136092.8486481
1785136092.8486481
1785136092.8486481
1785136092.8486481
1785136092.8486481
1785136092.8486481
1785136092.8486481
1785136092.8486481
1785136092.8486481
1785136092.8486481
1785136092.8486481
1785136092.8486481
1785136092.8486481
1785136092.8486481
1785136092.8486481
1785136092.8486481
1785136092.8486481
1785136092.8486481
1785136092.8486481
1785136092.8486481
1785136092.8486481
1785136092.8486481
1785136092.8486481
1785136092.8486481
1785136092.8486481
1785136092.8486481
1785136092.8486481
1785136092.8486481
1785136092.8486481
1785136092.8486481
1785136092.8486481
1785136092.8486481
1785136092.8486481
1785136092.8486481
1785136092.8486481
1785136092.8486481
1785136092.8486481
1785136092.8486481
1785136092.8486481
1785136092.8486481
1785136092.8486481
1785136092.8486481
1785136092.8486481
1785136092.8486481
1785136092.8486481
1785136092.8486481
1785136092.8486481
1785136092.8486481
1785136092.8486481
1785136092.8486481
1785136092.8486481
1785136092.8486481
1785136092.8486481
1785136092.8486481
1785136092.8486481
1785136092.8488700
1785136092.8488700
1785136092.8488700
1785136092.8488700
1785136092.8488700
1785136092.8488700
1785136092.8488700
1785136092.8488700
1785136092.8488700
1785136092.8488700
1785136092.8488700
1785136092.8488700
1785136092.8488700
1785136092.8488700
1785136092.8488700
1785136092.8488700
1785136092.8488700
1785136092.8488700
1785136092.8488700
1785136092.8488700
1785136092.8488700
1785136092.8488700
1785136092.8488700
1785136092.8488700
1785136092.8488700
1785136092.8488700
1785136092.8488700
1785136092.8488700
1785136092.8488700
1785136092.8488700
1785136092.8488700
1785136092.8488700
1785136092.8488700
1785136092.8488700
1785136092.8488700
1785136092.8488700
1785136092.8488700
1785136092.8488700
1785136092.8488700
1785136092.8488700
1785136092.8488700
1785136092.8488700
1785136092.8488700
1785136092.8488700
1785136092.8488700
1785136092.8488700
1785136092.8488700
1785136092.8488700
1785136092.8488700
1785136092.8488700
1785136092.8488700
1785136092.8488700
1785136092.8488700
1785136092.8488700
1785136092.8488700
1785136092.8488700
1785136092.8488700
1785136092.8488700
1785136092.8488700
1785136092.8488700
1785136092.8488700
1785136092.8488700
1785136092.8488700
1785136092.8490930
1785136092.8490930
1785136092.8490930
1785136092.8490930
1785136092.8490930
1785136092.8490930
1785136092.8490930
1785136092.8490930
1785136092.8490930
1785136092.8490930
1785136092.8490930
1785136092.8490930
1785136092.8490930
1785136092.8490930
1785136092.8490930
1785136092.8490930
1785136092.8490930
1785136092.8490930
1785136092.8490930
1785136092.8490930
1785136092.8490930
1785136092.8490930
1785136092.8490930
1785136092.8490930
1785136092.8490930
1785136092.8490930
1785136092.8490930
1785136092.8490930
1785136092.8490930
1785136092.8490930
1785136092.8490930
1785136092.8490930
1785136092.8490930
1785136092.8490930
1785136092.8490930
1785136092.8490930
1785136092.8490930
1785136092.8490930
1785136092.8490930
1785136092.8490930
1785136092.8490930
1785136092.8490930
1785136092.8490930
1785136092.8490930
1785136092.8490930
1785136092.8490930
1785136092.8490930
1785136092.8490930
1785136092.8490930
1785136092.8490930
1785136092.8490930
1785136092.8490930
1785136092.8490930
1785136092.8490930
1785136092.8490930
1785136092.8490930
1785136092.8490930
1785136092.8490930
1785136092.8490930
1785136092.8490930
1785136092.8490930
1785136092.8490930
1785136092.8490930
1785136092.8490930
1785136092.8493149
1785136092.8493149
1785136092.8493149
1785136092.8493149
1785136092.8493149
1785136092.8493149
1785136092.8493149
1785136092.8493149
1785136092.8493149
1785136092.8493149
1785136092.8493149
1785136092.8493149
1785136092.8493149
1785136092.8493149
1785136092.8493149
1785136092.8493149
1785136092.8493149
1785136092.8493149
1785136092.8493149
1785136092.8493149
1785136092.8493149
1785136092.8493149
1785136092.8493149
1785136092.8493149
1785136092.8493149
1785136092.8493149
1785136092.8493149
1785136092.8493149
1785136092.8493149
1785136092.8493149
1785136092.8493149
1785136092.8493149
1785136092.8493149
1785136092.8493149
1785136092.8493149
1785136092.8493149
1785136092.8493149
1785136092.8493149
1785136092.8493149
1785136092.8493149
1785136092.8493149
1785136092.8493149
1785136092.8493149
1785136092.8493149
1785136092.8493149
1785136092.8493149
1785136092.8493149
1785136092.8493149
1785136092.8493149
1785136092.8493149
1785136092.8493149
1785136092.8493149
1785136092.8493149
1785136092.8493149
1785136092.8493149
1785136092.8493149
1785136092.8493149
1785136092.8493149
1785136092.8493149
1785136092.8493149
1785136092.8493149
1785136092.8493149
1785136092.8495369
1785136092.8495369
1785136092.8495369
1785136092.8495369
1785136092.8495369
1785136092.8495369
1785136092.8495369
1785136092.8495369
1785136092.8495369
1785136092.8495369
1785136092.8495369
1785136092.8495369
1785136092.8495369
1785136092.8495369
1785136092.8495369
1785136092.8495369
1785136092.8495369
1785136092.8495369
1785136092.8495369
1785136092.8495369
1785136092.8495369
1785136092.8495369
1785136092.8495369
1785136092.8495369
1785136092.8495369
1785136092.8495369
1785136092.8495369
1785136092.8495369
1785136092.8495369
1785136092.8495369
1785136092.8495369
1785136092.8495369
1785136092.8495369
1785136092.8495369
1785136092.8495369
1785136092.8495369
1785136092.8495369
1785136092.8495369
1785136092.8495369
1785136092.8495369
1785136092.8495369
1785136092.8495369
1785136092.8495369
1785136092.8495369
1785136092.8495369
1785136092.8495369
1785136092.8495369
1785136092.8495369
1785136092.8495369
1785136092.8495369
1785136092.8495369
1785136092.8495369
1785136092.8495369
1785136092.8495369
1785136092.8495369
1785136092.8495369
1785136092.8495369
1785136092.8495369
1785136092.8495369
1785136092.8495369
1785136092.8495369
1785136092.8495369
1785136092.8495369
1785136092.8495369
1785136092.8497591
1785136092.8497591
1785136092.8497591
1785136092.8497591
1785136092.8497591
1785136092.8497591
1785136092.8497591
1785136092.8497591
1785136092.8497591
1785136092.8497591
1785136092.8497591
1785136092.8497591
1785136092.8497591
1785136092.8497591
1785136092.8497591
1785136092.8497591
1785136092.8497591
1785136092.8497591
1785136092.8497591
1785136092.8497591
1785136092.8497591
1785136092.8497591
1785136092.8497591
1785136092.8497591
1785136092.8497591
1785136092.8497591
1785136092.8497591
1785136092.8497591
1785136092.8497591
1785136092.8497591
1785136092.8497591
1785136092.8497591
1785136092.8497591
1785136092.8497591
1785136092.8497591
1785136092.8497591
1785136092.8497591
1785136092.8497591
1785136092.8497591
1785136092.8497591
1785136092.8497591
1785136092.8497591
1785136092.8497591
1785136092.8497591
1785136092.8497591
1785136092.8497591
1785136092.8497591
1785136092.8497591
1785136092.8497591
1785136092.8497591
1785136092.8497591
1785136092.8497591
1785136092.8497591
1785136092.8497591
1785136092.8497591
1785136092.8497591
1785136092.8497591
1785136092.8497591
1785136092.8497591
1785136092.8497591
1785136092.8499811
1785136092.8499811
1785136092.8499811
1785136092.8499811
1785136092.8499811
1785136092.8499811
1785136092.8499811
1785136092.8499811
1785136092.8499811
1785136092.8499811
1785136092.8499811
1785136092.8499811
1785136092.8499811
1785136092.8499811
1785136092.8499811
1785136092.8499811
1785136092.8499811
1785136092.8499811
1785136092.8499811
1785136092.8499811
1785136092.8499811
1785136092.8499811
1785136092.8499811
1785136092.8499811
1785136092.8499811
1785136092.8499811
1785136092.8499811
1785136092.8499811
1785136092.8499811
1785136092.8499811
1785136092.8499811
1785136092.8499811
1785136092.8499811
1785136092.8499811
1785136092.8499811
1785136092.8499811
1785136092.8499811
1785136092.8499811
1785136092.8499811
1785136092.8499811
1785136092.8499811
1785136092.8499811
1785136092.8499811
1785136092.8499811
1785136092.8499811
1785136092.8499811
1785136092.8499811
1785136092.8499811
1785136092.8499811
1785136092.8499811
1785136092.8499811
1785136092.8499811
1785136092.8499811
1785136092.8499811
1785136092.8499811
1785136092.8499811
1785136092.8499811
1785136092.8499811
1785136092.8499811
1785136092.8499811
1785136092.8499811
1785136092.8499811
1785136092.8499811
1785136092.8502040
1785136092.8502040
1785136092.8502040
1785136092.8502040
1785136092.8502040
1785136092.8502040
1785136092.8502040
1785136092.8502040
1785136092.8502040
1785136092.8502040
1785136092.8502040
1785136092.8502040
1785136092.8502040
1785136092.8502040
1785136092.8502040
1785136092.8502040
1785136092.8502040
1785136092.8502040
1785136092.8502040
1785136092.8502040
1785136092.8502040
1785136092.8502040
1785136092.8502040
1785136092.8502040
1785136092.8502040
1785136092.8502040
1785136092.8502040
1785136092.8502040
1785136092.8502040
1785136092.8502040
1785136092.8502040
1785136092.8502040
1785136092.8502040
1785136092.8502040
1785136092.8502040
1785136092.8502040
1785136092.8502040
1785136092.8502040
1785136092.8502040
1785136092.8502040
1785136092.8502040
1785136092.8502040
1785136092.8502040
1785136092.8502040
1785136092.8502040
1785136092.8502040
1785136092.8502040
1785136092.8502040
1785136092.8502040
1785136092.8502040
1785136092.8502040
1785136092.8502040
1785136092.8502040
1785136092.8502040
1785136092.8502040
1785136092.8502040
1785136092.8502040
1785136092.8502040
1785136092.8502040
1785136092.8502040
1785136092.8502040
1785136092.8502040
1785136092.8502040
1785136092.8502040
1785136092.8502040
1785136092.8502040
1785136092.8502040
1785136092.8502040
1785136092.8502040
1785136092.8502040
1785136092.8502040
1785136092.8502040
1785136092.8502040
1785136092.8502040
1785136092.8502040
1785136092.8502040
1785136092.8502040
1785136092.8502040
1785136092.8502040
1785136092.8504260
1785136092.8504260
1785136092.8504260
1785136092.8504260
1785136092.8504260
1785136092.8504260
1785136092.8504260
1785136092.8504260
1785136092.8504260
1785136092.8504260
1785136092.8504260
1785136092.8504260
1785136092.8504260
1785136092.8504260
1785136092.8504260
1785136092.8504260
1785136092.8504260
1785136092.8504260
1785136092.8504260
1785136092.8504260
1785136092.8504260
1785136092.8504260
1785136092.8504260
1785136092.8504260
1785136092.8504260
1785136092.8504260
1785136092.8504260
1785136092.8504260
1785136092.8504260
1785136092.8504260
1785136092.8504260
1785136092.8504260
1785136092.8504260
1785136092.8504260
1785136092.8504260
1785136092.8504260
1785136092.8504260
1785136092.8504260
1785136092.8504260
1785136092.8504260
1785136092.8504260
1785136092.8504260
1785136092.8504260
1785136092.8504260
1785136092.8504260
1785136092.8504260
1785136092.8504260
1785136092.8504260
1785136092.8504260
1785136092.8504260
1785136092.8504260
1785136092.8504260
1785136092.8504260
1785136092.8504260
1785136092.8504260
1785136092.8504260
1785136092.8504260
1785136092.8504260
1785136092.8504260
1785136092.8504260
1785136092.8504260
1785136092.8504260
1785136092.8504260
1785136092.8504260
1785136092.8504260
1785136092.8504260
1785136092.8504260
1785136092.8504260
1785136092.8504260
1785136092.8504260
1785136092.8504260
1785136092.8504260
1785136092.8504260
1785136092.8504260
1785136092.8504260
1785136092.8504260
1785136092.8504260
1785136092.8504260
1785136092.8504260
1785136092.8504260
1785136092.8506479
1785136092.8506479
1785136092.8506479
1785136092.8506479
1785136092.8506479
1785136092.8506479
1785136092.8506479
1785136092.8506479
1785136092.8506479
1785136092.8506479
1785136092.8506479
1785136092.8506479
1785136092.8506479
1785136092.8506479
1785136092.8506479
1785136092.8506479
1785136092.8506479
1785136092.8506479
1785136092.8506479
1785136092.8506479
1785136092.8506479
1785136092.8506479
1785136092.8506479
1785136092.8506479
1785136092.8506479
1785136092.8506479
1785136092.8506479
1785136092.8506479
1785136092.8506479
1785136092.8506479
1785136092.8506479
1785136092.8506479
1785136092.8506479
1785136092.8506479
1785136092.8506479
1785136092.8506479
1785136092.8506479
1785136092.8506479
1785136092.8506479
1785136092.8506479
1785136092.8506479
1785136092.8506479
1785136092.8506479
1785136092.8506479
1785136092.8506479
1785136092.8506479
1785136092.8506479
1785136092.8506479
1785136092.8506479
1785136092.8506479
1785136092.8506479
1785136092.8506479
1785136092.8506479
1785136092.8506479
1785136092.8506479
1785136092.8506479
1785136092.8506479
1785136092.8506479
1785136092.8506479
1785136092.8506479
1785136092.8506479
1785136092.8506479
1785136092.8506479
1785136092.8506479
1785136092.8506479
1785136092.8506479
1785136092.8506479
1785136092.8506479
1785136092.8506479
1785136092.8508699
1785136092.8508699
1785136092.8508699
1785136092.8508699
1785136092.8508699
1785136092.8508699
1785136092.8508699
1785136092.8508699
1785136092.8508699
1785136092.8508699
1785136092.8508699
1785136092.8508699
1785136092.8508699
1785136092.8508699
1785136092.8508699
1785136092.8508699
1785136092.8508699
1785136092.8508699
1785136092.8508699
1785136092.8508699
1785136092.8508699
1785136092.8508699
1785136092.8508699
1785136092.8508699
1785136092.8508699
1785136092.8508699
1785136092.8508699
1785136092.8508699
1785136092.8508699
1785136092.8508699
1785136092.8508699
1785136092.8508699
1785136092.8508699
1785136092.8508699
1785136092.8508699
1785136092.8508699
1785136092.8508699
1785136092.8508699
1785136092.8508699
1785136092.8508699
1785136092.8508699
1785136092.8508699
1785136092.8508699
1785136092.8508699
1785136092.8508699
1785136092.8508699
1785136092.8508699
1785136092.8508699
1785136092.8508699
1785136092.8508699
1785136092.8508699
1785136092.8508699
1785136092.8508699
1785136092.8508699
1785136092.8508699
1785136092.8508699
1785136092.8508699
1785136092.8508699
1785136092.8508699
1785136092.8508699
1785136092.8508699
1785136092.8508699
1785136092.8508699
1785136092.8508699
1785136092.8508699
1785136092.8508699
1785136092.8508699
1785136092.8508699
1785136092.8508699
1785136092.8510921
1785136092.8510921
1785136092.8510921
1785136092.8510921
1785136092.8510921
1785136092.8510921
1785136092.8510921
1785136092.8510921
1785136092.8510921
1785136092.8510921
1785136092.8510921
1785136092.8510921
1785136092.8510921
1785136092.8510921
1785136092.8510921
1785136092.8510921
1785136092.8510921
1785136092.8510921
1785136092.8510921
1785136092.8510921
1785136092.8510921
1785136092.8510921
1785136092.8510921
1785136092.8510921
1785136092.8510921
1785136092.8510921
1785136092.8510921
1785136092.8510921
1785136092.8510921
1785136092.8510921
1785136092.8510921
1785136092.8510921
1785136092.8510921
1785136092.8510921
1785136092.8510921
1785136092.8510921
1785136092.8510921
1785136092.8510921
1785136092.8510921
1785136092.8510921
1785136092.8510921
1785136092.8510921
1785136092.8510921
1785136092.8510921
1785136092.8510921
1785136092.8510921
1785136092.8510921
1785136092.8510921
1785136092.8510921
1785136092.8510921
1785136092.8510921
1785136092.8510921
1785136092.8510921
1785136092.8510921
1785136092.8510921
1785136092.8510921
1785136092.8510921
1785136092.8510921
1785136092.8510921
1785136092.8510921
1785136092.8510921
1785136092.8510921
1785136092.8510921
1785136092.8510921
1785136092.8510921
1785136092.8510921
1785136092.8510921
1785136092.8510921
1785136092.8513141
1785136092.8513141
1785136092.8513141
1785136092.8513141
1785136092.8513141
1785136092.8513141
1785136092.8513141
1785136092.8513141
1785136092.8513141
1785136092.8513141
1785136092.8513141
1785136092.8513141
1785136092.8513141
1785136092.8513141
1785136092.8513141
1785136092.8513141
1785136092.8513141
1785136092.8513141
1785136092.8513141
1785136092.8513141
1785136092.8513141
1785136092.8513141
1785136092.8513141
1785136092.8513141
1785136092.8513141
1785136092.8513141
1785136092.8513141
1785136092.8513141
1785136092.8513141
1785136092.8513141
1785136092.8513141
1785136092.8513141
1785136092.8513141
1785136092.8513141
1785136092.8513141
1785136092.8513141
1785136092.8513141
1785136092.8513141
1785136092.8513141
1785136092.8513141
1785136092.8513141
1785136092.8513141
1785136092.8513141
1785136092.8513141
1785136092.8513141
1785136092.8513141
1785136092.8513141
1785136092.8513141
1785136092.8513141
1785136092.8513141
1785136092.8513141
1785136092.8513141
1785136092.8513141
1785136092.8513141
1785136092.8513141
1785136092.8513141
1785136092.8513141
1785136092.8513141
1785136092.8513141
1785136092.8513141
1785136092.8513141
1785136092.8513141
1785136092.8513141
1785136092.8513141
1785136092.8513141
1785136092.8513141
1785136092.8513141
1785136092.8513141
1785136092.8513141
1785136092.8513141
1785136092.8515370
1785136092.8515370
1785136092.8515370
1785136092.8515370
1785136092.8515370
1785136092.8515370
1785136092.8515370
1785136092.8515370
1785136092.8515370
1785136092.8515370
1785136092.8515370
1785136092.8515370
1785136092.8515370
1785136092.8515370
1785136092.8515370
1785136092.8515370
1785136092.8515370
1785136092.8515370
1785136092.8515370
1785136092.8515370
1785136092.8515370
1785136092.8515370
1785136092.8515370
1785136092.8515370
1785136092.8515370
1785136092.8515370
1785136092.8515370
1785136092.8515370
1785136092.8515370
1785136092.8515370
1785136092.8515370
1785136092.8515370
1785136092.8515370
1785136092.8515370
1785136092.8515370
1785136092.8515370
1785136092.8515370
1785136092.8515370
1785136092.8515370
1785136092.8515370
1785136092.8515370
1785136092.8515370
1785136092.8515370
1785136092.8515370
1785136092.8515370
1785136092.8515370
1785136092.8515370
1785136092.8515370
1785136092.8515370
1785136092.8515370
1785136092.8515370
1785136092.8515370
1785136092.8515370
1785136092.8515370
1785136092.8515370
1785136092.8515370
1785136092.8515370
1785136092.8515370
1785136092.8515370
1785136092.8515370
1785136092.8515370
1785136092.8515370
1785136092.8515370
1785136092.8515370
1785136092.8515370
1785136092.8515370
1785136092.8515370
1785136092.8515370
1785136092.8515370
1785136092.8515370
1785136092.8515370
1785136092.8515370
1785136092.8515370
1785136092.8515370
1785136092.8515370
1785136092.8515370
1785136092.8517590
1785136092.8517590
1785136092.8517590
1785136092.8517590
1785136092.8517590
1785136092.8517590
1785136092.8517590
1785136092.8517590
1785136092.8517590
1785136092.8517590
1785136092.8517590
1785136092.8517590
1785136092.8517590
1785136092.8517590
1785136092.8517590
1785136092.8517590
1785136092.8517590
1785136092.8517590
1785136092.8517590
1785136092.8517590
1785136092.8517590
1785136092.8517590
1785136092.8517590
1785136092.8517590
1785136092.8517590
1785136092.8517590
1785136092.8517590
1785136092.8517590
1785136092.8517590
1785136092.8517590
1785136092.8517590
1785136092.8517590
1785136092.8517590
1785136092.8517590
1785136092.8517590
1785136092.8517590
1785136092.8517590
1785136092.8517590
1785136092.8517590
1785136092.8517590
1785136092.8517590
1785136092.8517590
1785136092.8517590
1785136092.8517590
1785136092.8517590
1785136092.8517590
1785136092.8517590
1785136092.8517590
1785136092.8517590
1785136092.8517590
1785136092.8517590
1785136092.8517590
1785136092.8517590
1785136092.8517590
1785136092.8517590
1785136092.8517590
1785136092.8517590
1785136092.8517590
1785136092.8517590
1785136092.8517590
1785136092.8517590
1785136092.8517590
1785136092.8517590
1785136092.8517590
1785136092.8517590
1785136092.8517590
1785136092.8517590
1785136092.8517590
1785136092.8517590
1785136092.8519809
1785136092.8519809
1785136092.8519809
1785136092.8519809
1785136092.8519809
1785136092.8519809
1785136092.8519809
1785136092.8519809
1785136092.8519809
1785136092.8519809
1785136092.8519809
1785136092.8519809
1785136092.8519809
1785136092.8519809
1785136092.8519809
1785136092.8519809
1785136092.8519809
1785136092.8519809
1785136092.8519809
1785136092.8519809
1785136092.8519809
1785136092.8519809
1785136092.8519809
1785136092.8519809
1785136092.8519809
1785136092.8519809
1785136092.8519809
1785136092.8519809
1785136092.8519809
1785136092.8519809
1785136092.8519809
1785136092.8519809
1785136092.8519809
1785136092.8519809
1785136092.8519809
1785136092.8519809
1785136092.8519809
1785136092.8519809
1785136092.8519809
1785136092.8519809
1785136092.8519809
1785136092.8519809
1785136092.8519809
1785136092.8519809
1785136092.8519809
1785136092.8519809
1785136092.8519809
1785136092.8519809
1785136092.8519809
1785136092.8519809
1785136092.8519809
1785136092.8519809
1785136092.8519809
1785136092.8519809
1785136092.8519809
1785136092.8519809
1785136092.8519809
1785136092.8519809
1785136092.8519809
1785136092.8519809
1785136092.8519809
1785136092.8519809
1785136092.8519809
1785136092.8519809
1785136092.8519809
1785136092.8519809
1785136092.8519809
1785136092.8519809
1785136092.8519809
1785136092.8519809
1785136092.8519809
1785136092.8519809
1785136092.8519809
1785136092.8522029
1785136092.8522029
1785136092.8522029
1785136092.8522029
1785136092.8522029
1785136092.8522029
1785136092.8522029
1785136092.8522029
1785136092.8522029
1785136092.8522029
1785136092.8522029
1785136092.8522029
1785136092.8522029
1785136092.8522029
1785136092.8522029
1785136092.8522029
1785136092.8522029
1785136092.8522029
1785136092.8522029
1785136092.8522029
1785136092.8522029
1785136092.8522029
1785136092.8522029
1785136092.8522029
1785136092.8522029
1785136092.8522029
1785136092.8522029
1785136092.8522029
1785136092.8522029
1785136092.8522029
1785136092.8522029
1785136092.8522029
1785136092.8522029
1785136092.8522029
1785136092.8522029
1785136092.8522029
1785136092.8522029
1785136092.8522029
1785136092.8522029
1785136092.8522029
1785136092.8522029
1785136092.8522029
1785136092.8522029
1785136092.8522029
1785136092.8522029
1785136092.8522029
1785136092.8522029
1785136092.8522029
1785136092.8522029
1785136092.8522029
1785136092.8522029
1785136092.8522029
1785136092.8522029
1785136092.8522029
1785136092.8522029
1785136092.8522029
1785136092.8522029
1785136092.8522029
1785136092.8522029
1785136092.8522029
1785136092.8522029
1785136092.8522029
1785136092.8522029
1785136092.8522029
1785136092.8522029
1785136092.8522029
1785136092.8522029
1785136092.8522029
1785136092.8522029
1785136092.8522029
1785136092.8522029
1785136092.8522029
1785136092.8522029
1785136092.8522029
1785136092.8522029
1785136092.8522029
1785136092.8522029
1785136092.8524251
1785136092.8524251
1785136092.8524251
1785136092.8524251
1785136092.8524251
1785136092.8524251
1785136092.8524251
1785136092.8524251
1785136092.8524251
1785136092.8524251
1785136092.8524251
1785136092.8524251
1785136092.8524251
1785136092.8524251
1785136092.8524251
1785136092.8524251
1785136092.8524251
1785136092.8524251
1785136092.8524251
1785136092.8524251
1785136092.8524251
1785136092.8524251
1785136092.8524251
1785136092.8524251
1785136092.8524251
1785136092.8524251
1785136092.8524251
1785136092.8524251
1785136092.8524251
1785136092.8524251
1785136092.8524251
1785136092.8524251
1785136092.8524251
1785136092.8524251
1785136092.8524251
1785136092.8524251
1785136092.8524251
1785136092.8524251
1785136092.8524251
1785136092.8524251
1785136092.8524251
1785136092.8524251
1785136092.8524251
1785136092.8524251
1785136092.8524251
1785136092.8524251
1785136092.8524251
1785136092.8524251
1785136092.8524251
1785136092.8524251
1785136092.8524251
1785136092.8524251
1785136092.8524251
1785136092.8524251
1785136092.8524251
1785136092.8524251
1785136092.8524251
1785136092.8524251
1785136092.8524251
1785136092.8524251
1785136092.8524251
1785136092.8524251
1785136092.8524251
1785136092.8524251
1785136092.8524251
1785136092.8524251
1785136092.8524251
1785136092.8524251
1785136092.8524251
1785136092.8524251
1785136092.8524251
1785136092.8524251
1785136092.8524251
1785136092.8524251
1785136092.8524251
1785136092.8524251
1785136092.8524251
1785136092.8524251
1785136092.8524251
1785136092.8524251
1785136092.8524251
1785136092.8524251
1785136092.8524251
1785136092.8524251
1785136092.8524251
1785136092.8524251
1785136092.8524251
1785136092.8524251
1785136092.8524251
1785136092.8524251
1785136092.8524251
1785136092.8524251
1785136092.8524251
1785136092.8524251
1785136092.8524251
1785136092.8524251
1785136092.8524251
1785136092.8524251
1785136092.8524251
1785136092.8526480
1785136092.8526480
1785136092.8526480
1785136092.8526480
1785136092.8526480
1785136092.8526480
1785136092.8526480
1785136092.8526480
1785136092.8526480
1785136092.8526480
1785136092.8526480
1785136092.8526480
1785136092.8526480
1785136092.8526480
1785136092.8526480
1785136092.8526480
1785136092.8526480
1785136092.8526480
1785136092.8526480
1785136092.8526480
1785136092.8526480
1785136092.8526480
1785136092.8526480
1785136092.8526480
1785136092.8526480
1785136092.8526480
1785136092.8526480
1785136092.8526480
1785136092.8526480
1785136092.8526480
1785136092.8526480
1785136092.8526480
1785136092.8526480
1785136092.8526480
1785136092.8526480
1785136092.8526480
1785136092.8526480
1785136092.8526480
1785136092.8526480
1785136092.8526480
1785136092.8526480
1785136092.8526480
1785136092.8526480
1785136092.8526480
1785136092.8526480
1785136092.8526480
1785136092.8526480
1785136092.8526480
1785136092.8526480
1785136092.8526480
1785136092.8526480
1785136092.8526480
1785136092.8526480
1785136092.8526480
1785136092.8526480
1785136092.8526480
1785136092.8526480
1785136092.8526480
1785136092.8526480
1785136092.8526480
1785136092.8526480
1785136092.8526480
1785136092.8526480
1785136092.8526480
1785136092.8526480
1785136092.8526480
1785136092.8526480
1785136092.8526480
1785136092.8526480
1785136092.8526480
1785136092.8526480
1785136092.8526480
1785136092.8526480
1785136092.8526480
1785136092.8526480
1785136092.8526480
1785136092.8526480
1785136092.8526480
1785136092.8526480
1785136092.8526480
1785136092.8526480
1785136092.8526480
1785136092.8526480
1785136092.8526480
1785136092.8526480
1785136092.8526480
1785136092.8528690
1785136092.8528690
1785136092.8528690
1785136092.8528690
1785136092.8528690
1785136092.8528690
1785136092.8528690
1785136092.8528690
1785136092.8528690
1785136092.8528690
1785136092.8528690
1785136092.8528690
1785136092.8528690
1785136092.8528690
1785136092.8528690
1785136092.8528690
1785136092.8528690
1785136092.8528690
1785136092.8528690
1785136092.8528690
1785136092.8528690
1785136092.8528690
1785136092.8528690
1785136092.8528690
1785136092.8528690
1785136092.8528690
1785136092.8528690
1785136092.8528690
1785136092.8528690
1785136092.8528690
1785136092.8528690
1785136092.8528690
1785136092.8528690
1785136092.8528690
1785136092.8528690
1785136092.8528690
1785136092.8528690
1785136092.8528690
1785136092.8528690
1785136092.8528690
1785136092.8528690
1785136092.8528690
1785136092.8528690
1785136092.8528690
1785136092.8528690
1785136092.8528690
1785136092.8528690
1785136092.8528690
1785136092.8528690
1785136092.8528690
1785136092.8528690
1785136092.8528690
1785136092.8528690
1785136092.8528690
1785136092.8528690
1785136092.8528690
1785136092.8528690
1785136092.8528690
1785136092.8528690
1785136092.8528690
1785136092.8528690
1785136092.8528690
1785136092.8528690
1785136092.8528690
1785136092.8528690
1785136092.8528690
1785136092.8528690
1785136092.8528690
1785136092.8528690
1785136092.8528690
1785136092.8528690
1785136092.8528690
1785136092.8528690
1785136092.8528690
1785136092.8528690
1785136092.8528690
1785136092.8528690
1785136092.8528690
1785136092.8528690
1785136092.8528690
1785136092.8528690
1785136092.8530910
1785136092.8530910
1785136092.8530910
1785136092.8530910
1785136092.8530910
1785136092.8530910
1785136092.8530910
1785136092.8530910
1785136092.8530910
1785136092.8530910
1785136092.8530910
1785136092.8530910
1785136092.8530910
1785136092.8530910
1785136092.8530910
1785136092.8530910
1785136092.8530910
1785136092.8530910
1785136092.8530910
1785136092.8530910
1785136092.8530910
1785136092.8530910
1785136092.8530910
1785136092.8530910
1785136092.8530910
1785136092.8530910
1785136092.8530910
1785136092.8530910
1785136092.8530910
1785136092.8530910
1785136092.8530910
1785136092.8530910
1785136092.8530910
1785136092.8530910
1785136092.8530910
1785136092.8530910
1785136092.8530910
1785136092.8530910
1785136092.8530910
1785136092.8530910
1785136092.8530910
1785136092.8530910
1785136092.8530910
1785136092.8530910
1785136092.8530910
1785136092.8530910
1785136092.8530910
1785136092.8530910
1785136092.8530910
1785136092.8530910
1785136092.8530910
1785136092.8530910
1785136092.8530910
1785136092.8530910
1785136092.8530910
1785136092.8530910
1785136092.8530910
1785136092.8530910
1785136092.8530910
1785136092.8530910
1785136092.8530910
1785136092.8530910
1785136092.8530910
1785136092.8530910
1785136092.8530910
1785136092.8530910
1785136092.8530910
1785136092.8530910
1785136092.8530910
1785136092.8530910
1785136092.8530910
1785136092.8530910
1785136092.8530910
1785136092.8530910
1785136092.8530910
1785136092.8530910
1785136092.8530910
1785136092.8530910
1785136092.8530910
1785136092.8530910
1785136092.8530910
1785136092.8530910
1785136092.8533139
1785136092.8533139
1785136092.8533139
1785136092.8533139
1785136092.8533139
1785136092.8533139
1785136092.8533139
1785136092.8533139
1785136092.8533139
1785136092.8533139
1785136092.8533139
1785136092.8533139
1785136092.8533139
1785136092.8533139
1785136092.8533139
1785136092.8533139
1785136092.8533139
1785136092.8533139
1785136092.8533139
1785136092.8533139
1785136092.8533139
1785136092.8533139
1785136092.8533139
1785136092.8533139
1785136092.8533139
1785136092.8533139
1785136092.8533139
1785136092.8533139
1785136092.8533139
1785136092.8533139
1785136092.8533139
1785136092.8533139
1785136092.8533139
1785136092.8533139
1785136092.8533139
1785136092.8533139
1785136092.8533139
1785136092.8533139
1785136092.8533139
1785136092.8533139
1785136092.8533139
1785136092.8533139
1785136092.8533139
1785136092.8533139
1785136092.8533139
1785136092.8533139
1785136092.8533139
1785136092.8533139
1785136092.8533139
1785136092.8533139
1785136092.8533139
1785136092.8533139
1785136092.8533139
1785136092.8533139
1785136092.8533139
1785136092.8533139
1785136092.8533139
1785136092.8533139
1785136092.8533139
1785136092.8533139
1785136092.8533139
1785136092.8533139
1785136092.8533139
1785136092.8533139
1785136092.8533139
1785136092.8533139
1785136092.8533139
1785136092.8533139
1785136092.8533139
1785136092.8533139
1785136092.8533139
1785136092.8533139
1785136092.8533139
1785136092.8533139
1785136092.8533139
1785136092.8533139
1785136092.8533139
1785136092.8533139
1785136092.8533139
1785136092.8533139
1785136092.8533139
1785136092.8533139
1785136092.8533139
1785136092.8533139
1785136092.8533139
1785136092.8533139
1785136092.8533139
1785136092.8533139
1785136092.8533139
1785136092.8533139
1785136092.8533139
1785136092.8533139
1785136092.8533139
1785136092.8533139
1785136092.8533139
1785136092.8533139
1785136092.8533139
1785136092.8533139
1785136092.8533139
1785136092.8533139
1785136092.8533139
1785136092.8533139
1785136092.8533139
1785136092.8535359
1785136092.8535359
1785136092.8535359
1785136092.8535359
1785136092.8535359
1785136092.8535359
1785136092.8535359
1785136092.8535359
1785136092.8535359
1785136092.8535359
1785136092.8535359
1785136092.8535359
1785136092.8535359
1785136092.8535359
1785136092.8535359
1785136092.8535359
1785136092.8535359
1785136092.8535359
1785136092.8535359
1785136092.8535359
1785136092.8535359
1785136092.8535359
1785136092.8535359
1785136092.8535359
1785136092.8535359
1785136092.8535359
1785136092.8535359
1785136092.8535359
1785136092.8535359
1785136092.8535359
1785136092.8535359
1785136092.8535359
1785136092.8535359
1785136092.8535359
1785136092.8535359
1785136092.8535359
1785136092.8535359
1785136092.8535359
1785136092.8535359
1785136092.8535359
1785136092.8535359
1785136092.8535359
1785136092.8535359
1785136092.8535359
1785136092.8535359
1785136092.8535359
1785136092.8535359
1785136092.8535359
1785136092.8535359
1785136092.8535359
1785136092.8535359
1785136092.8535359
1785136092.8535359
1785136092.8535359
1785136092.8535359
1785136092.8535359
1785136092.8535359
1785136092.8535359
1785136092.8535359
1785136092.8535359
1785136092.8535359
1785136092.8535359
1785136092.8535359
1785136092.8535359
1785136092.8535359
1785136092.8535359
1785136092.8535359
1785136092.8535359
1785136092.8535359
1785136092.8535359
1785136092.8535359
1785136092.8535359
1785136092.8535359
1785136092.8535359
1785136092.8535359
1785136092.8535359
1785136092.8535359
1785136092.8535359
1785136092.8535359
1785136092.8535359
1785136092.8537581
1785136092.8537581
1785136092.8537581
1785136092.8537581
1785136092.8537581
1785136092.8537581
1785136092.8537581
1785136092.8537581
1785136092.8537581
1785136092.8537581
1785136092.8537581
1785136092.8537581
1785136092.8537581
1785136092.8537581
1785136092.8537581
1785136092.8537581
1785136092.8537581
1785136092.8537581
1785136092.8537581
1785136092.8537581
1785136092.8537581
1785136092.8537581
1785136092.8537581
1785136092.8537581
1785136092.8537581
1785136092.8537581
1785136092.8537581
1785136092.8537581
1785136092.8537581
1785136092.8537581
1785136092.8537581
1785136092.8537581
1785136092.8537581
1785136092.8537581
1785136092.8537581
1785136092.8537581
1785136092.8537581
1785136092.8537581
1785136092.8537581
1785136092.8537581
1785136092.8537581
1785136092.8537581
1785136092.8537581
1785136092.8537581
1785136092.8537581
1785136092.8537581
1785136092.8537581
1785136092.8537581
1785136092.8537581
1785136092.8537581
1785136092.8537581
1785136092.8537581
1785136092.8537581
1785136092.8537581
1785136092.8537581
1785136092.8537581
1785136092.8537581
1785136092.8537581
1785136092.8537581
1785136092.8537581
1785136092.8537581
1785136092.8537581
1785136092.8537581
1785136092.8537581
1785136092.8537581
1785136092.8537581
1785136092.8537581
1785136092.8537581
1785136092.8537581
1785136092.8537581
1785136092.8537581
1785136092.8537581
1785136092.8537581
1785136092.8537581
1785136092.8537581
1785136092.8537581
1785136092.8539810
1785136092.8539810
1785136092.8539810
1785136092.8539810
1785136092.8539810
1785136092.8539810
1785136092.8539810
1785136092.8539810
1785136092.8539810
1785136092.8539810
1785136092.8539810
1785136092.8539810
1785136092.8539810
1785136092.8539810
1785136092.8539810
1785136092.8539810
1785136092.8539810
1785136092.8539810
1785136092.8539810
1785136092.8539810
1785136092.8539810
1785136092.8539810
1785136092.8539810
1785136092.8539810
1785136092.8539810
1785136092.8539810
1785136092.8539810
1785136092.8539810
1785136092.8539810
1785136092.8539810
1785136092.8539810
1785136092.8539810
1785136092.8539810
1785136092.8539810
1785136092.8539810
1785136092.8539810
1785136092.8539810
1785136092.8539810
1785136092.8539810
1785136092.8539810
1785136092.8539810
1785136092.8539810
1785136092.8539810
1785136092.8539810
1785136092.8539810
1785136092.8539810
1785136092.8539810
1785136092.8539810
1785136092.8539810
1785136092.8539810
1785136092.8539810
1785136092.8539810
1785136092.8539810
1785136092.8539810
1785136092.8539810
1785136092.8539810
1785136092.8539810
1785136092.8539810
1785136092.8539810
1785136092.8539810
1785136092.8539810
1785136092.8539810
1785136092.8539810
1785136092.8539810
1785136092.8539810
1785136092.8539810
1785136092.8539810
1785136092.8539810
1785136092.8539810
1785136092.8539810
1785136092.8539810
1785136092.8539810
1785136092.8539810
1785136092.8539810
1785136092.8542030
1785136092.8542030
1785136092.8542030
1785136092.8542030
1785136092.8542030
1785136092.8542030
1785136092.8542030
1785136092.8542030
1785136092.8542030
1785136092.8542030
1785136092.8542030
1785136092.8542030
1785136092.8542030
1785136092.8542030
1785136092.8542030
1785136092.8542030
1785136092.8542030
1785136092.8542030
1785136092.8542030
1785136092.8542030
1785136092.8542030
1785136092.8542030
1785136092.8542030
1785136092.8542030
1785136092.8542030
1785136092.8542030
1785136092.8542030
1785136092.8542030
1785136092.8542030
1785136092.8542030
1785136092.8542030
1785136092.8542030
1785136092.8542030
1785136092.8542030
1785136092.8542030
1785136092.8542030
1785136092.8542030
1785136092.8542030
1785136092.8542030
1785136092.8542030
1785136092.8542030
1785136092.8542030
1785136092.8542030
1785136092.8542030
1785136092.8542030
1785136092.8542030
1785136092.8542030
1785136092.8542030
1785136092.8542030
1785136092.8542030
1785136092.8542030
1785136092.8542030
1785136092.8542030
1785136092.8542030
1785136092.8542030
1785136092.8542030
1785136092.8542030
1785136092.8542030
1785136092.8542030
1785136092.8542030
1785136092.8542030
1785136092.8542030
1785136092.8542030
1785136092.8542030
1785136092.8542030
1785136092.8542030
1785136092.8542030
1785136092.8542030
1785136092.8542030
1785136092.8542030
1785136092.8542030
1785136092.8542030
1785136092.8542030
1785136092.8542030
1785136092.8542030
1785136092.8542030
1785136092.8542030
1785136092.8542030
1785136092.8542030
1785136092.8542030
1785136092.8542030
1785136092.8542030
1785136092.8542030
1785136092.8544240
1785136092.8544240
1785136092.8544240
1785136092.8544240
1785136092.8544240
1785136092.8544240
1785136092.8544240
1785136092.8544240
1785136092.8544240
1785136092.8544240
1785136092.8544240
1785136092.8544240
1785136092.8544240
1785136092.8544240
1785136092.8544240
1785136092.8544240
1785136092.8544240
1785136092.8544240
1785136092.8544240
1785136092.8544240
1785136092.8544240
1785136092.8544240
1785136092.8544240
1785136092.8544240
1785136092.8544240
1785136092.8544240
1785136092.8544240
1785136092.8544240
1785136092.8544240
1785136092.8544240
1785136092.8544240
1785136092.8544240
1785136092.8544240
1785136092.8544240
1785136092.8544240
1785136092.8544240
1785136092.8544240
1785136092.8544240
1785136092.8544240
1785136092.8544240
1785136092.8544240
1785136092.8544240
1785136092.8544240
1785136092.8544240
1785136092.8544240
1785136092.8544240
1785136092.8544240
1785136092.8544240
1785136092.8544240
1785136092.8544240
1785136092.8544240
1785136092.8544240
1785136092.8544240
1785136092.8544240
1785136092.8544240
1785136092.8544240
1785136092.8544240
1785136092.8544240
1785136092.8544240
1785136092.8544240
1785136092.8544240
1785136092.8544240
1785136092.8544240
1785136092.8544240
1785136092.8544240
1785136092.8544240
1785136092.8546469
1785136092.8546469
1785136092.8546469
1785136092.8546469
1785136092.8546469
1785136092.8546469
1785136092.8546469
1785136092.8546469
1785136092.8546469
1785136092.8546469
1785136092.8546469
1785136092.8546469
1785136092.8546469
1785136092.8546469
1785136092.8546469
1785136092.8546469
1785136092.8546469
1785136092.8546469
1785136092.8546469
1785136092.8546469
1785136092.8546469
1785136092.8546469
1785136092.8546469
1785136092.8546469
1785136092.8546469
1785136092.8546469
1785136092.8546469
1785136092.8546469
1785136092.8546469
1785136092.8546469
1785136092.8546469
1785136092.8546469
1785136092.8546469
1785136092.8546469
1785136092.8546469
1785136092.8546469
1785136092.8546469
1785136092.8546469
1785136092.8546469
1785136092.8546469
1785136092.8546469
1785136092.8546469
1785136092.8546469
1785136092.8546469
1785136092.8546469
1785136092.8546469
1785136092.8546469
1785136092.8546469
1785136092.8546469
1785136092.8546469
1785136092.8546469
1785136092.8546469
1785136092.8546469
1785136092.8546469
1785136092.8546469
1785136092.8546469
1785136092.8546469
1785136092.8546469
1785136092.8546469
1785136092.8546469
1785136092.8546469
1785136092.8546469
1785136092.8546469
1785136092.8546469
1785136092.8548689
1785136092.8548689
1785136092.8548689
1785136092.8548689
1785136092.8548689
1785136092.8548689
1785136092.8548689
1785136092.8548689
1785136092.8548689
1785136092.8548689
1785136092.8548689
1785136092.8548689
1785136092.8548689
1785136092.8548689
1785136092.8548689
1785136092.8548689
1785136092.8548689
1785136092.8548689
1785136092.8548689
1785136092.8548689
1785136092.8548689
1785136092.8548689
1785136092.8548689
1785136092.8548689
1785136092.8548689
1785136092.8548689
1785136092.8548689
1785136092.8548689
1785136092.8548689
1785136092.8548689
1785136092.8548689
1785136092.8548689
1785136092.8548689
1785136092.8548689
1785136092.8548689
1785136092.8548689
1785136092.8548689
1785136092.8548689
1785136092.8548689
1785136092.8548689
1785136092.8548689
1785136092.8548689
1785136092.8548689
1785136092.8548689
1785136092.8548689
1785136092.8548689
1785136092.8548689
1785136092.8548689
1785136092.8548689
1785136092.8548689
1785136092.8548689
1785136092.8548689
1785136092.8548689
1785136092.8548689
1785136092.8548689
1785136092.8548689
1785136092.8548689
1785136092.8548689
1785136092.8548689
1785136092.8548689
1785136092.8548689
1785136092.8550911
1785136092.8550911
1785136092.8550911
1785136092.8550911
1785136092.8550911
1785136092.8550911
1785136092.8550911
1785136092.8550911
1785136092.8550911
1785136092.8550911
1785136092.8550911
1785136092.8550911
1785136092.8550911
1785136092.8550911
1785136092.8550911
1785136092.8550911
1785136092.8550911
1785136092.8550911
1785136092.8550911
1785136092.8550911
1785136092.8550911
1785136092.8550911
1785136092.8550911
1785136092.8550911
1785136092.8550911
1785136092.8550911
1785136092.8550911
1785136092.8550911
1785136092.8550911
1785136092.8550911
1785136092.8550911
1785136092.8550911
1785136092.8550911
1785136092.8550911
1785136092.8550911
1785136092.8550911
1785136092.8550911
1785136092.8550911
1785136092.8550911
1785136092.8550911
1785136092.8550911
1785136092.8550911
1785136092.8550911
1785136092.8550911
1785136092.8550911
1785136092.8550911
1785136092.8550911
1785136092.8550911
1785136092.8550911
1785136092.8550911
1785136092.8550911
1785136092.8550911
1785136092.8550911
1785136092.8550911
1785136092.8550911
1785136092.8550911
1785136092.8550911
1785136092.8553131
1785136092.8553131
1785136092.8553131
1785136092.8553131
1785136092.8553131
1785136092.8553131
1785136092.8553131
1785136092.8553131
1785136092.8553131
1785136092.8553131
1785136092.8553131
1785136092.8553131
1785136092.8553131
1785136092.8553131
1785136092.8553131
1785136092.8553131
1785136092.8553131
1785136092.8553131
1785136092.8553131
1785136092.8553131
1785136092.8553131
1785136092.8553131
1785136092.8553131
1785136092.8553131
1785136092.8553131
1785136092.8553131
1785136092.8553131
1785136092.8553131
1785136092.8553131
1785136092.8553131
1785136092.8553131
1785136092.8553131
1785136092.8553131
1785136092.8553131
1785136092.8553131
1785136092.8553131
1785136092.8553131
1785136092.8553131
1785136092.8553131
1785136092.8553131
1785136092.8553131
1785136092.8553131
1785136092.8553131
1785136092.8553131
1785136092.8553131
1785136092.8553131
1785136092.8553131
1785136092.8553131
1785136092.8553131
1785136092.8553131
1785136092.8553131
1785136092.8553131
1785136092.8553131
1785136092.8553131
1785136092.8555350
1785136092.8555350
1785136092.8555350
1785136092.8555350
1785136092.8555350
1785136092.8555350
1785136092.8555350
1785136092.8555350
1785136092.8555350
1785136092.8555350
1785136092.8555350
1785136092.8555350
1785136092.8555350
1785136092.8555350
1785136092.8555350
1785136092.8555350
1785136092.8555350
1785136092.8555350
1785136092.8555350
1785136092.8555350
1785136092.8555350
1785136092.8555350
1785136092.8555350
1785136092.8555350
1785136092.8555350
1785136092.8555350
1785136092.8555350
1785136092.8555350
1785136092.8555350
1785136092.8555350
1785136092.8555350
1785136092.8555350
1785136092.8555350
1785136092.8555350
1785136092.8555350
1785136092.8555350
1785136092.8555350
1785136092.8555350
1785136092.8555350
1785136092.8555350
1785136092.8555350
1785136092.8555350
1785136092.8555350
1785136092.8555350
1785136092.8555350
1785136092.8555350
1785136092.8555350
1785136092.8555350
1785136092.8555350
1785136092.8555350
1785136092.8555350
1785136092.8555350
1785136092.8555350
1785136092.8555350
1785136092.8555350
1785136092.8557580
1785136092.8557580
1785136092.8557580
1785136092.8557580
1785136092.8557580
1785136092.8557580
1785136092.8557580
1785136092.8557580
1785136092.8557580
1785136092.8557580
1785136092.8557580
1785136092.8557580
1785136092.8557580
1785136092.8557580
1785136092.8557580
1785136092.8557580
1785136092.8557580
1785136092.8557580
1785136092.8557580
1785136092.8557580
1785136092.8557580
1785136092.8557580
1785136092.8557580
1785136092.8557580
1785136092.8557580
1785136092.8557580
1785136092.8557580
1785136092.8557580
1785136092.8557580
1785136092.8557580
1785136092.8557580
1785136092.8557580
1785136092.8557580
1785136092.8557580
1785136092.8557580
1785136092.8557580
1785136092.8557580
1785136092.8557580
1785136092.8557580
1785136092.8557580
1785136092.8557580
1785136092.8557580
1785136092.8557580
1785136092.8557580
1785136092.8557580
1785136092.8557580
1785136092.8557580
1785136092.8557580
1785136092.8557580
1785136092.8557580
1785136092.8557580
1785136092.8557580
1785136092.8557580
1785136092.8557580
1785136092.8557580
1785136092.8559799
1785136092.8559799
1785136092.8559799
1785136092.8559799
1785136092.8559799
1785136092.8559799
1785136092.8559799
1785136092.8559799
1785136092.8559799
1785136092.8559799
1785136092.8559799
1785136092.8559799
1785136092.8559799
1785136092.8559799
1785136092.8559799
1785136092.8559799
1785136092.8559799
1785136092.8559799
1785136092.8559799
1785136092.8559799
1785136092.8559799
1785136092.8559799
1785136092.8559799
1785136092.8559799
1785136092.8559799
1785136092.8559799
1785136092.8559799
1785136092.8559799
1785136092.8559799
1785136092.8559799
1785136092.8559799
1785136092.8559799
1785136092.8559799
1785136092.8559799
1785136092.8559799
1785136092.8559799
1785136092.8559799
1785136092.8559799
1785136092.8559799
1785136092.8559799
1785136092.8559799
1785136092.8559799
1785136092.8559799
1785136092.8559799
1785136092.8559799
1785136092.8559799
1785136092.8559799
1785136092.8559799
1785136092.8559799
1785136092.8559799
1785136092.8559799
1785136092.8559799
1785136092.8559799
1785136092.8559799
1785136092.8562019
1785136092.8562019
1785136092.8562019
1785136092.8562019
1785136092.8562019
1785136092.8562019
1785136092.8562019
1785136092.8562019
1785136092.8562019
1785136092.8562019
1785136092.8562019
1785136092.8562019
1785136092.8562019
1785136092.8562019
1785136092.8562019
1785136092.8562019
1785136092.8562019
1785136092.8562019
1785136092.8562019
1785136092.8562019
1785136092.8562019
1785136092.8562019
1785136092.8562019
1785136092.8562019
1785136092.8562019
1785136092.8562019
1785136092.8562019
1785136092.8562019
1785136092.8562019
1785136092.8562019
1785136092.8562019
1785136092.8562019
1785136092.8562019
1785136092.8562019
1785136092.8562019
1785136092.8562019
1785136092.8562019
1785136092.8562019
1785136092.8562019
1785136092.8562019
1785136092.8562019
1785136092.8562019
1785136092.8562019
1785136092.8562019
1785136092.8562019
1785136092.8562019
1785136092.8562019
1785136092.8562019
1785136092.8562019
1785136092.8562019
1785136092.8562019
1785136092.8562019
1785136092.8562019
1785136092.8564241
1785136092.8564241
1785136092.8564241
1785136092.8564241
1785136092.8564241
1785136092.8564241
1785136092.8564241
1785136092.8564241
1785136092.8564241
1785136092.8564241
1785136092.8564241
1785136092.8564241
1785136092.8564241
1785136092.8564241
1785136092.8564241
1785136092.8564241
1785136092.8564241
1785136092.8564241
1785136092.8564241
1785136092.8564241
1785136092.8564241
1785136092.8564241
1785136092.8564241
1785136092.8564241
1785136092.8564241
1785136092.8564241
1785136092.8564241
1785136092.8564241
1785136092.8564241
1785136092.8564241
1785136092.8564241
1785136092.8564241
1785136092.8564241
1785136092.8564241
1785136092.8564241
1785136092.8564241
1785136092.8564241
1785136092.8564241
1785136092.8564241
1785136092.8564241
1785136092.8564241
1785136092.8564241
1785136092.8564241
1785136092.8564241
1785136092.8564241
1785136092.8564241
1785136092.8564241
1785136092.8564241
1785136092.8564241
1785136092.8564241
1785136092.8564241
1785136092.8564241
1785136092.8564241
1785136092.8566461
1785136092.8566461
1785136092.8566461
1785136092.8566461
1785136092.8566461
1785136092.8566461
1785136092.8566461
1785136092.8566461
1785136092.8566461
1785136092.8566461
1785136092.8566461
1785136092.8566461
1785136092.8566461
1785136092.8566461
1785136092.8566461
1785136092.8566461
1785136092.8566461
1785136092.8566461
1785136092.8566461
1785136092.8566461
1785136092.8566461
1785136092.8566461
1785136092.8566461
1785136092.8566461
1785136092.8566461
1785136092.8566461
1785136092.8566461
1785136092.8566461
1785136092.8566461
1785136092.8566461
1785136092.8566461
1785136092.8566461
1785136092.8566461
1785136092.8566461
1785136092.8566461
1785136092.8566461
1785136092.8566461
1785136092.8566461
1785136092.8566461
1785136092.8566461
1785136092.8566461
1785136092.8566461
1785136092.8566461
1785136092.8566461
1785136092.8566461
1785136092.8566461
1785136092.8566461
1785136092.8566461
1785136092.8566461
1785136092.8566461
1785136092.8566461
1785136092.8566461
1785136092.8568680
1785136092.8568680
1785136092.8568680
1785136092.8568680
1785136092.8568680
1785136092.8568680
1785136092.8568680
1785136092.8568680
1785136092.8568680
1785136092.8568680
1785136092.8568680
1785136092.8568680
1785136092.8568680
1785136092.8568680
1785136092.8568680
1785136092.8568680
1785136092.8568680
1785136092.8568680
1785136092.8568680
1785136092.8568680
1785136092.8568680
1785136092.8568680
1785136092.8568680
1785136092.8568680
1785136092.8568680
1785136092.8568680
1785136092.8568680
1785136092.8568680
1785136092.8568680
1785136092.8568680
1785136092.8568680
1785136092.8568680
1785136092.8568680
1785136092.8568680
1785136092.8568680
1785136092.8568680
1785136092.8568680
1785136092.8568680
1785136092.8568680
1785136092.8568680
1785136092.8568680
1785136092.8568680
1785136092.8568680
1785136092.8568680
1785136092.8568680
1785136092.8568680
1785136092.8568680
1785136092.8568680
1785136092.8568680
1785136092.8570900
1785136092.8570900
1785136092.8570900
1785136092.8570900
1785136092.8570900
1785136092.8570900
1785136092.8570900
1785136092.8570900
1785136092.8570900
1785136092.8570900
1785136092.8570900
1785136092.8570900
1785136092.8570900
1785136092.8570900
1785136092.8570900
1785136092.8570900
1785136092.8570900
1785136092.8570900
1785136092.8570900
1785136092.8570900
1785136092.8570900
1785136092.8570900
1785136092.8570900
1785136092.8570900
1785136092.8570900
1785136092.8570900
1785136092.8570900
1785136092.8570900
1785136092.8570900
1785136092.8570900
1785136092.8570900
1785136092.8570900
1785136092.8570900
1785136092.8570900
1785136092.8570900
1785136092.8570900
1785136092.8570900
1785136092.8570900
1785136092.8570900
1785136092.8570900
1785136092.8570900
1785136092.8570900
1785136092.8570900
1785136092.8570900
1785136092.8573129
1785136092.8573129
1785136092.8573129
1785136092.8573129
1785136092.8573129
1785136092.8573129
1785136092.8573129
1785136092.8573129
1785136092.8573129
1785136092.8573129
1785136092.8573129
1785136092.8573129
1785136092.8573129
1785136092.8573129
1785136092.8573129
1785136092.8573129
1785136092.8573129
1785136092.8573129
1785136092.8573129
1785136092.8573129
1785136092.8573129
1785136092.8573129
1785136092.8573129
1785136092.8573129
1785136092.8573129
1785136092.8573129
1785136092.8573129
1785136092.8573129
1785136092.8573129
1785136092.8573129
1785136092.8573129
1785136092.8573129
1785136092.8573129
1785136092.8573129
1785136092.8573129
1785136092.8573129
1785136092.8573129
1785136092.8573129
1785136092.8573129
1785136092.8573129
1785136092.8573129
1785136092.8573129
1785136092.8573129
1785136092.8575349
1785136092.8575349
1785136092.8575349
1785136092.8575349
1785136092.8575349
1785136092.8575349
1785136092.8575349
1785136092.8575349
1785136092.8575349
1785136092.8575349
1785136092.8575349
1785136092.8575349
1785136092.8575349
1785136092.8575349
1785136092.8575349
1785136092.8575349
1785136092.8575349
1785136092.8575349
1785136092.8575349
1785136092.8575349
1785136092.8575349
1785136092.8575349
1785136092.8575349
1785136092.8575349
1785136092.8575349
1785136092.8575349
1785136092.8575349
1785136092.8575349
1785136092.8575349
1785136092.8575349
1785136092.8575349
1785136092.8575349
1785136092.8575349
1785136092.8575349
1785136092.8575349
1785136092.8575349
1785136092.8575349
1785136092.8575349
1785136092.8575349
1785136092.8575349
1785136092.8575349
1785136092.8575349
1785136092.8575349
1785136092.8577571
1785136092.8577571
1785136092.8577571
1785136092.8577571
1785136092.8577571
1785136092.8577571
1785136092.8577571
1785136092.8577571
1785136092.8577571
1785136092.8577571
1785136092.8577571
1785136092.8577571
1785136092.8577571
1785136092.8577571
1785136092.8577571
1785136092.8577571
1785136092.8577571
1785136092.8577571
1785136092.8577571
1785136092.8577571
1785136092.8577571
1785136092.8577571
1785136092.8577571
1785136092.8577571
1785136092.8577571
1785136092.8577571
1785136092.8577571
1785136092.8577571
1785136092.8577571
1785136092.8577571
1785136092.8577571
1785136092.8577571
1785136092.8577571
1785136092.8577571
1785136092.8577571
1785136092.8577571
1785136092.8577571
1785136092.8577571
1785136092.8577571
1785136092.8577571
1785136092.8577571
1785136092.8577571
1785136092.8577571
1785136092.8579791
1785136092.8579791
1785136092.8579791
1785136092.8579791
1785136092.8579791
1785136092.8579791
1785136092.8579791
1785136092.8579791
1785136092.8579791
1785136092.8579791
1785136092.8579791
1785136092.8579791
1785136092.8579791
1785136092.8579791
1785136092.8579791
1785136092.8579791
1785136092.8579791
1785136092.8579791
1785136092.8579791
1785136092.8579791
1785136092.8579791
1785136092.8579791
1785136092.8579791
1785136092.8579791
1785136092.8579791
1785136092.8579791
1785136092.8579791
1785136092.8579791
1785136092.8579791
1785136092.8579791
1785136092.8579791
1785136092.8579791
1785136092.8579791
1785136092.8579791
1785136092.8579791
1785136092.8579791
1785136092.8579791
1785136092.8579791
1785136092.8579791
1785136092.8579791
1785136092.8579791
1785136092.8579791
1785136092.8579791
1785136092.8582020
1785136092.8582020
1785136092.8582020
1785136092.8582020
1785136092.8582020
1785136092.8582020
1785136092.8582020
1785136092.8582020
1785136092.8582020
1785136092.8582020
1785136092.8582020
1785136092.8582020
1785136092.8582020
1785136092.8582020
1785136092.8582020
1785136092.8582020
1785136092.8582020
1785136092.8582020
1785136092.8582020
1785136092.8582020
1785136092.8582020
1785136092.8582020
1785136092.8582020
1785136092.8582020
1785136092.8582020
1785136092.8582020
1785136092.8582020
1785136092.8582020
1785136092.8582020
1785136092.8582020
1785136092.8582020
1785136092.8582020
1785136092.8582020
1785136092.8582020
1785136092.8582020
1785136092.8582020
1785136092.8582020
1785136092.8582020
1785136092.8582020
1785136092.8582020
1785136092.8582020
1785136092.8582020
1785136092.8582020
1785136092.8584230
1785136092.8584230
1785136092.8584230
1785136092.8584230
1785136092.8584230
1785136092.8584230
1785136092.8584230
1785136092.8584230
1785136092.8584230
1785136092.8584230
1785136092.8584230
1785136092.8584230
1785136092.8584230
1785136092.8584230
1785136092.8584230
1785136092.8584230
1785136092.8584230
1785136092.8584230
1785136092.8584230
1785136092.8584230
1785136092.8584230
1785136092.8584230
1785136092.8584230
1785136092.8584230
1785136092.8584230
1785136092.8584230
1785136092.8584230
1785136092.8584230
1785136092.8584230
1785136092.8584230
1785136092.8584230
1785136092.8584230
1785136092.8584230
1785136092.8584230
1785136092.8584230
1785136092.8584230
1785136092.8584230
1785136092.8584230
1785136092.8584230
1785136092.8584230
1785136092.8584230
1785136092.8584230
1785136092.8584230
1785136092.8586450
1785136092.8586450
1785136092.8586450
1785136092.8586450
1785136092.8586450
1785136092.8586450
1785136092.8586450
1785136092.8586450
1785136092.8586450
1785136092.8586450
1785136092.8586450
1785136092.8586450
1785136092.8586450
1785136092.8586450
1785136092.8586450
1785136092.8586450
1785136092.8586450
1785136092.8586450
1785136092.8586450
1785136092.8586450
1785136092.8586450
1785136092.8586450
1785136092.8586450
1785136092.8586450
1785136092.8586450
1785136092.8586450
1785136092.8586450
1785136092.8586450
1785136092.8586450
1785136092.8586450
1785136092.8586450
1785136092.8586450
1785136092.8586450
1785136092.8586450
1785136092.8586450
1785136092.8586450
1785136092.8586450
1785136092.8586450
1785136092.8586450
1785136092.8586450
1785136092.8586450
1785136092.8586450
1785136092.8586450
1785136092.8586450
1785136092.8588679
1785136092.8588679
1785136092.8588679
1785136092.8588679
1785136092.8588679
1785136092.8588679
1785136092.8588679
1785136092.8588679
1785136092.8588679
1785136092.8588679
1785136092.8588679
1785136092.8588679
1785136092.8588679
1785136092.8588679
1785136092.8588679
1785136092.8588679
1785136092.8588679
1785136092.8588679
1785136092.8588679
1785136092.8588679
1785136092.8588679
1785136092.8588679
1785136092.8588679
1785136092.8588679
1785136092.8588679
1785136092.8588679
1785136092.8588679
1785136092.8588679
1785136092.8588679
1785136092.8588679
1785136092.8588679
1785136092.8588679
1785136092.8588679
1785136092.8588679
1785136092.8588679
1785136092.8588679
1785136092.8588679
1785136092.8588679
1785136092.8588679
1785136092.8588679
1785136092.8588679
1785136092.8588679
1785136092.8588679
1785136092.8588679
1785136092.8590889
1785136092.8590889
1785136092.8590889
1785136092.8590889
1785136092.8590889
1785136092.8590889
1785136092.8590889
1785136092.8590889
1785136092.8590889
1785136092.8590889
1785136092.8590889
1785136092.8590889
1785136092.8590889
1785136092.8590889
1785136092.8590889
1785136092.8590889
1785136092.8590889
1785136092.8590889
1785136092.8590889
1785136092.8590889
1785136092.8590889
1785136092.8590889
1785136092.8590889
1785136092.8590889
1785136092.8590889
1785136092.8590889
1785136092.8590889
1785136092.8590889
1785136092.8590889
1785136092.8590889
1785136092.8590889
1785136092.8590889
1785136092.8590889
1785136092.8590889
1785136092.8590889
1785136092.8590889
1785136092.8590889
1785136092.8590889
1785136092.8590889
1785136092.8590889
1785136092.8590889
1785136092.8590889
1785136092.8590889
1785136092.8590889
1785136092.8593111
1785136092.8593111
1785136092.8593111
1785136092.8593111
1785136092.8593111
1785136092.8593111
1785136092.8593111
1785136092.8593111
1785136092.8593111
1785136092.8593111
1785136092.8593111
1785136092.8593111
1785136092.8593111
1785136092.8593111
1785136092.8593111
1785136092.8593111
1785136092.8593111
1785136092.8593111
1785136092.8593111
1785136092.8593111
1785136092.8593111
1785136092.8593111
1785136092.8593111
1785136092.8593111
1785136092.8593111
1785136092.8593111
1785136092.8593111
1785136092.8593111
1785136092.8593111
1785136092.8593111
1785136092.8593111
1785136092.8593111
1785136092.8593111
1785136092.8593111
1785136092.8593111
1785136092.8593111
1785136092.8593111
1785136092.8593111
1785136092.8593111
1785136092.8593111
1785136092.8593111
1785136092.8593111
1785136092.8593111
1785136092.8593111
1785136092.8595350
1785136092.8595350
1785136092.8595350
1785136092.8595350
1785136092.8595350
1785136092.8595350
1785136092.8595350
1785136092.8595350
1785136092.8595350
1785136092.8595350
1785136092.8595350
1785136092.8595350
1785136092.8595350
1785136092.8595350
1785136092.8595350
1785136092.8595350
1785136092.8595350
1785136092.8595350
1785136092.8595350
1785136092.8595350
1785136092.8595350
1785136092.8595350
1785136092.8595350
1785136092.8595350
1785136092.8595350
1785136092.8595350
1785136092.8595350
1785136092.8595350
1785136092.8595350
1785136092.8595350
1785136092.8595350
1785136092.8595350
1785136092.8595350
1785136092.8595350
1785136092.8595350
1785136092.8595350
1785136092.8595350
1785136092.8595350
1785136092.8595350
1785136092.8595350
1785136092.8595350
1785136092.8595350
1785136092.8595350
1785136092.8595350
1785136092.8597569
1785136092.8597569
1785136092.8597569
1785136092.8597569
1785136092.8597569
1785136092.8597569
1785136092.8597569
1785136092.8597569
1785136092.8597569
1785136092.8597569
1785136092.8597569
1785136092.8597569
1785136092.8597569
1785136092.8597569
1785136092.8597569
1785136092.8597569
1785136092.8597569
1785136092.8597569
1785136092.8597569
1785136092.8597569
1785136092.8597569
1785136092.8597569
1785136092.8597569
1785136092.8597569
1785136092.8597569
1785136092.8597569
1785136092.8597569
1785136092.8597569
1785136092.8597569
1785136092.8597569
1785136092.8597569
1785136092.8597569
1785136092.8597569
1785136092.8597569
1785136092.8597569
1785136092.8597569
1785136092.8597569
1785136092.8597569
1785136092.8597569
1785136092.8597569
1785136092.8597569
1785136092.8597569
1785136092.8597569
1785136092.8597569
1785136092.8599780
1785136092.8599780
1785136092.8599780
1785136092.8599780
1785136092.8599780
1785136092.8599780
1785136092.8599780
1785136092.8599780
1785136092.8599780
1785136092.8599780
1785136092.8599780
1785136092.8599780
1785136092.8599780
1785136092.8599780
1785136092.8599780
1785136092.8599780
1785136092.8599780
1785136092.8599780
1785136092.8599780
1785136092.8599780
1785136092.8599780
1785136092.8599780
1785136092.8599780
1785136092.8599780
1785136092.8599780
1785136092.8599780
1785136092.8599780
1785136092.8599780
1785136092.8599780
1785136092.8599780
1785136092.8599780
1785136092.8599780
1785136092.8599780
1785136092.8599780
1785136092.8599780
1785136092.8599780
1785136092.8599780
1785136092.8599780
1785136092.8599780
1785136092.8599780
1785136092.8599780
1785136092.8599780
1785136092.8599780
1785136092.8599780
1785136092.8601999
1785136092.8601999
1785136092.8601999
1785136092.8601999
1785136092.8601999
1785136092.8601999
1785136092.8601999
1785136092.8601999
1785136092.8601999
1785136092.8601999
1785136092.8601999
1785136092.8601999
1785136092.8601999
1785136092.8601999
1785136092.8601999
1785136092.8601999
1785136092.8601999
1785136092.8601999
1785136092.8601999
1785136092.8601999
1785136092.8601999
1785136092.8601999
1785136092.8601999
1785136092.8601999
1785136092.8601999
1785136092.8601999
1785136092.8601999
1785136092.8601999
1785136092.8601999
1785136092.8601999
1785136092.8601999
1785136092.8601999
1785136092.8601999
1785136092.8601999
1785136092.8601999
1785136092.8601999
1785136092.8601999
1785136092.8601999
1785136092.8601999
1785136092.8601999
1785136092.8601999
1785136092.8601999
1785136092.8601999
1785136092.8601999
1785136092.8604240
1785136092.8604240
1785136092.8604240
1785136092.8604240
1785136092.8604240
1785136092.8604240
1785136092.8604240
1785136092.8604240
1785136092.8604240
1785136092.8604240
1785136092.8604240
1785136092.8604240
1785136092.8604240
1785136092.8604240
1785136092.8604240
1785136092.8604240
1785136092.8604240
1785136092.8604240
1785136092.8604240
1785136092.8604240
1785136092.8604240
1785136092.8604240
1785136092.8604240
1785136092.8604240
1785136092.8604240
1785136092.8604240
1785136092.8604240
1785136092.8604240
1785136092.8604240
1785136092.8604240
1785136092.8604240
1785136092.8604240
1785136092.8604240
1785136092.8604240
1785136092.8604240
1785136092.8604240
1785136092.8604240
1785136092.8604240
1785136092.8604240
1785136092.8604240
1785136092.8604240
1785136092.8604240
1785136092.8604240
1785136092.8604240
1785136092.8604240
1785136092.8606441
1785136092.8606441
1785136092.8606441
1785136092.8606441
1785136092.8606441
1785136092.8606441
1785136092.8606441
1785136092.8606441
1785136092.8606441
1785136092.8606441
1785136092.8606441
1785136092.8606441
1785136092.8606441
1785136092.8606441
1785136092.8606441
1785136092.8606441
1785136092.8606441
1785136092.8606441
1785136092.8606441
1785136092.8606441
1785136092.8606441
1785136092.8606441
1785136092.8606441
1785136092.8606441
1785136092.8606441
1785136092.8606441
1785136092.8606441
1785136092.8606441
1785136092.8606441
1785136092.8606441
1785136092.8606441
1785136092.8606441
1785136092.8606441
1785136092.8606441
1785136092.8606441
1785136092.8606441
1785136092.8606441
1785136092.8606441
1785136092.8606441
1785136092.8606441
1785136092.8606441
1785136092.8606441
1785136092.8606441
1785136092.8606441
1785136092.8606441
1785136092.8608680
1785136092.8608680
1785136092.8608680
1785136092.8608680
1785136092.8608680
1785136092.8608680
1785136092.8608680
1785136092.8608680
1785136092.8608680
1785136092.8608680
1785136092.8608680
1785136092.8608680
1785136092.8608680
1785136092.8608680
1785136092.8608680
1785136092.8608680
1785136092.8608680
1785136092.8608680
1785136092.8608680
1785136092.8608680
1785136092.8608680
1785136092.8608680
1785136092.8608680
1785136092.8608680
1785136092.8608680
1785136092.8608680
1785136092.8608680
1785136092.8608680
1785136092.8608680
1785136092.8608680
1785136092.8608680
1785136092.8608680
1785136092.8608680
1785136092.8608680
1785136092.8608680
1785136092.8608680
1785136092.8608680
1785136092.8608680
1785136092.8608680
1785136092.8608680
1785136092.8608680
1785136092.8608680
1785136092.8608680
1785136092.8608680
1785136092.8608680
1785136092.8610880
1785136092.8610880
1785136092.8610880
1785136092.8610880
1785136092.8610880
1785136092.8610880
1785136092.8610880
1785136092.8610880
1785136092.8610880
1785136092.8610880
1785136092.8610880
1785136092.8610880
1785136092.8610880
1785136092.8610880
1785136092.8610880
1785136092.8610880
1785136092.8610880
1785136092.8610880
1785136092.8610880
1785136092.8610880
1785136092.8610880
1785136092.8610880
1785136092.8610880
1785136092.8610880
1785136092.8610880
1785136092.8610880
1785136092.8610880
1785136092.8610880
1785136092.8610880
1785136092.8610880
1785136092.8610880
1785136092.8610880
1785136092.8610880
1785136092.8610880
1785136092.8610880
1785136092.8610880
1785136092.8610880
1785136092.8610880
1785136092.8610880
1785136092.8610880
1785136092.8610880
1785136092.8610880
1785136092.8610880
1785136092.8610880
1785136092.8610880
1785136092.8613110
1785136092.8613110
1785136092.8613110
1785136092.8613110
1785136092.8613110
1785136092.8613110
1785136092.8613110
1785136092.8613110
1785136092.8613110
1785136092.8613110
1785136092.8613110
1785136092.8613110
1785136092.8613110
1785136092.8613110
1785136092.8613110
1785136092.8613110
1785136092.8613110
1785136092.8613110
1785136092.8613110
1785136092.8613110
1785136092.8613110
1785136092.8613110
1785136092.8613110
1785136092.8613110
1785136092.8613110
1785136092.8613110
1785136092.8613110
1785136092.8613110
1785136092.8613110
1785136092.8613110
1785136092.8613110
1785136092.8613110
1785136092.8613110
1785136092.8613110
1785136092.8613110
1785136092.8613110
1785136092.8613110
1785136092.8613110
1785136092.8613110
1785136092.8613110
1785136092.8613110
1785136092.8613110
1785136092.8613110
1785136092.8613110
1785136092.8613110
1785136092.8613110
1785136092.8613110
1785136092.8613110
1785136092.8613110
1785136092.8613110
1785136092.8613110
1785136092.8613110
1785136092.8613110
1785136092.8613110
1785136092.8613110
1785136092.8613110
1785136092.8613110
1785136092.8613110
1785136092.8613110
1785136092.8613110
1785136092.8613110
1785136092.8613110
1785136092.8615341
1785136092.8615341
1785136092.8615341
1785136092.8615341
1785136092.8615341
1785136092.8615341
1785136092.8615341
1785136092.8615341
1785136092.8615341
1785136092.8615341
1785136092.8615341
1785136092.8615341
1785136092.8615341
1785136092.8615341
1785136092.8615341
1785136092.8615341
1785136092.8615341
1785136092.8615341
1785136092.8615341
1785136092.8615341
1785136092.8615341
1785136092.8615341
1785136092.8615341
1785136092.8615341
1785136092.8615341
1785136092.8615341
1785136092.8615341
1785136092.8615341
1785136092.8615341
1785136092.8615341
1785136092.8615341
1785136092.8615341
1785136092.8615341
1785136092.8615341
1785136092.8615341
1785136092.8615341
1785136092.8615341
1785136092.8615341
1785136092.8615341
1785136092.8615341
1785136092.8615341
1785136092.8615341
1785136092.8615341
1785136092.8615341
1785136092.8615341
1785136092.8615341
1785136092.8615341
1785136092.8615341
1785136092.8615341
1785136092.8615341
1785136092.8615341
1785136092.8615341
1785136092.8615341
1785136092.8615341
1785136092.8615341
1785136092.8615341
1785136092.8615341
1785136092.8615341
1785136092.8615341
1785136092.8615341
1785136092.8615341
1785136092.8615341
1785136092.8615341
1785136092.8615341
1785136092.8615341
1785136092.8617561
1785136092.8617561
1785136092.8617561
1785136092.8617561
1785136092.8617561
1785136092.8617561
1785136092.8617561
1785136092.8617561
1785136092.8617561
1785136092.8617561
1785136092.8617561
1785136092.8617561
1785136092.8617561
1785136092.8617561
1785136092.8617561
1785136092.8617561
1785136092.8617561
1785136092.8617561
1785136092.8617561
1785136092.8617561
1785136092.8617561
1785136092.8617561
1785136092.8617561
1785136092.8617561
1785136092.8617561
1785136092.8617561
1785136092.8617561
1785136092.8617561
1785136092.8617561
1785136092.8617561
1785136092.8617561
1785136092.8617561
1785136092.8617561
1785136092.8617561
1785136092.8617561
1785136092.8617561
1785136092.8617561
1785136092.8617561
1785136092.8617561
1785136092.8617561
1785136092.8617561
1785136092.8617561
1785136092.8617561
1785136092.8617561
1785136092.8617561
1785136092.8617561
1785136092.8617561
1785136092.8617561
1785136092.8617561
1785136092.8617561
1785136092.8617561
1785136092.8617561
1785136092.8617561
1785136092.8617561
1785136092.8617561
1785136092.8617561
1785136092.8617561
1785136092.8617561
1785136092.8617561
1785136092.8617561
1785136092.8617561
1785136092.8617561
1785136092.8617561
1785136092.8617561
1785136092.8617561
1785136092.8619781
1785136092.8619781
1785136092.8619781
1785136092.8619781
1785136092.8619781
1785136092.8619781
1785136092.8619781
1785136092.8619781
1785136092.8619781
1785136092.8619781
1785136092.8619781
1785136092.8619781
1785136092.8619781
1785136092.8619781
1785136092.8619781
1785136092.8619781
1785136092.8619781
1785136092.8619781
1785136092.8619781
1785136092.8619781
1785136092.8619781
1785136092.8619781
1785136092.8619781
1785136092.8619781
1785136092.8619781
1785136092.8619781
1785136092.8619781
1785136092.8619781
1785136092.8619781
1785136092.8619781
1785136092.8619781
1785136092.8619781
1785136092.8619781
1785136092.8619781
1785136092.8619781
1785136092.8619781
1785136092.8619781
1785136092.8619781
1785136092.8619781
1785136092.8619781
1785136092.8619781
1785136092.8619781
1785136092.8619781
1785136092.8619781
1785136092.8619781
1785136092.8619781
1785136092.8619781
1785136092.8619781
1785136092.8619781
1785136092.8619781
1785136092.8619781
1785136092.8619781
1785136092.8619781
1785136092.8619781
1785136092.8619781
1785136092.8619781
1785136092.8619781
1785136092.8619781
1785136092.8619781
1785136092.8619781
1785136092.8619781
1785136092.8619781
1785136092.8619781
1785136092.8619781
1785136092.8619781
1785136092.8619781
1785136092.8621991
1785136092.8621991
1785136092.8621991
1785136092.8621991
1785136092.8621991
1785136092.8621991
1785136092.8621991
1785136092.8621991
1785136092.8621991
1785136092.8621991
1785136092.8621991
1785136092.8621991
1785136092.8621991
1785136092.8621991
1785136092.8621991
1785136092.8621991
1785136092.8621991
1785136092.8621991
1785136092.8621991
1785136092.8621991
1785136092.8621991
1785136092.8621991
1785136092.8621991
1785136092.8621991
1785136092.8621991
1785136092.8621991
1785136092.8621991
1785136092.8621991
1785136092.8621991
1785136092.8621991
1785136092.8621991
1785136092.8621991
1785136092.8621991
1785136092.8621991
1785136092.8621991
1785136092.8621991
1785136092.8621991
1785136092.8621991
1785136092.8621991
1785136092.8621991
1785136092.8621991
1785136092.8621991
1785136092.8621991
1785136092.8621991
1785136092.8621991
1785136092.8621991
1785136092.8621991
1785136092.8621991
1785136092.8621991
1785136092.8621991
1785136092.8621991
1785136092.8621991
1785136092.8621991
1785136092.8621991
1785136092.8621991
1785136092.8621991
1785136092.8621991
1785136092.8624220
1785136092.8624220
1785136092.8624220
1785136092.8624220
1785136092.8624220
1785136092.8624220
1785136092.8624220
1785136092.8624220
1785136092.8624220
1785136092.8624220
1785136092.8624220
1785136092.8624220
1785136092.8624220
1785136092.8624220
1785136092.8624220
1785136092.8624220
1785136092.8624220
1785136092.8624220
1785136092.8624220
1785136092.8624220
1785136092.8624220
1785136092.8624220
1785136092.8624220
1785136092.8624220
1785136092.8624220
1785136092.8624220
1785136092.8624220
1785136092.8624220
1785136092.8624220
1785136092.8624220
1785136092.8624220
1785136092.8624220
1785136092.8624220
1785136092.8624220
1785136092.8624220
1785136092.8624220
1785136092.8624220
1785136092.8624220
1785136092.8624220
1785136092.8624220
1785136092.8624220
1785136092.8624220
1785136092.8624220
1785136092.8624220
1785136092.8624220
1785136092.8624220
1785136092.8624220
1785136092.8624220
1785136092.8624220
1785136092.8624220
1785136092.8624220
1785136092.8624220
1785136092.8624220
1785136092.8624220
1785136092.8624220
1785136092.8624220
1785136092.8624220
1785136092.8626440
1785136092.8626440
1785136092.8626440
1785136092.8626440
1785136092.8626440
1785136092.8626440
1785136092.8626440
1785136092.8626440
1785136092.8626440
1785136092.8626440
1785136092.8626440
1785136092.8626440
1785136092.8626440
1785136092.8626440
1785136092.8626440
1785136092.8626440
1785136092.8626440
1785136092.8626440
1785136092.8626440
1785136092.8626440
1785136092.8626440
1785136092.8626440
1785136092.8626440
1785136092.8626440
1785136092.8626440
1785136092.8626440
1785136092.8626440
1785136092.8626440
1785136092.8626440
1785136092.8626440
1785136092.8626440
1785136092.8626440
1785136092.8626440
1785136092.8626440
1785136092.8626440
1785136092.8626440
1785136092.8626440
1785136092.8626440
1785136092.8626440
1785136092.8626440
1785136092.8626440
1785136092.8626440
1785136092.8626440
1785136092.8626440
1785136092.8626440
1785136092.8626440
1785136092.8626440
1785136092.8626440
1785136092.8626440
1785136092.8626440
1785136092.8626440
1785136092.8626440
1785136092.8626440
1785136092.8626440
1785136092.8626440
1785136092.8626440
1785136092.8626440
1785136092.8626440
1785136092.8628671
1785136092.8628671
1785136092.8628671
1785136092.8628671
1785136092.8628671
1785136092.8628671
1785136092.8628671
1785136092.8628671
1785136092.8628671
1785136092.8628671
1785136092.8628671
1785136092.8628671
1785136092.8628671
1785136092.8628671
1785136092.8628671
1785136092.8628671
1785136092.8628671
1785136092.8628671
1785136092.8628671
1785136092.8628671
1785136092.8628671
1785136092.8628671
1785136092.8628671
1785136092.8628671
1785136092.8628671
1785136092.8628671
1785136092.8628671
1785136092.8628671
1785136092.8628671
1785136092.8628671
1785136092.8628671
1785136092.8628671
1785136092.8628671
1785136092.8628671
1785136092.8628671
1785136092.8628671
1785136092.8628671
1785136092.8628671
1785136092.8628671
1785136092.8628671
1785136092.8628671
1785136092.8628671
1785136092.8628671
1785136092.8628671
1785136092.8628671
1785136092.8628671
1785136092.8628671
1785136092.8628671
1785136092.8628671
1785136092.8628671
1785136092.8628671
1785136092.8628671
1785136092.8628671
1785136092.8628671
1785136092.8628671
1785136092.8628671
1785136092.8628671
1785136092.8628671
1785136092.8628671
1785136092.8628671
1785136092.8628671
1785136092.8628671
1785136092.8628671
1785136092.8628671
1785136092.8628671
1785136092.8630891
1785136092.8630891
1785136092.8630891
1785136092.8630891
1785136092.8630891
1785136092.8630891
1785136092.8630891
1785136092.8630891
1785136092.8630891
1785136092.8630891
1785136092.8630891
1785136092.8630891
1785136092.8630891
1785136092.8630891
1785136092.8630891
1785136092.8630891
1785136092.8630891
1785136092.8630891
1785136092.8630891
1785136092.8630891
1785136092.8630891
1785136092.8630891
1785136092.8630891
1785136092.8630891
1785136092.8630891
1785136092.8630891
1785136092.8630891
1785136092.8630891
1785136092.8630891
1785136092.8630891
1785136092.8630891
1785136092.8630891
1785136092.8630891
1785136092.8630891
1785136092.8630891
1785136092.8630891
1785136092.8630891
1785136092.8630891
1785136092.8630891
1785136092.8630891
1785136092.8630891
1785136092.8630891
1785136092.8630891
1785136092.8630891
1785136092.8630891
1785136092.8630891
1785136092.8630891
1785136092.8630891
1785136092.8630891
1785136092.8630891
1785136092.8630891
1785136092.8630891
1785136092.8630891
1785136092.8630891
1785136092.8630891
1785136092.8630891
1785136092.8630891
1785136092.8630891
1785136092.8630891
1785136092.8630891
1785136092.8630891
1785136092.8630891
1785136092.8630891
1785136092.8630891
1785136092.8630891
1785136092.8630891
1785136092.8630891
1785136092.8630891
1785136092.8630891
1785136092.8630891
1785136092.8630891
1785136092.8633189
1785136092.8633189
1785136092.8633189
1785136092.8633189
1785136092.8633189
1785136092.8633189
1785136092.8633189
1785136092.8633189
1785136092.8633189
1785136092.8633189
1785136092.8633189
1785136092.8633189
1785136092.8633189
1785136092.8633189
1785136092.8633189
1785136092.8633189
1785136092.8633189
1785136092.8633189
1785136092.8633189
1785136092.8633189
1785136092.8633189
1785136092.8633189
1785136092.8633189
1785136092.8633189
1785136092.8633189
1785136092.8633189
1785136092.8633189
1785136092.8633189
1785136092.8633189
1785136092.8633189
1785136092.8633189
1785136092.8633189
1785136092.8633189
1785136092.8633189
1785136092.8633189
1785136092.8633189
1785136092.8633189
1785136092.8633189
1785136092.8633189
1785136092.8633189
1785136092.8633189
1785136092.8633189
1785136092.8633189
1785136092.8633189
1785136092.8633189
1785136092.8633189
1785136092.8633189
1785136092.8633189
1785136092.8633189
1785136092.8633189
1785136092.8633189
1785136092.8633189
1785136092.8633189
1785136092.8633189
1785136092.8633189
1785136092.8633189
1785136092.8633189
1785136092.8633189
1785136092.8633189
1785136092.8633189
1785136092.8633189
1785136092.8633189
1785136092.8633189
1785136092.8633189
1785136092.8633189
1785136092.8633189
1785136092.8633189
1785136092.8633189
1785136092.8633189
1785136092.8633189
1785136092.8635399
1785136092.8635399
1785136092.8635399
1785136092.8635399
1785136092.8635399
1785136092.8635399
1785136092.8635399
1785136092.8635399
1785136092.8635399
1785136092.8635399
1785136092.8635399
1785136092.8635399
1785136092.8635399
1785136092.8635399
1785136092.8635399
1785136092.8635399
1785136092.8635399
1785136092.8635399
1785136092.8635399
1785136092.8635399
1785136092.8635399
1785136092.8635399
1785136092.8635399
1785136092.8635399
1785136092.8635399
1785136092.8635399
1785136092.8635399
1785136092.8635399
1785136092.8635399
1785136092.8635399
1785136092.8635399
1785136092.8635399
1785136092.8635399
1785136092.8635399
1785136092.8635399
1785136092.8635399
1785136092.8635399
1785136092.8635399
1785136092.8635399
1785136092.8635399
1785136092.8635399
1785136092.8635399
1785136092.8635399
1785136092.8635399
1785136092.8635399
1785136092.8635399
1785136092.8635399
1785136092.8635399
1785136092.8635399
1785136092.8635399
1785136092.8635399
1785136092.8635399
1785136092.8635399
1785136092.8635399
1785136092.8635399
1785136092.8635399
1785136092.8635399
1785136092.8635399
1785136092.8635399
1785136092.8635399
1785136092.8635399
1785136092.8635399
1785136092.8635399
1785136092.8635399
1785136092.8635399
1785136092.8635399
1785136092.8635399
1785136092.8635399
1785136092.8635399
1785136092.8637559
1785136092.8637559
1785136092.8637559
1785136092.8637559
1785136092.8637559
1785136092.8637559
1785136092.8637559
1785136092.8637559
1785136092.8637559
1785136092.8637559
1785136092.8637559
1785136092.8637559
1785136092.8637559
1785136092.8637559
1785136092.8637559
1785136092.8637559
1785136092.8637559
1785136092.8637559
1785136092.8637559
1785136092.8637559
1785136092.8637559
1785136092.8637559
1785136092.8637559
1785136092.8637559
1785136092.8637559
1785136092.8637559
1785136092.8637559
1785136092.8637559
1785136092.8637559
1785136092.8637559
1785136092.8637559
1785136092.8637559
1785136092.8637559
1785136092.8637559
1785136092.8637559
1785136092.8637559
1785136092.8637559
1785136092.8637559
1785136092.8637559
1785136092.8637559
1785136092.8637559
1785136092.8637559
1785136092.8637559
1785136092.8637559
1785136092.8637559
1785136092.8637559
1785136092.8637559
1785136092.8637559
1785136092.8637559
1785136092.8637559
1785136092.8637559
1785136092.8637559
1785136092.8637559
1785136092.8637559
1785136092.8637559
1785136092.8637559
1785136092.8637559
1785136092.8637559
1785136092.8637559
1785136092.8637559
1785136092.8637559
1785136092.8637559
1785136092.8637559
1785136092.8637559
1785136092.8639770
1785136092.8639770
1785136092.8639770
1785136092.8639770
1785136092.8639770
1785136092.8639770
1785136092.8639770
1785136092.8639770
1785136092.8639770
1785136092.8639770
1785136092.8639770
1785136092.8639770
1785136092.8639770
1785136092.8639770
1785136092.8639770
1785136092.8639770
1785136092.8639770
1785136092.8639770
1785136092.8639770
1785136092.8639770
1785136092.8639770
1785136092.8639770
1785136092.8639770
1785136092.8639770
1785136092.8639770
1785136092.8639770
1785136092.8639770
1785136092.8639770
1785136092.8639770
1785136092.8639770
1785136092.8639770
1785136092.8639770
1785136092.8639770
1785136092.8639770
1785136092.8639770
1785136092.8639770
1785136092.8639770
1785136092.8639770
1785136092.8639770
1785136092.8639770
1785136092.8639770
1785136092.8639770
1785136092.8639770
1785136092.8639770
1785136092.8639770
1785136092.8639770
1785136092.8639770
1785136092.8639770
1785136092.8639770
1785136092.8639770
1785136092.8639770
1785136092.8639770
1785136092.8639770
1785136092.8639770
1785136092.8639770
1785136092.8639770
1785136092.8639770
1785136092.8639770
1785136092.8639770
1785136092.8639770
1785136092.8639770
1785136092.8639770
1785136092.8639770
1785136092.8641989
1785136092.8641989
1785136092.8641989
1785136092.8641989
1785136092.8641989
1785136092.8641989
1785136092.8641989
1785136092.8641989
1785136092.8641989
1785136092.8641989
1785136092.8641989
1785136092.8641989
1785136092.8641989
1785136092.8641989
1785136092.8641989
1785136092.8641989
1785136092.8641989
1785136092.8641989
1785136092.8641989
1785136092.8641989
1785136092.8641989
1785136092.8641989
1785136092.8641989
1785136092.8641989
1785136092.8641989
1785136092.8641989
1785136092.8641989
1785136092.8641989
1785136092.8641989
1785136092.8641989
1785136092.8641989
1785136092.8641989
1785136092.8641989
1785136092.8641989
1785136092.8641989
1785136092.8641989
1785136092.8641989
1785136092.8641989
1785136092.8641989
1785136092.8641989
1785136092.8641989
1785136092.8641989
1785136092.8641989
1785136092.8641989
1785136092.8641989
1785136092.8641989
1785136092.8641989
1785136092.8641989
1785136092.8641989
1785136092.8641989
1785136092.8641989
1785136092.8641989
1785136092.8641989
1785136092.8641989
1785136092.8641989
1785136092.8641989
1785136092.8641989
1785136092.8641989
1785136092.8641989
1785136092.8641989
1785136092.8641989
1785136092.8641989
1785136092.8641989
1785136092.8644199
1785136092.8644199
1785136092.8644199
1785136092.8644199
1785136092.8644199
1785136092.8644199
1785136092.8644199
1785136092.8644199
1785136092.8644199
1785136092.8644199
1785136092.8644199
1785136092.8644199
1785136092.8644199
1785136092.8644199
1785136092.8644199
1785136092.8644199
1785136092.8644199
1785136092.8644199
1785136092.8644199
1785136092.8644199
1785136092.8644199
1785136092.8644199
1785136092.8644199
1785136092.8644199
1785136092.8644199
1785136092.8644199
1785136092.8644199
1785136092.8644199
1785136092.8644199
1785136092.8644199
1785136092.8644199
1785136092.8644199
1785136092.8644199
1785136092.8644199
1785136092.8644199
1785136092.8644199
1785136092.8644199
1785136092.8644199
1785136092.8644199
1785136092.8644199
1785136092.8644199
1785136092.8644199
1785136092.8644199
1785136092.8644199
1785136092.8644199
1785136092.8644199
1785136092.8644199
1785136092.8644199
1785136092.8644199
1785136092.8644199
1785136092.8644199
1785136092.8644199
1785136092.8644199
1785136092.8644199
1785136092.8644199
1785136092.8644199
1785136092.8644199
1785136092.8644199
1785136092.8644199
1785136092.8644199
1785136092.8644199
1785136092.8644199
1785136092.8644199
1785136092.8644199
1785136092.8646431
1785136092.8646431
1785136092.8646431
1785136092.8646431
1785136092.8646431
1785136092.8646431
1785136092.8646431
1785136092.8646431
1785136092.8646431
1785136092.8646431
1785136092.8646431
1785136092.8646431
1785136092.8646431
1785136092.8646431
1785136092.8646431
1785136092.8646431
1785136092.8646431
1785136092.8646431
1785136092.8646431
1785136092.8646431
1785136092.8646431
1785136092.8646431
1785136092.8646431
1785136092.8646431
1785136092.8646431
1785136092.8646431
1785136092.8646431
1785136092.8646431
1785136092.8646431
1785136092.8646431
1785136092.8646431
1785136092.8646431
1785136092.8646431
1785136092.8646431
1785136092.8646431
1785136092.8646431
1785136092.8646431
1785136092.8646431
1785136092.8646431
1785136092.8646431
1785136092.8646431
1785136092.8646431
1785136092.8646431
1785136092.8646431
1785136092.8646431
1785136092.8646431
1785136092.8646431
1785136092.8646431
1785136092.8646431
1785136092.8646431
1785136092.8646431
1785136092.8646431
1785136092.8646431
1785136092.8646431
1785136092.8646431
1785136092.8646431
1785136092.8646431
1785136092.8646431
1785136092.8646431
1785136092.8646431
1785136092.8646431
1785136092.8646431
1785136092.8648651
1785136092.8648651
1785136092.8648651
1785136092.8648651
1785136092.8648651
1785136092.8648651
1785136092.8648651
1785136092.8648651
1785136092.8648651
1785136092.8648651
1785136092.8648651
1785136092.8648651
1785136092.8648651
1785136092.8648651
1785136092.8648651
1785136092.8648651
1785136092.8648651
1785136092.8648651
1785136092.8648651
1785136092.8648651
1785136092.8648651
1785136092.8648651
1785136092.8648651
1785136092.8648651
1785136092.8648651
1785136092.8648651
1785136092.8648651
1785136092.8648651
1785136092.8648651
1785136092.8648651
1785136092.8648651
1785136092.8648651
1785136092.8648651
1785136092.8648651
1785136092.8648651
1785136092.8648651
1785136092.8648651
1785136092.8648651
1785136092.8648651
1785136092.8648651
1785136092.8648651
1785136092.8648651
1785136092.8648651
1785136092.8648651
1785136092.8648651
1785136092.8648651
1785136092.8648651
1785136092.8648651
1785136092.8648651
1785136092.8648651
1785136092.8648651
1785136092.8648651
1785136092.8648651
1785136092.8648651
1785136092.8648651
1785136092.8648651
1785136092.8648651
1785136092.8648651
1785136092.8648651
1785136092.8648651
1785136092.8648651
1785136092.8650870
1785136092.8650870
1785136092.8650870
1785136092.8650870
1785136092.8650870
1785136092.8650870
1785136092.8650870
1785136092.8650870
1785136092.8650870
1785136092.8650870
1785136092.8650870
1785136092.8650870
1785136092.8650870
1785136092.8650870
1785136092.8650870
1785136092.8650870
1785136092.8650870
1785136092.8650870
1785136092.8650870
1785136092.8650870
1785136092.8650870
1785136092.8650870
1785136092.8650870
1785136092.8650870
1785136092.8650870
1785136092.8650870
1785136092.8650870
1785136092.8650870
1785136092.8650870
1785136092.8650870
1785136092.8650870
1785136092.8650870
1785136092.8650870
1785136092.8650870
1785136092.8650870
1785136092.8650870
1785136092.8650870
1785136092.8650870
1785136092.8650870
1785136092.8650870
1785136092.8650870
1785136092.8650870
1785136092.8650870
1785136092.8650870
1785136092.8650870
1785136092.8650870
1785136092.8650870
1785136092.8650870
1785136092.8650870
1785136092.8650870
1785136092.8650870
1785136092.8650870
1785136092.8650870
1785136092.8650870
1785136092.8650870
1785136092.8650870
1785136092.8650870
1785136092.8650870
1785136092.8650870
1785136092.8650870
1785136092.8650870
1785136092.8653100
1785136092.8653100
1785136092.8653100
1785136092.8653100
1785136092.8653100
1785136092.8653100
1785136092.8653100
1785136092.8653100
1785136092.8653100
1785136092.8653100
1785136092.8653100
1785136092.8653100
1785136092.8653100
1785136092.8653100
1785136092.8653100
1785136092.8653100
1785136092.8653100
1785136092.8653100
1785136092.8653100
1785136092.8653100
1785136092.8653100
1785136092.8653100
1785136092.8653100
1785136092.8653100
1785136092.8653100
1785136092.8653100
1785136092.8653100
1785136092.8653100
1785136092.8653100
1785136092.8653100
1785136092.8653100
1785136092.8653100
1785136092.8653100
1785136092.8653100
1785136092.8653100
1785136092.8653100
1785136092.8653100
1785136092.8653100
1785136092.8653100
1785136092.8653100
1785136092.8653100
1785136092.8653100
1785136092.8653100
1785136092.8653100
1785136092.8653100
1785136092.8653100
1785136092.8653100
1785136092.8653100
1785136092.8653100
1785136092.8653100
1785136092.8653100
1785136092.8653100
1785136092.8653100
1785136092.8653100
1785136092.8653100
1785136092.8653100
1785136092.8653100
1785136092.8653100
1785136092.8653100
1785136092.8653100
1785136092.8653100
1785136092.8655310
1785136092.8655310
1785136092.8655310
1785136092.8655310
1785136092.8655310
1785136092.8655310
1785136092.8655310
1785136092.8655310
1785136092.8655310
1785136092.8655310
1785136092.8655310
1785136092.8655310
1785136092.8655310
1785136092.8655310
1785136092.8655310
1785136092.8655310
1785136092.8655310
1785136092.8655310
1785136092.8655310
1785136092.8655310
1785136092.8655310
1785136092.8655310
1785136092.8655310
1785136092.8655310
1785136092.8655310
1785136092.8655310
1785136092.8655310
1785136092.8655310
1785136092.8655310
1785136092.8655310
1785136092.8655310
1785136092.8655310
1785136092.8655310
1785136092.8655310
1785136092.8655310
1785136092.8655310
1785136092.8655310
1785136092.8655310
1785136092.8655310
1785136092.8655310
1785136092.8655310
1785136092.8655310
1785136092.8655310
1785136092.8655310
1785136092.8655310
1785136092.8655310
1785136092.8655310
1785136092.8655310
1785136092.8655310
1785136092.8655310
1785136092.8655310
1785136092.8655310
1785136092.8655310
1785136092.8655310
1785136092.8655310
1785136092.8655310
1785136092.8655310
1785136092.8655310
1785136092.8655310
1785136092.8655310
1785136092.8657539
1785136092.8657539
1785136092.8657539
1785136092.8657539
1785136092.8657539
1785136092.8657539
1785136092.8657539
1785136092.8657539
1785136092.8657539
1785136092.8657539
1785136092.8657539
1785136092.8657539
1785136092.8657539
1785136092.8657539
1785136092.8657539
1785136092.8657539
1785136092.8657539
1785136092.8657539
1785136092.8657539
1785136092.8657539
1785136092.8657539
1785136092.8657539
1785136092.8657539
1785136092.8657539
1785136092.8657539
1785136092.8657539
1785136092.8657539
1785136092.8657539
1785136092.8657539
1785136092.8657539
1785136092.8657539
1785136092.8657539
1785136092.8657539
1785136092.8657539
1785136092.8657539
1785136092.8657539
1785136092.8657539
1785136092.8657539
1785136092.8657539
1785136092.8657539
1785136092.8657539
1785136092.8657539
1785136092.8657539
1785136092.8657539
1785136092.8657539
1785136092.8657539
1785136092.8659761
1785136092.8659761
1785136092.8659761
1785136092.8659761
1785136092.8659761
1785136092.8659761
1785136092.8659761
1785136092.8659761
1785136092.8659761
1785136092.8659761
1785136092.8659761
1785136092.8659761
1785136092.8659761
1785136092.8659761
1785136092.8659761
1785136092.8659761
1785136092.8659761
1785136092.8659761
1785136092.8659761
1785136092.8659761
1785136092.8659761
1785136092.8659761
1785136092.8659761
1785136092.8659761
1785136092.8659761
1785136092.8661981
1785136092.8661981
1785136092.8661981
1785136092.8661981
1785136092.8661981
1785136092.8661981
1785136092.8661981
1785136092.8661981
1785136092.8661981
1785136092.8661981
1785136092.8661981
1785136092.8661981
1785136092.8661981
1785136092.8661981
1785136092.8661981
1785136092.8661981
1785136092.8661981
1785136092.8661981
1785136092.8661981
1785136092.8661981
1785136092.8661981
1785136092.8661981
1785136092.8661981
1785136092.8661981
1785136092.8661981
1785136092.8661981
1785136092.8664200
1785136092.8664200
1785136092.8664200
1785136092.8664200
1785136092.8664200
1785136092.8664200
1785136092.8664200
1785136092.8664200
1785136092.8664200
1785136092.8664200
1785136092.8664200
1785136092.8664200
1785136092.8664200
1785136092.8664200
1785136092.8664200
1785136092.8664200
1785136092.8664200
1785136092.8664200
1785136092.8664200
1785136092.8664200
1785136092.8664200
1785136092.8664200
1785136092.8664200
1785136092.8664200
1785136092.8664200
1785136092.8664200
1785136092.8664200
1785136092.8664200
1785136092.8664200
1785136092.8664200
1785136092.8664200
1785136092.8664200
1785136092.8664200
1785136092.8664200
1785136092.8664200
1785136092.8666420
1785136092.8666420
1785136092.8666420
1785136092.8666420
1785136092.8666420
1785136092.8666420
1785136092.8666420
1785136092.8666420
1785136092.8666420
1785136092.8666420
1785136092.8666420
1785136092.8666420
1785136092.8666420
1785136092.8666420
1785136092.8666420
1785136092.8666420
1785136092.8666420
1785136092.8668649
1785136092.8668649
1785136092.8668649
1785136092.8668649
1785136092.8668649
1785136092.8668649
1785136092.8668649
1785136092.8668649
1785136092.8668649
1785136092.8668649
1785136092.8668649
1785136092.8668649
1785136092.8668649
1785136092.8668649
1785136092.8668649
1785136092.8668649
1785136092.8668649
1785136092.8670869
1785136092.8670869
1785136092.8670869
1785136092.8670869
1785136092.8670869
1785136092.8670869
1785136092.8670869
1785136092.8670869
1785136092.8670869
1785136092.8670869
1785136092.8670869
1785136092.8670869
1785136092.8670869
1785136092.8670869
1785136092.8670869
1785136092.8670869
1785136092.8670869
1785136092.8673091
1785136092.8673091
1785136092.8673091
1785136092.8673091
1785136092.8673091
1785136092.8673091
1785136092.8673091
1785136092.8673091
1785136092.8673091
1785136092.8673091
1785136092.8673091
1785136092.8673091
1785136092.8673091
1785136092.8673091
1785136092.8673091
1785136092.8673091
1785136092.8673091
1785136092.8675320
1785136092.8675320
1785136092.8675320
1785136092.8675320
1785136092.8675320
1785136092.8675320
1785136092.8675320
1785136092.8675320
1785136092.8675320
1785136092.8675320
1785136092.8675320
1785136092.8675320
1785136092.8675320
1785136092.8675320
1785136092.8675320
1785136092.8677530
1785136092.8677530
1785136092.8677530
1785136092.8677530
1785136092.8677530
1785136092.8677530
1785136092.8677530
1785136092.8677530
1785136092.8677530
1785136092.8677530
1785136092.8677530
1785136092.8726411
1785136092.8726411
1785136092.8726411
1785136092.8726411
1785136092.8726411
1785136092.8726411
1785136092.8726411
1785136092.8726411
1785136092.8726411
1785136092.8728631
1785136092.8728631
1785136092.8728631
1785136092.8728631
1785136092.8728631
1785136092.8728631
1785136092.8728631
1785136092.8728631
1785136092.8728631
1785136092.8728631
1785136092.8728631
1785136092.8730850
1785136092.8730850
1785136092.8730850
1785136092.8730850
1785136092.8730850
1785136092.8730850
1785136092.8730850
1785136092.8730850
1785136092.8730850
1785136092.8730850
1785136092.8730850
1785136092.8730850
1785136092.8733079
1785136092.8733079
1785136092.8733079
1785136092.8733079
1785136092.8733079
1785136092.8733079
1785136092.8733079
1785136092.8733079
1785136092.8733079
1785136092.8733079
1785136092.8733079
1785136092.8733079
1785136092.8735299
1785136092.8735299
1785136092.8735299
1785136092.8735299
1785136092.8735299
1785136092.8735299
1785136092.8735299
1785136092.8735299
1785136092.8735299
1785136092.8735299
1785136092.8735299
1785136092.8735299
1785136092.8735299
1785136092.8735299
1785136092.8737531
1785136092.8737531
1785136092.8737531
1785136092.8737531
1785136092.8737531
1785136092.8737531
1785136092.8737531
1785136092.8737531
1785136092.8737531
1785136092.8737531
1785136092.8737531
1785136092.8737531
1785136092.8737531
1785136092.8737531
1785136092.8737531
1785136092.8737531
1785136092.8739741
1785136092.8739741
1785136092.8739741
1785136092.8739741
1785136092.8739741
1785136092.8739741
1785136092.8739741
1785136092.8739741
1785136092.8739741
1785136092.8739741
1785136092.8739741
1785136092.8739741
1785136092.8739741
1785136092.8739741
1785136092.8739741
1785136092.8739741
1785136092.8741961
1785136092.8741961
1785136092.8741961
1785136092.8741961
1785136092.8741961
1785136092.8741961
1785136092.8741961
1785136092.8741961
1785136092.8741961
1785136092.8741961
1785136092.8741961
1785136092.8741961
1785136092.8741961
1785136092.8741961
1785136092.8744190
1785136092.8744190
1785136092.8744190
1785136092.8744190
1785136092.8744190
1785136092.8744190
1785136092.8744190
1785136092.8744190
1785136092.8744190
1785136092.8744190
1785136092.8744190
1785136092.8744190
1785136092.8744190
1785136092.8746409
1785136092.8746409
1785136092.8746409
1785136092.8746409
1785136092.8746409
1785136092.8746409
1785136092.8746409
