1785136085.1288540
1785136085.1288540
1785136085.1288540
1785136085.1288540
1785136085.1288540
1785136085.1288540
1785136085.1290760
1785136085.1290760
1785136085.1290760
1785136085.1290760
1785136085.1290760
1785136085.1290760
1785136085.1290760
1785136085.1290760
1785136085.1290760
1785136085.1292989
1785136085.1292989
1785136085.1292989
1785136085.1292989
1785136085.1292989
1785136085.1292989
1785136085.1292989
1785136085.1292989
1785136085.1292989
1785136085.1292989
1785136085.1292989
1785136085.1295199
1785136085.1295199
1785136085.1295199
1785136085.1295199
1785136085.1295199
1785136085.1295199
1785136085.1295199
1785136085.1295199
1785136085.1295199
1785136085.1295199
1785136085.1295199
1785136085.1297431
1785136085.1297431
1785136085.1297431
1785136085.1297431
1785136085.1297431
1785136085.1297431
1785136085.1297431
1785136085.1297431
1785136085.1299651
1785136085.1299651
1785136085.1299651
1785136085.1299651
1785136085.1299651
1785136085.1299651
1785136085.1299651
1785136085.1299651
1785136085.1301870
1785136085.1301870
1785136085.1301870
1785136085.1301870
1785136085.1301870
1785136085.1301870
1785136085.1304080
1785136085.1304080
1785136085.1304080
1785136085.1304080
1785136085.1304080
1785136085.1306319
1785136085.1306319
1785136085.1335199
1785136085.1335199
1785136085.1337421
1785136085.1337421
1785136085.1337421
1785136085.1337421
1785136085.1337421
1785136085.1337421
1785136085.1337421
1785136085.1337421
1785136085.1337421
1785136085.1337421
1785136085.1339650
1785136085.1339650
1785136085.1339650
1785136085.1339650
1785136085.1339650
1785136085.1339650
1785136085.1339650
1785136085.1339650
1785136085.1339650
1785136085.1339650
1785136085.1339650
1785136085.1339650
1785136085.1339650
1785136085.1339650
1785136085.1339650
1785136085.1339650
1785136085.1339650
1785136085.1339650
1785136085.1339650
1785136085.1339650
1785136085.1339650
1785136085.1339650
1785136085.1339650
1785136085.1339650
1785136085.1339650
1785136085.1339650
1785136085.1339650
1785136085.1339650
1785136085.1339650
1785136085.1339650
1785136085.1339650
1785136085.1339650
1785136085.1341870
1785136085.1341870
1785136085.1341870
1785136085.1341870
1785136085.1341870
1785136085.1341870
1785136085.1341870
1785136085.1341870
1785136085.1341870
1785136085.1341870
1785136085.1341870
1785136085.1341870
1785136085.1341870
1785136085.1341870
1785136085.1341870
1785136085.1341870
1785136085.1341870
1785136085.1341870
1785136085.1341870
1785136085.1341870
1785136085.1341870
1785136085.1341870
1785136085.1341870
1785136085.1341870
1785136085.1341870
1785136085.1341870
1785136085.1341870
1785136085.1341870
1785136085.1341870
1785136085.1341870
1785136085.1341870
1785136085.1341870
1785136085.1344090
1785136085.1344090
1785136085.1344090
1785136085.1344090
1785136085.1344090
1785136085.1344090
1785136085.1344090
1785136085.1344090
1785136085.1344090
1785136085.1344090
1785136085.1344090
1785136085.1344090
1785136085.1344090
1785136085.1344090
1785136085.1344090
1785136085.1344090
1785136085.1344090
1785136085.1344090
1785136085.1344090
1785136085.1344090
1785136085.1344090
1785136085.1344090
1785136085.1344090
1785136085.1344090
1785136085.1344090
1785136085.1344090
1785136085.1344090
1785136085.1344090
1785136085.1344090
1785136085.1344090
1785136085.1344090
1785136085.1344090
1785136085.1346309
1785136085.1346309
1785136085.1346309
1785136085.1346309
1785136085.1346309
1785136085.1346309
1785136085.1346309
1785136085.1346309
1785136085.1346309
1785136085.1346309
1785136085.1346309
1785136085.1346309
1785136085.1346309
1785136085.1346309
1785136085.1346309
1785136085.1346309
1785136085.1346309
1785136085.1346309
1785136085.1346309
1785136085.1346309
1785136085.1346309
1785136085.1346309
1785136085.1346309
1785136085.1346309
1785136085.1346309
1785136085.1346309
1785136085.1346309
1785136085.1346309
1785136085.1346309
1785136085.1346309
1785136085.1346309
1785136085.1346309
1785136085.1348529
1785136085.1348529
1785136085.1348529
1785136085.1348529
1785136085.1348529
1785136085.1348529
1785136085.1348529
1785136085.1348529
1785136085.1348529
1785136085.1348529
1785136085.1348529
1785136085.1348529
1785136085.1348529
1785136085.1348529
1785136085.1348529
1785136085.1348529
1785136085.1348529
1785136085.1348529
1785136085.1348529
1785136085.1348529
1785136085.1348529
1785136085.1348529
1785136085.1348529
1785136085.1348529
1785136085.1348529
1785136085.1348529
1785136085.1348529
1785136085.1348529
1785136085.1348529
1785136085.1348529
1785136085.1348529
1785136085.1348529
1785136085.1350751
1785136085.1350751
1785136085.1350751
1785136085.1350751
1785136085.1350751
1785136085.1350751
1785136085.1350751
1785136085.1350751
1785136085.1350751
1785136085.1350751
1785136085.1350751
1785136085.1350751
1785136085.1350751
1785136085.1350751
1785136085.1350751
1785136085.1350751
1785136085.1350751
1785136085.1350751
1785136085.1350751
1785136085.1350751
1785136085.1350751
1785136085.1350751
1785136085.1350751
1785136085.1350751
1785136085.1350751
1785136085.1350751
1785136085.1350751
1785136085.1350751
1785136085.1350751
1785136085.1350751
1785136085.1350751
1785136085.1350751
1785136085.1352980
1785136085.1352980
1785136085.1352980
1785136085.1352980
1785136085.1352980
1785136085.1352980
1785136085.1352980
1785136085.1352980
1785136085.1352980
1785136085.1352980
1785136085.1352980
1785136085.1352980
1785136085.1352980
1785136085.1352980
1785136085.1352980
1785136085.1352980
1785136085.1352980
1785136085.1352980
1785136085.1352980
1785136085.1352980
1785136085.1352980
1785136085.1352980
1785136085.1352980
1785136085.1352980
1785136085.1352980
1785136085.1352980
1785136085.1352980
1785136085.1352980
1785136085.1352980
1785136085.1352980
1785136085.1352980
1785136085.1352980
1785136085.1352980
1785136085.1352980
1785136085.1352980
1785136085.1355200
1785136085.1355200
1785136085.1355200
1785136085.1355200
1785136085.1355200
1785136085.1355200
1785136085.1355200
1785136085.1355200
1785136085.1355200
1785136085.1355200
1785136085.1355200
1785136085.1355200
1785136085.1355200
1785136085.1355200
1785136085.1355200
1785136085.1355200
1785136085.1355200
1785136085.1355200
1785136085.1355200
1785136085.1355200
1785136085.1355200
1785136085.1355200
1785136085.1355200
1785136085.1355200
1785136085.1355200
1785136085.1355200
1785136085.1355200
1785136085.1355200
1785136085.1355200
1785136085.1355200
1785136085.1355200
1785136085.1355200
1785136085.1355200
1785136085.1355200
1785136085.1355200
1785136085.1355200
1785136085.1355200
1785136085.1355200
1785136085.1355200
1785136085.1355200
1785136085.1355200
1785136085.1355200
1785136085.1355200
1785136085.1355200
1785136085.1355200
1785136085.1355200
1785136085.1355200
1785136085.1355200
1785136085.1357419
1785136085.1357419
1785136085.1357419
1785136085.1357419
1785136085.1357419
1785136085.1357419
1785136085.1357419
1785136085.1357419
1785136085.1357419
1785136085.1357419
1785136085.1357419
1785136085.1357419
1785136085.1357419
1785136085.1357419
1785136085.1357419
1785136085.1357419
1785136085.1357419
1785136085.1357419
1785136085.1357419
1785136085.1357419
1785136085.1357419
1785136085.1357419
1785136085.1357419
1785136085.1357419
1785136085.1357419
1785136085.1357419
1785136085.1357419
1785136085.1357419
1785136085.1357419
1785136085.1357419
1785136085.1357419
1785136085.1357419
1785136085.1357419
1785136085.1357419
1785136085.1357419
1785136085.1357419
1785136085.1357419
1785136085.1357419
1785136085.1357419
1785136085.1357419
1785136085.1357419
1785136085.1357419
1785136085.1357419
1785136085.1357419
1785136085.1357419
1785136085.1357419
1785136085.1357419
1785136085.1359639
1785136085.1359639
1785136085.1359639
1785136085.1359639
1785136085.1359639
1785136085.1359639
1785136085.1359639
1785136085.1359639
1785136085.1359639
1785136085.1359639
1785136085.1359639
1785136085.1359639
1785136085.1359639
1785136085.1359639
1785136085.1359639
1785136085.1359639
1785136085.1359639
1785136085.1359639
1785136085.1359639
1785136085.1359639
1785136085.1359639
1785136085.1359639
1785136085.1359639
1785136085.1359639
1785136085.1359639
1785136085.1359639
1785136085.1359639
1785136085.1359639
1785136085.1359639
1785136085.1359639
1785136085.1359639
1785136085.1359639
1785136085.1359639
1785136085.1359639
1785136085.1359639
1785136085.1359639
1785136085.1359639
1785136085.1359639
1785136085.1359639
1785136085.1359639
1785136085.1359639
1785136085.1359639
1785136085.1359639
1785136085.1359639
1785136085.1359639
1785136085.1359639
1785136085.1359639
1785136085.1359639
1785136085.1361871
1785136085.1361871
1785136085.1361871
1785136085.1361871
1785136085.1361871
1785136085.1361871
1785136085.1361871
1785136085.1361871
1785136085.1361871
1785136085.1361871
1785136085.1361871
1785136085.1361871
1785136085.1361871
1785136085.1361871
1785136085.1361871
1785136085.1361871
1785136085.1361871
1785136085.1361871
1785136085.1361871
1785136085.1361871
1785136085.1361871
1785136085.1361871
1785136085.1361871
1785136085.1361871
1785136085.1361871
1785136085.1361871
1785136085.1361871
1785136085.1361871
1785136085.1361871
1785136085.1361871
1785136085.1361871
1785136085.1361871
1785136085.1361871
1785136085.1361871
1785136085.1361871
1785136085.1361871
1785136085.1361871
1785136085.1361871
1785136085.1361871
1785136085.1361871
1785136085.1361871
1785136085.1361871
1785136085.1361871
1785136085.1361871
1785136085.1361871
1785136085.1361871
1785136085.1361871
1785136085.1361871
1785136085.1361871
1785136085.1364090
1785136085.1364090
1785136085.1364090
1785136085.1364090
1785136085.1364090
1785136085.1364090
1785136085.1364090
1785136085.1364090
1785136085.1364090
1785136085.1364090
1785136085.1364090
1785136085.1364090
1785136085.1364090
1785136085.1364090
1785136085.1364090
1785136085.1364090
1785136085.1364090
1785136085.1364090
1785136085.1364090
1785136085.1364090
1785136085.1364090
1785136085.1364090
1785136085.1364090
1785136085.1364090
1785136085.1364090
1785136085.1364090
1785136085.1364090
1785136085.1364090
1785136085.1364090
1785136085.1364090
1785136085.1364090
1785136085.1364090
1785136085.1364090
1785136085.1364090
1785136085.1364090
1785136085.1364090
1785136085.1364090
1785136085.1364090
1785136085.1364090
1785136085.1364090
1785136085.1364090
1785136085.1364090
1785136085.1364090
1785136085.1364090
1785136085.1364090
1785136085.1364090
1785136085.1364090
1785136085.1364090
1785136085.1364090
1785136085.1366301
1785136085.1366301
1785136085.1366301
1785136085.1366301
1785136085.1366301
1785136085.1366301
1785136085.1366301
1785136085.1366301
1785136085.1366301
1785136085.1366301
1785136085.1366301
1785136085.1366301
1785136085.1366301
1785136085.1366301
1785136085.1366301
1785136085.1366301
1785136085.1366301
1785136085.1366301
1785136085.1366301
1785136085.1366301
1785136085.1366301
1785136085.1366301
1785136085.1366301
1785136085.1366301
1785136085.1366301
1785136085.1366301
1785136085.1366301
1785136085.1366301
1785136085.1366301
1785136085.1366301
1785136085.1366301
1785136085.1366301
1785136085.1366301
1785136085.1366301
1785136085.1366301
1785136085.1366301
1785136085.1366301
1785136085.1366301
1785136085.1366301
1785136085.1366301
1785136085.1366301
1785136085.1366301
1785136085.1366301
1785136085.1366301
1785136085.1366301
1785136085.1366301
1785136085.1366301
1785136085.1366301
1785136085.1366301
1785136085.1368520
1785136085.1368520
1785136085.1368520
1785136085.1368520
1785136085.1368520
1785136085.1368520
1785136085.1368520
1785136085.1368520
1785136085.1368520
1785136085.1368520
1785136085.1368520
1785136085.1368520
1785136085.1368520
1785136085.1368520
1785136085.1368520
1785136085.1368520
1785136085.1368520
1785136085.1368520
1785136085.1368520
1785136085.1368520
1785136085.1368520
1785136085.1368520
1785136085.1368520
1785136085.1368520
1785136085.1368520
1785136085.1368520
1785136085.1368520
1785136085.1368520
1785136085.1368520
1785136085.1368520
1785136085.1368520
1785136085.1368520
1785136085.1368520
1785136085.1368520
1785136085.1368520
1785136085.1368520
1785136085.1368520
1785136085.1368520
1785136085.1368520
1785136085.1368520
1785136085.1368520
1785136085.1368520
1785136085.1368520
1785136085.1368520
1785136085.1368520
1785136085.1368520
1785136085.1368520
1785136085.1368520
1785136085.1368520
1785136085.1370749
1785136085.1370749
1785136085.1370749
1785136085.1370749
1785136085.1370749
1785136085.1370749
1785136085.1370749
1785136085.1370749
1785136085.1370749
1785136085.1370749
1785136085.1370749
1785136085.1370749
1785136085.1370749
1785136085.1370749
1785136085.1370749
1785136085.1370749
1785136085.1370749
1785136085.1370749
1785136085.1370749
1785136085.1370749
1785136085.1370749
1785136085.1370749
1785136085.1370749
1785136085.1370749
1785136085.1370749
1785136085.1370749
1785136085.1370749
1785136085.1370749
1785136085.1370749
1785136085.1370749
1785136085.1370749
1785136085.1370749
1785136085.1370749
1785136085.1370749
1785136085.1370749
1785136085.1370749
1785136085.1370749
1785136085.1370749
1785136085.1370749
1785136085.1370749
1785136085.1370749
1785136085.1370749
1785136085.1370749
1785136085.1370749
1785136085.1370749
1785136085.1370749
1785136085.1370749
1785136085.1370749
1785136085.1370749
1785136085.1372969
1785136085.1372969
1785136085.1372969
1785136085.1372969
1785136085.1372969
1785136085.1372969
1785136085.1372969
1785136085.1372969
1785136085.1372969
1785136085.1372969
1785136085.1372969
1785136085.1372969
1785136085.1372969
1785136085.1372969
1785136085.1372969
1785136085.1372969
1785136085.1372969
1785136085.1372969
1785136085.1372969
1785136085.1372969
1785136085.1372969
1785136085.1372969
1785136085.1372969
1785136085.1372969
1785136085.1372969
1785136085.1372969
1785136085.1372969
1785136085.1372969
1785136085.1372969
1785136085.1372969
1785136085.1372969
1785136085.1372969
1785136085.1372969
1785136085.1372969
1785136085.1372969
1785136085.1372969
1785136085.1372969
1785136085.1372969
1785136085.1372969
1785136085.1372969
1785136085.1372969
1785136085.1372969
1785136085.1372969
1785136085.1372969
1785136085.1372969
1785136085.1372969
1785136085.1372969
1785136085.1372969
1785136085.1372969
1785136085.1375189
1785136085.1375189
1785136085.1375189
1785136085.1375189
1785136085.1375189
1785136085.1375189
1785136085.1375189
1785136085.1375189
1785136085.1375189
1785136085.1375189
1785136085.1375189
1785136085.1375189
1785136085.1375189
1785136085.1375189
1785136085.1375189
1785136085.1375189
1785136085.1375189
1785136085.1375189
1785136085.1375189
1785136085.1375189
1785136085.1375189
1785136085.1375189
1785136085.1375189
1785136085.1375189
1785136085.1375189
1785136085.1375189
1785136085.1375189
1785136085.1375189
1785136085.1375189
1785136085.1375189
1785136085.1375189
1785136085.1375189
1785136085.1375189
1785136085.1375189
1785136085.1375189
1785136085.1375189
1785136085.1375189
1785136085.1375189
1785136085.1375189
1785136085.1375189
1785136085.1375189
1785136085.1375189
1785136085.1375189
1785136085.1375189
1785136085.1375189
1785136085.1375189
1785136085.1375189
1785136085.1375189
1785136085.1375189
1785136085.1377420
1785136085.1377420
1785136085.1377420
1785136085.1377420
1785136085.1377420
1785136085.1377420
1785136085.1377420
1785136085.1377420
1785136085.1377420
1785136085.1377420
1785136085.1377420
1785136085.1377420
1785136085.1377420
1785136085.1377420
1785136085.1377420
1785136085.1377420
1785136085.1377420
1785136085.1377420
1785136085.1377420
1785136085.1377420
1785136085.1377420
1785136085.1377420
1785136085.1377420
1785136085.1377420
1785136085.1377420
1785136085.1377420
1785136085.1377420
1785136085.1377420
1785136085.1377420
1785136085.1377420
1785136085.1377420
1785136085.1377420
1785136085.1377420
1785136085.1377420
1785136085.1377420
1785136085.1377420
1785136085.1377420
1785136085.1377420
1785136085.1377420
1785136085.1377420
1785136085.1377420
1785136085.1377420
1785136085.1377420
1785136085.1377420
1785136085.1377420
1785136085.1377420
1785136085.1377420
1785136085.1377420
1785136085.1379640
1785136085.1379640
1785136085.1379640
1785136085.1379640
1785136085.1379640
1785136085.1379640
1785136085.1379640
1785136085.1379640
1785136085.1379640
1785136085.1379640
1785136085.1379640
1785136085.1379640
1785136085.1379640
1785136085.1379640
1785136085.1379640
1785136085.1379640
1785136085.1379640
1785136085.1379640
1785136085.1379640
1785136085.1379640
1785136085.1379640
1785136085.1379640
1785136085.1379640
1785136085.1379640
1785136085.1379640
1785136085.1379640
1785136085.1379640
1785136085.1379640
1785136085.1379640
1785136085.1379640
1785136085.1379640
1785136085.1379640
1785136085.1379640
1785136085.1379640
1785136085.1379640
1785136085.1379640
1785136085.1379640
1785136085.1379640
1785136085.1379640
1785136085.1379640
1785136085.1379640
1785136085.1379640
1785136085.1379640
1785136085.1379640
1785136085.1379640
1785136085.1379640
1785136085.1379640
1785136085.1379640
1785136085.1381860
1785136085.1381860
1785136085.1381860
1785136085.1381860
1785136085.1381860
1785136085.1381860
1785136085.1381860
1785136085.1381860
1785136085.1381860
1785136085.1381860
1785136085.1381860
1785136085.1381860
1785136085.1381860
1785136085.1381860
1785136085.1381860
1785136085.1381860
1785136085.1381860
1785136085.1381860
1785136085.1381860
1785136085.1381860
1785136085.1381860
1785136085.1381860
1785136085.1381860
1785136085.1381860
1785136085.1381860
1785136085.1381860
1785136085.1381860
1785136085.1381860
1785136085.1381860
1785136085.1381860
1785136085.1381860
1785136085.1381860
1785136085.1381860
1785136085.1381860
1785136085.1381860
1785136085.1381860
1785136085.1381860
1785136085.1381860
1785136085.1381860
1785136085.1381860
1785136085.1381860
1785136085.1381860
1785136085.1381860
1785136085.1381860
1785136085.1381860
1785136085.1381860
1785136085.1381860
1785136085.1381860
1785136085.1384079
1785136085.1384079
1785136085.1384079
1785136085.1384079
1785136085.1384079
1785136085.1384079
1785136085.1384079
1785136085.1384079
1785136085.1384079
1785136085.1384079
1785136085.1384079
1785136085.1384079
1785136085.1384079
1785136085.1384079
1785136085.1384079
1785136085.1384079
1785136085.1384079
1785136085.1384079
1785136085.1384079
1785136085.1384079
1785136085.1384079
1785136085.1384079
1785136085.1384079
1785136085.1384079
1785136085.1384079
1785136085.1384079
1785136085.1384079
1785136085.1384079
1785136085.1384079
1785136085.1384079
1785136085.1384079
1785136085.1384079
1785136085.1384079
1785136085.1384079
1785136085.1384079
1785136085.1384079
1785136085.1384079
1785136085.1384079
1785136085.1384079
1785136085.1384079
1785136085.1384079
1785136085.1384079
1785136085.1384079
1785136085.1384079
1785136085.1384079
1785136085.1384079
1785136085.1384079
1785136085.1384079
1785136085.1386311
1785136085.1386311
1785136085.1386311
1785136085.1386311
1785136085.1386311
1785136085.1386311
1785136085.1386311
1785136085.1386311
1785136085.1386311
1785136085.1386311
1785136085.1386311
1785136085.1386311
1785136085.1386311
1785136085.1386311
1785136085.1386311
1785136085.1386311
1785136085.1386311
1785136085.1386311
1785136085.1386311
1785136085.1386311
1785136085.1386311
1785136085.1386311
1785136085.1386311
1785136085.1386311
1785136085.1386311
1785136085.1386311
1785136085.1386311
1785136085.1386311
1785136085.1386311
1785136085.1386311
1785136085.1386311
1785136085.1386311
1785136085.1386311
1785136085.1386311
1785136085.1386311
1785136085.1386311
1785136085.1386311
1785136085.1386311
1785136085.1386311
1785136085.1386311
1785136085.1386311
1785136085.1386311
1785136085.1386311
1785136085.1386311
1785136085.1386311
1785136085.1386311
1785136085.1386311
1785136085.1386311
1785136085.1388531
1785136085.1388531
1785136085.1388531
1785136085.1388531
1785136085.1388531
1785136085.1388531
1785136085.1388531
1785136085.1388531
1785136085.1388531
1785136085.1388531
1785136085.1388531
1785136085.1388531
1785136085.1388531
1785136085.1388531
1785136085.1388531
1785136085.1388531
1785136085.1388531
1785136085.1388531
1785136085.1388531
1785136085.1388531
1785136085.1388531
1785136085.1388531
1785136085.1388531
1785136085.1388531
1785136085.1388531
1785136085.1388531
1785136085.1388531
1785136085.1388531
1785136085.1388531
1785136085.1388531
1785136085.1388531
1785136085.1388531
1785136085.1388531
1785136085.1388531
1785136085.1388531
1785136085.1388531
1785136085.1388531
1785136085.1388531
1785136085.1388531
1785136085.1388531
1785136085.1388531
1785136085.1388531
1785136085.1388531
1785136085.1388531
1785136085.1388531
1785136085.1388531
1785136085.1388531
1785136085.1388531
1785136085.1388531
1785136085.1388531
1785136085.1388531
1785136085.1388531
1785136085.1390741
1785136085.1390741
1785136085.1390741
1785136085.1390741
1785136085.1390741
1785136085.1390741
1785136085.1390741
1785136085.1390741
1785136085.1390741
1785136085.1390741
1785136085.1390741
1785136085.1390741
1785136085.1390741
1785136085.1390741
1785136085.1390741
1785136085.1390741
1785136085.1390741
1785136085.1390741
1785136085.1390741
1785136085.1390741
1785136085.1390741
1785136085.1390741
1785136085.1390741
1785136085.1390741
1785136085.1390741
1785136085.1390741
1785136085.1390741
1785136085.1390741
1785136085.1390741
1785136085.1390741
1785136085.1390741
1785136085.1390741
1785136085.1390741
1785136085.1390741
1785136085.1390741
1785136085.1390741
1785136085.1390741
1785136085.1390741
1785136085.1390741
1785136085.1390741
1785136085.1390741
1785136085.1390741
1785136085.1390741
1785136085.1390741
1785136085.1390741
1785136085.1390741
1785136085.1390741
1785136085.1390741
1785136085.1390741
1785136085.1390741
1785136085.1390741
1785136085.1390741
1785136085.1392970
1785136085.1392970
1785136085.1392970
1785136085.1392970
1785136085.1392970
1785136085.1392970
1785136085.1392970
1785136085.1392970
1785136085.1392970
1785136085.1392970
1785136085.1392970
1785136085.1392970
1785136085.1392970
1785136085.1392970
1785136085.1392970
1785136085.1392970
1785136085.1392970
1785136085.1392970
1785136085.1392970
1785136085.1392970
1785136085.1392970
1785136085.1392970
1785136085.1392970
1785136085.1392970
1785136085.1392970
1785136085.1392970
1785136085.1392970
1785136085.1392970
1785136085.1392970
1785136085.1392970
1785136085.1392970
1785136085.1392970
1785136085.1392970
1785136085.1392970
1785136085.1392970
1785136085.1392970
1785136085.1392970
1785136085.1392970
1785136085.1392970
1785136085.1392970
1785136085.1392970
1785136085.1392970
1785136085.1392970
1785136085.1392970
1785136085.1392970
1785136085.1392970
1785136085.1392970
1785136085.1392970
1785136085.1392970
1785136085.1392970
1785136085.1392970
1785136085.1395190
1785136085.1395190
1785136085.1395190
1785136085.1395190
1785136085.1395190
1785136085.1395190
1785136085.1395190
1785136085.1395190
1785136085.1395190
1785136085.1395190
1785136085.1395190
1785136085.1395190
1785136085.1395190
1785136085.1395190
1785136085.1395190
1785136085.1395190
1785136085.1395190
1785136085.1395190
1785136085.1395190
1785136085.1395190
1785136085.1395190
1785136085.1395190
1785136085.1395190
1785136085.1395190
1785136085.1395190
1785136085.1395190
1785136085.1395190
1785136085.1395190
1785136085.1395190
1785136085.1395190
1785136085.1395190
1785136085.1395190
1785136085.1395190
1785136085.1395190
1785136085.1395190
1785136085.1395190
1785136085.1395190
1785136085.1395190
1785136085.1395190
1785136085.1395190
1785136085.1395190
1785136085.1395190
1785136085.1395190
1785136085.1395190
1785136085.1395190
1785136085.1395190
1785136085.1395190
1785136085.1395190
1785136085.1395190
1785136085.1395190
1785136085.1395190
1785136085.1397400
1785136085.1397400
1785136085.1397400
1785136085.1397400
1785136085.1397400
1785136085.1397400
1785136085.1397400
1785136085.1397400
1785136085.1397400
1785136085.1397400
1785136085.1397400
1785136085.1397400
1785136085.1397400
1785136085.1397400
1785136085.1397400
1785136085.1397400
1785136085.1397400
1785136085.1397400
1785136085.1397400
1785136085.1397400
1785136085.1397400
1785136085.1397400
1785136085.1397400
1785136085.1397400
1785136085.1397400
1785136085.1397400
1785136085.1397400
1785136085.1397400
1785136085.1397400
1785136085.1397400
1785136085.1397400
1785136085.1397400
1785136085.1397400
1785136085.1397400
1785136085.1397400
1785136085.1397400
1785136085.1397400
1785136085.1397400
1785136085.1397400
1785136085.1397400
1785136085.1397400
1785136085.1397400
1785136085.1397400
1785136085.1397400
1785136085.1397400
1785136085.1397400
1785136085.1397400
1785136085.1397400
1785136085.1399641
1785136085.1399641
1785136085.1399641
1785136085.1399641
1785136085.1399641
1785136085.1399641
1785136085.1399641
1785136085.1399641
1785136085.1399641
1785136085.1399641
1785136085.1399641
1785136085.1399641
1785136085.1399641
1785136085.1399641
1785136085.1399641
1785136085.1399641
1785136085.1399641
1785136085.1399641
1785136085.1399641
1785136085.1399641
1785136085.1399641
1785136085.1399641
1785136085.1399641
1785136085.1399641
1785136085.1399641
1785136085.1399641
1785136085.1399641
1785136085.1399641
1785136085.1399641
1785136085.1399641
1785136085.1399641
1785136085.1399641
1785136085.1399641
1785136085.1399641
1785136085.1399641
1785136085.1399641
1785136085.1399641
1785136085.1399641
1785136085.1399641
1785136085.1399641
1785136085.1399641
1785136085.1399641
1785136085.1399641
1785136085.1399641
1785136085.1399641
1785136085.1399641
1785136085.1399641
1785136085.1401861
1785136085.1401861
1785136085.1401861
1785136085.1401861
1785136085.1401861
1785136085.1401861
1785136085.1401861
1785136085.1401861
1785136085.1401861
1785136085.1401861
1785136085.1401861
1785136085.1401861
1785136085.1401861
1785136085.1401861
1785136085.1401861
1785136085.1401861
1785136085.1401861
1785136085.1401861
1785136085.1401861
1785136085.1401861
1785136085.1401861
1785136085.1401861
1785136085.1401861
1785136085.1401861
1785136085.1401861
1785136085.1401861
1785136085.1401861
1785136085.1401861
1785136085.1401861
1785136085.1401861
1785136085.1401861
1785136085.1401861
1785136085.1401861
1785136085.1401861
1785136085.1401861
1785136085.1401861
1785136085.1401861
1785136085.1401861
1785136085.1401861
1785136085.1401861
1785136085.1401861
1785136085.1401861
1785136085.1401861
1785136085.1401861
1785136085.1401861
1785136085.1401861
1785136085.1401861
1785136085.1404080
1785136085.1404080
1785136085.1404080
1785136085.1404080
1785136085.1404080
1785136085.1404080
1785136085.1404080
1785136085.1404080
1785136085.1404080
1785136085.1404080
1785136085.1404080
1785136085.1404080
1785136085.1404080
1785136085.1404080
1785136085.1404080
1785136085.1404080
1785136085.1404080
1785136085.1404080
1785136085.1404080
1785136085.1404080
1785136085.1404080
1785136085.1404080
1785136085.1404080
1785136085.1404080
1785136085.1404080
1785136085.1404080
1785136085.1404080
1785136085.1404080
1785136085.1404080
1785136085.1404080
1785136085.1404080
1785136085.1404080
1785136085.1404080
1785136085.1404080
1785136085.1404080
1785136085.1404080
1785136085.1404080
1785136085.1404080
1785136085.1404080
1785136085.1404080
1785136085.1404080
1785136085.1404080
1785136085.1404080
1785136085.1404080
1785136085.1404080
1785136085.1404080
1785136085.1404080
1785136085.1406300
1785136085.1406300
1785136085.1406300
1785136085.1406300
1785136085.1406300
1785136085.1406300
1785136085.1406300
1785136085.1406300
1785136085.1406300
1785136085.1406300
1785136085.1406300
1785136085.1406300
1785136085.1406300
1785136085.1406300
1785136085.1406300
1785136085.1406300
1785136085.1406300
1785136085.1406300
1785136085.1406300
1785136085.1406300
1785136085.1406300
1785136085.1406300
1785136085.1406300
1785136085.1406300
1785136085.1406300
1785136085.1406300
1785136085.1406300
1785136085.1406300
1785136085.1406300
1785136085.1406300
1785136085.1406300
1785136085.1406300
1785136085.1406300
1785136085.1406300
1785136085.1406300
1785136085.1406300
1785136085.1406300
1785136085.1406300
1785136085.1406300
1785136085.1406300
1785136085.1406300
1785136085.1406300
1785136085.1406300
1785136085.1406300
1785136085.1406300
1785136085.1406300
1785136085.1408520
1785136085.1408520
1785136085.1408520
1785136085.1408520
1785136085.1408520
1785136085.1408520
1785136085.1408520
1785136085.1408520
1785136085.1408520
1785136085.1408520
1785136085.1408520
1785136085.1408520
1785136085.1408520
1785136085.1408520
1785136085.1408520
1785136085.1408520
1785136085.1408520
1785136085.1408520
1785136085.1408520
1785136085.1408520
1785136085.1408520
1785136085.1408520
1785136085.1408520
1785136085.1408520
1785136085.1408520
1785136085.1408520
1785136085.1408520
1785136085.1408520
1785136085.1408520
1785136085.1408520
1785136085.1408520
1785136085.1408520
1785136085.1408520
1785136085.1408520
1785136085.1408520
1785136085.1408520
1785136085.1408520
1785136085.1408520
1785136085.1408520
1785136085.1408520
1785136085.1408520
1785136085.1408520
1785136085.1408520
1785136085.1408520
1785136085.1408520
1785136085.1408520
1785136085.1410739
1785136085.1410739
1785136085.1410739
1785136085.1410739
1785136085.1410739
1785136085.1410739
1785136085.1410739
1785136085.1410739
1785136085.1410739
1785136085.1410739
1785136085.1410739
1785136085.1410739
1785136085.1410739
1785136085.1410739
1785136085.1410739
1785136085.1410739
1785136085.1410739
1785136085.1410739
1785136085.1410739
1785136085.1410739
1785136085.1410739
1785136085.1410739
1785136085.1410739
1785136085.1410739
1785136085.1410739
1785136085.1410739
1785136085.1410739
1785136085.1410739
1785136085.1410739
1785136085.1410739
1785136085.1410739
1785136085.1410739
1785136085.1410739
1785136085.1410739
1785136085.1410739
1785136085.1410739
1785136085.1410739
1785136085.1410739
1785136085.1410739
1785136085.1410739
1785136085.1410739
1785136085.1410739
1785136085.1410739
1785136085.1410739
1785136085.1410739
1785136085.1410739
1785136085.1412959
1785136085.1412959
1785136085.1412959
1785136085.1412959
1785136085.1412959
1785136085.1412959
1785136085.1412959
1785136085.1412959
1785136085.1412959
1785136085.1412959
1785136085.1412959
1785136085.1412959
1785136085.1412959
1785136085.1412959
1785136085.1412959
1785136085.1412959
1785136085.1412959
1785136085.1412959
1785136085.1412959
1785136085.1412959
1785136085.1412959
1785136085.1412959
1785136085.1412959
1785136085.1412959
1785136085.1412959
1785136085.1412959
1785136085.1412959
1785136085.1412959
1785136085.1412959
1785136085.1412959
1785136085.1412959
1785136085.1412959
1785136085.1412959
1785136085.1412959
1785136085.1412959
1785136085.1412959
1785136085.1412959
1785136085.1412959
1785136085.1412959
1785136085.1412959
1785136085.1412959
1785136085.1412959
1785136085.1412959
1785136085.1412959
1785136085.1412959
1785136085.1412959
1785136085.1415200
1785136085.1415200
1785136085.1415200
1785136085.1415200
1785136085.1415200
1785136085.1415200
1785136085.1415200
1785136085.1415200
1785136085.1415200
1785136085.1415200
1785136085.1415200
1785136085.1415200
1785136085.1415200
1785136085.1415200
1785136085.1415200
1785136085.1415200
1785136085.1415200
1785136085.1415200
1785136085.1415200
1785136085.1415200
1785136085.1415200
1785136085.1415200
1785136085.1415200
1785136085.1415200
1785136085.1415200
1785136085.1415200
1785136085.1415200
1785136085.1415200
1785136085.1415200
1785136085.1415200
1785136085.1415200
1785136085.1415200
1785136085.1415200
1785136085.1415200
1785136085.1415200
1785136085.1415200
1785136085.1415200
1785136085.1415200
1785136085.1415200
1785136085.1415200
1785136085.1415200
1785136085.1415200
1785136085.1415200
1785136085.1415200
1785136085.1415200
1785136085.1415200
1785136085.1417410
1785136085.1417410
1785136085.1417410
1785136085.1417410
1785136085.1417410
1785136085.1417410
1785136085.1417410
1785136085.1417410
1785136085.1417410
1785136085.1417410
1785136085.1417410
1785136085.1417410
1785136085.1417410
1785136085.1417410
1785136085.1417410
1785136085.1417410
1785136085.1417410
1785136085.1417410
1785136085.1417410
1785136085.1417410
1785136085.1417410
1785136085.1417410
1785136085.1417410
1785136085.1417410
1785136085.1417410
1785136085.1417410
1785136085.1417410
1785136085.1417410
1785136085.1417410
1785136085.1417410
1785136085.1417410
1785136085.1417410
1785136085.1417410
1785136085.1417410
1785136085.1417410
1785136085.1417410
1785136085.1417410
1785136085.1417410
1785136085.1417410
1785136085.1417410
1785136085.1417410
1785136085.1417410
1785136085.1417410
1785136085.1417410
1785136085.1417410
1785136085.1417410
1785136085.1417410
1785136085.1419630
1785136085.1419630
1785136085.1419630
1785136085.1419630
1785136085.1419630
1785136085.1419630
1785136085.1419630
1785136085.1419630
1785136085.1419630
1785136085.1419630
1785136085.1419630
1785136085.1419630
1785136085.1419630
1785136085.1419630
1785136085.1419630
1785136085.1419630
1785136085.1419630
1785136085.1419630
1785136085.1419630
1785136085.1419630
1785136085.1419630
1785136085.1419630
1785136085.1419630
1785136085.1419630
1785136085.1419630
1785136085.1419630
1785136085.1419630
1785136085.1419630
1785136085.1419630
1785136085.1419630
1785136085.1419630
1785136085.1419630
1785136085.1419630
1785136085.1419630
1785136085.1419630
1785136085.1419630
1785136085.1419630
1785136085.1419630
1785136085.1419630
1785136085.1419630
1785136085.1419630
1785136085.1419630
1785136085.1419630
1785136085.1419630
1785136085.1419630
1785136085.1419630
1785136085.1419630
1785136085.1419630
1785136085.1419630
1785136085.1419630
1785136085.1419630
1785136085.1419630
1785136085.1419630
1785136085.1419630
1785136085.1419630
1785136085.1419630
1785136085.1421850
1785136085.1421850
1785136085.1421850
1785136085.1421850
1785136085.1421850
1785136085.1421850
1785136085.1421850
1785136085.1421850
1785136085.1421850
1785136085.1421850
1785136085.1421850
1785136085.1421850
1785136085.1421850
1785136085.1421850
1785136085.1421850
1785136085.1421850
1785136085.1421850
1785136085.1421850
1785136085.1421850
1785136085.1421850
1785136085.1421850
1785136085.1421850
1785136085.1421850
1785136085.1421850
1785136085.1421850
1785136085.1421850
1785136085.1421850
1785136085.1421850
1785136085.1421850
1785136085.1421850
1785136085.1421850
1785136085.1421850
1785136085.1421850
1785136085.1421850
1785136085.1421850
1785136085.1421850
1785136085.1421850
1785136085.1421850
1785136085.1421850
1785136085.1421850
1785136085.1421850
1785136085.1421850
1785136085.1421850
1785136085.1421850
1785136085.1421850
1785136085.1421850
1785136085.1421850
1785136085.1421850
1785136085.1421850
1785136085.1421850
1785136085.1421850
1785136085.1421850
1785136085.1421850
1785136085.1421850
1785136085.1421850
1785136085.1421850
1785136085.1421850
1785136085.1421850
1785136085.1421850
1785136085.1421850
1785136085.1421850
1785136085.1421850
1785136085.1421850
1785136085.1421850
1785136085.1421850
1785136085.1421850
1785136085.1421850
1785136085.1421850
1785136085.1421850
1785136085.1421850
1785136085.1421850
1785136085.1421850
1785136085.1421850
1785136085.1424079
1785136085.1424079
1785136085.1424079
1785136085.1424079
1785136085.1424079
1785136085.1424079
1785136085.1424079
1785136085.1424079
1785136085.1424079
1785136085.1424079
1785136085.1424079
1785136085.1424079
1785136085.1424079
1785136085.1424079
1785136085.1424079
1785136085.1424079
1785136085.1424079
1785136085.1424079
1785136085.1424079
1785136085.1424079
1785136085.1424079
1785136085.1424079
1785136085.1424079
1785136085.1424079
1785136085.1424079
1785136085.1424079
1785136085.1424079
1785136085.1424079
1785136085.1424079
1785136085.1424079
1785136085.1424079
1785136085.1424079
1785136085.1424079
1785136085.1424079
1785136085.1424079
1785136085.1424079
1785136085.1424079
1785136085.1424079
1785136085.1424079
1785136085.1424079
1785136085.1424079
1785136085.1424079
1785136085.1424079
1785136085.1424079
1785136085.1424079
1785136085.1424079
1785136085.1424079
1785136085.1424079
1785136085.1424079
1785136085.1424079
1785136085.1424079
1785136085.1424079
1785136085.1424079
1785136085.1424079
1785136085.1424079
1785136085.1424079
1785136085.1424079
1785136085.1426289
1785136085.1426289
1785136085.1426289
1785136085.1426289
1785136085.1426289
1785136085.1426289
1785136085.1426289
1785136085.1426289
1785136085.1426289
1785136085.1426289
1785136085.1426289
1785136085.1426289
1785136085.1426289
1785136085.1426289
1785136085.1426289
1785136085.1426289
1785136085.1426289
1785136085.1426289
1785136085.1426289
1785136085.1426289
1785136085.1426289
1785136085.1426289
1785136085.1426289
1785136085.1426289
1785136085.1426289
1785136085.1426289
1785136085.1426289
1785136085.1426289
1785136085.1426289
1785136085.1426289
1785136085.1426289
1785136085.1426289
1785136085.1426289
1785136085.1426289
1785136085.1426289
1785136085.1426289
1785136085.1426289
1785136085.1426289
1785136085.1426289
1785136085.1426289
1785136085.1426289
1785136085.1426289
1785136085.1426289
1785136085.1426289
1785136085.1426289
1785136085.1426289
1785136085.1426289
1785136085.1426289
1785136085.1426289
1785136085.1426289
1785136085.1426289
1785136085.1426289
1785136085.1426289
1785136085.1426289
1785136085.1426289
1785136085.1426289
1785136085.1426289
1785136085.1426289
1785136085.1426289
1785136085.1426289
1785136085.1428521
1785136085.1428521
1785136085.1428521
1785136085.1428521
1785136085.1428521
1785136085.1428521
1785136085.1428521
1785136085.1428521
1785136085.1428521
1785136085.1428521
1785136085.1428521
1785136085.1428521
1785136085.1428521
1785136085.1428521
1785136085.1428521
1785136085.1428521
1785136085.1428521
1785136085.1428521
1785136085.1428521
1785136085.1428521
1785136085.1428521
1785136085.1428521
1785136085.1428521
1785136085.1428521
1785136085.1428521
1785136085.1428521
1785136085.1428521
1785136085.1428521
1785136085.1428521
1785136085.1428521
1785136085.1428521
1785136085.1428521
1785136085.1428521
1785136085.1428521
1785136085.1428521
1785136085.1428521
1785136085.1428521
1785136085.1428521
1785136085.1428521
1785136085.1428521
1785136085.1428521
1785136085.1428521
1785136085.1428521
1785136085.1428521
1785136085.1428521
1785136085.1428521
1785136085.1428521
1785136085.1428521
1785136085.1428521
1785136085.1428521
1785136085.1428521
1785136085.1428521
1785136085.1428521
1785136085.1428521
1785136085.1430740
1785136085.1430740
1785136085.1430740
1785136085.1430740
1785136085.1430740
1785136085.1430740
1785136085.1430740
1785136085.1430740
1785136085.1430740
1785136085.1430740
1785136085.1430740
1785136085.1430740
1785136085.1430740
1785136085.1430740
1785136085.1430740
1785136085.1430740
1785136085.1430740
1785136085.1430740
1785136085.1430740
1785136085.1430740
1785136085.1430740
1785136085.1430740
1785136085.1430740
1785136085.1430740
1785136085.1430740
1785136085.1430740
1785136085.1430740
1785136085.1430740
1785136085.1430740
1785136085.1430740
1785136085.1430740
1785136085.1430740
1785136085.1430740
1785136085.1430740
1785136085.1430740
1785136085.1430740
1785136085.1430740
1785136085.1430740
1785136085.1430740
1785136085.1430740
1785136085.1430740
1785136085.1430740
1785136085.1430740
1785136085.1430740
1785136085.1430740
1785136085.1430740
1785136085.1430740
1785136085.1430740
1785136085.1430740
1785136085.1430740
1785136085.1430740
1785136085.1430740
1785136085.1430740
1785136085.1430740
1785136085.1430740
1785136085.1430740
1785136085.1430740
1785136085.1430740
1785136085.1432960
1785136085.1432960
1785136085.1432960
1785136085.1432960
1785136085.1432960
1785136085.1432960
1785136085.1432960
1785136085.1432960
1785136085.1432960
1785136085.1432960
1785136085.1432960
1785136085.1432960
1785136085.1432960
1785136085.1432960
1785136085.1432960
1785136085.1432960
1785136085.1432960
1785136085.1432960
1785136085.1432960
1785136085.1432960
1785136085.1432960
1785136085.1432960
1785136085.1432960
1785136085.1432960
1785136085.1432960
1785136085.1432960
1785136085.1432960
1785136085.1432960
1785136085.1432960
1785136085.1432960
1785136085.1432960
1785136085.1432960
1785136085.1432960
1785136085.1432960
1785136085.1432960
1785136085.1432960
1785136085.1432960
1785136085.1432960
1785136085.1432960
1785136085.1432960
1785136085.1432960
1785136085.1432960
1785136085.1432960
1785136085.1432960
1785136085.1432960
1785136085.1432960
1785136085.1432960
1785136085.1432960
1785136085.1432960
1785136085.1432960
1785136085.1432960
1785136085.1432960
1785136085.1432960
1785136085.1432960
1785136085.1432960
1785136085.1432960
1785136085.1432960
1785136085.1432960
1785136085.1432960
1785136085.1435180
1785136085.1435180
1785136085.1435180
1785136085.1435180
1785136085.1435180
1785136085.1435180
1785136085.1435180
1785136085.1435180
1785136085.1435180
1785136085.1435180
1785136085.1435180
1785136085.1435180
1785136085.1435180
1785136085.1435180
1785136085.1435180
1785136085.1435180
1785136085.1435180
1785136085.1435180
1785136085.1435180
1785136085.1435180
1785136085.1435180
1785136085.1435180
1785136085.1435180
1785136085.1435180
1785136085.1435180
1785136085.1435180
1785136085.1435180
1785136085.1435180
1785136085.1435180
1785136085.1435180
1785136085.1435180
1785136085.1435180
1785136085.1435180
1785136085.1435180
1785136085.1435180
1785136085.1435180
1785136085.1435180
1785136085.1435180
1785136085.1435180
1785136085.1435180
1785136085.1435180
1785136085.1435180
1785136085.1435180
1785136085.1435180
1785136085.1435180
1785136085.1435180
1785136085.1435180
1785136085.1435180
1785136085.1435180
1785136085.1437399
1785136085.1437399
1785136085.1437399
1785136085.1437399
1785136085.1437399
1785136085.1437399
1785136085.1437399
1785136085.1437399
1785136085.1437399
1785136085.1437399
1785136085.1437399
1785136085.1437399
1785136085.1437399
1785136085.1437399
1785136085.1437399
1785136085.1437399
1785136085.1437399
1785136085.1437399
1785136085.1437399
1785136085.1437399
1785136085.1437399
1785136085.1437399
1785136085.1437399
1785136085.1437399
1785136085.1437399
1785136085.1437399
1785136085.1437399
1785136085.1437399
1785136085.1437399
1785136085.1437399
1785136085.1437399
1785136085.1437399
1785136085.1437399
1785136085.1437399
1785136085.1437399
1785136085.1437399
1785136085.1437399
1785136085.1437399
1785136085.1437399
1785136085.1437399
1785136085.1437399
1785136085.1437399
1785136085.1437399
1785136085.1437399
1785136085.1437399
1785136085.1437399
1785136085.1437399
1785136085.1437399
1785136085.1437399
1785136085.1439631
1785136085.1439631
1785136085.1439631
1785136085.1439631
1785136085.1439631
1785136085.1439631
1785136085.1439631
1785136085.1439631
1785136085.1439631
1785136085.1439631
1785136085.1439631
1785136085.1439631
1785136085.1439631
1785136085.1439631
1785136085.1439631
1785136085.1439631
1785136085.1439631
1785136085.1439631
1785136085.1439631
1785136085.1439631
1785136085.1439631
1785136085.1439631
1785136085.1439631
1785136085.1439631
1785136085.1439631
1785136085.1439631
1785136085.1439631
1785136085.1439631
1785136085.1439631
1785136085.1439631
1785136085.1439631
1785136085.1439631
1785136085.1439631
1785136085.1439631
1785136085.1439631
1785136085.1439631
1785136085.1439631
1785136085.1439631
1785136085.1439631
1785136085.1439631
1785136085.1439631
1785136085.1439631
1785136085.1439631
1785136085.1439631
1785136085.1439631
1785136085.1439631
1785136085.1439631
1785136085.1439631
1785136085.1439631
1785136085.1439631
1785136085.1439631
1785136085.1439631
1785136085.1439631
1785136085.1439631
1785136085.1439631
1785136085.1439631
1785136085.1439631
1785136085.1439631
1785136085.1439631
1785136085.1439631
1785136085.1439631
1785136085.1439631
1785136085.1439631
1785136085.1439631
1785136085.1439631
1785136085.1439631
1785136085.1439631
1785136085.1441851
1785136085.1441851
1785136085.1441851
1785136085.1441851
1785136085.1441851
1785136085.1441851
1785136085.1441851
1785136085.1441851
1785136085.1441851
1785136085.1441851
1785136085.1441851
1785136085.1441851
1785136085.1441851
1785136085.1441851
1785136085.1441851
1785136085.1441851
1785136085.1441851
1785136085.1441851
1785136085.1441851
1785136085.1441851
1785136085.1441851
1785136085.1441851
1785136085.1441851
1785136085.1441851
1785136085.1441851
1785136085.1441851
1785136085.1441851
1785136085.1441851
1785136085.1441851
1785136085.1441851
1785136085.1441851
1785136085.1441851
1785136085.1441851
1785136085.1441851
1785136085.1441851
1785136085.1441851
1785136085.1441851
1785136085.1441851
1785136085.1441851
1785136085.1441851
1785136085.1441851
1785136085.1441851
1785136085.1441851
1785136085.1441851
1785136085.1441851
1785136085.1441851
1785136085.1441851
1785136085.1441851
1785136085.1441851
1785136085.1444070
1785136085.1444070
1785136085.1444070
1785136085.1444070
1785136085.1444070
1785136085.1444070
1785136085.1444070
1785136085.1444070
1785136085.1444070
1785136085.1444070
1785136085.1444070
1785136085.1444070
1785136085.1444070
1785136085.1444070
1785136085.1444070
1785136085.1444070
1785136085.1444070
1785136085.1444070
1785136085.1444070
1785136085.1444070
1785136085.1444070
1785136085.1444070
1785136085.1444070
1785136085.1444070
1785136085.1444070
1785136085.1444070
1785136085.1444070
1785136085.1444070
1785136085.1444070
1785136085.1444070
1785136085.1444070
1785136085.1444070
1785136085.1444070
1785136085.1444070
1785136085.1444070
1785136085.1444070
1785136085.1444070
1785136085.1444070
1785136085.1444070
1785136085.1444070
1785136085.1444070
1785136085.1444070
1785136085.1444070
1785136085.1444070
1785136085.1444070
1785136085.1446290
1785136085.1446290
1785136085.1446290
1785136085.1446290
1785136085.1446290
1785136085.1446290
1785136085.1446290
1785136085.1446290
1785136085.1446290
1785136085.1446290
1785136085.1446290
1785136085.1446290
1785136085.1446290
1785136085.1446290
1785136085.1446290
1785136085.1446290
1785136085.1446290
1785136085.1446290
1785136085.1446290
1785136085.1446290
1785136085.1446290
1785136085.1446290
1785136085.1446290
1785136085.1446290
1785136085.1446290
1785136085.1446290
1785136085.1446290
1785136085.1446290
1785136085.1446290
1785136085.1446290
1785136085.1446290
1785136085.1446290
1785136085.1446290
1785136085.1446290
1785136085.1446290
1785136085.1446290
1785136085.1446290
1785136085.1446290
1785136085.1446290
1785136085.1446290
1785136085.1446290
1785136085.1446290
1785136085.1446290
1785136085.1446290
1785136085.1446290
1785136085.1448510
1785136085.1448510
1785136085.1448510
1785136085.1448510
1785136085.1448510
1785136085.1448510
1785136085.1448510
1785136085.1448510
1785136085.1448510
1785136085.1448510
1785136085.1448510
1785136085.1448510
1785136085.1448510
1785136085.1448510
1785136085.1448510
1785136085.1448510
1785136085.1448510
1785136085.1448510
1785136085.1448510
1785136085.1448510
1785136085.1448510
1785136085.1448510
1785136085.1448510
1785136085.1448510
1785136085.1448510
1785136085.1448510
1785136085.1448510
1785136085.1448510
1785136085.1448510
1785136085.1448510
1785136085.1448510
1785136085.1448510
1785136085.1448510
1785136085.1448510
1785136085.1448510
1785136085.1448510
1785136085.1448510
1785136085.1448510
1785136085.1448510
1785136085.1448510
1785136085.1448510
1785136085.1448510
1785136085.1448510
1785136085.1448510
1785136085.1448510
1785136085.1448510
1785136085.1448510
1785136085.1448510
1785136085.1448510
1785136085.1448510
1785136085.1448510
1785136085.1448510
1785136085.1448510
1785136085.1448510
1785136085.1448510
1785136085.1448510
1785136085.1448510
1785136085.1448510
1785136085.1448510
1785136085.1448510
1785136085.1448510
1785136085.1450739
1785136085.1450739
1785136085.1450739
1785136085.1450739
1785136085.1450739
1785136085.1450739
1785136085.1450739
1785136085.1450739
1785136085.1450739
1785136085.1450739
1785136085.1450739
1785136085.1450739
1785136085.1450739
1785136085.1450739
1785136085.1450739
1785136085.1450739
1785136085.1450739
1785136085.1450739
1785136085.1450739
1785136085.1450739
1785136085.1450739
1785136085.1450739
1785136085.1450739
1785136085.1450739
1785136085.1450739
1785136085.1450739
1785136085.1450739
1785136085.1450739
1785136085.1450739
1785136085.1450739
1785136085.1450739
1785136085.1450739
1785136085.1450739
1785136085.1450739
1785136085.1450739
1785136085.1450739
1785136085.1450739
1785136085.1450739
1785136085.1450739
1785136085.1450739
1785136085.1450739
1785136085.1450739
1785136085.1450739
1785136085.1450739
1785136085.1450739
1785136085.1452961
1785136085.1452961
1785136085.1452961
1785136085.1452961
1785136085.1452961
1785136085.1452961
1785136085.1452961
1785136085.1452961
1785136085.1452961
1785136085.1452961
1785136085.1452961
1785136085.1452961
1785136085.1452961
1785136085.1452961
1785136085.1452961
1785136085.1452961
1785136085.1452961
1785136085.1452961
1785136085.1452961
1785136085.1452961
1785136085.1452961
1785136085.1452961
1785136085.1452961
1785136085.1452961
1785136085.1452961
1785136085.1452961
1785136085.1452961
1785136085.1452961
1785136085.1452961
1785136085.1452961
1785136085.1452961
1785136085.1452961
1785136085.1452961
1785136085.1452961
1785136085.1452961
1785136085.1452961
1785136085.1452961
1785136085.1452961
1785136085.1452961
1785136085.1452961
1785136085.1452961
1785136085.1452961
1785136085.1452961
1785136085.1452961
1785136085.1452961
1785136085.1455181
1785136085.1455181
1785136085.1455181
1785136085.1455181
1785136085.1455181
1785136085.1455181
1785136085.1455181
1785136085.1455181
1785136085.1455181
1785136085.1455181
1785136085.1455181
1785136085.1455181
1785136085.1455181
1785136085.1455181
1785136085.1455181
1785136085.1455181
1785136085.1455181
1785136085.1455181
1785136085.1455181
1785136085.1455181
1785136085.1455181
1785136085.1455181
1785136085.1455181
1785136085.1455181
1785136085.1455181
1785136085.1455181
1785136085.1455181
1785136085.1455181
1785136085.1455181
1785136085.1455181
1785136085.1455181
1785136085.1455181
1785136085.1455181
1785136085.1455181
1785136085.1455181
1785136085.1455181
1785136085.1455181
1785136085.1455181
1785136085.1455181
1785136085.1455181
1785136085.1455181
1785136085.1455181
1785136085.1455181
1785136085.1455181
1785136085.1455181
1785136085.1455181
1785136085.1457400
1785136085.1457400
1785136085.1457400
1785136085.1457400
1785136085.1457400
1785136085.1457400
1785136085.1457400
1785136085.1457400
1785136085.1457400
1785136085.1457400
1785136085.1457400
1785136085.1457400
1785136085.1457400
1785136085.1457400
1785136085.1457400
1785136085.1457400
1785136085.1457400
1785136085.1457400
1785136085.1457400
1785136085.1457400
1785136085.1457400
1785136085.1457400
1785136085.1457400
1785136085.1457400
1785136085.1457400
1785136085.1457400
1785136085.1457400
1785136085.1457400
1785136085.1457400
1785136085.1457400
1785136085.1457400
1785136085.1457400
1785136085.1457400
1785136085.1457400
1785136085.1457400
1785136085.1457400
1785136085.1457400
1785136085.1457400
1785136085.1457400
1785136085.1457400
1785136085.1457400
1785136085.1457400
1785136085.1457400
1785136085.1457400
1785136085.1457400
1785136085.1457400
1785136085.1459620
1785136085.1459620
1785136085.1459620
1785136085.1459620
1785136085.1459620
1785136085.1459620
1785136085.1459620
1785136085.1459620
1785136085.1459620
1785136085.1459620
1785136085.1459620
1785136085.1459620
1785136085.1459620
1785136085.1459620
1785136085.1459620
1785136085.1459620
1785136085.1459620
1785136085.1459620
1785136085.1459620
1785136085.1459620
1785136085.1459620
1785136085.1459620
1785136085.1459620
1785136085.1459620
1785136085.1459620
1785136085.1459620
1785136085.1459620
1785136085.1459620
1785136085.1459620
1785136085.1459620
1785136085.1459620
1785136085.1459620
1785136085.1459620
1785136085.1459620
1785136085.1459620
1785136085.1459620
1785136085.1459620
1785136085.1459620
1785136085.1459620
1785136085.1459620
1785136085.1459620
1785136085.1459620
1785136085.1459620
1785136085.1459620
1785136085.1459620
1785136085.1461840
1785136085.1461840
1785136085.1461840
1785136085.1461840
1785136085.1461840
1785136085.1461840
1785136085.1461840
1785136085.1461840
1785136085.1461840
1785136085.1461840
1785136085.1461840
1785136085.1461840
1785136085.1461840
1785136085.1461840
1785136085.1461840
1785136085.1461840
1785136085.1461840
1785136085.1461840
1785136085.1461840
1785136085.1461840
1785136085.1461840
1785136085.1461840
1785136085.1461840
1785136085.1461840
1785136085.1461840
1785136085.1461840
1785136085.1461840
1785136085.1461840
1785136085.1461840
1785136085.1461840
1785136085.1461840
1785136085.1461840
1785136085.1461840
1785136085.1461840
1785136085.1461840
1785136085.1461840
1785136085.1461840
1785136085.1461840
1785136085.1461840
1785136085.1461840
1785136085.1461840
1785136085.1461840
1785136085.1461840
1785136085.1461840
1785136085.1461840
1785136085.1464059
1785136085.1464059
1785136085.1464059
1785136085.1464059
1785136085.1464059
1785136085.1464059
1785136085.1464059
1785136085.1464059
1785136085.1464059
1785136085.1464059
1785136085.1464059
1785136085.1464059
1785136085.1464059
1785136085.1464059
1785136085.1464059
1785136085.1464059
1785136085.1464059
1785136085.1464059
1785136085.1464059
1785136085.1464059
1785136085.1464059
1785136085.1464059
1785136085.1464059
1785136085.1464059
1785136085.1464059
1785136085.1464059
1785136085.1464059
1785136085.1464059
1785136085.1464059
1785136085.1464059
1785136085.1464059
1785136085.1464059
1785136085.1464059
1785136085.1464059
1785136085.1464059
1785136085.1464059
1785136085.1464059
1785136085.1464059
1785136085.1464059
1785136085.1464059
1785136085.1464059
1785136085.1464059
1785136085.1464059
1785136085.1464059
1785136085.1464059
1785136085.1464059
1785136085.1466291
1785136085.1466291
1785136085.1466291
1785136085.1466291
1785136085.1466291
1785136085.1466291
1785136085.1466291
1785136085.1466291
1785136085.1466291
1785136085.1466291
1785136085.1466291
1785136085.1466291
1785136085.1466291
1785136085.1466291
1785136085.1466291
1785136085.1466291
1785136085.1466291
1785136085.1466291
1785136085.1466291
1785136085.1466291
1785136085.1466291
1785136085.1466291
1785136085.1466291
1785136085.1466291
1785136085.1466291
1785136085.1466291
1785136085.1466291
1785136085.1466291
1785136085.1466291
1785136085.1466291
1785136085.1466291
1785136085.1466291
1785136085.1466291
1785136085.1466291
1785136085.1466291
1785136085.1466291
1785136085.1466291
1785136085.1466291
1785136085.1466291
1785136085.1466291
1785136085.1466291
1785136085.1466291
1785136085.1466291
1785136085.1466291
1785136085.1466291
1785136085.1466291
1785136085.1468520
1785136085.1468520
1785136085.1468520
1785136085.1468520
1785136085.1468520
1785136085.1468520
1785136085.1468520
1785136085.1468520
1785136085.1468520
1785136085.1468520
1785136085.1468520
1785136085.1468520
1785136085.1468520
1785136085.1468520
1785136085.1468520
1785136085.1468520
1785136085.1468520
1785136085.1468520
1785136085.1468520
1785136085.1468520
1785136085.1468520
1785136085.1468520
1785136085.1468520
1785136085.1468520
1785136085.1468520
1785136085.1468520
1785136085.1468520
1785136085.1468520
1785136085.1468520
1785136085.1468520
1785136085.1468520
1785136085.1468520
1785136085.1468520
1785136085.1468520
1785136085.1468520
1785136085.1468520
1785136085.1468520
1785136085.1468520
1785136085.1468520
1785136085.1468520
1785136085.1468520
1785136085.1468520
1785136085.1468520
1785136085.1468520
1785136085.1468520
1785136085.1468520
1785136085.1468520
1785136085.1468520
1785136085.1468520
1785136085.1468520
1785136085.1470730
1785136085.1470730
1785136085.1470730
1785136085.1470730
1785136085.1470730
1785136085.1470730
1785136085.1470730
1785136085.1470730
1785136085.1470730
1785136085.1470730
1785136085.1470730
1785136085.1470730
1785136085.1470730
1785136085.1470730
1785136085.1470730
1785136085.1470730
1785136085.1470730
1785136085.1470730
1785136085.1470730
1785136085.1470730
1785136085.1470730
1785136085.1470730
1785136085.1470730
1785136085.1470730
1785136085.1470730
1785136085.1470730
1785136085.1470730
1785136085.1470730
1785136085.1470730
1785136085.1470730
1785136085.1470730
1785136085.1470730
1785136085.1470730
1785136085.1470730
1785136085.1470730
1785136085.1470730
1785136085.1470730
1785136085.1470730
1785136085.1470730
1785136085.1470730
1785136085.1470730
1785136085.1470730
1785136085.1470730
1785136085.1470730
1785136085.1470730
1785136085.1470730
1785136085.1470730
1785136085.1470730
1785136085.1470730
1785136085.1470730
1785136085.1470730
1785136085.1470730
1785136085.1470730
1785136085.1470730
1785136085.1470730
1785136085.1470730
1785136085.1470730
1785136085.1470730
1785136085.1470730
1785136085.1470730
1785136085.1470730
1785136085.1470730
1785136085.1470730
1785136085.1470730
1785136085.1470730
1785136085.1470730
1785136085.1470730
1785136085.1470730
1785136085.1470730
1785136085.1470730
1785136085.1470730
1785136085.1470730
1785136085.1472950
1785136085.1472950
1785136085.1472950
1785136085.1472950
1785136085.1472950
1785136085.1472950
1785136085.1472950
1785136085.1472950
1785136085.1472950
1785136085.1472950
1785136085.1472950
1785136085.1472950
1785136085.1472950
1785136085.1472950
1785136085.1472950
1785136085.1472950
1785136085.1472950
1785136085.1472950
1785136085.1472950
1785136085.1472950
1785136085.1472950
1785136085.1472950
1785136085.1472950
1785136085.1472950
1785136085.1472950
1785136085.1472950
1785136085.1472950
1785136085.1472950
1785136085.1472950
1785136085.1472950
1785136085.1472950
1785136085.1472950
1785136085.1472950
1785136085.1472950
1785136085.1472950
1785136085.1472950
1785136085.1472950
1785136085.1472950
1785136085.1472950
1785136085.1472950
1785136085.1472950
1785136085.1472950
1785136085.1472950
1785136085.1472950
1785136085.1472950
1785136085.1472950
1785136085.1472950
1785136085.1472950
1785136085.1472950
1785136085.1472950
1785136085.1472950
1785136085.1472950
1785136085.1472950
1785136085.1472950
1785136085.1472950
1785136085.1472950
1785136085.1472950
1785136085.1472950
1785136085.1472950
1785136085.1472950
1785136085.1472950
1785136085.1472950
1785136085.1472950
1785136085.1472950
1785136085.1472950
1785136085.1472950
1785136085.1472950
1785136085.1472950
1785136085.1475179
1785136085.1475179
1785136085.1475179
1785136085.1475179
1785136085.1475179
1785136085.1475179
1785136085.1475179
1785136085.1475179
1785136085.1475179
1785136085.1475179
1785136085.1475179
1785136085.1475179
1785136085.1475179
1785136085.1475179
1785136085.1475179
1785136085.1475179
1785136085.1475179
1785136085.1475179
1785136085.1475179
1785136085.1475179
1785136085.1475179
1785136085.1475179
1785136085.1475179
1785136085.1475179
1785136085.1475179
1785136085.1475179
1785136085.1475179
1785136085.1475179
1785136085.1475179
1785136085.1475179
1785136085.1475179
1785136085.1475179
1785136085.1475179
1785136085.1475179
1785136085.1475179
1785136085.1475179
1785136085.1475179
1785136085.1475179
1785136085.1475179
1785136085.1475179
1785136085.1475179
1785136085.1475179
1785136085.1475179
1785136085.1475179
1785136085.1475179
1785136085.1475179
1785136085.1475179
1785136085.1475179
1785136085.1475179
1785136085.1475179
1785136085.1475179
1785136085.1475179
1785136085.1475179
1785136085.1475179
1785136085.1475179
1785136085.1475179
1785136085.1475179
1785136085.1475179
1785136085.1475179
1785136085.1475179
1785136085.1475179
1785136085.1475179
1785136085.1475179
1785136085.1475179
1785136085.1475179
1785136085.1475179
1785136085.1475179
1785136085.1475179
1785136085.1475179
1785136085.1475179
1785136085.1475179
1785136085.1475179
1785136085.1475179
1785136085.1475179
1785136085.1475179
1785136085.1475179
1785136085.1475179
1785136085.1475179
1785136085.1475179
1785136085.1477399
1785136085.1477399
1785136085.1477399
1785136085.1477399
1785136085.1477399
1785136085.1477399
1785136085.1477399
1785136085.1477399
1785136085.1477399
1785136085.1477399
1785136085.1477399
1785136085.1477399
1785136085.1477399
1785136085.1477399
1785136085.1477399
1785136085.1477399
1785136085.1477399
1785136085.1477399
1785136085.1477399
1785136085.1477399
1785136085.1477399
1785136085.1477399
1785136085.1477399
1785136085.1477399
1785136085.1477399
1785136085.1477399
1785136085.1477399
1785136085.1477399
1785136085.1477399
1785136085.1477399
1785136085.1477399
1785136085.1477399
1785136085.1477399
1785136085.1477399
1785136085.1477399
1785136085.1477399
1785136085.1477399
1785136085.1477399
1785136085.1477399
1785136085.1477399
1785136085.1477399
1785136085.1477399
1785136085.1477399
1785136085.1477399
1785136085.1477399
1785136085.1477399
1785136085.1477399
1785136085.1477399
1785136085.1477399
1785136085.1477399
1785136085.1477399
1785136085.1477399
1785136085.1477399
1785136085.1477399
1785136085.1477399
1785136085.1477399
1785136085.1477399
1785136085.1477399
1785136085.1477399
1785136085.1477399
1785136085.1477399
1785136085.1477399
1785136085.1477399
1785136085.1477399
1785136085.1477399
1785136085.1477399
1785136085.1477399
1785136085.1477399
1785136085.1477399
1785136085.1479621
1785136085.1479621
1785136085.1479621
1785136085.1479621
1785136085.1479621
1785136085.1479621
1785136085.1479621
1785136085.1479621
1785136085.1479621
1785136085.1479621
1785136085.1479621
1785136085.1479621
1785136085.1479621
1785136085.1479621
1785136085.1479621
1785136085.1479621
1785136085.1479621
1785136085.1479621
1785136085.1479621
1785136085.1479621
1785136085.1479621
1785136085.1479621
1785136085.1479621
1785136085.1479621
1785136085.1479621
1785136085.1479621
1785136085.1479621
1785136085.1479621
1785136085.1479621
1785136085.1479621
1785136085.1479621
1785136085.1479621
1785136085.1479621
1785136085.1479621
1785136085.1479621
1785136085.1479621
1785136085.1479621
1785136085.1479621
1785136085.1479621
1785136085.1479621
1785136085.1479621
1785136085.1479621
1785136085.1479621
1785136085.1479621
1785136085.1479621
1785136085.1479621
1785136085.1479621
1785136085.1479621
1785136085.1479621
1785136085.1479621
1785136085.1479621
1785136085.1479621
1785136085.1479621
1785136085.1479621
1785136085.1479621
1785136085.1479621
1785136085.1479621
1785136085.1479621
1785136085.1479621
1785136085.1479621
1785136085.1479621
1785136085.1479621
1785136085.1479621
1785136085.1479621
1785136085.1481841
1785136085.1481841
1785136085.1481841
1785136085.1481841
1785136085.1481841
1785136085.1481841
1785136085.1481841
1785136085.1481841
1785136085.1481841
1785136085.1481841
1785136085.1481841
1785136085.1481841
1785136085.1481841
1785136085.1481841
1785136085.1481841
1785136085.1481841
1785136085.1481841
1785136085.1481841
1785136085.1481841
1785136085.1481841
1785136085.1481841
1785136085.1481841
1785136085.1481841
1785136085.1481841
1785136085.1481841
1785136085.1481841
1785136085.1481841
1785136085.1481841
1785136085.1481841
1785136085.1481841
1785136085.1481841
1785136085.1481841
1785136085.1481841
1785136085.1481841
1785136085.1481841
1785136085.1481841
1785136085.1481841
1785136085.1481841
1785136085.1481841
1785136085.1481841
1785136085.1481841
1785136085.1481841
1785136085.1481841
1785136085.1481841
1785136085.1481841
1785136085.1481841
1785136085.1481841
1785136085.1481841
1785136085.1481841
1785136085.1481841
1785136085.1481841
1785136085.1481841
1785136085.1481841
1785136085.1481841
1785136085.1481841
1785136085.1481841
1785136085.1481841
1785136085.1484070
1785136085.1484070
1785136085.1484070
1785136085.1484070
1785136085.1484070
1785136085.1484070
1785136085.1484070
1785136085.1484070
1785136085.1484070
1785136085.1484070
1785136085.1484070
1785136085.1484070
1785136085.1484070
1785136085.1484070
1785136085.1484070
1785136085.1484070
1785136085.1484070
1785136085.1484070
1785136085.1484070
1785136085.1484070
1785136085.1484070
1785136085.1484070
1785136085.1484070
1785136085.1484070
1785136085.1484070
1785136085.1484070
1785136085.1484070
1785136085.1484070
1785136085.1484070
1785136085.1484070
1785136085.1484070
1785136085.1484070
1785136085.1484070
1785136085.1484070
1785136085.1484070
1785136085.1484070
1785136085.1484070
1785136085.1484070
1785136085.1484070
1785136085.1484070
1785136085.1484070
1785136085.1484070
1785136085.1484070
1785136085.1484070
1785136085.1484070
1785136085.1484070
1785136085.1484070
1785136085.1484070
1785136085.1484070
1785136085.1484070
1785136085.1484070
1785136085.1484070
1785136085.1486280
1785136085.1486280
1785136085.1486280
1785136085.1486280
1785136085.1486280
1785136085.1486280
1785136085.1486280
1785136085.1486280
1785136085.1486280
1785136085.1486280
1785136085.1486280
1785136085.1486280
1785136085.1486280
1785136085.1486280
1785136085.1486280
1785136085.1486280
1785136085.1486280
1785136085.1486280
1785136085.1486280
1785136085.1486280
1785136085.1486280
1785136085.1486280
1785136085.1486280
1785136085.1486280
1785136085.1486280
1785136085.1486280
1785136085.1486280
1785136085.1486280
1785136085.1486280
1785136085.1486280
1785136085.1486280
1785136085.1486280
1785136085.1486280
1785136085.1486280
1785136085.1486280
1785136085.1486280
1785136085.1486280
1785136085.1486280
1785136085.1486280
1785136085.1486280
1785136085.1486280
1785136085.1486280
1785136085.1486280
1785136085.1486280
1785136085.1486280
1785136085.1486280
1785136085.1486280
1785136085.1486280
1785136085.1486280
1785136085.1486280
1785136085.1486280
1785136085.1486280
1785136085.1486280
1785136085.1486280
1785136085.1486280
1785136085.1488509
1785136085.1488509
1785136085.1488509
1785136085.1488509
1785136085.1488509
1785136085.1488509
1785136085.1488509
1785136085.1488509
1785136085.1488509
1785136085.1488509
1785136085.1488509
1785136085.1488509
1785136085.1488509
1785136085.1488509
1785136085.1488509
1785136085.1488509
1785136085.1488509
1785136085.1488509
1785136085.1488509
1785136085.1488509
1785136085.1488509
1785136085.1488509
1785136085.1488509
1785136085.1488509
1785136085.1488509
1785136085.1488509
1785136085.1488509
1785136085.1488509
1785136085.1488509
1785136085.1488509
1785136085.1488509
1785136085.1488509
1785136085.1488509
1785136085.1488509
1785136085.1488509
1785136085.1488509
1785136085.1488509
1785136085.1488509
1785136085.1488509
1785136085.1488509
1785136085.1488509
1785136085.1488509
1785136085.1488509
1785136085.1488509
1785136085.1488509
1785136085.1488509
1785136085.1488509
1785136085.1488509
1785136085.1488509
1785136085.1488509
1785136085.1488509
1785136085.1488509
1785136085.1488509
1785136085.1488509
1785136085.1488509
1785136085.1488509
1785136085.1488509
1785136085.1488509
1785136085.1488509
1785136085.1488509
1785136085.1488509
1785136085.1488509
1785136085.1488509
1785136085.1488509
1785136085.1488509
1785136085.1488509
1785136085.1488509
1785136085.1488509
1785136085.1488509
1785136085.1488509
1785136085.1488509
1785136085.1488509
1785136085.1488509
1785136085.1488509
1785136085.1488509
1785136085.1488509
1785136085.1488509
1785136085.1488509
1785136085.1488509
1785136085.1490729
1785136085.1490729
1785136085.1490729
1785136085.1490729
1785136085.1490729
1785136085.1490729
1785136085.1490729
1785136085.1490729
1785136085.1490729
1785136085.1490729
1785136085.1490729
1785136085.1490729
1785136085.1490729
1785136085.1490729
1785136085.1490729
1785136085.1490729
1785136085.1490729
1785136085.1490729
1785136085.1490729
1785136085.1490729
1785136085.1490729
1785136085.1490729
1785136085.1490729
1785136085.1490729
1785136085.1490729
1785136085.1490729
1785136085.1490729
1785136085.1490729
1785136085.1490729
1785136085.1490729
1785136085.1490729
1785136085.1490729
1785136085.1490729
1785136085.1490729
1785136085.1490729
1785136085.1490729
1785136085.1490729
1785136085.1490729
1785136085.1490729
1785136085.1490729
1785136085.1490729
1785136085.1490729
1785136085.1490729
1785136085.1490729
1785136085.1490729
1785136085.1490729
1785136085.1490729
1785136085.1490729
1785136085.1490729
1785136085.1490729
1785136085.1490729
1785136085.1490729
1785136085.1490729
1785136085.1490729
1785136085.1490729
1785136085.1490729
1785136085.1490729
1785136085.1490729
1785136085.1490729
1785136085.1490729
1785136085.1490729
1785136085.1490729
1785136085.1490729
1785136085.1490729
1785136085.1490729
1785136085.1490729
1785136085.1490729
1785136085.1490729
1785136085.1490729
1785136085.1490729
1785136085.1490729
1785136085.1490729
1785136085.1490729
1785136085.1490729
1785136085.1490729
1785136085.1490729
1785136085.1490729
1785136085.1492951
1785136085.1492951
1785136085.1492951
1785136085.1492951
1785136085.1492951
1785136085.1492951
1785136085.1492951
1785136085.1492951
1785136085.1492951
1785136085.1492951
1785136085.1492951
1785136085.1492951
1785136085.1492951
1785136085.1492951
1785136085.1492951
1785136085.1492951
1785136085.1492951
1785136085.1492951
1785136085.1492951
1785136085.1492951
1785136085.1492951
1785136085.1492951
1785136085.1492951
1785136085.1492951
1785136085.1492951
1785136085.1492951
1785136085.1492951
1785136085.1492951
1785136085.1492951
1785136085.1492951
1785136085.1492951
1785136085.1492951
1785136085.1492951
1785136085.1492951
1785136085.1492951
1785136085.1492951
1785136085.1492951
1785136085.1492951
1785136085.1492951
1785136085.1492951
1785136085.1492951
1785136085.1492951
1785136085.1492951
1785136085.1492951
1785136085.1492951
1785136085.1492951
1785136085.1492951
1785136085.1492951
1785136085.1492951
1785136085.1492951
1785136085.1492951
1785136085.1492951
1785136085.1492951
1785136085.1492951
1785136085.1492951
1785136085.1492951
1785136085.1492951
1785136085.1492951
1785136085.1492951
1785136085.1495171
1785136085.1495171
1785136085.1495171
1785136085.1495171
1785136085.1495171
1785136085.1495171
1785136085.1495171
1785136085.1495171
1785136085.1495171
1785136085.1495171
1785136085.1495171
1785136085.1495171
1785136085.1495171
1785136085.1495171
1785136085.1495171
1785136085.1495171
1785136085.1495171
1785136085.1495171
1785136085.1495171
1785136085.1495171
1785136085.1495171
1785136085.1495171
1785136085.1495171
1785136085.1495171
1785136085.1495171
1785136085.1495171
1785136085.1495171
1785136085.1495171
1785136085.1495171
1785136085.1495171
1785136085.1495171
1785136085.1495171
1785136085.1495171
1785136085.1495171
1785136085.1495171
1785136085.1495171
1785136085.1495171
1785136085.1495171
1785136085.1495171
1785136085.1495171
1785136085.1495171
1785136085.1495171
1785136085.1495171
1785136085.1495171
1785136085.1495171
1785136085.1495171
1785136085.1495171
1785136085.1495171
1785136085.1495171
1785136085.1495171
1785136085.1495171
1785136085.1495171
1785136085.1495171
1785136085.1495171
1785136085.1495171
1785136085.1495171
1785136085.1495171
1785136085.1495171
1785136085.1495171
1785136085.1495171
1785136085.1495171
1785136085.1495171
1785136085.1495171
1785136085.1495171
1785136085.1495171
1785136085.1497400
1785136085.1497400
1785136085.1497400
1785136085.1497400
1785136085.1497400
1785136085.1497400
1785136085.1497400
1785136085.1497400
1785136085.1497400
1785136085.1497400
1785136085.1497400
1785136085.1497400
1785136085.1497400
1785136085.1497400
1785136085.1497400
1785136085.1497400
1785136085.1497400
1785136085.1497400
1785136085.1497400
1785136085.1497400
1785136085.1497400
1785136085.1497400
1785136085.1497400
1785136085.1497400
1785136085.1497400
1785136085.1497400
1785136085.1497400
1785136085.1497400
1785136085.1497400
1785136085.1497400
1785136085.1497400
1785136085.1497400
1785136085.1497400
1785136085.1497400
1785136085.1497400
1785136085.1497400
1785136085.1497400
1785136085.1497400
1785136085.1497400
1785136085.1497400
1785136085.1497400
1785136085.1497400
1785136085.1497400
1785136085.1497400
1785136085.1497400
1785136085.1497400
1785136085.1497400
1785136085.1497400
1785136085.1497400
1785136085.1497400
1785136085.1497400
1785136085.1497400
1785136085.1497400
1785136085.1497400
1785136085.1497400
1785136085.1497400
1785136085.1497400
1785136085.1497400
1785136085.1497400
1785136085.1497400
1785136085.1497400
1785136085.1497400
1785136085.1497400
1785136085.1497400
1785136085.1497400
1785136085.1497400
1785136085.1497400
1785136085.1497400
1785136085.1497400
1785136085.1497400
1785136085.1497400
1785136085.1497400
1785136085.1497400
1785136085.1497400
1785136085.1497400
1785136085.1497400
1785136085.1497400
1785136085.1499619
1785136085.1499619
1785136085.1499619
1785136085.1499619
1785136085.1499619
1785136085.1499619
1785136085.1499619
1785136085.1499619
1785136085.1499619
1785136085.1499619
1785136085.1499619
1785136085.1499619
1785136085.1499619
1785136085.1499619
1785136085.1499619
1785136085.1499619
1785136085.1499619
1785136085.1499619
1785136085.1499619
1785136085.1499619
1785136085.1499619
1785136085.1499619
1785136085.1499619
1785136085.1499619
1785136085.1499619
1785136085.1499619
1785136085.1499619
1785136085.1499619
1785136085.1499619
1785136085.1499619
1785136085.1499619
1785136085.1499619
1785136085.1499619
1785136085.1499619
1785136085.1499619
1785136085.1499619
1785136085.1499619
1785136085.1499619
1785136085.1499619
1785136085.1499619
1785136085.1499619
1785136085.1499619
1785136085.1499619
1785136085.1499619
1785136085.1499619
1785136085.1499619
1785136085.1499619
1785136085.1499619
1785136085.1499619
1785136085.1499619
1785136085.1499619
1785136085.1499619
1785136085.1499619
1785136085.1499619
1785136085.1499619
1785136085.1499619
1785136085.1499619
1785136085.1499619
1785136085.1499619
1785136085.1499619
1785136085.1499619
1785136085.1499619
1785136085.1499619
1785136085.1499619
1785136085.1499619
1785136085.1499619
1785136085.1499619
1785136085.1499619
1785136085.1499619
1785136085.1501839
1785136085.1501839
1785136085.1501839
1785136085.1501839
1785136085.1501839
1785136085.1501839
1785136085.1501839
1785136085.1501839
1785136085.1501839
1785136085.1501839
1785136085.1501839
1785136085.1501839
1785136085.1501839
1785136085.1501839
1785136085.1501839
1785136085.1501839
1785136085.1501839
1785136085.1501839
1785136085.1501839
1785136085.1501839
1785136085.1501839
1785136085.1501839
1785136085.1501839
1785136085.1501839
1785136085.1501839
1785136085.1501839
1785136085.1501839
1785136085.1501839
1785136085.1501839
1785136085.1501839
1785136085.1501839
1785136085.1501839
1785136085.1501839
1785136085.1501839
1785136085.1501839
1785136085.1501839
1785136085.1501839
1785136085.1501839
1785136085.1501839
1785136085.1501839
1785136085.1501839
1785136085.1501839
1785136085.1501839
1785136085.1501839
1785136085.1501839
1785136085.1501839
1785136085.1501839
1785136085.1501839
1785136085.1501839
1785136085.1501839
1785136085.1501839
1785136085.1501839
1785136085.1501839
1785136085.1501839
1785136085.1501839
1785136085.1501839
1785136085.1501839
1785136085.1501839
1785136085.1501839
1785136085.1501839
1785136085.1501839
1785136085.1501839
1785136085.1501839
1785136085.1501839
1785136085.1501839
1785136085.1504059
1785136085.1504059
1785136085.1504059
1785136085.1504059
1785136085.1504059
1785136085.1504059
1785136085.1504059
1785136085.1504059
1785136085.1504059
1785136085.1504059
1785136085.1504059
1785136085.1504059
1785136085.1504059
1785136085.1504059
1785136085.1504059
1785136085.1504059
1785136085.1504059
1785136085.1504059
1785136085.1504059
1785136085.1504059
1785136085.1504059
1785136085.1504059
1785136085.1504059
1785136085.1504059
1785136085.1504059
1785136085.1504059
1785136085.1504059
1785136085.1504059
1785136085.1504059
1785136085.1504059
1785136085.1504059
1785136085.1504059
1785136085.1504059
1785136085.1504059
1785136085.1504059
1785136085.1504059
1785136085.1504059
1785136085.1504059
1785136085.1504059
1785136085.1504059
1785136085.1504059
1785136085.1504059
1785136085.1504059
1785136085.1504059
1785136085.1504059
1785136085.1504059
1785136085.1504059
1785136085.1504059
1785136085.1504059
1785136085.1504059
1785136085.1504059
1785136085.1504059
1785136085.1504059
1785136085.1504059
1785136085.1504059
1785136085.1504059
1785136085.1504059
1785136085.1504059
1785136085.1504059
1785136085.1504059
1785136085.1504059
1785136085.1504059
1785136085.1504059
1785136085.1506281
1785136085.1506281
1785136085.1506281
1785136085.1506281
1785136085.1506281
1785136085.1506281
1785136085.1506281
1785136085.1506281
1785136085.1506281
1785136085.1506281
1785136085.1506281
1785136085.1506281
1785136085.1506281
1785136085.1506281
1785136085.1506281
1785136085.1506281
1785136085.1506281
1785136085.1506281
1785136085.1506281
1785136085.1506281
1785136085.1506281
1785136085.1506281
1785136085.1506281
1785136085.1506281
1785136085.1506281
1785136085.1506281
1785136085.1506281
1785136085.1506281
1785136085.1506281
1785136085.1506281
1785136085.1506281
1785136085.1506281
1785136085.1506281
1785136085.1506281
1785136085.1506281
1785136085.1506281
1785136085.1506281
1785136085.1506281
1785136085.1506281
1785136085.1506281
1785136085.1506281
1785136085.1506281
1785136085.1506281
1785136085.1506281
1785136085.1506281
1785136085.1506281
1785136085.1506281
1785136085.1506281
1785136085.1506281
1785136085.1506281
1785136085.1506281
1785136085.1506281
1785136085.1506281
1785136085.1506281
1785136085.1506281
1785136085.1506281
1785136085.1506281
1785136085.1506281
1785136085.1506281
1785136085.1506281
1785136085.1506281
1785136085.1506281
1785136085.1506281
1785136085.1506281
1785136085.1508510
1785136085.1508510
1785136085.1508510
1785136085.1508510
1785136085.1508510
1785136085.1508510
1785136085.1508510
1785136085.1508510
1785136085.1508510
1785136085.1508510
1785136085.1508510
1785136085.1508510
1785136085.1508510
1785136085.1508510
1785136085.1508510
1785136085.1508510
1785136085.1508510
1785136085.1508510
1785136085.1508510
1785136085.1508510
1785136085.1508510
1785136085.1508510
1785136085.1508510
1785136085.1508510
1785136085.1508510
1785136085.1508510
1785136085.1508510
1785136085.1508510
1785136085.1508510
1785136085.1508510
1785136085.1508510
1785136085.1508510
1785136085.1508510
1785136085.1508510
1785136085.1508510
1785136085.1508510
1785136085.1508510
1785136085.1508510
1785136085.1508510
1785136085.1508510
1785136085.1508510
1785136085.1508510
1785136085.1508510
1785136085.1508510
1785136085.1508510
1785136085.1508510
1785136085.1508510
1785136085.1508510
1785136085.1508510
1785136085.1508510
1785136085.1508510
1785136085.1508510
1785136085.1508510
1785136085.1508510
1785136085.1508510
1785136085.1508510
1785136085.1508510
1785136085.1508510
1785136085.1508510
1785136085.1508510
1785136085.1508510
1785136085.1508510
1785136085.1508510
1785136085.1510730
1785136085.1510730
1785136085.1510730
1785136085.1510730
1785136085.1510730
1785136085.1510730
1785136085.1510730
1785136085.1510730
1785136085.1510730
1785136085.1510730
1785136085.1510730
1785136085.1510730
1785136085.1510730
1785136085.1510730
1785136085.1510730
1785136085.1510730
1785136085.1510730
1785136085.1510730
1785136085.1510730
1785136085.1510730
1785136085.1510730
1785136085.1510730
1785136085.1510730
1785136085.1510730
1785136085.1510730
1785136085.1510730
1785136085.1510730
1785136085.1510730
1785136085.1510730
1785136085.1510730
1785136085.1510730
1785136085.1510730
1785136085.1510730
1785136085.1510730
1785136085.1510730
1785136085.1510730
1785136085.1510730
1785136085.1510730
1785136085.1510730
1785136085.1510730
1785136085.1510730
1785136085.1510730
1785136085.1510730
1785136085.1510730
1785136085.1510730
1785136085.1510730
1785136085.1510730
1785136085.1510730
1785136085.1510730
1785136085.1510730
1785136085.1510730
1785136085.1510730
1785136085.1510730
1785136085.1510730
1785136085.1510730
1785136085.1510730
1785136085.1510730
1785136085.1510730
1785136085.1510730
1785136085.1510730
1785136085.1510730
1785136085.1510730
1785136085.1510730
1785136085.1510730
1785136085.1512949
1785136085.1512949
1785136085.1512949
1785136085.1512949
1785136085.1512949
1785136085.1512949
1785136085.1512949
1785136085.1512949
1785136085.1512949
1785136085.1512949
1785136085.1512949
1785136085.1512949
1785136085.1512949
1785136085.1512949
1785136085.1512949
1785136085.1512949
1785136085.1512949
1785136085.1512949
1785136085.1512949
1785136085.1512949
1785136085.1512949
1785136085.1512949
1785136085.1512949
1785136085.1512949
1785136085.1512949
1785136085.1512949
1785136085.1512949
1785136085.1512949
1785136085.1512949
1785136085.1512949
1785136085.1512949
1785136085.1512949
1785136085.1512949
1785136085.1512949
1785136085.1512949
1785136085.1512949
1785136085.1512949
1785136085.1512949
1785136085.1512949
1785136085.1512949
1785136085.1512949
1785136085.1512949
1785136085.1512949
1785136085.1512949
1785136085.1512949
1785136085.1512949
1785136085.1512949
1785136085.1512949
1785136085.1512949
1785136085.1512949
1785136085.1512949
1785136085.1512949
1785136085.1512949
1785136085.1512949
1785136085.1512949
1785136085.1512949
1785136085.1512949
1785136085.1512949
1785136085.1512949
1785136085.1512949
1785136085.1515169
1785136085.1515169
1785136085.1515169
1785136085.1515169
1785136085.1515169
1785136085.1515169
1785136085.1515169
1785136085.1515169
1785136085.1515169
1785136085.1515169
1785136085.1515169
1785136085.1515169
1785136085.1515169
1785136085.1515169
1785136085.1515169
1785136085.1515169
1785136085.1515169
1785136085.1515169
1785136085.1515169
1785136085.1515169
1785136085.1515169
1785136085.1515169
1785136085.1515169
1785136085.1515169
1785136085.1515169
1785136085.1515169
1785136085.1515169
1785136085.1515169
1785136085.1515169
1785136085.1515169
1785136085.1515169
1785136085.1515169
1785136085.1515169
1785136085.1515169
1785136085.1515169
1785136085.1515169
1785136085.1515169
1785136085.1515169
1785136085.1515169
1785136085.1515169
1785136085.1515169
1785136085.1515169
1785136085.1515169
1785136085.1515169
1785136085.1515169
1785136085.1515169
1785136085.1515169
1785136085.1515169
1785136085.1515169
1785136085.1515169
1785136085.1515169
1785136085.1515169
1785136085.1515169
1785136085.1515169
1785136085.1515169
1785136085.1515169
1785136085.1515169
1785136085.1515169
1785136085.1515169
1785136085.1515169
1785136085.1515169
1785136085.1515169
1785136085.1515169
1785136085.1517389
1785136085.1517389
1785136085.1517389
1785136085.1517389
1785136085.1517389
1785136085.1517389
1785136085.1517389
1785136085.1517389
1785136085.1517389
1785136085.1517389
1785136085.1517389
1785136085.1517389
1785136085.1517389
1785136085.1517389
1785136085.1517389
1785136085.1517389
1785136085.1517389
1785136085.1517389
1785136085.1517389
1785136085.1517389
1785136085.1517389
1785136085.1517389
1785136085.1517389
1785136085.1517389
1785136085.1517389
1785136085.1517389
1785136085.1517389
1785136085.1517389
1785136085.1517389
1785136085.1517389
1785136085.1517389
1785136085.1517389
1785136085.1517389
1785136085.1517389
1785136085.1517389
1785136085.1517389
1785136085.1517389
1785136085.1517389
1785136085.1517389
1785136085.1517389
1785136085.1517389
1785136085.1517389
1785136085.1517389
1785136085.1517389
1785136085.1517389
1785136085.1517389
1785136085.1517389
1785136085.1517389
1785136085.1517389
1785136085.1517389
1785136085.1517389
1785136085.1517389
1785136085.1517389
1785136085.1517389
1785136085.1517389
1785136085.1517389
1785136085.1517389
1785136085.1517389
1785136085.1517389
1785136085.1517389
1785136085.1517389
1785136085.1517389
1785136085.1517389
1785136085.1517389
1785136085.1517389
1785136085.1517389
1785136085.1517389
1785136085.1517389
1785136085.1517389
1785136085.1517389
1785136085.1517389
1785136085.1517389
1785136085.1517389
1785136085.1517389
1785136085.1517389
1785136085.1517389
1785136085.1517389
1785136085.1517389
1785136085.1519611
1785136085.1519611
1785136085.1519611
1785136085.1519611
1785136085.1519611
1785136085.1519611
1785136085.1519611
1785136085.1519611
1785136085.1519611
1785136085.1519611
1785136085.1519611
1785136085.1519611
1785136085.1519611
1785136085.1519611
1785136085.1519611
1785136085.1519611
1785136085.1519611
1785136085.1519611
1785136085.1519611
1785136085.1519611
1785136085.1519611
1785136085.1519611
1785136085.1519611
1785136085.1519611
1785136085.1519611
1785136085.1519611
1785136085.1519611
1785136085.1519611
1785136085.1519611
1785136085.1519611
1785136085.1519611
1785136085.1519611
1785136085.1519611
1785136085.1519611
1785136085.1519611
1785136085.1519611
1785136085.1519611
1785136085.1519611
1785136085.1519611
1785136085.1519611
1785136085.1519611
1785136085.1519611
1785136085.1519611
1785136085.1519611
1785136085.1519611
1785136085.1519611
1785136085.1519611
1785136085.1519611
1785136085.1519611
1785136085.1519611
1785136085.1519611
1785136085.1519611
1785136085.1519611
1785136085.1519611
1785136085.1519611
1785136085.1519611
1785136085.1519611
1785136085.1519611
1785136085.1519611
1785136085.1519611
1785136085.1519611
1785136085.1519611
1785136085.1519611
1785136085.1519611
1785136085.1519611
1785136085.1519611
1785136085.1519611
1785136085.1519611
1785136085.1519611
1785136085.1519611
1785136085.1519611
1785136085.1519611
1785136085.1519611
1785136085.1519611
1785136085.1519611
1785136085.1519611
1785136085.1519611
1785136085.1519611
1785136085.1519611
1785136085.1521831
1785136085.1521831
1785136085.1521831
1785136085.1521831
1785136085.1521831
1785136085.1521831
1785136085.1521831
1785136085.1521831
1785136085.1521831
1785136085.1521831
1785136085.1521831
1785136085.1521831
1785136085.1521831
1785136085.1521831
1785136085.1521831
1785136085.1521831
1785136085.1521831
1785136085.1521831
1785136085.1521831
1785136085.1521831
1785136085.1521831
1785136085.1521831
1785136085.1521831
1785136085.1521831
1785136085.1521831
1785136085.1521831
1785136085.1521831
1785136085.1521831
1785136085.1521831
1785136085.1521831
1785136085.1521831
1785136085.1521831
1785136085.1521831
1785136085.1521831
1785136085.1521831
1785136085.1521831
1785136085.1521831
1785136085.1521831
1785136085.1521831
1785136085.1521831
1785136085.1521831
1785136085.1521831
1785136085.1521831
1785136085.1521831
1785136085.1521831
1785136085.1521831
1785136085.1521831
1785136085.1521831
1785136085.1521831
1785136085.1521831
1785136085.1521831
1785136085.1521831
1785136085.1521831
1785136085.1521831
1785136085.1521831
1785136085.1521831
1785136085.1521831
1785136085.1521831
1785136085.1521831
1785136085.1521831
1785136085.1521831
1785136085.1521831
1785136085.1521831
1785136085.1521831
1785136085.1521831
1785136085.1521831
1785136085.1521831
1785136085.1521831
1785136085.1521831
1785136085.1521831
1785136085.1524060
1785136085.1524060
1785136085.1524060
1785136085.1524060
1785136085.1524060
1785136085.1524060
1785136085.1524060
1785136085.1524060
1785136085.1524060
1785136085.1524060
1785136085.1524060
1785136085.1524060
1785136085.1524060
1785136085.1524060
1785136085.1524060
1785136085.1524060
1785136085.1524060
1785136085.1524060
1785136085.1524060
1785136085.1524060
1785136085.1524060
1785136085.1524060
1785136085.1524060
1785136085.1524060
1785136085.1524060
1785136085.1524060
1785136085.1524060
1785136085.1524060
1785136085.1524060
1785136085.1524060
1785136085.1524060
1785136085.1524060
1785136085.1524060
1785136085.1524060
1785136085.1524060
1785136085.1524060
1785136085.1524060
1785136085.1524060
1785136085.1524060
1785136085.1524060
1785136085.1524060
1785136085.1524060
1785136085.1524060
1785136085.1524060
1785136085.1524060
1785136085.1524060
1785136085.1524060
1785136085.1524060
1785136085.1524060
1785136085.1524060
1785136085.1524060
1785136085.1524060
1785136085.1524060
1785136085.1524060
1785136085.1524060
1785136085.1524060
1785136085.1524060
1785136085.1524060
1785136085.1524060
1785136085.1524060
1785136085.1524060
1785136085.1524060
1785136085.1524060
1785136085.1524060
1785136085.1524060
1785136085.1524060
1785136085.1524060
1785136085.1524060
1785136085.1524060
1785136085.1526279
1785136085.1526279
1785136085.1526279
1785136085.1526279
1785136085.1526279
1785136085.1526279
1785136085.1526279
1785136085.1526279
1785136085.1526279
1785136085.1526279
1785136085.1526279
1785136085.1526279
1785136085.1526279
1785136085.1526279
1785136085.1526279
1785136085.1526279
1785136085.1526279
1785136085.1526279
1785136085.1526279
1785136085.1526279
1785136085.1526279
1785136085.1526279
1785136085.1526279
1785136085.1526279
1785136085.1526279
1785136085.1526279
1785136085.1526279
1785136085.1526279
1785136085.1526279
1785136085.1526279
1785136085.1526279
1785136085.1526279
1785136085.1526279
1785136085.1526279
1785136085.1526279
1785136085.1526279
1785136085.1526279
1785136085.1526279
1785136085.1526279
1785136085.1526279
1785136085.1526279
1785136085.1526279
1785136085.1526279
1785136085.1526279
1785136085.1526279
1785136085.1526279
1785136085.1526279
1785136085.1526279
1785136085.1526279
1785136085.1526279
1785136085.1526279
1785136085.1526279
1785136085.1526279
1785136085.1526279
1785136085.1526279
1785136085.1526279
1785136085.1526279
1785136085.1526279
1785136085.1526279
1785136085.1526279
1785136085.1526279
1785136085.1526279
1785136085.1526279
1785136085.1526279
1785136085.1526279
1785136085.1526279
1785136085.1526279
1785136085.1526279
1785136085.1526279
1785136085.1528499
1785136085.1528499
1785136085.1528499
1785136085.1528499
1785136085.1528499
1785136085.1528499
1785136085.1528499
1785136085.1528499
1785136085.1528499
1785136085.1528499
1785136085.1528499
1785136085.1528499
1785136085.1528499
1785136085.1528499
1785136085.1528499
1785136085.1528499
1785136085.1528499
1785136085.1528499
1785136085.1528499
1785136085.1528499
1785136085.1528499
1785136085.1528499
1785136085.1528499
1785136085.1528499
1785136085.1528499
1785136085.1528499
1785136085.1528499
1785136085.1528499
1785136085.1528499
1785136085.1528499
1785136085.1528499
1785136085.1528499
1785136085.1528499
1785136085.1528499
1785136085.1528499
1785136085.1528499
1785136085.1528499
1785136085.1528499
1785136085.1528499
1785136085.1528499
1785136085.1528499
1785136085.1528499
1785136085.1528499
1785136085.1528499
1785136085.1528499
1785136085.1528499
1785136085.1528499
1785136085.1528499
1785136085.1528499
1785136085.1528499
1785136085.1528499
1785136085.1528499
1785136085.1528499
1785136085.1528499
1785136085.1528499
1785136085.1528499
1785136085.1528499
1785136085.1528499
1785136085.1528499
1785136085.1528499
1785136085.1528499
1785136085.1528499
1785136085.1528499
1785136085.1528499
1785136085.1528499
1785136085.1528499
1785136085.1528499
1785136085.1528499
1785136085.1528499
1785136085.1528499
1785136085.1530731
1785136085.1530731
1785136085.1530731
1785136085.1530731
1785136085.1530731
1785136085.1530731
1785136085.1530731
1785136085.1530731
1785136085.1530731
1785136085.1530731
1785136085.1530731
1785136085.1530731
1785136085.1530731
1785136085.1530731
1785136085.1530731
1785136085.1530731
1785136085.1530731
1785136085.1530731
1785136085.1530731
1785136085.1530731
1785136085.1530731
1785136085.1530731
1785136085.1530731
1785136085.1530731
1785136085.1530731
1785136085.1530731
1785136085.1530731
1785136085.1530731
1785136085.1530731
1785136085.1530731
1785136085.1530731
1785136085.1530731
1785136085.1530731
1785136085.1530731
1785136085.1530731
1785136085.1530731
1785136085.1530731
1785136085.1530731
1785136085.1530731
1785136085.1530731
1785136085.1530731
1785136085.1530731
1785136085.1530731
1785136085.1530731
1785136085.1530731
1785136085.1530731
1785136085.1530731
1785136085.1530731
1785136085.1530731
1785136085.1530731
1785136085.1530731
1785136085.1530731
1785136085.1530731
1785136085.1530731
1785136085.1530731
1785136085.1530731
1785136085.1530731
1785136085.1530731
1785136085.1530731
1785136085.1530731
1785136085.1530731
1785136085.1530731
1785136085.1530731
1785136085.1530731
1785136085.1530731
1785136085.1530731
1785136085.1530731
1785136085.1530731
1785136085.1530731
1785136085.1530731
1785136085.1530731
1785136085.1530731
1785136085.1530731
1785136085.1530731
1785136085.1530731
1785136085.1530731
1785136085.1532950
1785136085.1532950
1785136085.1532950
1785136085.1532950
1785136085.1532950
1785136085.1532950
1785136085.1532950
1785136085.1532950
1785136085.1532950
1785136085.1532950
1785136085.1532950
1785136085.1532950
1785136085.1532950
1785136085.1532950
1785136085.1532950
1785136085.1532950
1785136085.1532950
1785136085.1532950
1785136085.1532950
1785136085.1532950
1785136085.1532950
1785136085.1532950
1785136085.1532950
1785136085.1532950
1785136085.1532950
1785136085.1532950
1785136085.1532950
1785136085.1532950
1785136085.1532950
1785136085.1532950
1785136085.1532950
1785136085.1532950
1785136085.1532950
1785136085.1532950
1785136085.1532950
1785136085.1532950
1785136085.1532950
1785136085.1532950
1785136085.1532950
1785136085.1532950
1785136085.1532950
1785136085.1532950
1785136085.1532950
1785136085.1532950
1785136085.1532950
1785136085.1532950
1785136085.1532950
1785136085.1532950
1785136085.1532950
1785136085.1532950
1785136085.1532950
1785136085.1532950
1785136085.1532950
1785136085.1532950
1785136085.1532950
1785136085.1532950
1785136085.1532950
1785136085.1532950
1785136085.1532950
1785136085.1532950
1785136085.1532950
1785136085.1532950
1785136085.1532950
1785136085.1532950
1785136085.1532950
1785136085.1532950
1785136085.1532950
1785136085.1532950
1785136085.1532950
1785136085.1532950
1785136085.1535170
1785136085.1535170
1785136085.1535170
1785136085.1535170
1785136085.1535170
1785136085.1535170
1785136085.1535170
1785136085.1535170
1785136085.1535170
1785136085.1535170
1785136085.1535170
1785136085.1535170
1785136085.1535170
1785136085.1535170
1785136085.1535170
1785136085.1535170
1785136085.1535170
1785136085.1535170
1785136085.1535170
1785136085.1535170
1785136085.1535170
1785136085.1535170
1785136085.1535170
1785136085.1535170
1785136085.1535170
1785136085.1535170
1785136085.1535170
1785136085.1535170
1785136085.1535170
1785136085.1535170
1785136085.1535170
1785136085.1535170
1785136085.1535170
1785136085.1535170
1785136085.1535170
1785136085.1535170
1785136085.1535170
1785136085.1535170
1785136085.1535170
1785136085.1535170
1785136085.1535170
1785136085.1535170
1785136085.1535170
1785136085.1535170
1785136085.1535170
1785136085.1535170
1785136085.1535170
1785136085.1535170
1785136085.1535170
1785136085.1535170
1785136085.1535170
1785136085.1535170
1785136085.1535170
1785136085.1535170
1785136085.1535170
1785136085.1535170
1785136085.1535170
1785136085.1535170
1785136085.1535170
1785136085.1535170
1785136085.1535170
1785136085.1535170
1785136085.1535170
1785136085.1535170
1785136085.1535170
1785136085.1535170
1785136085.1535170
1785136085.1535170
1785136085.1535170
1785136085.1535170
1785136085.1535170
1785136085.1535170
1785136085.1537390
1785136085.1537390
1785136085.1537390
1785136085.1537390
1785136085.1537390
1785136085.1537390
1785136085.1537390
1785136085.1537390
1785136085.1537390
1785136085.1537390
1785136085.1537390
1785136085.1537390
1785136085.1537390
1785136085.1537390
1785136085.1537390
1785136085.1537390
1785136085.1537390
1785136085.1537390
1785136085.1537390
1785136085.1537390
1785136085.1537390
1785136085.1537390
1785136085.1537390
1785136085.1537390
1785136085.1537390
1785136085.1537390
1785136085.1537390
1785136085.1537390
1785136085.1537390
1785136085.1537390
1785136085.1537390
1785136085.1537390
1785136085.1537390
1785136085.1537390
1785136085.1537390
1785136085.1537390
1785136085.1537390
1785136085.1537390
1785136085.1537390
1785136085.1537390
1785136085.1537390
1785136085.1537390
1785136085.1537390
1785136085.1537390
1785136085.1537390
1785136085.1537390
1785136085.1537390
1785136085.1537390
1785136085.1537390
1785136085.1537390
1785136085.1537390
1785136085.1537390
1785136085.1537390
1785136085.1537390
1785136085.1537390
1785136085.1537390
1785136085.1537390
1785136085.1537390
1785136085.1537390
1785136085.1537390
1785136085.1537390
1785136085.1537390
1785136085.1537390
1785136085.1537390
1785136085.1537390
1785136085.1537390
1785136085.1537390
1785136085.1537390
1785136085.1537390
1785136085.1537390
1785136085.1537390
1785136085.1537390
1785136085.1537390
1785136085.1537390
1785136085.1539609
1785136085.1539609
1785136085.1539609
1785136085.1539609
1785136085.1539609
1785136085.1539609
1785136085.1539609
1785136085.1539609
1785136085.1539609
1785136085.1539609
1785136085.1539609
1785136085.1539609
1785136085.1539609
1785136085.1539609
1785136085.1539609
1785136085.1539609
1785136085.1539609
1785136085.1539609
1785136085.1539609
1785136085.1539609
1785136085.1539609
1785136085.1539609
1785136085.1539609
1785136085.1539609
1785136085.1539609
1785136085.1539609
1785136085.1539609
1785136085.1539609
1785136085.1539609
1785136085.1539609
1785136085.1539609
1785136085.1539609
1785136085.1539609
1785136085.1539609
1785136085.1539609
1785136085.1539609
1785136085.1539609
1785136085.1539609
1785136085.1539609
1785136085.1539609
1785136085.1539609
1785136085.1539609
1785136085.1539609
1785136085.1539609
1785136085.1539609
1785136085.1539609
1785136085.1539609
1785136085.1539609
1785136085.1539609
1785136085.1539609
1785136085.1539609
1785136085.1539609
1785136085.1539609
1785136085.1539609
1785136085.1539609
1785136085.1539609
1785136085.1539609
1785136085.1539609
1785136085.1539609
1785136085.1539609
1785136085.1539609
1785136085.1539609
1785136085.1539609
1785136085.1539609
1785136085.1539609
1785136085.1539609
1785136085.1539609
1785136085.1539609
1785136085.1539609
1785136085.1539609
1785136085.1539609
1785136085.1539609
1785136085.1539609
1785136085.1539609
1785136085.1539609
1785136085.1539609
1785136085.1539609
1785136085.1539609
1785136085.1539609
1785136085.1539609
1785136085.1539609
1785136085.1539609
1785136085.1539609
1785136085.1539609
1785136085.1539609
1785136085.1539609
1785136085.1539609
1785136085.1539609
1785136085.1539609
1785136085.1539609
1785136085.1539609
1785136085.1539609
1785136085.1539609
1785136085.1539609
1785136085.1539609
1785136085.1541829
1785136085.1541829
1785136085.1541829
1785136085.1541829
1785136085.1541829
1785136085.1541829
1785136085.1541829
1785136085.1541829
1785136085.1541829
1785136085.1541829
1785136085.1541829
1785136085.1541829
1785136085.1541829
1785136085.1541829
1785136085.1541829
1785136085.1541829
1785136085.1541829
1785136085.1541829
1785136085.1541829
1785136085.1541829
1785136085.1541829
1785136085.1541829
1785136085.1541829
1785136085.1541829
1785136085.1541829
1785136085.1541829
1785136085.1541829
1785136085.1541829
1785136085.1541829
1785136085.1541829
1785136085.1541829
1785136085.1541829
1785136085.1541829
1785136085.1541829
1785136085.1541829
1785136085.1541829
1785136085.1541829
1785136085.1541829
1785136085.1541829
1785136085.1541829
1785136085.1541829
1785136085.1541829
1785136085.1541829
1785136085.1541829
1785136085.1541829
1785136085.1541829
1785136085.1541829
1785136085.1541829
1785136085.1541829
1785136085.1541829
1785136085.1541829
1785136085.1541829
1785136085.1541829
1785136085.1541829
1785136085.1541829
1785136085.1541829
1785136085.1541829
1785136085.1541829
1785136085.1541829
1785136085.1541829
1785136085.1541829
1785136085.1541829
1785136085.1541829
1785136085.1541829
1785136085.1541829
1785136085.1541829
1785136085.1541829
1785136085.1541829
1785136085.1541829
1785136085.1541829
1785136085.1541829
1785136085.1541829
1785136085.1541829
1785136085.1541829
1785136085.1541829
1785136085.1541829
1785136085.1541829
1785136085.1541829
1785136085.1541829
1785136085.1541829
1785136085.1541829
1785136085.1541829
1785136085.1541829
1785136085.1541829
1785136085.1544051
1785136085.1544051
1785136085.1544051
1785136085.1544051
1785136085.1544051
1785136085.1544051
1785136085.1544051
1785136085.1544051
1785136085.1544051
1785136085.1544051
1785136085.1544051
1785136085.1544051
1785136085.1544051
1785136085.1544051
1785136085.1544051
1785136085.1544051
1785136085.1544051
1785136085.1544051
1785136085.1544051
1785136085.1544051
1785136085.1544051
1785136085.1544051
1785136085.1544051
1785136085.1544051
1785136085.1544051
1785136085.1544051
1785136085.1544051
1785136085.1544051
1785136085.1544051
1785136085.1544051
1785136085.1544051
1785136085.1544051
1785136085.1544051
1785136085.1544051
1785136085.1544051
1785136085.1544051
1785136085.1544051
1785136085.1544051
1785136085.1544051
1785136085.1544051
1785136085.1544051
1785136085.1544051
1785136085.1544051
1785136085.1544051
1785136085.1544051
1785136085.1544051
1785136085.1544051
1785136085.1544051
1785136085.1544051
1785136085.1544051
1785136085.1544051
1785136085.1544051
1785136085.1544051
1785136085.1544051
1785136085.1544051
1785136085.1544051
1785136085.1544051
1785136085.1544051
1785136085.1544051
1785136085.1544051
1785136085.1544051
1785136085.1544051
1785136085.1544051
1785136085.1544051
1785136085.1544051
1785136085.1544051
1785136085.1544051
1785136085.1544051
1785136085.1544051
1785136085.1544051
1785136085.1544051
1785136085.1544051
1785136085.1544051
1785136085.1544051
1785136085.1544051
1785136085.1544051
1785136085.1544051
1785136085.1544051
1785136085.1544051
1785136085.1544051
1785136085.1546271
1785136085.1546271
1785136085.1546271
1785136085.1546271
1785136085.1546271
1785136085.1546271
1785136085.1546271
1785136085.1546271
1785136085.1546271
1785136085.1546271
1785136085.1546271
1785136085.1546271
1785136085.1546271
1785136085.1546271
1785136085.1546271
1785136085.1546271
1785136085.1546271
1785136085.1546271
1785136085.1546271
1785136085.1546271
1785136085.1546271
1785136085.1546271
1785136085.1546271
1785136085.1546271
1785136085.1546271
1785136085.1546271
1785136085.1546271
1785136085.1546271
1785136085.1546271
1785136085.1546271
1785136085.1546271
1785136085.1546271
1785136085.1546271
1785136085.1546271
1785136085.1546271
1785136085.1546271
1785136085.1546271
1785136085.1546271
1785136085.1546271
1785136085.1546271
1785136085.1546271
1785136085.1546271
1785136085.1546271
1785136085.1546271
1785136085.1546271
1785136085.1546271
1785136085.1546271
1785136085.1546271
1785136085.1546271
1785136085.1546271
1785136085.1546271
1785136085.1546271
1785136085.1546271
1785136085.1546271
1785136085.1546271
1785136085.1546271
1785136085.1546271
1785136085.1546271
1785136085.1546271
1785136085.1546271
1785136085.1546271
1785136085.1546271
1785136085.1546271
1785136085.1546271
1785136085.1546271
1785136085.1546271
1785136085.1546271
1785136085.1546271
1785136085.1546271
1785136085.1546271
1785136085.1546271
1785136085.1546271
1785136085.1546271
1785136085.1546271
1785136085.1546271
1785136085.1546271
1785136085.1546271
1785136085.1546271
1785136085.1546271
1785136085.1546271
1785136085.1546271
1785136085.1546271
1785136085.1546271
1785136085.1548500
1785136085.1548500
1785136085.1548500
1785136085.1548500
1785136085.1548500
1785136085.1548500
1785136085.1548500
1785136085.1548500
1785136085.1548500
1785136085.1548500
1785136085.1548500
1785136085.1548500
1785136085.1548500
1785136085.1548500
1785136085.1548500
1785136085.1548500
1785136085.1548500
1785136085.1548500
1785136085.1548500
1785136085.1548500
1785136085.1548500
1785136085.1548500
1785136085.1548500
1785136085.1548500
1785136085.1548500
1785136085.1548500
1785136085.1548500
1785136085.1548500
1785136085.1548500
1785136085.1548500
1785136085.1548500
1785136085.1548500
1785136085.1548500
1785136085.1548500
1785136085.1548500
1785136085.1548500
1785136085.1548500
1785136085.1548500
1785136085.1548500
1785136085.1548500
1785136085.1548500
1785136085.1548500
1785136085.1548500
1785136085.1548500
1785136085.1548500
1785136085.1548500
1785136085.1548500
1785136085.1548500
1785136085.1548500
1785136085.1548500
1785136085.1548500
1785136085.1548500
1785136085.1548500
1785136085.1548500
1785136085.1548500
1785136085.1548500
1785136085.1548500
1785136085.1548500
1785136085.1548500
1785136085.1548500
1785136085.1548500
1785136085.1548500
1785136085.1548500
1785136085.1548500
1785136085.1548500
1785136085.1548500
1785136085.1548500
1785136085.1548500
1785136085.1548500
1785136085.1548500
1785136085.1548500
1785136085.1548500
1785136085.1548500
1785136085.1548500
1785136085.1548500
1785136085.1548500
1785136085.1548500
1785136085.1548500
1785136085.1548500
1785136085.1548500
1785136085.1548500
1785136085.1548500
1785136085.1548500
1785136085.1548500
1785136085.1548500
1785136085.1548500
1785136085.1548500
1785136085.1548500
1785136085.1548500
1785136085.1548500
1785136085.1548500
1785136085.1548500
1785136085.1548500
1785136085.1548500
1785136085.1548500
1785136085.1548500
1785136085.1548500
1785136085.1548500
1785136085.1548500
1785136085.1548500
1785136085.1548500
1785136085.1548500
1785136085.1550720
1785136085.1550720
1785136085.1550720
1785136085.1550720
1785136085.1550720
1785136085.1550720
1785136085.1550720
1785136085.1550720
1785136085.1550720
1785136085.1550720
1785136085.1550720
1785136085.1550720
1785136085.1550720
1785136085.1550720
1785136085.1550720
1785136085.1550720
1785136085.1550720
1785136085.1550720
1785136085.1550720
1785136085.1550720
1785136085.1550720
1785136085.1550720
1785136085.1550720
1785136085.1550720
1785136085.1550720
1785136085.1550720
1785136085.1550720
1785136085.1550720
1785136085.1550720
1785136085.1550720
1785136085.1550720
1785136085.1550720
1785136085.1550720
1785136085.1550720
1785136085.1550720
1785136085.1550720
1785136085.1550720
1785136085.1550720
1785136085.1550720
1785136085.1550720
1785136085.1550720
1785136085.1550720
1785136085.1550720
1785136085.1550720
1785136085.1550720
1785136085.1550720
1785136085.1550720
1785136085.1550720
1785136085.1550720
1785136085.1550720
1785136085.1550720
1785136085.1550720
1785136085.1550720
1785136085.1550720
1785136085.1550720
1785136085.1550720
1785136085.1550720
1785136085.1550720
1785136085.1550720
1785136085.1550720
1785136085.1550720
1785136085.1550720
1785136085.1550720
1785136085.1550720
1785136085.1550720
1785136085.1550720
1785136085.1550720
1785136085.1550720
1785136085.1550720
1785136085.1550720
1785136085.1550720
1785136085.1550720
1785136085.1550720
1785136085.1550720
1785136085.1550720
1785136085.1550720
1785136085.1550720
1785136085.1550720
1785136085.1550720
1785136085.1550720
1785136085.1552939
1785136085.1552939
1785136085.1552939
1785136085.1552939
1785136085.1552939
1785136085.1552939
1785136085.1552939
1785136085.1552939
1785136085.1552939
1785136085.1552939
1785136085.1552939
1785136085.1552939
1785136085.1552939
1785136085.1552939
1785136085.1552939
1785136085.1552939
1785136085.1552939
1785136085.1552939
1785136085.1552939
1785136085.1552939
1785136085.1552939
1785136085.1552939
1785136085.1552939
1785136085.1552939
1785136085.1552939
1785136085.1552939
1785136085.1552939
1785136085.1552939
1785136085.1552939
1785136085.1552939
1785136085.1552939
1785136085.1552939
1785136085.1552939
1785136085.1552939
1785136085.1552939
1785136085.1552939
1785136085.1552939
1785136085.1552939
1785136085.1552939
1785136085.1552939
1785136085.1552939
1785136085.1552939
1785136085.1552939
1785136085.1552939
1785136085.1552939
1785136085.1552939
1785136085.1552939
1785136085.1552939
1785136085.1552939
1785136085.1552939
1785136085.1552939
1785136085.1552939
1785136085.1552939
1785136085.1552939
1785136085.1552939
1785136085.1552939
1785136085.1552939
1785136085.1552939
1785136085.1552939
1785136085.1552939
1785136085.1552939
1785136085.1552939
1785136085.1552939
1785136085.1552939
1785136085.1552939
1785136085.1552939
1785136085.1552939
1785136085.1552939
1785136085.1552939
1785136085.1552939
1785136085.1552939
1785136085.1552939
1785136085.1552939
1785136085.1552939
1785136085.1555171
1785136085.1555171
1785136085.1555171
1785136085.1555171
1785136085.1555171
1785136085.1555171
1785136085.1555171
1785136085.1555171
1785136085.1555171
1785136085.1555171
1785136085.1555171
1785136085.1555171
1785136085.1555171
1785136085.1555171
1785136085.1555171
1785136085.1555171
1785136085.1555171
1785136085.1555171
1785136085.1555171
1785136085.1555171
1785136085.1555171
1785136085.1555171
1785136085.1555171
1785136085.1555171
1785136085.1555171
1785136085.1555171
1785136085.1555171
1785136085.1555171
1785136085.1555171
1785136085.1555171
1785136085.1555171
1785136085.1555171
1785136085.1555171
1785136085.1555171
1785136085.1555171
1785136085.1555171
1785136085.1555171
1785136085.1555171
1785136085.1555171
1785136085.1555171
1785136085.1555171
1785136085.1555171
1785136085.1555171
1785136085.1555171
1785136085.1555171
1785136085.1555171
1785136085.1555171
1785136085.1555171
1785136085.1555171
1785136085.1555171
1785136085.1555171
1785136085.1555171
1785136085.1555171
1785136085.1555171
1785136085.1555171
1785136085.1555171
1785136085.1555171
1785136085.1555171
1785136085.1555171
1785136085.1555171
1785136085.1555171
1785136085.1555171
1785136085.1555171
1785136085.1555171
1785136085.1555171
1785136085.1555171
1785136085.1555171
1785136085.1555171
1785136085.1555171
1785136085.1555171
1785136085.1555171
1785136085.1555171
1785136085.1555171
1785136085.1555171
1785136085.1557391
1785136085.1557391
1785136085.1557391
1785136085.1557391
1785136085.1557391
1785136085.1557391
1785136085.1557391
1785136085.1557391
1785136085.1557391
1785136085.1557391
1785136085.1557391
1785136085.1557391
1785136085.1557391
1785136085.1557391
1785136085.1557391
1785136085.1557391
1785136085.1557391
1785136085.1557391
1785136085.1557391
1785136085.1557391
1785136085.1557391
1785136085.1557391
1785136085.1557391
1785136085.1557391
1785136085.1557391
1785136085.1557391
1785136085.1557391
1785136085.1557391
1785136085.1557391
1785136085.1557391
1785136085.1557391
1785136085.1557391
1785136085.1557391
1785136085.1557391
1785136085.1557391
1785136085.1557391
1785136085.1557391
1785136085.1557391
1785136085.1557391
1785136085.1557391
1785136085.1557391
1785136085.1557391
1785136085.1557391
1785136085.1557391
1785136085.1557391
1785136085.1557391
1785136085.1557391
1785136085.1557391
1785136085.1557391
1785136085.1557391
1785136085.1557391
1785136085.1557391
1785136085.1557391
1785136085.1557391
1785136085.1557391
1785136085.1557391
1785136085.1557391
1785136085.1557391
1785136085.1557391
1785136085.1557391
1785136085.1557391
1785136085.1557391
1785136085.1557391
1785136085.1557391
1785136085.1557391
1785136085.1557391
1785136085.1557391
1785136085.1557391
1785136085.1557391
1785136085.1557391
1785136085.1557391
1785136085.1557391
1785136085.1557391
1785136085.1557391
1785136085.1557391
1785136085.1557391
1785136085.1557391
1785136085.1557391
1785136085.1557391
1785136085.1557391
1785136085.1557391
1785136085.1557391
1785136085.1559601
1785136085.1559601
1785136085.1559601
1785136085.1559601
1785136085.1559601
1785136085.1559601
1785136085.1559601
1785136085.1559601
1785136085.1559601
1785136085.1559601
1785136085.1559601
1785136085.1559601
1785136085.1559601
1785136085.1559601
1785136085.1559601
1785136085.1559601
1785136085.1559601
1785136085.1559601
1785136085.1559601
1785136085.1559601
1785136085.1559601
1785136085.1559601
1785136085.1559601
1785136085.1559601
1785136085.1559601
1785136085.1559601
1785136085.1559601
1785136085.1559601
1785136085.1559601
1785136085.1559601
1785136085.1559601
1785136085.1559601
1785136085.1559601
1785136085.1559601
1785136085.1559601
1785136085.1559601
1785136085.1559601
1785136085.1559601
1785136085.1559601
1785136085.1559601
1785136085.1559601
1785136085.1559601
1785136085.1559601
1785136085.1559601
1785136085.1559601
1785136085.1559601
1785136085.1559601
1785136085.1559601
1785136085.1559601
1785136085.1559601
1785136085.1559601
1785136085.1559601
1785136085.1559601
1785136085.1559601
1785136085.1559601
1785136085.1559601
1785136085.1559601
1785136085.1559601
1785136085.1559601
1785136085.1559601
1785136085.1559601
1785136085.1559601
1785136085.1559601
1785136085.1561830
1785136085.1561830
1785136085.1561830
1785136085.1561830
1785136085.1561830
1785136085.1561830
1785136085.1561830
1785136085.1561830
1785136085.1561830
1785136085.1561830
1785136085.1561830
1785136085.1561830
1785136085.1561830
1785136085.1561830
1785136085.1561830
1785136085.1561830
1785136085.1561830
1785136085.1561830
1785136085.1561830
1785136085.1561830
1785136085.1561830
1785136085.1561830
1785136085.1561830
1785136085.1561830
1785136085.1561830
1785136085.1561830
1785136085.1561830
1785136085.1561830
1785136085.1561830
1785136085.1561830
1785136085.1561830
1785136085.1561830
1785136085.1561830
1785136085.1561830
1785136085.1561830
1785136085.1561830
1785136085.1561830
1785136085.1561830
1785136085.1561830
1785136085.1561830
1785136085.1561830
1785136085.1561830
1785136085.1561830
1785136085.1561830
1785136085.1561830
1785136085.1561830
1785136085.1561830
1785136085.1561830
1785136085.1561830
1785136085.1561830
1785136085.1561830
1785136085.1561830
1785136085.1561830
1785136085.1561830
1785136085.1561830
1785136085.1561830
1785136085.1561830
1785136085.1561830
1785136085.1561830
1785136085.1561830
1785136085.1561830
1785136085.1561830
1785136085.1561830
1785136085.1564050
1785136085.1564050
1785136085.1564050
1785136085.1564050
1785136085.1564050
1785136085.1564050
1785136085.1564050
1785136085.1564050
1785136085.1564050
1785136085.1564050
1785136085.1564050
1785136085.1564050
1785136085.1564050
1785136085.1564050
1785136085.1564050
1785136085.1564050
1785136085.1564050
1785136085.1564050
1785136085.1564050
1785136085.1564050
1785136085.1564050
1785136085.1564050
1785136085.1564050
1785136085.1564050
1785136085.1564050
1785136085.1564050
1785136085.1564050
1785136085.1564050
1785136085.1564050
1785136085.1564050
1785136085.1564050
1785136085.1564050
1785136085.1564050
1785136085.1564050
1785136085.1564050
1785136085.1564050
1785136085.1564050
1785136085.1564050
1785136085.1564050
1785136085.1564050
1785136085.1564050
1785136085.1564050
1785136085.1564050
1785136085.1564050
1785136085.1564050
1785136085.1564050
1785136085.1564050
1785136085.1564050
1785136085.1564050
1785136085.1564050
1785136085.1564050
1785136085.1564050
1785136085.1564050
1785136085.1564050
1785136085.1564050
1785136085.1564050
1785136085.1564050
1785136085.1564050
1785136085.1564050
1785136085.1564050
1785136085.1564050
1785136085.1566269
1785136085.1566269
1785136085.1566269
1785136085.1566269
1785136085.1566269
1785136085.1566269
1785136085.1566269
1785136085.1566269
1785136085.1566269
1785136085.1566269
1785136085.1566269
1785136085.1566269
1785136085.1566269
1785136085.1566269
1785136085.1566269
1785136085.1566269
1785136085.1566269
1785136085.1566269
1785136085.1566269
1785136085.1566269
1785136085.1566269
1785136085.1566269
1785136085.1566269
1785136085.1566269
1785136085.1566269
1785136085.1566269
1785136085.1566269
1785136085.1566269
1785136085.1566269
1785136085.1566269
1785136085.1566269
1785136085.1566269
1785136085.1566269
1785136085.1566269
1785136085.1566269
1785136085.1566269
1785136085.1566269
1785136085.1566269
1785136085.1566269
1785136085.1566269
1785136085.1566269
1785136085.1566269
1785136085.1566269
1785136085.1566269
1785136085.1566269
1785136085.1566269
1785136085.1566269
1785136085.1566269
1785136085.1566269
1785136085.1566269
1785136085.1566269
1785136085.1566269
1785136085.1566269
1785136085.1566269
1785136085.1566269
1785136085.1566269
1785136085.1566269
1785136085.1566269
1785136085.1566269
1785136085.1568489
1785136085.1568489
1785136085.1568489
1785136085.1568489
1785136085.1568489
1785136085.1568489
1785136085.1568489
1785136085.1568489
1785136085.1568489
1785136085.1568489
1785136085.1568489
1785136085.1568489
1785136085.1568489
1785136085.1568489
1785136085.1568489
1785136085.1568489
1785136085.1568489
1785136085.1568489
1785136085.1568489
1785136085.1568489
1785136085.1568489
1785136085.1568489
1785136085.1568489
1785136085.1568489
1785136085.1568489
1785136085.1568489
1785136085.1568489
1785136085.1568489
1785136085.1568489
1785136085.1568489
1785136085.1568489
1785136085.1568489
1785136085.1568489
1785136085.1568489
1785136085.1568489
1785136085.1568489
1785136085.1568489
1785136085.1568489
1785136085.1568489
1785136085.1568489
1785136085.1568489
1785136085.1568489
1785136085.1568489
1785136085.1568489
1785136085.1568489
1785136085.1568489
1785136085.1568489
1785136085.1568489
1785136085.1568489
1785136085.1568489
1785136085.1568489
1785136085.1568489
1785136085.1568489
1785136085.1568489
1785136085.1570711
1785136085.1570711
1785136085.1570711
1785136085.1570711
1785136085.1570711
1785136085.1570711
1785136085.1570711
1785136085.1570711
1785136085.1570711
1785136085.1570711
1785136085.1570711
1785136085.1570711
1785136085.1570711
1785136085.1570711
1785136085.1570711
1785136085.1570711
1785136085.1570711
1785136085.1570711
1785136085.1570711
1785136085.1570711
1785136085.1570711
1785136085.1570711
1785136085.1570711
1785136085.1570711
1785136085.1570711
1785136085.1570711
1785136085.1570711
1785136085.1570711
1785136085.1570711
1785136085.1570711
1785136085.1570711
1785136085.1570711
1785136085.1570711
1785136085.1570711
1785136085.1570711
1785136085.1570711
1785136085.1570711
1785136085.1570711
1785136085.1570711
1785136085.1570711
1785136085.1570711
1785136085.1570711
1785136085.1570711
1785136085.1570711
1785136085.1570711
1785136085.1570711
1785136085.1570711
1785136085.1570711
1785136085.1570711
1785136085.1570711
1785136085.1570711
1785136085.1570711
1785136085.1570711
1785136085.1570711
1785136085.1572940
1785136085.1572940
1785136085.1572940
1785136085.1572940
1785136085.1572940
1785136085.1572940
1785136085.1572940
1785136085.1572940
1785136085.1572940
1785136085.1572940
1785136085.1572940
1785136085.1572940
1785136085.1572940
1785136085.1572940
1785136085.1572940
1785136085.1572940
1785136085.1572940
1785136085.1572940
1785136085.1572940
1785136085.1572940
1785136085.1572940
1785136085.1572940
1785136085.1572940
1785136085.1572940
1785136085.1572940
1785136085.1572940
1785136085.1572940
1785136085.1572940
1785136085.1572940
1785136085.1572940
1785136085.1572940
1785136085.1572940
1785136085.1572940
1785136085.1572940
1785136085.1572940
1785136085.1572940
1785136085.1572940
1785136085.1572940
1785136085.1572940
1785136085.1572940
1785136085.1572940
1785136085.1572940
1785136085.1572940
1785136085.1572940
1785136085.1572940
1785136085.1572940
1785136085.1572940
1785136085.1572940
1785136085.1572940
1785136085.1572940
1785136085.1572940
1785136085.1572940
1785136085.1572940
1785136085.1572940
1785136085.1572940
1785136085.1575160
1785136085.1575160
1785136085.1575160
1785136085.1575160
1785136085.1575160
1785136085.1575160
1785136085.1575160
1785136085.1575160
1785136085.1575160
1785136085.1575160
1785136085.1575160
1785136085.1575160
1785136085.1575160
1785136085.1575160
1785136085.1575160
1785136085.1575160
1785136085.1575160
1785136085.1575160
1785136085.1575160
1785136085.1575160
1785136085.1575160
1785136085.1575160
1785136085.1575160
1785136085.1575160
1785136085.1575160
1785136085.1575160
1785136085.1575160
1785136085.1575160
1785136085.1575160
1785136085.1575160
1785136085.1575160
1785136085.1575160
1785136085.1575160
1785136085.1575160
1785136085.1575160
1785136085.1575160
1785136085.1575160
1785136085.1575160
1785136085.1575160
1785136085.1575160
1785136085.1575160
1785136085.1575160
1785136085.1575160
1785136085.1575160
1785136085.1575160
1785136085.1575160
1785136085.1575160
1785136085.1575160
1785136085.1575160
1785136085.1575160
1785136085.1575160
1785136085.1575160
1785136085.1575160
1785136085.1575160
1785136085.1575160
1785136085.1575160
1785136085.1577380
1785136085.1577380
1785136085.1577380
1785136085.1577380
1785136085.1577380
1785136085.1577380
1785136085.1577380
1785136085.1577380
1785136085.1577380
1785136085.1577380
1785136085.1577380
1785136085.1577380
1785136085.1577380
1785136085.1577380
1785136085.1577380
1785136085.1577380
1785136085.1577380
1785136085.1577380
1785136085.1577380
1785136085.1577380
1785136085.1577380
1785136085.1577380
1785136085.1577380
1785136085.1577380
1785136085.1577380
1785136085.1577380
1785136085.1577380
1785136085.1577380
1785136085.1577380
1785136085.1577380
1785136085.1577380
1785136085.1577380
1785136085.1577380
1785136085.1577380
1785136085.1577380
1785136085.1577380
1785136085.1577380
1785136085.1577380
1785136085.1577380
1785136085.1577380
1785136085.1577380
1785136085.1577380
1785136085.1577380
1785136085.1577380
1785136085.1577380
1785136085.1577380
1785136085.1577380
1785136085.1577380
1785136085.1577380
1785136085.1577380
1785136085.1577380
1785136085.1577380
1785136085.1577380
1785136085.1579599
1785136085.1579599
1785136085.1579599
1785136085.1579599
1785136085.1579599
1785136085.1579599
1785136085.1579599
1785136085.1579599
1785136085.1579599
1785136085.1579599
1785136085.1579599
1785136085.1579599
1785136085.1579599
1785136085.1579599
1785136085.1579599
1785136085.1579599
1785136085.1579599
1785136085.1579599
1785136085.1579599
1785136085.1579599
1785136085.1579599
1785136085.1579599
1785136085.1579599
1785136085.1579599
1785136085.1579599
1785136085.1579599
1785136085.1579599
1785136085.1579599
1785136085.1579599
1785136085.1579599
1785136085.1579599
1785136085.1579599
1785136085.1579599
1785136085.1579599
1785136085.1579599
1785136085.1579599
1785136085.1579599
1785136085.1579599
1785136085.1579599
1785136085.1579599
1785136085.1579599
1785136085.1579599
1785136085.1579599
1785136085.1579599
1785136085.1579599
1785136085.1579599
1785136085.1579599
1785136085.1579599
1785136085.1579599
1785136085.1579599
1785136085.1579599
1785136085.1579599
1785136085.1581819
1785136085.1581819
1785136085.1581819
1785136085.1581819
1785136085.1581819
1785136085.1581819
1785136085.1581819
1785136085.1581819
1785136085.1581819
1785136085.1581819
1785136085.1581819
1785136085.1581819
1785136085.1581819
1785136085.1581819
1785136085.1581819
1785136085.1581819
1785136085.1581819
1785136085.1581819
1785136085.1581819
1785136085.1581819
1785136085.1581819
1785136085.1581819
1785136085.1581819
1785136085.1581819
1785136085.1581819
1785136085.1581819
1785136085.1581819
1785136085.1581819
1785136085.1581819
1785136085.1581819
1785136085.1581819
1785136085.1581819
1785136085.1581819
1785136085.1581819
1785136085.1581819
1785136085.1581819
1785136085.1581819
1785136085.1581819
1785136085.1581819
1785136085.1581819
1785136085.1581819
1785136085.1581819
1785136085.1581819
1785136085.1581819
1785136085.1581819
1785136085.1581819
1785136085.1581819
1785136085.1581819
1785136085.1581819
1785136085.1581819
1785136085.1581819
1785136085.1584041
1785136085.1584041
1785136085.1584041
1785136085.1584041
1785136085.1584041
1785136085.1584041
1785136085.1584041
1785136085.1584041
1785136085.1584041
1785136085.1584041
1785136085.1584041
1785136085.1584041
1785136085.1584041
1785136085.1584041
1785136085.1584041
1785136085.1584041
1785136085.1584041
1785136085.1584041
1785136085.1584041
1785136085.1584041
1785136085.1584041
1785136085.1584041
1785136085.1584041
1785136085.1584041
1785136085.1584041
1785136085.1584041
1785136085.1584041
1785136085.1584041
1785136085.1584041
1785136085.1584041
1785136085.1584041
1785136085.1584041
1785136085.1584041
1785136085.1584041
1785136085.1584041
1785136085.1584041
1785136085.1584041
1785136085.1584041
1785136085.1584041
1785136085.1584041
1785136085.1584041
1785136085.1584041
1785136085.1584041
1785136085.1584041
1785136085.1584041
1785136085.1584041
1785136085.1584041
1785136085.1586261
1785136085.1586261
1785136085.1586261
1785136085.1586261
1785136085.1586261
1785136085.1586261
1785136085.1586261
1785136085.1586261
1785136085.1586261
1785136085.1586261
1785136085.1586261
1785136085.1586261
1785136085.1586261
1785136085.1586261
1785136085.1586261
1785136085.1586261
1785136085.1586261
1785136085.1586261
1785136085.1586261
1785136085.1586261
1785136085.1586261
1785136085.1586261
1785136085.1586261
1785136085.1586261
1785136085.1586261
1785136085.1586261
1785136085.1586261
1785136085.1586261
1785136085.1586261
1785136085.1586261
1785136085.1586261
1785136085.1586261
1785136085.1586261
1785136085.1586261
1785136085.1586261
1785136085.1586261
1785136085.1586261
1785136085.1586261
1785136085.1586261
1785136085.1586261
1785136085.1586261
1785136085.1586261
1785136085.1586261
1785136085.1586261
1785136085.1588490
1785136085.1588490
1785136085.1588490
1785136085.1588490
1785136085.1588490
1785136085.1588490
1785136085.1588490
1785136085.1588490
1785136085.1588490
1785136085.1588490
1785136085.1588490
1785136085.1588490
1785136085.1588490
1785136085.1588490
1785136085.1588490
1785136085.1588490
1785136085.1588490
1785136085.1588490
1785136085.1588490
1785136085.1588490
1785136085.1588490
1785136085.1588490
1785136085.1588490
1785136085.1588490
1785136085.1588490
1785136085.1588490
1785136085.1588490
1785136085.1588490
1785136085.1588490
1785136085.1588490
1785136085.1588490
1785136085.1588490
1785136085.1588490
1785136085.1588490
1785136085.1588490
1785136085.1588490
1785136085.1588490
1785136085.1588490
1785136085.1588490
1785136085.1588490
1785136085.1588490
1785136085.1588490
1785136085.1588490
1785136085.1590710
1785136085.1590710
1785136085.1590710
1785136085.1590710
1785136085.1590710
1785136085.1590710
1785136085.1590710
1785136085.1590710
1785136085.1590710
1785136085.1590710
1785136085.1590710
1785136085.1590710
1785136085.1590710
1785136085.1590710
1785136085.1590710
1785136085.1590710
1785136085.1590710
1785136085.1590710
1785136085.1590710
1785136085.1590710
1785136085.1590710
1785136085.1590710
1785136085.1590710
1785136085.1590710
1785136085.1590710
1785136085.1590710
1785136085.1590710
1785136085.1590710
1785136085.1590710
1785136085.1590710
1785136085.1590710
1785136085.1590710
1785136085.1590710
1785136085.1590710
1785136085.1590710
1785136085.1590710
1785136085.1590710
1785136085.1590710
1785136085.1590710
1785136085.1590710
1785136085.1590710
1785136085.1590710
1785136085.1590710
1785136085.1592929
1785136085.1592929
1785136085.1592929
1785136085.1592929
1785136085.1592929
1785136085.1592929
1785136085.1592929
1785136085.1592929
1785136085.1592929
1785136085.1592929
1785136085.1592929
1785136085.1592929
1785136085.1592929
1785136085.1592929
1785136085.1592929
1785136085.1592929
1785136085.1592929
1785136085.1592929
1785136085.1592929
1785136085.1592929
1785136085.1592929
1785136085.1592929
1785136085.1592929
1785136085.1592929
1785136085.1592929
1785136085.1592929
1785136085.1592929
1785136085.1592929
1785136085.1592929
1785136085.1592929
1785136085.1592929
1785136085.1592929
1785136085.1592929
1785136085.1592929
1785136085.1592929
1785136085.1592929
1785136085.1592929
1785136085.1592929
1785136085.1592929
1785136085.1592929
1785136085.1592929
1785136085.1592929
1785136085.1592929
1785136085.1595149
1785136085.1595149
1785136085.1595149
1785136085.1595149
1785136085.1595149
1785136085.1595149
1785136085.1595149
1785136085.1595149
1785136085.1595149
1785136085.1595149
1785136085.1595149
1785136085.1595149
1785136085.1595149
1785136085.1595149
1785136085.1595149
1785136085.1595149
1785136085.1595149
1785136085.1595149
1785136085.1595149
1785136085.1595149
1785136085.1595149
1785136085.1595149
1785136085.1595149
1785136085.1595149
1785136085.1595149
1785136085.1595149
1785136085.1595149
1785136085.1595149
1785136085.1595149
1785136085.1595149
1785136085.1595149
1785136085.1595149
1785136085.1595149
1785136085.1595149
1785136085.1595149
1785136085.1595149
1785136085.1595149
1785136085.1595149
1785136085.1595149
1785136085.1595149
1785136085.1595149
1785136085.1595149
1785136085.1595149
1785136085.1597381
1785136085.1597381
1785136085.1597381
1785136085.1597381
1785136085.1597381
1785136085.1597381
1785136085.1597381
1785136085.1597381
1785136085.1597381
1785136085.1597381
1785136085.1597381
1785136085.1597381
1785136085.1597381
1785136085.1597381
1785136085.1597381
1785136085.1597381
1785136085.1597381
1785136085.1597381
1785136085.1597381
1785136085.1597381
1785136085.1597381
1785136085.1597381
1785136085.1597381
1785136085.1597381
1785136085.1597381
1785136085.1597381
1785136085.1597381
1785136085.1597381
1785136085.1597381
1785136085.1597381
1785136085.1597381
1785136085.1597381
1785136085.1597381
1785136085.1597381
1785136085.1597381
1785136085.1597381
1785136085.1597381
1785136085.1597381
1785136085.1597381
1785136085.1597381
1785136085.1597381
1785136085.1597381
1785136085.1597381
1785136085.1599591
1785136085.1599591
1785136085.1599591
1785136085.1599591
1785136085.1599591
1785136085.1599591
1785136085.1599591
1785136085.1599591
1785136085.1599591
1785136085.1599591
1785136085.1599591
1785136085.1599591
1785136085.1599591
1785136085.1599591
1785136085.1599591
1785136085.1599591
1785136085.1599591
1785136085.1599591
1785136085.1599591
1785136085.1599591
1785136085.1599591
1785136085.1599591
1785136085.1599591
1785136085.1599591
1785136085.1599591
1785136085.1599591
1785136085.1599591
1785136085.1599591
1785136085.1599591
1785136085.1599591
1785136085.1599591
1785136085.1599591
1785136085.1599591
1785136085.1599591
1785136085.1599591
1785136085.1599591
1785136085.1599591
1785136085.1599591
1785136085.1599591
1785136085.1599591
1785136085.1599591
1785136085.1599591
1785136085.1599591
1785136085.1601810
1785136085.1601810
1785136085.1601810
1785136085.1601810
1785136085.1601810
1785136085.1601810
1785136085.1601810
1785136085.1601810
1785136085.1601810
1785136085.1601810
1785136085.1601810
1785136085.1601810
1785136085.1601810
1785136085.1601810
1785136085.1601810
1785136085.1601810
1785136085.1601810
1785136085.1601810
1785136085.1601810
1785136085.1601810
1785136085.1601810
1785136085.1601810
1785136085.1601810
1785136085.1601810
1785136085.1601810
1785136085.1601810
1785136085.1601810
1785136085.1601810
1785136085.1601810
1785136085.1601810
1785136085.1601810
1785136085.1601810
1785136085.1601810
1785136085.1601810
1785136085.1601810
1785136085.1601810
1785136085.1601810
1785136085.1601810
1785136085.1601810
1785136085.1601810
1785136085.1601810
1785136085.1601810
1785136085.1601810
1785136085.1604040
1785136085.1604040
1785136085.1604040
1785136085.1604040
1785136085.1604040
1785136085.1604040
1785136085.1604040
1785136085.1604040
1785136085.1604040
1785136085.1604040
1785136085.1604040
1785136085.1604040
1785136085.1604040
1785136085.1604040
1785136085.1604040
1785136085.1604040
1785136085.1604040
1785136085.1604040
1785136085.1604040
1785136085.1604040
1785136085.1604040
1785136085.1604040
1785136085.1604040
1785136085.1604040
1785136085.1604040
1785136085.1604040
1785136085.1604040
1785136085.1604040
1785136085.1604040
1785136085.1604040
1785136085.1604040
1785136085.1604040
1785136085.1604040
1785136085.1604040
1785136085.1604040
1785136085.1604040
1785136085.1604040
1785136085.1604040
1785136085.1604040
1785136085.1604040
1785136085.1604040
1785136085.1604040
1785136085.1604040
1785136085.1604040
1785136085.1606259
1785136085.1606259
1785136085.1606259
1785136085.1606259
1785136085.1606259
1785136085.1606259
1785136085.1606259
1785136085.1606259
1785136085.1606259
1785136085.1606259
1785136085.1606259
1785136085.1606259
1785136085.1606259
1785136085.1606259
1785136085.1606259
1785136085.1606259
1785136085.1606259
1785136085.1606259
1785136085.1606259
1785136085.1606259
1785136085.1606259
1785136085.1606259
1785136085.1606259
1785136085.1606259
1785136085.1606259
1785136085.1606259
1785136085.1606259
1785136085.1606259
1785136085.1606259
1785136085.1606259
1785136085.1606259
1785136085.1606259
1785136085.1606259
1785136085.1606259
1785136085.1606259
1785136085.1606259
1785136085.1606259
1785136085.1606259
1785136085.1606259
1785136085.1606259
1785136085.1606259
1785136085.1606259
1785136085.1606259
1785136085.1606259
1785136085.1608479
1785136085.1608479
1785136085.1608479
1785136085.1608479
1785136085.1608479
1785136085.1608479
1785136085.1608479
1785136085.1608479
1785136085.1608479
1785136085.1608479
1785136085.1608479
1785136085.1608479
1785136085.1608479
1785136085.1608479
1785136085.1608479
1785136085.1608479
1785136085.1608479
1785136085.1608479
1785136085.1608479
1785136085.1608479
1785136085.1608479
1785136085.1608479
1785136085.1608479
1785136085.1608479
1785136085.1608479
1785136085.1608479
1785136085.1608479
1785136085.1608479
1785136085.1608479
1785136085.1608479
1785136085.1608479
1785136085.1608479
1785136085.1608479
1785136085.1608479
1785136085.1608479
1785136085.1608479
1785136085.1608479
1785136085.1608479
1785136085.1608479
1785136085.1608479
1785136085.1608479
1785136085.1608479
1785136085.1608479
1785136085.1608479
1785136085.1610711
1785136085.1610711
1785136085.1610711
1785136085.1610711
1785136085.1610711
1785136085.1610711
1785136085.1610711
1785136085.1610711
1785136085.1610711
1785136085.1610711
1785136085.1610711
1785136085.1610711
1785136085.1610711
1785136085.1610711
1785136085.1610711
1785136085.1610711
1785136085.1610711
1785136085.1610711
1785136085.1610711
1785136085.1610711
1785136085.1610711
1785136085.1610711
1785136085.1610711
1785136085.1610711
1785136085.1610711
1785136085.1610711
1785136085.1610711
1785136085.1610711
1785136085.1610711
1785136085.1610711
1785136085.1610711
1785136085.1610711
1785136085.1610711
1785136085.1610711
1785136085.1610711
1785136085.1610711
1785136085.1610711
1785136085.1610711
1785136085.1610711
1785136085.1610711
1785136085.1610711
1785136085.1610711
1785136085.1610711
1785136085.1610711
1785136085.1612930
1785136085.1612930
1785136085.1612930
1785136085.1612930
1785136085.1612930
1785136085.1612930
1785136085.1612930
1785136085.1612930
1785136085.1612930
1785136085.1612930
1785136085.1612930
1785136085.1612930
1785136085.1612930
1785136085.1612930
1785136085.1612930
1785136085.1612930
1785136085.1612930
1785136085.1612930
1785136085.1612930
1785136085.1612930
1785136085.1612930
1785136085.1612930
1785136085.1612930
1785136085.1612930
1785136085.1612930
1785136085.1612930
1785136085.1612930
1785136085.1612930
1785136085.1612930
1785136085.1612930
1785136085.1612930
1785136085.1612930
1785136085.1612930
1785136085.1612930
1785136085.1612930
1785136085.1612930
1785136085.1612930
1785136085.1612930
1785136085.1612930
1785136085.1612930
1785136085.1612930
1785136085.1612930
1785136085.1612930
1785136085.1612930
1785136085.1615140
1785136085.1615140
1785136085.1615140
1785136085.1615140
1785136085.1615140
1785136085.1615140
1785136085.1615140
1785136085.1615140
1785136085.1615140
1785136085.1615140
1785136085.1615140
1785136085.1615140
1785136085.1615140
1785136085.1615140
1785136085.1615140
1785136085.1615140
1785136085.1615140
1785136085.1615140
1785136085.1615140
1785136085.1615140
1785136085.1615140
1785136085.1615140
1785136085.1615140
1785136085.1615140
1785136085.1615140
1785136085.1615140
1785136085.1615140
1785136085.1615140
1785136085.1615140
1785136085.1615140
1785136085.1615140
1785136085.1615140
1785136085.1615140
1785136085.1615140
1785136085.1615140
1785136085.1615140
1785136085.1615140
1785136085.1615140
1785136085.1615140
1785136085.1615140
1785136085.1615140
1785136085.1615140
1785136085.1615140
1785136085.1615140
1785136085.1617370
1785136085.1617370
1785136085.1617370
1785136085.1617370
1785136085.1617370
1785136085.1617370
1785136085.1617370
1785136085.1617370
1785136085.1617370
1785136085.1617370
1785136085.1617370
1785136085.1617370
1785136085.1617370
1785136085.1617370
1785136085.1617370
1785136085.1617370
1785136085.1617370
1785136085.1617370
1785136085.1617370
1785136085.1617370
1785136085.1617370
1785136085.1617370
1785136085.1617370
1785136085.1617370
1785136085.1617370
1785136085.1617370
1785136085.1617370
1785136085.1617370
1785136085.1617370
1785136085.1617370
1785136085.1617370
1785136085.1617370
1785136085.1617370
1785136085.1617370
1785136085.1617370
1785136085.1617370
1785136085.1617370
1785136085.1617370
1785136085.1617370
1785136085.1617370
1785136085.1617370
1785136085.1617370
1785136085.1617370
1785136085.1617370
1785136085.1619599
1785136085.1619599
1785136085.1619599
1785136085.1619599
1785136085.1619599
1785136085.1619599
1785136085.1619599
1785136085.1619599
1785136085.1619599
1785136085.1619599
1785136085.1619599
1785136085.1619599
1785136085.1619599
1785136085.1619599
1785136085.1619599
1785136085.1619599
1785136085.1619599
1785136085.1619599
1785136085.1619599
1785136085.1619599
1785136085.1619599
1785136085.1619599
1785136085.1619599
1785136085.1619599
1785136085.1619599
1785136085.1619599
1785136085.1619599
1785136085.1619599
1785136085.1619599
1785136085.1619599
1785136085.1619599
1785136085.1619599
1785136085.1619599
1785136085.1619599
1785136085.1619599
1785136085.1619599
1785136085.1619599
1785136085.1619599
1785136085.1619599
1785136085.1619599
1785136085.1619599
1785136085.1619599
1785136085.1619599
1785136085.1619599
1785136085.1619599
1785136085.1621809
1785136085.1621809
1785136085.1621809
1785136085.1621809
1785136085.1621809
1785136085.1621809
1785136085.1621809
1785136085.1621809
1785136085.1621809
1785136085.1621809
1785136085.1621809
1785136085.1621809
1785136085.1621809
1785136085.1621809
1785136085.1621809
1785136085.1621809
1785136085.1621809
1785136085.1621809
1785136085.1621809
1785136085.1621809
1785136085.1621809
1785136085.1621809
1785136085.1621809
1785136085.1621809
1785136085.1621809
1785136085.1621809
1785136085.1621809
1785136085.1621809
1785136085.1621809
1785136085.1621809
1785136085.1621809
1785136085.1621809
1785136085.1621809
1785136085.1621809
1785136085.1621809
1785136085.1621809
1785136085.1621809
1785136085.1621809
1785136085.1621809
1785136085.1621809
1785136085.1621809
1785136085.1621809
1785136085.1621809
1785136085.1621809
1785136085.1621809
1785136085.1624041
1785136085.1624041
1785136085.1624041
1785136085.1624041
1785136085.1624041
1785136085.1624041
1785136085.1624041
1785136085.1624041
1785136085.1624041
1785136085.1624041
1785136085.1624041
1785136085.1624041
1785136085.1624041
1785136085.1624041
1785136085.1624041
1785136085.1624041
1785136085.1624041
1785136085.1624041
1785136085.1624041
1785136085.1624041
1785136085.1624041
1785136085.1624041
1785136085.1624041
1785136085.1624041
1785136085.1624041
1785136085.1624041
1785136085.1624041
1785136085.1624041
1785136085.1624041
1785136085.1624041
1785136085.1624041
1785136085.1624041
1785136085.1624041
1785136085.1624041
1785136085.1624041
1785136085.1624041
1785136085.1624041
1785136085.1624041
1785136085.1624041
1785136085.1624041
1785136085.1624041
1785136085.1624041
1785136085.1624041
1785136085.1624041
1785136085.1624041
1785136085.1626251
1785136085.1626251
1785136085.1626251
1785136085.1626251
1785136085.1626251
1785136085.1626251
1785136085.1626251
1785136085.1626251
1785136085.1626251
1785136085.1626251
1785136085.1626251
1785136085.1626251
1785136085.1626251
1785136085.1626251
1785136085.1626251
1785136085.1626251
1785136085.1626251
1785136085.1626251
1785136085.1626251
1785136085.1626251
1785136085.1626251
1785136085.1626251
1785136085.1626251
1785136085.1626251
1785136085.1626251
1785136085.1626251
1785136085.1626251
1785136085.1626251
1785136085.1626251
1785136085.1626251
1785136085.1626251
1785136085.1626251
1785136085.1626251
1785136085.1626251
1785136085.1626251
1785136085.1626251
1785136085.1626251
1785136085.1626251
1785136085.1626251
1785136085.1626251
1785136085.1626251
1785136085.1626251
1785136085.1626251
1785136085.1626251
1785136085.1626251
1785136085.1628480
1785136085.1628480
1785136085.1628480
1785136085.1628480
1785136085.1628480
1785136085.1628480
1785136085.1628480
1785136085.1628480
1785136085.1628480
1785136085.1628480
1785136085.1628480
1785136085.1628480
1785136085.1628480
1785136085.1628480
1785136085.1628480
1785136085.1628480
1785136085.1628480
1785136085.1628480
1785136085.1628480
1785136085.1628480
1785136085.1628480
1785136085.1628480
1785136085.1628480
1785136085.1628480
1785136085.1628480
1785136085.1628480
1785136085.1628480
1785136085.1628480
1785136085.1628480
1785136085.1628480
1785136085.1628480
1785136085.1628480
1785136085.1628480
1785136085.1628480
1785136085.1628480
1785136085.1628480
1785136085.1628480
1785136085.1628480
1785136085.1628480
1785136085.1628480
1785136085.1628480
1785136085.1628480
1785136085.1628480
1785136085.1628480
1785136085.1628480
1785136085.1628480
1785136085.1628480
1785136085.1628480
1785136085.1628480
1785136085.1628480
1785136085.1628480
1785136085.1628480
1785136085.1628480
1785136085.1628480
1785136085.1628480
1785136085.1628480
1785136085.1628480
1785136085.1628480
1785136085.1628480
1785136085.1628480
1785136085.1628480
1785136085.1628480
1785136085.1630700
1785136085.1630700
1785136085.1630700
1785136085.1630700
1785136085.1630700
1785136085.1630700
1785136085.1630700
1785136085.1630700
1785136085.1630700
1785136085.1630700
1785136085.1630700
1785136085.1630700
1785136085.1630700
1785136085.1630700
1785136085.1630700
1785136085.1630700
1785136085.1630700
1785136085.1630700
1785136085.1630700
1785136085.1630700
1785136085.1630700
1785136085.1630700
1785136085.1630700
1785136085.1630700
1785136085.1630700
1785136085.1630700
1785136085.1630700
1785136085.1630700
1785136085.1630700
1785136085.1630700
1785136085.1630700
1785136085.1630700
1785136085.1630700
1785136085.1630700
1785136085.1630700
1785136085.1630700
1785136085.1630700
1785136085.1630700
1785136085.1630700
1785136085.1630700
1785136085.1630700
1785136085.1630700
1785136085.1630700
1785136085.1630700
1785136085.1630700
1785136085.1630700
1785136085.1630700
1785136085.1630700
1785136085.1630700
1785136085.1630700
1785136085.1630700
1785136085.1630700
1785136085.1630700
1785136085.1630700
1785136085.1630700
1785136085.1630700
1785136085.1630700
1785136085.1630700
1785136085.1630700
1785136085.1630700
1785136085.1630700
1785136085.1630700
1785136085.1630700
1785136085.1630700
1785136085.1630700
1785136085.1632919
1785136085.1632919
1785136085.1632919
1785136085.1632919
1785136085.1632919
1785136085.1632919
1785136085.1632919
1785136085.1632919
1785136085.1632919
1785136085.1632919
1785136085.1632919
1785136085.1632919
1785136085.1632919
1785136085.1632919
1785136085.1632919
1785136085.1632919
1785136085.1632919
1785136085.1632919
1785136085.1632919
1785136085.1632919
1785136085.1632919
1785136085.1632919
1785136085.1632919
1785136085.1632919
1785136085.1632919
1785136085.1632919
1785136085.1632919
1785136085.1632919
1785136085.1632919
1785136085.1632919
1785136085.1632919
1785136085.1632919
1785136085.1632919
1785136085.1632919
1785136085.1632919
1785136085.1632919
1785136085.1632919
1785136085.1632919
1785136085.1632919
1785136085.1632919
1785136085.1632919
1785136085.1632919
1785136085.1632919
1785136085.1632919
1785136085.1632919
1785136085.1632919
1785136085.1632919
1785136085.1632919
1785136085.1632919
1785136085.1632919
1785136085.1632919
1785136085.1632919
1785136085.1632919
1785136085.1632919
1785136085.1632919
1785136085.1632919
1785136085.1632919
1785136085.1632919
1785136085.1632919
1785136085.1632919
1785136085.1632919
1785136085.1632919
1785136085.1632919
1785136085.1632919
1785136085.1632919
1785136085.1635139
1785136085.1635139
1785136085.1635139
1785136085.1635139
1785136085.1635139
1785136085.1635139
1785136085.1635139
1785136085.1635139
1785136085.1635139
1785136085.1635139
1785136085.1635139
1785136085.1635139
1785136085.1635139
1785136085.1635139
1785136085.1635139
1785136085.1635139
1785136085.1635139
1785136085.1635139
1785136085.1635139
1785136085.1635139
1785136085.1635139
1785136085.1635139
1785136085.1635139
1785136085.1635139
1785136085.1635139
1785136085.1635139
1785136085.1635139
1785136085.1635139
1785136085.1635139
1785136085.1635139
1785136085.1635139
1785136085.1635139
1785136085.1635139
1785136085.1635139
1785136085.1635139
1785136085.1635139
1785136085.1635139
1785136085.1635139
1785136085.1635139
1785136085.1635139
1785136085.1635139
1785136085.1635139
1785136085.1635139
1785136085.1635139
1785136085.1635139
1785136085.1635139
1785136085.1635139
1785136085.1635139
1785136085.1635139
1785136085.1635139
1785136085.1635139
1785136085.1635139
1785136085.1635139
1785136085.1635139
1785136085.1635139
1785136085.1635139
1785136085.1635139
1785136085.1635139
1785136085.1635139
1785136085.1635139
1785136085.1635139
1785136085.1635139
1785136085.1635139
1785136085.1635139
1785136085.1635139
1785136085.1637361
1785136085.1637361
1785136085.1637361
1785136085.1637361
1785136085.1637361
1785136085.1637361
1785136085.1637361
1785136085.1637361
1785136085.1637361
1785136085.1637361
1785136085.1637361
1785136085.1637361
1785136085.1637361
1785136085.1637361
1785136085.1637361
1785136085.1637361
1785136085.1637361
1785136085.1637361
1785136085.1637361
1785136085.1637361
1785136085.1637361
1785136085.1637361
1785136085.1637361
1785136085.1637361
1785136085.1637361
1785136085.1637361
1785136085.1637361
1785136085.1637361
1785136085.1637361
1785136085.1637361
1785136085.1637361
1785136085.1637361
1785136085.1637361
1785136085.1637361
1785136085.1637361
1785136085.1637361
1785136085.1637361
1785136085.1637361
1785136085.1637361
1785136085.1637361
1785136085.1637361
1785136085.1637361
1785136085.1637361
1785136085.1637361
1785136085.1637361
1785136085.1637361
1785136085.1637361
1785136085.1637361
1785136085.1637361
1785136085.1637361
1785136085.1637361
1785136085.1637361
1785136085.1637361
1785136085.1637361
1785136085.1637361
1785136085.1637361
1785136085.1637361
1785136085.1639590
1785136085.1639590
1785136085.1639590
1785136085.1639590
1785136085.1639590
1785136085.1639590
1785136085.1639590
1785136085.1639590
1785136085.1639590
1785136085.1639590
1785136085.1639590
1785136085.1639590
1785136085.1639590
1785136085.1639590
1785136085.1639590
1785136085.1639590
1785136085.1639590
1785136085.1639590
1785136085.1639590
1785136085.1639590
1785136085.1639590
1785136085.1639590
1785136085.1639590
1785136085.1639590
1785136085.1639590
1785136085.1639590
1785136085.1639590
1785136085.1639590
1785136085.1639590
1785136085.1639590
1785136085.1639590
1785136085.1639590
1785136085.1639590
1785136085.1639590
1785136085.1639590
1785136085.1639590
1785136085.1639590
1785136085.1639590
1785136085.1639590
1785136085.1639590
1785136085.1639590
1785136085.1639590
1785136085.1639590
1785136085.1639590
1785136085.1639590
1785136085.1639590
1785136085.1639590
1785136085.1639590
1785136085.1639590
1785136085.1639590
1785136085.1639590
1785136085.1639590
1785136085.1639590
1785136085.1639590
1785136085.1639590
1785136085.1639590
1785136085.1639590
1785136085.1641800
1785136085.1641800
1785136085.1641800
1785136085.1641800
1785136085.1641800
1785136085.1641800
1785136085.1641800
1785136085.1641800
1785136085.1641800
1785136085.1641800
1785136085.1641800
1785136085.1641800
1785136085.1641800
1785136085.1641800
1785136085.1641800
1785136085.1641800
1785136085.1641800
1785136085.1641800
1785136085.1641800
1785136085.1641800
1785136085.1641800
1785136085.1641800
1785136085.1641800
1785136085.1641800
1785136085.1641800
1785136085.1641800
1785136085.1641800
1785136085.1641800
1785136085.1641800
1785136085.1641800
1785136085.1641800
1785136085.1641800
1785136085.1641800
1785136085.1641800
1785136085.1641800
1785136085.1641800
1785136085.1641800
1785136085.1641800
1785136085.1641800
1785136085.1641800
1785136085.1641800
1785136085.1641800
1785136085.1641800
1785136085.1641800
1785136085.1641800
1785136085.1641800
1785136085.1641800
1785136085.1641800
1785136085.1641800
1785136085.1641800
1785136085.1641800
1785136085.1641800
1785136085.1641800
1785136085.1641800
1785136085.1641800
1785136085.1641800
1785136085.1641800
1785136085.1641800
1785136085.1644030
1785136085.1644030
1785136085.1644030
1785136085.1644030
1785136085.1644030
1785136085.1644030
1785136085.1644030
1785136085.1644030
1785136085.1644030
1785136085.1644030
1785136085.1644030
1785136085.1644030
1785136085.1644030
1785136085.1644030
1785136085.1644030
1785136085.1644030
1785136085.1644030
1785136085.1644030
1785136085.1644030
1785136085.1644030
1785136085.1644030
1785136085.1644030
1785136085.1644030
1785136085.1644030
1785136085.1644030
1785136085.1644030
1785136085.1644030
1785136085.1644030
1785136085.1644030
1785136085.1644030
1785136085.1644030
1785136085.1644030
1785136085.1644030
1785136085.1644030
1785136085.1644030
1785136085.1644030
1785136085.1644030
1785136085.1644030
1785136085.1644030
1785136085.1644030
1785136085.1644030
1785136085.1644030
1785136085.1644030
1785136085.1644030
1785136085.1644030
1785136085.1644030
1785136085.1644030
1785136085.1644030
1785136085.1644030
1785136085.1644030
1785136085.1644030
1785136085.1644030
1785136085.1644030
1785136085.1644030
1785136085.1644030
1785136085.1644030
1785136085.1644030
1785136085.1644030
1785136085.1644030
1785136085.1644030
1785136085.1644030
1785136085.1644030
1785136085.1644030
1785136085.1644030
1785136085.1644030
1785136085.1646259
1785136085.1646259
1785136085.1646259
1785136085.1646259
1785136085.1646259
1785136085.1646259
1785136085.1646259
1785136085.1646259
1785136085.1646259
1785136085.1646259
1785136085.1646259
1785136085.1646259
1785136085.1646259
1785136085.1646259
1785136085.1646259
1785136085.1646259
1785136085.1646259
1785136085.1646259
1785136085.1646259
1785136085.1646259
1785136085.1646259
1785136085.1646259
1785136085.1646259
1785136085.1646259
1785136085.1646259
1785136085.1646259
1785136085.1646259
1785136085.1646259
1785136085.1646259
1785136085.1646259
1785136085.1646259
1785136085.1646259
1785136085.1646259
1785136085.1646259
1785136085.1646259
1785136085.1646259
1785136085.1646259
1785136085.1646259
1785136085.1646259
1785136085.1646259
1785136085.1646259
1785136085.1646259
1785136085.1646259
1785136085.1646259
1785136085.1646259
1785136085.1646259
1785136085.1646259
1785136085.1646259
1785136085.1646259
1785136085.1646259
1785136085.1646259
1785136085.1646259
1785136085.1646259
1785136085.1646259
1785136085.1646259
1785136085.1646259
1785136085.1646259
1785136085.1646259
1785136085.1646259
1785136085.1646259
1785136085.1646259
1785136085.1646259
1785136085.1646259
1785136085.1646259
1785136085.1646259
1785136085.1646259
1785136085.1646259
1785136085.1646259
1785136085.1646259
1785136085.1646259
1785136085.1646259
1785136085.1648550
1785136085.1648550
1785136085.1648550
1785136085.1648550
1785136085.1648550
1785136085.1648550
1785136085.1648550
1785136085.1648550
1785136085.1648550
1785136085.1648550
1785136085.1648550
1785136085.1648550
1785136085.1648550
1785136085.1648550
1785136085.1648550
1785136085.1648550
1785136085.1648550
1785136085.1648550
1785136085.1648550
1785136085.1648550
1785136085.1648550
1785136085.1648550
1785136085.1648550
1785136085.1648550
1785136085.1648550
1785136085.1648550
1785136085.1648550
1785136085.1648550
1785136085.1648550
1785136085.1648550
1785136085.1648550
1785136085.1648550
1785136085.1648550
1785136085.1648550
1785136085.1648550
1785136085.1648550
1785136085.1648550
1785136085.1648550
1785136085.1648550
1785136085.1648550
1785136085.1648550
1785136085.1648550
1785136085.1648550
1785136085.1648550
1785136085.1648550
1785136085.1648550
1785136085.1648550
1785136085.1648550
1785136085.1648550
1785136085.1648550
1785136085.1648550
1785136085.1648550
1785136085.1648550
1785136085.1648550
1785136085.1648550
1785136085.1648550
1785136085.1648550
1785136085.1648550
1785136085.1648550
1785136085.1648550
1785136085.1648550
1785136085.1648550
1785136085.1648550
1785136085.1648550
1785136085.1648550
1785136085.1648550
1785136085.1648550
1785136085.1648550
1785136085.1648550
1785136085.1648550
1785136085.1650760
1785136085.1650760
1785136085.1650760
1785136085.1650760
1785136085.1650760
1785136085.1650760
1785136085.1650760
1785136085.1650760
1785136085.1650760
1785136085.1650760
1785136085.1650760
1785136085.1650760
1785136085.1650760
1785136085.1650760
1785136085.1650760
1785136085.1650760
1785136085.1650760
1785136085.1650760
1785136085.1650760
1785136085.1650760
1785136085.1650760
1785136085.1650760
1785136085.1650760
1785136085.1650760
1785136085.1650760
1785136085.1650760
1785136085.1650760
1785136085.1650760
1785136085.1650760
1785136085.1650760
1785136085.1650760
1785136085.1650760
1785136085.1650760
1785136085.1650760
1785136085.1650760
1785136085.1650760
1785136085.1650760
1785136085.1650760
1785136085.1650760
1785136085.1650760
1785136085.1650760
1785136085.1650760
1785136085.1650760
1785136085.1650760
1785136085.1650760
1785136085.1650760
1785136085.1650760
1785136085.1650760
1785136085.1650760
1785136085.1650760
1785136085.1650760
1785136085.1650760
1785136085.1650760
1785136085.1650760
1785136085.1650760
1785136085.1650760
1785136085.1650760
1785136085.1650760
1785136085.1650760
1785136085.1650760
1785136085.1650760
1785136085.1650760
1785136085.1650760
1785136085.1650760
1785136085.1650760
1785136085.1650760
1785136085.1650760
1785136085.1650760
1785136085.1650760
1785136085.1652920
1785136085.1652920
1785136085.1652920
1785136085.1652920
1785136085.1652920
1785136085.1652920
1785136085.1652920
1785136085.1652920
1785136085.1652920
1785136085.1652920
1785136085.1652920
1785136085.1652920
1785136085.1652920
1785136085.1652920
1785136085.1652920
1785136085.1652920
1785136085.1652920
1785136085.1652920
1785136085.1652920
1785136085.1652920
1785136085.1652920
1785136085.1652920
1785136085.1652920
1785136085.1652920
1785136085.1652920
1785136085.1652920
1785136085.1652920
1785136085.1652920
1785136085.1652920
1785136085.1652920
1785136085.1652920
1785136085.1652920
1785136085.1652920
1785136085.1652920
1785136085.1652920
1785136085.1652920
1785136085.1652920
1785136085.1652920
1785136085.1652920
1785136085.1652920
1785136085.1652920
1785136085.1652920
1785136085.1652920
1785136085.1652920
1785136085.1652920
1785136085.1652920
1785136085.1652920
1785136085.1652920
1785136085.1652920
1785136085.1652920
1785136085.1652920
1785136085.1652920
1785136085.1652920
1785136085.1652920
1785136085.1652920
1785136085.1652920
1785136085.1652920
1785136085.1652920
1785136085.1652920
1785136085.1652920
1785136085.1652920
1785136085.1652920
1785136085.1652920
1785136085.1652920
1785136085.1655140
1785136085.1655140
1785136085.1655140
1785136085.1655140
1785136085.1655140
1785136085.1655140
1785136085.1655140
1785136085.1655140
1785136085.1655140
1785136085.1655140
1785136085.1655140
1785136085.1655140
1785136085.1655140
1785136085.1655140
1785136085.1655140
1785136085.1655140
1785136085.1655140
1785136085.1655140
1785136085.1655140
1785136085.1655140
1785136085.1655140
1785136085.1655140
1785136085.1655140
1785136085.1655140
1785136085.1655140
1785136085.1655140
1785136085.1655140
1785136085.1655140
1785136085.1655140
1785136085.1655140
1785136085.1655140
1785136085.1655140
1785136085.1655140
1785136085.1655140
1785136085.1655140
1785136085.1655140
1785136085.1655140
1785136085.1655140
1785136085.1655140
1785136085.1655140
1785136085.1655140
1785136085.1655140
1785136085.1655140
1785136085.1655140
1785136085.1655140
1785136085.1655140
1785136085.1655140
1785136085.1655140
1785136085.1655140
1785136085.1655140
1785136085.1655140
1785136085.1655140
1785136085.1655140
1785136085.1655140
1785136085.1655140
1785136085.1655140
1785136085.1655140
1785136085.1655140
1785136085.1655140
1785136085.1655140
1785136085.1655140
1785136085.1655140
1785136085.1655140
1785136085.1657360
1785136085.1657360
1785136085.1657360
1785136085.1657360
1785136085.1657360
1785136085.1657360
1785136085.1657360
1785136085.1657360
1785136085.1657360
1785136085.1657360
1785136085.1657360
1785136085.1657360
1785136085.1657360
1785136085.1657360
1785136085.1657360
1785136085.1657360
1785136085.1657360
1785136085.1657360
1785136085.1657360
1785136085.1657360
1785136085.1657360
1785136085.1657360
1785136085.1657360
1785136085.1657360
1785136085.1657360
1785136085.1657360
1785136085.1657360
1785136085.1657360
1785136085.1657360
1785136085.1657360
1785136085.1657360
1785136085.1657360
1785136085.1657360
1785136085.1657360
1785136085.1657360
1785136085.1657360
1785136085.1657360
1785136085.1657360
1785136085.1657360
1785136085.1657360
1785136085.1657360
1785136085.1657360
1785136085.1657360
1785136085.1657360
1785136085.1657360
1785136085.1657360
1785136085.1657360
1785136085.1657360
1785136085.1657360
1785136085.1657360
1785136085.1657360
1785136085.1657360
1785136085.1657360
1785136085.1657360
1785136085.1657360
1785136085.1657360
1785136085.1657360
1785136085.1657360
1785136085.1657360
1785136085.1657360
1785136085.1657360
1785136085.1657360
1785136085.1657360
1785136085.1657360
1785136085.1659570
1785136085.1659570
1785136085.1659570
1785136085.1659570
1785136085.1659570
1785136085.1659570
1785136085.1659570
1785136085.1659570
1785136085.1659570
1785136085.1659570
1785136085.1659570
1785136085.1659570
1785136085.1659570
1785136085.1659570
1785136085.1659570
1785136085.1659570
1785136085.1659570
1785136085.1659570
1785136085.1659570
1785136085.1659570
1785136085.1659570
1785136085.1659570
1785136085.1659570
1785136085.1659570
1785136085.1659570
1785136085.1659570
1785136085.1659570
1785136085.1659570
1785136085.1659570
1785136085.1659570
1785136085.1659570
1785136085.1659570
1785136085.1659570
1785136085.1659570
1785136085.1659570
1785136085.1659570
1785136085.1659570
1785136085.1659570
1785136085.1659570
1785136085.1659570
1785136085.1659570
1785136085.1659570
1785136085.1659570
1785136085.1659570
1785136085.1659570
1785136085.1659570
1785136085.1659570
1785136085.1659570
1785136085.1659570
1785136085.1659570
1785136085.1659570
1785136085.1659570
1785136085.1659570
1785136085.1659570
1785136085.1659570
1785136085.1659570
1785136085.1659570
1785136085.1659570
1785136085.1659570
1785136085.1659570
1785136085.1659570
1785136085.1659570
1785136085.1659570
1785136085.1661799
1785136085.1661799
1785136085.1661799
1785136085.1661799
1785136085.1661799
1785136085.1661799
1785136085.1661799
1785136085.1661799
1785136085.1661799
1785136085.1661799
1785136085.1661799
1785136085.1661799
1785136085.1661799
1785136085.1661799
1785136085.1661799
1785136085.1661799
1785136085.1661799
1785136085.1661799
1785136085.1661799
1785136085.1661799
1785136085.1661799
1785136085.1661799
1785136085.1661799
1785136085.1661799
1785136085.1661799
1785136085.1661799
1785136085.1661799
1785136085.1661799
1785136085.1661799
1785136085.1661799
1785136085.1661799
1785136085.1661799
1785136085.1661799
1785136085.1661799
1785136085.1661799
1785136085.1661799
1785136085.1661799
1785136085.1661799
1785136085.1661799
1785136085.1661799
1785136085.1661799
1785136085.1661799
1785136085.1661799
1785136085.1661799
1785136085.1661799
1785136085.1661799
1785136085.1661799
1785136085.1661799
1785136085.1661799
1785136085.1661799
1785136085.1661799
1785136085.1661799
1785136085.1661799
1785136085.1661799
1785136085.1661799
1785136085.1661799
1785136085.1661799
1785136085.1661799
1785136085.1661799
1785136085.1661799
1785136085.1661799
1785136085.1661799
1785136085.1664021
1785136085.1664021
1785136085.1664021
1785136085.1664021
1785136085.1664021
1785136085.1664021
1785136085.1664021
1785136085.1664021
1785136085.1664021
1785136085.1664021
1785136085.1664021
1785136085.1664021
1785136085.1664021
1785136085.1664021
1785136085.1664021
1785136085.1664021
1785136085.1664021
1785136085.1664021
1785136085.1664021
1785136085.1664021
1785136085.1664021
1785136085.1664021
1785136085.1664021
1785136085.1664021
1785136085.1664021
1785136085.1664021
1785136085.1664021
1785136085.1664021
1785136085.1664021
1785136085.1664021
1785136085.1664021
1785136085.1664021
1785136085.1664021
1785136085.1664021
1785136085.1664021
1785136085.1664021
1785136085.1664021
1785136085.1664021
1785136085.1664021
1785136085.1664021
1785136085.1664021
1785136085.1664021
1785136085.1664021
1785136085.1664021
1785136085.1664021
1785136085.1664021
1785136085.1664021
1785136085.1664021
1785136085.1664021
1785136085.1664021
1785136085.1664021
1785136085.1664021
1785136085.1664021
1785136085.1664021
1785136085.1664021
1785136085.1664021
1785136085.1664021
1785136085.1664021
1785136085.1664021
1785136085.1664021
1785136085.1664021
1785136085.1666241
1785136085.1666241
1785136085.1666241
1785136085.1666241
1785136085.1666241
1785136085.1666241
1785136085.1666241
1785136085.1666241
1785136085.1666241
1785136085.1666241
1785136085.1666241
1785136085.1666241
1785136085.1666241
1785136085.1666241
1785136085.1666241
1785136085.1666241
1785136085.1666241
1785136085.1666241
1785136085.1666241
1785136085.1666241
1785136085.1666241
1785136085.1666241
1785136085.1666241
1785136085.1666241
1785136085.1666241
1785136085.1666241
1785136085.1666241
1785136085.1666241
1785136085.1666241
1785136085.1666241
1785136085.1666241
1785136085.1666241
1785136085.1666241
1785136085.1666241
1785136085.1666241
1785136085.1666241
1785136085.1666241
1785136085.1666241
1785136085.1666241
1785136085.1666241
1785136085.1666241
1785136085.1666241
1785136085.1666241
1785136085.1666241
1785136085.1666241
1785136085.1666241
1785136085.1666241
1785136085.1666241
1785136085.1666241
1785136085.1666241
1785136085.1666241
1785136085.1666241
1785136085.1666241
1785136085.1666241
1785136085.1666241
1785136085.1666241
1785136085.1666241
1785136085.1666241
1785136085.1666241
1785136085.1666241
1785136085.1666241
1785136085.1668460
1785136085.1668460
1785136085.1668460
1785136085.1668460
1785136085.1668460
1785136085.1668460
1785136085.1668460
1785136085.1668460
1785136085.1668460
1785136085.1668460
1785136085.1668460
1785136085.1668460
1785136085.1668460
1785136085.1668460
1785136085.1668460
1785136085.1668460
1785136085.1668460
1785136085.1668460
1785136085.1668460
1785136085.1668460
1785136085.1668460
1785136085.1668460
1785136085.1668460
1785136085.1668460
1785136085.1668460
1785136085.1668460
1785136085.1668460
1785136085.1668460
1785136085.1668460
1785136085.1668460
1785136085.1668460
1785136085.1668460
1785136085.1668460
1785136085.1668460
1785136085.1668460
1785136085.1668460
1785136085.1668460
1785136085.1668460
1785136085.1668460
1785136085.1668460
1785136085.1668460
1785136085.1668460
1785136085.1668460
1785136085.1668460
1785136085.1668460
1785136085.1668460
1785136085.1668460
1785136085.1668460
1785136085.1668460
1785136085.1668460
1785136085.1668460
1785136085.1668460
1785136085.1668460
1785136085.1668460
1785136085.1668460
1785136085.1668460
1785136085.1668460
1785136085.1668460
1785136085.1668460
1785136085.1668460
1785136085.1668460
1785136085.1670680
1785136085.1670680
1785136085.1670680
1785136085.1670680
1785136085.1670680
1785136085.1670680
1785136085.1670680
1785136085.1670680
1785136085.1670680
1785136085.1670680
1785136085.1670680
1785136085.1670680
1785136085.1670680
1785136085.1670680
1785136085.1670680
1785136085.1670680
1785136085.1670680
1785136085.1670680
1785136085.1670680
1785136085.1670680
1785136085.1670680
1785136085.1670680
1785136085.1670680
1785136085.1670680
1785136085.1670680
1785136085.1670680
1785136085.1670680
1785136085.1670680
1785136085.1670680
1785136085.1670680
1785136085.1670680
1785136085.1670680
1785136085.1670680
1785136085.1670680
1785136085.1670680
1785136085.1670680
1785136085.1670680
1785136085.1670680
1785136085.1670680
1785136085.1670680
1785136085.1670680
1785136085.1670680
1785136085.1670680
1785136085.1670680
1785136085.1670680
1785136085.1670680
1785136085.1670680
1785136085.1670680
1785136085.1670680
1785136085.1670680
1785136085.1670680
1785136085.1670680
1785136085.1670680
1785136085.1670680
1785136085.1670680
1785136085.1670680
1785136085.1670680
1785136085.1670680
1785136085.1670680
1785136085.1670680
1785136085.1672909
1785136085.1672909
1785136085.1672909
1785136085.1672909
1785136085.1672909
1785136085.1672909
1785136085.1672909
1785136085.1672909
1785136085.1672909
1785136085.1672909
1785136085.1672909
1785136085.1672909
1785136085.1672909
1785136085.1672909
1785136085.1672909
1785136085.1672909
1785136085.1672909
1785136085.1672909
1785136085.1672909
1785136085.1672909
1785136085.1672909
1785136085.1672909
1785136085.1672909
1785136085.1672909
1785136085.1672909
1785136085.1672909
1785136085.1672909
1785136085.1672909
1785136085.1672909
1785136085.1672909
1785136085.1672909
1785136085.1672909
1785136085.1672909
1785136085.1672909
1785136085.1672909
1785136085.1672909
1785136085.1672909
1785136085.1672909
1785136085.1672909
1785136085.1672909
1785136085.1672909
1785136085.1672909
1785136085.1672909
1785136085.1672909
1785136085.1672909
1785136085.1675129
1785136085.1675129
1785136085.1675129
1785136085.1675129
1785136085.1675129
1785136085.1675129
1785136085.1675129
1785136085.1675129
1785136085.1675129
1785136085.1675129
1785136085.1675129
1785136085.1675129
1785136085.1675129
1785136085.1675129
1785136085.1675129
1785136085.1675129
1785136085.1675129
1785136085.1675129
1785136085.1675129
1785136085.1675129
1785136085.1675129
1785136085.1675129
1785136085.1675129
1785136085.1675129
1785136085.1675129
1785136085.1677351
1785136085.1677351
1785136085.1677351
1785136085.1677351
1785136085.1677351
1785136085.1677351
1785136085.1677351
1785136085.1677351
1785136085.1677351
1785136085.1677351
1785136085.1677351
1785136085.1677351
1785136085.1677351
1785136085.1677351
1785136085.1677351
1785136085.1677351
1785136085.1677351
1785136085.1677351
1785136085.1677351
1785136085.1677351
1785136085.1677351
1785136085.1677351
1785136085.1677351
1785136085.1677351
1785136085.1677351
1785136085.1677351
1785136085.1679571
1785136085.1679571
1785136085.1679571
1785136085.1679571
1785136085.1679571
1785136085.1679571
1785136085.1679571
1785136085.1679571
1785136085.1679571
1785136085.1679571
1785136085.1679571
1785136085.1679571
1785136085.1679571
1785136085.1679571
1785136085.1679571
1785136085.1679571
1785136085.1679571
1785136085.1679571
1785136085.1679571
1785136085.1679571
1785136085.1679571
1785136085.1679571
1785136085.1679571
1785136085.1679571
1785136085.1679571
1785136085.1679571
1785136085.1679571
1785136085.1679571
1785136085.1679571
1785136085.1679571
1785136085.1679571
1785136085.1679571
1785136085.1679571
1785136085.1679571
1785136085.1679571
1785136085.1681790
1785136085.1681790
1785136085.1681790
1785136085.1681790
1785136085.1681790
1785136085.1681790
1785136085.1681790
1785136085.1681790
1785136085.1681790
1785136085.1681790
1785136085.1681790
1785136085.1681790
1785136085.1681790
1785136085.1681790
1785136085.1681790
1785136085.1681790
1785136085.1681790
1785136085.1684020
1785136085.1684020
1785136085.1684020
1785136085.1684020
1785136085.1684020
1785136085.1684020
1785136085.1684020
1785136085.1684020
1785136085.1684020
1785136085.1684020
1785136085.1684020
1785136085.1684020
1785136085.1684020
1785136085.1684020
1785136085.1684020
1785136085.1684020
1785136085.1684020
1785136085.1686230
1785136085.1686230
1785136085.1686230
1785136085.1686230
1785136085.1686230
1785136085.1686230
1785136085.1686230
1785136085.1686230
1785136085.1686230
1785136085.1686230
1785136085.1686230
1785136085.1686230
1785136085.1686230
1785136085.1686230
1785136085.1686230
1785136085.1686230
1785136085.1686230
1785136085.1688459
1785136085.1688459
1785136085.1688459
1785136085.1688459
1785136085.1688459
1785136085.1688459
1785136085.1688459
1785136085.1688459
1785136085.1688459
1785136085.1688459
1785136085.1688459
1785136085.1688459
1785136085.1688459
1785136085.1688459
1785136085.1688459
1785136085.1688459
1785136085.1688459
1785136085.1690681
1785136085.1690681
1785136085.1690681
1785136085.1690681
1785136085.1690681
1785136085.1690681
1785136085.1690681
1785136085.1690681
1785136085.1690681
1785136085.1690681
1785136085.1690681
1785136085.1690681
1785136085.1690681
1785136085.1690681
1785136085.1690681
1785136085.1692901
1785136085.1692901
1785136085.1692901
1785136085.1692901
1785136085.1692901
1785136085.1692901
1785136085.1692901
1785136085.1692901
1785136085.1692901
1785136085.1692901
1785136085.1692901
1785136085.1741779
1785136085.1741779
1785136085.1741779
1785136085.1741779
1785136085.1741779
1785136085.1741779
1785136085.1741779
1785136085.1741779
1785136085.1741779
1785136085.1744001
1785136085.1744001
1785136085.1744001
1785136085.1744001
1785136085.1744001
1785136085.1744001
1785136085.1744001
1785136085.1744001
1785136085.1744001
1785136085.1744001
1785136085.1744001
1785136085.1746221
1785136085.1746221
1785136085.1746221
1785136085.1746221
1785136085.1746221
1785136085.1746221
1785136085.1746221
1785136085.1746221
1785136085.1746221
1785136085.1746221
1785136085.1746221
1785136085.1748450
1785136085.1748450
1785136085.1748450
1785136085.1748450
1785136085.1748450
1785136085.1748450
1785136085.1748450
1785136085.1748450
1785136085.1748450
1785136085.1748450
1785136085.1748450
1785136085.1748450
1785136085.1750669
1785136085.1750669
1785136085.1750669
1785136085.1750669
1785136085.1750669
1785136085.1750669
1785136085.1750669
1785136085.1750669
1785136085.1750669
1785136085.1750669
1785136085.1750669
1785136085.1750669
1785136085.1750669
1785136085.1750669
1785136085.1752901
1785136085.1752901
1785136085.1752901
1785136085.1752901
1785136085.1752901
1785136085.1752901
1785136085.1752901
1785136085.1752901
1785136085.1752901
1785136085.1752901
1785136085.1752901
1785136085.1752901
1785136085.1752901
1785136085.1752901
1785136085.1752901
1785136085.1752901
1785136085.1755109
1785136085.1755109
1785136085.1755109
1785136085.1755109
1785136085.1755109
1785136085.1755109
1785136085.1755109
1785136085.1755109
1785136085.1755109
1785136085.1755109
1785136085.1755109
1785136085.1755109
1785136085.1755109
1785136085.1755109
1785136085.1755109
1785136085.1755109
1785136085.1757340
1785136085.1757340
1785136085.1757340
1785136085.1757340
1785136085.1757340
1785136085.1757340
1785136085.1757340
1785136085.1757340
1785136085.1757340
1785136085.1757340
1785136085.1757340
1785136085.1757340
1785136085.1757340
1785136085.1757340
1785136085.1759560
1785136085.1759560
1785136085.1759560
1785136085.1759560
1785136085.1759560
1785136085.1759560
1785136085.1759560
1785136085.1759560
1785136085.1759560
1785136085.1759560
1785136085.1759560
1785136085.1759560
1785136085.1759560
1785136085.1761780
1785136085.1761780
1785136085.1761780
1785136085.1761780
1785136085.1761780
1785136085.1761780
1785136085.1761780
