1785136082.4294021
1785136082.4294021
1785136082.4294021
1785136082.4294021
1785136082.4294021
1785136082.4294021
1785136082.4296241
1785136082.4296241
1785136082.4296241
1785136082.4296241
1785136082.4296241
1785136082.4296241
1785136082.4296241
1785136082.4296241
1785136082.4296241
1785136082.4298470
1785136082.4298470
1785136082.4298470
1785136082.4298470
1785136082.4298470
1785136082.4298470
1785136082.4298470
1785136082.4298470
1785136082.4298470
1785136082.4298470
1785136082.4298470
1785136082.4300680
1785136082.4300680
1785136082.4300680
1785136082.4300680
1785136082.4300680
1785136082.4300680
1785136082.4300680
1785136082.4300680
1785136082.4300680
1785136082.4300680
1785136082.4300680
1785136082.4302909
1785136082.4302909
1785136082.4302909
1785136082.4302909
1785136082.4302909
1785136082.4302909
1785136082.4302909
1785136082.4302909
1785136082.4305129
1785136082.4305129
1785136082.4305129
1785136082.4305129
1785136082.4305129
1785136082.4305129
1785136082.4305129
1785136082.4305129
1785136082.4307351
1785136082.4307351
1785136082.4307351
1785136082.4307351
1785136082.4307351
1785136082.4307351
1785136082.4307351
1785136082.4309571
1785136082.4309571
1785136082.4309571
1785136082.4309571
1785136082.4309571
1785136082.4311800
1785136082.4311800
1785136082.4340680
1785136082.4340680
1785136082.4342899
1785136082.4342899
1785136082.4342899
1785136082.4342899
1785136082.4342899
1785136082.4342899
1785136082.4342899
1785136082.4342899
1785136082.4342899
1785136082.4342899
1785136082.4345131
1785136082.4345131
1785136082.4345131
1785136082.4345131
1785136082.4345131
1785136082.4345131
1785136082.4345131
1785136082.4345131
1785136082.4345131
1785136082.4345131
1785136082.4345131
1785136082.4345131
1785136082.4345131
1785136082.4345131
1785136082.4345131
1785136082.4345131
1785136082.4345131
1785136082.4345131
1785136082.4345131
1785136082.4345131
1785136082.4345131
1785136082.4345131
1785136082.4345131
1785136082.4345131
1785136082.4345131
1785136082.4345131
1785136082.4345131
1785136082.4345131
1785136082.4345131
1785136082.4345131
1785136082.4345131
1785136082.4345131
1785136082.4347351
1785136082.4347351
1785136082.4347351
1785136082.4347351
1785136082.4347351
1785136082.4347351
1785136082.4347351
1785136082.4347351
1785136082.4347351
1785136082.4347351
1785136082.4347351
1785136082.4347351
1785136082.4347351
1785136082.4347351
1785136082.4347351
1785136082.4347351
1785136082.4347351
1785136082.4347351
1785136082.4347351
1785136082.4347351
1785136082.4347351
1785136082.4347351
1785136082.4347351
1785136082.4347351
1785136082.4347351
1785136082.4347351
1785136082.4347351
1785136082.4347351
1785136082.4347351
1785136082.4347351
1785136082.4347351
1785136082.4347351
1785136082.4349570
1785136082.4349570
1785136082.4349570
1785136082.4349570
1785136082.4349570
1785136082.4349570
1785136082.4349570
1785136082.4349570
1785136082.4349570
1785136082.4349570
1785136082.4349570
1785136082.4349570
1785136082.4349570
1785136082.4349570
1785136082.4349570
1785136082.4349570
1785136082.4349570
1785136082.4349570
1785136082.4349570
1785136082.4349570
1785136082.4349570
1785136082.4349570
1785136082.4349570
1785136082.4349570
1785136082.4349570
1785136082.4349570
1785136082.4349570
1785136082.4349570
1785136082.4349570
1785136082.4349570
1785136082.4349570
1785136082.4349570
1785136082.4351790
1785136082.4351790
1785136082.4351790
1785136082.4351790
1785136082.4351790
1785136082.4351790
1785136082.4351790
1785136082.4351790
1785136082.4351790
1785136082.4351790
1785136082.4351790
1785136082.4351790
1785136082.4351790
1785136082.4351790
1785136082.4351790
1785136082.4351790
1785136082.4351790
1785136082.4351790
1785136082.4351790
1785136082.4351790
1785136082.4351790
1785136082.4351790
1785136082.4351790
1785136082.4351790
1785136082.4351790
1785136082.4351790
1785136082.4351790
1785136082.4351790
1785136082.4351790
1785136082.4351790
1785136082.4351790
1785136082.4351790
1785136082.4354010
1785136082.4354010
1785136082.4354010
1785136082.4354010
1785136082.4354010
1785136082.4354010
1785136082.4354010
1785136082.4354010
1785136082.4354010
1785136082.4354010
1785136082.4354010
1785136082.4354010
1785136082.4354010
1785136082.4354010
1785136082.4354010
1785136082.4354010
1785136082.4354010
1785136082.4354010
1785136082.4354010
1785136082.4354010
1785136082.4354010
1785136082.4354010
1785136082.4354010
1785136082.4354010
1785136082.4354010
1785136082.4354010
1785136082.4354010
1785136082.4354010
1785136082.4354010
1785136082.4354010
1785136082.4354010
1785136082.4354010
1785136082.4356229
1785136082.4356229
1785136082.4356229
1785136082.4356229
1785136082.4356229
1785136082.4356229
1785136082.4356229
1785136082.4356229
1785136082.4356229
1785136082.4356229
1785136082.4356229
1785136082.4356229
1785136082.4356229
1785136082.4356229
1785136082.4356229
1785136082.4356229
1785136082.4356229
1785136082.4356229
1785136082.4356229
1785136082.4356229
1785136082.4356229
1785136082.4356229
1785136082.4356229
1785136082.4356229
1785136082.4356229
1785136082.4356229
1785136082.4356229
1785136082.4356229
1785136082.4356229
1785136082.4356229
1785136082.4356229
1785136082.4356229
1785136082.4358449
1785136082.4358449
1785136082.4358449
1785136082.4358449
1785136082.4358449
1785136082.4358449
1785136082.4358449
1785136082.4358449
1785136082.4358449
1785136082.4358449
1785136082.4358449
1785136082.4358449
1785136082.4358449
1785136082.4358449
1785136082.4358449
1785136082.4358449
1785136082.4358449
1785136082.4358449
1785136082.4358449
1785136082.4358449
1785136082.4358449
1785136082.4358449
1785136082.4358449
1785136082.4358449
1785136082.4358449
1785136082.4358449
1785136082.4358449
1785136082.4358449
1785136082.4358449
1785136082.4358449
1785136082.4358449
1785136082.4358449
1785136082.4358449
1785136082.4358449
1785136082.4358449
1785136082.4358449
1785136082.4360681
1785136082.4360681
1785136082.4360681
1785136082.4360681
1785136082.4360681
1785136082.4360681
1785136082.4360681
1785136082.4360681
1785136082.4360681
1785136082.4360681
1785136082.4360681
1785136082.4360681
1785136082.4360681
1785136082.4360681
1785136082.4360681
1785136082.4360681
1785136082.4360681
1785136082.4360681
1785136082.4360681
1785136082.4360681
1785136082.4360681
1785136082.4360681
1785136082.4360681
1785136082.4360681
1785136082.4360681
1785136082.4360681
1785136082.4360681
1785136082.4360681
1785136082.4360681
1785136082.4360681
1785136082.4360681
1785136082.4360681
1785136082.4360681
1785136082.4360681
1785136082.4360681
1785136082.4360681
1785136082.4360681
1785136082.4360681
1785136082.4360681
1785136082.4360681
1785136082.4360681
1785136082.4360681
1785136082.4360681
1785136082.4360681
1785136082.4360681
1785136082.4360681
1785136082.4360681
1785136082.4360681
1785136082.4362900
1785136082.4362900
1785136082.4362900
1785136082.4362900
1785136082.4362900
1785136082.4362900
1785136082.4362900
1785136082.4362900
1785136082.4362900
1785136082.4362900
1785136082.4362900
1785136082.4362900
1785136082.4362900
1785136082.4362900
1785136082.4362900
1785136082.4362900
1785136082.4362900
1785136082.4362900
1785136082.4362900
1785136082.4362900
1785136082.4362900
1785136082.4362900
1785136082.4362900
1785136082.4362900
1785136082.4362900
1785136082.4362900
1785136082.4362900
1785136082.4362900
1785136082.4362900
1785136082.4362900
1785136082.4362900
1785136082.4362900
1785136082.4362900
1785136082.4362900
1785136082.4362900
1785136082.4362900
1785136082.4362900
1785136082.4362900
1785136082.4362900
1785136082.4362900
1785136082.4362900
1785136082.4362900
1785136082.4362900
1785136082.4362900
1785136082.4362900
1785136082.4362900
1785136082.4362900
1785136082.4362900
1785136082.4365120
1785136082.4365120
1785136082.4365120
1785136082.4365120
1785136082.4365120
1785136082.4365120
1785136082.4365120
1785136082.4365120
1785136082.4365120
1785136082.4365120
1785136082.4365120
1785136082.4365120
1785136082.4365120
1785136082.4365120
1785136082.4365120
1785136082.4365120
1785136082.4365120
1785136082.4365120
1785136082.4365120
1785136082.4365120
1785136082.4365120
1785136082.4365120
1785136082.4365120
1785136082.4365120
1785136082.4365120
1785136082.4365120
1785136082.4365120
1785136082.4365120
1785136082.4365120
1785136082.4365120
1785136082.4365120
1785136082.4365120
1785136082.4365120
1785136082.4365120
1785136082.4365120
1785136082.4365120
1785136082.4365120
1785136082.4365120
1785136082.4365120
1785136082.4365120
1785136082.4365120
1785136082.4365120
1785136082.4365120
1785136082.4365120
1785136082.4365120
1785136082.4365120
1785136082.4365120
1785136082.4365120
1785136082.4367349
1785136082.4367349
1785136082.4367349
1785136082.4367349
1785136082.4367349
1785136082.4367349
1785136082.4367349
1785136082.4367349
1785136082.4367349
1785136082.4367349
1785136082.4367349
1785136082.4367349
1785136082.4367349
1785136082.4367349
1785136082.4367349
1785136082.4367349
1785136082.4367349
1785136082.4367349
1785136082.4367349
1785136082.4367349
1785136082.4367349
1785136082.4367349
1785136082.4367349
1785136082.4367349
1785136082.4367349
1785136082.4367349
1785136082.4367349
1785136082.4367349
1785136082.4367349
1785136082.4367349
1785136082.4367349
1785136082.4367349
1785136082.4367349
1785136082.4367349
1785136082.4367349
1785136082.4367349
1785136082.4367349
1785136082.4367349
1785136082.4367349
1785136082.4367349
1785136082.4367349
1785136082.4367349
1785136082.4367349
1785136082.4367349
1785136082.4367349
1785136082.4367349
1785136082.4367349
1785136082.4367349
1785136082.4367349
1785136082.4369569
1785136082.4369569
1785136082.4369569
1785136082.4369569
1785136082.4369569
1785136082.4369569
1785136082.4369569
1785136082.4369569
1785136082.4369569
1785136082.4369569
1785136082.4369569
1785136082.4369569
1785136082.4369569
1785136082.4369569
1785136082.4369569
1785136082.4369569
1785136082.4369569
1785136082.4369569
1785136082.4369569
1785136082.4369569
1785136082.4369569
1785136082.4369569
1785136082.4369569
1785136082.4369569
1785136082.4369569
1785136082.4369569
1785136082.4369569
1785136082.4369569
1785136082.4369569
1785136082.4369569
1785136082.4369569
1785136082.4369569
1785136082.4369569
1785136082.4369569
1785136082.4369569
1785136082.4369569
1785136082.4369569
1785136082.4369569
1785136082.4369569
1785136082.4369569
1785136082.4369569
1785136082.4369569
1785136082.4369569
1785136082.4369569
1785136082.4369569
1785136082.4369569
1785136082.4369569
1785136082.4369569
1785136082.4369569
1785136082.4371779
1785136082.4371779
1785136082.4371779
1785136082.4371779
1785136082.4371779
1785136082.4371779
1785136082.4371779
1785136082.4371779
1785136082.4371779
1785136082.4371779
1785136082.4371779
1785136082.4371779
1785136082.4371779
1785136082.4371779
1785136082.4371779
1785136082.4371779
1785136082.4371779
1785136082.4371779
1785136082.4371779
1785136082.4371779
1785136082.4371779
1785136082.4371779
1785136082.4371779
1785136082.4371779
1785136082.4371779
1785136082.4371779
1785136082.4371779
1785136082.4371779
1785136082.4371779
1785136082.4371779
1785136082.4371779
1785136082.4371779
1785136082.4371779
1785136082.4371779
1785136082.4371779
1785136082.4371779
1785136082.4371779
1785136082.4371779
1785136082.4371779
1785136082.4371779
1785136082.4371779
1785136082.4371779
1785136082.4371779
1785136082.4371779
1785136082.4371779
1785136082.4371779
1785136082.4371779
1785136082.4371779
1785136082.4371779
1785136082.4374001
1785136082.4374001
1785136082.4374001
1785136082.4374001
1785136082.4374001
1785136082.4374001
1785136082.4374001
1785136082.4374001
1785136082.4374001
1785136082.4374001
1785136082.4374001
1785136082.4374001
1785136082.4374001
1785136082.4374001
1785136082.4374001
1785136082.4374001
1785136082.4374001
1785136082.4374001
1785136082.4374001
1785136082.4374001
1785136082.4374001
1785136082.4374001
1785136082.4374001
1785136082.4374001
1785136082.4374001
1785136082.4374001
1785136082.4374001
1785136082.4374001
1785136082.4374001
1785136082.4374001
1785136082.4374001
1785136082.4374001
1785136082.4374001
1785136082.4374001
1785136082.4374001
1785136082.4374001
1785136082.4374001
1785136082.4374001
1785136082.4374001
1785136082.4374001
1785136082.4374001
1785136082.4374001
1785136082.4374001
1785136082.4374001
1785136082.4374001
1785136082.4374001
1785136082.4374001
1785136082.4374001
1785136082.4374001
1785136082.4376230
1785136082.4376230
1785136082.4376230
1785136082.4376230
1785136082.4376230
1785136082.4376230
1785136082.4376230
1785136082.4376230
1785136082.4376230
1785136082.4376230
1785136082.4376230
1785136082.4376230
1785136082.4376230
1785136082.4376230
1785136082.4376230
1785136082.4376230
1785136082.4376230
1785136082.4376230
1785136082.4376230
1785136082.4376230
1785136082.4376230
1785136082.4376230
1785136082.4376230
1785136082.4376230
1785136082.4376230
1785136082.4376230
1785136082.4376230
1785136082.4376230
1785136082.4376230
1785136082.4376230
1785136082.4376230
1785136082.4376230
1785136082.4376230
1785136082.4376230
1785136082.4376230
1785136082.4376230
1785136082.4376230
1785136082.4376230
1785136082.4376230
1785136082.4376230
1785136082.4376230
1785136082.4376230
1785136082.4376230
1785136082.4376230
1785136082.4376230
1785136082.4376230
1785136082.4376230
1785136082.4376230
1785136082.4376230
1785136082.4378450
1785136082.4378450
1785136082.4378450
1785136082.4378450
1785136082.4378450
1785136082.4378450
1785136082.4378450
1785136082.4378450
1785136082.4378450
1785136082.4378450
1785136082.4378450
1785136082.4378450
1785136082.4378450
1785136082.4378450
1785136082.4378450
1785136082.4378450
1785136082.4378450
1785136082.4378450
1785136082.4378450
1785136082.4378450
1785136082.4378450
1785136082.4378450
1785136082.4378450
1785136082.4378450
1785136082.4378450
1785136082.4378450
1785136082.4378450
1785136082.4378450
1785136082.4378450
1785136082.4378450
1785136082.4378450
1785136082.4378450
1785136082.4378450
1785136082.4378450
1785136082.4378450
1785136082.4378450
1785136082.4378450
1785136082.4378450
1785136082.4378450
1785136082.4378450
1785136082.4378450
1785136082.4378450
1785136082.4378450
1785136082.4378450
1785136082.4378450
1785136082.4378450
1785136082.4378450
1785136082.4378450
1785136082.4378450
1785136082.4380670
1785136082.4380670
1785136082.4380670
1785136082.4380670
1785136082.4380670
1785136082.4380670
1785136082.4380670
1785136082.4380670
1785136082.4380670
1785136082.4380670
1785136082.4380670
1785136082.4380670
1785136082.4380670
1785136082.4380670
1785136082.4380670
1785136082.4380670
1785136082.4380670
1785136082.4380670
1785136082.4380670
1785136082.4380670
1785136082.4380670
1785136082.4380670
1785136082.4380670
1785136082.4380670
1785136082.4380670
1785136082.4380670
1785136082.4380670
1785136082.4380670
1785136082.4380670
1785136082.4380670
1785136082.4380670
1785136082.4380670
1785136082.4380670
1785136082.4380670
1785136082.4380670
1785136082.4380670
1785136082.4380670
1785136082.4380670
1785136082.4380670
1785136082.4380670
1785136082.4380670
1785136082.4380670
1785136082.4380670
1785136082.4380670
1785136082.4380670
1785136082.4380670
1785136082.4380670
1785136082.4380670
1785136082.4380670
1785136082.4382901
1785136082.4382901
1785136082.4382901
1785136082.4382901
1785136082.4382901
1785136082.4382901
1785136082.4382901
1785136082.4382901
1785136082.4382901
1785136082.4382901
1785136082.4382901
1785136082.4382901
1785136082.4382901
1785136082.4382901
1785136082.4382901
1785136082.4382901
1785136082.4382901
1785136082.4382901
1785136082.4382901
1785136082.4382901
1785136082.4382901
1785136082.4382901
1785136082.4382901
1785136082.4382901
1785136082.4382901
1785136082.4382901
1785136082.4382901
1785136082.4382901
1785136082.4382901
1785136082.4382901
1785136082.4382901
1785136082.4382901
1785136082.4382901
1785136082.4382901
1785136082.4382901
1785136082.4382901
1785136082.4382901
1785136082.4382901
1785136082.4382901
1785136082.4382901
1785136082.4382901
1785136082.4382901
1785136082.4382901
1785136082.4382901
1785136082.4382901
1785136082.4382901
1785136082.4382901
1785136082.4382901
1785136082.4385121
1785136082.4385121
1785136082.4385121
1785136082.4385121
1785136082.4385121
1785136082.4385121
1785136082.4385121
1785136082.4385121
1785136082.4385121
1785136082.4385121
1785136082.4385121
1785136082.4385121
1785136082.4385121
1785136082.4385121
1785136082.4385121
1785136082.4385121
1785136082.4385121
1785136082.4385121
1785136082.4385121
1785136082.4385121
1785136082.4385121
1785136082.4385121
1785136082.4385121
1785136082.4385121
1785136082.4385121
1785136082.4385121
1785136082.4385121
1785136082.4385121
1785136082.4385121
1785136082.4385121
1785136082.4385121
1785136082.4385121
1785136082.4385121
1785136082.4385121
1785136082.4385121
1785136082.4385121
1785136082.4385121
1785136082.4385121
1785136082.4385121
1785136082.4385121
1785136082.4385121
1785136082.4385121
1785136082.4385121
1785136082.4385121
1785136082.4385121
1785136082.4385121
1785136082.4385121
1785136082.4385121
1785136082.4387341
1785136082.4387341
1785136082.4387341
1785136082.4387341
1785136082.4387341
1785136082.4387341
1785136082.4387341
1785136082.4387341
1785136082.4387341
1785136082.4387341
1785136082.4387341
1785136082.4387341
1785136082.4387341
1785136082.4387341
1785136082.4387341
1785136082.4387341
1785136082.4387341
1785136082.4387341
1785136082.4387341
1785136082.4387341
1785136082.4387341
1785136082.4387341
1785136082.4387341
1785136082.4387341
1785136082.4387341
1785136082.4387341
1785136082.4387341
1785136082.4387341
1785136082.4387341
1785136082.4387341
1785136082.4387341
1785136082.4387341
1785136082.4387341
1785136082.4387341
1785136082.4387341
1785136082.4387341
1785136082.4387341
1785136082.4387341
1785136082.4387341
1785136082.4387341
1785136082.4387341
1785136082.4387341
1785136082.4387341
1785136082.4387341
1785136082.4387341
1785136082.4387341
1785136082.4387341
1785136082.4387341
1785136082.4389560
1785136082.4389560
1785136082.4389560
1785136082.4389560
1785136082.4389560
1785136082.4389560
1785136082.4389560
1785136082.4389560
1785136082.4389560
1785136082.4389560
1785136082.4389560
1785136082.4389560
1785136082.4389560
1785136082.4389560
1785136082.4389560
1785136082.4389560
1785136082.4389560
1785136082.4389560
1785136082.4389560
1785136082.4389560
1785136082.4389560
1785136082.4389560
1785136082.4389560
1785136082.4389560
1785136082.4389560
1785136082.4389560
1785136082.4389560
1785136082.4389560
1785136082.4389560
1785136082.4389560
1785136082.4389560
1785136082.4389560
1785136082.4389560
1785136082.4389560
1785136082.4389560
1785136082.4389560
1785136082.4389560
1785136082.4389560
1785136082.4389560
1785136082.4389560
1785136082.4389560
1785136082.4389560
1785136082.4389560
1785136082.4389560
1785136082.4389560
1785136082.4389560
1785136082.4389560
1785136082.4389560
1785136082.4391789
1785136082.4391789
1785136082.4391789
1785136082.4391789
1785136082.4391789
1785136082.4391789
1785136082.4391789
1785136082.4391789
1785136082.4391789
1785136082.4391789
1785136082.4391789
1785136082.4391789
1785136082.4391789
1785136082.4391789
1785136082.4391789
1785136082.4391789
1785136082.4391789
1785136082.4391789
1785136082.4391789
1785136082.4391789
1785136082.4391789
1785136082.4391789
1785136082.4391789
1785136082.4391789
1785136082.4391789
1785136082.4391789
1785136082.4391789
1785136082.4391789
1785136082.4391789
1785136082.4391789
1785136082.4391789
1785136082.4391789
1785136082.4391789
1785136082.4391789
1785136082.4391789
1785136082.4391789
1785136082.4391789
1785136082.4391789
1785136082.4391789
1785136082.4391789
1785136082.4391789
1785136082.4391789
1785136082.4391789
1785136082.4391789
1785136082.4391789
1785136082.4391789
1785136082.4391789
1785136082.4391789
1785136082.4394009
1785136082.4394009
1785136082.4394009
1785136082.4394009
1785136082.4394009
1785136082.4394009
1785136082.4394009
1785136082.4394009
1785136082.4394009
1785136082.4394009
1785136082.4394009
1785136082.4394009
1785136082.4394009
1785136082.4394009
1785136082.4394009
1785136082.4394009
1785136082.4394009
1785136082.4394009
1785136082.4394009
1785136082.4394009
1785136082.4394009
1785136082.4394009
1785136082.4394009
1785136082.4394009
1785136082.4394009
1785136082.4394009
1785136082.4394009
1785136082.4394009
1785136082.4394009
1785136082.4394009
1785136082.4394009
1785136082.4394009
1785136082.4394009
1785136082.4394009
1785136082.4394009
1785136082.4394009
1785136082.4394009
1785136082.4394009
1785136082.4394009
1785136082.4394009
1785136082.4394009
1785136082.4394009
1785136082.4394009
1785136082.4394009
1785136082.4394009
1785136082.4394009
1785136082.4394009
1785136082.4394009
1785136082.4394009
1785136082.4394009
1785136082.4394009
1785136082.4394009
1785136082.4396219
1785136082.4396219
1785136082.4396219
1785136082.4396219
1785136082.4396219
1785136082.4396219
1785136082.4396219
1785136082.4396219
1785136082.4396219
1785136082.4396219
1785136082.4396219
1785136082.4396219
1785136082.4396219
1785136082.4396219
1785136082.4396219
1785136082.4396219
1785136082.4396219
1785136082.4396219
1785136082.4396219
1785136082.4396219
1785136082.4396219
1785136082.4396219
1785136082.4396219
1785136082.4396219
1785136082.4396219
1785136082.4396219
1785136082.4396219
1785136082.4396219
1785136082.4396219
1785136082.4396219
1785136082.4396219
1785136082.4396219
1785136082.4396219
1785136082.4396219
1785136082.4396219
1785136082.4396219
1785136082.4396219
1785136082.4396219
1785136082.4396219
1785136082.4396219
1785136082.4396219
1785136082.4396219
1785136082.4396219
1785136082.4396219
1785136082.4396219
1785136082.4396219
1785136082.4396219
1785136082.4396219
1785136082.4396219
1785136082.4396219
1785136082.4396219
1785136082.4396219
1785136082.4398451
1785136082.4398451
1785136082.4398451
1785136082.4398451
1785136082.4398451
1785136082.4398451
1785136082.4398451
1785136082.4398451
1785136082.4398451
1785136082.4398451
1785136082.4398451
1785136082.4398451
1785136082.4398451
1785136082.4398451
1785136082.4398451
1785136082.4398451
1785136082.4398451
1785136082.4398451
1785136082.4398451
1785136082.4398451
1785136082.4398451
1785136082.4398451
1785136082.4398451
1785136082.4398451
1785136082.4398451
1785136082.4398451
1785136082.4398451
1785136082.4398451
1785136082.4398451
1785136082.4398451
1785136082.4398451
1785136082.4398451
1785136082.4398451
1785136082.4398451
1785136082.4398451
1785136082.4398451
1785136082.4398451
1785136082.4398451
1785136082.4398451
1785136082.4398451
1785136082.4398451
1785136082.4398451
1785136082.4398451
1785136082.4398451
1785136082.4398451
1785136082.4398451
1785136082.4398451
1785136082.4398451
1785136082.4398451
1785136082.4398451
1785136082.4398451
1785136082.4400671
1785136082.4400671
1785136082.4400671
1785136082.4400671
1785136082.4400671
1785136082.4400671
1785136082.4400671
1785136082.4400671
1785136082.4400671
1785136082.4400671
1785136082.4400671
1785136082.4400671
1785136082.4400671
1785136082.4400671
1785136082.4400671
1785136082.4400671
1785136082.4400671
1785136082.4400671
1785136082.4400671
1785136082.4400671
1785136082.4400671
1785136082.4400671
1785136082.4400671
1785136082.4400671
1785136082.4400671
1785136082.4400671
1785136082.4400671
1785136082.4400671
1785136082.4400671
1785136082.4400671
1785136082.4400671
1785136082.4400671
1785136082.4400671
1785136082.4400671
1785136082.4400671
1785136082.4400671
1785136082.4400671
1785136082.4400671
1785136082.4400671
1785136082.4400671
1785136082.4400671
1785136082.4400671
1785136082.4400671
1785136082.4400671
1785136082.4400671
1785136082.4400671
1785136082.4400671
1785136082.4400671
1785136082.4400671
1785136082.4400671
1785136082.4400671
1785136082.4402881
1785136082.4402881
1785136082.4402881
1785136082.4402881
1785136082.4402881
1785136082.4402881
1785136082.4402881
1785136082.4402881
1785136082.4402881
1785136082.4402881
1785136082.4402881
1785136082.4402881
1785136082.4402881
1785136082.4402881
1785136082.4402881
1785136082.4402881
1785136082.4402881
1785136082.4402881
1785136082.4402881
1785136082.4402881
1785136082.4402881
1785136082.4402881
1785136082.4402881
1785136082.4402881
1785136082.4402881
1785136082.4402881
1785136082.4402881
1785136082.4402881
1785136082.4402881
1785136082.4402881
1785136082.4402881
1785136082.4402881
1785136082.4402881
1785136082.4402881
1785136082.4402881
1785136082.4402881
1785136082.4402881
1785136082.4402881
1785136082.4402881
1785136082.4402881
1785136082.4402881
1785136082.4402881
1785136082.4402881
1785136082.4402881
1785136082.4402881
1785136082.4402881
1785136082.4402881
1785136082.4402881
1785136082.4405119
1785136082.4405119
1785136082.4405119
1785136082.4405119
1785136082.4405119
1785136082.4405119
1785136082.4405119
1785136082.4405119
1785136082.4405119
1785136082.4405119
1785136082.4405119
1785136082.4405119
1785136082.4405119
1785136082.4405119
1785136082.4405119
1785136082.4405119
1785136082.4405119
1785136082.4405119
1785136082.4405119
1785136082.4405119
1785136082.4405119
1785136082.4405119
1785136082.4405119
1785136082.4405119
1785136082.4405119
1785136082.4405119
1785136082.4405119
1785136082.4405119
1785136082.4405119
1785136082.4405119
1785136082.4405119
1785136082.4405119
1785136082.4405119
1785136082.4405119
1785136082.4405119
1785136082.4405119
1785136082.4405119
1785136082.4405119
1785136082.4405119
1785136082.4405119
1785136082.4405119
1785136082.4405119
1785136082.4405119
1785136082.4405119
1785136082.4405119
1785136082.4405119
1785136082.4405119
1785136082.4407339
1785136082.4407339
1785136082.4407339
1785136082.4407339
1785136082.4407339
1785136082.4407339
1785136082.4407339
1785136082.4407339
1785136082.4407339
1785136082.4407339
1785136082.4407339
1785136082.4407339
1785136082.4407339
1785136082.4407339
1785136082.4407339
1785136082.4407339
1785136082.4407339
1785136082.4407339
1785136082.4407339
1785136082.4407339
1785136082.4407339
1785136082.4407339
1785136082.4407339
1785136082.4407339
1785136082.4407339
1785136082.4407339
1785136082.4407339
1785136082.4407339
1785136082.4407339
1785136082.4407339
1785136082.4407339
1785136082.4407339
1785136082.4407339
1785136082.4407339
1785136082.4407339
1785136082.4407339
1785136082.4407339
1785136082.4407339
1785136082.4407339
1785136082.4407339
1785136082.4407339
1785136082.4407339
1785136082.4407339
1785136082.4407339
1785136082.4407339
1785136082.4407339
1785136082.4407339
1785136082.4409561
1785136082.4409561
1785136082.4409561
1785136082.4409561
1785136082.4409561
1785136082.4409561
1785136082.4409561
1785136082.4409561
1785136082.4409561
1785136082.4409561
1785136082.4409561
1785136082.4409561
1785136082.4409561
1785136082.4409561
1785136082.4409561
1785136082.4409561
1785136082.4409561
1785136082.4409561
1785136082.4409561
1785136082.4409561
1785136082.4409561
1785136082.4409561
1785136082.4409561
1785136082.4409561
1785136082.4409561
1785136082.4409561
1785136082.4409561
1785136082.4409561
1785136082.4409561
1785136082.4409561
1785136082.4409561
1785136082.4409561
1785136082.4409561
1785136082.4409561
1785136082.4409561
1785136082.4409561
1785136082.4409561
1785136082.4409561
1785136082.4409561
1785136082.4409561
1785136082.4409561
1785136082.4409561
1785136082.4409561
1785136082.4409561
1785136082.4409561
1785136082.4409561
1785136082.4409561
1785136082.4411781
1785136082.4411781
1785136082.4411781
1785136082.4411781
1785136082.4411781
1785136082.4411781
1785136082.4411781
1785136082.4411781
1785136082.4411781
1785136082.4411781
1785136082.4411781
1785136082.4411781
1785136082.4411781
1785136082.4411781
1785136082.4411781
1785136082.4411781
1785136082.4411781
1785136082.4411781
1785136082.4411781
1785136082.4411781
1785136082.4411781
1785136082.4411781
1785136082.4411781
1785136082.4411781
1785136082.4411781
1785136082.4411781
1785136082.4411781
1785136082.4411781
1785136082.4411781
1785136082.4411781
1785136082.4411781
1785136082.4411781
1785136082.4411781
1785136082.4411781
1785136082.4411781
1785136082.4411781
1785136082.4411781
1785136082.4411781
1785136082.4411781
1785136082.4411781
1785136082.4411781
1785136082.4411781
1785136082.4411781
1785136082.4411781
1785136082.4411781
1785136082.4411781
1785136082.4414001
1785136082.4414001
1785136082.4414001
1785136082.4414001
1785136082.4414001
1785136082.4414001
1785136082.4414001
1785136082.4414001
1785136082.4414001
1785136082.4414001
1785136082.4414001
1785136082.4414001
1785136082.4414001
1785136082.4414001
1785136082.4414001
1785136082.4414001
1785136082.4414001
1785136082.4414001
1785136082.4414001
1785136082.4414001
1785136082.4414001
1785136082.4414001
1785136082.4414001
1785136082.4414001
1785136082.4414001
1785136082.4414001
1785136082.4414001
1785136082.4414001
1785136082.4414001
1785136082.4414001
1785136082.4414001
1785136082.4414001
1785136082.4414001
1785136082.4414001
1785136082.4414001
1785136082.4414001
1785136082.4414001
1785136082.4414001
1785136082.4414001
1785136082.4414001
1785136082.4414001
1785136082.4414001
1785136082.4414001
1785136082.4414001
1785136082.4414001
1785136082.4414001
1785136082.4416220
1785136082.4416220
1785136082.4416220
1785136082.4416220
1785136082.4416220
1785136082.4416220
1785136082.4416220
1785136082.4416220
1785136082.4416220
1785136082.4416220
1785136082.4416220
1785136082.4416220
1785136082.4416220
1785136082.4416220
1785136082.4416220
1785136082.4416220
1785136082.4416220
1785136082.4416220
1785136082.4416220
1785136082.4416220
1785136082.4416220
1785136082.4416220
1785136082.4416220
1785136082.4416220
1785136082.4416220
1785136082.4416220
1785136082.4416220
1785136082.4416220
1785136082.4416220
1785136082.4416220
1785136082.4416220
1785136082.4416220
1785136082.4416220
1785136082.4416220
1785136082.4416220
1785136082.4416220
1785136082.4416220
1785136082.4416220
1785136082.4416220
1785136082.4416220
1785136082.4416220
1785136082.4416220
1785136082.4416220
1785136082.4416220
1785136082.4416220
1785136082.4416220
1785136082.4418440
1785136082.4418440
1785136082.4418440
1785136082.4418440
1785136082.4418440
1785136082.4418440
1785136082.4418440
1785136082.4418440
1785136082.4418440
1785136082.4418440
1785136082.4418440
1785136082.4418440
1785136082.4418440
1785136082.4418440
1785136082.4418440
1785136082.4418440
1785136082.4418440
1785136082.4418440
1785136082.4418440
1785136082.4418440
1785136082.4418440
1785136082.4418440
1785136082.4418440
1785136082.4418440
1785136082.4418440
1785136082.4418440
1785136082.4418440
1785136082.4418440
1785136082.4418440
1785136082.4418440
1785136082.4418440
1785136082.4418440
1785136082.4418440
1785136082.4418440
1785136082.4418440
1785136082.4418440
1785136082.4418440
1785136082.4418440
1785136082.4418440
1785136082.4418440
1785136082.4418440
1785136082.4418440
1785136082.4418440
1785136082.4418440
1785136082.4418440
1785136082.4418440
1785136082.4420669
1785136082.4420669
1785136082.4420669
1785136082.4420669
1785136082.4420669
1785136082.4420669
1785136082.4420669
1785136082.4420669
1785136082.4420669
1785136082.4420669
1785136082.4420669
1785136082.4420669
1785136082.4420669
1785136082.4420669
1785136082.4420669
1785136082.4420669
1785136082.4420669
1785136082.4420669
1785136082.4420669
1785136082.4420669
1785136082.4420669
1785136082.4420669
1785136082.4420669
1785136082.4420669
1785136082.4420669
1785136082.4420669
1785136082.4420669
1785136082.4420669
1785136082.4420669
1785136082.4420669
1785136082.4420669
1785136082.4420669
1785136082.4420669
1785136082.4420669
1785136082.4420669
1785136082.4420669
1785136082.4420669
1785136082.4420669
1785136082.4420669
1785136082.4420669
1785136082.4420669
1785136082.4420669
1785136082.4420669
1785136082.4420669
1785136082.4420669
1785136082.4420669
1785136082.4422879
1785136082.4422879
1785136082.4422879
1785136082.4422879
1785136082.4422879
1785136082.4422879
1785136082.4422879
1785136082.4422879
1785136082.4422879
1785136082.4422879
1785136082.4422879
1785136082.4422879
1785136082.4422879
1785136082.4422879
1785136082.4422879
1785136082.4422879
1785136082.4422879
1785136082.4422879
1785136082.4422879
1785136082.4422879
1785136082.4422879
1785136082.4422879
1785136082.4422879
1785136082.4422879
1785136082.4422879
1785136082.4422879
1785136082.4422879
1785136082.4422879
1785136082.4422879
1785136082.4422879
1785136082.4422879
1785136082.4422879
1785136082.4422879
1785136082.4422879
1785136082.4422879
1785136082.4422879
1785136082.4422879
1785136082.4422879
1785136082.4422879
1785136082.4422879
1785136082.4422879
1785136082.4422879
1785136082.4422879
1785136082.4422879
1785136082.4422879
1785136082.4422879
1785136082.4422879
1785136082.4425111
1785136082.4425111
1785136082.4425111
1785136082.4425111
1785136082.4425111
1785136082.4425111
1785136082.4425111
1785136082.4425111
1785136082.4425111
1785136082.4425111
1785136082.4425111
1785136082.4425111
1785136082.4425111
1785136082.4425111
1785136082.4425111
1785136082.4425111
1785136082.4425111
1785136082.4425111
1785136082.4425111
1785136082.4425111
1785136082.4425111
1785136082.4425111
1785136082.4425111
1785136082.4425111
1785136082.4425111
1785136082.4425111
1785136082.4425111
1785136082.4425111
1785136082.4425111
1785136082.4425111
1785136082.4425111
1785136082.4425111
1785136082.4425111
1785136082.4425111
1785136082.4425111
1785136082.4425111
1785136082.4425111
1785136082.4425111
1785136082.4425111
1785136082.4425111
1785136082.4425111
1785136082.4425111
1785136082.4425111
1785136082.4425111
1785136082.4425111
1785136082.4425111
1785136082.4425111
1785136082.4425111
1785136082.4425111
1785136082.4425111
1785136082.4425111
1785136082.4425111
1785136082.4425111
1785136082.4425111
1785136082.4425111
1785136082.4425111
1785136082.4425111
1785136082.4427330
1785136082.4427330
1785136082.4427330
1785136082.4427330
1785136082.4427330
1785136082.4427330
1785136082.4427330
1785136082.4427330
1785136082.4427330
1785136082.4427330
1785136082.4427330
1785136082.4427330
1785136082.4427330
1785136082.4427330
1785136082.4427330
1785136082.4427330
1785136082.4427330
1785136082.4427330
1785136082.4427330
1785136082.4427330
1785136082.4427330
1785136082.4427330
1785136082.4427330
1785136082.4427330
1785136082.4427330
1785136082.4427330
1785136082.4427330
1785136082.4427330
1785136082.4427330
1785136082.4427330
1785136082.4427330
1785136082.4427330
1785136082.4427330
1785136082.4427330
1785136082.4427330
1785136082.4427330
1785136082.4427330
1785136082.4427330
1785136082.4427330
1785136082.4427330
1785136082.4427330
1785136082.4427330
1785136082.4427330
1785136082.4427330
1785136082.4427330
1785136082.4427330
1785136082.4427330
1785136082.4427330
1785136082.4427330
1785136082.4427330
1785136082.4427330
1785136082.4427330
1785136082.4427330
1785136082.4427330
1785136082.4427330
1785136082.4427330
1785136082.4427330
1785136082.4427330
1785136082.4427330
1785136082.4427330
1785136082.4427330
1785136082.4427330
1785136082.4427330
1785136082.4427330
1785136082.4427330
1785136082.4427330
1785136082.4427330
1785136082.4427330
1785136082.4427330
1785136082.4427330
1785136082.4427330
1785136082.4427330
1785136082.4427330
1785136082.4429550
1785136082.4429550
1785136082.4429550
1785136082.4429550
1785136082.4429550
1785136082.4429550
1785136082.4429550
1785136082.4429550
1785136082.4429550
1785136082.4429550
1785136082.4429550
1785136082.4429550
1785136082.4429550
1785136082.4429550
1785136082.4429550
1785136082.4429550
1785136082.4429550
1785136082.4429550
1785136082.4429550
1785136082.4429550
1785136082.4429550
1785136082.4429550
1785136082.4429550
1785136082.4429550
1785136082.4429550
1785136082.4429550
1785136082.4429550
1785136082.4429550
1785136082.4429550
1785136082.4429550
1785136082.4429550
1785136082.4429550
1785136082.4429550
1785136082.4429550
1785136082.4429550
1785136082.4429550
1785136082.4429550
1785136082.4429550
1785136082.4429550
1785136082.4429550
1785136082.4429550
1785136082.4429550
1785136082.4429550
1785136082.4429550
1785136082.4429550
1785136082.4429550
1785136082.4429550
1785136082.4429550
1785136082.4429550
1785136082.4429550
1785136082.4429550
1785136082.4429550
1785136082.4429550
1785136082.4429550
1785136082.4429550
1785136082.4429550
1785136082.4429550
1785136082.4431770
1785136082.4431770
1785136082.4431770
1785136082.4431770
1785136082.4431770
1785136082.4431770
1785136082.4431770
1785136082.4431770
1785136082.4431770
1785136082.4431770
1785136082.4431770
1785136082.4431770
1785136082.4431770
1785136082.4431770
1785136082.4431770
1785136082.4431770
1785136082.4431770
1785136082.4431770
1785136082.4431770
1785136082.4431770
1785136082.4431770
1785136082.4431770
1785136082.4431770
1785136082.4431770
1785136082.4431770
1785136082.4431770
1785136082.4431770
1785136082.4431770
1785136082.4431770
1785136082.4431770
1785136082.4431770
1785136082.4431770
1785136082.4431770
1785136082.4431770
1785136082.4431770
1785136082.4431770
1785136082.4431770
1785136082.4431770
1785136082.4431770
1785136082.4431770
1785136082.4431770
1785136082.4431770
1785136082.4431770
1785136082.4431770
1785136082.4431770
1785136082.4431770
1785136082.4431770
1785136082.4431770
1785136082.4431770
1785136082.4431770
1785136082.4431770
1785136082.4431770
1785136082.4431770
1785136082.4431770
1785136082.4431770
1785136082.4431770
1785136082.4431770
1785136082.4431770
1785136082.4431770
1785136082.4431770
1785136082.4433990
1785136082.4433990
1785136082.4433990
1785136082.4433990
1785136082.4433990
1785136082.4433990
1785136082.4433990
1785136082.4433990
1785136082.4433990
1785136082.4433990
1785136082.4433990
1785136082.4433990
1785136082.4433990
1785136082.4433990
1785136082.4433990
1785136082.4433990
1785136082.4433990
1785136082.4433990
1785136082.4433990
1785136082.4433990
1785136082.4433990
1785136082.4433990
1785136082.4433990
1785136082.4433990
1785136082.4433990
1785136082.4433990
1785136082.4433990
1785136082.4433990
1785136082.4433990
1785136082.4433990
1785136082.4433990
1785136082.4433990
1785136082.4433990
1785136082.4433990
1785136082.4433990
1785136082.4433990
1785136082.4433990
1785136082.4433990
1785136082.4433990
1785136082.4433990
1785136082.4433990
1785136082.4433990
1785136082.4433990
1785136082.4433990
1785136082.4433990
1785136082.4433990
1785136082.4433990
1785136082.4433990
1785136082.4433990
1785136082.4433990
1785136082.4433990
1785136082.4433990
1785136082.4436221
1785136082.4436221
1785136082.4436221
1785136082.4436221
1785136082.4436221
1785136082.4436221
1785136082.4436221
1785136082.4436221
1785136082.4436221
1785136082.4436221
1785136082.4436221
1785136082.4436221
1785136082.4436221
1785136082.4436221
1785136082.4436221
1785136082.4436221
1785136082.4436221
1785136082.4436221
1785136082.4436221
1785136082.4436221
1785136082.4436221
1785136082.4436221
1785136082.4436221
1785136082.4436221
1785136082.4436221
1785136082.4436221
1785136082.4436221
1785136082.4436221
1785136082.4436221
1785136082.4436221
1785136082.4436221
1785136082.4436221
1785136082.4436221
1785136082.4436221
1785136082.4436221
1785136082.4436221
1785136082.4436221
1785136082.4436221
1785136082.4436221
1785136082.4436221
1785136082.4436221
1785136082.4436221
1785136082.4436221
1785136082.4436221
1785136082.4436221
1785136082.4436221
1785136082.4436221
1785136082.4436221
1785136082.4436221
1785136082.4436221
1785136082.4436221
1785136082.4436221
1785136082.4436221
1785136082.4436221
1785136082.4436221
1785136082.4436221
1785136082.4436221
1785136082.4436221
1785136082.4438441
1785136082.4438441
1785136082.4438441
1785136082.4438441
1785136082.4438441
1785136082.4438441
1785136082.4438441
1785136082.4438441
1785136082.4438441
1785136082.4438441
1785136082.4438441
1785136082.4438441
1785136082.4438441
1785136082.4438441
1785136082.4438441
1785136082.4438441
1785136082.4438441
1785136082.4438441
1785136082.4438441
1785136082.4438441
1785136082.4438441
1785136082.4438441
1785136082.4438441
1785136082.4438441
1785136082.4438441
1785136082.4438441
1785136082.4438441
1785136082.4438441
1785136082.4438441
1785136082.4438441
1785136082.4438441
1785136082.4438441
1785136082.4438441
1785136082.4438441
1785136082.4438441
1785136082.4438441
1785136082.4438441
1785136082.4438441
1785136082.4438441
1785136082.4438441
1785136082.4438441
1785136082.4438441
1785136082.4438441
1785136082.4438441
1785136082.4438441
1785136082.4438441
1785136082.4438441
1785136082.4438441
1785136082.4438441
1785136082.4438441
1785136082.4438441
1785136082.4438441
1785136082.4438441
1785136082.4438441
1785136082.4438441
1785136082.4438441
1785136082.4438441
1785136082.4438441
1785136082.4438441
1785136082.4440660
1785136082.4440660
1785136082.4440660
1785136082.4440660
1785136082.4440660
1785136082.4440660
1785136082.4440660
1785136082.4440660
1785136082.4440660
1785136082.4440660
1785136082.4440660
1785136082.4440660
1785136082.4440660
1785136082.4440660
1785136082.4440660
1785136082.4440660
1785136082.4440660
1785136082.4440660
1785136082.4440660
1785136082.4440660
1785136082.4440660
1785136082.4440660
1785136082.4440660
1785136082.4440660
1785136082.4440660
1785136082.4440660
1785136082.4440660
1785136082.4440660
1785136082.4440660
1785136082.4440660
1785136082.4440660
1785136082.4440660
1785136082.4440660
1785136082.4440660
1785136082.4440660
1785136082.4440660
1785136082.4440660
1785136082.4440660
1785136082.4440660
1785136082.4440660
1785136082.4440660
1785136082.4440660
1785136082.4440660
1785136082.4440660
1785136082.4440660
1785136082.4440660
1785136082.4440660
1785136082.4440660
1785136082.4440660
1785136082.4442880
1785136082.4442880
1785136082.4442880
1785136082.4442880
1785136082.4442880
1785136082.4442880
1785136082.4442880
1785136082.4442880
1785136082.4442880
1785136082.4442880
1785136082.4442880
1785136082.4442880
1785136082.4442880
1785136082.4442880
1785136082.4442880
1785136082.4442880
1785136082.4442880
1785136082.4442880
1785136082.4442880
1785136082.4442880
1785136082.4442880
1785136082.4442880
1785136082.4442880
1785136082.4442880
1785136082.4442880
1785136082.4442880
1785136082.4442880
1785136082.4442880
1785136082.4442880
1785136082.4442880
1785136082.4442880
1785136082.4442880
1785136082.4442880
1785136082.4442880
1785136082.4442880
1785136082.4442880
1785136082.4442880
1785136082.4442880
1785136082.4442880
1785136082.4442880
1785136082.4442880
1785136082.4442880
1785136082.4442880
1785136082.4442880
1785136082.4442880
1785136082.4442880
1785136082.4442880
1785136082.4442880
1785136082.4442880
1785136082.4445109
1785136082.4445109
1785136082.4445109
1785136082.4445109
1785136082.4445109
1785136082.4445109
1785136082.4445109
1785136082.4445109
1785136082.4445109
1785136082.4445109
1785136082.4445109
1785136082.4445109
1785136082.4445109
1785136082.4445109
1785136082.4445109
1785136082.4445109
1785136082.4445109
1785136082.4445109
1785136082.4445109
1785136082.4445109
1785136082.4445109
1785136082.4445109
1785136082.4445109
1785136082.4445109
1785136082.4445109
1785136082.4445109
1785136082.4445109
1785136082.4445109
1785136082.4445109
1785136082.4445109
1785136082.4445109
1785136082.4445109
1785136082.4445109
1785136082.4445109
1785136082.4445109
1785136082.4445109
1785136082.4445109
1785136082.4445109
1785136082.4445109
1785136082.4445109
1785136082.4445109
1785136082.4445109
1785136082.4445109
1785136082.4445109
1785136082.4445109
1785136082.4445109
1785136082.4445109
1785136082.4445109
1785136082.4445109
1785136082.4445109
1785136082.4445109
1785136082.4445109
1785136082.4445109
1785136082.4445109
1785136082.4445109
1785136082.4445109
1785136082.4445109
1785136082.4445109
1785136082.4445109
1785136082.4445109
1785136082.4445109
1785136082.4445109
1785136082.4445109
1785136082.4445109
1785136082.4445109
1785136082.4445109
1785136082.4445109
1785136082.4447329
1785136082.4447329
1785136082.4447329
1785136082.4447329
1785136082.4447329
1785136082.4447329
1785136082.4447329
1785136082.4447329
1785136082.4447329
1785136082.4447329
1785136082.4447329
1785136082.4447329
1785136082.4447329
1785136082.4447329
1785136082.4447329
1785136082.4447329
1785136082.4447329
1785136082.4447329
1785136082.4447329
1785136082.4447329
1785136082.4447329
1785136082.4447329
1785136082.4447329
1785136082.4447329
1785136082.4447329
1785136082.4447329
1785136082.4447329
1785136082.4447329
1785136082.4447329
1785136082.4447329
1785136082.4447329
1785136082.4447329
1785136082.4447329
1785136082.4447329
1785136082.4447329
1785136082.4447329
1785136082.4447329
1785136082.4447329
1785136082.4447329
1785136082.4447329
1785136082.4447329
1785136082.4447329
1785136082.4447329
1785136082.4447329
1785136082.4447329
1785136082.4447329
1785136082.4447329
1785136082.4447329
1785136082.4449551
1785136082.4449551
1785136082.4449551
1785136082.4449551
1785136082.4449551
1785136082.4449551
1785136082.4449551
1785136082.4449551
1785136082.4449551
1785136082.4449551
1785136082.4449551
1785136082.4449551
1785136082.4449551
1785136082.4449551
1785136082.4449551
1785136082.4449551
1785136082.4449551
1785136082.4449551
1785136082.4449551
1785136082.4449551
1785136082.4449551
1785136082.4449551
1785136082.4449551
1785136082.4449551
1785136082.4449551
1785136082.4449551
1785136082.4449551
1785136082.4449551
1785136082.4449551
1785136082.4449551
1785136082.4449551
1785136082.4449551
1785136082.4449551
1785136082.4449551
1785136082.4449551
1785136082.4449551
1785136082.4449551
1785136082.4449551
1785136082.4449551
1785136082.4449551
1785136082.4449551
1785136082.4449551
1785136082.4449551
1785136082.4449551
1785136082.4449551
1785136082.4451771
1785136082.4451771
1785136082.4451771
1785136082.4451771
1785136082.4451771
1785136082.4451771
1785136082.4451771
1785136082.4451771
1785136082.4451771
1785136082.4451771
1785136082.4451771
1785136082.4451771
1785136082.4451771
1785136082.4451771
1785136082.4451771
1785136082.4451771
1785136082.4451771
1785136082.4451771
1785136082.4451771
1785136082.4451771
1785136082.4451771
1785136082.4451771
1785136082.4451771
1785136082.4451771
1785136082.4451771
1785136082.4451771
1785136082.4451771
1785136082.4451771
1785136082.4451771
1785136082.4451771
1785136082.4451771
1785136082.4451771
1785136082.4451771
1785136082.4451771
1785136082.4451771
1785136082.4451771
1785136082.4451771
1785136082.4451771
1785136082.4451771
1785136082.4451771
1785136082.4451771
1785136082.4451771
1785136082.4451771
1785136082.4451771
1785136082.4451771
1785136082.4453990
1785136082.4453990
1785136082.4453990
1785136082.4453990
1785136082.4453990
1785136082.4453990
1785136082.4453990
1785136082.4453990
1785136082.4453990
1785136082.4453990
1785136082.4453990
1785136082.4453990
1785136082.4453990
1785136082.4453990
1785136082.4453990
1785136082.4453990
1785136082.4453990
1785136082.4453990
1785136082.4453990
1785136082.4453990
1785136082.4453990
1785136082.4453990
1785136082.4453990
1785136082.4453990
1785136082.4453990
1785136082.4453990
1785136082.4453990
1785136082.4453990
1785136082.4453990
1785136082.4453990
1785136082.4453990
1785136082.4453990
1785136082.4453990
1785136082.4453990
1785136082.4453990
1785136082.4453990
1785136082.4453990
1785136082.4453990
1785136082.4453990
1785136082.4453990
1785136082.4453990
1785136082.4453990
1785136082.4453990
1785136082.4453990
1785136082.4453990
1785136082.4453990
1785136082.4453990
1785136082.4453990
1785136082.4453990
1785136082.4453990
1785136082.4453990
1785136082.4453990
1785136082.4453990
1785136082.4453990
1785136082.4453990
1785136082.4453990
1785136082.4453990
1785136082.4453990
1785136082.4453990
1785136082.4453990
1785136082.4456210
1785136082.4456210
1785136082.4456210
1785136082.4456210
1785136082.4456210
1785136082.4456210
1785136082.4456210
1785136082.4456210
1785136082.4456210
1785136082.4456210
1785136082.4456210
1785136082.4456210
1785136082.4456210
1785136082.4456210
1785136082.4456210
1785136082.4456210
1785136082.4456210
1785136082.4456210
1785136082.4456210
1785136082.4456210
1785136082.4456210
1785136082.4456210
1785136082.4456210
1785136082.4456210
1785136082.4456210
1785136082.4456210
1785136082.4456210
1785136082.4456210
1785136082.4456210
1785136082.4456210
1785136082.4456210
1785136082.4456210
1785136082.4456210
1785136082.4456210
1785136082.4456210
1785136082.4456210
1785136082.4456210
1785136082.4456210
1785136082.4456210
1785136082.4456210
1785136082.4456210
1785136082.4456210
1785136082.4456210
1785136082.4456210
1785136082.4456210
1785136082.4458439
1785136082.4458439
1785136082.4458439
1785136082.4458439
1785136082.4458439
1785136082.4458439
1785136082.4458439
1785136082.4458439
1785136082.4458439
1785136082.4458439
1785136082.4458439
1785136082.4458439
1785136082.4458439
1785136082.4458439
1785136082.4458439
1785136082.4458439
1785136082.4458439
1785136082.4458439
1785136082.4458439
1785136082.4458439
1785136082.4458439
1785136082.4458439
1785136082.4458439
1785136082.4458439
1785136082.4458439
1785136082.4458439
1785136082.4458439
1785136082.4458439
1785136082.4458439
1785136082.4458439
1785136082.4458439
1785136082.4458439
1785136082.4458439
1785136082.4458439
1785136082.4458439
1785136082.4458439
1785136082.4458439
1785136082.4458439
1785136082.4458439
1785136082.4458439
1785136082.4458439
1785136082.4458439
1785136082.4458439
1785136082.4458439
1785136082.4458439
1785136082.4460659
1785136082.4460659
1785136082.4460659
1785136082.4460659
1785136082.4460659
1785136082.4460659
1785136082.4460659
1785136082.4460659
1785136082.4460659
1785136082.4460659
1785136082.4460659
1785136082.4460659
1785136082.4460659
1785136082.4460659
1785136082.4460659
1785136082.4460659
1785136082.4460659
1785136082.4460659
1785136082.4460659
1785136082.4460659
1785136082.4460659
1785136082.4460659
1785136082.4460659
1785136082.4460659
1785136082.4460659
1785136082.4460659
1785136082.4460659
1785136082.4460659
1785136082.4460659
1785136082.4460659
1785136082.4460659
1785136082.4460659
1785136082.4460659
1785136082.4460659
1785136082.4460659
1785136082.4460659
1785136082.4460659
1785136082.4460659
1785136082.4460659
1785136082.4460659
1785136082.4460659
1785136082.4460659
1785136082.4460659
1785136082.4460659
1785136082.4460659
1785136082.4460659
1785136082.4462881
1785136082.4462881
1785136082.4462881
1785136082.4462881
1785136082.4462881
1785136082.4462881
1785136082.4462881
1785136082.4462881
1785136082.4462881
1785136082.4462881
1785136082.4462881
1785136082.4462881
1785136082.4462881
1785136082.4462881
1785136082.4462881
1785136082.4462881
1785136082.4462881
1785136082.4462881
1785136082.4462881
1785136082.4462881
1785136082.4462881
1785136082.4462881
1785136082.4462881
1785136082.4462881
1785136082.4462881
1785136082.4462881
1785136082.4462881
1785136082.4462881
1785136082.4462881
1785136082.4462881
1785136082.4462881
1785136082.4462881
1785136082.4462881
1785136082.4462881
1785136082.4462881
1785136082.4462881
1785136082.4462881
1785136082.4462881
1785136082.4462881
1785136082.4462881
1785136082.4462881
1785136082.4462881
1785136082.4462881
1785136082.4462881
1785136082.4462881
1785136082.4462881
1785136082.4465101
1785136082.4465101
1785136082.4465101
1785136082.4465101
1785136082.4465101
1785136082.4465101
1785136082.4465101
1785136082.4465101
1785136082.4465101
1785136082.4465101
1785136082.4465101
1785136082.4465101
1785136082.4465101
1785136082.4465101
1785136082.4465101
1785136082.4465101
1785136082.4465101
1785136082.4465101
1785136082.4465101
1785136082.4465101
1785136082.4465101
1785136082.4465101
1785136082.4465101
1785136082.4465101
1785136082.4465101
1785136082.4465101
1785136082.4465101
1785136082.4465101
1785136082.4465101
1785136082.4465101
1785136082.4465101
1785136082.4465101
1785136082.4465101
1785136082.4465101
1785136082.4465101
1785136082.4465101
1785136082.4465101
1785136082.4465101
1785136082.4465101
1785136082.4465101
1785136082.4465101
1785136082.4465101
1785136082.4465101
1785136082.4465101
1785136082.4465101
1785136082.4465101
1785136082.4467320
1785136082.4467320
1785136082.4467320
1785136082.4467320
1785136082.4467320
1785136082.4467320
1785136082.4467320
1785136082.4467320
1785136082.4467320
1785136082.4467320
1785136082.4467320
1785136082.4467320
1785136082.4467320
1785136082.4467320
1785136082.4467320
1785136082.4467320
1785136082.4467320
1785136082.4467320
1785136082.4467320
1785136082.4467320
1785136082.4467320
1785136082.4467320
1785136082.4467320
1785136082.4467320
1785136082.4467320
1785136082.4467320
1785136082.4467320
1785136082.4467320
1785136082.4467320
1785136082.4467320
1785136082.4467320
1785136082.4467320
1785136082.4467320
1785136082.4467320
1785136082.4467320
1785136082.4467320
1785136082.4467320
1785136082.4467320
1785136082.4467320
1785136082.4467320
1785136082.4467320
1785136082.4467320
1785136082.4467320
1785136082.4467320
1785136082.4467320
1785136082.4469540
1785136082.4469540
1785136082.4469540
1785136082.4469540
1785136082.4469540
1785136082.4469540
1785136082.4469540
1785136082.4469540
1785136082.4469540
1785136082.4469540
1785136082.4469540
1785136082.4469540
1785136082.4469540
1785136082.4469540
1785136082.4469540
1785136082.4469540
1785136082.4469540
1785136082.4469540
1785136082.4469540
1785136082.4469540
1785136082.4469540
1785136082.4469540
1785136082.4469540
1785136082.4469540
1785136082.4469540
1785136082.4469540
1785136082.4469540
1785136082.4469540
1785136082.4469540
1785136082.4469540
1785136082.4469540
1785136082.4469540
1785136082.4469540
1785136082.4469540
1785136082.4469540
1785136082.4469540
1785136082.4469540
1785136082.4469540
1785136082.4469540
1785136082.4469540
1785136082.4469540
1785136082.4469540
1785136082.4469540
1785136082.4469540
1785136082.4469540
1785136082.4469540
1785136082.4471760
1785136082.4471760
1785136082.4471760
1785136082.4471760
1785136082.4471760
1785136082.4471760
1785136082.4471760
1785136082.4471760
1785136082.4471760
1785136082.4471760
1785136082.4471760
1785136082.4471760
1785136082.4471760
1785136082.4471760
1785136082.4471760
1785136082.4471760
1785136082.4471760
1785136082.4471760
1785136082.4471760
1785136082.4471760
1785136082.4471760
1785136082.4471760
1785136082.4471760
1785136082.4471760
1785136082.4471760
1785136082.4471760
1785136082.4471760
1785136082.4471760
1785136082.4471760
1785136082.4471760
1785136082.4471760
1785136082.4471760
1785136082.4471760
1785136082.4471760
1785136082.4471760
1785136082.4471760
1785136082.4471760
1785136082.4471760
1785136082.4471760
1785136082.4471760
1785136082.4471760
1785136082.4471760
1785136082.4471760
1785136082.4471760
1785136082.4471760
1785136082.4471760
1785136082.4473989
1785136082.4473989
1785136082.4473989
1785136082.4473989
1785136082.4473989
1785136082.4473989
1785136082.4473989
1785136082.4473989
1785136082.4473989
1785136082.4473989
1785136082.4473989
1785136082.4473989
1785136082.4473989
1785136082.4473989
1785136082.4473989
1785136082.4473989
1785136082.4473989
1785136082.4473989
1785136082.4473989
1785136082.4473989
1785136082.4473989
1785136082.4473989
1785136082.4473989
1785136082.4473989
1785136082.4473989
1785136082.4473989
1785136082.4473989
1785136082.4473989
1785136082.4473989
1785136082.4473989
1785136082.4473989
1785136082.4473989
1785136082.4473989
1785136082.4473989
1785136082.4473989
1785136082.4473989
1785136082.4473989
1785136082.4473989
1785136082.4473989
1785136082.4473989
1785136082.4473989
1785136082.4473989
1785136082.4473989
1785136082.4473989
1785136082.4473989
1785136082.4473989
1785136082.4473989
1785136082.4473989
1785136082.4473989
1785136082.4476199
1785136082.4476199
1785136082.4476199
1785136082.4476199
1785136082.4476199
1785136082.4476199
1785136082.4476199
1785136082.4476199
1785136082.4476199
1785136082.4476199
1785136082.4476199
1785136082.4476199
1785136082.4476199
1785136082.4476199
1785136082.4476199
1785136082.4476199
1785136082.4476199
1785136082.4476199
1785136082.4476199
1785136082.4476199
1785136082.4476199
1785136082.4476199
1785136082.4476199
1785136082.4476199
1785136082.4476199
1785136082.4476199
1785136082.4476199
1785136082.4476199
1785136082.4476199
1785136082.4476199
1785136082.4476199
1785136082.4476199
1785136082.4476199
1785136082.4476199
1785136082.4476199
1785136082.4476199
1785136082.4476199
1785136082.4476199
1785136082.4476199
1785136082.4476199
1785136082.4476199
1785136082.4476199
1785136082.4476199
1785136082.4476199
1785136082.4476199
1785136082.4476199
1785136082.4476199
1785136082.4476199
1785136082.4476199
1785136082.4476199
1785136082.4476199
1785136082.4476199
1785136082.4476199
1785136082.4476199
1785136082.4476199
1785136082.4476199
1785136082.4476199
1785136082.4476199
1785136082.4476199
1785136082.4476199
1785136082.4476199
1785136082.4476199
1785136082.4476199
1785136082.4476199
1785136082.4476199
1785136082.4476199
1785136082.4476199
1785136082.4476199
1785136082.4476199
1785136082.4476199
1785136082.4476199
1785136082.4476199
1785136082.4478431
1785136082.4478431
1785136082.4478431
1785136082.4478431
1785136082.4478431
1785136082.4478431
1785136082.4478431
1785136082.4478431
1785136082.4478431
1785136082.4478431
1785136082.4478431
1785136082.4478431
1785136082.4478431
1785136082.4478431
1785136082.4478431
1785136082.4478431
1785136082.4478431
1785136082.4478431
1785136082.4478431
1785136082.4478431
1785136082.4478431
1785136082.4478431
1785136082.4478431
1785136082.4478431
1785136082.4478431
1785136082.4478431
1785136082.4478431
1785136082.4478431
1785136082.4478431
1785136082.4478431
1785136082.4478431
1785136082.4478431
1785136082.4478431
1785136082.4478431
1785136082.4478431
1785136082.4478431
1785136082.4478431
1785136082.4478431
1785136082.4478431
1785136082.4478431
1785136082.4478431
1785136082.4478431
1785136082.4478431
1785136082.4478431
1785136082.4478431
1785136082.4478431
1785136082.4478431
1785136082.4478431
1785136082.4478431
1785136082.4478431
1785136082.4478431
1785136082.4478431
1785136082.4478431
1785136082.4478431
1785136082.4478431
1785136082.4478431
1785136082.4478431
1785136082.4478431
1785136082.4478431
1785136082.4478431
1785136082.4478431
1785136082.4478431
1785136082.4478431
1785136082.4478431
1785136082.4478431
1785136082.4478431
1785136082.4478431
1785136082.4478431
1785136082.4480660
1785136082.4480660
1785136082.4480660
1785136082.4480660
1785136082.4480660
1785136082.4480660
1785136082.4480660
1785136082.4480660
1785136082.4480660
1785136082.4480660
1785136082.4480660
1785136082.4480660
1785136082.4480660
1785136082.4480660
1785136082.4480660
1785136082.4480660
1785136082.4480660
1785136082.4480660
1785136082.4480660
1785136082.4480660
1785136082.4480660
1785136082.4480660
1785136082.4480660
1785136082.4480660
1785136082.4480660
1785136082.4480660
1785136082.4480660
1785136082.4480660
1785136082.4480660
1785136082.4480660
1785136082.4480660
1785136082.4480660
1785136082.4480660
1785136082.4480660
1785136082.4480660
1785136082.4480660
1785136082.4480660
1785136082.4480660
1785136082.4480660
1785136082.4480660
1785136082.4480660
1785136082.4480660
1785136082.4480660
1785136082.4480660
1785136082.4480660
1785136082.4480660
1785136082.4480660
1785136082.4480660
1785136082.4480660
1785136082.4480660
1785136082.4480660
1785136082.4480660
1785136082.4480660
1785136082.4480660
1785136082.4480660
1785136082.4480660
1785136082.4480660
1785136082.4480660
1785136082.4480660
1785136082.4480660
1785136082.4480660
1785136082.4480660
1785136082.4480660
1785136082.4480660
1785136082.4480660
1785136082.4480660
1785136082.4480660
1785136082.4480660
1785136082.4480660
1785136082.4480660
1785136082.4480660
1785136082.4480660
1785136082.4480660
1785136082.4480660
1785136082.4480660
1785136082.4480660
1785136082.4480660
1785136082.4480660
1785136082.4480660
1785136082.4482870
1785136082.4482870
1785136082.4482870
1785136082.4482870
1785136082.4482870
1785136082.4482870
1785136082.4482870
1785136082.4482870
1785136082.4482870
1785136082.4482870
1785136082.4482870
1785136082.4482870
1785136082.4482870
1785136082.4482870
1785136082.4482870
1785136082.4482870
1785136082.4482870
1785136082.4482870
1785136082.4482870
1785136082.4482870
1785136082.4482870
1785136082.4482870
1785136082.4482870
1785136082.4482870
1785136082.4482870
1785136082.4482870
1785136082.4482870
1785136082.4482870
1785136082.4482870
1785136082.4482870
1785136082.4482870
1785136082.4482870
1785136082.4482870
1785136082.4482870
1785136082.4482870
1785136082.4482870
1785136082.4482870
1785136082.4482870
1785136082.4482870
1785136082.4482870
1785136082.4482870
1785136082.4482870
1785136082.4482870
1785136082.4482870
1785136082.4482870
1785136082.4482870
1785136082.4482870
1785136082.4482870
1785136082.4482870
1785136082.4482870
1785136082.4482870
1785136082.4482870
1785136082.4482870
1785136082.4482870
1785136082.4482870
1785136082.4482870
1785136082.4482870
1785136082.4482870
1785136082.4482870
1785136082.4482870
1785136082.4482870
1785136082.4482870
1785136082.4482870
1785136082.4482870
1785136082.4482870
1785136082.4482870
1785136082.4482870
1785136082.4482870
1785136082.4485099
1785136082.4485099
1785136082.4485099
1785136082.4485099
1785136082.4485099
1785136082.4485099
1785136082.4485099
1785136082.4485099
1785136082.4485099
1785136082.4485099
1785136082.4485099
1785136082.4485099
1785136082.4485099
1785136082.4485099
1785136082.4485099
1785136082.4485099
1785136082.4485099
1785136082.4485099
1785136082.4485099
1785136082.4485099
1785136082.4485099
1785136082.4485099
1785136082.4485099
1785136082.4485099
1785136082.4485099
1785136082.4485099
1785136082.4485099
1785136082.4485099
1785136082.4485099
1785136082.4485099
1785136082.4485099
1785136082.4485099
1785136082.4485099
1785136082.4485099
1785136082.4485099
1785136082.4485099
1785136082.4485099
1785136082.4485099
1785136082.4485099
1785136082.4485099
1785136082.4485099
1785136082.4485099
1785136082.4485099
1785136082.4485099
1785136082.4485099
1785136082.4485099
1785136082.4485099
1785136082.4485099
1785136082.4485099
1785136082.4485099
1785136082.4485099
1785136082.4485099
1785136082.4485099
1785136082.4485099
1785136082.4485099
1785136082.4485099
1785136082.4485099
1785136082.4485099
1785136082.4485099
1785136082.4485099
1785136082.4485099
1785136082.4485099
1785136082.4487319
1785136082.4487319
1785136082.4487319
1785136082.4487319
1785136082.4487319
1785136082.4487319
1785136082.4487319
1785136082.4487319
1785136082.4487319
1785136082.4487319
1785136082.4487319
1785136082.4487319
1785136082.4487319
1785136082.4487319
1785136082.4487319
1785136082.4487319
1785136082.4487319
1785136082.4487319
1785136082.4487319
1785136082.4487319
1785136082.4487319
1785136082.4487319
1785136082.4487319
1785136082.4487319
1785136082.4487319
1785136082.4487319
1785136082.4487319
1785136082.4487319
1785136082.4487319
1785136082.4487319
1785136082.4487319
1785136082.4487319
1785136082.4487319
1785136082.4487319
1785136082.4487319
1785136082.4487319
1785136082.4487319
1785136082.4487319
1785136082.4487319
1785136082.4487319
1785136082.4487319
1785136082.4487319
1785136082.4487319
1785136082.4487319
1785136082.4487319
1785136082.4487319
1785136082.4487319
1785136082.4487319
1785136082.4487319
1785136082.4487319
1785136082.4487319
1785136082.4487319
1785136082.4487319
1785136082.4487319
1785136082.4487319
1785136082.4487319
1785136082.4487319
1785136082.4489541
1785136082.4489541
1785136082.4489541
1785136082.4489541
1785136082.4489541
1785136082.4489541
1785136082.4489541
1785136082.4489541
1785136082.4489541
1785136082.4489541
1785136082.4489541
1785136082.4489541
1785136082.4489541
1785136082.4489541
1785136082.4489541
1785136082.4489541
1785136082.4489541
1785136082.4489541
1785136082.4489541
1785136082.4489541
1785136082.4489541
1785136082.4489541
1785136082.4489541
1785136082.4489541
1785136082.4489541
1785136082.4489541
1785136082.4489541
1785136082.4489541
1785136082.4489541
1785136082.4489541
1785136082.4489541
1785136082.4489541
1785136082.4489541
1785136082.4489541
1785136082.4489541
1785136082.4489541
1785136082.4489541
1785136082.4489541
1785136082.4489541
1785136082.4489541
1785136082.4489541
1785136082.4489541
1785136082.4489541
1785136082.4489541
1785136082.4489541
1785136082.4489541
1785136082.4489541
1785136082.4489541
1785136082.4489541
1785136082.4489541
1785136082.4489541
1785136082.4489541
1785136082.4491761
1785136082.4491761
1785136082.4491761
1785136082.4491761
1785136082.4491761
1785136082.4491761
1785136082.4491761
1785136082.4491761
1785136082.4491761
1785136082.4491761
1785136082.4491761
1785136082.4491761
1785136082.4491761
1785136082.4491761
1785136082.4491761
1785136082.4491761
1785136082.4491761
1785136082.4491761
1785136082.4491761
1785136082.4491761
1785136082.4491761
1785136082.4491761
1785136082.4491761
1785136082.4491761
1785136082.4491761
1785136082.4491761
1785136082.4491761
1785136082.4491761
1785136082.4491761
1785136082.4491761
1785136082.4491761
1785136082.4491761
1785136082.4491761
1785136082.4491761
1785136082.4491761
1785136082.4491761
1785136082.4491761
1785136082.4491761
1785136082.4491761
1785136082.4491761
1785136082.4491761
1785136082.4491761
1785136082.4491761
1785136082.4491761
1785136082.4491761
1785136082.4491761
1785136082.4491761
1785136082.4491761
1785136082.4491761
1785136082.4491761
1785136082.4491761
1785136082.4491761
1785136082.4491761
1785136082.4491761
1785136082.4491761
1785136082.4493980
1785136082.4493980
1785136082.4493980
1785136082.4493980
1785136082.4493980
1785136082.4493980
1785136082.4493980
1785136082.4493980
1785136082.4493980
1785136082.4493980
1785136082.4493980
1785136082.4493980
1785136082.4493980
1785136082.4493980
1785136082.4493980
1785136082.4493980
1785136082.4493980
1785136082.4493980
1785136082.4493980
1785136082.4493980
1785136082.4493980
1785136082.4493980
1785136082.4493980
1785136082.4493980
1785136082.4493980
1785136082.4493980
1785136082.4493980
1785136082.4493980
1785136082.4493980
1785136082.4493980
1785136082.4493980
1785136082.4493980
1785136082.4493980
1785136082.4493980
1785136082.4493980
1785136082.4493980
1785136082.4493980
1785136082.4493980
1785136082.4493980
1785136082.4493980
1785136082.4493980
1785136082.4493980
1785136082.4493980
1785136082.4493980
1785136082.4493980
1785136082.4493980
1785136082.4493980
1785136082.4493980
1785136082.4493980
1785136082.4493980
1785136082.4493980
1785136082.4493980
1785136082.4493980
1785136082.4493980
1785136082.4493980
1785136082.4493980
1785136082.4493980
1785136082.4493980
1785136082.4493980
1785136082.4493980
1785136082.4493980
1785136082.4493980
1785136082.4493980
1785136082.4493980
1785136082.4493980
1785136082.4493980
1785136082.4493980
1785136082.4493980
1785136082.4493980
1785136082.4493980
1785136082.4493980
1785136082.4493980
1785136082.4493980
1785136082.4493980
1785136082.4493980
1785136082.4493980
1785136082.4493980
1785136082.4493980
1785136082.4496210
1785136082.4496210
1785136082.4496210
1785136082.4496210
1785136082.4496210
1785136082.4496210
1785136082.4496210
1785136082.4496210
1785136082.4496210
1785136082.4496210
1785136082.4496210
1785136082.4496210
1785136082.4496210
1785136082.4496210
1785136082.4496210
1785136082.4496210
1785136082.4496210
1785136082.4496210
1785136082.4496210
1785136082.4496210
1785136082.4496210
1785136082.4496210
1785136082.4496210
1785136082.4496210
1785136082.4496210
1785136082.4496210
1785136082.4496210
1785136082.4496210
1785136082.4496210
1785136082.4496210
1785136082.4496210
1785136082.4496210
1785136082.4496210
1785136082.4496210
1785136082.4496210
1785136082.4496210
1785136082.4496210
1785136082.4496210
1785136082.4496210
1785136082.4496210
1785136082.4496210
1785136082.4496210
1785136082.4496210
1785136082.4496210
1785136082.4496210
1785136082.4496210
1785136082.4496210
1785136082.4496210
1785136082.4496210
1785136082.4496210
1785136082.4496210
1785136082.4496210
1785136082.4496210
1785136082.4496210
1785136082.4496210
1785136082.4496210
1785136082.4496210
1785136082.4496210
1785136082.4496210
1785136082.4496210
1785136082.4496210
1785136082.4496210
1785136082.4496210
1785136082.4496210
1785136082.4496210
1785136082.4496210
1785136082.4496210
1785136082.4496210
1785136082.4496210
1785136082.4496210
1785136082.4496210
1785136082.4496210
1785136082.4496210
1785136082.4496210
1785136082.4496210
1785136082.4496210
1785136082.4496210
1785136082.4498429
1785136082.4498429
1785136082.4498429
1785136082.4498429
1785136082.4498429
1785136082.4498429
1785136082.4498429
1785136082.4498429
1785136082.4498429
1785136082.4498429
1785136082.4498429
1785136082.4498429
1785136082.4498429
1785136082.4498429
1785136082.4498429
1785136082.4498429
1785136082.4498429
1785136082.4498429
1785136082.4498429
1785136082.4498429
1785136082.4498429
1785136082.4498429
1785136082.4498429
1785136082.4498429
1785136082.4498429
1785136082.4498429
1785136082.4498429
1785136082.4498429
1785136082.4498429
1785136082.4498429
1785136082.4498429
1785136082.4498429
1785136082.4498429
1785136082.4498429
1785136082.4498429
1785136082.4498429
1785136082.4498429
1785136082.4498429
1785136082.4498429
1785136082.4498429
1785136082.4498429
1785136082.4498429
1785136082.4498429
1785136082.4498429
1785136082.4498429
1785136082.4498429
1785136082.4498429
1785136082.4498429
1785136082.4498429
1785136082.4498429
1785136082.4498429
1785136082.4498429
1785136082.4498429
1785136082.4498429
1785136082.4498429
1785136082.4498429
1785136082.4498429
1785136082.4498429
1785136082.4498429
1785136082.4500649
1785136082.4500649
1785136082.4500649
1785136082.4500649
1785136082.4500649
1785136082.4500649
1785136082.4500649
1785136082.4500649
1785136082.4500649
1785136082.4500649
1785136082.4500649
1785136082.4500649
1785136082.4500649
1785136082.4500649
1785136082.4500649
1785136082.4500649
1785136082.4500649
1785136082.4500649
1785136082.4500649
1785136082.4500649
1785136082.4500649
1785136082.4500649
1785136082.4500649
1785136082.4500649
1785136082.4500649
1785136082.4500649
1785136082.4500649
1785136082.4500649
1785136082.4500649
1785136082.4500649
1785136082.4500649
1785136082.4500649
1785136082.4500649
1785136082.4500649
1785136082.4500649
1785136082.4500649
1785136082.4500649
1785136082.4500649
1785136082.4500649
1785136082.4500649
1785136082.4500649
1785136082.4500649
1785136082.4500649
1785136082.4500649
1785136082.4500649
1785136082.4500649
1785136082.4500649
1785136082.4500649
1785136082.4500649
1785136082.4500649
1785136082.4500649
1785136082.4500649
1785136082.4500649
1785136082.4500649
1785136082.4500649
1785136082.4500649
1785136082.4500649
1785136082.4500649
1785136082.4500649
1785136082.4500649
1785136082.4500649
1785136082.4500649
1785136082.4500649
1785136082.4500649
1785136082.4502871
1785136082.4502871
1785136082.4502871
1785136082.4502871
1785136082.4502871
1785136082.4502871
1785136082.4502871
1785136082.4502871
1785136082.4502871
1785136082.4502871
1785136082.4502871
1785136082.4502871
1785136082.4502871
1785136082.4502871
1785136082.4502871
1785136082.4502871
1785136082.4502871
1785136082.4502871
1785136082.4502871
1785136082.4502871
1785136082.4502871
1785136082.4502871
1785136082.4502871
1785136082.4502871
1785136082.4502871
1785136082.4502871
1785136082.4502871
1785136082.4502871
1785136082.4502871
1785136082.4502871
1785136082.4502871
1785136082.4502871
1785136082.4502871
1785136082.4502871
1785136082.4502871
1785136082.4502871
1785136082.4502871
1785136082.4502871
1785136082.4502871
1785136082.4502871
1785136082.4502871
1785136082.4502871
1785136082.4502871
1785136082.4502871
1785136082.4502871
1785136082.4502871
1785136082.4502871
1785136082.4502871
1785136082.4502871
1785136082.4502871
1785136082.4502871
1785136082.4502871
1785136082.4502871
1785136082.4502871
1785136082.4502871
1785136082.4502871
1785136082.4502871
1785136082.4502871
1785136082.4502871
1785136082.4502871
1785136082.4502871
1785136082.4502871
1785136082.4502871
1785136082.4502871
1785136082.4502871
1785136082.4502871
1785136082.4502871
1785136082.4502871
1785136082.4502871
1785136082.4502871
1785136082.4502871
1785136082.4502871
1785136082.4502871
1785136082.4502871
1785136082.4502871
1785136082.4502871
1785136082.4502871
1785136082.4502871
1785136082.4505091
1785136082.4505091
1785136082.4505091
1785136082.4505091
1785136082.4505091
1785136082.4505091
1785136082.4505091
1785136082.4505091
1785136082.4505091
1785136082.4505091
1785136082.4505091
1785136082.4505091
1785136082.4505091
1785136082.4505091
1785136082.4505091
1785136082.4505091
1785136082.4505091
1785136082.4505091
1785136082.4505091
1785136082.4505091
1785136082.4505091
1785136082.4505091
1785136082.4505091
1785136082.4505091
1785136082.4505091
1785136082.4505091
1785136082.4505091
1785136082.4505091
1785136082.4505091
1785136082.4505091
1785136082.4505091
1785136082.4505091
1785136082.4505091
1785136082.4505091
1785136082.4505091
1785136082.4505091
1785136082.4505091
1785136082.4505091
1785136082.4505091
1785136082.4505091
1785136082.4505091
1785136082.4505091
1785136082.4505091
1785136082.4505091
1785136082.4505091
1785136082.4505091
1785136082.4505091
1785136082.4505091
1785136082.4505091
1785136082.4505091
1785136082.4505091
1785136082.4505091
1785136082.4505091
1785136082.4505091
1785136082.4505091
1785136082.4505091
1785136082.4505091
1785136082.4505091
1785136082.4505091
1785136082.4505091
1785136082.4505091
1785136082.4505091
1785136082.4505091
1785136082.4505091
1785136082.4505091
1785136082.4505091
1785136082.4505091
1785136082.4505091
1785136082.4507310
1785136082.4507310
1785136082.4507310
1785136082.4507310
1785136082.4507310
1785136082.4507310
1785136082.4507310
1785136082.4507310
1785136082.4507310
1785136082.4507310
1785136082.4507310
1785136082.4507310
1785136082.4507310
1785136082.4507310
1785136082.4507310
1785136082.4507310
1785136082.4507310
1785136082.4507310
1785136082.4507310
1785136082.4507310
1785136082.4507310
1785136082.4507310
1785136082.4507310
1785136082.4507310
1785136082.4507310
1785136082.4507310
1785136082.4507310
1785136082.4507310
1785136082.4507310
1785136082.4507310
1785136082.4507310
1785136082.4507310
1785136082.4507310
1785136082.4507310
1785136082.4507310
1785136082.4507310
1785136082.4507310
1785136082.4507310
1785136082.4507310
1785136082.4507310
1785136082.4507310
1785136082.4507310
1785136082.4507310
1785136082.4507310
1785136082.4507310
1785136082.4507310
1785136082.4507310
1785136082.4507310
1785136082.4507310
1785136082.4507310
1785136082.4507310
1785136082.4507310
1785136082.4507310
1785136082.4507310
1785136082.4507310
1785136082.4507310
1785136082.4507310
1785136082.4507310
1785136082.4507310
1785136082.4507310
1785136082.4507310
1785136082.4507310
1785136082.4507310
1785136082.4507310
1785136082.4507310
1785136082.4509540
1785136082.4509540
1785136082.4509540
1785136082.4509540
1785136082.4509540
1785136082.4509540
1785136082.4509540
1785136082.4509540
1785136082.4509540
1785136082.4509540
1785136082.4509540
1785136082.4509540
1785136082.4509540
1785136082.4509540
1785136082.4509540
1785136082.4509540
1785136082.4509540
1785136082.4509540
1785136082.4509540
1785136082.4509540
1785136082.4509540
1785136082.4509540
1785136082.4509540
1785136082.4509540
1785136082.4509540
1785136082.4509540
1785136082.4509540
1785136082.4509540
1785136082.4509540
1785136082.4509540
1785136082.4509540
1785136082.4509540
1785136082.4509540
1785136082.4509540
1785136082.4509540
1785136082.4509540
1785136082.4509540
1785136082.4509540
1785136082.4509540
1785136082.4509540
1785136082.4509540
1785136082.4509540
1785136082.4509540
1785136082.4509540
1785136082.4509540
1785136082.4509540
1785136082.4509540
1785136082.4509540
1785136082.4509540
1785136082.4509540
1785136082.4509540
1785136082.4509540
1785136082.4509540
1785136082.4509540
1785136082.4509540
1785136082.4509540
1785136082.4509540
1785136082.4509540
1785136082.4509540
1785136082.4509540
1785136082.4509540
1785136082.4509540
1785136082.4509540
1785136082.4511759
1785136082.4511759
1785136082.4511759
1785136082.4511759
1785136082.4511759
1785136082.4511759
1785136082.4511759
1785136082.4511759
1785136082.4511759
1785136082.4511759
1785136082.4511759
1785136082.4511759
1785136082.4511759
1785136082.4511759
1785136082.4511759
1785136082.4511759
1785136082.4511759
1785136082.4511759
1785136082.4511759
1785136082.4511759
1785136082.4511759
1785136082.4511759
1785136082.4511759
1785136082.4511759
1785136082.4511759
1785136082.4511759
1785136082.4511759
1785136082.4511759
1785136082.4511759
1785136082.4511759
1785136082.4511759
1785136082.4511759
1785136082.4511759
1785136082.4511759
1785136082.4511759
1785136082.4511759
1785136082.4511759
1785136082.4511759
1785136082.4511759
1785136082.4511759
1785136082.4511759
1785136082.4511759
1785136082.4511759
1785136082.4511759
1785136082.4511759
1785136082.4511759
1785136082.4511759
1785136082.4511759
1785136082.4511759
1785136082.4511759
1785136082.4511759
1785136082.4511759
1785136082.4511759
1785136082.4511759
1785136082.4511759
1785136082.4511759
1785136082.4511759
1785136082.4511759
1785136082.4511759
1785136082.4511759
1785136082.4511759
1785136082.4511759
1785136082.4511759
1785136082.4511759
1785136082.4513979
1785136082.4513979
1785136082.4513979
1785136082.4513979
1785136082.4513979
1785136082.4513979
1785136082.4513979
1785136082.4513979
1785136082.4513979
1785136082.4513979
1785136082.4513979
1785136082.4513979
1785136082.4513979
1785136082.4513979
1785136082.4513979
1785136082.4513979
1785136082.4513979
1785136082.4513979
1785136082.4513979
1785136082.4513979
1785136082.4513979
1785136082.4513979
1785136082.4513979
1785136082.4513979
1785136082.4513979
1785136082.4513979
1785136082.4513979
1785136082.4513979
1785136082.4513979
1785136082.4513979
1785136082.4513979
1785136082.4513979
1785136082.4513979
1785136082.4513979
1785136082.4513979
1785136082.4513979
1785136082.4513979
1785136082.4513979
1785136082.4513979
1785136082.4513979
1785136082.4513979
1785136082.4513979
1785136082.4513979
1785136082.4513979
1785136082.4513979
1785136082.4513979
1785136082.4513979
1785136082.4513979
1785136082.4513979
1785136082.4513979
1785136082.4513979
1785136082.4513979
1785136082.4513979
1785136082.4513979
1785136082.4513979
1785136082.4513979
1785136082.4513979
1785136082.4513979
1785136082.4513979
1785136082.4513979
1785136082.4513979
1785136082.4513979
1785136082.4516201
1785136082.4516201
1785136082.4516201
1785136082.4516201
1785136082.4516201
1785136082.4516201
1785136082.4516201
1785136082.4516201
1785136082.4516201
1785136082.4516201
1785136082.4516201
1785136082.4516201
1785136082.4516201
1785136082.4516201
1785136082.4516201
1785136082.4516201
1785136082.4516201
1785136082.4516201
1785136082.4516201
1785136082.4516201
1785136082.4516201
1785136082.4516201
1785136082.4516201
1785136082.4516201
1785136082.4516201
1785136082.4516201
1785136082.4516201
1785136082.4516201
1785136082.4516201
1785136082.4516201
1785136082.4516201
1785136082.4516201
1785136082.4516201
1785136082.4516201
1785136082.4516201
1785136082.4516201
1785136082.4516201
1785136082.4516201
1785136082.4516201
1785136082.4516201
1785136082.4516201
1785136082.4516201
1785136082.4516201
1785136082.4516201
1785136082.4516201
1785136082.4516201
1785136082.4516201
1785136082.4516201
1785136082.4516201
1785136082.4516201
1785136082.4516201
1785136082.4516201
1785136082.4516201
1785136082.4516201
1785136082.4516201
1785136082.4516201
1785136082.4516201
1785136082.4516201
1785136082.4516201
1785136082.4516201
1785136082.4516201
1785136082.4516201
1785136082.4516201
1785136082.4516201
1785136082.4518430
1785136082.4518430
1785136082.4518430
1785136082.4518430
1785136082.4518430
1785136082.4518430
1785136082.4518430
1785136082.4518430
1785136082.4518430
1785136082.4518430
1785136082.4518430
1785136082.4518430
1785136082.4518430
1785136082.4518430
1785136082.4518430
1785136082.4518430
1785136082.4518430
1785136082.4518430
1785136082.4518430
1785136082.4518430
1785136082.4518430
1785136082.4518430
1785136082.4518430
1785136082.4518430
1785136082.4518430
1785136082.4518430
1785136082.4518430
1785136082.4518430
1785136082.4518430
1785136082.4518430
1785136082.4518430
1785136082.4518430
1785136082.4518430
1785136082.4518430
1785136082.4518430
1785136082.4518430
1785136082.4518430
1785136082.4518430
1785136082.4518430
1785136082.4518430
1785136082.4518430
1785136082.4518430
1785136082.4518430
1785136082.4518430
1785136082.4518430
1785136082.4518430
1785136082.4518430
1785136082.4518430
1785136082.4518430
1785136082.4518430
1785136082.4518430
1785136082.4518430
1785136082.4518430
1785136082.4518430
1785136082.4518430
1785136082.4518430
1785136082.4518430
1785136082.4518430
1785136082.4518430
1785136082.4518430
1785136082.4520650
1785136082.4520650
1785136082.4520650
1785136082.4520650
1785136082.4520650
1785136082.4520650
1785136082.4520650
1785136082.4520650
1785136082.4520650
1785136082.4520650
1785136082.4520650
1785136082.4520650
1785136082.4520650
1785136082.4520650
1785136082.4520650
1785136082.4520650
1785136082.4520650
1785136082.4520650
1785136082.4520650
1785136082.4520650
1785136082.4520650
1785136082.4520650
1785136082.4520650
1785136082.4520650
1785136082.4520650
1785136082.4520650
1785136082.4520650
1785136082.4520650
1785136082.4520650
1785136082.4520650
1785136082.4520650
1785136082.4520650
1785136082.4520650
1785136082.4520650
1785136082.4520650
1785136082.4520650
1785136082.4520650
1785136082.4520650
1785136082.4520650
1785136082.4520650
1785136082.4520650
1785136082.4520650
1785136082.4520650
1785136082.4520650
1785136082.4520650
1785136082.4520650
1785136082.4520650
1785136082.4520650
1785136082.4520650
1785136082.4520650
1785136082.4520650
1785136082.4520650
1785136082.4520650
1785136082.4520650
1785136082.4520650
1785136082.4520650
1785136082.4520650
1785136082.4520650
1785136082.4520650
1785136082.4520650
1785136082.4520650
1785136082.4520650
1785136082.4522870
1785136082.4522870
1785136082.4522870
1785136082.4522870
1785136082.4522870
1785136082.4522870
1785136082.4522870
1785136082.4522870
1785136082.4522870
1785136082.4522870
1785136082.4522870
1785136082.4522870
1785136082.4522870
1785136082.4522870
1785136082.4522870
1785136082.4522870
1785136082.4522870
1785136082.4522870
1785136082.4522870
1785136082.4522870
1785136082.4522870
1785136082.4522870
1785136082.4522870
1785136082.4522870
1785136082.4522870
1785136082.4522870
1785136082.4522870
1785136082.4522870
1785136082.4522870
1785136082.4522870
1785136082.4522870
1785136082.4522870
1785136082.4522870
1785136082.4522870
1785136082.4522870
1785136082.4522870
1785136082.4522870
1785136082.4522870
1785136082.4522870
1785136082.4522870
1785136082.4522870
1785136082.4522870
1785136082.4522870
1785136082.4522870
1785136082.4522870
1785136082.4522870
1785136082.4522870
1785136082.4522870
1785136082.4522870
1785136082.4522870
1785136082.4522870
1785136082.4522870
1785136082.4522870
1785136082.4522870
1785136082.4522870
1785136082.4522870
1785136082.4522870
1785136082.4522870
1785136082.4522870
1785136082.4522870
1785136082.4522870
1785136082.4522870
1785136082.4522870
1785136082.4522870
1785136082.4522870
1785136082.4522870
1785136082.4522870
1785136082.4522870
1785136082.4522870
1785136082.4522870
1785136082.4522870
1785136082.4522870
1785136082.4522870
1785136082.4522870
1785136082.4522870
1785136082.4522870
1785136082.4522870
1785136082.4522870
1785136082.4522870
1785136082.4525089
1785136082.4525089
1785136082.4525089
1785136082.4525089
1785136082.4525089
1785136082.4525089
1785136082.4525089
1785136082.4525089
1785136082.4525089
1785136082.4525089
1785136082.4525089
1785136082.4525089
1785136082.4525089
1785136082.4525089
1785136082.4525089
1785136082.4525089
1785136082.4525089
1785136082.4525089
1785136082.4525089
1785136082.4525089
1785136082.4525089
1785136082.4525089
1785136082.4525089
1785136082.4525089
1785136082.4525089
1785136082.4525089
1785136082.4525089
1785136082.4525089
1785136082.4525089
1785136082.4525089
1785136082.4525089
1785136082.4525089
1785136082.4525089
1785136082.4525089
1785136082.4525089
1785136082.4525089
1785136082.4525089
1785136082.4525089
1785136082.4525089
1785136082.4525089
1785136082.4525089
1785136082.4525089
1785136082.4525089
1785136082.4525089
1785136082.4525089
1785136082.4525089
1785136082.4525089
1785136082.4525089
1785136082.4525089
1785136082.4525089
1785136082.4525089
1785136082.4525089
1785136082.4525089
1785136082.4525089
1785136082.4525089
1785136082.4525089
1785136082.4525089
1785136082.4525089
1785136082.4525089
1785136082.4525089
1785136082.4525089
1785136082.4525089
1785136082.4525089
1785136082.4525089
1785136082.4525089
1785136082.4525089
1785136082.4525089
1785136082.4525089
1785136082.4525089
1785136082.4525089
1785136082.4525089
1785136082.4525089
1785136082.4525089
1785136082.4525089
1785136082.4525089
1785136082.4525089
1785136082.4525089
1785136082.4525089
1785136082.4525089
1785136082.4525089
1785136082.4527309
1785136082.4527309
1785136082.4527309
1785136082.4527309
1785136082.4527309
1785136082.4527309
1785136082.4527309
1785136082.4527309
1785136082.4527309
1785136082.4527309
1785136082.4527309
1785136082.4527309
1785136082.4527309
1785136082.4527309
1785136082.4527309
1785136082.4527309
1785136082.4527309
1785136082.4527309
1785136082.4527309
1785136082.4527309
1785136082.4527309
1785136082.4527309
1785136082.4527309
1785136082.4527309
1785136082.4527309
1785136082.4527309
1785136082.4527309
1785136082.4527309
1785136082.4527309
1785136082.4527309
1785136082.4527309
1785136082.4527309
1785136082.4527309
1785136082.4527309
1785136082.4527309
1785136082.4527309
1785136082.4527309
1785136082.4527309
1785136082.4527309
1785136082.4527309
1785136082.4527309
1785136082.4527309
1785136082.4527309
1785136082.4527309
1785136082.4527309
1785136082.4527309
1785136082.4527309
1785136082.4527309
1785136082.4527309
1785136082.4527309
1785136082.4527309
1785136082.4527309
1785136082.4527309
1785136082.4527309
1785136082.4527309
1785136082.4527309
1785136082.4527309
1785136082.4527309
1785136082.4527309
1785136082.4527309
1785136082.4527309
1785136082.4527309
1785136082.4527309
1785136082.4527309
1785136082.4527309
1785136082.4527309
1785136082.4527309
1785136082.4527309
1785136082.4527309
1785136082.4527309
1785136082.4529531
1785136082.4529531
1785136082.4529531
1785136082.4529531
1785136082.4529531
1785136082.4529531
1785136082.4529531
1785136082.4529531
1785136082.4529531
1785136082.4529531
1785136082.4529531
1785136082.4529531
1785136082.4529531
1785136082.4529531
1785136082.4529531
1785136082.4529531
1785136082.4529531
1785136082.4529531
1785136082.4529531
1785136082.4529531
1785136082.4529531
1785136082.4529531
1785136082.4529531
1785136082.4529531
1785136082.4529531
1785136082.4529531
1785136082.4529531
1785136082.4529531
1785136082.4529531
1785136082.4529531
1785136082.4529531
1785136082.4529531
1785136082.4529531
1785136082.4529531
1785136082.4529531
1785136082.4529531
1785136082.4529531
1785136082.4529531
1785136082.4529531
1785136082.4529531
1785136082.4529531
1785136082.4529531
1785136082.4529531
1785136082.4529531
1785136082.4529531
1785136082.4529531
1785136082.4529531
1785136082.4529531
1785136082.4529531
1785136082.4529531
1785136082.4529531
1785136082.4529531
1785136082.4529531
1785136082.4529531
1785136082.4529531
1785136082.4529531
1785136082.4529531
1785136082.4529531
1785136082.4529531
1785136082.4529531
1785136082.4529531
1785136082.4529531
1785136082.4529531
1785136082.4529531
1785136082.4529531
1785136082.4529531
1785136082.4529531
1785136082.4529531
1785136082.4529531
1785136082.4529531
1785136082.4531751
1785136082.4531751
1785136082.4531751
1785136082.4531751
1785136082.4531751
1785136082.4531751
1785136082.4531751
1785136082.4531751
1785136082.4531751
1785136082.4531751
1785136082.4531751
1785136082.4531751
1785136082.4531751
1785136082.4531751
1785136082.4531751
1785136082.4531751
1785136082.4531751
1785136082.4531751
1785136082.4531751
1785136082.4531751
1785136082.4531751
1785136082.4531751
1785136082.4531751
1785136082.4531751
1785136082.4531751
1785136082.4531751
1785136082.4531751
1785136082.4531751
1785136082.4531751
1785136082.4531751
1785136082.4531751
1785136082.4531751
1785136082.4531751
1785136082.4531751
1785136082.4531751
1785136082.4531751
1785136082.4531751
1785136082.4531751
1785136082.4531751
1785136082.4531751
1785136082.4531751
1785136082.4531751
1785136082.4531751
1785136082.4531751
1785136082.4531751
1785136082.4531751
1785136082.4531751
1785136082.4531751
1785136082.4531751
1785136082.4531751
1785136082.4531751
1785136082.4531751
1785136082.4531751
1785136082.4531751
1785136082.4531751
1785136082.4531751
1785136082.4531751
1785136082.4531751
1785136082.4531751
1785136082.4531751
1785136082.4531751
1785136082.4531751
1785136082.4531751
1785136082.4531751
1785136082.4531751
1785136082.4531751
1785136082.4531751
1785136082.4531751
1785136082.4533970
1785136082.4533970
1785136082.4533970
1785136082.4533970
1785136082.4533970
1785136082.4533970
1785136082.4533970
1785136082.4533970
1785136082.4533970
1785136082.4533970
1785136082.4533970
1785136082.4533970
1785136082.4533970
1785136082.4533970
1785136082.4533970
1785136082.4533970
1785136082.4533970
1785136082.4533970
1785136082.4533970
1785136082.4533970
1785136082.4533970
1785136082.4533970
1785136082.4533970
1785136082.4533970
1785136082.4533970
1785136082.4533970
1785136082.4533970
1785136082.4533970
1785136082.4533970
1785136082.4533970
1785136082.4533970
1785136082.4533970
1785136082.4533970
1785136082.4533970
1785136082.4533970
1785136082.4533970
1785136082.4533970
1785136082.4533970
1785136082.4533970
1785136082.4533970
1785136082.4533970
1785136082.4533970
1785136082.4533970
1785136082.4533970
1785136082.4533970
1785136082.4533970
1785136082.4533970
1785136082.4533970
1785136082.4533970
1785136082.4533970
1785136082.4533970
1785136082.4533970
1785136082.4533970
1785136082.4533970
1785136082.4533970
1785136082.4533970
1785136082.4533970
1785136082.4533970
1785136082.4533970
1785136082.4533970
1785136082.4533970
1785136082.4533970
1785136082.4533970
1785136082.4533970
1785136082.4533970
1785136082.4533970
1785136082.4533970
1785136082.4533970
1785136082.4533970
1785136082.4533970
1785136082.4536200
1785136082.4536200
1785136082.4536200
1785136082.4536200
1785136082.4536200
1785136082.4536200
1785136082.4536200
1785136082.4536200
1785136082.4536200
1785136082.4536200
1785136082.4536200
1785136082.4536200
1785136082.4536200
1785136082.4536200
1785136082.4536200
1785136082.4536200
1785136082.4536200
1785136082.4536200
1785136082.4536200
1785136082.4536200
1785136082.4536200
1785136082.4536200
1785136082.4536200
1785136082.4536200
1785136082.4536200
1785136082.4536200
1785136082.4536200
1785136082.4536200
1785136082.4536200
1785136082.4536200
1785136082.4536200
1785136082.4536200
1785136082.4536200
1785136082.4536200
1785136082.4536200
1785136082.4536200
1785136082.4536200
1785136082.4536200
1785136082.4536200
1785136082.4536200
1785136082.4536200
1785136082.4536200
1785136082.4536200
1785136082.4536200
1785136082.4536200
1785136082.4536200
1785136082.4536200
1785136082.4536200
1785136082.4536200
1785136082.4536200
1785136082.4536200
1785136082.4536200
1785136082.4536200
1785136082.4536200
1785136082.4536200
1785136082.4536200
1785136082.4536200
1785136082.4536200
1785136082.4536200
1785136082.4536200
1785136082.4536200
1785136082.4536200
1785136082.4536200
1785136082.4536200
1785136082.4536200
1785136082.4536200
1785136082.4536200
1785136082.4536200
1785136082.4536200
1785136082.4536200
1785136082.4536200
1785136082.4536200
1785136082.4536200
1785136082.4536200
1785136082.4536200
1785136082.4536200
1785136082.4536200
1785136082.4538419
1785136082.4538419
1785136082.4538419
1785136082.4538419
1785136082.4538419
1785136082.4538419
1785136082.4538419
1785136082.4538419
1785136082.4538419
1785136082.4538419
1785136082.4538419
1785136082.4538419
1785136082.4538419
1785136082.4538419
1785136082.4538419
1785136082.4538419
1785136082.4538419
1785136082.4538419
1785136082.4538419
1785136082.4538419
1785136082.4538419
1785136082.4538419
1785136082.4538419
1785136082.4538419
1785136082.4538419
1785136082.4538419
1785136082.4538419
1785136082.4538419
1785136082.4538419
1785136082.4538419
1785136082.4538419
1785136082.4538419
1785136082.4538419
1785136082.4538419
1785136082.4538419
1785136082.4538419
1785136082.4538419
1785136082.4538419
1785136082.4538419
1785136082.4538419
1785136082.4538419
1785136082.4538419
1785136082.4538419
1785136082.4538419
1785136082.4538419
1785136082.4538419
1785136082.4538419
1785136082.4538419
1785136082.4538419
1785136082.4538419
1785136082.4538419
1785136082.4538419
1785136082.4538419
1785136082.4538419
1785136082.4538419
1785136082.4538419
1785136082.4538419
1785136082.4538419
1785136082.4538419
1785136082.4538419
1785136082.4538419
1785136082.4538419
1785136082.4538419
1785136082.4538419
1785136082.4538419
1785136082.4538419
1785136082.4538419
1785136082.4538419
1785136082.4538419
1785136082.4538419
1785136082.4540639
1785136082.4540639
1785136082.4540639
1785136082.4540639
1785136082.4540639
1785136082.4540639
1785136082.4540639
1785136082.4540639
1785136082.4540639
1785136082.4540639
1785136082.4540639
1785136082.4540639
1785136082.4540639
1785136082.4540639
1785136082.4540639
1785136082.4540639
1785136082.4540639
1785136082.4540639
1785136082.4540639
1785136082.4540639
1785136082.4540639
1785136082.4540639
1785136082.4540639
1785136082.4540639
1785136082.4540639
1785136082.4540639
1785136082.4540639
1785136082.4540639
1785136082.4540639
1785136082.4540639
1785136082.4540639
1785136082.4540639
1785136082.4540639
1785136082.4540639
1785136082.4540639
1785136082.4540639
1785136082.4540639
1785136082.4540639
1785136082.4540639
1785136082.4540639
1785136082.4540639
1785136082.4540639
1785136082.4540639
1785136082.4540639
1785136082.4540639
1785136082.4540639
1785136082.4540639
1785136082.4540639
1785136082.4540639
1785136082.4540639
1785136082.4540639
1785136082.4540639
1785136082.4540639
1785136082.4540639
1785136082.4540639
1785136082.4540639
1785136082.4540639
1785136082.4540639
1785136082.4540639
1785136082.4540639
1785136082.4540639
1785136082.4540639
1785136082.4540639
1785136082.4540639
1785136082.4540639
1785136082.4540639
1785136082.4540639
1785136082.4540639
1785136082.4540639
1785136082.4540639
1785136082.4540639
1785136082.4540639
1785136082.4540639
1785136082.4542861
1785136082.4542861
1785136082.4542861
1785136082.4542861
1785136082.4542861
1785136082.4542861
1785136082.4542861
1785136082.4542861
1785136082.4542861
1785136082.4542861
1785136082.4542861
1785136082.4542861
1785136082.4542861
1785136082.4542861
1785136082.4542861
1785136082.4542861
1785136082.4542861
1785136082.4542861
1785136082.4542861
1785136082.4542861
1785136082.4542861
1785136082.4542861
1785136082.4542861
1785136082.4542861
1785136082.4542861
1785136082.4542861
1785136082.4542861
1785136082.4542861
1785136082.4542861
1785136082.4542861
1785136082.4542861
1785136082.4542861
1785136082.4542861
1785136082.4542861
1785136082.4542861
1785136082.4542861
1785136082.4542861
1785136082.4542861
1785136082.4542861
1785136082.4542861
1785136082.4542861
1785136082.4542861
1785136082.4542861
1785136082.4542861
1785136082.4542861
1785136082.4542861
1785136082.4542861
1785136082.4542861
1785136082.4542861
1785136082.4542861
1785136082.4542861
1785136082.4542861
1785136082.4542861
1785136082.4542861
1785136082.4542861
1785136082.4542861
1785136082.4542861
1785136082.4542861
1785136082.4542861
1785136082.4542861
1785136082.4542861
1785136082.4542861
1785136082.4542861
1785136082.4542861
1785136082.4542861
1785136082.4542861
1785136082.4542861
1785136082.4542861
1785136082.4542861
1785136082.4542861
1785136082.4542861
1785136082.4542861
1785136082.4542861
1785136082.4542861
1785136082.4542861
1785136082.4542861
1785136082.4545090
1785136082.4545090
1785136082.4545090
1785136082.4545090
1785136082.4545090
1785136082.4545090
1785136082.4545090
1785136082.4545090
1785136082.4545090
1785136082.4545090
1785136082.4545090
1785136082.4545090
1785136082.4545090
1785136082.4545090
1785136082.4545090
1785136082.4545090
1785136082.4545090
1785136082.4545090
1785136082.4545090
1785136082.4545090
1785136082.4545090
1785136082.4545090
1785136082.4545090
1785136082.4545090
1785136082.4545090
1785136082.4545090
1785136082.4545090
1785136082.4545090
1785136082.4545090
1785136082.4545090
1785136082.4545090
1785136082.4545090
1785136082.4545090
1785136082.4545090
1785136082.4545090
1785136082.4545090
1785136082.4545090
1785136082.4545090
1785136082.4545090
1785136082.4545090
1785136082.4545090
1785136082.4545090
1785136082.4545090
1785136082.4545090
1785136082.4545090
1785136082.4545090
1785136082.4545090
1785136082.4545090
1785136082.4545090
1785136082.4545090
1785136082.4545090
1785136082.4545090
1785136082.4545090
1785136082.4545090
1785136082.4545090
1785136082.4545090
1785136082.4545090
1785136082.4545090
1785136082.4545090
1785136082.4545090
1785136082.4545090
1785136082.4545090
1785136082.4545090
1785136082.4545090
1785136082.4545090
1785136082.4545090
1785136082.4545090
1785136082.4545090
1785136082.4545090
1785136082.4545090
1785136082.4545090
1785136082.4545090
1785136082.4545090
1785136082.4545090
1785136082.4545090
1785136082.4545090
1785136082.4545090
1785136082.4545090
1785136082.4545090
1785136082.4545090
1785136082.4545090
1785136082.4545090
1785136082.4545090
1785136082.4545090
1785136082.4545090
1785136082.4545090
1785136082.4545090
1785136082.4545090
1785136082.4545090
1785136082.4545090
1785136082.4545090
1785136082.4545090
1785136082.4545090
1785136082.4545090
1785136082.4545090
1785136082.4545090
1785136082.4545090
1785136082.4547310
1785136082.4547310
1785136082.4547310
1785136082.4547310
1785136082.4547310
1785136082.4547310
1785136082.4547310
1785136082.4547310
1785136082.4547310
1785136082.4547310
1785136082.4547310
1785136082.4547310
1785136082.4547310
1785136082.4547310
1785136082.4547310
1785136082.4547310
1785136082.4547310
1785136082.4547310
1785136082.4547310
1785136082.4547310
1785136082.4547310
1785136082.4547310
1785136082.4547310
1785136082.4547310
1785136082.4547310
1785136082.4547310
1785136082.4547310
1785136082.4547310
1785136082.4547310
1785136082.4547310
1785136082.4547310
1785136082.4547310
1785136082.4547310
1785136082.4547310
1785136082.4547310
1785136082.4547310
1785136082.4547310
1785136082.4547310
1785136082.4547310
1785136082.4547310
1785136082.4547310
1785136082.4547310
1785136082.4547310
1785136082.4547310
1785136082.4547310
1785136082.4547310
1785136082.4547310
1785136082.4547310
1785136082.4547310
1785136082.4547310
1785136082.4547310
1785136082.4547310
1785136082.4547310
1785136082.4547310
1785136082.4547310
1785136082.4547310
1785136082.4547310
1785136082.4547310
1785136082.4547310
1785136082.4547310
1785136082.4547310
1785136082.4547310
1785136082.4547310
1785136082.4547310
1785136082.4547310
1785136082.4547310
1785136082.4547310
1785136082.4547310
1785136082.4547310
1785136082.4547310
1785136082.4547310
1785136082.4547310
1785136082.4547310
1785136082.4547310
1785136082.4547310
1785136082.4547310
1785136082.4547310
1785136082.4547310
1785136082.4547310
1785136082.4547310
1785136082.4547310
1785136082.4547310
1785136082.4547310
1785136082.4547310
1785136082.4549530
1785136082.4549530
1785136082.4549530
1785136082.4549530
1785136082.4549530
1785136082.4549530
1785136082.4549530
1785136082.4549530
1785136082.4549530
1785136082.4549530
1785136082.4549530
1785136082.4549530
1785136082.4549530
1785136082.4549530
1785136082.4549530
1785136082.4549530
1785136082.4549530
1785136082.4549530
1785136082.4549530
1785136082.4549530
1785136082.4549530
1785136082.4549530
1785136082.4549530
1785136082.4549530
1785136082.4549530
1785136082.4549530
1785136082.4549530
1785136082.4549530
1785136082.4549530
1785136082.4549530
1785136082.4549530
1785136082.4549530
1785136082.4549530
1785136082.4549530
1785136082.4549530
1785136082.4549530
1785136082.4549530
1785136082.4549530
1785136082.4549530
1785136082.4549530
1785136082.4549530
1785136082.4549530
1785136082.4549530
1785136082.4549530
1785136082.4549530
1785136082.4549530
1785136082.4549530
1785136082.4549530
1785136082.4549530
1785136082.4549530
1785136082.4549530
1785136082.4549530
1785136082.4549530
1785136082.4549530
1785136082.4549530
1785136082.4549530
1785136082.4549530
1785136082.4549530
1785136082.4549530
1785136082.4549530
1785136082.4549530
1785136082.4549530
1785136082.4549530
1785136082.4549530
1785136082.4549530
1785136082.4549530
1785136082.4549530
1785136082.4549530
1785136082.4549530
1785136082.4549530
1785136082.4549530
1785136082.4549530
1785136082.4549530
1785136082.4549530
1785136082.4549530
1785136082.4549530
1785136082.4549530
1785136082.4549530
1785136082.4549530
1785136082.4549530
1785136082.4549530
1785136082.4549530
1785136082.4551749
1785136082.4551749
1785136082.4551749
1785136082.4551749
1785136082.4551749
1785136082.4551749
1785136082.4551749
1785136082.4551749
1785136082.4551749
1785136082.4551749
1785136082.4551749
1785136082.4551749
1785136082.4551749
1785136082.4551749
1785136082.4551749
1785136082.4551749
1785136082.4551749
1785136082.4551749
1785136082.4551749
1785136082.4551749
1785136082.4551749
1785136082.4551749
1785136082.4551749
1785136082.4551749
1785136082.4551749
1785136082.4551749
1785136082.4551749
1785136082.4551749
1785136082.4551749
1785136082.4551749
1785136082.4551749
1785136082.4551749
1785136082.4551749
1785136082.4551749
1785136082.4551749
1785136082.4551749
1785136082.4551749
1785136082.4551749
1785136082.4551749
1785136082.4551749
1785136082.4551749
1785136082.4551749
1785136082.4551749
1785136082.4551749
1785136082.4551749
1785136082.4551749
1785136082.4551749
1785136082.4551749
1785136082.4551749
1785136082.4551749
1785136082.4551749
1785136082.4551749
1785136082.4551749
1785136082.4551749
1785136082.4551749
1785136082.4551749
1785136082.4551749
1785136082.4551749
1785136082.4551749
1785136082.4551749
1785136082.4551749
1785136082.4551749
1785136082.4551749
1785136082.4551749
1785136082.4551749
1785136082.4551749
1785136082.4551749
1785136082.4551749
1785136082.4551749
1785136082.4551749
1785136082.4551749
1785136082.4551749
1785136082.4551749
1785136082.4551749
1785136082.4551749
1785136082.4551749
1785136082.4551749
1785136082.4551749
1785136082.4551749
1785136082.4551749
1785136082.4551749
1785136082.4551749
1785136082.4551749
1785136082.4553969
1785136082.4553969
1785136082.4553969
1785136082.4553969
1785136082.4553969
1785136082.4553969
1785136082.4553969
1785136082.4553969
1785136082.4553969
1785136082.4553969
1785136082.4553969
1785136082.4553969
1785136082.4553969
1785136082.4553969
1785136082.4553969
1785136082.4553969
1785136082.4553969
1785136082.4553969
1785136082.4553969
1785136082.4553969
1785136082.4553969
1785136082.4553969
1785136082.4553969
1785136082.4553969
1785136082.4553969
1785136082.4553969
1785136082.4553969
1785136082.4553969
1785136082.4553969
1785136082.4553969
1785136082.4553969
1785136082.4553969
1785136082.4553969
1785136082.4553969
1785136082.4553969
1785136082.4553969
1785136082.4553969
1785136082.4553969
1785136082.4553969
1785136082.4553969
1785136082.4553969
1785136082.4553969
1785136082.4553969
1785136082.4553969
1785136082.4553969
1785136082.4553969
1785136082.4553969
1785136082.4553969
1785136082.4553969
1785136082.4553969
1785136082.4553969
1785136082.4553969
1785136082.4553969
1785136082.4553969
1785136082.4553969
1785136082.4553969
1785136082.4553969
1785136082.4553969
1785136082.4553969
1785136082.4553969
1785136082.4553969
1785136082.4553969
1785136082.4553969
1785136082.4553969
1785136082.4553969
1785136082.4553969
1785136082.4553969
1785136082.4553969
1785136082.4553969
1785136082.4553969
1785136082.4553969
1785136082.4553969
1785136082.4553969
1785136082.4553969
1785136082.4553969
1785136082.4553969
1785136082.4553969
1785136082.4553969
1785136082.4553969
1785136082.4553969
1785136082.4553969
1785136082.4553969
1785136082.4553969
1785136082.4553969
1785136082.4553969
1785136082.4553969
1785136082.4553969
1785136082.4553969
1785136082.4553969
1785136082.4553969
1785136082.4553969
1785136082.4553969
1785136082.4553969
1785136082.4553969
1785136082.4553969
1785136082.4553969
1785136082.4553969
1785136082.4553969
1785136082.4553969
1785136082.4553969
1785136082.4553969
1785136082.4553969
1785136082.4556191
1785136082.4556191
1785136082.4556191
1785136082.4556191
1785136082.4556191
1785136082.4556191
1785136082.4556191
1785136082.4556191
1785136082.4556191
1785136082.4556191
1785136082.4556191
1785136082.4556191
1785136082.4556191
1785136082.4556191
1785136082.4556191
1785136082.4556191
1785136082.4556191
1785136082.4556191
1785136082.4556191
1785136082.4556191
1785136082.4556191
1785136082.4556191
1785136082.4556191
1785136082.4556191
1785136082.4556191
1785136082.4556191
1785136082.4556191
1785136082.4556191
1785136082.4556191
1785136082.4556191
1785136082.4556191
1785136082.4556191
1785136082.4556191
1785136082.4556191
1785136082.4556191
1785136082.4556191
1785136082.4556191
1785136082.4556191
1785136082.4556191
1785136082.4556191
1785136082.4556191
1785136082.4556191
1785136082.4556191
1785136082.4556191
1785136082.4556191
1785136082.4556191
1785136082.4556191
1785136082.4556191
1785136082.4556191
1785136082.4556191
1785136082.4556191
1785136082.4556191
1785136082.4556191
1785136082.4556191
1785136082.4556191
1785136082.4556191
1785136082.4556191
1785136082.4556191
1785136082.4556191
1785136082.4556191
1785136082.4556191
1785136082.4556191
1785136082.4556191
1785136082.4556191
1785136082.4556191
1785136082.4556191
1785136082.4556191
1785136082.4556191
1785136082.4556191
1785136082.4556191
1785136082.4556191
1785136082.4556191
1785136082.4556191
1785136082.4556191
1785136082.4556191
1785136082.4556191
1785136082.4556191
1785136082.4558411
1785136082.4558411
1785136082.4558411
1785136082.4558411
1785136082.4558411
1785136082.4558411
1785136082.4558411
1785136082.4558411
1785136082.4558411
1785136082.4558411
1785136082.4558411
1785136082.4558411
1785136082.4558411
1785136082.4558411
1785136082.4558411
1785136082.4558411
1785136082.4558411
1785136082.4558411
1785136082.4558411
1785136082.4558411
1785136082.4558411
1785136082.4558411
1785136082.4558411
1785136082.4558411
1785136082.4558411
1785136082.4558411
1785136082.4558411
1785136082.4558411
1785136082.4558411
1785136082.4558411
1785136082.4558411
1785136082.4558411
1785136082.4558411
1785136082.4558411
1785136082.4558411
1785136082.4558411
1785136082.4558411
1785136082.4558411
1785136082.4558411
1785136082.4558411
1785136082.4558411
1785136082.4558411
1785136082.4558411
1785136082.4558411
1785136082.4558411
1785136082.4558411
1785136082.4558411
1785136082.4558411
1785136082.4558411
1785136082.4558411
1785136082.4558411
1785136082.4558411
1785136082.4558411
1785136082.4558411
1785136082.4558411
1785136082.4558411
1785136082.4558411
1785136082.4558411
1785136082.4558411
1785136082.4558411
1785136082.4558411
1785136082.4558411
1785136082.4558411
1785136082.4558411
1785136082.4558411
1785136082.4558411
1785136082.4558411
1785136082.4558411
1785136082.4558411
1785136082.4558411
1785136082.4558411
1785136082.4558411
1785136082.4558411
1785136082.4558411
1785136082.4560640
1785136082.4560640
1785136082.4560640
1785136082.4560640
1785136082.4560640
1785136082.4560640
1785136082.4560640
1785136082.4560640
1785136082.4560640
1785136082.4560640
1785136082.4560640
1785136082.4560640
1785136082.4560640
1785136082.4560640
1785136082.4560640
1785136082.4560640
1785136082.4560640
1785136082.4560640
1785136082.4560640
1785136082.4560640
1785136082.4560640
1785136082.4560640
1785136082.4560640
1785136082.4560640
1785136082.4560640
1785136082.4560640
1785136082.4560640
1785136082.4560640
1785136082.4560640
1785136082.4560640
1785136082.4560640
1785136082.4560640
1785136082.4560640
1785136082.4560640
1785136082.4560640
1785136082.4560640
1785136082.4560640
1785136082.4560640
1785136082.4560640
1785136082.4560640
1785136082.4560640
1785136082.4560640
1785136082.4560640
1785136082.4560640
1785136082.4560640
1785136082.4560640
1785136082.4560640
1785136082.4560640
1785136082.4560640
1785136082.4560640
1785136082.4560640
1785136082.4560640
1785136082.4560640
1785136082.4560640
1785136082.4560640
1785136082.4560640
1785136082.4560640
1785136082.4560640
1785136082.4560640
1785136082.4560640
1785136082.4560640
1785136082.4560640
1785136082.4560640
1785136082.4560640
1785136082.4560640
1785136082.4560640
1785136082.4560640
1785136082.4560640
1785136082.4560640
1785136082.4560640
1785136082.4560640
1785136082.4560640
1785136082.4560640
1785136082.4560640
1785136082.4562860
1785136082.4562860
1785136082.4562860
1785136082.4562860
1785136082.4562860
1785136082.4562860
1785136082.4562860
1785136082.4562860
1785136082.4562860
1785136082.4562860
1785136082.4562860
1785136082.4562860
1785136082.4562860
1785136082.4562860
1785136082.4562860
1785136082.4562860
1785136082.4562860
1785136082.4562860
1785136082.4562860
1785136082.4562860
1785136082.4562860
1785136082.4562860
1785136082.4562860
1785136082.4562860
1785136082.4562860
1785136082.4562860
1785136082.4562860
1785136082.4562860
1785136082.4562860
1785136082.4562860
1785136082.4562860
1785136082.4562860
1785136082.4562860
1785136082.4562860
1785136082.4562860
1785136082.4562860
1785136082.4562860
1785136082.4562860
1785136082.4562860
1785136082.4562860
1785136082.4562860
1785136082.4562860
1785136082.4562860
1785136082.4562860
1785136082.4562860
1785136082.4562860
1785136082.4562860
1785136082.4562860
1785136082.4562860
1785136082.4562860
1785136082.4562860
1785136082.4562860
1785136082.4562860
1785136082.4562860
1785136082.4562860
1785136082.4562860
1785136082.4562860
1785136082.4562860
1785136082.4562860
1785136082.4562860
1785136082.4562860
1785136082.4562860
1785136082.4562860
1785136082.4562860
1785136082.4562860
1785136082.4562860
1785136082.4562860
1785136082.4562860
1785136082.4562860
1785136082.4562860
1785136082.4562860
1785136082.4562860
1785136082.4562860
1785136082.4562860
1785136082.4562860
1785136082.4562860
1785136082.4562860
1785136082.4562860
1785136082.4562860
1785136082.4562860
1785136082.4562860
1785136082.4565079
1785136082.4565079
1785136082.4565079
1785136082.4565079
1785136082.4565079
1785136082.4565079
1785136082.4565079
1785136082.4565079
1785136082.4565079
1785136082.4565079
1785136082.4565079
1785136082.4565079
1785136082.4565079
1785136082.4565079
1785136082.4565079
1785136082.4565079
1785136082.4565079
1785136082.4565079
1785136082.4565079
1785136082.4565079
1785136082.4565079
1785136082.4565079
1785136082.4565079
1785136082.4565079
1785136082.4565079
1785136082.4565079
1785136082.4565079
1785136082.4565079
1785136082.4565079
1785136082.4565079
1785136082.4565079
1785136082.4565079
1785136082.4565079
1785136082.4565079
1785136082.4565079
1785136082.4565079
1785136082.4565079
1785136082.4565079
1785136082.4565079
1785136082.4565079
1785136082.4565079
1785136082.4565079
1785136082.4565079
1785136082.4565079
1785136082.4565079
1785136082.4565079
1785136082.4565079
1785136082.4565079
1785136082.4565079
1785136082.4565079
1785136082.4565079
1785136082.4565079
1785136082.4565079
1785136082.4565079
1785136082.4565079
1785136082.4565079
1785136082.4565079
1785136082.4565079
1785136082.4565079
1785136082.4565079
1785136082.4565079
1785136082.4565079
1785136082.4565079
1785136082.4567299
1785136082.4567299
1785136082.4567299
1785136082.4567299
1785136082.4567299
1785136082.4567299
1785136082.4567299
1785136082.4567299
1785136082.4567299
1785136082.4567299
1785136082.4567299
1785136082.4567299
1785136082.4567299
1785136082.4567299
1785136082.4567299
1785136082.4567299
1785136082.4567299
1785136082.4567299
1785136082.4567299
1785136082.4567299
1785136082.4567299
1785136082.4567299
1785136082.4567299
1785136082.4567299
1785136082.4567299
1785136082.4567299
1785136082.4567299
1785136082.4567299
1785136082.4567299
1785136082.4567299
1785136082.4567299
1785136082.4567299
1785136082.4567299
1785136082.4567299
1785136082.4567299
1785136082.4567299
1785136082.4567299
1785136082.4567299
1785136082.4567299
1785136082.4567299
1785136082.4567299
1785136082.4567299
1785136082.4567299
1785136082.4567299
1785136082.4567299
1785136082.4567299
1785136082.4567299
1785136082.4567299
1785136082.4567299
1785136082.4567299
1785136082.4567299
1785136082.4567299
1785136082.4567299
1785136082.4567299
1785136082.4567299
1785136082.4567299
1785136082.4567299
1785136082.4567299
1785136082.4567299
1785136082.4567299
1785136082.4567299
1785136082.4567299
1785136082.4567299
1785136082.4567299
1785136082.4569521
1785136082.4569521
1785136082.4569521
1785136082.4569521
1785136082.4569521
1785136082.4569521
1785136082.4569521
1785136082.4569521
1785136082.4569521
1785136082.4569521
1785136082.4569521
1785136082.4569521
1785136082.4569521
1785136082.4569521
1785136082.4569521
1785136082.4569521
1785136082.4569521
1785136082.4569521
1785136082.4569521
1785136082.4569521
1785136082.4569521
1785136082.4569521
1785136082.4569521
1785136082.4569521
1785136082.4569521
1785136082.4569521
1785136082.4569521
1785136082.4569521
1785136082.4569521
1785136082.4569521
1785136082.4569521
1785136082.4569521
1785136082.4569521
1785136082.4569521
1785136082.4569521
1785136082.4569521
1785136082.4569521
1785136082.4569521
1785136082.4569521
1785136082.4569521
1785136082.4569521
1785136082.4569521
1785136082.4569521
1785136082.4569521
1785136082.4569521
1785136082.4569521
1785136082.4569521
1785136082.4569521
1785136082.4569521
1785136082.4569521
1785136082.4569521
1785136082.4569521
1785136082.4569521
1785136082.4569521
1785136082.4569521
1785136082.4569521
1785136082.4569521
1785136082.4569521
1785136082.4569521
1785136082.4569521
1785136082.4569521
1785136082.4571741
1785136082.4571741
1785136082.4571741
1785136082.4571741
1785136082.4571741
1785136082.4571741
1785136082.4571741
1785136082.4571741
1785136082.4571741
1785136082.4571741
1785136082.4571741
1785136082.4571741
1785136082.4571741
1785136082.4571741
1785136082.4571741
1785136082.4571741
1785136082.4571741
1785136082.4571741
1785136082.4571741
1785136082.4571741
1785136082.4571741
1785136082.4571741
1785136082.4571741
1785136082.4571741
1785136082.4571741
1785136082.4571741
1785136082.4571741
1785136082.4571741
1785136082.4571741
1785136082.4571741
1785136082.4571741
1785136082.4571741
1785136082.4571741
1785136082.4571741
1785136082.4571741
1785136082.4571741
1785136082.4571741
1785136082.4571741
1785136082.4571741
1785136082.4571741
1785136082.4571741
1785136082.4571741
1785136082.4571741
1785136082.4571741
1785136082.4571741
1785136082.4571741
1785136082.4571741
1785136082.4571741
1785136082.4571741
1785136082.4571741
1785136082.4571741
1785136082.4571741
1785136082.4571741
1785136082.4571741
1785136082.4571741
1785136082.4571741
1785136082.4571741
1785136082.4571741
1785136082.4571741
1785136082.4573960
1785136082.4573960
1785136082.4573960
1785136082.4573960
1785136082.4573960
1785136082.4573960
1785136082.4573960
1785136082.4573960
1785136082.4573960
1785136082.4573960
1785136082.4573960
1785136082.4573960
1785136082.4573960
1785136082.4573960
1785136082.4573960
1785136082.4573960
1785136082.4573960
1785136082.4573960
1785136082.4573960
1785136082.4573960
1785136082.4573960
1785136082.4573960
1785136082.4573960
1785136082.4573960
1785136082.4573960
1785136082.4573960
1785136082.4573960
1785136082.4573960
1785136082.4573960
1785136082.4573960
1785136082.4573960
1785136082.4573960
1785136082.4573960
1785136082.4573960
1785136082.4573960
1785136082.4573960
1785136082.4573960
1785136082.4573960
1785136082.4573960
1785136082.4573960
1785136082.4573960
1785136082.4573960
1785136082.4573960
1785136082.4573960
1785136082.4573960
1785136082.4573960
1785136082.4573960
1785136082.4573960
1785136082.4573960
1785136082.4573960
1785136082.4573960
1785136082.4573960
1785136082.4573960
1785136082.4573960
1785136082.4576190
1785136082.4576190
1785136082.4576190
1785136082.4576190
1785136082.4576190
1785136082.4576190
1785136082.4576190
1785136082.4576190
1785136082.4576190
1785136082.4576190
1785136082.4576190
1785136082.4576190
1785136082.4576190
1785136082.4576190
1785136082.4576190
1785136082.4576190
1785136082.4576190
1785136082.4576190
1785136082.4576190
1785136082.4576190
1785136082.4576190
1785136082.4576190
1785136082.4576190
1785136082.4576190
1785136082.4576190
1785136082.4576190
1785136082.4576190
1785136082.4576190
1785136082.4576190
1785136082.4576190
1785136082.4576190
1785136082.4576190
1785136082.4576190
1785136082.4576190
1785136082.4576190
1785136082.4576190
1785136082.4576190
1785136082.4576190
1785136082.4576190
1785136082.4576190
1785136082.4576190
1785136082.4576190
1785136082.4576190
1785136082.4576190
1785136082.4576190
1785136082.4576190
1785136082.4576190
1785136082.4576190
1785136082.4576190
1785136082.4576190
1785136082.4576190
1785136082.4576190
1785136082.4576190
1785136082.4576190
1785136082.4578409
1785136082.4578409
1785136082.4578409
1785136082.4578409
1785136082.4578409
1785136082.4578409
1785136082.4578409
1785136082.4578409
1785136082.4578409
1785136082.4578409
1785136082.4578409
1785136082.4578409
1785136082.4578409
1785136082.4578409
1785136082.4578409
1785136082.4578409
1785136082.4578409
1785136082.4578409
1785136082.4578409
1785136082.4578409
1785136082.4578409
1785136082.4578409
1785136082.4578409
1785136082.4578409
1785136082.4578409
1785136082.4578409
1785136082.4578409
1785136082.4578409
1785136082.4578409
1785136082.4578409
1785136082.4578409
1785136082.4578409
1785136082.4578409
1785136082.4578409
1785136082.4578409
1785136082.4578409
1785136082.4578409
1785136082.4578409
1785136082.4578409
1785136082.4578409
1785136082.4578409
1785136082.4578409
1785136082.4578409
1785136082.4578409
1785136082.4578409
1785136082.4578409
1785136082.4578409
1785136082.4578409
1785136082.4578409
1785136082.4578409
1785136082.4578409
1785136082.4578409
1785136082.4578409
1785136082.4578409
1785136082.4578409
1785136082.4580629
1785136082.4580629
1785136082.4580629
1785136082.4580629
1785136082.4580629
1785136082.4580629
1785136082.4580629
1785136082.4580629
1785136082.4580629
1785136082.4580629
1785136082.4580629
1785136082.4580629
1785136082.4580629
1785136082.4580629
1785136082.4580629
1785136082.4580629
1785136082.4580629
1785136082.4580629
1785136082.4580629
1785136082.4580629
1785136082.4580629
1785136082.4580629
1785136082.4580629
1785136082.4580629
1785136082.4580629
1785136082.4580629
1785136082.4580629
1785136082.4580629
1785136082.4580629
1785136082.4580629
1785136082.4580629
1785136082.4580629
1785136082.4580629
1785136082.4580629
1785136082.4580629
1785136082.4580629
1785136082.4580629
1785136082.4580629
1785136082.4580629
1785136082.4580629
1785136082.4580629
1785136082.4580629
1785136082.4580629
1785136082.4580629
1785136082.4580629
1785136082.4580629
1785136082.4580629
1785136082.4580629
1785136082.4580629
1785136082.4580629
1785136082.4580629
1785136082.4580629
1785136082.4580629
1785136082.4580629
1785136082.4580629
1785136082.4580629
1785136082.4582851
1785136082.4582851
1785136082.4582851
1785136082.4582851
1785136082.4582851
1785136082.4582851
1785136082.4582851
1785136082.4582851
1785136082.4582851
1785136082.4582851
1785136082.4582851
1785136082.4582851
1785136082.4582851
1785136082.4582851
1785136082.4582851
1785136082.4582851
1785136082.4582851
1785136082.4582851
1785136082.4582851
1785136082.4582851
1785136082.4582851
1785136082.4582851
1785136082.4582851
1785136082.4582851
1785136082.4582851
1785136082.4582851
1785136082.4582851
1785136082.4582851
1785136082.4582851
1785136082.4582851
1785136082.4582851
1785136082.4582851
1785136082.4582851
1785136082.4582851
1785136082.4582851
1785136082.4582851
1785136082.4582851
1785136082.4582851
1785136082.4582851
1785136082.4582851
1785136082.4582851
1785136082.4582851
1785136082.4582851
1785136082.4582851
1785136082.4582851
1785136082.4582851
1785136082.4582851
1785136082.4582851
1785136082.4582851
1785136082.4582851
1785136082.4582851
1785136082.4582851
1785136082.4585080
1785136082.4585080
1785136082.4585080
1785136082.4585080
1785136082.4585080
1785136082.4585080
1785136082.4585080
1785136082.4585080
1785136082.4585080
1785136082.4585080
1785136082.4585080
1785136082.4585080
1785136082.4585080
1785136082.4585080
1785136082.4585080
1785136082.4585080
1785136082.4585080
1785136082.4585080
1785136082.4585080
1785136082.4585080
1785136082.4585080
1785136082.4585080
1785136082.4585080
1785136082.4585080
1785136082.4585080
1785136082.4585080
1785136082.4585080
1785136082.4585080
1785136082.4585080
1785136082.4585080
1785136082.4585080
1785136082.4585080
1785136082.4585080
1785136082.4585080
1785136082.4585080
1785136082.4585080
1785136082.4585080
1785136082.4585080
1785136082.4585080
1785136082.4585080
1785136082.4585080
1785136082.4585080
1785136082.4585080
1785136082.4585080
1785136082.4585080
1785136082.4585080
1785136082.4585080
1785136082.4585080
1785136082.4585080
1785136082.4585080
1785136082.4585080
1785136082.4585080
1785136082.4587300
1785136082.4587300
1785136082.4587300
1785136082.4587300
1785136082.4587300
1785136082.4587300
1785136082.4587300
1785136082.4587300
1785136082.4587300
1785136082.4587300
1785136082.4587300
1785136082.4587300
1785136082.4587300
1785136082.4587300
1785136082.4587300
1785136082.4587300
1785136082.4587300
1785136082.4587300
1785136082.4587300
1785136082.4587300
1785136082.4587300
1785136082.4587300
1785136082.4587300
1785136082.4587300
1785136082.4587300
1785136082.4587300
1785136082.4587300
1785136082.4587300
1785136082.4587300
1785136082.4587300
1785136082.4587300
1785136082.4587300
1785136082.4587300
1785136082.4587300
1785136082.4587300
1785136082.4587300
1785136082.4587300
1785136082.4587300
1785136082.4587300
1785136082.4587300
1785136082.4587300
1785136082.4587300
1785136082.4587300
1785136082.4587300
1785136082.4587300
1785136082.4587300
1785136082.4587300
1785136082.4587300
1785136082.4587300
1785136082.4587300
1785136082.4589520
1785136082.4589520
1785136082.4589520
1785136082.4589520
1785136082.4589520
1785136082.4589520
1785136082.4589520
1785136082.4589520
1785136082.4589520
1785136082.4589520
1785136082.4589520
1785136082.4589520
1785136082.4589520
1785136082.4589520
1785136082.4589520
1785136082.4589520
1785136082.4589520
1785136082.4589520
1785136082.4589520
1785136082.4589520
1785136082.4589520
1785136082.4589520
1785136082.4589520
1785136082.4589520
1785136082.4589520
1785136082.4589520
1785136082.4589520
1785136082.4589520
1785136082.4589520
1785136082.4589520
1785136082.4589520
1785136082.4589520
1785136082.4589520
1785136082.4589520
1785136082.4589520
1785136082.4589520
1785136082.4589520
1785136082.4589520
1785136082.4589520
1785136082.4589520
1785136082.4589520
1785136082.4589520
1785136082.4589520
1785136082.4589520
1785136082.4589520
1785136082.4589520
1785136082.4589520
1785136082.4589520
1785136082.4591739
1785136082.4591739
1785136082.4591739
1785136082.4591739
1785136082.4591739
1785136082.4591739
1785136082.4591739
1785136082.4591739
1785136082.4591739
1785136082.4591739
1785136082.4591739
1785136082.4591739
1785136082.4591739
1785136082.4591739
1785136082.4591739
1785136082.4591739
1785136082.4591739
1785136082.4591739
1785136082.4591739
1785136082.4591739
1785136082.4591739
1785136082.4591739
1785136082.4591739
1785136082.4591739
1785136082.4591739
1785136082.4591739
1785136082.4591739
1785136082.4591739
1785136082.4591739
1785136082.4591739
1785136082.4591739
1785136082.4591739
1785136082.4591739
1785136082.4591739
1785136082.4591739
1785136082.4591739
1785136082.4591739
1785136082.4591739
1785136082.4591739
1785136082.4591739
1785136082.4591739
1785136082.4591739
1785136082.4591739
1785136082.4591739
1785136082.4593971
1785136082.4593971
1785136082.4593971
1785136082.4593971
1785136082.4593971
1785136082.4593971
1785136082.4593971
1785136082.4593971
1785136082.4593971
1785136082.4593971
1785136082.4593971
1785136082.4593971
1785136082.4593971
1785136082.4593971
1785136082.4593971
1785136082.4593971
1785136082.4593971
1785136082.4593971
1785136082.4593971
1785136082.4593971
1785136082.4593971
1785136082.4593971
1785136082.4593971
1785136082.4593971
1785136082.4593971
1785136082.4593971
1785136082.4593971
1785136082.4593971
1785136082.4593971
1785136082.4593971
1785136082.4593971
1785136082.4593971
1785136082.4593971
1785136082.4593971
1785136082.4593971
1785136082.4593971
1785136082.4593971
1785136082.4593971
1785136082.4593971
1785136082.4593971
1785136082.4593971
1785136082.4593971
1785136082.4593971
1785136082.4596190
1785136082.4596190
1785136082.4596190
1785136082.4596190
1785136082.4596190
1785136082.4596190
1785136082.4596190
1785136082.4596190
1785136082.4596190
1785136082.4596190
1785136082.4596190
1785136082.4596190
1785136082.4596190
1785136082.4596190
1785136082.4596190
1785136082.4596190
1785136082.4596190
1785136082.4596190
1785136082.4596190
1785136082.4596190
1785136082.4596190
1785136082.4596190
1785136082.4596190
1785136082.4596190
1785136082.4596190
1785136082.4596190
1785136082.4596190
1785136082.4596190
1785136082.4596190
1785136082.4596190
1785136082.4596190
1785136082.4596190
1785136082.4596190
1785136082.4596190
1785136082.4596190
1785136082.4596190
1785136082.4596190
1785136082.4596190
1785136082.4596190
1785136082.4596190
1785136082.4596190
1785136082.4596190
1785136082.4596190
1785136082.4598401
1785136082.4598401
1785136082.4598401
1785136082.4598401
1785136082.4598401
1785136082.4598401
1785136082.4598401
1785136082.4598401
1785136082.4598401
1785136082.4598401
1785136082.4598401
1785136082.4598401
1785136082.4598401
1785136082.4598401
1785136082.4598401
1785136082.4598401
1785136082.4598401
1785136082.4598401
1785136082.4598401
1785136082.4598401
1785136082.4598401
1785136082.4598401
1785136082.4598401
1785136082.4598401
1785136082.4598401
1785136082.4598401
1785136082.4598401
1785136082.4598401
1785136082.4598401
1785136082.4598401
1785136082.4598401
1785136082.4598401
1785136082.4598401
1785136082.4598401
1785136082.4598401
1785136082.4598401
1785136082.4598401
1785136082.4598401
1785136082.4598401
1785136082.4598401
1785136082.4598401
1785136082.4598401
1785136082.4598401
1785136082.4600620
1785136082.4600620
1785136082.4600620
1785136082.4600620
1785136082.4600620
1785136082.4600620
1785136082.4600620
1785136082.4600620
1785136082.4600620
1785136082.4600620
1785136082.4600620
1785136082.4600620
1785136082.4600620
1785136082.4600620
1785136082.4600620
1785136082.4600620
1785136082.4600620
1785136082.4600620
1785136082.4600620
1785136082.4600620
1785136082.4600620
1785136082.4600620
1785136082.4600620
1785136082.4600620
1785136082.4600620
1785136082.4600620
1785136082.4600620
1785136082.4600620
1785136082.4600620
1785136082.4600620
1785136082.4600620
1785136082.4600620
1785136082.4600620
1785136082.4600620
1785136082.4600620
1785136082.4600620
1785136082.4600620
1785136082.4600620
1785136082.4600620
1785136082.4600620
1785136082.4600620
1785136082.4600620
1785136082.4600620
1785136082.4602849
1785136082.4602849
1785136082.4602849
1785136082.4602849
1785136082.4602849
1785136082.4602849
1785136082.4602849
1785136082.4602849
1785136082.4602849
1785136082.4602849
1785136082.4602849
1785136082.4602849
1785136082.4602849
1785136082.4602849
1785136082.4602849
1785136082.4602849
1785136082.4602849
1785136082.4602849
1785136082.4602849
1785136082.4602849
1785136082.4602849
1785136082.4602849
1785136082.4602849
1785136082.4602849
1785136082.4602849
1785136082.4602849
1785136082.4602849
1785136082.4602849
1785136082.4602849
1785136082.4602849
1785136082.4602849
1785136082.4602849
1785136082.4602849
1785136082.4602849
1785136082.4602849
1785136082.4602849
1785136082.4602849
1785136082.4602849
1785136082.4602849
1785136082.4602849
1785136082.4602849
1785136082.4602849
1785136082.4602849
1785136082.4605069
1785136082.4605069
1785136082.4605069
1785136082.4605069
1785136082.4605069
1785136082.4605069
1785136082.4605069
1785136082.4605069
1785136082.4605069
1785136082.4605069
1785136082.4605069
1785136082.4605069
1785136082.4605069
1785136082.4605069
1785136082.4605069
1785136082.4605069
1785136082.4605069
1785136082.4605069
1785136082.4605069
1785136082.4605069
1785136082.4605069
1785136082.4605069
1785136082.4605069
1785136082.4605069
1785136082.4605069
1785136082.4605069
1785136082.4605069
1785136082.4605069
1785136082.4605069
1785136082.4605069
1785136082.4605069
1785136082.4605069
1785136082.4605069
1785136082.4605069
1785136082.4605069
1785136082.4605069
1785136082.4605069
1785136082.4605069
1785136082.4605069
1785136082.4605069
1785136082.4605069
1785136082.4605069
1785136082.4605069
1785136082.4607289
1785136082.4607289
1785136082.4607289
1785136082.4607289
1785136082.4607289
1785136082.4607289
1785136082.4607289
1785136082.4607289
1785136082.4607289
1785136082.4607289
1785136082.4607289
1785136082.4607289
1785136082.4607289
1785136082.4607289
1785136082.4607289
1785136082.4607289
1785136082.4607289
1785136082.4607289
1785136082.4607289
1785136082.4607289
1785136082.4607289
1785136082.4607289
1785136082.4607289
1785136082.4607289
1785136082.4607289
1785136082.4607289
1785136082.4607289
1785136082.4607289
1785136082.4607289
1785136082.4607289
1785136082.4607289
1785136082.4607289
1785136082.4607289
1785136082.4607289
1785136082.4607289
1785136082.4607289
1785136082.4607289
1785136082.4607289
1785136082.4607289
1785136082.4607289
1785136082.4607289
1785136082.4607289
1785136082.4607289
1785136082.4609511
1785136082.4609511
1785136082.4609511
1785136082.4609511
1785136082.4609511
1785136082.4609511
1785136082.4609511
1785136082.4609511
1785136082.4609511
1785136082.4609511
1785136082.4609511
1785136082.4609511
1785136082.4609511
1785136082.4609511
1785136082.4609511
1785136082.4609511
1785136082.4609511
1785136082.4609511
1785136082.4609511
1785136082.4609511
1785136082.4609511
1785136082.4609511
1785136082.4609511
1785136082.4609511
1785136082.4609511
1785136082.4609511
1785136082.4609511
1785136082.4609511
1785136082.4609511
1785136082.4609511
1785136082.4609511
1785136082.4609511
1785136082.4609511
1785136082.4609511
1785136082.4609511
1785136082.4609511
1785136082.4609511
1785136082.4609511
1785136082.4609511
1785136082.4609511
1785136082.4609511
1785136082.4609511
1785136082.4609511
1785136082.4609511
1785136082.4611731
1785136082.4611731
1785136082.4611731
1785136082.4611731
1785136082.4611731
1785136082.4611731
1785136082.4611731
1785136082.4611731
1785136082.4611731
1785136082.4611731
1785136082.4611731
1785136082.4611731
1785136082.4611731
1785136082.4611731
1785136082.4611731
1785136082.4611731
1785136082.4611731
1785136082.4611731
1785136082.4611731
1785136082.4611731
1785136082.4611731
1785136082.4611731
1785136082.4611731
1785136082.4611731
1785136082.4611731
1785136082.4611731
1785136082.4611731
1785136082.4611731
1785136082.4611731
1785136082.4611731
1785136082.4611731
1785136082.4611731
1785136082.4611731
1785136082.4611731
1785136082.4611731
1785136082.4611731
1785136082.4611731
1785136082.4611731
1785136082.4611731
1785136082.4611731
1785136082.4611731
1785136082.4611731
1785136082.4611731
1785136082.4611731
1785136082.4613950
1785136082.4613950
1785136082.4613950
1785136082.4613950
1785136082.4613950
1785136082.4613950
1785136082.4613950
1785136082.4613950
1785136082.4613950
1785136082.4613950
1785136082.4613950
1785136082.4613950
1785136082.4613950
1785136082.4613950
1785136082.4613950
1785136082.4613950
1785136082.4613950
1785136082.4613950
1785136082.4613950
1785136082.4613950
1785136082.4613950
1785136082.4613950
1785136082.4613950
1785136082.4613950
1785136082.4613950
1785136082.4613950
1785136082.4613950
1785136082.4613950
1785136082.4613950
1785136082.4613950
1785136082.4613950
1785136082.4613950
1785136082.4613950
1785136082.4613950
1785136082.4613950
1785136082.4613950
1785136082.4613950
1785136082.4613950
1785136082.4613950
1785136082.4613950
1785136082.4613950
1785136082.4613950
1785136082.4613950
1785136082.4613950
1785136082.4616179
1785136082.4616179
1785136082.4616179
1785136082.4616179
1785136082.4616179
1785136082.4616179
1785136082.4616179
1785136082.4616179
1785136082.4616179
1785136082.4616179
1785136082.4616179
1785136082.4616179
1785136082.4616179
1785136082.4616179
1785136082.4616179
1785136082.4616179
1785136082.4616179
1785136082.4616179
1785136082.4616179
1785136082.4616179
1785136082.4616179
1785136082.4616179
1785136082.4616179
1785136082.4616179
1785136082.4616179
1785136082.4616179
1785136082.4616179
1785136082.4616179
1785136082.4616179
1785136082.4616179
1785136082.4616179
1785136082.4616179
1785136082.4616179
1785136082.4616179
1785136082.4616179
1785136082.4616179
1785136082.4616179
1785136082.4616179
1785136082.4616179
1785136082.4616179
1785136082.4616179
1785136082.4616179
1785136082.4616179
1785136082.4616179
1785136082.4618399
1785136082.4618399
1785136082.4618399
1785136082.4618399
1785136082.4618399
1785136082.4618399
1785136082.4618399
1785136082.4618399
1785136082.4618399
1785136082.4618399
1785136082.4618399
1785136082.4618399
1785136082.4618399
1785136082.4618399
1785136082.4618399
1785136082.4618399
1785136082.4618399
1785136082.4618399
1785136082.4618399
1785136082.4618399
1785136082.4618399
1785136082.4618399
1785136082.4618399
1785136082.4618399
1785136082.4618399
1785136082.4618399
1785136082.4618399
1785136082.4618399
1785136082.4618399
1785136082.4618399
1785136082.4618399
1785136082.4618399
1785136082.4618399
1785136082.4618399
1785136082.4618399
1785136082.4618399
1785136082.4618399
1785136082.4618399
1785136082.4618399
1785136082.4618399
1785136082.4618399
1785136082.4618399
1785136082.4618399
1785136082.4618399
1785136082.4620619
1785136082.4620619
1785136082.4620619
1785136082.4620619
1785136082.4620619
1785136082.4620619
1785136082.4620619
1785136082.4620619
1785136082.4620619
1785136082.4620619
1785136082.4620619
1785136082.4620619
1785136082.4620619
1785136082.4620619
1785136082.4620619
1785136082.4620619
1785136082.4620619
1785136082.4620619
1785136082.4620619
1785136082.4620619
1785136082.4620619
1785136082.4620619
1785136082.4620619
1785136082.4620619
1785136082.4620619
1785136082.4620619
1785136082.4620619
1785136082.4620619
1785136082.4620619
1785136082.4620619
1785136082.4620619
1785136082.4620619
1785136082.4620619
1785136082.4620619
1785136082.4620619
1785136082.4620619
1785136082.4620619
1785136082.4620619
1785136082.4620619
1785136082.4620619
1785136082.4620619
1785136082.4620619
1785136082.4620619
1785136082.4620619
1785136082.4622841
1785136082.4622841
1785136082.4622841
1785136082.4622841
1785136082.4622841
1785136082.4622841
1785136082.4622841
1785136082.4622841
1785136082.4622841
1785136082.4622841
1785136082.4622841
1785136082.4622841
1785136082.4622841
1785136082.4622841
1785136082.4622841
1785136082.4622841
1785136082.4622841
1785136082.4622841
1785136082.4622841
1785136082.4622841
1785136082.4622841
1785136082.4622841
1785136082.4622841
1785136082.4622841
1785136082.4622841
1785136082.4622841
1785136082.4622841
1785136082.4622841
1785136082.4622841
1785136082.4622841
1785136082.4622841
1785136082.4622841
1785136082.4622841
1785136082.4622841
1785136082.4622841
1785136082.4622841
1785136082.4622841
1785136082.4622841
1785136082.4622841
1785136082.4622841
1785136082.4622841
1785136082.4622841
1785136082.4622841
1785136082.4622841
1785136082.4625080
1785136082.4625080
1785136082.4625080
1785136082.4625080
1785136082.4625080
1785136082.4625080
1785136082.4625080
1785136082.4625080
1785136082.4625080
1785136082.4625080
1785136082.4625080
1785136082.4625080
1785136082.4625080
1785136082.4625080
1785136082.4625080
1785136082.4625080
1785136082.4625080
1785136082.4625080
1785136082.4625080
1785136082.4625080
1785136082.4625080
1785136082.4625080
1785136082.4625080
1785136082.4625080
1785136082.4625080
1785136082.4625080
1785136082.4625080
1785136082.4625080
1785136082.4625080
1785136082.4625080
1785136082.4625080
1785136082.4625080
1785136082.4625080
1785136082.4625080
1785136082.4625080
1785136082.4625080
1785136082.4625080
1785136082.4625080
1785136082.4625080
1785136082.4625080
1785136082.4625080
1785136082.4625080
1785136082.4625080
1785136082.4625080
1785136082.4625080
1785136082.4627280
1785136082.4627280
1785136082.4627280
1785136082.4627280
1785136082.4627280
1785136082.4627280
1785136082.4627280
1785136082.4627280
1785136082.4627280
1785136082.4627280
1785136082.4627280
1785136082.4627280
1785136082.4627280
1785136082.4627280
1785136082.4627280
1785136082.4627280
1785136082.4627280
1785136082.4627280
1785136082.4627280
1785136082.4627280
1785136082.4627280
1785136082.4627280
1785136082.4627280
1785136082.4627280
1785136082.4627280
1785136082.4627280
1785136082.4627280
1785136082.4627280
1785136082.4627280
1785136082.4627280
1785136082.4627280
1785136082.4627280
1785136082.4627280
1785136082.4627280
1785136082.4627280
1785136082.4627280
1785136082.4627280
1785136082.4627280
1785136082.4627280
1785136082.4627280
1785136082.4627280
1785136082.4627280
1785136082.4627280
1785136082.4627280
1785136082.4627280
1785136082.4629509
1785136082.4629509
1785136082.4629509
1785136082.4629509
1785136082.4629509
1785136082.4629509
1785136082.4629509
1785136082.4629509
1785136082.4629509
1785136082.4629509
1785136082.4629509
1785136082.4629509
1785136082.4629509
1785136082.4629509
1785136082.4629509
1785136082.4629509
1785136082.4629509
1785136082.4629509
1785136082.4629509
1785136082.4629509
1785136082.4629509
1785136082.4629509
1785136082.4629509
1785136082.4629509
1785136082.4629509
1785136082.4629509
1785136082.4629509
1785136082.4629509
1785136082.4629509
1785136082.4629509
1785136082.4629509
1785136082.4629509
1785136082.4629509
1785136082.4629509
1785136082.4629509
1785136082.4629509
1785136082.4629509
1785136082.4629509
1785136082.4629509
1785136082.4629509
1785136082.4629509
1785136082.4629509
1785136082.4629509
1785136082.4629509
1785136082.4629509
1785136082.4631720
1785136082.4631720
1785136082.4631720
1785136082.4631720
1785136082.4631720
1785136082.4631720
1785136082.4631720
1785136082.4631720
1785136082.4631720
1785136082.4631720
1785136082.4631720
1785136082.4631720
1785136082.4631720
1785136082.4631720
1785136082.4631720
1785136082.4631720
1785136082.4631720
1785136082.4631720
1785136082.4631720
1785136082.4631720
1785136082.4631720
1785136082.4631720
1785136082.4631720
1785136082.4631720
1785136082.4631720
1785136082.4631720
1785136082.4631720
1785136082.4631720
1785136082.4631720
1785136082.4631720
1785136082.4631720
1785136082.4631720
1785136082.4631720
1785136082.4631720
1785136082.4631720
1785136082.4631720
1785136082.4631720
1785136082.4631720
1785136082.4631720
1785136082.4631720
1785136082.4631720
1785136082.4631720
1785136082.4631720
1785136082.4631720
1785136082.4631720
1785136082.4631720
1785136082.4633951
1785136082.4633951
1785136082.4633951
1785136082.4633951
1785136082.4633951
1785136082.4633951
1785136082.4633951
1785136082.4633951
1785136082.4633951
1785136082.4633951
1785136082.4633951
1785136082.4633951
1785136082.4633951
1785136082.4633951
1785136082.4633951
1785136082.4633951
1785136082.4633951
1785136082.4633951
1785136082.4633951
1785136082.4633951
1785136082.4633951
1785136082.4633951
1785136082.4633951
1785136082.4633951
1785136082.4633951
1785136082.4633951
1785136082.4633951
1785136082.4633951
1785136082.4633951
1785136082.4633951
1785136082.4633951
1785136082.4633951
1785136082.4633951
1785136082.4633951
1785136082.4633951
1785136082.4633951
1785136082.4633951
1785136082.4633951
1785136082.4633951
1785136082.4633951
1785136082.4633951
1785136082.4633951
1785136082.4633951
1785136082.4633951
1785136082.4633951
1785136082.4633951
1785136082.4633951
1785136082.4633951
1785136082.4633951
1785136082.4633951
1785136082.4633951
1785136082.4633951
1785136082.4633951
1785136082.4633951
1785136082.4633951
1785136082.4633951
1785136082.4633951
1785136082.4633951
1785136082.4633951
1785136082.4633951
1785136082.4633951
1785136082.4636171
1785136082.4636171
1785136082.4636171
1785136082.4636171
1785136082.4636171
1785136082.4636171
1785136082.4636171
1785136082.4636171
1785136082.4636171
1785136082.4636171
1785136082.4636171
1785136082.4636171
1785136082.4636171
1785136082.4636171
1785136082.4636171
1785136082.4636171
1785136082.4636171
1785136082.4636171
1785136082.4636171
1785136082.4636171
1785136082.4636171
1785136082.4636171
1785136082.4636171
1785136082.4636171
1785136082.4636171
1785136082.4636171
1785136082.4636171
1785136082.4636171
1785136082.4636171
1785136082.4636171
1785136082.4636171
1785136082.4636171
1785136082.4636171
1785136082.4636171
1785136082.4636171
1785136082.4636171
1785136082.4636171
1785136082.4636171
1785136082.4636171
1785136082.4636171
1785136082.4636171
1785136082.4636171
1785136082.4636171
1785136082.4636171
1785136082.4636171
1785136082.4636171
1785136082.4636171
1785136082.4636171
1785136082.4636171
1785136082.4636171
1785136082.4636171
1785136082.4636171
1785136082.4636171
1785136082.4636171
1785136082.4636171
1785136082.4636171
1785136082.4636171
1785136082.4636171
1785136082.4636171
1785136082.4636171
1785136082.4636171
1785136082.4636171
1785136082.4636171
1785136082.4636171
1785136082.4636171
1785136082.4638391
1785136082.4638391
1785136082.4638391
1785136082.4638391
1785136082.4638391
1785136082.4638391
1785136082.4638391
1785136082.4638391
1785136082.4638391
1785136082.4638391
1785136082.4638391
1785136082.4638391
1785136082.4638391
1785136082.4638391
1785136082.4638391
1785136082.4638391
1785136082.4638391
1785136082.4638391
1785136082.4638391
1785136082.4638391
1785136082.4638391
1785136082.4638391
1785136082.4638391
1785136082.4638391
1785136082.4638391
1785136082.4638391
1785136082.4638391
1785136082.4638391
1785136082.4638391
1785136082.4638391
1785136082.4638391
1785136082.4638391
1785136082.4638391
1785136082.4638391
1785136082.4638391
1785136082.4638391
1785136082.4638391
1785136082.4638391
1785136082.4638391
1785136082.4638391
1785136082.4638391
1785136082.4638391
1785136082.4638391
1785136082.4638391
1785136082.4638391
1785136082.4638391
1785136082.4638391
1785136082.4638391
1785136082.4638391
1785136082.4638391
1785136082.4638391
1785136082.4638391
1785136082.4638391
1785136082.4638391
1785136082.4638391
1785136082.4638391
1785136082.4638391
1785136082.4638391
1785136082.4638391
1785136082.4638391
1785136082.4638391
1785136082.4638391
1785136082.4638391
1785136082.4638391
1785136082.4638391
1785136082.4640620
1785136082.4640620
1785136082.4640620
1785136082.4640620
1785136082.4640620
1785136082.4640620
1785136082.4640620
1785136082.4640620
1785136082.4640620
1785136082.4640620
1785136082.4640620
1785136082.4640620
1785136082.4640620
1785136082.4640620
1785136082.4640620
1785136082.4640620
1785136082.4640620
1785136082.4640620
1785136082.4640620
1785136082.4640620
1785136082.4640620
1785136082.4640620
1785136082.4640620
1785136082.4640620
1785136082.4640620
1785136082.4640620
1785136082.4640620
1785136082.4640620
1785136082.4640620
1785136082.4640620
1785136082.4640620
1785136082.4640620
1785136082.4640620
1785136082.4640620
1785136082.4640620
1785136082.4640620
1785136082.4640620
1785136082.4640620
1785136082.4640620
1785136082.4640620
1785136082.4640620
1785136082.4640620
1785136082.4640620
1785136082.4640620
1785136082.4640620
1785136082.4640620
1785136082.4640620
1785136082.4640620
1785136082.4640620
1785136082.4640620
1785136082.4640620
1785136082.4640620
1785136082.4640620
1785136082.4640620
1785136082.4640620
1785136082.4640620
1785136082.4640620
1785136082.4640620
1785136082.4640620
1785136082.4640620
1785136082.4640620
1785136082.4640620
1785136082.4640620
1785136082.4640620
1785136082.4640620
1785136082.4642830
1785136082.4642830
1785136082.4642830
1785136082.4642830
1785136082.4642830
1785136082.4642830
1785136082.4642830
1785136082.4642830
1785136082.4642830
1785136082.4642830
1785136082.4642830
1785136082.4642830
1785136082.4642830
1785136082.4642830
1785136082.4642830
1785136082.4642830
1785136082.4642830
1785136082.4642830
1785136082.4642830
1785136082.4642830
1785136082.4642830
1785136082.4642830
1785136082.4642830
1785136082.4642830
1785136082.4642830
1785136082.4642830
1785136082.4642830
1785136082.4642830
1785136082.4642830
1785136082.4642830
1785136082.4642830
1785136082.4642830
1785136082.4642830
1785136082.4642830
1785136082.4642830
1785136082.4642830
1785136082.4642830
1785136082.4642830
1785136082.4642830
1785136082.4642830
1785136082.4642830
1785136082.4642830
1785136082.4642830
1785136082.4642830
1785136082.4642830
1785136082.4642830
1785136082.4642830
1785136082.4642830
1785136082.4642830
1785136082.4642830
1785136082.4642830
1785136082.4642830
1785136082.4642830
1785136082.4645059
1785136082.4645059
1785136082.4645059
1785136082.4645059
1785136082.4645059
1785136082.4645059
1785136082.4645059
1785136082.4645059
1785136082.4645059
1785136082.4645059
1785136082.4645059
1785136082.4645059
1785136082.4645059
1785136082.4645059
1785136082.4645059
1785136082.4645059
1785136082.4645059
1785136082.4645059
1785136082.4645059
1785136082.4645059
1785136082.4645059
1785136082.4645059
1785136082.4645059
1785136082.4645059
1785136082.4645059
1785136082.4645059
1785136082.4645059
1785136082.4645059
1785136082.4645059
1785136082.4645059
1785136082.4645059
1785136082.4645059
1785136082.4645059
1785136082.4645059
1785136082.4645059
1785136082.4645059
1785136082.4645059
1785136082.4645059
1785136082.4645059
1785136082.4645059
1785136082.4645059
1785136082.4645059
1785136082.4645059
1785136082.4645059
1785136082.4645059
1785136082.4645059
1785136082.4645059
1785136082.4645059
1785136082.4645059
1785136082.4645059
1785136082.4645059
1785136082.4645059
1785136082.4645059
1785136082.4645059
1785136082.4645059
1785136082.4645059
1785136082.4645059
1785136082.4645059
1785136082.4647269
1785136082.4647269
1785136082.4647269
1785136082.4647269
1785136082.4647269
1785136082.4647269
1785136082.4647269
1785136082.4647269
1785136082.4647269
1785136082.4647269
1785136082.4647269
1785136082.4647269
1785136082.4647269
1785136082.4647269
1785136082.4647269
1785136082.4647269
1785136082.4647269
1785136082.4647269
1785136082.4647269
1785136082.4647269
1785136082.4647269
1785136082.4647269
1785136082.4647269
1785136082.4647269
1785136082.4647269
1785136082.4647269
1785136082.4647269
1785136082.4647269
1785136082.4647269
1785136082.4647269
1785136082.4647269
1785136082.4647269
1785136082.4647269
1785136082.4647269
1785136082.4647269
1785136082.4647269
1785136082.4647269
1785136082.4647269
1785136082.4647269
1785136082.4647269
1785136082.4647269
1785136082.4647269
1785136082.4647269
1785136082.4647269
1785136082.4647269
1785136082.4647269
1785136082.4647269
1785136082.4647269
1785136082.4647269
1785136082.4647269
1785136082.4647269
1785136082.4647269
1785136082.4647269
1785136082.4647269
1785136082.4647269
1785136082.4647269
1785136082.4647269
1785136082.4647269
1785136082.4649501
1785136082.4649501
1785136082.4649501
1785136082.4649501
1785136082.4649501
1785136082.4649501
1785136082.4649501
1785136082.4649501
1785136082.4649501
1785136082.4649501
1785136082.4649501
1785136082.4649501
1785136082.4649501
1785136082.4649501
1785136082.4649501
1785136082.4649501
1785136082.4649501
1785136082.4649501
1785136082.4649501
1785136082.4649501
1785136082.4649501
1785136082.4649501
1785136082.4649501
1785136082.4649501
1785136082.4649501
1785136082.4649501
1785136082.4649501
1785136082.4649501
1785136082.4649501
1785136082.4649501
1785136082.4649501
1785136082.4649501
1785136082.4649501
1785136082.4649501
1785136082.4649501
1785136082.4649501
1785136082.4649501
1785136082.4649501
1785136082.4649501
1785136082.4649501
1785136082.4649501
1785136082.4649501
1785136082.4649501
1785136082.4649501
1785136082.4649501
1785136082.4649501
1785136082.4649501
1785136082.4649501
1785136082.4649501
1785136082.4649501
1785136082.4649501
1785136082.4649501
1785136082.4649501
1785136082.4649501
1785136082.4649501
1785136082.4649501
1785136082.4649501
1785136082.4649501
1785136082.4649501
1785136082.4649501
1785136082.4649501
1785136082.4649501
1785136082.4649501
1785136082.4649501
1785136082.4649501
1785136082.4651730
1785136082.4651730
1785136082.4651730
1785136082.4651730
1785136082.4651730
1785136082.4651730
1785136082.4651730
1785136082.4651730
1785136082.4651730
1785136082.4651730
1785136082.4651730
1785136082.4651730
1785136082.4651730
1785136082.4651730
1785136082.4651730
1785136082.4651730
1785136082.4651730
1785136082.4651730
1785136082.4651730
1785136082.4651730
1785136082.4651730
1785136082.4651730
1785136082.4651730
1785136082.4651730
1785136082.4651730
1785136082.4651730
1785136082.4651730
1785136082.4651730
1785136082.4651730
1785136082.4651730
1785136082.4651730
1785136082.4651730
1785136082.4651730
1785136082.4651730
1785136082.4651730
1785136082.4651730
1785136082.4651730
1785136082.4651730
1785136082.4651730
1785136082.4651730
1785136082.4651730
1785136082.4651730
1785136082.4651730
1785136082.4651730
1785136082.4651730
1785136082.4651730
1785136082.4651730
1785136082.4651730
1785136082.4651730
1785136082.4651730
1785136082.4651730
1785136082.4651730
1785136082.4651730
1785136082.4651730
1785136082.4651730
1785136082.4651730
1785136082.4651730
1785136082.4651730
1785136082.4651730
1785136082.4651730
1785136082.4651730
1785136082.4651730
1785136082.4651730
1785136082.4651730
1785136082.4651730
1785136082.4651730
1785136082.4651730
1785136082.4651730
1785136082.4651730
1785136082.4651730
1785136082.4651730
1785136082.4651730
1785136082.4651730
1785136082.4654019
1785136082.4654019
1785136082.4654019
1785136082.4654019
1785136082.4654019
1785136082.4654019
1785136082.4654019
1785136082.4654019
1785136082.4654019
1785136082.4654019
1785136082.4654019
1785136082.4654019
1785136082.4654019
1785136082.4654019
1785136082.4654019
1785136082.4654019
1785136082.4654019
1785136082.4654019
1785136082.4654019
1785136082.4654019
1785136082.4654019
1785136082.4654019
1785136082.4654019
1785136082.4654019
1785136082.4654019
1785136082.4654019
1785136082.4654019
1785136082.4654019
1785136082.4654019
1785136082.4654019
1785136082.4654019
1785136082.4654019
1785136082.4654019
1785136082.4654019
1785136082.4654019
1785136082.4654019
1785136082.4654019
1785136082.4654019
1785136082.4654019
1785136082.4654019
1785136082.4654019
1785136082.4654019
1785136082.4654019
1785136082.4654019
1785136082.4654019
1785136082.4654019
1785136082.4654019
1785136082.4654019
1785136082.4654019
1785136082.4654019
1785136082.4654019
1785136082.4654019
1785136082.4654019
1785136082.4654019
1785136082.4654019
1785136082.4654019
1785136082.4654019
1785136082.4654019
1785136082.4654019
1785136082.4654019
1785136082.4654019
1785136082.4654019
1785136082.4654019
1785136082.4654019
1785136082.4654019
1785136082.4654019
1785136082.4654019
1785136082.4654019
1785136082.4654019
1785136082.4654019
1785136082.4654019
1785136082.4656229
1785136082.4656229
1785136082.4656229
1785136082.4656229
1785136082.4656229
1785136082.4656229
1785136082.4656229
1785136082.4656229
1785136082.4656229
1785136082.4656229
1785136082.4656229
1785136082.4656229
1785136082.4656229
1785136082.4656229
1785136082.4656229
1785136082.4656229
1785136082.4656229
1785136082.4656229
1785136082.4656229
1785136082.4656229
1785136082.4656229
1785136082.4656229
1785136082.4656229
1785136082.4656229
1785136082.4656229
1785136082.4656229
1785136082.4656229
1785136082.4656229
1785136082.4656229
1785136082.4656229
1785136082.4656229
1785136082.4656229
1785136082.4656229
1785136082.4656229
1785136082.4656229
1785136082.4656229
1785136082.4656229
1785136082.4656229
1785136082.4656229
1785136082.4656229
1785136082.4656229
1785136082.4656229
1785136082.4656229
1785136082.4656229
1785136082.4656229
1785136082.4656229
1785136082.4656229
1785136082.4656229
1785136082.4656229
1785136082.4656229
1785136082.4656229
1785136082.4656229
1785136082.4656229
1785136082.4656229
1785136082.4656229
1785136082.4656229
1785136082.4656229
1785136082.4656229
1785136082.4656229
1785136082.4656229
1785136082.4656229
1785136082.4656229
1785136082.4656229
1785136082.4656229
1785136082.4656229
1785136082.4656229
1785136082.4656229
1785136082.4658401
1785136082.4658401
1785136082.4658401
1785136082.4658401
1785136082.4658401
1785136082.4658401
1785136082.4658401
1785136082.4658401
1785136082.4658401
1785136082.4658401
1785136082.4658401
1785136082.4658401
1785136082.4658401
1785136082.4658401
1785136082.4658401
1785136082.4658401
1785136082.4658401
1785136082.4658401
1785136082.4658401
1785136082.4658401
1785136082.4658401
1785136082.4658401
1785136082.4658401
1785136082.4658401
1785136082.4658401
1785136082.4658401
1785136082.4658401
1785136082.4658401
1785136082.4658401
1785136082.4658401
1785136082.4658401
1785136082.4658401
1785136082.4658401
1785136082.4658401
1785136082.4658401
1785136082.4658401
1785136082.4658401
1785136082.4658401
1785136082.4658401
1785136082.4658401
1785136082.4658401
1785136082.4658401
1785136082.4658401
1785136082.4658401
1785136082.4658401
1785136082.4658401
1785136082.4658401
1785136082.4658401
1785136082.4658401
1785136082.4658401
1785136082.4658401
1785136082.4658401
1785136082.4658401
1785136082.4658401
1785136082.4658401
1785136082.4658401
1785136082.4658401
1785136082.4658401
1785136082.4658401
1785136082.4658401
1785136082.4658401
1785136082.4660611
1785136082.4660611
1785136082.4660611
1785136082.4660611
1785136082.4660611
1785136082.4660611
1785136082.4660611
1785136082.4660611
1785136082.4660611
1785136082.4660611
1785136082.4660611
1785136082.4660611
1785136082.4660611
1785136082.4660611
1785136082.4660611
1785136082.4660611
1785136082.4660611
1785136082.4660611
1785136082.4660611
1785136082.4660611
1785136082.4660611
1785136082.4660611
1785136082.4660611
1785136082.4660611
1785136082.4660611
1785136082.4660611
1785136082.4660611
1785136082.4660611
1785136082.4660611
1785136082.4660611
1785136082.4660611
1785136082.4660611
1785136082.4660611
1785136082.4660611
1785136082.4660611
1785136082.4660611
1785136082.4660611
1785136082.4660611
1785136082.4660611
1785136082.4660611
1785136082.4660611
1785136082.4660611
1785136082.4660611
1785136082.4660611
1785136082.4660611
1785136082.4660611
1785136082.4660611
1785136082.4660611
1785136082.4660611
1785136082.4660611
1785136082.4660611
1785136082.4660611
1785136082.4660611
1785136082.4660611
1785136082.4660611
1785136082.4660611
1785136082.4660611
1785136082.4660611
1785136082.4660611
1785136082.4660611
1785136082.4660611
1785136082.4660611
1785136082.4660611
1785136082.4662831
1785136082.4662831
1785136082.4662831
1785136082.4662831
1785136082.4662831
1785136082.4662831
1785136082.4662831
1785136082.4662831
1785136082.4662831
1785136082.4662831
1785136082.4662831
1785136082.4662831
1785136082.4662831
1785136082.4662831
1785136082.4662831
1785136082.4662831
1785136082.4662831
1785136082.4662831
1785136082.4662831
1785136082.4662831
1785136082.4662831
1785136082.4662831
1785136082.4662831
1785136082.4662831
1785136082.4662831
1785136082.4662831
1785136082.4662831
1785136082.4662831
1785136082.4662831
1785136082.4662831
1785136082.4662831
1785136082.4662831
1785136082.4662831
1785136082.4662831
1785136082.4662831
1785136082.4662831
1785136082.4662831
1785136082.4662831
1785136082.4662831
1785136082.4662831
1785136082.4662831
1785136082.4662831
1785136082.4662831
1785136082.4662831
1785136082.4662831
1785136082.4662831
1785136082.4662831
1785136082.4662831
1785136082.4662831
1785136082.4662831
1785136082.4662831
1785136082.4662831
1785136082.4662831
1785136082.4662831
1785136082.4662831
1785136082.4662831
1785136082.4662831
1785136082.4662831
1785136082.4662831
1785136082.4662831
1785136082.4662831
1785136082.4662831
1785136082.4662831
1785136082.4665041
1785136082.4665041
1785136082.4665041
1785136082.4665041
1785136082.4665041
1785136082.4665041
1785136082.4665041
1785136082.4665041
1785136082.4665041
1785136082.4665041
1785136082.4665041
1785136082.4665041
1785136082.4665041
1785136082.4665041
1785136082.4665041
1785136082.4665041
1785136082.4665041
1785136082.4665041
1785136082.4665041
1785136082.4665041
1785136082.4665041
1785136082.4665041
1785136082.4665041
1785136082.4665041
1785136082.4665041
1785136082.4665041
1785136082.4665041
1785136082.4665041
1785136082.4665041
1785136082.4665041
1785136082.4665041
1785136082.4665041
1785136082.4665041
1785136082.4665041
1785136082.4665041
1785136082.4665041
1785136082.4665041
1785136082.4665041
1785136082.4665041
1785136082.4665041
1785136082.4665041
1785136082.4665041
1785136082.4665041
1785136082.4665041
1785136082.4665041
1785136082.4665041
1785136082.4665041
1785136082.4665041
1785136082.4665041
1785136082.4665041
1785136082.4665041
1785136082.4665041
1785136082.4665041
1785136082.4665041
1785136082.4665041
1785136082.4665041
1785136082.4665041
1785136082.4665041
1785136082.4665041
1785136082.4665041
1785136082.4665041
1785136082.4665041
1785136082.4665041
1785136082.4665041
1785136082.4667270
1785136082.4667270
1785136082.4667270
1785136082.4667270
1785136082.4667270
1785136082.4667270
1785136082.4667270
1785136082.4667270
1785136082.4667270
1785136082.4667270
1785136082.4667270
1785136082.4667270
1785136082.4667270
1785136082.4667270
1785136082.4667270
1785136082.4667270
1785136082.4667270
1785136082.4667270
1785136082.4667270
1785136082.4667270
1785136082.4667270
1785136082.4667270
1785136082.4667270
1785136082.4667270
1785136082.4667270
1785136082.4667270
1785136082.4667270
1785136082.4667270
1785136082.4667270
1785136082.4667270
1785136082.4667270
1785136082.4667270
1785136082.4667270
1785136082.4667270
1785136082.4667270
1785136082.4667270
1785136082.4667270
1785136082.4667270
1785136082.4667270
1785136082.4667270
1785136082.4667270
1785136082.4667270
1785136082.4667270
1785136082.4667270
1785136082.4667270
1785136082.4667270
1785136082.4667270
1785136082.4667270
1785136082.4667270
1785136082.4667270
1785136082.4667270
1785136082.4667270
1785136082.4667270
1785136082.4667270
1785136082.4667270
1785136082.4667270
1785136082.4667270
1785136082.4667270
1785136082.4667270
1785136082.4667270
1785136082.4667270
1785136082.4667270
1785136082.4669490
1785136082.4669490
1785136082.4669490
1785136082.4669490
1785136082.4669490
1785136082.4669490
1785136082.4669490
1785136082.4669490
1785136082.4669490
1785136082.4669490
1785136082.4669490
1785136082.4669490
1785136082.4669490
1785136082.4669490
1785136082.4669490
1785136082.4669490
1785136082.4669490
1785136082.4669490
1785136082.4669490
1785136082.4669490
1785136082.4669490
1785136082.4669490
1785136082.4669490
1785136082.4669490
1785136082.4669490
1785136082.4669490
1785136082.4669490
1785136082.4669490
1785136082.4669490
1785136082.4669490
1785136082.4669490
1785136082.4669490
1785136082.4669490
1785136082.4669490
1785136082.4669490
1785136082.4669490
1785136082.4669490
1785136082.4669490
1785136082.4669490
1785136082.4669490
1785136082.4669490
1785136082.4669490
1785136082.4669490
1785136082.4669490
1785136082.4669490
1785136082.4669490
1785136082.4669490
1785136082.4669490
1785136082.4669490
1785136082.4669490
1785136082.4669490
1785136082.4669490
1785136082.4669490
1785136082.4669490
1785136082.4669490
1785136082.4669490
1785136082.4669490
1785136082.4669490
1785136082.4669490
1785136082.4669490
1785136082.4669490
1785136082.4671710
1785136082.4671710
1785136082.4671710
1785136082.4671710
1785136082.4671710
1785136082.4671710
1785136082.4671710
1785136082.4671710
1785136082.4671710
1785136082.4671710
1785136082.4671710
1785136082.4671710
1785136082.4671710
1785136082.4671710
1785136082.4671710
1785136082.4671710
1785136082.4671710
1785136082.4671710
1785136082.4671710
1785136082.4671710
1785136082.4671710
1785136082.4671710
1785136082.4671710
1785136082.4671710
1785136082.4671710
1785136082.4671710
1785136082.4671710
1785136082.4671710
1785136082.4671710
1785136082.4671710
1785136082.4671710
1785136082.4671710
1785136082.4671710
1785136082.4671710
1785136082.4671710
1785136082.4671710
1785136082.4671710
1785136082.4671710
1785136082.4671710
1785136082.4671710
1785136082.4671710
1785136082.4671710
1785136082.4671710
1785136082.4671710
1785136082.4671710
1785136082.4671710
1785136082.4671710
1785136082.4671710
1785136082.4671710
1785136082.4671710
1785136082.4671710
1785136082.4671710
1785136082.4671710
1785136082.4671710
1785136082.4671710
1785136082.4671710
1785136082.4671710
1785136082.4671710
1785136082.4671710
1785136082.4671710
1785136082.4671710
1785136082.4671710
1785136082.4673941
1785136082.4673941
1785136082.4673941
1785136082.4673941
1785136082.4673941
1785136082.4673941
1785136082.4673941
1785136082.4673941
1785136082.4673941
1785136082.4673941
1785136082.4673941
1785136082.4673941
1785136082.4673941
1785136082.4673941
1785136082.4673941
1785136082.4673941
1785136082.4673941
1785136082.4673941
1785136082.4673941
1785136082.4673941
1785136082.4673941
1785136082.4673941
1785136082.4673941
1785136082.4673941
1785136082.4673941
1785136082.4673941
1785136082.4673941
1785136082.4673941
1785136082.4673941
1785136082.4673941
1785136082.4673941
1785136082.4673941
1785136082.4673941
1785136082.4673941
1785136082.4673941
1785136082.4673941
1785136082.4673941
1785136082.4673941
1785136082.4673941
1785136082.4673941
1785136082.4673941
1785136082.4673941
1785136082.4673941
1785136082.4673941
1785136082.4673941
1785136082.4673941
1785136082.4673941
1785136082.4673941
1785136082.4673941
1785136082.4673941
1785136082.4673941
1785136082.4673941
1785136082.4673941
1785136082.4673941
1785136082.4673941
1785136082.4673941
1785136082.4673941
1785136082.4673941
1785136082.4673941
1785136082.4673941
1785136082.4673941
1785136082.4673941
1785136082.4676149
1785136082.4676149
1785136082.4676149
1785136082.4676149
1785136082.4676149
1785136082.4676149
1785136082.4676149
1785136082.4676149
1785136082.4676149
1785136082.4676149
1785136082.4676149
1785136082.4676149
1785136082.4676149
1785136082.4676149
1785136082.4676149
1785136082.4676149
1785136082.4676149
1785136082.4676149
1785136082.4676149
1785136082.4676149
1785136082.4676149
1785136082.4676149
1785136082.4676149
1785136082.4676149
1785136082.4676149
1785136082.4676149
1785136082.4676149
1785136082.4676149
1785136082.4676149
1785136082.4676149
1785136082.4676149
1785136082.4676149
1785136082.4676149
1785136082.4676149
1785136082.4676149
1785136082.4676149
1785136082.4676149
1785136082.4676149
1785136082.4676149
1785136082.4676149
1785136082.4676149
1785136082.4676149
1785136082.4676149
1785136082.4676149
1785136082.4676149
1785136082.4676149
1785136082.4676149
1785136082.4676149
1785136082.4676149
1785136082.4676149
1785136082.4676149
1785136082.4676149
1785136082.4676149
1785136082.4676149
1785136082.4676149
1785136082.4676149
1785136082.4676149
1785136082.4678380
1785136082.4678380
1785136082.4678380
1785136082.4678380
1785136082.4678380
1785136082.4678380
1785136082.4678380
1785136082.4678380
1785136082.4678380
1785136082.4678380
1785136082.4678380
1785136082.4678380
1785136082.4678380
1785136082.4678380
1785136082.4678380
1785136082.4678380
1785136082.4678380
1785136082.4678380
1785136082.4678380
1785136082.4678380
1785136082.4678380
1785136082.4678380
1785136082.4678380
1785136082.4678380
1785136082.4678380
1785136082.4678380
1785136082.4678380
1785136082.4678380
1785136082.4678380
1785136082.4678380
1785136082.4678380
1785136082.4678380
1785136082.4678380
1785136082.4678380
1785136082.4678380
1785136082.4678380
1785136082.4678380
1785136082.4678380
1785136082.4678380
1785136082.4678380
1785136082.4678380
1785136082.4678380
1785136082.4678380
1785136082.4678380
1785136082.4680600
1785136082.4680600
1785136082.4680600
1785136082.4680600
1785136082.4680600
1785136082.4680600
1785136082.4680600
1785136082.4680600
1785136082.4680600
1785136082.4680600
1785136082.4680600
1785136082.4680600
1785136082.4680600
1785136082.4680600
1785136082.4680600
1785136082.4680600
1785136082.4680600
1785136082.4680600
1785136082.4680600
1785136082.4680600
1785136082.4680600
1785136082.4680600
1785136082.4680600
1785136082.4680600
1785136082.4680600
1785136082.4682820
1785136082.4682820
1785136082.4682820
1785136082.4682820
1785136082.4682820
1785136082.4682820
1785136082.4682820
1785136082.4682820
1785136082.4682820
1785136082.4682820
1785136082.4682820
1785136082.4682820
1785136082.4682820
1785136082.4682820
1785136082.4682820
1785136082.4682820
1785136082.4682820
1785136082.4682820
1785136082.4682820
1785136082.4682820
1785136082.4682820
1785136082.4682820
1785136082.4682820
1785136082.4682820
1785136082.4682820
1785136082.4682820
1785136082.4682820
1785136082.4685040
1785136082.4685040
1785136082.4685040
1785136082.4685040
1785136082.4685040
1785136082.4685040
1785136082.4685040
1785136082.4685040
1785136082.4685040
1785136082.4685040
1785136082.4685040
1785136082.4685040
1785136082.4685040
1785136082.4685040
1785136082.4685040
1785136082.4685040
1785136082.4685040
1785136082.4685040
1785136082.4685040
1785136082.4685040
1785136082.4685040
1785136082.4685040
1785136082.4685040
1785136082.4685040
1785136082.4685040
1785136082.4685040
1785136082.4685040
1785136082.4685040
1785136082.4685040
1785136082.4685040
1785136082.4685040
1785136082.4685040
1785136082.4685040
1785136082.4685040
1785136082.4685040
1785136082.4687259
1785136082.4687259
1785136082.4687259
1785136082.4687259
1785136082.4687259
1785136082.4687259
1785136082.4687259
1785136082.4687259
1785136082.4687259
1785136082.4687259
1785136082.4687259
1785136082.4687259
1785136082.4687259
1785136082.4687259
1785136082.4687259
1785136082.4687259
1785136082.4687259
1785136082.4689491
1785136082.4689491
1785136082.4689491
1785136082.4689491
1785136082.4689491
1785136082.4689491
1785136082.4689491
1785136082.4689491
1785136082.4689491
1785136082.4689491
1785136082.4689491
1785136082.4689491
1785136082.4689491
1785136082.4689491
1785136082.4689491
1785136082.4689491
1785136082.4689491
1785136082.4691710
1785136082.4691710
1785136082.4691710
1785136082.4691710
1785136082.4691710
1785136082.4691710
1785136082.4691710
1785136082.4691710
1785136082.4691710
1785136082.4691710
1785136082.4691710
1785136082.4691710
1785136082.4691710
1785136082.4691710
1785136082.4691710
1785136082.4691710
1785136082.4691710
1785136082.4693930
1785136082.4693930
1785136082.4693930
1785136082.4693930
1785136082.4693930
1785136082.4693930
1785136082.4693930
1785136082.4693930
1785136082.4693930
1785136082.4693930
1785136082.4693930
1785136082.4693930
1785136082.4693930
1785136082.4693930
1785136082.4693930
1785136082.4693930
1785136082.4693930
1785136082.4696159
1785136082.4696159
1785136082.4696159
1785136082.4696159
1785136082.4696159
1785136082.4696159
1785136082.4696159
1785136082.4696159
1785136082.4696159
1785136082.4696159
1785136082.4696159
1785136082.4696159
1785136082.4696159
1785136082.4696159
1785136082.4696159
1785136082.4698370
1785136082.4698370
1785136082.4698370
1785136082.4698370
1785136082.4698370
1785136082.4698370
1785136082.4698370
1785136082.4698370
1785136082.4698370
1785136082.4698370
1785136082.4747250
1785136082.4747250
1785136082.4747250
1785136082.4747250
1785136082.4747250
1785136082.4747250
1785136082.4747250
1785136082.4747250
1785136082.4747250
1785136082.4747250
1785136082.4749479
1785136082.4749479
1785136082.4749479
1785136082.4749479
1785136082.4749479
1785136082.4749479
1785136082.4749479
1785136082.4749479
1785136082.4749479
1785136082.4749479
1785136082.4749479
1785136082.4751689
1785136082.4751689
1785136082.4751689
1785136082.4751689
1785136082.4751689
1785136082.4751689
1785136082.4751689
1785136082.4751689
1785136082.4751689
1785136082.4751689
1785136082.4751689
1785136082.4753921
1785136082.4753921
1785136082.4753921
1785136082.4753921
1785136082.4753921
1785136082.4753921
1785136082.4753921
1785136082.4753921
1785136082.4753921
1785136082.4753921
1785136082.4753921
1785136082.4753921
1785136082.4756141
1785136082.4756141
1785136082.4756141
1785136082.4756141
1785136082.4756141
1785136082.4756141
1785136082.4756141
1785136082.4756141
1785136082.4756141
1785136082.4756141
1785136082.4756141
1785136082.4756141
1785136082.4756141
1785136082.4756141
1785136082.4758370
1785136082.4758370
1785136082.4758370
1785136082.4758370
1785136082.4758370
1785136082.4758370
1785136082.4758370
1785136082.4758370
1785136082.4758370
1785136082.4758370
1785136082.4758370
1785136082.4758370
1785136082.4758370
1785136082.4758370
1785136082.4758370
1785136082.4758370
1785136082.4758370
1785136082.4760590
1785136082.4760590
1785136082.4760590
1785136082.4760590
1785136082.4760590
1785136082.4760590
1785136082.4760590
1785136082.4760590
1785136082.4760590
1785136082.4760590
1785136082.4760590
1785136082.4760590
1785136082.4760590
1785136082.4760590
1785136082.4760590
1785136082.4760590
1785136082.4762809
1785136082.4762809
1785136082.4762809
1785136082.4762809
1785136082.4762809
1785136082.4762809
1785136082.4762809
1785136082.4762809
1785136082.4762809
1785136082.4762809
1785136082.4762809
1785136082.4762809
1785136082.4762809
1785136082.4762809
1785136082.4762809
1785136082.4765029
1785136082.4765029
1785136082.4765029
1785136082.4765029
1785136082.4765029
1785136082.4765029
1785136082.4765029
1785136082.4765029
1785136082.4765029
1785136082.4765029
1785136082.4765029
1785136082.4765029
1785136082.4767251
1785136082.4767251
1785136082.4767251
1785136082.4767251
1785136082.4767251
1785136082.4767251
1785136082.4767251
