1785136091.8275230
1785136091.8275230
1785136091.8275230
1785136091.8275230
1785136091.8275230
1785136091.8275230
1785136091.8277450
1785136091.8277450
1785136091.8277450
1785136091.8277450
1785136091.8277450
1785136091.8277450
1785136091.8277450
1785136091.8277450
1785136091.8277450
1785136091.8279669
1785136091.8279669
1785136091.8279669
1785136091.8279669
1785136091.8279669
1785136091.8279669
1785136091.8279669
1785136091.8279669
1785136091.8279669
1785136091.8279669
1785136091.8279669
1785136091.8279669
1785136091.8281889
1785136091.8281889
1785136091.8281889
1785136091.8281889
1785136091.8281889
1785136091.8281889
1785136091.8281889
1785136091.8281889
1785136091.8281889
1785136091.8281889
1785136091.8281889
1785136091.8284111
1785136091.8284111
1785136091.8284111
1785136091.8284111
1785136091.8284111
1785136091.8284111
1785136091.8284111
1785136091.8284111
1785136091.8284111
1785136091.8286340
1785136091.8286340
1785136091.8286340
1785136091.8286340
1785136091.8286340
1785136091.8286340
1785136091.8286340
1785136091.8288560
1785136091.8288560
1785136091.8288560
1785136091.8288560
1785136091.8288560
1785136091.8288560
1785136091.8288560
1785136091.8290770
1785136091.8290770
1785136091.8290770
1785136091.8290770
1785136091.8290770
1785136091.8292999
1785136091.8321891
1785136091.8321891
1785136091.8324111
1785136091.8324111
1785136091.8324111
1785136091.8324111
1785136091.8324111
1785136091.8324111
1785136091.8324111
1785136091.8324111
1785136091.8324111
1785136091.8324111
1785136091.8324111
1785136091.8326340
1785136091.8326340
1785136091.8326340
1785136091.8326340
1785136091.8326340
1785136091.8326340
1785136091.8326340
1785136091.8326340
1785136091.8326340
1785136091.8326340
1785136091.8326340
1785136091.8326340
1785136091.8326340
1785136091.8326340
1785136091.8326340
1785136091.8326340
1785136091.8326340
1785136091.8326340
1785136091.8326340
1785136091.8326340
1785136091.8326340
1785136091.8326340
1785136091.8326340
1785136091.8326340
1785136091.8326340
1785136091.8326340
1785136091.8326340
1785136091.8326340
1785136091.8326340
1785136091.8326340
1785136091.8326340
1785136091.8326340
1785136091.8328559
1785136091.8328559
1785136091.8328559
1785136091.8328559
1785136091.8328559
1785136091.8328559
1785136091.8328559
1785136091.8328559
1785136091.8328559
1785136091.8328559
1785136091.8328559
1785136091.8328559
1785136091.8328559
1785136091.8328559
1785136091.8328559
1785136091.8328559
1785136091.8328559
1785136091.8328559
1785136091.8328559
1785136091.8328559
1785136091.8328559
1785136091.8328559
1785136091.8328559
1785136091.8328559
1785136091.8328559
1785136091.8328559
1785136091.8328559
1785136091.8328559
1785136091.8328559
1785136091.8328559
1785136091.8328559
1785136091.8328559
1785136091.8330779
1785136091.8330779
1785136091.8330779
1785136091.8330779
1785136091.8330779
1785136091.8330779
1785136091.8330779
1785136091.8330779
1785136091.8330779
1785136091.8330779
1785136091.8330779
1785136091.8330779
1785136091.8330779
1785136091.8330779
1785136091.8330779
1785136091.8330779
1785136091.8330779
1785136091.8330779
1785136091.8330779
1785136091.8330779
1785136091.8330779
1785136091.8330779
1785136091.8330779
1785136091.8330779
1785136091.8330779
1785136091.8330779
1785136091.8330779
1785136091.8330779
1785136091.8330779
1785136091.8330779
1785136091.8330779
1785136091.8330779
1785136091.8333001
1785136091.8333001
1785136091.8333001
1785136091.8333001
1785136091.8333001
1785136091.8333001
1785136091.8333001
1785136091.8333001
1785136091.8333001
1785136091.8333001
1785136091.8333001
1785136091.8333001
1785136091.8333001
1785136091.8333001
1785136091.8333001
1785136091.8333001
1785136091.8333001
1785136091.8333001
1785136091.8333001
1785136091.8333001
1785136091.8333001
1785136091.8333001
1785136091.8333001
1785136091.8333001
1785136091.8333001
1785136091.8333001
1785136091.8333001
1785136091.8333001
1785136091.8333001
1785136091.8333001
1785136091.8333001
1785136091.8333001
1785136091.8335221
1785136091.8335221
1785136091.8335221
1785136091.8335221
1785136091.8335221
1785136091.8335221
1785136091.8335221
1785136091.8335221
1785136091.8335221
1785136091.8335221
1785136091.8335221
1785136091.8335221
1785136091.8335221
1785136091.8335221
1785136091.8335221
1785136091.8335221
1785136091.8335221
1785136091.8335221
1785136091.8335221
1785136091.8335221
1785136091.8335221
1785136091.8335221
1785136091.8335221
1785136091.8335221
1785136091.8335221
1785136091.8335221
1785136091.8335221
1785136091.8335221
1785136091.8335221
1785136091.8335221
1785136091.8335221
1785136091.8335221
1785136091.8337440
1785136091.8337440
1785136091.8337440
1785136091.8337440
1785136091.8337440
1785136091.8337440
1785136091.8337440
1785136091.8337440
1785136091.8337440
1785136091.8337440
1785136091.8337440
1785136091.8337440
1785136091.8337440
1785136091.8337440
1785136091.8337440
1785136091.8337440
1785136091.8337440
1785136091.8337440
1785136091.8337440
1785136091.8337440
1785136091.8337440
1785136091.8337440
1785136091.8337440
1785136091.8337440
1785136091.8337440
1785136091.8337440
1785136091.8337440
1785136091.8337440
1785136091.8337440
1785136091.8337440
1785136091.8337440
1785136091.8337440
1785136091.8339670
1785136091.8339670
1785136091.8339670
1785136091.8339670
1785136091.8339670
1785136091.8339670
1785136091.8339670
1785136091.8339670
1785136091.8339670
1785136091.8339670
1785136091.8339670
1785136091.8339670
1785136091.8339670
1785136091.8339670
1785136091.8339670
1785136091.8339670
1785136091.8339670
1785136091.8339670
1785136091.8339670
1785136091.8339670
1785136091.8339670
1785136091.8339670
1785136091.8339670
1785136091.8339670
1785136091.8339670
1785136091.8339670
1785136091.8339670
1785136091.8339670
1785136091.8339670
1785136091.8339670
1785136091.8339670
1785136091.8339670
1785136091.8339670
1785136091.8339670
1785136091.8339670
1785136091.8341889
1785136091.8341889
1785136091.8341889
1785136091.8341889
1785136091.8341889
1785136091.8341889
1785136091.8341889
1785136091.8341889
1785136091.8341889
1785136091.8341889
1785136091.8341889
1785136091.8341889
1785136091.8341889
1785136091.8341889
1785136091.8341889
1785136091.8341889
1785136091.8341889
1785136091.8341889
1785136091.8341889
1785136091.8341889
1785136091.8341889
1785136091.8341889
1785136091.8341889
1785136091.8341889
1785136091.8341889
1785136091.8341889
1785136091.8341889
1785136091.8341889
1785136091.8341889
1785136091.8341889
1785136091.8341889
1785136091.8341889
1785136091.8341889
1785136091.8341889
1785136091.8341889
1785136091.8341889
1785136091.8341889
1785136091.8341889
1785136091.8341889
1785136091.8341889
1785136091.8341889
1785136091.8341889
1785136091.8341889
1785136091.8341889
1785136091.8341889
1785136091.8341889
1785136091.8341889
1785136091.8341889
1785136091.8344109
1785136091.8344109
1785136091.8344109
1785136091.8344109
1785136091.8344109
1785136091.8344109
1785136091.8344109
1785136091.8344109
1785136091.8344109
1785136091.8344109
1785136091.8344109
1785136091.8344109
1785136091.8344109
1785136091.8344109
1785136091.8344109
1785136091.8344109
1785136091.8344109
1785136091.8344109
1785136091.8344109
1785136091.8344109
1785136091.8344109
1785136091.8344109
1785136091.8344109
1785136091.8344109
1785136091.8344109
1785136091.8344109
1785136091.8344109
1785136091.8344109
1785136091.8344109
1785136091.8344109
1785136091.8344109
1785136091.8344109
1785136091.8344109
1785136091.8344109
1785136091.8344109
1785136091.8344109
1785136091.8344109
1785136091.8344109
1785136091.8344109
1785136091.8344109
1785136091.8344109
1785136091.8344109
1785136091.8344109
1785136091.8344109
1785136091.8344109
1785136091.8344109
1785136091.8344109
1785136091.8346331
1785136091.8346331
1785136091.8346331
1785136091.8346331
1785136091.8346331
1785136091.8346331
1785136091.8346331
1785136091.8346331
1785136091.8346331
1785136091.8346331
1785136091.8346331
1785136091.8346331
1785136091.8346331
1785136091.8346331
1785136091.8346331
1785136091.8346331
1785136091.8346331
1785136091.8346331
1785136091.8346331
1785136091.8346331
1785136091.8346331
1785136091.8346331
1785136091.8346331
1785136091.8346331
1785136091.8346331
1785136091.8346331
1785136091.8346331
1785136091.8346331
1785136091.8346331
1785136091.8346331
1785136091.8346331
1785136091.8346331
1785136091.8346331
1785136091.8346331
1785136091.8346331
1785136091.8346331
1785136091.8346331
1785136091.8346331
1785136091.8346331
1785136091.8346331
1785136091.8346331
1785136091.8346331
1785136091.8346331
1785136091.8346331
1785136091.8346331
1785136091.8346331
1785136091.8346331
1785136091.8346331
1785136091.8348560
1785136091.8348560
1785136091.8348560
1785136091.8348560
1785136091.8348560
1785136091.8348560
1785136091.8348560
1785136091.8348560
1785136091.8348560
1785136091.8348560
1785136091.8348560
1785136091.8348560
1785136091.8348560
1785136091.8348560
1785136091.8348560
1785136091.8348560
1785136091.8348560
1785136091.8348560
1785136091.8348560
1785136091.8348560
1785136091.8348560
1785136091.8348560
1785136091.8348560
1785136091.8348560
1785136091.8348560
1785136091.8348560
1785136091.8348560
1785136091.8348560
1785136091.8348560
1785136091.8348560
1785136091.8348560
1785136091.8348560
1785136091.8348560
1785136091.8348560
1785136091.8348560
1785136091.8348560
1785136091.8348560
1785136091.8348560
1785136091.8348560
1785136091.8348560
1785136091.8348560
1785136091.8348560
1785136091.8348560
1785136091.8348560
1785136091.8348560
1785136091.8348560
1785136091.8348560
1785136091.8348560
1785136091.8348560
1785136091.8350780
1785136091.8350780
1785136091.8350780
1785136091.8350780
1785136091.8350780
1785136091.8350780
1785136091.8350780
1785136091.8350780
1785136091.8350780
1785136091.8350780
1785136091.8350780
1785136091.8350780
1785136091.8350780
1785136091.8350780
1785136091.8350780
1785136091.8350780
1785136091.8350780
1785136091.8350780
1785136091.8350780
1785136091.8350780
1785136091.8350780
1785136091.8350780
1785136091.8350780
1785136091.8350780
1785136091.8350780
1785136091.8350780
1785136091.8350780
1785136091.8350780
1785136091.8350780
1785136091.8350780
1785136091.8350780
1785136091.8350780
1785136091.8350780
1785136091.8350780
1785136091.8350780
1785136091.8350780
1785136091.8350780
1785136091.8350780
1785136091.8350780
1785136091.8350780
1785136091.8350780
1785136091.8350780
1785136091.8350780
1785136091.8350780
1785136091.8350780
1785136091.8350780
1785136091.8350780
1785136091.8350780
1785136091.8350780
1785136091.8352990
1785136091.8352990
1785136091.8352990
1785136091.8352990
1785136091.8352990
1785136091.8352990
1785136091.8352990
1785136091.8352990
1785136091.8352990
1785136091.8352990
1785136091.8352990
1785136091.8352990
1785136091.8352990
1785136091.8352990
1785136091.8352990
1785136091.8352990
1785136091.8352990
1785136091.8352990
1785136091.8352990
1785136091.8352990
1785136091.8352990
1785136091.8352990
1785136091.8352990
1785136091.8352990
1785136091.8352990
1785136091.8352990
1785136091.8352990
1785136091.8352990
1785136091.8352990
1785136091.8352990
1785136091.8352990
1785136091.8352990
1785136091.8352990
1785136091.8352990
1785136091.8352990
1785136091.8352990
1785136091.8352990
1785136091.8352990
1785136091.8352990
1785136091.8352990
1785136091.8352990
1785136091.8352990
1785136091.8352990
1785136091.8352990
1785136091.8352990
1785136091.8352990
1785136091.8352990
1785136091.8352990
1785136091.8352990
1785136091.8355219
1785136091.8355219
1785136091.8355219
1785136091.8355219
1785136091.8355219
1785136091.8355219
1785136091.8355219
1785136091.8355219
1785136091.8355219
1785136091.8355219
1785136091.8355219
1785136091.8355219
1785136091.8355219
1785136091.8355219
1785136091.8355219
1785136091.8355219
1785136091.8355219
1785136091.8355219
1785136091.8355219
1785136091.8355219
1785136091.8355219
1785136091.8355219
1785136091.8355219
1785136091.8355219
1785136091.8355219
1785136091.8355219
1785136091.8355219
1785136091.8355219
1785136091.8355219
1785136091.8355219
1785136091.8355219
1785136091.8355219
1785136091.8355219
1785136091.8355219
1785136091.8355219
1785136091.8355219
1785136091.8355219
1785136091.8355219
1785136091.8355219
1785136091.8355219
1785136091.8355219
1785136091.8355219
1785136091.8355219
1785136091.8355219
1785136091.8355219
1785136091.8355219
1785136091.8355219
1785136091.8355219
1785136091.8355219
1785136091.8357439
1785136091.8357439
1785136091.8357439
1785136091.8357439
1785136091.8357439
1785136091.8357439
1785136091.8357439
1785136091.8357439
1785136091.8357439
1785136091.8357439
1785136091.8357439
1785136091.8357439
1785136091.8357439
1785136091.8357439
1785136091.8357439
1785136091.8357439
1785136091.8357439
1785136091.8357439
1785136091.8357439
1785136091.8357439
1785136091.8357439
1785136091.8357439
1785136091.8357439
1785136091.8357439
1785136091.8357439
1785136091.8357439
1785136091.8357439
1785136091.8357439
1785136091.8357439
1785136091.8357439
1785136091.8357439
1785136091.8357439
1785136091.8357439
1785136091.8357439
1785136091.8357439
1785136091.8357439
1785136091.8357439
1785136091.8357439
1785136091.8357439
1785136091.8357439
1785136091.8357439
1785136091.8357439
1785136091.8357439
1785136091.8357439
1785136091.8357439
1785136091.8357439
1785136091.8357439
1785136091.8357439
1785136091.8357439
1785136091.8359671
1785136091.8359671
1785136091.8359671
1785136091.8359671
1785136091.8359671
1785136091.8359671
1785136091.8359671
1785136091.8359671
1785136091.8359671
1785136091.8359671
1785136091.8359671
1785136091.8359671
1785136091.8359671
1785136091.8359671
1785136091.8359671
1785136091.8359671
1785136091.8359671
1785136091.8359671
1785136091.8359671
1785136091.8359671
1785136091.8359671
1785136091.8359671
1785136091.8359671
1785136091.8359671
1785136091.8359671
1785136091.8359671
1785136091.8359671
1785136091.8359671
1785136091.8359671
1785136091.8359671
1785136091.8359671
1785136091.8359671
1785136091.8359671
1785136091.8359671
1785136091.8359671
1785136091.8359671
1785136091.8359671
1785136091.8359671
1785136091.8359671
1785136091.8359671
1785136091.8359671
1785136091.8359671
1785136091.8359671
1785136091.8359671
1785136091.8359671
1785136091.8359671
1785136091.8359671
1785136091.8359671
1785136091.8359671
1785136091.8361890
1785136091.8361890
1785136091.8361890
1785136091.8361890
1785136091.8361890
1785136091.8361890
1785136091.8361890
1785136091.8361890
1785136091.8361890
1785136091.8361890
1785136091.8361890
1785136091.8361890
1785136091.8361890
1785136091.8361890
1785136091.8361890
1785136091.8361890
1785136091.8361890
1785136091.8361890
1785136091.8361890
1785136091.8361890
1785136091.8361890
1785136091.8361890
1785136091.8361890
1785136091.8361890
1785136091.8361890
1785136091.8361890
1785136091.8361890
1785136091.8361890
1785136091.8361890
1785136091.8361890
1785136091.8361890
1785136091.8361890
1785136091.8361890
1785136091.8361890
1785136091.8361890
1785136091.8361890
1785136091.8361890
1785136091.8361890
1785136091.8361890
1785136091.8361890
1785136091.8361890
1785136091.8361890
1785136091.8361890
1785136091.8361890
1785136091.8361890
1785136091.8361890
1785136091.8361890
1785136091.8361890
1785136091.8361890
1785136091.8364110
1785136091.8364110
1785136091.8364110
1785136091.8364110
1785136091.8364110
1785136091.8364110
1785136091.8364110
1785136091.8364110
1785136091.8364110
1785136091.8364110
1785136091.8364110
1785136091.8364110
1785136091.8364110
1785136091.8364110
1785136091.8364110
1785136091.8364110
1785136091.8364110
1785136091.8364110
1785136091.8364110
1785136091.8364110
1785136091.8364110
1785136091.8364110
1785136091.8364110
1785136091.8364110
1785136091.8364110
1785136091.8364110
1785136091.8364110
1785136091.8364110
1785136091.8364110
1785136091.8364110
1785136091.8364110
1785136091.8364110
1785136091.8364110
1785136091.8364110
1785136091.8364110
1785136091.8364110
1785136091.8364110
1785136091.8364110
1785136091.8364110
1785136091.8364110
1785136091.8364110
1785136091.8364110
1785136091.8364110
1785136091.8364110
1785136091.8364110
1785136091.8364110
1785136091.8364110
1785136091.8364110
1785136091.8366330
1785136091.8366330
1785136091.8366330
1785136091.8366330
1785136091.8366330
1785136091.8366330
1785136091.8366330
1785136091.8366330
1785136091.8366330
1785136091.8366330
1785136091.8366330
1785136091.8366330
1785136091.8366330
1785136091.8366330
1785136091.8366330
1785136091.8366330
1785136091.8366330
1785136091.8366330
1785136091.8366330
1785136091.8366330
1785136091.8366330
1785136091.8366330
1785136091.8366330
1785136091.8366330
1785136091.8366330
1785136091.8366330
1785136091.8366330
1785136091.8366330
1785136091.8366330
1785136091.8366330
1785136091.8366330
1785136091.8366330
1785136091.8366330
1785136091.8366330
1785136091.8366330
1785136091.8366330
1785136091.8366330
1785136091.8366330
1785136091.8366330
1785136091.8366330
1785136091.8366330
1785136091.8366330
1785136091.8366330
1785136091.8366330
1785136091.8366330
1785136091.8366330
1785136091.8366330
1785136091.8366330
1785136091.8368549
1785136091.8368549
1785136091.8368549
1785136091.8368549
1785136091.8368549
1785136091.8368549
1785136091.8368549
1785136091.8368549
1785136091.8368549
1785136091.8368549
1785136091.8368549
1785136091.8368549
1785136091.8368549
1785136091.8368549
1785136091.8368549
1785136091.8368549
1785136091.8368549
1785136091.8368549
1785136091.8368549
1785136091.8368549
1785136091.8368549
1785136091.8368549
1785136091.8368549
1785136091.8368549
1785136091.8368549
1785136091.8368549
1785136091.8368549
1785136091.8368549
1785136091.8368549
1785136091.8368549
1785136091.8368549
1785136091.8368549
1785136091.8368549
1785136091.8368549
1785136091.8368549
1785136091.8368549
1785136091.8368549
1785136091.8368549
1785136091.8368549
1785136091.8368549
1785136091.8368549
1785136091.8368549
1785136091.8368549
1785136091.8368549
1785136091.8368549
1785136091.8368549
1785136091.8368549
1785136091.8368549
1785136091.8370781
1785136091.8370781
1785136091.8370781
1785136091.8370781
1785136091.8370781
1785136091.8370781
1785136091.8370781
1785136091.8370781
1785136091.8370781
1785136091.8370781
1785136091.8370781
1785136091.8370781
1785136091.8370781
1785136091.8370781
1785136091.8370781
1785136091.8370781
1785136091.8370781
1785136091.8370781
1785136091.8370781
1785136091.8370781
1785136091.8370781
1785136091.8370781
1785136091.8370781
1785136091.8370781
1785136091.8370781
1785136091.8370781
1785136091.8370781
1785136091.8370781
1785136091.8370781
1785136091.8370781
1785136091.8370781
1785136091.8370781
1785136091.8370781
1785136091.8370781
1785136091.8370781
1785136091.8370781
1785136091.8370781
1785136091.8370781
1785136091.8370781
1785136091.8370781
1785136091.8370781
1785136091.8370781
1785136091.8370781
1785136091.8370781
1785136091.8370781
1785136091.8370781
1785136091.8370781
1785136091.8370781
1785136091.8373001
1785136091.8373001
1785136091.8373001
1785136091.8373001
1785136091.8373001
1785136091.8373001
1785136091.8373001
1785136091.8373001
1785136091.8373001
1785136091.8373001
1785136091.8373001
1785136091.8373001
1785136091.8373001
1785136091.8373001
1785136091.8373001
1785136091.8373001
1785136091.8373001
1785136091.8373001
1785136091.8373001
1785136091.8373001
1785136091.8373001
1785136091.8373001
1785136091.8373001
1785136091.8373001
1785136091.8373001
1785136091.8373001
1785136091.8373001
1785136091.8373001
1785136091.8373001
1785136091.8373001
1785136091.8373001
1785136091.8373001
1785136091.8373001
1785136091.8373001
1785136091.8373001
1785136091.8373001
1785136091.8373001
1785136091.8373001
1785136091.8373001
1785136091.8373001
1785136091.8373001
1785136091.8373001
1785136091.8373001
1785136091.8373001
1785136091.8373001
1785136091.8373001
1785136091.8373001
1785136091.8373001
1785136091.8375220
1785136091.8375220
1785136091.8375220
1785136091.8375220
1785136091.8375220
1785136091.8375220
1785136091.8375220
1785136091.8375220
1785136091.8375220
1785136091.8375220
1785136091.8375220
1785136091.8375220
1785136091.8375220
1785136091.8375220
1785136091.8375220
1785136091.8375220
1785136091.8375220
1785136091.8375220
1785136091.8375220
1785136091.8375220
1785136091.8375220
1785136091.8375220
1785136091.8375220
1785136091.8375220
1785136091.8375220
1785136091.8375220
1785136091.8375220
1785136091.8375220
1785136091.8375220
1785136091.8375220
1785136091.8375220
1785136091.8375220
1785136091.8375220
1785136091.8375220
1785136091.8375220
1785136091.8375220
1785136091.8375220
1785136091.8375220
1785136091.8375220
1785136091.8375220
1785136091.8375220
1785136091.8375220
1785136091.8375220
1785136091.8375220
1785136091.8375220
1785136091.8375220
1785136091.8375220
1785136091.8375220
1785136091.8375220
1785136091.8375220
1785136091.8377440
1785136091.8377440
1785136091.8377440
1785136091.8377440
1785136091.8377440
1785136091.8377440
1785136091.8377440
1785136091.8377440
1785136091.8377440
1785136091.8377440
1785136091.8377440
1785136091.8377440
1785136091.8377440
1785136091.8377440
1785136091.8377440
1785136091.8377440
1785136091.8377440
1785136091.8377440
1785136091.8377440
1785136091.8377440
1785136091.8377440
1785136091.8377440
1785136091.8377440
1785136091.8377440
1785136091.8377440
1785136091.8377440
1785136091.8377440
1785136091.8377440
1785136091.8377440
1785136091.8377440
1785136091.8377440
1785136091.8377440
1785136091.8377440
1785136091.8377440
1785136091.8377440
1785136091.8377440
1785136091.8377440
1785136091.8377440
1785136091.8377440
1785136091.8377440
1785136091.8377440
1785136091.8377440
1785136091.8377440
1785136091.8377440
1785136091.8377440
1785136091.8377440
1785136091.8377440
1785136091.8377440
1785136091.8377440
1785136091.8377440
1785136091.8377440
1785136091.8377440
1785136091.8377440
1785136091.8379669
1785136091.8379669
1785136091.8379669
1785136091.8379669
1785136091.8379669
1785136091.8379669
1785136091.8379669
1785136091.8379669
1785136091.8379669
1785136091.8379669
1785136091.8379669
1785136091.8379669
1785136091.8379669
1785136091.8379669
1785136091.8379669
1785136091.8379669
1785136091.8379669
1785136091.8379669
1785136091.8379669
1785136091.8379669
1785136091.8379669
1785136091.8379669
1785136091.8379669
1785136091.8379669
1785136091.8379669
1785136091.8379669
1785136091.8379669
1785136091.8379669
1785136091.8379669
1785136091.8379669
1785136091.8379669
1785136091.8379669
1785136091.8379669
1785136091.8379669
1785136091.8379669
1785136091.8379669
1785136091.8379669
1785136091.8379669
1785136091.8379669
1785136091.8379669
1785136091.8379669
1785136091.8379669
1785136091.8379669
1785136091.8379669
1785136091.8379669
1785136091.8379669
1785136091.8379669
1785136091.8379669
1785136091.8379669
1785136091.8379669
1785136091.8379669
1785136091.8381879
1785136091.8381879
1785136091.8381879
1785136091.8381879
1785136091.8381879
1785136091.8381879
1785136091.8381879
1785136091.8381879
1785136091.8381879
1785136091.8381879
1785136091.8381879
1785136091.8381879
1785136091.8381879
1785136091.8381879
1785136091.8381879
1785136091.8381879
1785136091.8381879
1785136091.8381879
1785136091.8381879
1785136091.8381879
1785136091.8381879
1785136091.8381879
1785136091.8381879
1785136091.8381879
1785136091.8381879
1785136091.8381879
1785136091.8381879
1785136091.8381879
1785136091.8381879
1785136091.8381879
1785136091.8381879
1785136091.8381879
1785136091.8381879
1785136091.8381879
1785136091.8381879
1785136091.8381879
1785136091.8381879
1785136091.8381879
1785136091.8381879
1785136091.8381879
1785136091.8381879
1785136091.8381879
1785136091.8381879
1785136091.8381879
1785136091.8381879
1785136091.8381879
1785136091.8381879
1785136091.8381879
1785136091.8381879
1785136091.8381879
1785136091.8381879
1785136091.8384089
1785136091.8384089
1785136091.8384089
1785136091.8384089
1785136091.8384089
1785136091.8384089
1785136091.8384089
1785136091.8384089
1785136091.8384089
1785136091.8384089
1785136091.8384089
1785136091.8384089
1785136091.8384089
1785136091.8384089
1785136091.8384089
1785136091.8384089
1785136091.8384089
1785136091.8384089
1785136091.8384089
1785136091.8384089
1785136091.8384089
1785136091.8384089
1785136091.8384089
1785136091.8384089
1785136091.8384089
1785136091.8384089
1785136091.8384089
1785136091.8384089
1785136091.8384089
1785136091.8384089
1785136091.8384089
1785136091.8384089
1785136091.8384089
1785136091.8384089
1785136091.8384089
1785136091.8384089
1785136091.8384089
1785136091.8384089
1785136091.8384089
1785136091.8384089
1785136091.8384089
1785136091.8384089
1785136091.8384089
1785136091.8384089
1785136091.8384089
1785136091.8384089
1785136091.8384089
1785136091.8384089
1785136091.8386331
1785136091.8386331
1785136091.8386331
1785136091.8386331
1785136091.8386331
1785136091.8386331
1785136091.8386331
1785136091.8386331
1785136091.8386331
1785136091.8386331
1785136091.8386331
1785136091.8386331
1785136091.8386331
1785136091.8386331
1785136091.8386331
1785136091.8386331
1785136091.8386331
1785136091.8386331
1785136091.8386331
1785136091.8386331
1785136091.8386331
1785136091.8386331
1785136091.8386331
1785136091.8386331
1785136091.8386331
1785136091.8386331
1785136091.8386331
1785136091.8386331
1785136091.8386331
1785136091.8386331
1785136091.8386331
1785136091.8386331
1785136091.8386331
1785136091.8386331
1785136091.8386331
1785136091.8386331
1785136091.8386331
1785136091.8386331
1785136091.8386331
1785136091.8386331
1785136091.8386331
1785136091.8386331
1785136091.8386331
1785136091.8386331
1785136091.8386331
1785136091.8386331
1785136091.8386331
1785136091.8388550
1785136091.8388550
1785136091.8388550
1785136091.8388550
1785136091.8388550
1785136091.8388550
1785136091.8388550
1785136091.8388550
1785136091.8388550
1785136091.8388550
1785136091.8388550
1785136091.8388550
1785136091.8388550
1785136091.8388550
1785136091.8388550
1785136091.8388550
1785136091.8388550
1785136091.8388550
1785136091.8388550
1785136091.8388550
1785136091.8388550
1785136091.8388550
1785136091.8388550
1785136091.8388550
1785136091.8388550
1785136091.8388550
1785136091.8388550
1785136091.8388550
1785136091.8388550
1785136091.8388550
1785136091.8388550
1785136091.8388550
1785136091.8388550
1785136091.8388550
1785136091.8388550
1785136091.8388550
1785136091.8388550
1785136091.8388550
1785136091.8388550
1785136091.8388550
1785136091.8388550
1785136091.8388550
1785136091.8388550
1785136091.8388550
1785136091.8388550
1785136091.8388550
1785136091.8388550
1785136091.8390770
1785136091.8390770
1785136091.8390770
1785136091.8390770
1785136091.8390770
1785136091.8390770
1785136091.8390770
1785136091.8390770
1785136091.8390770
1785136091.8390770
1785136091.8390770
1785136091.8390770
1785136091.8390770
1785136091.8390770
1785136091.8390770
1785136091.8390770
1785136091.8390770
1785136091.8390770
1785136091.8390770
1785136091.8390770
1785136091.8390770
1785136091.8390770
1785136091.8390770
1785136091.8390770
1785136091.8390770
1785136091.8390770
1785136091.8390770
1785136091.8390770
1785136091.8390770
1785136091.8390770
1785136091.8390770
1785136091.8390770
1785136091.8390770
1785136091.8390770
1785136091.8390770
1785136091.8390770
1785136091.8390770
1785136091.8390770
1785136091.8390770
1785136091.8390770
1785136091.8390770
1785136091.8390770
1785136091.8390770
1785136091.8390770
1785136091.8390770
1785136091.8390770
1785136091.8390770
1785136091.8392990
1785136091.8392990
1785136091.8392990
1785136091.8392990
1785136091.8392990
1785136091.8392990
1785136091.8392990
1785136091.8392990
1785136091.8392990
1785136091.8392990
1785136091.8392990
1785136091.8392990
1785136091.8392990
1785136091.8392990
1785136091.8392990
1785136091.8392990
1785136091.8392990
1785136091.8392990
1785136091.8392990
1785136091.8392990
1785136091.8392990
1785136091.8392990
1785136091.8392990
1785136091.8392990
1785136091.8392990
1785136091.8392990
1785136091.8392990
1785136091.8392990
1785136091.8392990
1785136091.8392990
1785136091.8392990
1785136091.8392990
1785136091.8392990
1785136091.8392990
1785136091.8392990
1785136091.8392990
1785136091.8392990
1785136091.8392990
1785136091.8392990
1785136091.8392990
1785136091.8392990
1785136091.8392990
1785136091.8392990
1785136091.8392990
1785136091.8392990
1785136091.8392990
1785136091.8395219
1785136091.8395219
1785136091.8395219
1785136091.8395219
1785136091.8395219
1785136091.8395219
1785136091.8395219
1785136091.8395219
1785136091.8395219
1785136091.8395219
1785136091.8395219
1785136091.8395219
1785136091.8395219
1785136091.8395219
1785136091.8395219
1785136091.8395219
1785136091.8395219
1785136091.8395219
1785136091.8395219
1785136091.8395219
1785136091.8395219
1785136091.8395219
1785136091.8395219
1785136091.8395219
1785136091.8395219
1785136091.8395219
1785136091.8395219
1785136091.8395219
1785136091.8395219
1785136091.8395219
1785136091.8395219
1785136091.8395219
1785136091.8395219
1785136091.8395219
1785136091.8395219
1785136091.8395219
1785136091.8395219
1785136091.8395219
1785136091.8395219
1785136091.8395219
1785136091.8395219
1785136091.8395219
1785136091.8395219
1785136091.8395219
1785136091.8395219
1785136091.8395219
1785136091.8397441
1785136091.8397441
1785136091.8397441
1785136091.8397441
1785136091.8397441
1785136091.8397441
1785136091.8397441
1785136091.8397441
1785136091.8397441
1785136091.8397441
1785136091.8397441
1785136091.8397441
1785136091.8397441
1785136091.8397441
1785136091.8397441
1785136091.8397441
1785136091.8397441
1785136091.8397441
1785136091.8397441
1785136091.8397441
1785136091.8397441
1785136091.8397441
1785136091.8397441
1785136091.8397441
1785136091.8397441
1785136091.8397441
1785136091.8397441
1785136091.8397441
1785136091.8397441
1785136091.8397441
1785136091.8397441
1785136091.8397441
1785136091.8397441
1785136091.8397441
1785136091.8397441
1785136091.8397441
1785136091.8397441
1785136091.8397441
1785136091.8397441
1785136091.8397441
1785136091.8397441
1785136091.8397441
1785136091.8397441
1785136091.8397441
1785136091.8397441
1785136091.8397441
1785136091.8399661
1785136091.8399661
1785136091.8399661
1785136091.8399661
1785136091.8399661
1785136091.8399661
1785136091.8399661
1785136091.8399661
1785136091.8399661
1785136091.8399661
1785136091.8399661
1785136091.8399661
1785136091.8399661
1785136091.8399661
1785136091.8399661
1785136091.8399661
1785136091.8399661
1785136091.8399661
1785136091.8399661
1785136091.8399661
1785136091.8399661
1785136091.8399661
1785136091.8399661
1785136091.8399661
1785136091.8399661
1785136091.8399661
1785136091.8399661
1785136091.8399661
1785136091.8399661
1785136091.8399661
1785136091.8399661
1785136091.8399661
1785136091.8399661
1785136091.8399661
1785136091.8399661
1785136091.8399661
1785136091.8399661
1785136091.8399661
1785136091.8399661
1785136091.8399661
1785136091.8399661
1785136091.8399661
1785136091.8399661
1785136091.8399661
1785136091.8399661
1785136091.8399661
1785136091.8401890
1785136091.8401890
1785136091.8401890
1785136091.8401890
1785136091.8401890
1785136091.8401890
1785136091.8401890
1785136091.8401890
1785136091.8401890
1785136091.8401890
1785136091.8401890
1785136091.8401890
1785136091.8401890
1785136091.8401890
1785136091.8401890
1785136091.8401890
1785136091.8401890
1785136091.8401890
1785136091.8401890
1785136091.8401890
1785136091.8401890
1785136091.8401890
1785136091.8401890
1785136091.8401890
1785136091.8401890
1785136091.8401890
1785136091.8401890
1785136091.8401890
1785136091.8401890
1785136091.8401890
1785136091.8401890
1785136091.8401890
1785136091.8401890
1785136091.8401890
1785136091.8401890
1785136091.8401890
1785136091.8401890
1785136091.8401890
1785136091.8401890
1785136091.8401890
1785136091.8401890
1785136091.8401890
1785136091.8401890
1785136091.8401890
1785136091.8401890
1785136091.8401890
1785136091.8404100
1785136091.8404100
1785136091.8404100
1785136091.8404100
1785136091.8404100
1785136091.8404100
1785136091.8404100
1785136091.8404100
1785136091.8404100
1785136091.8404100
1785136091.8404100
1785136091.8404100
1785136091.8404100
1785136091.8404100
1785136091.8404100
1785136091.8404100
1785136091.8404100
1785136091.8404100
1785136091.8404100
1785136091.8404100
1785136091.8404100
1785136091.8404100
1785136091.8404100
1785136091.8404100
1785136091.8404100
1785136091.8404100
1785136091.8404100
1785136091.8404100
1785136091.8404100
1785136091.8404100
1785136091.8404100
1785136091.8404100
1785136091.8404100
1785136091.8404100
1785136091.8404100
1785136091.8404100
1785136091.8404100
1785136091.8404100
1785136091.8404100
1785136091.8404100
1785136091.8404100
1785136091.8404100
1785136091.8404100
1785136091.8404100
1785136091.8404100
1785136091.8404100
1785136091.8404100
1785136091.8406320
1785136091.8406320
1785136091.8406320
1785136091.8406320
1785136091.8406320
1785136091.8406320
1785136091.8406320
1785136091.8406320
1785136091.8406320
1785136091.8406320
1785136091.8406320
1785136091.8406320
1785136091.8406320
1785136091.8406320
1785136091.8406320
1785136091.8406320
1785136091.8406320
1785136091.8406320
1785136091.8406320
1785136091.8406320
1785136091.8406320
1785136091.8406320
1785136091.8406320
1785136091.8406320
1785136091.8406320
1785136091.8406320
1785136091.8406320
1785136091.8406320
1785136091.8406320
1785136091.8406320
1785136091.8406320
1785136091.8406320
1785136091.8406320
1785136091.8406320
1785136091.8406320
1785136091.8406320
1785136091.8406320
1785136091.8406320
1785136091.8406320
1785136091.8406320
1785136091.8406320
1785136091.8406320
1785136091.8406320
1785136091.8406320
1785136091.8406320
1785136091.8406320
1785136091.8406320
1785136091.8406320
1785136091.8406320
1785136091.8406320
1785136091.8406320
1785136091.8406320
1785136091.8406320
1785136091.8406320
1785136091.8406320
1785136091.8406320
1785136091.8408549
1785136091.8408549
1785136091.8408549
1785136091.8408549
1785136091.8408549
1785136091.8408549
1785136091.8408549
1785136091.8408549
1785136091.8408549
1785136091.8408549
1785136091.8408549
1785136091.8408549
1785136091.8408549
1785136091.8408549
1785136091.8408549
1785136091.8408549
1785136091.8408549
1785136091.8408549
1785136091.8408549
1785136091.8408549
1785136091.8408549
1785136091.8408549
1785136091.8408549
1785136091.8408549
1785136091.8408549
1785136091.8408549
1785136091.8408549
1785136091.8408549
1785136091.8408549
1785136091.8408549
1785136091.8408549
1785136091.8408549
1785136091.8408549
1785136091.8408549
1785136091.8408549
1785136091.8408549
1785136091.8408549
1785136091.8408549
1785136091.8408549
1785136091.8408549
1785136091.8408549
1785136091.8408549
1785136091.8408549
1785136091.8408549
1785136091.8408549
1785136091.8408549
1785136091.8408549
1785136091.8408549
1785136091.8408549
1785136091.8408549
1785136091.8408549
1785136091.8408549
1785136091.8408549
1785136091.8408549
1785136091.8408549
1785136091.8408549
1785136091.8408549
1785136091.8408549
1785136091.8408549
1785136091.8408549
1785136091.8408549
1785136091.8408549
1785136091.8408549
1785136091.8408549
1785136091.8408549
1785136091.8408549
1785136091.8408549
1785136091.8408549
1785136091.8408549
1785136091.8408549
1785136091.8408549
1785136091.8408549
1785136091.8410771
1785136091.8410771
1785136091.8410771
1785136091.8410771
1785136091.8410771
1785136091.8410771
1785136091.8410771
1785136091.8410771
1785136091.8410771
1785136091.8410771
1785136091.8410771
1785136091.8410771
1785136091.8410771
1785136091.8410771
1785136091.8410771
1785136091.8410771
1785136091.8410771
1785136091.8410771
1785136091.8410771
1785136091.8410771
1785136091.8410771
1785136091.8410771
1785136091.8410771
1785136091.8410771
1785136091.8410771
1785136091.8410771
1785136091.8410771
1785136091.8410771
1785136091.8410771
1785136091.8410771
1785136091.8410771
1785136091.8410771
1785136091.8410771
1785136091.8410771
1785136091.8410771
1785136091.8410771
1785136091.8410771
1785136091.8410771
1785136091.8410771
1785136091.8410771
1785136091.8410771
1785136091.8410771
1785136091.8410771
1785136091.8410771
1785136091.8410771
1785136091.8410771
1785136091.8410771
1785136091.8410771
1785136091.8410771
1785136091.8410771
1785136091.8410771
1785136091.8410771
1785136091.8410771
1785136091.8410771
1785136091.8410771
1785136091.8410771
1785136091.8410771
1785136091.8410771
1785136091.8412991
1785136091.8412991
1785136091.8412991
1785136091.8412991
1785136091.8412991
1785136091.8412991
1785136091.8412991
1785136091.8412991
1785136091.8412991
1785136091.8412991
1785136091.8412991
1785136091.8412991
1785136091.8412991
1785136091.8412991
1785136091.8412991
1785136091.8412991
1785136091.8412991
1785136091.8412991
1785136091.8412991
1785136091.8412991
1785136091.8412991
1785136091.8412991
1785136091.8412991
1785136091.8412991
1785136091.8412991
1785136091.8412991
1785136091.8412991
1785136091.8412991
1785136091.8412991
1785136091.8412991
1785136091.8412991
1785136091.8412991
1785136091.8412991
1785136091.8412991
1785136091.8412991
1785136091.8412991
1785136091.8412991
1785136091.8412991
1785136091.8412991
1785136091.8412991
1785136091.8412991
1785136091.8412991
1785136091.8412991
1785136091.8412991
1785136091.8412991
1785136091.8412991
1785136091.8412991
1785136091.8412991
1785136091.8412991
1785136091.8412991
1785136091.8412991
1785136091.8412991
1785136091.8412991
1785136091.8412991
1785136091.8412991
1785136091.8412991
1785136091.8412991
1785136091.8412991
1785136091.8412991
1785136091.8412991
1785136091.8415210
1785136091.8415210
1785136091.8415210
1785136091.8415210
1785136091.8415210
1785136091.8415210
1785136091.8415210
1785136091.8415210
1785136091.8415210
1785136091.8415210
1785136091.8415210
1785136091.8415210
1785136091.8415210
1785136091.8415210
1785136091.8415210
1785136091.8415210
1785136091.8415210
1785136091.8415210
1785136091.8415210
1785136091.8415210
1785136091.8415210
1785136091.8415210
1785136091.8415210
1785136091.8415210
1785136091.8415210
1785136091.8415210
1785136091.8415210
1785136091.8415210
1785136091.8415210
1785136091.8415210
1785136091.8415210
1785136091.8415210
1785136091.8415210
1785136091.8415210
1785136091.8415210
1785136091.8415210
1785136091.8415210
1785136091.8415210
1785136091.8415210
1785136091.8415210
1785136091.8415210
1785136091.8415210
1785136091.8415210
1785136091.8415210
1785136091.8415210
1785136091.8415210
1785136091.8415210
1785136091.8415210
1785136091.8415210
1785136091.8415210
1785136091.8415210
1785136091.8415210
1785136091.8415210
1785136091.8417430
1785136091.8417430
1785136091.8417430
1785136091.8417430
1785136091.8417430
1785136091.8417430
1785136091.8417430
1785136091.8417430
1785136091.8417430
1785136091.8417430
1785136091.8417430
1785136091.8417430
1785136091.8417430
1785136091.8417430
1785136091.8417430
1785136091.8417430
1785136091.8417430
1785136091.8417430
1785136091.8417430
1785136091.8417430
1785136091.8417430
1785136091.8417430
1785136091.8417430
1785136091.8417430
1785136091.8417430
1785136091.8417430
1785136091.8417430
1785136091.8417430
1785136091.8417430
1785136091.8417430
1785136091.8417430
1785136091.8417430
1785136091.8417430
1785136091.8417430
1785136091.8417430
1785136091.8417430
1785136091.8417430
1785136091.8417430
1785136091.8417430
1785136091.8417430
1785136091.8417430
1785136091.8417430
1785136091.8417430
1785136091.8417430
1785136091.8417430
1785136091.8417430
1785136091.8417430
1785136091.8417430
1785136091.8417430
1785136091.8417430
1785136091.8417430
1785136091.8417430
1785136091.8417430
1785136091.8417430
1785136091.8417430
1785136091.8417430
1785136091.8417430
1785136091.8417430
1785136091.8419659
1785136091.8419659
1785136091.8419659
1785136091.8419659
1785136091.8419659
1785136091.8419659
1785136091.8419659
1785136091.8419659
1785136091.8419659
1785136091.8419659
1785136091.8419659
1785136091.8419659
1785136091.8419659
1785136091.8419659
1785136091.8419659
1785136091.8419659
1785136091.8419659
1785136091.8419659
1785136091.8419659
1785136091.8419659
1785136091.8419659
1785136091.8419659
1785136091.8419659
1785136091.8419659
1785136091.8419659
1785136091.8419659
1785136091.8419659
1785136091.8419659
1785136091.8419659
1785136091.8419659
1785136091.8419659
1785136091.8419659
1785136091.8419659
1785136091.8419659
1785136091.8419659
1785136091.8419659
1785136091.8419659
1785136091.8419659
1785136091.8419659
1785136091.8419659
1785136091.8419659
1785136091.8419659
1785136091.8419659
1785136091.8419659
1785136091.8419659
1785136091.8419659
1785136091.8419659
1785136091.8419659
1785136091.8419659
1785136091.8419659
1785136091.8419659
1785136091.8419659
1785136091.8419659
1785136091.8419659
1785136091.8419659
1785136091.8419659
1785136091.8419659
1785136091.8419659
1785136091.8419659
1785136091.8421869
1785136091.8421869
1785136091.8421869
1785136091.8421869
1785136091.8421869
1785136091.8421869
1785136091.8421869
1785136091.8421869
1785136091.8421869
1785136091.8421869
1785136091.8421869
1785136091.8421869
1785136091.8421869
1785136091.8421869
1785136091.8421869
1785136091.8421869
1785136091.8421869
1785136091.8421869
1785136091.8421869
1785136091.8421869
1785136091.8421869
1785136091.8421869
1785136091.8421869
1785136091.8421869
1785136091.8421869
1785136091.8421869
1785136091.8421869
1785136091.8421869
1785136091.8421869
1785136091.8421869
1785136091.8421869
1785136091.8421869
1785136091.8421869
1785136091.8421869
1785136091.8421869
1785136091.8421869
1785136091.8421869
1785136091.8421869
1785136091.8421869
1785136091.8421869
1785136091.8421869
1785136091.8421869
1785136091.8421869
1785136091.8421869
1785136091.8421869
1785136091.8421869
1785136091.8421869
1785136091.8421869
1785136091.8421869
1785136091.8424101
1785136091.8424101
1785136091.8424101
1785136091.8424101
1785136091.8424101
1785136091.8424101
1785136091.8424101
1785136091.8424101
1785136091.8424101
1785136091.8424101
1785136091.8424101
1785136091.8424101
1785136091.8424101
1785136091.8424101
1785136091.8424101
1785136091.8424101
1785136091.8424101
1785136091.8424101
1785136091.8424101
1785136091.8424101
1785136091.8424101
1785136091.8424101
1785136091.8424101
1785136091.8424101
1785136091.8424101
1785136091.8424101
1785136091.8424101
1785136091.8424101
1785136091.8424101
1785136091.8424101
1785136091.8424101
1785136091.8424101
1785136091.8424101
1785136091.8424101
1785136091.8424101
1785136091.8424101
1785136091.8424101
1785136091.8424101
1785136091.8424101
1785136091.8424101
1785136091.8424101
1785136091.8424101
1785136091.8424101
1785136091.8424101
1785136091.8424101
1785136091.8424101
1785136091.8424101
1785136091.8424101
1785136091.8424101
1785136091.8426321
1785136091.8426321
1785136091.8426321
1785136091.8426321
1785136091.8426321
1785136091.8426321
1785136091.8426321
1785136091.8426321
1785136091.8426321
1785136091.8426321
1785136091.8426321
1785136091.8426321
1785136091.8426321
1785136091.8426321
1785136091.8426321
1785136091.8426321
1785136091.8426321
1785136091.8426321
1785136091.8426321
1785136091.8426321
1785136091.8426321
1785136091.8426321
1785136091.8426321
1785136091.8426321
1785136091.8426321
1785136091.8426321
1785136091.8426321
1785136091.8426321
1785136091.8426321
1785136091.8426321
1785136091.8426321
1785136091.8426321
1785136091.8426321
1785136091.8426321
1785136091.8426321
1785136091.8426321
1785136091.8426321
1785136091.8426321
1785136091.8426321
1785136091.8426321
1785136091.8426321
1785136091.8426321
1785136091.8426321
1785136091.8426321
1785136091.8426321
1785136091.8426321
1785136091.8426321
1785136091.8426321
1785136091.8426321
1785136091.8426321
1785136091.8426321
1785136091.8426321
1785136091.8426321
1785136091.8426321
1785136091.8426321
1785136091.8426321
1785136091.8426321
1785136091.8426321
1785136091.8426321
1785136091.8426321
1785136091.8426321
1785136091.8426321
1785136091.8426321
1785136091.8426321
1785136091.8426321
1785136091.8426321
1785136091.8426321
1785136091.8428550
1785136091.8428550
1785136091.8428550
1785136091.8428550
1785136091.8428550
1785136091.8428550
1785136091.8428550
1785136091.8428550
1785136091.8428550
1785136091.8428550
1785136091.8428550
1785136091.8428550
1785136091.8428550
1785136091.8428550
1785136091.8428550
1785136091.8428550
1785136091.8428550
1785136091.8428550
1785136091.8428550
1785136091.8428550
1785136091.8428550
1785136091.8428550
1785136091.8428550
1785136091.8428550
1785136091.8428550
1785136091.8428550
1785136091.8428550
1785136091.8428550
1785136091.8428550
1785136091.8428550
1785136091.8428550
1785136091.8428550
1785136091.8428550
1785136091.8428550
1785136091.8428550
1785136091.8428550
1785136091.8428550
1785136091.8428550
1785136091.8428550
1785136091.8428550
1785136091.8428550
1785136091.8428550
1785136091.8428550
1785136091.8428550
1785136091.8428550
1785136091.8428550
1785136091.8428550
1785136091.8428550
1785136091.8430769
1785136091.8430769
1785136091.8430769
1785136091.8430769
1785136091.8430769
1785136091.8430769
1785136091.8430769
1785136091.8430769
1785136091.8430769
1785136091.8430769
1785136091.8430769
1785136091.8430769
1785136091.8430769
1785136091.8430769
1785136091.8430769
1785136091.8430769
1785136091.8430769
1785136091.8430769
1785136091.8430769
1785136091.8430769
1785136091.8430769
1785136091.8430769
1785136091.8430769
1785136091.8430769
1785136091.8430769
1785136091.8430769
1785136091.8430769
1785136091.8430769
1785136091.8430769
1785136091.8430769
1785136091.8430769
1785136091.8430769
1785136091.8430769
1785136091.8430769
1785136091.8430769
1785136091.8430769
1785136091.8430769
1785136091.8430769
1785136091.8430769
1785136091.8430769
1785136091.8430769
1785136091.8430769
1785136091.8430769
1785136091.8430769
1785136091.8430769
1785136091.8432989
1785136091.8432989
1785136091.8432989
1785136091.8432989
1785136091.8432989
1785136091.8432989
1785136091.8432989
1785136091.8432989
1785136091.8432989
1785136091.8432989
1785136091.8432989
1785136091.8432989
1785136091.8432989
1785136091.8432989
1785136091.8432989
1785136091.8432989
1785136091.8432989
1785136091.8432989
1785136091.8432989
1785136091.8432989
1785136091.8432989
1785136091.8432989
1785136091.8432989
1785136091.8432989
1785136091.8432989
1785136091.8432989
1785136091.8432989
1785136091.8432989
1785136091.8432989
1785136091.8432989
1785136091.8432989
1785136091.8432989
1785136091.8432989
1785136091.8432989
1785136091.8432989
1785136091.8432989
1785136091.8432989
1785136091.8432989
1785136091.8432989
1785136091.8432989
1785136091.8432989
1785136091.8432989
1785136091.8432989
1785136091.8432989
1785136091.8432989
1785136091.8435211
1785136091.8435211
1785136091.8435211
1785136091.8435211
1785136091.8435211
1785136091.8435211
1785136091.8435211
1785136091.8435211
1785136091.8435211
1785136091.8435211
1785136091.8435211
1785136091.8435211
1785136091.8435211
1785136091.8435211
1785136091.8435211
1785136091.8435211
1785136091.8435211
1785136091.8435211
1785136091.8435211
1785136091.8435211
1785136091.8435211
1785136091.8435211
1785136091.8435211
1785136091.8435211
1785136091.8435211
1785136091.8435211
1785136091.8435211
1785136091.8435211
1785136091.8435211
1785136091.8435211
1785136091.8435211
1785136091.8435211
1785136091.8435211
1785136091.8435211
1785136091.8435211
1785136091.8435211
1785136091.8435211
1785136091.8435211
1785136091.8435211
1785136091.8435211
1785136091.8435211
1785136091.8435211
1785136091.8435211
1785136091.8435211
1785136091.8435211
1785136091.8435211
1785136091.8435211
1785136091.8435211
1785136091.8435211
1785136091.8435211
1785136091.8435211
1785136091.8435211
1785136091.8435211
1785136091.8435211
1785136091.8435211
1785136091.8435211
1785136091.8435211
1785136091.8435211
1785136091.8435211
1785136091.8435211
1785136091.8437431
1785136091.8437431
1785136091.8437431
1785136091.8437431
1785136091.8437431
1785136091.8437431
1785136091.8437431
1785136091.8437431
1785136091.8437431
1785136091.8437431
1785136091.8437431
1785136091.8437431
1785136091.8437431
1785136091.8437431
1785136091.8437431
1785136091.8437431
1785136091.8437431
1785136091.8437431
1785136091.8437431
1785136091.8437431
1785136091.8437431
1785136091.8437431
1785136091.8437431
1785136091.8437431
1785136091.8437431
1785136091.8437431
1785136091.8437431
1785136091.8437431
1785136091.8437431
1785136091.8437431
1785136091.8437431
1785136091.8437431
1785136091.8437431
1785136091.8437431
1785136091.8437431
1785136091.8437431
1785136091.8437431
1785136091.8437431
1785136091.8437431
1785136091.8437431
1785136091.8437431
1785136091.8437431
1785136091.8437431
1785136091.8437431
1785136091.8437431
1785136091.8439651
1785136091.8439651
1785136091.8439651
1785136091.8439651
1785136091.8439651
1785136091.8439651
1785136091.8439651
1785136091.8439651
1785136091.8439651
1785136091.8439651
1785136091.8439651
1785136091.8439651
1785136091.8439651
1785136091.8439651
1785136091.8439651
1785136091.8439651
1785136091.8439651
1785136091.8439651
1785136091.8439651
1785136091.8439651
1785136091.8439651
1785136091.8439651
1785136091.8439651
1785136091.8439651
1785136091.8439651
1785136091.8439651
1785136091.8439651
1785136091.8439651
1785136091.8439651
1785136091.8439651
1785136091.8439651
1785136091.8439651
1785136091.8439651
1785136091.8439651
1785136091.8439651
1785136091.8439651
1785136091.8439651
1785136091.8439651
1785136091.8439651
1785136091.8439651
1785136091.8439651
1785136091.8439651
1785136091.8439651
1785136091.8439651
1785136091.8439651
1785136091.8441880
1785136091.8441880
1785136091.8441880
1785136091.8441880
1785136091.8441880
1785136091.8441880
1785136091.8441880
1785136091.8441880
1785136091.8441880
1785136091.8441880
1785136091.8441880
1785136091.8441880
1785136091.8441880
1785136091.8441880
1785136091.8441880
1785136091.8441880
1785136091.8441880
1785136091.8441880
1785136091.8441880
1785136091.8441880
1785136091.8441880
1785136091.8441880
1785136091.8441880
1785136091.8441880
1785136091.8441880
1785136091.8441880
1785136091.8441880
1785136091.8441880
1785136091.8441880
1785136091.8441880
1785136091.8441880
1785136091.8441880
1785136091.8441880
1785136091.8441880
1785136091.8441880
1785136091.8441880
1785136091.8441880
1785136091.8441880
1785136091.8441880
1785136091.8441880
1785136091.8441880
1785136091.8441880
1785136091.8441880
1785136091.8441880
1785136091.8441880
1785136091.8441880
1785136091.8444099
1785136091.8444099
1785136091.8444099
1785136091.8444099
1785136091.8444099
1785136091.8444099
1785136091.8444099
1785136091.8444099
1785136091.8444099
1785136091.8444099
1785136091.8444099
1785136091.8444099
1785136091.8444099
1785136091.8444099
1785136091.8444099
1785136091.8444099
1785136091.8444099
1785136091.8444099
1785136091.8444099
1785136091.8444099
1785136091.8444099
1785136091.8444099
1785136091.8444099
1785136091.8444099
1785136091.8444099
1785136091.8444099
1785136091.8444099
1785136091.8444099
1785136091.8444099
1785136091.8444099
1785136091.8444099
1785136091.8444099
1785136091.8444099
1785136091.8444099
1785136091.8444099
1785136091.8444099
1785136091.8444099
1785136091.8444099
1785136091.8444099
1785136091.8444099
1785136091.8444099
1785136091.8444099
1785136091.8444099
1785136091.8444099
1785136091.8444099
1785136091.8444099
1785136091.8446319
1785136091.8446319
1785136091.8446319
1785136091.8446319
1785136091.8446319
1785136091.8446319
1785136091.8446319
1785136091.8446319
1785136091.8446319
1785136091.8446319
1785136091.8446319
1785136091.8446319
1785136091.8446319
1785136091.8446319
1785136091.8446319
1785136091.8446319
1785136091.8446319
1785136091.8446319
1785136091.8446319
1785136091.8446319
1785136091.8446319
1785136091.8446319
1785136091.8446319
1785136091.8446319
1785136091.8446319
1785136091.8446319
1785136091.8446319
1785136091.8446319
1785136091.8446319
1785136091.8446319
1785136091.8446319
1785136091.8446319
1785136091.8446319
1785136091.8446319
1785136091.8446319
1785136091.8446319
1785136091.8446319
1785136091.8446319
1785136091.8446319
1785136091.8446319
1785136091.8446319
1785136091.8446319
1785136091.8446319
1785136091.8446319
1785136091.8446319
1785136091.8448541
1785136091.8448541
1785136091.8448541
1785136091.8448541
1785136091.8448541
1785136091.8448541
1785136091.8448541
1785136091.8448541
1785136091.8448541
1785136091.8448541
1785136091.8448541
1785136091.8448541
1785136091.8448541
1785136091.8448541
1785136091.8448541
1785136091.8448541
1785136091.8448541
1785136091.8448541
1785136091.8448541
1785136091.8448541
1785136091.8448541
1785136091.8448541
1785136091.8448541
1785136091.8448541
1785136091.8448541
1785136091.8448541
1785136091.8448541
1785136091.8448541
1785136091.8448541
1785136091.8448541
1785136091.8448541
1785136091.8448541
1785136091.8448541
1785136091.8448541
1785136091.8448541
1785136091.8448541
1785136091.8448541
1785136091.8448541
1785136091.8448541
1785136091.8448541
1785136091.8448541
1785136091.8448541
1785136091.8448541
1785136091.8448541
1785136091.8448541
1785136091.8450761
1785136091.8450761
1785136091.8450761
1785136091.8450761
1785136091.8450761
1785136091.8450761
1785136091.8450761
1785136091.8450761
1785136091.8450761
1785136091.8450761
1785136091.8450761
1785136091.8450761
1785136091.8450761
1785136091.8450761
1785136091.8450761
1785136091.8450761
1785136091.8450761
1785136091.8450761
1785136091.8450761
1785136091.8450761
1785136091.8450761
1785136091.8450761
1785136091.8450761
1785136091.8450761
1785136091.8450761
1785136091.8450761
1785136091.8450761
1785136091.8450761
1785136091.8450761
1785136091.8450761
1785136091.8450761
1785136091.8450761
1785136091.8450761
1785136091.8450761
1785136091.8450761
1785136091.8450761
1785136091.8450761
1785136091.8450761
1785136091.8450761
1785136091.8450761
1785136091.8450761
1785136091.8450761
1785136091.8450761
1785136091.8450761
1785136091.8450761
1785136091.8450761
1785136091.8452981
1785136091.8452981
1785136091.8452981
1785136091.8452981
1785136091.8452981
1785136091.8452981
1785136091.8452981
1785136091.8452981
1785136091.8452981
1785136091.8452981
1785136091.8452981
1785136091.8452981
1785136091.8452981
1785136091.8452981
1785136091.8452981
1785136091.8452981
1785136091.8452981
1785136091.8452981
1785136091.8452981
1785136091.8452981
1785136091.8452981
1785136091.8452981
1785136091.8452981
1785136091.8452981
1785136091.8452981
1785136091.8452981
1785136091.8452981
1785136091.8452981
1785136091.8452981
1785136091.8452981
1785136091.8452981
1785136091.8452981
1785136091.8452981
1785136091.8452981
1785136091.8452981
1785136091.8452981
1785136091.8452981
1785136091.8452981
1785136091.8452981
1785136091.8452981
1785136091.8452981
1785136091.8452981
1785136091.8452981
1785136091.8452981
1785136091.8452981
1785136091.8452981
1785136091.8455210
1785136091.8455210
1785136091.8455210
1785136091.8455210
1785136091.8455210
1785136091.8455210
1785136091.8455210
1785136091.8455210
1785136091.8455210
1785136091.8455210
1785136091.8455210
1785136091.8455210
1785136091.8455210
1785136091.8455210
1785136091.8455210
1785136091.8455210
1785136091.8455210
1785136091.8455210
1785136091.8455210
1785136091.8455210
1785136091.8455210
1785136091.8455210
1785136091.8455210
1785136091.8455210
1785136091.8455210
1785136091.8455210
1785136091.8455210
1785136091.8455210
1785136091.8455210
1785136091.8455210
1785136091.8455210
1785136091.8455210
1785136091.8455210
1785136091.8455210
1785136091.8455210
1785136091.8455210
1785136091.8455210
1785136091.8455210
1785136091.8455210
1785136091.8455210
1785136091.8455210
1785136091.8455210
1785136091.8455210
1785136091.8455210
1785136091.8455210
1785136091.8455210
1785136091.8455210
1785136091.8455210
1785136091.8455210
1785136091.8455210
1785136091.8457420
1785136091.8457420
1785136091.8457420
1785136091.8457420
1785136091.8457420
1785136091.8457420
1785136091.8457420
1785136091.8457420
1785136091.8457420
1785136091.8457420
1785136091.8457420
1785136091.8457420
1785136091.8457420
1785136091.8457420
1785136091.8457420
1785136091.8457420
1785136091.8457420
1785136091.8457420
1785136091.8457420
1785136091.8457420
1785136091.8457420
1785136091.8457420
1785136091.8457420
1785136091.8457420
1785136091.8457420
1785136091.8457420
1785136091.8457420
1785136091.8457420
1785136091.8457420
1785136091.8457420
1785136091.8457420
1785136091.8457420
1785136091.8457420
1785136091.8457420
1785136091.8457420
1785136091.8457420
1785136091.8457420
1785136091.8457420
1785136091.8457420
1785136091.8457420
1785136091.8457420
1785136091.8457420
1785136091.8457420
1785136091.8457420
1785136091.8457420
1785136091.8457420
1785136091.8457420
1785136091.8457420
1785136091.8457420
1785136091.8457420
1785136091.8457420
1785136091.8457420
1785136091.8457420
1785136091.8457420
1785136091.8457420
1785136091.8457420
1785136091.8457420
1785136091.8457420
1785136091.8457420
1785136091.8457420
1785136091.8457420
1785136091.8457420
1785136091.8457420
1785136091.8457420
1785136091.8457420
1785136091.8457420
1785136091.8457420
1785136091.8457420
1785136091.8457420
1785136091.8457420
1785136091.8457420
1785136091.8457420
1785136091.8459649
1785136091.8459649
1785136091.8459649
1785136091.8459649
1785136091.8459649
1785136091.8459649
1785136091.8459649
1785136091.8459649
1785136091.8459649
1785136091.8459649
1785136091.8459649
1785136091.8459649
1785136091.8459649
1785136091.8459649
1785136091.8459649
1785136091.8459649
1785136091.8459649
1785136091.8459649
1785136091.8459649
1785136091.8459649
1785136091.8459649
1785136091.8459649
1785136091.8459649
1785136091.8459649
1785136091.8459649
1785136091.8459649
1785136091.8459649
1785136091.8459649
1785136091.8459649
1785136091.8459649
1785136091.8459649
1785136091.8459649
1785136091.8459649
1785136091.8459649
1785136091.8459649
1785136091.8459649
1785136091.8459649
1785136091.8459649
1785136091.8459649
1785136091.8459649
1785136091.8459649
1785136091.8459649
1785136091.8459649
1785136091.8459649
1785136091.8459649
1785136091.8459649
1785136091.8459649
1785136091.8459649
1785136091.8459649
1785136091.8459649
1785136091.8459649
1785136091.8459649
1785136091.8459649
1785136091.8459649
1785136091.8459649
1785136091.8459649
1785136091.8459649
1785136091.8459649
1785136091.8459649
1785136091.8459649
1785136091.8459649
1785136091.8459649
1785136091.8459649
1785136091.8459649
1785136091.8459649
1785136091.8459649
1785136091.8459649
1785136091.8459649
1785136091.8461871
1785136091.8461871
1785136091.8461871
1785136091.8461871
1785136091.8461871
1785136091.8461871
1785136091.8461871
1785136091.8461871
1785136091.8461871
1785136091.8461871
1785136091.8461871
1785136091.8461871
1785136091.8461871
1785136091.8461871
1785136091.8461871
1785136091.8461871
1785136091.8461871
1785136091.8461871
1785136091.8461871
1785136091.8461871
1785136091.8461871
1785136091.8461871
1785136091.8461871
1785136091.8461871
1785136091.8461871
1785136091.8461871
1785136091.8461871
1785136091.8461871
1785136091.8461871
1785136091.8461871
1785136091.8461871
1785136091.8461871
1785136091.8461871
1785136091.8461871
1785136091.8461871
1785136091.8461871
1785136091.8461871
1785136091.8461871
1785136091.8461871
1785136091.8461871
1785136091.8461871
1785136091.8461871
1785136091.8461871
1785136091.8461871
1785136091.8461871
1785136091.8461871
1785136091.8461871
1785136091.8461871
1785136091.8461871
1785136091.8461871
1785136091.8461871
1785136091.8461871
1785136091.8461871
1785136091.8461871
1785136091.8461871
1785136091.8461871
1785136091.8461871
1785136091.8461871
1785136091.8461871
1785136091.8461871
1785136091.8461871
1785136091.8461871
1785136091.8461871
1785136091.8461871
1785136091.8461871
1785136091.8461871
1785136091.8461871
1785136091.8461871
1785136091.8461871
1785136091.8461871
1785136091.8461871
1785136091.8461871
1785136091.8461871
1785136091.8461871
1785136091.8461871
1785136091.8461871
1785136091.8461871
1785136091.8461871
1785136091.8461871
1785136091.8464091
1785136091.8464091
1785136091.8464091
1785136091.8464091
1785136091.8464091
1785136091.8464091
1785136091.8464091
1785136091.8464091
1785136091.8464091
1785136091.8464091
1785136091.8464091
1785136091.8464091
1785136091.8464091
1785136091.8464091
1785136091.8464091
1785136091.8464091
1785136091.8464091
1785136091.8464091
1785136091.8464091
1785136091.8464091
1785136091.8464091
1785136091.8464091
1785136091.8464091
1785136091.8464091
1785136091.8464091
1785136091.8464091
1785136091.8464091
1785136091.8464091
1785136091.8464091
1785136091.8464091
1785136091.8464091
1785136091.8464091
1785136091.8464091
1785136091.8464091
1785136091.8464091
1785136091.8464091
1785136091.8464091
1785136091.8464091
1785136091.8464091
1785136091.8464091
1785136091.8464091
1785136091.8464091
1785136091.8464091
1785136091.8464091
1785136091.8464091
1785136091.8464091
1785136091.8464091
1785136091.8464091
1785136091.8464091
1785136091.8464091
1785136091.8464091
1785136091.8464091
1785136091.8464091
1785136091.8464091
1785136091.8464091
1785136091.8464091
1785136091.8464091
1785136091.8464091
1785136091.8464091
1785136091.8464091
1785136091.8464091
1785136091.8464091
1785136091.8464091
1785136091.8464091
1785136091.8464091
1785136091.8464091
1785136091.8464091
1785136091.8464091
1785136091.8464091
1785136091.8466320
1785136091.8466320
1785136091.8466320
1785136091.8466320
1785136091.8466320
1785136091.8466320
1785136091.8466320
1785136091.8466320
1785136091.8466320
1785136091.8466320
1785136091.8466320
1785136091.8466320
1785136091.8466320
1785136091.8466320
1785136091.8466320
1785136091.8466320
1785136091.8466320
1785136091.8466320
1785136091.8466320
1785136091.8466320
1785136091.8466320
1785136091.8466320
1785136091.8466320
1785136091.8466320
1785136091.8466320
1785136091.8466320
1785136091.8466320
1785136091.8466320
1785136091.8466320
1785136091.8466320
1785136091.8466320
1785136091.8466320
1785136091.8466320
1785136091.8466320
1785136091.8466320
1785136091.8466320
1785136091.8466320
1785136091.8466320
1785136091.8466320
1785136091.8466320
1785136091.8466320
1785136091.8466320
1785136091.8466320
1785136091.8466320
1785136091.8466320
1785136091.8466320
1785136091.8466320
1785136091.8466320
1785136091.8466320
1785136091.8466320
1785136091.8466320
1785136091.8466320
1785136091.8466320
1785136091.8466320
1785136091.8466320
1785136091.8466320
1785136091.8466320
1785136091.8466320
1785136091.8466320
1785136091.8466320
1785136091.8466320
1785136091.8466320
1785136091.8466320
1785136091.8468540
1785136091.8468540
1785136091.8468540
1785136091.8468540
1785136091.8468540
1785136091.8468540
1785136091.8468540
1785136091.8468540
1785136091.8468540
1785136091.8468540
1785136091.8468540
1785136091.8468540
1785136091.8468540
1785136091.8468540
1785136091.8468540
1785136091.8468540
1785136091.8468540
1785136091.8468540
1785136091.8468540
1785136091.8468540
1785136091.8468540
1785136091.8468540
1785136091.8468540
1785136091.8468540
1785136091.8468540
1785136091.8468540
1785136091.8468540
1785136091.8468540
1785136091.8468540
1785136091.8468540
1785136091.8468540
1785136091.8468540
1785136091.8468540
1785136091.8468540
1785136091.8468540
1785136091.8468540
1785136091.8468540
1785136091.8468540
1785136091.8468540
1785136091.8468540
1785136091.8468540
1785136091.8468540
1785136091.8468540
1785136091.8468540
1785136091.8468540
1785136091.8468540
1785136091.8468540
1785136091.8468540
1785136091.8468540
1785136091.8468540
1785136091.8468540
1785136091.8468540
1785136091.8468540
1785136091.8468540
1785136091.8468540
1785136091.8468540
1785136091.8468540
1785136091.8470759
1785136091.8470759
1785136091.8470759
1785136091.8470759
1785136091.8470759
1785136091.8470759
1785136091.8470759
1785136091.8470759
1785136091.8470759
1785136091.8470759
1785136091.8470759
1785136091.8470759
1785136091.8470759
1785136091.8470759
1785136091.8470759
1785136091.8470759
1785136091.8470759
1785136091.8470759
1785136091.8470759
1785136091.8470759
1785136091.8470759
1785136091.8470759
1785136091.8470759
1785136091.8470759
1785136091.8470759
1785136091.8470759
1785136091.8470759
1785136091.8470759
1785136091.8470759
1785136091.8470759
1785136091.8470759
1785136091.8470759
1785136091.8470759
1785136091.8470759
1785136091.8470759
1785136091.8470759
1785136091.8470759
1785136091.8470759
1785136091.8470759
1785136091.8470759
1785136091.8470759
1785136091.8470759
1785136091.8470759
1785136091.8470759
1785136091.8470759
1785136091.8470759
1785136091.8470759
1785136091.8470759
1785136091.8470759
1785136091.8470759
1785136091.8470759
1785136091.8470759
1785136091.8470759
1785136091.8472979
1785136091.8472979
1785136091.8472979
1785136091.8472979
1785136091.8472979
1785136091.8472979
1785136091.8472979
1785136091.8472979
1785136091.8472979
1785136091.8472979
1785136091.8472979
1785136091.8472979
1785136091.8472979
1785136091.8472979
1785136091.8472979
1785136091.8472979
1785136091.8472979
1785136091.8472979
1785136091.8472979
1785136091.8472979
1785136091.8472979
1785136091.8472979
1785136091.8472979
1785136091.8472979
1785136091.8472979
1785136091.8472979
1785136091.8472979
1785136091.8472979
1785136091.8472979
1785136091.8472979
1785136091.8472979
1785136091.8472979
1785136091.8472979
1785136091.8472979
1785136091.8472979
1785136091.8472979
1785136091.8472979
1785136091.8472979
1785136091.8472979
1785136091.8472979
1785136091.8472979
1785136091.8472979
1785136091.8472979
1785136091.8472979
1785136091.8472979
1785136091.8472979
1785136091.8472979
1785136091.8472979
1785136091.8472979
1785136091.8472979
1785136091.8472979
1785136091.8472979
1785136091.8472979
1785136091.8472979
1785136091.8472979
1785136091.8475201
1785136091.8475201
1785136091.8475201
1785136091.8475201
1785136091.8475201
1785136091.8475201
1785136091.8475201
1785136091.8475201
1785136091.8475201
1785136091.8475201
1785136091.8475201
1785136091.8475201
1785136091.8475201
1785136091.8475201
1785136091.8475201
1785136091.8475201
1785136091.8475201
1785136091.8475201
1785136091.8475201
1785136091.8475201
1785136091.8475201
1785136091.8475201
1785136091.8475201
1785136091.8475201
1785136091.8475201
1785136091.8475201
1785136091.8475201
1785136091.8475201
1785136091.8475201
1785136091.8475201
1785136091.8475201
1785136091.8475201
1785136091.8475201
1785136091.8475201
1785136091.8475201
1785136091.8475201
1785136091.8475201
1785136091.8475201
1785136091.8475201
1785136091.8475201
1785136091.8475201
1785136091.8475201
1785136091.8475201
1785136091.8475201
1785136091.8475201
1785136091.8475201
1785136091.8475201
1785136091.8475201
1785136091.8475201
1785136091.8475201
1785136091.8475201
1785136091.8475201
1785136091.8475201
1785136091.8475201
1785136091.8475201
1785136091.8475201
1785136091.8475201
1785136091.8475201
1785136091.8475201
1785136091.8475201
1785136091.8475201
1785136091.8475201
1785136091.8475201
1785136091.8475201
1785136091.8475201
1785136091.8475201
1785136091.8475201
1785136091.8475201
1785136091.8475201
1785136091.8475201
1785136091.8475201
1785136091.8475201
1785136091.8475201
1785136091.8475201
1785136091.8475201
1785136091.8475201
1785136091.8475201
1785136091.8475201
1785136091.8477421
1785136091.8477421
1785136091.8477421
1785136091.8477421
1785136091.8477421
1785136091.8477421
1785136091.8477421
1785136091.8477421
1785136091.8477421
1785136091.8477421
1785136091.8477421
1785136091.8477421
1785136091.8477421
1785136091.8477421
1785136091.8477421
1785136091.8477421
1785136091.8477421
1785136091.8477421
1785136091.8477421
1785136091.8477421
1785136091.8477421
1785136091.8477421
1785136091.8477421
1785136091.8477421
1785136091.8477421
1785136091.8477421
1785136091.8477421
1785136091.8477421
1785136091.8477421
1785136091.8477421
1785136091.8477421
1785136091.8477421
1785136091.8477421
1785136091.8477421
1785136091.8477421
1785136091.8477421
1785136091.8477421
1785136091.8477421
1785136091.8477421
1785136091.8477421
1785136091.8477421
1785136091.8477421
1785136091.8477421
1785136091.8477421
1785136091.8477421
1785136091.8477421
1785136091.8477421
1785136091.8477421
1785136091.8477421
1785136091.8477421
1785136091.8477421
1785136091.8477421
1785136091.8477421
1785136091.8477421
1785136091.8477421
1785136091.8477421
1785136091.8477421
1785136091.8477421
1785136091.8477421
1785136091.8477421
1785136091.8477421
1785136091.8477421
1785136091.8477421
1785136091.8477421
1785136091.8477421
1785136091.8477421
1785136091.8477421
1785136091.8477421
1785136091.8477421
1785136091.8477421
1785136091.8477421
1785136091.8477421
1785136091.8477421
1785136091.8477421
1785136091.8477421
1785136091.8477421
1785136091.8477421
1785136091.8479650
1785136091.8479650
1785136091.8479650
1785136091.8479650
1785136091.8479650
1785136091.8479650
1785136091.8479650
1785136091.8479650
1785136091.8479650
1785136091.8479650
1785136091.8479650
1785136091.8479650
1785136091.8479650
1785136091.8479650
1785136091.8479650
1785136091.8479650
1785136091.8479650
1785136091.8479650
1785136091.8479650
1785136091.8479650
1785136091.8479650
1785136091.8479650
1785136091.8479650
1785136091.8479650
1785136091.8479650
1785136091.8479650
1785136091.8479650
1785136091.8479650
1785136091.8479650
1785136091.8479650
1785136091.8479650
1785136091.8479650
1785136091.8479650
1785136091.8479650
1785136091.8479650
1785136091.8479650
1785136091.8479650
1785136091.8479650
1785136091.8479650
1785136091.8479650
1785136091.8479650
1785136091.8479650
1785136091.8479650
1785136091.8479650
1785136091.8479650
1785136091.8479650
1785136091.8479650
1785136091.8479650
1785136091.8479650
1785136091.8479650
1785136091.8479650
1785136091.8479650
1785136091.8479650
1785136091.8479650
1785136091.8479650
1785136091.8479650
1785136091.8479650
1785136091.8479650
1785136091.8479650
1785136091.8481870
1785136091.8481870
1785136091.8481870
1785136091.8481870
1785136091.8481870
1785136091.8481870
1785136091.8481870
1785136091.8481870
1785136091.8481870
1785136091.8481870
1785136091.8481870
1785136091.8481870
1785136091.8481870
1785136091.8481870
1785136091.8481870
1785136091.8481870
1785136091.8481870
1785136091.8481870
1785136091.8481870
1785136091.8481870
1785136091.8481870
1785136091.8481870
1785136091.8481870
1785136091.8481870
1785136091.8481870
1785136091.8481870
1785136091.8481870
1785136091.8481870
1785136091.8481870
1785136091.8481870
1785136091.8481870
1785136091.8481870
1785136091.8481870
1785136091.8481870
1785136091.8481870
1785136091.8481870
1785136091.8481870
1785136091.8481870
1785136091.8481870
1785136091.8481870
1785136091.8481870
1785136091.8481870
1785136091.8481870
1785136091.8481870
1785136091.8481870
1785136091.8481870
1785136091.8481870
1785136091.8481870
1785136091.8481870
1785136091.8481870
1785136091.8481870
1785136091.8481870
1785136091.8481870
1785136091.8481870
1785136091.8481870
1785136091.8481870
1785136091.8481870
1785136091.8481870
1785136091.8481870
1785136091.8481870
1785136091.8481870
1785136091.8481870
1785136091.8481870
1785136091.8481870
1785136091.8481870
1785136091.8484089
1785136091.8484089
1785136091.8484089
1785136091.8484089
1785136091.8484089
1785136091.8484089
1785136091.8484089
1785136091.8484089
1785136091.8484089
1785136091.8484089
1785136091.8484089
1785136091.8484089
1785136091.8484089
1785136091.8484089
1785136091.8484089
1785136091.8484089
1785136091.8484089
1785136091.8484089
1785136091.8484089
1785136091.8484089
1785136091.8484089
1785136091.8484089
1785136091.8484089
1785136091.8484089
1785136091.8484089
1785136091.8484089
1785136091.8484089
1785136091.8484089
1785136091.8484089
1785136091.8484089
1785136091.8484089
1785136091.8484089
1785136091.8484089
1785136091.8484089
1785136091.8484089
1785136091.8484089
1785136091.8484089
1785136091.8484089
1785136091.8484089
1785136091.8484089
1785136091.8484089
1785136091.8484089
1785136091.8484089
1785136091.8484089
1785136091.8484089
1785136091.8484089
1785136091.8484089
1785136091.8484089
1785136091.8484089
1785136091.8484089
1785136091.8484089
1785136091.8484089
1785136091.8484089
1785136091.8484089
1785136091.8484089
1785136091.8484089
1785136091.8484089
1785136091.8484089
1785136091.8484089
1785136091.8484089
1785136091.8484089
1785136091.8484089
1785136091.8484089
1785136091.8484089
1785136091.8484089
1785136091.8484089
1785136091.8484089
1785136091.8484089
1785136091.8484089
1785136091.8484089
1785136091.8484089
1785136091.8484089
1785136091.8484089
1785136091.8484089
1785136091.8484089
1785136091.8484089
1785136091.8484089
1785136091.8486309
1785136091.8486309
1785136091.8486309
1785136091.8486309
1785136091.8486309
1785136091.8486309
1785136091.8486309
1785136091.8486309
1785136091.8486309
1785136091.8486309
1785136091.8486309
1785136091.8486309
1785136091.8486309
1785136091.8486309
1785136091.8486309
1785136091.8486309
1785136091.8486309
1785136091.8486309
1785136091.8486309
1785136091.8486309
1785136091.8486309
1785136091.8486309
1785136091.8486309
1785136091.8486309
1785136091.8486309
1785136091.8486309
1785136091.8486309
1785136091.8486309
1785136091.8486309
1785136091.8486309
1785136091.8486309
1785136091.8486309
1785136091.8486309
1785136091.8486309
1785136091.8486309
1785136091.8486309
1785136091.8486309
1785136091.8486309
1785136091.8486309
1785136091.8486309
1785136091.8486309
1785136091.8486309
1785136091.8486309
1785136091.8486309
1785136091.8486309
1785136091.8486309
1785136091.8486309
1785136091.8486309
1785136091.8486309
1785136091.8486309
1785136091.8486309
1785136091.8486309
1785136091.8486309
1785136091.8486309
1785136091.8486309
1785136091.8486309
1785136091.8486309
1785136091.8486309
1785136091.8486309
1785136091.8486309
1785136091.8486309
1785136091.8486309
1785136091.8486309
1785136091.8486309
1785136091.8486309
1785136091.8486309
1785136091.8486309
1785136091.8486309
1785136091.8486309
1785136091.8488531
1785136091.8488531
1785136091.8488531
1785136091.8488531
1785136091.8488531
1785136091.8488531
1785136091.8488531
1785136091.8488531
1785136091.8488531
1785136091.8488531
1785136091.8488531
1785136091.8488531
1785136091.8488531
1785136091.8488531
1785136091.8488531
1785136091.8488531
1785136091.8488531
1785136091.8488531
1785136091.8488531
1785136091.8488531
1785136091.8488531
1785136091.8488531
1785136091.8488531
1785136091.8488531
1785136091.8488531
1785136091.8488531
1785136091.8488531
1785136091.8488531
1785136091.8488531
1785136091.8488531
1785136091.8488531
1785136091.8488531
1785136091.8488531
1785136091.8488531
1785136091.8488531
1785136091.8488531
1785136091.8488531
1785136091.8488531
1785136091.8488531
1785136091.8488531
1785136091.8488531
1785136091.8488531
1785136091.8488531
1785136091.8488531
1785136091.8488531
1785136091.8488531
1785136091.8488531
1785136091.8488531
1785136091.8488531
1785136091.8488531
1785136091.8488531
1785136091.8488531
1785136091.8488531
1785136091.8488531
1785136091.8488531
1785136091.8488531
1785136091.8488531
1785136091.8488531
1785136091.8488531
1785136091.8488531
1785136091.8488531
1785136091.8488531
1785136091.8488531
1785136091.8488531
1785136091.8488531
1785136091.8490760
1785136091.8490760
1785136091.8490760
1785136091.8490760
1785136091.8490760
1785136091.8490760
1785136091.8490760
1785136091.8490760
1785136091.8490760
1785136091.8490760
1785136091.8490760
1785136091.8490760
1785136091.8490760
1785136091.8490760
1785136091.8490760
1785136091.8490760
1785136091.8490760
1785136091.8490760
1785136091.8490760
1785136091.8490760
1785136091.8490760
1785136091.8490760
1785136091.8490760
1785136091.8490760
1785136091.8490760
1785136091.8490760
1785136091.8490760
1785136091.8490760
1785136091.8490760
1785136091.8490760
1785136091.8490760
1785136091.8490760
1785136091.8490760
1785136091.8490760
1785136091.8490760
1785136091.8490760
1785136091.8490760
1785136091.8490760
1785136091.8490760
1785136091.8490760
1785136091.8490760
1785136091.8490760
1785136091.8490760
1785136091.8490760
1785136091.8490760
1785136091.8490760
1785136091.8490760
1785136091.8490760
1785136091.8490760
1785136091.8490760
1785136091.8490760
1785136091.8490760
1785136091.8490760
1785136091.8490760
1785136091.8490760
1785136091.8490760
1785136091.8490760
1785136091.8490760
1785136091.8490760
1785136091.8490760
1785136091.8490760
1785136091.8490760
1785136091.8490760
1785136091.8492980
1785136091.8492980
1785136091.8492980
1785136091.8492980
1785136091.8492980
1785136091.8492980
1785136091.8492980
1785136091.8492980
1785136091.8492980
1785136091.8492980
1785136091.8492980
1785136091.8492980
1785136091.8492980
1785136091.8492980
1785136091.8492980
1785136091.8492980
1785136091.8492980
1785136091.8492980
1785136091.8492980
1785136091.8492980
1785136091.8492980
1785136091.8492980
1785136091.8492980
1785136091.8492980
1785136091.8492980
1785136091.8492980
1785136091.8492980
1785136091.8492980
1785136091.8492980
1785136091.8492980
1785136091.8492980
1785136091.8492980
1785136091.8492980
1785136091.8492980
1785136091.8492980
1785136091.8492980
1785136091.8492980
1785136091.8492980
1785136091.8492980
1785136091.8492980
1785136091.8492980
1785136091.8492980
1785136091.8492980
1785136091.8492980
1785136091.8492980
1785136091.8492980
1785136091.8492980
1785136091.8492980
1785136091.8492980
1785136091.8492980
1785136091.8492980
1785136091.8492980
1785136091.8492980
1785136091.8492980
1785136091.8492980
1785136091.8492980
1785136091.8492980
1785136091.8492980
1785136091.8492980
1785136091.8492980
1785136091.8492980
1785136091.8492980
1785136091.8492980
1785136091.8492980
1785136091.8495200
1785136091.8495200
1785136091.8495200
1785136091.8495200
1785136091.8495200
1785136091.8495200
1785136091.8495200
1785136091.8495200
1785136091.8495200
1785136091.8495200
1785136091.8495200
1785136091.8495200
1785136091.8495200
1785136091.8495200
1785136091.8495200
1785136091.8495200
1785136091.8495200
1785136091.8495200
1785136091.8495200
1785136091.8495200
1785136091.8495200
1785136091.8495200
1785136091.8495200
1785136091.8495200
1785136091.8495200
1785136091.8495200
1785136091.8495200
1785136091.8495200
1785136091.8495200
1785136091.8495200
1785136091.8495200
1785136091.8495200
1785136091.8495200
1785136091.8495200
1785136091.8495200
1785136091.8495200
1785136091.8495200
1785136091.8495200
1785136091.8495200
1785136091.8495200
1785136091.8495200
1785136091.8495200
1785136091.8495200
1785136091.8495200
1785136091.8495200
1785136091.8495200
1785136091.8495200
1785136091.8495200
1785136091.8495200
1785136091.8495200
1785136091.8495200
1785136091.8495200
1785136091.8495200
1785136091.8495200
1785136091.8495200
1785136091.8495200
1785136091.8495200
1785136091.8495200
1785136091.8495200
1785136091.8495200
1785136091.8495200
1785136091.8495200
1785136091.8495200
1785136091.8497419
1785136091.8497419
1785136091.8497419
1785136091.8497419
1785136091.8497419
1785136091.8497419
1785136091.8497419
1785136091.8497419
1785136091.8497419
1785136091.8497419
1785136091.8497419
1785136091.8497419
1785136091.8497419
1785136091.8497419
1785136091.8497419
1785136091.8497419
1785136091.8497419
1785136091.8497419
1785136091.8497419
1785136091.8497419
1785136091.8497419
1785136091.8497419
1785136091.8497419
1785136091.8497419
1785136091.8497419
1785136091.8497419
1785136091.8497419
1785136091.8497419
1785136091.8497419
1785136091.8497419
1785136091.8497419
1785136091.8497419
1785136091.8497419
1785136091.8497419
1785136091.8497419
1785136091.8497419
1785136091.8497419
1785136091.8497419
1785136091.8497419
1785136091.8497419
1785136091.8497419
1785136091.8497419
1785136091.8497419
1785136091.8497419
1785136091.8497419
1785136091.8497419
1785136091.8497419
1785136091.8497419
1785136091.8497419
1785136091.8497419
1785136091.8497419
1785136091.8497419
1785136091.8497419
1785136091.8497419
1785136091.8497419
1785136091.8497419
1785136091.8497419
1785136091.8497419
1785136091.8497419
1785136091.8497419
1785136091.8497419
1785136091.8497419
1785136091.8497419
1785136091.8497419
1785136091.8499651
1785136091.8499651
1785136091.8499651
1785136091.8499651
1785136091.8499651
1785136091.8499651
1785136091.8499651
1785136091.8499651
1785136091.8499651
1785136091.8499651
1785136091.8499651
1785136091.8499651
1785136091.8499651
1785136091.8499651
1785136091.8499651
1785136091.8499651
1785136091.8499651
1785136091.8499651
1785136091.8499651
1785136091.8499651
1785136091.8499651
1785136091.8499651
1785136091.8499651
1785136091.8499651
1785136091.8499651
1785136091.8499651
1785136091.8499651
1785136091.8499651
1785136091.8499651
1785136091.8499651
1785136091.8499651
1785136091.8499651
1785136091.8499651
1785136091.8499651
1785136091.8499651
1785136091.8499651
1785136091.8499651
1785136091.8499651
1785136091.8499651
1785136091.8499651
1785136091.8499651
1785136091.8499651
1785136091.8499651
1785136091.8499651
1785136091.8499651
1785136091.8499651
1785136091.8499651
1785136091.8499651
1785136091.8499651
1785136091.8499651
1785136091.8499651
1785136091.8499651
1785136091.8499651
1785136091.8499651
1785136091.8499651
1785136091.8499651
1785136091.8499651
1785136091.8499651
1785136091.8499651
1785136091.8499651
1785136091.8501871
1785136091.8501871
1785136091.8501871
1785136091.8501871
1785136091.8501871
1785136091.8501871
1785136091.8501871
1785136091.8501871
1785136091.8501871
1785136091.8501871
1785136091.8501871
1785136091.8501871
1785136091.8501871
1785136091.8501871
1785136091.8501871
1785136091.8501871
1785136091.8501871
1785136091.8501871
1785136091.8501871
1785136091.8501871
1785136091.8501871
1785136091.8501871
1785136091.8501871
1785136091.8501871
1785136091.8501871
1785136091.8501871
1785136091.8501871
1785136091.8501871
1785136091.8501871
1785136091.8501871
1785136091.8501871
1785136091.8501871
1785136091.8501871
1785136091.8501871
1785136091.8501871
1785136091.8501871
1785136091.8501871
1785136091.8501871
1785136091.8501871
1785136091.8501871
1785136091.8501871
1785136091.8501871
1785136091.8501871
1785136091.8501871
1785136091.8501871
1785136091.8501871
1785136091.8501871
1785136091.8501871
1785136091.8501871
1785136091.8501871
1785136091.8501871
1785136091.8501871
1785136091.8501871
1785136091.8501871
1785136091.8501871
1785136091.8501871
1785136091.8501871
1785136091.8501871
1785136091.8501871
1785136091.8501871
1785136091.8501871
1785136091.8501871
1785136091.8501871
1785136091.8504090
1785136091.8504090
1785136091.8504090
1785136091.8504090
1785136091.8504090
1785136091.8504090
1785136091.8504090
1785136091.8504090
1785136091.8504090
1785136091.8504090
1785136091.8504090
1785136091.8504090
1785136091.8504090
1785136091.8504090
1785136091.8504090
1785136091.8504090
1785136091.8504090
1785136091.8504090
1785136091.8504090
1785136091.8504090
1785136091.8504090
1785136091.8504090
1785136091.8504090
1785136091.8504090
1785136091.8504090
1785136091.8504090
1785136091.8504090
1785136091.8504090
1785136091.8504090
1785136091.8504090
1785136091.8504090
1785136091.8504090
1785136091.8504090
1785136091.8504090
1785136091.8504090
1785136091.8504090
1785136091.8504090
1785136091.8504090
1785136091.8504090
1785136091.8504090
1785136091.8504090
1785136091.8504090
1785136091.8504090
1785136091.8504090
1785136091.8504090
1785136091.8504090
1785136091.8504090
1785136091.8504090
1785136091.8504090
1785136091.8504090
1785136091.8504090
1785136091.8504090
1785136091.8504090
1785136091.8504090
1785136091.8504090
1785136091.8504090
1785136091.8504090
1785136091.8504090
1785136091.8504090
1785136091.8504090
1785136091.8504090
1785136091.8504090
1785136091.8504090
1785136091.8504090
1785136091.8504090
1785136091.8504090
1785136091.8504090
1785136091.8504090
1785136091.8504090
1785136091.8504090
1785136091.8504090
1785136091.8504090
1785136091.8504090
1785136091.8504090
1785136091.8504090
1785136091.8504090
1785136091.8504090
1785136091.8506310
1785136091.8506310
1785136091.8506310
1785136091.8506310
1785136091.8506310
1785136091.8506310
1785136091.8506310
1785136091.8506310
1785136091.8506310
1785136091.8506310
1785136091.8506310
1785136091.8506310
1785136091.8506310
1785136091.8506310
1785136091.8506310
1785136091.8506310
1785136091.8506310
1785136091.8506310
1785136091.8506310
1785136091.8506310
1785136091.8506310
1785136091.8506310
1785136091.8506310
1785136091.8506310
1785136091.8506310
1785136091.8506310
1785136091.8506310
1785136091.8506310
1785136091.8506310
1785136091.8506310
1785136091.8506310
1785136091.8506310
1785136091.8506310
1785136091.8506310
1785136091.8506310
1785136091.8506310
1785136091.8506310
1785136091.8506310
1785136091.8506310
1785136091.8506310
1785136091.8506310
1785136091.8506310
1785136091.8506310
1785136091.8506310
1785136091.8506310
1785136091.8506310
1785136091.8506310
1785136091.8506310
1785136091.8506310
1785136091.8506310
1785136091.8506310
1785136091.8506310
1785136091.8506310
1785136091.8506310
1785136091.8506310
1785136091.8506310
1785136091.8506310
1785136091.8506310
1785136091.8506310
1785136091.8506310
1785136091.8506310
1785136091.8506310
1785136091.8506310
1785136091.8506310
1785136091.8506310
1785136091.8506310
1785136091.8506310
1785136091.8506310
1785136091.8506310
1785136091.8506310
1785136091.8506310
1785136091.8506310
1785136091.8506310
1785136091.8506310
1785136091.8506310
1785136091.8506310
1785136091.8506310
1785136091.8506310
1785136091.8508530
1785136091.8508530
1785136091.8508530
1785136091.8508530
1785136091.8508530
1785136091.8508530
1785136091.8508530
1785136091.8508530
1785136091.8508530
1785136091.8508530
1785136091.8508530
1785136091.8508530
1785136091.8508530
1785136091.8508530
1785136091.8508530
1785136091.8508530
1785136091.8508530
1785136091.8508530
1785136091.8508530
1785136091.8508530
1785136091.8508530
1785136091.8508530
1785136091.8508530
1785136091.8508530
1785136091.8508530
1785136091.8508530
1785136091.8508530
1785136091.8508530
1785136091.8508530
1785136091.8508530
1785136091.8508530
1785136091.8508530
1785136091.8508530
1785136091.8508530
1785136091.8508530
1785136091.8508530
1785136091.8508530
1785136091.8508530
1785136091.8508530
1785136091.8508530
1785136091.8508530
1785136091.8508530
1785136091.8508530
1785136091.8508530
1785136091.8508530
1785136091.8508530
1785136091.8508530
1785136091.8508530
1785136091.8508530
1785136091.8508530
1785136091.8508530
1785136091.8508530
1785136091.8508530
1785136091.8508530
1785136091.8508530
1785136091.8508530
1785136091.8508530
1785136091.8508530
1785136091.8508530
1785136091.8508530
1785136091.8508530
1785136091.8508530
1785136091.8508530
1785136091.8508530
1785136091.8508530
1785136091.8508530
1785136091.8508530
1785136091.8508530
1785136091.8508530
1785136091.8508530
1785136091.8510759
1785136091.8510759
1785136091.8510759
1785136091.8510759
1785136091.8510759
1785136091.8510759
1785136091.8510759
1785136091.8510759
1785136091.8510759
1785136091.8510759
1785136091.8510759
1785136091.8510759
1785136091.8510759
1785136091.8510759
1785136091.8510759
1785136091.8510759
1785136091.8510759
1785136091.8510759
1785136091.8510759
1785136091.8510759
1785136091.8510759
1785136091.8510759
1785136091.8510759
1785136091.8510759
1785136091.8510759
1785136091.8510759
1785136091.8510759
1785136091.8510759
1785136091.8510759
1785136091.8510759
1785136091.8510759
1785136091.8510759
1785136091.8510759
1785136091.8510759
1785136091.8510759
1785136091.8510759
1785136091.8510759
1785136091.8510759
1785136091.8510759
1785136091.8510759
1785136091.8510759
1785136091.8510759
1785136091.8510759
1785136091.8510759
1785136091.8510759
1785136091.8510759
1785136091.8510759
1785136091.8510759
1785136091.8510759
1785136091.8510759
1785136091.8510759
1785136091.8510759
1785136091.8510759
1785136091.8510759
1785136091.8510759
1785136091.8510759
1785136091.8510759
1785136091.8510759
1785136091.8510759
1785136091.8510759
1785136091.8510759
1785136091.8510759
1785136091.8510759
1785136091.8510759
1785136091.8510759
1785136091.8510759
1785136091.8510759
1785136091.8510759
1785136091.8510759
1785136091.8510759
1785136091.8512981
1785136091.8512981
1785136091.8512981
1785136091.8512981
1785136091.8512981
1785136091.8512981
1785136091.8512981
1785136091.8512981
1785136091.8512981
1785136091.8512981
1785136091.8512981
1785136091.8512981
1785136091.8512981
1785136091.8512981
1785136091.8512981
1785136091.8512981
1785136091.8512981
1785136091.8512981
1785136091.8512981
1785136091.8512981
1785136091.8512981
1785136091.8512981
1785136091.8512981
1785136091.8512981
1785136091.8512981
1785136091.8512981
1785136091.8512981
1785136091.8512981
1785136091.8512981
1785136091.8512981
1785136091.8512981
1785136091.8512981
1785136091.8512981
1785136091.8512981
1785136091.8512981
1785136091.8512981
1785136091.8512981
1785136091.8512981
1785136091.8512981
1785136091.8512981
1785136091.8512981
1785136091.8512981
1785136091.8512981
1785136091.8512981
1785136091.8512981
1785136091.8512981
1785136091.8512981
1785136091.8512981
1785136091.8512981
1785136091.8512981
1785136091.8512981
1785136091.8512981
1785136091.8512981
1785136091.8512981
1785136091.8512981
1785136091.8512981
1785136091.8512981
1785136091.8512981
1785136091.8512981
1785136091.8512981
1785136091.8512981
1785136091.8512981
1785136091.8512981
1785136091.8512981
1785136091.8512981
1785136091.8512981
1785136091.8512981
1785136091.8512981
1785136091.8515201
1785136091.8515201
1785136091.8515201
1785136091.8515201
1785136091.8515201
1785136091.8515201
1785136091.8515201
1785136091.8515201
1785136091.8515201
1785136091.8515201
1785136091.8515201
1785136091.8515201
1785136091.8515201
1785136091.8515201
1785136091.8515201
1785136091.8515201
1785136091.8515201
1785136091.8515201
1785136091.8515201
1785136091.8515201
1785136091.8515201
1785136091.8515201
1785136091.8515201
1785136091.8515201
1785136091.8515201
1785136091.8515201
1785136091.8515201
1785136091.8515201
1785136091.8515201
1785136091.8515201
1785136091.8515201
1785136091.8515201
1785136091.8515201
1785136091.8515201
1785136091.8515201
1785136091.8515201
1785136091.8515201
1785136091.8515201
1785136091.8515201
1785136091.8515201
1785136091.8515201
1785136091.8515201
1785136091.8515201
1785136091.8515201
1785136091.8515201
1785136091.8515201
1785136091.8515201
1785136091.8515201
1785136091.8515201
1785136091.8515201
1785136091.8515201
1785136091.8515201
1785136091.8515201
1785136091.8515201
1785136091.8515201
1785136091.8515201
1785136091.8515201
1785136091.8515201
1785136091.8515201
1785136091.8515201
1785136091.8515201
1785136091.8515201
1785136091.8515201
1785136091.8515201
1785136091.8515201
1785136091.8515201
1785136091.8515201
1785136091.8515201
1785136091.8515201
1785136091.8517430
1785136091.8517430
1785136091.8517430
1785136091.8517430
1785136091.8517430
1785136091.8517430
1785136091.8517430
1785136091.8517430
1785136091.8517430
1785136091.8517430
1785136091.8517430
1785136091.8517430
1785136091.8517430
1785136091.8517430
1785136091.8517430
1785136091.8517430
1785136091.8517430
1785136091.8517430
1785136091.8517430
1785136091.8517430
1785136091.8517430
1785136091.8517430
1785136091.8517430
1785136091.8517430
1785136091.8517430
1785136091.8517430
1785136091.8517430
1785136091.8517430
1785136091.8517430
1785136091.8517430
1785136091.8517430
1785136091.8517430
1785136091.8517430
1785136091.8517430
1785136091.8517430
1785136091.8517430
1785136091.8517430
1785136091.8517430
1785136091.8517430
1785136091.8517430
1785136091.8517430
1785136091.8517430
1785136091.8517430
1785136091.8517430
1785136091.8517430
1785136091.8517430
1785136091.8517430
1785136091.8517430
1785136091.8517430
1785136091.8517430
1785136091.8517430
1785136091.8517430
1785136091.8517430
1785136091.8517430
1785136091.8517430
1785136091.8517430
1785136091.8517430
1785136091.8517430
1785136091.8517430
1785136091.8517430
1785136091.8517430
1785136091.8517430
1785136091.8517430
1785136091.8517430
1785136091.8517430
1785136091.8517430
1785136091.8517430
1785136091.8517430
1785136091.8517430
1785136091.8517430
1785136091.8517430
1785136091.8517430
1785136091.8517430
1785136091.8517430
1785136091.8517430
1785136091.8519650
1785136091.8519650
1785136091.8519650
1785136091.8519650
1785136091.8519650
1785136091.8519650
1785136091.8519650
1785136091.8519650
1785136091.8519650
1785136091.8519650
1785136091.8519650
1785136091.8519650
1785136091.8519650
1785136091.8519650
1785136091.8519650
1785136091.8519650
1785136091.8519650
1785136091.8519650
1785136091.8519650
1785136091.8519650
1785136091.8519650
1785136091.8519650
1785136091.8519650
1785136091.8519650
1785136091.8519650
1785136091.8519650
1785136091.8519650
1785136091.8519650
1785136091.8519650
1785136091.8519650
1785136091.8519650
1785136091.8519650
1785136091.8519650
1785136091.8519650
1785136091.8519650
1785136091.8519650
1785136091.8519650
1785136091.8519650
1785136091.8519650
1785136091.8519650
1785136091.8519650
1785136091.8519650
1785136091.8519650
1785136091.8519650
1785136091.8519650
1785136091.8519650
1785136091.8519650
1785136091.8519650
1785136091.8519650
1785136091.8519650
1785136091.8519650
1785136091.8519650
1785136091.8519650
1785136091.8519650
1785136091.8519650
1785136091.8519650
1785136091.8519650
1785136091.8519650
1785136091.8519650
1785136091.8519650
1785136091.8519650
1785136091.8519650
1785136091.8519650
1785136091.8519650
1785136091.8519650
1785136091.8519650
1785136091.8519650
1785136091.8519650
1785136091.8519650
1785136091.8521869
1785136091.8521869
1785136091.8521869
1785136091.8521869
1785136091.8521869
1785136091.8521869
1785136091.8521869
1785136091.8521869
1785136091.8521869
1785136091.8521869
1785136091.8521869
1785136091.8521869
1785136091.8521869
1785136091.8521869
1785136091.8521869
1785136091.8521869
1785136091.8521869
1785136091.8521869
1785136091.8521869
1785136091.8521869
1785136091.8521869
1785136091.8521869
1785136091.8521869
1785136091.8521869
1785136091.8521869
1785136091.8521869
1785136091.8521869
1785136091.8521869
1785136091.8521869
1785136091.8521869
1785136091.8521869
1785136091.8521869
1785136091.8521869
1785136091.8521869
1785136091.8521869
1785136091.8521869
1785136091.8521869
1785136091.8521869
1785136091.8521869
1785136091.8521869
1785136091.8521869
1785136091.8521869
1785136091.8521869
1785136091.8521869
1785136091.8521869
1785136091.8521869
1785136091.8521869
1785136091.8521869
1785136091.8521869
1785136091.8521869
1785136091.8521869
1785136091.8521869
1785136091.8521869
1785136091.8521869
1785136091.8521869
1785136091.8521869
1785136091.8521869
1785136091.8521869
1785136091.8521869
1785136091.8521869
1785136091.8521869
1785136091.8521869
1785136091.8521869
1785136091.8521869
1785136091.8521869
1785136091.8521869
1785136091.8521869
1785136091.8521869
1785136091.8521869
1785136091.8521869
1785136091.8521869
1785136091.8524089
1785136091.8524089
1785136091.8524089
1785136091.8524089
1785136091.8524089
1785136091.8524089
1785136091.8524089
1785136091.8524089
1785136091.8524089
1785136091.8524089
1785136091.8524089
1785136091.8524089
1785136091.8524089
1785136091.8524089
1785136091.8524089
1785136091.8524089
1785136091.8524089
1785136091.8524089
1785136091.8524089
1785136091.8524089
1785136091.8524089
1785136091.8524089
1785136091.8524089
1785136091.8524089
1785136091.8524089
1785136091.8524089
1785136091.8524089
1785136091.8524089
1785136091.8524089
1785136091.8524089
1785136091.8524089
1785136091.8524089
1785136091.8524089
1785136091.8524089
1785136091.8524089
1785136091.8524089
1785136091.8524089
1785136091.8524089
1785136091.8524089
1785136091.8524089
1785136091.8524089
1785136091.8524089
1785136091.8524089
1785136091.8524089
1785136091.8524089
1785136091.8524089
1785136091.8524089
1785136091.8524089
1785136091.8524089
1785136091.8524089
1785136091.8524089
1785136091.8524089
1785136091.8524089
1785136091.8524089
1785136091.8524089
1785136091.8524089
1785136091.8524089
1785136091.8524089
1785136091.8524089
1785136091.8524089
1785136091.8524089
1785136091.8524089
1785136091.8524089
1785136091.8524089
1785136091.8524089
1785136091.8524089
1785136091.8524089
1785136091.8524089
1785136091.8524089
1785136091.8524089
1785136091.8524089
1785136091.8524089
1785136091.8524089
1785136091.8524089
1785136091.8524089
1785136091.8524089
1785136091.8526311
1785136091.8526311
1785136091.8526311
1785136091.8526311
1785136091.8526311
1785136091.8526311
1785136091.8526311
1785136091.8526311
1785136091.8526311
1785136091.8526311
1785136091.8526311
1785136091.8526311
1785136091.8526311
1785136091.8526311
1785136091.8526311
1785136091.8526311
1785136091.8526311
1785136091.8526311
1785136091.8526311
1785136091.8526311
1785136091.8526311
1785136091.8526311
1785136091.8526311
1785136091.8526311
1785136091.8526311
1785136091.8526311
1785136091.8526311
1785136091.8526311
1785136091.8526311
1785136091.8526311
1785136091.8526311
1785136091.8526311
1785136091.8526311
1785136091.8526311
1785136091.8526311
1785136091.8526311
1785136091.8526311
1785136091.8526311
1785136091.8526311
1785136091.8526311
1785136091.8526311
1785136091.8526311
1785136091.8526311
1785136091.8526311
1785136091.8526311
1785136091.8526311
1785136091.8526311
1785136091.8526311
1785136091.8526311
1785136091.8526311
1785136091.8526311
1785136091.8526311
1785136091.8526311
1785136091.8526311
1785136091.8526311
1785136091.8526311
1785136091.8526311
1785136091.8526311
1785136091.8526311
1785136091.8526311
1785136091.8526311
1785136091.8526311
1785136091.8526311
1785136091.8526311
1785136091.8526311
1785136091.8526311
1785136091.8526311
1785136091.8526311
1785136091.8526311
1785136091.8526311
1785136091.8526311
1785136091.8526311
1785136091.8526311
1785136091.8526311
1785136091.8526311
1785136091.8526311
1785136091.8526311
1785136091.8526311
1785136091.8526311
1785136091.8526311
1785136091.8526311
1785136091.8526311
1785136091.8526311
1785136091.8526311
1785136091.8526311
1785136091.8526311
1785136091.8526311
1785136091.8526311
1785136091.8526311
1785136091.8526311
1785136091.8526311
1785136091.8526311
1785136091.8526311
1785136091.8526311
1785136091.8526311
1785136091.8526311
1785136091.8528531
1785136091.8528531
1785136091.8528531
1785136091.8528531
1785136091.8528531
1785136091.8528531
1785136091.8528531
1785136091.8528531
1785136091.8528531
1785136091.8528531
1785136091.8528531
1785136091.8528531
1785136091.8528531
1785136091.8528531
1785136091.8528531
1785136091.8528531
1785136091.8528531
1785136091.8528531
1785136091.8528531
1785136091.8528531
1785136091.8528531
1785136091.8528531
1785136091.8528531
1785136091.8528531
1785136091.8528531
1785136091.8528531
1785136091.8528531
1785136091.8528531
1785136091.8528531
1785136091.8528531
1785136091.8528531
1785136091.8528531
1785136091.8528531
1785136091.8528531
1785136091.8528531
1785136091.8528531
1785136091.8528531
1785136091.8528531
1785136091.8528531
1785136091.8528531
1785136091.8528531
1785136091.8528531
1785136091.8528531
1785136091.8528531
1785136091.8528531
1785136091.8528531
1785136091.8528531
1785136091.8528531
1785136091.8528531
1785136091.8528531
1785136091.8528531
1785136091.8528531
1785136091.8528531
1785136091.8528531
1785136091.8528531
1785136091.8528531
1785136091.8528531
1785136091.8528531
1785136091.8528531
1785136091.8528531
1785136091.8528531
1785136091.8528531
1785136091.8528531
1785136091.8528531
1785136091.8528531
1785136091.8528531
1785136091.8528531
1785136091.8528531
1785136091.8528531
1785136091.8528531
1785136091.8528531
1785136091.8528531
1785136091.8528531
1785136091.8528531
1785136091.8528531
1785136091.8528531
1785136091.8528531
1785136091.8528531
1785136091.8528531
1785136091.8528531
1785136091.8528531
1785136091.8528531
1785136091.8528531
1785136091.8528531
1785136091.8528531
1785136091.8528531
1785136091.8528531
1785136091.8528531
1785136091.8530750
1785136091.8530750
1785136091.8530750
1785136091.8530750
1785136091.8530750
1785136091.8530750
1785136091.8530750
1785136091.8530750
1785136091.8530750
1785136091.8530750
1785136091.8530750
1785136091.8530750
1785136091.8530750
1785136091.8530750
1785136091.8530750
1785136091.8530750
1785136091.8530750
1785136091.8530750
1785136091.8530750
1785136091.8530750
1785136091.8530750
1785136091.8530750
1785136091.8530750
1785136091.8530750
1785136091.8530750
1785136091.8530750
1785136091.8530750
1785136091.8530750
1785136091.8530750
1785136091.8530750
1785136091.8530750
1785136091.8530750
1785136091.8530750
1785136091.8530750
1785136091.8530750
1785136091.8530750
1785136091.8530750
1785136091.8530750
1785136091.8530750
1785136091.8530750
1785136091.8530750
1785136091.8530750
1785136091.8530750
1785136091.8530750
1785136091.8530750
1785136091.8530750
1785136091.8530750
1785136091.8530750
1785136091.8530750
1785136091.8530750
1785136091.8530750
1785136091.8530750
1785136091.8530750
1785136091.8530750
1785136091.8530750
1785136091.8530750
1785136091.8530750
1785136091.8530750
1785136091.8530750
1785136091.8530750
1785136091.8530750
1785136091.8530750
1785136091.8530750
1785136091.8530750
1785136091.8530750
1785136091.8530750
1785136091.8530750
1785136091.8530750
1785136091.8530750
1785136091.8530750
1785136091.8530750
1785136091.8530750
1785136091.8530750
1785136091.8530750
1785136091.8530750
1785136091.8530750
1785136091.8530750
1785136091.8530750
1785136091.8530750
1785136091.8530750
1785136091.8530750
1785136091.8530750
1785136091.8532970
1785136091.8532970
1785136091.8532970
1785136091.8532970
1785136091.8532970
1785136091.8532970
1785136091.8532970
1785136091.8532970
1785136091.8532970
1785136091.8532970
1785136091.8532970
1785136091.8532970
1785136091.8532970
1785136091.8532970
1785136091.8532970
1785136091.8532970
1785136091.8532970
1785136091.8532970
1785136091.8532970
1785136091.8532970
1785136091.8532970
1785136091.8532970
1785136091.8532970
1785136091.8532970
1785136091.8532970
1785136091.8532970
1785136091.8532970
1785136091.8532970
1785136091.8532970
1785136091.8532970
1785136091.8532970
1785136091.8532970
1785136091.8532970
1785136091.8532970
1785136091.8532970
1785136091.8532970
1785136091.8532970
1785136091.8532970
1785136091.8532970
1785136091.8532970
1785136091.8532970
1785136091.8532970
1785136091.8532970
1785136091.8532970
1785136091.8532970
1785136091.8532970
1785136091.8532970
1785136091.8532970
1785136091.8532970
1785136091.8532970
1785136091.8532970
1785136091.8532970
1785136091.8532970
1785136091.8532970
1785136091.8532970
1785136091.8532970
1785136091.8532970
1785136091.8532970
1785136091.8532970
1785136091.8532970
1785136091.8532970
1785136091.8532970
1785136091.8532970
1785136091.8532970
1785136091.8532970
1785136091.8532970
1785136091.8532970
1785136091.8532970
1785136091.8532970
1785136091.8532970
1785136091.8532970
1785136091.8532970
1785136091.8532970
1785136091.8532970
1785136091.8532970
1785136091.8532970
1785136091.8532970
1785136091.8532970
1785136091.8532970
1785136091.8532970
1785136091.8532970
1785136091.8532970
1785136091.8532970
1785136091.8535190
1785136091.8535190
1785136091.8535190
1785136091.8535190
1785136091.8535190
1785136091.8535190
1785136091.8535190
1785136091.8535190
1785136091.8535190
1785136091.8535190
1785136091.8535190
1785136091.8535190
1785136091.8535190
1785136091.8535190
1785136091.8535190
1785136091.8535190
1785136091.8535190
1785136091.8535190
1785136091.8535190
1785136091.8535190
1785136091.8535190
1785136091.8535190
1785136091.8535190
1785136091.8535190
1785136091.8535190
1785136091.8535190
1785136091.8535190
1785136091.8535190
1785136091.8535190
1785136091.8535190
1785136091.8535190
1785136091.8535190
1785136091.8535190
1785136091.8535190
1785136091.8535190
1785136091.8535190
1785136091.8535190
1785136091.8535190
1785136091.8535190
1785136091.8535190
1785136091.8535190
1785136091.8535190
1785136091.8535190
1785136091.8535190
1785136091.8535190
1785136091.8535190
1785136091.8535190
1785136091.8535190
1785136091.8535190
1785136091.8535190
1785136091.8535190
1785136091.8535190
1785136091.8535190
1785136091.8535190
1785136091.8535190
1785136091.8535190
1785136091.8535190
1785136091.8535190
1785136091.8535190
1785136091.8535190
1785136091.8535190
1785136091.8535190
1785136091.8535190
1785136091.8535190
1785136091.8535190
1785136091.8535190
1785136091.8535190
1785136091.8535190
1785136091.8535190
1785136091.8535190
1785136091.8535190
1785136091.8535190
1785136091.8535190
1785136091.8535190
1785136091.8535190
1785136091.8535190
1785136091.8535190
1785136091.8535190
1785136091.8535190
1785136091.8535190
1785136091.8535190
1785136091.8535190
1785136091.8535190
1785136091.8535190
1785136091.8535190
1785136091.8535190
1785136091.8535190
1785136091.8535190
1785136091.8535190
1785136091.8535190
1785136091.8535190
1785136091.8535190
1785136091.8535190
1785136091.8535190
1785136091.8535190
1785136091.8535190
1785136091.8535190
1785136091.8535190
1785136091.8535190
1785136091.8535190
1785136091.8535190
1785136091.8535190
1785136091.8535190
1785136091.8537419
1785136091.8537419
1785136091.8537419
1785136091.8537419
1785136091.8537419
1785136091.8537419
1785136091.8537419
1785136091.8537419
1785136091.8537419
1785136091.8537419
1785136091.8537419
1785136091.8537419
1785136091.8537419
1785136091.8537419
1785136091.8537419
1785136091.8537419
1785136091.8537419
1785136091.8537419
1785136091.8537419
1785136091.8537419
1785136091.8537419
1785136091.8537419
1785136091.8537419
1785136091.8537419
1785136091.8537419
1785136091.8537419
1785136091.8537419
1785136091.8537419
1785136091.8537419
1785136091.8537419
1785136091.8537419
1785136091.8537419
1785136091.8537419
1785136091.8537419
1785136091.8537419
1785136091.8537419
1785136091.8537419
1785136091.8537419
1785136091.8537419
1785136091.8537419
1785136091.8537419
1785136091.8537419
1785136091.8537419
1785136091.8537419
1785136091.8537419
1785136091.8537419
1785136091.8537419
1785136091.8537419
1785136091.8537419
1785136091.8537419
1785136091.8537419
1785136091.8537419
1785136091.8537419
1785136091.8537419
1785136091.8537419
1785136091.8537419
1785136091.8537419
1785136091.8537419
1785136091.8537419
1785136091.8537419
1785136091.8537419
1785136091.8537419
1785136091.8537419
1785136091.8537419
1785136091.8537419
1785136091.8537419
1785136091.8537419
1785136091.8537419
1785136091.8537419
1785136091.8537419
1785136091.8537419
1785136091.8537419
1785136091.8537419
1785136091.8537419
1785136091.8537419
1785136091.8537419
1785136091.8537419
1785136091.8537419
1785136091.8537419
1785136091.8537419
1785136091.8539641
1785136091.8539641
1785136091.8539641
1785136091.8539641
1785136091.8539641
1785136091.8539641
1785136091.8539641
1785136091.8539641
1785136091.8539641
1785136091.8539641
1785136091.8539641
1785136091.8539641
1785136091.8539641
1785136091.8539641
1785136091.8539641
1785136091.8539641
1785136091.8539641
1785136091.8539641
1785136091.8539641
1785136091.8539641
1785136091.8539641
1785136091.8539641
1785136091.8539641
1785136091.8539641
1785136091.8539641
1785136091.8539641
1785136091.8539641
1785136091.8539641
1785136091.8539641
1785136091.8539641
1785136091.8539641
1785136091.8539641
1785136091.8539641
1785136091.8539641
1785136091.8539641
1785136091.8539641
1785136091.8539641
1785136091.8539641
1785136091.8539641
1785136091.8539641
1785136091.8539641
1785136091.8539641
1785136091.8539641
1785136091.8539641
1785136091.8539641
1785136091.8539641
1785136091.8539641
1785136091.8539641
1785136091.8539641
1785136091.8539641
1785136091.8539641
1785136091.8539641
1785136091.8539641
1785136091.8539641
1785136091.8539641
1785136091.8539641
1785136091.8539641
1785136091.8539641
1785136091.8539641
1785136091.8539641
1785136091.8539641
1785136091.8539641
1785136091.8539641
1785136091.8539641
1785136091.8539641
1785136091.8539641
1785136091.8539641
1785136091.8539641
1785136091.8539641
1785136091.8539641
1785136091.8539641
1785136091.8539641
1785136091.8539641
1785136091.8539641
1785136091.8539641
1785136091.8541870
1785136091.8541870
1785136091.8541870
1785136091.8541870
1785136091.8541870
1785136091.8541870
1785136091.8541870
1785136091.8541870
1785136091.8541870
1785136091.8541870
1785136091.8541870
1785136091.8541870
1785136091.8541870
1785136091.8541870
1785136091.8541870
1785136091.8541870
1785136091.8541870
1785136091.8541870
1785136091.8541870
1785136091.8541870
1785136091.8541870
1785136091.8541870
1785136091.8541870
1785136091.8541870
1785136091.8541870
1785136091.8541870
1785136091.8541870
1785136091.8541870
1785136091.8541870
1785136091.8541870
1785136091.8541870
1785136091.8541870
1785136091.8541870
1785136091.8541870
1785136091.8541870
1785136091.8541870
1785136091.8541870
1785136091.8541870
1785136091.8541870
1785136091.8541870
1785136091.8541870
1785136091.8541870
1785136091.8541870
1785136091.8541870
1785136091.8541870
1785136091.8541870
1785136091.8541870
1785136091.8541870
1785136091.8541870
1785136091.8541870
1785136091.8541870
1785136091.8541870
1785136091.8541870
1785136091.8541870
1785136091.8541870
1785136091.8541870
1785136091.8541870
1785136091.8541870
1785136091.8541870
1785136091.8541870
1785136091.8541870
1785136091.8541870
1785136091.8541870
1785136091.8541870
1785136091.8541870
1785136091.8541870
1785136091.8541870
1785136091.8541870
1785136091.8541870
1785136091.8541870
1785136091.8541870
1785136091.8541870
1785136091.8541870
1785136091.8544090
1785136091.8544090
1785136091.8544090
1785136091.8544090
1785136091.8544090
1785136091.8544090
1785136091.8544090
1785136091.8544090
1785136091.8544090
1785136091.8544090
1785136091.8544090
1785136091.8544090
1785136091.8544090
1785136091.8544090
1785136091.8544090
1785136091.8544090
1785136091.8544090
1785136091.8544090
1785136091.8544090
1785136091.8544090
1785136091.8544090
1785136091.8544090
1785136091.8544090
1785136091.8544090
1785136091.8544090
1785136091.8544090
1785136091.8544090
1785136091.8544090
1785136091.8544090
1785136091.8544090
1785136091.8544090
1785136091.8544090
1785136091.8544090
1785136091.8544090
1785136091.8544090
1785136091.8544090
1785136091.8544090
1785136091.8544090
1785136091.8544090
1785136091.8544090
1785136091.8544090
1785136091.8544090
1785136091.8544090
1785136091.8544090
1785136091.8544090
1785136091.8544090
1785136091.8544090
1785136091.8544090
1785136091.8544090
1785136091.8544090
1785136091.8544090
1785136091.8544090
1785136091.8544090
1785136091.8544090
1785136091.8544090
1785136091.8544090
1785136091.8544090
1785136091.8544090
1785136091.8544090
1785136091.8544090
1785136091.8544090
1785136091.8544090
1785136091.8544090
1785136091.8544090
1785136091.8544090
1785136091.8544090
1785136091.8544090
1785136091.8544090
1785136091.8544090
1785136091.8544090
1785136091.8544090
1785136091.8544090
1785136091.8544090
1785136091.8544090
1785136091.8544090
1785136091.8544090
1785136091.8544090
1785136091.8544090
1785136091.8544090
1785136091.8544090
1785136091.8544090
1785136091.8544090
1785136091.8544090
1785136091.8544090
1785136091.8544090
1785136091.8546300
1785136091.8546300
1785136091.8546300
1785136091.8546300
1785136091.8546300
1785136091.8546300
1785136091.8546300
1785136091.8546300
1785136091.8546300
1785136091.8546300
1785136091.8546300
1785136091.8546300
1785136091.8546300
1785136091.8546300
1785136091.8546300
1785136091.8546300
1785136091.8546300
1785136091.8546300
1785136091.8546300
1785136091.8546300
1785136091.8546300
1785136091.8546300
1785136091.8546300
1785136091.8546300
1785136091.8546300
1785136091.8546300
1785136091.8546300
1785136091.8546300
1785136091.8546300
1785136091.8546300
1785136091.8546300
1785136091.8546300
1785136091.8546300
1785136091.8546300
1785136091.8546300
1785136091.8546300
1785136091.8546300
1785136091.8546300
1785136091.8546300
1785136091.8546300
1785136091.8546300
1785136091.8546300
1785136091.8546300
1785136091.8546300
1785136091.8546300
1785136091.8546300
1785136091.8546300
1785136091.8546300
1785136091.8546300
1785136091.8546300
1785136091.8546300
1785136091.8546300
1785136091.8546300
1785136091.8546300
1785136091.8546300
1785136091.8546300
1785136091.8546300
1785136091.8546300
1785136091.8546300
1785136091.8546300
1785136091.8546300
1785136091.8546300
1785136091.8546300
1785136091.8546300
1785136091.8546300
1785136091.8548529
1785136091.8548529
1785136091.8548529
1785136091.8548529
1785136091.8548529
1785136091.8548529
1785136091.8548529
1785136091.8548529
1785136091.8548529
1785136091.8548529
1785136091.8548529
1785136091.8548529
1785136091.8548529
1785136091.8548529
1785136091.8548529
1785136091.8548529
1785136091.8548529
1785136091.8548529
1785136091.8548529
1785136091.8548529
1785136091.8548529
1785136091.8548529
1785136091.8548529
1785136091.8548529
1785136091.8548529
1785136091.8548529
1785136091.8548529
1785136091.8548529
1785136091.8548529
1785136091.8548529
1785136091.8548529
1785136091.8548529
1785136091.8548529
1785136091.8548529
1785136091.8548529
1785136091.8548529
1785136091.8548529
1785136091.8548529
1785136091.8548529
1785136091.8548529
1785136091.8548529
1785136091.8548529
1785136091.8548529
1785136091.8548529
1785136091.8548529
1785136091.8548529
1785136091.8548529
1785136091.8548529
1785136091.8548529
1785136091.8548529
1785136091.8548529
1785136091.8548529
1785136091.8548529
1785136091.8548529
1785136091.8548529
1785136091.8548529
1785136091.8548529
1785136091.8548529
1785136091.8548529
1785136091.8548529
1785136091.8548529
1785136091.8548529
1785136091.8548529
1785136091.8550749
1785136091.8550749
1785136091.8550749
1785136091.8550749
1785136091.8550749
1785136091.8550749
1785136091.8550749
1785136091.8550749
1785136091.8550749
1785136091.8550749
1785136091.8550749
1785136091.8550749
1785136091.8550749
1785136091.8550749
1785136091.8550749
1785136091.8550749
1785136091.8550749
1785136091.8550749
1785136091.8550749
1785136091.8550749
1785136091.8550749
1785136091.8550749
1785136091.8550749
1785136091.8550749
1785136091.8550749
1785136091.8550749
1785136091.8550749
1785136091.8550749
1785136091.8550749
1785136091.8550749
1785136091.8550749
1785136091.8550749
1785136091.8550749
1785136091.8550749
1785136091.8550749
1785136091.8550749
1785136091.8550749
1785136091.8550749
1785136091.8550749
1785136091.8550749
1785136091.8550749
1785136091.8550749
1785136091.8550749
1785136091.8550749
1785136091.8550749
1785136091.8550749
1785136091.8550749
1785136091.8550749
1785136091.8550749
1785136091.8550749
1785136091.8550749
1785136091.8550749
1785136091.8550749
1785136091.8550749
1785136091.8550749
1785136091.8550749
1785136091.8550749
1785136091.8550749
1785136091.8550749
1785136091.8550749
1785136091.8550749
1785136091.8550749
1785136091.8552971
1785136091.8552971
1785136091.8552971
1785136091.8552971
1785136091.8552971
1785136091.8552971
1785136091.8552971
1785136091.8552971
1785136091.8552971
1785136091.8552971
1785136091.8552971
1785136091.8552971
1785136091.8552971
1785136091.8552971
1785136091.8552971
1785136091.8552971
1785136091.8552971
1785136091.8552971
1785136091.8552971
1785136091.8552971
1785136091.8552971
1785136091.8552971
1785136091.8552971
1785136091.8552971
1785136091.8552971
1785136091.8552971
1785136091.8552971
1785136091.8552971
1785136091.8552971
1785136091.8552971
1785136091.8552971
1785136091.8552971
1785136091.8552971
1785136091.8552971
1785136091.8552971
1785136091.8552971
1785136091.8552971
1785136091.8552971
1785136091.8552971
1785136091.8552971
1785136091.8552971
1785136091.8552971
1785136091.8552971
1785136091.8552971
1785136091.8552971
1785136091.8552971
1785136091.8552971
1785136091.8552971
1785136091.8552971
1785136091.8552971
1785136091.8552971
1785136091.8552971
1785136091.8552971
1785136091.8552971
1785136091.8552971
1785136091.8552971
1785136091.8552971
1785136091.8555191
1785136091.8555191
1785136091.8555191
1785136091.8555191
1785136091.8555191
1785136091.8555191
1785136091.8555191
1785136091.8555191
1785136091.8555191
1785136091.8555191
1785136091.8555191
1785136091.8555191
1785136091.8555191
1785136091.8555191
1785136091.8555191
1785136091.8555191
1785136091.8555191
1785136091.8555191
1785136091.8555191
1785136091.8555191
1785136091.8555191
1785136091.8555191
1785136091.8555191
1785136091.8555191
1785136091.8555191
1785136091.8555191
1785136091.8555191
1785136091.8555191
1785136091.8555191
1785136091.8555191
1785136091.8555191
1785136091.8555191
1785136091.8555191
1785136091.8555191
1785136091.8555191
1785136091.8555191
1785136091.8555191
1785136091.8555191
1785136091.8555191
1785136091.8555191
1785136091.8555191
1785136091.8555191
1785136091.8555191
1785136091.8555191
1785136091.8555191
1785136091.8555191
1785136091.8555191
1785136091.8555191
1785136091.8555191
1785136091.8555191
1785136091.8555191
1785136091.8555191
1785136091.8555191
1785136091.8555191
1785136091.8557420
1785136091.8557420
1785136091.8557420
1785136091.8557420
1785136091.8557420
1785136091.8557420
1785136091.8557420
1785136091.8557420
1785136091.8557420
1785136091.8557420
1785136091.8557420
1785136091.8557420
1785136091.8557420
1785136091.8557420
1785136091.8557420
1785136091.8557420
1785136091.8557420
1785136091.8557420
1785136091.8557420
1785136091.8557420
1785136091.8557420
1785136091.8557420
1785136091.8557420
1785136091.8557420
1785136091.8557420
1785136091.8557420
1785136091.8557420
1785136091.8557420
1785136091.8557420
1785136091.8557420
1785136091.8557420
1785136091.8557420
1785136091.8557420
1785136091.8557420
1785136091.8557420
1785136091.8557420
1785136091.8557420
1785136091.8557420
1785136091.8557420
1785136091.8557420
1785136091.8557420
1785136091.8557420
1785136091.8557420
1785136091.8557420
1785136091.8557420
1785136091.8557420
1785136091.8557420
1785136091.8557420
1785136091.8557420
1785136091.8557420
1785136091.8557420
1785136091.8557420
1785136091.8557420
1785136091.8557420
1785136091.8557420
1785136091.8559639
1785136091.8559639
1785136091.8559639
1785136091.8559639
1785136091.8559639
1785136091.8559639
1785136091.8559639
1785136091.8559639
1785136091.8559639
1785136091.8559639
1785136091.8559639
1785136091.8559639
1785136091.8559639
1785136091.8559639
1785136091.8559639
1785136091.8559639
1785136091.8559639
1785136091.8559639
1785136091.8559639
1785136091.8559639
1785136091.8559639
1785136091.8559639
1785136091.8559639
1785136091.8559639
1785136091.8559639
1785136091.8559639
1785136091.8559639
1785136091.8559639
1785136091.8559639
1785136091.8559639
1785136091.8559639
1785136091.8559639
1785136091.8559639
1785136091.8559639
1785136091.8559639
1785136091.8559639
1785136091.8559639
1785136091.8559639
1785136091.8559639
1785136091.8559639
1785136091.8559639
1785136091.8559639
1785136091.8559639
1785136091.8559639
1785136091.8559639
1785136091.8559639
1785136091.8559639
1785136091.8559639
1785136091.8559639
1785136091.8559639
1785136091.8559639
1785136091.8559639
1785136091.8559639
1785136091.8559639
1785136091.8559639
1785136091.8561859
1785136091.8561859
1785136091.8561859
1785136091.8561859
1785136091.8561859
1785136091.8561859
1785136091.8561859
1785136091.8561859
1785136091.8561859
1785136091.8561859
1785136091.8561859
1785136091.8561859
1785136091.8561859
1785136091.8561859
1785136091.8561859
1785136091.8561859
1785136091.8561859
1785136091.8561859
1785136091.8561859
1785136091.8561859
1785136091.8561859
1785136091.8561859
1785136091.8561859
1785136091.8561859
1785136091.8561859
1785136091.8561859
1785136091.8561859
1785136091.8561859
1785136091.8561859
1785136091.8561859
1785136091.8561859
1785136091.8561859
1785136091.8561859
1785136091.8561859
1785136091.8561859
1785136091.8561859
1785136091.8561859
1785136091.8561859
1785136091.8561859
1785136091.8561859
1785136091.8561859
1785136091.8561859
1785136091.8561859
1785136091.8561859
1785136091.8561859
1785136091.8561859
1785136091.8561859
1785136091.8561859
1785136091.8561859
1785136091.8561859
1785136091.8561859
1785136091.8561859
1785136091.8561859
1785136091.8561859
1785136091.8564081
1785136091.8564081
1785136091.8564081
1785136091.8564081
1785136091.8564081
1785136091.8564081
1785136091.8564081
1785136091.8564081
1785136091.8564081
1785136091.8564081
1785136091.8564081
1785136091.8564081
1785136091.8564081
1785136091.8564081
1785136091.8564081
1785136091.8564081
1785136091.8564081
1785136091.8564081
1785136091.8564081
1785136091.8564081
1785136091.8564081
1785136091.8564081
1785136091.8564081
1785136091.8564081
1785136091.8564081
1785136091.8564081
1785136091.8564081
1785136091.8564081
1785136091.8564081
1785136091.8564081
1785136091.8564081
1785136091.8564081
1785136091.8564081
1785136091.8564081
1785136091.8564081
1785136091.8564081
1785136091.8564081
1785136091.8564081
1785136091.8564081
1785136091.8564081
1785136091.8564081
1785136091.8564081
1785136091.8564081
1785136091.8564081
1785136091.8564081
1785136091.8564081
1785136091.8564081
1785136091.8564081
1785136091.8564081
1785136091.8564081
1785136091.8564081
1785136091.8564081
1785136091.8564081
1785136091.8566301
1785136091.8566301
1785136091.8566301
1785136091.8566301
1785136091.8566301
1785136091.8566301
1785136091.8566301
1785136091.8566301
1785136091.8566301
1785136091.8566301
1785136091.8566301
1785136091.8566301
1785136091.8566301
1785136091.8566301
1785136091.8566301
1785136091.8566301
1785136091.8566301
1785136091.8566301
1785136091.8566301
1785136091.8566301
1785136091.8566301
1785136091.8566301
1785136091.8566301
1785136091.8566301
1785136091.8566301
1785136091.8566301
1785136091.8566301
1785136091.8566301
1785136091.8566301
1785136091.8566301
1785136091.8566301
1785136091.8566301
1785136091.8566301
1785136091.8566301
1785136091.8566301
1785136091.8566301
1785136091.8566301
1785136091.8566301
1785136091.8566301
1785136091.8566301
1785136091.8566301
1785136091.8566301
1785136091.8566301
1785136091.8566301
1785136091.8566301
1785136091.8566301
1785136091.8566301
1785136091.8566301
1785136091.8566301
1785136091.8566301
1785136091.8566301
1785136091.8566301
1785136091.8568521
1785136091.8568521
1785136091.8568521
1785136091.8568521
1785136091.8568521
1785136091.8568521
1785136091.8568521
1785136091.8568521
1785136091.8568521
1785136091.8568521
1785136091.8568521
1785136091.8568521
1785136091.8568521
1785136091.8568521
1785136091.8568521
1785136091.8568521
1785136091.8568521
1785136091.8568521
1785136091.8568521
1785136091.8568521
1785136091.8568521
1785136091.8568521
1785136091.8568521
1785136091.8568521
1785136091.8568521
1785136091.8568521
1785136091.8568521
1785136091.8568521
1785136091.8568521
1785136091.8568521
1785136091.8568521
1785136091.8568521
1785136091.8568521
1785136091.8568521
1785136091.8568521
1785136091.8568521
1785136091.8568521
1785136091.8568521
1785136091.8568521
1785136091.8568521
1785136091.8568521
1785136091.8568521
1785136091.8568521
1785136091.8568521
1785136091.8568521
1785136091.8568521
1785136091.8568521
1785136091.8568521
1785136091.8568521
1785136091.8568521
1785136091.8568521
1785136091.8570740
1785136091.8570740
1785136091.8570740
1785136091.8570740
1785136091.8570740
1785136091.8570740
1785136091.8570740
1785136091.8570740
1785136091.8570740
1785136091.8570740
1785136091.8570740
1785136091.8570740
1785136091.8570740
1785136091.8570740
1785136091.8570740
1785136091.8570740
1785136091.8570740
1785136091.8570740
1785136091.8570740
1785136091.8570740
1785136091.8570740
1785136091.8570740
1785136091.8570740
1785136091.8570740
1785136091.8570740
1785136091.8570740
1785136091.8570740
1785136091.8570740
1785136091.8570740
1785136091.8570740
1785136091.8570740
1785136091.8570740
1785136091.8570740
1785136091.8570740
1785136091.8570740
1785136091.8570740
1785136091.8570740
1785136091.8570740
1785136091.8570740
1785136091.8570740
1785136091.8570740
1785136091.8570740
1785136091.8570740
1785136091.8570740
1785136091.8570740
1785136091.8570740
1785136091.8570740
1785136091.8570740
1785136091.8570740
1785136091.8572969
1785136091.8572969
1785136091.8572969
1785136091.8572969
1785136091.8572969
1785136091.8572969
1785136091.8572969
1785136091.8572969
1785136091.8572969
1785136091.8572969
1785136091.8572969
1785136091.8572969
1785136091.8572969
1785136091.8572969
1785136091.8572969
1785136091.8572969
1785136091.8572969
1785136091.8572969
1785136091.8572969
1785136091.8572969
1785136091.8572969
1785136091.8572969
1785136091.8572969
1785136091.8572969
1785136091.8572969
1785136091.8572969
1785136091.8572969
1785136091.8572969
1785136091.8572969
1785136091.8572969
1785136091.8572969
1785136091.8572969
1785136091.8572969
1785136091.8572969
1785136091.8572969
1785136091.8572969
1785136091.8572969
1785136091.8572969
1785136091.8572969
1785136091.8572969
1785136091.8572969
1785136091.8572969
1785136091.8572969
1785136091.8572969
1785136091.8575201
1785136091.8575201
1785136091.8575201
1785136091.8575201
1785136091.8575201
1785136091.8575201
1785136091.8575201
1785136091.8575201
1785136091.8575201
1785136091.8575201
1785136091.8575201
1785136091.8575201
1785136091.8575201
1785136091.8575201
1785136091.8575201
1785136091.8575201
1785136091.8575201
1785136091.8575201
1785136091.8575201
1785136091.8575201
1785136091.8575201
1785136091.8575201
1785136091.8575201
1785136091.8575201
1785136091.8575201
1785136091.8575201
1785136091.8575201
1785136091.8575201
1785136091.8575201
1785136091.8575201
1785136091.8575201
1785136091.8575201
1785136091.8575201
1785136091.8575201
1785136091.8575201
1785136091.8575201
1785136091.8575201
1785136091.8575201
1785136091.8575201
1785136091.8575201
1785136091.8575201
1785136091.8575201
1785136091.8575201
1785136091.8577411
1785136091.8577411
1785136091.8577411
1785136091.8577411
1785136091.8577411
1785136091.8577411
1785136091.8577411
1785136091.8577411
1785136091.8577411
1785136091.8577411
1785136091.8577411
1785136091.8577411
1785136091.8577411
1785136091.8577411
1785136091.8577411
1785136091.8577411
1785136091.8577411
1785136091.8577411
1785136091.8577411
1785136091.8577411
1785136091.8577411
1785136091.8577411
1785136091.8577411
1785136091.8577411
1785136091.8577411
1785136091.8577411
1785136091.8577411
1785136091.8577411
1785136091.8577411
1785136091.8577411
1785136091.8577411
1785136091.8577411
1785136091.8577411
1785136091.8577411
1785136091.8577411
1785136091.8577411
1785136091.8577411
1785136091.8577411
1785136091.8577411
1785136091.8577411
1785136091.8577411
1785136091.8577411
1785136091.8577411
1785136091.8579631
1785136091.8579631
1785136091.8579631
1785136091.8579631
1785136091.8579631
1785136091.8579631
1785136091.8579631
1785136091.8579631
1785136091.8579631
1785136091.8579631
1785136091.8579631
1785136091.8579631
1785136091.8579631
1785136091.8579631
1785136091.8579631
1785136091.8579631
1785136091.8579631
1785136091.8579631
1785136091.8579631
1785136091.8579631
1785136091.8579631
1785136091.8579631
1785136091.8579631
1785136091.8579631
1785136091.8579631
1785136091.8579631
1785136091.8579631
1785136091.8579631
1785136091.8579631
1785136091.8579631
1785136091.8579631
1785136091.8579631
1785136091.8579631
1785136091.8579631
1785136091.8579631
1785136091.8579631
1785136091.8579631
1785136091.8579631
1785136091.8579631
1785136091.8579631
1785136091.8579631
1785136091.8579631
1785136091.8579631
1785136091.8581851
1785136091.8581851
1785136091.8581851
1785136091.8581851
1785136091.8581851
1785136091.8581851
1785136091.8581851
1785136091.8581851
1785136091.8581851
1785136091.8581851
1785136091.8581851
1785136091.8581851
1785136091.8581851
1785136091.8581851
1785136091.8581851
1785136091.8581851
1785136091.8581851
1785136091.8581851
1785136091.8581851
1785136091.8581851
1785136091.8581851
1785136091.8581851
1785136091.8581851
1785136091.8581851
1785136091.8581851
1785136091.8581851
1785136091.8581851
1785136091.8581851
1785136091.8581851
1785136091.8581851
1785136091.8581851
1785136091.8581851
1785136091.8581851
1785136091.8581851
1785136091.8581851
1785136091.8581851
1785136091.8581851
1785136091.8581851
1785136091.8581851
1785136091.8581851
1785136091.8581851
1785136091.8581851
1785136091.8581851
1785136091.8584080
1785136091.8584080
1785136091.8584080
1785136091.8584080
1785136091.8584080
1785136091.8584080
1785136091.8584080
1785136091.8584080
1785136091.8584080
1785136091.8584080
1785136091.8584080
1785136091.8584080
1785136091.8584080
1785136091.8584080
1785136091.8584080
1785136091.8584080
1785136091.8584080
1785136091.8584080
1785136091.8584080
1785136091.8584080
1785136091.8584080
1785136091.8584080
1785136091.8584080
1785136091.8584080
1785136091.8584080
1785136091.8584080
1785136091.8584080
1785136091.8584080
1785136091.8584080
1785136091.8584080
1785136091.8584080
1785136091.8584080
1785136091.8584080
1785136091.8584080
1785136091.8584080
1785136091.8584080
1785136091.8584080
1785136091.8584080
1785136091.8584080
1785136091.8584080
1785136091.8584080
1785136091.8584080
1785136091.8584080
1785136091.8586290
1785136091.8586290
1785136091.8586290
1785136091.8586290
1785136091.8586290
1785136091.8586290
1785136091.8586290
1785136091.8586290
1785136091.8586290
1785136091.8586290
1785136091.8586290
1785136091.8586290
1785136091.8586290
1785136091.8586290
1785136091.8586290
1785136091.8586290
1785136091.8586290
1785136091.8586290
1785136091.8586290
1785136091.8586290
1785136091.8586290
1785136091.8586290
1785136091.8586290
1785136091.8586290
1785136091.8586290
1785136091.8586290
1785136091.8586290
1785136091.8586290
1785136091.8586290
1785136091.8586290
1785136091.8586290
1785136091.8586290
1785136091.8586290
1785136091.8586290
1785136091.8586290
1785136091.8586290
1785136091.8586290
1785136091.8586290
1785136091.8586290
1785136091.8586290
1785136091.8586290
1785136091.8586290
1785136091.8586290
1785136091.8588519
1785136091.8588519
1785136091.8588519
1785136091.8588519
1785136091.8588519
1785136091.8588519
1785136091.8588519
1785136091.8588519
1785136091.8588519
1785136091.8588519
1785136091.8588519
1785136091.8588519
1785136091.8588519
1785136091.8588519
1785136091.8588519
1785136091.8588519
1785136091.8588519
1785136091.8588519
1785136091.8588519
1785136091.8588519
1785136091.8588519
1785136091.8588519
1785136091.8588519
1785136091.8588519
1785136091.8588519
1785136091.8588519
1785136091.8588519
1785136091.8588519
1785136091.8588519
1785136091.8588519
1785136091.8588519
1785136091.8588519
1785136091.8588519
1785136091.8588519
1785136091.8588519
1785136091.8588519
1785136091.8588519
1785136091.8588519
1785136091.8588519
1785136091.8588519
1785136091.8588519
1785136091.8588519
1785136091.8588519
1785136091.8590741
1785136091.8590741
1785136091.8590741
1785136091.8590741
1785136091.8590741
1785136091.8590741
1785136091.8590741
1785136091.8590741
1785136091.8590741
1785136091.8590741
1785136091.8590741
1785136091.8590741
1785136091.8590741
1785136091.8590741
1785136091.8590741
1785136091.8590741
1785136091.8590741
1785136091.8590741
1785136091.8590741
1785136091.8590741
1785136091.8590741
1785136091.8590741
1785136091.8590741
1785136091.8590741
1785136091.8590741
1785136091.8590741
1785136091.8590741
1785136091.8590741
1785136091.8590741
1785136091.8590741
1785136091.8590741
1785136091.8590741
1785136091.8590741
1785136091.8590741
1785136091.8590741
1785136091.8590741
1785136091.8590741
1785136091.8590741
1785136091.8590741
1785136091.8590741
1785136091.8590741
1785136091.8590741
1785136091.8590741
1785136091.8590741
1785136091.8592961
1785136091.8592961
1785136091.8592961
1785136091.8592961
1785136091.8592961
1785136091.8592961
1785136091.8592961
1785136091.8592961
1785136091.8592961
1785136091.8592961
1785136091.8592961
1785136091.8592961
1785136091.8592961
1785136091.8592961
1785136091.8592961
1785136091.8592961
1785136091.8592961
1785136091.8592961
1785136091.8592961
1785136091.8592961
1785136091.8592961
1785136091.8592961
1785136091.8592961
1785136091.8592961
1785136091.8592961
1785136091.8592961
1785136091.8592961
1785136091.8592961
1785136091.8592961
1785136091.8592961
1785136091.8592961
1785136091.8592961
1785136091.8592961
1785136091.8592961
1785136091.8592961
1785136091.8592961
1785136091.8592961
1785136091.8592961
1785136091.8592961
1785136091.8592961
1785136091.8592961
1785136091.8592961
1785136091.8592961
1785136091.8592961
1785136091.8595181
1785136091.8595181
1785136091.8595181
1785136091.8595181
1785136091.8595181
1785136091.8595181
1785136091.8595181
1785136091.8595181
1785136091.8595181
1785136091.8595181
1785136091.8595181
1785136091.8595181
1785136091.8595181
1785136091.8595181
1785136091.8595181
1785136091.8595181
1785136091.8595181
1785136091.8595181
1785136091.8595181
1785136091.8595181
1785136091.8595181
1785136091.8595181
1785136091.8595181
1785136091.8595181
1785136091.8595181
1785136091.8595181
1785136091.8595181
1785136091.8595181
1785136091.8595181
1785136091.8595181
1785136091.8595181
1785136091.8595181
1785136091.8595181
1785136091.8595181
1785136091.8595181
1785136091.8595181
1785136091.8595181
1785136091.8595181
1785136091.8595181
1785136091.8595181
1785136091.8595181
1785136091.8595181
1785136091.8595181
1785136091.8595181
1785136091.8597410
1785136091.8597410
1785136091.8597410
1785136091.8597410
1785136091.8597410
1785136091.8597410
1785136091.8597410
1785136091.8597410
1785136091.8597410
1785136091.8597410
1785136091.8597410
1785136091.8597410
1785136091.8597410
1785136091.8597410
1785136091.8597410
1785136091.8597410
1785136091.8597410
1785136091.8597410
1785136091.8597410
1785136091.8597410
1785136091.8597410
1785136091.8597410
1785136091.8597410
1785136091.8597410
1785136091.8597410
1785136091.8597410
1785136091.8597410
1785136091.8597410
1785136091.8597410
1785136091.8597410
1785136091.8597410
1785136091.8597410
1785136091.8597410
1785136091.8597410
1785136091.8597410
1785136091.8597410
1785136091.8597410
1785136091.8597410
1785136091.8597410
1785136091.8597410
1785136091.8597410
1785136091.8597410
1785136091.8597410
1785136091.8597410
1785136091.8599629
1785136091.8599629
1785136091.8599629
1785136091.8599629
1785136091.8599629
1785136091.8599629
1785136091.8599629
1785136091.8599629
1785136091.8599629
1785136091.8599629
1785136091.8599629
1785136091.8599629
1785136091.8599629
1785136091.8599629
1785136091.8599629
1785136091.8599629
1785136091.8599629
1785136091.8599629
1785136091.8599629
1785136091.8599629
1785136091.8599629
1785136091.8599629
1785136091.8599629
1785136091.8599629
1785136091.8599629
1785136091.8599629
1785136091.8599629
1785136091.8599629
1785136091.8599629
1785136091.8599629
1785136091.8599629
1785136091.8599629
1785136091.8599629
1785136091.8599629
1785136091.8599629
1785136091.8599629
1785136091.8599629
1785136091.8599629
1785136091.8599629
1785136091.8599629
1785136091.8599629
1785136091.8599629
1785136091.8599629
1785136091.8599629
1785136091.8601849
1785136091.8601849
1785136091.8601849
1785136091.8601849
1785136091.8601849
1785136091.8601849
1785136091.8601849
1785136091.8601849
1785136091.8601849
1785136091.8601849
1785136091.8601849
1785136091.8601849
1785136091.8601849
1785136091.8601849
1785136091.8601849
1785136091.8601849
1785136091.8601849
1785136091.8601849
1785136091.8601849
1785136091.8601849
1785136091.8601849
1785136091.8601849
1785136091.8601849
1785136091.8601849
1785136091.8601849
1785136091.8601849
1785136091.8601849
1785136091.8601849
1785136091.8601849
1785136091.8601849
1785136091.8601849
1785136091.8601849
1785136091.8601849
1785136091.8601849
1785136091.8601849
1785136091.8601849
1785136091.8601849
1785136091.8601849
1785136091.8601849
1785136091.8601849
1785136091.8601849
1785136091.8601849
1785136091.8601849
1785136091.8601849
1785136091.8604071
1785136091.8604071
1785136091.8604071
1785136091.8604071
1785136091.8604071
1785136091.8604071
1785136091.8604071
1785136091.8604071
1785136091.8604071
1785136091.8604071
1785136091.8604071
1785136091.8604071
1785136091.8604071
1785136091.8604071
1785136091.8604071
1785136091.8604071
1785136091.8604071
1785136091.8604071
1785136091.8604071
1785136091.8604071
1785136091.8604071
1785136091.8604071
1785136091.8604071
1785136091.8604071
1785136091.8604071
1785136091.8604071
1785136091.8604071
1785136091.8604071
1785136091.8604071
1785136091.8604071
1785136091.8604071
1785136091.8604071
1785136091.8604071
1785136091.8604071
1785136091.8604071
1785136091.8604071
1785136091.8604071
1785136091.8604071
1785136091.8604071
1785136091.8604071
1785136091.8604071
1785136091.8604071
1785136091.8604071
1785136091.8604071
1785136091.8606310
1785136091.8606310
1785136091.8606310
1785136091.8606310
1785136091.8606310
1785136091.8606310
1785136091.8606310
1785136091.8606310
1785136091.8606310
1785136091.8606310
1785136091.8606310
1785136091.8606310
1785136091.8606310
1785136091.8606310
1785136091.8606310
1785136091.8606310
1785136091.8606310
1785136091.8606310
1785136091.8606310
1785136091.8606310
1785136091.8606310
1785136091.8606310
1785136091.8606310
1785136091.8606310
1785136091.8606310
1785136091.8606310
1785136091.8606310
1785136091.8606310
1785136091.8606310
1785136091.8606310
1785136091.8606310
1785136091.8606310
1785136091.8606310
1785136091.8606310
1785136091.8606310
1785136091.8606310
1785136091.8606310
1785136091.8606310
1785136091.8606310
1785136091.8606310
1785136091.8606310
1785136091.8606310
1785136091.8606310
1785136091.8606310
1785136091.8606310
1785136091.8608510
1785136091.8608510
1785136091.8608510
1785136091.8608510
1785136091.8608510
1785136091.8608510
1785136091.8608510
1785136091.8608510
1785136091.8608510
1785136091.8608510
1785136091.8608510
1785136091.8608510
1785136091.8608510
1785136091.8608510
1785136091.8608510
1785136091.8608510
1785136091.8608510
1785136091.8608510
1785136091.8608510
1785136091.8608510
1785136091.8608510
1785136091.8608510
1785136091.8608510
1785136091.8608510
1785136091.8608510
1785136091.8608510
1785136091.8608510
1785136091.8608510
1785136091.8608510
1785136091.8608510
1785136091.8608510
1785136091.8608510
1785136091.8608510
1785136091.8608510
1785136091.8608510
1785136091.8608510
1785136091.8608510
1785136091.8608510
1785136091.8608510
1785136091.8608510
1785136091.8608510
1785136091.8608510
1785136091.8608510
1785136091.8608510
1785136091.8608510
1785136091.8610740
1785136091.8610740
1785136091.8610740
1785136091.8610740
1785136091.8610740
1785136091.8610740
1785136091.8610740
1785136091.8610740
1785136091.8610740
1785136091.8610740
1785136091.8610740
1785136091.8610740
1785136091.8610740
1785136091.8610740
1785136091.8610740
1785136091.8610740
1785136091.8610740
1785136091.8610740
1785136091.8610740
1785136091.8610740
1785136091.8610740
1785136091.8610740
1785136091.8610740
1785136091.8610740
1785136091.8610740
1785136091.8610740
1785136091.8610740
1785136091.8610740
1785136091.8610740
1785136091.8610740
1785136091.8610740
1785136091.8610740
1785136091.8610740
1785136091.8610740
1785136091.8610740
1785136091.8610740
1785136091.8610740
1785136091.8610740
1785136091.8610740
1785136091.8610740
1785136091.8610740
1785136091.8610740
1785136091.8610740
1785136091.8610740
1785136091.8610740
1785136091.8612950
1785136091.8612950
1785136091.8612950
1785136091.8612950
1785136091.8612950
1785136091.8612950
1785136091.8612950
1785136091.8612950
1785136091.8612950
1785136091.8612950
1785136091.8612950
1785136091.8612950
1785136091.8612950
1785136091.8612950
1785136091.8612950
1785136091.8612950
1785136091.8612950
1785136091.8612950
1785136091.8612950
1785136091.8612950
1785136091.8612950
1785136091.8612950
1785136091.8612950
1785136091.8612950
1785136091.8612950
1785136091.8612950
1785136091.8612950
1785136091.8612950
1785136091.8612950
1785136091.8612950
1785136091.8612950
1785136091.8612950
1785136091.8612950
1785136091.8612950
1785136091.8612950
1785136091.8612950
1785136091.8612950
1785136091.8612950
1785136091.8612950
1785136091.8612950
1785136091.8612950
1785136091.8612950
1785136091.8612950
1785136091.8612950
1785136091.8612950
1785136091.8615179
1785136091.8615179
1785136091.8615179
1785136091.8615179
1785136091.8615179
1785136091.8615179
1785136091.8615179
1785136091.8615179
1785136091.8615179
1785136091.8615179
1785136091.8615179
1785136091.8615179
1785136091.8615179
1785136091.8615179
1785136091.8615179
1785136091.8615179
1785136091.8615179
1785136091.8615179
1785136091.8615179
1785136091.8615179
1785136091.8615179
1785136091.8615179
1785136091.8615179
1785136091.8615179
1785136091.8615179
1785136091.8615179
1785136091.8615179
1785136091.8615179
1785136091.8615179
1785136091.8615179
1785136091.8615179
1785136091.8615179
1785136091.8615179
1785136091.8615179
1785136091.8615179
1785136091.8615179
1785136091.8615179
1785136091.8615179
1785136091.8615179
1785136091.8615179
1785136091.8615179
1785136091.8615179
1785136091.8615179
1785136091.8615179
1785136091.8615179
1785136091.8615179
1785136091.8615179
1785136091.8615179
1785136091.8615179
1785136091.8615179
1785136091.8615179
1785136091.8615179
1785136091.8615179
1785136091.8615179
1785136091.8615179
1785136091.8615179
1785136091.8615179
1785136091.8615179
1785136091.8615179
1785136091.8615179
1785136091.8615179
1785136091.8615179
1785136091.8617401
1785136091.8617401
1785136091.8617401
1785136091.8617401
1785136091.8617401
1785136091.8617401
1785136091.8617401
1785136091.8617401
1785136091.8617401
1785136091.8617401
1785136091.8617401
1785136091.8617401
1785136091.8617401
1785136091.8617401
1785136091.8617401
1785136091.8617401
1785136091.8617401
1785136091.8617401
1785136091.8617401
1785136091.8617401
1785136091.8617401
1785136091.8617401
1785136091.8617401
1785136091.8617401
1785136091.8617401
1785136091.8617401
1785136091.8617401
1785136091.8617401
1785136091.8617401
1785136091.8617401
1785136091.8617401
1785136091.8617401
1785136091.8617401
1785136091.8617401
1785136091.8617401
1785136091.8617401
1785136091.8617401
1785136091.8617401
1785136091.8617401
1785136091.8617401
1785136091.8617401
1785136091.8617401
1785136091.8617401
1785136091.8617401
1785136091.8617401
1785136091.8617401
1785136091.8617401
1785136091.8617401
1785136091.8617401
1785136091.8617401
1785136091.8617401
1785136091.8617401
1785136091.8617401
1785136091.8617401
1785136091.8617401
1785136091.8617401
1785136091.8617401
1785136091.8617401
1785136091.8617401
1785136091.8617401
1785136091.8617401
1785136091.8617401
1785136091.8617401
1785136091.8617401
1785136091.8617401
1785136091.8619630
1785136091.8619630
1785136091.8619630
1785136091.8619630
1785136091.8619630
1785136091.8619630
1785136091.8619630
1785136091.8619630
1785136091.8619630
1785136091.8619630
1785136091.8619630
1785136091.8619630
1785136091.8619630
1785136091.8619630
1785136091.8619630
1785136091.8619630
1785136091.8619630
1785136091.8619630
1785136091.8619630
1785136091.8619630
1785136091.8619630
1785136091.8619630
1785136091.8619630
1785136091.8619630
1785136091.8619630
1785136091.8619630
1785136091.8619630
1785136091.8619630
1785136091.8619630
1785136091.8619630
1785136091.8619630
1785136091.8619630
1785136091.8619630
1785136091.8619630
1785136091.8619630
1785136091.8619630
1785136091.8619630
1785136091.8619630
1785136091.8619630
1785136091.8619630
1785136091.8619630
1785136091.8619630
1785136091.8619630
1785136091.8619630
1785136091.8619630
1785136091.8619630
1785136091.8619630
1785136091.8619630
1785136091.8619630
1785136091.8619630
1785136091.8619630
1785136091.8619630
1785136091.8619630
1785136091.8619630
1785136091.8619630
1785136091.8619630
1785136091.8619630
1785136091.8619630
1785136091.8619630
1785136091.8619630
1785136091.8619630
1785136091.8619630
1785136091.8619630
1785136091.8619630
1785136091.8619630
1785136091.8621850
1785136091.8621850
1785136091.8621850
1785136091.8621850
1785136091.8621850
1785136091.8621850
1785136091.8621850
1785136091.8621850
1785136091.8621850
1785136091.8621850
1785136091.8621850
1785136091.8621850
1785136091.8621850
1785136091.8621850
1785136091.8621850
1785136091.8621850
1785136091.8621850
1785136091.8621850
1785136091.8621850
1785136091.8621850
1785136091.8621850
1785136091.8621850
1785136091.8621850
1785136091.8621850
1785136091.8621850
1785136091.8621850
1785136091.8621850
1785136091.8621850
1785136091.8621850
1785136091.8621850
1785136091.8621850
1785136091.8621850
1785136091.8621850
1785136091.8621850
1785136091.8621850
1785136091.8621850
1785136091.8621850
1785136091.8621850
1785136091.8621850
1785136091.8621850
1785136091.8621850
1785136091.8621850
1785136091.8621850
1785136091.8621850
1785136091.8621850
1785136091.8621850
1785136091.8621850
1785136091.8621850
1785136091.8621850
1785136091.8621850
1785136091.8621850
1785136091.8621850
1785136091.8621850
1785136091.8621850
1785136091.8621850
1785136091.8621850
1785136091.8621850
1785136091.8621850
1785136091.8621850
1785136091.8621850
1785136091.8621850
1785136091.8621850
1785136091.8621850
1785136091.8621850
1785136091.8621850
1785136091.8621850
1785136091.8624060
1785136091.8624060
1785136091.8624060
1785136091.8624060
1785136091.8624060
1785136091.8624060
1785136091.8624060
1785136091.8624060
1785136091.8624060
1785136091.8624060
1785136091.8624060
1785136091.8624060
1785136091.8624060
1785136091.8624060
1785136091.8624060
1785136091.8624060
1785136091.8624060
1785136091.8624060
1785136091.8624060
1785136091.8624060
1785136091.8624060
1785136091.8624060
1785136091.8624060
1785136091.8624060
1785136091.8624060
1785136091.8624060
1785136091.8624060
1785136091.8624060
1785136091.8624060
1785136091.8624060
1785136091.8624060
1785136091.8624060
1785136091.8624060
1785136091.8624060
1785136091.8624060
1785136091.8624060
1785136091.8624060
1785136091.8624060
1785136091.8624060
1785136091.8624060
1785136091.8624060
1785136091.8624060
1785136091.8624060
1785136091.8624060
1785136091.8624060
1785136091.8624060
1785136091.8624060
1785136091.8624060
1785136091.8624060
1785136091.8624060
1785136091.8624060
1785136091.8624060
1785136091.8624060
1785136091.8624060
1785136091.8624060
1785136091.8624060
1785136091.8624060
1785136091.8626289
1785136091.8626289
1785136091.8626289
1785136091.8626289
1785136091.8626289
1785136091.8626289
1785136091.8626289
1785136091.8626289
1785136091.8626289
1785136091.8626289
1785136091.8626289
1785136091.8626289
1785136091.8626289
1785136091.8626289
1785136091.8626289
1785136091.8626289
1785136091.8626289
1785136091.8626289
1785136091.8626289
1785136091.8626289
1785136091.8626289
1785136091.8626289
1785136091.8626289
1785136091.8626289
1785136091.8626289
1785136091.8626289
1785136091.8626289
1785136091.8626289
1785136091.8626289
1785136091.8626289
1785136091.8626289
1785136091.8626289
1785136091.8626289
1785136091.8626289
1785136091.8626289
1785136091.8626289
1785136091.8626289
1785136091.8626289
1785136091.8626289
1785136091.8626289
1785136091.8626289
1785136091.8626289
1785136091.8626289
1785136091.8626289
1785136091.8626289
1785136091.8626289
1785136091.8626289
1785136091.8626289
1785136091.8626289
1785136091.8626289
1785136091.8626289
1785136091.8626289
1785136091.8626289
1785136091.8626289
1785136091.8626289
1785136091.8626289
1785136091.8626289
1785136091.8628509
1785136091.8628509
1785136091.8628509
1785136091.8628509
1785136091.8628509
1785136091.8628509
1785136091.8628509
1785136091.8628509
1785136091.8628509
1785136091.8628509
1785136091.8628509
1785136091.8628509
1785136091.8628509
1785136091.8628509
1785136091.8628509
1785136091.8628509
1785136091.8628509
1785136091.8628509
1785136091.8628509
1785136091.8628509
1785136091.8628509
1785136091.8628509
1785136091.8628509
1785136091.8628509
1785136091.8628509
1785136091.8628509
1785136091.8628509
1785136091.8628509
1785136091.8628509
1785136091.8628509
1785136091.8628509
1785136091.8628509
1785136091.8628509
1785136091.8628509
1785136091.8628509
1785136091.8628509
1785136091.8628509
1785136091.8628509
1785136091.8628509
1785136091.8628509
1785136091.8628509
1785136091.8628509
1785136091.8628509
1785136091.8628509
1785136091.8628509
1785136091.8628509
1785136091.8628509
1785136091.8628509
1785136091.8628509
1785136091.8628509
1785136091.8628509
1785136091.8628509
1785136091.8628509
1785136091.8628509
1785136091.8628509
1785136091.8628509
1785136091.8628509
1785136091.8628509
1785136091.8630741
1785136091.8630741
1785136091.8630741
1785136091.8630741
1785136091.8630741
1785136091.8630741
1785136091.8630741
1785136091.8630741
1785136091.8630741
1785136091.8630741
1785136091.8630741
1785136091.8630741
1785136091.8630741
1785136091.8630741
1785136091.8630741
1785136091.8630741
1785136091.8630741
1785136091.8630741
1785136091.8630741
1785136091.8630741
1785136091.8630741
1785136091.8630741
1785136091.8630741
1785136091.8630741
1785136091.8630741
1785136091.8630741
1785136091.8630741
1785136091.8630741
1785136091.8630741
1785136091.8630741
1785136091.8630741
1785136091.8630741
1785136091.8630741
1785136091.8630741
1785136091.8630741
1785136091.8630741
1785136091.8630741
1785136091.8630741
1785136091.8630741
1785136091.8630741
1785136091.8630741
1785136091.8630741
1785136091.8630741
1785136091.8630741
1785136091.8630741
1785136091.8630741
1785136091.8630741
1785136091.8630741
1785136091.8630741
1785136091.8630741
1785136091.8630741
1785136091.8630741
1785136091.8630741
1785136091.8630741
1785136091.8630741
1785136091.8630741
1785136091.8630741
1785136091.8630741
1785136091.8630741
1785136091.8630741
1785136091.8630741
1785136091.8630741
1785136091.8630741
1785136091.8630741
1785136091.8630741
1785136091.8632960
1785136091.8632960
1785136091.8632960
1785136091.8632960
1785136091.8632960
1785136091.8632960
1785136091.8632960
1785136091.8632960
1785136091.8632960
1785136091.8632960
1785136091.8632960
1785136091.8632960
1785136091.8632960
1785136091.8632960
1785136091.8632960
1785136091.8632960
1785136091.8632960
1785136091.8632960
1785136091.8632960
1785136091.8632960
1785136091.8632960
1785136091.8632960
1785136091.8632960
1785136091.8632960
1785136091.8632960
1785136091.8632960
1785136091.8632960
1785136091.8632960
1785136091.8632960
1785136091.8632960
1785136091.8632960
1785136091.8632960
1785136091.8632960
1785136091.8632960
1785136091.8632960
1785136091.8632960
1785136091.8632960
1785136091.8632960
1785136091.8632960
1785136091.8632960
1785136091.8632960
1785136091.8632960
1785136091.8632960
1785136091.8632960
1785136091.8632960
1785136091.8632960
1785136091.8632960
1785136091.8632960
1785136091.8632960
1785136091.8632960
1785136091.8632960
1785136091.8632960
1785136091.8632960
1785136091.8632960
1785136091.8632960
1785136091.8632960
1785136091.8632960
1785136091.8632960
1785136091.8632960
1785136091.8632960
1785136091.8632960
1785136091.8632960
1785136091.8632960
1785136091.8632960
1785136091.8632960
1785136091.8632960
1785136091.8632960
1785136091.8632960
1785136091.8632960
1785136091.8632960
1785136091.8632960
1785136091.8635261
1785136091.8635261
1785136091.8635261
1785136091.8635261
1785136091.8635261
1785136091.8635261
1785136091.8635261
1785136091.8635261
1785136091.8635261
1785136091.8635261
1785136091.8635261
1785136091.8635261
1785136091.8635261
1785136091.8635261
1785136091.8635261
1785136091.8635261
1785136091.8635261
1785136091.8635261
1785136091.8635261
1785136091.8635261
1785136091.8635261
1785136091.8635261
1785136091.8635261
1785136091.8635261
1785136091.8635261
1785136091.8635261
1785136091.8635261
1785136091.8635261
1785136091.8635261
1785136091.8635261
1785136091.8635261
1785136091.8635261
1785136091.8635261
1785136091.8635261
1785136091.8635261
1785136091.8635261
1785136091.8635261
1785136091.8635261
1785136091.8635261
1785136091.8635261
1785136091.8635261
1785136091.8635261
1785136091.8635261
1785136091.8635261
1785136091.8635261
1785136091.8635261
1785136091.8635261
1785136091.8635261
1785136091.8635261
1785136091.8635261
1785136091.8635261
1785136091.8635261
1785136091.8635261
1785136091.8635261
1785136091.8635261
1785136091.8635261
1785136091.8635261
1785136091.8635261
1785136091.8635261
1785136091.8635261
1785136091.8635261
1785136091.8635261
1785136091.8635261
1785136091.8635261
1785136091.8635261
1785136091.8635261
1785136091.8635261
1785136091.8635261
1785136091.8635261
1785136091.8635261
1785136091.8637469
1785136091.8637469
1785136091.8637469
1785136091.8637469
1785136091.8637469
1785136091.8637469
1785136091.8637469
1785136091.8637469
1785136091.8637469
1785136091.8637469
1785136091.8637469
1785136091.8637469
1785136091.8637469
1785136091.8637469
1785136091.8637469
1785136091.8637469
1785136091.8637469
1785136091.8637469
1785136091.8637469
1785136091.8637469
1785136091.8637469
1785136091.8637469
1785136091.8637469
1785136091.8637469
1785136091.8637469
1785136091.8637469
1785136091.8637469
1785136091.8637469
1785136091.8637469
1785136091.8637469
1785136091.8637469
1785136091.8637469
1785136091.8637469
1785136091.8637469
1785136091.8637469
1785136091.8637469
1785136091.8637469
1785136091.8637469
1785136091.8637469
1785136091.8637469
1785136091.8637469
1785136091.8637469
1785136091.8637469
1785136091.8637469
1785136091.8637469
1785136091.8637469
1785136091.8637469
1785136091.8637469
1785136091.8637469
1785136091.8637469
1785136091.8637469
1785136091.8637469
1785136091.8637469
1785136091.8637469
1785136091.8637469
1785136091.8637469
1785136091.8637469
1785136091.8637469
1785136091.8637469
1785136091.8637469
1785136091.8637469
1785136091.8637469
1785136091.8637469
1785136091.8637469
1785136091.8637469
1785136091.8637469
1785136091.8637469
1785136091.8637469
1785136091.8637469
1785136091.8639629
1785136091.8639629
1785136091.8639629
1785136091.8639629
1785136091.8639629
1785136091.8639629
1785136091.8639629
1785136091.8639629
1785136091.8639629
1785136091.8639629
1785136091.8639629
1785136091.8639629
1785136091.8639629
1785136091.8639629
1785136091.8639629
1785136091.8639629
1785136091.8639629
1785136091.8639629
1785136091.8639629
1785136091.8639629
1785136091.8639629
1785136091.8639629
1785136091.8639629
1785136091.8639629
1785136091.8639629
1785136091.8639629
1785136091.8639629
1785136091.8639629
1785136091.8639629
1785136091.8639629
1785136091.8639629
1785136091.8639629
1785136091.8639629
1785136091.8639629
1785136091.8639629
1785136091.8639629
1785136091.8639629
1785136091.8639629
1785136091.8639629
1785136091.8639629
1785136091.8639629
1785136091.8639629
1785136091.8639629
1785136091.8639629
1785136091.8639629
1785136091.8639629
1785136091.8639629
1785136091.8639629
1785136091.8639629
1785136091.8639629
1785136091.8639629
1785136091.8639629
1785136091.8639629
1785136091.8639629
1785136091.8639629
1785136091.8639629
1785136091.8639629
1785136091.8639629
1785136091.8639629
1785136091.8639629
1785136091.8639629
1785136091.8639629
1785136091.8639629
1785136091.8639629
1785136091.8641851
1785136091.8641851
1785136091.8641851
1785136091.8641851
1785136091.8641851
1785136091.8641851
1785136091.8641851
1785136091.8641851
1785136091.8641851
1785136091.8641851
1785136091.8641851
1785136091.8641851
1785136091.8641851
1785136091.8641851
1785136091.8641851
1785136091.8641851
1785136091.8641851
1785136091.8641851
1785136091.8641851
1785136091.8641851
1785136091.8641851
1785136091.8641851
1785136091.8641851
1785136091.8641851
1785136091.8641851
1785136091.8641851
1785136091.8641851
1785136091.8641851
1785136091.8641851
1785136091.8641851
1785136091.8641851
1785136091.8641851
1785136091.8641851
1785136091.8641851
1785136091.8641851
1785136091.8641851
1785136091.8641851
1785136091.8641851
1785136091.8641851
1785136091.8641851
1785136091.8641851
1785136091.8641851
1785136091.8641851
1785136091.8641851
1785136091.8641851
1785136091.8641851
1785136091.8641851
1785136091.8641851
1785136091.8641851
1785136091.8641851
1785136091.8641851
1785136091.8641851
1785136091.8641851
1785136091.8641851
1785136091.8641851
1785136091.8641851
1785136091.8641851
1785136091.8641851
1785136091.8641851
1785136091.8641851
1785136091.8641851
1785136091.8641851
1785136091.8641851
1785136091.8644061
1785136091.8644061
1785136091.8644061
1785136091.8644061
1785136091.8644061
1785136091.8644061
1785136091.8644061
1785136091.8644061
1785136091.8644061
1785136091.8644061
1785136091.8644061
1785136091.8644061
1785136091.8644061
1785136091.8644061
1785136091.8644061
1785136091.8644061
1785136091.8644061
1785136091.8644061
1785136091.8644061
1785136091.8644061
1785136091.8644061
1785136091.8644061
1785136091.8644061
1785136091.8644061
1785136091.8644061
1785136091.8644061
1785136091.8644061
1785136091.8644061
1785136091.8644061
1785136091.8644061
1785136091.8644061
1785136091.8644061
1785136091.8644061
1785136091.8644061
1785136091.8644061
1785136091.8644061
1785136091.8644061
1785136091.8644061
1785136091.8644061
1785136091.8644061
1785136091.8644061
1785136091.8644061
1785136091.8644061
1785136091.8644061
1785136091.8644061
1785136091.8644061
1785136091.8644061
1785136091.8644061
1785136091.8644061
1785136091.8644061
1785136091.8644061
1785136091.8644061
1785136091.8644061
1785136091.8644061
1785136091.8644061
1785136091.8644061
1785136091.8644061
1785136091.8644061
1785136091.8644061
1785136091.8644061
1785136091.8644061
1785136091.8644061
1785136091.8644061
1785136091.8646269
1785136091.8646269
1785136091.8646269
1785136091.8646269
1785136091.8646269
1785136091.8646269
1785136091.8646269
1785136091.8646269
1785136091.8646269
1785136091.8646269
1785136091.8646269
1785136091.8646269
1785136091.8646269
1785136091.8646269
1785136091.8646269
1785136091.8646269
1785136091.8646269
1785136091.8646269
1785136091.8646269
1785136091.8646269
1785136091.8646269
1785136091.8646269
1785136091.8646269
1785136091.8646269
1785136091.8646269
1785136091.8646269
1785136091.8646269
1785136091.8646269
1785136091.8646269
1785136091.8646269
1785136091.8646269
1785136091.8646269
1785136091.8646269
1785136091.8646269
1785136091.8646269
1785136091.8646269
1785136091.8646269
1785136091.8646269
1785136091.8646269
1785136091.8646269
1785136091.8646269
1785136091.8646269
1785136091.8646269
1785136091.8646269
1785136091.8646269
1785136091.8646269
1785136091.8646269
1785136091.8646269
1785136091.8646269
1785136091.8646269
1785136091.8646269
1785136091.8646269
1785136091.8646269
1785136091.8646269
1785136091.8646269
1785136091.8646269
1785136091.8646269
1785136091.8646269
1785136091.8646269
1785136091.8646269
1785136091.8646269
1785136091.8646269
1785136091.8646269
1785136091.8648500
1785136091.8648500
1785136091.8648500
1785136091.8648500
1785136091.8648500
1785136091.8648500
1785136091.8648500
1785136091.8648500
1785136091.8648500
1785136091.8648500
1785136091.8648500
1785136091.8648500
1785136091.8648500
1785136091.8648500
1785136091.8648500
1785136091.8648500
1785136091.8648500
1785136091.8648500
1785136091.8648500
1785136091.8648500
1785136091.8648500
1785136091.8648500
1785136091.8648500
1785136091.8648500
1785136091.8648500
1785136091.8648500
1785136091.8648500
1785136091.8648500
1785136091.8648500
1785136091.8648500
1785136091.8648500
1785136091.8648500
1785136091.8648500
1785136091.8648500
1785136091.8648500
1785136091.8648500
1785136091.8648500
1785136091.8648500
1785136091.8648500
1785136091.8648500
1785136091.8648500
1785136091.8648500
1785136091.8648500
1785136091.8648500
1785136091.8648500
1785136091.8648500
1785136091.8648500
1785136091.8648500
1785136091.8648500
1785136091.8648500
1785136091.8648500
1785136091.8648500
1785136091.8648500
1785136091.8648500
1785136091.8648500
1785136091.8648500
1785136091.8648500
1785136091.8648500
1785136091.8648500
1785136091.8648500
1785136091.8648500
1785136091.8648500
1785136091.8650720
1785136091.8650720
1785136091.8650720
1785136091.8650720
1785136091.8650720
1785136091.8650720
1785136091.8650720
1785136091.8650720
1785136091.8650720
1785136091.8650720
1785136091.8650720
1785136091.8650720
1785136091.8650720
1785136091.8650720
1785136091.8650720
1785136091.8650720
1785136091.8650720
1785136091.8650720
1785136091.8650720
1785136091.8650720
1785136091.8650720
1785136091.8650720
1785136091.8650720
1785136091.8650720
1785136091.8650720
1785136091.8650720
1785136091.8650720
1785136091.8650720
1785136091.8650720
1785136091.8650720
1785136091.8650720
1785136091.8650720
1785136091.8650720
1785136091.8650720
1785136091.8650720
1785136091.8650720
1785136091.8650720
1785136091.8650720
1785136091.8650720
1785136091.8650720
1785136091.8650720
1785136091.8650720
1785136091.8650720
1785136091.8650720
1785136091.8650720
1785136091.8650720
1785136091.8650720
1785136091.8650720
1785136091.8650720
1785136091.8650720
1785136091.8650720
1785136091.8650720
1785136091.8650720
1785136091.8650720
1785136091.8650720
1785136091.8650720
1785136091.8650720
1785136091.8650720
1785136091.8650720
1785136091.8650720
1785136091.8650720
1785136091.8652940
1785136091.8652940
1785136091.8652940
1785136091.8652940
1785136091.8652940
1785136091.8652940
1785136091.8652940
1785136091.8652940
1785136091.8652940
1785136091.8652940
1785136091.8652940
1785136091.8652940
1785136091.8652940
1785136091.8652940
1785136091.8652940
1785136091.8652940
1785136091.8652940
1785136091.8652940
1785136091.8652940
1785136091.8652940
1785136091.8652940
1785136091.8652940
1785136091.8652940
1785136091.8652940
1785136091.8652940
1785136091.8652940
1785136091.8652940
1785136091.8652940
1785136091.8652940
1785136091.8652940
1785136091.8652940
1785136091.8652940
1785136091.8652940
1785136091.8652940
1785136091.8652940
1785136091.8652940
1785136091.8652940
1785136091.8652940
1785136091.8652940
1785136091.8652940
1785136091.8652940
1785136091.8652940
1785136091.8652940
1785136091.8652940
1785136091.8652940
1785136091.8652940
1785136091.8652940
1785136091.8652940
1785136091.8652940
1785136091.8652940
1785136091.8652940
1785136091.8652940
1785136091.8652940
1785136091.8652940
1785136091.8652940
1785136091.8652940
1785136091.8652940
1785136091.8652940
1785136091.8652940
1785136091.8652940
1785136091.8652940
1785136091.8655169
1785136091.8655169
1785136091.8655169
1785136091.8655169
1785136091.8655169
1785136091.8655169
1785136091.8655169
1785136091.8655169
1785136091.8655169
1785136091.8655169
1785136091.8655169
1785136091.8655169
1785136091.8655169
1785136091.8655169
1785136091.8655169
1785136091.8655169
1785136091.8655169
1785136091.8655169
1785136091.8655169
1785136091.8655169
1785136091.8655169
1785136091.8655169
1785136091.8655169
1785136091.8655169
1785136091.8655169
1785136091.8655169
1785136091.8655169
1785136091.8655169
1785136091.8655169
1785136091.8655169
1785136091.8655169
1785136091.8655169
1785136091.8655169
1785136091.8655169
1785136091.8655169
1785136091.8655169
1785136091.8655169
1785136091.8655169
1785136091.8655169
1785136091.8655169
1785136091.8655169
1785136091.8655169
1785136091.8655169
1785136091.8655169
1785136091.8655169
1785136091.8655169
1785136091.8655169
1785136091.8655169
1785136091.8655169
1785136091.8655169
1785136091.8655169
1785136091.8655169
1785136091.8655169
1785136091.8655169
1785136091.8655169
1785136091.8655169
1785136091.8655169
1785136091.8655169
1785136091.8655169
1785136091.8655169
1785136091.8655169
1785136091.8657391
1785136091.8657391
1785136091.8657391
1785136091.8657391
1785136091.8657391
1785136091.8657391
1785136091.8657391
1785136091.8657391
1785136091.8657391
1785136091.8657391
1785136091.8657391
1785136091.8657391
1785136091.8657391
1785136091.8657391
1785136091.8657391
1785136091.8657391
1785136091.8657391
1785136091.8657391
1785136091.8657391
1785136091.8657391
1785136091.8657391
1785136091.8657391
1785136091.8657391
1785136091.8657391
1785136091.8657391
1785136091.8657391
1785136091.8657391
1785136091.8657391
1785136091.8657391
1785136091.8657391
1785136091.8657391
1785136091.8657391
1785136091.8657391
1785136091.8657391
1785136091.8657391
1785136091.8657391
1785136091.8657391
1785136091.8657391
1785136091.8657391
1785136091.8657391
1785136091.8657391
1785136091.8657391
1785136091.8657391
1785136091.8657391
1785136091.8657391
1785136091.8657391
1785136091.8657391
1785136091.8657391
1785136091.8657391
1785136091.8657391
1785136091.8657391
1785136091.8657391
1785136091.8657391
1785136091.8657391
1785136091.8657391
1785136091.8657391
1785136091.8657391
1785136091.8657391
1785136091.8657391
1785136091.8657391
1785136091.8659611
1785136091.8659611
1785136091.8659611
1785136091.8659611
1785136091.8659611
1785136091.8659611
1785136091.8659611
1785136091.8659611
1785136091.8659611
1785136091.8659611
1785136091.8659611
1785136091.8659611
1785136091.8659611
1785136091.8659611
1785136091.8659611
1785136091.8659611
1785136091.8659611
1785136091.8659611
1785136091.8659611
1785136091.8659611
1785136091.8659611
1785136091.8659611
1785136091.8659611
1785136091.8659611
1785136091.8659611
1785136091.8659611
1785136091.8659611
1785136091.8659611
1785136091.8659611
1785136091.8659611
1785136091.8659611
1785136091.8659611
1785136091.8659611
1785136091.8659611
1785136091.8659611
1785136091.8659611
1785136091.8659611
1785136091.8659611
1785136091.8659611
1785136091.8659611
1785136091.8659611
1785136091.8659611
1785136091.8659611
1785136091.8659611
1785136091.8659611
1785136091.8661830
1785136091.8661830
1785136091.8661830
1785136091.8661830
1785136091.8661830
1785136091.8661830
1785136091.8661830
1785136091.8661830
1785136091.8661830
1785136091.8661830
1785136091.8661830
1785136091.8661830
1785136091.8661830
1785136091.8661830
1785136091.8661830
1785136091.8661830
1785136091.8661830
1785136091.8661830
1785136091.8661830
1785136091.8661830
1785136091.8661830
1785136091.8661830
1785136091.8661830
1785136091.8661830
1785136091.8661830
1785136091.8664050
1785136091.8664050
1785136091.8664050
1785136091.8664050
1785136091.8664050
1785136091.8664050
1785136091.8664050
1785136091.8664050
1785136091.8664050
1785136091.8664050
1785136091.8664050
1785136091.8664050
1785136091.8664050
1785136091.8664050
1785136091.8664050
1785136091.8664050
1785136091.8664050
1785136091.8664050
1785136091.8664050
1785136091.8664050
1785136091.8664050
1785136091.8664050
1785136091.8664050
1785136091.8664050
1785136091.8664050
1785136091.8664050
1785136091.8666270
1785136091.8666270
1785136091.8666270
1785136091.8666270
1785136091.8666270
1785136091.8666270
1785136091.8666270
1785136091.8666270
1785136091.8666270
1785136091.8666270
1785136091.8666270
1785136091.8666270
1785136091.8666270
1785136091.8666270
1785136091.8666270
1785136091.8666270
1785136091.8666270
1785136091.8666270
1785136091.8666270
1785136091.8666270
1785136091.8666270
1785136091.8666270
1785136091.8666270
1785136091.8666270
1785136091.8666270
1785136091.8666270
1785136091.8666270
1785136091.8666270
1785136091.8666270
1785136091.8666270
1785136091.8666270
1785136091.8666270
1785136091.8666270
1785136091.8666270
1785136091.8668499
1785136091.8668499
1785136091.8668499
1785136091.8668499
1785136091.8668499
1785136091.8668499
1785136091.8668499
1785136091.8668499
1785136091.8668499
1785136091.8668499
1785136091.8668499
1785136091.8668499
1785136091.8668499
1785136091.8668499
1785136091.8668499
1785136091.8668499
1785136091.8668499
1785136091.8670721
1785136091.8670721
1785136091.8670721
1785136091.8670721
1785136091.8670721
1785136091.8670721
1785136091.8670721
1785136091.8670721
1785136091.8670721
1785136091.8670721
1785136091.8670721
1785136091.8670721
1785136091.8670721
1785136091.8670721
1785136091.8670721
1785136091.8670721
1785136091.8670721
1785136091.8672941
1785136091.8672941
1785136091.8672941
1785136091.8672941
1785136091.8672941
1785136091.8672941
1785136091.8672941
1785136091.8672941
1785136091.8672941
1785136091.8672941
1785136091.8672941
1785136091.8672941
1785136091.8672941
1785136091.8672941
1785136091.8672941
1785136091.8672941
1785136091.8672941
1785136091.8675170
1785136091.8675170
1785136091.8675170
1785136091.8675170
1785136091.8675170
1785136091.8675170
1785136091.8675170
1785136091.8675170
1785136091.8675170
1785136091.8675170
1785136091.8675170
1785136091.8675170
1785136091.8675170
1785136091.8675170
1785136091.8675170
1785136091.8675170
1785136091.8675170
1785136091.8677390
1785136091.8677390
1785136091.8677390
1785136091.8677390
1785136091.8677390
1785136091.8677390
1785136091.8677390
1785136091.8677390
1785136091.8677390
1785136091.8677390
1785136091.8677390
1785136091.8677390
1785136091.8677390
1785136091.8677390
1785136091.8677390
1785136091.8679600
1785136091.8679600
1785136091.8679600
1785136091.8679600
1785136091.8679600
1785136091.8679600
1785136091.8679600
1785136091.8679600
1785136091.8679600
1785136091.8679600
1785136091.8679600
1785136091.8728490
1785136091.8728490
1785136091.8728490
1785136091.8728490
1785136091.8728490
1785136091.8728490
1785136091.8728490
1785136091.8728490
1785136091.8728490
1785136091.8728490
1785136091.8730710
1785136091.8730710
1785136091.8730710
1785136091.8730710
1785136091.8730710
1785136091.8730710
1785136091.8730710
1785136091.8730710
1785136091.8730710
1785136091.8730710
1785136091.8730710
1785136091.8732929
1785136091.8732929
1785136091.8732929
1785136091.8732929
1785136091.8732929
1785136091.8732929
1785136091.8732929
1785136091.8732929
1785136091.8732929
1785136091.8732929
1785136091.8732929
1785136091.8735161
1785136091.8735161
1785136091.8735161
1785136091.8735161
1785136091.8735161
1785136091.8735161
1785136091.8735161
1785136091.8735161
1785136091.8735161
1785136091.8735161
1785136091.8735161
1785136091.8735161
1785136091.8737381
1785136091.8737381
1785136091.8737381
1785136091.8737381
1785136091.8737381
1785136091.8737381
1785136091.8737381
1785136091.8737381
1785136091.8737381
1785136091.8737381
1785136091.8737381
1785136091.8737381
1785136091.8737381
1785136091.8737381
1785136091.8739610
1785136091.8739610
1785136091.8739610
1785136091.8739610
1785136091.8739610
1785136091.8739610
1785136091.8739610
1785136091.8739610
1785136091.8739610
1785136091.8739610
1785136091.8739610
1785136091.8739610
1785136091.8739610
1785136091.8739610
1785136091.8739610
1785136091.8741820
1785136091.8741820
1785136091.8741820
1785136091.8741820
1785136091.8741820
1785136091.8741820
1785136091.8741820
1785136091.8741820
1785136091.8741820
1785136091.8741820
1785136091.8741820
1785136091.8741820
1785136091.8741820
1785136091.8741820
1785136091.8741820
1785136091.8741820
1785136091.8744049
1785136091.8744049
1785136091.8744049
1785136091.8744049
1785136091.8744049
1785136091.8744049
1785136091.8744049
1785136091.8744049
1785136091.8744049
1785136091.8744049
1785136091.8744049
1785136091.8744049
1785136091.8744049
1785136091.8744049
1785136091.8744049
1785136091.8746271
1785136091.8746271
1785136091.8746271
1785136091.8746271
1785136091.8746271
1785136091.8746271
1785136091.8746271
1785136091.8746271
1785136091.8746271
1785136091.8746271
1785136091.8746271
1785136091.8746271
1785136091.8746271
1785136091.8748491
1785136091.8748491
1785136091.8748491
1785136091.8748491
1785136091.8748491
1785136091.8748491
1785136091.8748491
