1785136073.1313300
1785136073.1313300
1785136073.1313300
1785136073.1313300
1785136073.1313300
1785136073.1313300
1785136073.1315520
1785136073.1315520
1785136073.1315520
1785136073.1315520
1785136073.1315520
1785136073.1315520
1785136073.1315520
1785136073.1315520
1785136073.1315520
1785136073.1317749
1785136073.1317749
1785136073.1317749
1785136073.1317749
1785136073.1317749
1785136073.1317749
1785136073.1317749
1785136073.1317749
1785136073.1317749
1785136073.1317749
1785136073.1317749
1785136073.1319971
1785136073.1319971
1785136073.1319971
1785136073.1319971
1785136073.1319971
1785136073.1319971
1785136073.1319971
1785136073.1319971
1785136073.1319971
1785136073.1319971
1785136073.1322191
1785136073.1322191
1785136073.1322191
1785136073.1322191
1785136073.1322191
1785136073.1322191
1785136073.1322191
1785136073.1324410
1785136073.1324410
1785136073.1324410
1785136073.1324410
1785136073.1324410
1785136073.1324410
1785136073.1324410
1785136073.1324410
1785136073.1324410
1785136073.1326640
1785136073.1326640
1785136073.1326640
1785136073.1326640
1785136073.1326640
1785136073.1326640
1785136073.1326640
1785136073.1328850
1785136073.1328850
1785136073.1328850
1785136073.1328850
1785136073.1328850
1785136073.1331079
1785136073.1359961
1785136073.1359961
1785136073.1362181
1785136073.1362181
1785136073.1362181
1785136073.1362181
1785136073.1362181
1785136073.1362181
1785136073.1362181
1785136073.1362181
1785136073.1362181
1785136073.1362181
1785136073.1362181
1785136073.1364410
1785136073.1364410
1785136073.1364410
1785136073.1364410
1785136073.1364410
1785136073.1364410
1785136073.1364410
1785136073.1364410
1785136073.1364410
1785136073.1364410
1785136073.1364410
1785136073.1364410
1785136073.1364410
1785136073.1364410
1785136073.1364410
1785136073.1364410
1785136073.1364410
1785136073.1364410
1785136073.1364410
1785136073.1364410
1785136073.1364410
1785136073.1364410
1785136073.1364410
1785136073.1364410
1785136073.1364410
1785136073.1364410
1785136073.1364410
1785136073.1364410
1785136073.1364410
1785136073.1364410
1785136073.1364410
1785136073.1364410
1785136073.1366630
1785136073.1366630
1785136073.1366630
1785136073.1366630
1785136073.1366630
1785136073.1366630
1785136073.1366630
1785136073.1366630
1785136073.1366630
1785136073.1366630
1785136073.1366630
1785136073.1366630
1785136073.1366630
1785136073.1366630
1785136073.1366630
1785136073.1366630
1785136073.1366630
1785136073.1366630
1785136073.1366630
1785136073.1366630
1785136073.1366630
1785136073.1366630
1785136073.1366630
1785136073.1366630
1785136073.1366630
1785136073.1366630
1785136073.1366630
1785136073.1366630
1785136073.1366630
1785136073.1366630
1785136073.1366630
1785136073.1366630
1785136073.1368849
1785136073.1368849
1785136073.1368849
1785136073.1368849
1785136073.1368849
1785136073.1368849
1785136073.1368849
1785136073.1368849
1785136073.1368849
1785136073.1368849
1785136073.1368849
1785136073.1368849
1785136073.1368849
1785136073.1368849
1785136073.1368849
1785136073.1368849
1785136073.1368849
1785136073.1368849
1785136073.1368849
1785136073.1368849
1785136073.1368849
1785136073.1368849
1785136073.1368849
1785136073.1368849
1785136073.1368849
1785136073.1368849
1785136073.1368849
1785136073.1368849
1785136073.1368849
1785136073.1368849
1785136073.1368849
1785136073.1368849
1785136073.1371069
1785136073.1371069
1785136073.1371069
1785136073.1371069
1785136073.1371069
1785136073.1371069
1785136073.1371069
1785136073.1371069
1785136073.1371069
1785136073.1371069
1785136073.1371069
1785136073.1371069
1785136073.1371069
1785136073.1371069
1785136073.1371069
1785136073.1371069
1785136073.1371069
1785136073.1371069
1785136073.1371069
1785136073.1371069
1785136073.1371069
1785136073.1371069
1785136073.1371069
1785136073.1371069
1785136073.1371069
1785136073.1371069
1785136073.1371069
1785136073.1371069
1785136073.1371069
1785136073.1371069
1785136073.1371069
1785136073.1371069
1785136073.1373291
1785136073.1373291
1785136073.1373291
1785136073.1373291
1785136073.1373291
1785136073.1373291
1785136073.1373291
1785136073.1373291
1785136073.1373291
1785136073.1373291
1785136073.1373291
1785136073.1373291
1785136073.1373291
1785136073.1373291
1785136073.1373291
1785136073.1373291
1785136073.1373291
1785136073.1373291
1785136073.1373291
1785136073.1373291
1785136073.1373291
1785136073.1373291
1785136073.1373291
1785136073.1373291
1785136073.1373291
1785136073.1373291
1785136073.1373291
1785136073.1373291
1785136073.1373291
1785136073.1373291
1785136073.1373291
1785136073.1373291
1785136073.1375511
1785136073.1375511
1785136073.1375511
1785136073.1375511
1785136073.1375511
1785136073.1375511
1785136073.1375511
1785136073.1375511
1785136073.1375511
1785136073.1375511
1785136073.1375511
1785136073.1375511
1785136073.1375511
1785136073.1375511
1785136073.1375511
1785136073.1375511
1785136073.1375511
1785136073.1375511
1785136073.1375511
1785136073.1375511
1785136073.1375511
1785136073.1375511
1785136073.1375511
1785136073.1375511
1785136073.1375511
1785136073.1375511
1785136073.1375511
1785136073.1375511
1785136073.1375511
1785136073.1375511
1785136073.1375511
1785136073.1375511
1785136073.1377740
1785136073.1377740
1785136073.1377740
1785136073.1377740
1785136073.1377740
1785136073.1377740
1785136073.1377740
1785136073.1377740
1785136073.1377740
1785136073.1377740
1785136073.1377740
1785136073.1377740
1785136073.1377740
1785136073.1377740
1785136073.1377740
1785136073.1377740
1785136073.1377740
1785136073.1377740
1785136073.1377740
1785136073.1377740
1785136073.1377740
1785136073.1377740
1785136073.1377740
1785136073.1377740
1785136073.1377740
1785136073.1377740
1785136073.1377740
1785136073.1377740
1785136073.1377740
1785136073.1377740
1785136073.1377740
1785136073.1377740
1785136073.1377740
1785136073.1377740
1785136073.1377740
1785136073.1379960
1785136073.1379960
1785136073.1379960
1785136073.1379960
1785136073.1379960
1785136073.1379960
1785136073.1379960
1785136073.1379960
1785136073.1379960
1785136073.1379960
1785136073.1379960
1785136073.1379960
1785136073.1379960
1785136073.1379960
1785136073.1379960
1785136073.1379960
1785136073.1379960
1785136073.1379960
1785136073.1379960
1785136073.1379960
1785136073.1379960
1785136073.1379960
1785136073.1379960
1785136073.1379960
1785136073.1379960
1785136073.1379960
1785136073.1379960
1785136073.1379960
1785136073.1379960
1785136073.1379960
1785136073.1379960
1785136073.1379960
1785136073.1379960
1785136073.1379960
1785136073.1379960
1785136073.1379960
1785136073.1379960
1785136073.1379960
1785136073.1379960
1785136073.1379960
1785136073.1379960
1785136073.1379960
1785136073.1379960
1785136073.1379960
1785136073.1379960
1785136073.1379960
1785136073.1379960
1785136073.1379960
1785136073.1382179
1785136073.1382179
1785136073.1382179
1785136073.1382179
1785136073.1382179
1785136073.1382179
1785136073.1382179
1785136073.1382179
1785136073.1382179
1785136073.1382179
1785136073.1382179
1785136073.1382179
1785136073.1382179
1785136073.1382179
1785136073.1382179
1785136073.1382179
1785136073.1382179
1785136073.1382179
1785136073.1382179
1785136073.1382179
1785136073.1382179
1785136073.1382179
1785136073.1382179
1785136073.1382179
1785136073.1382179
1785136073.1382179
1785136073.1382179
1785136073.1382179
1785136073.1382179
1785136073.1382179
1785136073.1382179
1785136073.1382179
1785136073.1382179
1785136073.1382179
1785136073.1382179
1785136073.1382179
1785136073.1382179
1785136073.1382179
1785136073.1382179
1785136073.1382179
1785136073.1382179
1785136073.1382179
1785136073.1382179
1785136073.1382179
1785136073.1382179
1785136073.1382179
1785136073.1382179
1785136073.1382179
1785136073.1384399
1785136073.1384399
1785136073.1384399
1785136073.1384399
1785136073.1384399
1785136073.1384399
1785136073.1384399
1785136073.1384399
1785136073.1384399
1785136073.1384399
1785136073.1384399
1785136073.1384399
1785136073.1384399
1785136073.1384399
1785136073.1384399
1785136073.1384399
1785136073.1384399
1785136073.1384399
1785136073.1384399
1785136073.1384399
1785136073.1384399
1785136073.1384399
1785136073.1384399
1785136073.1384399
1785136073.1384399
1785136073.1384399
1785136073.1384399
1785136073.1384399
1785136073.1384399
1785136073.1384399
1785136073.1384399
1785136073.1384399
1785136073.1384399
1785136073.1384399
1785136073.1384399
1785136073.1384399
1785136073.1384399
1785136073.1384399
1785136073.1384399
1785136073.1384399
1785136073.1384399
1785136073.1384399
1785136073.1384399
1785136073.1384399
1785136073.1384399
1785136073.1384399
1785136073.1384399
1785136073.1384399
1785136073.1386631
1785136073.1386631
1785136073.1386631
1785136073.1386631
1785136073.1386631
1785136073.1386631
1785136073.1386631
1785136073.1386631
1785136073.1386631
1785136073.1386631
1785136073.1386631
1785136073.1386631
1785136073.1386631
1785136073.1386631
1785136073.1386631
1785136073.1386631
1785136073.1386631
1785136073.1386631
1785136073.1386631
1785136073.1386631
1785136073.1386631
1785136073.1386631
1785136073.1386631
1785136073.1386631
1785136073.1386631
1785136073.1386631
1785136073.1386631
1785136073.1386631
1785136073.1386631
1785136073.1386631
1785136073.1386631
1785136073.1386631
1785136073.1386631
1785136073.1386631
1785136073.1386631
1785136073.1386631
1785136073.1386631
1785136073.1386631
1785136073.1386631
1785136073.1386631
1785136073.1386631
1785136073.1386631
1785136073.1386631
1785136073.1386631
1785136073.1386631
1785136073.1386631
1785136073.1386631
1785136073.1386631
1785136073.1386631
1785136073.1388850
1785136073.1388850
1785136073.1388850
1785136073.1388850
1785136073.1388850
1785136073.1388850
1785136073.1388850
1785136073.1388850
1785136073.1388850
1785136073.1388850
1785136073.1388850
1785136073.1388850
1785136073.1388850
1785136073.1388850
1785136073.1388850
1785136073.1388850
1785136073.1388850
1785136073.1388850
1785136073.1388850
1785136073.1388850
1785136073.1388850
1785136073.1388850
1785136073.1388850
1785136073.1388850
1785136073.1388850
1785136073.1388850
1785136073.1388850
1785136073.1388850
1785136073.1388850
1785136073.1388850
1785136073.1388850
1785136073.1388850
1785136073.1388850
1785136073.1388850
1785136073.1388850
1785136073.1388850
1785136073.1388850
1785136073.1388850
1785136073.1388850
1785136073.1388850
1785136073.1388850
1785136073.1388850
1785136073.1388850
1785136073.1388850
1785136073.1388850
1785136073.1388850
1785136073.1388850
1785136073.1388850
1785136073.1388850
1785136073.1391060
1785136073.1391060
1785136073.1391060
1785136073.1391060
1785136073.1391060
1785136073.1391060
1785136073.1391060
1785136073.1391060
1785136073.1391060
1785136073.1391060
1785136073.1391060
1785136073.1391060
1785136073.1391060
1785136073.1391060
1785136073.1391060
1785136073.1391060
1785136073.1391060
1785136073.1391060
1785136073.1391060
1785136073.1391060
1785136073.1391060
1785136073.1391060
1785136073.1391060
1785136073.1391060
1785136073.1391060
1785136073.1391060
1785136073.1391060
1785136073.1391060
1785136073.1391060
1785136073.1391060
1785136073.1391060
1785136073.1391060
1785136073.1391060
1785136073.1391060
1785136073.1391060
1785136073.1391060
1785136073.1391060
1785136073.1391060
1785136073.1391060
1785136073.1391060
1785136073.1391060
1785136073.1391060
1785136073.1391060
1785136073.1391060
1785136073.1391060
1785136073.1391060
1785136073.1391060
1785136073.1391060
1785136073.1391060
1785136073.1393290
1785136073.1393290
1785136073.1393290
1785136073.1393290
1785136073.1393290
1785136073.1393290
1785136073.1393290
1785136073.1393290
1785136073.1393290
1785136073.1393290
1785136073.1393290
1785136073.1393290
1785136073.1393290
1785136073.1393290
1785136073.1393290
1785136073.1393290
1785136073.1393290
1785136073.1393290
1785136073.1393290
1785136073.1393290
1785136073.1393290
1785136073.1393290
1785136073.1393290
1785136073.1393290
1785136073.1393290
1785136073.1393290
1785136073.1393290
1785136073.1393290
1785136073.1393290
1785136073.1393290
1785136073.1393290
1785136073.1393290
1785136073.1393290
1785136073.1393290
1785136073.1393290
1785136073.1393290
1785136073.1393290
1785136073.1393290
1785136073.1393290
1785136073.1393290
1785136073.1393290
1785136073.1393290
1785136073.1393290
1785136073.1393290
1785136073.1393290
1785136073.1393290
1785136073.1393290
1785136073.1393290
1785136073.1393290
1785136073.1395500
1785136073.1395500
1785136073.1395500
1785136073.1395500
1785136073.1395500
1785136073.1395500
1785136073.1395500
1785136073.1395500
1785136073.1395500
1785136073.1395500
1785136073.1395500
1785136073.1395500
1785136073.1395500
1785136073.1395500
1785136073.1395500
1785136073.1395500
1785136073.1395500
1785136073.1395500
1785136073.1395500
1785136073.1395500
1785136073.1395500
1785136073.1395500
1785136073.1395500
1785136073.1395500
1785136073.1395500
1785136073.1395500
1785136073.1395500
1785136073.1395500
1785136073.1395500
1785136073.1395500
1785136073.1395500
1785136073.1395500
1785136073.1395500
1785136073.1395500
1785136073.1395500
1785136073.1395500
1785136073.1395500
1785136073.1395500
1785136073.1395500
1785136073.1395500
1785136073.1395500
1785136073.1395500
1785136073.1395500
1785136073.1395500
1785136073.1395500
1785136073.1395500
1785136073.1395500
1785136073.1395500
1785136073.1395500
1785136073.1397729
1785136073.1397729
1785136073.1397729
1785136073.1397729
1785136073.1397729
1785136073.1397729
1785136073.1397729
1785136073.1397729
1785136073.1397729
1785136073.1397729
1785136073.1397729
1785136073.1397729
1785136073.1397729
1785136073.1397729
1785136073.1397729
1785136073.1397729
1785136073.1397729
1785136073.1397729
1785136073.1397729
1785136073.1397729
1785136073.1397729
1785136073.1397729
1785136073.1397729
1785136073.1397729
1785136073.1397729
1785136073.1397729
1785136073.1397729
1785136073.1397729
1785136073.1397729
1785136073.1397729
1785136073.1397729
1785136073.1397729
1785136073.1397729
1785136073.1397729
1785136073.1397729
1785136073.1397729
1785136073.1397729
1785136073.1397729
1785136073.1397729
1785136073.1397729
1785136073.1397729
1785136073.1397729
1785136073.1397729
1785136073.1397729
1785136073.1397729
1785136073.1397729
1785136073.1397729
1785136073.1397729
1785136073.1397729
1785136073.1399951
1785136073.1399951
1785136073.1399951
1785136073.1399951
1785136073.1399951
1785136073.1399951
1785136073.1399951
1785136073.1399951
1785136073.1399951
1785136073.1399951
1785136073.1399951
1785136073.1399951
1785136073.1399951
1785136073.1399951
1785136073.1399951
1785136073.1399951
1785136073.1399951
1785136073.1399951
1785136073.1399951
1785136073.1399951
1785136073.1399951
1785136073.1399951
1785136073.1399951
1785136073.1399951
1785136073.1399951
1785136073.1399951
1785136073.1399951
1785136073.1399951
1785136073.1399951
1785136073.1399951
1785136073.1399951
1785136073.1399951
1785136073.1399951
1785136073.1399951
1785136073.1399951
1785136073.1399951
1785136073.1399951
1785136073.1399951
1785136073.1399951
1785136073.1399951
1785136073.1399951
1785136073.1399951
1785136073.1399951
1785136073.1399951
1785136073.1399951
1785136073.1399951
1785136073.1399951
1785136073.1399951
1785136073.1399951
1785136073.1402180
1785136073.1402180
1785136073.1402180
1785136073.1402180
1785136073.1402180
1785136073.1402180
1785136073.1402180
1785136073.1402180
1785136073.1402180
1785136073.1402180
1785136073.1402180
1785136073.1402180
1785136073.1402180
1785136073.1402180
1785136073.1402180
1785136073.1402180
1785136073.1402180
1785136073.1402180
1785136073.1402180
1785136073.1402180
1785136073.1402180
1785136073.1402180
1785136073.1402180
1785136073.1402180
1785136073.1402180
1785136073.1402180
1785136073.1402180
1785136073.1402180
1785136073.1402180
1785136073.1402180
1785136073.1402180
1785136073.1402180
1785136073.1402180
1785136073.1402180
1785136073.1402180
1785136073.1402180
1785136073.1402180
1785136073.1402180
1785136073.1402180
1785136073.1402180
1785136073.1402180
1785136073.1402180
1785136073.1402180
1785136073.1402180
1785136073.1402180
1785136073.1402180
1785136073.1402180
1785136073.1402180
1785136073.1404400
1785136073.1404400
1785136073.1404400
1785136073.1404400
1785136073.1404400
1785136073.1404400
1785136073.1404400
1785136073.1404400
1785136073.1404400
1785136073.1404400
1785136073.1404400
1785136073.1404400
1785136073.1404400
1785136073.1404400
1785136073.1404400
1785136073.1404400
1785136073.1404400
1785136073.1404400
1785136073.1404400
1785136073.1404400
1785136073.1404400
1785136073.1404400
1785136073.1404400
1785136073.1404400
1785136073.1404400
1785136073.1404400
1785136073.1404400
1785136073.1404400
1785136073.1404400
1785136073.1404400
1785136073.1404400
1785136073.1404400
1785136073.1404400
1785136073.1404400
1785136073.1404400
1785136073.1404400
1785136073.1404400
1785136073.1404400
1785136073.1404400
1785136073.1404400
1785136073.1404400
1785136073.1404400
1785136073.1404400
1785136073.1404400
1785136073.1404400
1785136073.1404400
1785136073.1404400
1785136073.1404400
1785136073.1406620
1785136073.1406620
1785136073.1406620
1785136073.1406620
1785136073.1406620
1785136073.1406620
1785136073.1406620
1785136073.1406620
1785136073.1406620
1785136073.1406620
1785136073.1406620
1785136073.1406620
1785136073.1406620
1785136073.1406620
1785136073.1406620
1785136073.1406620
1785136073.1406620
1785136073.1406620
1785136073.1406620
1785136073.1406620
1785136073.1406620
1785136073.1406620
1785136073.1406620
1785136073.1406620
1785136073.1406620
1785136073.1406620
1785136073.1406620
1785136073.1406620
1785136073.1406620
1785136073.1406620
1785136073.1406620
1785136073.1406620
1785136073.1406620
1785136073.1406620
1785136073.1406620
1785136073.1406620
1785136073.1406620
1785136073.1406620
1785136073.1406620
1785136073.1406620
1785136073.1406620
1785136073.1406620
1785136073.1406620
1785136073.1406620
1785136073.1406620
1785136073.1406620
1785136073.1406620
1785136073.1406620
1785136073.1408839
1785136073.1408839
1785136073.1408839
1785136073.1408839
1785136073.1408839
1785136073.1408839
1785136073.1408839
1785136073.1408839
1785136073.1408839
1785136073.1408839
1785136073.1408839
1785136073.1408839
1785136073.1408839
1785136073.1408839
1785136073.1408839
1785136073.1408839
1785136073.1408839
1785136073.1408839
1785136073.1408839
1785136073.1408839
1785136073.1408839
1785136073.1408839
1785136073.1408839
1785136073.1408839
1785136073.1408839
1785136073.1408839
1785136073.1408839
1785136073.1408839
1785136073.1408839
1785136073.1408839
1785136073.1408839
1785136073.1408839
1785136073.1408839
1785136073.1408839
1785136073.1408839
1785136073.1408839
1785136073.1408839
1785136073.1408839
1785136073.1408839
1785136073.1408839
1785136073.1408839
1785136073.1408839
1785136073.1408839
1785136073.1408839
1785136073.1408839
1785136073.1408839
1785136073.1408839
1785136073.1408839
1785136073.1411071
1785136073.1411071
1785136073.1411071
1785136073.1411071
1785136073.1411071
1785136073.1411071
1785136073.1411071
1785136073.1411071
1785136073.1411071
1785136073.1411071
1785136073.1411071
1785136073.1411071
1785136073.1411071
1785136073.1411071
1785136073.1411071
1785136073.1411071
1785136073.1411071
1785136073.1411071
1785136073.1411071
1785136073.1411071
1785136073.1411071
1785136073.1411071
1785136073.1411071
1785136073.1411071
1785136073.1411071
1785136073.1411071
1785136073.1411071
1785136073.1411071
1785136073.1411071
1785136073.1411071
1785136073.1411071
1785136073.1411071
1785136073.1411071
1785136073.1411071
1785136073.1411071
1785136073.1411071
1785136073.1411071
1785136073.1411071
1785136073.1411071
1785136073.1411071
1785136073.1411071
1785136073.1411071
1785136073.1411071
1785136073.1411071
1785136073.1411071
1785136073.1411071
1785136073.1411071
1785136073.1411071
1785136073.1413281
1785136073.1413281
1785136073.1413281
1785136073.1413281
1785136073.1413281
1785136073.1413281
1785136073.1413281
1785136073.1413281
1785136073.1413281
1785136073.1413281
1785136073.1413281
1785136073.1413281
1785136073.1413281
1785136073.1413281
1785136073.1413281
1785136073.1413281
1785136073.1413281
1785136073.1413281
1785136073.1413281
1785136073.1413281
1785136073.1413281
1785136073.1413281
1785136073.1413281
1785136073.1413281
1785136073.1413281
1785136073.1413281
1785136073.1413281
1785136073.1413281
1785136073.1413281
1785136073.1413281
1785136073.1413281
1785136073.1413281
1785136073.1413281
1785136073.1413281
1785136073.1413281
1785136073.1413281
1785136073.1413281
1785136073.1413281
1785136073.1413281
1785136073.1413281
1785136073.1413281
1785136073.1413281
1785136073.1413281
1785136073.1413281
1785136073.1413281
1785136073.1413281
1785136073.1413281
1785136073.1413281
1785136073.1413281
1785136073.1413281
1785136073.1413281
1785136073.1413281
1785136073.1413281
1785136073.1415501
1785136073.1415501
1785136073.1415501
1785136073.1415501
1785136073.1415501
1785136073.1415501
1785136073.1415501
1785136073.1415501
1785136073.1415501
1785136073.1415501
1785136073.1415501
1785136073.1415501
1785136073.1415501
1785136073.1415501
1785136073.1415501
1785136073.1415501
1785136073.1415501
1785136073.1415501
1785136073.1415501
1785136073.1415501
1785136073.1415501
1785136073.1415501
1785136073.1415501
1785136073.1415501
1785136073.1415501
1785136073.1415501
1785136073.1415501
1785136073.1415501
1785136073.1415501
1785136073.1415501
1785136073.1415501
1785136073.1415501
1785136073.1415501
1785136073.1415501
1785136073.1415501
1785136073.1415501
1785136073.1415501
1785136073.1415501
1785136073.1415501
1785136073.1415501
1785136073.1415501
1785136073.1415501
1785136073.1415501
1785136073.1415501
1785136073.1415501
1785136073.1415501
1785136073.1415501
1785136073.1415501
1785136073.1415501
1785136073.1415501
1785136073.1415501
1785136073.1417730
1785136073.1417730
1785136073.1417730
1785136073.1417730
1785136073.1417730
1785136073.1417730
1785136073.1417730
1785136073.1417730
1785136073.1417730
1785136073.1417730
1785136073.1417730
1785136073.1417730
1785136073.1417730
1785136073.1417730
1785136073.1417730
1785136073.1417730
1785136073.1417730
1785136073.1417730
1785136073.1417730
1785136073.1417730
1785136073.1417730
1785136073.1417730
1785136073.1417730
1785136073.1417730
1785136073.1417730
1785136073.1417730
1785136073.1417730
1785136073.1417730
1785136073.1417730
1785136073.1417730
1785136073.1417730
1785136073.1417730
1785136073.1417730
1785136073.1417730
1785136073.1417730
1785136073.1417730
1785136073.1417730
1785136073.1417730
1785136073.1417730
1785136073.1417730
1785136073.1417730
1785136073.1417730
1785136073.1417730
1785136073.1417730
1785136073.1417730
1785136073.1417730
1785136073.1417730
1785136073.1417730
1785136073.1417730
1785136073.1417730
1785136073.1417730
1785136073.1419950
1785136073.1419950
1785136073.1419950
1785136073.1419950
1785136073.1419950
1785136073.1419950
1785136073.1419950
1785136073.1419950
1785136073.1419950
1785136073.1419950
1785136073.1419950
1785136073.1419950
1785136073.1419950
1785136073.1419950
1785136073.1419950
1785136073.1419950
1785136073.1419950
1785136073.1419950
1785136073.1419950
1785136073.1419950
1785136073.1419950
1785136073.1419950
1785136073.1419950
1785136073.1419950
1785136073.1419950
1785136073.1419950
1785136073.1419950
1785136073.1419950
1785136073.1419950
1785136073.1419950
1785136073.1419950
1785136073.1419950
1785136073.1419950
1785136073.1419950
1785136073.1419950
1785136073.1419950
1785136073.1419950
1785136073.1419950
1785136073.1419950
1785136073.1419950
1785136073.1419950
1785136073.1419950
1785136073.1419950
1785136073.1419950
1785136073.1419950
1785136073.1419950
1785136073.1419950
1785136073.1419950
1785136073.1419950
1785136073.1419950
1785136073.1419950
1785136073.1422160
1785136073.1422160
1785136073.1422160
1785136073.1422160
1785136073.1422160
1785136073.1422160
1785136073.1422160
1785136073.1422160
1785136073.1422160
1785136073.1422160
1785136073.1422160
1785136073.1422160
1785136073.1422160
1785136073.1422160
1785136073.1422160
1785136073.1422160
1785136073.1422160
1785136073.1422160
1785136073.1422160
1785136073.1422160
1785136073.1422160
1785136073.1422160
1785136073.1422160
1785136073.1422160
1785136073.1422160
1785136073.1422160
1785136073.1422160
1785136073.1422160
1785136073.1422160
1785136073.1422160
1785136073.1422160
1785136073.1422160
1785136073.1422160
1785136073.1422160
1785136073.1422160
1785136073.1422160
1785136073.1422160
1785136073.1422160
1785136073.1422160
1785136073.1422160
1785136073.1422160
1785136073.1422160
1785136073.1422160
1785136073.1422160
1785136073.1422160
1785136073.1422160
1785136073.1422160
1785136073.1422160
1785136073.1424401
1785136073.1424401
1785136073.1424401
1785136073.1424401
1785136073.1424401
1785136073.1424401
1785136073.1424401
1785136073.1424401
1785136073.1424401
1785136073.1424401
1785136073.1424401
1785136073.1424401
1785136073.1424401
1785136073.1424401
1785136073.1424401
1785136073.1424401
1785136073.1424401
1785136073.1424401
1785136073.1424401
1785136073.1424401
1785136073.1424401
1785136073.1424401
1785136073.1424401
1785136073.1424401
1785136073.1424401
1785136073.1424401
1785136073.1424401
1785136073.1424401
1785136073.1424401
1785136073.1424401
1785136073.1424401
1785136073.1424401
1785136073.1424401
1785136073.1424401
1785136073.1424401
1785136073.1424401
1785136073.1424401
1785136073.1424401
1785136073.1424401
1785136073.1424401
1785136073.1424401
1785136073.1424401
1785136073.1424401
1785136073.1424401
1785136073.1424401
1785136073.1424401
1785136073.1424401
1785136073.1426620
1785136073.1426620
1785136073.1426620
1785136073.1426620
1785136073.1426620
1785136073.1426620
1785136073.1426620
1785136073.1426620
1785136073.1426620
1785136073.1426620
1785136073.1426620
1785136073.1426620
1785136073.1426620
1785136073.1426620
1785136073.1426620
1785136073.1426620
1785136073.1426620
1785136073.1426620
1785136073.1426620
1785136073.1426620
1785136073.1426620
1785136073.1426620
1785136073.1426620
1785136073.1426620
1785136073.1426620
1785136073.1426620
1785136073.1426620
1785136073.1426620
1785136073.1426620
1785136073.1426620
1785136073.1426620
1785136073.1426620
1785136073.1426620
1785136073.1426620
1785136073.1426620
1785136073.1426620
1785136073.1426620
1785136073.1426620
1785136073.1426620
1785136073.1426620
1785136073.1426620
1785136073.1426620
1785136073.1426620
1785136073.1426620
1785136073.1426620
1785136073.1426620
1785136073.1426620
1785136073.1428840
1785136073.1428840
1785136073.1428840
1785136073.1428840
1785136073.1428840
1785136073.1428840
1785136073.1428840
1785136073.1428840
1785136073.1428840
1785136073.1428840
1785136073.1428840
1785136073.1428840
1785136073.1428840
1785136073.1428840
1785136073.1428840
1785136073.1428840
1785136073.1428840
1785136073.1428840
1785136073.1428840
1785136073.1428840
1785136073.1428840
1785136073.1428840
1785136073.1428840
1785136073.1428840
1785136073.1428840
1785136073.1428840
1785136073.1428840
1785136073.1428840
1785136073.1428840
1785136073.1428840
1785136073.1428840
1785136073.1428840
1785136073.1428840
1785136073.1428840
1785136073.1428840
1785136073.1428840
1785136073.1428840
1785136073.1428840
1785136073.1428840
1785136073.1428840
1785136073.1428840
1785136073.1428840
1785136073.1428840
1785136073.1428840
1785136073.1428840
1785136073.1428840
1785136073.1428840
1785136073.1431060
1785136073.1431060
1785136073.1431060
1785136073.1431060
1785136073.1431060
1785136073.1431060
1785136073.1431060
1785136073.1431060
1785136073.1431060
1785136073.1431060
1785136073.1431060
1785136073.1431060
1785136073.1431060
1785136073.1431060
1785136073.1431060
1785136073.1431060
1785136073.1431060
1785136073.1431060
1785136073.1431060
1785136073.1431060
1785136073.1431060
1785136073.1431060
1785136073.1431060
1785136073.1431060
1785136073.1431060
1785136073.1431060
1785136073.1431060
1785136073.1431060
1785136073.1431060
1785136073.1431060
1785136073.1431060
1785136073.1431060
1785136073.1431060
1785136073.1431060
1785136073.1431060
1785136073.1431060
1785136073.1431060
1785136073.1431060
1785136073.1431060
1785136073.1431060
1785136073.1431060
1785136073.1431060
1785136073.1431060
1785136073.1431060
1785136073.1431060
1785136073.1431060
1785136073.1433280
1785136073.1433280
1785136073.1433280
1785136073.1433280
1785136073.1433280
1785136073.1433280
1785136073.1433280
1785136073.1433280
1785136073.1433280
1785136073.1433280
1785136073.1433280
1785136073.1433280
1785136073.1433280
1785136073.1433280
1785136073.1433280
1785136073.1433280
1785136073.1433280
1785136073.1433280
1785136073.1433280
1785136073.1433280
1785136073.1433280
1785136073.1433280
1785136073.1433280
1785136073.1433280
1785136073.1433280
1785136073.1433280
1785136073.1433280
1785136073.1433280
1785136073.1433280
1785136073.1433280
1785136073.1433280
1785136073.1433280
1785136073.1433280
1785136073.1433280
1785136073.1433280
1785136073.1433280
1785136073.1433280
1785136073.1433280
1785136073.1433280
1785136073.1433280
1785136073.1433280
1785136073.1433280
1785136073.1433280
1785136073.1433280
1785136073.1433280
1785136073.1433280
1785136073.1435499
1785136073.1435499
1785136073.1435499
1785136073.1435499
1785136073.1435499
1785136073.1435499
1785136073.1435499
1785136073.1435499
1785136073.1435499
1785136073.1435499
1785136073.1435499
1785136073.1435499
1785136073.1435499
1785136073.1435499
1785136073.1435499
1785136073.1435499
1785136073.1435499
1785136073.1435499
1785136073.1435499
1785136073.1435499
1785136073.1435499
1785136073.1435499
1785136073.1435499
1785136073.1435499
1785136073.1435499
1785136073.1435499
1785136073.1435499
1785136073.1435499
1785136073.1435499
1785136073.1435499
1785136073.1435499
1785136073.1435499
1785136073.1435499
1785136073.1435499
1785136073.1435499
1785136073.1435499
1785136073.1435499
1785136073.1435499
1785136073.1435499
1785136073.1435499
1785136073.1435499
1785136073.1435499
1785136073.1435499
1785136073.1435499
1785136073.1435499
1785136073.1435499
1785136073.1437719
1785136073.1437719
1785136073.1437719
1785136073.1437719
1785136073.1437719
1785136073.1437719
1785136073.1437719
1785136073.1437719
1785136073.1437719
1785136073.1437719
1785136073.1437719
1785136073.1437719
1785136073.1437719
1785136073.1437719
1785136073.1437719
1785136073.1437719
1785136073.1437719
1785136073.1437719
1785136073.1437719
1785136073.1437719
1785136073.1437719
1785136073.1437719
1785136073.1437719
1785136073.1437719
1785136073.1437719
1785136073.1437719
1785136073.1437719
1785136073.1437719
1785136073.1437719
1785136073.1437719
1785136073.1437719
1785136073.1437719
1785136073.1437719
1785136073.1437719
1785136073.1437719
1785136073.1437719
1785136073.1437719
1785136073.1437719
1785136073.1437719
1785136073.1437719
1785136073.1437719
1785136073.1437719
1785136073.1437719
1785136073.1437719
1785136073.1437719
1785136073.1437719
1785136073.1437719
1785136073.1437719
1785136073.1437719
1785136073.1437719
1785136073.1437719
1785136073.1439950
1785136073.1439950
1785136073.1439950
1785136073.1439950
1785136073.1439950
1785136073.1439950
1785136073.1439950
1785136073.1439950
1785136073.1439950
1785136073.1439950
1785136073.1439950
1785136073.1439950
1785136073.1439950
1785136073.1439950
1785136073.1439950
1785136073.1439950
1785136073.1439950
1785136073.1439950
1785136073.1439950
1785136073.1439950
1785136073.1439950
1785136073.1439950
1785136073.1439950
1785136073.1439950
1785136073.1439950
1785136073.1439950
1785136073.1439950
1785136073.1439950
1785136073.1439950
1785136073.1439950
1785136073.1439950
1785136073.1439950
1785136073.1439950
1785136073.1439950
1785136073.1439950
1785136073.1439950
1785136073.1439950
1785136073.1439950
1785136073.1439950
1785136073.1439950
1785136073.1439950
1785136073.1439950
1785136073.1439950
1785136073.1439950
1785136073.1439950
1785136073.1439950
1785136073.1439950
1785136073.1439950
1785136073.1439950
1785136073.1439950
1785136073.1439950
1785136073.1439950
1785136073.1439950
1785136073.1439950
1785136073.1439950
1785136073.1439950
1785136073.1439950
1785136073.1439950
1785136073.1439950
1785136073.1439950
1785136073.1439950
1785136073.1439950
1785136073.1439950
1785136073.1442161
1785136073.1442161
1785136073.1442161
1785136073.1442161
1785136073.1442161
1785136073.1442161
1785136073.1442161
1785136073.1442161
1785136073.1442161
1785136073.1442161
1785136073.1442161
1785136073.1442161
1785136073.1442161
1785136073.1442161
1785136073.1442161
1785136073.1442161
1785136073.1442161
1785136073.1442161
1785136073.1442161
1785136073.1442161
1785136073.1442161
1785136073.1442161
1785136073.1442161
1785136073.1442161
1785136073.1442161
1785136073.1442161
1785136073.1442161
1785136073.1442161
1785136073.1442161
1785136073.1442161
1785136073.1442161
1785136073.1442161
1785136073.1442161
1785136073.1442161
1785136073.1442161
1785136073.1442161
1785136073.1442161
1785136073.1442161
1785136073.1442161
1785136073.1442161
1785136073.1442161
1785136073.1442161
1785136073.1442161
1785136073.1442161
1785136073.1442161
1785136073.1442161
1785136073.1442161
1785136073.1442161
1785136073.1442161
1785136073.1442161
1785136073.1442161
1785136073.1442161
1785136073.1442161
1785136073.1442161
1785136073.1442161
1785136073.1442161
1785136073.1442161
1785136073.1442161
1785136073.1442161
1785136073.1442161
1785136073.1442161
1785136073.1442161
1785136073.1442161
1785136073.1442161
1785136073.1442161
1785136073.1444380
1785136073.1444380
1785136073.1444380
1785136073.1444380
1785136073.1444380
1785136073.1444380
1785136073.1444380
1785136073.1444380
1785136073.1444380
1785136073.1444380
1785136073.1444380
1785136073.1444380
1785136073.1444380
1785136073.1444380
1785136073.1444380
1785136073.1444380
1785136073.1444380
1785136073.1444380
1785136073.1444380
1785136073.1444380
1785136073.1444380
1785136073.1444380
1785136073.1444380
1785136073.1444380
1785136073.1444380
1785136073.1444380
1785136073.1444380
1785136073.1444380
1785136073.1444380
1785136073.1444380
1785136073.1444380
1785136073.1444380
1785136073.1444380
1785136073.1444380
1785136073.1444380
1785136073.1444380
1785136073.1444380
1785136073.1444380
1785136073.1444380
1785136073.1444380
1785136073.1444380
1785136073.1444380
1785136073.1444380
1785136073.1444380
1785136073.1444380
1785136073.1444380
1785136073.1444380
1785136073.1444380
1785136073.1444380
1785136073.1444380
1785136073.1444380
1785136073.1444380
1785136073.1444380
1785136073.1444380
1785136073.1444380
1785136073.1444380
1785136073.1444380
1785136073.1444380
1785136073.1444380
1785136073.1444380
1785136073.1444380
1785136073.1444380
1785136073.1444380
1785136073.1444380
1785136073.1444380
1785136073.1444380
1785136073.1444380
1785136073.1444380
1785136073.1444380
1785136073.1444380
1785136073.1444380
1785136073.1444380
1785136073.1444380
1785136073.1446609
1785136073.1446609
1785136073.1446609
1785136073.1446609
1785136073.1446609
1785136073.1446609
1785136073.1446609
1785136073.1446609
1785136073.1446609
1785136073.1446609
1785136073.1446609
1785136073.1446609
1785136073.1446609
1785136073.1446609
1785136073.1446609
1785136073.1446609
1785136073.1446609
1785136073.1446609
1785136073.1446609
1785136073.1446609
1785136073.1446609
1785136073.1446609
1785136073.1446609
1785136073.1446609
1785136073.1446609
1785136073.1446609
1785136073.1446609
1785136073.1446609
1785136073.1446609
1785136073.1446609
1785136073.1446609
1785136073.1446609
1785136073.1446609
1785136073.1446609
1785136073.1446609
1785136073.1446609
1785136073.1446609
1785136073.1446609
1785136073.1446609
1785136073.1446609
1785136073.1446609
1785136073.1446609
1785136073.1446609
1785136073.1446609
1785136073.1446609
1785136073.1446609
1785136073.1446609
1785136073.1446609
1785136073.1446609
1785136073.1446609
1785136073.1446609
1785136073.1446609
1785136073.1446609
1785136073.1446609
1785136073.1446609
1785136073.1446609
1785136073.1446609
1785136073.1446609
1785136073.1446609
1785136073.1446609
1785136073.1446609
1785136073.1446609
1785136073.1446609
1785136073.1446609
1785136073.1446609
1785136073.1446609
1785136073.1446609
1785136073.1446609
1785136073.1446609
1785136073.1446609
1785136073.1446609
1785136073.1446609
1785136073.1446609
1785136073.1446609
1785136073.1446609
1785136073.1448829
1785136073.1448829
1785136073.1448829
1785136073.1448829
1785136073.1448829
1785136073.1448829
1785136073.1448829
1785136073.1448829
1785136073.1448829
1785136073.1448829
1785136073.1448829
1785136073.1448829
1785136073.1448829
1785136073.1448829
1785136073.1448829
1785136073.1448829
1785136073.1448829
1785136073.1448829
1785136073.1448829
1785136073.1448829
1785136073.1448829
1785136073.1448829
1785136073.1448829
1785136073.1448829
1785136073.1448829
1785136073.1448829
1785136073.1448829
1785136073.1448829
1785136073.1448829
1785136073.1448829
1785136073.1448829
1785136073.1448829
1785136073.1448829
1785136073.1448829
1785136073.1448829
1785136073.1448829
1785136073.1448829
1785136073.1448829
1785136073.1448829
1785136073.1448829
1785136073.1448829
1785136073.1448829
1785136073.1448829
1785136073.1448829
1785136073.1448829
1785136073.1448829
1785136073.1448829
1785136073.1448829
1785136073.1448829
1785136073.1448829
1785136073.1448829
1785136073.1448829
1785136073.1448829
1785136073.1448829
1785136073.1448829
1785136073.1448829
1785136073.1448829
1785136073.1448829
1785136073.1448829
1785136073.1448829
1785136073.1448829
1785136073.1448829
1785136073.1448829
1785136073.1448829
1785136073.1448829
1785136073.1448829
1785136073.1448829
1785136073.1448829
1785136073.1448829
1785136073.1448829
1785136073.1448829
1785136073.1448829
1785136073.1448829
1785136073.1451049
1785136073.1451049
1785136073.1451049
1785136073.1451049
1785136073.1451049
1785136073.1451049
1785136073.1451049
1785136073.1451049
1785136073.1451049
1785136073.1451049
1785136073.1451049
1785136073.1451049
1785136073.1451049
1785136073.1451049
1785136073.1451049
1785136073.1451049
1785136073.1451049
1785136073.1451049
1785136073.1451049
1785136073.1451049
1785136073.1451049
1785136073.1451049
1785136073.1451049
1785136073.1451049
1785136073.1451049
1785136073.1451049
1785136073.1451049
1785136073.1451049
1785136073.1451049
1785136073.1451049
1785136073.1451049
1785136073.1451049
1785136073.1451049
1785136073.1451049
1785136073.1451049
1785136073.1451049
1785136073.1451049
1785136073.1451049
1785136073.1451049
1785136073.1451049
1785136073.1451049
1785136073.1451049
1785136073.1451049
1785136073.1451049
1785136073.1451049
1785136073.1451049
1785136073.1451049
1785136073.1451049
1785136073.1451049
1785136073.1451049
1785136073.1451049
1785136073.1451049
1785136073.1451049
1785136073.1451049
1785136073.1451049
1785136073.1451049
1785136073.1451049
1785136073.1451049
1785136073.1451049
1785136073.1451049
1785136073.1451049
1785136073.1451049
1785136073.1451049
1785136073.1451049
1785136073.1451049
1785136073.1451049
1785136073.1451049
1785136073.1451049
1785136073.1451049
1785136073.1451049
1785136073.1451049
1785136073.1451049
1785136073.1451049
1785136073.1451049
1785136073.1451049
1785136073.1451049
1785136073.1451049
1785136073.1451049
1785136073.1453271
1785136073.1453271
1785136073.1453271
1785136073.1453271
1785136073.1453271
1785136073.1453271
1785136073.1453271
1785136073.1453271
1785136073.1453271
1785136073.1453271
1785136073.1453271
1785136073.1453271
1785136073.1453271
1785136073.1453271
1785136073.1453271
1785136073.1453271
1785136073.1453271
1785136073.1453271
1785136073.1453271
1785136073.1453271
1785136073.1453271
1785136073.1453271
1785136073.1453271
1785136073.1453271
1785136073.1453271
1785136073.1453271
1785136073.1453271
1785136073.1453271
1785136073.1453271
1785136073.1453271
1785136073.1453271
1785136073.1453271
1785136073.1453271
1785136073.1453271
1785136073.1453271
1785136073.1453271
1785136073.1453271
1785136073.1453271
1785136073.1453271
1785136073.1453271
1785136073.1453271
1785136073.1453271
1785136073.1453271
1785136073.1453271
1785136073.1453271
1785136073.1453271
1785136073.1453271
1785136073.1453271
1785136073.1453271
1785136073.1453271
1785136073.1453271
1785136073.1453271
1785136073.1453271
1785136073.1453271
1785136073.1453271
1785136073.1453271
1785136073.1453271
1785136073.1453271
1785136073.1453271
1785136073.1453271
1785136073.1453271
1785136073.1453271
1785136073.1453271
1785136073.1453271
1785136073.1453271
1785136073.1453271
1785136073.1453271
1785136073.1453271
1785136073.1453271
1785136073.1453271
1785136073.1453271
1785136073.1453271
1785136073.1455500
1785136073.1455500
1785136073.1455500
1785136073.1455500
1785136073.1455500
1785136073.1455500
1785136073.1455500
1785136073.1455500
1785136073.1455500
1785136073.1455500
1785136073.1455500
1785136073.1455500
1785136073.1455500
1785136073.1455500
1785136073.1455500
1785136073.1455500
1785136073.1455500
1785136073.1455500
1785136073.1455500
1785136073.1455500
1785136073.1455500
1785136073.1455500
1785136073.1455500
1785136073.1455500
1785136073.1455500
1785136073.1455500
1785136073.1455500
1785136073.1455500
1785136073.1455500
1785136073.1455500
1785136073.1455500
1785136073.1455500
1785136073.1455500
1785136073.1455500
1785136073.1455500
1785136073.1455500
1785136073.1455500
1785136073.1455500
1785136073.1455500
1785136073.1455500
1785136073.1455500
1785136073.1455500
1785136073.1455500
1785136073.1455500
1785136073.1455500
1785136073.1455500
1785136073.1455500
1785136073.1455500
1785136073.1455500
1785136073.1455500
1785136073.1455500
1785136073.1455500
1785136073.1455500
1785136073.1455500
1785136073.1455500
1785136073.1455500
1785136073.1455500
1785136073.1455500
1785136073.1455500
1785136073.1455500
1785136073.1455500
1785136073.1455500
1785136073.1455500
1785136073.1455500
1785136073.1455500
1785136073.1455500
1785136073.1455500
1785136073.1455500
1785136073.1455500
1785136073.1455500
1785136073.1455500
1785136073.1455500
1785136073.1455500
1785136073.1455500
1785136073.1457720
1785136073.1457720
1785136073.1457720
1785136073.1457720
1785136073.1457720
1785136073.1457720
1785136073.1457720
1785136073.1457720
1785136073.1457720
1785136073.1457720
1785136073.1457720
1785136073.1457720
1785136073.1457720
1785136073.1457720
1785136073.1457720
1785136073.1457720
1785136073.1457720
1785136073.1457720
1785136073.1457720
1785136073.1457720
1785136073.1457720
1785136073.1457720
1785136073.1457720
1785136073.1457720
1785136073.1457720
1785136073.1457720
1785136073.1457720
1785136073.1457720
1785136073.1457720
1785136073.1457720
1785136073.1457720
1785136073.1457720
1785136073.1457720
1785136073.1457720
1785136073.1457720
1785136073.1457720
1785136073.1457720
1785136073.1457720
1785136073.1457720
1785136073.1457720
1785136073.1457720
1785136073.1457720
1785136073.1457720
1785136073.1457720
1785136073.1457720
1785136073.1457720
1785136073.1457720
1785136073.1457720
1785136073.1457720
1785136073.1457720
1785136073.1457720
1785136073.1457720
1785136073.1457720
1785136073.1457720
1785136073.1457720
1785136073.1457720
1785136073.1457720
1785136073.1457720
1785136073.1457720
1785136073.1457720
1785136073.1457720
1785136073.1457720
1785136073.1457720
1785136073.1457720
1785136073.1457720
1785136073.1457720
1785136073.1457720
1785136073.1457720
1785136073.1457720
1785136073.1457720
1785136073.1457720
1785136073.1457720
1785136073.1457720
1785136073.1457720
1785136073.1457720
1785136073.1457720
1785136073.1457720
1785136073.1457720
1785136073.1459939
1785136073.1459939
1785136073.1459939
1785136073.1459939
1785136073.1459939
1785136073.1459939
1785136073.1459939
1785136073.1459939
1785136073.1459939
1785136073.1459939
1785136073.1459939
1785136073.1459939
1785136073.1459939
1785136073.1459939
1785136073.1459939
1785136073.1459939
1785136073.1459939
1785136073.1459939
1785136073.1459939
1785136073.1459939
1785136073.1459939
1785136073.1459939
1785136073.1459939
1785136073.1459939
1785136073.1459939
1785136073.1459939
1785136073.1459939
1785136073.1459939
1785136073.1459939
1785136073.1459939
1785136073.1459939
1785136073.1459939
1785136073.1459939
1785136073.1459939
1785136073.1459939
1785136073.1459939
1785136073.1459939
1785136073.1459939
1785136073.1459939
1785136073.1459939
1785136073.1459939
1785136073.1459939
1785136073.1459939
1785136073.1459939
1785136073.1459939
1785136073.1459939
1785136073.1459939
1785136073.1459939
1785136073.1459939
1785136073.1459939
1785136073.1459939
1785136073.1459939
1785136073.1459939
1785136073.1459939
1785136073.1459939
1785136073.1459939
1785136073.1459939
1785136073.1459939
1785136073.1459939
1785136073.1459939
1785136073.1459939
1785136073.1459939
1785136073.1459939
1785136073.1459939
1785136073.1459939
1785136073.1459939
1785136073.1459939
1785136073.1462159
1785136073.1462159
1785136073.1462159
1785136073.1462159
1785136073.1462159
1785136073.1462159
1785136073.1462159
1785136073.1462159
1785136073.1462159
1785136073.1462159
1785136073.1462159
1785136073.1462159
1785136073.1462159
1785136073.1462159
1785136073.1462159
1785136073.1462159
1785136073.1462159
1785136073.1462159
1785136073.1462159
1785136073.1462159
1785136073.1462159
1785136073.1462159
1785136073.1462159
1785136073.1462159
1785136073.1462159
1785136073.1462159
1785136073.1462159
1785136073.1462159
1785136073.1462159
1785136073.1462159
1785136073.1462159
1785136073.1462159
1785136073.1462159
1785136073.1462159
1785136073.1462159
1785136073.1462159
1785136073.1462159
1785136073.1462159
1785136073.1462159
1785136073.1462159
1785136073.1462159
1785136073.1462159
1785136073.1462159
1785136073.1462159
1785136073.1462159
1785136073.1462159
1785136073.1462159
1785136073.1462159
1785136073.1462159
1785136073.1464379
1785136073.1464379
1785136073.1464379
1785136073.1464379
1785136073.1464379
1785136073.1464379
1785136073.1464379
1785136073.1464379
1785136073.1464379
1785136073.1464379
1785136073.1464379
1785136073.1464379
1785136073.1464379
1785136073.1464379
1785136073.1464379
1785136073.1464379
1785136073.1464379
1785136073.1464379
1785136073.1464379
1785136073.1464379
1785136073.1464379
1785136073.1464379
1785136073.1464379
1785136073.1464379
1785136073.1464379
1785136073.1464379
1785136073.1464379
1785136073.1464379
1785136073.1464379
1785136073.1464379
1785136073.1464379
1785136073.1464379
1785136073.1464379
1785136073.1464379
1785136073.1464379
1785136073.1464379
1785136073.1464379
1785136073.1464379
1785136073.1464379
1785136073.1464379
1785136073.1464379
1785136073.1464379
1785136073.1464379
1785136073.1464379
1785136073.1464379
1785136073.1464379
1785136073.1464379
1785136073.1464379
1785136073.1464379
1785136073.1464379
1785136073.1464379
1785136073.1464379
1785136073.1464379
1785136073.1464379
1785136073.1464379
1785136073.1464379
1785136073.1464379
1785136073.1464379
1785136073.1464379
1785136073.1464379
1785136073.1464379
1785136073.1464379
1785136073.1464379
1785136073.1464379
1785136073.1464379
1785136073.1464379
1785136073.1464379
1785136073.1466610
1785136073.1466610
1785136073.1466610
1785136073.1466610
1785136073.1466610
1785136073.1466610
1785136073.1466610
1785136073.1466610
1785136073.1466610
1785136073.1466610
1785136073.1466610
1785136073.1466610
1785136073.1466610
1785136073.1466610
1785136073.1466610
1785136073.1466610
1785136073.1466610
1785136073.1466610
1785136073.1466610
1785136073.1466610
1785136073.1466610
1785136073.1466610
1785136073.1466610
1785136073.1466610
1785136073.1466610
1785136073.1466610
1785136073.1466610
1785136073.1466610
1785136073.1466610
1785136073.1466610
1785136073.1466610
1785136073.1466610
1785136073.1466610
1785136073.1466610
1785136073.1466610
1785136073.1466610
1785136073.1466610
1785136073.1466610
1785136073.1466610
1785136073.1466610
1785136073.1466610
1785136073.1466610
1785136073.1466610
1785136073.1466610
1785136073.1466610
1785136073.1466610
1785136073.1466610
1785136073.1466610
1785136073.1466610
1785136073.1466610
1785136073.1466610
1785136073.1468830
1785136073.1468830
1785136073.1468830
1785136073.1468830
1785136073.1468830
1785136073.1468830
1785136073.1468830
1785136073.1468830
1785136073.1468830
1785136073.1468830
1785136073.1468830
1785136073.1468830
1785136073.1468830
1785136073.1468830
1785136073.1468830
1785136073.1468830
1785136073.1468830
1785136073.1468830
1785136073.1468830
1785136073.1468830
1785136073.1468830
1785136073.1468830
1785136073.1468830
1785136073.1468830
1785136073.1468830
1785136073.1468830
1785136073.1468830
1785136073.1468830
1785136073.1468830
1785136073.1468830
1785136073.1468830
1785136073.1468830
1785136073.1468830
1785136073.1468830
1785136073.1468830
1785136073.1468830
1785136073.1468830
1785136073.1468830
1785136073.1468830
1785136073.1468830
1785136073.1468830
1785136073.1468830
1785136073.1468830
1785136073.1468830
1785136073.1468830
1785136073.1471050
1785136073.1471050
1785136073.1471050
1785136073.1471050
1785136073.1471050
1785136073.1471050
1785136073.1471050
1785136073.1471050
1785136073.1471050
1785136073.1471050
1785136073.1471050
1785136073.1471050
1785136073.1471050
1785136073.1471050
1785136073.1471050
1785136073.1471050
1785136073.1471050
1785136073.1471050
1785136073.1471050
1785136073.1471050
1785136073.1471050
1785136073.1471050
1785136073.1471050
1785136073.1471050
1785136073.1471050
1785136073.1471050
1785136073.1471050
1785136073.1471050
1785136073.1471050
1785136073.1471050
1785136073.1471050
1785136073.1471050
1785136073.1471050
1785136073.1471050
1785136073.1471050
1785136073.1471050
1785136073.1471050
1785136073.1471050
1785136073.1471050
1785136073.1471050
1785136073.1471050
1785136073.1471050
1785136073.1471050
1785136073.1471050
1785136073.1471050
1785136073.1473269
1785136073.1473269
1785136073.1473269
1785136073.1473269
1785136073.1473269
1785136073.1473269
1785136073.1473269
1785136073.1473269
1785136073.1473269
1785136073.1473269
1785136073.1473269
1785136073.1473269
1785136073.1473269
1785136073.1473269
1785136073.1473269
1785136073.1473269
1785136073.1473269
1785136073.1473269
1785136073.1473269
1785136073.1473269
1785136073.1473269
1785136073.1473269
1785136073.1473269
1785136073.1473269
1785136073.1473269
1785136073.1473269
1785136073.1473269
1785136073.1473269
1785136073.1473269
1785136073.1473269
1785136073.1473269
1785136073.1473269
1785136073.1473269
1785136073.1473269
1785136073.1473269
1785136073.1473269
1785136073.1473269
1785136073.1473269
1785136073.1473269
1785136073.1473269
1785136073.1473269
1785136073.1473269
1785136073.1473269
1785136073.1473269
1785136073.1473269
1785136073.1473269
1785136073.1473269
1785136073.1473269
1785136073.1473269
1785136073.1473269
1785136073.1473269
1785136073.1473269
1785136073.1473269
1785136073.1473269
1785136073.1473269
1785136073.1473269
1785136073.1473269
1785136073.1473269
1785136073.1473269
1785136073.1473269
1785136073.1473269
1785136073.1475489
1785136073.1475489
1785136073.1475489
1785136073.1475489
1785136073.1475489
1785136073.1475489
1785136073.1475489
1785136073.1475489
1785136073.1475489
1785136073.1475489
1785136073.1475489
1785136073.1475489
1785136073.1475489
1785136073.1475489
1785136073.1475489
1785136073.1475489
1785136073.1475489
1785136073.1475489
1785136073.1475489
1785136073.1475489
1785136073.1475489
1785136073.1475489
1785136073.1475489
1785136073.1475489
1785136073.1475489
1785136073.1475489
1785136073.1475489
1785136073.1475489
1785136073.1475489
1785136073.1475489
1785136073.1475489
1785136073.1475489
1785136073.1475489
1785136073.1475489
1785136073.1475489
1785136073.1475489
1785136073.1475489
1785136073.1475489
1785136073.1475489
1785136073.1475489
1785136073.1475489
1785136073.1475489
1785136073.1475489
1785136073.1475489
1785136073.1475489
1785136073.1477709
1785136073.1477709
1785136073.1477709
1785136073.1477709
1785136073.1477709
1785136073.1477709
1785136073.1477709
1785136073.1477709
1785136073.1477709
1785136073.1477709
1785136073.1477709
1785136073.1477709
1785136073.1477709
1785136073.1477709
1785136073.1477709
1785136073.1477709
1785136073.1477709
1785136073.1477709
1785136073.1477709
1785136073.1477709
1785136073.1477709
1785136073.1477709
1785136073.1477709
1785136073.1477709
1785136073.1477709
1785136073.1477709
1785136073.1477709
1785136073.1477709
1785136073.1477709
1785136073.1477709
1785136073.1477709
1785136073.1477709
1785136073.1477709
1785136073.1477709
1785136073.1477709
1785136073.1477709
1785136073.1477709
1785136073.1477709
1785136073.1477709
1785136073.1477709
1785136073.1477709
1785136073.1477709
1785136073.1477709
1785136073.1477709
1785136073.1477709
1785136073.1477709
1785136073.1477709
1785136073.1479931
1785136073.1479931
1785136073.1479931
1785136073.1479931
1785136073.1479931
1785136073.1479931
1785136073.1479931
1785136073.1479931
1785136073.1479931
1785136073.1479931
1785136073.1479931
1785136073.1479931
1785136073.1479931
1785136073.1479931
1785136073.1479931
1785136073.1479931
1785136073.1479931
1785136073.1479931
1785136073.1479931
1785136073.1479931
1785136073.1479931
1785136073.1479931
1785136073.1479931
1785136073.1479931
1785136073.1479931
1785136073.1479931
1785136073.1479931
1785136073.1479931
1785136073.1479931
1785136073.1479931
1785136073.1479931
1785136073.1479931
1785136073.1479931
1785136073.1479931
1785136073.1479931
1785136073.1479931
1785136073.1479931
1785136073.1479931
1785136073.1479931
1785136073.1479931
1785136073.1479931
1785136073.1479931
1785136073.1479931
1785136073.1479931
1785136073.1479931
1785136073.1479931
1785136073.1479931
1785136073.1479931
1785136073.1479931
1785136073.1479931
1785136073.1482160
1785136073.1482160
1785136073.1482160
1785136073.1482160
1785136073.1482160
1785136073.1482160
1785136073.1482160
1785136073.1482160
1785136073.1482160
1785136073.1482160
1785136073.1482160
1785136073.1482160
1785136073.1482160
1785136073.1482160
1785136073.1482160
1785136073.1482160
1785136073.1482160
1785136073.1482160
1785136073.1482160
1785136073.1482160
1785136073.1482160
1785136073.1482160
1785136073.1482160
1785136073.1482160
1785136073.1482160
1785136073.1482160
1785136073.1482160
1785136073.1482160
1785136073.1482160
1785136073.1482160
1785136073.1482160
1785136073.1482160
1785136073.1482160
1785136073.1482160
1785136073.1482160
1785136073.1482160
1785136073.1482160
1785136073.1482160
1785136073.1482160
1785136073.1482160
1785136073.1482160
1785136073.1482160
1785136073.1482160
1785136073.1482160
1785136073.1482160
1785136073.1482160
1785136073.1482160
1785136073.1482160
1785136073.1484370
1785136073.1484370
1785136073.1484370
1785136073.1484370
1785136073.1484370
1785136073.1484370
1785136073.1484370
1785136073.1484370
1785136073.1484370
1785136073.1484370
1785136073.1484370
1785136073.1484370
1785136073.1484370
1785136073.1484370
1785136073.1484370
1785136073.1484370
1785136073.1484370
1785136073.1484370
1785136073.1484370
1785136073.1484370
1785136073.1484370
1785136073.1484370
1785136073.1484370
1785136073.1484370
1785136073.1484370
1785136073.1484370
1785136073.1484370
1785136073.1484370
1785136073.1484370
1785136073.1484370
1785136073.1484370
1785136073.1484370
1785136073.1484370
1785136073.1484370
1785136073.1484370
1785136073.1484370
1785136073.1484370
1785136073.1484370
1785136073.1484370
1785136073.1484370
1785136073.1484370
1785136073.1484370
1785136073.1484370
1785136073.1484370
1785136073.1484370
1785136073.1484370
1785136073.1486599
1785136073.1486599
1785136073.1486599
1785136073.1486599
1785136073.1486599
1785136073.1486599
1785136073.1486599
1785136073.1486599
1785136073.1486599
1785136073.1486599
1785136073.1486599
1785136073.1486599
1785136073.1486599
1785136073.1486599
1785136073.1486599
1785136073.1486599
1785136073.1486599
1785136073.1486599
1785136073.1486599
1785136073.1486599
1785136073.1486599
1785136073.1486599
1785136073.1486599
1785136073.1486599
1785136073.1486599
1785136073.1486599
1785136073.1486599
1785136073.1486599
1785136073.1486599
1785136073.1486599
1785136073.1486599
1785136073.1486599
1785136073.1486599
1785136073.1486599
1785136073.1486599
1785136073.1486599
1785136073.1486599
1785136073.1486599
1785136073.1486599
1785136073.1486599
1785136073.1486599
1785136073.1486599
1785136073.1486599
1785136073.1486599
1785136073.1486599
1785136073.1488819
1785136073.1488819
1785136073.1488819
1785136073.1488819
1785136073.1488819
1785136073.1488819
1785136073.1488819
1785136073.1488819
1785136073.1488819
1785136073.1488819
1785136073.1488819
1785136073.1488819
1785136073.1488819
1785136073.1488819
1785136073.1488819
1785136073.1488819
1785136073.1488819
1785136073.1488819
1785136073.1488819
1785136073.1488819
1785136073.1488819
1785136073.1488819
1785136073.1488819
1785136073.1488819
1785136073.1488819
1785136073.1488819
1785136073.1488819
1785136073.1488819
1785136073.1488819
1785136073.1488819
1785136073.1488819
1785136073.1488819
1785136073.1488819
1785136073.1488819
1785136073.1488819
1785136073.1488819
1785136073.1488819
1785136073.1488819
1785136073.1488819
1785136073.1488819
1785136073.1488819
1785136073.1488819
1785136073.1488819
1785136073.1488819
1785136073.1488819
1785136073.1488819
1785136073.1488819
1785136073.1488819
1785136073.1488819
1785136073.1491041
1785136073.1491041
1785136073.1491041
1785136073.1491041
1785136073.1491041
1785136073.1491041
1785136073.1491041
1785136073.1491041
1785136073.1491041
1785136073.1491041
1785136073.1491041
1785136073.1491041
1785136073.1491041
1785136073.1491041
1785136073.1491041
1785136073.1491041
1785136073.1491041
1785136073.1491041
1785136073.1491041
1785136073.1491041
1785136073.1491041
1785136073.1491041
1785136073.1491041
1785136073.1491041
1785136073.1491041
1785136073.1491041
1785136073.1491041
1785136073.1491041
1785136073.1491041
1785136073.1491041
1785136073.1491041
1785136073.1491041
1785136073.1491041
1785136073.1491041
1785136073.1491041
1785136073.1491041
1785136073.1491041
1785136073.1491041
1785136073.1491041
1785136073.1491041
1785136073.1491041
1785136073.1491041
1785136073.1491041
1785136073.1491041
1785136073.1491041
1785136073.1491041
1785136073.1491041
1785136073.1491041
1785136073.1491041
1785136073.1491041
1785136073.1491041
1785136073.1491041
1785136073.1491041
1785136073.1491041
1785136073.1491041
1785136073.1491041
1785136073.1491041
1785136073.1491041
1785136073.1493270
1785136073.1493270
1785136073.1493270
1785136073.1493270
1785136073.1493270
1785136073.1493270
1785136073.1493270
1785136073.1493270
1785136073.1493270
1785136073.1493270
1785136073.1493270
1785136073.1493270
1785136073.1493270
1785136073.1493270
1785136073.1493270
1785136073.1493270
1785136073.1493270
1785136073.1493270
1785136073.1493270
1785136073.1493270
1785136073.1493270
1785136073.1493270
1785136073.1493270
1785136073.1493270
1785136073.1493270
1785136073.1493270
1785136073.1493270
1785136073.1493270
1785136073.1493270
1785136073.1493270
1785136073.1493270
1785136073.1493270
1785136073.1493270
1785136073.1493270
1785136073.1493270
1785136073.1493270
1785136073.1493270
1785136073.1493270
1785136073.1493270
1785136073.1493270
1785136073.1493270
1785136073.1493270
1785136073.1493270
1785136073.1493270
1785136073.1493270
1785136073.1493270
1785136073.1493270
1785136073.1493270
1785136073.1493270
1785136073.1493270
1785136073.1493270
1785136073.1493270
1785136073.1493270
1785136073.1493270
1785136073.1493270
1785136073.1493270
1785136073.1493270
1785136073.1493270
1785136073.1493270
1785136073.1493270
1785136073.1493270
1785136073.1493270
1785136073.1493270
1785136073.1493270
1785136073.1493270
1785136073.1493270
1785136073.1493270
1785136073.1493270
1785136073.1495481
1785136073.1495481
1785136073.1495481
1785136073.1495481
1785136073.1495481
1785136073.1495481
1785136073.1495481
1785136073.1495481
1785136073.1495481
1785136073.1495481
1785136073.1495481
1785136073.1495481
1785136073.1495481
1785136073.1495481
1785136073.1495481
1785136073.1495481
1785136073.1495481
1785136073.1495481
1785136073.1495481
1785136073.1495481
1785136073.1495481
1785136073.1495481
1785136073.1495481
1785136073.1495481
1785136073.1495481
1785136073.1495481
1785136073.1495481
1785136073.1495481
1785136073.1495481
1785136073.1495481
1785136073.1495481
1785136073.1495481
1785136073.1495481
1785136073.1495481
1785136073.1495481
1785136073.1495481
1785136073.1495481
1785136073.1495481
1785136073.1495481
1785136073.1495481
1785136073.1495481
1785136073.1495481
1785136073.1495481
1785136073.1495481
1785136073.1495481
1785136073.1495481
1785136073.1495481
1785136073.1495481
1785136073.1495481
1785136073.1495481
1785136073.1495481
1785136073.1495481
1785136073.1495481
1785136073.1495481
1785136073.1495481
1785136073.1495481
1785136073.1495481
1785136073.1495481
1785136073.1495481
1785136073.1495481
1785136073.1495481
1785136073.1495481
1785136073.1495481
1785136073.1495481
1785136073.1495481
1785136073.1495481
1785136073.1495481
1785136073.1495481
1785136073.1495481
1785136073.1495481
1785136073.1495481
1785136073.1495481
1785136073.1495481
1785136073.1495481
1785136073.1495481
1785136073.1495481
1785136073.1495481
1785136073.1495481
1785136073.1495481
1785136073.1495481
1785136073.1495481
1785136073.1495481
1785136073.1495481
1785136073.1495481
1785136073.1495481
1785136073.1495481
1785136073.1495481
1785136073.1495481
1785136073.1495481
1785136073.1495481
1785136073.1495481
1785136073.1497710
1785136073.1497710
1785136073.1497710
1785136073.1497710
1785136073.1497710
1785136073.1497710
1785136073.1497710
1785136073.1497710
1785136073.1497710
1785136073.1497710
1785136073.1497710
1785136073.1497710
1785136073.1497710
1785136073.1497710
1785136073.1497710
1785136073.1497710
1785136073.1497710
1785136073.1497710
1785136073.1497710
1785136073.1497710
1785136073.1497710
1785136073.1497710
1785136073.1497710
1785136073.1497710
1785136073.1497710
1785136073.1497710
1785136073.1497710
1785136073.1497710
1785136073.1497710
1785136073.1497710
1785136073.1497710
1785136073.1497710
1785136073.1497710
1785136073.1497710
1785136073.1497710
1785136073.1497710
1785136073.1497710
1785136073.1497710
1785136073.1497710
1785136073.1497710
1785136073.1497710
1785136073.1497710
1785136073.1497710
1785136073.1497710
1785136073.1497710
1785136073.1497710
1785136073.1497710
1785136073.1497710
1785136073.1497710
1785136073.1497710
1785136073.1497710
1785136073.1497710
1785136073.1497710
1785136073.1497710
1785136073.1497710
1785136073.1497710
1785136073.1497710
1785136073.1497710
1785136073.1497710
1785136073.1497710
1785136073.1497710
1785136073.1497710
1785136073.1497710
1785136073.1497710
1785136073.1497710
1785136073.1497710
1785136073.1497710
1785136073.1497710
1785136073.1497710
1785136073.1497710
1785136073.1497710
1785136073.1497710
1785136073.1497710
1785136073.1497710
1785136073.1497710
1785136073.1497710
1785136073.1497710
1785136073.1497710
1785136073.1497710
1785136073.1497710
1785136073.1497710
1785136073.1497710
1785136073.1497710
1785136073.1497710
1785136073.1497710
1785136073.1497710
1785136073.1497710
1785136073.1499929
1785136073.1499929
1785136073.1499929
1785136073.1499929
1785136073.1499929
1785136073.1499929
1785136073.1499929
1785136073.1499929
1785136073.1499929
1785136073.1499929
1785136073.1499929
1785136073.1499929
1785136073.1499929
1785136073.1499929
1785136073.1499929
1785136073.1499929
1785136073.1499929
1785136073.1499929
1785136073.1499929
1785136073.1499929
1785136073.1499929
1785136073.1499929
1785136073.1499929
1785136073.1499929
1785136073.1499929
1785136073.1499929
1785136073.1499929
1785136073.1499929
1785136073.1499929
1785136073.1499929
1785136073.1499929
1785136073.1499929
1785136073.1499929
1785136073.1499929
1785136073.1499929
1785136073.1499929
1785136073.1499929
1785136073.1499929
1785136073.1499929
1785136073.1499929
1785136073.1499929
1785136073.1499929
1785136073.1499929
1785136073.1499929
1785136073.1499929
1785136073.1499929
1785136073.1499929
1785136073.1499929
1785136073.1499929
1785136073.1499929
1785136073.1499929
1785136073.1499929
1785136073.1499929
1785136073.1499929
1785136073.1499929
1785136073.1499929
1785136073.1499929
1785136073.1499929
1785136073.1499929
1785136073.1499929
1785136073.1499929
1785136073.1499929
1785136073.1499929
1785136073.1499929
1785136073.1499929
1785136073.1499929
1785136073.1499929
1785136073.1499929
1785136073.1499929
1785136073.1499929
1785136073.1499929
1785136073.1499929
1785136073.1499929
1785136073.1499929
1785136073.1499929
1785136073.1499929
1785136073.1499929
1785136073.1499929
1785136073.1499929
1785136073.1499929
1785136073.1499929
1785136073.1499929
1785136073.1499929
1785136073.1499929
1785136073.1499929
1785136073.1499929
1785136073.1499929
1785136073.1499929
1785136073.1499929
1785136073.1499929
1785136073.1499929
1785136073.1499929
1785136073.1499929
1785136073.1502149
1785136073.1502149
1785136073.1502149
1785136073.1502149
1785136073.1502149
1785136073.1502149
1785136073.1502149
1785136073.1502149
1785136073.1502149
1785136073.1502149
1785136073.1502149
1785136073.1502149
1785136073.1502149
1785136073.1502149
1785136073.1502149
1785136073.1502149
1785136073.1502149
1785136073.1502149
1785136073.1502149
1785136073.1502149
1785136073.1502149
1785136073.1502149
1785136073.1502149
1785136073.1502149
1785136073.1502149
1785136073.1502149
1785136073.1502149
1785136073.1502149
1785136073.1502149
1785136073.1502149
1785136073.1502149
1785136073.1502149
1785136073.1502149
1785136073.1502149
1785136073.1502149
1785136073.1502149
1785136073.1502149
1785136073.1502149
1785136073.1502149
1785136073.1502149
1785136073.1502149
1785136073.1502149
1785136073.1502149
1785136073.1502149
1785136073.1502149
1785136073.1502149
1785136073.1502149
1785136073.1502149
1785136073.1502149
1785136073.1502149
1785136073.1502149
1785136073.1502149
1785136073.1502149
1785136073.1502149
1785136073.1502149
1785136073.1502149
1785136073.1502149
1785136073.1502149
1785136073.1502149
1785136073.1502149
1785136073.1502149
1785136073.1502149
1785136073.1502149
1785136073.1502149
1785136073.1502149
1785136073.1502149
1785136073.1502149
1785136073.1502149
1785136073.1502149
1785136073.1502149
1785136073.1502149
1785136073.1502149
1785136073.1502149
1785136073.1502149
1785136073.1502149
1785136073.1502149
1785136073.1502149
1785136073.1502149
1785136073.1502149
1785136073.1504371
1785136073.1504371
1785136073.1504371
1785136073.1504371
1785136073.1504371
1785136073.1504371
1785136073.1504371
1785136073.1504371
1785136073.1504371
1785136073.1504371
1785136073.1504371
1785136073.1504371
1785136073.1504371
1785136073.1504371
1785136073.1504371
1785136073.1504371
1785136073.1504371
1785136073.1504371
1785136073.1504371
1785136073.1504371
1785136073.1504371
1785136073.1504371
1785136073.1504371
1785136073.1504371
1785136073.1504371
1785136073.1504371
1785136073.1504371
1785136073.1504371
1785136073.1504371
1785136073.1504371
1785136073.1504371
1785136073.1504371
1785136073.1504371
1785136073.1504371
1785136073.1504371
1785136073.1504371
1785136073.1504371
1785136073.1504371
1785136073.1504371
1785136073.1504371
1785136073.1504371
1785136073.1504371
1785136073.1504371
1785136073.1504371
1785136073.1504371
1785136073.1504371
1785136073.1504371
1785136073.1504371
1785136073.1504371
1785136073.1504371
1785136073.1504371
1785136073.1504371
1785136073.1504371
1785136073.1504371
1785136073.1504371
1785136073.1504371
1785136073.1504371
1785136073.1504371
1785136073.1504371
1785136073.1504371
1785136073.1504371
1785136073.1504371
1785136073.1504371
1785136073.1504371
1785136073.1504371
1785136073.1504371
1785136073.1504371
1785136073.1506591
1785136073.1506591
1785136073.1506591
1785136073.1506591
1785136073.1506591
1785136073.1506591
1785136073.1506591
1785136073.1506591
1785136073.1506591
1785136073.1506591
1785136073.1506591
1785136073.1506591
1785136073.1506591
1785136073.1506591
1785136073.1506591
1785136073.1506591
1785136073.1506591
1785136073.1506591
1785136073.1506591
1785136073.1506591
1785136073.1506591
1785136073.1506591
1785136073.1506591
1785136073.1506591
1785136073.1506591
1785136073.1506591
1785136073.1506591
1785136073.1506591
1785136073.1506591
1785136073.1506591
1785136073.1506591
1785136073.1506591
1785136073.1506591
1785136073.1506591
1785136073.1506591
1785136073.1506591
1785136073.1506591
1785136073.1506591
1785136073.1506591
1785136073.1506591
1785136073.1506591
1785136073.1506591
1785136073.1506591
1785136073.1506591
1785136073.1506591
1785136073.1506591
1785136073.1506591
1785136073.1506591
1785136073.1506591
1785136073.1506591
1785136073.1506591
1785136073.1506591
1785136073.1506591
1785136073.1506591
1785136073.1506591
1785136073.1506591
1785136073.1508820
1785136073.1508820
1785136073.1508820
1785136073.1508820
1785136073.1508820
1785136073.1508820
1785136073.1508820
1785136073.1508820
1785136073.1508820
1785136073.1508820
1785136073.1508820
1785136073.1508820
1785136073.1508820
1785136073.1508820
1785136073.1508820
1785136073.1508820
1785136073.1508820
1785136073.1508820
1785136073.1508820
1785136073.1508820
1785136073.1508820
1785136073.1508820
1785136073.1508820
1785136073.1508820
1785136073.1508820
1785136073.1508820
1785136073.1508820
1785136073.1508820
1785136073.1508820
1785136073.1508820
1785136073.1508820
1785136073.1508820
1785136073.1508820
1785136073.1508820
1785136073.1508820
1785136073.1508820
1785136073.1508820
1785136073.1508820
1785136073.1508820
1785136073.1508820
1785136073.1508820
1785136073.1508820
1785136073.1508820
1785136073.1508820
1785136073.1508820
1785136073.1508820
1785136073.1508820
1785136073.1508820
1785136073.1508820
1785136073.1508820
1785136073.1508820
1785136073.1508820
1785136073.1508820
1785136073.1511040
1785136073.1511040
1785136073.1511040
1785136073.1511040
1785136073.1511040
1785136073.1511040
1785136073.1511040
1785136073.1511040
1785136073.1511040
1785136073.1511040
1785136073.1511040
1785136073.1511040
1785136073.1511040
1785136073.1511040
1785136073.1511040
1785136073.1511040
1785136073.1511040
1785136073.1511040
1785136073.1511040
1785136073.1511040
1785136073.1511040
1785136073.1511040
1785136073.1511040
1785136073.1511040
1785136073.1511040
1785136073.1511040
1785136073.1511040
1785136073.1511040
1785136073.1511040
1785136073.1511040
1785136073.1511040
1785136073.1511040
1785136073.1511040
1785136073.1511040
1785136073.1511040
1785136073.1511040
1785136073.1511040
1785136073.1511040
1785136073.1511040
1785136073.1511040
1785136073.1511040
1785136073.1511040
1785136073.1511040
1785136073.1511040
1785136073.1511040
1785136073.1511040
1785136073.1511040
1785136073.1511040
1785136073.1511040
1785136073.1511040
1785136073.1511040
1785136073.1511040
1785136073.1511040
1785136073.1511040
1785136073.1513259
1785136073.1513259
1785136073.1513259
1785136073.1513259
1785136073.1513259
1785136073.1513259
1785136073.1513259
1785136073.1513259
1785136073.1513259
1785136073.1513259
1785136073.1513259
1785136073.1513259
1785136073.1513259
1785136073.1513259
1785136073.1513259
1785136073.1513259
1785136073.1513259
1785136073.1513259
1785136073.1513259
1785136073.1513259
1785136073.1513259
1785136073.1513259
1785136073.1513259
1785136073.1513259
1785136073.1513259
1785136073.1513259
1785136073.1513259
1785136073.1513259
1785136073.1513259
1785136073.1513259
1785136073.1513259
1785136073.1513259
1785136073.1513259
1785136073.1513259
1785136073.1513259
1785136073.1513259
1785136073.1513259
1785136073.1513259
1785136073.1513259
1785136073.1513259
1785136073.1513259
1785136073.1513259
1785136073.1513259
1785136073.1513259
1785136073.1513259
1785136073.1513259
1785136073.1513259
1785136073.1513259
1785136073.1513259
1785136073.1513259
1785136073.1513259
1785136073.1513259
1785136073.1513259
1785136073.1513259
1785136073.1513259
1785136073.1513259
1785136073.1513259
1785136073.1513259
1785136073.1513259
1785136073.1513259
1785136073.1513259
1785136073.1513259
1785136073.1513259
1785136073.1513259
1785136073.1513259
1785136073.1513259
1785136073.1513259
1785136073.1513259
1785136073.1513259
1785136073.1513259
1785136073.1513259
1785136073.1513259
1785136073.1513259
1785136073.1513259
1785136073.1513259
1785136073.1513259
1785136073.1513259
1785136073.1513259
1785136073.1515479
1785136073.1515479
1785136073.1515479
1785136073.1515479
1785136073.1515479
1785136073.1515479
1785136073.1515479
1785136073.1515479
1785136073.1515479
1785136073.1515479
1785136073.1515479
1785136073.1515479
1785136073.1515479
1785136073.1515479
1785136073.1515479
1785136073.1515479
1785136073.1515479
1785136073.1515479
1785136073.1515479
1785136073.1515479
1785136073.1515479
1785136073.1515479
1785136073.1515479
1785136073.1515479
1785136073.1515479
1785136073.1515479
1785136073.1515479
1785136073.1515479
1785136073.1515479
1785136073.1515479
1785136073.1515479
1785136073.1515479
1785136073.1515479
1785136073.1515479
1785136073.1515479
1785136073.1515479
1785136073.1515479
1785136073.1515479
1785136073.1515479
1785136073.1515479
1785136073.1515479
1785136073.1515479
1785136073.1515479
1785136073.1515479
1785136073.1515479
1785136073.1515479
1785136073.1515479
1785136073.1515479
1785136073.1515479
1785136073.1515479
1785136073.1515479
1785136073.1515479
1785136073.1515479
1785136073.1515479
1785136073.1515479
1785136073.1515479
1785136073.1515479
1785136073.1515479
1785136073.1515479
1785136073.1515479
1785136073.1515479
1785136073.1515479
1785136073.1515479
1785136073.1515479
1785136073.1515479
1785136073.1515479
1785136073.1515479
1785136073.1515479
1785136073.1515479
1785136073.1515479
1785136073.1515479
1785136073.1515479
1785136073.1515479
1785136073.1515479
1785136073.1515479
1785136073.1515479
1785136073.1515479
1785136073.1517701
1785136073.1517701
1785136073.1517701
1785136073.1517701
1785136073.1517701
1785136073.1517701
1785136073.1517701
1785136073.1517701
1785136073.1517701
1785136073.1517701
1785136073.1517701
1785136073.1517701
1785136073.1517701
1785136073.1517701
1785136073.1517701
1785136073.1517701
1785136073.1517701
1785136073.1517701
1785136073.1517701
1785136073.1517701
1785136073.1517701
1785136073.1517701
1785136073.1517701
1785136073.1517701
1785136073.1517701
1785136073.1517701
1785136073.1517701
1785136073.1517701
1785136073.1517701
1785136073.1517701
1785136073.1517701
1785136073.1517701
1785136073.1517701
1785136073.1517701
1785136073.1517701
1785136073.1517701
1785136073.1517701
1785136073.1517701
1785136073.1517701
1785136073.1517701
1785136073.1517701
1785136073.1517701
1785136073.1517701
1785136073.1517701
1785136073.1517701
1785136073.1517701
1785136073.1517701
1785136073.1517701
1785136073.1517701
1785136073.1517701
1785136073.1517701
1785136073.1517701
1785136073.1517701
1785136073.1517701
1785136073.1517701
1785136073.1517701
1785136073.1517701
1785136073.1517701
1785136073.1517701
1785136073.1519921
1785136073.1519921
1785136073.1519921
1785136073.1519921
1785136073.1519921
1785136073.1519921
1785136073.1519921
1785136073.1519921
1785136073.1519921
1785136073.1519921
1785136073.1519921
1785136073.1519921
1785136073.1519921
1785136073.1519921
1785136073.1519921
1785136073.1519921
1785136073.1519921
1785136073.1519921
1785136073.1519921
1785136073.1519921
1785136073.1519921
1785136073.1519921
1785136073.1519921
1785136073.1519921
1785136073.1519921
1785136073.1519921
1785136073.1519921
1785136073.1519921
1785136073.1519921
1785136073.1519921
1785136073.1519921
1785136073.1519921
1785136073.1519921
1785136073.1519921
1785136073.1519921
1785136073.1519921
1785136073.1519921
1785136073.1519921
1785136073.1519921
1785136073.1519921
1785136073.1519921
1785136073.1519921
1785136073.1519921
1785136073.1519921
1785136073.1519921
1785136073.1519921
1785136073.1519921
1785136073.1519921
1785136073.1519921
1785136073.1519921
1785136073.1519921
1785136073.1519921
1785136073.1519921
1785136073.1519921
1785136073.1519921
1785136073.1519921
1785136073.1519921
1785136073.1519921
1785136073.1519921
1785136073.1519921
1785136073.1519921
1785136073.1519921
1785136073.1522150
1785136073.1522150
1785136073.1522150
1785136073.1522150
1785136073.1522150
1785136073.1522150
1785136073.1522150
1785136073.1522150
1785136073.1522150
1785136073.1522150
1785136073.1522150
1785136073.1522150
1785136073.1522150
1785136073.1522150
1785136073.1522150
1785136073.1522150
1785136073.1522150
1785136073.1522150
1785136073.1522150
1785136073.1522150
1785136073.1522150
1785136073.1522150
1785136073.1522150
1785136073.1522150
1785136073.1522150
1785136073.1522150
1785136073.1522150
1785136073.1522150
1785136073.1522150
1785136073.1522150
1785136073.1522150
1785136073.1522150
1785136073.1522150
1785136073.1522150
1785136073.1522150
1785136073.1522150
1785136073.1522150
1785136073.1522150
1785136073.1522150
1785136073.1522150
1785136073.1522150
1785136073.1522150
1785136073.1522150
1785136073.1522150
1785136073.1522150
1785136073.1522150
1785136073.1522150
1785136073.1522150
1785136073.1522150
1785136073.1522150
1785136073.1522150
1785136073.1522150
1785136073.1522150
1785136073.1522150
1785136073.1522150
1785136073.1522150
1785136073.1522150
1785136073.1522150
1785136073.1522150
1785136073.1522150
1785136073.1522150
1785136073.1522150
1785136073.1522150
1785136073.1522150
1785136073.1522150
1785136073.1522150
1785136073.1522150
1785136073.1522150
1785136073.1522150
1785136073.1522150
1785136073.1522150
1785136073.1522150
1785136073.1522150
1785136073.1522150
1785136073.1522150
1785136073.1522150
1785136073.1522150
1785136073.1524370
1785136073.1524370
1785136073.1524370
1785136073.1524370
1785136073.1524370
1785136073.1524370
1785136073.1524370
1785136073.1524370
1785136073.1524370
1785136073.1524370
1785136073.1524370
1785136073.1524370
1785136073.1524370
1785136073.1524370
1785136073.1524370
1785136073.1524370
1785136073.1524370
1785136073.1524370
1785136073.1524370
1785136073.1524370
1785136073.1524370
1785136073.1524370
1785136073.1524370
1785136073.1524370
1785136073.1524370
1785136073.1524370
1785136073.1524370
1785136073.1524370
1785136073.1524370
1785136073.1524370
1785136073.1524370
1785136073.1524370
1785136073.1524370
1785136073.1524370
1785136073.1524370
1785136073.1524370
1785136073.1524370
1785136073.1524370
1785136073.1524370
1785136073.1524370
1785136073.1524370
1785136073.1524370
1785136073.1524370
1785136073.1524370
1785136073.1524370
1785136073.1524370
1785136073.1524370
1785136073.1524370
1785136073.1524370
1785136073.1524370
1785136073.1524370
1785136073.1524370
1785136073.1524370
1785136073.1524370
1785136073.1524370
1785136073.1524370
1785136073.1524370
1785136073.1524370
1785136073.1524370
1785136073.1524370
1785136073.1524370
1785136073.1524370
1785136073.1524370
1785136073.1524370
1785136073.1524370
1785136073.1524370
1785136073.1524370
1785136073.1524370
1785136073.1524370
1785136073.1526589
1785136073.1526589
1785136073.1526589
1785136073.1526589
1785136073.1526589
1785136073.1526589
1785136073.1526589
1785136073.1526589
1785136073.1526589
1785136073.1526589
1785136073.1526589
1785136073.1526589
1785136073.1526589
1785136073.1526589
1785136073.1526589
1785136073.1526589
1785136073.1526589
1785136073.1526589
1785136073.1526589
1785136073.1526589
1785136073.1526589
1785136073.1526589
1785136073.1526589
1785136073.1526589
1785136073.1526589
1785136073.1526589
1785136073.1526589
1785136073.1526589
1785136073.1526589
1785136073.1526589
1785136073.1526589
1785136073.1526589
1785136073.1526589
1785136073.1526589
1785136073.1526589
1785136073.1526589
1785136073.1526589
1785136073.1526589
1785136073.1526589
1785136073.1526589
1785136073.1526589
1785136073.1526589
1785136073.1526589
1785136073.1526589
1785136073.1526589
1785136073.1526589
1785136073.1526589
1785136073.1526589
1785136073.1526589
1785136073.1526589
1785136073.1526589
1785136073.1526589
1785136073.1526589
1785136073.1526589
1785136073.1526589
1785136073.1526589
1785136073.1526589
1785136073.1526589
1785136073.1526589
1785136073.1526589
1785136073.1526589
1785136073.1526589
1785136073.1526589
1785136073.1526589
1785136073.1526589
1785136073.1526589
1785136073.1528809
1785136073.1528809
1785136073.1528809
1785136073.1528809
1785136073.1528809
1785136073.1528809
1785136073.1528809
1785136073.1528809
1785136073.1528809
1785136073.1528809
1785136073.1528809
1785136073.1528809
1785136073.1528809
1785136073.1528809
1785136073.1528809
1785136073.1528809
1785136073.1528809
1785136073.1528809
1785136073.1528809
1785136073.1528809
1785136073.1528809
1785136073.1528809
1785136073.1528809
1785136073.1528809
1785136073.1528809
1785136073.1528809
1785136073.1528809
1785136073.1528809
1785136073.1528809
1785136073.1528809
1785136073.1528809
1785136073.1528809
1785136073.1528809
1785136073.1528809
1785136073.1528809
1785136073.1528809
1785136073.1528809
1785136073.1528809
1785136073.1528809
1785136073.1528809
1785136073.1528809
1785136073.1528809
1785136073.1528809
1785136073.1528809
1785136073.1528809
1785136073.1528809
1785136073.1528809
1785136073.1528809
1785136073.1528809
1785136073.1528809
1785136073.1528809
1785136073.1528809
1785136073.1528809
1785136073.1528809
1785136073.1528809
1785136073.1528809
1785136073.1528809
1785136073.1528809
1785136073.1528809
1785136073.1528809
1785136073.1528809
1785136073.1528809
1785136073.1528809
1785136073.1531041
1785136073.1531041
1785136073.1531041
1785136073.1531041
1785136073.1531041
1785136073.1531041
1785136073.1531041
1785136073.1531041
1785136073.1531041
1785136073.1531041
1785136073.1531041
1785136073.1531041
1785136073.1531041
1785136073.1531041
1785136073.1531041
1785136073.1531041
1785136073.1531041
1785136073.1531041
1785136073.1531041
1785136073.1531041
1785136073.1531041
1785136073.1531041
1785136073.1531041
1785136073.1531041
1785136073.1531041
1785136073.1531041
1785136073.1531041
1785136073.1531041
1785136073.1531041
1785136073.1531041
1785136073.1531041
1785136073.1531041
1785136073.1531041
1785136073.1531041
1785136073.1531041
1785136073.1531041
1785136073.1531041
1785136073.1531041
1785136073.1531041
1785136073.1531041
1785136073.1531041
1785136073.1531041
1785136073.1531041
1785136073.1531041
1785136073.1531041
1785136073.1531041
1785136073.1531041
1785136073.1531041
1785136073.1531041
1785136073.1531041
1785136073.1531041
1785136073.1531041
1785136073.1531041
1785136073.1531041
1785136073.1531041
1785136073.1531041
1785136073.1531041
1785136073.1531041
1785136073.1531041
1785136073.1531041
1785136073.1531041
1785136073.1531041
1785136073.1531041
1785136073.1531041
1785136073.1533260
1785136073.1533260
1785136073.1533260
1785136073.1533260
1785136073.1533260
1785136073.1533260
1785136073.1533260
1785136073.1533260
1785136073.1533260
1785136073.1533260
1785136073.1533260
1785136073.1533260
1785136073.1533260
1785136073.1533260
1785136073.1533260
1785136073.1533260
1785136073.1533260
1785136073.1533260
1785136073.1533260
1785136073.1533260
1785136073.1533260
1785136073.1533260
1785136073.1533260
1785136073.1533260
1785136073.1533260
1785136073.1533260
1785136073.1533260
1785136073.1533260
1785136073.1533260
1785136073.1533260
1785136073.1533260
1785136073.1533260
1785136073.1533260
1785136073.1533260
1785136073.1533260
1785136073.1533260
1785136073.1533260
1785136073.1533260
1785136073.1533260
1785136073.1533260
1785136073.1533260
1785136073.1533260
1785136073.1533260
1785136073.1533260
1785136073.1533260
1785136073.1533260
1785136073.1533260
1785136073.1533260
1785136073.1533260
1785136073.1533260
1785136073.1533260
1785136073.1533260
1785136073.1533260
1785136073.1533260
1785136073.1533260
1785136073.1533260
1785136073.1533260
1785136073.1533260
1785136073.1533260
1785136073.1533260
1785136073.1533260
1785136073.1533260
1785136073.1533260
1785136073.1535480
1785136073.1535480
1785136073.1535480
1785136073.1535480
1785136073.1535480
1785136073.1535480
1785136073.1535480
1785136073.1535480
1785136073.1535480
1785136073.1535480
1785136073.1535480
1785136073.1535480
1785136073.1535480
1785136073.1535480
1785136073.1535480
1785136073.1535480
1785136073.1535480
1785136073.1535480
1785136073.1535480
1785136073.1535480
1785136073.1535480
1785136073.1535480
1785136073.1535480
1785136073.1535480
1785136073.1535480
1785136073.1535480
1785136073.1535480
1785136073.1535480
1785136073.1535480
1785136073.1535480
1785136073.1535480
1785136073.1535480
1785136073.1535480
1785136073.1535480
1785136073.1535480
1785136073.1535480
1785136073.1535480
1785136073.1535480
1785136073.1535480
1785136073.1535480
1785136073.1535480
1785136073.1535480
1785136073.1535480
1785136073.1535480
1785136073.1535480
1785136073.1535480
1785136073.1535480
1785136073.1535480
1785136073.1535480
1785136073.1535480
1785136073.1535480
1785136073.1535480
1785136073.1535480
1785136073.1535480
1785136073.1535480
1785136073.1535480
1785136073.1535480
1785136073.1535480
1785136073.1535480
1785136073.1535480
1785136073.1535480
1785136073.1535480
1785136073.1535480
1785136073.1535480
1785136073.1537700
1785136073.1537700
1785136073.1537700
1785136073.1537700
1785136073.1537700
1785136073.1537700
1785136073.1537700
1785136073.1537700
1785136073.1537700
1785136073.1537700
1785136073.1537700
1785136073.1537700
1785136073.1537700
1785136073.1537700
1785136073.1537700
1785136073.1537700
1785136073.1537700
1785136073.1537700
1785136073.1537700
1785136073.1537700
1785136073.1537700
1785136073.1537700
1785136073.1537700
1785136073.1537700
1785136073.1537700
1785136073.1537700
1785136073.1537700
1785136073.1537700
1785136073.1537700
1785136073.1537700
1785136073.1537700
1785136073.1537700
1785136073.1537700
1785136073.1537700
1785136073.1537700
1785136073.1537700
1785136073.1537700
1785136073.1537700
1785136073.1537700
1785136073.1537700
1785136073.1537700
1785136073.1537700
1785136073.1537700
1785136073.1537700
1785136073.1537700
1785136073.1537700
1785136073.1537700
1785136073.1537700
1785136073.1537700
1785136073.1537700
1785136073.1537700
1785136073.1537700
1785136073.1537700
1785136073.1537700
1785136073.1537700
1785136073.1537700
1785136073.1537700
1785136073.1537700
1785136073.1537700
1785136073.1537700
1785136073.1539919
1785136073.1539919
1785136073.1539919
1785136073.1539919
1785136073.1539919
1785136073.1539919
1785136073.1539919
1785136073.1539919
1785136073.1539919
1785136073.1539919
1785136073.1539919
1785136073.1539919
1785136073.1539919
1785136073.1539919
1785136073.1539919
1785136073.1539919
1785136073.1539919
1785136073.1539919
1785136073.1539919
1785136073.1539919
1785136073.1539919
1785136073.1539919
1785136073.1539919
1785136073.1539919
1785136073.1539919
1785136073.1539919
1785136073.1539919
1785136073.1539919
1785136073.1539919
1785136073.1539919
1785136073.1539919
1785136073.1539919
1785136073.1539919
1785136073.1539919
1785136073.1539919
1785136073.1539919
1785136073.1539919
1785136073.1539919
1785136073.1539919
1785136073.1539919
1785136073.1539919
1785136073.1539919
1785136073.1539919
1785136073.1539919
1785136073.1539919
1785136073.1539919
1785136073.1539919
1785136073.1539919
1785136073.1539919
1785136073.1539919
1785136073.1539919
1785136073.1539919
1785136073.1539919
1785136073.1539919
1785136073.1539919
1785136073.1539919
1785136073.1539919
1785136073.1539919
1785136073.1539919
1785136073.1539919
1785136073.1539919
1785136073.1539919
1785136073.1542139
1785136073.1542139
1785136073.1542139
1785136073.1542139
1785136073.1542139
1785136073.1542139
1785136073.1542139
1785136073.1542139
1785136073.1542139
1785136073.1542139
1785136073.1542139
1785136073.1542139
1785136073.1542139
1785136073.1542139
1785136073.1542139
1785136073.1542139
1785136073.1542139
1785136073.1542139
1785136073.1542139
1785136073.1542139
1785136073.1542139
1785136073.1542139
1785136073.1542139
1785136073.1542139
1785136073.1542139
1785136073.1542139
1785136073.1542139
1785136073.1542139
1785136073.1542139
1785136073.1542139
1785136073.1542139
1785136073.1542139
1785136073.1542139
1785136073.1542139
1785136073.1542139
1785136073.1542139
1785136073.1542139
1785136073.1542139
1785136073.1542139
1785136073.1542139
1785136073.1542139
1785136073.1542139
1785136073.1542139
1785136073.1542139
1785136073.1542139
1785136073.1542139
1785136073.1542139
1785136073.1542139
1785136073.1542139
1785136073.1542139
1785136073.1542139
1785136073.1542139
1785136073.1542139
1785136073.1542139
1785136073.1542139
1785136073.1542139
1785136073.1542139
1785136073.1542139
1785136073.1542139
1785136073.1542139
1785136073.1542139
1785136073.1542139
1785136073.1542139
1785136073.1542139
1785136073.1542139
1785136073.1542139
1785136073.1542139
1785136073.1542139
1785136073.1542139
1785136073.1542139
1785136073.1542139
1785136073.1542139
1785136073.1542139
1785136073.1542139
1785136073.1542139
1785136073.1542139
1785136073.1542139
1785136073.1542139
1785136073.1544361
1785136073.1544361
1785136073.1544361
1785136073.1544361
1785136073.1544361
1785136073.1544361
1785136073.1544361
1785136073.1544361
1785136073.1544361
1785136073.1544361
1785136073.1544361
1785136073.1544361
1785136073.1544361
1785136073.1544361
1785136073.1544361
1785136073.1544361
1785136073.1544361
1785136073.1544361
1785136073.1544361
1785136073.1544361
1785136073.1544361
1785136073.1544361
1785136073.1544361
1785136073.1544361
1785136073.1544361
1785136073.1544361
1785136073.1544361
1785136073.1544361
1785136073.1544361
1785136073.1544361
1785136073.1544361
1785136073.1544361
1785136073.1544361
1785136073.1544361
1785136073.1544361
1785136073.1544361
1785136073.1544361
1785136073.1544361
1785136073.1544361
1785136073.1544361
1785136073.1544361
1785136073.1544361
1785136073.1544361
1785136073.1544361
1785136073.1544361
1785136073.1544361
1785136073.1544361
1785136073.1544361
1785136073.1544361
1785136073.1544361
1785136073.1544361
1785136073.1544361
1785136073.1544361
1785136073.1544361
1785136073.1544361
1785136073.1544361
1785136073.1544361
1785136073.1544361
1785136073.1544361
1785136073.1544361
1785136073.1544361
1785136073.1544361
1785136073.1544361
1785136073.1544361
1785136073.1544361
1785136073.1544361
1785136073.1544361
1785136073.1544361
1785136073.1544361
1785136073.1544361
1785136073.1544361
1785136073.1544361
1785136073.1544361
1785136073.1544361
1785136073.1544361
1785136073.1544361
1785136073.1544361
1785136073.1544361
1785136073.1544361
1785136073.1544361
1785136073.1546581
1785136073.1546581
1785136073.1546581
1785136073.1546581
1785136073.1546581
1785136073.1546581
1785136073.1546581
1785136073.1546581
1785136073.1546581
1785136073.1546581
1785136073.1546581
1785136073.1546581
1785136073.1546581
1785136073.1546581
1785136073.1546581
1785136073.1546581
1785136073.1546581
1785136073.1546581
1785136073.1546581
1785136073.1546581
1785136073.1546581
1785136073.1546581
1785136073.1546581
1785136073.1546581
1785136073.1546581
1785136073.1546581
1785136073.1546581
1785136073.1546581
1785136073.1546581
1785136073.1546581
1785136073.1546581
1785136073.1546581
1785136073.1546581
1785136073.1546581
1785136073.1546581
1785136073.1546581
1785136073.1546581
1785136073.1546581
1785136073.1546581
1785136073.1546581
1785136073.1546581
1785136073.1546581
1785136073.1546581
1785136073.1546581
1785136073.1546581
1785136073.1546581
1785136073.1546581
1785136073.1546581
1785136073.1546581
1785136073.1546581
1785136073.1546581
1785136073.1546581
1785136073.1546581
1785136073.1546581
1785136073.1546581
1785136073.1546581
1785136073.1546581
1785136073.1546581
1785136073.1546581
1785136073.1546581
1785136073.1546581
1785136073.1546581
1785136073.1546581
1785136073.1546581
1785136073.1546581
1785136073.1546581
1785136073.1546581
1785136073.1546581
1785136073.1546581
1785136073.1548810
1785136073.1548810
1785136073.1548810
1785136073.1548810
1785136073.1548810
1785136073.1548810
1785136073.1548810
1785136073.1548810
1785136073.1548810
1785136073.1548810
1785136073.1548810
1785136073.1548810
1785136073.1548810
1785136073.1548810
1785136073.1548810
1785136073.1548810
1785136073.1548810
1785136073.1548810
1785136073.1548810
1785136073.1548810
1785136073.1548810
1785136073.1548810
1785136073.1548810
1785136073.1548810
1785136073.1548810
1785136073.1548810
1785136073.1548810
1785136073.1548810
1785136073.1548810
1785136073.1548810
1785136073.1548810
1785136073.1548810
1785136073.1548810
1785136073.1548810
1785136073.1548810
1785136073.1548810
1785136073.1548810
1785136073.1548810
1785136073.1548810
1785136073.1548810
1785136073.1548810
1785136073.1548810
1785136073.1548810
1785136073.1548810
1785136073.1548810
1785136073.1548810
1785136073.1548810
1785136073.1548810
1785136073.1548810
1785136073.1548810
1785136073.1548810
1785136073.1548810
1785136073.1548810
1785136073.1548810
1785136073.1548810
1785136073.1548810
1785136073.1548810
1785136073.1548810
1785136073.1548810
1785136073.1548810
1785136073.1548810
1785136073.1548810
1785136073.1548810
1785136073.1548810
1785136073.1548810
1785136073.1548810
1785136073.1548810
1785136073.1548810
1785136073.1548810
1785136073.1548810
1785136073.1551030
1785136073.1551030
1785136073.1551030
1785136073.1551030
1785136073.1551030
1785136073.1551030
1785136073.1551030
1785136073.1551030
1785136073.1551030
1785136073.1551030
1785136073.1551030
1785136073.1551030
1785136073.1551030
1785136073.1551030
1785136073.1551030
1785136073.1551030
1785136073.1551030
1785136073.1551030
1785136073.1551030
1785136073.1551030
1785136073.1551030
1785136073.1551030
1785136073.1551030
1785136073.1551030
1785136073.1551030
1785136073.1551030
1785136073.1551030
1785136073.1551030
1785136073.1551030
1785136073.1551030
1785136073.1551030
1785136073.1551030
1785136073.1551030
1785136073.1551030
1785136073.1551030
1785136073.1551030
1785136073.1551030
1785136073.1551030
1785136073.1551030
1785136073.1551030
1785136073.1551030
1785136073.1551030
1785136073.1551030
1785136073.1551030
1785136073.1551030
1785136073.1551030
1785136073.1551030
1785136073.1551030
1785136073.1551030
1785136073.1551030
1785136073.1551030
1785136073.1551030
1785136073.1551030
1785136073.1551030
1785136073.1551030
1785136073.1551030
1785136073.1551030
1785136073.1551030
1785136073.1551030
1785136073.1551030
1785136073.1551030
1785136073.1551030
1785136073.1551030
1785136073.1551030
1785136073.1551030
1785136073.1551030
1785136073.1551030
1785136073.1553249
1785136073.1553249
1785136073.1553249
1785136073.1553249
1785136073.1553249
1785136073.1553249
1785136073.1553249
1785136073.1553249
1785136073.1553249
1785136073.1553249
1785136073.1553249
1785136073.1553249
1785136073.1553249
1785136073.1553249
1785136073.1553249
1785136073.1553249
1785136073.1553249
1785136073.1553249
1785136073.1553249
1785136073.1553249
1785136073.1553249
1785136073.1553249
1785136073.1553249
1785136073.1553249
1785136073.1553249
1785136073.1553249
1785136073.1553249
1785136073.1553249
1785136073.1553249
1785136073.1553249
1785136073.1553249
1785136073.1553249
1785136073.1553249
1785136073.1553249
1785136073.1553249
1785136073.1553249
1785136073.1553249
1785136073.1553249
1785136073.1553249
1785136073.1553249
1785136073.1553249
1785136073.1553249
1785136073.1553249
1785136073.1553249
1785136073.1553249
1785136073.1553249
1785136073.1553249
1785136073.1553249
1785136073.1553249
1785136073.1553249
1785136073.1553249
1785136073.1553249
1785136073.1553249
1785136073.1553249
1785136073.1553249
1785136073.1553249
1785136073.1553249
1785136073.1553249
1785136073.1553249
1785136073.1553249
1785136073.1553249
1785136073.1553249
1785136073.1553249
1785136073.1553249
1785136073.1553249
1785136073.1553249
1785136073.1553249
1785136073.1553249
1785136073.1553249
1785136073.1553249
1785136073.1555481
1785136073.1555481
1785136073.1555481
1785136073.1555481
1785136073.1555481
1785136073.1555481
1785136073.1555481
1785136073.1555481
1785136073.1555481
1785136073.1555481
1785136073.1555481
1785136073.1555481
1785136073.1555481
1785136073.1555481
1785136073.1555481
1785136073.1555481
1785136073.1555481
1785136073.1555481
1785136073.1555481
1785136073.1555481
1785136073.1555481
1785136073.1555481
1785136073.1555481
1785136073.1555481
1785136073.1555481
1785136073.1555481
1785136073.1555481
1785136073.1555481
1785136073.1555481
1785136073.1555481
1785136073.1555481
1785136073.1555481
1785136073.1555481
1785136073.1555481
1785136073.1555481
1785136073.1555481
1785136073.1555481
1785136073.1555481
1785136073.1555481
1785136073.1555481
1785136073.1555481
1785136073.1555481
1785136073.1555481
1785136073.1555481
1785136073.1555481
1785136073.1555481
1785136073.1555481
1785136073.1555481
1785136073.1555481
1785136073.1555481
1785136073.1555481
1785136073.1555481
1785136073.1555481
1785136073.1555481
1785136073.1555481
1785136073.1555481
1785136073.1555481
1785136073.1555481
1785136073.1555481
1785136073.1555481
1785136073.1555481
1785136073.1555481
1785136073.1555481
1785136073.1555481
1785136073.1555481
1785136073.1555481
1785136073.1555481
1785136073.1555481
1785136073.1555481
1785136073.1555481
1785136073.1555481
1785136073.1555481
1785136073.1555481
1785136073.1555481
1785136073.1555481
1785136073.1557701
1785136073.1557701
1785136073.1557701
1785136073.1557701
1785136073.1557701
1785136073.1557701
1785136073.1557701
1785136073.1557701
1785136073.1557701
1785136073.1557701
1785136073.1557701
1785136073.1557701
1785136073.1557701
1785136073.1557701
1785136073.1557701
1785136073.1557701
1785136073.1557701
1785136073.1557701
1785136073.1557701
1785136073.1557701
1785136073.1557701
1785136073.1557701
1785136073.1557701
1785136073.1557701
1785136073.1557701
1785136073.1557701
1785136073.1557701
1785136073.1557701
1785136073.1557701
1785136073.1557701
1785136073.1557701
1785136073.1557701
1785136073.1557701
1785136073.1557701
1785136073.1557701
1785136073.1557701
1785136073.1557701
1785136073.1557701
1785136073.1557701
1785136073.1557701
1785136073.1557701
1785136073.1557701
1785136073.1557701
1785136073.1557701
1785136073.1557701
1785136073.1557701
1785136073.1557701
1785136073.1557701
1785136073.1557701
1785136073.1557701
1785136073.1557701
1785136073.1557701
1785136073.1557701
1785136073.1557701
1785136073.1557701
1785136073.1557701
1785136073.1557701
1785136073.1557701
1785136073.1557701
1785136073.1557701
1785136073.1557701
1785136073.1557701
1785136073.1557701
1785136073.1557701
1785136073.1557701
1785136073.1557701
1785136073.1557701
1785136073.1557701
1785136073.1557701
1785136073.1559920
1785136073.1559920
1785136073.1559920
1785136073.1559920
1785136073.1559920
1785136073.1559920
1785136073.1559920
1785136073.1559920
1785136073.1559920
1785136073.1559920
1785136073.1559920
1785136073.1559920
1785136073.1559920
1785136073.1559920
1785136073.1559920
1785136073.1559920
1785136073.1559920
1785136073.1559920
1785136073.1559920
1785136073.1559920
1785136073.1559920
1785136073.1559920
1785136073.1559920
1785136073.1559920
1785136073.1559920
1785136073.1559920
1785136073.1559920
1785136073.1559920
1785136073.1559920
1785136073.1559920
1785136073.1559920
1785136073.1559920
1785136073.1559920
1785136073.1559920
1785136073.1559920
1785136073.1559920
1785136073.1559920
1785136073.1559920
1785136073.1559920
1785136073.1559920
1785136073.1559920
1785136073.1559920
1785136073.1559920
1785136073.1559920
1785136073.1559920
1785136073.1559920
1785136073.1559920
1785136073.1559920
1785136073.1559920
1785136073.1559920
1785136073.1559920
1785136073.1559920
1785136073.1559920
1785136073.1559920
1785136073.1559920
1785136073.1559920
1785136073.1559920
1785136073.1559920
1785136073.1559920
1785136073.1559920
1785136073.1559920
1785136073.1559920
1785136073.1559920
1785136073.1559920
1785136073.1559920
1785136073.1559920
1785136073.1559920
1785136073.1559920
1785136073.1559920
1785136073.1559920
1785136073.1559920
1785136073.1559920
1785136073.1562140
1785136073.1562140
1785136073.1562140
1785136073.1562140
1785136073.1562140
1785136073.1562140
1785136073.1562140
1785136073.1562140
1785136073.1562140
1785136073.1562140
1785136073.1562140
1785136073.1562140
1785136073.1562140
1785136073.1562140
1785136073.1562140
1785136073.1562140
1785136073.1562140
1785136073.1562140
1785136073.1562140
1785136073.1562140
1785136073.1562140
1785136073.1562140
1785136073.1562140
1785136073.1562140
1785136073.1562140
1785136073.1562140
1785136073.1562140
1785136073.1562140
1785136073.1562140
1785136073.1562140
1785136073.1562140
1785136073.1562140
1785136073.1562140
1785136073.1562140
1785136073.1562140
1785136073.1562140
1785136073.1562140
1785136073.1562140
1785136073.1562140
1785136073.1562140
1785136073.1562140
1785136073.1562140
1785136073.1562140
1785136073.1562140
1785136073.1562140
1785136073.1562140
1785136073.1562140
1785136073.1562140
1785136073.1562140
1785136073.1562140
1785136073.1562140
1785136073.1562140
1785136073.1562140
1785136073.1562140
1785136073.1562140
1785136073.1562140
1785136073.1562140
1785136073.1562140
1785136073.1562140
1785136073.1562140
1785136073.1562140
1785136073.1562140
1785136073.1562140
1785136073.1562140
1785136073.1562140
1785136073.1562140
1785136073.1562140
1785136073.1562140
1785136073.1562140
1785136073.1562140
1785136073.1562140
1785136073.1562140
1785136073.1562140
1785136073.1562140
1785136073.1564360
1785136073.1564360
1785136073.1564360
1785136073.1564360
1785136073.1564360
1785136073.1564360
1785136073.1564360
1785136073.1564360
1785136073.1564360
1785136073.1564360
1785136073.1564360
1785136073.1564360
1785136073.1564360
1785136073.1564360
1785136073.1564360
1785136073.1564360
1785136073.1564360
1785136073.1564360
1785136073.1564360
1785136073.1564360
1785136073.1564360
1785136073.1564360
1785136073.1564360
1785136073.1564360
1785136073.1564360
1785136073.1564360
1785136073.1564360
1785136073.1564360
1785136073.1564360
1785136073.1564360
1785136073.1564360
1785136073.1564360
1785136073.1564360
1785136073.1564360
1785136073.1564360
1785136073.1564360
1785136073.1564360
1785136073.1564360
1785136073.1564360
1785136073.1564360
1785136073.1564360
1785136073.1564360
1785136073.1564360
1785136073.1564360
1785136073.1564360
1785136073.1564360
1785136073.1564360
1785136073.1564360
1785136073.1564360
1785136073.1564360
1785136073.1564360
1785136073.1564360
1785136073.1564360
1785136073.1564360
1785136073.1564360
1785136073.1564360
1785136073.1564360
1785136073.1564360
1785136073.1564360
1785136073.1564360
1785136073.1564360
1785136073.1564360
1785136073.1564360
1785136073.1564360
1785136073.1564360
1785136073.1564360
1785136073.1564360
1785136073.1564360
1785136073.1564360
1785136073.1564360
1785136073.1564360
1785136073.1564360
1785136073.1564360
1785136073.1564360
1785136073.1564360
1785136073.1564360
1785136073.1564360
1785136073.1564360
1785136073.1564360
1785136073.1564360
1785136073.1564360
1785136073.1564360
1785136073.1564360
1785136073.1564360
1785136073.1564360
1785136073.1564360
1785136073.1564360
1785136073.1564360
1785136073.1564360
1785136073.1564360
1785136073.1564360
1785136073.1564360
1785136073.1564360
1785136073.1564360
1785136073.1564360
1785136073.1564360
1785136073.1566579
1785136073.1566579
1785136073.1566579
1785136073.1566579
1785136073.1566579
1785136073.1566579
1785136073.1566579
1785136073.1566579
1785136073.1566579
1785136073.1566579
1785136073.1566579
1785136073.1566579
1785136073.1566579
1785136073.1566579
1785136073.1566579
1785136073.1566579
1785136073.1566579
1785136073.1566579
1785136073.1566579
1785136073.1566579
1785136073.1566579
1785136073.1566579
1785136073.1566579
1785136073.1566579
1785136073.1566579
1785136073.1566579
1785136073.1566579
1785136073.1566579
1785136073.1566579
1785136073.1566579
1785136073.1566579
1785136073.1566579
1785136073.1566579
1785136073.1566579
1785136073.1566579
1785136073.1566579
1785136073.1566579
1785136073.1566579
1785136073.1566579
1785136073.1566579
1785136073.1566579
1785136073.1566579
1785136073.1566579
1785136073.1566579
1785136073.1566579
1785136073.1566579
1785136073.1566579
1785136073.1566579
1785136073.1566579
1785136073.1566579
1785136073.1566579
1785136073.1566579
1785136073.1566579
1785136073.1566579
1785136073.1566579
1785136073.1566579
1785136073.1566579
1785136073.1566579
1785136073.1566579
1785136073.1566579
1785136073.1566579
1785136073.1566579
1785136073.1566579
1785136073.1566579
1785136073.1566579
1785136073.1566579
1785136073.1566579
1785136073.1566579
1785136073.1566579
1785136073.1566579
1785136073.1566579
1785136073.1566579
1785136073.1566579
1785136073.1566579
1785136073.1566579
1785136073.1566579
1785136073.1566579
1785136073.1566579
1785136073.1566579
1785136073.1566579
1785136073.1566579
1785136073.1566579
1785136073.1566579
1785136073.1566579
1785136073.1566579
1785136073.1568799
1785136073.1568799
1785136073.1568799
1785136073.1568799
1785136073.1568799
1785136073.1568799
1785136073.1568799
1785136073.1568799
1785136073.1568799
1785136073.1568799
1785136073.1568799
1785136073.1568799
1785136073.1568799
1785136073.1568799
1785136073.1568799
1785136073.1568799
1785136073.1568799
1785136073.1568799
1785136073.1568799
1785136073.1568799
1785136073.1568799
1785136073.1568799
1785136073.1568799
1785136073.1568799
1785136073.1568799
1785136073.1568799
1785136073.1568799
1785136073.1568799
1785136073.1568799
1785136073.1568799
1785136073.1568799
1785136073.1568799
1785136073.1568799
1785136073.1568799
1785136073.1568799
1785136073.1568799
1785136073.1568799
1785136073.1568799
1785136073.1568799
1785136073.1568799
1785136073.1568799
1785136073.1568799
1785136073.1568799
1785136073.1568799
1785136073.1568799
1785136073.1568799
1785136073.1568799
1785136073.1568799
1785136073.1568799
1785136073.1568799
1785136073.1568799
1785136073.1568799
1785136073.1568799
1785136073.1568799
1785136073.1568799
1785136073.1568799
1785136073.1568799
1785136073.1568799
1785136073.1568799
1785136073.1568799
1785136073.1568799
1785136073.1568799
1785136073.1568799
1785136073.1568799
1785136073.1568799
1785136073.1568799
1785136073.1568799
1785136073.1568799
1785136073.1568799
1785136073.1568799
1785136073.1568799
1785136073.1568799
1785136073.1568799
1785136073.1568799
1785136073.1568799
1785136073.1568799
1785136073.1568799
1785136073.1568799
1785136073.1568799
1785136073.1568799
1785136073.1571021
1785136073.1571021
1785136073.1571021
1785136073.1571021
1785136073.1571021
1785136073.1571021
1785136073.1571021
1785136073.1571021
1785136073.1571021
1785136073.1571021
1785136073.1571021
1785136073.1571021
1785136073.1571021
1785136073.1571021
1785136073.1571021
1785136073.1571021
1785136073.1571021
1785136073.1571021
1785136073.1571021
1785136073.1571021
1785136073.1571021
1785136073.1571021
1785136073.1571021
1785136073.1571021
1785136073.1571021
1785136073.1571021
1785136073.1571021
1785136073.1571021
1785136073.1571021
1785136073.1571021
1785136073.1571021
1785136073.1571021
1785136073.1571021
1785136073.1571021
1785136073.1571021
1785136073.1571021
1785136073.1571021
1785136073.1571021
1785136073.1571021
1785136073.1571021
1785136073.1571021
1785136073.1571021
1785136073.1571021
1785136073.1571021
1785136073.1571021
1785136073.1571021
1785136073.1571021
1785136073.1571021
1785136073.1571021
1785136073.1571021
1785136073.1571021
1785136073.1571021
1785136073.1571021
1785136073.1571021
1785136073.1571021
1785136073.1571021
1785136073.1571021
1785136073.1571021
1785136073.1571021
1785136073.1571021
1785136073.1571021
1785136073.1571021
1785136073.1571021
1785136073.1571021
1785136073.1571021
1785136073.1571021
1785136073.1571021
1785136073.1571021
1785136073.1571021
1785136073.1571021
1785136073.1571021
1785136073.1571021
1785136073.1571021
1785136073.1571021
1785136073.1571021
1785136073.1571021
1785136073.1571021
1785136073.1571021
1785136073.1571021
1785136073.1571021
1785136073.1571021
1785136073.1571021
1785136073.1571021
1785136073.1573241
1785136073.1573241
1785136073.1573241
1785136073.1573241
1785136073.1573241
1785136073.1573241
1785136073.1573241
1785136073.1573241
1785136073.1573241
1785136073.1573241
1785136073.1573241
1785136073.1573241
1785136073.1573241
1785136073.1573241
1785136073.1573241
1785136073.1573241
1785136073.1573241
1785136073.1573241
1785136073.1573241
1785136073.1573241
1785136073.1573241
1785136073.1573241
1785136073.1573241
1785136073.1573241
1785136073.1573241
1785136073.1573241
1785136073.1573241
1785136073.1573241
1785136073.1573241
1785136073.1573241
1785136073.1573241
1785136073.1573241
1785136073.1573241
1785136073.1573241
1785136073.1573241
1785136073.1573241
1785136073.1573241
1785136073.1573241
1785136073.1573241
1785136073.1573241
1785136073.1573241
1785136073.1573241
1785136073.1573241
1785136073.1573241
1785136073.1573241
1785136073.1573241
1785136073.1573241
1785136073.1573241
1785136073.1573241
1785136073.1573241
1785136073.1573241
1785136073.1573241
1785136073.1573241
1785136073.1573241
1785136073.1573241
1785136073.1573241
1785136073.1573241
1785136073.1573241
1785136073.1573241
1785136073.1573241
1785136073.1573241
1785136073.1573241
1785136073.1573241
1785136073.1573241
1785136073.1573241
1785136073.1573241
1785136073.1573241
1785136073.1573241
1785136073.1573241
1785136073.1573241
1785136073.1573241
1785136073.1573241
1785136073.1573241
1785136073.1573241
1785136073.1573241
1785136073.1573241
1785136073.1573241
1785136073.1573241
1785136073.1573241
1785136073.1573241
1785136073.1573241
1785136073.1573241
1785136073.1573241
1785136073.1573241
1785136073.1573241
1785136073.1573241
1785136073.1573241
1785136073.1573241
1785136073.1573241
1785136073.1573241
1785136073.1573241
1785136073.1573241
1785136073.1573241
1785136073.1573241
1785136073.1573241
1785136073.1573241
1785136073.1573241
1785136073.1573241
1785136073.1573241
1785136073.1573241
1785136073.1573241
1785136073.1573241
1785136073.1573241
1785136073.1575460
1785136073.1575460
1785136073.1575460
1785136073.1575460
1785136073.1575460
1785136073.1575460
1785136073.1575460
1785136073.1575460
1785136073.1575460
1785136073.1575460
1785136073.1575460
1785136073.1575460
1785136073.1575460
1785136073.1575460
1785136073.1575460
1785136073.1575460
1785136073.1575460
1785136073.1575460
1785136073.1575460
1785136073.1575460
1785136073.1575460
1785136073.1575460
1785136073.1575460
1785136073.1575460
1785136073.1575460
1785136073.1575460
1785136073.1575460
1785136073.1575460
1785136073.1575460
1785136073.1575460
1785136073.1575460
1785136073.1575460
1785136073.1575460
1785136073.1575460
1785136073.1575460
1785136073.1575460
1785136073.1575460
1785136073.1575460
1785136073.1575460
1785136073.1575460
1785136073.1575460
1785136073.1575460
1785136073.1575460
1785136073.1575460
1785136073.1575460
1785136073.1575460
1785136073.1575460
1785136073.1575460
1785136073.1575460
1785136073.1575460
1785136073.1575460
1785136073.1575460
1785136073.1575460
1785136073.1575460
1785136073.1575460
1785136073.1575460
1785136073.1575460
1785136073.1575460
1785136073.1575460
1785136073.1575460
1785136073.1575460
1785136073.1575460
1785136073.1575460
1785136073.1575460
1785136073.1575460
1785136073.1575460
1785136073.1575460
1785136073.1575460
1785136073.1575460
1785136073.1575460
1785136073.1575460
1785136073.1575460
1785136073.1575460
1785136073.1575460
1785136073.1575460
1785136073.1575460
1785136073.1575460
1785136073.1575460
1785136073.1575460
1785136073.1575460
1785136073.1577690
1785136073.1577690
1785136073.1577690
1785136073.1577690
1785136073.1577690
1785136073.1577690
1785136073.1577690
1785136073.1577690
1785136073.1577690
1785136073.1577690
1785136073.1577690
1785136073.1577690
1785136073.1577690
1785136073.1577690
1785136073.1577690
1785136073.1577690
1785136073.1577690
1785136073.1577690
1785136073.1577690
1785136073.1577690
1785136073.1577690
1785136073.1577690
1785136073.1577690
1785136073.1577690
1785136073.1577690
1785136073.1577690
1785136073.1577690
1785136073.1577690
1785136073.1577690
1785136073.1577690
1785136073.1577690
1785136073.1577690
1785136073.1577690
1785136073.1577690
1785136073.1577690
1785136073.1577690
1785136073.1577690
1785136073.1577690
1785136073.1577690
1785136073.1577690
1785136073.1577690
1785136073.1577690
1785136073.1577690
1785136073.1577690
1785136073.1577690
1785136073.1577690
1785136073.1577690
1785136073.1577690
1785136073.1577690
1785136073.1577690
1785136073.1577690
1785136073.1577690
1785136073.1577690
1785136073.1577690
1785136073.1577690
1785136073.1577690
1785136073.1577690
1785136073.1577690
1785136073.1577690
1785136073.1577690
1785136073.1577690
1785136073.1577690
1785136073.1577690
1785136073.1577690
1785136073.1577690
1785136073.1577690
1785136073.1577690
1785136073.1577690
1785136073.1577690
1785136073.1577690
1785136073.1577690
1785136073.1577690
1785136073.1577690
1785136073.1577690
1785136073.1579919
1785136073.1579919
1785136073.1579919
1785136073.1579919
1785136073.1579919
1785136073.1579919
1785136073.1579919
1785136073.1579919
1785136073.1579919
1785136073.1579919
1785136073.1579919
1785136073.1579919
1785136073.1579919
1785136073.1579919
1785136073.1579919
1785136073.1579919
1785136073.1579919
1785136073.1579919
1785136073.1579919
1785136073.1579919
1785136073.1579919
1785136073.1579919
1785136073.1579919
1785136073.1579919
1785136073.1579919
1785136073.1579919
1785136073.1579919
1785136073.1579919
1785136073.1579919
1785136073.1579919
1785136073.1579919
1785136073.1579919
1785136073.1579919
1785136073.1579919
1785136073.1579919
1785136073.1579919
1785136073.1579919
1785136073.1579919
1785136073.1579919
1785136073.1579919
1785136073.1579919
1785136073.1579919
1785136073.1579919
1785136073.1579919
1785136073.1579919
1785136073.1579919
1785136073.1579919
1785136073.1579919
1785136073.1579919
1785136073.1579919
1785136073.1579919
1785136073.1579919
1785136073.1579919
1785136073.1579919
1785136073.1579919
1785136073.1579919
1785136073.1579919
1785136073.1579919
1785136073.1579919
1785136073.1579919
1785136073.1579919
1785136073.1579919
1785136073.1579919
1785136073.1579919
1785136073.1579919
1785136073.1579919
1785136073.1579919
1785136073.1579919
1785136073.1579919
1785136073.1579919
1785136073.1579919
1785136073.1579919
1785136073.1579919
1785136073.1579919
1785136073.1582141
1785136073.1582141
1785136073.1582141
1785136073.1582141
1785136073.1582141
1785136073.1582141
1785136073.1582141
1785136073.1582141
1785136073.1582141
1785136073.1582141
1785136073.1582141
1785136073.1582141
1785136073.1582141
1785136073.1582141
1785136073.1582141
1785136073.1582141
1785136073.1582141
1785136073.1582141
1785136073.1582141
1785136073.1582141
1785136073.1582141
1785136073.1582141
1785136073.1582141
1785136073.1582141
1785136073.1582141
1785136073.1582141
1785136073.1582141
1785136073.1582141
1785136073.1582141
1785136073.1582141
1785136073.1582141
1785136073.1582141
1785136073.1582141
1785136073.1582141
1785136073.1582141
1785136073.1582141
1785136073.1582141
1785136073.1582141
1785136073.1582141
1785136073.1582141
1785136073.1582141
1785136073.1582141
1785136073.1582141
1785136073.1582141
1785136073.1582141
1785136073.1582141
1785136073.1582141
1785136073.1582141
1785136073.1582141
1785136073.1582141
1785136073.1582141
1785136073.1582141
1785136073.1582141
1785136073.1582141
1785136073.1582141
1785136073.1582141
1785136073.1582141
1785136073.1582141
1785136073.1582141
1785136073.1582141
1785136073.1582141
1785136073.1582141
1785136073.1582141
1785136073.1582141
1785136073.1582141
1785136073.1582141
1785136073.1582141
1785136073.1582141
1785136073.1582141
1785136073.1582141
1785136073.1582141
1785136073.1582141
1785136073.1582141
1785136073.1582141
1785136073.1582141
1785136073.1582141
1785136073.1582141
1785136073.1582141
1785136073.1582141
1785136073.1582141
1785136073.1584351
1785136073.1584351
1785136073.1584351
1785136073.1584351
1785136073.1584351
1785136073.1584351
1785136073.1584351
1785136073.1584351
1785136073.1584351
1785136073.1584351
1785136073.1584351
1785136073.1584351
1785136073.1584351
1785136073.1584351
1785136073.1584351
1785136073.1584351
1785136073.1584351
1785136073.1584351
1785136073.1584351
1785136073.1584351
1785136073.1584351
1785136073.1584351
1785136073.1584351
1785136073.1584351
1785136073.1584351
1785136073.1584351
1785136073.1584351
1785136073.1584351
1785136073.1584351
1785136073.1584351
1785136073.1584351
1785136073.1584351
1785136073.1584351
1785136073.1584351
1785136073.1584351
1785136073.1584351
1785136073.1584351
1785136073.1584351
1785136073.1584351
1785136073.1584351
1785136073.1584351
1785136073.1584351
1785136073.1584351
1785136073.1584351
1785136073.1584351
1785136073.1584351
1785136073.1584351
1785136073.1584351
1785136073.1584351
1785136073.1584351
1785136073.1584351
1785136073.1584351
1785136073.1584351
1785136073.1584351
1785136073.1584351
1785136073.1584351
1785136073.1584351
1785136073.1584351
1785136073.1584351
1785136073.1584351
1785136073.1584351
1785136073.1584351
1785136073.1584351
1785136073.1586580
1785136073.1586580
1785136073.1586580
1785136073.1586580
1785136073.1586580
1785136073.1586580
1785136073.1586580
1785136073.1586580
1785136073.1586580
1785136073.1586580
1785136073.1586580
1785136073.1586580
1785136073.1586580
1785136073.1586580
1785136073.1586580
1785136073.1586580
1785136073.1586580
1785136073.1586580
1785136073.1586580
1785136073.1586580
1785136073.1586580
1785136073.1586580
1785136073.1586580
1785136073.1586580
1785136073.1586580
1785136073.1586580
1785136073.1586580
1785136073.1586580
1785136073.1586580
1785136073.1586580
1785136073.1586580
1785136073.1586580
1785136073.1586580
1785136073.1586580
1785136073.1586580
1785136073.1586580
1785136073.1586580
1785136073.1586580
1785136073.1586580
1785136073.1586580
1785136073.1586580
1785136073.1586580
1785136073.1586580
1785136073.1586580
1785136073.1586580
1785136073.1586580
1785136073.1586580
1785136073.1586580
1785136073.1586580
1785136073.1586580
1785136073.1586580
1785136073.1586580
1785136073.1586580
1785136073.1586580
1785136073.1586580
1785136073.1586580
1785136073.1586580
1785136073.1586580
1785136073.1586580
1785136073.1586580
1785136073.1586580
1785136073.1586580
1785136073.1586580
1785136073.1588800
1785136073.1588800
1785136073.1588800
1785136073.1588800
1785136073.1588800
1785136073.1588800
1785136073.1588800
1785136073.1588800
1785136073.1588800
1785136073.1588800
1785136073.1588800
1785136073.1588800
1785136073.1588800
1785136073.1588800
1785136073.1588800
1785136073.1588800
1785136073.1588800
1785136073.1588800
1785136073.1588800
1785136073.1588800
1785136073.1588800
1785136073.1588800
1785136073.1588800
1785136073.1588800
1785136073.1588800
1785136073.1588800
1785136073.1588800
1785136073.1588800
1785136073.1588800
1785136073.1588800
1785136073.1588800
1785136073.1588800
1785136073.1588800
1785136073.1588800
1785136073.1588800
1785136073.1588800
1785136073.1588800
1785136073.1588800
1785136073.1588800
1785136073.1588800
1785136073.1588800
1785136073.1588800
1785136073.1588800
1785136073.1588800
1785136073.1588800
1785136073.1588800
1785136073.1588800
1785136073.1588800
1785136073.1588800
1785136073.1588800
1785136073.1588800
1785136073.1588800
1785136073.1588800
1785136073.1588800
1785136073.1588800
1785136073.1588800
1785136073.1588800
1785136073.1588800
1785136073.1588800
1785136073.1588800
1785136073.1588800
1785136073.1591020
1785136073.1591020
1785136073.1591020
1785136073.1591020
1785136073.1591020
1785136073.1591020
1785136073.1591020
1785136073.1591020
1785136073.1591020
1785136073.1591020
1785136073.1591020
1785136073.1591020
1785136073.1591020
1785136073.1591020
1785136073.1591020
1785136073.1591020
1785136073.1591020
1785136073.1591020
1785136073.1591020
1785136073.1591020
1785136073.1591020
1785136073.1591020
1785136073.1591020
1785136073.1591020
1785136073.1591020
1785136073.1591020
1785136073.1591020
1785136073.1591020
1785136073.1591020
1785136073.1591020
1785136073.1591020
1785136073.1591020
1785136073.1591020
1785136073.1591020
1785136073.1591020
1785136073.1591020
1785136073.1591020
1785136073.1591020
1785136073.1591020
1785136073.1591020
1785136073.1591020
1785136073.1591020
1785136073.1591020
1785136073.1591020
1785136073.1591020
1785136073.1591020
1785136073.1591020
1785136073.1591020
1785136073.1591020
1785136073.1591020
1785136073.1591020
1785136073.1591020
1785136073.1591020
1785136073.1591020
1785136073.1591020
1785136073.1591020
1785136073.1591020
1785136073.1591020
1785136073.1593230
1785136073.1593230
1785136073.1593230
1785136073.1593230
1785136073.1593230
1785136073.1593230
1785136073.1593230
1785136073.1593230
1785136073.1593230
1785136073.1593230
1785136073.1593230
1785136073.1593230
1785136073.1593230
1785136073.1593230
1785136073.1593230
1785136073.1593230
1785136073.1593230
1785136073.1593230
1785136073.1593230
1785136073.1593230
1785136073.1593230
1785136073.1593230
1785136073.1593230
1785136073.1593230
1785136073.1593230
1785136073.1593230
1785136073.1593230
1785136073.1593230
1785136073.1593230
1785136073.1593230
1785136073.1593230
1785136073.1593230
1785136073.1593230
1785136073.1593230
1785136073.1593230
1785136073.1593230
1785136073.1593230
1785136073.1593230
1785136073.1593230
1785136073.1593230
1785136073.1593230
1785136073.1593230
1785136073.1593230
1785136073.1593230
1785136073.1593230
1785136073.1593230
1785136073.1593230
1785136073.1593230
1785136073.1593230
1785136073.1593230
1785136073.1593230
1785136073.1593230
1785136073.1593230
1785136073.1593230
1785136073.1593230
1785136073.1595459
1785136073.1595459
1785136073.1595459
1785136073.1595459
1785136073.1595459
1785136073.1595459
1785136073.1595459
1785136073.1595459
1785136073.1595459
1785136073.1595459
1785136073.1595459
1785136073.1595459
1785136073.1595459
1785136073.1595459
1785136073.1595459
1785136073.1595459
1785136073.1595459
1785136073.1595459
1785136073.1595459
1785136073.1595459
1785136073.1595459
1785136073.1595459
1785136073.1595459
1785136073.1595459
1785136073.1595459
1785136073.1595459
1785136073.1595459
1785136073.1595459
1785136073.1595459
1785136073.1595459
1785136073.1595459
1785136073.1595459
1785136073.1595459
1785136073.1595459
1785136073.1595459
1785136073.1595459
1785136073.1595459
1785136073.1595459
1785136073.1595459
1785136073.1595459
1785136073.1595459
1785136073.1595459
1785136073.1595459
1785136073.1595459
1785136073.1595459
1785136073.1595459
1785136073.1595459
1785136073.1595459
1785136073.1595459
1785136073.1595459
1785136073.1595459
1785136073.1595459
1785136073.1595459
1785136073.1595459
1785136073.1597691
1785136073.1597691
1785136073.1597691
1785136073.1597691
1785136073.1597691
1785136073.1597691
1785136073.1597691
1785136073.1597691
1785136073.1597691
1785136073.1597691
1785136073.1597691
1785136073.1597691
1785136073.1597691
1785136073.1597691
1785136073.1597691
1785136073.1597691
1785136073.1597691
1785136073.1597691
1785136073.1597691
1785136073.1597691
1785136073.1597691
1785136073.1597691
1785136073.1597691
1785136073.1597691
1785136073.1597691
1785136073.1597691
1785136073.1597691
1785136073.1597691
1785136073.1597691
1785136073.1597691
1785136073.1597691
1785136073.1597691
1785136073.1597691
1785136073.1597691
1785136073.1597691
1785136073.1597691
1785136073.1597691
1785136073.1597691
1785136073.1597691
1785136073.1597691
1785136073.1597691
1785136073.1597691
1785136073.1597691
1785136073.1597691
1785136073.1597691
1785136073.1597691
1785136073.1597691
1785136073.1597691
1785136073.1597691
1785136073.1597691
1785136073.1597691
1785136073.1597691
1785136073.1597691
1785136073.1597691
1785136073.1599910
1785136073.1599910
1785136073.1599910
1785136073.1599910
1785136073.1599910
1785136073.1599910
1785136073.1599910
1785136073.1599910
1785136073.1599910
1785136073.1599910
1785136073.1599910
1785136073.1599910
1785136073.1599910
1785136073.1599910
1785136073.1599910
1785136073.1599910
1785136073.1599910
1785136073.1599910
1785136073.1599910
1785136073.1599910
1785136073.1599910
1785136073.1599910
1785136073.1599910
1785136073.1599910
1785136073.1599910
1785136073.1599910
1785136073.1599910
1785136073.1599910
1785136073.1599910
1785136073.1599910
1785136073.1599910
1785136073.1599910
1785136073.1599910
1785136073.1599910
1785136073.1599910
1785136073.1599910
1785136073.1599910
1785136073.1599910
1785136073.1599910
1785136073.1599910
1785136073.1599910
1785136073.1599910
1785136073.1599910
1785136073.1599910
1785136073.1599910
1785136073.1599910
1785136073.1599910
1785136073.1599910
1785136073.1599910
1785136073.1599910
1785136073.1599910
1785136073.1599910
1785136073.1599910
1785136073.1599910
1785136073.1599910
1785136073.1599910
1785136073.1602130
1785136073.1602130
1785136073.1602130
1785136073.1602130
1785136073.1602130
1785136073.1602130
1785136073.1602130
1785136073.1602130
1785136073.1602130
1785136073.1602130
1785136073.1602130
1785136073.1602130
1785136073.1602130
1785136073.1602130
1785136073.1602130
1785136073.1602130
1785136073.1602130
1785136073.1602130
1785136073.1602130
1785136073.1602130
1785136073.1602130
1785136073.1602130
1785136073.1602130
1785136073.1602130
1785136073.1602130
1785136073.1602130
1785136073.1602130
1785136073.1602130
1785136073.1602130
1785136073.1602130
1785136073.1602130
1785136073.1602130
1785136073.1602130
1785136073.1602130
1785136073.1602130
1785136073.1602130
1785136073.1602130
1785136073.1602130
1785136073.1602130
1785136073.1602130
1785136073.1602130
1785136073.1602130
1785136073.1602130
1785136073.1602130
1785136073.1602130
1785136073.1602130
1785136073.1602130
1785136073.1602130
1785136073.1602130
1785136073.1602130
1785136073.1602130
1785136073.1602130
1785136073.1602130
1785136073.1604350
1785136073.1604350
1785136073.1604350
1785136073.1604350
1785136073.1604350
1785136073.1604350
1785136073.1604350
1785136073.1604350
1785136073.1604350
1785136073.1604350
1785136073.1604350
1785136073.1604350
1785136073.1604350
1785136073.1604350
1785136073.1604350
1785136073.1604350
1785136073.1604350
1785136073.1604350
1785136073.1604350
1785136073.1604350
1785136073.1604350
1785136073.1604350
1785136073.1604350
1785136073.1604350
1785136073.1604350
1785136073.1604350
1785136073.1604350
1785136073.1604350
1785136073.1604350
1785136073.1604350
1785136073.1604350
1785136073.1604350
1785136073.1604350
1785136073.1604350
1785136073.1604350
1785136073.1604350
1785136073.1604350
1785136073.1604350
1785136073.1604350
1785136073.1604350
1785136073.1604350
1785136073.1604350
1785136073.1604350
1785136073.1604350
1785136073.1604350
1785136073.1604350
1785136073.1604350
1785136073.1604350
1785136073.1604350
1785136073.1604350
1785136073.1604350
1785136073.1604350
1785136073.1606569
1785136073.1606569
1785136073.1606569
1785136073.1606569
1785136073.1606569
1785136073.1606569
1785136073.1606569
1785136073.1606569
1785136073.1606569
1785136073.1606569
1785136073.1606569
1785136073.1606569
1785136073.1606569
1785136073.1606569
1785136073.1606569
1785136073.1606569
1785136073.1606569
1785136073.1606569
1785136073.1606569
1785136073.1606569
1785136073.1606569
1785136073.1606569
1785136073.1606569
1785136073.1606569
1785136073.1606569
1785136073.1606569
1785136073.1606569
1785136073.1606569
1785136073.1606569
1785136073.1606569
1785136073.1606569
1785136073.1606569
1785136073.1606569
1785136073.1606569
1785136073.1606569
1785136073.1606569
1785136073.1606569
1785136073.1606569
1785136073.1606569
1785136073.1606569
1785136073.1606569
1785136073.1606569
1785136073.1606569
1785136073.1606569
1785136073.1606569
1785136073.1606569
1785136073.1606569
1785136073.1606569
1785136073.1606569
1785136073.1606569
1785136073.1606569
1785136073.1606569
1785136073.1608789
1785136073.1608789
1785136073.1608789
1785136073.1608789
1785136073.1608789
1785136073.1608789
1785136073.1608789
1785136073.1608789
1785136073.1608789
1785136073.1608789
1785136073.1608789
1785136073.1608789
1785136073.1608789
1785136073.1608789
1785136073.1608789
1785136073.1608789
1785136073.1608789
1785136073.1608789
1785136073.1608789
1785136073.1608789
1785136073.1608789
1785136073.1608789
1785136073.1608789
1785136073.1608789
1785136073.1608789
1785136073.1608789
1785136073.1608789
1785136073.1608789
1785136073.1608789
1785136073.1608789
1785136073.1608789
1785136073.1608789
1785136073.1608789
1785136073.1608789
1785136073.1608789
1785136073.1608789
1785136073.1608789
1785136073.1608789
1785136073.1608789
1785136073.1608789
1785136073.1608789
1785136073.1608789
1785136073.1608789
1785136073.1608789
1785136073.1608789
1785136073.1608789
1785136073.1608789
1785136073.1611011
1785136073.1611011
1785136073.1611011
1785136073.1611011
1785136073.1611011
1785136073.1611011
1785136073.1611011
1785136073.1611011
1785136073.1611011
1785136073.1611011
1785136073.1611011
1785136073.1611011
1785136073.1611011
1785136073.1611011
1785136073.1611011
1785136073.1611011
1785136073.1611011
1785136073.1611011
1785136073.1611011
1785136073.1611011
1785136073.1611011
1785136073.1611011
1785136073.1611011
1785136073.1611011
1785136073.1611011
1785136073.1611011
1785136073.1611011
1785136073.1611011
1785136073.1611011
1785136073.1611011
1785136073.1611011
1785136073.1611011
1785136073.1611011
1785136073.1611011
1785136073.1611011
1785136073.1611011
1785136073.1611011
1785136073.1611011
1785136073.1611011
1785136073.1611011
1785136073.1611011
1785136073.1611011
1785136073.1611011
1785136073.1611011
1785136073.1613240
1785136073.1613240
1785136073.1613240
1785136073.1613240
1785136073.1613240
1785136073.1613240
1785136073.1613240
1785136073.1613240
1785136073.1613240
1785136073.1613240
1785136073.1613240
1785136073.1613240
1785136073.1613240
1785136073.1613240
1785136073.1613240
1785136073.1613240
1785136073.1613240
1785136073.1613240
1785136073.1613240
1785136073.1613240
1785136073.1613240
1785136073.1613240
1785136073.1613240
1785136073.1613240
1785136073.1613240
1785136073.1613240
1785136073.1613240
1785136073.1613240
1785136073.1613240
1785136073.1613240
1785136073.1613240
1785136073.1613240
1785136073.1613240
1785136073.1613240
1785136073.1613240
1785136073.1613240
1785136073.1613240
1785136073.1613240
1785136073.1613240
1785136073.1613240
1785136073.1613240
1785136073.1613240
1785136073.1613240
1785136073.1615460
1785136073.1615460
1785136073.1615460
1785136073.1615460
1785136073.1615460
1785136073.1615460
1785136073.1615460
1785136073.1615460
1785136073.1615460
1785136073.1615460
1785136073.1615460
1785136073.1615460
1785136073.1615460
1785136073.1615460
1785136073.1615460
1785136073.1615460
1785136073.1615460
1785136073.1615460
1785136073.1615460
1785136073.1615460
1785136073.1615460
1785136073.1615460
1785136073.1615460
1785136073.1615460
1785136073.1615460
1785136073.1615460
1785136073.1615460
1785136073.1615460
1785136073.1615460
1785136073.1615460
1785136073.1615460
1785136073.1615460
1785136073.1615460
1785136073.1615460
1785136073.1615460
1785136073.1615460
1785136073.1615460
1785136073.1615460
1785136073.1615460
1785136073.1615460
1785136073.1615460
1785136073.1615460
1785136073.1615460
1785136073.1617680
1785136073.1617680
1785136073.1617680
1785136073.1617680
1785136073.1617680
1785136073.1617680
1785136073.1617680
1785136073.1617680
1785136073.1617680
1785136073.1617680
1785136073.1617680
1785136073.1617680
1785136073.1617680
1785136073.1617680
1785136073.1617680
1785136073.1617680
1785136073.1617680
1785136073.1617680
1785136073.1617680
1785136073.1617680
1785136073.1617680
1785136073.1617680
1785136073.1617680
1785136073.1617680
1785136073.1617680
1785136073.1617680
1785136073.1617680
1785136073.1617680
1785136073.1617680
1785136073.1617680
1785136073.1617680
1785136073.1617680
1785136073.1617680
1785136073.1617680
1785136073.1617680
1785136073.1617680
1785136073.1617680
1785136073.1617680
1785136073.1617680
1785136073.1617680
1785136073.1617680
1785136073.1617680
1785136073.1617680
1785136073.1619890
1785136073.1619890
1785136073.1619890
1785136073.1619890
1785136073.1619890
1785136073.1619890
1785136073.1619890
1785136073.1619890
1785136073.1619890
1785136073.1619890
1785136073.1619890
1785136073.1619890
1785136073.1619890
1785136073.1619890
1785136073.1619890
1785136073.1619890
1785136073.1619890
1785136073.1619890
1785136073.1619890
1785136073.1619890
1785136073.1619890
1785136073.1619890
1785136073.1619890
1785136073.1619890
1785136073.1619890
1785136073.1619890
1785136073.1619890
1785136073.1619890
1785136073.1619890
1785136073.1619890
1785136073.1619890
1785136073.1619890
1785136073.1619890
1785136073.1619890
1785136073.1619890
1785136073.1619890
1785136073.1619890
1785136073.1619890
1785136073.1619890
1785136073.1619890
1785136073.1619890
1785136073.1619890
1785136073.1619890
1785136073.1622131
1785136073.1622131
1785136073.1622131
1785136073.1622131
1785136073.1622131
1785136073.1622131
1785136073.1622131
1785136073.1622131
1785136073.1622131
1785136073.1622131
1785136073.1622131
1785136073.1622131
1785136073.1622131
1785136073.1622131
1785136073.1622131
1785136073.1622131
1785136073.1622131
1785136073.1622131
1785136073.1622131
1785136073.1622131
1785136073.1622131
1785136073.1622131
1785136073.1622131
1785136073.1622131
1785136073.1622131
1785136073.1622131
1785136073.1622131
1785136073.1622131
1785136073.1622131
1785136073.1622131
1785136073.1622131
1785136073.1622131
1785136073.1622131
1785136073.1622131
1785136073.1622131
1785136073.1622131
1785136073.1622131
1785136073.1622131
1785136073.1622131
1785136073.1622131
1785136073.1622131
1785136073.1622131
1785136073.1622131
1785136073.1624341
1785136073.1624341
1785136073.1624341
1785136073.1624341
1785136073.1624341
1785136073.1624341
1785136073.1624341
1785136073.1624341
1785136073.1624341
1785136073.1624341
1785136073.1624341
1785136073.1624341
1785136073.1624341
1785136073.1624341
1785136073.1624341
1785136073.1624341
1785136073.1624341
1785136073.1624341
1785136073.1624341
1785136073.1624341
1785136073.1624341
1785136073.1624341
1785136073.1624341
1785136073.1624341
1785136073.1624341
1785136073.1624341
1785136073.1624341
1785136073.1624341
1785136073.1624341
1785136073.1624341
1785136073.1624341
1785136073.1624341
1785136073.1624341
1785136073.1624341
1785136073.1624341
1785136073.1624341
1785136073.1624341
1785136073.1624341
1785136073.1624341
1785136073.1624341
1785136073.1624341
1785136073.1624341
1785136073.1624341
1785136073.1626561
1785136073.1626561
1785136073.1626561
1785136073.1626561
1785136073.1626561
1785136073.1626561
1785136073.1626561
1785136073.1626561
1785136073.1626561
1785136073.1626561
1785136073.1626561
1785136073.1626561
1785136073.1626561
1785136073.1626561
1785136073.1626561
1785136073.1626561
1785136073.1626561
1785136073.1626561
1785136073.1626561
1785136073.1626561
1785136073.1626561
1785136073.1626561
1785136073.1626561
1785136073.1626561
1785136073.1626561
1785136073.1626561
1785136073.1626561
1785136073.1626561
1785136073.1626561
1785136073.1626561
1785136073.1626561
1785136073.1626561
1785136073.1626561
1785136073.1626561
1785136073.1626561
1785136073.1626561
1785136073.1626561
1785136073.1626561
1785136073.1626561
1785136073.1626561
1785136073.1626561
1785136073.1626561
1785136073.1626561
1785136073.1628790
1785136073.1628790
1785136073.1628790
1785136073.1628790
1785136073.1628790
1785136073.1628790
1785136073.1628790
1785136073.1628790
1785136073.1628790
1785136073.1628790
1785136073.1628790
1785136073.1628790
1785136073.1628790
1785136073.1628790
1785136073.1628790
1785136073.1628790
1785136073.1628790
1785136073.1628790
1785136073.1628790
1785136073.1628790
1785136073.1628790
1785136073.1628790
1785136073.1628790
1785136073.1628790
1785136073.1628790
1785136073.1628790
1785136073.1628790
1785136073.1628790
1785136073.1628790
1785136073.1628790
1785136073.1628790
1785136073.1628790
1785136073.1628790
1785136073.1628790
1785136073.1628790
1785136073.1628790
1785136073.1628790
1785136073.1628790
1785136073.1628790
1785136073.1628790
1785136073.1628790
1785136073.1628790
1785136073.1628790
1785136073.1628790
1785136073.1631000
1785136073.1631000
1785136073.1631000
1785136073.1631000
1785136073.1631000
1785136073.1631000
1785136073.1631000
1785136073.1631000
1785136073.1631000
1785136073.1631000
1785136073.1631000
1785136073.1631000
1785136073.1631000
1785136073.1631000
1785136073.1631000
1785136073.1631000
1785136073.1631000
1785136073.1631000
1785136073.1631000
1785136073.1631000
1785136073.1631000
1785136073.1631000
1785136073.1631000
1785136073.1631000
1785136073.1631000
1785136073.1631000
1785136073.1631000
1785136073.1631000
1785136073.1631000
1785136073.1631000
1785136073.1631000
1785136073.1631000
1785136073.1631000
1785136073.1631000
1785136073.1631000
1785136073.1631000
1785136073.1631000
1785136073.1631000
1785136073.1631000
1785136073.1631000
1785136073.1631000
1785136073.1631000
1785136073.1631000
1785136073.1631000
1785136073.1633220
1785136073.1633220
1785136073.1633220
1785136073.1633220
1785136073.1633220
1785136073.1633220
1785136073.1633220
1785136073.1633220
1785136073.1633220
1785136073.1633220
1785136073.1633220
1785136073.1633220
1785136073.1633220
1785136073.1633220
1785136073.1633220
1785136073.1633220
1785136073.1633220
1785136073.1633220
1785136073.1633220
1785136073.1633220
1785136073.1633220
1785136073.1633220
1785136073.1633220
1785136073.1633220
1785136073.1633220
1785136073.1633220
1785136073.1633220
1785136073.1633220
1785136073.1633220
1785136073.1633220
1785136073.1633220
1785136073.1633220
1785136073.1633220
1785136073.1633220
1785136073.1633220
1785136073.1633220
1785136073.1633220
1785136073.1633220
1785136073.1633220
1785136073.1633220
1785136073.1633220
1785136073.1633220
1785136073.1633220
1785136073.1633220
1785136073.1635449
1785136073.1635449
1785136073.1635449
1785136073.1635449
1785136073.1635449
1785136073.1635449
1785136073.1635449
1785136073.1635449
1785136073.1635449
1785136073.1635449
1785136073.1635449
1785136073.1635449
1785136073.1635449
1785136073.1635449
1785136073.1635449
1785136073.1635449
1785136073.1635449
1785136073.1635449
1785136073.1635449
1785136073.1635449
1785136073.1635449
1785136073.1635449
1785136073.1635449
1785136073.1635449
1785136073.1635449
1785136073.1635449
1785136073.1635449
1785136073.1635449
1785136073.1635449
1785136073.1635449
1785136073.1635449
1785136073.1635449
1785136073.1635449
1785136073.1635449
1785136073.1635449
1785136073.1635449
1785136073.1635449
1785136073.1635449
1785136073.1635449
1785136073.1635449
1785136073.1635449
1785136073.1635449
1785136073.1635449
1785136073.1635449
1785136073.1637681
1785136073.1637681
1785136073.1637681
1785136073.1637681
1785136073.1637681
1785136073.1637681
1785136073.1637681
1785136073.1637681
1785136073.1637681
1785136073.1637681
1785136073.1637681
1785136073.1637681
1785136073.1637681
1785136073.1637681
1785136073.1637681
1785136073.1637681
1785136073.1637681
1785136073.1637681
1785136073.1637681
1785136073.1637681
1785136073.1637681
1785136073.1637681
1785136073.1637681
1785136073.1637681
1785136073.1637681
1785136073.1637681
1785136073.1637681
1785136073.1637681
1785136073.1637681
1785136073.1637681
1785136073.1637681
1785136073.1637681
1785136073.1637681
1785136073.1637681
1785136073.1637681
1785136073.1637681
1785136073.1637681
1785136073.1637681
1785136073.1637681
1785136073.1637681
1785136073.1637681
1785136073.1637681
1785136073.1637681
1785136073.1637681
1785136073.1639891
1785136073.1639891
1785136073.1639891
1785136073.1639891
1785136073.1639891
1785136073.1639891
1785136073.1639891
1785136073.1639891
1785136073.1639891
1785136073.1639891
1785136073.1639891
1785136073.1639891
1785136073.1639891
1785136073.1639891
1785136073.1639891
1785136073.1639891
1785136073.1639891
1785136073.1639891
1785136073.1639891
1785136073.1639891
1785136073.1639891
1785136073.1639891
1785136073.1639891
1785136073.1639891
1785136073.1639891
1785136073.1639891
1785136073.1639891
1785136073.1639891
1785136073.1639891
1785136073.1639891
1785136073.1639891
1785136073.1639891
1785136073.1639891
1785136073.1639891
1785136073.1639891
1785136073.1639891
1785136073.1639891
1785136073.1639891
1785136073.1639891
1785136073.1639891
1785136073.1639891
1785136073.1639891
1785136073.1639891
1785136073.1639891
1785136073.1642110
1785136073.1642110
1785136073.1642110
1785136073.1642110
1785136073.1642110
1785136073.1642110
1785136073.1642110
1785136073.1642110
1785136073.1642110
1785136073.1642110
1785136073.1642110
1785136073.1642110
1785136073.1642110
1785136073.1642110
1785136073.1642110
1785136073.1642110
1785136073.1642110
1785136073.1642110
1785136073.1642110
1785136073.1642110
1785136073.1642110
1785136073.1642110
1785136073.1642110
1785136073.1642110
1785136073.1642110
1785136073.1642110
1785136073.1642110
1785136073.1642110
1785136073.1642110
1785136073.1642110
1785136073.1642110
1785136073.1642110
1785136073.1642110
1785136073.1642110
1785136073.1642110
1785136073.1642110
1785136073.1642110
1785136073.1642110
1785136073.1642110
1785136073.1642110
1785136073.1642110
1785136073.1642110
1785136073.1642110
1785136073.1642110
1785136073.1644349
1785136073.1644349
1785136073.1644349
1785136073.1644349
1785136073.1644349
1785136073.1644349
1785136073.1644349
1785136073.1644349
1785136073.1644349
1785136073.1644349
1785136073.1644349
1785136073.1644349
1785136073.1644349
1785136073.1644349
1785136073.1644349
1785136073.1644349
1785136073.1644349
1785136073.1644349
1785136073.1644349
1785136073.1644349
1785136073.1644349
1785136073.1644349
1785136073.1644349
1785136073.1644349
1785136073.1644349
1785136073.1644349
1785136073.1644349
1785136073.1644349
1785136073.1644349
1785136073.1644349
1785136073.1644349
1785136073.1644349
1785136073.1644349
1785136073.1644349
1785136073.1644349
1785136073.1644349
1785136073.1644349
1785136073.1644349
1785136073.1644349
1785136073.1644349
1785136073.1644349
1785136073.1644349
1785136073.1644349
1785136073.1644349
1785136073.1644349
1785136073.1646550
1785136073.1646550
1785136073.1646550
1785136073.1646550
1785136073.1646550
1785136073.1646550
1785136073.1646550
1785136073.1646550
1785136073.1646550
1785136073.1646550
1785136073.1646550
1785136073.1646550
1785136073.1646550
1785136073.1646550
1785136073.1646550
1785136073.1646550
1785136073.1646550
1785136073.1646550
1785136073.1646550
1785136073.1646550
1785136073.1646550
1785136073.1646550
1785136073.1646550
1785136073.1646550
1785136073.1646550
1785136073.1646550
1785136073.1646550
1785136073.1646550
1785136073.1646550
1785136073.1646550
1785136073.1646550
1785136073.1646550
1785136073.1646550
1785136073.1646550
1785136073.1646550
1785136073.1646550
1785136073.1646550
1785136073.1646550
1785136073.1646550
1785136073.1646550
1785136073.1646550
1785136073.1646550
1785136073.1646550
1785136073.1646550
1785136073.1646550
1785136073.1648779
1785136073.1648779
1785136073.1648779
1785136073.1648779
1785136073.1648779
1785136073.1648779
1785136073.1648779
1785136073.1648779
1785136073.1648779
1785136073.1648779
1785136073.1648779
1785136073.1648779
1785136073.1648779
1785136073.1648779
1785136073.1648779
1785136073.1648779
1785136073.1648779
1785136073.1648779
1785136073.1648779
1785136073.1648779
1785136073.1648779
1785136073.1648779
1785136073.1648779
1785136073.1648779
1785136073.1648779
1785136073.1648779
1785136073.1648779
1785136073.1648779
1785136073.1648779
1785136073.1648779
1785136073.1648779
1785136073.1648779
1785136073.1648779
1785136073.1648779
1785136073.1648779
1785136073.1648779
1785136073.1648779
1785136073.1648779
1785136073.1648779
1785136073.1648779
1785136073.1648779
1785136073.1648779
1785136073.1648779
1785136073.1648779
1785136073.1648779
1785136073.1650989
1785136073.1650989
1785136073.1650989
1785136073.1650989
1785136073.1650989
1785136073.1650989
1785136073.1650989
1785136073.1650989
1785136073.1650989
1785136073.1650989
1785136073.1650989
1785136073.1650989
1785136073.1650989
1785136073.1650989
1785136073.1650989
1785136073.1650989
1785136073.1650989
1785136073.1650989
1785136073.1650989
1785136073.1650989
1785136073.1650989
1785136073.1650989
1785136073.1650989
1785136073.1650989
1785136073.1650989
1785136073.1650989
1785136073.1650989
1785136073.1650989
1785136073.1650989
1785136073.1650989
1785136073.1650989
1785136073.1650989
1785136073.1650989
1785136073.1650989
1785136073.1650989
1785136073.1650989
1785136073.1650989
1785136073.1650989
1785136073.1650989
1785136073.1650989
1785136073.1650989
1785136073.1650989
1785136073.1650989
1785136073.1650989
1785136073.1650989
1785136073.1653221
1785136073.1653221
1785136073.1653221
1785136073.1653221
1785136073.1653221
1785136073.1653221
1785136073.1653221
1785136073.1653221
1785136073.1653221
1785136073.1653221
1785136073.1653221
1785136073.1653221
1785136073.1653221
1785136073.1653221
1785136073.1653221
1785136073.1653221
1785136073.1653221
1785136073.1653221
1785136073.1653221
1785136073.1653221
1785136073.1653221
1785136073.1653221
1785136073.1653221
1785136073.1653221
1785136073.1653221
1785136073.1653221
1785136073.1653221
1785136073.1653221
1785136073.1653221
1785136073.1653221
1785136073.1653221
1785136073.1653221
1785136073.1653221
1785136073.1653221
1785136073.1653221
1785136073.1653221
1785136073.1653221
1785136073.1653221
1785136073.1653221
1785136073.1653221
1785136073.1653221
1785136073.1653221
1785136073.1653221
1785136073.1653221
1785136073.1653221
1785136073.1655440
1785136073.1655440
1785136073.1655440
1785136073.1655440
1785136073.1655440
1785136073.1655440
1785136073.1655440
1785136073.1655440
1785136073.1655440
1785136073.1655440
1785136073.1655440
1785136073.1655440
1785136073.1655440
1785136073.1655440
1785136073.1655440
1785136073.1655440
1785136073.1655440
1785136073.1655440
1785136073.1655440
1785136073.1655440
1785136073.1655440
1785136073.1655440
1785136073.1655440
1785136073.1655440
1785136073.1655440
1785136073.1655440
1785136073.1655440
1785136073.1655440
1785136073.1655440
1785136073.1655440
1785136073.1655440
1785136073.1655440
1785136073.1655440
1785136073.1655440
1785136073.1655440
1785136073.1655440
1785136073.1655440
1785136073.1655440
1785136073.1655440
1785136073.1655440
1785136073.1655440
1785136073.1655440
1785136073.1655440
1785136073.1655440
1785136073.1655440
1785136073.1657670
1785136073.1657670
1785136073.1657670
1785136073.1657670
1785136073.1657670
1785136073.1657670
1785136073.1657670
1785136073.1657670
1785136073.1657670
1785136073.1657670
1785136073.1657670
1785136073.1657670
1785136073.1657670
1785136073.1657670
1785136073.1657670
1785136073.1657670
1785136073.1657670
1785136073.1657670
1785136073.1657670
1785136073.1657670
1785136073.1657670
1785136073.1657670
1785136073.1657670
1785136073.1657670
1785136073.1657670
1785136073.1657670
1785136073.1657670
1785136073.1657670
1785136073.1657670
1785136073.1657670
1785136073.1657670
1785136073.1657670
1785136073.1657670
1785136073.1657670
1785136073.1657670
1785136073.1657670
1785136073.1657670
1785136073.1657670
1785136073.1657670
1785136073.1657670
1785136073.1657670
1785136073.1657670
1785136073.1657670
1785136073.1657670
1785136073.1657670
1785136073.1659889
1785136073.1659889
1785136073.1659889
1785136073.1659889
1785136073.1659889
1785136073.1659889
1785136073.1659889
1785136073.1659889
1785136073.1659889
1785136073.1659889
1785136073.1659889
1785136073.1659889
1785136073.1659889
1785136073.1659889
1785136073.1659889
1785136073.1659889
1785136073.1659889
1785136073.1659889
1785136073.1659889
1785136073.1659889
1785136073.1659889
1785136073.1659889
1785136073.1659889
1785136073.1659889
1785136073.1659889
1785136073.1659889
1785136073.1659889
1785136073.1659889
1785136073.1659889
1785136073.1659889
1785136073.1659889
1785136073.1659889
1785136073.1659889
1785136073.1659889
1785136073.1659889
1785136073.1659889
1785136073.1659889
1785136073.1659889
1785136073.1659889
1785136073.1659889
1785136073.1659889
1785136073.1659889
1785136073.1659889
1785136073.1659889
1785136073.1659889
1785136073.1659889
1785136073.1662109
1785136073.1662109
1785136073.1662109
1785136073.1662109
1785136073.1662109
1785136073.1662109
1785136073.1662109
1785136073.1662109
1785136073.1662109
1785136073.1662109
1785136073.1662109
1785136073.1662109
1785136073.1662109
1785136073.1662109
1785136073.1662109
1785136073.1662109
1785136073.1662109
1785136073.1662109
1785136073.1662109
1785136073.1662109
1785136073.1662109
1785136073.1662109
1785136073.1662109
1785136073.1662109
1785136073.1662109
1785136073.1662109
1785136073.1662109
1785136073.1662109
1785136073.1662109
1785136073.1662109
1785136073.1662109
1785136073.1662109
1785136073.1662109
1785136073.1662109
1785136073.1662109
1785136073.1662109
1785136073.1662109
1785136073.1662109
1785136073.1662109
1785136073.1662109
1785136073.1662109
1785136073.1662109
1785136073.1662109
1785136073.1662109
1785136073.1662109
1785136073.1662109
1785136073.1664331
1785136073.1664331
1785136073.1664331
1785136073.1664331
1785136073.1664331
1785136073.1664331
1785136073.1664331
1785136073.1664331
1785136073.1664331
1785136073.1664331
1785136073.1664331
1785136073.1664331
1785136073.1664331
1785136073.1664331
1785136073.1664331
1785136073.1664331
1785136073.1664331
1785136073.1664331
1785136073.1664331
1785136073.1664331
1785136073.1664331
1785136073.1664331
1785136073.1664331
1785136073.1664331
1785136073.1664331
1785136073.1664331
1785136073.1664331
1785136073.1664331
1785136073.1664331
1785136073.1664331
1785136073.1664331
1785136073.1664331
1785136073.1664331
1785136073.1664331
1785136073.1664331
1785136073.1664331
1785136073.1664331
1785136073.1664331
1785136073.1664331
1785136073.1664331
1785136073.1664331
1785136073.1664331
1785136073.1664331
1785136073.1664331
1785136073.1664331
1785136073.1664331
1785136073.1666551
1785136073.1666551
1785136073.1666551
1785136073.1666551
1785136073.1666551
1785136073.1666551
1785136073.1666551
1785136073.1666551
1785136073.1666551
1785136073.1666551
1785136073.1666551
1785136073.1666551
1785136073.1666551
1785136073.1666551
1785136073.1666551
1785136073.1666551
1785136073.1666551
1785136073.1666551
1785136073.1666551
1785136073.1666551
1785136073.1666551
1785136073.1666551
1785136073.1666551
1785136073.1666551
1785136073.1666551
1785136073.1666551
1785136073.1666551
1785136073.1666551
1785136073.1666551
1785136073.1666551
1785136073.1666551
1785136073.1666551
1785136073.1666551
1785136073.1666551
1785136073.1666551
1785136073.1666551
1785136073.1666551
1785136073.1666551
1785136073.1666551
1785136073.1666551
1785136073.1666551
1785136073.1666551
1785136073.1666551
1785136073.1666551
1785136073.1666551
1785136073.1666551
1785136073.1668780
1785136073.1668780
1785136073.1668780
1785136073.1668780
1785136073.1668780
1785136073.1668780
1785136073.1668780
1785136073.1668780
1785136073.1668780
1785136073.1668780
1785136073.1668780
1785136073.1668780
1785136073.1668780
1785136073.1668780
1785136073.1668780
1785136073.1668780
1785136073.1668780
1785136073.1668780
1785136073.1668780
1785136073.1668780
1785136073.1668780
1785136073.1668780
1785136073.1668780
1785136073.1668780
1785136073.1668780
1785136073.1668780
1785136073.1668780
1785136073.1668780
1785136073.1668780
1785136073.1668780
1785136073.1668780
1785136073.1668780
1785136073.1668780
1785136073.1668780
1785136073.1668780
1785136073.1668780
1785136073.1668780
1785136073.1668780
1785136073.1668780
1785136073.1668780
1785136073.1668780
1785136073.1668780
1785136073.1668780
1785136073.1668780
1785136073.1668780
1785136073.1668780
1785136073.1671000
1785136073.1671000
1785136073.1671000
1785136073.1671000
1785136073.1671000
1785136073.1671000
1785136073.1671000
1785136073.1671000
1785136073.1671000
1785136073.1671000
1785136073.1671000
1785136073.1671000
1785136073.1671000
1785136073.1671000
1785136073.1671000
1785136073.1671000
1785136073.1671000
1785136073.1671000
1785136073.1671000
1785136073.1671000
1785136073.1671000
1785136073.1671000
1785136073.1671000
1785136073.1671000
1785136073.1671000
1785136073.1671000
1785136073.1671000
1785136073.1671000
1785136073.1671000
1785136073.1671000
1785136073.1671000
1785136073.1671000
1785136073.1671000
1785136073.1671000
1785136073.1671000
1785136073.1671000
1785136073.1671000
1785136073.1671000
1785136073.1671000
1785136073.1671000
1785136073.1671000
1785136073.1671000
1785136073.1671000
1785136073.1671000
1785136073.1671000
1785136073.1671000
1785136073.1673291
1785136073.1673291
1785136073.1673291
1785136073.1673291
1785136073.1673291
1785136073.1673291
1785136073.1673291
1785136073.1673291
1785136073.1673291
1785136073.1673291
1785136073.1673291
1785136073.1673291
1785136073.1673291
1785136073.1673291
1785136073.1673291
1785136073.1673291
1785136073.1673291
1785136073.1673291
1785136073.1673291
1785136073.1673291
1785136073.1673291
1785136073.1673291
1785136073.1673291
1785136073.1673291
1785136073.1673291
1785136073.1673291
1785136073.1673291
1785136073.1673291
1785136073.1673291
1785136073.1673291
1785136073.1673291
1785136073.1673291
1785136073.1673291
1785136073.1673291
1785136073.1673291
1785136073.1673291
1785136073.1673291
1785136073.1673291
1785136073.1673291
1785136073.1673291
1785136073.1673291
1785136073.1673291
1785136073.1673291
1785136073.1673291
1785136073.1673291
1785136073.1673291
1785136073.1675510
1785136073.1675510
1785136073.1675510
1785136073.1675510
1785136073.1675510
1785136073.1675510
1785136073.1675510
1785136073.1675510
1785136073.1675510
1785136073.1675510
1785136073.1675510
1785136073.1675510
1785136073.1675510
1785136073.1675510
1785136073.1675510
1785136073.1675510
1785136073.1675510
1785136073.1675510
1785136073.1675510
1785136073.1675510
1785136073.1675510
1785136073.1675510
1785136073.1675510
1785136073.1675510
1785136073.1675510
1785136073.1675510
1785136073.1675510
1785136073.1675510
1785136073.1675510
1785136073.1675510
1785136073.1675510
1785136073.1675510
1785136073.1675510
1785136073.1675510
1785136073.1675510
1785136073.1675510
1785136073.1675510
1785136073.1675510
1785136073.1675510
1785136073.1675510
1785136073.1675510
1785136073.1675510
1785136073.1675510
1785136073.1675510
1785136073.1675510
1785136073.1675510
1785136073.1677670
1785136073.1677670
1785136073.1677670
1785136073.1677670
1785136073.1677670
1785136073.1677670
1785136073.1677670
1785136073.1677670
1785136073.1677670
1785136073.1677670
1785136073.1677670
1785136073.1677670
1785136073.1677670
1785136073.1677670
1785136073.1677670
1785136073.1677670
1785136073.1677670
1785136073.1677670
1785136073.1677670
1785136073.1677670
1785136073.1677670
1785136073.1677670
1785136073.1677670
1785136073.1677670
1785136073.1677670
1785136073.1677670
1785136073.1677670
1785136073.1677670
1785136073.1677670
1785136073.1677670
1785136073.1677670
1785136073.1677670
1785136073.1677670
1785136073.1677670
1785136073.1677670
1785136073.1677670
1785136073.1677670
1785136073.1677670
1785136073.1677670
1785136073.1677670
1785136073.1677670
1785136073.1677670
1785136073.1677670
1785136073.1677670
1785136073.1677670
1785136073.1677670
1785136073.1677670
1785136073.1679881
1785136073.1679881
1785136073.1679881
1785136073.1679881
1785136073.1679881
1785136073.1679881
1785136073.1679881
1785136073.1679881
1785136073.1679881
1785136073.1679881
1785136073.1679881
1785136073.1679881
1785136073.1679881
1785136073.1679881
1785136073.1679881
1785136073.1679881
1785136073.1679881
1785136073.1679881
1785136073.1679881
1785136073.1679881
1785136073.1679881
1785136073.1679881
1785136073.1679881
1785136073.1679881
1785136073.1679881
1785136073.1679881
1785136073.1679881
1785136073.1679881
1785136073.1679881
1785136073.1679881
1785136073.1679881
1785136073.1679881
1785136073.1679881
1785136073.1679881
1785136073.1679881
1785136073.1679881
1785136073.1679881
1785136073.1679881
1785136073.1679881
1785136073.1679881
1785136073.1679881
1785136073.1679881
1785136073.1679881
1785136073.1679881
1785136073.1679881
1785136073.1679881
1785136073.1679881
1785136073.1682100
1785136073.1682100
1785136073.1682100
1785136073.1682100
1785136073.1682100
1785136073.1682100
1785136073.1682100
1785136073.1682100
1785136073.1682100
1785136073.1682100
1785136073.1682100
1785136073.1682100
1785136073.1682100
1785136073.1682100
1785136073.1682100
1785136073.1682100
1785136073.1682100
1785136073.1682100
1785136073.1682100
1785136073.1682100
1785136073.1682100
1785136073.1682100
1785136073.1682100
1785136073.1682100
1785136073.1682100
1785136073.1682100
1785136073.1682100
1785136073.1682100
1785136073.1682100
1785136073.1682100
1785136073.1682100
1785136073.1682100
1785136073.1682100
1785136073.1682100
1785136073.1682100
1785136073.1682100
1785136073.1682100
1785136073.1682100
1785136073.1682100
1785136073.1682100
1785136073.1682100
1785136073.1682100
1785136073.1682100
1785136073.1682100
1785136073.1682100
1785136073.1682100
1785136073.1682100
1785136073.1684310
1785136073.1684310
1785136073.1684310
1785136073.1684310
1785136073.1684310
1785136073.1684310
1785136073.1684310
1785136073.1684310
1785136073.1684310
1785136073.1684310
1785136073.1684310
1785136073.1684310
1785136073.1684310
1785136073.1684310
1785136073.1684310
1785136073.1684310
1785136073.1684310
1785136073.1684310
1785136073.1684310
1785136073.1684310
1785136073.1684310
1785136073.1684310
1785136073.1684310
1785136073.1684310
1785136073.1684310
1785136073.1684310
1785136073.1684310
1785136073.1684310
1785136073.1684310
1785136073.1684310
1785136073.1684310
1785136073.1684310
1785136073.1684310
1785136073.1684310
1785136073.1684310
1785136073.1684310
1785136073.1684310
1785136073.1684310
1785136073.1684310
1785136073.1684310
1785136073.1684310
1785136073.1684310
1785136073.1684310
1785136073.1684310
1785136073.1684310
1785136073.1684310
1785136073.1684310
1785136073.1686540
1785136073.1686540
1785136073.1686540
1785136073.1686540
1785136073.1686540
1785136073.1686540
1785136073.1686540
1785136073.1686540
1785136073.1686540
1785136073.1686540
1785136073.1686540
1785136073.1686540
1785136073.1686540
1785136073.1686540
1785136073.1686540
1785136073.1686540
1785136073.1686540
1785136073.1686540
1785136073.1686540
1785136073.1686540
1785136073.1686540
1785136073.1686540
1785136073.1686540
1785136073.1686540
1785136073.1686540
1785136073.1686540
1785136073.1686540
1785136073.1686540
1785136073.1686540
1785136073.1686540
1785136073.1686540
1785136073.1686540
1785136073.1686540
1785136073.1686540
1785136073.1686540
1785136073.1686540
1785136073.1686540
1785136073.1686540
1785136073.1686540
1785136073.1686540
1785136073.1686540
1785136073.1686540
1785136073.1686540
1785136073.1686540
1785136073.1686540
1785136073.1686540
1785136073.1686540
1785136073.1688759
1785136073.1688759
1785136073.1688759
1785136073.1688759
1785136073.1688759
1785136073.1688759
1785136073.1688759
1785136073.1688759
1785136073.1688759
1785136073.1688759
1785136073.1688759
1785136073.1688759
1785136073.1688759
1785136073.1688759
1785136073.1688759
1785136073.1688759
1785136073.1688759
1785136073.1688759
1785136073.1688759
1785136073.1688759
1785136073.1688759
1785136073.1688759
1785136073.1688759
1785136073.1688759
1785136073.1688759
1785136073.1688759
1785136073.1688759
1785136073.1688759
1785136073.1688759
1785136073.1688759
1785136073.1688759
1785136073.1688759
1785136073.1688759
1785136073.1688759
1785136073.1688759
1785136073.1688759
1785136073.1688759
1785136073.1688759
1785136073.1688759
1785136073.1688759
1785136073.1688759
1785136073.1688759
1785136073.1688759
1785136073.1688759
1785136073.1688759
1785136073.1688759
1785136073.1688759
1785136073.1690979
1785136073.1690979
1785136073.1690979
1785136073.1690979
1785136073.1690979
1785136073.1690979
1785136073.1690979
1785136073.1690979
1785136073.1690979
1785136073.1690979
1785136073.1690979
1785136073.1690979
1785136073.1690979
1785136073.1690979
1785136073.1690979
1785136073.1690979
1785136073.1690979
1785136073.1690979
1785136073.1690979
1785136073.1690979
1785136073.1690979
1785136073.1690979
1785136073.1690979
1785136073.1690979
1785136073.1690979
1785136073.1690979
1785136073.1690979
1785136073.1690979
1785136073.1690979
1785136073.1690979
1785136073.1690979
1785136073.1690979
1785136073.1690979
1785136073.1690979
1785136073.1690979
1785136073.1690979
1785136073.1690979
1785136073.1690979
1785136073.1690979
1785136073.1690979
1785136073.1690979
1785136073.1690979
1785136073.1690979
1785136073.1690979
1785136073.1690979
1785136073.1690979
1785136073.1690979
1785136073.1690979
1785136073.1693211
1785136073.1693211
1785136073.1693211
1785136073.1693211
1785136073.1693211
1785136073.1693211
1785136073.1693211
1785136073.1693211
1785136073.1693211
1785136073.1693211
1785136073.1693211
1785136073.1693211
1785136073.1693211
1785136073.1693211
1785136073.1693211
1785136073.1693211
1785136073.1693211
1785136073.1693211
1785136073.1693211
1785136073.1693211
1785136073.1693211
1785136073.1693211
1785136073.1693211
1785136073.1693211
1785136073.1693211
1785136073.1693211
1785136073.1693211
1785136073.1693211
1785136073.1693211
1785136073.1693211
1785136073.1693211
1785136073.1693211
1785136073.1693211
1785136073.1693211
1785136073.1693211
1785136073.1693211
1785136073.1693211
1785136073.1693211
1785136073.1693211
1785136073.1693211
1785136073.1693211
1785136073.1693211
1785136073.1693211
1785136073.1693211
1785136073.1693211
1785136073.1693211
1785136073.1693211
1785136073.1693211
1785136073.1695430
1785136073.1695430
1785136073.1695430
1785136073.1695430
1785136073.1695430
1785136073.1695430
1785136073.1695430
1785136073.1695430
1785136073.1695430
1785136073.1695430
1785136073.1695430
1785136073.1695430
1785136073.1695430
1785136073.1695430
1785136073.1695430
1785136073.1695430
1785136073.1695430
1785136073.1695430
1785136073.1695430
1785136073.1695430
1785136073.1695430
1785136073.1695430
1785136073.1695430
1785136073.1695430
1785136073.1695430
1785136073.1695430
1785136073.1695430
1785136073.1695430
1785136073.1695430
1785136073.1695430
1785136073.1695430
1785136073.1695430
1785136073.1695430
1785136073.1695430
1785136073.1695430
1785136073.1695430
1785136073.1695430
1785136073.1695430
1785136073.1695430
1785136073.1695430
1785136073.1695430
1785136073.1695430
1785136073.1695430
1785136073.1695430
1785136073.1695430
1785136073.1695430
1785136073.1695430
1785136073.1695430
1785136073.1697650
1785136073.1697650
1785136073.1697650
1785136073.1697650
1785136073.1697650
1785136073.1697650
1785136073.1697650
1785136073.1697650
1785136073.1697650
1785136073.1697650
1785136073.1697650
1785136073.1697650
1785136073.1697650
1785136073.1697650
1785136073.1697650
1785136073.1697650
1785136073.1697650
1785136073.1697650
1785136073.1697650
1785136073.1697650
1785136073.1697650
1785136073.1697650
1785136073.1697650
1785136073.1697650
1785136073.1697650
1785136073.1697650
1785136073.1697650
1785136073.1697650
1785136073.1697650
1785136073.1697650
1785136073.1697650
1785136073.1697650
1785136073.1697650
1785136073.1697650
1785136073.1697650
1785136073.1697650
1785136073.1697650
1785136073.1697650
1785136073.1697650
1785136073.1697650
1785136073.1697650
1785136073.1697650
1785136073.1697650
1785136073.1697650
1785136073.1699870
1785136073.1699870
1785136073.1699870
1785136073.1699870
1785136073.1699870
1785136073.1699870
1785136073.1699870
1785136073.1699870
1785136073.1699870
1785136073.1699870
1785136073.1699870
1785136073.1699870
1785136073.1699870
1785136073.1699870
1785136073.1699870
1785136073.1699870
1785136073.1699870
1785136073.1699870
1785136073.1699870
1785136073.1699870
1785136073.1699870
1785136073.1699870
1785136073.1699870
1785136073.1699870
1785136073.1699870
1785136073.1702089
1785136073.1702089
1785136073.1702089
1785136073.1702089
1785136073.1702089
1785136073.1702089
1785136073.1702089
1785136073.1702089
1785136073.1702089
1785136073.1702089
1785136073.1702089
1785136073.1702089
1785136073.1702089
1785136073.1702089
1785136073.1702089
1785136073.1702089
1785136073.1702089
1785136073.1702089
1785136073.1702089
1785136073.1702089
1785136073.1702089
1785136073.1702089
1785136073.1702089
1785136073.1702089
1785136073.1702089
1785136073.1702089
1785136073.1702089
1785136073.1704309
1785136073.1704309
1785136073.1704309
1785136073.1704309
1785136073.1704309
1785136073.1704309
1785136073.1704309
1785136073.1704309
1785136073.1704309
1785136073.1704309
1785136073.1704309
1785136073.1704309
1785136073.1704309
1785136073.1704309
1785136073.1704309
1785136073.1704309
1785136073.1704309
1785136073.1704309
1785136073.1704309
1785136073.1704309
1785136073.1704309
1785136073.1704309
1785136073.1704309
1785136073.1704309
1785136073.1704309
1785136073.1704309
1785136073.1704309
1785136073.1704309
1785136073.1704309
1785136073.1704309
1785136073.1704309
1785136073.1704309
1785136073.1704309
1785136073.1704309
1785136073.1706531
1785136073.1706531
1785136073.1706531
1785136073.1706531
1785136073.1706531
1785136073.1706531
1785136073.1706531
1785136073.1706531
1785136073.1706531
1785136073.1706531
1785136073.1706531
1785136073.1706531
1785136073.1706531
1785136073.1706531
1785136073.1706531
1785136073.1706531
1785136073.1706531
1785136073.1708760
1785136073.1708760
1785136073.1708760
1785136073.1708760
1785136073.1708760
1785136073.1708760
1785136073.1708760
1785136073.1708760
1785136073.1708760
1785136073.1708760
1785136073.1708760
1785136073.1708760
1785136073.1708760
1785136073.1708760
1785136073.1708760
1785136073.1708760
1785136073.1708760
1785136073.1710970
1785136073.1710970
1785136073.1710970
1785136073.1710970
1785136073.1710970
1785136073.1710970
1785136073.1710970
1785136073.1710970
1785136073.1710970
1785136073.1710970
1785136073.1710970
1785136073.1710970
1785136073.1710970
1785136073.1710970
1785136073.1710970
1785136073.1710970
1785136073.1710970
1785136073.1713200
1785136073.1713200
1785136073.1713200
1785136073.1713200
1785136073.1713200
1785136073.1713200
1785136073.1713200
1785136073.1713200
1785136073.1713200
1785136073.1713200
1785136073.1713200
1785136073.1713200
1785136073.1713200
1785136073.1713200
1785136073.1713200
1785136073.1713200
1785136073.1713200
1785136073.1715419
1785136073.1715419
1785136073.1715419
1785136073.1715419
1785136073.1715419
1785136073.1715419
1785136073.1715419
1785136073.1715419
1785136073.1715419
1785136073.1715419
1785136073.1715419
1785136073.1715419
1785136073.1715419
1785136073.1715419
1785136073.1715419
1785136073.1717639
1785136073.1717639
1785136073.1717639
1785136073.1717639
1785136073.1717639
1785136073.1717639
1785136073.1717639
1785136073.1717639
1785136073.1717639
1785136073.1717639
1785136073.1717639
1785136073.1766520
1785136073.1766520
1785136073.1766520
1785136073.1766520
1785136073.1766520
1785136073.1766520
1785136073.1766520
1785136073.1766520
1785136073.1766520
1785136073.1768739
1785136073.1768739
1785136073.1768739
1785136073.1768739
1785136073.1768739
1785136073.1768739
1785136073.1768739
1785136073.1768739
1785136073.1768739
1785136073.1768739
1785136073.1768739
1785136073.1770959
1785136073.1770959
1785136073.1770959
1785136073.1770959
1785136073.1770959
1785136073.1770959
1785136073.1770959
1785136073.1770959
1785136073.1770959
1785136073.1770959
1785136073.1770959
1785136073.1773190
1785136073.1773190
1785136073.1773190
1785136073.1773190
1785136073.1773190
1785136073.1773190
1785136073.1773190
1785136073.1773190
1785136073.1773190
1785136073.1773190
1785136073.1773190
1785136073.1773190
1785136073.1775410
1785136073.1775410
1785136073.1775410
1785136073.1775410
1785136073.1775410
1785136073.1775410
1785136073.1775410
1785136073.1775410
1785136073.1775410
1785136073.1775410
1785136073.1775410
1785136073.1775410
1785136073.1775410
1785136073.1775410
1785136073.1777639
1785136073.1777639
1785136073.1777639
1785136073.1777639
1785136073.1777639
1785136073.1777639
1785136073.1777639
1785136073.1777639
1785136073.1777639
1785136073.1777639
1785136073.1777639
1785136073.1777639
1785136073.1777639
1785136073.1777639
1785136073.1777639
1785136073.1777639
1785136073.1779850
1785136073.1779850
1785136073.1779850
1785136073.1779850
1785136073.1779850
1785136073.1779850
1785136073.1779850
1785136073.1779850
1785136073.1779850
1785136073.1779850
1785136073.1779850
1785136073.1779850
1785136073.1779850
1785136073.1779850
1785136073.1779850
1785136073.1779850
1785136073.1782069
1785136073.1782069
1785136073.1782069
1785136073.1782069
1785136073.1782069
1785136073.1782069
1785136073.1782069
1785136073.1782069
1785136073.1782069
1785136073.1782069
1785136073.1782069
1785136073.1782069
1785136073.1782069
1785136073.1782069
1785136073.1782069
1785136073.1784301
1785136073.1784301
1785136073.1784301
1785136073.1784301
1785136073.1784301
1785136073.1784301
1785136073.1784301
1785136073.1784301
1785136073.1784301
1785136073.1784301
1785136073.1784301
1785136073.1784301
1785136073.1786520
1785136073.1786520
1785136073.1786520
1785136073.1786520
1785136073.1786520
1785136073.1786520
1785136073.1786520
