1785136091.1276419
1785136091.1276419
1785136091.1276419
1785136091.1276419
1785136091.1276419
1785136091.1276419
1785136091.1278639
1785136091.1278639
1785136091.1278639
1785136091.1278639
1785136091.1278639
1785136091.1278639
1785136091.1278639
1785136091.1278639
1785136091.1278639
1785136091.1280870
1785136091.1280870
1785136091.1280870
1785136091.1280870
1785136091.1280870
1785136091.1280870
1785136091.1280870
1785136091.1280870
1785136091.1280870
1785136091.1280870
1785136091.1280870
1785136091.1283081
1785136091.1283081
1785136091.1283081
1785136091.1283081
1785136091.1283081
1785136091.1283081
1785136091.1283081
1785136091.1283081
1785136091.1283081
1785136091.1283081
1785136091.1285310
1785136091.1285310
1785136091.1285310
1785136091.1285310
1785136091.1285310
1785136091.1285310
1785136091.1285310
1785136091.1285310
1785136091.1287529
1785136091.1287529
1785136091.1287529
1785136091.1287529
1785136091.1287529
1785136091.1287529
1785136091.1287529
1785136091.1289749
1785136091.1289749
1785136091.1289749
1785136091.1289749
1785136091.1289749
1785136091.1289749
1785136091.1289749
1785136091.1291969
1785136091.1291969
1785136091.1291969
1785136091.1291969
1785136091.1291969
1785136091.1294200
1785136091.1294200
1785136091.1323080
1785136091.1323080
1785136091.1325300
1785136091.1325300
1785136091.1325300
1785136091.1325300
1785136091.1325300
1785136091.1325300
1785136091.1325300
1785136091.1325300
1785136091.1325300
1785136091.1325300
1785136091.1325300
1785136091.1327529
1785136091.1327529
1785136091.1327529
1785136091.1327529
1785136091.1327529
1785136091.1327529
1785136091.1327529
1785136091.1327529
1785136091.1327529
1785136091.1327529
1785136091.1327529
1785136091.1327529
1785136091.1327529
1785136091.1327529
1785136091.1327529
1785136091.1327529
1785136091.1327529
1785136091.1327529
1785136091.1327529
1785136091.1327529
1785136091.1327529
1785136091.1327529
1785136091.1327529
1785136091.1327529
1785136091.1327529
1785136091.1327529
1785136091.1327529
1785136091.1327529
1785136091.1327529
1785136091.1327529
1785136091.1327529
1785136091.1327529
1785136091.1329739
1785136091.1329739
1785136091.1329739
1785136091.1329739
1785136091.1329739
1785136091.1329739
1785136091.1329739
1785136091.1329739
1785136091.1329739
1785136091.1329739
1785136091.1329739
1785136091.1329739
1785136091.1329739
1785136091.1329739
1785136091.1329739
1785136091.1329739
1785136091.1329739
1785136091.1329739
1785136091.1329739
1785136091.1329739
1785136091.1329739
1785136091.1329739
1785136091.1329739
1785136091.1329739
1785136091.1329739
1785136091.1329739
1785136091.1329739
1785136091.1329739
1785136091.1329739
1785136091.1329739
1785136091.1329739
1785136091.1329739
1785136091.1331971
1785136091.1331971
1785136091.1331971
1785136091.1331971
1785136091.1331971
1785136091.1331971
1785136091.1331971
1785136091.1331971
1785136091.1331971
1785136091.1331971
1785136091.1331971
1785136091.1331971
1785136091.1331971
1785136091.1331971
1785136091.1331971
1785136091.1331971
1785136091.1331971
1785136091.1331971
1785136091.1331971
1785136091.1331971
1785136091.1331971
1785136091.1331971
1785136091.1331971
1785136091.1331971
1785136091.1331971
1785136091.1331971
1785136091.1331971
1785136091.1331971
1785136091.1331971
1785136091.1331971
1785136091.1331971
1785136091.1331971
1785136091.1334190
1785136091.1334190
1785136091.1334190
1785136091.1334190
1785136091.1334190
1785136091.1334190
1785136091.1334190
1785136091.1334190
1785136091.1334190
1785136091.1334190
1785136091.1334190
1785136091.1334190
1785136091.1334190
1785136091.1334190
1785136091.1334190
1785136091.1334190
1785136091.1334190
1785136091.1334190
1785136091.1334190
1785136091.1334190
1785136091.1334190
1785136091.1334190
1785136091.1334190
1785136091.1334190
1785136091.1334190
1785136091.1334190
1785136091.1334190
1785136091.1334190
1785136091.1334190
1785136091.1334190
1785136091.1334190
1785136091.1334190
1785136091.1336410
1785136091.1336410
1785136091.1336410
1785136091.1336410
1785136091.1336410
1785136091.1336410
1785136091.1336410
1785136091.1336410
1785136091.1336410
1785136091.1336410
1785136091.1336410
1785136091.1336410
1785136091.1336410
1785136091.1336410
1785136091.1336410
1785136091.1336410
1785136091.1336410
1785136091.1336410
1785136091.1336410
1785136091.1336410
1785136091.1336410
1785136091.1336410
1785136091.1336410
1785136091.1336410
1785136091.1336410
1785136091.1336410
1785136091.1336410
1785136091.1336410
1785136091.1336410
1785136091.1336410
1785136091.1336410
1785136091.1336410
1785136091.1338630
1785136091.1338630
1785136091.1338630
1785136091.1338630
1785136091.1338630
1785136091.1338630
1785136091.1338630
1785136091.1338630
1785136091.1338630
1785136091.1338630
1785136091.1338630
1785136091.1338630
1785136091.1338630
1785136091.1338630
1785136091.1338630
1785136091.1338630
1785136091.1338630
1785136091.1338630
1785136091.1338630
1785136091.1338630
1785136091.1338630
1785136091.1338630
1785136091.1338630
1785136091.1338630
1785136091.1338630
1785136091.1338630
1785136091.1338630
1785136091.1338630
1785136091.1338630
1785136091.1338630
1785136091.1338630
1785136091.1338630
1785136091.1340859
1785136091.1340859
1785136091.1340859
1785136091.1340859
1785136091.1340859
1785136091.1340859
1785136091.1340859
1785136091.1340859
1785136091.1340859
1785136091.1340859
1785136091.1340859
1785136091.1340859
1785136091.1340859
1785136091.1340859
1785136091.1340859
1785136091.1340859
1785136091.1340859
1785136091.1340859
1785136091.1340859
1785136091.1340859
1785136091.1340859
1785136091.1340859
1785136091.1340859
1785136091.1340859
1785136091.1340859
1785136091.1340859
1785136091.1340859
1785136091.1340859
1785136091.1340859
1785136091.1340859
1785136091.1340859
1785136091.1340859
1785136091.1340859
1785136091.1340859
1785136091.1340859
1785136091.1343081
1785136091.1343081
1785136091.1343081
1785136091.1343081
1785136091.1343081
1785136091.1343081
1785136091.1343081
1785136091.1343081
1785136091.1343081
1785136091.1343081
1785136091.1343081
1785136091.1343081
1785136091.1343081
1785136091.1343081
1785136091.1343081
1785136091.1343081
1785136091.1343081
1785136091.1343081
1785136091.1343081
1785136091.1343081
1785136091.1343081
1785136091.1343081
1785136091.1343081
1785136091.1343081
1785136091.1343081
1785136091.1343081
1785136091.1343081
1785136091.1343081
1785136091.1343081
1785136091.1343081
1785136091.1343081
1785136091.1343081
1785136091.1343081
1785136091.1343081
1785136091.1343081
1785136091.1343081
1785136091.1343081
1785136091.1343081
1785136091.1343081
1785136091.1343081
1785136091.1343081
1785136091.1343081
1785136091.1343081
1785136091.1343081
1785136091.1343081
1785136091.1343081
1785136091.1343081
1785136091.1343081
1785136091.1345301
1785136091.1345301
1785136091.1345301
1785136091.1345301
1785136091.1345301
1785136091.1345301
1785136091.1345301
1785136091.1345301
1785136091.1345301
1785136091.1345301
1785136091.1345301
1785136091.1345301
1785136091.1345301
1785136091.1345301
1785136091.1345301
1785136091.1345301
1785136091.1345301
1785136091.1345301
1785136091.1345301
1785136091.1345301
1785136091.1345301
1785136091.1345301
1785136091.1345301
1785136091.1345301
1785136091.1345301
1785136091.1345301
1785136091.1345301
1785136091.1345301
1785136091.1345301
1785136091.1345301
1785136091.1345301
1785136091.1345301
1785136091.1345301
1785136091.1345301
1785136091.1345301
1785136091.1345301
1785136091.1345301
1785136091.1345301
1785136091.1345301
1785136091.1345301
1785136091.1345301
1785136091.1345301
1785136091.1345301
1785136091.1345301
1785136091.1345301
1785136091.1345301
1785136091.1345301
1785136091.1347520
1785136091.1347520
1785136091.1347520
1785136091.1347520
1785136091.1347520
1785136091.1347520
1785136091.1347520
1785136091.1347520
1785136091.1347520
1785136091.1347520
1785136091.1347520
1785136091.1347520
1785136091.1347520
1785136091.1347520
1785136091.1347520
1785136091.1347520
1785136091.1347520
1785136091.1347520
1785136091.1347520
1785136091.1347520
1785136091.1347520
1785136091.1347520
1785136091.1347520
1785136091.1347520
1785136091.1347520
1785136091.1347520
1785136091.1347520
1785136091.1347520
1785136091.1347520
1785136091.1347520
1785136091.1347520
1785136091.1347520
1785136091.1347520
1785136091.1347520
1785136091.1347520
1785136091.1347520
1785136091.1347520
1785136091.1347520
1785136091.1347520
1785136091.1347520
1785136091.1347520
1785136091.1347520
1785136091.1347520
1785136091.1347520
1785136091.1347520
1785136091.1347520
1785136091.1347520
1785136091.1347520
1785136091.1349750
1785136091.1349750
1785136091.1349750
1785136091.1349750
1785136091.1349750
1785136091.1349750
1785136091.1349750
1785136091.1349750
1785136091.1349750
1785136091.1349750
1785136091.1349750
1785136091.1349750
1785136091.1349750
1785136091.1349750
1785136091.1349750
1785136091.1349750
1785136091.1349750
1785136091.1349750
1785136091.1349750
1785136091.1349750
1785136091.1349750
1785136091.1349750
1785136091.1349750
1785136091.1349750
1785136091.1349750
1785136091.1349750
1785136091.1349750
1785136091.1349750
1785136091.1349750
1785136091.1349750
1785136091.1349750
1785136091.1349750
1785136091.1349750
1785136091.1349750
1785136091.1349750
1785136091.1349750
1785136091.1349750
1785136091.1349750
1785136091.1349750
1785136091.1349750
1785136091.1349750
1785136091.1349750
1785136091.1349750
1785136091.1349750
1785136091.1349750
1785136091.1349750
1785136091.1349750
1785136091.1349750
1785136091.1349750
1785136091.1351969
1785136091.1351969
1785136091.1351969
1785136091.1351969
1785136091.1351969
1785136091.1351969
1785136091.1351969
1785136091.1351969
1785136091.1351969
1785136091.1351969
1785136091.1351969
1785136091.1351969
1785136091.1351969
1785136091.1351969
1785136091.1351969
1785136091.1351969
1785136091.1351969
1785136091.1351969
1785136091.1351969
1785136091.1351969
1785136091.1351969
1785136091.1351969
1785136091.1351969
1785136091.1351969
1785136091.1351969
1785136091.1351969
1785136091.1351969
1785136091.1351969
1785136091.1351969
1785136091.1351969
1785136091.1351969
1785136091.1351969
1785136091.1351969
1785136091.1351969
1785136091.1351969
1785136091.1351969
1785136091.1351969
1785136091.1351969
1785136091.1351969
1785136091.1351969
1785136091.1351969
1785136091.1351969
1785136091.1351969
1785136091.1351969
1785136091.1351969
1785136091.1351969
1785136091.1351969
1785136091.1351969
1785136091.1351969
1785136091.1354179
1785136091.1354179
1785136091.1354179
1785136091.1354179
1785136091.1354179
1785136091.1354179
1785136091.1354179
1785136091.1354179
1785136091.1354179
1785136091.1354179
1785136091.1354179
1785136091.1354179
1785136091.1354179
1785136091.1354179
1785136091.1354179
1785136091.1354179
1785136091.1354179
1785136091.1354179
1785136091.1354179
1785136091.1354179
1785136091.1354179
1785136091.1354179
1785136091.1354179
1785136091.1354179
1785136091.1354179
1785136091.1354179
1785136091.1354179
1785136091.1354179
1785136091.1354179
1785136091.1354179
1785136091.1354179
1785136091.1354179
1785136091.1354179
1785136091.1354179
1785136091.1354179
1785136091.1354179
1785136091.1354179
1785136091.1354179
1785136091.1354179
1785136091.1354179
1785136091.1354179
1785136091.1354179
1785136091.1354179
1785136091.1354179
1785136091.1354179
1785136091.1354179
1785136091.1354179
1785136091.1354179
1785136091.1354179
1785136091.1356411
1785136091.1356411
1785136091.1356411
1785136091.1356411
1785136091.1356411
1785136091.1356411
1785136091.1356411
1785136091.1356411
1785136091.1356411
1785136091.1356411
1785136091.1356411
1785136091.1356411
1785136091.1356411
1785136091.1356411
1785136091.1356411
1785136091.1356411
1785136091.1356411
1785136091.1356411
1785136091.1356411
1785136091.1356411
1785136091.1356411
1785136091.1356411
1785136091.1356411
1785136091.1356411
1785136091.1356411
1785136091.1356411
1785136091.1356411
1785136091.1356411
1785136091.1356411
1785136091.1356411
1785136091.1356411
1785136091.1356411
1785136091.1356411
1785136091.1356411
1785136091.1356411
1785136091.1356411
1785136091.1356411
1785136091.1356411
1785136091.1356411
1785136091.1356411
1785136091.1356411
1785136091.1356411
1785136091.1356411
1785136091.1356411
1785136091.1356411
1785136091.1356411
1785136091.1356411
1785136091.1356411
1785136091.1356411
1785136091.1358621
1785136091.1358621
1785136091.1358621
1785136091.1358621
1785136091.1358621
1785136091.1358621
1785136091.1358621
1785136091.1358621
1785136091.1358621
1785136091.1358621
1785136091.1358621
1785136091.1358621
1785136091.1358621
1785136091.1358621
1785136091.1358621
1785136091.1358621
1785136091.1358621
1785136091.1358621
1785136091.1358621
1785136091.1358621
1785136091.1358621
1785136091.1358621
1785136091.1358621
1785136091.1358621
1785136091.1358621
1785136091.1358621
1785136091.1358621
1785136091.1358621
1785136091.1358621
1785136091.1358621
1785136091.1358621
1785136091.1358621
1785136091.1358621
1785136091.1358621
1785136091.1358621
1785136091.1358621
1785136091.1358621
1785136091.1358621
1785136091.1358621
1785136091.1358621
1785136091.1358621
1785136091.1358621
1785136091.1358621
1785136091.1358621
1785136091.1358621
1785136091.1358621
1785136091.1358621
1785136091.1358621
1785136091.1358621
1785136091.1360850
1785136091.1360850
1785136091.1360850
1785136091.1360850
1785136091.1360850
1785136091.1360850
1785136091.1360850
1785136091.1360850
1785136091.1360850
1785136091.1360850
1785136091.1360850
1785136091.1360850
1785136091.1360850
1785136091.1360850
1785136091.1360850
1785136091.1360850
1785136091.1360850
1785136091.1360850
1785136091.1360850
1785136091.1360850
1785136091.1360850
1785136091.1360850
1785136091.1360850
1785136091.1360850
1785136091.1360850
1785136091.1360850
1785136091.1360850
1785136091.1360850
1785136091.1360850
1785136091.1360850
1785136091.1360850
1785136091.1360850
1785136091.1360850
1785136091.1360850
1785136091.1360850
1785136091.1360850
1785136091.1360850
1785136091.1360850
1785136091.1360850
1785136091.1360850
1785136091.1360850
1785136091.1360850
1785136091.1360850
1785136091.1360850
1785136091.1360850
1785136091.1360850
1785136091.1360850
1785136091.1360850
1785136091.1360850
1785136091.1363070
1785136091.1363070
1785136091.1363070
1785136091.1363070
1785136091.1363070
1785136091.1363070
1785136091.1363070
1785136091.1363070
1785136091.1363070
1785136091.1363070
1785136091.1363070
1785136091.1363070
1785136091.1363070
1785136091.1363070
1785136091.1363070
1785136091.1363070
1785136091.1363070
1785136091.1363070
1785136091.1363070
1785136091.1363070
1785136091.1363070
1785136091.1363070
1785136091.1363070
1785136091.1363070
1785136091.1363070
1785136091.1363070
1785136091.1363070
1785136091.1363070
1785136091.1363070
1785136091.1363070
1785136091.1363070
1785136091.1363070
1785136091.1363070
1785136091.1363070
1785136091.1363070
1785136091.1363070
1785136091.1363070
1785136091.1363070
1785136091.1363070
1785136091.1363070
1785136091.1363070
1785136091.1363070
1785136091.1363070
1785136091.1363070
1785136091.1363070
1785136091.1363070
1785136091.1363070
1785136091.1363070
1785136091.1363070
1785136091.1365299
1785136091.1365299
1785136091.1365299
1785136091.1365299
1785136091.1365299
1785136091.1365299
1785136091.1365299
1785136091.1365299
1785136091.1365299
1785136091.1365299
1785136091.1365299
1785136091.1365299
1785136091.1365299
1785136091.1365299
1785136091.1365299
1785136091.1365299
1785136091.1365299
1785136091.1365299
1785136091.1365299
1785136091.1365299
1785136091.1365299
1785136091.1365299
1785136091.1365299
1785136091.1365299
1785136091.1365299
1785136091.1365299
1785136091.1365299
1785136091.1365299
1785136091.1365299
1785136091.1365299
1785136091.1365299
1785136091.1365299
1785136091.1365299
1785136091.1365299
1785136091.1365299
1785136091.1365299
1785136091.1365299
1785136091.1365299
1785136091.1365299
1785136091.1365299
1785136091.1365299
1785136091.1365299
1785136091.1365299
1785136091.1365299
1785136091.1365299
1785136091.1365299
1785136091.1365299
1785136091.1365299
1785136091.1367519
1785136091.1367519
1785136091.1367519
1785136091.1367519
1785136091.1367519
1785136091.1367519
1785136091.1367519
1785136091.1367519
1785136091.1367519
1785136091.1367519
1785136091.1367519
1785136091.1367519
1785136091.1367519
1785136091.1367519
1785136091.1367519
1785136091.1367519
1785136091.1367519
1785136091.1367519
1785136091.1367519
1785136091.1367519
1785136091.1367519
1785136091.1367519
1785136091.1367519
1785136091.1367519
1785136091.1367519
1785136091.1367519
1785136091.1367519
1785136091.1367519
1785136091.1367519
1785136091.1367519
1785136091.1367519
1785136091.1367519
1785136091.1367519
1785136091.1367519
1785136091.1367519
1785136091.1367519
1785136091.1367519
1785136091.1367519
1785136091.1367519
1785136091.1367519
1785136091.1367519
1785136091.1367519
1785136091.1367519
1785136091.1367519
1785136091.1367519
1785136091.1367519
1785136091.1367519
1785136091.1367519
1785136091.1369741
1785136091.1369741
1785136091.1369741
1785136091.1369741
1785136091.1369741
1785136091.1369741
1785136091.1369741
1785136091.1369741
1785136091.1369741
1785136091.1369741
1785136091.1369741
1785136091.1369741
1785136091.1369741
1785136091.1369741
1785136091.1369741
1785136091.1369741
1785136091.1369741
1785136091.1369741
1785136091.1369741
1785136091.1369741
1785136091.1369741
1785136091.1369741
1785136091.1369741
1785136091.1369741
1785136091.1369741
1785136091.1369741
1785136091.1369741
1785136091.1369741
1785136091.1369741
1785136091.1369741
1785136091.1369741
1785136091.1369741
1785136091.1369741
1785136091.1369741
1785136091.1369741
1785136091.1369741
1785136091.1369741
1785136091.1369741
1785136091.1369741
1785136091.1369741
1785136091.1369741
1785136091.1369741
1785136091.1369741
1785136091.1369741
1785136091.1369741
1785136091.1369741
1785136091.1369741
1785136091.1369741
1785136091.1371961
1785136091.1371961
1785136091.1371961
1785136091.1371961
1785136091.1371961
1785136091.1371961
1785136091.1371961
1785136091.1371961
1785136091.1371961
1785136091.1371961
1785136091.1371961
1785136091.1371961
1785136091.1371961
1785136091.1371961
1785136091.1371961
1785136091.1371961
1785136091.1371961
1785136091.1371961
1785136091.1371961
1785136091.1371961
1785136091.1371961
1785136091.1371961
1785136091.1371961
1785136091.1371961
1785136091.1371961
1785136091.1371961
1785136091.1371961
1785136091.1371961
1785136091.1371961
1785136091.1371961
1785136091.1371961
1785136091.1371961
1785136091.1371961
1785136091.1371961
1785136091.1371961
1785136091.1371961
1785136091.1371961
1785136091.1371961
1785136091.1371961
1785136091.1371961
1785136091.1371961
1785136091.1371961
1785136091.1371961
1785136091.1371961
1785136091.1371961
1785136091.1371961
1785136091.1371961
1785136091.1371961
1785136091.1374190
1785136091.1374190
1785136091.1374190
1785136091.1374190
1785136091.1374190
1785136091.1374190
1785136091.1374190
1785136091.1374190
1785136091.1374190
1785136091.1374190
1785136091.1374190
1785136091.1374190
1785136091.1374190
1785136091.1374190
1785136091.1374190
1785136091.1374190
1785136091.1374190
1785136091.1374190
1785136091.1374190
1785136091.1374190
1785136091.1374190
1785136091.1374190
1785136091.1374190
1785136091.1374190
1785136091.1374190
1785136091.1374190
1785136091.1374190
1785136091.1374190
1785136091.1374190
1785136091.1374190
1785136091.1374190
1785136091.1374190
1785136091.1374190
1785136091.1374190
1785136091.1374190
1785136091.1374190
1785136091.1374190
1785136091.1374190
1785136091.1374190
1785136091.1374190
1785136091.1374190
1785136091.1374190
1785136091.1374190
1785136091.1374190
1785136091.1374190
1785136091.1374190
1785136091.1374190
1785136091.1374190
1785136091.1376410
1785136091.1376410
1785136091.1376410
1785136091.1376410
1785136091.1376410
1785136091.1376410
1785136091.1376410
1785136091.1376410
1785136091.1376410
1785136091.1376410
1785136091.1376410
1785136091.1376410
1785136091.1376410
1785136091.1376410
1785136091.1376410
1785136091.1376410
1785136091.1376410
1785136091.1376410
1785136091.1376410
1785136091.1376410
1785136091.1376410
1785136091.1376410
1785136091.1376410
1785136091.1376410
1785136091.1376410
1785136091.1376410
1785136091.1376410
1785136091.1376410
1785136091.1376410
1785136091.1376410
1785136091.1376410
1785136091.1376410
1785136091.1376410
1785136091.1376410
1785136091.1376410
1785136091.1376410
1785136091.1376410
1785136091.1376410
1785136091.1376410
1785136091.1376410
1785136091.1376410
1785136091.1376410
1785136091.1376410
1785136091.1376410
1785136091.1376410
1785136091.1376410
1785136091.1376410
1785136091.1376410
1785136091.1376410
1785136091.1376410
1785136091.1376410
1785136091.1376410
1785136091.1378620
1785136091.1378620
1785136091.1378620
1785136091.1378620
1785136091.1378620
1785136091.1378620
1785136091.1378620
1785136091.1378620
1785136091.1378620
1785136091.1378620
1785136091.1378620
1785136091.1378620
1785136091.1378620
1785136091.1378620
1785136091.1378620
1785136091.1378620
1785136091.1378620
1785136091.1378620
1785136091.1378620
1785136091.1378620
1785136091.1378620
1785136091.1378620
1785136091.1378620
1785136091.1378620
1785136091.1378620
1785136091.1378620
1785136091.1378620
1785136091.1378620
1785136091.1378620
1785136091.1378620
1785136091.1378620
1785136091.1378620
1785136091.1378620
1785136091.1378620
1785136091.1378620
1785136091.1378620
1785136091.1378620
1785136091.1378620
1785136091.1378620
1785136091.1378620
1785136091.1378620
1785136091.1378620
1785136091.1378620
1785136091.1378620
1785136091.1378620
1785136091.1378620
1785136091.1378620
1785136091.1378620
1785136091.1378620
1785136091.1378620
1785136091.1378620
1785136091.1380849
1785136091.1380849
1785136091.1380849
1785136091.1380849
1785136091.1380849
1785136091.1380849
1785136091.1380849
1785136091.1380849
1785136091.1380849
1785136091.1380849
1785136091.1380849
1785136091.1380849
1785136091.1380849
1785136091.1380849
1785136091.1380849
1785136091.1380849
1785136091.1380849
1785136091.1380849
1785136091.1380849
1785136091.1380849
1785136091.1380849
1785136091.1380849
1785136091.1380849
1785136091.1380849
1785136091.1380849
1785136091.1380849
1785136091.1380849
1785136091.1380849
1785136091.1380849
1785136091.1380849
1785136091.1380849
1785136091.1380849
1785136091.1380849
1785136091.1380849
1785136091.1380849
1785136091.1380849
1785136091.1380849
1785136091.1380849
1785136091.1380849
1785136091.1380849
1785136091.1380849
1785136091.1380849
1785136091.1380849
1785136091.1380849
1785136091.1380849
1785136091.1380849
1785136091.1380849
1785136091.1380849
1785136091.1380849
1785136091.1380849
1785136091.1380849
1785136091.1383071
1785136091.1383071
1785136091.1383071
1785136091.1383071
1785136091.1383071
1785136091.1383071
1785136091.1383071
1785136091.1383071
1785136091.1383071
1785136091.1383071
1785136091.1383071
1785136091.1383071
1785136091.1383071
1785136091.1383071
1785136091.1383071
1785136091.1383071
1785136091.1383071
1785136091.1383071
1785136091.1383071
1785136091.1383071
1785136091.1383071
1785136091.1383071
1785136091.1383071
1785136091.1383071
1785136091.1383071
1785136091.1383071
1785136091.1383071
1785136091.1383071
1785136091.1383071
1785136091.1383071
1785136091.1383071
1785136091.1383071
1785136091.1383071
1785136091.1383071
1785136091.1383071
1785136091.1383071
1785136091.1383071
1785136091.1383071
1785136091.1383071
1785136091.1383071
1785136091.1383071
1785136091.1383071
1785136091.1383071
1785136091.1383071
1785136091.1383071
1785136091.1383071
1785136091.1383071
1785136091.1383071
1785136091.1383071
1785136091.1383071
1785136091.1383071
1785136091.1385281
1785136091.1385281
1785136091.1385281
1785136091.1385281
1785136091.1385281
1785136091.1385281
1785136091.1385281
1785136091.1385281
1785136091.1385281
1785136091.1385281
1785136091.1385281
1785136091.1385281
1785136091.1385281
1785136091.1385281
1785136091.1385281
1785136091.1385281
1785136091.1385281
1785136091.1385281
1785136091.1385281
1785136091.1385281
1785136091.1385281
1785136091.1385281
1785136091.1385281
1785136091.1385281
1785136091.1385281
1785136091.1385281
1785136091.1385281
1785136091.1385281
1785136091.1385281
1785136091.1385281
1785136091.1385281
1785136091.1385281
1785136091.1385281
1785136091.1385281
1785136091.1385281
1785136091.1385281
1785136091.1385281
1785136091.1385281
1785136091.1385281
1785136091.1385281
1785136091.1385281
1785136091.1385281
1785136091.1385281
1785136091.1385281
1785136091.1385281
1785136091.1385281
1785136091.1385281
1785136091.1385281
1785136091.1387520
1785136091.1387520
1785136091.1387520
1785136091.1387520
1785136091.1387520
1785136091.1387520
1785136091.1387520
1785136091.1387520
1785136091.1387520
1785136091.1387520
1785136091.1387520
1785136091.1387520
1785136091.1387520
1785136091.1387520
1785136091.1387520
1785136091.1387520
1785136091.1387520
1785136091.1387520
1785136091.1387520
1785136091.1387520
1785136091.1387520
1785136091.1387520
1785136091.1387520
1785136091.1387520
1785136091.1387520
1785136091.1387520
1785136091.1387520
1785136091.1387520
1785136091.1387520
1785136091.1387520
1785136091.1387520
1785136091.1387520
1785136091.1387520
1785136091.1387520
1785136091.1387520
1785136091.1387520
1785136091.1387520
1785136091.1387520
1785136091.1387520
1785136091.1387520
1785136091.1387520
1785136091.1387520
1785136091.1387520
1785136091.1387520
1785136091.1387520
1785136091.1387520
1785136091.1387520
1785136091.1389740
1785136091.1389740
1785136091.1389740
1785136091.1389740
1785136091.1389740
1785136091.1389740
1785136091.1389740
1785136091.1389740
1785136091.1389740
1785136091.1389740
1785136091.1389740
1785136091.1389740
1785136091.1389740
1785136091.1389740
1785136091.1389740
1785136091.1389740
1785136091.1389740
1785136091.1389740
1785136091.1389740
1785136091.1389740
1785136091.1389740
1785136091.1389740
1785136091.1389740
1785136091.1389740
1785136091.1389740
1785136091.1389740
1785136091.1389740
1785136091.1389740
1785136091.1389740
1785136091.1389740
1785136091.1389740
1785136091.1389740
1785136091.1389740
1785136091.1389740
1785136091.1389740
1785136091.1389740
1785136091.1389740
1785136091.1389740
1785136091.1389740
1785136091.1389740
1785136091.1389740
1785136091.1389740
1785136091.1389740
1785136091.1389740
1785136091.1389740
1785136091.1389740
1785136091.1389740
1785136091.1391959
1785136091.1391959
1785136091.1391959
1785136091.1391959
1785136091.1391959
1785136091.1391959
1785136091.1391959
1785136091.1391959
1785136091.1391959
1785136091.1391959
1785136091.1391959
1785136091.1391959
1785136091.1391959
1785136091.1391959
1785136091.1391959
1785136091.1391959
1785136091.1391959
1785136091.1391959
1785136091.1391959
1785136091.1391959
1785136091.1391959
1785136091.1391959
1785136091.1391959
1785136091.1391959
1785136091.1391959
1785136091.1391959
1785136091.1391959
1785136091.1391959
1785136091.1391959
1785136091.1391959
1785136091.1391959
1785136091.1391959
1785136091.1391959
1785136091.1391959
1785136091.1391959
1785136091.1391959
1785136091.1391959
1785136091.1391959
1785136091.1391959
1785136091.1391959
1785136091.1391959
1785136091.1391959
1785136091.1391959
1785136091.1391959
1785136091.1391959
1785136091.1391959
1785136091.1391959
1785136091.1394179
1785136091.1394179
1785136091.1394179
1785136091.1394179
1785136091.1394179
1785136091.1394179
1785136091.1394179
1785136091.1394179
1785136091.1394179
1785136091.1394179
1785136091.1394179
1785136091.1394179
1785136091.1394179
1785136091.1394179
1785136091.1394179
1785136091.1394179
1785136091.1394179
1785136091.1394179
1785136091.1394179
1785136091.1394179
1785136091.1394179
1785136091.1394179
1785136091.1394179
1785136091.1394179
1785136091.1394179
1785136091.1394179
1785136091.1394179
1785136091.1394179
1785136091.1394179
1785136091.1394179
1785136091.1394179
1785136091.1394179
1785136091.1394179
1785136091.1394179
1785136091.1394179
1785136091.1394179
1785136091.1394179
1785136091.1394179
1785136091.1394179
1785136091.1394179
1785136091.1394179
1785136091.1394179
1785136091.1394179
1785136091.1394179
1785136091.1394179
1785136091.1394179
1785136091.1396401
1785136091.1396401
1785136091.1396401
1785136091.1396401
1785136091.1396401
1785136091.1396401
1785136091.1396401
1785136091.1396401
1785136091.1396401
1785136091.1396401
1785136091.1396401
1785136091.1396401
1785136091.1396401
1785136091.1396401
1785136091.1396401
1785136091.1396401
1785136091.1396401
1785136091.1396401
1785136091.1396401
1785136091.1396401
1785136091.1396401
1785136091.1396401
1785136091.1396401
1785136091.1396401
1785136091.1396401
1785136091.1396401
1785136091.1396401
1785136091.1396401
1785136091.1396401
1785136091.1396401
1785136091.1396401
1785136091.1396401
1785136091.1396401
1785136091.1396401
1785136091.1396401
1785136091.1396401
1785136091.1396401
1785136091.1396401
1785136091.1396401
1785136091.1396401
1785136091.1396401
1785136091.1396401
1785136091.1396401
1785136091.1396401
1785136091.1396401
1785136091.1396401
1785136091.1398621
1785136091.1398621
1785136091.1398621
1785136091.1398621
1785136091.1398621
1785136091.1398621
1785136091.1398621
1785136091.1398621
1785136091.1398621
1785136091.1398621
1785136091.1398621
1785136091.1398621
1785136091.1398621
1785136091.1398621
1785136091.1398621
1785136091.1398621
1785136091.1398621
1785136091.1398621
1785136091.1398621
1785136091.1398621
1785136091.1398621
1785136091.1398621
1785136091.1398621
1785136091.1398621
1785136091.1398621
1785136091.1398621
1785136091.1398621
1785136091.1398621
1785136091.1398621
1785136091.1398621
1785136091.1398621
1785136091.1398621
1785136091.1398621
1785136091.1398621
1785136091.1398621
1785136091.1398621
1785136091.1398621
1785136091.1398621
1785136091.1398621
1785136091.1398621
1785136091.1398621
1785136091.1398621
1785136091.1398621
1785136091.1398621
1785136091.1398621
1785136091.1398621
1785136091.1400840
1785136091.1400840
1785136091.1400840
1785136091.1400840
1785136091.1400840
1785136091.1400840
1785136091.1400840
1785136091.1400840
1785136091.1400840
1785136091.1400840
1785136091.1400840
1785136091.1400840
1785136091.1400840
1785136091.1400840
1785136091.1400840
1785136091.1400840
1785136091.1400840
1785136091.1400840
1785136091.1400840
1785136091.1400840
1785136091.1400840
1785136091.1400840
1785136091.1400840
1785136091.1400840
1785136091.1400840
1785136091.1400840
1785136091.1400840
1785136091.1400840
1785136091.1400840
1785136091.1400840
1785136091.1400840
1785136091.1400840
1785136091.1400840
1785136091.1400840
1785136091.1400840
1785136091.1400840
1785136091.1400840
1785136091.1400840
1785136091.1400840
1785136091.1400840
1785136091.1400840
1785136091.1400840
1785136091.1400840
1785136091.1400840
1785136091.1400840
1785136091.1400840
1785136091.1403069
1785136091.1403069
1785136091.1403069
1785136091.1403069
1785136091.1403069
1785136091.1403069
1785136091.1403069
1785136091.1403069
1785136091.1403069
1785136091.1403069
1785136091.1403069
1785136091.1403069
1785136091.1403069
1785136091.1403069
1785136091.1403069
1785136091.1403069
1785136091.1403069
1785136091.1403069
1785136091.1403069
1785136091.1403069
1785136091.1403069
1785136091.1403069
1785136091.1403069
1785136091.1403069
1785136091.1403069
1785136091.1403069
1785136091.1403069
1785136091.1403069
1785136091.1403069
1785136091.1403069
1785136091.1403069
1785136091.1403069
1785136091.1403069
1785136091.1403069
1785136091.1403069
1785136091.1403069
1785136091.1403069
1785136091.1403069
1785136091.1403069
1785136091.1403069
1785136091.1403069
1785136091.1403069
1785136091.1403069
1785136091.1403069
1785136091.1403069
1785136091.1403069
1785136091.1405280
1785136091.1405280
1785136091.1405280
1785136091.1405280
1785136091.1405280
1785136091.1405280
1785136091.1405280
1785136091.1405280
1785136091.1405280
1785136091.1405280
1785136091.1405280
1785136091.1405280
1785136091.1405280
1785136091.1405280
1785136091.1405280
1785136091.1405280
1785136091.1405280
1785136091.1405280
1785136091.1405280
1785136091.1405280
1785136091.1405280
1785136091.1405280
1785136091.1405280
1785136091.1405280
1785136091.1405280
1785136091.1405280
1785136091.1405280
1785136091.1405280
1785136091.1405280
1785136091.1405280
1785136091.1405280
1785136091.1405280
1785136091.1405280
1785136091.1405280
1785136091.1405280
1785136091.1405280
1785136091.1405280
1785136091.1405280
1785136091.1405280
1785136091.1405280
1785136091.1405280
1785136091.1405280
1785136091.1405280
1785136091.1405280
1785136091.1405280
1785136091.1405280
1785136091.1405280
1785136091.1407509
1785136091.1407509
1785136091.1407509
1785136091.1407509
1785136091.1407509
1785136091.1407509
1785136091.1407509
1785136091.1407509
1785136091.1407509
1785136091.1407509
1785136091.1407509
1785136091.1407509
1785136091.1407509
1785136091.1407509
1785136091.1407509
1785136091.1407509
1785136091.1407509
1785136091.1407509
1785136091.1407509
1785136091.1407509
1785136091.1407509
1785136091.1407509
1785136091.1407509
1785136091.1407509
1785136091.1407509
1785136091.1407509
1785136091.1407509
1785136091.1407509
1785136091.1407509
1785136091.1407509
1785136091.1407509
1785136091.1407509
1785136091.1407509
1785136091.1407509
1785136091.1407509
1785136091.1407509
1785136091.1407509
1785136091.1407509
1785136091.1407509
1785136091.1407509
1785136091.1407509
1785136091.1407509
1785136091.1407509
1785136091.1407509
1785136091.1407509
1785136091.1407509
1785136091.1407509
1785136091.1407509
1785136091.1407509
1785136091.1407509
1785136091.1407509
1785136091.1407509
1785136091.1407509
1785136091.1407509
1785136091.1407509
1785136091.1407509
1785136091.1407509
1785136091.1409731
1785136091.1409731
1785136091.1409731
1785136091.1409731
1785136091.1409731
1785136091.1409731
1785136091.1409731
1785136091.1409731
1785136091.1409731
1785136091.1409731
1785136091.1409731
1785136091.1409731
1785136091.1409731
1785136091.1409731
1785136091.1409731
1785136091.1409731
1785136091.1409731
1785136091.1409731
1785136091.1409731
1785136091.1409731
1785136091.1409731
1785136091.1409731
1785136091.1409731
1785136091.1409731
1785136091.1409731
1785136091.1409731
1785136091.1409731
1785136091.1409731
1785136091.1409731
1785136091.1409731
1785136091.1409731
1785136091.1409731
1785136091.1409731
1785136091.1409731
1785136091.1409731
1785136091.1409731
1785136091.1409731
1785136091.1409731
1785136091.1409731
1785136091.1409731
1785136091.1409731
1785136091.1409731
1785136091.1409731
1785136091.1409731
1785136091.1409731
1785136091.1409731
1785136091.1409731
1785136091.1409731
1785136091.1409731
1785136091.1409731
1785136091.1409731
1785136091.1409731
1785136091.1409731
1785136091.1409731
1785136091.1409731
1785136091.1409731
1785136091.1409731
1785136091.1409731
1785136091.1409731
1785136091.1409731
1785136091.1409731
1785136091.1409731
1785136091.1409731
1785136091.1409731
1785136091.1409731
1785136091.1409731
1785136091.1409731
1785136091.1409731
1785136091.1409731
1785136091.1409731
1785136091.1409731
1785136091.1409731
1785136091.1409731
1785136091.1411951
1785136091.1411951
1785136091.1411951
1785136091.1411951
1785136091.1411951
1785136091.1411951
1785136091.1411951
1785136091.1411951
1785136091.1411951
1785136091.1411951
1785136091.1411951
1785136091.1411951
1785136091.1411951
1785136091.1411951
1785136091.1411951
1785136091.1411951
1785136091.1411951
1785136091.1411951
1785136091.1411951
1785136091.1411951
1785136091.1411951
1785136091.1411951
1785136091.1411951
1785136091.1411951
1785136091.1411951
1785136091.1411951
1785136091.1411951
1785136091.1411951
1785136091.1411951
1785136091.1411951
1785136091.1411951
1785136091.1411951
1785136091.1411951
1785136091.1411951
1785136091.1411951
1785136091.1411951
1785136091.1411951
1785136091.1411951
1785136091.1411951
1785136091.1411951
1785136091.1411951
1785136091.1411951
1785136091.1411951
1785136091.1411951
1785136091.1411951
1785136091.1411951
1785136091.1411951
1785136091.1411951
1785136091.1411951
1785136091.1411951
1785136091.1411951
1785136091.1411951
1785136091.1411951
1785136091.1411951
1785136091.1411951
1785136091.1411951
1785136091.1411951
1785136091.1411951
1785136091.1414170
1785136091.1414170
1785136091.1414170
1785136091.1414170
1785136091.1414170
1785136091.1414170
1785136091.1414170
1785136091.1414170
1785136091.1414170
1785136091.1414170
1785136091.1414170
1785136091.1414170
1785136091.1414170
1785136091.1414170
1785136091.1414170
1785136091.1414170
1785136091.1414170
1785136091.1414170
1785136091.1414170
1785136091.1414170
1785136091.1414170
1785136091.1414170
1785136091.1414170
1785136091.1414170
1785136091.1414170
1785136091.1414170
1785136091.1414170
1785136091.1414170
1785136091.1414170
1785136091.1414170
1785136091.1414170
1785136091.1414170
1785136091.1414170
1785136091.1414170
1785136091.1414170
1785136091.1414170
1785136091.1414170
1785136091.1414170
1785136091.1414170
1785136091.1414170
1785136091.1414170
1785136091.1414170
1785136091.1414170
1785136091.1414170
1785136091.1414170
1785136091.1414170
1785136091.1414170
1785136091.1414170
1785136091.1414170
1785136091.1414170
1785136091.1414170
1785136091.1414170
1785136091.1414170
1785136091.1414170
1785136091.1414170
1785136091.1414170
1785136091.1414170
1785136091.1414170
1785136091.1414170
1785136091.1414170
1785136091.1416399
1785136091.1416399
1785136091.1416399
1785136091.1416399
1785136091.1416399
1785136091.1416399
1785136091.1416399
1785136091.1416399
1785136091.1416399
1785136091.1416399
1785136091.1416399
1785136091.1416399
1785136091.1416399
1785136091.1416399
1785136091.1416399
1785136091.1416399
1785136091.1416399
1785136091.1416399
1785136091.1416399
1785136091.1416399
1785136091.1416399
1785136091.1416399
1785136091.1416399
1785136091.1416399
1785136091.1416399
1785136091.1416399
1785136091.1416399
1785136091.1416399
1785136091.1416399
1785136091.1416399
1785136091.1416399
1785136091.1416399
1785136091.1416399
1785136091.1416399
1785136091.1416399
1785136091.1416399
1785136091.1416399
1785136091.1416399
1785136091.1416399
1785136091.1416399
1785136091.1416399
1785136091.1416399
1785136091.1416399
1785136091.1416399
1785136091.1416399
1785136091.1416399
1785136091.1416399
1785136091.1416399
1785136091.1416399
1785136091.1416399
1785136091.1416399
1785136091.1416399
1785136091.1416399
1785136091.1418619
1785136091.1418619
1785136091.1418619
1785136091.1418619
1785136091.1418619
1785136091.1418619
1785136091.1418619
1785136091.1418619
1785136091.1418619
1785136091.1418619
1785136091.1418619
1785136091.1418619
1785136091.1418619
1785136091.1418619
1785136091.1418619
1785136091.1418619
1785136091.1418619
1785136091.1418619
1785136091.1418619
1785136091.1418619
1785136091.1418619
1785136091.1418619
1785136091.1418619
1785136091.1418619
1785136091.1418619
1785136091.1418619
1785136091.1418619
1785136091.1418619
1785136091.1418619
1785136091.1418619
1785136091.1418619
1785136091.1418619
1785136091.1418619
1785136091.1418619
1785136091.1418619
1785136091.1418619
1785136091.1418619
1785136091.1418619
1785136091.1418619
1785136091.1418619
1785136091.1418619
1785136091.1418619
1785136091.1418619
1785136091.1418619
1785136091.1418619
1785136091.1418619
1785136091.1418619
1785136091.1418619
1785136091.1418619
1785136091.1418619
1785136091.1418619
1785136091.1418619
1785136091.1418619
1785136091.1418619
1785136091.1418619
1785136091.1418619
1785136091.1418619
1785136091.1418619
1785136091.1420839
1785136091.1420839
1785136091.1420839
1785136091.1420839
1785136091.1420839
1785136091.1420839
1785136091.1420839
1785136091.1420839
1785136091.1420839
1785136091.1420839
1785136091.1420839
1785136091.1420839
1785136091.1420839
1785136091.1420839
1785136091.1420839
1785136091.1420839
1785136091.1420839
1785136091.1420839
1785136091.1420839
1785136091.1420839
1785136091.1420839
1785136091.1420839
1785136091.1420839
1785136091.1420839
1785136091.1420839
1785136091.1420839
1785136091.1420839
1785136091.1420839
1785136091.1420839
1785136091.1420839
1785136091.1420839
1785136091.1420839
1785136091.1420839
1785136091.1420839
1785136091.1420839
1785136091.1420839
1785136091.1420839
1785136091.1420839
1785136091.1420839
1785136091.1420839
1785136091.1420839
1785136091.1420839
1785136091.1420839
1785136091.1420839
1785136091.1420839
1785136091.1420839
1785136091.1420839
1785136091.1420839
1785136091.1420839
1785136091.1420839
1785136091.1420839
1785136091.1420839
1785136091.1420839
1785136091.1420839
1785136091.1420839
1785136091.1420839
1785136091.1420839
1785136091.1420839
1785136091.1420839
1785136091.1423061
1785136091.1423061
1785136091.1423061
1785136091.1423061
1785136091.1423061
1785136091.1423061
1785136091.1423061
1785136091.1423061
1785136091.1423061
1785136091.1423061
1785136091.1423061
1785136091.1423061
1785136091.1423061
1785136091.1423061
1785136091.1423061
1785136091.1423061
1785136091.1423061
1785136091.1423061
1785136091.1423061
1785136091.1423061
1785136091.1423061
1785136091.1423061
1785136091.1423061
1785136091.1423061
1785136091.1423061
1785136091.1423061
1785136091.1423061
1785136091.1423061
1785136091.1423061
1785136091.1423061
1785136091.1423061
1785136091.1423061
1785136091.1423061
1785136091.1423061
1785136091.1423061
1785136091.1423061
1785136091.1423061
1785136091.1423061
1785136091.1423061
1785136091.1423061
1785136091.1423061
1785136091.1423061
1785136091.1423061
1785136091.1423061
1785136091.1423061
1785136091.1423061
1785136091.1423061
1785136091.1423061
1785136091.1425281
1785136091.1425281
1785136091.1425281
1785136091.1425281
1785136091.1425281
1785136091.1425281
1785136091.1425281
1785136091.1425281
1785136091.1425281
1785136091.1425281
1785136091.1425281
1785136091.1425281
1785136091.1425281
1785136091.1425281
1785136091.1425281
1785136091.1425281
1785136091.1425281
1785136091.1425281
1785136091.1425281
1785136091.1425281
1785136091.1425281
1785136091.1425281
1785136091.1425281
1785136091.1425281
1785136091.1425281
1785136091.1425281
1785136091.1425281
1785136091.1425281
1785136091.1425281
1785136091.1425281
1785136091.1425281
1785136091.1425281
1785136091.1425281
1785136091.1425281
1785136091.1425281
1785136091.1425281
1785136091.1425281
1785136091.1425281
1785136091.1425281
1785136091.1425281
1785136091.1425281
1785136091.1425281
1785136091.1425281
1785136091.1425281
1785136091.1425281
1785136091.1425281
1785136091.1425281
1785136091.1425281
1785136091.1425281
1785136091.1427510
1785136091.1427510
1785136091.1427510
1785136091.1427510
1785136091.1427510
1785136091.1427510
1785136091.1427510
1785136091.1427510
1785136091.1427510
1785136091.1427510
1785136091.1427510
1785136091.1427510
1785136091.1427510
1785136091.1427510
1785136091.1427510
1785136091.1427510
1785136091.1427510
1785136091.1427510
1785136091.1427510
1785136091.1427510
1785136091.1427510
1785136091.1427510
1785136091.1427510
1785136091.1427510
1785136091.1427510
1785136091.1427510
1785136091.1427510
1785136091.1427510
1785136091.1427510
1785136091.1427510
1785136091.1427510
1785136091.1427510
1785136091.1427510
1785136091.1427510
1785136091.1427510
1785136091.1427510
1785136091.1427510
1785136091.1427510
1785136091.1427510
1785136091.1427510
1785136091.1427510
1785136091.1427510
1785136091.1427510
1785136091.1427510
1785136091.1427510
1785136091.1427510
1785136091.1427510
1785136091.1427510
1785136091.1427510
1785136091.1427510
1785136091.1427510
1785136091.1427510
1785136091.1427510
1785136091.1427510
1785136091.1427510
1785136091.1427510
1785136091.1427510
1785136091.1427510
1785136091.1427510
1785136091.1427510
1785136091.1427510
1785136091.1427510
1785136091.1427510
1785136091.1427510
1785136091.1427510
1785136091.1427510
1785136091.1427510
1785136091.1429729
1785136091.1429729
1785136091.1429729
1785136091.1429729
1785136091.1429729
1785136091.1429729
1785136091.1429729
1785136091.1429729
1785136091.1429729
1785136091.1429729
1785136091.1429729
1785136091.1429729
1785136091.1429729
1785136091.1429729
1785136091.1429729
1785136091.1429729
1785136091.1429729
1785136091.1429729
1785136091.1429729
1785136091.1429729
1785136091.1429729
1785136091.1429729
1785136091.1429729
1785136091.1429729
1785136091.1429729
1785136091.1429729
1785136091.1429729
1785136091.1429729
1785136091.1429729
1785136091.1429729
1785136091.1429729
1785136091.1429729
1785136091.1429729
1785136091.1429729
1785136091.1429729
1785136091.1429729
1785136091.1429729
1785136091.1429729
1785136091.1429729
1785136091.1429729
1785136091.1429729
1785136091.1429729
1785136091.1429729
1785136091.1429729
1785136091.1429729
1785136091.1429729
1785136091.1429729
1785136091.1429729
1785136091.1431949
1785136091.1431949
1785136091.1431949
1785136091.1431949
1785136091.1431949
1785136091.1431949
1785136091.1431949
1785136091.1431949
1785136091.1431949
1785136091.1431949
1785136091.1431949
1785136091.1431949
1785136091.1431949
1785136091.1431949
1785136091.1431949
1785136091.1431949
1785136091.1431949
1785136091.1431949
1785136091.1431949
1785136091.1431949
1785136091.1431949
1785136091.1431949
1785136091.1431949
1785136091.1431949
1785136091.1431949
1785136091.1431949
1785136091.1431949
1785136091.1431949
1785136091.1431949
1785136091.1431949
1785136091.1431949
1785136091.1431949
1785136091.1431949
1785136091.1431949
1785136091.1431949
1785136091.1431949
1785136091.1431949
1785136091.1431949
1785136091.1431949
1785136091.1431949
1785136091.1431949
1785136091.1431949
1785136091.1431949
1785136091.1431949
1785136091.1431949
1785136091.1434169
1785136091.1434169
1785136091.1434169
1785136091.1434169
1785136091.1434169
1785136091.1434169
1785136091.1434169
1785136091.1434169
1785136091.1434169
1785136091.1434169
1785136091.1434169
1785136091.1434169
1785136091.1434169
1785136091.1434169
1785136091.1434169
1785136091.1434169
1785136091.1434169
1785136091.1434169
1785136091.1434169
1785136091.1434169
1785136091.1434169
1785136091.1434169
1785136091.1434169
1785136091.1434169
1785136091.1434169
1785136091.1434169
1785136091.1434169
1785136091.1434169
1785136091.1434169
1785136091.1434169
1785136091.1434169
1785136091.1434169
1785136091.1434169
1785136091.1434169
1785136091.1434169
1785136091.1434169
1785136091.1434169
1785136091.1434169
1785136091.1434169
1785136091.1434169
1785136091.1434169
1785136091.1434169
1785136091.1434169
1785136091.1434169
1785136091.1434169
1785136091.1436391
1785136091.1436391
1785136091.1436391
1785136091.1436391
1785136091.1436391
1785136091.1436391
1785136091.1436391
1785136091.1436391
1785136091.1436391
1785136091.1436391
1785136091.1436391
1785136091.1436391
1785136091.1436391
1785136091.1436391
1785136091.1436391
1785136091.1436391
1785136091.1436391
1785136091.1436391
1785136091.1436391
1785136091.1436391
1785136091.1436391
1785136091.1436391
1785136091.1436391
1785136091.1436391
1785136091.1436391
1785136091.1436391
1785136091.1436391
1785136091.1436391
1785136091.1436391
1785136091.1436391
1785136091.1436391
1785136091.1436391
1785136091.1436391
1785136091.1436391
1785136091.1436391
1785136091.1436391
1785136091.1436391
1785136091.1436391
1785136091.1436391
1785136091.1436391
1785136091.1436391
1785136091.1436391
1785136091.1436391
1785136091.1436391
1785136091.1436391
1785136091.1436391
1785136091.1436391
1785136091.1436391
1785136091.1436391
1785136091.1436391
1785136091.1436391
1785136091.1436391
1785136091.1436391
1785136091.1436391
1785136091.1436391
1785136091.1436391
1785136091.1436391
1785136091.1436391
1785136091.1436391
1785136091.1436391
1785136091.1436391
1785136091.1436391
1785136091.1438620
1785136091.1438620
1785136091.1438620
1785136091.1438620
1785136091.1438620
1785136091.1438620
1785136091.1438620
1785136091.1438620
1785136091.1438620
1785136091.1438620
1785136091.1438620
1785136091.1438620
1785136091.1438620
1785136091.1438620
1785136091.1438620
1785136091.1438620
1785136091.1438620
1785136091.1438620
1785136091.1438620
1785136091.1438620
1785136091.1438620
1785136091.1438620
1785136091.1438620
1785136091.1438620
1785136091.1438620
1785136091.1438620
1785136091.1438620
1785136091.1438620
1785136091.1438620
1785136091.1438620
1785136091.1438620
1785136091.1438620
1785136091.1438620
1785136091.1438620
1785136091.1438620
1785136091.1438620
1785136091.1438620
1785136091.1438620
1785136091.1438620
1785136091.1438620
1785136091.1438620
1785136091.1438620
1785136091.1438620
1785136091.1438620
1785136091.1438620
1785136091.1440840
1785136091.1440840
1785136091.1440840
1785136091.1440840
1785136091.1440840
1785136091.1440840
1785136091.1440840
1785136091.1440840
1785136091.1440840
1785136091.1440840
1785136091.1440840
1785136091.1440840
1785136091.1440840
1785136091.1440840
1785136091.1440840
1785136091.1440840
1785136091.1440840
1785136091.1440840
1785136091.1440840
1785136091.1440840
1785136091.1440840
1785136091.1440840
1785136091.1440840
1785136091.1440840
1785136091.1440840
1785136091.1440840
1785136091.1440840
1785136091.1440840
1785136091.1440840
1785136091.1440840
1785136091.1440840
1785136091.1440840
1785136091.1440840
1785136091.1440840
1785136091.1440840
1785136091.1440840
1785136091.1440840
1785136091.1440840
1785136091.1440840
1785136091.1440840
1785136091.1440840
1785136091.1440840
1785136091.1440840
1785136091.1440840
1785136091.1440840
1785136091.1443059
1785136091.1443059
1785136091.1443059
1785136091.1443059
1785136091.1443059
1785136091.1443059
1785136091.1443059
1785136091.1443059
1785136091.1443059
1785136091.1443059
1785136091.1443059
1785136091.1443059
1785136091.1443059
1785136091.1443059
1785136091.1443059
1785136091.1443059
1785136091.1443059
1785136091.1443059
1785136091.1443059
1785136091.1443059
1785136091.1443059
1785136091.1443059
1785136091.1443059
1785136091.1443059
1785136091.1443059
1785136091.1443059
1785136091.1443059
1785136091.1443059
1785136091.1443059
1785136091.1443059
1785136091.1443059
1785136091.1443059
1785136091.1443059
1785136091.1443059
1785136091.1443059
1785136091.1443059
1785136091.1443059
1785136091.1443059
1785136091.1443059
1785136091.1443059
1785136091.1443059
1785136091.1443059
1785136091.1443059
1785136091.1443059
1785136091.1443059
1785136091.1443059
1785136091.1445279
1785136091.1445279
1785136091.1445279
1785136091.1445279
1785136091.1445279
1785136091.1445279
1785136091.1445279
1785136091.1445279
1785136091.1445279
1785136091.1445279
1785136091.1445279
1785136091.1445279
1785136091.1445279
1785136091.1445279
1785136091.1445279
1785136091.1445279
1785136091.1445279
1785136091.1445279
1785136091.1445279
1785136091.1445279
1785136091.1445279
1785136091.1445279
1785136091.1445279
1785136091.1445279
1785136091.1445279
1785136091.1445279
1785136091.1445279
1785136091.1445279
1785136091.1445279
1785136091.1445279
1785136091.1445279
1785136091.1445279
1785136091.1445279
1785136091.1445279
1785136091.1445279
1785136091.1445279
1785136091.1445279
1785136091.1445279
1785136091.1445279
1785136091.1445279
1785136091.1445279
1785136091.1445279
1785136091.1445279
1785136091.1445279
1785136091.1445279
1785136091.1445279
1785136091.1447501
1785136091.1447501
1785136091.1447501
1785136091.1447501
1785136091.1447501
1785136091.1447501
1785136091.1447501
1785136091.1447501
1785136091.1447501
1785136091.1447501
1785136091.1447501
1785136091.1447501
1785136091.1447501
1785136091.1447501
1785136091.1447501
1785136091.1447501
1785136091.1447501
1785136091.1447501
1785136091.1447501
1785136091.1447501
1785136091.1447501
1785136091.1447501
1785136091.1447501
1785136091.1447501
1785136091.1447501
1785136091.1447501
1785136091.1447501
1785136091.1447501
1785136091.1447501
1785136091.1447501
1785136091.1447501
1785136091.1447501
1785136091.1447501
1785136091.1447501
1785136091.1447501
1785136091.1447501
1785136091.1447501
1785136091.1447501
1785136091.1447501
1785136091.1447501
1785136091.1447501
1785136091.1447501
1785136091.1447501
1785136091.1447501
1785136091.1447501
1785136091.1447501
1785136091.1449721
1785136091.1449721
1785136091.1449721
1785136091.1449721
1785136091.1449721
1785136091.1449721
1785136091.1449721
1785136091.1449721
1785136091.1449721
1785136091.1449721
1785136091.1449721
1785136091.1449721
1785136091.1449721
1785136091.1449721
1785136091.1449721
1785136091.1449721
1785136091.1449721
1785136091.1449721
1785136091.1449721
1785136091.1449721
1785136091.1449721
1785136091.1449721
1785136091.1449721
1785136091.1449721
1785136091.1449721
1785136091.1449721
1785136091.1449721
1785136091.1449721
1785136091.1449721
1785136091.1449721
1785136091.1449721
1785136091.1449721
1785136091.1449721
1785136091.1449721
1785136091.1449721
1785136091.1449721
1785136091.1449721
1785136091.1449721
1785136091.1449721
1785136091.1449721
1785136091.1449721
1785136091.1449721
1785136091.1449721
1785136091.1449721
1785136091.1449721
1785136091.1451941
1785136091.1451941
1785136091.1451941
1785136091.1451941
1785136091.1451941
1785136091.1451941
1785136091.1451941
1785136091.1451941
1785136091.1451941
1785136091.1451941
1785136091.1451941
1785136091.1451941
1785136091.1451941
1785136091.1451941
1785136091.1451941
1785136091.1451941
1785136091.1451941
1785136091.1451941
1785136091.1451941
1785136091.1451941
1785136091.1451941
1785136091.1451941
1785136091.1451941
1785136091.1451941
1785136091.1451941
1785136091.1451941
1785136091.1451941
1785136091.1451941
1785136091.1451941
1785136091.1451941
1785136091.1451941
1785136091.1451941
1785136091.1451941
1785136091.1451941
1785136091.1451941
1785136091.1451941
1785136091.1451941
1785136091.1451941
1785136091.1451941
1785136091.1451941
1785136091.1451941
1785136091.1451941
1785136091.1451941
1785136091.1451941
1785136091.1451941
1785136091.1451941
1785136091.1454170
1785136091.1454170
1785136091.1454170
1785136091.1454170
1785136091.1454170
1785136091.1454170
1785136091.1454170
1785136091.1454170
1785136091.1454170
1785136091.1454170
1785136091.1454170
1785136091.1454170
1785136091.1454170
1785136091.1454170
1785136091.1454170
1785136091.1454170
1785136091.1454170
1785136091.1454170
1785136091.1454170
1785136091.1454170
1785136091.1454170
1785136091.1454170
1785136091.1454170
1785136091.1454170
1785136091.1454170
1785136091.1454170
1785136091.1454170
1785136091.1454170
1785136091.1454170
1785136091.1454170
1785136091.1454170
1785136091.1454170
1785136091.1454170
1785136091.1454170
1785136091.1454170
1785136091.1454170
1785136091.1454170
1785136091.1454170
1785136091.1454170
1785136091.1454170
1785136091.1454170
1785136091.1454170
1785136091.1454170
1785136091.1454170
1785136091.1454170
1785136091.1454170
1785136091.1456389
1785136091.1456389
1785136091.1456389
1785136091.1456389
1785136091.1456389
1785136091.1456389
1785136091.1456389
1785136091.1456389
1785136091.1456389
1785136091.1456389
1785136091.1456389
1785136091.1456389
1785136091.1456389
1785136091.1456389
1785136091.1456389
1785136091.1456389
1785136091.1456389
1785136091.1456389
1785136091.1456389
1785136091.1456389
1785136091.1456389
1785136091.1456389
1785136091.1456389
1785136091.1456389
1785136091.1456389
1785136091.1456389
1785136091.1456389
1785136091.1456389
1785136091.1456389
1785136091.1456389
1785136091.1456389
1785136091.1456389
1785136091.1456389
1785136091.1456389
1785136091.1456389
1785136091.1456389
1785136091.1456389
1785136091.1456389
1785136091.1456389
1785136091.1456389
1785136091.1456389
1785136091.1456389
1785136091.1456389
1785136091.1456389
1785136091.1456389
1785136091.1456389
1785136091.1456389
1785136091.1456389
1785136091.1456389
1785136091.1456389
1785136091.1458600
1785136091.1458600
1785136091.1458600
1785136091.1458600
1785136091.1458600
1785136091.1458600
1785136091.1458600
1785136091.1458600
1785136091.1458600
1785136091.1458600
1785136091.1458600
1785136091.1458600
1785136091.1458600
1785136091.1458600
1785136091.1458600
1785136091.1458600
1785136091.1458600
1785136091.1458600
1785136091.1458600
1785136091.1458600
1785136091.1458600
1785136091.1458600
1785136091.1458600
1785136091.1458600
1785136091.1458600
1785136091.1458600
1785136091.1458600
1785136091.1458600
1785136091.1458600
1785136091.1458600
1785136091.1458600
1785136091.1458600
1785136091.1458600
1785136091.1458600
1785136091.1458600
1785136091.1458600
1785136091.1458600
1785136091.1458600
1785136091.1458600
1785136091.1458600
1785136091.1458600
1785136091.1458600
1785136091.1458600
1785136091.1458600
1785136091.1458600
1785136091.1458600
1785136091.1458600
1785136091.1458600
1785136091.1458600
1785136091.1458600
1785136091.1458600
1785136091.1458600
1785136091.1458600
1785136091.1458600
1785136091.1458600
1785136091.1458600
1785136091.1458600
1785136091.1458600
1785136091.1458600
1785136091.1458600
1785136091.1458600
1785136091.1458600
1785136091.1458600
1785136091.1458600
1785136091.1458600
1785136091.1458600
1785136091.1458600
1785136091.1458600
1785136091.1458600
1785136091.1458600
1785136091.1458600
1785136091.1458600
1785136091.1460831
1785136091.1460831
1785136091.1460831
1785136091.1460831
1785136091.1460831
1785136091.1460831
1785136091.1460831
1785136091.1460831
1785136091.1460831
1785136091.1460831
1785136091.1460831
1785136091.1460831
1785136091.1460831
1785136091.1460831
1785136091.1460831
1785136091.1460831
1785136091.1460831
1785136091.1460831
1785136091.1460831
1785136091.1460831
1785136091.1460831
1785136091.1460831
1785136091.1460831
1785136091.1460831
1785136091.1460831
1785136091.1460831
1785136091.1460831
1785136091.1460831
1785136091.1460831
1785136091.1460831
1785136091.1460831
1785136091.1460831
1785136091.1460831
1785136091.1460831
1785136091.1460831
1785136091.1460831
1785136091.1460831
1785136091.1460831
1785136091.1460831
1785136091.1460831
1785136091.1460831
1785136091.1460831
1785136091.1460831
1785136091.1460831
1785136091.1460831
1785136091.1460831
1785136091.1460831
1785136091.1460831
1785136091.1460831
1785136091.1460831
1785136091.1460831
1785136091.1460831
1785136091.1460831
1785136091.1460831
1785136091.1460831
1785136091.1460831
1785136091.1460831
1785136091.1460831
1785136091.1460831
1785136091.1460831
1785136091.1460831
1785136091.1460831
1785136091.1460831
1785136091.1460831
1785136091.1460831
1785136091.1460831
1785136091.1460831
1785136091.1460831
1785136091.1463060
1785136091.1463060
1785136091.1463060
1785136091.1463060
1785136091.1463060
1785136091.1463060
1785136091.1463060
1785136091.1463060
1785136091.1463060
1785136091.1463060
1785136091.1463060
1785136091.1463060
1785136091.1463060
1785136091.1463060
1785136091.1463060
1785136091.1463060
1785136091.1463060
1785136091.1463060
1785136091.1463060
1785136091.1463060
1785136091.1463060
1785136091.1463060
1785136091.1463060
1785136091.1463060
1785136091.1463060
1785136091.1463060
1785136091.1463060
1785136091.1463060
1785136091.1463060
1785136091.1463060
1785136091.1463060
1785136091.1463060
1785136091.1463060
1785136091.1463060
1785136091.1463060
1785136091.1463060
1785136091.1463060
1785136091.1463060
1785136091.1463060
1785136091.1463060
1785136091.1463060
1785136091.1463060
1785136091.1463060
1785136091.1463060
1785136091.1463060
1785136091.1463060
1785136091.1463060
1785136091.1463060
1785136091.1463060
1785136091.1463060
1785136091.1463060
1785136091.1463060
1785136091.1463060
1785136091.1463060
1785136091.1463060
1785136091.1463060
1785136091.1463060
1785136091.1463060
1785136091.1463060
1785136091.1463060
1785136091.1463060
1785136091.1463060
1785136091.1463060
1785136091.1463060
1785136091.1463060
1785136091.1463060
1785136091.1463060
1785136091.1463060
1785136091.1463060
1785136091.1463060
1785136091.1463060
1785136091.1463060
1785136091.1463060
1785136091.1463060
1785136091.1463060
1785136091.1463060
1785136091.1463060
1785136091.1463060
1785136091.1463060
1785136091.1465280
1785136091.1465280
1785136091.1465280
1785136091.1465280
1785136091.1465280
1785136091.1465280
1785136091.1465280
1785136091.1465280
1785136091.1465280
1785136091.1465280
1785136091.1465280
1785136091.1465280
1785136091.1465280
1785136091.1465280
1785136091.1465280
1785136091.1465280
1785136091.1465280
1785136091.1465280
1785136091.1465280
1785136091.1465280
1785136091.1465280
1785136091.1465280
1785136091.1465280
1785136091.1465280
1785136091.1465280
1785136091.1465280
1785136091.1465280
1785136091.1465280
1785136091.1465280
1785136091.1465280
1785136091.1465280
1785136091.1465280
1785136091.1465280
1785136091.1465280
1785136091.1465280
1785136091.1465280
1785136091.1465280
1785136091.1465280
1785136091.1465280
1785136091.1465280
1785136091.1465280
1785136091.1465280
1785136091.1465280
1785136091.1465280
1785136091.1465280
1785136091.1465280
1785136091.1465280
1785136091.1465280
1785136091.1465280
1785136091.1465280
1785136091.1465280
1785136091.1465280
1785136091.1465280
1785136091.1465280
1785136091.1465280
1785136091.1465280
1785136091.1465280
1785136091.1465280
1785136091.1465280
1785136091.1465280
1785136091.1465280
1785136091.1465280
1785136091.1465280
1785136091.1465280
1785136091.1465280
1785136091.1465280
1785136091.1465280
1785136091.1465280
1785136091.1467500
1785136091.1467500
1785136091.1467500
1785136091.1467500
1785136091.1467500
1785136091.1467500
1785136091.1467500
1785136091.1467500
1785136091.1467500
1785136091.1467500
1785136091.1467500
1785136091.1467500
1785136091.1467500
1785136091.1467500
1785136091.1467500
1785136091.1467500
1785136091.1467500
1785136091.1467500
1785136091.1467500
1785136091.1467500
1785136091.1467500
1785136091.1467500
1785136091.1467500
1785136091.1467500
1785136091.1467500
1785136091.1467500
1785136091.1467500
1785136091.1467500
1785136091.1467500
1785136091.1467500
1785136091.1467500
1785136091.1467500
1785136091.1467500
1785136091.1467500
1785136091.1467500
1785136091.1467500
1785136091.1467500
1785136091.1467500
1785136091.1467500
1785136091.1467500
1785136091.1467500
1785136091.1467500
1785136091.1467500
1785136091.1467500
1785136091.1467500
1785136091.1467500
1785136091.1467500
1785136091.1467500
1785136091.1467500
1785136091.1467500
1785136091.1467500
1785136091.1467500
1785136091.1467500
1785136091.1467500
1785136091.1467500
1785136091.1467500
1785136091.1467500
1785136091.1467500
1785136091.1467500
1785136091.1467500
1785136091.1467500
1785136091.1467500
1785136091.1467500
1785136091.1467500
1785136091.1469719
1785136091.1469719
1785136091.1469719
1785136091.1469719
1785136091.1469719
1785136091.1469719
1785136091.1469719
1785136091.1469719
1785136091.1469719
1785136091.1469719
1785136091.1469719
1785136091.1469719
1785136091.1469719
1785136091.1469719
1785136091.1469719
1785136091.1469719
1785136091.1469719
1785136091.1469719
1785136091.1469719
1785136091.1469719
1785136091.1469719
1785136091.1469719
1785136091.1469719
1785136091.1469719
1785136091.1469719
1785136091.1469719
1785136091.1469719
1785136091.1469719
1785136091.1469719
1785136091.1469719
1785136091.1469719
1785136091.1469719
1785136091.1469719
1785136091.1469719
1785136091.1469719
1785136091.1469719
1785136091.1469719
1785136091.1469719
1785136091.1469719
1785136091.1469719
1785136091.1469719
1785136091.1469719
1785136091.1469719
1785136091.1469719
1785136091.1469719
1785136091.1469719
1785136091.1469719
1785136091.1469719
1785136091.1469719
1785136091.1469719
1785136091.1469719
1785136091.1469719
1785136091.1469719
1785136091.1469719
1785136091.1469719
1785136091.1469719
1785136091.1469719
1785136091.1471939
1785136091.1471939
1785136091.1471939
1785136091.1471939
1785136091.1471939
1785136091.1471939
1785136091.1471939
1785136091.1471939
1785136091.1471939
1785136091.1471939
1785136091.1471939
1785136091.1471939
1785136091.1471939
1785136091.1471939
1785136091.1471939
1785136091.1471939
1785136091.1471939
1785136091.1471939
1785136091.1471939
1785136091.1471939
1785136091.1471939
1785136091.1471939
1785136091.1471939
1785136091.1471939
1785136091.1471939
1785136091.1471939
1785136091.1471939
1785136091.1471939
1785136091.1471939
1785136091.1471939
1785136091.1471939
1785136091.1471939
1785136091.1471939
1785136091.1471939
1785136091.1471939
1785136091.1471939
1785136091.1471939
1785136091.1471939
1785136091.1471939
1785136091.1471939
1785136091.1471939
1785136091.1471939
1785136091.1471939
1785136091.1471939
1785136091.1471939
1785136091.1471939
1785136091.1471939
1785136091.1471939
1785136091.1471939
1785136091.1471939
1785136091.1471939
1785136091.1471939
1785136091.1474161
1785136091.1474161
1785136091.1474161
1785136091.1474161
1785136091.1474161
1785136091.1474161
1785136091.1474161
1785136091.1474161
1785136091.1474161
1785136091.1474161
1785136091.1474161
1785136091.1474161
1785136091.1474161
1785136091.1474161
1785136091.1474161
1785136091.1474161
1785136091.1474161
1785136091.1474161
1785136091.1474161
1785136091.1474161
1785136091.1474161
1785136091.1474161
1785136091.1474161
1785136091.1474161
1785136091.1474161
1785136091.1474161
1785136091.1474161
1785136091.1474161
1785136091.1474161
1785136091.1474161
1785136091.1474161
1785136091.1474161
1785136091.1474161
1785136091.1474161
1785136091.1474161
1785136091.1474161
1785136091.1474161
1785136091.1474161
1785136091.1474161
1785136091.1474161
1785136091.1474161
1785136091.1474161
1785136091.1474161
1785136091.1474161
1785136091.1474161
1785136091.1474161
1785136091.1474161
1785136091.1474161
1785136091.1474161
1785136091.1474161
1785136091.1474161
1785136091.1474161
1785136091.1474161
1785136091.1474161
1785136091.1474161
1785136091.1476381
1785136091.1476381
1785136091.1476381
1785136091.1476381
1785136091.1476381
1785136091.1476381
1785136091.1476381
1785136091.1476381
1785136091.1476381
1785136091.1476381
1785136091.1476381
1785136091.1476381
1785136091.1476381
1785136091.1476381
1785136091.1476381
1785136091.1476381
1785136091.1476381
1785136091.1476381
1785136091.1476381
1785136091.1476381
1785136091.1476381
1785136091.1476381
1785136091.1476381
1785136091.1476381
1785136091.1476381
1785136091.1476381
1785136091.1476381
1785136091.1476381
1785136091.1476381
1785136091.1476381
1785136091.1476381
1785136091.1476381
1785136091.1476381
1785136091.1476381
1785136091.1476381
1785136091.1476381
1785136091.1476381
1785136091.1476381
1785136091.1476381
1785136091.1476381
1785136091.1476381
1785136091.1476381
1785136091.1476381
1785136091.1476381
1785136091.1476381
1785136091.1476381
1785136091.1476381
1785136091.1476381
1785136091.1476381
1785136091.1476381
1785136091.1476381
1785136091.1476381
1785136091.1476381
1785136091.1476381
1785136091.1476381
1785136091.1476381
1785136091.1476381
1785136091.1476381
1785136091.1476381
1785136091.1476381
1785136091.1476381
1785136091.1476381
1785136091.1476381
1785136091.1476381
1785136091.1476381
1785136091.1476381
1785136091.1476381
1785136091.1476381
1785136091.1476381
1785136091.1476381
1785136091.1476381
1785136091.1476381
1785136091.1476381
1785136091.1476381
1785136091.1476381
1785136091.1476381
1785136091.1476381
1785136091.1476381
1785136091.1478610
1785136091.1478610
1785136091.1478610
1785136091.1478610
1785136091.1478610
1785136091.1478610
1785136091.1478610
1785136091.1478610
1785136091.1478610
1785136091.1478610
1785136091.1478610
1785136091.1478610
1785136091.1478610
1785136091.1478610
1785136091.1478610
1785136091.1478610
1785136091.1478610
1785136091.1478610
1785136091.1478610
1785136091.1478610
1785136091.1478610
1785136091.1478610
1785136091.1478610
1785136091.1478610
1785136091.1478610
1785136091.1478610
1785136091.1478610
1785136091.1478610
1785136091.1478610
1785136091.1478610
1785136091.1478610
1785136091.1478610
1785136091.1478610
1785136091.1478610
1785136091.1478610
1785136091.1478610
1785136091.1478610
1785136091.1478610
1785136091.1478610
1785136091.1478610
1785136091.1478610
1785136091.1478610
1785136091.1478610
1785136091.1478610
1785136091.1478610
1785136091.1478610
1785136091.1478610
1785136091.1478610
1785136091.1478610
1785136091.1478610
1785136091.1478610
1785136091.1478610
1785136091.1478610
1785136091.1478610
1785136091.1478610
1785136091.1478610
1785136091.1478610
1785136091.1478610
1785136091.1478610
1785136091.1478610
1785136091.1478610
1785136091.1478610
1785136091.1478610
1785136091.1478610
1785136091.1478610
1785136091.1478610
1785136091.1478610
1785136091.1478610
1785136091.1478610
1785136091.1478610
1785136091.1478610
1785136091.1478610
1785136091.1478610
1785136091.1478610
1785136091.1478610
1785136091.1478610
1785136091.1480830
1785136091.1480830
1785136091.1480830
1785136091.1480830
1785136091.1480830
1785136091.1480830
1785136091.1480830
1785136091.1480830
1785136091.1480830
1785136091.1480830
1785136091.1480830
1785136091.1480830
1785136091.1480830
1785136091.1480830
1785136091.1480830
1785136091.1480830
1785136091.1480830
1785136091.1480830
1785136091.1480830
1785136091.1480830
1785136091.1480830
1785136091.1480830
1785136091.1480830
1785136091.1480830
1785136091.1480830
1785136091.1480830
1785136091.1480830
1785136091.1480830
1785136091.1480830
1785136091.1480830
1785136091.1480830
1785136091.1480830
1785136091.1480830
1785136091.1480830
1785136091.1480830
1785136091.1480830
1785136091.1480830
1785136091.1480830
1785136091.1480830
1785136091.1480830
1785136091.1480830
1785136091.1480830
1785136091.1480830
1785136091.1480830
1785136091.1480830
1785136091.1480830
1785136091.1480830
1785136091.1480830
1785136091.1480830
1785136091.1480830
1785136091.1480830
1785136091.1480830
1785136091.1480830
1785136091.1480830
1785136091.1480830
1785136091.1480830
1785136091.1480830
1785136091.1480830
1785136091.1480830
1785136091.1483049
1785136091.1483049
1785136091.1483049
1785136091.1483049
1785136091.1483049
1785136091.1483049
1785136091.1483049
1785136091.1483049
1785136091.1483049
1785136091.1483049
1785136091.1483049
1785136091.1483049
1785136091.1483049
1785136091.1483049
1785136091.1483049
1785136091.1483049
1785136091.1483049
1785136091.1483049
1785136091.1483049
1785136091.1483049
1785136091.1483049
1785136091.1483049
1785136091.1483049
1785136091.1483049
1785136091.1483049
1785136091.1483049
1785136091.1483049
1785136091.1483049
1785136091.1483049
1785136091.1483049
1785136091.1483049
1785136091.1483049
1785136091.1483049
1785136091.1483049
1785136091.1483049
1785136091.1483049
1785136091.1483049
1785136091.1483049
1785136091.1483049
1785136091.1483049
1785136091.1483049
1785136091.1483049
1785136091.1483049
1785136091.1483049
1785136091.1483049
1785136091.1483049
1785136091.1483049
1785136091.1483049
1785136091.1483049
1785136091.1483049
1785136091.1483049
1785136091.1483049
1785136091.1483049
1785136091.1483049
1785136091.1483049
1785136091.1483049
1785136091.1483049
1785136091.1483049
1785136091.1483049
1785136091.1483049
1785136091.1483049
1785136091.1483049
1785136091.1483049
1785136091.1483049
1785136091.1485269
1785136091.1485269
1785136091.1485269
1785136091.1485269
1785136091.1485269
1785136091.1485269
1785136091.1485269
1785136091.1485269
1785136091.1485269
1785136091.1485269
1785136091.1485269
1785136091.1485269
1785136091.1485269
1785136091.1485269
1785136091.1485269
1785136091.1485269
1785136091.1485269
1785136091.1485269
1785136091.1485269
1785136091.1485269
1785136091.1485269
1785136091.1485269
1785136091.1485269
1785136091.1485269
1785136091.1485269
1785136091.1485269
1785136091.1485269
1785136091.1485269
1785136091.1485269
1785136091.1485269
1785136091.1485269
1785136091.1485269
1785136091.1485269
1785136091.1485269
1785136091.1485269
1785136091.1485269
1785136091.1485269
1785136091.1485269
1785136091.1485269
1785136091.1485269
1785136091.1485269
1785136091.1485269
1785136091.1485269
1785136091.1485269
1785136091.1485269
1785136091.1485269
1785136091.1485269
1785136091.1485269
1785136091.1485269
1785136091.1485269
1785136091.1485269
1785136091.1485269
1785136091.1485269
1785136091.1485269
1785136091.1485269
1785136091.1485269
1785136091.1485269
1785136091.1485269
1785136091.1485269
1785136091.1485269
1785136091.1485269
1785136091.1485269
1785136091.1485269
1785136091.1485269
1785136091.1485269
1785136091.1485269
1785136091.1485269
1785136091.1485269
1785136091.1485269
1785136091.1485269
1785136091.1485269
1785136091.1485269
1785136091.1485269
1785136091.1485269
1785136091.1485269
1785136091.1485269
1785136091.1485269
1785136091.1487491
1785136091.1487491
1785136091.1487491
1785136091.1487491
1785136091.1487491
1785136091.1487491
1785136091.1487491
1785136091.1487491
1785136091.1487491
1785136091.1487491
1785136091.1487491
1785136091.1487491
1785136091.1487491
1785136091.1487491
1785136091.1487491
1785136091.1487491
1785136091.1487491
1785136091.1487491
1785136091.1487491
1785136091.1487491
1785136091.1487491
1785136091.1487491
1785136091.1487491
1785136091.1487491
1785136091.1487491
1785136091.1487491
1785136091.1487491
1785136091.1487491
1785136091.1487491
1785136091.1487491
1785136091.1487491
1785136091.1487491
1785136091.1487491
1785136091.1487491
1785136091.1487491
1785136091.1487491
1785136091.1487491
1785136091.1487491
1785136091.1487491
1785136091.1487491
1785136091.1487491
1785136091.1487491
1785136091.1487491
1785136091.1487491
1785136091.1487491
1785136091.1487491
1785136091.1487491
1785136091.1487491
1785136091.1487491
1785136091.1487491
1785136091.1487491
1785136091.1487491
1785136091.1487491
1785136091.1487491
1785136091.1487491
1785136091.1487491
1785136091.1487491
1785136091.1487491
1785136091.1487491
1785136091.1487491
1785136091.1487491
1785136091.1487491
1785136091.1487491
1785136091.1487491
1785136091.1487491
1785136091.1487491
1785136091.1487491
1785136091.1487491
1785136091.1489720
1785136091.1489720
1785136091.1489720
1785136091.1489720
1785136091.1489720
1785136091.1489720
1785136091.1489720
1785136091.1489720
1785136091.1489720
1785136091.1489720
1785136091.1489720
1785136091.1489720
1785136091.1489720
1785136091.1489720
1785136091.1489720
1785136091.1489720
1785136091.1489720
1785136091.1489720
1785136091.1489720
1785136091.1489720
1785136091.1489720
1785136091.1489720
1785136091.1489720
1785136091.1489720
1785136091.1489720
1785136091.1489720
1785136091.1489720
1785136091.1489720
1785136091.1489720
1785136091.1489720
1785136091.1489720
1785136091.1489720
1785136091.1489720
1785136091.1489720
1785136091.1489720
1785136091.1489720
1785136091.1489720
1785136091.1489720
1785136091.1489720
1785136091.1489720
1785136091.1489720
1785136091.1489720
1785136091.1489720
1785136091.1489720
1785136091.1489720
1785136091.1489720
1785136091.1489720
1785136091.1489720
1785136091.1489720
1785136091.1489720
1785136091.1489720
1785136091.1489720
1785136091.1489720
1785136091.1489720
1785136091.1489720
1785136091.1489720
1785136091.1489720
1785136091.1489720
1785136091.1489720
1785136091.1489720
1785136091.1489720
1785136091.1489720
1785136091.1489720
1785136091.1489720
1785136091.1489720
1785136091.1491940
1785136091.1491940
1785136091.1491940
1785136091.1491940
1785136091.1491940
1785136091.1491940
1785136091.1491940
1785136091.1491940
1785136091.1491940
1785136091.1491940
1785136091.1491940
1785136091.1491940
1785136091.1491940
1785136091.1491940
1785136091.1491940
1785136091.1491940
1785136091.1491940
1785136091.1491940
1785136091.1491940
1785136091.1491940
1785136091.1491940
1785136091.1491940
1785136091.1491940
1785136091.1491940
1785136091.1491940
1785136091.1491940
1785136091.1491940
1785136091.1491940
1785136091.1491940
1785136091.1491940
1785136091.1491940
1785136091.1491940
1785136091.1491940
1785136091.1491940
1785136091.1491940
1785136091.1491940
1785136091.1491940
1785136091.1491940
1785136091.1491940
1785136091.1491940
1785136091.1491940
1785136091.1491940
1785136091.1491940
1785136091.1491940
1785136091.1491940
1785136091.1491940
1785136091.1491940
1785136091.1491940
1785136091.1491940
1785136091.1491940
1785136091.1491940
1785136091.1491940
1785136091.1491940
1785136091.1491940
1785136091.1491940
1785136091.1491940
1785136091.1491940
1785136091.1491940
1785136091.1491940
1785136091.1491940
1785136091.1491940
1785136091.1491940
1785136091.1491940
1785136091.1494160
1785136091.1494160
1785136091.1494160
1785136091.1494160
1785136091.1494160
1785136091.1494160
1785136091.1494160
1785136091.1494160
1785136091.1494160
1785136091.1494160
1785136091.1494160
1785136091.1494160
1785136091.1494160
1785136091.1494160
1785136091.1494160
1785136091.1494160
1785136091.1494160
1785136091.1494160
1785136091.1494160
1785136091.1494160
1785136091.1494160
1785136091.1494160
1785136091.1494160
1785136091.1494160
1785136091.1494160
1785136091.1494160
1785136091.1494160
1785136091.1494160
1785136091.1494160
1785136091.1494160
1785136091.1494160
1785136091.1494160
1785136091.1494160
1785136091.1494160
1785136091.1494160
1785136091.1494160
1785136091.1494160
1785136091.1494160
1785136091.1494160
1785136091.1494160
1785136091.1494160
1785136091.1494160
1785136091.1494160
1785136091.1494160
1785136091.1494160
1785136091.1494160
1785136091.1494160
1785136091.1494160
1785136091.1494160
1785136091.1494160
1785136091.1494160
1785136091.1494160
1785136091.1494160
1785136091.1494160
1785136091.1494160
1785136091.1494160
1785136091.1494160
1785136091.1494160
1785136091.1494160
1785136091.1494160
1785136091.1494160
1785136091.1494160
1785136091.1494160
1785136091.1494160
1785136091.1496389
1785136091.1496389
1785136091.1496389
1785136091.1496389
1785136091.1496389
1785136091.1496389
1785136091.1496389
1785136091.1496389
1785136091.1496389
1785136091.1496389
1785136091.1496389
1785136091.1496389
1785136091.1496389
1785136091.1496389
1785136091.1496389
1785136091.1496389
1785136091.1496389
1785136091.1496389
1785136091.1496389
1785136091.1496389
1785136091.1496389
1785136091.1496389
1785136091.1496389
1785136091.1496389
1785136091.1496389
1785136091.1496389
1785136091.1496389
1785136091.1496389
1785136091.1496389
1785136091.1496389
1785136091.1496389
1785136091.1496389
1785136091.1496389
1785136091.1496389
1785136091.1496389
1785136091.1496389
1785136091.1496389
1785136091.1496389
1785136091.1496389
1785136091.1496389
1785136091.1496389
1785136091.1496389
1785136091.1496389
1785136091.1496389
1785136091.1496389
1785136091.1496389
1785136091.1496389
1785136091.1496389
1785136091.1496389
1785136091.1496389
1785136091.1496389
1785136091.1496389
1785136091.1496389
1785136091.1496389
1785136091.1496389
1785136091.1496389
1785136091.1496389
1785136091.1496389
1785136091.1496389
1785136091.1496389
1785136091.1496389
1785136091.1496389
1785136091.1498599
1785136091.1498599
1785136091.1498599
1785136091.1498599
1785136091.1498599
1785136091.1498599
1785136091.1498599
1785136091.1498599
1785136091.1498599
1785136091.1498599
1785136091.1498599
1785136091.1498599
1785136091.1498599
1785136091.1498599
1785136091.1498599
1785136091.1498599
1785136091.1498599
1785136091.1498599
1785136091.1498599
1785136091.1498599
1785136091.1498599
1785136091.1498599
1785136091.1498599
1785136091.1498599
1785136091.1498599
1785136091.1498599
1785136091.1498599
1785136091.1498599
1785136091.1498599
1785136091.1498599
1785136091.1498599
1785136091.1498599
1785136091.1498599
1785136091.1498599
1785136091.1498599
1785136091.1498599
1785136091.1498599
1785136091.1498599
1785136091.1498599
1785136091.1498599
1785136091.1498599
1785136091.1498599
1785136091.1498599
1785136091.1498599
1785136091.1498599
1785136091.1498599
1785136091.1498599
1785136091.1498599
1785136091.1498599
1785136091.1498599
1785136091.1498599
1785136091.1498599
1785136091.1498599
1785136091.1498599
1785136091.1498599
1785136091.1498599
1785136091.1498599
1785136091.1498599
1785136091.1498599
1785136091.1498599
1785136091.1498599
1785136091.1498599
1785136091.1498599
1785136091.1498599
1785136091.1500831
1785136091.1500831
1785136091.1500831
1785136091.1500831
1785136091.1500831
1785136091.1500831
1785136091.1500831
1785136091.1500831
1785136091.1500831
1785136091.1500831
1785136091.1500831
1785136091.1500831
1785136091.1500831
1785136091.1500831
1785136091.1500831
1785136091.1500831
1785136091.1500831
1785136091.1500831
1785136091.1500831
1785136091.1500831
1785136091.1500831
1785136091.1500831
1785136091.1500831
1785136091.1500831
1785136091.1500831
1785136091.1500831
1785136091.1500831
1785136091.1500831
1785136091.1500831
1785136091.1500831
1785136091.1500831
1785136091.1500831
1785136091.1500831
1785136091.1500831
1785136091.1500831
1785136091.1500831
1785136091.1500831
1785136091.1500831
1785136091.1500831
1785136091.1500831
1785136091.1500831
1785136091.1500831
1785136091.1500831
1785136091.1500831
1785136091.1500831
1785136091.1500831
1785136091.1500831
1785136091.1500831
1785136091.1500831
1785136091.1500831
1785136091.1500831
1785136091.1500831
1785136091.1500831
1785136091.1500831
1785136091.1500831
1785136091.1500831
1785136091.1500831
1785136091.1500831
1785136091.1500831
1785136091.1500831
1785136091.1503050
1785136091.1503050
1785136091.1503050
1785136091.1503050
1785136091.1503050
1785136091.1503050
1785136091.1503050
1785136091.1503050
1785136091.1503050
1785136091.1503050
1785136091.1503050
1785136091.1503050
1785136091.1503050
1785136091.1503050
1785136091.1503050
1785136091.1503050
1785136091.1503050
1785136091.1503050
1785136091.1503050
1785136091.1503050
1785136091.1503050
1785136091.1503050
1785136091.1503050
1785136091.1503050
1785136091.1503050
1785136091.1503050
1785136091.1503050
1785136091.1503050
1785136091.1503050
1785136091.1503050
1785136091.1503050
1785136091.1503050
1785136091.1503050
1785136091.1503050
1785136091.1503050
1785136091.1503050
1785136091.1503050
1785136091.1503050
1785136091.1503050
1785136091.1503050
1785136091.1503050
1785136091.1503050
1785136091.1503050
1785136091.1503050
1785136091.1503050
1785136091.1503050
1785136091.1503050
1785136091.1503050
1785136091.1503050
1785136091.1503050
1785136091.1503050
1785136091.1503050
1785136091.1503050
1785136091.1503050
1785136091.1503050
1785136091.1503050
1785136091.1503050
1785136091.1503050
1785136091.1503050
1785136091.1503050
1785136091.1503050
1785136091.1503050
1785136091.1505270
1785136091.1505270
1785136091.1505270
1785136091.1505270
1785136091.1505270
1785136091.1505270
1785136091.1505270
1785136091.1505270
1785136091.1505270
1785136091.1505270
1785136091.1505270
1785136091.1505270
1785136091.1505270
1785136091.1505270
1785136091.1505270
1785136091.1505270
1785136091.1505270
1785136091.1505270
1785136091.1505270
1785136091.1505270
1785136091.1505270
1785136091.1505270
1785136091.1505270
1785136091.1505270
1785136091.1505270
1785136091.1505270
1785136091.1505270
1785136091.1505270
1785136091.1505270
1785136091.1505270
1785136091.1505270
1785136091.1505270
1785136091.1505270
1785136091.1505270
1785136091.1505270
1785136091.1505270
1785136091.1505270
1785136091.1505270
1785136091.1505270
1785136091.1505270
1785136091.1505270
1785136091.1505270
1785136091.1505270
1785136091.1505270
1785136091.1505270
1785136091.1505270
1785136091.1505270
1785136091.1505270
1785136091.1505270
1785136091.1505270
1785136091.1505270
1785136091.1505270
1785136091.1505270
1785136091.1505270
1785136091.1505270
1785136091.1505270
1785136091.1505270
1785136091.1505270
1785136091.1505270
1785136091.1505270
1785136091.1505270
1785136091.1505270
1785136091.1505270
1785136091.1505270
1785136091.1505270
1785136091.1505270
1785136091.1505270
1785136091.1505270
1785136091.1505270
1785136091.1505270
1785136091.1505270
1785136091.1505270
1785136091.1505270
1785136091.1505270
1785136091.1505270
1785136091.1505270
1785136091.1505270
1785136091.1505270
1785136091.1505270
1785136091.1507490
1785136091.1507490
1785136091.1507490
1785136091.1507490
1785136091.1507490
1785136091.1507490
1785136091.1507490
1785136091.1507490
1785136091.1507490
1785136091.1507490
1785136091.1507490
1785136091.1507490
1785136091.1507490
1785136091.1507490
1785136091.1507490
1785136091.1507490
1785136091.1507490
1785136091.1507490
1785136091.1507490
1785136091.1507490
1785136091.1507490
1785136091.1507490
1785136091.1507490
1785136091.1507490
1785136091.1507490
1785136091.1507490
1785136091.1507490
1785136091.1507490
1785136091.1507490
1785136091.1507490
1785136091.1507490
1785136091.1507490
1785136091.1507490
1785136091.1507490
1785136091.1507490
1785136091.1507490
1785136091.1507490
1785136091.1507490
1785136091.1507490
1785136091.1507490
1785136091.1507490
1785136091.1507490
1785136091.1507490
1785136091.1507490
1785136091.1507490
1785136091.1507490
1785136091.1507490
1785136091.1507490
1785136091.1507490
1785136091.1507490
1785136091.1507490
1785136091.1507490
1785136091.1507490
1785136091.1507490
1785136091.1507490
1785136091.1507490
1785136091.1507490
1785136091.1507490
1785136091.1507490
1785136091.1507490
1785136091.1507490
1785136091.1507490
1785136091.1507490
1785136091.1507490
1785136091.1507490
1785136091.1507490
1785136091.1507490
1785136091.1507490
1785136091.1507490
1785136091.1507490
1785136091.1507490
1785136091.1507490
1785136091.1507490
1785136091.1507490
1785136091.1507490
1785136091.1507490
1785136091.1507490
1785136091.1507490
1785136091.1507490
1785136091.1509709
1785136091.1509709
1785136091.1509709
1785136091.1509709
1785136091.1509709
1785136091.1509709
1785136091.1509709
1785136091.1509709
1785136091.1509709
1785136091.1509709
1785136091.1509709
1785136091.1509709
1785136091.1509709
1785136091.1509709
1785136091.1509709
1785136091.1509709
1785136091.1509709
1785136091.1509709
1785136091.1509709
1785136091.1509709
1785136091.1509709
1785136091.1509709
1785136091.1509709
1785136091.1509709
1785136091.1509709
1785136091.1509709
1785136091.1509709
1785136091.1509709
1785136091.1509709
1785136091.1509709
1785136091.1509709
1785136091.1509709
1785136091.1509709
1785136091.1509709
1785136091.1509709
1785136091.1509709
1785136091.1509709
1785136091.1509709
1785136091.1509709
1785136091.1509709
1785136091.1509709
1785136091.1509709
1785136091.1509709
1785136091.1509709
1785136091.1509709
1785136091.1509709
1785136091.1509709
1785136091.1509709
1785136091.1509709
1785136091.1509709
1785136091.1509709
1785136091.1509709
1785136091.1509709
1785136091.1509709
1785136091.1509709
1785136091.1509709
1785136091.1509709
1785136091.1509709
1785136091.1509709
1785136091.1509709
1785136091.1509709
1785136091.1509709
1785136091.1509709
1785136091.1509709
1785136091.1509709
1785136091.1509709
1785136091.1509709
1785136091.1509709
1785136091.1509709
1785136091.1509709
1785136091.1509709
1785136091.1511941
1785136091.1511941
1785136091.1511941
1785136091.1511941
1785136091.1511941
1785136091.1511941
1785136091.1511941
1785136091.1511941
1785136091.1511941
1785136091.1511941
1785136091.1511941
1785136091.1511941
1785136091.1511941
1785136091.1511941
1785136091.1511941
1785136091.1511941
1785136091.1511941
1785136091.1511941
1785136091.1511941
1785136091.1511941
1785136091.1511941
1785136091.1511941
1785136091.1511941
1785136091.1511941
1785136091.1511941
1785136091.1511941
1785136091.1511941
1785136091.1511941
1785136091.1511941
1785136091.1511941
1785136091.1511941
1785136091.1511941
1785136091.1511941
1785136091.1511941
1785136091.1511941
1785136091.1511941
1785136091.1511941
1785136091.1511941
1785136091.1511941
1785136091.1511941
1785136091.1511941
1785136091.1511941
1785136091.1511941
1785136091.1511941
1785136091.1511941
1785136091.1511941
1785136091.1511941
1785136091.1511941
1785136091.1511941
1785136091.1511941
1785136091.1511941
1785136091.1511941
1785136091.1511941
1785136091.1511941
1785136091.1511941
1785136091.1511941
1785136091.1511941
1785136091.1511941
1785136091.1511941
1785136091.1511941
1785136091.1511941
1785136091.1511941
1785136091.1511941
1785136091.1511941
1785136091.1511941
1785136091.1511941
1785136091.1511941
1785136091.1511941
1785136091.1514161
1785136091.1514161
1785136091.1514161
1785136091.1514161
1785136091.1514161
1785136091.1514161
1785136091.1514161
1785136091.1514161
1785136091.1514161
1785136091.1514161
1785136091.1514161
1785136091.1514161
1785136091.1514161
1785136091.1514161
1785136091.1514161
1785136091.1514161
1785136091.1514161
1785136091.1514161
1785136091.1514161
1785136091.1514161
1785136091.1514161
1785136091.1514161
1785136091.1514161
1785136091.1514161
1785136091.1514161
1785136091.1514161
1785136091.1514161
1785136091.1514161
1785136091.1514161
1785136091.1514161
1785136091.1514161
1785136091.1514161
1785136091.1514161
1785136091.1514161
1785136091.1514161
1785136091.1514161
1785136091.1514161
1785136091.1514161
1785136091.1514161
1785136091.1514161
1785136091.1514161
1785136091.1514161
1785136091.1514161
1785136091.1514161
1785136091.1514161
1785136091.1514161
1785136091.1514161
1785136091.1514161
1785136091.1514161
1785136091.1514161
1785136091.1514161
1785136091.1514161
1785136091.1514161
1785136091.1514161
1785136091.1514161
1785136091.1514161
1785136091.1514161
1785136091.1514161
1785136091.1514161
1785136091.1514161
1785136091.1514161
1785136091.1514161
1785136091.1514161
1785136091.1514161
1785136091.1514161
1785136091.1514161
1785136091.1514161
1785136091.1514161
1785136091.1516380
1785136091.1516380
1785136091.1516380
1785136091.1516380
1785136091.1516380
1785136091.1516380
1785136091.1516380
1785136091.1516380
1785136091.1516380
1785136091.1516380
1785136091.1516380
1785136091.1516380
1785136091.1516380
1785136091.1516380
1785136091.1516380
1785136091.1516380
1785136091.1516380
1785136091.1516380
1785136091.1516380
1785136091.1516380
1785136091.1516380
1785136091.1516380
1785136091.1516380
1785136091.1516380
1785136091.1516380
1785136091.1516380
1785136091.1516380
1785136091.1516380
1785136091.1516380
1785136091.1516380
1785136091.1516380
1785136091.1516380
1785136091.1516380
1785136091.1516380
1785136091.1516380
1785136091.1516380
1785136091.1516380
1785136091.1516380
1785136091.1516380
1785136091.1516380
1785136091.1516380
1785136091.1516380
1785136091.1516380
1785136091.1516380
1785136091.1516380
1785136091.1516380
1785136091.1516380
1785136091.1516380
1785136091.1516380
1785136091.1516380
1785136091.1516380
1785136091.1516380
1785136091.1516380
1785136091.1516380
1785136091.1516380
1785136091.1516380
1785136091.1516380
1785136091.1516380
1785136091.1516380
1785136091.1516380
1785136091.1516380
1785136091.1516380
1785136091.1516380
1785136091.1516380
1785136091.1516380
1785136091.1516380
1785136091.1516380
1785136091.1516380
1785136091.1516380
1785136091.1516380
1785136091.1518600
1785136091.1518600
1785136091.1518600
1785136091.1518600
1785136091.1518600
1785136091.1518600
1785136091.1518600
1785136091.1518600
1785136091.1518600
1785136091.1518600
1785136091.1518600
1785136091.1518600
1785136091.1518600
1785136091.1518600
1785136091.1518600
1785136091.1518600
1785136091.1518600
1785136091.1518600
1785136091.1518600
1785136091.1518600
1785136091.1518600
1785136091.1518600
1785136091.1518600
1785136091.1518600
1785136091.1518600
1785136091.1518600
1785136091.1518600
1785136091.1518600
1785136091.1518600
1785136091.1518600
1785136091.1518600
1785136091.1518600
1785136091.1518600
1785136091.1518600
1785136091.1518600
1785136091.1518600
1785136091.1518600
1785136091.1518600
1785136091.1518600
1785136091.1518600
1785136091.1518600
1785136091.1518600
1785136091.1518600
1785136091.1518600
1785136091.1518600
1785136091.1518600
1785136091.1518600
1785136091.1518600
1785136091.1518600
1785136091.1518600
1785136091.1518600
1785136091.1518600
1785136091.1518600
1785136091.1518600
1785136091.1518600
1785136091.1518600
1785136091.1518600
1785136091.1518600
1785136091.1518600
1785136091.1518600
1785136091.1518600
1785136091.1518600
1785136091.1518600
1785136091.1518600
1785136091.1518600
1785136091.1518600
1785136091.1518600
1785136091.1518600
1785136091.1518600
1785136091.1518600
1785136091.1518600
1785136091.1518600
1785136091.1518600
1785136091.1518600
1785136091.1518600
1785136091.1520820
1785136091.1520820
1785136091.1520820
1785136091.1520820
1785136091.1520820
1785136091.1520820
1785136091.1520820
1785136091.1520820
1785136091.1520820
1785136091.1520820
1785136091.1520820
1785136091.1520820
1785136091.1520820
1785136091.1520820
1785136091.1520820
1785136091.1520820
1785136091.1520820
1785136091.1520820
1785136091.1520820
1785136091.1520820
1785136091.1520820
1785136091.1520820
1785136091.1520820
1785136091.1520820
1785136091.1520820
1785136091.1520820
1785136091.1520820
1785136091.1520820
1785136091.1520820
1785136091.1520820
1785136091.1520820
1785136091.1520820
1785136091.1520820
1785136091.1520820
1785136091.1520820
1785136091.1520820
1785136091.1520820
1785136091.1520820
1785136091.1520820
1785136091.1520820
1785136091.1520820
1785136091.1520820
1785136091.1520820
1785136091.1520820
1785136091.1520820
1785136091.1520820
1785136091.1520820
1785136091.1520820
1785136091.1520820
1785136091.1520820
1785136091.1520820
1785136091.1520820
1785136091.1520820
1785136091.1520820
1785136091.1520820
1785136091.1520820
1785136091.1520820
1785136091.1520820
1785136091.1520820
1785136091.1520820
1785136091.1520820
1785136091.1520820
1785136091.1520820
1785136091.1520820
1785136091.1520820
1785136091.1520820
1785136091.1520820
1785136091.1520820
1785136091.1520820
1785136091.1523049
1785136091.1523049
1785136091.1523049
1785136091.1523049
1785136091.1523049
1785136091.1523049
1785136091.1523049
1785136091.1523049
1785136091.1523049
1785136091.1523049
1785136091.1523049
1785136091.1523049
1785136091.1523049
1785136091.1523049
1785136091.1523049
1785136091.1523049
1785136091.1523049
1785136091.1523049
1785136091.1523049
1785136091.1523049
1785136091.1523049
1785136091.1523049
1785136091.1523049
1785136091.1523049
1785136091.1523049
1785136091.1523049
1785136091.1523049
1785136091.1523049
1785136091.1523049
1785136091.1523049
1785136091.1523049
1785136091.1523049
1785136091.1523049
1785136091.1523049
1785136091.1523049
1785136091.1523049
1785136091.1523049
1785136091.1523049
1785136091.1523049
1785136091.1523049
1785136091.1523049
1785136091.1523049
1785136091.1523049
1785136091.1523049
1785136091.1523049
1785136091.1523049
1785136091.1523049
1785136091.1523049
1785136091.1523049
1785136091.1523049
1785136091.1523049
1785136091.1523049
1785136091.1523049
1785136091.1523049
1785136091.1523049
1785136091.1523049
1785136091.1523049
1785136091.1523049
1785136091.1523049
1785136091.1523049
1785136091.1523049
1785136091.1523049
1785136091.1523049
1785136091.1523049
1785136091.1523049
1785136091.1523049
1785136091.1523049
1785136091.1523049
1785136091.1523049
1785136091.1525271
1785136091.1525271
1785136091.1525271
1785136091.1525271
1785136091.1525271
1785136091.1525271
1785136091.1525271
1785136091.1525271
1785136091.1525271
1785136091.1525271
1785136091.1525271
1785136091.1525271
1785136091.1525271
1785136091.1525271
1785136091.1525271
1785136091.1525271
1785136091.1525271
1785136091.1525271
1785136091.1525271
1785136091.1525271
1785136091.1525271
1785136091.1525271
1785136091.1525271
1785136091.1525271
1785136091.1525271
1785136091.1525271
1785136091.1525271
1785136091.1525271
1785136091.1525271
1785136091.1525271
1785136091.1525271
1785136091.1525271
1785136091.1525271
1785136091.1525271
1785136091.1525271
1785136091.1525271
1785136091.1525271
1785136091.1525271
1785136091.1525271
1785136091.1525271
1785136091.1525271
1785136091.1525271
1785136091.1525271
1785136091.1525271
1785136091.1525271
1785136091.1525271
1785136091.1525271
1785136091.1525271
1785136091.1525271
1785136091.1525271
1785136091.1525271
1785136091.1525271
1785136091.1525271
1785136091.1525271
1785136091.1525271
1785136091.1525271
1785136091.1525271
1785136091.1525271
1785136091.1525271
1785136091.1525271
1785136091.1525271
1785136091.1525271
1785136091.1525271
1785136091.1525271
1785136091.1525271
1785136091.1525271
1785136091.1525271
1785136091.1525271
1785136091.1525271
1785136091.1525271
1785136091.1525271
1785136091.1525271
1785136091.1525271
1785136091.1525271
1785136091.1525271
1785136091.1525271
1785136091.1527491
1785136091.1527491
1785136091.1527491
1785136091.1527491
1785136091.1527491
1785136091.1527491
1785136091.1527491
1785136091.1527491
1785136091.1527491
1785136091.1527491
1785136091.1527491
1785136091.1527491
1785136091.1527491
1785136091.1527491
1785136091.1527491
1785136091.1527491
1785136091.1527491
1785136091.1527491
1785136091.1527491
1785136091.1527491
1785136091.1527491
1785136091.1527491
1785136091.1527491
1785136091.1527491
1785136091.1527491
1785136091.1527491
1785136091.1527491
1785136091.1527491
1785136091.1527491
1785136091.1527491
1785136091.1527491
1785136091.1527491
1785136091.1527491
1785136091.1527491
1785136091.1527491
1785136091.1527491
1785136091.1527491
1785136091.1527491
1785136091.1527491
1785136091.1527491
1785136091.1527491
1785136091.1527491
1785136091.1527491
1785136091.1527491
1785136091.1527491
1785136091.1527491
1785136091.1527491
1785136091.1527491
1785136091.1527491
1785136091.1527491
1785136091.1527491
1785136091.1527491
1785136091.1527491
1785136091.1527491
1785136091.1527491
1785136091.1527491
1785136091.1527491
1785136091.1527491
1785136091.1527491
1785136091.1527491
1785136091.1527491
1785136091.1527491
1785136091.1527491
1785136091.1527491
1785136091.1527491
1785136091.1527491
1785136091.1527491
1785136091.1527491
1785136091.1527491
1785136091.1527491
1785136091.1527491
1785136091.1527491
1785136091.1527491
1785136091.1527491
1785136091.1527491
1785136091.1527491
1785136091.1527491
1785136091.1527491
1785136091.1527491
1785136091.1527491
1785136091.1527491
1785136091.1527491
1785136091.1527491
1785136091.1527491
1785136091.1527491
1785136091.1527491
1785136091.1527491
1785136091.1527491
1785136091.1527491
1785136091.1527491
1785136091.1527491
1785136091.1527491
1785136091.1527491
1785136091.1527491
1785136091.1527491
1785136091.1527491
1785136091.1529710
1785136091.1529710
1785136091.1529710
1785136091.1529710
1785136091.1529710
1785136091.1529710
1785136091.1529710
1785136091.1529710
1785136091.1529710
1785136091.1529710
1785136091.1529710
1785136091.1529710
1785136091.1529710
1785136091.1529710
1785136091.1529710
1785136091.1529710
1785136091.1529710
1785136091.1529710
1785136091.1529710
1785136091.1529710
1785136091.1529710
1785136091.1529710
1785136091.1529710
1785136091.1529710
1785136091.1529710
1785136091.1529710
1785136091.1529710
1785136091.1529710
1785136091.1529710
1785136091.1529710
1785136091.1529710
1785136091.1529710
1785136091.1529710
1785136091.1529710
1785136091.1529710
1785136091.1529710
1785136091.1529710
1785136091.1529710
1785136091.1529710
1785136091.1529710
1785136091.1529710
1785136091.1529710
1785136091.1529710
1785136091.1529710
1785136091.1529710
1785136091.1529710
1785136091.1529710
1785136091.1529710
1785136091.1529710
1785136091.1529710
1785136091.1529710
1785136091.1529710
1785136091.1529710
1785136091.1529710
1785136091.1529710
1785136091.1529710
1785136091.1529710
1785136091.1529710
1785136091.1529710
1785136091.1529710
1785136091.1529710
1785136091.1529710
1785136091.1529710
1785136091.1529710
1785136091.1529710
1785136091.1529710
1785136091.1529710
1785136091.1529710
1785136091.1529710
1785136091.1529710
1785136091.1529710
1785136091.1529710
1785136091.1529710
1785136091.1529710
1785136091.1529710
1785136091.1529710
1785136091.1529710
1785136091.1529710
1785136091.1529710
1785136091.1529710
1785136091.1529710
1785136091.1529710
1785136091.1529710
1785136091.1529710
1785136091.1529710
1785136091.1529710
1785136091.1529710
1785136091.1531930
1785136091.1531930
1785136091.1531930
1785136091.1531930
1785136091.1531930
1785136091.1531930
1785136091.1531930
1785136091.1531930
1785136091.1531930
1785136091.1531930
1785136091.1531930
1785136091.1531930
1785136091.1531930
1785136091.1531930
1785136091.1531930
1785136091.1531930
1785136091.1531930
1785136091.1531930
1785136091.1531930
1785136091.1531930
1785136091.1531930
1785136091.1531930
1785136091.1531930
1785136091.1531930
1785136091.1531930
1785136091.1531930
1785136091.1531930
1785136091.1531930
1785136091.1531930
1785136091.1531930
1785136091.1531930
1785136091.1531930
1785136091.1531930
1785136091.1531930
1785136091.1531930
1785136091.1531930
1785136091.1531930
1785136091.1531930
1785136091.1531930
1785136091.1531930
1785136091.1531930
1785136091.1531930
1785136091.1531930
1785136091.1531930
1785136091.1531930
1785136091.1531930
1785136091.1531930
1785136091.1531930
1785136091.1531930
1785136091.1531930
1785136091.1531930
1785136091.1531930
1785136091.1531930
1785136091.1531930
1785136091.1531930
1785136091.1531930
1785136091.1531930
1785136091.1531930
1785136091.1531930
1785136091.1531930
1785136091.1531930
1785136091.1531930
1785136091.1531930
1785136091.1531930
1785136091.1531930
1785136091.1531930
1785136091.1531930
1785136091.1531930
1785136091.1531930
1785136091.1531930
1785136091.1531930
1785136091.1531930
1785136091.1531930
1785136091.1531930
1785136091.1531930
1785136091.1531930
1785136091.1531930
1785136091.1531930
1785136091.1531930
1785136091.1531930
1785136091.1531930
1785136091.1534150
1785136091.1534150
1785136091.1534150
1785136091.1534150
1785136091.1534150
1785136091.1534150
1785136091.1534150
1785136091.1534150
1785136091.1534150
1785136091.1534150
1785136091.1534150
1785136091.1534150
1785136091.1534150
1785136091.1534150
1785136091.1534150
1785136091.1534150
1785136091.1534150
1785136091.1534150
1785136091.1534150
1785136091.1534150
1785136091.1534150
1785136091.1534150
1785136091.1534150
1785136091.1534150
1785136091.1534150
1785136091.1534150
1785136091.1534150
1785136091.1534150
1785136091.1534150
1785136091.1534150
1785136091.1534150
1785136091.1534150
1785136091.1534150
1785136091.1534150
1785136091.1534150
1785136091.1534150
1785136091.1534150
1785136091.1534150
1785136091.1534150
1785136091.1534150
1785136091.1534150
1785136091.1534150
1785136091.1534150
1785136091.1534150
1785136091.1534150
1785136091.1534150
1785136091.1534150
1785136091.1534150
1785136091.1534150
1785136091.1534150
1785136091.1534150
1785136091.1534150
1785136091.1534150
1785136091.1534150
1785136091.1534150
1785136091.1534150
1785136091.1534150
1785136091.1534150
1785136091.1534150
1785136091.1534150
1785136091.1534150
1785136091.1534150
1785136091.1534150
1785136091.1534150
1785136091.1534150
1785136091.1534150
1785136091.1534150
1785136091.1534150
1785136091.1534150
1785136091.1534150
1785136091.1534150
1785136091.1534150
1785136091.1534150
1785136091.1534150
1785136091.1534150
1785136091.1534150
1785136091.1534150
1785136091.1534150
1785136091.1534150
1785136091.1534150
1785136091.1534150
1785136091.1534150
1785136091.1536369
1785136091.1536369
1785136091.1536369
1785136091.1536369
1785136091.1536369
1785136091.1536369
1785136091.1536369
1785136091.1536369
1785136091.1536369
1785136091.1536369
1785136091.1536369
1785136091.1536369
1785136091.1536369
1785136091.1536369
1785136091.1536369
1785136091.1536369
1785136091.1536369
1785136091.1536369
1785136091.1536369
1785136091.1536369
1785136091.1536369
1785136091.1536369
1785136091.1536369
1785136091.1536369
1785136091.1536369
1785136091.1536369
1785136091.1536369
1785136091.1536369
1785136091.1536369
1785136091.1536369
1785136091.1536369
1785136091.1536369
1785136091.1536369
1785136091.1536369
1785136091.1536369
1785136091.1536369
1785136091.1536369
1785136091.1536369
1785136091.1536369
1785136091.1536369
1785136091.1536369
1785136091.1536369
1785136091.1536369
1785136091.1536369
1785136091.1536369
1785136091.1536369
1785136091.1536369
1785136091.1536369
1785136091.1536369
1785136091.1536369
1785136091.1536369
1785136091.1536369
1785136091.1536369
1785136091.1536369
1785136091.1536369
1785136091.1536369
1785136091.1536369
1785136091.1536369
1785136091.1536369
1785136091.1536369
1785136091.1536369
1785136091.1536369
1785136091.1536369
1785136091.1536369
1785136091.1536369
1785136091.1536369
1785136091.1536369
1785136091.1536369
1785136091.1536369
1785136091.1536369
1785136091.1536369
1785136091.1536369
1785136091.1536369
1785136091.1536369
1785136091.1536369
1785136091.1536369
1785136091.1536369
1785136091.1536369
1785136091.1536369
1785136091.1536369
1785136091.1536369
1785136091.1536369
1785136091.1536369
1785136091.1536369
1785136091.1536369
1785136091.1536369
1785136091.1536369
1785136091.1536369
1785136091.1536369
1785136091.1536369
1785136091.1536369
1785136091.1536369
1785136091.1536369
1785136091.1536369
1785136091.1536369
1785136091.1536369
1785136091.1536369
1785136091.1536369
1785136091.1536369
1785136091.1536369
1785136091.1536369
1785136091.1536369
1785136091.1538589
1785136091.1538589
1785136091.1538589
1785136091.1538589
1785136091.1538589
1785136091.1538589
1785136091.1538589
1785136091.1538589
1785136091.1538589
1785136091.1538589
1785136091.1538589
1785136091.1538589
1785136091.1538589
1785136091.1538589
1785136091.1538589
1785136091.1538589
1785136091.1538589
1785136091.1538589
1785136091.1538589
1785136091.1538589
1785136091.1538589
1785136091.1538589
1785136091.1538589
1785136091.1538589
1785136091.1538589
1785136091.1538589
1785136091.1538589
1785136091.1538589
1785136091.1538589
1785136091.1538589
1785136091.1538589
1785136091.1538589
1785136091.1538589
1785136091.1538589
1785136091.1538589
1785136091.1538589
1785136091.1538589
1785136091.1538589
1785136091.1538589
1785136091.1538589
1785136091.1538589
1785136091.1538589
1785136091.1538589
1785136091.1538589
1785136091.1538589
1785136091.1538589
1785136091.1538589
1785136091.1538589
1785136091.1538589
1785136091.1538589
1785136091.1538589
1785136091.1538589
1785136091.1538589
1785136091.1538589
1785136091.1538589
1785136091.1538589
1785136091.1538589
1785136091.1538589
1785136091.1538589
1785136091.1538589
1785136091.1538589
1785136091.1538589
1785136091.1538589
1785136091.1538589
1785136091.1538589
1785136091.1538589
1785136091.1538589
1785136091.1538589
1785136091.1538589
1785136091.1538589
1785136091.1538589
1785136091.1538589
1785136091.1538589
1785136091.1538589
1785136091.1538589
1785136091.1538589
1785136091.1538589
1785136091.1538589
1785136091.1538589
1785136091.1540821
1785136091.1540821
1785136091.1540821
1785136091.1540821
1785136091.1540821
1785136091.1540821
1785136091.1540821
1785136091.1540821
1785136091.1540821
1785136091.1540821
1785136091.1540821
1785136091.1540821
1785136091.1540821
1785136091.1540821
1785136091.1540821
1785136091.1540821
1785136091.1540821
1785136091.1540821
1785136091.1540821
1785136091.1540821
1785136091.1540821
1785136091.1540821
1785136091.1540821
1785136091.1540821
1785136091.1540821
1785136091.1540821
1785136091.1540821
1785136091.1540821
1785136091.1540821
1785136091.1540821
1785136091.1540821
1785136091.1540821
1785136091.1540821
1785136091.1540821
1785136091.1540821
1785136091.1540821
1785136091.1540821
1785136091.1540821
1785136091.1540821
1785136091.1540821
1785136091.1540821
1785136091.1540821
1785136091.1540821
1785136091.1540821
1785136091.1540821
1785136091.1540821
1785136091.1540821
1785136091.1540821
1785136091.1540821
1785136091.1540821
1785136091.1540821
1785136091.1540821
1785136091.1540821
1785136091.1540821
1785136091.1540821
1785136091.1540821
1785136091.1540821
1785136091.1540821
1785136091.1540821
1785136091.1540821
1785136091.1540821
1785136091.1540821
1785136091.1540821
1785136091.1540821
1785136091.1540821
1785136091.1540821
1785136091.1540821
1785136091.1540821
1785136091.1540821
1785136091.1540821
1785136091.1540821
1785136091.1540821
1785136091.1540821
1785136091.1540821
1785136091.1540821
1785136091.1540821
1785136091.1543050
1785136091.1543050
1785136091.1543050
1785136091.1543050
1785136091.1543050
1785136091.1543050
1785136091.1543050
1785136091.1543050
1785136091.1543050
1785136091.1543050
1785136091.1543050
1785136091.1543050
1785136091.1543050
1785136091.1543050
1785136091.1543050
1785136091.1543050
1785136091.1543050
1785136091.1543050
1785136091.1543050
1785136091.1543050
1785136091.1543050
1785136091.1543050
1785136091.1543050
1785136091.1543050
1785136091.1543050
1785136091.1543050
1785136091.1543050
1785136091.1543050
1785136091.1543050
1785136091.1543050
1785136091.1543050
1785136091.1543050
1785136091.1543050
1785136091.1543050
1785136091.1543050
1785136091.1543050
1785136091.1543050
1785136091.1543050
1785136091.1543050
1785136091.1543050
1785136091.1543050
1785136091.1543050
1785136091.1543050
1785136091.1543050
1785136091.1543050
1785136091.1543050
1785136091.1543050
1785136091.1543050
1785136091.1543050
1785136091.1543050
1785136091.1543050
1785136091.1543050
1785136091.1543050
1785136091.1543050
1785136091.1543050
1785136091.1543050
1785136091.1543050
1785136091.1543050
1785136091.1543050
1785136091.1543050
1785136091.1543050
1785136091.1543050
1785136091.1543050
1785136091.1543050
1785136091.1543050
1785136091.1543050
1785136091.1543050
1785136091.1543050
1785136091.1543050
1785136091.1543050
1785136091.1543050
1785136091.1543050
1785136091.1543050
1785136091.1543050
1785136091.1545269
1785136091.1545269
1785136091.1545269
1785136091.1545269
1785136091.1545269
1785136091.1545269
1785136091.1545269
1785136091.1545269
1785136091.1545269
1785136091.1545269
1785136091.1545269
1785136091.1545269
1785136091.1545269
1785136091.1545269
1785136091.1545269
1785136091.1545269
1785136091.1545269
1785136091.1545269
1785136091.1545269
1785136091.1545269
1785136091.1545269
1785136091.1545269
1785136091.1545269
1785136091.1545269
1785136091.1545269
1785136091.1545269
1785136091.1545269
1785136091.1545269
1785136091.1545269
1785136091.1545269
1785136091.1545269
1785136091.1545269
1785136091.1545269
1785136091.1545269
1785136091.1545269
1785136091.1545269
1785136091.1545269
1785136091.1545269
1785136091.1545269
1785136091.1545269
1785136091.1545269
1785136091.1545269
1785136091.1545269
1785136091.1545269
1785136091.1545269
1785136091.1545269
1785136091.1545269
1785136091.1545269
1785136091.1545269
1785136091.1545269
1785136091.1545269
1785136091.1545269
1785136091.1545269
1785136091.1545269
1785136091.1545269
1785136091.1545269
1785136091.1545269
1785136091.1545269
1785136091.1545269
1785136091.1545269
1785136091.1545269
1785136091.1545269
1785136091.1545269
1785136091.1545269
1785136091.1545269
1785136091.1545269
1785136091.1545269
1785136091.1545269
1785136091.1545269
1785136091.1545269
1785136091.1545269
1785136091.1545269
1785136091.1545269
1785136091.1545269
1785136091.1545269
1785136091.1545269
1785136091.1545269
1785136091.1545269
1785136091.1545269
1785136091.1545269
1785136091.1545269
1785136091.1545269
1785136091.1545269
1785136091.1547480
1785136091.1547480
1785136091.1547480
1785136091.1547480
1785136091.1547480
1785136091.1547480
1785136091.1547480
1785136091.1547480
1785136091.1547480
1785136091.1547480
1785136091.1547480
1785136091.1547480
1785136091.1547480
1785136091.1547480
1785136091.1547480
1785136091.1547480
1785136091.1547480
1785136091.1547480
1785136091.1547480
1785136091.1547480
1785136091.1547480
1785136091.1547480
1785136091.1547480
1785136091.1547480
1785136091.1547480
1785136091.1547480
1785136091.1547480
1785136091.1547480
1785136091.1547480
1785136091.1547480
1785136091.1547480
1785136091.1547480
1785136091.1547480
1785136091.1547480
1785136091.1547480
1785136091.1547480
1785136091.1547480
1785136091.1547480
1785136091.1547480
1785136091.1547480
1785136091.1547480
1785136091.1547480
1785136091.1547480
1785136091.1547480
1785136091.1547480
1785136091.1547480
1785136091.1547480
1785136091.1547480
1785136091.1547480
1785136091.1547480
1785136091.1547480
1785136091.1547480
1785136091.1547480
1785136091.1547480
1785136091.1547480
1785136091.1547480
1785136091.1547480
1785136091.1547480
1785136091.1547480
1785136091.1547480
1785136091.1547480
1785136091.1547480
1785136091.1547480
1785136091.1547480
1785136091.1547480
1785136091.1549709
1785136091.1549709
1785136091.1549709
1785136091.1549709
1785136091.1549709
1785136091.1549709
1785136091.1549709
1785136091.1549709
1785136091.1549709
1785136091.1549709
1785136091.1549709
1785136091.1549709
1785136091.1549709
1785136091.1549709
1785136091.1549709
1785136091.1549709
1785136091.1549709
1785136091.1549709
1785136091.1549709
1785136091.1549709
1785136091.1549709
1785136091.1549709
1785136091.1549709
1785136091.1549709
1785136091.1549709
1785136091.1549709
1785136091.1549709
1785136091.1549709
1785136091.1549709
1785136091.1549709
1785136091.1549709
1785136091.1549709
1785136091.1549709
1785136091.1549709
1785136091.1549709
1785136091.1549709
1785136091.1549709
1785136091.1549709
1785136091.1549709
1785136091.1549709
1785136091.1549709
1785136091.1549709
1785136091.1549709
1785136091.1549709
1785136091.1549709
1785136091.1549709
1785136091.1549709
1785136091.1549709
1785136091.1549709
1785136091.1549709
1785136091.1549709
1785136091.1549709
1785136091.1549709
1785136091.1549709
1785136091.1549709
1785136091.1549709
1785136091.1549709
1785136091.1549709
1785136091.1549709
1785136091.1549709
1785136091.1549709
1785136091.1549709
1785136091.1549709
1785136091.1549709
1785136091.1551931
1785136091.1551931
1785136091.1551931
1785136091.1551931
1785136091.1551931
1785136091.1551931
1785136091.1551931
1785136091.1551931
1785136091.1551931
1785136091.1551931
1785136091.1551931
1785136091.1551931
1785136091.1551931
1785136091.1551931
1785136091.1551931
1785136091.1551931
1785136091.1551931
1785136091.1551931
1785136091.1551931
1785136091.1551931
1785136091.1551931
1785136091.1551931
1785136091.1551931
1785136091.1551931
1785136091.1551931
1785136091.1551931
1785136091.1551931
1785136091.1551931
1785136091.1551931
1785136091.1551931
1785136091.1551931
1785136091.1551931
1785136091.1551931
1785136091.1551931
1785136091.1551931
1785136091.1551931
1785136091.1551931
1785136091.1551931
1785136091.1551931
1785136091.1551931
1785136091.1551931
1785136091.1551931
1785136091.1551931
1785136091.1551931
1785136091.1551931
1785136091.1551931
1785136091.1551931
1785136091.1551931
1785136091.1551931
1785136091.1551931
1785136091.1551931
1785136091.1551931
1785136091.1551931
1785136091.1551931
1785136091.1551931
1785136091.1551931
1785136091.1551931
1785136091.1551931
1785136091.1551931
1785136091.1551931
1785136091.1551931
1785136091.1554151
1785136091.1554151
1785136091.1554151
1785136091.1554151
1785136091.1554151
1785136091.1554151
1785136091.1554151
1785136091.1554151
1785136091.1554151
1785136091.1554151
1785136091.1554151
1785136091.1554151
1785136091.1554151
1785136091.1554151
1785136091.1554151
1785136091.1554151
1785136091.1554151
1785136091.1554151
1785136091.1554151
1785136091.1554151
1785136091.1554151
1785136091.1554151
1785136091.1554151
1785136091.1554151
1785136091.1554151
1785136091.1554151
1785136091.1554151
1785136091.1554151
1785136091.1554151
1785136091.1554151
1785136091.1554151
1785136091.1554151
1785136091.1554151
1785136091.1554151
1785136091.1554151
1785136091.1554151
1785136091.1554151
1785136091.1554151
1785136091.1554151
1785136091.1554151
1785136091.1554151
1785136091.1554151
1785136091.1554151
1785136091.1554151
1785136091.1554151
1785136091.1554151
1785136091.1554151
1785136091.1554151
1785136091.1554151
1785136091.1554151
1785136091.1554151
1785136091.1554151
1785136091.1554151
1785136091.1554151
1785136091.1554151
1785136091.1554151
1785136091.1554151
1785136091.1556370
1785136091.1556370
1785136091.1556370
1785136091.1556370
1785136091.1556370
1785136091.1556370
1785136091.1556370
1785136091.1556370
1785136091.1556370
1785136091.1556370
1785136091.1556370
1785136091.1556370
1785136091.1556370
1785136091.1556370
1785136091.1556370
1785136091.1556370
1785136091.1556370
1785136091.1556370
1785136091.1556370
1785136091.1556370
1785136091.1556370
1785136091.1556370
1785136091.1556370
1785136091.1556370
1785136091.1556370
1785136091.1556370
1785136091.1556370
1785136091.1556370
1785136091.1556370
1785136091.1556370
1785136091.1556370
1785136091.1556370
1785136091.1556370
1785136091.1556370
1785136091.1556370
1785136091.1556370
1785136091.1556370
1785136091.1556370
1785136091.1556370
1785136091.1556370
1785136091.1556370
1785136091.1556370
1785136091.1556370
1785136091.1556370
1785136091.1556370
1785136091.1556370
1785136091.1556370
1785136091.1556370
1785136091.1556370
1785136091.1556370
1785136091.1556370
1785136091.1556370
1785136091.1556370
1785136091.1556370
1785136091.1558590
1785136091.1558590
1785136091.1558590
1785136091.1558590
1785136091.1558590
1785136091.1558590
1785136091.1558590
1785136091.1558590
1785136091.1558590
1785136091.1558590
1785136091.1558590
1785136091.1558590
1785136091.1558590
1785136091.1558590
1785136091.1558590
1785136091.1558590
1785136091.1558590
1785136091.1558590
1785136091.1558590
1785136091.1558590
1785136091.1558590
1785136091.1558590
1785136091.1558590
1785136091.1558590
1785136091.1558590
1785136091.1558590
1785136091.1558590
1785136091.1558590
1785136091.1558590
1785136091.1558590
1785136091.1558590
1785136091.1558590
1785136091.1558590
1785136091.1558590
1785136091.1558590
1785136091.1558590
1785136091.1558590
1785136091.1558590
1785136091.1558590
1785136091.1558590
1785136091.1558590
1785136091.1558590
1785136091.1558590
1785136091.1558590
1785136091.1558590
1785136091.1558590
1785136091.1558590
1785136091.1558590
1785136091.1558590
1785136091.1558590
1785136091.1558590
1785136091.1558590
1785136091.1558590
1785136091.1558590
1785136091.1560819
1785136091.1560819
1785136091.1560819
1785136091.1560819
1785136091.1560819
1785136091.1560819
1785136091.1560819
1785136091.1560819
1785136091.1560819
1785136091.1560819
1785136091.1560819
1785136091.1560819
1785136091.1560819
1785136091.1560819
1785136091.1560819
1785136091.1560819
1785136091.1560819
1785136091.1560819
1785136091.1560819
1785136091.1560819
1785136091.1560819
1785136091.1560819
1785136091.1560819
1785136091.1560819
1785136091.1560819
1785136091.1560819
1785136091.1560819
1785136091.1560819
1785136091.1560819
1785136091.1560819
1785136091.1560819
1785136091.1560819
1785136091.1560819
1785136091.1560819
1785136091.1560819
1785136091.1560819
1785136091.1560819
1785136091.1560819
1785136091.1560819
1785136091.1560819
1785136091.1560819
1785136091.1560819
1785136091.1560819
1785136091.1560819
1785136091.1560819
1785136091.1560819
1785136091.1560819
1785136091.1560819
1785136091.1560819
1785136091.1560819
1785136091.1560819
1785136091.1560819
1785136091.1560819
1785136091.1560819
1785136091.1560819
1785136091.1563039
1785136091.1563039
1785136091.1563039
1785136091.1563039
1785136091.1563039
1785136091.1563039
1785136091.1563039
1785136091.1563039
1785136091.1563039
1785136091.1563039
1785136091.1563039
1785136091.1563039
1785136091.1563039
1785136091.1563039
1785136091.1563039
1785136091.1563039
1785136091.1563039
1785136091.1563039
1785136091.1563039
1785136091.1563039
1785136091.1563039
1785136091.1563039
1785136091.1563039
1785136091.1563039
1785136091.1563039
1785136091.1563039
1785136091.1563039
1785136091.1563039
1785136091.1563039
1785136091.1563039
1785136091.1563039
1785136091.1563039
1785136091.1563039
1785136091.1563039
1785136091.1563039
1785136091.1563039
1785136091.1563039
1785136091.1563039
1785136091.1563039
1785136091.1563039
1785136091.1563039
1785136091.1563039
1785136091.1563039
1785136091.1563039
1785136091.1563039
1785136091.1563039
1785136091.1563039
1785136091.1563039
1785136091.1563039
1785136091.1563039
1785136091.1563039
1785136091.1563039
1785136091.1563039
1785136091.1563039
1785136091.1563039
1785136091.1565261
1785136091.1565261
1785136091.1565261
1785136091.1565261
1785136091.1565261
1785136091.1565261
1785136091.1565261
1785136091.1565261
1785136091.1565261
1785136091.1565261
1785136091.1565261
1785136091.1565261
1785136091.1565261
1785136091.1565261
1785136091.1565261
1785136091.1565261
1785136091.1565261
1785136091.1565261
1785136091.1565261
1785136091.1565261
1785136091.1565261
1785136091.1565261
1785136091.1565261
1785136091.1565261
1785136091.1565261
1785136091.1565261
1785136091.1565261
1785136091.1565261
1785136091.1565261
1785136091.1565261
1785136091.1565261
1785136091.1565261
1785136091.1565261
1785136091.1565261
1785136091.1565261
1785136091.1565261
1785136091.1565261
1785136091.1565261
1785136091.1565261
1785136091.1565261
1785136091.1565261
1785136091.1565261
1785136091.1565261
1785136091.1565261
1785136091.1565261
1785136091.1565261
1785136091.1565261
1785136091.1565261
1785136091.1565261
1785136091.1565261
1785136091.1565261
1785136091.1565261
1785136091.1565261
1785136091.1565261
1785136091.1565261
1785136091.1567481
1785136091.1567481
1785136091.1567481
1785136091.1567481
1785136091.1567481
1785136091.1567481
1785136091.1567481
1785136091.1567481
1785136091.1567481
1785136091.1567481
1785136091.1567481
1785136091.1567481
1785136091.1567481
1785136091.1567481
1785136091.1567481
1785136091.1567481
1785136091.1567481
1785136091.1567481
1785136091.1567481
1785136091.1567481
1785136091.1567481
1785136091.1567481
1785136091.1567481
1785136091.1567481
1785136091.1567481
1785136091.1567481
1785136091.1567481
1785136091.1567481
1785136091.1567481
1785136091.1567481
1785136091.1567481
1785136091.1567481
1785136091.1567481
1785136091.1567481
1785136091.1567481
1785136091.1567481
1785136091.1567481
1785136091.1567481
1785136091.1567481
1785136091.1567481
1785136091.1567481
1785136091.1567481
1785136091.1567481
1785136091.1567481
1785136091.1567481
1785136091.1567481
1785136091.1567481
1785136091.1567481
1785136091.1567481
1785136091.1567481
1785136091.1567481
1785136091.1567481
1785136091.1569700
1785136091.1569700
1785136091.1569700
1785136091.1569700
1785136091.1569700
1785136091.1569700
1785136091.1569700
1785136091.1569700
1785136091.1569700
1785136091.1569700
1785136091.1569700
1785136091.1569700
1785136091.1569700
1785136091.1569700
1785136091.1569700
1785136091.1569700
1785136091.1569700
1785136091.1569700
1785136091.1569700
1785136091.1569700
1785136091.1569700
1785136091.1569700
1785136091.1569700
1785136091.1569700
1785136091.1569700
1785136091.1569700
1785136091.1569700
1785136091.1569700
1785136091.1569700
1785136091.1569700
1785136091.1569700
1785136091.1569700
1785136091.1569700
1785136091.1569700
1785136091.1569700
1785136091.1569700
1785136091.1569700
1785136091.1569700
1785136091.1569700
1785136091.1569700
1785136091.1569700
1785136091.1569700
1785136091.1569700
1785136091.1569700
1785136091.1569700
1785136091.1569700
1785136091.1569700
1785136091.1569700
1785136091.1569700
1785136091.1569700
1785136091.1569700
1785136091.1571920
1785136091.1571920
1785136091.1571920
1785136091.1571920
1785136091.1571920
1785136091.1571920
1785136091.1571920
1785136091.1571920
1785136091.1571920
1785136091.1571920
1785136091.1571920
1785136091.1571920
1785136091.1571920
1785136091.1571920
1785136091.1571920
1785136091.1571920
1785136091.1571920
1785136091.1571920
1785136091.1571920
1785136091.1571920
1785136091.1571920
1785136091.1571920
1785136091.1571920
1785136091.1571920
1785136091.1571920
1785136091.1571920
1785136091.1571920
1785136091.1571920
1785136091.1571920
1785136091.1571920
1785136091.1571920
1785136091.1571920
1785136091.1571920
1785136091.1571920
1785136091.1571920
1785136091.1571920
1785136091.1571920
1785136091.1571920
1785136091.1571920
1785136091.1571920
1785136091.1571920
1785136091.1571920
1785136091.1571920
1785136091.1571920
1785136091.1571920
1785136091.1571920
1785136091.1571920
1785136091.1571920
1785136091.1571920
1785136091.1574140
1785136091.1574140
1785136091.1574140
1785136091.1574140
1785136091.1574140
1785136091.1574140
1785136091.1574140
1785136091.1574140
1785136091.1574140
1785136091.1574140
1785136091.1574140
1785136091.1574140
1785136091.1574140
1785136091.1574140
1785136091.1574140
1785136091.1574140
1785136091.1574140
1785136091.1574140
1785136091.1574140
1785136091.1574140
1785136091.1574140
1785136091.1574140
1785136091.1574140
1785136091.1574140
1785136091.1574140
1785136091.1574140
1785136091.1574140
1785136091.1574140
1785136091.1574140
1785136091.1574140
1785136091.1574140
1785136091.1574140
1785136091.1574140
1785136091.1574140
1785136091.1574140
1785136091.1574140
1785136091.1574140
1785136091.1574140
1785136091.1574140
1785136091.1574140
1785136091.1574140
1785136091.1574140
1785136091.1574140
1785136091.1574140
1785136091.1576369
1785136091.1576369
1785136091.1576369
1785136091.1576369
1785136091.1576369
1785136091.1576369
1785136091.1576369
1785136091.1576369
1785136091.1576369
1785136091.1576369
1785136091.1576369
1785136091.1576369
1785136091.1576369
1785136091.1576369
1785136091.1576369
1785136091.1576369
1785136091.1576369
1785136091.1576369
1785136091.1576369
1785136091.1576369
1785136091.1576369
1785136091.1576369
1785136091.1576369
1785136091.1576369
1785136091.1576369
1785136091.1576369
1785136091.1576369
1785136091.1576369
1785136091.1576369
1785136091.1576369
1785136091.1576369
1785136091.1576369
1785136091.1576369
1785136091.1576369
1785136091.1576369
1785136091.1576369
1785136091.1576369
1785136091.1576369
1785136091.1576369
1785136091.1576369
1785136091.1576369
1785136091.1576369
1785136091.1576369
1785136091.1578591
1785136091.1578591
1785136091.1578591
1785136091.1578591
1785136091.1578591
1785136091.1578591
1785136091.1578591
1785136091.1578591
1785136091.1578591
1785136091.1578591
1785136091.1578591
1785136091.1578591
1785136091.1578591
1785136091.1578591
1785136091.1578591
1785136091.1578591
1785136091.1578591
1785136091.1578591
1785136091.1578591
1785136091.1578591
1785136091.1578591
1785136091.1578591
1785136091.1578591
1785136091.1578591
1785136091.1578591
1785136091.1578591
1785136091.1578591
1785136091.1578591
1785136091.1578591
1785136091.1578591
1785136091.1578591
1785136091.1578591
1785136091.1578591
1785136091.1578591
1785136091.1578591
1785136091.1578591
1785136091.1578591
1785136091.1578591
1785136091.1578591
1785136091.1578591
1785136091.1578591
1785136091.1578591
1785136091.1578591
1785136091.1580811
1785136091.1580811
1785136091.1580811
1785136091.1580811
1785136091.1580811
1785136091.1580811
1785136091.1580811
1785136091.1580811
1785136091.1580811
1785136091.1580811
1785136091.1580811
1785136091.1580811
1785136091.1580811
1785136091.1580811
1785136091.1580811
1785136091.1580811
1785136091.1580811
1785136091.1580811
1785136091.1580811
1785136091.1580811
1785136091.1580811
1785136091.1580811
1785136091.1580811
1785136091.1580811
1785136091.1580811
1785136091.1580811
1785136091.1580811
1785136091.1580811
1785136091.1580811
1785136091.1580811
1785136091.1580811
1785136091.1580811
1785136091.1580811
1785136091.1580811
1785136091.1580811
1785136091.1580811
1785136091.1580811
1785136091.1580811
1785136091.1580811
1785136091.1580811
1785136091.1580811
1785136091.1580811
1785136091.1580811
1785136091.1583030
1785136091.1583030
1785136091.1583030
1785136091.1583030
1785136091.1583030
1785136091.1583030
1785136091.1583030
1785136091.1583030
1785136091.1583030
1785136091.1583030
1785136091.1583030
1785136091.1583030
1785136091.1583030
1785136091.1583030
1785136091.1583030
1785136091.1583030
1785136091.1583030
1785136091.1583030
1785136091.1583030
1785136091.1583030
1785136091.1583030
1785136091.1583030
1785136091.1583030
1785136091.1583030
1785136091.1583030
1785136091.1583030
1785136091.1583030
1785136091.1583030
1785136091.1583030
1785136091.1583030
1785136091.1583030
1785136091.1583030
1785136091.1583030
1785136091.1583030
1785136091.1583030
1785136091.1583030
1785136091.1583030
1785136091.1583030
1785136091.1583030
1785136091.1583030
1785136091.1583030
1785136091.1583030
1785136091.1583030
1785136091.1585259
1785136091.1585259
1785136091.1585259
1785136091.1585259
1785136091.1585259
1785136091.1585259
1785136091.1585259
1785136091.1585259
1785136091.1585259
1785136091.1585259
1785136091.1585259
1785136091.1585259
1785136091.1585259
1785136091.1585259
1785136091.1585259
1785136091.1585259
1785136091.1585259
1785136091.1585259
1785136091.1585259
1785136091.1585259
1785136091.1585259
1785136091.1585259
1785136091.1585259
1785136091.1585259
1785136091.1585259
1785136091.1585259
1785136091.1585259
1785136091.1585259
1785136091.1585259
1785136091.1585259
1785136091.1585259
1785136091.1585259
1785136091.1585259
1785136091.1585259
1785136091.1585259
1785136091.1585259
1785136091.1585259
1785136091.1585259
1785136091.1585259
1785136091.1585259
1785136091.1585259
1785136091.1585259
1785136091.1585259
1785136091.1587470
1785136091.1587470
1785136091.1587470
1785136091.1587470
1785136091.1587470
1785136091.1587470
1785136091.1587470
1785136091.1587470
1785136091.1587470
1785136091.1587470
1785136091.1587470
1785136091.1587470
1785136091.1587470
1785136091.1587470
1785136091.1587470
1785136091.1587470
1785136091.1587470
1785136091.1587470
1785136091.1587470
1785136091.1587470
1785136091.1587470
1785136091.1587470
1785136091.1587470
1785136091.1587470
1785136091.1587470
1785136091.1587470
1785136091.1587470
1785136091.1587470
1785136091.1587470
1785136091.1587470
1785136091.1587470
1785136091.1587470
1785136091.1587470
1785136091.1587470
1785136091.1587470
1785136091.1587470
1785136091.1587470
1785136091.1587470
1785136091.1587470
1785136091.1587470
1785136091.1587470
1785136091.1587470
1785136091.1587470
1785136091.1589689
1785136091.1589689
1785136091.1589689
1785136091.1589689
1785136091.1589689
1785136091.1589689
1785136091.1589689
1785136091.1589689
1785136091.1589689
1785136091.1589689
1785136091.1589689
1785136091.1589689
1785136091.1589689
1785136091.1589689
1785136091.1589689
1785136091.1589689
1785136091.1589689
1785136091.1589689
1785136091.1589689
1785136091.1589689
1785136091.1589689
1785136091.1589689
1785136091.1589689
1785136091.1589689
1785136091.1589689
1785136091.1589689
1785136091.1589689
1785136091.1589689
1785136091.1589689
1785136091.1589689
1785136091.1589689
1785136091.1589689
1785136091.1589689
1785136091.1589689
1785136091.1589689
1785136091.1589689
1785136091.1589689
1785136091.1589689
1785136091.1589689
1785136091.1589689
1785136091.1589689
1785136091.1589689
1785136091.1589689
1785136091.1591921
1785136091.1591921
1785136091.1591921
1785136091.1591921
1785136091.1591921
1785136091.1591921
1785136091.1591921
1785136091.1591921
1785136091.1591921
1785136091.1591921
1785136091.1591921
1785136091.1591921
1785136091.1591921
1785136091.1591921
1785136091.1591921
1785136091.1591921
1785136091.1591921
1785136091.1591921
1785136091.1591921
1785136091.1591921
1785136091.1591921
1785136091.1591921
1785136091.1591921
1785136091.1591921
1785136091.1591921
1785136091.1591921
1785136091.1591921
1785136091.1591921
1785136091.1591921
1785136091.1591921
1785136091.1591921
1785136091.1591921
1785136091.1591921
1785136091.1591921
1785136091.1591921
1785136091.1591921
1785136091.1591921
1785136091.1591921
1785136091.1591921
1785136091.1591921
1785136091.1591921
1785136091.1591921
1785136091.1591921
1785136091.1591921
1785136091.1594131
1785136091.1594131
1785136091.1594131
1785136091.1594131
1785136091.1594131
1785136091.1594131
1785136091.1594131
1785136091.1594131
1785136091.1594131
1785136091.1594131
1785136091.1594131
1785136091.1594131
1785136091.1594131
1785136091.1594131
1785136091.1594131
1785136091.1594131
1785136091.1594131
1785136091.1594131
1785136091.1594131
1785136091.1594131
1785136091.1594131
1785136091.1594131
1785136091.1594131
1785136091.1594131
1785136091.1594131
1785136091.1594131
1785136091.1594131
1785136091.1594131
1785136091.1594131
1785136091.1594131
1785136091.1594131
1785136091.1594131
1785136091.1594131
1785136091.1594131
1785136091.1594131
1785136091.1594131
1785136091.1594131
1785136091.1594131
1785136091.1594131
1785136091.1594131
1785136091.1594131
1785136091.1594131
1785136091.1594131
1785136091.1594131
1785136091.1596360
1785136091.1596360
1785136091.1596360
1785136091.1596360
1785136091.1596360
1785136091.1596360
1785136091.1596360
1785136091.1596360
1785136091.1596360
1785136091.1596360
1785136091.1596360
1785136091.1596360
1785136091.1596360
1785136091.1596360
1785136091.1596360
1785136091.1596360
1785136091.1596360
1785136091.1596360
1785136091.1596360
1785136091.1596360
1785136091.1596360
1785136091.1596360
1785136091.1596360
1785136091.1596360
1785136091.1596360
1785136091.1596360
1785136091.1596360
1785136091.1596360
1785136091.1596360
1785136091.1596360
1785136091.1596360
1785136091.1596360
1785136091.1596360
1785136091.1596360
1785136091.1596360
1785136091.1596360
1785136091.1596360
1785136091.1596360
1785136091.1596360
1785136091.1596360
1785136091.1596360
1785136091.1596360
1785136091.1596360
1785136091.1596360
1785136091.1598589
1785136091.1598589
1785136091.1598589
1785136091.1598589
1785136091.1598589
1785136091.1598589
1785136091.1598589
1785136091.1598589
1785136091.1598589
1785136091.1598589
1785136091.1598589
1785136091.1598589
1785136091.1598589
1785136091.1598589
1785136091.1598589
1785136091.1598589
1785136091.1598589
1785136091.1598589
1785136091.1598589
1785136091.1598589
1785136091.1598589
1785136091.1598589
1785136091.1598589
1785136091.1598589
1785136091.1598589
1785136091.1598589
1785136091.1598589
1785136091.1598589
1785136091.1598589
1785136091.1598589
1785136091.1598589
1785136091.1598589
1785136091.1598589
1785136091.1598589
1785136091.1598589
1785136091.1598589
1785136091.1598589
1785136091.1598589
1785136091.1598589
1785136091.1598589
1785136091.1598589
1785136091.1598589
1785136091.1598589
1785136091.1598589
1785136091.1600809
1785136091.1600809
1785136091.1600809
1785136091.1600809
1785136091.1600809
1785136091.1600809
1785136091.1600809
1785136091.1600809
1785136091.1600809
1785136091.1600809
1785136091.1600809
1785136091.1600809
1785136091.1600809
1785136091.1600809
1785136091.1600809
1785136091.1600809
1785136091.1600809
1785136091.1600809
1785136091.1600809
1785136091.1600809
1785136091.1600809
1785136091.1600809
1785136091.1600809
1785136091.1600809
1785136091.1600809
1785136091.1600809
1785136091.1600809
1785136091.1600809
1785136091.1600809
1785136091.1600809
1785136091.1600809
1785136091.1600809
1785136091.1600809
1785136091.1600809
1785136091.1600809
1785136091.1600809
1785136091.1600809
1785136091.1600809
1785136091.1600809
1785136091.1600809
1785136091.1600809
1785136091.1600809
1785136091.1600809
1785136091.1600809
1785136091.1603019
1785136091.1603019
1785136091.1603019
1785136091.1603019
1785136091.1603019
1785136091.1603019
1785136091.1603019
1785136091.1603019
1785136091.1603019
1785136091.1603019
1785136091.1603019
1785136091.1603019
1785136091.1603019
1785136091.1603019
1785136091.1603019
1785136091.1603019
1785136091.1603019
1785136091.1603019
1785136091.1603019
1785136091.1603019
1785136091.1603019
1785136091.1603019
1785136091.1603019
1785136091.1603019
1785136091.1603019
1785136091.1603019
1785136091.1603019
1785136091.1603019
1785136091.1603019
1785136091.1603019
1785136091.1603019
1785136091.1603019
1785136091.1603019
1785136091.1603019
1785136091.1603019
1785136091.1603019
1785136091.1603019
1785136091.1603019
1785136091.1603019
1785136091.1603019
1785136091.1603019
1785136091.1603019
1785136091.1603019
1785136091.1603019
1785136091.1605239
1785136091.1605239
1785136091.1605239
1785136091.1605239
1785136091.1605239
1785136091.1605239
1785136091.1605239
1785136091.1605239
1785136091.1605239
1785136091.1605239
1785136091.1605239
1785136091.1605239
1785136091.1605239
1785136091.1605239
1785136091.1605239
1785136091.1605239
1785136091.1605239
1785136091.1605239
1785136091.1605239
1785136091.1605239
1785136091.1605239
1785136091.1605239
1785136091.1605239
1785136091.1605239
1785136091.1605239
1785136091.1605239
1785136091.1605239
1785136091.1605239
1785136091.1605239
1785136091.1605239
1785136091.1605239
1785136091.1605239
1785136091.1605239
1785136091.1605239
1785136091.1605239
1785136091.1605239
1785136091.1605239
1785136091.1605239
1785136091.1605239
1785136091.1605239
1785136091.1605239
1785136091.1605239
1785136091.1605239
1785136091.1605239
1785136091.1607480
1785136091.1607480
1785136091.1607480
1785136091.1607480
1785136091.1607480
1785136091.1607480
1785136091.1607480
1785136091.1607480
1785136091.1607480
1785136091.1607480
1785136091.1607480
1785136091.1607480
1785136091.1607480
1785136091.1607480
1785136091.1607480
1785136091.1607480
1785136091.1607480
1785136091.1607480
1785136091.1607480
1785136091.1607480
1785136091.1607480
1785136091.1607480
1785136091.1607480
1785136091.1607480
1785136091.1607480
1785136091.1607480
1785136091.1607480
1785136091.1607480
1785136091.1607480
1785136091.1607480
1785136091.1607480
1785136091.1607480
1785136091.1607480
1785136091.1607480
1785136091.1607480
1785136091.1607480
1785136091.1607480
1785136091.1607480
1785136091.1607480
1785136091.1607480
1785136091.1607480
1785136091.1607480
1785136091.1607480
1785136091.1607480
1785136091.1607480
1785136091.1609690
1785136091.1609690
1785136091.1609690
1785136091.1609690
1785136091.1609690
1785136091.1609690
1785136091.1609690
1785136091.1609690
1785136091.1609690
1785136091.1609690
1785136091.1609690
1785136091.1609690
1785136091.1609690
1785136091.1609690
1785136091.1609690
1785136091.1609690
1785136091.1609690
1785136091.1609690
1785136091.1609690
1785136091.1609690
1785136091.1609690
1785136091.1609690
1785136091.1609690
1785136091.1609690
1785136091.1609690
1785136091.1609690
1785136091.1609690
1785136091.1609690
1785136091.1609690
1785136091.1609690
1785136091.1609690
1785136091.1609690
1785136091.1609690
1785136091.1609690
1785136091.1609690
1785136091.1609690
1785136091.1609690
1785136091.1609690
1785136091.1609690
1785136091.1609690
1785136091.1609690
1785136091.1609690
1785136091.1609690
1785136091.1609690
1785136091.1609690
1785136091.1611919
1785136091.1611919
1785136091.1611919
1785136091.1611919
1785136091.1611919
1785136091.1611919
1785136091.1611919
1785136091.1611919
1785136091.1611919
1785136091.1611919
1785136091.1611919
1785136091.1611919
1785136091.1611919
1785136091.1611919
1785136091.1611919
1785136091.1611919
1785136091.1611919
1785136091.1611919
1785136091.1611919
1785136091.1611919
1785136091.1611919
1785136091.1611919
1785136091.1611919
1785136091.1611919
1785136091.1611919
1785136091.1611919
1785136091.1611919
1785136091.1611919
1785136091.1611919
1785136091.1611919
1785136091.1611919
1785136091.1611919
1785136091.1611919
1785136091.1611919
1785136091.1611919
1785136091.1611919
1785136091.1611919
1785136091.1611919
1785136091.1611919
1785136091.1611919
1785136091.1611919
1785136091.1611919
1785136091.1611919
1785136091.1611919
1785136091.1611919
1785136091.1614130
1785136091.1614130
1785136091.1614130
1785136091.1614130
1785136091.1614130
1785136091.1614130
1785136091.1614130
1785136091.1614130
1785136091.1614130
1785136091.1614130
1785136091.1614130
1785136091.1614130
1785136091.1614130
1785136091.1614130
1785136091.1614130
1785136091.1614130
1785136091.1614130
1785136091.1614130
1785136091.1614130
1785136091.1614130
1785136091.1614130
1785136091.1614130
1785136091.1614130
1785136091.1614130
1785136091.1614130
1785136091.1614130
1785136091.1614130
1785136091.1614130
1785136091.1614130
1785136091.1614130
1785136091.1614130
1785136091.1614130
1785136091.1614130
1785136091.1614130
1785136091.1614130
1785136091.1614130
1785136091.1614130
1785136091.1614130
1785136091.1614130
1785136091.1614130
1785136091.1614130
1785136091.1614130
1785136091.1614130
1785136091.1614130
1785136091.1614130
1785136091.1616349
1785136091.1616349
1785136091.1616349
1785136091.1616349
1785136091.1616349
1785136091.1616349
1785136091.1616349
1785136091.1616349
1785136091.1616349
1785136091.1616349
1785136091.1616349
1785136091.1616349
1785136091.1616349
1785136091.1616349
1785136091.1616349
1785136091.1616349
1785136091.1616349
1785136091.1616349
1785136091.1616349
1785136091.1616349
1785136091.1616349
1785136091.1616349
1785136091.1616349
1785136091.1616349
1785136091.1616349
1785136091.1616349
1785136091.1616349
1785136091.1616349
1785136091.1616349
1785136091.1616349
1785136091.1616349
1785136091.1616349
1785136091.1616349
1785136091.1616349
1785136091.1616349
1785136091.1616349
1785136091.1616349
1785136091.1616349
1785136091.1616349
1785136091.1616349
1785136091.1616349
1785136091.1616349
1785136091.1616349
1785136091.1616349
1785136091.1616349
1785136091.1616349
1785136091.1616349
1785136091.1616349
1785136091.1616349
1785136091.1616349
1785136091.1616349
1785136091.1616349
1785136091.1616349
1785136091.1616349
1785136091.1616349
1785136091.1616349
1785136091.1616349
1785136091.1616349
1785136091.1616349
1785136091.1616349
1785136091.1616349
1785136091.1616349
1785136091.1616349
1785136091.1618581
1785136091.1618581
1785136091.1618581
1785136091.1618581
1785136091.1618581
1785136091.1618581
1785136091.1618581
1785136091.1618581
1785136091.1618581
1785136091.1618581
1785136091.1618581
1785136091.1618581
1785136091.1618581
1785136091.1618581
1785136091.1618581
1785136091.1618581
1785136091.1618581
1785136091.1618581
1785136091.1618581
1785136091.1618581
1785136091.1618581
1785136091.1618581
1785136091.1618581
1785136091.1618581
1785136091.1618581
1785136091.1618581
1785136091.1618581
1785136091.1618581
1785136091.1618581
1785136091.1618581
1785136091.1618581
1785136091.1618581
1785136091.1618581
1785136091.1618581
1785136091.1618581
1785136091.1618581
1785136091.1618581
1785136091.1618581
1785136091.1618581
1785136091.1618581
1785136091.1618581
1785136091.1618581
1785136091.1618581
1785136091.1618581
1785136091.1618581
1785136091.1618581
1785136091.1618581
1785136091.1618581
1785136091.1618581
1785136091.1618581
1785136091.1618581
1785136091.1618581
1785136091.1618581
1785136091.1618581
1785136091.1618581
1785136091.1618581
1785136091.1618581
1785136091.1618581
1785136091.1618581
1785136091.1618581
1785136091.1618581
1785136091.1618581
1785136091.1618581
1785136091.1618581
1785136091.1618581
1785136091.1620800
1785136091.1620800
1785136091.1620800
1785136091.1620800
1785136091.1620800
1785136091.1620800
1785136091.1620800
1785136091.1620800
1785136091.1620800
1785136091.1620800
1785136091.1620800
1785136091.1620800
1785136091.1620800
1785136091.1620800
1785136091.1620800
1785136091.1620800
1785136091.1620800
1785136091.1620800
1785136091.1620800
1785136091.1620800
1785136091.1620800
1785136091.1620800
1785136091.1620800
1785136091.1620800
1785136091.1620800
1785136091.1620800
1785136091.1620800
1785136091.1620800
1785136091.1620800
1785136091.1620800
1785136091.1620800
1785136091.1620800
1785136091.1620800
1785136091.1620800
1785136091.1620800
1785136091.1620800
1785136091.1620800
1785136091.1620800
1785136091.1620800
1785136091.1620800
1785136091.1620800
1785136091.1620800
1785136091.1620800
1785136091.1620800
1785136091.1620800
1785136091.1620800
1785136091.1620800
1785136091.1620800
1785136091.1620800
1785136091.1620800
1785136091.1620800
1785136091.1620800
1785136091.1620800
1785136091.1620800
1785136091.1620800
1785136091.1620800
1785136091.1620800
1785136091.1620800
1785136091.1620800
1785136091.1620800
1785136091.1620800
1785136091.1620800
1785136091.1620800
1785136091.1620800
1785136091.1620800
1785136091.1623020
1785136091.1623020
1785136091.1623020
1785136091.1623020
1785136091.1623020
1785136091.1623020
1785136091.1623020
1785136091.1623020
1785136091.1623020
1785136091.1623020
1785136091.1623020
1785136091.1623020
1785136091.1623020
1785136091.1623020
1785136091.1623020
1785136091.1623020
1785136091.1623020
1785136091.1623020
1785136091.1623020
1785136091.1623020
1785136091.1623020
1785136091.1623020
1785136091.1623020
1785136091.1623020
1785136091.1623020
1785136091.1623020
1785136091.1623020
1785136091.1623020
1785136091.1623020
1785136091.1623020
1785136091.1623020
1785136091.1623020
1785136091.1623020
1785136091.1623020
1785136091.1623020
1785136091.1623020
1785136091.1623020
1785136091.1623020
1785136091.1623020
1785136091.1623020
1785136091.1623020
1785136091.1623020
1785136091.1623020
1785136091.1623020
1785136091.1623020
1785136091.1623020
1785136091.1623020
1785136091.1623020
1785136091.1623020
1785136091.1623020
1785136091.1623020
1785136091.1623020
1785136091.1623020
1785136091.1623020
1785136091.1623020
1785136091.1623020
1785136091.1623020
1785136091.1623020
1785136091.1623020
1785136091.1623020
1785136091.1623020
1785136091.1623020
1785136091.1623020
1785136091.1623020
1785136091.1623020
1785136091.1623020
1785136091.1625240
1785136091.1625240
1785136091.1625240
1785136091.1625240
1785136091.1625240
1785136091.1625240
1785136091.1625240
1785136091.1625240
1785136091.1625240
1785136091.1625240
1785136091.1625240
1785136091.1625240
1785136091.1625240
1785136091.1625240
1785136091.1625240
1785136091.1625240
1785136091.1625240
1785136091.1625240
1785136091.1625240
1785136091.1625240
1785136091.1625240
1785136091.1625240
1785136091.1625240
1785136091.1625240
1785136091.1625240
1785136091.1625240
1785136091.1625240
1785136091.1625240
1785136091.1625240
1785136091.1625240
1785136091.1625240
1785136091.1625240
1785136091.1625240
1785136091.1625240
1785136091.1625240
1785136091.1625240
1785136091.1625240
1785136091.1625240
1785136091.1625240
1785136091.1625240
1785136091.1625240
1785136091.1625240
1785136091.1625240
1785136091.1625240
1785136091.1625240
1785136091.1625240
1785136091.1625240
1785136091.1625240
1785136091.1625240
1785136091.1625240
1785136091.1625240
1785136091.1625240
1785136091.1625240
1785136091.1625240
1785136091.1625240
1785136091.1625240
1785136091.1625240
1785136091.1627469
1785136091.1627469
1785136091.1627469
1785136091.1627469
1785136091.1627469
1785136091.1627469
1785136091.1627469
1785136091.1627469
1785136091.1627469
1785136091.1627469
1785136091.1627469
1785136091.1627469
1785136091.1627469
1785136091.1627469
1785136091.1627469
1785136091.1627469
1785136091.1627469
1785136091.1627469
1785136091.1627469
1785136091.1627469
1785136091.1627469
1785136091.1627469
1785136091.1627469
1785136091.1627469
1785136091.1627469
1785136091.1627469
1785136091.1627469
1785136091.1627469
1785136091.1627469
1785136091.1627469
1785136091.1627469
1785136091.1627469
1785136091.1627469
1785136091.1627469
1785136091.1627469
1785136091.1627469
1785136091.1627469
1785136091.1627469
1785136091.1627469
1785136091.1627469
1785136091.1627469
1785136091.1627469
1785136091.1627469
1785136091.1627469
1785136091.1627469
1785136091.1627469
1785136091.1627469
1785136091.1627469
1785136091.1627469
1785136091.1627469
1785136091.1627469
1785136091.1627469
1785136091.1627469
1785136091.1627469
1785136091.1627469
1785136091.1627469
1785136091.1627469
1785136091.1629679
1785136091.1629679
1785136091.1629679
1785136091.1629679
1785136091.1629679
1785136091.1629679
1785136091.1629679
1785136091.1629679
1785136091.1629679
1785136091.1629679
1785136091.1629679
1785136091.1629679
1785136091.1629679
1785136091.1629679
1785136091.1629679
1785136091.1629679
1785136091.1629679
1785136091.1629679
1785136091.1629679
1785136091.1629679
1785136091.1629679
1785136091.1629679
1785136091.1629679
1785136091.1629679
1785136091.1629679
1785136091.1629679
1785136091.1629679
1785136091.1629679
1785136091.1629679
1785136091.1629679
1785136091.1629679
1785136091.1629679
1785136091.1629679
1785136091.1629679
1785136091.1629679
1785136091.1629679
1785136091.1629679
1785136091.1629679
1785136091.1629679
1785136091.1629679
1785136091.1629679
1785136091.1629679
1785136091.1629679
1785136091.1629679
1785136091.1629679
1785136091.1629679
1785136091.1629679
1785136091.1629679
1785136091.1629679
1785136091.1629679
1785136091.1629679
1785136091.1629679
1785136091.1629679
1785136091.1629679
1785136091.1629679
1785136091.1629679
1785136091.1629679
1785136091.1629679
1785136091.1631911
1785136091.1631911
1785136091.1631911
1785136091.1631911
1785136091.1631911
1785136091.1631911
1785136091.1631911
1785136091.1631911
1785136091.1631911
1785136091.1631911
1785136091.1631911
1785136091.1631911
1785136091.1631911
1785136091.1631911
1785136091.1631911
1785136091.1631911
1785136091.1631911
1785136091.1631911
1785136091.1631911
1785136091.1631911
1785136091.1631911
1785136091.1631911
1785136091.1631911
1785136091.1631911
1785136091.1631911
1785136091.1631911
1785136091.1631911
1785136091.1631911
1785136091.1631911
1785136091.1631911
1785136091.1631911
1785136091.1631911
1785136091.1631911
1785136091.1631911
1785136091.1631911
1785136091.1631911
1785136091.1631911
1785136091.1631911
1785136091.1631911
1785136091.1631911
1785136091.1631911
1785136091.1631911
1785136091.1631911
1785136091.1631911
1785136091.1631911
1785136091.1631911
1785136091.1631911
1785136091.1631911
1785136091.1631911
1785136091.1631911
1785136091.1631911
1785136091.1631911
1785136091.1631911
1785136091.1631911
1785136091.1631911
1785136091.1631911
1785136091.1631911
1785136091.1631911
1785136091.1631911
1785136091.1631911
1785136091.1631911
1785136091.1631911
1785136091.1631911
1785136091.1631911
1785136091.1631911
1785136091.1631911
1785136091.1634140
1785136091.1634140
1785136091.1634140
1785136091.1634140
1785136091.1634140
1785136091.1634140
1785136091.1634140
1785136091.1634140
1785136091.1634140
1785136091.1634140
1785136091.1634140
1785136091.1634140
1785136091.1634140
1785136091.1634140
1785136091.1634140
1785136091.1634140
1785136091.1634140
1785136091.1634140
1785136091.1634140
1785136091.1634140
1785136091.1634140
1785136091.1634140
1785136091.1634140
1785136091.1634140
1785136091.1634140
1785136091.1634140
1785136091.1634140
1785136091.1634140
1785136091.1634140
1785136091.1634140
1785136091.1634140
1785136091.1634140
1785136091.1634140
1785136091.1634140
1785136091.1634140
1785136091.1634140
1785136091.1634140
1785136091.1634140
1785136091.1634140
1785136091.1634140
1785136091.1634140
1785136091.1634140
1785136091.1634140
1785136091.1634140
1785136091.1634140
1785136091.1634140
1785136091.1634140
1785136091.1634140
1785136091.1634140
1785136091.1634140
1785136091.1634140
1785136091.1634140
1785136091.1634140
1785136091.1634140
1785136091.1634140
1785136091.1634140
1785136091.1634140
1785136091.1634140
1785136091.1634140
1785136091.1634140
1785136091.1634140
1785136091.1634140
1785136091.1634140
1785136091.1634140
1785136091.1634140
1785136091.1634140
1785136091.1634140
1785136091.1634140
1785136091.1634140
1785136091.1634140
1785136091.1634140
1785136091.1636429
1785136091.1636429
1785136091.1636429
1785136091.1636429
1785136091.1636429
1785136091.1636429
1785136091.1636429
1785136091.1636429
1785136091.1636429
1785136091.1636429
1785136091.1636429
1785136091.1636429
1785136091.1636429
1785136091.1636429
1785136091.1636429
1785136091.1636429
1785136091.1636429
1785136091.1636429
1785136091.1636429
1785136091.1636429
1785136091.1636429
1785136091.1636429
1785136091.1636429
1785136091.1636429
1785136091.1636429
1785136091.1636429
1785136091.1636429
1785136091.1636429
1785136091.1636429
1785136091.1636429
1785136091.1636429
1785136091.1636429
1785136091.1636429
1785136091.1636429
1785136091.1636429
1785136091.1636429
1785136091.1636429
1785136091.1636429
1785136091.1636429
1785136091.1636429
1785136091.1636429
1785136091.1636429
1785136091.1636429
1785136091.1636429
1785136091.1636429
1785136091.1636429
1785136091.1636429
1785136091.1636429
1785136091.1636429
1785136091.1636429
1785136091.1636429
1785136091.1636429
1785136091.1636429
1785136091.1636429
1785136091.1636429
1785136091.1636429
1785136091.1636429
1785136091.1636429
1785136091.1636429
1785136091.1636429
1785136091.1636429
1785136091.1636429
1785136091.1636429
1785136091.1636429
1785136091.1636429
1785136091.1636429
1785136091.1636429
1785136091.1636429
1785136091.1636429
1785136091.1636429
1785136091.1638639
1785136091.1638639
1785136091.1638639
1785136091.1638639
1785136091.1638639
1785136091.1638639
1785136091.1638639
1785136091.1638639
1785136091.1638639
1785136091.1638639
1785136091.1638639
1785136091.1638639
1785136091.1638639
1785136091.1638639
1785136091.1638639
1785136091.1638639
1785136091.1638639
1785136091.1638639
1785136091.1638639
1785136091.1638639
1785136091.1638639
1785136091.1638639
1785136091.1638639
1785136091.1638639
1785136091.1638639
1785136091.1638639
1785136091.1638639
1785136091.1638639
1785136091.1638639
1785136091.1638639
1785136091.1638639
1785136091.1638639
1785136091.1638639
1785136091.1638639
1785136091.1638639
1785136091.1638639
1785136091.1638639
1785136091.1638639
1785136091.1638639
1785136091.1638639
1785136091.1638639
1785136091.1638639
1785136091.1638639
1785136091.1638639
1785136091.1638639
1785136091.1638639
1785136091.1638639
1785136091.1638639
1785136091.1638639
1785136091.1638639
1785136091.1638639
1785136091.1638639
1785136091.1638639
1785136091.1638639
1785136091.1638639
1785136091.1638639
1785136091.1638639
1785136091.1638639
1785136091.1638639
1785136091.1638639
1785136091.1638639
1785136091.1638639
1785136091.1638639
1785136091.1638639
1785136091.1638639
1785136091.1638639
1785136091.1638639
1785136091.1638639
1785136091.1638639
1785136091.1638639
1785136091.1640799
1785136091.1640799
1785136091.1640799
1785136091.1640799
1785136091.1640799
1785136091.1640799
1785136091.1640799
1785136091.1640799
1785136091.1640799
1785136091.1640799
1785136091.1640799
1785136091.1640799
1785136091.1640799
1785136091.1640799
1785136091.1640799
1785136091.1640799
1785136091.1640799
1785136091.1640799
1785136091.1640799
1785136091.1640799
1785136091.1640799
1785136091.1640799
1785136091.1640799
1785136091.1640799
1785136091.1640799
1785136091.1640799
1785136091.1640799
1785136091.1640799
1785136091.1640799
1785136091.1640799
1785136091.1640799
1785136091.1640799
1785136091.1640799
1785136091.1640799
1785136091.1640799
1785136091.1640799
1785136091.1640799
1785136091.1640799
1785136091.1640799
1785136091.1640799
1785136091.1640799
1785136091.1640799
1785136091.1640799
1785136091.1640799
1785136091.1640799
1785136091.1640799
1785136091.1640799
1785136091.1640799
1785136091.1640799
1785136091.1640799
1785136091.1640799
1785136091.1640799
1785136091.1640799
1785136091.1640799
1785136091.1640799
1785136091.1640799
1785136091.1640799
1785136091.1640799
1785136091.1640799
1785136091.1640799
1785136091.1640799
1785136091.1640799
1785136091.1640799
1785136091.1640799
1785136091.1643021
1785136091.1643021
1785136091.1643021
1785136091.1643021
1785136091.1643021
1785136091.1643021
1785136091.1643021
1785136091.1643021
1785136091.1643021
1785136091.1643021
1785136091.1643021
1785136091.1643021
1785136091.1643021
1785136091.1643021
1785136091.1643021
1785136091.1643021
1785136091.1643021
1785136091.1643021
1785136091.1643021
1785136091.1643021
1785136091.1643021
1785136091.1643021
1785136091.1643021
1785136091.1643021
1785136091.1643021
1785136091.1643021
1785136091.1643021
1785136091.1643021
1785136091.1643021
1785136091.1643021
1785136091.1643021
1785136091.1643021
1785136091.1643021
1785136091.1643021
1785136091.1643021
1785136091.1643021
1785136091.1643021
1785136091.1643021
1785136091.1643021
1785136091.1643021
1785136091.1643021
1785136091.1643021
1785136091.1643021
1785136091.1643021
1785136091.1643021
1785136091.1643021
1785136091.1643021
1785136091.1643021
1785136091.1643021
1785136091.1643021
1785136091.1643021
1785136091.1643021
1785136091.1643021
1785136091.1643021
1785136091.1643021
1785136091.1643021
1785136091.1643021
1785136091.1643021
1785136091.1643021
1785136091.1643021
1785136091.1643021
1785136091.1643021
1785136091.1645241
1785136091.1645241
1785136091.1645241
1785136091.1645241
1785136091.1645241
1785136091.1645241
1785136091.1645241
1785136091.1645241
1785136091.1645241
1785136091.1645241
1785136091.1645241
1785136091.1645241
1785136091.1645241
1785136091.1645241
1785136091.1645241
1785136091.1645241
1785136091.1645241
1785136091.1645241
1785136091.1645241
1785136091.1645241
1785136091.1645241
1785136091.1645241
1785136091.1645241
1785136091.1645241
1785136091.1645241
1785136091.1645241
1785136091.1645241
1785136091.1645241
1785136091.1645241
1785136091.1645241
1785136091.1645241
1785136091.1645241
1785136091.1645241
1785136091.1645241
1785136091.1645241
1785136091.1645241
1785136091.1645241
1785136091.1645241
1785136091.1645241
1785136091.1645241
1785136091.1645241
1785136091.1645241
1785136091.1645241
1785136091.1645241
1785136091.1645241
1785136091.1645241
1785136091.1645241
1785136091.1645241
1785136091.1645241
1785136091.1645241
1785136091.1645241
1785136091.1645241
1785136091.1645241
1785136091.1645241
1785136091.1645241
1785136091.1645241
1785136091.1645241
1785136091.1645241
1785136091.1645241
1785136091.1645241
1785136091.1645241
1785136091.1645241
1785136091.1645241
1785136091.1647451
1785136091.1647451
1785136091.1647451
1785136091.1647451
1785136091.1647451
1785136091.1647451
1785136091.1647451
1785136091.1647451
1785136091.1647451
1785136091.1647451
1785136091.1647451
1785136091.1647451
1785136091.1647451
1785136091.1647451
1785136091.1647451
1785136091.1647451
1785136091.1647451
1785136091.1647451
1785136091.1647451
1785136091.1647451
1785136091.1647451
1785136091.1647451
1785136091.1647451
1785136091.1647451
1785136091.1647451
1785136091.1647451
1785136091.1647451
1785136091.1647451
1785136091.1647451
1785136091.1647451
1785136091.1647451
1785136091.1647451
1785136091.1647451
1785136091.1647451
1785136091.1647451
1785136091.1647451
1785136091.1647451
1785136091.1647451
1785136091.1647451
1785136091.1647451
1785136091.1647451
1785136091.1647451
1785136091.1647451
1785136091.1647451
1785136091.1647451
1785136091.1647451
1785136091.1647451
1785136091.1647451
1785136091.1647451
1785136091.1647451
1785136091.1647451
1785136091.1647451
1785136091.1647451
1785136091.1647451
1785136091.1647451
1785136091.1647451
1785136091.1647451
1785136091.1647451
1785136091.1647451
1785136091.1647451
1785136091.1647451
1785136091.1647451
1785136091.1647451
1785136091.1649680
1785136091.1649680
1785136091.1649680
1785136091.1649680
1785136091.1649680
1785136091.1649680
1785136091.1649680
1785136091.1649680
1785136091.1649680
1785136091.1649680
1785136091.1649680
1785136091.1649680
1785136091.1649680
1785136091.1649680
1785136091.1649680
1785136091.1649680
1785136091.1649680
1785136091.1649680
1785136091.1649680
1785136091.1649680
1785136091.1649680
1785136091.1649680
1785136091.1649680
1785136091.1649680
1785136091.1649680
1785136091.1649680
1785136091.1649680
1785136091.1649680
1785136091.1649680
1785136091.1649680
1785136091.1649680
1785136091.1649680
1785136091.1649680
1785136091.1649680
1785136091.1649680
1785136091.1649680
1785136091.1649680
1785136091.1649680
1785136091.1649680
1785136091.1649680
1785136091.1649680
1785136091.1649680
1785136091.1649680
1785136091.1649680
1785136091.1649680
1785136091.1649680
1785136091.1649680
1785136091.1649680
1785136091.1649680
1785136091.1649680
1785136091.1649680
1785136091.1649680
1785136091.1649680
1785136091.1649680
1785136091.1649680
1785136091.1649680
1785136091.1649680
1785136091.1649680
1785136091.1649680
1785136091.1649680
1785136091.1649680
1785136091.1649680
1785136091.1651900
1785136091.1651900
1785136091.1651900
1785136091.1651900
1785136091.1651900
1785136091.1651900
1785136091.1651900
1785136091.1651900
1785136091.1651900
1785136091.1651900
1785136091.1651900
1785136091.1651900
1785136091.1651900
1785136091.1651900
1785136091.1651900
1785136091.1651900
1785136091.1651900
1785136091.1651900
1785136091.1651900
1785136091.1651900
1785136091.1651900
1785136091.1651900
1785136091.1651900
1785136091.1651900
1785136091.1651900
1785136091.1651900
1785136091.1651900
1785136091.1651900
1785136091.1651900
1785136091.1651900
1785136091.1651900
1785136091.1651900
1785136091.1651900
1785136091.1651900
1785136091.1651900
1785136091.1651900
1785136091.1651900
1785136091.1651900
1785136091.1651900
1785136091.1651900
1785136091.1651900
1785136091.1651900
1785136091.1651900
1785136091.1651900
1785136091.1651900
1785136091.1651900
1785136091.1651900
1785136091.1651900
1785136091.1651900
1785136091.1651900
1785136091.1651900
1785136091.1651900
1785136091.1651900
1785136091.1651900
1785136091.1651900
1785136091.1651900
1785136091.1651900
1785136091.1651900
1785136091.1651900
1785136091.1651900
1785136091.1651900
1785136091.1654110
1785136091.1654110
1785136091.1654110
1785136091.1654110
1785136091.1654110
1785136091.1654110
1785136091.1654110
1785136091.1654110
1785136091.1654110
1785136091.1654110
1785136091.1654110
1785136091.1654110
1785136091.1654110
1785136091.1654110
1785136091.1654110
1785136091.1654110
1785136091.1654110
1785136091.1654110
1785136091.1654110
1785136091.1654110
1785136091.1654110
1785136091.1654110
1785136091.1654110
1785136091.1654110
1785136091.1654110
1785136091.1654110
1785136091.1654110
1785136091.1654110
1785136091.1654110
1785136091.1654110
1785136091.1654110
1785136091.1654110
1785136091.1654110
1785136091.1654110
1785136091.1654110
1785136091.1654110
1785136091.1654110
1785136091.1654110
1785136091.1654110
1785136091.1654110
1785136091.1654110
1785136091.1654110
1785136091.1654110
1785136091.1654110
1785136091.1654110
1785136091.1654110
1785136091.1654110
1785136091.1654110
1785136091.1654110
1785136091.1654110
1785136091.1654110
1785136091.1654110
1785136091.1654110
1785136091.1654110
1785136091.1654110
1785136091.1654110
1785136091.1654110
1785136091.1654110
1785136091.1654110
1785136091.1654110
1785136091.1654110
1785136091.1656339
1785136091.1656339
1785136091.1656339
1785136091.1656339
1785136091.1656339
1785136091.1656339
1785136091.1656339
1785136091.1656339
1785136091.1656339
1785136091.1656339
1785136091.1656339
1785136091.1656339
1785136091.1656339
1785136091.1656339
1785136091.1656339
1785136091.1656339
1785136091.1656339
1785136091.1656339
1785136091.1656339
1785136091.1656339
1785136091.1656339
1785136091.1656339
1785136091.1656339
1785136091.1656339
1785136091.1656339
1785136091.1656339
1785136091.1656339
1785136091.1656339
1785136091.1656339
1785136091.1656339
1785136091.1656339
1785136091.1656339
1785136091.1656339
1785136091.1656339
1785136091.1656339
1785136091.1656339
1785136091.1656339
1785136091.1656339
1785136091.1656339
1785136091.1656339
1785136091.1656339
1785136091.1656339
1785136091.1656339
1785136091.1656339
1785136091.1656339
1785136091.1656339
1785136091.1656339
1785136091.1656339
1785136091.1656339
1785136091.1656339
1785136091.1656339
1785136091.1656339
1785136091.1656339
1785136091.1656339
1785136091.1656339
1785136091.1656339
1785136091.1656339
1785136091.1656339
1785136091.1656339
1785136091.1656339
1785136091.1656339
1785136091.1658559
1785136091.1658559
1785136091.1658559
1785136091.1658559
1785136091.1658559
1785136091.1658559
1785136091.1658559
1785136091.1658559
1785136091.1658559
1785136091.1658559
1785136091.1658559
1785136091.1658559
1785136091.1658559
1785136091.1658559
1785136091.1658559
1785136091.1658559
1785136091.1658559
1785136091.1658559
1785136091.1658559
1785136091.1658559
1785136091.1658559
1785136091.1658559
1785136091.1658559
1785136091.1658559
1785136091.1658559
1785136091.1658559
1785136091.1658559
1785136091.1658559
1785136091.1658559
1785136091.1658559
1785136091.1658559
1785136091.1658559
1785136091.1658559
1785136091.1658559
1785136091.1658559
1785136091.1658559
1785136091.1658559
1785136091.1658559
1785136091.1658559
1785136091.1658559
1785136091.1658559
1785136091.1658559
1785136091.1658559
1785136091.1658559
1785136091.1658559
1785136091.1658559
1785136091.1658559
1785136091.1658559
1785136091.1658559
1785136091.1658559
1785136091.1658559
1785136091.1658559
1785136091.1658559
1785136091.1658559
1785136091.1658559
1785136091.1658559
1785136091.1658559
1785136091.1658559
1785136091.1658559
1785136091.1658559
1785136091.1660790
1785136091.1660790
1785136091.1660790
1785136091.1660790
1785136091.1660790
1785136091.1660790
1785136091.1660790
1785136091.1660790
1785136091.1660790
1785136091.1660790
1785136091.1660790
1785136091.1660790
1785136091.1660790
1785136091.1660790
1785136091.1660790
1785136091.1660790
1785136091.1660790
1785136091.1660790
1785136091.1660790
1785136091.1660790
1785136091.1660790
1785136091.1660790
1785136091.1660790
1785136091.1660790
1785136091.1660790
1785136091.1660790
1785136091.1660790
1785136091.1660790
1785136091.1660790
1785136091.1660790
1785136091.1660790
1785136091.1660790
1785136091.1660790
1785136091.1660790
1785136091.1660790
1785136091.1660790
1785136091.1660790
1785136091.1660790
1785136091.1660790
1785136091.1660790
1785136091.1660790
1785136091.1660790
1785136091.1660790
1785136091.1660790
1785136091.1660790
1785136091.1663010
1785136091.1663010
1785136091.1663010
1785136091.1663010
1785136091.1663010
1785136091.1663010
1785136091.1663010
1785136091.1663010
1785136091.1663010
1785136091.1663010
1785136091.1663010
1785136091.1663010
1785136091.1663010
1785136091.1663010
1785136091.1663010
1785136091.1663010
1785136091.1663010
1785136091.1663010
1785136091.1663010
1785136091.1663010
1785136091.1663010
1785136091.1663010
1785136091.1663010
1785136091.1663010
1785136091.1663010
1785136091.1663010
1785136091.1665230
1785136091.1665230
1785136091.1665230
1785136091.1665230
1785136091.1665230
1785136091.1665230
1785136091.1665230
1785136091.1665230
1785136091.1665230
1785136091.1665230
1785136091.1665230
1785136091.1665230
1785136091.1665230
1785136091.1665230
1785136091.1665230
1785136091.1665230
1785136091.1665230
1785136091.1665230
1785136091.1665230
1785136091.1665230
1785136091.1665230
1785136091.1665230
1785136091.1665230
1785136091.1665230
1785136091.1665230
1785136091.1665230
1785136091.1667440
1785136091.1667440
1785136091.1667440
1785136091.1667440
1785136091.1667440
1785136091.1667440
1785136091.1667440
1785136091.1667440
1785136091.1667440
1785136091.1667440
1785136091.1667440
1785136091.1667440
1785136091.1667440
1785136091.1667440
1785136091.1667440
1785136091.1667440
1785136091.1667440
1785136091.1667440
1785136091.1667440
1785136091.1667440
1785136091.1667440
1785136091.1667440
1785136091.1667440
1785136091.1667440
1785136091.1667440
1785136091.1667440
1785136091.1667440
1785136091.1667440
1785136091.1667440
1785136091.1667440
1785136091.1667440
1785136091.1667440
1785136091.1667440
1785136091.1667440
1785136091.1669669
1785136091.1669669
1785136091.1669669
1785136091.1669669
1785136091.1669669
1785136091.1669669
1785136091.1669669
1785136091.1669669
1785136091.1669669
1785136091.1669669
1785136091.1669669
1785136091.1669669
1785136091.1669669
1785136091.1669669
1785136091.1669669
1785136091.1669669
1785136091.1669669
1785136091.1671889
1785136091.1671889
1785136091.1671889
1785136091.1671889
1785136091.1671889
1785136091.1671889
1785136091.1671889
1785136091.1671889
1785136091.1671889
1785136091.1671889
1785136091.1671889
1785136091.1671889
1785136091.1671889
1785136091.1671889
1785136091.1671889
1785136091.1671889
1785136091.1671889
1785136091.1674111
1785136091.1674111
1785136091.1674111
1785136091.1674111
1785136091.1674111
1785136091.1674111
1785136091.1674111
1785136091.1674111
1785136091.1674111
1785136091.1674111
1785136091.1674111
1785136091.1674111
1785136091.1674111
1785136091.1674111
1785136091.1674111
1785136091.1674111
1785136091.1674111
1785136091.1676340
1785136091.1676340
1785136091.1676340
1785136091.1676340
1785136091.1676340
1785136091.1676340
1785136091.1676340
1785136091.1676340
1785136091.1676340
1785136091.1676340
1785136091.1676340
1785136091.1676340
1785136091.1676340
1785136091.1676340
1785136091.1676340
1785136091.1676340
1785136091.1676340
1785136091.1678560
1785136091.1678560
1785136091.1678560
1785136091.1678560
1785136091.1678560
1785136091.1678560
1785136091.1678560
1785136091.1678560
1785136091.1678560
1785136091.1678560
1785136091.1678560
1785136091.1678560
1785136091.1678560
1785136091.1678560
1785136091.1678560
1785136091.1680779
1785136091.1680779
1785136091.1680779
1785136091.1680779
1785136091.1680779
1785136091.1680779
1785136091.1680779
1785136091.1680779
1785136091.1680779
1785136091.1680779
1785136091.1729660
1785136091.1729660
1785136091.1729660
1785136091.1729660
1785136091.1729660
1785136091.1729660
1785136091.1729660
1785136091.1729660
1785136091.1729660
1785136091.1731880
1785136091.1731880
1785136091.1731880
1785136091.1731880
1785136091.1731880
1785136091.1731880
1785136091.1731880
1785136091.1731880
1785136091.1731880
1785136091.1731880
1785136091.1731880
1785136091.1734099
1785136091.1734099
1785136091.1734099
1785136091.1734099
1785136091.1734099
1785136091.1734099
1785136091.1734099
1785136091.1734099
1785136091.1734099
1785136091.1734099
1785136091.1734099
1785136091.1736331
1785136091.1736331
1785136091.1736331
1785136091.1736331
1785136091.1736331
1785136091.1736331
1785136091.1736331
1785136091.1736331
1785136091.1736331
1785136091.1736331
1785136091.1736331
1785136091.1736331
1785136091.1738551
1785136091.1738551
1785136091.1738551
1785136091.1738551
1785136091.1738551
1785136091.1738551
1785136091.1738551
1785136091.1738551
1785136091.1738551
1785136091.1738551
1785136091.1738551
1785136091.1738551
1785136091.1738551
1785136091.1738551
1785136091.1740780
1785136091.1740780
1785136091.1740780
1785136091.1740780
1785136091.1740780
1785136091.1740780
1785136091.1740780
1785136091.1740780
1785136091.1740780
1785136091.1740780
1785136091.1740780
1785136091.1740780
1785136091.1740780
1785136091.1740780
1785136091.1740780
1785136091.1740780
1785136091.1742990
1785136091.1742990
1785136091.1742990
1785136091.1742990
1785136091.1742990
1785136091.1742990
1785136091.1742990
1785136091.1742990
1785136091.1742990
1785136091.1742990
1785136091.1742990
1785136091.1742990
1785136091.1742990
1785136091.1742990
1785136091.1742990
1785136091.1742990
1785136091.1745219
1785136091.1745219
1785136091.1745219
1785136091.1745219
1785136091.1745219
1785136091.1745219
1785136091.1745219
1785136091.1745219
1785136091.1745219
1785136091.1745219
1785136091.1745219
1785136091.1745219
1785136091.1745219
1785136091.1745219
1785136091.1745219
1785136091.1747439
1785136091.1747439
1785136091.1747439
1785136091.1747439
1785136091.1747439
1785136091.1747439
1785136091.1747439
1785136091.1747439
1785136091.1747439
1785136091.1747439
1785136091.1747439
1785136091.1747439
1785136091.1747439
1785136091.1749661
1785136091.1749661
1785136091.1749661
1785136091.1749661
1785136091.1749661
1785136091.1749661
1785136091.1749661
