1785136083.8125031
1785136083.8138371
1785136083.8138371
1785136083.8140590
1785136083.8140590
1785136083.8140590
1785136083.8142819
1785136083.8142819
1785136083.8142819
1785136083.8142819
1785136083.8142819
1785136083.8142819
1785136083.8142819
1785136083.8142819
1785136083.8142819
1785136083.8142819
1785136083.8142819
1785136083.8142819
1785136083.8142819
1785136083.8142819
1785136083.8142819
1785136083.8142819
1785136083.8145039
1785136083.8145039
1785136083.8145039
1785136083.8145039
1785136083.8145039
1785136083.8145039
1785136083.8145039
1785136083.8145039
1785136083.8151710
1785136083.8151710
1785136083.8151710
1785136083.8167269
1785136083.8169489
1785136083.8169489
1785136083.8169489
1785136083.8169489
1785136083.8169489
1785136083.8171711
1785136083.8171711
1785136083.8171711
1785136083.8171711
1785136083.8171711
1785136083.8171711
1785136083.8171711
1785136083.8171711
1785136083.8173931
1785136083.8173931
1785136083.8173931
1785136083.8173931
1785136083.8173931
1785136083.8173931
1785136083.8173931
1785136083.8173931
1785136083.8173931
1785136083.8176160
1785136083.8176160
1785136083.8176160
1785136083.8176160
1785136083.8176160
1785136083.8176160
1785136083.8176160
1785136083.8176160
1785136083.8176160
1785136083.8176160
1785136083.8176160
1785136083.8176160
1785136083.8176160
1785136083.8176160
1785136083.8176160
1785136083.8176160
1785136083.8176160
1785136083.8176160
1785136083.8176160
1785136083.8178380
1785136083.8178380
1785136083.8178380
1785136083.8178380
1785136083.8178380
1785136083.8178380
1785136083.8178380
1785136083.8178380
1785136083.8178380
1785136083.8178380
1785136083.8178380
1785136083.8178380
1785136083.8178380
1785136083.8178380
1785136083.8178380
1785136083.8178380
1785136083.8178380
1785136083.8178380
1785136083.8178380
1785136083.8178380
1785136083.8178380
1785136083.8178380
1785136083.8178380
1785136083.8178380
1785136083.8178380
1785136083.8178380
1785136083.8178380
1785136083.8178380
1785136083.8178380
1785136083.8178380
1785136083.8178380
1785136083.8178380
1785136083.8178380
1785136083.8178380
1785136083.8178380
1785136083.8178380
1785136083.8178380
1785136083.8178380
1785136083.8178380
1785136083.8178380
1785136083.8180599
1785136083.8180599
1785136083.8180599
1785136083.8180599
1785136083.8180599
1785136083.8180599
1785136083.8180599
1785136083.8180599
1785136083.8180599
1785136083.8180599
1785136083.8180599
1785136083.8180599
1785136083.8180599
1785136083.8180599
1785136083.8180599
1785136083.8180599
1785136083.8180599
1785136083.8180599
1785136083.8180599
1785136083.8180599
1785136083.8180599
1785136083.8180599
1785136083.8180599
1785136083.8180599
1785136083.8180599
1785136083.8180599
1785136083.8180599
1785136083.8180599
1785136083.8180599
1785136083.8180599
1785136083.8180599
1785136083.8180599
1785136083.8180599
1785136083.8180599
1785136083.8180599
1785136083.8180599
1785136083.8180599
1785136083.8180599
1785136083.8182831
1785136083.8182831
1785136083.8182831
1785136083.8182831
1785136083.8182831
1785136083.8182831
1785136083.8182831
1785136083.8182831
1785136083.8182831
1785136083.8182831
1785136083.8182831
1785136083.8182831
1785136083.8182831
1785136083.8182831
1785136083.8182831
1785136083.8182831
1785136083.8182831
1785136083.8182831
1785136083.8182831
1785136083.8182831
1785136083.8182831
1785136083.8182831
1785136083.8182831
1785136083.8182831
1785136083.8182831
1785136083.8182831
1785136083.8182831
1785136083.8182831
1785136083.8182831
1785136083.8182831
1785136083.8182831
1785136083.8182831
1785136083.8182831
1785136083.8182831
1785136083.8185050
1785136083.8185050
1785136083.8185050
1785136083.8185050
1785136083.8185050
1785136083.8185050
1785136083.8185050
1785136083.8185050
1785136083.8185050
1785136083.8185050
1785136083.8185050
1785136083.8185050
1785136083.8185050
1785136083.8185050
1785136083.8185050
1785136083.8185050
1785136083.8185050
1785136083.8185050
1785136083.8185050
1785136083.8185050
1785136083.8185050
1785136083.8185050
1785136083.8185050
1785136083.8185050
1785136083.8185050
1785136083.8185050
1785136083.8185050
1785136083.8185050
1785136083.8185050
1785136083.8185050
1785136083.8185050
1785136083.8185050
1785136083.8187270
1785136083.8187270
1785136083.8187270
1785136083.8187270
1785136083.8187270
1785136083.8187270
1785136083.8187270
1785136083.8187270
1785136083.8187270
1785136083.8187270
1785136083.8187270
1785136083.8187270
1785136083.8187270
1785136083.8187270
1785136083.8187270
1785136083.8187270
1785136083.8187270
1785136083.8187270
1785136083.8187270
1785136083.8187270
1785136083.8187270
1785136083.8187270
1785136083.8187270
1785136083.8187270
1785136083.8187270
1785136083.8187270
1785136083.8187270
1785136083.8187270
1785136083.8187270
1785136083.8187270
1785136083.8187270
1785136083.8187270
1785136083.8189490
1785136083.8189490
1785136083.8189490
1785136083.8189490
1785136083.8189490
1785136083.8189490
1785136083.8189490
1785136083.8189490
1785136083.8189490
1785136083.8189490
1785136083.8189490
1785136083.8189490
1785136083.8189490
1785136083.8189490
1785136083.8189490
1785136083.8189490
1785136083.8189490
1785136083.8189490
1785136083.8189490
1785136083.8189490
1785136083.8189490
1785136083.8189490
1785136083.8189490
1785136083.8189490
1785136083.8189490
1785136083.8189490
1785136083.8189490
1785136083.8189490
1785136083.8189490
1785136083.8189490
1785136083.8189490
1785136083.8189490
1785136083.8191719
1785136083.8191719
1785136083.8191719
1785136083.8191719
1785136083.8191719
1785136083.8191719
1785136083.8191719
1785136083.8191719
1785136083.8191719
1785136083.8191719
1785136083.8191719
1785136083.8191719
1785136083.8191719
1785136083.8191719
1785136083.8191719
1785136083.8191719
1785136083.8191719
1785136083.8191719
1785136083.8191719
1785136083.8191719
1785136083.8191719
1785136083.8191719
1785136083.8191719
1785136083.8191719
1785136083.8191719
1785136083.8191719
1785136083.8191719
1785136083.8191719
1785136083.8191719
1785136083.8191719
1785136083.8191719
1785136083.8191719
1785136083.8191719
1785136083.8191719
1785136083.8191719
1785136083.8191719
1785136083.8191719
1785136083.8191719
1785136083.8191719
1785136083.8191719
1785136083.8191719
1785136083.8191719
1785136083.8193941
1785136083.8193941
1785136083.8193941
1785136083.8193941
1785136083.8193941
1785136083.8193941
1785136083.8193941
1785136083.8193941
1785136083.8193941
1785136083.8193941
1785136083.8193941
1785136083.8193941
1785136083.8193941
1785136083.8193941
1785136083.8193941
1785136083.8193941
1785136083.8193941
1785136083.8193941
1785136083.8193941
1785136083.8193941
1785136083.8193941
1785136083.8193941
1785136083.8193941
1785136083.8193941
1785136083.8193941
1785136083.8193941
1785136083.8193941
1785136083.8193941
1785136083.8193941
1785136083.8193941
1785136083.8193941
1785136083.8193941
1785136083.8193941
1785136083.8193941
1785136083.8193941
1785136083.8193941
1785136083.8193941
1785136083.8193941
1785136083.8193941
1785136083.8193941
1785136083.8193941
1785136083.8193941
1785136083.8196161
1785136083.8196161
1785136083.8196161
1785136083.8196161
1785136083.8196161
1785136083.8196161
1785136083.8196161
1785136083.8196161
1785136083.8196161
1785136083.8196161
1785136083.8196161
1785136083.8196161
1785136083.8196161
1785136083.8196161
1785136083.8196161
1785136083.8196161
1785136083.8196161
1785136083.8196161
1785136083.8196161
1785136083.8196161
1785136083.8196161
1785136083.8196161
1785136083.8196161
1785136083.8196161
1785136083.8196161
1785136083.8196161
1785136083.8196161
1785136083.8196161
1785136083.8196161
1785136083.8196161
1785136083.8196161
1785136083.8196161
1785136083.8196161
1785136083.8196161
1785136083.8196161
1785136083.8196161
1785136083.8196161
1785136083.8196161
1785136083.8196161
1785136083.8196161
1785136083.8196161
1785136083.8196161
1785136083.8198380
1785136083.8198380
1785136083.8198380
1785136083.8198380
1785136083.8198380
1785136083.8198380
1785136083.8198380
1785136083.8198380
1785136083.8198380
1785136083.8198380
1785136083.8198380
1785136083.8198380
1785136083.8198380
1785136083.8198380
1785136083.8198380
1785136083.8198380
1785136083.8198380
1785136083.8198380
1785136083.8198380
1785136083.8198380
1785136083.8198380
1785136083.8198380
1785136083.8198380
1785136083.8198380
1785136083.8198380
1785136083.8198380
1785136083.8198380
1785136083.8198380
1785136083.8198380
1785136083.8198380
1785136083.8198380
1785136083.8198380
1785136083.8198380
1785136083.8198380
1785136083.8198380
1785136083.8198380
1785136083.8198380
1785136083.8198380
1785136083.8198380
1785136083.8198380
1785136083.8198380
1785136083.8198380
1785136083.8200610
1785136083.8200610
1785136083.8200610
1785136083.8200610
1785136083.8200610
1785136083.8200610
1785136083.8200610
1785136083.8200610
1785136083.8200610
1785136083.8200610
1785136083.8200610
1785136083.8200610
1785136083.8200610
1785136083.8200610
1785136083.8200610
1785136083.8200610
1785136083.8200610
1785136083.8200610
1785136083.8200610
1785136083.8200610
1785136083.8200610
1785136083.8200610
1785136083.8200610
1785136083.8200610
1785136083.8200610
1785136083.8200610
1785136083.8200610
1785136083.8200610
1785136083.8200610
1785136083.8200610
1785136083.8200610
1785136083.8200610
1785136083.8200610
1785136083.8200610
1785136083.8200610
1785136083.8200610
1785136083.8200610
1785136083.8200610
1785136083.8200610
1785136083.8200610
1785136083.8200610
1785136083.8200610
1785136083.8202829
1785136083.8202829
1785136083.8202829
1785136083.8202829
1785136083.8202829
1785136083.8202829
1785136083.8202829
1785136083.8202829
1785136083.8202829
1785136083.8202829
1785136083.8202829
1785136083.8202829
1785136083.8202829
1785136083.8202829
1785136083.8202829
1785136083.8202829
1785136083.8202829
1785136083.8202829
1785136083.8202829
1785136083.8202829
1785136083.8202829
1785136083.8202829
1785136083.8202829
1785136083.8202829
1785136083.8202829
1785136083.8202829
1785136083.8202829
1785136083.8202829
1785136083.8202829
1785136083.8202829
1785136083.8202829
1785136083.8202829
1785136083.8202829
1785136083.8202829
1785136083.8202829
1785136083.8202829
1785136083.8202829
1785136083.8202829
1785136083.8202829
1785136083.8202829
1785136083.8202829
1785136083.8202829
1785136083.8205049
1785136083.8205049
1785136083.8205049
1785136083.8205049
1785136083.8205049
1785136083.8205049
1785136083.8205049
1785136083.8205049
1785136083.8205049
1785136083.8205049
1785136083.8205049
1785136083.8205049
1785136083.8205049
1785136083.8205049
1785136083.8205049
1785136083.8205049
1785136083.8205049
1785136083.8205049
1785136083.8205049
1785136083.8205049
1785136083.8205049
1785136083.8205049
1785136083.8205049
1785136083.8205049
1785136083.8205049
1785136083.8205049
1785136083.8205049
1785136083.8205049
1785136083.8205049
1785136083.8205049
1785136083.8205049
1785136083.8205049
1785136083.8205049
1785136083.8205049
1785136083.8205049
1785136083.8205049
1785136083.8205049
1785136083.8205049
1785136083.8205049
1785136083.8205049
1785136083.8205049
1785136083.8205049
1785136083.8205049
1785136083.8207271
1785136083.8207271
1785136083.8207271
1785136083.8207271
1785136083.8207271
1785136083.8207271
1785136083.8207271
1785136083.8207271
1785136083.8207271
1785136083.8207271
1785136083.8207271
1785136083.8207271
1785136083.8207271
1785136083.8207271
1785136083.8207271
1785136083.8207271
1785136083.8207271
1785136083.8207271
1785136083.8207271
1785136083.8207271
1785136083.8207271
1785136083.8207271
1785136083.8207271
1785136083.8207271
1785136083.8207271
1785136083.8207271
1785136083.8207271
1785136083.8207271
1785136083.8207271
1785136083.8207271
1785136083.8207271
1785136083.8207271
1785136083.8207271
1785136083.8207271
1785136083.8207271
1785136083.8207271
1785136083.8207271
1785136083.8207271
1785136083.8207271
1785136083.8207271
1785136083.8207271
1785136083.8207271
1785136083.8207271
1785136083.8209500
1785136083.8209500
1785136083.8209500
1785136083.8209500
1785136083.8209500
1785136083.8209500
1785136083.8209500
1785136083.8209500
1785136083.8209500
1785136083.8209500
1785136083.8209500
1785136083.8209500
1785136083.8209500
1785136083.8209500
1785136083.8209500
1785136083.8209500
1785136083.8209500
1785136083.8209500
1785136083.8209500
1785136083.8209500
1785136083.8209500
1785136083.8209500
1785136083.8209500
1785136083.8209500
1785136083.8209500
1785136083.8209500
1785136083.8209500
1785136083.8209500
1785136083.8209500
1785136083.8209500
1785136083.8209500
1785136083.8209500
1785136083.8209500
1785136083.8209500
1785136083.8209500
1785136083.8209500
1785136083.8209500
1785136083.8209500
1785136083.8209500
1785136083.8209500
1785136083.8209500
1785136083.8209500
1785136083.8209500
1785136083.8211720
1785136083.8211720
1785136083.8211720
1785136083.8211720
1785136083.8211720
1785136083.8211720
1785136083.8211720
1785136083.8211720
1785136083.8211720
1785136083.8211720
1785136083.8211720
1785136083.8211720
1785136083.8211720
1785136083.8211720
1785136083.8211720
1785136083.8211720
1785136083.8211720
1785136083.8211720
1785136083.8211720
1785136083.8211720
1785136083.8211720
1785136083.8211720
1785136083.8211720
1785136083.8211720
1785136083.8211720
1785136083.8211720
1785136083.8211720
1785136083.8211720
1785136083.8211720
1785136083.8211720
1785136083.8211720
1785136083.8211720
1785136083.8211720
1785136083.8211720
1785136083.8211720
1785136083.8211720
1785136083.8211720
1785136083.8211720
1785136083.8211720
1785136083.8211720
1785136083.8211720
1785136083.8211720
1785136083.8211720
1785136083.8213940
1785136083.8213940
1785136083.8213940
1785136083.8213940
1785136083.8213940
1785136083.8213940
1785136083.8213940
1785136083.8213940
1785136083.8213940
1785136083.8213940
1785136083.8213940
1785136083.8213940
1785136083.8213940
1785136083.8213940
1785136083.8213940
1785136083.8213940
1785136083.8213940
1785136083.8213940
1785136083.8213940
1785136083.8213940
1785136083.8213940
1785136083.8213940
1785136083.8213940
1785136083.8213940
1785136083.8213940
1785136083.8213940
1785136083.8213940
1785136083.8213940
1785136083.8213940
1785136083.8213940
1785136083.8213940
1785136083.8213940
1785136083.8213940
1785136083.8213940
1785136083.8213940
1785136083.8213940
1785136083.8213940
1785136083.8213940
1785136083.8213940
1785136083.8213940
1785136083.8213940
1785136083.8213940
1785136083.8213940
1785136083.8216159
1785136083.8216159
1785136083.8216159
1785136083.8216159
1785136083.8216159
1785136083.8216159
1785136083.8216159
1785136083.8216159
1785136083.8216159
1785136083.8216159
1785136083.8216159
1785136083.8216159
1785136083.8216159
1785136083.8216159
1785136083.8216159
1785136083.8216159
1785136083.8216159
1785136083.8216159
1785136083.8216159
1785136083.8216159
1785136083.8216159
1785136083.8216159
1785136083.8216159
1785136083.8216159
1785136083.8216159
1785136083.8216159
1785136083.8216159
1785136083.8216159
1785136083.8216159
1785136083.8216159
1785136083.8216159
1785136083.8216159
1785136083.8216159
1785136083.8216159
1785136083.8216159
1785136083.8216159
1785136083.8216159
1785136083.8216159
1785136083.8216159
1785136083.8216159
1785136083.8216159
1785136083.8216159
1785136083.8216159
1785136083.8216159
1785136083.8218391
1785136083.8218391
1785136083.8218391
1785136083.8218391
1785136083.8218391
1785136083.8218391
1785136083.8218391
1785136083.8218391
1785136083.8218391
1785136083.8218391
1785136083.8218391
1785136083.8218391
1785136083.8218391
1785136083.8218391
1785136083.8218391
1785136083.8218391
1785136083.8218391
1785136083.8218391
1785136083.8218391
1785136083.8218391
1785136083.8218391
1785136083.8218391
1785136083.8218391
1785136083.8218391
1785136083.8218391
1785136083.8218391
1785136083.8218391
1785136083.8218391
1785136083.8218391
1785136083.8218391
1785136083.8218391
1785136083.8218391
1785136083.8218391
1785136083.8218391
1785136083.8218391
1785136083.8218391
1785136083.8218391
1785136083.8218391
1785136083.8218391
1785136083.8218391
1785136083.8218391
1785136083.8218391
1785136083.8220611
1785136083.8220611
1785136083.8220611
1785136083.8220611
1785136083.8220611
1785136083.8220611
1785136083.8220611
1785136083.8220611
1785136083.8220611
1785136083.8220611
1785136083.8220611
1785136083.8220611
1785136083.8220611
1785136083.8220611
1785136083.8220611
1785136083.8220611
1785136083.8220611
1785136083.8220611
1785136083.8220611
1785136083.8220611
1785136083.8220611
1785136083.8220611
1785136083.8220611
1785136083.8220611
1785136083.8220611
1785136083.8220611
1785136083.8220611
1785136083.8220611
1785136083.8220611
1785136083.8220611
1785136083.8220611
1785136083.8220611
1785136083.8220611
1785136083.8220611
1785136083.8220611
1785136083.8220611
1785136083.8220611
1785136083.8220611
1785136083.8220611
1785136083.8220611
1785136083.8220611
1785136083.8220611
1785136083.8222830
1785136083.8222830
1785136083.8222830
1785136083.8222830
1785136083.8222830
1785136083.8222830
1785136083.8222830
1785136083.8222830
1785136083.8222830
1785136083.8222830
1785136083.8222830
1785136083.8222830
1785136083.8222830
1785136083.8222830
1785136083.8222830
1785136083.8222830
1785136083.8222830
1785136083.8222830
1785136083.8222830
1785136083.8222830
1785136083.8222830
1785136083.8222830
1785136083.8222830
1785136083.8222830
1785136083.8222830
1785136083.8222830
1785136083.8222830
1785136083.8222830
1785136083.8222830
1785136083.8222830
1785136083.8222830
1785136083.8222830
1785136083.8222830
1785136083.8222830
1785136083.8222830
1785136083.8222830
1785136083.8222830
1785136083.8222830
1785136083.8222830
1785136083.8222830
1785136083.8222830
1785136083.8222830
1785136083.8225050
1785136083.8225050
1785136083.8225050
1785136083.8225050
1785136083.8225050
1785136083.8225050
1785136083.8225050
1785136083.8225050
1785136083.8225050
1785136083.8225050
1785136083.8225050
1785136083.8225050
1785136083.8225050
1785136083.8225050
1785136083.8225050
1785136083.8225050
1785136083.8225050
1785136083.8225050
1785136083.8225050
1785136083.8225050
1785136083.8225050
1785136083.8225050
1785136083.8225050
1785136083.8225050
1785136083.8225050
1785136083.8225050
1785136083.8225050
1785136083.8225050
1785136083.8225050
1785136083.8225050
1785136083.8225050
1785136083.8225050
1785136083.8225050
1785136083.8225050
1785136083.8225050
1785136083.8225050
1785136083.8225050
1785136083.8225050
1785136083.8225050
1785136083.8225050
1785136083.8227270
1785136083.8227270
1785136083.8227270
1785136083.8227270
1785136083.8227270
1785136083.8227270
1785136083.8227270
1785136083.8227270
1785136083.8227270
1785136083.8227270
1785136083.8227270
1785136083.8227270
1785136083.8227270
1785136083.8227270
1785136083.8227270
1785136083.8227270
1785136083.8227270
1785136083.8227270
1785136083.8227270
1785136083.8227270
1785136083.8227270
1785136083.8227270
1785136083.8227270
1785136083.8227270
1785136083.8227270
1785136083.8227270
1785136083.8227270
1785136083.8227270
1785136083.8227270
1785136083.8227270
1785136083.8227270
1785136083.8227270
1785136083.8227270
1785136083.8227270
1785136083.8227270
1785136083.8227270
1785136083.8227270
1785136083.8227270
1785136083.8227270
1785136083.8227270
1785136083.8227270
1785136083.8229499
1785136083.8229499
1785136083.8229499
1785136083.8229499
1785136083.8229499
1785136083.8229499
1785136083.8229499
1785136083.8229499
1785136083.8229499
1785136083.8229499
1785136083.8229499
1785136083.8229499
1785136083.8229499
1785136083.8229499
1785136083.8229499
1785136083.8229499
1785136083.8229499
1785136083.8229499
1785136083.8229499
1785136083.8229499
1785136083.8229499
1785136083.8229499
1785136083.8229499
1785136083.8229499
1785136083.8229499
1785136083.8229499
1785136083.8229499
1785136083.8229499
1785136083.8229499
1785136083.8229499
1785136083.8229499
1785136083.8229499
1785136083.8229499
1785136083.8229499
1785136083.8229499
1785136083.8229499
1785136083.8229499
1785136083.8229499
1785136083.8229499
1785136083.8229499
1785136083.8229499
1785136083.8229499
1785136083.8229499
1785136083.8229499
1785136083.8229499
1785136083.8229499
1785136083.8229499
1785136083.8229499
1785136083.8229499
1785136083.8229499
1785136083.8231721
1785136083.8231721
1785136083.8231721
1785136083.8231721
1785136083.8231721
1785136083.8231721
1785136083.8231721
1785136083.8231721
1785136083.8231721
1785136083.8231721
1785136083.8231721
1785136083.8231721
1785136083.8231721
1785136083.8231721
1785136083.8231721
1785136083.8231721
1785136083.8231721
1785136083.8231721
1785136083.8231721
1785136083.8231721
1785136083.8231721
1785136083.8231721
1785136083.8231721
1785136083.8231721
1785136083.8231721
1785136083.8231721
1785136083.8231721
1785136083.8231721
1785136083.8231721
1785136083.8231721
1785136083.8231721
1785136083.8231721
1785136083.8231721
1785136083.8231721
1785136083.8231721
1785136083.8231721
1785136083.8231721
1785136083.8231721
1785136083.8231721
1785136083.8231721
1785136083.8231721
1785136083.8231721
1785136083.8231721
1785136083.8231721
1785136083.8231721
1785136083.8231721
1785136083.8231721
1785136083.8231721
1785136083.8231721
1785136083.8231721
1785136083.8231721
1785136083.8231721
1785136083.8231721
1785136083.8231721
1785136083.8231721
1785136083.8231721
1785136083.8231721
1785136083.8231721
1785136083.8231721
1785136083.8231721
1785136083.8231721
1785136083.8231721
1785136083.8233941
1785136083.8233941
1785136083.8233941
1785136083.8233941
1785136083.8233941
1785136083.8233941
1785136083.8233941
1785136083.8233941
1785136083.8233941
1785136083.8233941
1785136083.8233941
1785136083.8233941
1785136083.8233941
1785136083.8233941
1785136083.8233941
1785136083.8233941
1785136083.8233941
1785136083.8233941
1785136083.8233941
1785136083.8233941
1785136083.8233941
1785136083.8233941
1785136083.8233941
1785136083.8233941
1785136083.8233941
1785136083.8233941
1785136083.8233941
1785136083.8233941
1785136083.8233941
1785136083.8233941
1785136083.8233941
1785136083.8233941
1785136083.8233941
1785136083.8233941
1785136083.8233941
1785136083.8233941
1785136083.8233941
1785136083.8233941
1785136083.8233941
1785136083.8233941
1785136083.8233941
1785136083.8233941
1785136083.8233941
1785136083.8233941
1785136083.8233941
1785136083.8233941
1785136083.8233941
1785136083.8233941
1785136083.8233941
1785136083.8233941
1785136083.8233941
1785136083.8233941
1785136083.8233941
1785136083.8233941
1785136083.8233941
1785136083.8233941
1785136083.8233941
1785136083.8233941
1785136083.8233941
1785136083.8233941
1785136083.8233941
1785136083.8233941
1785136083.8233941
1785136083.8236160
1785136083.8236160
1785136083.8236160
1785136083.8236160
1785136083.8236160
1785136083.8236160
1785136083.8236160
1785136083.8236160
1785136083.8236160
1785136083.8236160
1785136083.8236160
1785136083.8236160
1785136083.8236160
1785136083.8236160
1785136083.8236160
1785136083.8236160
1785136083.8236160
1785136083.8236160
1785136083.8236160
1785136083.8236160
1785136083.8236160
1785136083.8236160
1785136083.8236160
1785136083.8236160
1785136083.8236160
1785136083.8236160
1785136083.8236160
1785136083.8236160
1785136083.8236160
1785136083.8236160
1785136083.8236160
1785136083.8236160
1785136083.8236160
1785136083.8236160
1785136083.8236160
1785136083.8236160
1785136083.8236160
1785136083.8236160
1785136083.8236160
1785136083.8236160
1785136083.8236160
1785136083.8236160
1785136083.8236160
1785136083.8236160
1785136083.8236160
1785136083.8236160
1785136083.8236160
1785136083.8236160
1785136083.8236160
1785136083.8236160
1785136083.8236160
1785136083.8236160
1785136083.8236160
1785136083.8236160
1785136083.8236160
1785136083.8236160
1785136083.8236160
1785136083.8236160
1785136083.8236160
1785136083.8236160
1785136083.8236160
1785136083.8236160
1785136083.8236160
1785136083.8238389
1785136083.8238389
1785136083.8238389
1785136083.8238389
1785136083.8238389
1785136083.8238389
1785136083.8238389
1785136083.8238389
1785136083.8238389
1785136083.8238389
1785136083.8238389
1785136083.8238389
1785136083.8238389
1785136083.8238389
1785136083.8238389
1785136083.8238389
1785136083.8238389
1785136083.8238389
1785136083.8238389
1785136083.8238389
1785136083.8238389
1785136083.8238389
1785136083.8238389
1785136083.8238389
1785136083.8238389
1785136083.8238389
1785136083.8238389
1785136083.8238389
1785136083.8238389
1785136083.8238389
1785136083.8238389
1785136083.8238389
1785136083.8238389
1785136083.8238389
1785136083.8238389
1785136083.8238389
1785136083.8238389
1785136083.8238389
1785136083.8238389
1785136083.8238389
1785136083.8238389
1785136083.8238389
1785136083.8238389
1785136083.8238389
1785136083.8238389
1785136083.8238389
1785136083.8238389
1785136083.8238389
1785136083.8238389
1785136083.8238389
1785136083.8238389
1785136083.8238389
1785136083.8238389
1785136083.8238389
1785136083.8238389
1785136083.8238389
1785136083.8238389
1785136083.8238389
1785136083.8238389
1785136083.8238389
1785136083.8238389
1785136083.8240609
1785136083.8240609
1785136083.8240609
1785136083.8240609
1785136083.8240609
1785136083.8240609
1785136083.8240609
1785136083.8240609
1785136083.8240609
1785136083.8240609
1785136083.8240609
1785136083.8240609
1785136083.8240609
1785136083.8240609
1785136083.8240609
1785136083.8240609
1785136083.8240609
1785136083.8240609
1785136083.8240609
1785136083.8240609
1785136083.8240609
1785136083.8240609
1785136083.8240609
1785136083.8240609
1785136083.8240609
1785136083.8240609
1785136083.8240609
1785136083.8240609
1785136083.8240609
1785136083.8240609
1785136083.8240609
1785136083.8240609
1785136083.8240609
1785136083.8240609
1785136083.8240609
1785136083.8240609
1785136083.8240609
1785136083.8240609
1785136083.8240609
1785136083.8240609
1785136083.8240609
1785136083.8240609
1785136083.8240609
1785136083.8240609
1785136083.8240609
1785136083.8240609
1785136083.8240609
1785136083.8240609
1785136083.8240609
1785136083.8240609
1785136083.8240609
1785136083.8240609
1785136083.8242829
1785136083.8242829
1785136083.8242829
1785136083.8242829
1785136083.8242829
1785136083.8242829
1785136083.8242829
1785136083.8242829
1785136083.8242829
1785136083.8242829
1785136083.8242829
1785136083.8242829
1785136083.8242829
1785136083.8242829
1785136083.8242829
1785136083.8242829
1785136083.8242829
1785136083.8242829
1785136083.8242829
1785136083.8242829
1785136083.8242829
1785136083.8242829
1785136083.8242829
1785136083.8242829
1785136083.8242829
1785136083.8242829
1785136083.8242829
1785136083.8242829
1785136083.8242829
1785136083.8242829
1785136083.8242829
1785136083.8242829
1785136083.8242829
1785136083.8242829
1785136083.8242829
1785136083.8242829
1785136083.8242829
1785136083.8242829
1785136083.8242829
1785136083.8242829
1785136083.8242829
1785136083.8242829
1785136083.8242829
1785136083.8242829
1785136083.8242829
1785136083.8242829
1785136083.8242829
1785136083.8242829
1785136083.8242829
1785136083.8242829
1785136083.8242829
1785136083.8242829
1785136083.8242829
1785136083.8242829
1785136083.8242829
1785136083.8242829
1785136083.8245060
1785136083.8245060
1785136083.8245060
1785136083.8245060
1785136083.8245060
1785136083.8245060
1785136083.8245060
1785136083.8245060
1785136083.8245060
1785136083.8245060
1785136083.8245060
1785136083.8245060
1785136083.8245060
1785136083.8245060
1785136083.8245060
1785136083.8245060
1785136083.8245060
1785136083.8245060
1785136083.8245060
1785136083.8245060
1785136083.8245060
1785136083.8245060
1785136083.8245060
1785136083.8245060
1785136083.8245060
1785136083.8245060
1785136083.8245060
1785136083.8245060
1785136083.8245060
1785136083.8245060
1785136083.8245060
1785136083.8245060
1785136083.8245060
1785136083.8245060
1785136083.8245060
1785136083.8245060
1785136083.8245060
1785136083.8245060
1785136083.8245060
1785136083.8245060
1785136083.8245060
1785136083.8245060
1785136083.8245060
1785136083.8245060
1785136083.8245060
1785136083.8245060
1785136083.8245060
1785136083.8245060
1785136083.8245060
1785136083.8245060
1785136083.8245060
1785136083.8245060
1785136083.8245060
1785136083.8245060
1785136083.8245060
1785136083.8245060
1785136083.8245060
1785136083.8245060
1785136083.8247280
1785136083.8247280
1785136083.8247280
1785136083.8247280
1785136083.8247280
1785136083.8247280
1785136083.8247280
1785136083.8247280
1785136083.8247280
1785136083.8247280
1785136083.8247280
1785136083.8247280
1785136083.8247280
1785136083.8247280
1785136083.8247280
1785136083.8247280
1785136083.8247280
1785136083.8247280
1785136083.8247280
1785136083.8247280
1785136083.8247280
1785136083.8247280
1785136083.8247280
1785136083.8247280
1785136083.8247280
1785136083.8247280
1785136083.8247280
1785136083.8247280
1785136083.8247280
1785136083.8247280
1785136083.8247280
1785136083.8247280
1785136083.8247280
1785136083.8247280
1785136083.8247280
1785136083.8247280
1785136083.8247280
1785136083.8247280
1785136083.8247280
1785136083.8247280
1785136083.8247280
1785136083.8247280
1785136083.8247280
1785136083.8247280
1785136083.8247280
1785136083.8247280
1785136083.8247280
1785136083.8247280
1785136083.8247280
1785136083.8247280
1785136083.8247280
1785136083.8247280
1785136083.8247280
1785136083.8247280
1785136083.8247280
1785136083.8247280
1785136083.8247280
1785136083.8247280
1785136083.8247280
1785136083.8247280
1785136083.8247280
1785136083.8247280
1785136083.8247280
1785136083.8247280
1785136083.8247280
1785136083.8247280
1785136083.8247280
1785136083.8247280
1785136083.8249490
1785136083.8249490
1785136083.8249490
1785136083.8249490
1785136083.8249490
1785136083.8249490
1785136083.8249490
1785136083.8249490
1785136083.8249490
1785136083.8249490
1785136083.8249490
1785136083.8249490
1785136083.8249490
1785136083.8249490
1785136083.8249490
1785136083.8249490
1785136083.8249490
1785136083.8249490
1785136083.8249490
1785136083.8249490
1785136083.8249490
1785136083.8249490
1785136083.8249490
1785136083.8249490
1785136083.8249490
1785136083.8249490
1785136083.8249490
1785136083.8249490
1785136083.8249490
1785136083.8249490
1785136083.8249490
1785136083.8249490
1785136083.8249490
1785136083.8249490
1785136083.8249490
1785136083.8249490
1785136083.8249490
1785136083.8249490
1785136083.8249490
1785136083.8249490
1785136083.8249490
1785136083.8249490
1785136083.8249490
1785136083.8249490
1785136083.8249490
1785136083.8249490
1785136083.8249490
1785136083.8249490
1785136083.8249490
1785136083.8249490
1785136083.8249490
1785136083.8249490
1785136083.8249490
1785136083.8249490
1785136083.8249490
1785136083.8249490
1785136083.8249490
1785136083.8249490
1785136083.8249490
1785136083.8249490
1785136083.8249490
1785136083.8249490
1785136083.8249490
1785136083.8249490
1785136083.8249490
1785136083.8249490
1785136083.8249490
1785136083.8249490
1785136083.8249490
1785136083.8249490
1785136083.8251719
1785136083.8251719
1785136083.8251719
1785136083.8251719
1785136083.8251719
1785136083.8251719
1785136083.8251719
1785136083.8251719
1785136083.8251719
1785136083.8251719
1785136083.8251719
1785136083.8251719
1785136083.8251719
1785136083.8251719
1785136083.8251719
1785136083.8251719
1785136083.8251719
1785136083.8251719
1785136083.8251719
1785136083.8251719
1785136083.8251719
1785136083.8251719
1785136083.8251719
1785136083.8251719
1785136083.8251719
1785136083.8251719
1785136083.8251719
1785136083.8251719
1785136083.8251719
1785136083.8251719
1785136083.8251719
1785136083.8251719
1785136083.8251719
1785136083.8251719
1785136083.8251719
1785136083.8251719
1785136083.8251719
1785136083.8251719
1785136083.8251719
1785136083.8251719
1785136083.8251719
1785136083.8251719
1785136083.8251719
1785136083.8251719
1785136083.8251719
1785136083.8251719
1785136083.8251719
1785136083.8251719
1785136083.8251719
1785136083.8251719
1785136083.8251719
1785136083.8251719
1785136083.8251719
1785136083.8251719
1785136083.8251719
1785136083.8251719
1785136083.8251719
1785136083.8251719
1785136083.8251719
1785136083.8251719
1785136083.8251719
1785136083.8251719
1785136083.8251719
1785136083.8251719
1785136083.8251719
1785136083.8251719
1785136083.8251719
1785136083.8251719
1785136083.8251719
1785136083.8253939
1785136083.8253939
1785136083.8253939
1785136083.8253939
1785136083.8253939
1785136083.8253939
1785136083.8253939
1785136083.8253939
1785136083.8253939
1785136083.8253939
1785136083.8253939
1785136083.8253939
1785136083.8253939
1785136083.8253939
1785136083.8253939
1785136083.8253939
1785136083.8253939
1785136083.8253939
1785136083.8253939
1785136083.8253939
1785136083.8253939
1785136083.8253939
1785136083.8253939
1785136083.8253939
1785136083.8253939
1785136083.8253939
1785136083.8253939
1785136083.8253939
1785136083.8253939
1785136083.8253939
1785136083.8253939
1785136083.8253939
1785136083.8253939
1785136083.8253939
1785136083.8253939
1785136083.8253939
1785136083.8253939
1785136083.8253939
1785136083.8253939
1785136083.8253939
1785136083.8253939
1785136083.8253939
1785136083.8253939
1785136083.8253939
1785136083.8253939
1785136083.8253939
1785136083.8253939
1785136083.8253939
1785136083.8253939
1785136083.8253939
1785136083.8253939
1785136083.8253939
1785136083.8253939
1785136083.8253939
1785136083.8253939
1785136083.8253939
1785136083.8253939
1785136083.8253939
1785136083.8253939
1785136083.8253939
1785136083.8253939
1785136083.8253939
1785136083.8253939
1785136083.8253939
1785136083.8253939
1785136083.8253939
1785136083.8253939
1785136083.8256159
1785136083.8256159
1785136083.8256159
1785136083.8256159
1785136083.8256159
1785136083.8256159
1785136083.8256159
1785136083.8256159
1785136083.8256159
1785136083.8256159
1785136083.8256159
1785136083.8256159
1785136083.8256159
1785136083.8256159
1785136083.8256159
1785136083.8256159
1785136083.8256159
1785136083.8256159
1785136083.8256159
1785136083.8256159
1785136083.8256159
1785136083.8256159
1785136083.8256159
1785136083.8256159
1785136083.8256159
1785136083.8256159
1785136083.8256159
1785136083.8256159
1785136083.8256159
1785136083.8256159
1785136083.8256159
1785136083.8256159
1785136083.8256159
1785136083.8256159
1785136083.8256159
1785136083.8256159
1785136083.8256159
1785136083.8256159
1785136083.8256159
1785136083.8256159
1785136083.8256159
1785136083.8256159
1785136083.8256159
1785136083.8256159
1785136083.8256159
1785136083.8256159
1785136083.8256159
1785136083.8256159
1785136083.8256159
1785136083.8256159
1785136083.8256159
1785136083.8256159
1785136083.8256159
1785136083.8256159
1785136083.8256159
1785136083.8256159
1785136083.8256159
1785136083.8256159
1785136083.8256159
1785136083.8256159
1785136083.8256159
1785136083.8258381
1785136083.8258381
1785136083.8258381
1785136083.8258381
1785136083.8258381
1785136083.8258381
1785136083.8258381
1785136083.8258381
1785136083.8258381
1785136083.8258381
1785136083.8258381
1785136083.8258381
1785136083.8258381
1785136083.8258381
1785136083.8258381
1785136083.8258381
1785136083.8258381
1785136083.8258381
1785136083.8258381
1785136083.8258381
1785136083.8258381
1785136083.8258381
1785136083.8258381
1785136083.8258381
1785136083.8258381
1785136083.8258381
1785136083.8258381
1785136083.8258381
1785136083.8258381
1785136083.8258381
1785136083.8258381
1785136083.8258381
1785136083.8258381
1785136083.8258381
1785136083.8258381
1785136083.8258381
1785136083.8258381
1785136083.8258381
1785136083.8258381
1785136083.8258381
1785136083.8258381
1785136083.8258381
1785136083.8258381
1785136083.8258381
1785136083.8258381
1785136083.8258381
1785136083.8258381
1785136083.8258381
1785136083.8258381
1785136083.8258381
1785136083.8258381
1785136083.8258381
1785136083.8258381
1785136083.8258381
1785136083.8258381
1785136083.8258381
1785136083.8258381
1785136083.8258381
1785136083.8258381
1785136083.8258381
1785136083.8258381
1785136083.8258381
1785136083.8258381
1785136083.8260610
1785136083.8260610
1785136083.8260610
1785136083.8260610
1785136083.8260610
1785136083.8260610
1785136083.8260610
1785136083.8260610
1785136083.8260610
1785136083.8260610
1785136083.8260610
1785136083.8260610
1785136083.8260610
1785136083.8260610
1785136083.8260610
1785136083.8260610
1785136083.8260610
1785136083.8260610
1785136083.8260610
1785136083.8260610
1785136083.8260610
1785136083.8260610
1785136083.8260610
1785136083.8260610
1785136083.8260610
1785136083.8260610
1785136083.8260610
1785136083.8260610
1785136083.8260610
1785136083.8260610
1785136083.8260610
1785136083.8260610
1785136083.8260610
1785136083.8260610
1785136083.8260610
1785136083.8260610
1785136083.8260610
1785136083.8260610
1785136083.8260610
1785136083.8260610
1785136083.8260610
1785136083.8260610
1785136083.8260610
1785136083.8260610
1785136083.8260610
1785136083.8260610
1785136083.8260610
1785136083.8260610
1785136083.8260610
1785136083.8260610
1785136083.8260610
1785136083.8260610
1785136083.8260610
1785136083.8260610
1785136083.8260610
1785136083.8260610
1785136083.8260610
1785136083.8260610
1785136083.8260610
1785136083.8260610
1785136083.8260610
1785136083.8260610
1785136083.8260610
1785136083.8262830
1785136083.8262830
1785136083.8262830
1785136083.8262830
1785136083.8262830
1785136083.8262830
1785136083.8262830
1785136083.8262830
1785136083.8262830
1785136083.8262830
1785136083.8262830
1785136083.8262830
1785136083.8262830
1785136083.8262830
1785136083.8262830
1785136083.8262830
1785136083.8262830
1785136083.8262830
1785136083.8262830
1785136083.8262830
1785136083.8262830
1785136083.8262830
1785136083.8262830
1785136083.8262830
1785136083.8262830
1785136083.8262830
1785136083.8262830
1785136083.8262830
1785136083.8262830
1785136083.8262830
1785136083.8262830
1785136083.8262830
1785136083.8262830
1785136083.8262830
1785136083.8262830
1785136083.8262830
1785136083.8262830
1785136083.8262830
1785136083.8262830
1785136083.8262830
1785136083.8262830
1785136083.8262830
1785136083.8262830
1785136083.8262830
1785136083.8262830
1785136083.8262830
1785136083.8262830
1785136083.8262830
1785136083.8262830
1785136083.8262830
1785136083.8262830
1785136083.8262830
1785136083.8262830
1785136083.8262830
1785136083.8262830
1785136083.8262830
1785136083.8262830
1785136083.8262830
1785136083.8262830
1785136083.8262830
1785136083.8262830
1785136083.8262830
1785136083.8265049
1785136083.8265049
1785136083.8265049
1785136083.8265049
1785136083.8265049
1785136083.8265049
1785136083.8265049
1785136083.8265049
1785136083.8265049
1785136083.8265049
1785136083.8265049
1785136083.8265049
1785136083.8265049
1785136083.8265049
1785136083.8265049
1785136083.8265049
1785136083.8265049
1785136083.8265049
1785136083.8265049
1785136083.8265049
1785136083.8265049
1785136083.8265049
1785136083.8265049
1785136083.8265049
1785136083.8265049
1785136083.8265049
1785136083.8265049
1785136083.8265049
1785136083.8265049
1785136083.8265049
1785136083.8265049
1785136083.8265049
1785136083.8265049
1785136083.8265049
1785136083.8265049
1785136083.8265049
1785136083.8265049
1785136083.8265049
1785136083.8265049
1785136083.8265049
1785136083.8265049
1785136083.8265049
1785136083.8265049
1785136083.8265049
1785136083.8265049
1785136083.8265049
1785136083.8265049
1785136083.8265049
1785136083.8265049
1785136083.8265049
1785136083.8265049
1785136083.8265049
1785136083.8265049
1785136083.8265049
1785136083.8265049
1785136083.8265049
1785136083.8265049
1785136083.8265049
1785136083.8265049
1785136083.8265049
1785136083.8265049
1785136083.8265049
1785136083.8265049
1785136083.8267269
1785136083.8267269
1785136083.8267269
1785136083.8267269
1785136083.8267269
1785136083.8267269
1785136083.8267269
1785136083.8267269
1785136083.8267269
1785136083.8267269
1785136083.8267269
1785136083.8267269
1785136083.8267269
1785136083.8267269
1785136083.8267269
1785136083.8267269
1785136083.8267269
1785136083.8267269
1785136083.8267269
1785136083.8267269
1785136083.8267269
1785136083.8267269
1785136083.8267269
1785136083.8267269
1785136083.8267269
1785136083.8267269
1785136083.8267269
1785136083.8267269
1785136083.8267269
1785136083.8267269
1785136083.8267269
1785136083.8267269
1785136083.8267269
1785136083.8267269
1785136083.8267269
1785136083.8267269
1785136083.8267269
1785136083.8267269
1785136083.8267269
1785136083.8267269
1785136083.8267269
1785136083.8267269
1785136083.8267269
1785136083.8267269
1785136083.8267269
1785136083.8267269
1785136083.8267269
1785136083.8267269
1785136083.8267269
1785136083.8267269
1785136083.8267269
1785136083.8267269
1785136083.8267269
1785136083.8267269
1785136083.8267269
1785136083.8267269
1785136083.8267269
1785136083.8267269
1785136083.8267269
1785136083.8267269
1785136083.8269489
1785136083.8269489
1785136083.8269489
1785136083.8269489
1785136083.8269489
1785136083.8269489
1785136083.8269489
1785136083.8269489
1785136083.8269489
1785136083.8269489
1785136083.8269489
1785136083.8269489
1785136083.8269489
1785136083.8269489
1785136083.8269489
1785136083.8269489
1785136083.8269489
1785136083.8269489
1785136083.8269489
1785136083.8269489
1785136083.8269489
1785136083.8269489
1785136083.8269489
1785136083.8269489
1785136083.8269489
1785136083.8269489
1785136083.8269489
1785136083.8269489
1785136083.8269489
1785136083.8269489
1785136083.8269489
1785136083.8269489
1785136083.8269489
1785136083.8269489
1785136083.8269489
1785136083.8269489
1785136083.8269489
1785136083.8269489
1785136083.8269489
1785136083.8269489
1785136083.8269489
1785136083.8269489
1785136083.8269489
1785136083.8269489
1785136083.8269489
1785136083.8269489
1785136083.8269489
1785136083.8269489
1785136083.8269489
1785136083.8269489
1785136083.8269489
1785136083.8269489
1785136083.8269489
1785136083.8269489
1785136083.8269489
1785136083.8269489
1785136083.8269489
1785136083.8269489
1785136083.8269489
1785136083.8269489
1785136083.8269489
1785136083.8269489
1785136083.8271720
1785136083.8271720
1785136083.8271720
1785136083.8271720
1785136083.8271720
1785136083.8271720
1785136083.8271720
1785136083.8271720
1785136083.8271720
1785136083.8271720
1785136083.8271720
1785136083.8271720
1785136083.8271720
1785136083.8271720
1785136083.8271720
1785136083.8271720
1785136083.8271720
1785136083.8271720
1785136083.8271720
1785136083.8271720
1785136083.8271720
1785136083.8271720
1785136083.8271720
1785136083.8271720
1785136083.8271720
1785136083.8271720
1785136083.8271720
1785136083.8271720
1785136083.8271720
1785136083.8271720
1785136083.8271720
1785136083.8271720
1785136083.8271720
1785136083.8271720
1785136083.8271720
1785136083.8271720
1785136083.8271720
1785136083.8271720
1785136083.8271720
1785136083.8271720
1785136083.8271720
1785136083.8271720
1785136083.8271720
1785136083.8271720
1785136083.8271720
1785136083.8271720
1785136083.8271720
1785136083.8271720
1785136083.8271720
1785136083.8271720
1785136083.8271720
1785136083.8271720
1785136083.8271720
1785136083.8271720
1785136083.8271720
1785136083.8271720
1785136083.8271720
1785136083.8271720
1785136083.8271720
1785136083.8271720
1785136083.8271720
1785136083.8271720
1785136083.8273940
1785136083.8273940
1785136083.8273940
1785136083.8273940
1785136083.8273940
1785136083.8273940
1785136083.8273940
1785136083.8273940
1785136083.8273940
1785136083.8273940
1785136083.8273940
1785136083.8273940
1785136083.8273940
1785136083.8273940
1785136083.8273940
1785136083.8273940
1785136083.8273940
1785136083.8273940
1785136083.8273940
1785136083.8273940
1785136083.8273940
1785136083.8273940
1785136083.8273940
1785136083.8273940
1785136083.8273940
1785136083.8273940
1785136083.8273940
1785136083.8273940
1785136083.8273940
1785136083.8273940
1785136083.8273940
1785136083.8273940
1785136083.8273940
1785136083.8273940
1785136083.8273940
1785136083.8273940
1785136083.8273940
1785136083.8273940
1785136083.8273940
1785136083.8273940
1785136083.8273940
1785136083.8273940
1785136083.8273940
1785136083.8273940
1785136083.8273940
1785136083.8273940
1785136083.8273940
1785136083.8273940
1785136083.8273940
1785136083.8273940
1785136083.8273940
1785136083.8273940
1785136083.8273940
1785136083.8273940
1785136083.8276160
1785136083.8276160
1785136083.8276160
1785136083.8276160
1785136083.8276160
1785136083.8276160
1785136083.8276160
1785136083.8276160
1785136083.8276160
1785136083.8276160
1785136083.8276160
1785136083.8276160
1785136083.8276160
1785136083.8276160
1785136083.8276160
1785136083.8276160
1785136083.8276160
1785136083.8276160
1785136083.8276160
1785136083.8276160
1785136083.8276160
1785136083.8276160
1785136083.8276160
1785136083.8276160
1785136083.8276160
1785136083.8276160
1785136083.8276160
1785136083.8276160
1785136083.8276160
1785136083.8276160
1785136083.8276160
1785136083.8276160
1785136083.8276160
1785136083.8276160
1785136083.8276160
1785136083.8276160
1785136083.8276160
1785136083.8276160
1785136083.8276160
1785136083.8276160
1785136083.8276160
1785136083.8276160
1785136083.8276160
1785136083.8276160
1785136083.8276160
1785136083.8276160
1785136083.8276160
1785136083.8276160
1785136083.8278379
1785136083.8278379
1785136083.8278379
1785136083.8278379
1785136083.8278379
1785136083.8278379
1785136083.8278379
1785136083.8278379
1785136083.8278379
1785136083.8278379
1785136083.8278379
1785136083.8278379
1785136083.8278379
1785136083.8278379
1785136083.8278379
1785136083.8278379
1785136083.8278379
1785136083.8278379
1785136083.8278379
1785136083.8278379
1785136083.8278379
1785136083.8278379
1785136083.8278379
1785136083.8278379
1785136083.8278379
1785136083.8278379
1785136083.8278379
1785136083.8278379
1785136083.8278379
1785136083.8278379
1785136083.8278379
1785136083.8278379
1785136083.8278379
1785136083.8278379
1785136083.8278379
1785136083.8278379
1785136083.8278379
1785136083.8278379
1785136083.8278379
1785136083.8278379
1785136083.8278379
1785136083.8278379
1785136083.8278379
1785136083.8278379
1785136083.8278379
1785136083.8278379
1785136083.8278379
1785136083.8278379
1785136083.8280599
1785136083.8280599
1785136083.8280599
1785136083.8280599
1785136083.8280599
1785136083.8280599
1785136083.8280599
1785136083.8280599
1785136083.8280599
1785136083.8280599
1785136083.8280599
1785136083.8280599
1785136083.8280599
1785136083.8280599
1785136083.8280599
1785136083.8280599
1785136083.8280599
1785136083.8280599
1785136083.8280599
1785136083.8280599
1785136083.8280599
1785136083.8280599
1785136083.8280599
1785136083.8280599
1785136083.8280599
1785136083.8280599
1785136083.8280599
1785136083.8280599
1785136083.8280599
1785136083.8280599
1785136083.8280599
1785136083.8280599
1785136083.8280599
1785136083.8280599
1785136083.8280599
1785136083.8280599
1785136083.8280599
1785136083.8280599
1785136083.8280599
1785136083.8280599
1785136083.8280599
1785136083.8280599
1785136083.8280599
1785136083.8280599
1785136083.8280599
1785136083.8280599
1785136083.8280599
1785136083.8282831
1785136083.8282831
1785136083.8282831
1785136083.8282831
1785136083.8282831
1785136083.8282831
1785136083.8282831
1785136083.8282831
1785136083.8282831
1785136083.8282831
1785136083.8282831
1785136083.8282831
1785136083.8282831
1785136083.8282831
1785136083.8282831
1785136083.8282831
1785136083.8282831
1785136083.8282831
1785136083.8282831
1785136083.8282831
1785136083.8282831
1785136083.8282831
1785136083.8282831
1785136083.8282831
1785136083.8282831
1785136083.8282831
1785136083.8282831
1785136083.8282831
1785136083.8282831
1785136083.8282831
1785136083.8282831
1785136083.8282831
1785136083.8282831
1785136083.8282831
1785136083.8282831
1785136083.8282831
1785136083.8282831
1785136083.8282831
1785136083.8282831
1785136083.8282831
1785136083.8282831
1785136083.8282831
1785136083.8282831
1785136083.8282831
1785136083.8282831
1785136083.8282831
1785136083.8282831
1785136083.8282831
1785136083.8285050
1785136083.8285050
1785136083.8285050
1785136083.8285050
1785136083.8285050
1785136083.8285050
1785136083.8285050
1785136083.8285050
1785136083.8285050
1785136083.8285050
1785136083.8285050
1785136083.8285050
1785136083.8285050
1785136083.8285050
1785136083.8285050
1785136083.8285050
1785136083.8285050
1785136083.8285050
1785136083.8285050
1785136083.8285050
1785136083.8285050
1785136083.8285050
1785136083.8285050
1785136083.8285050
1785136083.8285050
1785136083.8285050
1785136083.8285050
1785136083.8285050
1785136083.8285050
1785136083.8285050
1785136083.8285050
1785136083.8285050
1785136083.8285050
1785136083.8285050
1785136083.8285050
1785136083.8285050
1785136083.8285050
1785136083.8285050
1785136083.8285050
1785136083.8285050
1785136083.8285050
1785136083.8285050
1785136083.8285050
1785136083.8285050
1785136083.8285050
1785136083.8285050
1785136083.8285050
1785136083.8285050
1785136083.8285050
1785136083.8287270
1785136083.8287270
1785136083.8287270
1785136083.8287270
1785136083.8287270
1785136083.8287270
1785136083.8287270
1785136083.8287270
1785136083.8287270
1785136083.8287270
1785136083.8287270
1785136083.8287270
1785136083.8287270
1785136083.8287270
1785136083.8287270
1785136083.8287270
1785136083.8287270
1785136083.8287270
1785136083.8287270
1785136083.8287270
1785136083.8287270
1785136083.8287270
1785136083.8287270
1785136083.8287270
1785136083.8287270
1785136083.8287270
1785136083.8287270
1785136083.8287270
1785136083.8287270
1785136083.8287270
1785136083.8287270
1785136083.8287270
1785136083.8287270
1785136083.8287270
1785136083.8287270
1785136083.8287270
1785136083.8287270
1785136083.8287270
1785136083.8287270
1785136083.8287270
1785136083.8287270
1785136083.8287270
1785136083.8287270
1785136083.8287270
1785136083.8287270
1785136083.8287270
1785136083.8287270
1785136083.8287270
1785136083.8287270
1785136083.8289490
1785136083.8289490
1785136083.8289490
1785136083.8289490
1785136083.8289490
1785136083.8289490
1785136083.8289490
1785136083.8289490
1785136083.8289490
1785136083.8289490
1785136083.8289490
1785136083.8289490
1785136083.8289490
1785136083.8289490
1785136083.8289490
1785136083.8289490
1785136083.8289490
1785136083.8289490
1785136083.8289490
1785136083.8289490
1785136083.8289490
1785136083.8289490
1785136083.8289490
1785136083.8289490
1785136083.8289490
1785136083.8289490
1785136083.8289490
1785136083.8289490
1785136083.8289490
1785136083.8289490
1785136083.8289490
1785136083.8289490
1785136083.8289490
1785136083.8289490
1785136083.8289490
1785136083.8289490
1785136083.8289490
1785136083.8289490
1785136083.8289490
1785136083.8289490
1785136083.8289490
1785136083.8289490
1785136083.8289490
1785136083.8289490
1785136083.8289490
1785136083.8289490
1785136083.8289490
1785136083.8289490
1785136083.8289490
1785136083.8291709
1785136083.8291709
1785136083.8291709
1785136083.8291709
1785136083.8291709
1785136083.8291709
1785136083.8291709
1785136083.8291709
1785136083.8291709
1785136083.8291709
1785136083.8291709
1785136083.8291709
1785136083.8291709
1785136083.8291709
1785136083.8291709
1785136083.8291709
1785136083.8291709
1785136083.8291709
1785136083.8291709
1785136083.8291709
1785136083.8291709
1785136083.8291709
1785136083.8291709
1785136083.8291709
1785136083.8291709
1785136083.8291709
1785136083.8291709
1785136083.8291709
1785136083.8291709
1785136083.8291709
1785136083.8291709
1785136083.8291709
1785136083.8291709
1785136083.8291709
1785136083.8291709
1785136083.8291709
1785136083.8291709
1785136083.8291709
1785136083.8291709
1785136083.8291709
1785136083.8291709
1785136083.8291709
1785136083.8291709
1785136083.8291709
1785136083.8291709
1785136083.8291709
1785136083.8291709
1785136083.8291709
1785136083.8291709
1785136083.8293941
1785136083.8293941
1785136083.8293941
1785136083.8293941
1785136083.8293941
1785136083.8293941
1785136083.8293941
1785136083.8293941
1785136083.8293941
1785136083.8293941
1785136083.8293941
1785136083.8293941
1785136083.8293941
1785136083.8293941
1785136083.8293941
1785136083.8293941
1785136083.8293941
1785136083.8293941
1785136083.8293941
1785136083.8293941
1785136083.8293941
1785136083.8293941
1785136083.8293941
1785136083.8293941
1785136083.8293941
1785136083.8293941
1785136083.8293941
1785136083.8293941
1785136083.8293941
1785136083.8293941
1785136083.8293941
1785136083.8293941
1785136083.8293941
1785136083.8293941
1785136083.8293941
1785136083.8293941
1785136083.8293941
1785136083.8293941
1785136083.8293941
1785136083.8293941
1785136083.8293941
1785136083.8293941
1785136083.8293941
1785136083.8293941
1785136083.8293941
1785136083.8293941
1785136083.8293941
1785136083.8293941
1785136083.8293941
1785136083.8296161
1785136083.8296161
1785136083.8296161
1785136083.8296161
1785136083.8296161
1785136083.8296161
1785136083.8296161
1785136083.8296161
1785136083.8296161
1785136083.8296161
1785136083.8296161
1785136083.8296161
1785136083.8296161
1785136083.8296161
1785136083.8296161
1785136083.8296161
1785136083.8296161
1785136083.8296161
1785136083.8296161
1785136083.8296161
1785136083.8296161
1785136083.8296161
1785136083.8296161
1785136083.8296161
1785136083.8296161
1785136083.8296161
1785136083.8296161
1785136083.8296161
1785136083.8296161
1785136083.8296161
1785136083.8296161
1785136083.8296161
1785136083.8296161
1785136083.8296161
1785136083.8296161
1785136083.8296161
1785136083.8296161
1785136083.8296161
1785136083.8296161
1785136083.8296161
1785136083.8296161
1785136083.8296161
1785136083.8296161
1785136083.8296161
1785136083.8296161
1785136083.8296161
1785136083.8296161
1785136083.8296161
1785136083.8296161
1785136083.8298380
1785136083.8298380
1785136083.8298380
1785136083.8298380
1785136083.8298380
1785136083.8298380
1785136083.8298380
1785136083.8298380
1785136083.8298380
1785136083.8298380
1785136083.8298380
1785136083.8298380
1785136083.8298380
1785136083.8298380
1785136083.8298380
1785136083.8298380
1785136083.8298380
1785136083.8298380
1785136083.8298380
1785136083.8298380
1785136083.8298380
1785136083.8298380
1785136083.8298380
1785136083.8298380
1785136083.8298380
1785136083.8298380
1785136083.8298380
1785136083.8298380
1785136083.8298380
1785136083.8298380
1785136083.8298380
1785136083.8298380
1785136083.8298380
1785136083.8298380
1785136083.8298380
1785136083.8298380
1785136083.8298380
1785136083.8298380
1785136083.8298380
1785136083.8298380
1785136083.8298380
1785136083.8298380
1785136083.8298380
1785136083.8298380
1785136083.8298380
1785136083.8298380
1785136083.8298380
1785136083.8298380
1785136083.8298380
1785136083.8300600
1785136083.8300600
1785136083.8300600
1785136083.8300600
1785136083.8300600
1785136083.8300600
1785136083.8300600
1785136083.8300600
1785136083.8300600
1785136083.8300600
1785136083.8300600
1785136083.8300600
1785136083.8300600
1785136083.8300600
1785136083.8300600
1785136083.8300600
1785136083.8300600
1785136083.8300600
1785136083.8300600
1785136083.8300600
1785136083.8300600
1785136083.8300600
1785136083.8300600
1785136083.8300600
1785136083.8300600
1785136083.8300600
1785136083.8300600
1785136083.8300600
1785136083.8300600
1785136083.8300600
1785136083.8300600
1785136083.8300600
1785136083.8300600
1785136083.8300600
1785136083.8300600
1785136083.8300600
1785136083.8300600
1785136083.8300600
1785136083.8300600
1785136083.8300600
1785136083.8300600
1785136083.8300600
1785136083.8300600
1785136083.8300600
1785136083.8300600
1785136083.8300600
1785136083.8300600
1785136083.8300600
1785136083.8300600
1785136083.8300600
1785136083.8302829
1785136083.8302829
1785136083.8302829
1785136083.8302829
1785136083.8302829
1785136083.8302829
1785136083.8302829
1785136083.8302829
1785136083.8302829
1785136083.8302829
1785136083.8302829
1785136083.8302829
1785136083.8302829
1785136083.8302829
1785136083.8302829
1785136083.8302829
1785136083.8302829
1785136083.8302829
1785136083.8302829
1785136083.8302829
1785136083.8302829
1785136083.8302829
1785136083.8302829
1785136083.8302829
1785136083.8302829
1785136083.8302829
1785136083.8302829
1785136083.8302829
1785136083.8302829
1785136083.8302829
1785136083.8302829
1785136083.8302829
1785136083.8302829
1785136083.8302829
1785136083.8302829
1785136083.8302829
1785136083.8302829
1785136083.8302829
1785136083.8302829
1785136083.8302829
1785136083.8302829
1785136083.8302829
1785136083.8302829
1785136083.8302829
1785136083.8302829
1785136083.8302829
1785136083.8302829
1785136083.8302829
1785136083.8302829
1785136083.8302829
1785136083.8305049
1785136083.8305049
1785136083.8305049
1785136083.8305049
1785136083.8305049
1785136083.8305049
1785136083.8305049
1785136083.8305049
1785136083.8305049
1785136083.8305049
1785136083.8305049
1785136083.8305049
1785136083.8305049
1785136083.8305049
1785136083.8305049
1785136083.8305049
1785136083.8305049
1785136083.8305049
1785136083.8305049
1785136083.8305049
1785136083.8305049
1785136083.8305049
1785136083.8305049
1785136083.8305049
1785136083.8305049
1785136083.8305049
1785136083.8305049
1785136083.8305049
1785136083.8305049
1785136083.8305049
1785136083.8305049
1785136083.8305049
1785136083.8305049
1785136083.8305049
1785136083.8305049
1785136083.8305049
1785136083.8305049
1785136083.8305049
1785136083.8305049
1785136083.8305049
1785136083.8305049
1785136083.8305049
1785136083.8305049
1785136083.8305049
1785136083.8305049
1785136083.8305049
1785136083.8305049
1785136083.8305049
1785136083.8305049
1785136083.8305049
1785136083.8307271
1785136083.8307271
1785136083.8307271
1785136083.8307271
1785136083.8307271
1785136083.8307271
1785136083.8307271
1785136083.8307271
1785136083.8307271
1785136083.8307271
1785136083.8307271
1785136083.8307271
1785136083.8307271
1785136083.8307271
1785136083.8307271
1785136083.8307271
1785136083.8307271
1785136083.8307271
1785136083.8307271
1785136083.8307271
1785136083.8307271
1785136083.8307271
1785136083.8307271
1785136083.8307271
1785136083.8307271
1785136083.8307271
1785136083.8307271
1785136083.8307271
1785136083.8307271
1785136083.8307271
1785136083.8307271
1785136083.8307271
1785136083.8307271
1785136083.8307271
1785136083.8307271
1785136083.8307271
1785136083.8307271
1785136083.8307271
1785136083.8307271
1785136083.8307271
1785136083.8307271
1785136083.8307271
1785136083.8307271
1785136083.8307271
1785136083.8307271
1785136083.8307271
1785136083.8307271
1785136083.8307271
1785136083.8307271
1785136083.8307271
1785136083.8309491
1785136083.8309491
1785136083.8309491
1785136083.8309491
1785136083.8309491
1785136083.8309491
1785136083.8309491
1785136083.8309491
1785136083.8309491
1785136083.8309491
1785136083.8309491
1785136083.8309491
1785136083.8309491
1785136083.8309491
1785136083.8309491
1785136083.8309491
1785136083.8309491
1785136083.8309491
1785136083.8309491
1785136083.8309491
1785136083.8309491
1785136083.8309491
1785136083.8309491
1785136083.8309491
1785136083.8309491
1785136083.8309491
1785136083.8309491
1785136083.8309491
1785136083.8309491
1785136083.8309491
1785136083.8309491
1785136083.8309491
1785136083.8309491
1785136083.8309491
1785136083.8309491
1785136083.8309491
1785136083.8309491
1785136083.8309491
1785136083.8309491
1785136083.8309491
1785136083.8309491
1785136083.8309491
1785136083.8309491
1785136083.8309491
1785136083.8309491
1785136083.8309491
1785136083.8309491
1785136083.8309491
1785136083.8309491
1785136083.8309491
1785136083.8311710
1785136083.8311710
1785136083.8311710
1785136083.8311710
1785136083.8311710
1785136083.8311710
1785136083.8311710
1785136083.8311710
1785136083.8311710
1785136083.8311710
1785136083.8311710
1785136083.8311710
1785136083.8311710
1785136083.8311710
1785136083.8311710
1785136083.8311710
1785136083.8311710
1785136083.8311710
1785136083.8311710
1785136083.8311710
1785136083.8311710
1785136083.8311710
1785136083.8311710
1785136083.8311710
1785136083.8311710
1785136083.8311710
1785136083.8311710
1785136083.8311710
1785136083.8311710
1785136083.8311710
1785136083.8311710
1785136083.8311710
1785136083.8311710
1785136083.8311710
1785136083.8311710
1785136083.8311710
1785136083.8311710
1785136083.8311710
1785136083.8311710
1785136083.8311710
1785136083.8311710
1785136083.8311710
1785136083.8311710
1785136083.8311710
1785136083.8311710
1785136083.8311710
1785136083.8311710
1785136083.8311710
1785136083.8311710
1785136083.8311710
1785136083.8313940
1785136083.8313940
1785136083.8313940
1785136083.8313940
1785136083.8313940
1785136083.8313940
1785136083.8313940
1785136083.8313940
1785136083.8313940
1785136083.8313940
1785136083.8313940
1785136083.8313940
1785136083.8313940
1785136083.8313940
1785136083.8313940
1785136083.8313940
1785136083.8313940
1785136083.8313940
1785136083.8313940
1785136083.8313940
1785136083.8313940
1785136083.8313940
1785136083.8313940
1785136083.8313940
1785136083.8313940
1785136083.8313940
1785136083.8313940
1785136083.8313940
1785136083.8313940
1785136083.8313940
1785136083.8313940
1785136083.8313940
1785136083.8313940
1785136083.8313940
1785136083.8313940
1785136083.8313940
1785136083.8313940
1785136083.8313940
1785136083.8313940
1785136083.8313940
1785136083.8313940
1785136083.8313940
1785136083.8313940
1785136083.8313940
1785136083.8313940
1785136083.8313940
1785136083.8313940
1785136083.8313940
1785136083.8313940
1785136083.8313940
1785136083.8316159
1785136083.8316159
1785136083.8316159
1785136083.8316159
1785136083.8316159
1785136083.8316159
1785136083.8316159
1785136083.8316159
1785136083.8316159
1785136083.8316159
1785136083.8316159
1785136083.8316159
1785136083.8316159
1785136083.8316159
1785136083.8316159
1785136083.8316159
1785136083.8316159
1785136083.8316159
1785136083.8316159
1785136083.8316159
1785136083.8316159
1785136083.8316159
1785136083.8316159
1785136083.8316159
1785136083.8316159
1785136083.8316159
1785136083.8316159
1785136083.8316159
1785136083.8316159
1785136083.8316159
1785136083.8316159
1785136083.8316159
1785136083.8316159
1785136083.8316159
1785136083.8316159
1785136083.8316159
1785136083.8316159
1785136083.8316159
1785136083.8316159
1785136083.8316159
1785136083.8316159
1785136083.8316159
1785136083.8316159
1785136083.8316159
1785136083.8316159
1785136083.8316159
1785136083.8316159
1785136083.8316159
1785136083.8316159
1785136083.8316159
1785136083.8318379
1785136083.8318379
1785136083.8318379
1785136083.8318379
1785136083.8318379
1785136083.8318379
1785136083.8318379
1785136083.8318379
1785136083.8318379
1785136083.8318379
1785136083.8318379
1785136083.8318379
1785136083.8318379
1785136083.8318379
1785136083.8318379
1785136083.8318379
1785136083.8318379
1785136083.8318379
1785136083.8318379
1785136083.8318379
1785136083.8318379
1785136083.8318379
1785136083.8318379
1785136083.8318379
1785136083.8318379
1785136083.8318379
1785136083.8318379
1785136083.8318379
1785136083.8318379
1785136083.8318379
1785136083.8318379
1785136083.8318379
1785136083.8318379
1785136083.8318379
1785136083.8318379
1785136083.8318379
1785136083.8318379
1785136083.8318379
1785136083.8318379
1785136083.8318379
1785136083.8318379
1785136083.8318379
1785136083.8318379
1785136083.8318379
1785136083.8318379
1785136083.8318379
1785136083.8318379
1785136083.8318379
1785136083.8318379
1785136083.8318379
1785136083.8318379
1785136083.8320601
1785136083.8320601
1785136083.8320601
1785136083.8320601
1785136083.8320601
1785136083.8320601
1785136083.8320601
1785136083.8320601
1785136083.8320601
1785136083.8320601
1785136083.8320601
1785136083.8320601
1785136083.8320601
1785136083.8320601
1785136083.8320601
1785136083.8320601
1785136083.8320601
1785136083.8320601
1785136083.8320601
1785136083.8320601
1785136083.8320601
1785136083.8320601
1785136083.8320601
1785136083.8320601
1785136083.8320601
1785136083.8320601
1785136083.8320601
1785136083.8320601
1785136083.8320601
1785136083.8320601
1785136083.8320601
1785136083.8320601
1785136083.8320601
1785136083.8320601
1785136083.8320601
1785136083.8320601
1785136083.8320601
1785136083.8320601
1785136083.8320601
1785136083.8320601
1785136083.8320601
1785136083.8320601
1785136083.8320601
1785136083.8320601
1785136083.8320601
1785136083.8320601
1785136083.8320601
1785136083.8320601
1785136083.8320601
1785136083.8320601
1785136083.8320601
1785136083.8322830
1785136083.8322830
1785136083.8322830
1785136083.8322830
1785136083.8322830
1785136083.8322830
1785136083.8322830
1785136083.8322830
1785136083.8322830
1785136083.8322830
1785136083.8322830
1785136083.8322830
1785136083.8322830
1785136083.8322830
1785136083.8322830
1785136083.8322830
1785136083.8322830
1785136083.8322830
1785136083.8322830
1785136083.8322830
1785136083.8322830
1785136083.8322830
1785136083.8322830
1785136083.8322830
1785136083.8322830
1785136083.8322830
1785136083.8322830
1785136083.8322830
1785136083.8322830
1785136083.8322830
1785136083.8322830
1785136083.8322830
1785136083.8322830
1785136083.8322830
1785136083.8322830
1785136083.8322830
1785136083.8322830
1785136083.8322830
1785136083.8322830
1785136083.8322830
1785136083.8322830
1785136083.8322830
1785136083.8322830
1785136083.8322830
1785136083.8322830
1785136083.8322830
1785136083.8322830
1785136083.8322830
1785136083.8322830
1785136083.8322830
1785136083.8322830
1785136083.8325050
1785136083.8325050
1785136083.8325050
1785136083.8325050
1785136083.8325050
1785136083.8325050
1785136083.8325050
1785136083.8325050
1785136083.8325050
1785136083.8325050
1785136083.8325050
1785136083.8325050
1785136083.8325050
1785136083.8325050
1785136083.8325050
1785136083.8325050
1785136083.8325050
1785136083.8325050
1785136083.8325050
1785136083.8325050
1785136083.8325050
1785136083.8325050
1785136083.8325050
1785136083.8325050
1785136083.8325050
1785136083.8325050
1785136083.8325050
1785136083.8325050
1785136083.8325050
1785136083.8325050
1785136083.8325050
1785136083.8325050
1785136083.8325050
1785136083.8325050
1785136083.8325050
1785136083.8325050
1785136083.8325050
1785136083.8325050
1785136083.8325050
1785136083.8325050
1785136083.8325050
1785136083.8325050
1785136083.8325050
1785136083.8325050
1785136083.8325050
1785136083.8325050
1785136083.8325050
1785136083.8325050
1785136083.8325050
1785136083.8325050
1785136083.8325050
1785136083.8327270
1785136083.8327270
1785136083.8327270
1785136083.8327270
1785136083.8327270
1785136083.8327270
1785136083.8327270
1785136083.8327270
1785136083.8327270
1785136083.8327270
1785136083.8327270
1785136083.8327270
1785136083.8327270
1785136083.8327270
1785136083.8327270
1785136083.8327270
1785136083.8327270
1785136083.8327270
1785136083.8327270
1785136083.8327270
1785136083.8327270
1785136083.8327270
1785136083.8327270
1785136083.8327270
1785136083.8327270
1785136083.8327270
1785136083.8327270
1785136083.8327270
1785136083.8327270
1785136083.8327270
1785136083.8327270
1785136083.8327270
1785136083.8327270
1785136083.8327270
1785136083.8327270
1785136083.8327270
1785136083.8327270
1785136083.8327270
1785136083.8327270
1785136083.8327270
1785136083.8327270
1785136083.8327270
1785136083.8327270
1785136083.8327270
1785136083.8327270
1785136083.8327270
1785136083.8327270
1785136083.8327270
1785136083.8327270
1785136083.8327270
1785136083.8327270
1785136083.8329489
1785136083.8329489
1785136083.8329489
1785136083.8329489
1785136083.8329489
1785136083.8329489
1785136083.8329489
1785136083.8329489
1785136083.8329489
1785136083.8329489
1785136083.8329489
1785136083.8329489
1785136083.8329489
1785136083.8329489
1785136083.8329489
1785136083.8329489
1785136083.8329489
1785136083.8329489
1785136083.8329489
1785136083.8329489
1785136083.8329489
1785136083.8329489
1785136083.8329489
1785136083.8329489
1785136083.8329489
1785136083.8329489
1785136083.8329489
1785136083.8329489
1785136083.8329489
1785136083.8329489
1785136083.8329489
1785136083.8329489
1785136083.8329489
1785136083.8329489
1785136083.8329489
1785136083.8329489
1785136083.8329489
1785136083.8329489
1785136083.8329489
1785136083.8329489
1785136083.8329489
1785136083.8329489
1785136083.8329489
1785136083.8329489
1785136083.8329489
1785136083.8329489
1785136083.8329489
1785136083.8329489
1785136083.8329489
1785136083.8329489
1785136083.8329489
1785136083.8331709
1785136083.8331709
1785136083.8331709
1785136083.8331709
1785136083.8331709
1785136083.8331709
1785136083.8331709
1785136083.8331709
1785136083.8331709
1785136083.8331709
1785136083.8331709
1785136083.8331709
1785136083.8331709
1785136083.8331709
1785136083.8331709
1785136083.8331709
1785136083.8331709
1785136083.8331709
1785136083.8331709
1785136083.8331709
1785136083.8331709
1785136083.8331709
1785136083.8331709
1785136083.8331709
1785136083.8331709
1785136083.8331709
1785136083.8331709
1785136083.8331709
1785136083.8331709
1785136083.8331709
1785136083.8331709
1785136083.8331709
1785136083.8331709
1785136083.8331709
1785136083.8331709
1785136083.8331709
1785136083.8331709
1785136083.8331709
1785136083.8331709
1785136083.8331709
1785136083.8331709
1785136083.8331709
1785136083.8331709
1785136083.8331709
1785136083.8331709
1785136083.8331709
1785136083.8331709
1785136083.8331709
1785136083.8331709
1785136083.8331709
1785136083.8331709
1785136083.8333941
1785136083.8333941
1785136083.8333941
1785136083.8333941
1785136083.8333941
1785136083.8333941
1785136083.8333941
1785136083.8333941
1785136083.8333941
1785136083.8333941
1785136083.8333941
1785136083.8333941
1785136083.8333941
1785136083.8333941
1785136083.8333941
1785136083.8333941
1785136083.8333941
1785136083.8333941
1785136083.8333941
1785136083.8333941
1785136083.8333941
1785136083.8333941
1785136083.8333941
1785136083.8333941
1785136083.8333941
1785136083.8333941
1785136083.8333941
1785136083.8333941
1785136083.8333941
1785136083.8333941
1785136083.8333941
1785136083.8333941
1785136083.8333941
1785136083.8333941
1785136083.8333941
1785136083.8333941
1785136083.8333941
1785136083.8333941
1785136083.8333941
1785136083.8333941
1785136083.8333941
1785136083.8333941
1785136083.8333941
1785136083.8333941
1785136083.8333941
1785136083.8333941
1785136083.8333941
1785136083.8333941
1785136083.8333941
1785136083.8333941
1785136083.8333941
1785136083.8336160
1785136083.8336160
1785136083.8336160
1785136083.8336160
1785136083.8336160
1785136083.8336160
1785136083.8336160
1785136083.8336160
1785136083.8336160
1785136083.8336160
1785136083.8336160
1785136083.8336160
1785136083.8336160
1785136083.8336160
1785136083.8336160
1785136083.8336160
1785136083.8336160
1785136083.8336160
1785136083.8336160
1785136083.8336160
1785136083.8336160
1785136083.8336160
1785136083.8336160
1785136083.8336160
1785136083.8336160
1785136083.8336160
1785136083.8336160
1785136083.8336160
1785136083.8336160
1785136083.8336160
1785136083.8336160
1785136083.8336160
1785136083.8336160
1785136083.8336160
1785136083.8336160
1785136083.8336160
1785136083.8336160
1785136083.8336160
1785136083.8336160
1785136083.8336160
1785136083.8336160
1785136083.8336160
1785136083.8336160
1785136083.8336160
1785136083.8336160
1785136083.8336160
1785136083.8336160
1785136083.8336160
1785136083.8336160
1785136083.8336160
1785136083.8336160
1785136083.8338380
1785136083.8338380
1785136083.8338380
1785136083.8338380
1785136083.8338380
1785136083.8338380
1785136083.8338380
1785136083.8338380
1785136083.8338380
1785136083.8338380
1785136083.8338380
1785136083.8338380
1785136083.8338380
1785136083.8338380
1785136083.8338380
1785136083.8338380
1785136083.8338380
1785136083.8338380
1785136083.8338380
1785136083.8338380
1785136083.8338380
1785136083.8338380
1785136083.8338380
1785136083.8338380
1785136083.8338380
1785136083.8338380
1785136083.8338380
1785136083.8338380
1785136083.8338380
1785136083.8338380
1785136083.8338380
1785136083.8338380
1785136083.8338380
1785136083.8338380
1785136083.8338380
1785136083.8338380
1785136083.8338380
1785136083.8338380
1785136083.8338380
1785136083.8338380
1785136083.8338380
1785136083.8338380
1785136083.8338380
1785136083.8338380
1785136083.8338380
1785136083.8338380
1785136083.8338380
1785136083.8338380
1785136083.8338380
1785136083.8338380
1785136083.8338380
1785136083.8338380
1785136083.8340600
1785136083.8340600
1785136083.8340600
1785136083.8340600
1785136083.8340600
1785136083.8340600
1785136083.8340600
1785136083.8340600
1785136083.8340600
1785136083.8340600
1785136083.8340600
1785136083.8340600
1785136083.8340600
1785136083.8340600
1785136083.8340600
1785136083.8340600
1785136083.8340600
1785136083.8340600
1785136083.8340600
1785136083.8340600
1785136083.8340600
1785136083.8340600
1785136083.8340600
1785136083.8340600
1785136083.8340600
1785136083.8340600
1785136083.8340600
1785136083.8340600
1785136083.8340600
1785136083.8340600
1785136083.8340600
1785136083.8340600
1785136083.8340600
1785136083.8340600
1785136083.8340600
1785136083.8340600
1785136083.8340600
1785136083.8340600
1785136083.8340600
1785136083.8340600
1785136083.8340600
1785136083.8340600
1785136083.8340600
1785136083.8340600
1785136083.8340600
1785136083.8340600
1785136083.8340600
1785136083.8340600
1785136083.8340600
1785136083.8340600
1785136083.8340600
1785136083.8340600
1785136083.8342819
1785136083.8342819
1785136083.8342819
1785136083.8342819
1785136083.8342819
1785136083.8342819
1785136083.8342819
1785136083.8342819
1785136083.8342819
1785136083.8342819
1785136083.8342819
1785136083.8342819
1785136083.8342819
1785136083.8342819
1785136083.8342819
1785136083.8342819
1785136083.8342819
1785136083.8342819
1785136083.8342819
1785136083.8342819
1785136083.8342819
1785136083.8342819
1785136083.8342819
1785136083.8342819
1785136083.8342819
1785136083.8342819
1785136083.8342819
1785136083.8342819
1785136083.8342819
1785136083.8342819
1785136083.8342819
1785136083.8342819
1785136083.8342819
1785136083.8342819
1785136083.8342819
1785136083.8342819
1785136083.8342819
1785136083.8342819
1785136083.8342819
1785136083.8342819
1785136083.8342819
1785136083.8342819
1785136083.8342819
1785136083.8342819
1785136083.8342819
1785136083.8342819
1785136083.8342819
1785136083.8342819
1785136083.8342819
1785136083.8342819
1785136083.8342819
1785136083.8342819
1785136083.8345051
1785136083.8345051
1785136083.8345051
1785136083.8345051
1785136083.8345051
1785136083.8345051
1785136083.8345051
1785136083.8345051
1785136083.8345051
1785136083.8345051
1785136083.8345051
1785136083.8345051
1785136083.8345051
1785136083.8345051
1785136083.8345051
1785136083.8345051
1785136083.8345051
1785136083.8345051
1785136083.8345051
1785136083.8345051
1785136083.8345051
1785136083.8345051
1785136083.8345051
1785136083.8345051
1785136083.8345051
1785136083.8345051
1785136083.8345051
1785136083.8345051
1785136083.8345051
1785136083.8345051
1785136083.8345051
1785136083.8345051
1785136083.8345051
1785136083.8345051
1785136083.8345051
1785136083.8345051
1785136083.8345051
1785136083.8345051
1785136083.8345051
1785136083.8345051
1785136083.8345051
1785136083.8345051
1785136083.8345051
1785136083.8345051
1785136083.8345051
1785136083.8345051
1785136083.8345051
1785136083.8345051
1785136083.8345051
1785136083.8345051
1785136083.8345051
1785136083.8345051
1785136083.8347270
1785136083.8347270
1785136083.8347270
1785136083.8347270
1785136083.8347270
1785136083.8347270
1785136083.8347270
1785136083.8347270
1785136083.8347270
1785136083.8347270
1785136083.8347270
1785136083.8347270
1785136083.8347270
1785136083.8347270
1785136083.8347270
1785136083.8347270
1785136083.8347270
1785136083.8347270
1785136083.8347270
1785136083.8347270
1785136083.8347270
1785136083.8347270
1785136083.8347270
1785136083.8347270
1785136083.8347270
1785136083.8347270
1785136083.8347270
1785136083.8347270
1785136083.8347270
1785136083.8347270
1785136083.8347270
1785136083.8347270
1785136083.8347270
1785136083.8347270
1785136083.8347270
1785136083.8347270
1785136083.8347270
1785136083.8347270
1785136083.8347270
1785136083.8347270
1785136083.8347270
1785136083.8347270
1785136083.8347270
1785136083.8347270
1785136083.8347270
1785136083.8347270
1785136083.8347270
1785136083.8347270
1785136083.8347270
1785136083.8347270
1785136083.8347270
1785136083.8347270
1785136083.8349490
1785136083.8349490
1785136083.8349490
1785136083.8349490
1785136083.8349490
1785136083.8349490
1785136083.8349490
1785136083.8349490
1785136083.8349490
1785136083.8349490
1785136083.8349490
1785136083.8349490
1785136083.8349490
1785136083.8349490
1785136083.8349490
1785136083.8349490
1785136083.8349490
1785136083.8349490
1785136083.8349490
1785136083.8349490
1785136083.8349490
1785136083.8349490
1785136083.8349490
1785136083.8349490
1785136083.8349490
1785136083.8349490
1785136083.8349490
1785136083.8349490
1785136083.8349490
1785136083.8349490
1785136083.8349490
1785136083.8349490
1785136083.8349490
1785136083.8349490
1785136083.8349490
1785136083.8349490
1785136083.8349490
1785136083.8349490
1785136083.8349490
1785136083.8349490
1785136083.8349490
1785136083.8349490
1785136083.8349490
1785136083.8349490
1785136083.8349490
1785136083.8349490
1785136083.8349490
1785136083.8349490
1785136083.8349490
1785136083.8349490
1785136083.8349490
1785136083.8349490
1785136083.8351710
1785136083.8351710
1785136083.8351710
1785136083.8351710
1785136083.8351710
1785136083.8351710
1785136083.8351710
1785136083.8351710
1785136083.8351710
1785136083.8351710
1785136083.8351710
1785136083.8351710
1785136083.8351710
1785136083.8351710
1785136083.8351710
1785136083.8351710
1785136083.8351710
1785136083.8351710
1785136083.8351710
1785136083.8351710
1785136083.8351710
1785136083.8351710
1785136083.8351710
1785136083.8351710
1785136083.8351710
1785136083.8351710
1785136083.8351710
1785136083.8351710
1785136083.8351710
1785136083.8351710
1785136083.8351710
1785136083.8351710
1785136083.8351710
1785136083.8351710
1785136083.8351710
1785136083.8351710
1785136083.8351710
1785136083.8351710
1785136083.8351710
1785136083.8351710
1785136083.8351710
1785136083.8351710
1785136083.8351710
1785136083.8351710
1785136083.8351710
1785136083.8351710
1785136083.8351710
1785136083.8351710
1785136083.8351710
1785136083.8351710
1785136083.8351710
1785136083.8351710
1785136083.8353939
1785136083.8353939
1785136083.8353939
1785136083.8353939
1785136083.8353939
1785136083.8353939
1785136083.8353939
1785136083.8353939
1785136083.8353939
1785136083.8353939
1785136083.8353939
1785136083.8353939
1785136083.8353939
1785136083.8353939
1785136083.8353939
1785136083.8353939
1785136083.8353939
1785136083.8353939
1785136083.8353939
1785136083.8353939
1785136083.8353939
1785136083.8353939
1785136083.8353939
1785136083.8353939
1785136083.8353939
1785136083.8353939
1785136083.8353939
1785136083.8353939
1785136083.8353939
1785136083.8353939
1785136083.8353939
1785136083.8353939
1785136083.8353939
1785136083.8353939
1785136083.8353939
1785136083.8353939
1785136083.8353939
1785136083.8353939
1785136083.8353939
1785136083.8353939
1785136083.8353939
1785136083.8353939
1785136083.8353939
1785136083.8353939
1785136083.8353939
1785136083.8353939
1785136083.8353939
1785136083.8353939
1785136083.8353939
1785136083.8353939
1785136083.8353939
1785136083.8353939
1785136083.8356161
1785136083.8356161
1785136083.8356161
1785136083.8356161
1785136083.8356161
1785136083.8356161
1785136083.8356161
1785136083.8356161
1785136083.8356161
1785136083.8356161
1785136083.8356161
1785136083.8356161
1785136083.8356161
1785136083.8356161
1785136083.8356161
1785136083.8356161
1785136083.8356161
1785136083.8356161
1785136083.8356161
1785136083.8356161
1785136083.8356161
1785136083.8356161
1785136083.8356161
1785136083.8356161
1785136083.8356161
1785136083.8356161
1785136083.8356161
1785136083.8356161
1785136083.8356161
1785136083.8356161
1785136083.8356161
1785136083.8356161
1785136083.8356161
1785136083.8356161
1785136083.8356161
1785136083.8356161
1785136083.8356161
1785136083.8356161
1785136083.8356161
1785136083.8356161
1785136083.8356161
1785136083.8356161
1785136083.8356161
1785136083.8356161
1785136083.8356161
1785136083.8356161
1785136083.8356161
1785136083.8356161
1785136083.8356161
1785136083.8356161
1785136083.8356161
1785136083.8356161
1785136083.8358381
1785136083.8358381
1785136083.8358381
1785136083.8358381
1785136083.8358381
1785136083.8358381
1785136083.8358381
1785136083.8358381
1785136083.8358381
1785136083.8358381
1785136083.8358381
1785136083.8358381
1785136083.8358381
1785136083.8358381
1785136083.8358381
1785136083.8358381
1785136083.8358381
1785136083.8358381
1785136083.8358381
1785136083.8358381
1785136083.8358381
1785136083.8358381
1785136083.8358381
1785136083.8358381
1785136083.8358381
1785136083.8358381
1785136083.8358381
1785136083.8358381
1785136083.8358381
1785136083.8358381
1785136083.8358381
1785136083.8358381
1785136083.8358381
1785136083.8358381
1785136083.8358381
1785136083.8358381
1785136083.8358381
1785136083.8358381
1785136083.8358381
1785136083.8358381
1785136083.8358381
1785136083.8358381
1785136083.8358381
1785136083.8358381
1785136083.8358381
1785136083.8358381
1785136083.8358381
1785136083.8358381
1785136083.8358381
1785136083.8358381
1785136083.8358381
1785136083.8358381
1785136083.8360600
1785136083.8360600
1785136083.8360600
1785136083.8360600
1785136083.8360600
1785136083.8360600
1785136083.8360600
1785136083.8360600
1785136083.8360600
1785136083.8360600
1785136083.8360600
1785136083.8360600
1785136083.8360600
1785136083.8360600
1785136083.8360600
1785136083.8360600
1785136083.8360600
1785136083.8360600
1785136083.8360600
1785136083.8360600
1785136083.8360600
1785136083.8360600
1785136083.8360600
1785136083.8360600
1785136083.8360600
1785136083.8360600
1785136083.8360600
1785136083.8360600
1785136083.8360600
1785136083.8360600
1785136083.8360600
1785136083.8360600
1785136083.8360600
1785136083.8360600
1785136083.8360600
1785136083.8360600
1785136083.8360600
1785136083.8360600
1785136083.8360600
1785136083.8360600
1785136083.8360600
1785136083.8360600
1785136083.8360600
1785136083.8360600
1785136083.8360600
1785136083.8360600
1785136083.8360600
1785136083.8360600
1785136083.8360600
1785136083.8360600
1785136083.8360600
1785136083.8360600
1785136083.8362830
1785136083.8362830
1785136083.8362830
1785136083.8362830
1785136083.8362830
1785136083.8362830
1785136083.8362830
1785136083.8362830
1785136083.8362830
1785136083.8362830
1785136083.8362830
1785136083.8362830
1785136083.8362830
1785136083.8362830
1785136083.8362830
1785136083.8362830
1785136083.8362830
1785136083.8362830
1785136083.8362830
1785136083.8362830
1785136083.8362830
1785136083.8362830
1785136083.8362830
1785136083.8362830
1785136083.8362830
1785136083.8362830
1785136083.8362830
1785136083.8362830
1785136083.8362830
1785136083.8362830
1785136083.8362830
1785136083.8362830
1785136083.8362830
1785136083.8362830
1785136083.8362830
1785136083.8362830
1785136083.8362830
1785136083.8362830
1785136083.8362830
1785136083.8362830
1785136083.8362830
1785136083.8362830
1785136083.8362830
1785136083.8362830
1785136083.8362830
1785136083.8362830
1785136083.8362830
1785136083.8362830
1785136083.8362830
1785136083.8362830
1785136083.8362830
1785136083.8362830
1785136083.8365049
1785136083.8365049
1785136083.8365049
1785136083.8365049
1785136083.8365049
1785136083.8365049
1785136083.8365049
1785136083.8365049
1785136083.8365049
1785136083.8365049
1785136083.8365049
1785136083.8365049
1785136083.8365049
1785136083.8365049
1785136083.8365049
1785136083.8365049
1785136083.8365049
1785136083.8365049
1785136083.8365049
1785136083.8365049
1785136083.8365049
1785136083.8365049
1785136083.8365049
1785136083.8365049
1785136083.8365049
1785136083.8365049
1785136083.8365049
1785136083.8365049
1785136083.8365049
1785136083.8365049
1785136083.8365049
1785136083.8365049
1785136083.8365049
1785136083.8365049
1785136083.8365049
1785136083.8365049
1785136083.8365049
1785136083.8365049
1785136083.8365049
1785136083.8365049
1785136083.8365049
1785136083.8365049
1785136083.8365049
1785136083.8365049
1785136083.8365049
1785136083.8365049
1785136083.8365049
1785136083.8365049
1785136083.8365049
1785136083.8365049
1785136083.8365049
1785136083.8365049
1785136083.8367269
1785136083.8367269
1785136083.8367269
1785136083.8367269
1785136083.8367269
1785136083.8367269
1785136083.8367269
1785136083.8367269
1785136083.8367269
1785136083.8367269
1785136083.8367269
1785136083.8367269
1785136083.8367269
1785136083.8367269
1785136083.8367269
1785136083.8367269
1785136083.8367269
1785136083.8367269
1785136083.8367269
1785136083.8367269
1785136083.8367269
1785136083.8367269
1785136083.8367269
1785136083.8367269
1785136083.8367269
1785136083.8367269
1785136083.8367269
1785136083.8367269
1785136083.8367269
1785136083.8367269
1785136083.8367269
1785136083.8367269
1785136083.8367269
1785136083.8367269
1785136083.8367269
1785136083.8367269
1785136083.8367269
1785136083.8367269
1785136083.8367269
1785136083.8367269
1785136083.8367269
1785136083.8367269
1785136083.8367269
1785136083.8367269
1785136083.8367269
1785136083.8367269
1785136083.8367269
1785136083.8367269
1785136083.8367269
1785136083.8367269
1785136083.8367269
1785136083.8367269
1785136083.8369491
1785136083.8369491
1785136083.8369491
1785136083.8369491
1785136083.8369491
1785136083.8369491
1785136083.8369491
1785136083.8369491
1785136083.8369491
1785136083.8369491
1785136083.8369491
1785136083.8369491
1785136083.8369491
1785136083.8369491
1785136083.8369491
1785136083.8369491
1785136083.8369491
1785136083.8369491
1785136083.8369491
1785136083.8369491
1785136083.8369491
1785136083.8369491
1785136083.8369491
1785136083.8369491
1785136083.8369491
1785136083.8369491
1785136083.8369491
1785136083.8369491
1785136083.8369491
1785136083.8369491
1785136083.8369491
1785136083.8369491
1785136083.8369491
1785136083.8369491
1785136083.8369491
1785136083.8369491
1785136083.8369491
1785136083.8369491
1785136083.8369491
1785136083.8369491
1785136083.8369491
1785136083.8369491
1785136083.8369491
1785136083.8369491
1785136083.8369491
1785136083.8369491
1785136083.8369491
1785136083.8369491
1785136083.8369491
1785136083.8369491
1785136083.8369491
1785136083.8369491
1785136083.8371711
1785136083.8371711
1785136083.8371711
1785136083.8371711
1785136083.8371711
1785136083.8371711
1785136083.8371711
1785136083.8371711
1785136083.8371711
1785136083.8371711
1785136083.8371711
1785136083.8371711
1785136083.8371711
1785136083.8371711
1785136083.8371711
1785136083.8371711
1785136083.8371711
1785136083.8371711
1785136083.8371711
1785136083.8371711
1785136083.8371711
1785136083.8371711
1785136083.8371711
1785136083.8371711
1785136083.8371711
1785136083.8371711
1785136083.8371711
1785136083.8371711
1785136083.8371711
1785136083.8371711
1785136083.8371711
1785136083.8371711
1785136083.8371711
1785136083.8371711
1785136083.8371711
1785136083.8371711
1785136083.8371711
1785136083.8371711
1785136083.8371711
1785136083.8371711
1785136083.8371711
1785136083.8371711
1785136083.8371711
1785136083.8371711
1785136083.8371711
1785136083.8371711
1785136083.8371711
1785136083.8371711
1785136083.8371711
1785136083.8371711
1785136083.8371711
1785136083.8371711
1785136083.8373940
1785136083.8373940
1785136083.8373940
1785136083.8373940
1785136083.8373940
1785136083.8373940
1785136083.8373940
1785136083.8373940
1785136083.8373940
1785136083.8373940
1785136083.8373940
1785136083.8373940
1785136083.8373940
1785136083.8373940
1785136083.8373940
1785136083.8373940
1785136083.8373940
1785136083.8373940
1785136083.8373940
1785136083.8373940
1785136083.8373940
1785136083.8373940
1785136083.8373940
1785136083.8373940
1785136083.8373940
1785136083.8373940
1785136083.8373940
1785136083.8373940
1785136083.8373940
1785136083.8373940
1785136083.8373940
1785136083.8373940
1785136083.8373940
1785136083.8373940
1785136083.8373940
1785136083.8373940
1785136083.8373940
1785136083.8373940
1785136083.8373940
1785136083.8373940
1785136083.8373940
1785136083.8373940
1785136083.8373940
1785136083.8373940
1785136083.8373940
1785136083.8373940
1785136083.8373940
1785136083.8373940
1785136083.8373940
1785136083.8373940
1785136083.8373940
1785136083.8373940
1785136083.8376160
1785136083.8376160
1785136083.8376160
1785136083.8376160
1785136083.8376160
1785136083.8376160
1785136083.8376160
1785136083.8376160
1785136083.8376160
1785136083.8376160
1785136083.8376160
1785136083.8376160
1785136083.8376160
1785136083.8376160
1785136083.8376160
1785136083.8376160
1785136083.8376160
1785136083.8376160
1785136083.8376160
1785136083.8376160
1785136083.8376160
1785136083.8376160
1785136083.8376160
1785136083.8376160
1785136083.8376160
1785136083.8376160
1785136083.8376160
1785136083.8376160
1785136083.8376160
1785136083.8376160
1785136083.8376160
1785136083.8376160
1785136083.8376160
1785136083.8376160
1785136083.8376160
1785136083.8376160
1785136083.8376160
1785136083.8376160
1785136083.8376160
1785136083.8376160
1785136083.8376160
1785136083.8376160
1785136083.8376160
1785136083.8376160
1785136083.8376160
1785136083.8376160
1785136083.8376160
1785136083.8376160
1785136083.8376160
1785136083.8376160
1785136083.8376160
1785136083.8376160
1785136083.8378379
1785136083.8378379
1785136083.8378379
1785136083.8378379
1785136083.8378379
1785136083.8378379
1785136083.8378379
1785136083.8378379
1785136083.8378379
1785136083.8378379
1785136083.8378379
1785136083.8378379
1785136083.8378379
1785136083.8378379
1785136083.8378379
1785136083.8378379
1785136083.8378379
1785136083.8378379
1785136083.8378379
1785136083.8378379
1785136083.8378379
1785136083.8378379
1785136083.8378379
1785136083.8378379
1785136083.8378379
1785136083.8378379
1785136083.8378379
1785136083.8378379
1785136083.8378379
1785136083.8378379
1785136083.8378379
1785136083.8378379
1785136083.8378379
1785136083.8378379
1785136083.8378379
1785136083.8378379
1785136083.8378379
1785136083.8378379
1785136083.8378379
1785136083.8378379
1785136083.8378379
1785136083.8378379
1785136083.8378379
1785136083.8378379
1785136083.8378379
1785136083.8378379
1785136083.8378379
1785136083.8378379
1785136083.8378379
1785136083.8378379
1785136083.8378379
1785136083.8378379
1785136083.8380599
1785136083.8380599
1785136083.8380599
1785136083.8380599
1785136083.8380599
1785136083.8380599
1785136083.8380599
1785136083.8380599
1785136083.8380599
1785136083.8380599
1785136083.8380599
1785136083.8380599
1785136083.8380599
1785136083.8380599
1785136083.8380599
1785136083.8380599
1785136083.8380599
1785136083.8380599
1785136083.8380599
1785136083.8380599
1785136083.8380599
1785136083.8380599
1785136083.8380599
1785136083.8380599
1785136083.8380599
1785136083.8380599
1785136083.8380599
1785136083.8380599
1785136083.8380599
1785136083.8380599
1785136083.8380599
1785136083.8380599
1785136083.8380599
1785136083.8380599
1785136083.8380599
1785136083.8380599
1785136083.8380599
1785136083.8380599
1785136083.8380599
1785136083.8380599
1785136083.8380599
1785136083.8380599
1785136083.8380599
1785136083.8380599
1785136083.8380599
1785136083.8380599
1785136083.8380599
1785136083.8380599
1785136083.8380599
1785136083.8380599
1785136083.8380599
1785136083.8380599
1785136083.8382821
1785136083.8382821
1785136083.8382821
1785136083.8382821
1785136083.8382821
1785136083.8382821
1785136083.8382821
1785136083.8382821
1785136083.8382821
1785136083.8382821
1785136083.8382821
1785136083.8382821
1785136083.8382821
1785136083.8382821
1785136083.8382821
1785136083.8382821
1785136083.8382821
1785136083.8382821
1785136083.8382821
1785136083.8382821
1785136083.8382821
1785136083.8382821
1785136083.8382821
1785136083.8382821
1785136083.8382821
1785136083.8382821
1785136083.8382821
1785136083.8382821
1785136083.8382821
1785136083.8382821
1785136083.8382821
1785136083.8382821
1785136083.8382821
1785136083.8382821
1785136083.8382821
1785136083.8382821
1785136083.8382821
1785136083.8382821
1785136083.8382821
1785136083.8382821
1785136083.8382821
1785136083.8382821
1785136083.8382821
1785136083.8382821
1785136083.8382821
1785136083.8382821
1785136083.8382821
1785136083.8382821
1785136083.8382821
1785136083.8382821
1785136083.8382821
1785136083.8382821
1785136083.8385050
1785136083.8385050
1785136083.8385050
1785136083.8385050
1785136083.8385050
1785136083.8385050
1785136083.8385050
1785136083.8385050
1785136083.8385050
1785136083.8385050
1785136083.8385050
1785136083.8385050
1785136083.8385050
1785136083.8385050
1785136083.8385050
1785136083.8385050
1785136083.8385050
1785136083.8385050
1785136083.8385050
1785136083.8385050
1785136083.8385050
1785136083.8385050
1785136083.8385050
1785136083.8385050
1785136083.8385050
1785136083.8385050
1785136083.8385050
1785136083.8385050
1785136083.8385050
1785136083.8385050
1785136083.8385050
1785136083.8385050
1785136083.8385050
1785136083.8385050
1785136083.8385050
1785136083.8385050
1785136083.8385050
1785136083.8385050
1785136083.8385050
1785136083.8385050
1785136083.8385050
1785136083.8385050
1785136083.8385050
1785136083.8385050
1785136083.8385050
1785136083.8385050
1785136083.8385050
1785136083.8385050
1785136083.8385050
1785136083.8385050
1785136083.8385050
1785136083.8385050
1785136083.8387270
1785136083.8387270
1785136083.8387270
1785136083.8387270
1785136083.8387270
1785136083.8387270
1785136083.8387270
1785136083.8387270
1785136083.8387270
1785136083.8387270
1785136083.8387270
1785136083.8387270
1785136083.8387270
1785136083.8387270
1785136083.8387270
1785136083.8387270
1785136083.8387270
1785136083.8387270
1785136083.8387270
1785136083.8387270
1785136083.8387270
1785136083.8387270
1785136083.8387270
1785136083.8387270
1785136083.8387270
1785136083.8387270
1785136083.8387270
1785136083.8387270
1785136083.8387270
1785136083.8387270
1785136083.8387270
1785136083.8387270
1785136083.8387270
1785136083.8387270
1785136083.8387270
1785136083.8387270
1785136083.8387270
1785136083.8387270
1785136083.8387270
1785136083.8387270
1785136083.8387270
1785136083.8387270
1785136083.8387270
1785136083.8387270
1785136083.8387270
1785136083.8387270
1785136083.8387270
1785136083.8387270
1785136083.8387270
1785136083.8387270
1785136083.8387270
1785136083.8387270
1785136083.8389490
1785136083.8389490
1785136083.8389490
1785136083.8389490
1785136083.8389490
1785136083.8389490
1785136083.8389490
1785136083.8389490
1785136083.8389490
1785136083.8389490
1785136083.8389490
1785136083.8389490
1785136083.8389490
1785136083.8389490
1785136083.8389490
1785136083.8389490
1785136083.8389490
1785136083.8389490
1785136083.8389490
1785136083.8389490
1785136083.8389490
1785136083.8389490
1785136083.8389490
1785136083.8389490
1785136083.8389490
1785136083.8389490
1785136083.8389490
1785136083.8389490
1785136083.8389490
1785136083.8389490
1785136083.8389490
1785136083.8389490
1785136083.8389490
1785136083.8389490
1785136083.8389490
1785136083.8389490
1785136083.8389490
1785136083.8389490
1785136083.8389490
1785136083.8389490
1785136083.8389490
1785136083.8389490
1785136083.8389490
1785136083.8389490
1785136083.8389490
1785136083.8389490
1785136083.8389490
1785136083.8389490
1785136083.8389490
1785136083.8389490
1785136083.8389490
1785136083.8389490
1785136083.8391709
1785136083.8391709
1785136083.8391709
1785136083.8391709
1785136083.8391709
1785136083.8391709
1785136083.8391709
1785136083.8391709
1785136083.8391709
1785136083.8391709
1785136083.8391709
1785136083.8391709
1785136083.8391709
1785136083.8391709
1785136083.8391709
1785136083.8391709
1785136083.8391709
1785136083.8391709
1785136083.8391709
1785136083.8391709
1785136083.8391709
1785136083.8391709
1785136083.8391709
1785136083.8391709
1785136083.8391709
1785136083.8391709
1785136083.8391709
1785136083.8391709
1785136083.8391709
1785136083.8391709
1785136083.8391709
1785136083.8391709
1785136083.8391709
1785136083.8391709
1785136083.8391709
1785136083.8391709
1785136083.8391709
1785136083.8391709
1785136083.8391709
1785136083.8391709
1785136083.8391709
1785136083.8391709
1785136083.8391709
1785136083.8391709
1785136083.8391709
1785136083.8391709
1785136083.8391709
1785136083.8391709
1785136083.8391709
1785136083.8391709
1785136083.8391709
1785136083.8391709
1785136083.8393929
1785136083.8393929
1785136083.8393929
1785136083.8393929
1785136083.8393929
1785136083.8393929
1785136083.8393929
1785136083.8393929
1785136083.8393929
1785136083.8393929
1785136083.8393929
1785136083.8393929
1785136083.8393929
1785136083.8393929
1785136083.8393929
1785136083.8393929
1785136083.8393929
1785136083.8393929
1785136083.8393929
1785136083.8393929
1785136083.8393929
1785136083.8393929
1785136083.8393929
1785136083.8393929
1785136083.8393929
1785136083.8393929
1785136083.8393929
1785136083.8393929
1785136083.8393929
1785136083.8393929
1785136083.8393929
1785136083.8393929
1785136083.8393929
1785136083.8393929
1785136083.8393929
1785136083.8393929
1785136083.8393929
1785136083.8393929
1785136083.8393929
1785136083.8393929
1785136083.8393929
1785136083.8393929
1785136083.8393929
1785136083.8393929
1785136083.8393929
1785136083.8393929
1785136083.8393929
1785136083.8393929
1785136083.8393929
1785136083.8393929
1785136083.8393929
1785136083.8393929
1785136083.8396161
1785136083.8396161
1785136083.8396161
1785136083.8396161
1785136083.8396161
1785136083.8396161
1785136083.8396161
1785136083.8396161
1785136083.8396161
1785136083.8396161
1785136083.8396161
1785136083.8396161
1785136083.8396161
1785136083.8396161
1785136083.8396161
1785136083.8396161
1785136083.8396161
1785136083.8396161
1785136083.8396161
1785136083.8396161
1785136083.8396161
1785136083.8396161
1785136083.8396161
1785136083.8396161
1785136083.8396161
1785136083.8396161
1785136083.8396161
1785136083.8396161
1785136083.8396161
1785136083.8396161
1785136083.8396161
1785136083.8396161
1785136083.8396161
1785136083.8396161
1785136083.8396161
1785136083.8396161
1785136083.8396161
1785136083.8396161
1785136083.8396161
1785136083.8396161
1785136083.8396161
1785136083.8396161
1785136083.8396161
1785136083.8396161
1785136083.8396161
1785136083.8396161
1785136083.8396161
1785136083.8396161
1785136083.8396161
1785136083.8396161
1785136083.8396161
1785136083.8396161
1785136083.8398380
1785136083.8398380
1785136083.8398380
1785136083.8398380
1785136083.8398380
1785136083.8398380
1785136083.8398380
1785136083.8398380
1785136083.8398380
1785136083.8398380
1785136083.8398380
1785136083.8398380
1785136083.8398380
1785136083.8398380
1785136083.8398380
1785136083.8398380
1785136083.8398380
1785136083.8398380
1785136083.8398380
1785136083.8398380
1785136083.8398380
1785136083.8398380
1785136083.8398380
1785136083.8398380
1785136083.8398380
1785136083.8398380
1785136083.8398380
1785136083.8398380
1785136083.8398380
1785136083.8398380
1785136083.8398380
1785136083.8398380
1785136083.8398380
1785136083.8398380
1785136083.8398380
1785136083.8398380
1785136083.8398380
1785136083.8398380
1785136083.8398380
1785136083.8398380
1785136083.8398380
1785136083.8398380
1785136083.8398380
1785136083.8398380
1785136083.8398380
1785136083.8398380
1785136083.8398380
1785136083.8398380
1785136083.8398380
1785136083.8398380
1785136083.8398380
1785136083.8398380
1785136083.8400600
1785136083.8400600
1785136083.8400600
1785136083.8400600
1785136083.8400600
1785136083.8400600
1785136083.8400600
1785136083.8400600
1785136083.8400600
1785136083.8400600
1785136083.8400600
1785136083.8400600
1785136083.8400600
1785136083.8400600
1785136083.8400600
1785136083.8400600
1785136083.8400600
1785136083.8400600
1785136083.8400600
1785136083.8400600
1785136083.8400600
1785136083.8400600
1785136083.8400600
1785136083.8400600
1785136083.8400600
1785136083.8400600
1785136083.8400600
1785136083.8400600
1785136083.8400600
1785136083.8400600
1785136083.8400600
1785136083.8400600
1785136083.8400600
1785136083.8400600
1785136083.8400600
1785136083.8400600
1785136083.8400600
1785136083.8400600
1785136083.8400600
1785136083.8400600
1785136083.8400600
1785136083.8400600
1785136083.8400600
1785136083.8400600
1785136083.8400600
1785136083.8400600
1785136083.8400600
1785136083.8400600
1785136083.8400600
1785136083.8400600
1785136083.8400600
1785136083.8400600
1785136083.8402820
1785136083.8402820
1785136083.8402820
1785136083.8402820
1785136083.8402820
1785136083.8402820
1785136083.8402820
1785136083.8402820
1785136083.8402820
1785136083.8402820
1785136083.8402820
1785136083.8402820
1785136083.8402820
1785136083.8402820
1785136083.8402820
1785136083.8402820
1785136083.8402820
1785136083.8402820
1785136083.8402820
1785136083.8402820
1785136083.8402820
1785136083.8402820
1785136083.8402820
1785136083.8402820
1785136083.8402820
1785136083.8402820
1785136083.8402820
1785136083.8402820
1785136083.8402820
1785136083.8402820
1785136083.8402820
1785136083.8402820
1785136083.8402820
1785136083.8402820
1785136083.8402820
1785136083.8402820
1785136083.8402820
1785136083.8402820
1785136083.8402820
1785136083.8402820
1785136083.8402820
1785136083.8402820
1785136083.8402820
1785136083.8402820
1785136083.8402820
1785136083.8402820
1785136083.8402820
1785136083.8402820
1785136083.8402820
1785136083.8402820
1785136083.8402820
1785136083.8402820
1785136083.8405039
1785136083.8405039
1785136083.8405039
1785136083.8405039
1785136083.8405039
1785136083.8405039
1785136083.8405039
1785136083.8405039
1785136083.8405039
1785136083.8405039
1785136083.8405039
1785136083.8405039
1785136083.8405039
1785136083.8405039
1785136083.8405039
1785136083.8405039
1785136083.8405039
1785136083.8405039
1785136083.8405039
1785136083.8405039
1785136083.8405039
1785136083.8405039
1785136083.8405039
1785136083.8405039
1785136083.8405039
1785136083.8405039
1785136083.8405039
1785136083.8405039
1785136083.8405039
1785136083.8405039
1785136083.8405039
1785136083.8405039
1785136083.8405039
1785136083.8405039
1785136083.8405039
1785136083.8405039
1785136083.8405039
1785136083.8405039
1785136083.8405039
1785136083.8405039
1785136083.8405039
1785136083.8405039
1785136083.8405039
1785136083.8405039
1785136083.8405039
1785136083.8405039
1785136083.8405039
1785136083.8405039
1785136083.8405039
1785136083.8405039
1785136083.8405039
1785136083.8405039
1785136083.8407271
1785136083.8407271
1785136083.8407271
1785136083.8407271
1785136083.8407271
1785136083.8407271
1785136083.8407271
1785136083.8407271
1785136083.8407271
1785136083.8407271
1785136083.8407271
1785136083.8407271
1785136083.8407271
1785136083.8407271
1785136083.8407271
1785136083.8407271
1785136083.8407271
1785136083.8407271
1785136083.8407271
1785136083.8407271
1785136083.8407271
1785136083.8407271
1785136083.8407271
1785136083.8407271
1785136083.8407271
1785136083.8407271
1785136083.8407271
1785136083.8407271
1785136083.8407271
1785136083.8407271
1785136083.8407271
1785136083.8407271
1785136083.8407271
1785136083.8407271
1785136083.8407271
1785136083.8407271
1785136083.8407271
1785136083.8407271
1785136083.8407271
1785136083.8407271
1785136083.8407271
1785136083.8407271
1785136083.8407271
1785136083.8407271
1785136083.8407271
1785136083.8407271
1785136083.8407271
1785136083.8407271
1785136083.8407271
1785136083.8407271
1785136083.8407271
1785136083.8407271
1785136083.8409491
1785136083.8409491
1785136083.8409491
1785136083.8409491
1785136083.8409491
1785136083.8409491
1785136083.8409491
1785136083.8409491
1785136083.8409491
1785136083.8409491
1785136083.8409491
1785136083.8409491
1785136083.8409491
1785136083.8409491
1785136083.8409491
1785136083.8409491
1785136083.8409491
1785136083.8409491
1785136083.8409491
1785136083.8409491
1785136083.8409491
1785136083.8409491
1785136083.8409491
1785136083.8409491
1785136083.8409491
1785136083.8409491
1785136083.8409491
1785136083.8409491
1785136083.8409491
1785136083.8409491
1785136083.8409491
1785136083.8409491
1785136083.8409491
1785136083.8409491
1785136083.8409491
1785136083.8409491
1785136083.8409491
1785136083.8409491
1785136083.8409491
1785136083.8409491
1785136083.8409491
1785136083.8409491
1785136083.8409491
1785136083.8409491
1785136083.8409491
1785136083.8409491
1785136083.8409491
1785136083.8409491
1785136083.8409491
1785136083.8409491
1785136083.8409491
1785136083.8409491
1785136083.8411710
1785136083.8411710
1785136083.8411710
1785136083.8411710
1785136083.8411710
1785136083.8411710
1785136083.8411710
1785136083.8411710
1785136083.8411710
1785136083.8411710
1785136083.8411710
1785136083.8411710
1785136083.8411710
1785136083.8411710
1785136083.8411710
1785136083.8411710
1785136083.8411710
1785136083.8411710
1785136083.8411710
1785136083.8411710
1785136083.8411710
1785136083.8411710
1785136083.8411710
1785136083.8411710
1785136083.8411710
1785136083.8411710
1785136083.8411710
1785136083.8411710
1785136083.8411710
1785136083.8411710
1785136083.8411710
1785136083.8411710
1785136083.8411710
1785136083.8411710
1785136083.8411710
1785136083.8411710
1785136083.8411710
1785136083.8411710
1785136083.8411710
1785136083.8411710
1785136083.8411710
1785136083.8411710
1785136083.8411710
1785136083.8411710
1785136083.8411710
1785136083.8411710
1785136083.8411710
1785136083.8411710
1785136083.8411710
1785136083.8411710
1785136083.8411710
1785136083.8411710
1785136083.8413930
1785136083.8413930
1785136083.8413930
1785136083.8413930
1785136083.8413930
1785136083.8413930
1785136083.8413930
1785136083.8413930
1785136083.8413930
1785136083.8413930
1785136083.8413930
1785136083.8413930
1785136083.8413930
1785136083.8413930
1785136083.8413930
1785136083.8413930
1785136083.8413930
1785136083.8413930
1785136083.8413930
1785136083.8413930
1785136083.8413930
1785136083.8413930
1785136083.8413930
1785136083.8413930
1785136083.8413930
1785136083.8413930
1785136083.8413930
1785136083.8413930
1785136083.8413930
1785136083.8413930
1785136083.8413930
1785136083.8413930
1785136083.8413930
1785136083.8413930
1785136083.8413930
1785136083.8413930
1785136083.8413930
1785136083.8413930
1785136083.8413930
1785136083.8413930
1785136083.8413930
1785136083.8413930
1785136083.8413930
1785136083.8413930
1785136083.8413930
1785136083.8413930
1785136083.8413930
1785136083.8413930
1785136083.8413930
1785136083.8413930
1785136083.8413930
1785136083.8413930
1785136083.8416150
1785136083.8416150
1785136083.8416150
1785136083.8416150
1785136083.8416150
1785136083.8416150
1785136083.8416150
1785136083.8416150
1785136083.8416150
1785136083.8416150
1785136083.8416150
1785136083.8416150
1785136083.8416150
1785136083.8416150
1785136083.8416150
1785136083.8416150
1785136083.8416150
1785136083.8416150
1785136083.8416150
1785136083.8416150
1785136083.8416150
1785136083.8416150
1785136083.8416150
1785136083.8416150
1785136083.8416150
1785136083.8416150
1785136083.8416150
1785136083.8416150
1785136083.8416150
1785136083.8416150
1785136083.8416150
1785136083.8416150
1785136083.8416150
1785136083.8416150
1785136083.8416150
1785136083.8416150
1785136083.8416150
1785136083.8416150
1785136083.8416150
1785136083.8416150
1785136083.8416150
1785136083.8416150
1785136083.8416150
1785136083.8416150
1785136083.8416150
1785136083.8416150
1785136083.8416150
1785136083.8416150
1785136083.8416150
1785136083.8416150
1785136083.8416150
1785136083.8416150
1785136083.8418379
1785136083.8418379
1785136083.8418379
1785136083.8418379
1785136083.8418379
1785136083.8418379
1785136083.8418379
1785136083.8418379
1785136083.8418379
1785136083.8418379
1785136083.8418379
1785136083.8418379
1785136083.8418379
1785136083.8418379
1785136083.8418379
1785136083.8418379
1785136083.8418379
1785136083.8418379
1785136083.8418379
1785136083.8418379
1785136083.8418379
1785136083.8418379
1785136083.8418379
1785136083.8418379
1785136083.8418379
1785136083.8418379
1785136083.8418379
1785136083.8418379
1785136083.8418379
1785136083.8418379
1785136083.8418379
1785136083.8418379
1785136083.8418379
1785136083.8418379
1785136083.8418379
1785136083.8418379
1785136083.8418379
1785136083.8418379
1785136083.8418379
1785136083.8418379
1785136083.8418379
1785136083.8418379
1785136083.8418379
1785136083.8418379
1785136083.8418379
1785136083.8418379
1785136083.8418379
1785136083.8418379
1785136083.8418379
1785136083.8418379
1785136083.8418379
1785136083.8418379
1785136083.8420601
1785136083.8420601
1785136083.8420601
1785136083.8420601
1785136083.8420601
1785136083.8420601
1785136083.8420601
1785136083.8420601
1785136083.8420601
1785136083.8420601
1785136083.8420601
1785136083.8420601
1785136083.8420601
1785136083.8420601
1785136083.8420601
1785136083.8420601
1785136083.8420601
1785136083.8420601
1785136083.8420601
1785136083.8420601
1785136083.8420601
1785136083.8420601
1785136083.8420601
1785136083.8420601
1785136083.8420601
1785136083.8420601
1785136083.8420601
1785136083.8420601
1785136083.8420601
1785136083.8420601
1785136083.8420601
1785136083.8420601
1785136083.8420601
1785136083.8420601
1785136083.8420601
1785136083.8420601
1785136083.8420601
1785136083.8420601
1785136083.8420601
1785136083.8420601
1785136083.8420601
1785136083.8420601
1785136083.8420601
1785136083.8420601
1785136083.8420601
1785136083.8420601
1785136083.8420601
1785136083.8420601
1785136083.8420601
1785136083.8420601
1785136083.8420601
1785136083.8420601
1785136083.8422821
1785136083.8422821
1785136083.8422821
1785136083.8422821
1785136083.8422821
1785136083.8422821
1785136083.8422821
1785136083.8422821
1785136083.8422821
1785136083.8422821
1785136083.8422821
1785136083.8422821
1785136083.8422821
1785136083.8422821
1785136083.8422821
1785136083.8422821
1785136083.8422821
1785136083.8422821
1785136083.8422821
1785136083.8422821
1785136083.8422821
1785136083.8422821
1785136083.8422821
1785136083.8422821
1785136083.8422821
1785136083.8422821
1785136083.8422821
1785136083.8422821
1785136083.8422821
1785136083.8422821
1785136083.8422821
1785136083.8422821
1785136083.8422821
1785136083.8422821
1785136083.8422821
1785136083.8422821
1785136083.8422821
1785136083.8422821
1785136083.8422821
1785136083.8422821
1785136083.8422821
1785136083.8422821
1785136083.8422821
1785136083.8422821
1785136083.8422821
1785136083.8422821
1785136083.8422821
1785136083.8422821
1785136083.8422821
1785136083.8422821
1785136083.8422821
1785136083.8422821
1785136083.8425040
1785136083.8425040
1785136083.8425040
1785136083.8425040
1785136083.8425040
1785136083.8425040
1785136083.8425040
1785136083.8425040
1785136083.8425040
1785136083.8425040
1785136083.8425040
1785136083.8425040
1785136083.8425040
1785136083.8425040
1785136083.8425040
1785136083.8425040
1785136083.8425040
1785136083.8425040
1785136083.8425040
1785136083.8425040
1785136083.8425040
1785136083.8425040
1785136083.8425040
1785136083.8425040
1785136083.8425040
1785136083.8425040
1785136083.8425040
1785136083.8425040
1785136083.8425040
1785136083.8425040
1785136083.8425040
1785136083.8425040
1785136083.8425040
1785136083.8425040
1785136083.8425040
1785136083.8425040
1785136083.8425040
1785136083.8425040
1785136083.8425040
1785136083.8425040
1785136083.8425040
1785136083.8425040
1785136083.8425040
1785136083.8425040
1785136083.8425040
1785136083.8425040
1785136083.8425040
1785136083.8425040
1785136083.8425040
1785136083.8425040
1785136083.8425040
1785136083.8425040
1785136083.8427260
1785136083.8427260
1785136083.8427260
1785136083.8427260
1785136083.8427260
1785136083.8427260
1785136083.8427260
1785136083.8427260
1785136083.8427260
1785136083.8427260
1785136083.8427260
1785136083.8427260
1785136083.8427260
1785136083.8427260
1785136083.8427260
1785136083.8427260
1785136083.8427260
1785136083.8427260
1785136083.8427260
1785136083.8427260
1785136083.8427260
1785136083.8427260
1785136083.8427260
1785136083.8427260
1785136083.8427260
1785136083.8427260
1785136083.8427260
1785136083.8427260
1785136083.8427260
1785136083.8427260
1785136083.8427260
1785136083.8427260
1785136083.8427260
1785136083.8427260
1785136083.8427260
1785136083.8427260
1785136083.8427260
1785136083.8427260
1785136083.8427260
1785136083.8427260
1785136083.8427260
1785136083.8427260
1785136083.8427260
1785136083.8427260
1785136083.8427260
1785136083.8427260
1785136083.8427260
1785136083.8427260
1785136083.8427260
1785136083.8427260
1785136083.8427260
1785136083.8429480
1785136083.8429480
1785136083.8429480
1785136083.8429480
1785136083.8429480
1785136083.8429480
1785136083.8429480
1785136083.8429480
1785136083.8429480
1785136083.8429480
1785136083.8429480
1785136083.8429480
1785136083.8429480
1785136083.8429480
1785136083.8429480
1785136083.8429480
1785136083.8429480
1785136083.8429480
1785136083.8429480
1785136083.8429480
1785136083.8429480
1785136083.8429480
1785136083.8429480
1785136083.8429480
1785136083.8429480
1785136083.8429480
1785136083.8429480
1785136083.8429480
1785136083.8429480
1785136083.8429480
1785136083.8429480
1785136083.8429480
1785136083.8429480
1785136083.8429480
1785136083.8429480
1785136083.8429480
1785136083.8429480
1785136083.8429480
1785136083.8429480
1785136083.8429480
1785136083.8429480
1785136083.8429480
1785136083.8429480
1785136083.8429480
1785136083.8429480
1785136083.8429480
1785136083.8429480
1785136083.8429480
1785136083.8429480
1785136083.8429480
1785136083.8429480
1785136083.8431709
1785136083.8431709
1785136083.8431709
1785136083.8431709
1785136083.8431709
1785136083.8431709
1785136083.8431709
1785136083.8431709
1785136083.8431709
1785136083.8431709
1785136083.8431709
1785136083.8431709
1785136083.8431709
1785136083.8431709
1785136083.8431709
1785136083.8431709
1785136083.8431709
1785136083.8431709
1785136083.8431709
1785136083.8431709
1785136083.8431709
1785136083.8431709
1785136083.8431709
1785136083.8431709
1785136083.8431709
1785136083.8431709
1785136083.8431709
1785136083.8431709
1785136083.8431709
1785136083.8431709
1785136083.8431709
1785136083.8431709
1785136083.8431709
1785136083.8431709
1785136083.8431709
1785136083.8431709
1785136083.8431709
1785136083.8431709
1785136083.8431709
1785136083.8431709
1785136083.8431709
1785136083.8431709
1785136083.8431709
1785136083.8431709
1785136083.8431709
1785136083.8431709
1785136083.8431709
1785136083.8431709
1785136083.8431709
1785136083.8431709
1785136083.8431709
1785136083.8433931
1785136083.8433931
1785136083.8433931
1785136083.8433931
1785136083.8433931
1785136083.8433931
1785136083.8433931
1785136083.8433931
1785136083.8433931
1785136083.8433931
1785136083.8433931
1785136083.8433931
1785136083.8433931
1785136083.8433931
1785136083.8433931
1785136083.8433931
1785136083.8433931
1785136083.8433931
1785136083.8433931
1785136083.8433931
1785136083.8433931
1785136083.8433931
1785136083.8433931
1785136083.8433931
1785136083.8433931
1785136083.8433931
1785136083.8433931
1785136083.8433931
1785136083.8433931
1785136083.8433931
1785136083.8433931
1785136083.8433931
1785136083.8433931
1785136083.8433931
1785136083.8433931
1785136083.8433931
1785136083.8433931
1785136083.8433931
1785136083.8433931
1785136083.8433931
1785136083.8433931
1785136083.8433931
1785136083.8433931
1785136083.8433931
1785136083.8433931
1785136083.8433931
1785136083.8433931
1785136083.8433931
1785136083.8433931
1785136083.8433931
1785136083.8433931
1785136083.8436151
1785136083.8436151
1785136083.8436151
1785136083.8436151
1785136083.8436151
1785136083.8436151
1785136083.8436151
1785136083.8436151
1785136083.8436151
1785136083.8436151
1785136083.8436151
1785136083.8436151
1785136083.8436151
1785136083.8436151
1785136083.8436151
1785136083.8436151
1785136083.8436151
1785136083.8436151
1785136083.8436151
1785136083.8436151
1785136083.8436151
1785136083.8436151
1785136083.8436151
1785136083.8436151
1785136083.8436151
1785136083.8436151
1785136083.8436151
1785136083.8436151
1785136083.8436151
1785136083.8436151
1785136083.8436151
1785136083.8436151
1785136083.8436151
1785136083.8436151
1785136083.8436151
1785136083.8436151
1785136083.8436151
1785136083.8436151
1785136083.8436151
1785136083.8436151
1785136083.8436151
1785136083.8436151
1785136083.8436151
1785136083.8436151
1785136083.8436151
1785136083.8436151
1785136083.8436151
1785136083.8436151
1785136083.8436151
1785136083.8436151
1785136083.8436151
1785136083.8438370
1785136083.8438370
1785136083.8438370
1785136083.8438370
1785136083.8438370
1785136083.8438370
1785136083.8438370
1785136083.8438370
1785136083.8438370
1785136083.8438370
1785136083.8438370
1785136083.8438370
1785136083.8438370
1785136083.8438370
1785136083.8438370
1785136083.8438370
1785136083.8438370
1785136083.8438370
1785136083.8438370
1785136083.8438370
1785136083.8438370
1785136083.8438370
1785136083.8438370
1785136083.8438370
1785136083.8438370
1785136083.8438370
1785136083.8438370
1785136083.8438370
1785136083.8438370
1785136083.8438370
1785136083.8438370
1785136083.8438370
1785136083.8438370
1785136083.8438370
1785136083.8438370
1785136083.8438370
1785136083.8438370
1785136083.8438370
1785136083.8438370
1785136083.8438370
1785136083.8438370
1785136083.8438370
1785136083.8438370
1785136083.8438370
1785136083.8438370
1785136083.8438370
1785136083.8438370
1785136083.8438370
1785136083.8438370
1785136083.8438370
1785136083.8438370
1785136083.8440590
1785136083.8440590
1785136083.8440590
1785136083.8440590
1785136083.8440590
1785136083.8440590
1785136083.8440590
1785136083.8440590
1785136083.8440590
1785136083.8440590
1785136083.8440590
1785136083.8440590
1785136083.8440590
1785136083.8440590
1785136083.8440590
1785136083.8440590
1785136083.8440590
1785136083.8440590
1785136083.8440590
1785136083.8440590
1785136083.8440590
1785136083.8440590
1785136083.8440590
1785136083.8440590
1785136083.8440590
1785136083.8440590
1785136083.8440590
1785136083.8440590
1785136083.8440590
1785136083.8440590
1785136083.8440590
1785136083.8440590
1785136083.8440590
1785136083.8440590
1785136083.8440590
1785136083.8440590
1785136083.8440590
1785136083.8440590
1785136083.8440590
1785136083.8440590
1785136083.8440590
1785136083.8440590
1785136083.8440590
1785136083.8440590
1785136083.8440590
1785136083.8440590
1785136083.8440590
1785136083.8440590
1785136083.8440590
1785136083.8440590
1785136083.8440590
1785136083.8442819
1785136083.8442819
1785136083.8442819
1785136083.8442819
1785136083.8442819
1785136083.8442819
1785136083.8442819
1785136083.8442819
1785136083.8442819
1785136083.8442819
1785136083.8442819
1785136083.8442819
1785136083.8442819
1785136083.8442819
1785136083.8442819
1785136083.8442819
1785136083.8442819
1785136083.8442819
1785136083.8442819
1785136083.8442819
1785136083.8442819
1785136083.8442819
1785136083.8442819
1785136083.8442819
1785136083.8442819
1785136083.8442819
1785136083.8442819
1785136083.8442819
1785136083.8442819
1785136083.8442819
1785136083.8442819
1785136083.8442819
1785136083.8442819
1785136083.8442819
1785136083.8442819
1785136083.8442819
1785136083.8442819
1785136083.8442819
1785136083.8442819
1785136083.8442819
1785136083.8442819
1785136083.8442819
1785136083.8442819
1785136083.8442819
1785136083.8442819
1785136083.8442819
1785136083.8442819
1785136083.8442819
1785136083.8442819
1785136083.8442819
1785136083.8442819
1785136083.8445041
1785136083.8445041
1785136083.8445041
1785136083.8445041
1785136083.8445041
1785136083.8445041
1785136083.8445041
1785136083.8445041
1785136083.8445041
1785136083.8445041
1785136083.8445041
1785136083.8445041
1785136083.8445041
1785136083.8445041
1785136083.8445041
1785136083.8445041
1785136083.8445041
1785136083.8445041
1785136083.8445041
1785136083.8445041
1785136083.8445041
1785136083.8445041
1785136083.8445041
1785136083.8445041
1785136083.8445041
1785136083.8445041
1785136083.8445041
1785136083.8445041
1785136083.8445041
1785136083.8445041
1785136083.8445041
1785136083.8445041
1785136083.8445041
1785136083.8445041
1785136083.8445041
1785136083.8445041
1785136083.8445041
1785136083.8445041
1785136083.8445041
1785136083.8445041
1785136083.8445041
1785136083.8445041
1785136083.8445041
1785136083.8445041
1785136083.8445041
1785136083.8445041
1785136083.8445041
1785136083.8445041
1785136083.8445041
1785136083.8445041
1785136083.8445041
1785136083.8447261
1785136083.8447261
1785136083.8447261
1785136083.8447261
1785136083.8447261
1785136083.8447261
1785136083.8447261
1785136083.8447261
1785136083.8447261
1785136083.8447261
1785136083.8447261
1785136083.8447261
1785136083.8447261
1785136083.8447261
1785136083.8447261
1785136083.8447261
1785136083.8447261
1785136083.8447261
1785136083.8447261
1785136083.8447261
1785136083.8447261
1785136083.8447261
1785136083.8447261
1785136083.8447261
1785136083.8447261
1785136083.8447261
1785136083.8447261
1785136083.8447261
1785136083.8447261
1785136083.8447261
1785136083.8447261
1785136083.8447261
1785136083.8447261
1785136083.8447261
1785136083.8447261
1785136083.8447261
1785136083.8447261
1785136083.8447261
1785136083.8447261
1785136083.8447261
1785136083.8447261
1785136083.8447261
1785136083.8447261
1785136083.8447261
1785136083.8447261
1785136083.8447261
1785136083.8447261
1785136083.8447261
1785136083.8447261
1785136083.8447261
1785136083.8449481
1785136083.8449481
1785136083.8449481
1785136083.8449481
1785136083.8449481
1785136083.8449481
1785136083.8449481
1785136083.8449481
1785136083.8449481
1785136083.8449481
1785136083.8449481
1785136083.8449481
1785136083.8449481
1785136083.8449481
1785136083.8449481
1785136083.8449481
1785136083.8449481
1785136083.8449481
1785136083.8449481
1785136083.8449481
1785136083.8449481
1785136083.8449481
1785136083.8449481
1785136083.8449481
1785136083.8449481
1785136083.8449481
1785136083.8449481
1785136083.8449481
1785136083.8449481
1785136083.8449481
1785136083.8449481
1785136083.8449481
1785136083.8449481
1785136083.8449481
1785136083.8449481
1785136083.8449481
1785136083.8449481
1785136083.8449481
1785136083.8449481
1785136083.8449481
1785136083.8449481
1785136083.8449481
1785136083.8449481
1785136083.8449481
1785136083.8449481
1785136083.8449481
1785136083.8449481
1785136083.8449481
1785136083.8449481
1785136083.8449481
1785136083.8451700
1785136083.8451700
1785136083.8451700
1785136083.8451700
1785136083.8451700
1785136083.8451700
1785136083.8451700
1785136083.8451700
1785136083.8451700
1785136083.8451700
1785136083.8451700
1785136083.8451700
1785136083.8451700
1785136083.8451700
1785136083.8451700
1785136083.8451700
1785136083.8451700
1785136083.8451700
1785136083.8451700
1785136083.8451700
1785136083.8451700
1785136083.8451700
1785136083.8451700
1785136083.8451700
1785136083.8451700
1785136083.8451700
1785136083.8451700
1785136083.8451700
1785136083.8451700
1785136083.8451700
1785136083.8451700
1785136083.8451700
1785136083.8451700
1785136083.8451700
1785136083.8451700
1785136083.8451700
1785136083.8451700
1785136083.8451700
1785136083.8451700
1785136083.8451700
1785136083.8451700
1785136083.8451700
1785136083.8451700
1785136083.8451700
1785136083.8451700
1785136083.8451700
1785136083.8451700
1785136083.8451700
1785136083.8451700
1785136083.8451700
1785136083.8453920
1785136083.8453920
1785136083.8453920
1785136083.8453920
1785136083.8453920
1785136083.8453920
1785136083.8453920
1785136083.8453920
1785136083.8453920
1785136083.8453920
1785136083.8453920
1785136083.8453920
1785136083.8453920
1785136083.8453920
1785136083.8453920
1785136083.8453920
1785136083.8453920
1785136083.8453920
1785136083.8453920
1785136083.8453920
1785136083.8453920
1785136083.8453920
1785136083.8453920
1785136083.8453920
1785136083.8453920
1785136083.8453920
1785136083.8453920
1785136083.8453920
1785136083.8453920
1785136083.8453920
1785136083.8453920
1785136083.8453920
1785136083.8453920
1785136083.8453920
1785136083.8453920
1785136083.8453920
1785136083.8453920
1785136083.8453920
1785136083.8453920
1785136083.8453920
1785136083.8453920
1785136083.8453920
1785136083.8453920
1785136083.8453920
1785136083.8453920
1785136083.8453920
1785136083.8453920
1785136083.8453920
1785136083.8453920
1785136083.8453920
1785136083.8456149
1785136083.8456149
1785136083.8456149
1785136083.8456149
1785136083.8456149
1785136083.8456149
1785136083.8456149
1785136083.8456149
1785136083.8456149
1785136083.8456149
1785136083.8456149
1785136083.8456149
1785136083.8456149
1785136083.8456149
1785136083.8456149
1785136083.8456149
1785136083.8456149
1785136083.8456149
1785136083.8456149
1785136083.8456149
1785136083.8456149
1785136083.8456149
1785136083.8456149
1785136083.8456149
1785136083.8456149
1785136083.8456149
1785136083.8456149
1785136083.8456149
1785136083.8456149
1785136083.8456149
1785136083.8456149
1785136083.8456149
1785136083.8456149
1785136083.8456149
1785136083.8456149
1785136083.8456149
1785136083.8456149
1785136083.8456149
1785136083.8456149
1785136083.8456149
1785136083.8456149
1785136083.8456149
1785136083.8456149
1785136083.8456149
1785136083.8456149
1785136083.8456149
1785136083.8456149
1785136083.8456149
1785136083.8456149
1785136083.8456149
1785136083.8458371
1785136083.8458371
1785136083.8458371
1785136083.8458371
1785136083.8458371
1785136083.8458371
1785136083.8458371
1785136083.8458371
1785136083.8458371
1785136083.8458371
1785136083.8458371
1785136083.8458371
1785136083.8458371
1785136083.8458371
1785136083.8458371
1785136083.8458371
1785136083.8458371
1785136083.8458371
1785136083.8458371
1785136083.8458371
1785136083.8458371
1785136083.8458371
1785136083.8458371
1785136083.8458371
1785136083.8458371
1785136083.8458371
1785136083.8458371
1785136083.8458371
1785136083.8458371
1785136083.8458371
1785136083.8458371
1785136083.8458371
1785136083.8458371
1785136083.8458371
1785136083.8458371
1785136083.8458371
1785136083.8458371
1785136083.8458371
1785136083.8458371
1785136083.8458371
1785136083.8458371
1785136083.8458371
1785136083.8458371
1785136083.8458371
1785136083.8458371
1785136083.8458371
1785136083.8458371
1785136083.8458371
1785136083.8458371
1785136083.8458371
1785136083.8460591
1785136083.8460591
1785136083.8460591
1785136083.8460591
1785136083.8460591
1785136083.8460591
1785136083.8460591
1785136083.8460591
1785136083.8460591
1785136083.8460591
1785136083.8460591
1785136083.8460591
1785136083.8460591
1785136083.8460591
1785136083.8460591
1785136083.8460591
1785136083.8460591
1785136083.8460591
1785136083.8460591
1785136083.8460591
1785136083.8460591
1785136083.8460591
1785136083.8460591
1785136083.8460591
1785136083.8460591
1785136083.8460591
1785136083.8460591
1785136083.8460591
1785136083.8460591
1785136083.8460591
1785136083.8460591
1785136083.8460591
1785136083.8460591
1785136083.8460591
1785136083.8460591
1785136083.8460591
1785136083.8460591
1785136083.8460591
1785136083.8460591
1785136083.8460591
1785136083.8460591
1785136083.8460591
1785136083.8460591
1785136083.8460591
1785136083.8460591
1785136083.8460591
1785136083.8460591
1785136083.8460591
1785136083.8460591
1785136083.8460591
1785136083.8462811
1785136083.8462811
1785136083.8462811
1785136083.8462811
1785136083.8462811
1785136083.8462811
1785136083.8462811
1785136083.8462811
1785136083.8462811
1785136083.8462811
1785136083.8462811
1785136083.8462811
1785136083.8462811
1785136083.8462811
1785136083.8462811
1785136083.8462811
1785136083.8462811
1785136083.8462811
1785136083.8462811
1785136083.8462811
1785136083.8462811
1785136083.8462811
1785136083.8462811
1785136083.8462811
1785136083.8462811
1785136083.8462811
1785136083.8462811
1785136083.8462811
1785136083.8462811
1785136083.8462811
1785136083.8462811
1785136083.8462811
1785136083.8462811
1785136083.8462811
1785136083.8462811
1785136083.8462811
1785136083.8462811
1785136083.8462811
1785136083.8462811
1785136083.8462811
1785136083.8462811
1785136083.8462811
1785136083.8462811
1785136083.8462811
1785136083.8462811
1785136083.8462811
1785136083.8462811
1785136083.8462811
1785136083.8462811
1785136083.8462811
1785136083.8465030
1785136083.8465030
1785136083.8465030
1785136083.8465030
1785136083.8465030
1785136083.8465030
1785136083.8465030
1785136083.8465030
1785136083.8465030
1785136083.8465030
1785136083.8465030
1785136083.8465030
1785136083.8465030
1785136083.8465030
1785136083.8465030
1785136083.8465030
1785136083.8465030
1785136083.8465030
1785136083.8465030
1785136083.8465030
1785136083.8465030
1785136083.8465030
1785136083.8465030
1785136083.8465030
1785136083.8465030
1785136083.8465030
1785136083.8465030
1785136083.8465030
1785136083.8465030
1785136083.8465030
1785136083.8465030
1785136083.8465030
1785136083.8465030
1785136083.8465030
1785136083.8465030
1785136083.8465030
1785136083.8465030
1785136083.8465030
1785136083.8465030
1785136083.8465030
1785136083.8465030
1785136083.8465030
1785136083.8465030
1785136083.8465030
1785136083.8465030
1785136083.8465030
1785136083.8465030
1785136083.8465030
1785136083.8465030
1785136083.8467259
1785136083.8467259
1785136083.8467259
1785136083.8467259
1785136083.8467259
1785136083.8467259
1785136083.8467259
1785136083.8467259
1785136083.8467259
1785136083.8467259
1785136083.8467259
1785136083.8467259
1785136083.8467259
1785136083.8467259
1785136083.8467259
1785136083.8467259
1785136083.8467259
1785136083.8467259
1785136083.8467259
1785136083.8467259
1785136083.8467259
1785136083.8467259
1785136083.8467259
1785136083.8467259
1785136083.8467259
1785136083.8467259
1785136083.8467259
1785136083.8467259
1785136083.8467259
1785136083.8467259
1785136083.8467259
1785136083.8467259
1785136083.8467259
1785136083.8467259
1785136083.8467259
1785136083.8467259
1785136083.8467259
1785136083.8467259
1785136083.8467259
1785136083.8467259
1785136083.8467259
1785136083.8467259
1785136083.8467259
1785136083.8467259
1785136083.8467259
1785136083.8467259
1785136083.8467259
1785136083.8467259
1785136083.8467259
1785136083.8469479
1785136083.8469479
1785136083.8469479
1785136083.8469479
1785136083.8469479
1785136083.8469479
1785136083.8469479
1785136083.8469479
1785136083.8469479
1785136083.8469479
1785136083.8469479
1785136083.8469479
1785136083.8469479
1785136083.8469479
1785136083.8469479
1785136083.8469479
1785136083.8469479
1785136083.8469479
1785136083.8469479
1785136083.8469479
1785136083.8469479
1785136083.8469479
1785136083.8469479
1785136083.8469479
1785136083.8469479
1785136083.8469479
1785136083.8469479
1785136083.8469479
1785136083.8469479
1785136083.8469479
1785136083.8469479
1785136083.8469479
1785136083.8469479
1785136083.8469479
1785136083.8469479
1785136083.8469479
1785136083.8469479
1785136083.8469479
1785136083.8469479
1785136083.8469479
1785136083.8469479
1785136083.8469479
1785136083.8469479
1785136083.8469479
1785136083.8469479
1785136083.8469479
1785136083.8469479
1785136083.8469479
1785136083.8469479
1785136083.8471701
1785136083.8471701
1785136083.8471701
1785136083.8471701
1785136083.8471701
1785136083.8471701
1785136083.8471701
1785136083.8471701
1785136083.8471701
1785136083.8471701
1785136083.8471701
1785136083.8471701
1785136083.8471701
1785136083.8471701
1785136083.8471701
1785136083.8471701
1785136083.8471701
1785136083.8471701
1785136083.8471701
1785136083.8471701
1785136083.8471701
1785136083.8471701
1785136083.8471701
1785136083.8471701
1785136083.8471701
1785136083.8471701
1785136083.8471701
1785136083.8471701
1785136083.8471701
1785136083.8471701
1785136083.8471701
1785136083.8471701
1785136083.8471701
1785136083.8471701
1785136083.8471701
1785136083.8471701
1785136083.8471701
1785136083.8471701
1785136083.8471701
1785136083.8471701
1785136083.8471701
1785136083.8471701
1785136083.8471701
1785136083.8471701
1785136083.8471701
1785136083.8471701
1785136083.8471701
1785136083.8471701
1785136083.8471701
1785136083.8473921
1785136083.8473921
1785136083.8473921
1785136083.8473921
1785136083.8473921
1785136083.8473921
1785136083.8473921
1785136083.8473921
1785136083.8473921
1785136083.8473921
1785136083.8473921
1785136083.8473921
1785136083.8473921
1785136083.8473921
1785136083.8473921
1785136083.8473921
1785136083.8473921
1785136083.8473921
1785136083.8473921
1785136083.8473921
1785136083.8473921
1785136083.8473921
1785136083.8473921
1785136083.8473921
1785136083.8473921
1785136083.8473921
1785136083.8473921
1785136083.8473921
1785136083.8473921
1785136083.8473921
1785136083.8473921
1785136083.8473921
1785136083.8473921
1785136083.8473921
1785136083.8473921
1785136083.8473921
1785136083.8473921
1785136083.8473921
1785136083.8473921
1785136083.8473921
1785136083.8473921
1785136083.8473921
1785136083.8473921
1785136083.8473921
1785136083.8473921
1785136083.8473921
1785136083.8473921
1785136083.8473921
1785136083.8473921
1785136083.8476140
1785136083.8476140
1785136083.8476140
1785136083.8476140
1785136083.8476140
1785136083.8476140
1785136083.8476140
1785136083.8476140
1785136083.8476140
1785136083.8476140
1785136083.8476140
1785136083.8476140
1785136083.8476140
1785136083.8476140
1785136083.8476140
1785136083.8476140
1785136083.8476140
1785136083.8476140
1785136083.8476140
1785136083.8476140
1785136083.8476140
1785136083.8476140
1785136083.8476140
1785136083.8476140
1785136083.8476140
1785136083.8476140
1785136083.8476140
1785136083.8476140
1785136083.8476140
1785136083.8476140
1785136083.8476140
1785136083.8476140
1785136083.8476140
1785136083.8476140
1785136083.8476140
1785136083.8476140
1785136083.8476140
1785136083.8476140
1785136083.8476140
1785136083.8476140
1785136083.8476140
1785136083.8476140
1785136083.8476140
1785136083.8476140
1785136083.8476140
1785136083.8476140
1785136083.8476140
1785136083.8476140
1785136083.8478370
1785136083.8478370
1785136083.8478370
1785136083.8478370
1785136083.8478370
1785136083.8478370
1785136083.8478370
1785136083.8478370
1785136083.8478370
1785136083.8478370
1785136083.8478370
1785136083.8478370
1785136083.8478370
1785136083.8478370
1785136083.8478370
1785136083.8478370
1785136083.8478370
1785136083.8478370
1785136083.8478370
1785136083.8478370
1785136083.8478370
1785136083.8478370
1785136083.8478370
1785136083.8478370
1785136083.8478370
1785136083.8478370
1785136083.8478370
1785136083.8478370
1785136083.8478370
1785136083.8478370
1785136083.8478370
1785136083.8478370
1785136083.8478370
1785136083.8478370
1785136083.8478370
1785136083.8478370
1785136083.8478370
1785136083.8478370
1785136083.8478370
1785136083.8478370
1785136083.8478370
1785136083.8478370
1785136083.8478370
1785136083.8478370
1785136083.8478370
1785136083.8478370
1785136083.8478370
1785136083.8478370
1785136083.8480589
1785136083.8480589
1785136083.8480589
1785136083.8480589
1785136083.8480589
1785136083.8480589
1785136083.8480589
1785136083.8480589
1785136083.8480589
1785136083.8480589
1785136083.8480589
1785136083.8480589
1785136083.8480589
1785136083.8480589
1785136083.8480589
1785136083.8480589
1785136083.8480589
1785136083.8480589
1785136083.8480589
1785136083.8480589
1785136083.8480589
1785136083.8480589
1785136083.8480589
1785136083.8480589
1785136083.8480589
1785136083.8480589
1785136083.8480589
1785136083.8480589
1785136083.8480589
1785136083.8480589
1785136083.8480589
1785136083.8480589
1785136083.8480589
1785136083.8480589
1785136083.8480589
1785136083.8480589
1785136083.8480589
1785136083.8480589
1785136083.8480589
1785136083.8480589
1785136083.8480589
1785136083.8480589
1785136083.8480589
1785136083.8480589
1785136083.8480589
1785136083.8480589
1785136083.8480589
1785136083.8480589
1785136083.8482809
1785136083.8482809
1785136083.8482809
1785136083.8482809
1785136083.8482809
1785136083.8482809
1785136083.8482809
1785136083.8482809
1785136083.8482809
1785136083.8482809
1785136083.8482809
1785136083.8482809
1785136083.8482809
1785136083.8482809
1785136083.8482809
1785136083.8482809
1785136083.8482809
1785136083.8482809
1785136083.8482809
1785136083.8482809
1785136083.8482809
1785136083.8482809
1785136083.8482809
1785136083.8482809
1785136083.8482809
1785136083.8482809
1785136083.8482809
1785136083.8482809
1785136083.8482809
1785136083.8482809
1785136083.8482809
1785136083.8482809
1785136083.8482809
1785136083.8482809
1785136083.8482809
1785136083.8482809
1785136083.8482809
1785136083.8482809
1785136083.8482809
1785136083.8482809
1785136083.8482809
1785136083.8482809
1785136083.8482809
1785136083.8482809
1785136083.8482809
1785136083.8482809
1785136083.8482809
1785136083.8482809
1785136083.8485031
1785136083.8485031
1785136083.8485031
1785136083.8485031
1785136083.8485031
1785136083.8485031
1785136083.8485031
1785136083.8485031
1785136083.8485031
1785136083.8485031
1785136083.8485031
1785136083.8485031
1785136083.8485031
1785136083.8485031
1785136083.8485031
1785136083.8485031
1785136083.8485031
1785136083.8485031
1785136083.8485031
1785136083.8485031
1785136083.8485031
1785136083.8485031
1785136083.8485031
1785136083.8485031
1785136083.8485031
1785136083.8485031
1785136083.8485031
1785136083.8485031
1785136083.8485031
1785136083.8485031
1785136083.8485031
1785136083.8485031
1785136083.8485031
1785136083.8485031
1785136083.8485031
1785136083.8485031
1785136083.8485031
1785136083.8485031
1785136083.8485031
1785136083.8485031
1785136083.8485031
1785136083.8485031
1785136083.8485031
1785136083.8485031
1785136083.8485031
1785136083.8485031
1785136083.8485031
1785136083.8485031
1785136083.8487251
1785136083.8487251
1785136083.8487251
1785136083.8487251
1785136083.8487251
1785136083.8487251
1785136083.8487251
1785136083.8487251
1785136083.8487251
1785136083.8487251
1785136083.8487251
1785136083.8487251
1785136083.8487251
1785136083.8487251
1785136083.8487251
1785136083.8487251
1785136083.8487251
1785136083.8487251
1785136083.8487251
1785136083.8487251
1785136083.8487251
1785136083.8487251
1785136083.8487251
1785136083.8487251
1785136083.8487251
1785136083.8487251
1785136083.8487251
1785136083.8487251
1785136083.8487251
1785136083.8487251
1785136083.8487251
1785136083.8487251
1785136083.8487251
1785136083.8487251
1785136083.8487251
1785136083.8487251
1785136083.8487251
1785136083.8487251
1785136083.8487251
1785136083.8487251
1785136083.8487251
1785136083.8487251
1785136083.8487251
1785136083.8487251
1785136083.8487251
1785136083.8487251
1785136083.8487251
1785136083.8487251
1785136083.8489470
1785136083.8489470
1785136083.8489470
1785136083.8489470
1785136083.8489470
1785136083.8489470
1785136083.8489470
1785136083.8489470
1785136083.8489470
1785136083.8489470
1785136083.8489470
1785136083.8489470
1785136083.8489470
1785136083.8489470
1785136083.8489470
1785136083.8489470
1785136083.8489470
1785136083.8489470
1785136083.8489470
1785136083.8489470
1785136083.8489470
1785136083.8489470
1785136083.8489470
1785136083.8489470
1785136083.8489470
1785136083.8489470
1785136083.8489470
1785136083.8489470
1785136083.8489470
1785136083.8489470
1785136083.8489470
1785136083.8489470
1785136083.8489470
1785136083.8489470
1785136083.8489470
1785136083.8489470
1785136083.8489470
1785136083.8489470
1785136083.8489470
1785136083.8489470
1785136083.8489470
1785136083.8489470
1785136083.8489470
1785136083.8489470
1785136083.8489470
1785136083.8489470
1785136083.8489470
1785136083.8489470
1785136083.8491690
1785136083.8491690
1785136083.8491690
1785136083.8491690
1785136083.8491690
1785136083.8491690
1785136083.8491690
1785136083.8491690
1785136083.8491690
1785136083.8491690
1785136083.8491690
1785136083.8491690
1785136083.8491690
1785136083.8491690
1785136083.8491690
1785136083.8491690
1785136083.8491690
1785136083.8491690
1785136083.8491690
1785136083.8491690
1785136083.8491690
1785136083.8491690
1785136083.8491690
1785136083.8491690
1785136083.8491690
1785136083.8491690
1785136083.8491690
1785136083.8491690
1785136083.8491690
1785136083.8491690
1785136083.8491690
1785136083.8491690
1785136083.8491690
1785136083.8491690
1785136083.8491690
1785136083.8491690
1785136083.8491690
1785136083.8491690
1785136083.8491690
1785136083.8491690
1785136083.8491690
1785136083.8491690
1785136083.8491690
1785136083.8491690
1785136083.8491690
1785136083.8491690
1785136083.8491690
1785136083.8491690
1785136083.8493910
1785136083.8493910
1785136083.8493910
1785136083.8493910
1785136083.8493910
1785136083.8493910
1785136083.8493910
1785136083.8493910
1785136083.8493910
1785136083.8493910
1785136083.8493910
1785136083.8493910
1785136083.8493910
1785136083.8493910
1785136083.8493910
1785136083.8493910
1785136083.8493910
1785136083.8493910
1785136083.8493910
1785136083.8493910
1785136083.8493910
1785136083.8493910
1785136083.8493910
1785136083.8493910
1785136083.8493910
1785136083.8493910
1785136083.8493910
1785136083.8493910
1785136083.8493910
1785136083.8493910
1785136083.8493910
1785136083.8493910
1785136083.8493910
1785136083.8493910
1785136083.8493910
1785136083.8493910
1785136083.8493910
1785136083.8493910
1785136083.8493910
1785136083.8493910
1785136083.8493910
1785136083.8493910
1785136083.8493910
1785136083.8493910
1785136083.8493910
1785136083.8493910
1785136083.8493910
1785136083.8493910
1785136083.8493910
1785136083.8496139
1785136083.8496139
1785136083.8496139
1785136083.8496139
1785136083.8496139
1785136083.8496139
1785136083.8496139
1785136083.8496139
1785136083.8496139
1785136083.8496139
1785136083.8496139
1785136083.8496139
1785136083.8496139
1785136083.8496139
1785136083.8496139
1785136083.8496139
1785136083.8496139
1785136083.8496139
1785136083.8496139
1785136083.8496139
1785136083.8496139
1785136083.8496139
1785136083.8496139
1785136083.8496139
1785136083.8496139
1785136083.8496139
1785136083.8496139
1785136083.8496139
1785136083.8496139
1785136083.8496139
1785136083.8496139
1785136083.8496139
1785136083.8496139
1785136083.8496139
1785136083.8496139
1785136083.8496139
1785136083.8496139
1785136083.8496139
1785136083.8496139
1785136083.8496139
1785136083.8496139
1785136083.8496139
1785136083.8496139
1785136083.8496139
1785136083.8496139
1785136083.8496139
1785136083.8496139
1785136083.8496139
1785136083.8496139
1785136083.8498361
1785136083.8498361
1785136083.8498361
1785136083.8498361
1785136083.8498361
1785136083.8498361
1785136083.8498361
1785136083.8498361
1785136083.8498361
1785136083.8498361
1785136083.8498361
1785136083.8498361
1785136083.8498361
1785136083.8498361
1785136083.8498361
1785136083.8498361
1785136083.8498361
1785136083.8498361
1785136083.8498361
1785136083.8498361
1785136083.8498361
1785136083.8498361
1785136083.8498361
1785136083.8498361
1785136083.8498361
1785136083.8498361
1785136083.8498361
1785136083.8498361
1785136083.8498361
1785136083.8498361
1785136083.8498361
1785136083.8498361
1785136083.8498361
1785136083.8498361
1785136083.8498361
1785136083.8498361
1785136083.8498361
1785136083.8498361
1785136083.8498361
1785136083.8498361
1785136083.8498361
1785136083.8498361
1785136083.8498361
1785136083.8498361
1785136083.8498361
1785136083.8498361
1785136083.8498361
1785136083.8498361
1785136083.8498361
1785136083.8498361
1785136083.8498361
1785136083.8498361
1785136083.8500581
1785136083.8500581
1785136083.8500581
1785136083.8500581
1785136083.8500581
1785136083.8500581
1785136083.8500581
1785136083.8500581
1785136083.8500581
1785136083.8500581
1785136083.8500581
1785136083.8500581
1785136083.8500581
1785136083.8500581
1785136083.8500581
1785136083.8500581
1785136083.8500581
1785136083.8500581
1785136083.8500581
1785136083.8500581
1785136083.8500581
1785136083.8500581
1785136083.8500581
1785136083.8500581
1785136083.8500581
1785136083.8500581
1785136083.8500581
1785136083.8500581
1785136083.8500581
1785136083.8500581
1785136083.8500581
1785136083.8500581
1785136083.8500581
1785136083.8500581
1785136083.8500581
1785136083.8500581
1785136083.8500581
1785136083.8500581
1785136083.8500581
1785136083.8500581
1785136083.8500581
1785136083.8500581
1785136083.8500581
1785136083.8500581
1785136083.8500581
1785136083.8500581
1785136083.8500581
1785136083.8500581
1785136083.8500581
1785136083.8500581
1785136083.8502800
1785136083.8502800
1785136083.8502800
1785136083.8502800
1785136083.8502800
1785136083.8502800
1785136083.8502800
1785136083.8502800
1785136083.8502800
1785136083.8502800
1785136083.8502800
1785136083.8502800
1785136083.8502800
1785136083.8502800
1785136083.8502800
1785136083.8502800
1785136083.8502800
1785136083.8502800
1785136083.8502800
1785136083.8502800
1785136083.8502800
1785136083.8502800
1785136083.8502800
1785136083.8502800
1785136083.8502800
1785136083.8502800
1785136083.8502800
1785136083.8502800
1785136083.8502800
1785136083.8502800
1785136083.8502800
1785136083.8502800
1785136083.8502800
1785136083.8502800
1785136083.8502800
1785136083.8502800
1785136083.8502800
1785136083.8502800
1785136083.8502800
1785136083.8502800
1785136083.8502800
1785136083.8502800
1785136083.8502800
1785136083.8502800
1785136083.8502800
1785136083.8502800
1785136083.8502800
1785136083.8502800
1785136083.8502800
1785136083.8502800
1785136083.8505020
1785136083.8505020
1785136083.8505020
1785136083.8505020
1785136083.8505020
1785136083.8505020
1785136083.8505020
1785136083.8505020
1785136083.8505020
1785136083.8505020
1785136083.8505020
1785136083.8505020
1785136083.8505020
1785136083.8505020
1785136083.8505020
1785136083.8505020
1785136083.8505020
1785136083.8505020
1785136083.8505020
1785136083.8505020
1785136083.8505020
1785136083.8505020
1785136083.8505020
1785136083.8505020
1785136083.8505020
1785136083.8505020
1785136083.8505020
1785136083.8505020
1785136083.8505020
1785136083.8505020
1785136083.8505020
1785136083.8505020
1785136083.8505020
1785136083.8505020
1785136083.8505020
1785136083.8505020
1785136083.8505020
1785136083.8505020
1785136083.8505020
1785136083.8505020
1785136083.8505020
1785136083.8505020
1785136083.8505020
1785136083.8505020
1785136083.8505020
1785136083.8507249
1785136083.8507249
1785136083.8507249
1785136083.8507249
1785136083.8507249
1785136083.8507249
1785136083.8507249
1785136083.8507249
1785136083.8507249
1785136083.8507249
1785136083.8507249
1785136083.8507249
1785136083.8507249
1785136083.8507249
1785136083.8507249
1785136083.8507249
1785136083.8507249
1785136083.8507249
1785136083.8507249
1785136083.8507249
1785136083.8507249
1785136083.8507249
1785136083.8507249
1785136083.8507249
1785136083.8507249
1785136083.8507249
1785136083.8507249
1785136083.8507249
1785136083.8507249
1785136083.8507249
1785136083.8507249
1785136083.8507249
1785136083.8507249
1785136083.8507249
1785136083.8507249
1785136083.8507249
1785136083.8507249
1785136083.8507249
1785136083.8507249
1785136083.8507249
1785136083.8507249
1785136083.8507249
1785136083.8509469
1785136083.8509469
1785136083.8509469
1785136083.8509469
1785136083.8509469
1785136083.8509469
1785136083.8509469
1785136083.8509469
1785136083.8509469
1785136083.8509469
1785136083.8509469
1785136083.8509469
1785136083.8509469
1785136083.8509469
1785136083.8509469
1785136083.8509469
1785136083.8509469
1785136083.8509469
1785136083.8509469
1785136083.8509469
1785136083.8509469
1785136083.8509469
1785136083.8509469
1785136083.8509469
1785136083.8509469
1785136083.8509469
1785136083.8509469
1785136083.8509469
1785136083.8509469
1785136083.8509469
1785136083.8509469
1785136083.8509469
1785136083.8509469
1785136083.8509469
1785136083.8509469
1785136083.8509469
1785136083.8509469
1785136083.8509469
1785136083.8509469
1785136083.8509469
1785136083.8509469
1785136083.8509469
1785136083.8509469
1785136083.8511691
1785136083.8511691
1785136083.8511691
1785136083.8511691
1785136083.8511691
1785136083.8511691
1785136083.8511691
1785136083.8511691
1785136083.8511691
1785136083.8511691
1785136083.8511691
1785136083.8511691
1785136083.8511691
1785136083.8511691
1785136083.8511691
1785136083.8511691
1785136083.8511691
1785136083.8511691
1785136083.8511691
1785136083.8511691
1785136083.8511691
1785136083.8511691
1785136083.8511691
1785136083.8511691
1785136083.8511691
1785136083.8511691
1785136083.8511691
1785136083.8511691
1785136083.8511691
1785136083.8511691
1785136083.8511691
1785136083.8511691
1785136083.8511691
1785136083.8511691
1785136083.8511691
1785136083.8511691
1785136083.8511691
1785136083.8511691
1785136083.8511691
1785136083.8511691
1785136083.8511691
1785136083.8511691
1785136083.8511691
1785136083.8513911
1785136083.8513911
1785136083.8513911
1785136083.8513911
1785136083.8513911
1785136083.8513911
1785136083.8513911
1785136083.8513911
1785136083.8513911
1785136083.8513911
1785136083.8513911
1785136083.8513911
1785136083.8513911
1785136083.8513911
1785136083.8513911
1785136083.8513911
1785136083.8513911
1785136083.8513911
1785136083.8513911
1785136083.8513911
1785136083.8513911
1785136083.8513911
1785136083.8513911
1785136083.8513911
1785136083.8513911
1785136083.8513911
1785136083.8513911
1785136083.8513911
1785136083.8513911
1785136083.8513911
1785136083.8513911
1785136083.8513911
1785136083.8513911
1785136083.8513911
1785136083.8513911
1785136083.8513911
1785136083.8513911
1785136083.8513911
1785136083.8513911
1785136083.8513911
1785136083.8513911
1785136083.8513911
1785136083.8513911
1785136083.8513911
1785136083.8513911
1785136083.8516130
1785136083.8516130
1785136083.8516130
1785136083.8516130
1785136083.8516130
1785136083.8516130
1785136083.8516130
1785136083.8516130
1785136083.8516130
1785136083.8516130
1785136083.8516130
1785136083.8516130
1785136083.8516130
1785136083.8516130
1785136083.8516130
1785136083.8516130
1785136083.8516130
1785136083.8516130
1785136083.8516130
1785136083.8516130
1785136083.8516130
1785136083.8516130
1785136083.8516130
1785136083.8516130
1785136083.8516130
1785136083.8516130
1785136083.8516130
1785136083.8516130
1785136083.8516130
1785136083.8516130
1785136083.8516130
1785136083.8516130
1785136083.8516130
1785136083.8516130
1785136083.8516130
1785136083.8516130
1785136083.8516130
1785136083.8516130
1785136083.8516130
1785136083.8516130
1785136083.8516130
1785136083.8516130
1785136083.8516130
1785136083.8516130
1785136083.8516130
1785136083.8518360
1785136083.8518360
1785136083.8518360
1785136083.8518360
1785136083.8518360
1785136083.8518360
1785136083.8518360
1785136083.8518360
1785136083.8518360
1785136083.8518360
1785136083.8518360
1785136083.8518360
1785136083.8518360
1785136083.8518360
1785136083.8518360
1785136083.8518360
1785136083.8518360
1785136083.8518360
1785136083.8518360
1785136083.8518360
1785136083.8518360
1785136083.8518360
1785136083.8518360
1785136083.8518360
1785136083.8518360
1785136083.8518360
1785136083.8518360
1785136083.8518360
1785136083.8518360
1785136083.8518360
1785136083.8518360
1785136083.8518360
1785136083.8518360
1785136083.8518360
1785136083.8518360
1785136083.8518360
1785136083.8518360
1785136083.8518360
1785136083.8518360
1785136083.8518360
1785136083.8518360
1785136083.8518360
1785136083.8518360
1785136083.8518360
1785136083.8518360
1785136083.8520579
1785136083.8520579
1785136083.8520579
1785136083.8520579
1785136083.8520579
1785136083.8520579
1785136083.8520579
1785136083.8520579
1785136083.8520579
1785136083.8520579
1785136083.8520579
1785136083.8520579
1785136083.8520579
1785136083.8520579
1785136083.8520579
1785136083.8520579
1785136083.8520579
1785136083.8520579
1785136083.8520579
1785136083.8520579
1785136083.8520579
1785136083.8520579
1785136083.8520579
1785136083.8520579
1785136083.8520579
1785136083.8520579
1785136083.8520579
1785136083.8520579
1785136083.8520579
1785136083.8520579
1785136083.8520579
1785136083.8520579
1785136083.8520579
1785136083.8520579
1785136083.8520579
1785136083.8520579
1785136083.8520579
1785136083.8520579
1785136083.8520579
1785136083.8520579
1785136083.8520579
1785136083.8520579
1785136083.8520579
1785136083.8520579
1785136083.8520579
1785136083.8522799
1785136083.8522799
1785136083.8522799
1785136083.8522799
1785136083.8522799
1785136083.8522799
1785136083.8522799
1785136083.8522799
1785136083.8522799
1785136083.8522799
1785136083.8522799
1785136083.8522799
1785136083.8522799
1785136083.8522799
1785136083.8522799
1785136083.8522799
1785136083.8522799
1785136083.8522799
1785136083.8522799
1785136083.8522799
1785136083.8522799
1785136083.8522799
1785136083.8522799
1785136083.8522799
1785136083.8522799
1785136083.8522799
1785136083.8522799
1785136083.8522799
1785136083.8522799
1785136083.8522799
1785136083.8522799
1785136083.8522799
1785136083.8522799
1785136083.8522799
1785136083.8522799
1785136083.8522799
1785136083.8522799
1785136083.8522799
1785136083.8522799
1785136083.8522799
1785136083.8522799
1785136083.8522799
1785136083.8522799
1785136083.8522799
1785136083.8522799
1785136083.8525021
1785136083.8525021
1785136083.8525021
1785136083.8525021
1785136083.8525021
1785136083.8525021
1785136083.8525021
1785136083.8525021
1785136083.8525021
1785136083.8525021
1785136083.8525021
1785136083.8525021
1785136083.8525021
1785136083.8525021
1785136083.8525021
1785136083.8525021
1785136083.8525021
1785136083.8525021
1785136083.8525021
1785136083.8525021
1785136083.8525021
1785136083.8525021
1785136083.8525021
1785136083.8525021
1785136083.8525021
1785136083.8525021
1785136083.8525021
1785136083.8525021
1785136083.8525021
1785136083.8525021
1785136083.8525021
1785136083.8525021
1785136083.8525021
1785136083.8525021
1785136083.8525021
1785136083.8525021
1785136083.8525021
1785136083.8525021
1785136083.8525021
1785136083.8525021
1785136083.8525021
1785136083.8525021
1785136083.8525021
1785136083.8525021
1785136083.8525021
1785136083.8525021
1785136083.8525021
1785136083.8525021
1785136083.8525021
1785136083.8525021
1785136083.8527241
1785136083.8527241
1785136083.8527241
1785136083.8527241
1785136083.8527241
1785136083.8527241
1785136083.8527241
1785136083.8527241
1785136083.8527241
1785136083.8527241
1785136083.8527241
1785136083.8527241
1785136083.8527241
1785136083.8527241
1785136083.8527241
1785136083.8527241
1785136083.8527241
1785136083.8527241
1785136083.8527241
1785136083.8527241
1785136083.8527241
1785136083.8527241
1785136083.8527241
1785136083.8527241
1785136083.8527241
1785136083.8527241
1785136083.8527241
1785136083.8527241
1785136083.8527241
1785136083.8527241
1785136083.8527241
1785136083.8527241
1785136083.8527241
1785136083.8527241
1785136083.8527241
1785136083.8527241
1785136083.8527241
1785136083.8527241
1785136083.8527241
1785136083.8527241
1785136083.8527241
1785136083.8527241
1785136083.8527241
1785136083.8527241
1785136083.8527241
1785136083.8527241
1785136083.8527241
1785136083.8527241
1785136083.8527241
1785136083.8527241
1785136083.8527241
1785136083.8527241
1785136083.8527241
1785136083.8527241
1785136083.8527241
1785136083.8527241
1785136083.8527241
1785136083.8527241
1785136083.8527241
1785136083.8527241
1785136083.8527241
1785136083.8527241
1785136083.8527241
1785136083.8527241
1785136083.8529470
1785136083.8529470
1785136083.8529470
1785136083.8529470
1785136083.8529470
1785136083.8529470
1785136083.8529470
1785136083.8529470
1785136083.8529470
1785136083.8529470
1785136083.8529470
1785136083.8529470
1785136083.8529470
1785136083.8529470
1785136083.8529470
1785136083.8529470
1785136083.8529470
1785136083.8529470
1785136083.8529470
1785136083.8529470
1785136083.8529470
1785136083.8529470
1785136083.8529470
1785136083.8529470
1785136083.8529470
1785136083.8529470
1785136083.8529470
1785136083.8529470
1785136083.8529470
1785136083.8529470
1785136083.8529470
1785136083.8529470
1785136083.8529470
1785136083.8529470
1785136083.8529470
1785136083.8529470
1785136083.8529470
1785136083.8529470
1785136083.8529470
1785136083.8529470
1785136083.8529470
1785136083.8529470
1785136083.8529470
1785136083.8529470
1785136083.8529470
1785136083.8529470
1785136083.8529470
1785136083.8529470
1785136083.8529470
1785136083.8529470
1785136083.8529470
1785136083.8529470
1785136083.8529470
1785136083.8529470
1785136083.8529470
1785136083.8529470
1785136083.8529470
1785136083.8529470
1785136083.8529470
1785136083.8529470
1785136083.8529470
1785136083.8529470
1785136083.8529470
1785136083.8529470
1785136083.8531690
1785136083.8531690
1785136083.8531690
1785136083.8531690
1785136083.8531690
1785136083.8531690
1785136083.8531690
1785136083.8531690
1785136083.8531690
1785136083.8531690
1785136083.8531690
1785136083.8531690
1785136083.8531690
1785136083.8531690
1785136083.8531690
1785136083.8531690
1785136083.8531690
1785136083.8531690
1785136083.8531690
1785136083.8531690
1785136083.8531690
1785136083.8531690
1785136083.8531690
1785136083.8531690
1785136083.8531690
1785136083.8531690
1785136083.8531690
1785136083.8531690
1785136083.8531690
1785136083.8531690
1785136083.8531690
1785136083.8531690
1785136083.8531690
1785136083.8531690
1785136083.8531690
1785136083.8531690
1785136083.8531690
1785136083.8531690
1785136083.8531690
1785136083.8531690
1785136083.8531690
1785136083.8531690
1785136083.8531690
1785136083.8531690
1785136083.8531690
1785136083.8531690
1785136083.8531690
1785136083.8531690
1785136083.8531690
1785136083.8531690
1785136083.8531690
1785136083.8531690
1785136083.8531690
1785136083.8533909
1785136083.8533909
1785136083.8533909
1785136083.8533909
1785136083.8533909
1785136083.8533909
1785136083.8533909
1785136083.8533909
1785136083.8533909
1785136083.8533909
1785136083.8533909
1785136083.8533909
1785136083.8533909
1785136083.8533909
1785136083.8533909
1785136083.8533909
1785136083.8533909
1785136083.8533909
1785136083.8533909
1785136083.8533909
1785136083.8533909
1785136083.8533909
1785136083.8533909
1785136083.8533909
1785136083.8533909
1785136083.8533909
1785136083.8533909
1785136083.8533909
1785136083.8533909
1785136083.8533909
1785136083.8533909
1785136083.8533909
1785136083.8533909
1785136083.8533909
1785136083.8533909
1785136083.8533909
1785136083.8533909
1785136083.8533909
1785136083.8533909
1785136083.8533909
1785136083.8533909
1785136083.8533909
1785136083.8533909
1785136083.8533909
1785136083.8533909
1785136083.8533909
1785136083.8533909
1785136083.8533909
1785136083.8533909
1785136083.8533909
1785136083.8533909
1785136083.8533909
1785136083.8533909
1785136083.8533909
1785136083.8533909
1785136083.8533909
1785136083.8533909
1785136083.8536129
1785136083.8536129
1785136083.8536129
1785136083.8536129
1785136083.8536129
1785136083.8536129
1785136083.8536129
1785136083.8536129
1785136083.8536129
1785136083.8536129
1785136083.8536129
1785136083.8536129
1785136083.8536129
1785136083.8536129
1785136083.8536129
1785136083.8536129
1785136083.8536129
1785136083.8536129
1785136083.8536129
1785136083.8536129
1785136083.8536129
1785136083.8536129
1785136083.8536129
1785136083.8536129
1785136083.8536129
1785136083.8536129
1785136083.8536129
1785136083.8536129
1785136083.8536129
1785136083.8536129
1785136083.8536129
1785136083.8536129
1785136083.8536129
1785136083.8536129
1785136083.8536129
1785136083.8536129
1785136083.8536129
1785136083.8536129
1785136083.8536129
1785136083.8536129
1785136083.8536129
1785136083.8536129
1785136083.8536129
1785136083.8536129
1785136083.8536129
1785136083.8536129
1785136083.8536129
1785136083.8538351
1785136083.8538351
1785136083.8538351
1785136083.8538351
1785136083.8538351
1785136083.8538351
1785136083.8538351
1785136083.8538351
1785136083.8538351
1785136083.8538351
1785136083.8538351
1785136083.8538351
1785136083.8538351
1785136083.8538351
1785136083.8538351
1785136083.8538351
1785136083.8538351
1785136083.8538351
1785136083.8538351
1785136083.8538351
1785136083.8538351
1785136083.8538351
1785136083.8538351
1785136083.8538351
1785136083.8538351
1785136083.8538351
1785136083.8538351
1785136083.8538351
1785136083.8538351
1785136083.8538351
1785136083.8538351
1785136083.8538351
1785136083.8538351
1785136083.8538351
1785136083.8538351
1785136083.8538351
1785136083.8538351
1785136083.8538351
1785136083.8538351
1785136083.8538351
1785136083.8538351
1785136083.8538351
1785136083.8538351
1785136083.8538351
1785136083.8538351
1785136083.8538351
1785136083.8538351
1785136083.8538351
1785136083.8538351
1785136083.8538351
1785136083.8538351
1785136083.8538351
1785136083.8538351
1785136083.8540580
1785136083.8540580
1785136083.8540580
1785136083.8540580
1785136083.8540580
1785136083.8540580
1785136083.8540580
1785136083.8540580
1785136083.8540580
1785136083.8540580
1785136083.8540580
1785136083.8540580
1785136083.8540580
1785136083.8540580
1785136083.8540580
1785136083.8540580
1785136083.8540580
1785136083.8540580
1785136083.8540580
1785136083.8540580
1785136083.8540580
1785136083.8540580
1785136083.8540580
1785136083.8540580
1785136083.8540580
1785136083.8540580
1785136083.8540580
1785136083.8540580
1785136083.8540580
1785136083.8540580
1785136083.8540580
1785136083.8540580
1785136083.8540580
1785136083.8540580
1785136083.8540580
1785136083.8540580
1785136083.8540580
1785136083.8540580
1785136083.8540580
1785136083.8540580
1785136083.8540580
1785136083.8540580
1785136083.8540580
1785136083.8540580
1785136083.8540580
1785136083.8540580
1785136083.8540580
1785136083.8540580
1785136083.8540580
1785136083.8540580
1785136083.8540580
1785136083.8540580
1785136083.8542800
1785136083.8542800
1785136083.8542800
1785136083.8542800
1785136083.8542800
1785136083.8542800
1785136083.8542800
1785136083.8542800
1785136083.8542800
1785136083.8542800
1785136083.8542800
1785136083.8542800
1785136083.8542800
1785136083.8542800
1785136083.8542800
1785136083.8542800
1785136083.8542800
1785136083.8542800
1785136083.8542800
1785136083.8542800
1785136083.8542800
1785136083.8542800
1785136083.8542800
1785136083.8542800
1785136083.8542800
1785136083.8542800
1785136083.8542800
1785136083.8542800
1785136083.8542800
1785136083.8542800
1785136083.8542800
1785136083.8542800
1785136083.8542800
1785136083.8542800
1785136083.8542800
1785136083.8542800
1785136083.8542800
1785136083.8542800
1785136083.8542800
1785136083.8542800
1785136083.8542800
1785136083.8542800
1785136083.8542800
1785136083.8545020
1785136083.8545020
1785136083.8545020
1785136083.8545020
1785136083.8545020
1785136083.8545020
1785136083.8545020
1785136083.8545020
1785136083.8545020
1785136083.8545020
1785136083.8545020
1785136083.8545020
1785136083.8545020
1785136083.8545020
1785136083.8545020
1785136083.8545020
1785136083.8545020
1785136083.8545020
1785136083.8545020
1785136083.8545020
1785136083.8545020
1785136083.8545020
1785136083.8545020
1785136083.8545020
1785136083.8545020
1785136083.8545020
1785136083.8545020
1785136083.8545020
1785136083.8545020
1785136083.8545020
1785136083.8545020
1785136083.8545020
1785136083.8545020
1785136083.8545020
1785136083.8545020
1785136083.8545020
1785136083.8545020
1785136083.8545020
1785136083.8545020
1785136083.8545020
1785136083.8545020
1785136083.8545020
1785136083.8545020
1785136083.8545020
1785136083.8545020
1785136083.8545020
1785136083.8545020
1785136083.8545020
1785136083.8545020
1785136083.8545020
1785136083.8545020
1785136083.8545020
1785136083.8547239
1785136083.8547239
1785136083.8547239
1785136083.8547239
1785136083.8547239
1785136083.8547239
1785136083.8547239
1785136083.8547239
1785136083.8547239
1785136083.8547239
1785136083.8547239
1785136083.8547239
1785136083.8547239
1785136083.8547239
1785136083.8547239
1785136083.8547239
1785136083.8547239
1785136083.8547239
1785136083.8547239
1785136083.8547239
1785136083.8547239
1785136083.8547239
1785136083.8547239
1785136083.8547239
1785136083.8547239
1785136083.8547239
1785136083.8547239
1785136083.8547239
1785136083.8547239
1785136083.8547239
1785136083.8547239
1785136083.8547239
1785136083.8547239
1785136083.8547239
1785136083.8547239
1785136083.8547239
1785136083.8547239
1785136083.8547239
1785136083.8547239
1785136083.8547239
1785136083.8547239
1785136083.8547239
1785136083.8547239
1785136083.8547239
1785136083.8547239
1785136083.8547239
1785136083.8547239
1785136083.8547239
1785136083.8547239
1785136083.8547239
1785136083.8547239
1785136083.8547239
1785136083.8547239
1785136083.8547239
1785136083.8547239
1785136083.8547239
1785136083.8549459
1785136083.8549459
1785136083.8549459
1785136083.8549459
1785136083.8549459
1785136083.8549459
1785136083.8549459
1785136083.8549459
1785136083.8549459
1785136083.8549459
1785136083.8549459
1785136083.8549459
1785136083.8549459
1785136083.8549459
1785136083.8549459
1785136083.8549459
1785136083.8549459
1785136083.8549459
1785136083.8549459
1785136083.8549459
1785136083.8549459
1785136083.8549459
1785136083.8549459
1785136083.8549459
1785136083.8549459
1785136083.8549459
1785136083.8549459
1785136083.8549459
1785136083.8549459
1785136083.8549459
1785136083.8549459
1785136083.8549459
1785136083.8549459
1785136083.8549459
1785136083.8551691
1785136083.8551691
1785136083.8551691
1785136083.8551691
1785136083.8551691
1785136083.8551691
1785136083.8551691
1785136083.8551691
1785136083.8551691
1785136083.8551691
1785136083.8551691
1785136083.8551691
1785136083.8551691
1785136083.8551691
1785136083.8551691
1785136083.8551691
1785136083.8551691
1785136083.8551691
1785136083.8553910
1785136083.8553910
1785136083.8553910
1785136083.8553910
1785136083.8553910
1785136083.8553910
1785136083.8553910
1785136083.8553910
1785136083.8553910
1785136083.8553910
1785136083.8553910
1785136083.8553910
1785136083.8553910
1785136083.8553910
1785136083.8553910
1785136083.8553910
1785136083.8553910
1785136083.8553910
1785136083.8553910
1785136083.8553910
1785136083.8553910
1785136083.8553910
1785136083.8553910
1785136083.8553910
1785136083.8556130
1785136083.8556130
1785136083.8556130
1785136083.8556130
1785136083.8556130
1785136083.8556130
1785136083.8556130
1785136083.8556130
1785136083.8556130
1785136083.8556130
1785136083.8556130
1785136083.8556130
1785136083.8556130
1785136083.8556130
1785136083.8556130
1785136083.8558350
1785136083.8558350
1785136083.8558350
1785136083.8558350
1785136083.8558350
1785136083.8558350
1785136083.8558350
1785136083.8558350
1785136083.8558350
1785136083.8558350
1785136083.8558350
1785136083.8558350
1785136083.8560569
1785136083.8560569
1785136083.8560569
1785136083.8560569
1785136083.8560569
1785136083.8560569
1785136083.8560569
1785136083.8560569
1785136083.8560569
1785136083.8560569
1785136083.8560569
1785136083.8560569
1785136083.8560569
1785136083.8562801
1785136083.8562801
1785136083.8562801
1785136083.8562801
1785136083.8562801
1785136083.8562801
1785136083.8562801
1785136083.8562801
1785136083.8562801
1785136083.8562801
1785136083.8562801
1785136083.8562801
1785136083.8562801
1785136083.8565021
1785136083.8565021
1785136083.8565021
1785136083.8565021
1785136083.8565021
1785136083.8565021
1785136083.8565021
1785136083.8565021
1785136083.8565021
1785136083.8565021
1785136083.8565021
1785136083.8565021
1785136083.8565021
1785136083.8602800
1785136083.8605020
1785136083.8605020
1785136083.8605020
1785136083.8605020
1785136083.8605020
1785136083.8605020
1785136083.8605020
1785136083.8605020
1785136083.8605020
1785136083.8605020
1785136083.8605020
1785136083.8605020
1785136083.8607240
1785136083.8607240
1785136083.8607240
1785136083.8607240
1785136083.8607240
1785136083.8607240
1785136083.8607240
1785136083.8607240
1785136083.8607240
1785136083.8607240
1785136083.8607240
1785136083.8607240
1785136083.8607240
1785136083.8607240
1785136083.8607240
1785136083.8609469
1785136083.8609469
1785136083.8609469
1785136083.8609469
1785136083.8609469
1785136083.8609469
1785136083.8609469
1785136083.8609469
1785136083.8609469
1785136083.8609469
1785136083.8609469
1785136083.8609469
1785136083.8609469
1785136083.8609469
1785136083.8609469
1785136083.8609469
1785136083.8609469
1785136083.8609469
1785136083.8611691
1785136083.8611691
1785136083.8611691
1785136083.8611691
1785136083.8611691
1785136083.8611691
1785136083.8611691
1785136083.8611691
1785136083.8611691
1785136083.8611691
1785136083.8611691
1785136083.8611691
1785136083.8611691
1785136083.8611691
1785136083.8611691
1785136083.8611691
1785136083.8611691
1785136083.8613911
1785136083.8613911
1785136083.8613911
1785136083.8613911
1785136083.8613911
1785136083.8613911
1785136083.8613911
1785136083.8613911
1785136083.8613911
1785136083.8613911
1785136083.8613911
1785136083.8613911
1785136083.8613911
1785136083.8613911
1785136083.8613911
1785136083.8613911
1785136083.8613911
1785136083.8613911
1785136083.8613911
1785136083.8613911
1785136083.8616130
1785136083.8616130
1785136083.8616130
1785136083.8616130
1785136083.8616130
1785136083.8616130
1785136083.8616130
1785136083.8616130
1785136083.8616130
1785136083.8616130
1785136083.8616130
1785136083.8616130
1785136083.8616130
1785136083.8620579
1785136083.8620579
1785136083.8620579
1785136083.8620579
1785136083.8620579
1785136083.8622799
1785136083.8622799
1785136083.8622799
1785136083.8622799
1785136083.8622799
1785136083.8622799
