1785136092.8124981
1785136092.8138311
1785136092.8138311
1785136092.8140540
1785136092.8140540
1785136092.8140540
1785136092.8142760
1785136092.8142760
1785136092.8142760
1785136092.8142760
1785136092.8142760
1785136092.8142760
1785136092.8142760
1785136092.8142760
1785136092.8142760
1785136092.8142760
1785136092.8142760
1785136092.8142760
1785136092.8142760
1785136092.8142760
1785136092.8142760
1785136092.8142760
1785136092.8144979
1785136092.8144979
1785136092.8144979
1785136092.8144979
1785136092.8144979
1785136092.8144979
1785136092.8144979
1785136092.8144979
1785136092.8151650
1785136092.8151650
1785136092.8151650
1785136092.8167210
1785136092.8169439
1785136092.8169439
1785136092.8169439
1785136092.8169439
1785136092.8171661
1785136092.8171661
1785136092.8171661
1785136092.8171661
1785136092.8171661
1785136092.8171661
1785136092.8171661
1785136092.8171661
1785136092.8173881
1785136092.8173881
1785136092.8173881
1785136092.8173881
1785136092.8173881
1785136092.8173881
1785136092.8173881
1785136092.8173881
1785136092.8173881
1785136092.8176110
1785136092.8176110
1785136092.8176110
1785136092.8176110
1785136092.8176110
1785136092.8176110
1785136092.8176110
1785136092.8176110
1785136092.8176110
1785136092.8176110
1785136092.8176110
1785136092.8176110
1785136092.8176110
1785136092.8176110
1785136092.8176110
1785136092.8176110
1785136092.8176110
1785136092.8176110
1785136092.8176110
1785136092.8178329
1785136092.8178329
1785136092.8178329
1785136092.8178329
1785136092.8178329
1785136092.8178329
1785136092.8178329
1785136092.8178329
1785136092.8178329
1785136092.8178329
1785136092.8178329
1785136092.8178329
1785136092.8178329
1785136092.8178329
1785136092.8178329
1785136092.8178329
1785136092.8178329
1785136092.8178329
1785136092.8178329
1785136092.8178329
1785136092.8178329
1785136092.8178329
1785136092.8178329
1785136092.8178329
1785136092.8178329
1785136092.8178329
1785136092.8178329
1785136092.8178329
1785136092.8178329
1785136092.8178329
1785136092.8178329
1785136092.8178329
1785136092.8178329
1785136092.8178329
1785136092.8178329
1785136092.8178329
1785136092.8178329
1785136092.8178329
1785136092.8178329
1785136092.8178329
1785136092.8178329
1785136092.8178329
1785136092.8180549
1785136092.8180549
1785136092.8180549
1785136092.8180549
1785136092.8180549
1785136092.8180549
1785136092.8180549
1785136092.8180549
1785136092.8180549
1785136092.8180549
1785136092.8180549
1785136092.8180549
1785136092.8180549
1785136092.8180549
1785136092.8180549
1785136092.8180549
1785136092.8180549
1785136092.8180549
1785136092.8180549
1785136092.8180549
1785136092.8180549
1785136092.8180549
1785136092.8180549
1785136092.8180549
1785136092.8180549
1785136092.8180549
1785136092.8180549
1785136092.8180549
1785136092.8180549
1785136092.8180549
1785136092.8180549
1785136092.8180549
1785136092.8180549
1785136092.8180549
1785136092.8180549
1785136092.8180549
1785136092.8180549
1785136092.8180549
1785136092.8180549
1785136092.8182769
1785136092.8182769
1785136092.8182769
1785136092.8182769
1785136092.8182769
1785136092.8182769
1785136092.8182769
1785136092.8182769
1785136092.8182769
1785136092.8182769
1785136092.8182769
1785136092.8182769
1785136092.8182769
1785136092.8182769
1785136092.8182769
1785136092.8182769
1785136092.8182769
1785136092.8182769
1785136092.8182769
1785136092.8182769
1785136092.8182769
1785136092.8182769
1785136092.8182769
1785136092.8182769
1785136092.8182769
1785136092.8182769
1785136092.8182769
1785136092.8182769
1785136092.8182769
1785136092.8182769
1785136092.8182769
1785136092.8182769
1785136092.8182769
1785136092.8182769
1785136092.8182769
1785136092.8185000
1785136092.8185000
1785136092.8185000
1785136092.8185000
1785136092.8185000
1785136092.8185000
1785136092.8185000
1785136092.8185000
1785136092.8185000
1785136092.8185000
1785136092.8185000
1785136092.8185000
1785136092.8185000
1785136092.8185000
1785136092.8185000
1785136092.8185000
1785136092.8185000
1785136092.8185000
1785136092.8185000
1785136092.8185000
1785136092.8185000
1785136092.8185000
1785136092.8185000
1785136092.8185000
1785136092.8185000
1785136092.8185000
1785136092.8185000
1785136092.8185000
1785136092.8185000
1785136092.8185000
1785136092.8185000
1785136092.8185000
1785136092.8187220
1785136092.8187220
1785136092.8187220
1785136092.8187220
1785136092.8187220
1785136092.8187220
1785136092.8187220
1785136092.8187220
1785136092.8187220
1785136092.8187220
1785136092.8187220
1785136092.8187220
1785136092.8187220
1785136092.8187220
1785136092.8187220
1785136092.8187220
1785136092.8187220
1785136092.8187220
1785136092.8187220
1785136092.8187220
1785136092.8187220
1785136092.8187220
1785136092.8187220
1785136092.8187220
1785136092.8187220
1785136092.8187220
1785136092.8187220
1785136092.8187220
1785136092.8187220
1785136092.8187220
1785136092.8187220
1785136092.8187220
1785136092.8189440
1785136092.8189440
1785136092.8189440
1785136092.8189440
1785136092.8189440
1785136092.8189440
1785136092.8189440
1785136092.8189440
1785136092.8189440
1785136092.8189440
1785136092.8189440
1785136092.8189440
1785136092.8189440
1785136092.8189440
1785136092.8189440
1785136092.8189440
1785136092.8189440
1785136092.8189440
1785136092.8189440
1785136092.8189440
1785136092.8189440
1785136092.8189440
1785136092.8189440
1785136092.8189440
1785136092.8189440
1785136092.8189440
1785136092.8189440
1785136092.8189440
1785136092.8189440
1785136092.8189440
1785136092.8189440
1785136092.8189440
1785136092.8191659
1785136092.8191659
1785136092.8191659
1785136092.8191659
1785136092.8191659
1785136092.8191659
1785136092.8191659
1785136092.8191659
1785136092.8191659
1785136092.8191659
1785136092.8191659
1785136092.8191659
1785136092.8191659
1785136092.8191659
1785136092.8191659
1785136092.8191659
1785136092.8191659
1785136092.8191659
1785136092.8191659
1785136092.8191659
1785136092.8191659
1785136092.8191659
1785136092.8191659
1785136092.8191659
1785136092.8191659
1785136092.8191659
1785136092.8191659
1785136092.8191659
1785136092.8191659
1785136092.8191659
1785136092.8191659
1785136092.8191659
1785136092.8191659
1785136092.8191659
1785136092.8191659
1785136092.8191659
1785136092.8191659
1785136092.8191659
1785136092.8191659
1785136092.8191659
1785136092.8191659
1785136092.8191659
1785136092.8193891
1785136092.8193891
1785136092.8193891
1785136092.8193891
1785136092.8193891
1785136092.8193891
1785136092.8193891
1785136092.8193891
1785136092.8193891
1785136092.8193891
1785136092.8193891
1785136092.8193891
1785136092.8193891
1785136092.8193891
1785136092.8193891
1785136092.8193891
1785136092.8193891
1785136092.8193891
1785136092.8193891
1785136092.8193891
1785136092.8193891
1785136092.8193891
1785136092.8193891
1785136092.8193891
1785136092.8193891
1785136092.8193891
1785136092.8193891
1785136092.8193891
1785136092.8193891
1785136092.8193891
1785136092.8193891
1785136092.8193891
1785136092.8193891
1785136092.8193891
1785136092.8193891
1785136092.8193891
1785136092.8193891
1785136092.8193891
1785136092.8193891
1785136092.8193891
1785136092.8193891
1785136092.8193891
1785136092.8196111
1785136092.8196111
1785136092.8196111
1785136092.8196111
1785136092.8196111
1785136092.8196111
1785136092.8196111
1785136092.8196111
1785136092.8196111
1785136092.8196111
1785136092.8196111
1785136092.8196111
1785136092.8196111
1785136092.8196111
1785136092.8196111
1785136092.8196111
1785136092.8196111
1785136092.8196111
1785136092.8196111
1785136092.8196111
1785136092.8196111
1785136092.8196111
1785136092.8196111
1785136092.8196111
1785136092.8196111
1785136092.8196111
1785136092.8196111
1785136092.8196111
1785136092.8196111
1785136092.8196111
1785136092.8196111
1785136092.8196111
1785136092.8196111
1785136092.8196111
1785136092.8196111
1785136092.8196111
1785136092.8196111
1785136092.8196111
1785136092.8196111
1785136092.8196111
1785136092.8196111
1785136092.8196111
1785136092.8198330
1785136092.8198330
1785136092.8198330
1785136092.8198330
1785136092.8198330
1785136092.8198330
1785136092.8198330
1785136092.8198330
1785136092.8198330
1785136092.8198330
1785136092.8198330
1785136092.8198330
1785136092.8198330
1785136092.8198330
1785136092.8198330
1785136092.8198330
1785136092.8198330
1785136092.8198330
1785136092.8198330
1785136092.8198330
1785136092.8198330
1785136092.8198330
1785136092.8198330
1785136092.8198330
1785136092.8198330
1785136092.8198330
1785136092.8198330
1785136092.8198330
1785136092.8198330
1785136092.8198330
1785136092.8198330
1785136092.8198330
1785136092.8198330
1785136092.8198330
1785136092.8198330
1785136092.8198330
1785136092.8198330
1785136092.8198330
1785136092.8198330
1785136092.8198330
1785136092.8198330
1785136092.8198330
1785136092.8200560
1785136092.8200560
1785136092.8200560
1785136092.8200560
1785136092.8200560
1785136092.8200560
1785136092.8200560
1785136092.8200560
1785136092.8200560
1785136092.8200560
1785136092.8200560
1785136092.8200560
1785136092.8200560
1785136092.8200560
1785136092.8200560
1785136092.8200560
1785136092.8200560
1785136092.8200560
1785136092.8200560
1785136092.8200560
1785136092.8200560
1785136092.8200560
1785136092.8200560
1785136092.8200560
1785136092.8200560
1785136092.8200560
1785136092.8200560
1785136092.8200560
1785136092.8200560
1785136092.8200560
1785136092.8200560
1785136092.8200560
1785136092.8200560
1785136092.8200560
1785136092.8200560
1785136092.8200560
1785136092.8200560
1785136092.8200560
1785136092.8200560
1785136092.8200560
1785136092.8200560
1785136092.8200560
1785136092.8202779
1785136092.8202779
1785136092.8202779
1785136092.8202779
1785136092.8202779
1785136092.8202779
1785136092.8202779
1785136092.8202779
1785136092.8202779
1785136092.8202779
1785136092.8202779
1785136092.8202779
1785136092.8202779
1785136092.8202779
1785136092.8202779
1785136092.8202779
1785136092.8202779
1785136092.8202779
1785136092.8202779
1785136092.8202779
1785136092.8202779
1785136092.8202779
1785136092.8202779
1785136092.8202779
1785136092.8202779
1785136092.8202779
1785136092.8202779
1785136092.8202779
1785136092.8202779
1785136092.8202779
1785136092.8202779
1785136092.8202779
1785136092.8202779
1785136092.8202779
1785136092.8202779
1785136092.8202779
1785136092.8202779
1785136092.8202779
1785136092.8202779
1785136092.8202779
1785136092.8202779
1785136092.8202779
1785136092.8202779
1785136092.8204999
1785136092.8204999
1785136092.8204999
1785136092.8204999
1785136092.8204999
1785136092.8204999
1785136092.8204999
1785136092.8204999
1785136092.8204999
1785136092.8204999
1785136092.8204999
1785136092.8204999
1785136092.8204999
1785136092.8204999
1785136092.8204999
1785136092.8204999
1785136092.8204999
1785136092.8204999
1785136092.8204999
1785136092.8204999
1785136092.8204999
1785136092.8204999
1785136092.8204999
1785136092.8204999
1785136092.8204999
1785136092.8204999
1785136092.8204999
1785136092.8204999
1785136092.8204999
1785136092.8204999
1785136092.8204999
1785136092.8204999
1785136092.8204999
1785136092.8204999
1785136092.8204999
1785136092.8204999
1785136092.8204999
1785136092.8204999
1785136092.8204999
1785136092.8204999
1785136092.8204999
1785136092.8204999
1785136092.8204999
1785136092.8207221
1785136092.8207221
1785136092.8207221
1785136092.8207221
1785136092.8207221
1785136092.8207221
1785136092.8207221
1785136092.8207221
1785136092.8207221
1785136092.8207221
1785136092.8207221
1785136092.8207221
1785136092.8207221
1785136092.8207221
1785136092.8207221
1785136092.8207221
1785136092.8207221
1785136092.8207221
1785136092.8207221
1785136092.8207221
1785136092.8207221
1785136092.8207221
1785136092.8207221
1785136092.8207221
1785136092.8207221
1785136092.8207221
1785136092.8207221
1785136092.8207221
1785136092.8207221
1785136092.8207221
1785136092.8207221
1785136092.8207221
1785136092.8207221
1785136092.8207221
1785136092.8207221
1785136092.8207221
1785136092.8207221
1785136092.8207221
1785136092.8207221
1785136092.8207221
1785136092.8207221
1785136092.8207221
1785136092.8207221
1785136092.8209450
1785136092.8209450
1785136092.8209450
1785136092.8209450
1785136092.8209450
1785136092.8209450
1785136092.8209450
1785136092.8209450
1785136092.8209450
1785136092.8209450
1785136092.8209450
1785136092.8209450
1785136092.8209450
1785136092.8209450
1785136092.8209450
1785136092.8209450
1785136092.8209450
1785136092.8209450
1785136092.8209450
1785136092.8209450
1785136092.8209450
1785136092.8209450
1785136092.8209450
1785136092.8209450
1785136092.8209450
1785136092.8209450
1785136092.8209450
1785136092.8209450
1785136092.8209450
1785136092.8209450
1785136092.8209450
1785136092.8209450
1785136092.8209450
1785136092.8209450
1785136092.8209450
1785136092.8209450
1785136092.8209450
1785136092.8209450
1785136092.8209450
1785136092.8209450
1785136092.8209450
1785136092.8209450
1785136092.8209450
1785136092.8211670
1785136092.8211670
1785136092.8211670
1785136092.8211670
1785136092.8211670
1785136092.8211670
1785136092.8211670
1785136092.8211670
1785136092.8211670
1785136092.8211670
1785136092.8211670
1785136092.8211670
1785136092.8211670
1785136092.8211670
1785136092.8211670
1785136092.8211670
1785136092.8211670
1785136092.8211670
1785136092.8211670
1785136092.8211670
1785136092.8211670
1785136092.8211670
1785136092.8211670
1785136092.8211670
1785136092.8211670
1785136092.8211670
1785136092.8211670
1785136092.8211670
1785136092.8211670
1785136092.8211670
1785136092.8211670
1785136092.8211670
1785136092.8211670
1785136092.8211670
1785136092.8211670
1785136092.8211670
1785136092.8211670
1785136092.8211670
1785136092.8211670
1785136092.8211670
1785136092.8211670
1785136092.8211670
1785136092.8211670
1785136092.8213890
1785136092.8213890
1785136092.8213890
1785136092.8213890
1785136092.8213890
1785136092.8213890
1785136092.8213890
1785136092.8213890
1785136092.8213890
1785136092.8213890
1785136092.8213890
1785136092.8213890
1785136092.8213890
1785136092.8213890
1785136092.8213890
1785136092.8213890
1785136092.8213890
1785136092.8213890
1785136092.8213890
1785136092.8213890
1785136092.8213890
1785136092.8213890
1785136092.8213890
1785136092.8213890
1785136092.8213890
1785136092.8213890
1785136092.8213890
1785136092.8213890
1785136092.8213890
1785136092.8213890
1785136092.8213890
1785136092.8213890
1785136092.8213890
1785136092.8213890
1785136092.8213890
1785136092.8213890
1785136092.8213890
1785136092.8213890
1785136092.8213890
1785136092.8213890
1785136092.8213890
1785136092.8213890
1785136092.8213890
1785136092.8216119
1785136092.8216119
1785136092.8216119
1785136092.8216119
1785136092.8216119
1785136092.8216119
1785136092.8216119
1785136092.8216119
1785136092.8216119
1785136092.8216119
1785136092.8216119
1785136092.8216119
1785136092.8216119
1785136092.8216119
1785136092.8216119
1785136092.8216119
1785136092.8216119
1785136092.8216119
1785136092.8216119
1785136092.8216119
1785136092.8216119
1785136092.8216119
1785136092.8216119
1785136092.8216119
1785136092.8216119
1785136092.8216119
1785136092.8216119
1785136092.8216119
1785136092.8216119
1785136092.8216119
1785136092.8216119
1785136092.8216119
1785136092.8216119
1785136092.8216119
1785136092.8216119
1785136092.8216119
1785136092.8216119
1785136092.8216119
1785136092.8216119
1785136092.8216119
1785136092.8216119
1785136092.8216119
1785136092.8216119
1785136092.8216119
1785136092.8218341
1785136092.8218341
1785136092.8218341
1785136092.8218341
1785136092.8218341
1785136092.8218341
1785136092.8218341
1785136092.8218341
1785136092.8218341
1785136092.8218341
1785136092.8218341
1785136092.8218341
1785136092.8218341
1785136092.8218341
1785136092.8218341
1785136092.8218341
1785136092.8218341
1785136092.8218341
1785136092.8218341
1785136092.8218341
1785136092.8218341
1785136092.8218341
1785136092.8218341
1785136092.8218341
1785136092.8218341
1785136092.8218341
1785136092.8218341
1785136092.8218341
1785136092.8218341
1785136092.8218341
1785136092.8218341
1785136092.8218341
1785136092.8218341
1785136092.8218341
1785136092.8218341
1785136092.8218341
1785136092.8218341
1785136092.8218341
1785136092.8218341
1785136092.8218341
1785136092.8218341
1785136092.8218341
1785136092.8218341
1785136092.8220561
1785136092.8220561
1785136092.8220561
1785136092.8220561
1785136092.8220561
1785136092.8220561
1785136092.8220561
1785136092.8220561
1785136092.8220561
1785136092.8220561
1785136092.8220561
1785136092.8220561
1785136092.8220561
1785136092.8220561
1785136092.8220561
1785136092.8220561
1785136092.8220561
1785136092.8220561
1785136092.8220561
1785136092.8220561
1785136092.8220561
1785136092.8220561
1785136092.8220561
1785136092.8220561
1785136092.8220561
1785136092.8220561
1785136092.8220561
1785136092.8220561
1785136092.8220561
1785136092.8220561
1785136092.8220561
1785136092.8220561
1785136092.8220561
1785136092.8220561
1785136092.8220561
1785136092.8220561
1785136092.8220561
1785136092.8220561
1785136092.8220561
1785136092.8220561
1785136092.8220561
1785136092.8220561
1785136092.8222780
1785136092.8222780
1785136092.8222780
1785136092.8222780
1785136092.8222780
1785136092.8222780
1785136092.8222780
1785136092.8222780
1785136092.8222780
1785136092.8222780
1785136092.8222780
1785136092.8222780
1785136092.8222780
1785136092.8222780
1785136092.8222780
1785136092.8222780
1785136092.8222780
1785136092.8222780
1785136092.8222780
1785136092.8222780
1785136092.8222780
1785136092.8222780
1785136092.8222780
1785136092.8222780
1785136092.8222780
1785136092.8222780
1785136092.8222780
1785136092.8222780
1785136092.8222780
1785136092.8222780
1785136092.8222780
1785136092.8222780
1785136092.8222780
1785136092.8222780
1785136092.8222780
1785136092.8222780
1785136092.8222780
1785136092.8222780
1785136092.8222780
1785136092.8222780
1785136092.8222780
1785136092.8222780
1785136092.8225000
1785136092.8225000
1785136092.8225000
1785136092.8225000
1785136092.8225000
1785136092.8225000
1785136092.8225000
1785136092.8225000
1785136092.8225000
1785136092.8225000
1785136092.8225000
1785136092.8225000
1785136092.8225000
1785136092.8225000
1785136092.8225000
1785136092.8225000
1785136092.8225000
1785136092.8225000
1785136092.8225000
1785136092.8225000
1785136092.8225000
1785136092.8225000
1785136092.8225000
1785136092.8225000
1785136092.8225000
1785136092.8225000
1785136092.8225000
1785136092.8225000
1785136092.8225000
1785136092.8225000
1785136092.8225000
1785136092.8225000
1785136092.8225000
1785136092.8225000
1785136092.8225000
1785136092.8225000
1785136092.8225000
1785136092.8225000
1785136092.8225000
1785136092.8225000
1785136092.8227229
1785136092.8227229
1785136092.8227229
1785136092.8227229
1785136092.8227229
1785136092.8227229
1785136092.8227229
1785136092.8227229
1785136092.8227229
1785136092.8227229
1785136092.8227229
1785136092.8227229
1785136092.8227229
1785136092.8227229
1785136092.8227229
1785136092.8227229
1785136092.8227229
1785136092.8227229
1785136092.8227229
1785136092.8227229
1785136092.8227229
1785136092.8227229
1785136092.8227229
1785136092.8227229
1785136092.8227229
1785136092.8227229
1785136092.8227229
1785136092.8227229
1785136092.8227229
1785136092.8227229
1785136092.8227229
1785136092.8227229
1785136092.8227229
1785136092.8227229
1785136092.8227229
1785136092.8227229
1785136092.8227229
1785136092.8227229
1785136092.8227229
1785136092.8227229
1785136092.8227229
1785136092.8229451
1785136092.8229451
1785136092.8229451
1785136092.8229451
1785136092.8229451
1785136092.8229451
1785136092.8229451
1785136092.8229451
1785136092.8229451
1785136092.8229451
1785136092.8229451
1785136092.8229451
1785136092.8229451
1785136092.8229451
1785136092.8229451
1785136092.8229451
1785136092.8229451
1785136092.8229451
1785136092.8229451
1785136092.8229451
1785136092.8229451
1785136092.8229451
1785136092.8229451
1785136092.8229451
1785136092.8229451
1785136092.8229451
1785136092.8229451
1785136092.8229451
1785136092.8229451
1785136092.8229451
1785136092.8229451
1785136092.8229451
1785136092.8229451
1785136092.8229451
1785136092.8229451
1785136092.8229451
1785136092.8229451
1785136092.8229451
1785136092.8229451
1785136092.8229451
1785136092.8229451
1785136092.8229451
1785136092.8229451
1785136092.8229451
1785136092.8229451
1785136092.8229451
1785136092.8229451
1785136092.8229451
1785136092.8229451
1785136092.8231671
1785136092.8231671
1785136092.8231671
1785136092.8231671
1785136092.8231671
1785136092.8231671
1785136092.8231671
1785136092.8231671
1785136092.8231671
1785136092.8231671
1785136092.8231671
1785136092.8231671
1785136092.8231671
1785136092.8231671
1785136092.8231671
1785136092.8231671
1785136092.8231671
1785136092.8231671
1785136092.8231671
1785136092.8231671
1785136092.8231671
1785136092.8231671
1785136092.8231671
1785136092.8231671
1785136092.8231671
1785136092.8231671
1785136092.8231671
1785136092.8231671
1785136092.8231671
1785136092.8231671
1785136092.8231671
1785136092.8231671
1785136092.8231671
1785136092.8231671
1785136092.8231671
1785136092.8231671
1785136092.8231671
1785136092.8231671
1785136092.8231671
1785136092.8231671
1785136092.8231671
1785136092.8231671
1785136092.8231671
1785136092.8231671
1785136092.8231671
1785136092.8231671
1785136092.8231671
1785136092.8231671
1785136092.8231671
1785136092.8231671
1785136092.8231671
1785136092.8231671
1785136092.8231671
1785136092.8231671
1785136092.8231671
1785136092.8231671
1785136092.8231671
1785136092.8231671
1785136092.8231671
1785136092.8231671
1785136092.8233891
1785136092.8233891
1785136092.8233891
1785136092.8233891
1785136092.8233891
1785136092.8233891
1785136092.8233891
1785136092.8233891
1785136092.8233891
1785136092.8233891
1785136092.8233891
1785136092.8233891
1785136092.8233891
1785136092.8233891
1785136092.8233891
1785136092.8233891
1785136092.8233891
1785136092.8233891
1785136092.8233891
1785136092.8233891
1785136092.8233891
1785136092.8233891
1785136092.8233891
1785136092.8233891
1785136092.8233891
1785136092.8233891
1785136092.8233891
1785136092.8233891
1785136092.8233891
1785136092.8233891
1785136092.8233891
1785136092.8233891
1785136092.8233891
1785136092.8233891
1785136092.8233891
1785136092.8233891
1785136092.8233891
1785136092.8233891
1785136092.8233891
1785136092.8233891
1785136092.8233891
1785136092.8233891
1785136092.8233891
1785136092.8233891
1785136092.8233891
1785136092.8233891
1785136092.8233891
1785136092.8233891
1785136092.8233891
1785136092.8233891
1785136092.8233891
1785136092.8233891
1785136092.8233891
1785136092.8233891
1785136092.8233891
1785136092.8233891
1785136092.8233891
1785136092.8233891
1785136092.8233891
1785136092.8233891
1785136092.8233891
1785136092.8233891
1785136092.8236120
1785136092.8236120
1785136092.8236120
1785136092.8236120
1785136092.8236120
1785136092.8236120
1785136092.8236120
1785136092.8236120
1785136092.8236120
1785136092.8236120
1785136092.8236120
1785136092.8236120
1785136092.8236120
1785136092.8236120
1785136092.8236120
1785136092.8236120
1785136092.8236120
1785136092.8236120
1785136092.8236120
1785136092.8236120
1785136092.8236120
1785136092.8236120
1785136092.8236120
1785136092.8236120
1785136092.8236120
1785136092.8236120
1785136092.8236120
1785136092.8236120
1785136092.8236120
1785136092.8236120
1785136092.8236120
1785136092.8236120
1785136092.8236120
1785136092.8236120
1785136092.8236120
1785136092.8236120
1785136092.8236120
1785136092.8236120
1785136092.8236120
1785136092.8236120
1785136092.8236120
1785136092.8236120
1785136092.8236120
1785136092.8236120
1785136092.8236120
1785136092.8236120
1785136092.8236120
1785136092.8236120
1785136092.8236120
1785136092.8236120
1785136092.8236120
1785136092.8236120
1785136092.8236120
1785136092.8236120
1785136092.8236120
1785136092.8236120
1785136092.8236120
1785136092.8236120
1785136092.8236120
1785136092.8236120
1785136092.8236120
1785136092.8236120
1785136092.8236120
1785136092.8236120
1785136092.8238339
1785136092.8238339
1785136092.8238339
1785136092.8238339
1785136092.8238339
1785136092.8238339
1785136092.8238339
1785136092.8238339
1785136092.8238339
1785136092.8238339
1785136092.8238339
1785136092.8238339
1785136092.8238339
1785136092.8238339
1785136092.8238339
1785136092.8238339
1785136092.8238339
1785136092.8238339
1785136092.8238339
1785136092.8238339
1785136092.8238339
1785136092.8238339
1785136092.8238339
1785136092.8238339
1785136092.8238339
1785136092.8238339
1785136092.8238339
1785136092.8238339
1785136092.8238339
1785136092.8238339
1785136092.8238339
1785136092.8238339
1785136092.8238339
1785136092.8238339
1785136092.8238339
1785136092.8238339
1785136092.8238339
1785136092.8238339
1785136092.8238339
1785136092.8238339
1785136092.8238339
1785136092.8238339
1785136092.8238339
1785136092.8238339
1785136092.8238339
1785136092.8238339
1785136092.8238339
1785136092.8238339
1785136092.8238339
1785136092.8238339
1785136092.8238339
1785136092.8238339
1785136092.8238339
1785136092.8238339
1785136092.8238339
1785136092.8238339
1785136092.8238339
1785136092.8238339
1785136092.8238339
1785136092.8238339
1785136092.8238339
1785136092.8240559
1785136092.8240559
1785136092.8240559
1785136092.8240559
1785136092.8240559
1785136092.8240559
1785136092.8240559
1785136092.8240559
1785136092.8240559
1785136092.8240559
1785136092.8240559
1785136092.8240559
1785136092.8240559
1785136092.8240559
1785136092.8240559
1785136092.8240559
1785136092.8240559
1785136092.8240559
1785136092.8240559
1785136092.8240559
1785136092.8240559
1785136092.8240559
1785136092.8240559
1785136092.8240559
1785136092.8240559
1785136092.8240559
1785136092.8240559
1785136092.8240559
1785136092.8240559
1785136092.8240559
1785136092.8240559
1785136092.8240559
1785136092.8240559
1785136092.8240559
1785136092.8240559
1785136092.8240559
1785136092.8240559
1785136092.8240559
1785136092.8240559
1785136092.8240559
1785136092.8240559
1785136092.8240559
1785136092.8240559
1785136092.8240559
1785136092.8240559
1785136092.8240559
1785136092.8240559
1785136092.8240559
1785136092.8240559
1785136092.8240559
1785136092.8240559
1785136092.8240559
1785136092.8240559
1785136092.8242781
1785136092.8242781
1785136092.8242781
1785136092.8242781
1785136092.8242781
1785136092.8242781
1785136092.8242781
1785136092.8242781
1785136092.8242781
1785136092.8242781
1785136092.8242781
1785136092.8242781
1785136092.8242781
1785136092.8242781
1785136092.8242781
1785136092.8242781
1785136092.8242781
1785136092.8242781
1785136092.8242781
1785136092.8242781
1785136092.8242781
1785136092.8242781
1785136092.8242781
1785136092.8242781
1785136092.8242781
1785136092.8242781
1785136092.8242781
1785136092.8242781
1785136092.8242781
1785136092.8242781
1785136092.8242781
1785136092.8242781
1785136092.8242781
1785136092.8242781
1785136092.8242781
1785136092.8242781
1785136092.8242781
1785136092.8242781
1785136092.8242781
1785136092.8242781
1785136092.8242781
1785136092.8242781
1785136092.8242781
1785136092.8242781
1785136092.8242781
1785136092.8242781
1785136092.8242781
1785136092.8242781
1785136092.8242781
1785136092.8242781
1785136092.8242781
1785136092.8242781
1785136092.8242781
1785136092.8242781
1785136092.8242781
1785136092.8245010
1785136092.8245010
1785136092.8245010
1785136092.8245010
1785136092.8245010
1785136092.8245010
1785136092.8245010
1785136092.8245010
1785136092.8245010
1785136092.8245010
1785136092.8245010
1785136092.8245010
1785136092.8245010
1785136092.8245010
1785136092.8245010
1785136092.8245010
1785136092.8245010
1785136092.8245010
1785136092.8245010
1785136092.8245010
1785136092.8245010
1785136092.8245010
1785136092.8245010
1785136092.8245010
1785136092.8245010
1785136092.8245010
1785136092.8245010
1785136092.8245010
1785136092.8245010
1785136092.8245010
1785136092.8245010
1785136092.8245010
1785136092.8245010
1785136092.8245010
1785136092.8245010
1785136092.8245010
1785136092.8245010
1785136092.8245010
1785136092.8245010
1785136092.8245010
1785136092.8245010
1785136092.8245010
1785136092.8245010
1785136092.8245010
1785136092.8245010
1785136092.8245010
1785136092.8245010
1785136092.8245010
1785136092.8245010
1785136092.8245010
1785136092.8245010
1785136092.8245010
1785136092.8245010
1785136092.8245010
1785136092.8245010
1785136092.8245010
1785136092.8247230
1785136092.8247230
1785136092.8247230
1785136092.8247230
1785136092.8247230
1785136092.8247230
1785136092.8247230
1785136092.8247230
1785136092.8247230
1785136092.8247230
1785136092.8247230
1785136092.8247230
1785136092.8247230
1785136092.8247230
1785136092.8247230
1785136092.8247230
1785136092.8247230
1785136092.8247230
1785136092.8247230
1785136092.8247230
1785136092.8247230
1785136092.8247230
1785136092.8247230
1785136092.8247230
1785136092.8247230
1785136092.8247230
1785136092.8247230
1785136092.8247230
1785136092.8247230
1785136092.8247230
1785136092.8247230
1785136092.8247230
1785136092.8247230
1785136092.8247230
1785136092.8247230
1785136092.8247230
1785136092.8247230
1785136092.8247230
1785136092.8247230
1785136092.8247230
1785136092.8247230
1785136092.8247230
1785136092.8247230
1785136092.8247230
1785136092.8247230
1785136092.8247230
1785136092.8247230
1785136092.8247230
1785136092.8247230
1785136092.8247230
1785136092.8247230
1785136092.8247230
1785136092.8247230
1785136092.8247230
1785136092.8247230
1785136092.8247230
1785136092.8247230
1785136092.8247230
1785136092.8247230
1785136092.8247230
1785136092.8247230
1785136092.8247230
1785136092.8247230
1785136092.8247230
1785136092.8247230
1785136092.8247230
1785136092.8247230
1785136092.8247230
1785136092.8249450
1785136092.8249450
1785136092.8249450
1785136092.8249450
1785136092.8249450
1785136092.8249450
1785136092.8249450
1785136092.8249450
1785136092.8249450
1785136092.8249450
1785136092.8249450
1785136092.8249450
1785136092.8249450
1785136092.8249450
1785136092.8249450
1785136092.8249450
1785136092.8249450
1785136092.8249450
1785136092.8249450
1785136092.8249450
1785136092.8249450
1785136092.8249450
1785136092.8249450
1785136092.8249450
1785136092.8249450
1785136092.8249450
1785136092.8249450
1785136092.8249450
1785136092.8249450
1785136092.8249450
1785136092.8249450
1785136092.8249450
1785136092.8249450
1785136092.8249450
1785136092.8249450
1785136092.8249450
1785136092.8249450
1785136092.8249450
1785136092.8249450
1785136092.8249450
1785136092.8249450
1785136092.8249450
1785136092.8249450
1785136092.8249450
1785136092.8249450
1785136092.8249450
1785136092.8249450
1785136092.8249450
1785136092.8249450
1785136092.8249450
1785136092.8249450
1785136092.8249450
1785136092.8249450
1785136092.8249450
1785136092.8249450
1785136092.8249450
1785136092.8249450
1785136092.8249450
1785136092.8249450
1785136092.8249450
1785136092.8249450
1785136092.8249450
1785136092.8249450
1785136092.8249450
1785136092.8249450
1785136092.8249450
1785136092.8249450
1785136092.8249450
1785136092.8249450
1785136092.8249450
1785136092.8251669
1785136092.8251669
1785136092.8251669
1785136092.8251669
1785136092.8251669
1785136092.8251669
1785136092.8251669
1785136092.8251669
1785136092.8251669
1785136092.8251669
1785136092.8251669
1785136092.8251669
1785136092.8251669
1785136092.8251669
1785136092.8251669
1785136092.8251669
1785136092.8251669
1785136092.8251669
1785136092.8251669
1785136092.8251669
1785136092.8251669
1785136092.8251669
1785136092.8251669
1785136092.8251669
1785136092.8251669
1785136092.8251669
1785136092.8251669
1785136092.8251669
1785136092.8251669
1785136092.8251669
1785136092.8251669
1785136092.8251669
1785136092.8251669
1785136092.8251669
1785136092.8251669
1785136092.8251669
1785136092.8251669
1785136092.8251669
1785136092.8251669
1785136092.8251669
1785136092.8251669
1785136092.8251669
1785136092.8251669
1785136092.8251669
1785136092.8251669
1785136092.8251669
1785136092.8251669
1785136092.8251669
1785136092.8251669
1785136092.8251669
1785136092.8251669
1785136092.8251669
1785136092.8251669
1785136092.8251669
1785136092.8251669
1785136092.8251669
1785136092.8251669
1785136092.8251669
1785136092.8251669
1785136092.8251669
1785136092.8251669
1785136092.8251669
1785136092.8251669
1785136092.8251669
1785136092.8251669
1785136092.8251669
1785136092.8251669
1785136092.8251669
1785136092.8251669
1785136092.8251669
1785136092.8253889
1785136092.8253889
1785136092.8253889
1785136092.8253889
1785136092.8253889
1785136092.8253889
1785136092.8253889
1785136092.8253889
1785136092.8253889
1785136092.8253889
1785136092.8253889
1785136092.8253889
1785136092.8253889
1785136092.8253889
1785136092.8253889
1785136092.8253889
1785136092.8253889
1785136092.8253889
1785136092.8253889
1785136092.8253889
1785136092.8253889
1785136092.8253889
1785136092.8253889
1785136092.8253889
1785136092.8253889
1785136092.8253889
1785136092.8253889
1785136092.8253889
1785136092.8253889
1785136092.8253889
1785136092.8253889
1785136092.8253889
1785136092.8253889
1785136092.8253889
1785136092.8253889
1785136092.8253889
1785136092.8253889
1785136092.8253889
1785136092.8253889
1785136092.8253889
1785136092.8253889
1785136092.8253889
1785136092.8253889
1785136092.8253889
1785136092.8253889
1785136092.8253889
1785136092.8253889
1785136092.8253889
1785136092.8253889
1785136092.8253889
1785136092.8253889
1785136092.8253889
1785136092.8253889
1785136092.8253889
1785136092.8253889
1785136092.8253889
1785136092.8253889
1785136092.8253889
1785136092.8253889
1785136092.8253889
1785136092.8253889
1785136092.8253889
1785136092.8253889
1785136092.8253889
1785136092.8253889
1785136092.8256121
1785136092.8256121
1785136092.8256121
1785136092.8256121
1785136092.8256121
1785136092.8256121
1785136092.8256121
1785136092.8256121
1785136092.8256121
1785136092.8256121
1785136092.8256121
1785136092.8256121
1785136092.8256121
1785136092.8256121
1785136092.8256121
1785136092.8256121
1785136092.8256121
1785136092.8256121
1785136092.8256121
1785136092.8256121
1785136092.8256121
1785136092.8256121
1785136092.8256121
1785136092.8256121
1785136092.8256121
1785136092.8256121
1785136092.8256121
1785136092.8256121
1785136092.8256121
1785136092.8256121
1785136092.8256121
1785136092.8256121
1785136092.8256121
1785136092.8256121
1785136092.8256121
1785136092.8256121
1785136092.8256121
1785136092.8256121
1785136092.8256121
1785136092.8256121
1785136092.8256121
1785136092.8256121
1785136092.8256121
1785136092.8256121
1785136092.8256121
1785136092.8256121
1785136092.8256121
1785136092.8256121
1785136092.8256121
1785136092.8256121
1785136092.8256121
1785136092.8256121
1785136092.8256121
1785136092.8256121
1785136092.8256121
1785136092.8256121
1785136092.8256121
1785136092.8256121
1785136092.8256121
1785136092.8256121
1785136092.8256121
1785136092.8258340
1785136092.8258340
1785136092.8258340
1785136092.8258340
1785136092.8258340
1785136092.8258340
1785136092.8258340
1785136092.8258340
1785136092.8258340
1785136092.8258340
1785136092.8258340
1785136092.8258340
1785136092.8258340
1785136092.8258340
1785136092.8258340
1785136092.8258340
1785136092.8258340
1785136092.8258340
1785136092.8258340
1785136092.8258340
1785136092.8258340
1785136092.8258340
1785136092.8258340
1785136092.8258340
1785136092.8258340
1785136092.8258340
1785136092.8258340
1785136092.8258340
1785136092.8258340
1785136092.8258340
1785136092.8258340
1785136092.8258340
1785136092.8258340
1785136092.8258340
1785136092.8258340
1785136092.8258340
1785136092.8258340
1785136092.8258340
1785136092.8258340
1785136092.8258340
1785136092.8258340
1785136092.8258340
1785136092.8258340
1785136092.8258340
1785136092.8258340
1785136092.8258340
1785136092.8258340
1785136092.8258340
1785136092.8258340
1785136092.8258340
1785136092.8258340
1785136092.8258340
1785136092.8258340
1785136092.8258340
1785136092.8258340
1785136092.8258340
1785136092.8258340
1785136092.8258340
1785136092.8258340
1785136092.8258340
1785136092.8258340
1785136092.8258340
1785136092.8258340
1785136092.8260560
1785136092.8260560
1785136092.8260560
1785136092.8260560
1785136092.8260560
1785136092.8260560
1785136092.8260560
1785136092.8260560
1785136092.8260560
1785136092.8260560
1785136092.8260560
1785136092.8260560
1785136092.8260560
1785136092.8260560
1785136092.8260560
1785136092.8260560
1785136092.8260560
1785136092.8260560
1785136092.8260560
1785136092.8260560
1785136092.8260560
1785136092.8260560
1785136092.8260560
1785136092.8260560
1785136092.8260560
1785136092.8260560
1785136092.8260560
1785136092.8260560
1785136092.8260560
1785136092.8260560
1785136092.8260560
1785136092.8260560
1785136092.8260560
1785136092.8260560
1785136092.8260560
1785136092.8260560
1785136092.8260560
1785136092.8260560
1785136092.8260560
1785136092.8260560
1785136092.8260560
1785136092.8260560
1785136092.8260560
1785136092.8260560
1785136092.8260560
1785136092.8260560
1785136092.8260560
1785136092.8260560
1785136092.8260560
1785136092.8260560
1785136092.8260560
1785136092.8260560
1785136092.8260560
1785136092.8260560
1785136092.8260560
1785136092.8260560
1785136092.8260560
1785136092.8260560
1785136092.8260560
1785136092.8260560
1785136092.8260560
1785136092.8260560
1785136092.8262789
1785136092.8262789
1785136092.8262789
1785136092.8262789
1785136092.8262789
1785136092.8262789
1785136092.8262789
1785136092.8262789
1785136092.8262789
1785136092.8262789
1785136092.8262789
1785136092.8262789
1785136092.8262789
1785136092.8262789
1785136092.8262789
1785136092.8262789
1785136092.8262789
1785136092.8262789
1785136092.8262789
1785136092.8262789
1785136092.8262789
1785136092.8262789
1785136092.8262789
1785136092.8262789
1785136092.8262789
1785136092.8262789
1785136092.8262789
1785136092.8262789
1785136092.8262789
1785136092.8262789
1785136092.8262789
1785136092.8262789
1785136092.8262789
1785136092.8262789
1785136092.8262789
1785136092.8262789
1785136092.8262789
1785136092.8262789
1785136092.8262789
1785136092.8262789
1785136092.8262789
1785136092.8262789
1785136092.8262789
1785136092.8262789
1785136092.8262789
1785136092.8262789
1785136092.8262789
1785136092.8262789
1785136092.8262789
1785136092.8262789
1785136092.8262789
1785136092.8262789
1785136092.8262789
1785136092.8262789
1785136092.8262789
1785136092.8262789
1785136092.8262789
1785136092.8262789
1785136092.8262789
1785136092.8262789
1785136092.8262789
1785136092.8262789
1785136092.8265009
1785136092.8265009
1785136092.8265009
1785136092.8265009
1785136092.8265009
1785136092.8265009
1785136092.8265009
1785136092.8265009
1785136092.8265009
1785136092.8265009
1785136092.8265009
1785136092.8265009
1785136092.8265009
1785136092.8265009
1785136092.8265009
1785136092.8265009
1785136092.8265009
1785136092.8265009
1785136092.8265009
1785136092.8265009
1785136092.8265009
1785136092.8265009
1785136092.8265009
1785136092.8265009
1785136092.8265009
1785136092.8265009
1785136092.8265009
1785136092.8265009
1785136092.8265009
1785136092.8265009
1785136092.8265009
1785136092.8265009
1785136092.8265009
1785136092.8265009
1785136092.8265009
1785136092.8265009
1785136092.8265009
1785136092.8265009
1785136092.8265009
1785136092.8265009
1785136092.8265009
1785136092.8265009
1785136092.8265009
1785136092.8265009
1785136092.8265009
1785136092.8265009
1785136092.8265009
1785136092.8265009
1785136092.8265009
1785136092.8265009
1785136092.8265009
1785136092.8265009
1785136092.8265009
1785136092.8265009
1785136092.8265009
1785136092.8265009
1785136092.8265009
1785136092.8265009
1785136092.8265009
1785136092.8265009
1785136092.8265009
1785136092.8265009
1785136092.8265009
1785136092.8267231
1785136092.8267231
1785136092.8267231
1785136092.8267231
1785136092.8267231
1785136092.8267231
1785136092.8267231
1785136092.8267231
1785136092.8267231
1785136092.8267231
1785136092.8267231
1785136092.8267231
1785136092.8267231
1785136092.8267231
1785136092.8267231
1785136092.8267231
1785136092.8267231
1785136092.8267231
1785136092.8267231
1785136092.8267231
1785136092.8267231
1785136092.8267231
1785136092.8267231
1785136092.8267231
1785136092.8267231
1785136092.8267231
1785136092.8267231
1785136092.8267231
1785136092.8267231
1785136092.8267231
1785136092.8267231
1785136092.8267231
1785136092.8267231
1785136092.8267231
1785136092.8267231
1785136092.8267231
1785136092.8267231
1785136092.8267231
1785136092.8267231
1785136092.8267231
1785136092.8267231
1785136092.8267231
1785136092.8267231
1785136092.8267231
1785136092.8267231
1785136092.8267231
1785136092.8267231
1785136092.8267231
1785136092.8267231
1785136092.8267231
1785136092.8267231
1785136092.8267231
1785136092.8267231
1785136092.8267231
1785136092.8267231
1785136092.8267231
1785136092.8267231
1785136092.8267231
1785136092.8267231
1785136092.8267231
1785136092.8269451
1785136092.8269451
1785136092.8269451
1785136092.8269451
1785136092.8269451
1785136092.8269451
1785136092.8269451
1785136092.8269451
1785136092.8269451
1785136092.8269451
1785136092.8269451
1785136092.8269451
1785136092.8269451
1785136092.8269451
1785136092.8269451
1785136092.8269451
1785136092.8269451
1785136092.8269451
1785136092.8269451
1785136092.8269451
1785136092.8269451
1785136092.8269451
1785136092.8269451
1785136092.8269451
1785136092.8269451
1785136092.8269451
1785136092.8269451
1785136092.8269451
1785136092.8269451
1785136092.8269451
1785136092.8269451
1785136092.8269451
1785136092.8269451
1785136092.8269451
1785136092.8269451
1785136092.8269451
1785136092.8269451
1785136092.8269451
1785136092.8269451
1785136092.8269451
1785136092.8269451
1785136092.8269451
1785136092.8269451
1785136092.8269451
1785136092.8269451
1785136092.8269451
1785136092.8269451
1785136092.8269451
1785136092.8269451
1785136092.8269451
1785136092.8269451
1785136092.8269451
1785136092.8269451
1785136092.8269451
1785136092.8269451
1785136092.8269451
1785136092.8269451
1785136092.8269451
1785136092.8269451
1785136092.8269451
1785136092.8269451
1785136092.8269451
1785136092.8271670
1785136092.8271670
1785136092.8271670
1785136092.8271670
1785136092.8271670
1785136092.8271670
1785136092.8271670
1785136092.8271670
1785136092.8271670
1785136092.8271670
1785136092.8271670
1785136092.8271670
1785136092.8271670
1785136092.8271670
1785136092.8271670
1785136092.8271670
1785136092.8271670
1785136092.8271670
1785136092.8271670
1785136092.8271670
1785136092.8271670
1785136092.8271670
1785136092.8271670
1785136092.8271670
1785136092.8271670
1785136092.8271670
1785136092.8271670
1785136092.8271670
1785136092.8271670
1785136092.8271670
1785136092.8271670
1785136092.8271670
1785136092.8271670
1785136092.8271670
1785136092.8271670
1785136092.8271670
1785136092.8271670
1785136092.8271670
1785136092.8271670
1785136092.8271670
1785136092.8271670
1785136092.8271670
1785136092.8271670
1785136092.8271670
1785136092.8271670
1785136092.8271670
1785136092.8271670
1785136092.8271670
1785136092.8271670
1785136092.8271670
1785136092.8271670
1785136092.8271670
1785136092.8271670
1785136092.8271670
1785136092.8271670
1785136092.8271670
1785136092.8271670
1785136092.8271670
1785136092.8271670
1785136092.8271670
1785136092.8271670
1785136092.8271670
1785136092.8273900
1785136092.8273900
1785136092.8273900
1785136092.8273900
1785136092.8273900
1785136092.8273900
1785136092.8273900
1785136092.8273900
1785136092.8273900
1785136092.8273900
1785136092.8273900
1785136092.8273900
1785136092.8273900
1785136092.8273900
1785136092.8273900
1785136092.8273900
1785136092.8273900
1785136092.8273900
1785136092.8273900
1785136092.8273900
1785136092.8273900
1785136092.8273900
1785136092.8273900
1785136092.8273900
1785136092.8273900
1785136092.8273900
1785136092.8273900
1785136092.8273900
1785136092.8273900
1785136092.8273900
1785136092.8273900
1785136092.8273900
1785136092.8273900
1785136092.8273900
1785136092.8273900
1785136092.8273900
1785136092.8273900
1785136092.8273900
1785136092.8273900
1785136092.8273900
1785136092.8273900
1785136092.8273900
1785136092.8273900
1785136092.8273900
1785136092.8273900
1785136092.8273900
1785136092.8273900
1785136092.8273900
1785136092.8273900
1785136092.8273900
1785136092.8273900
1785136092.8276119
1785136092.8276119
1785136092.8276119
1785136092.8276119
1785136092.8276119
1785136092.8276119
1785136092.8276119
1785136092.8276119
1785136092.8276119
1785136092.8276119
1785136092.8276119
1785136092.8276119
1785136092.8276119
1785136092.8276119
1785136092.8276119
1785136092.8276119
1785136092.8276119
1785136092.8276119
1785136092.8276119
1785136092.8276119
1785136092.8276119
1785136092.8276119
1785136092.8276119
1785136092.8276119
1785136092.8276119
1785136092.8276119
1785136092.8276119
1785136092.8276119
1785136092.8276119
1785136092.8276119
1785136092.8276119
1785136092.8276119
1785136092.8276119
1785136092.8276119
1785136092.8276119
1785136092.8276119
1785136092.8276119
1785136092.8276119
1785136092.8276119
1785136092.8276119
1785136092.8276119
1785136092.8276119
1785136092.8276119
1785136092.8276119
1785136092.8276119
1785136092.8276119
1785136092.8276119
1785136092.8276119
1785136092.8278339
1785136092.8278339
1785136092.8278339
1785136092.8278339
1785136092.8278339
1785136092.8278339
1785136092.8278339
1785136092.8278339
1785136092.8278339
1785136092.8278339
1785136092.8278339
1785136092.8278339
1785136092.8278339
1785136092.8278339
1785136092.8278339
1785136092.8278339
1785136092.8278339
1785136092.8278339
1785136092.8278339
1785136092.8278339
1785136092.8278339
1785136092.8278339
1785136092.8278339
1785136092.8278339
1785136092.8278339
1785136092.8278339
1785136092.8278339
1785136092.8278339
1785136092.8278339
1785136092.8278339
1785136092.8278339
1785136092.8278339
1785136092.8278339
1785136092.8278339
1785136092.8278339
1785136092.8278339
1785136092.8278339
1785136092.8278339
1785136092.8278339
1785136092.8278339
1785136092.8278339
1785136092.8278339
1785136092.8278339
1785136092.8278339
1785136092.8278339
1785136092.8278339
1785136092.8278339
1785136092.8278339
1785136092.8280561
1785136092.8280561
1785136092.8280561
1785136092.8280561
1785136092.8280561
1785136092.8280561
1785136092.8280561
1785136092.8280561
1785136092.8280561
1785136092.8280561
1785136092.8280561
1785136092.8280561
1785136092.8280561
1785136092.8280561
1785136092.8280561
1785136092.8280561
1785136092.8280561
1785136092.8280561
1785136092.8280561
1785136092.8280561
1785136092.8280561
1785136092.8280561
1785136092.8280561
1785136092.8280561
1785136092.8280561
1785136092.8280561
1785136092.8280561
1785136092.8280561
1785136092.8280561
1785136092.8280561
1785136092.8280561
1785136092.8280561
1785136092.8280561
1785136092.8280561
1785136092.8280561
1785136092.8280561
1785136092.8280561
1785136092.8280561
1785136092.8280561
1785136092.8280561
1785136092.8280561
1785136092.8280561
1785136092.8280561
1785136092.8280561
1785136092.8280561
1785136092.8280561
1785136092.8280561
1785136092.8280561
1785136092.8282790
1785136092.8282790
1785136092.8282790
1785136092.8282790
1785136092.8282790
1785136092.8282790
1785136092.8282790
1785136092.8282790
1785136092.8282790
1785136092.8282790
1785136092.8282790
1785136092.8282790
1785136092.8282790
1785136092.8282790
1785136092.8282790
1785136092.8282790
1785136092.8282790
1785136092.8282790
1785136092.8282790
1785136092.8282790
1785136092.8282790
1785136092.8282790
1785136092.8282790
1785136092.8282790
1785136092.8282790
1785136092.8282790
1785136092.8282790
1785136092.8282790
1785136092.8282790
1785136092.8282790
1785136092.8282790
1785136092.8282790
1785136092.8282790
1785136092.8282790
1785136092.8282790
1785136092.8282790
1785136092.8282790
1785136092.8282790
1785136092.8282790
1785136092.8282790
1785136092.8282790
1785136092.8282790
1785136092.8282790
1785136092.8282790
1785136092.8282790
1785136092.8282790
1785136092.8282790
1785136092.8282790
1785136092.8285010
1785136092.8285010
1785136092.8285010
1785136092.8285010
1785136092.8285010
1785136092.8285010
1785136092.8285010
1785136092.8285010
1785136092.8285010
1785136092.8285010
1785136092.8285010
1785136092.8285010
1785136092.8285010
1785136092.8285010
1785136092.8285010
1785136092.8285010
1785136092.8285010
1785136092.8285010
1785136092.8285010
1785136092.8285010
1785136092.8285010
1785136092.8285010
1785136092.8285010
1785136092.8285010
1785136092.8285010
1785136092.8285010
1785136092.8285010
1785136092.8285010
1785136092.8285010
1785136092.8285010
1785136092.8285010
1785136092.8285010
1785136092.8285010
1785136092.8285010
1785136092.8285010
1785136092.8285010
1785136092.8285010
1785136092.8285010
1785136092.8285010
1785136092.8285010
1785136092.8285010
1785136092.8285010
1785136092.8285010
1785136092.8285010
1785136092.8285010
1785136092.8285010
1785136092.8285010
1785136092.8285010
1785136092.8285010
1785136092.8287230
1785136092.8287230
1785136092.8287230
1785136092.8287230
1785136092.8287230
1785136092.8287230
1785136092.8287230
1785136092.8287230
1785136092.8287230
1785136092.8287230
1785136092.8287230
1785136092.8287230
1785136092.8287230
1785136092.8287230
1785136092.8287230
1785136092.8287230
1785136092.8287230
1785136092.8287230
1785136092.8287230
1785136092.8287230
1785136092.8287230
1785136092.8287230
1785136092.8287230
1785136092.8287230
1785136092.8287230
1785136092.8287230
1785136092.8287230
1785136092.8287230
1785136092.8287230
1785136092.8287230
1785136092.8287230
1785136092.8287230
1785136092.8287230
1785136092.8287230
1785136092.8287230
1785136092.8287230
1785136092.8287230
1785136092.8287230
1785136092.8287230
1785136092.8287230
1785136092.8287230
1785136092.8287230
1785136092.8287230
1785136092.8287230
1785136092.8287230
1785136092.8287230
1785136092.8287230
1785136092.8287230
1785136092.8287230
1785136092.8289449
1785136092.8289449
1785136092.8289449
1785136092.8289449
1785136092.8289449
1785136092.8289449
1785136092.8289449
1785136092.8289449
1785136092.8289449
1785136092.8289449
1785136092.8289449
1785136092.8289449
1785136092.8289449
1785136092.8289449
1785136092.8289449
1785136092.8289449
1785136092.8289449
1785136092.8289449
1785136092.8289449
1785136092.8289449
1785136092.8289449
1785136092.8289449
1785136092.8289449
1785136092.8289449
1785136092.8289449
1785136092.8289449
1785136092.8289449
1785136092.8289449
1785136092.8289449
1785136092.8289449
1785136092.8289449
1785136092.8289449
1785136092.8289449
1785136092.8289449
1785136092.8289449
1785136092.8289449
1785136092.8289449
1785136092.8289449
1785136092.8289449
1785136092.8289449
1785136092.8289449
1785136092.8289449
1785136092.8289449
1785136092.8289449
1785136092.8289449
1785136092.8289449
1785136092.8289449
1785136092.8289449
1785136092.8289449
1785136092.8291681
1785136092.8291681
1785136092.8291681
1785136092.8291681
1785136092.8291681
1785136092.8291681
1785136092.8291681
1785136092.8291681
1785136092.8291681
1785136092.8291681
1785136092.8291681
1785136092.8291681
1785136092.8291681
1785136092.8291681
1785136092.8291681
1785136092.8291681
1785136092.8291681
1785136092.8291681
1785136092.8291681
1785136092.8291681
1785136092.8291681
1785136092.8291681
1785136092.8291681
1785136092.8291681
1785136092.8291681
1785136092.8291681
1785136092.8291681
1785136092.8291681
1785136092.8291681
1785136092.8291681
1785136092.8291681
1785136092.8291681
1785136092.8291681
1785136092.8291681
1785136092.8291681
1785136092.8291681
1785136092.8291681
1785136092.8291681
1785136092.8291681
1785136092.8291681
1785136092.8291681
1785136092.8291681
1785136092.8291681
1785136092.8291681
1785136092.8291681
1785136092.8291681
1785136092.8291681
1785136092.8291681
1785136092.8291681
1785136092.8293900
1785136092.8293900
1785136092.8293900
1785136092.8293900
1785136092.8293900
1785136092.8293900
1785136092.8293900
1785136092.8293900
1785136092.8293900
1785136092.8293900
1785136092.8293900
1785136092.8293900
1785136092.8293900
1785136092.8293900
1785136092.8293900
1785136092.8293900
1785136092.8293900
1785136092.8293900
1785136092.8293900
1785136092.8293900
1785136092.8293900
1785136092.8293900
1785136092.8293900
1785136092.8293900
1785136092.8293900
1785136092.8293900
1785136092.8293900
1785136092.8293900
1785136092.8293900
1785136092.8293900
1785136092.8293900
1785136092.8293900
1785136092.8293900
1785136092.8293900
1785136092.8293900
1785136092.8293900
1785136092.8293900
1785136092.8293900
1785136092.8293900
1785136092.8293900
1785136092.8293900
1785136092.8293900
1785136092.8293900
1785136092.8293900
1785136092.8293900
1785136092.8293900
1785136092.8293900
1785136092.8293900
1785136092.8293900
1785136092.8296120
1785136092.8296120
1785136092.8296120
1785136092.8296120
1785136092.8296120
1785136092.8296120
1785136092.8296120
1785136092.8296120
1785136092.8296120
1785136092.8296120
1785136092.8296120
1785136092.8296120
1785136092.8296120
1785136092.8296120
1785136092.8296120
1785136092.8296120
1785136092.8296120
1785136092.8296120
1785136092.8296120
1785136092.8296120
1785136092.8296120
1785136092.8296120
1785136092.8296120
1785136092.8296120
1785136092.8296120
1785136092.8296120
1785136092.8296120
1785136092.8296120
1785136092.8296120
1785136092.8296120
1785136092.8296120
1785136092.8296120
1785136092.8296120
1785136092.8296120
1785136092.8296120
1785136092.8296120
1785136092.8296120
1785136092.8296120
1785136092.8296120
1785136092.8296120
1785136092.8296120
1785136092.8296120
1785136092.8296120
1785136092.8296120
1785136092.8296120
1785136092.8296120
1785136092.8296120
1785136092.8296120
1785136092.8296120
1785136092.8298340
1785136092.8298340
1785136092.8298340
1785136092.8298340
1785136092.8298340
1785136092.8298340
1785136092.8298340
1785136092.8298340
1785136092.8298340
1785136092.8298340
1785136092.8298340
1785136092.8298340
1785136092.8298340
1785136092.8298340
1785136092.8298340
1785136092.8298340
1785136092.8298340
1785136092.8298340
1785136092.8298340
1785136092.8298340
1785136092.8298340
1785136092.8298340
1785136092.8298340
1785136092.8298340
1785136092.8298340
1785136092.8298340
1785136092.8298340
1785136092.8298340
1785136092.8298340
1785136092.8298340
1785136092.8298340
1785136092.8298340
1785136092.8298340
1785136092.8298340
1785136092.8298340
1785136092.8298340
1785136092.8298340
1785136092.8298340
1785136092.8298340
1785136092.8298340
1785136092.8298340
1785136092.8298340
1785136092.8298340
1785136092.8298340
1785136092.8298340
1785136092.8298340
1785136092.8298340
1785136092.8298340
1785136092.8298340
1785136092.8300569
1785136092.8300569
1785136092.8300569
1785136092.8300569
1785136092.8300569
1785136092.8300569
1785136092.8300569
1785136092.8300569
1785136092.8300569
1785136092.8300569
1785136092.8300569
1785136092.8300569
1785136092.8300569
1785136092.8300569
1785136092.8300569
1785136092.8300569
1785136092.8300569
1785136092.8300569
1785136092.8300569
1785136092.8300569
1785136092.8300569
1785136092.8300569
1785136092.8300569
1785136092.8300569
1785136092.8300569
1785136092.8300569
1785136092.8300569
1785136092.8300569
1785136092.8300569
1785136092.8300569
1785136092.8300569
1785136092.8300569
1785136092.8300569
1785136092.8300569
1785136092.8300569
1785136092.8300569
1785136092.8300569
1785136092.8300569
1785136092.8300569
1785136092.8300569
1785136092.8300569
1785136092.8300569
1785136092.8300569
1785136092.8300569
1785136092.8300569
1785136092.8300569
1785136092.8300569
1785136092.8300569
1785136092.8300569
1785136092.8300569
1785136092.8302791
1785136092.8302791
1785136092.8302791
1785136092.8302791
1785136092.8302791
1785136092.8302791
1785136092.8302791
1785136092.8302791
1785136092.8302791
1785136092.8302791
1785136092.8302791
1785136092.8302791
1785136092.8302791
1785136092.8302791
1785136092.8302791
1785136092.8302791
1785136092.8302791
1785136092.8302791
1785136092.8302791
1785136092.8302791
1785136092.8302791
1785136092.8302791
1785136092.8302791
1785136092.8302791
1785136092.8302791
1785136092.8302791
1785136092.8302791
1785136092.8302791
1785136092.8302791
1785136092.8302791
1785136092.8302791
1785136092.8302791
1785136092.8302791
1785136092.8302791
1785136092.8302791
1785136092.8302791
1785136092.8302791
1785136092.8302791
1785136092.8302791
1785136092.8302791
1785136092.8302791
1785136092.8302791
1785136092.8302791
1785136092.8302791
1785136092.8302791
1785136092.8302791
1785136092.8302791
1785136092.8302791
1785136092.8302791
1785136092.8302791
1785136092.8305011
1785136092.8305011
1785136092.8305011
1785136092.8305011
1785136092.8305011
1785136092.8305011
1785136092.8305011
1785136092.8305011
1785136092.8305011
1785136092.8305011
1785136092.8305011
1785136092.8305011
1785136092.8305011
1785136092.8305011
1785136092.8305011
1785136092.8305011
1785136092.8305011
1785136092.8305011
1785136092.8305011
1785136092.8305011
1785136092.8305011
1785136092.8305011
1785136092.8305011
1785136092.8305011
1785136092.8305011
1785136092.8305011
1785136092.8305011
1785136092.8305011
1785136092.8305011
1785136092.8305011
1785136092.8305011
1785136092.8305011
1785136092.8305011
1785136092.8305011
1785136092.8305011
1785136092.8305011
1785136092.8305011
1785136092.8305011
1785136092.8305011
1785136092.8305011
1785136092.8305011
1785136092.8305011
1785136092.8305011
1785136092.8305011
1785136092.8305011
1785136092.8305011
1785136092.8305011
1785136092.8305011
1785136092.8305011
1785136092.8305011
1785136092.8307230
1785136092.8307230
1785136092.8307230
1785136092.8307230
1785136092.8307230
1785136092.8307230
1785136092.8307230
1785136092.8307230
1785136092.8307230
1785136092.8307230
1785136092.8307230
1785136092.8307230
1785136092.8307230
1785136092.8307230
1785136092.8307230
1785136092.8307230
1785136092.8307230
1785136092.8307230
1785136092.8307230
1785136092.8307230
1785136092.8307230
1785136092.8307230
1785136092.8307230
1785136092.8307230
1785136092.8307230
1785136092.8307230
1785136092.8307230
1785136092.8307230
1785136092.8307230
1785136092.8307230
1785136092.8307230
1785136092.8307230
1785136092.8307230
1785136092.8307230
1785136092.8307230
1785136092.8307230
1785136092.8307230
1785136092.8307230
1785136092.8307230
1785136092.8307230
1785136092.8307230
1785136092.8307230
1785136092.8307230
1785136092.8307230
1785136092.8307230
1785136092.8307230
1785136092.8307230
1785136092.8307230
1785136092.8307230
1785136092.8307230
1785136092.8309450
1785136092.8309450
1785136092.8309450
1785136092.8309450
1785136092.8309450
1785136092.8309450
1785136092.8309450
1785136092.8309450
1785136092.8309450
1785136092.8309450
1785136092.8309450
1785136092.8309450
1785136092.8309450
1785136092.8309450
1785136092.8309450
1785136092.8309450
1785136092.8309450
1785136092.8309450
1785136092.8309450
1785136092.8309450
1785136092.8309450
1785136092.8309450
1785136092.8309450
1785136092.8309450
1785136092.8309450
1785136092.8309450
1785136092.8309450
1785136092.8309450
1785136092.8309450
1785136092.8309450
1785136092.8309450
1785136092.8309450
1785136092.8309450
1785136092.8309450
1785136092.8309450
1785136092.8309450
1785136092.8309450
1785136092.8309450
1785136092.8309450
1785136092.8309450
1785136092.8309450
1785136092.8309450
1785136092.8309450
1785136092.8309450
1785136092.8309450
1785136092.8309450
1785136092.8309450
1785136092.8309450
1785136092.8309450
1785136092.8309450
1785136092.8311679
1785136092.8311679
1785136092.8311679
1785136092.8311679
1785136092.8311679
1785136092.8311679
1785136092.8311679
1785136092.8311679
1785136092.8311679
1785136092.8311679
1785136092.8311679
1785136092.8311679
1785136092.8311679
1785136092.8311679
1785136092.8311679
1785136092.8311679
1785136092.8311679
1785136092.8311679
1785136092.8311679
1785136092.8311679
1785136092.8311679
1785136092.8311679
1785136092.8311679
1785136092.8311679
1785136092.8311679
1785136092.8311679
1785136092.8311679
1785136092.8311679
1785136092.8311679
1785136092.8311679
1785136092.8311679
1785136092.8311679
1785136092.8311679
1785136092.8311679
1785136092.8311679
1785136092.8311679
1785136092.8311679
1785136092.8311679
1785136092.8311679
1785136092.8311679
1785136092.8311679
1785136092.8311679
1785136092.8311679
1785136092.8311679
1785136092.8311679
1785136092.8311679
1785136092.8311679
1785136092.8311679
1785136092.8311679
1785136092.8311679
1785136092.8313899
1785136092.8313899
1785136092.8313899
1785136092.8313899
1785136092.8313899
1785136092.8313899
1785136092.8313899
1785136092.8313899
1785136092.8313899
1785136092.8313899
1785136092.8313899
1785136092.8313899
1785136092.8313899
1785136092.8313899
1785136092.8313899
1785136092.8313899
1785136092.8313899
1785136092.8313899
1785136092.8313899
1785136092.8313899
1785136092.8313899
1785136092.8313899
1785136092.8313899
1785136092.8313899
1785136092.8313899
1785136092.8313899
1785136092.8313899
1785136092.8313899
1785136092.8313899
1785136092.8313899
1785136092.8313899
1785136092.8313899
1785136092.8313899
1785136092.8313899
1785136092.8313899
1785136092.8313899
1785136092.8313899
1785136092.8313899
1785136092.8313899
1785136092.8313899
1785136092.8313899
1785136092.8313899
1785136092.8313899
1785136092.8313899
1785136092.8313899
1785136092.8313899
1785136092.8313899
1785136092.8313899
1785136092.8313899
1785136092.8313899
1785136092.8316121
1785136092.8316121
1785136092.8316121
1785136092.8316121
1785136092.8316121
1785136092.8316121
1785136092.8316121
1785136092.8316121
1785136092.8316121
1785136092.8316121
1785136092.8316121
1785136092.8316121
1785136092.8316121
1785136092.8316121
1785136092.8316121
1785136092.8316121
1785136092.8316121
1785136092.8316121
1785136092.8316121
1785136092.8316121
1785136092.8316121
1785136092.8316121
1785136092.8316121
1785136092.8316121
1785136092.8316121
1785136092.8316121
1785136092.8316121
1785136092.8316121
1785136092.8316121
1785136092.8316121
1785136092.8316121
1785136092.8316121
1785136092.8316121
1785136092.8316121
1785136092.8316121
1785136092.8316121
1785136092.8316121
1785136092.8316121
1785136092.8316121
1785136092.8316121
1785136092.8316121
1785136092.8316121
1785136092.8316121
1785136092.8316121
1785136092.8316121
1785136092.8316121
1785136092.8316121
1785136092.8316121
1785136092.8316121
1785136092.8316121
1785136092.8318350
1785136092.8318350
1785136092.8318350
1785136092.8318350
1785136092.8318350
1785136092.8318350
1785136092.8318350
1785136092.8318350
1785136092.8318350
1785136092.8318350
1785136092.8318350
1785136092.8318350
1785136092.8318350
1785136092.8318350
1785136092.8318350
1785136092.8318350
1785136092.8318350
1785136092.8318350
1785136092.8318350
1785136092.8318350
1785136092.8318350
1785136092.8318350
1785136092.8318350
1785136092.8318350
1785136092.8318350
1785136092.8318350
1785136092.8318350
1785136092.8318350
1785136092.8318350
1785136092.8318350
1785136092.8318350
1785136092.8318350
1785136092.8318350
1785136092.8318350
1785136092.8318350
1785136092.8318350
1785136092.8318350
1785136092.8318350
1785136092.8318350
1785136092.8318350
1785136092.8318350
1785136092.8318350
1785136092.8318350
1785136092.8318350
1785136092.8318350
1785136092.8318350
1785136092.8318350
1785136092.8318350
1785136092.8318350
1785136092.8318350
1785136092.8318350
1785136092.8320570
1785136092.8320570
1785136092.8320570
1785136092.8320570
1785136092.8320570
1785136092.8320570
1785136092.8320570
1785136092.8320570
1785136092.8320570
1785136092.8320570
1785136092.8320570
1785136092.8320570
1785136092.8320570
1785136092.8320570
1785136092.8320570
1785136092.8320570
1785136092.8320570
1785136092.8320570
1785136092.8320570
1785136092.8320570
1785136092.8320570
1785136092.8320570
1785136092.8320570
1785136092.8320570
1785136092.8320570
1785136092.8320570
1785136092.8320570
1785136092.8320570
1785136092.8320570
1785136092.8320570
1785136092.8320570
1785136092.8320570
1785136092.8320570
1785136092.8320570
1785136092.8320570
1785136092.8320570
1785136092.8320570
1785136092.8320570
1785136092.8320570
1785136092.8320570
1785136092.8320570
1785136092.8320570
1785136092.8320570
1785136092.8320570
1785136092.8320570
1785136092.8320570
1785136092.8320570
1785136092.8320570
1785136092.8320570
1785136092.8320570
1785136092.8320570
1785136092.8322790
1785136092.8322790
1785136092.8322790
1785136092.8322790
1785136092.8322790
1785136092.8322790
1785136092.8322790
1785136092.8322790
1785136092.8322790
1785136092.8322790
1785136092.8322790
1785136092.8322790
1785136092.8322790
1785136092.8322790
1785136092.8322790
1785136092.8322790
1785136092.8322790
1785136092.8322790
1785136092.8322790
1785136092.8322790
1785136092.8322790
1785136092.8322790
1785136092.8322790
1785136092.8322790
1785136092.8322790
1785136092.8322790
1785136092.8322790
1785136092.8322790
1785136092.8322790
1785136092.8322790
1785136092.8322790
1785136092.8322790
1785136092.8322790
1785136092.8322790
1785136092.8322790
1785136092.8322790
1785136092.8322790
1785136092.8322790
1785136092.8322790
1785136092.8322790
1785136092.8322790
1785136092.8322790
1785136092.8322790
1785136092.8322790
1785136092.8322790
1785136092.8322790
1785136092.8322790
1785136092.8322790
1785136092.8322790
1785136092.8322790
1785136092.8322790
1785136092.8325019
1785136092.8325019
1785136092.8325019
1785136092.8325019
1785136092.8325019
1785136092.8325019
1785136092.8325019
1785136092.8325019
1785136092.8325019
1785136092.8325019
1785136092.8325019
1785136092.8325019
1785136092.8325019
1785136092.8325019
1785136092.8325019
1785136092.8325019
1785136092.8325019
1785136092.8325019
1785136092.8325019
1785136092.8325019
1785136092.8325019
1785136092.8325019
1785136092.8325019
1785136092.8325019
1785136092.8325019
1785136092.8325019
1785136092.8325019
1785136092.8325019
1785136092.8325019
1785136092.8325019
1785136092.8325019
1785136092.8325019
1785136092.8325019
1785136092.8325019
1785136092.8325019
1785136092.8325019
1785136092.8325019
1785136092.8325019
1785136092.8325019
1785136092.8325019
1785136092.8325019
1785136092.8325019
1785136092.8325019
1785136092.8325019
1785136092.8325019
1785136092.8325019
1785136092.8325019
1785136092.8325019
1785136092.8325019
1785136092.8325019
1785136092.8325019
1785136092.8327241
1785136092.8327241
1785136092.8327241
1785136092.8327241
1785136092.8327241
1785136092.8327241
1785136092.8327241
1785136092.8327241
1785136092.8327241
1785136092.8327241
1785136092.8327241
1785136092.8327241
1785136092.8327241
1785136092.8327241
1785136092.8327241
1785136092.8327241
1785136092.8327241
1785136092.8327241
1785136092.8327241
1785136092.8327241
1785136092.8327241
1785136092.8327241
1785136092.8327241
1785136092.8327241
1785136092.8327241
1785136092.8327241
1785136092.8327241
1785136092.8327241
1785136092.8327241
1785136092.8327241
1785136092.8327241
1785136092.8327241
1785136092.8327241
1785136092.8327241
1785136092.8327241
1785136092.8327241
1785136092.8327241
1785136092.8327241
1785136092.8327241
1785136092.8327241
1785136092.8327241
1785136092.8327241
1785136092.8327241
1785136092.8327241
1785136092.8327241
1785136092.8327241
1785136092.8327241
1785136092.8327241
1785136092.8327241
1785136092.8327241
1785136092.8327241
1785136092.8329461
1785136092.8329461
1785136092.8329461
1785136092.8329461
1785136092.8329461
1785136092.8329461
1785136092.8329461
1785136092.8329461
1785136092.8329461
1785136092.8329461
1785136092.8329461
1785136092.8329461
1785136092.8329461
1785136092.8329461
1785136092.8329461
1785136092.8329461
1785136092.8329461
1785136092.8329461
1785136092.8329461
1785136092.8329461
1785136092.8329461
1785136092.8329461
1785136092.8329461
1785136092.8329461
1785136092.8329461
1785136092.8329461
1785136092.8329461
1785136092.8329461
1785136092.8329461
1785136092.8329461
1785136092.8329461
1785136092.8329461
1785136092.8329461
1785136092.8329461
1785136092.8329461
1785136092.8329461
1785136092.8329461
1785136092.8329461
1785136092.8329461
1785136092.8329461
1785136092.8329461
1785136092.8329461
1785136092.8329461
1785136092.8329461
1785136092.8329461
1785136092.8329461
1785136092.8329461
1785136092.8329461
1785136092.8329461
1785136092.8329461
1785136092.8329461
1785136092.8331680
1785136092.8331680
1785136092.8331680
1785136092.8331680
1785136092.8331680
1785136092.8331680
1785136092.8331680
1785136092.8331680
1785136092.8331680
1785136092.8331680
1785136092.8331680
1785136092.8331680
1785136092.8331680
1785136092.8331680
1785136092.8331680
1785136092.8331680
1785136092.8331680
1785136092.8331680
1785136092.8331680
1785136092.8331680
1785136092.8331680
1785136092.8331680
1785136092.8331680
1785136092.8331680
1785136092.8331680
1785136092.8331680
1785136092.8331680
1785136092.8331680
1785136092.8331680
1785136092.8331680
1785136092.8331680
1785136092.8331680
1785136092.8331680
1785136092.8331680
1785136092.8331680
1785136092.8331680
1785136092.8331680
1785136092.8331680
1785136092.8331680
1785136092.8331680
1785136092.8331680
1785136092.8331680
1785136092.8331680
1785136092.8331680
1785136092.8331680
1785136092.8331680
1785136092.8331680
1785136092.8331680
1785136092.8331680
1785136092.8331680
1785136092.8331680
1785136092.8333910
1785136092.8333910
1785136092.8333910
1785136092.8333910
1785136092.8333910
1785136092.8333910
1785136092.8333910
1785136092.8333910
1785136092.8333910
1785136092.8333910
1785136092.8333910
1785136092.8333910
1785136092.8333910
1785136092.8333910
1785136092.8333910
1785136092.8333910
1785136092.8333910
1785136092.8333910
1785136092.8333910
1785136092.8333910
1785136092.8333910
1785136092.8333910
1785136092.8333910
1785136092.8333910
1785136092.8333910
1785136092.8333910
1785136092.8333910
1785136092.8333910
1785136092.8333910
1785136092.8333910
1785136092.8333910
1785136092.8333910
1785136092.8333910
1785136092.8333910
1785136092.8333910
1785136092.8333910
1785136092.8333910
1785136092.8333910
1785136092.8333910
1785136092.8333910
1785136092.8333910
1785136092.8333910
1785136092.8333910
1785136092.8333910
1785136092.8333910
1785136092.8333910
1785136092.8333910
1785136092.8333910
1785136092.8333910
1785136092.8333910
1785136092.8333910
1785136092.8336129
1785136092.8336129
1785136092.8336129
1785136092.8336129
1785136092.8336129
1785136092.8336129
1785136092.8336129
1785136092.8336129
1785136092.8336129
1785136092.8336129
1785136092.8336129
1785136092.8336129
1785136092.8336129
1785136092.8336129
1785136092.8336129
1785136092.8336129
1785136092.8336129
1785136092.8336129
1785136092.8336129
1785136092.8336129
1785136092.8336129
1785136092.8336129
1785136092.8336129
1785136092.8336129
1785136092.8336129
1785136092.8336129
1785136092.8336129
1785136092.8336129
1785136092.8336129
1785136092.8336129
1785136092.8336129
1785136092.8336129
1785136092.8336129
1785136092.8336129
1785136092.8336129
1785136092.8336129
1785136092.8336129
1785136092.8336129
1785136092.8336129
1785136092.8336129
1785136092.8336129
1785136092.8336129
1785136092.8336129
1785136092.8336129
1785136092.8336129
1785136092.8336129
1785136092.8336129
1785136092.8336129
1785136092.8336129
1785136092.8336129
1785136092.8336129
1785136092.8338349
1785136092.8338349
1785136092.8338349
1785136092.8338349
1785136092.8338349
1785136092.8338349
1785136092.8338349
1785136092.8338349
1785136092.8338349
1785136092.8338349
1785136092.8338349
1785136092.8338349
1785136092.8338349
1785136092.8338349
1785136092.8338349
1785136092.8338349
1785136092.8338349
1785136092.8338349
1785136092.8338349
1785136092.8338349
1785136092.8338349
1785136092.8338349
1785136092.8338349
1785136092.8338349
1785136092.8338349
1785136092.8338349
1785136092.8338349
1785136092.8338349
1785136092.8338349
1785136092.8338349
1785136092.8338349
1785136092.8338349
1785136092.8338349
1785136092.8338349
1785136092.8338349
1785136092.8338349
1785136092.8338349
1785136092.8338349
1785136092.8338349
1785136092.8338349
1785136092.8338349
1785136092.8338349
1785136092.8338349
1785136092.8338349
1785136092.8338349
1785136092.8338349
1785136092.8338349
1785136092.8338349
1785136092.8338349
1785136092.8338349
1785136092.8338349
1785136092.8338349
1785136092.8340571
1785136092.8340571
1785136092.8340571
1785136092.8340571
1785136092.8340571
1785136092.8340571
1785136092.8340571
1785136092.8340571
1785136092.8340571
1785136092.8340571
1785136092.8340571
1785136092.8340571
1785136092.8340571
1785136092.8340571
1785136092.8340571
1785136092.8340571
1785136092.8340571
1785136092.8340571
1785136092.8340571
1785136092.8340571
1785136092.8340571
1785136092.8340571
1785136092.8340571
1785136092.8340571
1785136092.8340571
1785136092.8340571
1785136092.8340571
1785136092.8340571
1785136092.8340571
1785136092.8340571
1785136092.8340571
1785136092.8340571
1785136092.8340571
1785136092.8340571
1785136092.8340571
1785136092.8340571
1785136092.8340571
1785136092.8340571
1785136092.8340571
1785136092.8340571
1785136092.8340571
1785136092.8340571
1785136092.8340571
1785136092.8340571
1785136092.8340571
1785136092.8340571
1785136092.8340571
1785136092.8340571
1785136092.8340571
1785136092.8340571
1785136092.8340571
1785136092.8340571
1785136092.8342791
1785136092.8342791
1785136092.8342791
1785136092.8342791
1785136092.8342791
1785136092.8342791
1785136092.8342791
1785136092.8342791
1785136092.8342791
1785136092.8342791
1785136092.8342791
1785136092.8342791
1785136092.8342791
1785136092.8342791
1785136092.8342791
1785136092.8342791
1785136092.8342791
1785136092.8342791
1785136092.8342791
1785136092.8342791
1785136092.8342791
1785136092.8342791
1785136092.8342791
1785136092.8342791
1785136092.8342791
1785136092.8342791
1785136092.8342791
1785136092.8342791
1785136092.8342791
1785136092.8342791
1785136092.8342791
1785136092.8342791
1785136092.8342791
1785136092.8342791
1785136092.8342791
1785136092.8342791
1785136092.8342791
1785136092.8342791
1785136092.8342791
1785136092.8342791
1785136092.8342791
1785136092.8342791
1785136092.8342791
1785136092.8342791
1785136092.8342791
1785136092.8342791
1785136092.8342791
1785136092.8342791
1785136092.8342791
1785136092.8342791
1785136092.8342791
1785136092.8342791
1785136092.8345020
1785136092.8345020
1785136092.8345020
1785136092.8345020
1785136092.8345020
1785136092.8345020
1785136092.8345020
1785136092.8345020
1785136092.8345020
1785136092.8345020
1785136092.8345020
1785136092.8345020
1785136092.8345020
1785136092.8345020
1785136092.8345020
1785136092.8345020
1785136092.8345020
1785136092.8345020
1785136092.8345020
1785136092.8345020
1785136092.8345020
1785136092.8345020
1785136092.8345020
1785136092.8345020
1785136092.8345020
1785136092.8345020
1785136092.8345020
1785136092.8345020
1785136092.8345020
1785136092.8345020
1785136092.8345020
1785136092.8345020
1785136092.8345020
1785136092.8345020
1785136092.8345020
1785136092.8345020
1785136092.8345020
1785136092.8345020
1785136092.8345020
1785136092.8345020
1785136092.8345020
1785136092.8345020
1785136092.8345020
1785136092.8345020
1785136092.8345020
1785136092.8345020
1785136092.8345020
1785136092.8345020
1785136092.8345020
1785136092.8345020
1785136092.8345020
1785136092.8345020
1785136092.8347239
1785136092.8347239
1785136092.8347239
1785136092.8347239
1785136092.8347239
1785136092.8347239
1785136092.8347239
1785136092.8347239
1785136092.8347239
1785136092.8347239
1785136092.8347239
1785136092.8347239
1785136092.8347239
1785136092.8347239
1785136092.8347239
1785136092.8347239
1785136092.8347239
1785136092.8347239
1785136092.8347239
1785136092.8347239
1785136092.8347239
1785136092.8347239
1785136092.8347239
1785136092.8347239
1785136092.8347239
1785136092.8347239
1785136092.8347239
1785136092.8347239
1785136092.8347239
1785136092.8347239
1785136092.8347239
1785136092.8347239
1785136092.8347239
1785136092.8347239
1785136092.8347239
1785136092.8347239
1785136092.8347239
1785136092.8347239
1785136092.8347239
1785136092.8347239
1785136092.8347239
1785136092.8347239
1785136092.8347239
1785136092.8347239
1785136092.8347239
1785136092.8347239
1785136092.8347239
1785136092.8347239
1785136092.8347239
1785136092.8347239
1785136092.8347239
1785136092.8347239
1785136092.8349459
1785136092.8349459
1785136092.8349459
1785136092.8349459
1785136092.8349459
1785136092.8349459
1785136092.8349459
1785136092.8349459
1785136092.8349459
1785136092.8349459
1785136092.8349459
1785136092.8349459
1785136092.8349459
1785136092.8349459
1785136092.8349459
1785136092.8349459
1785136092.8349459
1785136092.8349459
1785136092.8349459
1785136092.8349459
1785136092.8349459
1785136092.8349459
1785136092.8349459
1785136092.8349459
1785136092.8349459
1785136092.8349459
1785136092.8349459
1785136092.8349459
1785136092.8349459
1785136092.8349459
1785136092.8349459
1785136092.8349459
1785136092.8349459
1785136092.8349459
1785136092.8349459
1785136092.8349459
1785136092.8349459
1785136092.8349459
1785136092.8349459
1785136092.8349459
1785136092.8349459
1785136092.8349459
1785136092.8349459
1785136092.8349459
1785136092.8349459
1785136092.8349459
1785136092.8349459
1785136092.8349459
1785136092.8349459
1785136092.8349459
1785136092.8349459
1785136092.8349459
1785136092.8351691
1785136092.8351691
1785136092.8351691
1785136092.8351691
1785136092.8351691
1785136092.8351691
1785136092.8351691
1785136092.8351691
1785136092.8351691
1785136092.8351691
1785136092.8351691
1785136092.8351691
1785136092.8351691
1785136092.8351691
1785136092.8351691
1785136092.8351691
1785136092.8351691
1785136092.8351691
1785136092.8351691
1785136092.8351691
1785136092.8351691
1785136092.8351691
1785136092.8351691
1785136092.8351691
1785136092.8351691
1785136092.8351691
1785136092.8351691
1785136092.8351691
1785136092.8351691
1785136092.8351691
1785136092.8351691
1785136092.8351691
1785136092.8351691
1785136092.8351691
1785136092.8351691
1785136092.8351691
1785136092.8351691
1785136092.8351691
1785136092.8351691
1785136092.8351691
1785136092.8351691
1785136092.8351691
1785136092.8351691
1785136092.8351691
1785136092.8351691
1785136092.8351691
1785136092.8351691
1785136092.8351691
1785136092.8351691
1785136092.8351691
1785136092.8351691
1785136092.8351691
1785136092.8353910
1785136092.8353910
1785136092.8353910
1785136092.8353910
1785136092.8353910
1785136092.8353910
1785136092.8353910
1785136092.8353910
1785136092.8353910
1785136092.8353910
1785136092.8353910
1785136092.8353910
1785136092.8353910
1785136092.8353910
1785136092.8353910
1785136092.8353910
1785136092.8353910
1785136092.8353910
1785136092.8353910
1785136092.8353910
1785136092.8353910
1785136092.8353910
1785136092.8353910
1785136092.8353910
1785136092.8353910
1785136092.8353910
1785136092.8353910
1785136092.8353910
1785136092.8353910
1785136092.8353910
1785136092.8353910
1785136092.8353910
1785136092.8353910
1785136092.8353910
1785136092.8353910
1785136092.8353910
1785136092.8353910
1785136092.8353910
1785136092.8353910
1785136092.8353910
1785136092.8353910
1785136092.8353910
1785136092.8353910
1785136092.8353910
1785136092.8353910
1785136092.8353910
1785136092.8353910
1785136092.8353910
1785136092.8353910
1785136092.8353910
1785136092.8353910
1785136092.8353910
1785136092.8356130
1785136092.8356130
1785136092.8356130
1785136092.8356130
1785136092.8356130
1785136092.8356130
1785136092.8356130
1785136092.8356130
1785136092.8356130
1785136092.8356130
1785136092.8356130
1785136092.8356130
1785136092.8356130
1785136092.8356130
1785136092.8356130
1785136092.8356130
1785136092.8356130
1785136092.8356130
1785136092.8356130
1785136092.8356130
1785136092.8356130
1785136092.8356130
1785136092.8356130
1785136092.8356130
1785136092.8356130
1785136092.8356130
1785136092.8356130
1785136092.8356130
1785136092.8356130
1785136092.8356130
1785136092.8356130
1785136092.8356130
1785136092.8356130
1785136092.8356130
1785136092.8356130
1785136092.8356130
1785136092.8356130
1785136092.8356130
1785136092.8356130
1785136092.8356130
1785136092.8356130
1785136092.8356130
1785136092.8356130
1785136092.8356130
1785136092.8356130
1785136092.8356130
1785136092.8356130
1785136092.8356130
1785136092.8356130
1785136092.8356130
1785136092.8356130
1785136092.8356130
1785136092.8358350
1785136092.8358350
1785136092.8358350
1785136092.8358350
1785136092.8358350
1785136092.8358350
1785136092.8358350
1785136092.8358350
1785136092.8358350
1785136092.8358350
1785136092.8358350
1785136092.8358350
1785136092.8358350
1785136092.8358350
1785136092.8358350
1785136092.8358350
1785136092.8358350
1785136092.8358350
1785136092.8358350
1785136092.8358350
1785136092.8358350
1785136092.8358350
1785136092.8358350
1785136092.8358350
1785136092.8358350
1785136092.8358350
1785136092.8358350
1785136092.8358350
1785136092.8358350
1785136092.8358350
1785136092.8358350
1785136092.8358350
1785136092.8358350
1785136092.8358350
1785136092.8358350
1785136092.8358350
1785136092.8358350
1785136092.8358350
1785136092.8358350
1785136092.8358350
1785136092.8358350
1785136092.8358350
1785136092.8358350
1785136092.8358350
1785136092.8358350
1785136092.8358350
1785136092.8358350
1785136092.8358350
1785136092.8358350
1785136092.8358350
1785136092.8358350
1785136092.8358350
1785136092.8360579
1785136092.8360579
1785136092.8360579
1785136092.8360579
1785136092.8360579
1785136092.8360579
1785136092.8360579
1785136092.8360579
1785136092.8360579
1785136092.8360579
1785136092.8360579
1785136092.8360579
1785136092.8360579
1785136092.8360579
1785136092.8360579
1785136092.8360579
1785136092.8360579
1785136092.8360579
1785136092.8360579
1785136092.8360579
1785136092.8360579
1785136092.8360579
1785136092.8360579
1785136092.8360579
1785136092.8360579
1785136092.8360579
1785136092.8360579
1785136092.8360579
1785136092.8360579
1785136092.8360579
1785136092.8360579
1785136092.8360579
1785136092.8360579
1785136092.8360579
1785136092.8360579
1785136092.8360579
1785136092.8360579
1785136092.8360579
1785136092.8360579
1785136092.8360579
1785136092.8360579
1785136092.8360579
1785136092.8360579
1785136092.8360579
1785136092.8360579
1785136092.8360579
1785136092.8360579
1785136092.8360579
1785136092.8360579
1785136092.8360579
1785136092.8360579
1785136092.8360579
1785136092.8362801
1785136092.8362801
1785136092.8362801
1785136092.8362801
1785136092.8362801
1785136092.8362801
1785136092.8362801
1785136092.8362801
1785136092.8362801
1785136092.8362801
1785136092.8362801
1785136092.8362801
1785136092.8362801
1785136092.8362801
1785136092.8362801
1785136092.8362801
1785136092.8362801
1785136092.8362801
1785136092.8362801
1785136092.8362801
1785136092.8362801
1785136092.8362801
1785136092.8362801
1785136092.8362801
1785136092.8362801
1785136092.8362801
1785136092.8362801
1785136092.8362801
1785136092.8362801
1785136092.8362801
1785136092.8362801
1785136092.8362801
1785136092.8362801
1785136092.8362801
1785136092.8362801
1785136092.8362801
1785136092.8362801
1785136092.8362801
1785136092.8362801
1785136092.8362801
1785136092.8362801
1785136092.8362801
1785136092.8362801
1785136092.8362801
1785136092.8362801
1785136092.8362801
1785136092.8362801
1785136092.8362801
1785136092.8362801
1785136092.8362801
1785136092.8362801
1785136092.8362801
1785136092.8365021
1785136092.8365021
1785136092.8365021
1785136092.8365021
1785136092.8365021
1785136092.8365021
1785136092.8365021
1785136092.8365021
1785136092.8365021
1785136092.8365021
1785136092.8365021
1785136092.8365021
1785136092.8365021
1785136092.8365021
1785136092.8365021
1785136092.8365021
1785136092.8365021
1785136092.8365021
1785136092.8365021
1785136092.8365021
1785136092.8365021
1785136092.8365021
1785136092.8365021
1785136092.8365021
1785136092.8365021
1785136092.8365021
1785136092.8365021
1785136092.8365021
1785136092.8365021
1785136092.8365021
1785136092.8365021
1785136092.8365021
1785136092.8365021
1785136092.8365021
1785136092.8365021
1785136092.8365021
1785136092.8365021
1785136092.8365021
1785136092.8365021
1785136092.8365021
1785136092.8365021
1785136092.8365021
1785136092.8365021
1785136092.8365021
1785136092.8365021
1785136092.8365021
1785136092.8365021
1785136092.8365021
1785136092.8365021
1785136092.8365021
1785136092.8365021
1785136092.8365021
1785136092.8367240
1785136092.8367240
1785136092.8367240
1785136092.8367240
1785136092.8367240
1785136092.8367240
1785136092.8367240
1785136092.8367240
1785136092.8367240
1785136092.8367240
1785136092.8367240
1785136092.8367240
1785136092.8367240
1785136092.8367240
1785136092.8367240
1785136092.8367240
1785136092.8367240
1785136092.8367240
1785136092.8367240
1785136092.8367240
1785136092.8367240
1785136092.8367240
1785136092.8367240
1785136092.8367240
1785136092.8367240
1785136092.8367240
1785136092.8367240
1785136092.8367240
1785136092.8367240
1785136092.8367240
1785136092.8367240
1785136092.8367240
1785136092.8367240
1785136092.8367240
1785136092.8367240
1785136092.8367240
1785136092.8367240
1785136092.8367240
1785136092.8367240
1785136092.8367240
1785136092.8367240
1785136092.8367240
1785136092.8367240
1785136092.8367240
1785136092.8367240
1785136092.8367240
1785136092.8367240
1785136092.8367240
1785136092.8367240
1785136092.8367240
1785136092.8367240
1785136092.8367240
1785136092.8369470
1785136092.8369470
1785136092.8369470
1785136092.8369470
1785136092.8369470
1785136092.8369470
1785136092.8369470
1785136092.8369470
1785136092.8369470
1785136092.8369470
1785136092.8369470
1785136092.8369470
1785136092.8369470
1785136092.8369470
1785136092.8369470
1785136092.8369470
1785136092.8369470
1785136092.8369470
1785136092.8369470
1785136092.8369470
1785136092.8369470
1785136092.8369470
1785136092.8369470
1785136092.8369470
1785136092.8369470
1785136092.8369470
1785136092.8369470
1785136092.8369470
1785136092.8369470
1785136092.8369470
1785136092.8369470
1785136092.8369470
1785136092.8369470
1785136092.8369470
1785136092.8369470
1785136092.8369470
1785136092.8369470
1785136092.8369470
1785136092.8369470
1785136092.8369470
1785136092.8369470
1785136092.8369470
1785136092.8369470
1785136092.8369470
1785136092.8369470
1785136092.8369470
1785136092.8369470
1785136092.8369470
1785136092.8369470
1785136092.8369470
1785136092.8369470
1785136092.8369470
1785136092.8371689
1785136092.8371689
1785136092.8371689
1785136092.8371689
1785136092.8371689
1785136092.8371689
1785136092.8371689
1785136092.8371689
1785136092.8371689
1785136092.8371689
1785136092.8371689
1785136092.8371689
1785136092.8371689
1785136092.8371689
1785136092.8371689
1785136092.8371689
1785136092.8371689
1785136092.8371689
1785136092.8371689
1785136092.8371689
1785136092.8371689
1785136092.8371689
1785136092.8371689
1785136092.8371689
1785136092.8371689
1785136092.8371689
1785136092.8371689
1785136092.8371689
1785136092.8371689
1785136092.8371689
1785136092.8371689
1785136092.8371689
1785136092.8371689
1785136092.8371689
1785136092.8371689
1785136092.8371689
1785136092.8371689
1785136092.8371689
1785136092.8371689
1785136092.8371689
1785136092.8371689
1785136092.8371689
1785136092.8371689
1785136092.8371689
1785136092.8371689
1785136092.8371689
1785136092.8371689
1785136092.8371689
1785136092.8371689
1785136092.8371689
1785136092.8371689
1785136092.8371689
1785136092.8373909
1785136092.8373909
1785136092.8373909
1785136092.8373909
1785136092.8373909
1785136092.8373909
1785136092.8373909
1785136092.8373909
1785136092.8373909
1785136092.8373909
1785136092.8373909
1785136092.8373909
1785136092.8373909
1785136092.8373909
1785136092.8373909
1785136092.8373909
1785136092.8373909
1785136092.8373909
1785136092.8373909
1785136092.8373909
1785136092.8373909
1785136092.8373909
1785136092.8373909
1785136092.8373909
1785136092.8373909
1785136092.8373909
1785136092.8373909
1785136092.8373909
1785136092.8373909
1785136092.8373909
1785136092.8373909
1785136092.8373909
1785136092.8373909
1785136092.8373909
1785136092.8373909
1785136092.8373909
1785136092.8373909
1785136092.8373909
1785136092.8373909
1785136092.8373909
1785136092.8373909
1785136092.8373909
1785136092.8373909
1785136092.8373909
1785136092.8373909
1785136092.8373909
1785136092.8373909
1785136092.8373909
1785136092.8373909
1785136092.8373909
1785136092.8373909
1785136092.8373909
1785136092.8376131
1785136092.8376131
1785136092.8376131
1785136092.8376131
1785136092.8376131
1785136092.8376131
1785136092.8376131
1785136092.8376131
1785136092.8376131
1785136092.8376131
1785136092.8376131
1785136092.8376131
1785136092.8376131
1785136092.8376131
1785136092.8376131
1785136092.8376131
1785136092.8376131
1785136092.8376131
1785136092.8376131
1785136092.8376131
1785136092.8376131
1785136092.8376131
1785136092.8376131
1785136092.8376131
1785136092.8376131
1785136092.8376131
1785136092.8376131
1785136092.8376131
1785136092.8376131
1785136092.8376131
1785136092.8376131
1785136092.8376131
1785136092.8376131
1785136092.8376131
1785136092.8376131
1785136092.8376131
1785136092.8376131
1785136092.8376131
1785136092.8376131
1785136092.8376131
1785136092.8376131
1785136092.8376131
1785136092.8376131
1785136092.8376131
1785136092.8376131
1785136092.8376131
1785136092.8376131
1785136092.8376131
1785136092.8376131
1785136092.8376131
1785136092.8376131
1785136092.8376131
1785136092.8378360
1785136092.8378360
1785136092.8378360
1785136092.8378360
1785136092.8378360
1785136092.8378360
1785136092.8378360
1785136092.8378360
1785136092.8378360
1785136092.8378360
1785136092.8378360
1785136092.8378360
1785136092.8378360
1785136092.8378360
1785136092.8378360
1785136092.8378360
1785136092.8378360
1785136092.8378360
1785136092.8378360
1785136092.8378360
1785136092.8378360
1785136092.8378360
1785136092.8378360
1785136092.8378360
1785136092.8378360
1785136092.8378360
1785136092.8378360
1785136092.8378360
1785136092.8378360
1785136092.8378360
1785136092.8378360
1785136092.8378360
1785136092.8378360
1785136092.8378360
1785136092.8378360
1785136092.8378360
1785136092.8378360
1785136092.8378360
1785136092.8378360
1785136092.8378360
1785136092.8378360
1785136092.8378360
1785136092.8378360
1785136092.8378360
1785136092.8378360
1785136092.8378360
1785136092.8378360
1785136092.8378360
1785136092.8378360
1785136092.8378360
1785136092.8378360
1785136092.8378360
1785136092.8380580
1785136092.8380580
1785136092.8380580
1785136092.8380580
1785136092.8380580
1785136092.8380580
1785136092.8380580
1785136092.8380580
1785136092.8380580
1785136092.8380580
1785136092.8380580
1785136092.8380580
1785136092.8380580
1785136092.8380580
1785136092.8380580
1785136092.8380580
1785136092.8380580
1785136092.8380580
1785136092.8380580
1785136092.8380580
1785136092.8380580
1785136092.8380580
1785136092.8380580
1785136092.8380580
1785136092.8380580
1785136092.8380580
1785136092.8380580
1785136092.8380580
1785136092.8380580
1785136092.8380580
1785136092.8380580
1785136092.8380580
1785136092.8380580
1785136092.8380580
1785136092.8380580
1785136092.8380580
1785136092.8380580
1785136092.8380580
1785136092.8380580
1785136092.8380580
1785136092.8380580
1785136092.8380580
1785136092.8380580
1785136092.8380580
1785136092.8380580
1785136092.8380580
1785136092.8380580
1785136092.8380580
1785136092.8380580
1785136092.8380580
1785136092.8380580
1785136092.8380580
1785136092.8382800
1785136092.8382800
1785136092.8382800
1785136092.8382800
1785136092.8382800
1785136092.8382800
1785136092.8382800
1785136092.8382800
1785136092.8382800
1785136092.8382800
1785136092.8382800
1785136092.8382800
1785136092.8382800
1785136092.8382800
1785136092.8382800
1785136092.8382800
1785136092.8382800
1785136092.8382800
1785136092.8382800
1785136092.8382800
1785136092.8382800
1785136092.8382800
1785136092.8382800
1785136092.8382800
1785136092.8382800
1785136092.8382800
1785136092.8382800
1785136092.8382800
1785136092.8382800
1785136092.8382800
1785136092.8382800
1785136092.8382800
1785136092.8382800
1785136092.8382800
1785136092.8382800
1785136092.8382800
1785136092.8382800
1785136092.8382800
1785136092.8382800
1785136092.8382800
1785136092.8382800
1785136092.8382800
1785136092.8382800
1785136092.8382800
1785136092.8382800
1785136092.8382800
1785136092.8382800
1785136092.8382800
1785136092.8382800
1785136092.8382800
1785136092.8382800
1785136092.8382800
1785136092.8385029
1785136092.8385029
1785136092.8385029
1785136092.8385029
1785136092.8385029
1785136092.8385029
1785136092.8385029
1785136092.8385029
1785136092.8385029
1785136092.8385029
1785136092.8385029
1785136092.8385029
1785136092.8385029
1785136092.8385029
1785136092.8385029
1785136092.8385029
1785136092.8385029
1785136092.8385029
1785136092.8385029
1785136092.8385029
1785136092.8385029
1785136092.8385029
1785136092.8385029
1785136092.8385029
1785136092.8385029
1785136092.8385029
1785136092.8385029
1785136092.8385029
1785136092.8385029
1785136092.8385029
1785136092.8385029
1785136092.8385029
1785136092.8385029
1785136092.8385029
1785136092.8385029
1785136092.8385029
1785136092.8385029
1785136092.8385029
1785136092.8385029
1785136092.8385029
1785136092.8385029
1785136092.8385029
1785136092.8385029
1785136092.8385029
1785136092.8385029
1785136092.8385029
1785136092.8385029
1785136092.8385029
1785136092.8385029
1785136092.8385029
1785136092.8385029
1785136092.8385029
1785136092.8387251
1785136092.8387251
1785136092.8387251
1785136092.8387251
1785136092.8387251
1785136092.8387251
1785136092.8387251
1785136092.8387251
1785136092.8387251
1785136092.8387251
1785136092.8387251
1785136092.8387251
1785136092.8387251
1785136092.8387251
1785136092.8387251
1785136092.8387251
1785136092.8387251
1785136092.8387251
1785136092.8387251
1785136092.8387251
1785136092.8387251
1785136092.8387251
1785136092.8387251
1785136092.8387251
1785136092.8387251
1785136092.8387251
1785136092.8387251
1785136092.8387251
1785136092.8387251
1785136092.8387251
1785136092.8387251
1785136092.8387251
1785136092.8387251
1785136092.8387251
1785136092.8387251
1785136092.8387251
1785136092.8387251
1785136092.8387251
1785136092.8387251
1785136092.8387251
1785136092.8387251
1785136092.8387251
1785136092.8387251
1785136092.8387251
1785136092.8387251
1785136092.8387251
1785136092.8387251
1785136092.8387251
1785136092.8387251
1785136092.8387251
1785136092.8387251
1785136092.8387251
1785136092.8389471
1785136092.8389471
1785136092.8389471
1785136092.8389471
1785136092.8389471
1785136092.8389471
1785136092.8389471
1785136092.8389471
1785136092.8389471
1785136092.8389471
1785136092.8389471
1785136092.8389471
1785136092.8389471
1785136092.8389471
1785136092.8389471
1785136092.8389471
1785136092.8389471
1785136092.8389471
1785136092.8389471
1785136092.8389471
1785136092.8389471
1785136092.8389471
1785136092.8389471
1785136092.8389471
1785136092.8389471
1785136092.8389471
1785136092.8389471
1785136092.8389471
1785136092.8389471
1785136092.8389471
1785136092.8389471
1785136092.8389471
1785136092.8389471
1785136092.8389471
1785136092.8389471
1785136092.8389471
1785136092.8389471
1785136092.8389471
1785136092.8389471
1785136092.8389471
1785136092.8389471
1785136092.8389471
1785136092.8389471
1785136092.8389471
1785136092.8389471
1785136092.8389471
1785136092.8389471
1785136092.8389471
1785136092.8389471
1785136092.8389471
1785136092.8389471
1785136092.8389471
1785136092.8391690
1785136092.8391690
1785136092.8391690
1785136092.8391690
1785136092.8391690
1785136092.8391690
1785136092.8391690
1785136092.8391690
1785136092.8391690
1785136092.8391690
1785136092.8391690
1785136092.8391690
1785136092.8391690
1785136092.8391690
1785136092.8391690
1785136092.8391690
1785136092.8391690
1785136092.8391690
1785136092.8391690
1785136092.8391690
1785136092.8391690
1785136092.8391690
1785136092.8391690
1785136092.8391690
1785136092.8391690
1785136092.8391690
1785136092.8391690
1785136092.8391690
1785136092.8391690
1785136092.8391690
1785136092.8391690
1785136092.8391690
1785136092.8391690
1785136092.8391690
1785136092.8391690
1785136092.8391690
1785136092.8391690
1785136092.8391690
1785136092.8391690
1785136092.8391690
1785136092.8391690
1785136092.8391690
1785136092.8391690
1785136092.8391690
1785136092.8391690
1785136092.8391690
1785136092.8391690
1785136092.8391690
1785136092.8391690
1785136092.8391690
1785136092.8391690
1785136092.8391690
1785136092.8391690
1785136092.8393910
1785136092.8393910
1785136092.8393910
1785136092.8393910
1785136092.8393910
1785136092.8393910
1785136092.8393910
1785136092.8393910
1785136092.8393910
1785136092.8393910
1785136092.8393910
1785136092.8393910
1785136092.8393910
1785136092.8393910
1785136092.8393910
1785136092.8393910
1785136092.8393910
1785136092.8393910
1785136092.8393910
1785136092.8393910
1785136092.8393910
1785136092.8393910
1785136092.8393910
1785136092.8393910
1785136092.8393910
1785136092.8393910
1785136092.8393910
1785136092.8393910
1785136092.8393910
1785136092.8393910
1785136092.8393910
1785136092.8393910
1785136092.8393910
1785136092.8393910
1785136092.8393910
1785136092.8393910
1785136092.8393910
1785136092.8393910
1785136092.8393910
1785136092.8393910
1785136092.8393910
1785136092.8393910
1785136092.8393910
1785136092.8393910
1785136092.8393910
1785136092.8393910
1785136092.8393910
1785136092.8393910
1785136092.8393910
1785136092.8393910
1785136092.8393910
1785136092.8393910
1785136092.8396139
1785136092.8396139
1785136092.8396139
1785136092.8396139
1785136092.8396139
1785136092.8396139
1785136092.8396139
1785136092.8396139
1785136092.8396139
1785136092.8396139
1785136092.8396139
1785136092.8396139
1785136092.8396139
1785136092.8396139
1785136092.8396139
1785136092.8396139
1785136092.8396139
1785136092.8396139
1785136092.8396139
1785136092.8396139
1785136092.8396139
1785136092.8396139
1785136092.8396139
1785136092.8396139
1785136092.8396139
1785136092.8396139
1785136092.8396139
1785136092.8396139
1785136092.8396139
1785136092.8396139
1785136092.8396139
1785136092.8396139
1785136092.8396139
1785136092.8396139
1785136092.8396139
1785136092.8396139
1785136092.8396139
1785136092.8396139
1785136092.8396139
1785136092.8396139
1785136092.8396139
1785136092.8396139
1785136092.8396139
1785136092.8396139
1785136092.8396139
1785136092.8396139
1785136092.8396139
1785136092.8396139
1785136092.8396139
1785136092.8396139
1785136092.8396139
1785136092.8396139
1785136092.8398359
1785136092.8398359
1785136092.8398359
1785136092.8398359
1785136092.8398359
1785136092.8398359
1785136092.8398359
1785136092.8398359
1785136092.8398359
1785136092.8398359
1785136092.8398359
1785136092.8398359
1785136092.8398359
1785136092.8398359
1785136092.8398359
1785136092.8398359
1785136092.8398359
1785136092.8398359
1785136092.8398359
1785136092.8398359
1785136092.8398359
1785136092.8398359
1785136092.8398359
1785136092.8398359
1785136092.8398359
1785136092.8398359
1785136092.8398359
1785136092.8398359
1785136092.8398359
1785136092.8398359
1785136092.8398359
1785136092.8398359
1785136092.8398359
1785136092.8398359
1785136092.8398359
1785136092.8398359
1785136092.8398359
1785136092.8398359
1785136092.8398359
1785136092.8398359
1785136092.8398359
1785136092.8398359
1785136092.8398359
1785136092.8398359
1785136092.8398359
1785136092.8398359
1785136092.8398359
1785136092.8398359
1785136092.8398359
1785136092.8398359
1785136092.8398359
1785136092.8398359
1785136092.8400581
1785136092.8400581
1785136092.8400581
1785136092.8400581
1785136092.8400581
1785136092.8400581
1785136092.8400581
1785136092.8400581
1785136092.8400581
1785136092.8400581
1785136092.8400581
1785136092.8400581
1785136092.8400581
1785136092.8400581
1785136092.8400581
1785136092.8400581
1785136092.8400581
1785136092.8400581
1785136092.8400581
1785136092.8400581
1785136092.8400581
1785136092.8400581
1785136092.8400581
1785136092.8400581
1785136092.8400581
1785136092.8400581
1785136092.8400581
1785136092.8400581
1785136092.8400581
1785136092.8400581
1785136092.8400581
1785136092.8400581
1785136092.8400581
1785136092.8400581
1785136092.8400581
1785136092.8400581
1785136092.8400581
1785136092.8400581
1785136092.8400581
1785136092.8400581
1785136092.8400581
1785136092.8400581
1785136092.8400581
1785136092.8400581
1785136092.8400581
1785136092.8400581
1785136092.8400581
1785136092.8400581
1785136092.8400581
1785136092.8400581
1785136092.8400581
1785136092.8400581
1785136092.8402801
1785136092.8402801
1785136092.8402801
1785136092.8402801
1785136092.8402801
1785136092.8402801
1785136092.8402801
1785136092.8402801
1785136092.8402801
1785136092.8402801
1785136092.8402801
1785136092.8402801
1785136092.8402801
1785136092.8402801
1785136092.8402801
1785136092.8402801
1785136092.8402801
1785136092.8402801
1785136092.8402801
1785136092.8402801
1785136092.8402801
1785136092.8402801
1785136092.8402801
1785136092.8402801
1785136092.8402801
1785136092.8402801
1785136092.8402801
1785136092.8402801
1785136092.8402801
1785136092.8402801
1785136092.8402801
1785136092.8402801
1785136092.8402801
1785136092.8402801
1785136092.8402801
1785136092.8402801
1785136092.8402801
1785136092.8402801
1785136092.8402801
1785136092.8402801
1785136092.8402801
1785136092.8402801
1785136092.8402801
1785136092.8402801
1785136092.8402801
1785136092.8402801
1785136092.8402801
1785136092.8402801
1785136092.8402801
1785136092.8402801
1785136092.8402801
1785136092.8402801
1785136092.8405030
1785136092.8405030
1785136092.8405030
1785136092.8405030
1785136092.8405030
1785136092.8405030
1785136092.8405030
1785136092.8405030
1785136092.8405030
1785136092.8405030
1785136092.8405030
1785136092.8405030
1785136092.8405030
1785136092.8405030
1785136092.8405030
1785136092.8405030
1785136092.8405030
1785136092.8405030
1785136092.8405030
1785136092.8405030
1785136092.8405030
1785136092.8405030
1785136092.8405030
1785136092.8405030
1785136092.8405030
1785136092.8405030
1785136092.8405030
1785136092.8405030
1785136092.8405030
1785136092.8405030
1785136092.8405030
1785136092.8405030
1785136092.8405030
1785136092.8405030
1785136092.8405030
1785136092.8405030
1785136092.8405030
1785136092.8405030
1785136092.8405030
1785136092.8405030
1785136092.8405030
1785136092.8405030
1785136092.8405030
1785136092.8405030
1785136092.8405030
1785136092.8405030
1785136092.8405030
1785136092.8405030
1785136092.8405030
1785136092.8405030
1785136092.8405030
1785136092.8405030
1785136092.8407249
1785136092.8407249
1785136092.8407249
1785136092.8407249
1785136092.8407249
1785136092.8407249
1785136092.8407249
1785136092.8407249
1785136092.8407249
1785136092.8407249
1785136092.8407249
1785136092.8407249
1785136092.8407249
1785136092.8407249
1785136092.8407249
1785136092.8407249
1785136092.8407249
1785136092.8407249
1785136092.8407249
1785136092.8407249
1785136092.8407249
1785136092.8407249
1785136092.8407249
1785136092.8407249
1785136092.8407249
1785136092.8407249
1785136092.8407249
1785136092.8407249
1785136092.8407249
1785136092.8407249
1785136092.8407249
1785136092.8407249
1785136092.8407249
1785136092.8407249
1785136092.8407249
1785136092.8407249
1785136092.8407249
1785136092.8407249
1785136092.8407249
1785136092.8407249
1785136092.8407249
1785136092.8407249
1785136092.8407249
1785136092.8407249
1785136092.8407249
1785136092.8407249
1785136092.8407249
1785136092.8407249
1785136092.8407249
1785136092.8407249
1785136092.8407249
1785136092.8407249
1785136092.8409469
1785136092.8409469
1785136092.8409469
1785136092.8409469
1785136092.8409469
1785136092.8409469
1785136092.8409469
1785136092.8409469
1785136092.8409469
1785136092.8409469
1785136092.8409469
1785136092.8409469
1785136092.8409469
1785136092.8409469
1785136092.8409469
1785136092.8409469
1785136092.8409469
1785136092.8409469
1785136092.8409469
1785136092.8409469
1785136092.8409469
1785136092.8409469
1785136092.8409469
1785136092.8409469
1785136092.8409469
1785136092.8409469
1785136092.8409469
1785136092.8409469
1785136092.8409469
1785136092.8409469
1785136092.8409469
1785136092.8409469
1785136092.8409469
1785136092.8409469
1785136092.8409469
1785136092.8409469
1785136092.8409469
1785136092.8409469
1785136092.8409469
1785136092.8409469
1785136092.8409469
1785136092.8409469
1785136092.8409469
1785136092.8409469
1785136092.8409469
1785136092.8409469
1785136092.8409469
1785136092.8409469
1785136092.8409469
1785136092.8409469
1785136092.8409469
1785136092.8409469
1785136092.8411691
1785136092.8411691
1785136092.8411691
1785136092.8411691
1785136092.8411691
1785136092.8411691
1785136092.8411691
1785136092.8411691
1785136092.8411691
1785136092.8411691
1785136092.8411691
1785136092.8411691
1785136092.8411691
1785136092.8411691
1785136092.8411691
1785136092.8411691
1785136092.8411691
1785136092.8411691
1785136092.8411691
1785136092.8411691
1785136092.8411691
1785136092.8411691
1785136092.8411691
1785136092.8411691
1785136092.8411691
1785136092.8411691
1785136092.8411691
1785136092.8411691
1785136092.8411691
1785136092.8411691
1785136092.8411691
1785136092.8411691
1785136092.8411691
1785136092.8411691
1785136092.8411691
1785136092.8411691
1785136092.8411691
1785136092.8411691
1785136092.8411691
1785136092.8411691
1785136092.8411691
1785136092.8411691
1785136092.8411691
1785136092.8411691
1785136092.8411691
1785136092.8411691
1785136092.8411691
1785136092.8411691
1785136092.8411691
1785136092.8411691
1785136092.8411691
1785136092.8411691
1785136092.8413920
1785136092.8413920
1785136092.8413920
1785136092.8413920
1785136092.8413920
1785136092.8413920
1785136092.8413920
1785136092.8413920
1785136092.8413920
1785136092.8413920
1785136092.8413920
1785136092.8413920
1785136092.8413920
1785136092.8413920
1785136092.8413920
1785136092.8413920
1785136092.8413920
1785136092.8413920
1785136092.8413920
1785136092.8413920
1785136092.8413920
1785136092.8413920
1785136092.8413920
1785136092.8413920
1785136092.8413920
1785136092.8413920
1785136092.8413920
1785136092.8413920
1785136092.8413920
1785136092.8413920
1785136092.8413920
1785136092.8413920
1785136092.8413920
1785136092.8413920
1785136092.8413920
1785136092.8413920
1785136092.8413920
1785136092.8413920
1785136092.8413920
1785136092.8413920
1785136092.8413920
1785136092.8413920
1785136092.8413920
1785136092.8413920
1785136092.8413920
1785136092.8413920
1785136092.8413920
1785136092.8413920
1785136092.8413920
1785136092.8413920
1785136092.8413920
1785136092.8413920
1785136092.8416140
1785136092.8416140
1785136092.8416140
1785136092.8416140
1785136092.8416140
1785136092.8416140
1785136092.8416140
1785136092.8416140
1785136092.8416140
1785136092.8416140
1785136092.8416140
1785136092.8416140
1785136092.8416140
1785136092.8416140
1785136092.8416140
1785136092.8416140
1785136092.8416140
1785136092.8416140
1785136092.8416140
1785136092.8416140
1785136092.8416140
1785136092.8416140
1785136092.8416140
1785136092.8416140
1785136092.8416140
1785136092.8416140
1785136092.8416140
1785136092.8416140
1785136092.8416140
1785136092.8416140
1785136092.8416140
1785136092.8416140
1785136092.8416140
1785136092.8416140
1785136092.8416140
1785136092.8416140
1785136092.8416140
1785136092.8416140
1785136092.8416140
1785136092.8416140
1785136092.8416140
1785136092.8416140
1785136092.8416140
1785136092.8416140
1785136092.8416140
1785136092.8416140
1785136092.8416140
1785136092.8416140
1785136092.8416140
1785136092.8416140
1785136092.8416140
1785136092.8416140
1785136092.8418360
1785136092.8418360
1785136092.8418360
1785136092.8418360
1785136092.8418360
1785136092.8418360
1785136092.8418360
1785136092.8418360
1785136092.8418360
1785136092.8418360
1785136092.8418360
1785136092.8418360
1785136092.8418360
1785136092.8418360
1785136092.8418360
1785136092.8418360
1785136092.8418360
1785136092.8418360
1785136092.8418360
1785136092.8418360
1785136092.8418360
1785136092.8418360
1785136092.8418360
1785136092.8418360
1785136092.8418360
1785136092.8418360
1785136092.8418360
1785136092.8418360
1785136092.8418360
1785136092.8418360
1785136092.8418360
1785136092.8418360
1785136092.8418360
1785136092.8418360
1785136092.8418360
1785136092.8418360
1785136092.8418360
1785136092.8418360
1785136092.8418360
1785136092.8418360
1785136092.8418360
1785136092.8418360
1785136092.8418360
1785136092.8418360
1785136092.8418360
1785136092.8418360
1785136092.8418360
1785136092.8418360
1785136092.8418360
1785136092.8418360
1785136092.8418360
1785136092.8418360
1785136092.8420579
1785136092.8420579
1785136092.8420579
1785136092.8420579
1785136092.8420579
1785136092.8420579
1785136092.8420579
1785136092.8420579
1785136092.8420579
1785136092.8420579
1785136092.8420579
1785136092.8420579
1785136092.8420579
1785136092.8420579
1785136092.8420579
1785136092.8420579
1785136092.8420579
1785136092.8420579
1785136092.8420579
1785136092.8420579
1785136092.8420579
1785136092.8420579
1785136092.8420579
1785136092.8420579
1785136092.8420579
1785136092.8420579
1785136092.8420579
1785136092.8420579
1785136092.8420579
1785136092.8420579
1785136092.8420579
1785136092.8420579
1785136092.8420579
1785136092.8420579
1785136092.8420579
1785136092.8420579
1785136092.8420579
1785136092.8420579
1785136092.8420579
1785136092.8420579
1785136092.8420579
1785136092.8420579
1785136092.8420579
1785136092.8420579
1785136092.8420579
1785136092.8420579
1785136092.8420579
1785136092.8420579
1785136092.8420579
1785136092.8420579
1785136092.8420579
1785136092.8420579
1785136092.8422811
1785136092.8422811
1785136092.8422811
1785136092.8422811
1785136092.8422811
1785136092.8422811
1785136092.8422811
1785136092.8422811
1785136092.8422811
1785136092.8422811
1785136092.8422811
1785136092.8422811
1785136092.8422811
1785136092.8422811
1785136092.8422811
1785136092.8422811
1785136092.8422811
1785136092.8422811
1785136092.8422811
1785136092.8422811
1785136092.8422811
1785136092.8422811
1785136092.8422811
1785136092.8422811
1785136092.8422811
1785136092.8422811
1785136092.8422811
1785136092.8422811
1785136092.8422811
1785136092.8422811
1785136092.8422811
1785136092.8422811
1785136092.8422811
1785136092.8422811
1785136092.8422811
1785136092.8422811
1785136092.8422811
1785136092.8422811
1785136092.8422811
1785136092.8422811
1785136092.8422811
1785136092.8422811
1785136092.8422811
1785136092.8422811
1785136092.8422811
1785136092.8422811
1785136092.8422811
1785136092.8422811
1785136092.8422811
1785136092.8422811
1785136092.8422811
1785136092.8422811
1785136092.8425031
1785136092.8425031
1785136092.8425031
1785136092.8425031
1785136092.8425031
1785136092.8425031
1785136092.8425031
1785136092.8425031
1785136092.8425031
1785136092.8425031
1785136092.8425031
1785136092.8425031
1785136092.8425031
1785136092.8425031
1785136092.8425031
1785136092.8425031
1785136092.8425031
1785136092.8425031
1785136092.8425031
1785136092.8425031
1785136092.8425031
1785136092.8425031
1785136092.8425031
1785136092.8425031
1785136092.8425031
1785136092.8425031
1785136092.8425031
1785136092.8425031
1785136092.8425031
1785136092.8425031
1785136092.8425031
1785136092.8425031
1785136092.8425031
1785136092.8425031
1785136092.8425031
1785136092.8425031
1785136092.8425031
1785136092.8425031
1785136092.8425031
1785136092.8425031
1785136092.8425031
1785136092.8425031
1785136092.8425031
1785136092.8425031
1785136092.8425031
1785136092.8425031
1785136092.8425031
1785136092.8425031
1785136092.8425031
1785136092.8425031
1785136092.8425031
1785136092.8425031
1785136092.8427250
1785136092.8427250
1785136092.8427250
1785136092.8427250
1785136092.8427250
1785136092.8427250
1785136092.8427250
1785136092.8427250
1785136092.8427250
1785136092.8427250
1785136092.8427250
1785136092.8427250
1785136092.8427250
1785136092.8427250
1785136092.8427250
1785136092.8427250
1785136092.8427250
1785136092.8427250
1785136092.8427250
1785136092.8427250
1785136092.8427250
1785136092.8427250
1785136092.8427250
1785136092.8427250
1785136092.8427250
1785136092.8427250
1785136092.8427250
1785136092.8427250
1785136092.8427250
1785136092.8427250
1785136092.8427250
1785136092.8427250
1785136092.8427250
1785136092.8427250
1785136092.8427250
1785136092.8427250
1785136092.8427250
1785136092.8427250
1785136092.8427250
1785136092.8427250
1785136092.8427250
1785136092.8427250
1785136092.8427250
1785136092.8427250
1785136092.8427250
1785136092.8427250
1785136092.8427250
1785136092.8427250
1785136092.8427250
1785136092.8427250
1785136092.8427250
1785136092.8427250
1785136092.8429470
1785136092.8429470
1785136092.8429470
1785136092.8429470
1785136092.8429470
1785136092.8429470
1785136092.8429470
1785136092.8429470
1785136092.8429470
1785136092.8429470
1785136092.8429470
1785136092.8429470
1785136092.8429470
1785136092.8429470
1785136092.8429470
1785136092.8429470
1785136092.8429470
1785136092.8429470
1785136092.8429470
1785136092.8429470
1785136092.8429470
1785136092.8429470
1785136092.8429470
1785136092.8429470
1785136092.8429470
1785136092.8429470
1785136092.8429470
1785136092.8429470
1785136092.8429470
1785136092.8429470
1785136092.8429470
1785136092.8429470
1785136092.8429470
1785136092.8429470
1785136092.8429470
1785136092.8429470
1785136092.8429470
1785136092.8429470
1785136092.8429470
1785136092.8429470
1785136092.8429470
1785136092.8429470
1785136092.8429470
1785136092.8429470
1785136092.8429470
1785136092.8429470
1785136092.8429470
1785136092.8429470
1785136092.8429470
1785136092.8429470
1785136092.8429470
1785136092.8431690
1785136092.8431690
1785136092.8431690
1785136092.8431690
1785136092.8431690
1785136092.8431690
1785136092.8431690
1785136092.8431690
1785136092.8431690
1785136092.8431690
1785136092.8431690
1785136092.8431690
1785136092.8431690
1785136092.8431690
1785136092.8431690
1785136092.8431690
1785136092.8431690
1785136092.8431690
1785136092.8431690
1785136092.8431690
1785136092.8431690
1785136092.8431690
1785136092.8431690
1785136092.8431690
1785136092.8431690
1785136092.8431690
1785136092.8431690
1785136092.8431690
1785136092.8431690
1785136092.8431690
1785136092.8431690
1785136092.8431690
1785136092.8431690
1785136092.8431690
1785136092.8431690
1785136092.8431690
1785136092.8431690
1785136092.8431690
1785136092.8431690
1785136092.8431690
1785136092.8431690
1785136092.8431690
1785136092.8431690
1785136092.8431690
1785136092.8431690
1785136092.8431690
1785136092.8431690
1785136092.8431690
1785136092.8431690
1785136092.8431690
1785136092.8431690
1785136092.8433919
1785136092.8433919
1785136092.8433919
1785136092.8433919
1785136092.8433919
1785136092.8433919
1785136092.8433919
1785136092.8433919
1785136092.8433919
1785136092.8433919
1785136092.8433919
1785136092.8433919
1785136092.8433919
1785136092.8433919
1785136092.8433919
1785136092.8433919
1785136092.8433919
1785136092.8433919
1785136092.8433919
1785136092.8433919
1785136092.8433919
1785136092.8433919
1785136092.8433919
1785136092.8433919
1785136092.8433919
1785136092.8433919
1785136092.8433919
1785136092.8433919
1785136092.8433919
1785136092.8433919
1785136092.8433919
1785136092.8433919
1785136092.8433919
1785136092.8433919
1785136092.8433919
1785136092.8433919
1785136092.8433919
1785136092.8433919
1785136092.8433919
1785136092.8433919
1785136092.8433919
1785136092.8433919
1785136092.8433919
1785136092.8433919
1785136092.8433919
1785136092.8433919
1785136092.8433919
1785136092.8433919
1785136092.8433919
1785136092.8433919
1785136092.8433919
1785136092.8436141
1785136092.8436141
1785136092.8436141
1785136092.8436141
1785136092.8436141
1785136092.8436141
1785136092.8436141
1785136092.8436141
1785136092.8436141
1785136092.8436141
1785136092.8436141
1785136092.8436141
1785136092.8436141
1785136092.8436141
1785136092.8436141
1785136092.8436141
1785136092.8436141
1785136092.8436141
1785136092.8436141
1785136092.8436141
1785136092.8436141
1785136092.8436141
1785136092.8436141
1785136092.8436141
1785136092.8436141
1785136092.8436141
1785136092.8436141
1785136092.8436141
1785136092.8436141
1785136092.8436141
1785136092.8436141
1785136092.8436141
1785136092.8436141
1785136092.8436141
1785136092.8436141
1785136092.8436141
1785136092.8436141
1785136092.8436141
1785136092.8436141
1785136092.8436141
1785136092.8436141
1785136092.8436141
1785136092.8436141
1785136092.8436141
1785136092.8436141
1785136092.8436141
1785136092.8436141
1785136092.8436141
1785136092.8436141
1785136092.8436141
1785136092.8436141
1785136092.8438361
1785136092.8438361
1785136092.8438361
1785136092.8438361
1785136092.8438361
1785136092.8438361
1785136092.8438361
1785136092.8438361
1785136092.8438361
1785136092.8438361
1785136092.8438361
1785136092.8438361
1785136092.8438361
1785136092.8438361
1785136092.8438361
1785136092.8438361
1785136092.8438361
1785136092.8438361
1785136092.8438361
1785136092.8438361
1785136092.8438361
1785136092.8438361
1785136092.8438361
1785136092.8438361
1785136092.8438361
1785136092.8438361
1785136092.8438361
1785136092.8438361
1785136092.8438361
1785136092.8438361
1785136092.8438361
1785136092.8438361
1785136092.8438361
1785136092.8438361
1785136092.8438361
1785136092.8438361
1785136092.8438361
1785136092.8438361
1785136092.8438361
1785136092.8438361
1785136092.8438361
1785136092.8438361
1785136092.8438361
1785136092.8438361
1785136092.8438361
1785136092.8438361
1785136092.8438361
1785136092.8438361
1785136092.8438361
1785136092.8438361
1785136092.8438361
1785136092.8440580
1785136092.8440580
1785136092.8440580
1785136092.8440580
1785136092.8440580
1785136092.8440580
1785136092.8440580
1785136092.8440580
1785136092.8440580
1785136092.8440580
1785136092.8440580
1785136092.8440580
1785136092.8440580
1785136092.8440580
1785136092.8440580
1785136092.8440580
1785136092.8440580
1785136092.8440580
1785136092.8440580
1785136092.8440580
1785136092.8440580
1785136092.8440580
1785136092.8440580
1785136092.8440580
1785136092.8440580
1785136092.8440580
1785136092.8440580
1785136092.8440580
1785136092.8440580
1785136092.8440580
1785136092.8440580
1785136092.8440580
1785136092.8440580
1785136092.8440580
1785136092.8440580
1785136092.8440580
1785136092.8440580
1785136092.8440580
1785136092.8440580
1785136092.8440580
1785136092.8440580
1785136092.8440580
1785136092.8440580
1785136092.8440580
1785136092.8440580
1785136092.8440580
1785136092.8440580
1785136092.8440580
1785136092.8440580
1785136092.8440580
1785136092.8440580
1785136092.8442810
1785136092.8442810
1785136092.8442810
1785136092.8442810
1785136092.8442810
1785136092.8442810
1785136092.8442810
1785136092.8442810
1785136092.8442810
1785136092.8442810
1785136092.8442810
1785136092.8442810
1785136092.8442810
1785136092.8442810
1785136092.8442810
1785136092.8442810
1785136092.8442810
1785136092.8442810
1785136092.8442810
1785136092.8442810
1785136092.8442810
1785136092.8442810
1785136092.8442810
1785136092.8442810
1785136092.8442810
1785136092.8442810
1785136092.8442810
1785136092.8442810
1785136092.8442810
1785136092.8442810
1785136092.8442810
1785136092.8442810
1785136092.8442810
1785136092.8442810
1785136092.8442810
1785136092.8442810
1785136092.8442810
1785136092.8442810
1785136092.8442810
1785136092.8442810
1785136092.8442810
1785136092.8442810
1785136092.8442810
1785136092.8442810
1785136092.8442810
1785136092.8442810
1785136092.8442810
1785136092.8442810
1785136092.8442810
1785136092.8442810
1785136092.8442810
1785136092.8445029
1785136092.8445029
1785136092.8445029
1785136092.8445029
1785136092.8445029
1785136092.8445029
1785136092.8445029
1785136092.8445029
1785136092.8445029
1785136092.8445029
1785136092.8445029
1785136092.8445029
1785136092.8445029
1785136092.8445029
1785136092.8445029
1785136092.8445029
1785136092.8445029
1785136092.8445029
1785136092.8445029
1785136092.8445029
1785136092.8445029
1785136092.8445029
1785136092.8445029
1785136092.8445029
1785136092.8445029
1785136092.8445029
1785136092.8445029
1785136092.8445029
1785136092.8445029
1785136092.8445029
1785136092.8445029
1785136092.8445029
1785136092.8445029
1785136092.8445029
1785136092.8445029
1785136092.8445029
1785136092.8445029
1785136092.8445029
1785136092.8445029
1785136092.8445029
1785136092.8445029
1785136092.8445029
1785136092.8445029
1785136092.8445029
1785136092.8445029
1785136092.8445029
1785136092.8445029
1785136092.8445029
1785136092.8445029
1785136092.8445029
1785136092.8445029
1785136092.8447249
1785136092.8447249
1785136092.8447249
1785136092.8447249
1785136092.8447249
1785136092.8447249
1785136092.8447249
1785136092.8447249
1785136092.8447249
1785136092.8447249
1785136092.8447249
1785136092.8447249
1785136092.8447249
1785136092.8447249
1785136092.8447249
1785136092.8447249
1785136092.8447249
1785136092.8447249
1785136092.8447249
1785136092.8447249
1785136092.8447249
1785136092.8447249
1785136092.8447249
1785136092.8447249
1785136092.8447249
1785136092.8447249
1785136092.8447249
1785136092.8447249
1785136092.8447249
1785136092.8447249
1785136092.8447249
1785136092.8447249
1785136092.8447249
1785136092.8447249
1785136092.8447249
1785136092.8447249
1785136092.8447249
1785136092.8447249
1785136092.8447249
1785136092.8447249
1785136092.8447249
1785136092.8447249
1785136092.8447249
1785136092.8447249
1785136092.8447249
1785136092.8447249
1785136092.8447249
1785136092.8447249
1785136092.8447249
1785136092.8447249
1785136092.8449471
1785136092.8449471
1785136092.8449471
1785136092.8449471
1785136092.8449471
1785136092.8449471
1785136092.8449471
1785136092.8449471
1785136092.8449471
1785136092.8449471
1785136092.8449471
1785136092.8449471
1785136092.8449471
1785136092.8449471
1785136092.8449471
1785136092.8449471
1785136092.8449471
1785136092.8449471
1785136092.8449471
1785136092.8449471
1785136092.8449471
1785136092.8449471
1785136092.8449471
1785136092.8449471
1785136092.8449471
1785136092.8449471
1785136092.8449471
1785136092.8449471
1785136092.8449471
1785136092.8449471
1785136092.8449471
1785136092.8449471
1785136092.8449471
1785136092.8449471
1785136092.8449471
1785136092.8449471
1785136092.8449471
1785136092.8449471
1785136092.8449471
1785136092.8449471
1785136092.8449471
1785136092.8449471
1785136092.8449471
1785136092.8449471
1785136092.8449471
1785136092.8449471
1785136092.8449471
1785136092.8449471
1785136092.8449471
1785136092.8449471
1785136092.8451700
1785136092.8451700
1785136092.8451700
1785136092.8451700
1785136092.8451700
1785136092.8451700
1785136092.8451700
1785136092.8451700
1785136092.8451700
1785136092.8451700
1785136092.8451700
1785136092.8451700
1785136092.8451700
1785136092.8451700
1785136092.8451700
1785136092.8451700
1785136092.8451700
1785136092.8451700
1785136092.8451700
1785136092.8451700
1785136092.8451700
1785136092.8451700
1785136092.8451700
1785136092.8451700
1785136092.8451700
1785136092.8451700
1785136092.8451700
1785136092.8451700
1785136092.8451700
1785136092.8451700
1785136092.8451700
1785136092.8451700
1785136092.8451700
1785136092.8451700
1785136092.8451700
1785136092.8451700
1785136092.8451700
1785136092.8451700
1785136092.8451700
1785136092.8451700
1785136092.8451700
1785136092.8451700
1785136092.8451700
1785136092.8451700
1785136092.8451700
1785136092.8451700
1785136092.8451700
1785136092.8451700
1785136092.8451700
1785136092.8451700
1785136092.8453920
1785136092.8453920
1785136092.8453920
1785136092.8453920
1785136092.8453920
1785136092.8453920
1785136092.8453920
1785136092.8453920
1785136092.8453920
1785136092.8453920
1785136092.8453920
1785136092.8453920
1785136092.8453920
1785136092.8453920
1785136092.8453920
1785136092.8453920
1785136092.8453920
1785136092.8453920
1785136092.8453920
1785136092.8453920
1785136092.8453920
1785136092.8453920
1785136092.8453920
1785136092.8453920
1785136092.8453920
1785136092.8453920
1785136092.8453920
1785136092.8453920
1785136092.8453920
1785136092.8453920
1785136092.8453920
1785136092.8453920
1785136092.8453920
1785136092.8453920
1785136092.8453920
1785136092.8453920
1785136092.8453920
1785136092.8453920
1785136092.8453920
1785136092.8453920
1785136092.8453920
1785136092.8453920
1785136092.8453920
1785136092.8453920
1785136092.8453920
1785136092.8453920
1785136092.8453920
1785136092.8453920
1785136092.8453920
1785136092.8453920
1785136092.8456140
1785136092.8456140
1785136092.8456140
1785136092.8456140
1785136092.8456140
1785136092.8456140
1785136092.8456140
1785136092.8456140
1785136092.8456140
1785136092.8456140
1785136092.8456140
1785136092.8456140
1785136092.8456140
1785136092.8456140
1785136092.8456140
1785136092.8456140
1785136092.8456140
1785136092.8456140
1785136092.8456140
1785136092.8456140
1785136092.8456140
1785136092.8456140
1785136092.8456140
1785136092.8456140
1785136092.8456140
1785136092.8456140
1785136092.8456140
1785136092.8456140
1785136092.8456140
1785136092.8456140
1785136092.8456140
1785136092.8456140
1785136092.8456140
1785136092.8456140
1785136092.8456140
1785136092.8456140
1785136092.8456140
1785136092.8456140
1785136092.8456140
1785136092.8456140
1785136092.8456140
1785136092.8456140
1785136092.8456140
1785136092.8456140
1785136092.8456140
1785136092.8456140
1785136092.8456140
1785136092.8456140
1785136092.8456140
1785136092.8456140
1785136092.8458359
1785136092.8458359
1785136092.8458359
1785136092.8458359
1785136092.8458359
1785136092.8458359
1785136092.8458359
1785136092.8458359
1785136092.8458359
1785136092.8458359
1785136092.8458359
1785136092.8458359
1785136092.8458359
1785136092.8458359
1785136092.8458359
1785136092.8458359
1785136092.8458359
1785136092.8458359
1785136092.8458359
1785136092.8458359
1785136092.8458359
1785136092.8458359
1785136092.8458359
1785136092.8458359
1785136092.8458359
1785136092.8458359
1785136092.8458359
1785136092.8458359
1785136092.8458359
1785136092.8458359
1785136092.8458359
1785136092.8458359
1785136092.8458359
1785136092.8458359
1785136092.8458359
1785136092.8458359
1785136092.8458359
1785136092.8458359
1785136092.8458359
1785136092.8458359
1785136092.8458359
1785136092.8458359
1785136092.8458359
1785136092.8458359
1785136092.8458359
1785136092.8458359
1785136092.8458359
1785136092.8458359
1785136092.8458359
1785136092.8458359
1785136092.8460579
1785136092.8460579
1785136092.8460579
1785136092.8460579
1785136092.8460579
1785136092.8460579
1785136092.8460579
1785136092.8460579
1785136092.8460579
1785136092.8460579
1785136092.8460579
1785136092.8460579
1785136092.8460579
1785136092.8460579
1785136092.8460579
1785136092.8460579
1785136092.8460579
1785136092.8460579
1785136092.8460579
1785136092.8460579
1785136092.8460579
1785136092.8460579
1785136092.8460579
1785136092.8460579
1785136092.8460579
1785136092.8460579
1785136092.8460579
1785136092.8460579
1785136092.8460579
1785136092.8460579
1785136092.8460579
1785136092.8460579
1785136092.8460579
1785136092.8460579
1785136092.8460579
1785136092.8460579
1785136092.8460579
1785136092.8460579
1785136092.8460579
1785136092.8460579
1785136092.8460579
1785136092.8460579
1785136092.8460579
1785136092.8460579
1785136092.8460579
1785136092.8460579
1785136092.8460579
1785136092.8460579
1785136092.8460579
1785136092.8460579
1785136092.8462811
1785136092.8462811
1785136092.8462811
1785136092.8462811
1785136092.8462811
1785136092.8462811
1785136092.8462811
1785136092.8462811
1785136092.8462811
1785136092.8462811
1785136092.8462811
1785136092.8462811
1785136092.8462811
1785136092.8462811
1785136092.8462811
1785136092.8462811
1785136092.8462811
1785136092.8462811
1785136092.8462811
1785136092.8462811
1785136092.8462811
1785136092.8462811
1785136092.8462811
1785136092.8462811
1785136092.8462811
1785136092.8462811
1785136092.8462811
1785136092.8462811
1785136092.8462811
1785136092.8462811
1785136092.8462811
1785136092.8462811
1785136092.8462811
1785136092.8462811
1785136092.8462811
1785136092.8462811
1785136092.8462811
1785136092.8462811
1785136092.8462811
1785136092.8462811
1785136092.8462811
1785136092.8462811
1785136092.8462811
1785136092.8462811
1785136092.8462811
1785136092.8462811
1785136092.8462811
1785136092.8462811
1785136092.8462811
1785136092.8462811
1785136092.8465030
1785136092.8465030
1785136092.8465030
1785136092.8465030
1785136092.8465030
1785136092.8465030
1785136092.8465030
1785136092.8465030
1785136092.8465030
1785136092.8465030
1785136092.8465030
1785136092.8465030
1785136092.8465030
1785136092.8465030
1785136092.8465030
1785136092.8465030
1785136092.8465030
1785136092.8465030
1785136092.8465030
1785136092.8465030
1785136092.8465030
1785136092.8465030
1785136092.8465030
1785136092.8465030
1785136092.8465030
1785136092.8465030
1785136092.8465030
1785136092.8465030
1785136092.8465030
1785136092.8465030
1785136092.8465030
1785136092.8465030
1785136092.8465030
1785136092.8465030
1785136092.8465030
1785136092.8465030
1785136092.8465030
1785136092.8465030
1785136092.8465030
1785136092.8465030
1785136092.8465030
1785136092.8465030
1785136092.8465030
1785136092.8465030
1785136092.8465030
1785136092.8465030
1785136092.8465030
1785136092.8465030
1785136092.8465030
1785136092.8467250
1785136092.8467250
1785136092.8467250
1785136092.8467250
1785136092.8467250
1785136092.8467250
1785136092.8467250
1785136092.8467250
1785136092.8467250
1785136092.8467250
1785136092.8467250
1785136092.8467250
1785136092.8467250
1785136092.8467250
1785136092.8467250
1785136092.8467250
1785136092.8467250
1785136092.8467250
1785136092.8467250
1785136092.8467250
1785136092.8467250
1785136092.8467250
1785136092.8467250
1785136092.8467250
1785136092.8467250
1785136092.8467250
1785136092.8467250
1785136092.8467250
1785136092.8467250
1785136092.8467250
1785136092.8467250
1785136092.8467250
1785136092.8467250
1785136092.8467250
1785136092.8467250
1785136092.8467250
1785136092.8467250
1785136092.8467250
1785136092.8467250
1785136092.8467250
1785136092.8467250
1785136092.8467250
1785136092.8467250
1785136092.8467250
1785136092.8467250
1785136092.8467250
1785136092.8467250
1785136092.8467250
1785136092.8467250
1785136092.8469470
1785136092.8469470
1785136092.8469470
1785136092.8469470
1785136092.8469470
1785136092.8469470
1785136092.8469470
1785136092.8469470
1785136092.8469470
1785136092.8469470
1785136092.8469470
1785136092.8469470
1785136092.8469470
1785136092.8469470
1785136092.8469470
1785136092.8469470
1785136092.8469470
1785136092.8469470
1785136092.8469470
1785136092.8469470
1785136092.8469470
1785136092.8469470
1785136092.8469470
1785136092.8469470
1785136092.8469470
1785136092.8469470
1785136092.8469470
1785136092.8469470
1785136092.8469470
1785136092.8469470
1785136092.8469470
1785136092.8469470
1785136092.8469470
1785136092.8469470
1785136092.8469470
1785136092.8469470
1785136092.8469470
1785136092.8469470
1785136092.8469470
1785136092.8469470
1785136092.8469470
1785136092.8469470
1785136092.8469470
1785136092.8469470
1785136092.8469470
1785136092.8469470
1785136092.8469470
1785136092.8469470
1785136092.8469470
1785136092.8471701
1785136092.8471701
1785136092.8471701
1785136092.8471701
1785136092.8471701
1785136092.8471701
1785136092.8471701
1785136092.8471701
1785136092.8471701
1785136092.8471701
1785136092.8471701
1785136092.8471701
1785136092.8471701
1785136092.8471701
1785136092.8471701
1785136092.8471701
1785136092.8471701
1785136092.8471701
1785136092.8471701
1785136092.8471701
1785136092.8471701
1785136092.8471701
1785136092.8471701
1785136092.8471701
1785136092.8471701
1785136092.8471701
1785136092.8471701
1785136092.8471701
1785136092.8471701
1785136092.8471701
1785136092.8471701
1785136092.8471701
1785136092.8471701
1785136092.8471701
1785136092.8471701
1785136092.8471701
1785136092.8471701
1785136092.8471701
1785136092.8471701
1785136092.8471701
1785136092.8471701
1785136092.8471701
1785136092.8471701
1785136092.8471701
1785136092.8471701
1785136092.8471701
1785136092.8471701
1785136092.8471701
1785136092.8471701
1785136092.8473921
1785136092.8473921
1785136092.8473921
1785136092.8473921
1785136092.8473921
1785136092.8473921
1785136092.8473921
1785136092.8473921
1785136092.8473921
1785136092.8473921
1785136092.8473921
1785136092.8473921
1785136092.8473921
1785136092.8473921
1785136092.8473921
1785136092.8473921
1785136092.8473921
1785136092.8473921
1785136092.8473921
1785136092.8473921
1785136092.8473921
1785136092.8473921
1785136092.8473921
1785136092.8473921
1785136092.8473921
1785136092.8473921
1785136092.8473921
1785136092.8473921
1785136092.8473921
1785136092.8473921
1785136092.8473921
1785136092.8473921
1785136092.8473921
1785136092.8473921
1785136092.8473921
1785136092.8473921
1785136092.8473921
1785136092.8473921
1785136092.8473921
1785136092.8473921
1785136092.8473921
1785136092.8473921
1785136092.8473921
1785136092.8473921
1785136092.8473921
1785136092.8473921
1785136092.8473921
1785136092.8473921
1785136092.8473921
1785136092.8476140
1785136092.8476140
1785136092.8476140
1785136092.8476140
1785136092.8476140
1785136092.8476140
1785136092.8476140
1785136092.8476140
1785136092.8476140
1785136092.8476140
1785136092.8476140
1785136092.8476140
1785136092.8476140
1785136092.8476140
1785136092.8476140
1785136092.8476140
1785136092.8476140
1785136092.8476140
1785136092.8476140
1785136092.8476140
1785136092.8476140
1785136092.8476140
1785136092.8476140
1785136092.8476140
1785136092.8476140
1785136092.8476140
1785136092.8476140
1785136092.8476140
1785136092.8476140
1785136092.8476140
1785136092.8476140
1785136092.8476140
1785136092.8476140
1785136092.8476140
1785136092.8476140
1785136092.8476140
1785136092.8476140
1785136092.8476140
1785136092.8476140
1785136092.8476140
1785136092.8476140
1785136092.8476140
1785136092.8476140
1785136092.8476140
1785136092.8476140
1785136092.8476140
1785136092.8476140
1785136092.8476140
1785136092.8478360
1785136092.8478360
1785136092.8478360
1785136092.8478360
1785136092.8478360
1785136092.8478360
1785136092.8478360
1785136092.8478360
1785136092.8478360
1785136092.8478360
1785136092.8478360
1785136092.8478360
1785136092.8478360
1785136092.8478360
1785136092.8478360
1785136092.8478360
1785136092.8478360
1785136092.8478360
1785136092.8478360
1785136092.8478360
1785136092.8478360
1785136092.8478360
1785136092.8478360
1785136092.8478360
1785136092.8478360
1785136092.8478360
1785136092.8478360
1785136092.8478360
1785136092.8478360
1785136092.8478360
1785136092.8478360
1785136092.8478360
1785136092.8478360
1785136092.8478360
1785136092.8478360
1785136092.8478360
1785136092.8478360
1785136092.8478360
1785136092.8478360
1785136092.8478360
1785136092.8478360
1785136092.8478360
1785136092.8478360
1785136092.8478360
1785136092.8478360
1785136092.8478360
1785136092.8478360
1785136092.8478360
1785136092.8478360
1785136092.8480589
1785136092.8480589
1785136092.8480589
1785136092.8480589
1785136092.8480589
1785136092.8480589
1785136092.8480589
1785136092.8480589
1785136092.8480589
1785136092.8480589
1785136092.8480589
1785136092.8480589
1785136092.8480589
1785136092.8480589
1785136092.8480589
1785136092.8480589
1785136092.8480589
1785136092.8480589
1785136092.8480589
1785136092.8480589
1785136092.8480589
1785136092.8480589
1785136092.8480589
1785136092.8480589
1785136092.8480589
1785136092.8480589
1785136092.8480589
1785136092.8480589
1785136092.8480589
1785136092.8480589
1785136092.8480589
1785136092.8480589
1785136092.8480589
1785136092.8480589
1785136092.8480589
1785136092.8480589
1785136092.8480589
1785136092.8480589
1785136092.8480589
1785136092.8480589
1785136092.8480589
1785136092.8480589
1785136092.8480589
1785136092.8480589
1785136092.8480589
1785136092.8480589
1785136092.8480589
1785136092.8480589
1785136092.8482809
1785136092.8482809
1785136092.8482809
1785136092.8482809
1785136092.8482809
1785136092.8482809
1785136092.8482809
1785136092.8482809
1785136092.8482809
1785136092.8482809
1785136092.8482809
1785136092.8482809
1785136092.8482809
1785136092.8482809
1785136092.8482809
1785136092.8482809
1785136092.8482809
1785136092.8482809
1785136092.8482809
1785136092.8482809
1785136092.8482809
1785136092.8482809
1785136092.8482809
1785136092.8482809
1785136092.8482809
1785136092.8482809
1785136092.8482809
1785136092.8482809
1785136092.8482809
1785136092.8482809
1785136092.8482809
1785136092.8482809
1785136092.8482809
1785136092.8482809
1785136092.8482809
1785136092.8482809
1785136092.8482809
1785136092.8482809
1785136092.8482809
1785136092.8482809
1785136092.8482809
1785136092.8482809
1785136092.8482809
1785136092.8482809
1785136092.8482809
1785136092.8482809
1785136092.8482809
1785136092.8482809
1785136092.8485031
1785136092.8485031
1785136092.8485031
1785136092.8485031
1785136092.8485031
1785136092.8485031
1785136092.8485031
1785136092.8485031
1785136092.8485031
1785136092.8485031
1785136092.8485031
1785136092.8485031
1785136092.8485031
1785136092.8485031
1785136092.8485031
1785136092.8485031
1785136092.8485031
1785136092.8485031
1785136092.8485031
1785136092.8485031
1785136092.8485031
1785136092.8485031
1785136092.8485031
1785136092.8485031
1785136092.8485031
1785136092.8485031
1785136092.8485031
1785136092.8485031
1785136092.8485031
1785136092.8485031
1785136092.8485031
1785136092.8485031
1785136092.8485031
1785136092.8485031
1785136092.8485031
1785136092.8485031
1785136092.8485031
1785136092.8485031
1785136092.8485031
1785136092.8485031
1785136092.8485031
1785136092.8485031
1785136092.8485031
1785136092.8485031
1785136092.8485031
1785136092.8485031
1785136092.8485031
1785136092.8485031
1785136092.8487251
1785136092.8487251
1785136092.8487251
1785136092.8487251
1785136092.8487251
1785136092.8487251
1785136092.8487251
1785136092.8487251
1785136092.8487251
1785136092.8487251
1785136092.8487251
1785136092.8487251
1785136092.8487251
1785136092.8487251
1785136092.8487251
1785136092.8487251
1785136092.8487251
1785136092.8487251
1785136092.8487251
1785136092.8487251
1785136092.8487251
1785136092.8487251
1785136092.8487251
1785136092.8487251
1785136092.8487251
1785136092.8487251
1785136092.8487251
1785136092.8487251
1785136092.8487251
1785136092.8487251
1785136092.8487251
1785136092.8487251
1785136092.8487251
1785136092.8487251
1785136092.8487251
1785136092.8487251
1785136092.8487251
1785136092.8487251
1785136092.8487251
1785136092.8487251
1785136092.8487251
1785136092.8487251
1785136092.8487251
1785136092.8487251
1785136092.8487251
1785136092.8487251
1785136092.8487251
1785136092.8487251
1785136092.8489470
1785136092.8489470
1785136092.8489470
1785136092.8489470
1785136092.8489470
1785136092.8489470
1785136092.8489470
1785136092.8489470
1785136092.8489470
1785136092.8489470
1785136092.8489470
1785136092.8489470
1785136092.8489470
1785136092.8489470
1785136092.8489470
1785136092.8489470
1785136092.8489470
1785136092.8489470
1785136092.8489470
1785136092.8489470
1785136092.8489470
1785136092.8489470
1785136092.8489470
1785136092.8489470
1785136092.8489470
1785136092.8489470
1785136092.8489470
1785136092.8489470
1785136092.8489470
1785136092.8489470
1785136092.8489470
1785136092.8489470
1785136092.8489470
1785136092.8489470
1785136092.8489470
1785136092.8489470
1785136092.8489470
1785136092.8489470
1785136092.8489470
1785136092.8489470
1785136092.8489470
1785136092.8489470
1785136092.8489470
1785136092.8489470
1785136092.8489470
1785136092.8489470
1785136092.8489470
1785136092.8489470
1785136092.8491690
1785136092.8491690
1785136092.8491690
1785136092.8491690
1785136092.8491690
1785136092.8491690
1785136092.8491690
1785136092.8491690
1785136092.8491690
1785136092.8491690
1785136092.8491690
1785136092.8491690
1785136092.8491690
1785136092.8491690
1785136092.8491690
1785136092.8491690
1785136092.8491690
1785136092.8491690
1785136092.8491690
1785136092.8491690
1785136092.8491690
1785136092.8491690
1785136092.8491690
1785136092.8491690
1785136092.8491690
1785136092.8491690
1785136092.8491690
1785136092.8491690
1785136092.8491690
1785136092.8491690
1785136092.8491690
1785136092.8491690
1785136092.8491690
1785136092.8491690
1785136092.8491690
1785136092.8491690
1785136092.8491690
1785136092.8491690
1785136092.8491690
1785136092.8491690
1785136092.8491690
1785136092.8491690
1785136092.8491690
1785136092.8491690
1785136092.8491690
1785136092.8491690
1785136092.8491690
1785136092.8491690
1785136092.8493919
1785136092.8493919
1785136092.8493919
1785136092.8493919
1785136092.8493919
1785136092.8493919
1785136092.8493919
1785136092.8493919
1785136092.8493919
1785136092.8493919
1785136092.8493919
1785136092.8493919
1785136092.8493919
1785136092.8493919
1785136092.8493919
1785136092.8493919
1785136092.8493919
1785136092.8493919
1785136092.8493919
1785136092.8493919
1785136092.8493919
1785136092.8493919
1785136092.8493919
1785136092.8493919
1785136092.8493919
1785136092.8493919
1785136092.8493919
1785136092.8493919
1785136092.8493919
1785136092.8493919
1785136092.8493919
1785136092.8493919
1785136092.8493919
1785136092.8493919
1785136092.8493919
1785136092.8493919
1785136092.8493919
1785136092.8493919
1785136092.8493919
1785136092.8493919
1785136092.8493919
1785136092.8493919
1785136092.8493919
1785136092.8493919
1785136092.8493919
1785136092.8493919
1785136092.8493919
1785136092.8493919
1785136092.8496139
1785136092.8496139
1785136092.8496139
1785136092.8496139
1785136092.8496139
1785136092.8496139
1785136092.8496139
1785136092.8496139
1785136092.8496139
1785136092.8496139
1785136092.8496139
1785136092.8496139
1785136092.8496139
1785136092.8496139
1785136092.8496139
1785136092.8496139
1785136092.8496139
1785136092.8496139
1785136092.8496139
1785136092.8496139
1785136092.8496139
1785136092.8496139
1785136092.8496139
1785136092.8496139
1785136092.8496139
1785136092.8496139
1785136092.8496139
1785136092.8496139
1785136092.8496139
1785136092.8496139
1785136092.8496139
1785136092.8496139
1785136092.8496139
1785136092.8496139
1785136092.8496139
1785136092.8496139
1785136092.8496139
1785136092.8496139
1785136092.8496139
1785136092.8496139
1785136092.8496139
1785136092.8496139
1785136092.8496139
1785136092.8496139
1785136092.8496139
1785136092.8496139
1785136092.8496139
1785136092.8496139
1785136092.8496139
1785136092.8496139
1785136092.8498361
1785136092.8498361
1785136092.8498361
1785136092.8498361
1785136092.8498361
1785136092.8498361
1785136092.8498361
1785136092.8498361
1785136092.8498361
1785136092.8498361
1785136092.8498361
1785136092.8498361
1785136092.8498361
1785136092.8498361
1785136092.8498361
1785136092.8498361
1785136092.8498361
1785136092.8498361
1785136092.8498361
1785136092.8498361
1785136092.8498361
1785136092.8498361
1785136092.8498361
1785136092.8498361
1785136092.8498361
1785136092.8498361
1785136092.8498361
1785136092.8498361
1785136092.8498361
1785136092.8498361
1785136092.8498361
1785136092.8498361
1785136092.8498361
1785136092.8498361
1785136092.8498361
1785136092.8498361
1785136092.8498361
1785136092.8498361
1785136092.8498361
1785136092.8498361
1785136092.8498361
1785136092.8498361
1785136092.8498361
1785136092.8498361
1785136092.8498361
1785136092.8498361
1785136092.8498361
1785136092.8498361
1785136092.8498361
1785136092.8498361
1785136092.8498361
1785136092.8498361
1785136092.8500590
1785136092.8500590
1785136092.8500590
1785136092.8500590
1785136092.8500590
1785136092.8500590
1785136092.8500590
1785136092.8500590
1785136092.8500590
1785136092.8500590
1785136092.8500590
1785136092.8500590
1785136092.8500590
1785136092.8500590
1785136092.8500590
1785136092.8500590
1785136092.8500590
1785136092.8500590
1785136092.8500590
1785136092.8500590
1785136092.8500590
1785136092.8500590
1785136092.8500590
1785136092.8500590
1785136092.8500590
1785136092.8500590
1785136092.8500590
1785136092.8500590
1785136092.8500590
1785136092.8500590
1785136092.8500590
1785136092.8500590
1785136092.8500590
1785136092.8500590
1785136092.8500590
1785136092.8500590
1785136092.8500590
1785136092.8500590
1785136092.8500590
1785136092.8500590
1785136092.8500590
1785136092.8500590
1785136092.8500590
1785136092.8500590
1785136092.8500590
1785136092.8500590
1785136092.8500590
1785136092.8500590
1785136092.8500590
1785136092.8500590
1785136092.8500590
1785136092.8502810
1785136092.8502810
1785136092.8502810
1785136092.8502810
1785136092.8502810
1785136092.8502810
1785136092.8502810
1785136092.8502810
1785136092.8502810
1785136092.8502810
1785136092.8502810
1785136092.8502810
1785136092.8502810
1785136092.8502810
1785136092.8502810
1785136092.8502810
1785136092.8502810
1785136092.8502810
1785136092.8502810
1785136092.8502810
1785136092.8502810
1785136092.8502810
1785136092.8502810
1785136092.8502810
1785136092.8502810
1785136092.8502810
1785136092.8502810
1785136092.8502810
1785136092.8502810
1785136092.8502810
1785136092.8502810
1785136092.8502810
1785136092.8502810
1785136092.8502810
1785136092.8502810
1785136092.8502810
1785136092.8502810
1785136092.8502810
1785136092.8502810
1785136092.8502810
1785136092.8502810
1785136092.8502810
1785136092.8502810
1785136092.8502810
1785136092.8502810
1785136092.8502810
1785136092.8502810
1785136092.8502810
1785136092.8505030
1785136092.8505030
1785136092.8505030
1785136092.8505030
1785136092.8505030
1785136092.8505030
1785136092.8505030
1785136092.8505030
1785136092.8505030
1785136092.8505030
1785136092.8505030
1785136092.8505030
1785136092.8505030
1785136092.8505030
1785136092.8505030
1785136092.8505030
1785136092.8505030
1785136092.8505030
1785136092.8505030
1785136092.8505030
1785136092.8505030
1785136092.8505030
1785136092.8505030
1785136092.8505030
1785136092.8505030
1785136092.8505030
1785136092.8505030
1785136092.8505030
1785136092.8505030
1785136092.8505030
1785136092.8505030
1785136092.8505030
1785136092.8505030
1785136092.8505030
1785136092.8505030
1785136092.8505030
1785136092.8505030
1785136092.8505030
1785136092.8505030
1785136092.8505030
1785136092.8505030
1785136092.8505030
1785136092.8505030
1785136092.8505030
1785136092.8507249
1785136092.8507249
1785136092.8507249
1785136092.8507249
1785136092.8507249
1785136092.8507249
1785136092.8507249
1785136092.8507249
1785136092.8507249
1785136092.8507249
1785136092.8507249
1785136092.8507249
1785136092.8507249
1785136092.8507249
1785136092.8507249
1785136092.8507249
1785136092.8507249
1785136092.8507249
1785136092.8507249
1785136092.8507249
1785136092.8507249
1785136092.8507249
1785136092.8507249
1785136092.8507249
1785136092.8507249
1785136092.8507249
1785136092.8507249
1785136092.8507249
1785136092.8507249
1785136092.8507249
1785136092.8507249
1785136092.8507249
1785136092.8507249
1785136092.8507249
1785136092.8507249
1785136092.8507249
1785136092.8507249
1785136092.8507249
1785136092.8507249
1785136092.8507249
1785136092.8507249
1785136092.8507249
1785136092.8509481
1785136092.8509481
1785136092.8509481
1785136092.8509481
1785136092.8509481
1785136092.8509481
1785136092.8509481
1785136092.8509481
1785136092.8509481
1785136092.8509481
1785136092.8509481
1785136092.8509481
1785136092.8509481
1785136092.8509481
1785136092.8509481
1785136092.8509481
1785136092.8509481
1785136092.8509481
1785136092.8509481
1785136092.8509481
1785136092.8509481
1785136092.8509481
1785136092.8509481
1785136092.8509481
1785136092.8509481
1785136092.8509481
1785136092.8509481
1785136092.8509481
1785136092.8509481
1785136092.8509481
1785136092.8509481
1785136092.8509481
1785136092.8509481
1785136092.8509481
1785136092.8509481
1785136092.8509481
1785136092.8509481
1785136092.8509481
1785136092.8509481
1785136092.8509481
1785136092.8509481
1785136092.8511701
1785136092.8511701
1785136092.8511701
1785136092.8511701
1785136092.8511701
1785136092.8511701
1785136092.8511701
1785136092.8511701
1785136092.8511701
1785136092.8511701
1785136092.8511701
1785136092.8511701
1785136092.8511701
1785136092.8511701
1785136092.8511701
1785136092.8511701
1785136092.8511701
1785136092.8511701
1785136092.8511701
1785136092.8511701
1785136092.8511701
1785136092.8511701
1785136092.8511701
1785136092.8511701
1785136092.8511701
1785136092.8511701
1785136092.8511701
1785136092.8511701
1785136092.8511701
1785136092.8511701
1785136092.8511701
1785136092.8511701
1785136092.8511701
1785136092.8511701
1785136092.8511701
1785136092.8511701
1785136092.8511701
1785136092.8511701
1785136092.8511701
1785136092.8511701
1785136092.8511701
1785136092.8511701
1785136092.8511701
1785136092.8513920
1785136092.8513920
1785136092.8513920
1785136092.8513920
1785136092.8513920
1785136092.8513920
1785136092.8513920
1785136092.8513920
1785136092.8513920
1785136092.8513920
1785136092.8513920
1785136092.8513920
1785136092.8513920
1785136092.8513920
1785136092.8513920
1785136092.8513920
1785136092.8513920
1785136092.8513920
1785136092.8513920
1785136092.8513920
1785136092.8513920
1785136092.8513920
1785136092.8513920
1785136092.8513920
1785136092.8513920
1785136092.8513920
1785136092.8513920
1785136092.8513920
1785136092.8513920
1785136092.8513920
1785136092.8513920
1785136092.8513920
1785136092.8513920
1785136092.8513920
1785136092.8513920
1785136092.8513920
1785136092.8513920
1785136092.8513920
1785136092.8513920
1785136092.8513920
1785136092.8513920
1785136092.8513920
1785136092.8513920
1785136092.8516140
1785136092.8516140
1785136092.8516140
1785136092.8516140
1785136092.8516140
1785136092.8516140
1785136092.8516140
1785136092.8516140
1785136092.8516140
1785136092.8516140
1785136092.8516140
1785136092.8516140
1785136092.8516140
1785136092.8516140
1785136092.8516140
1785136092.8516140
1785136092.8516140
1785136092.8516140
1785136092.8516140
1785136092.8516140
1785136092.8516140
1785136092.8516140
1785136092.8516140
1785136092.8516140
1785136092.8516140
1785136092.8516140
1785136092.8516140
1785136092.8516140
1785136092.8516140
1785136092.8516140
1785136092.8516140
1785136092.8516140
1785136092.8516140
1785136092.8516140
1785136092.8516140
1785136092.8516140
1785136092.8516140
1785136092.8516140
1785136092.8516140
1785136092.8516140
1785136092.8516140
1785136092.8516140
1785136092.8516140
1785136092.8516140
1785136092.8516140
1785136092.8518360
1785136092.8518360
1785136092.8518360
1785136092.8518360
1785136092.8518360
1785136092.8518360
1785136092.8518360
1785136092.8518360
1785136092.8518360
1785136092.8518360
1785136092.8518360
1785136092.8518360
1785136092.8518360
1785136092.8518360
1785136092.8518360
1785136092.8518360
1785136092.8518360
1785136092.8518360
1785136092.8518360
1785136092.8518360
1785136092.8518360
1785136092.8518360
1785136092.8518360
1785136092.8518360
1785136092.8518360
1785136092.8518360
1785136092.8518360
1785136092.8518360
1785136092.8518360
1785136092.8518360
1785136092.8518360
1785136092.8518360
1785136092.8518360
1785136092.8518360
1785136092.8518360
1785136092.8518360
1785136092.8518360
1785136092.8518360
1785136092.8518360
1785136092.8518360
1785136092.8518360
1785136092.8518360
1785136092.8518360
1785136092.8518360
1785136092.8518360
1785136092.8520589
1785136092.8520589
1785136092.8520589
1785136092.8520589
1785136092.8520589
1785136092.8520589
1785136092.8520589
1785136092.8520589
1785136092.8520589
1785136092.8520589
1785136092.8520589
1785136092.8520589
1785136092.8520589
1785136092.8520589
1785136092.8520589
1785136092.8520589
1785136092.8520589
1785136092.8520589
1785136092.8520589
1785136092.8520589
1785136092.8520589
1785136092.8520589
1785136092.8520589
1785136092.8520589
1785136092.8520589
1785136092.8520589
1785136092.8520589
1785136092.8520589
1785136092.8520589
1785136092.8520589
1785136092.8520589
1785136092.8520589
1785136092.8520589
1785136092.8520589
1785136092.8520589
1785136092.8520589
1785136092.8520589
1785136092.8520589
1785136092.8520589
1785136092.8520589
1785136092.8520589
1785136092.8520589
1785136092.8520589
1785136092.8520589
1785136092.8520589
1785136092.8522811
1785136092.8522811
1785136092.8522811
1785136092.8522811
1785136092.8522811
1785136092.8522811
1785136092.8522811
1785136092.8522811
1785136092.8522811
1785136092.8522811
1785136092.8522811
1785136092.8522811
1785136092.8522811
1785136092.8522811
1785136092.8522811
1785136092.8522811
1785136092.8522811
1785136092.8522811
1785136092.8522811
1785136092.8522811
1785136092.8522811
1785136092.8522811
1785136092.8522811
1785136092.8522811
1785136092.8522811
1785136092.8522811
1785136092.8522811
1785136092.8522811
1785136092.8522811
1785136092.8522811
1785136092.8522811
1785136092.8522811
1785136092.8522811
1785136092.8522811
1785136092.8522811
1785136092.8522811
1785136092.8522811
1785136092.8522811
1785136092.8522811
1785136092.8522811
1785136092.8522811
1785136092.8522811
1785136092.8522811
1785136092.8522811
1785136092.8522811
1785136092.8522811
1785136092.8525031
1785136092.8525031
1785136092.8525031
1785136092.8525031
1785136092.8525031
1785136092.8525031
1785136092.8525031
1785136092.8525031
1785136092.8525031
1785136092.8525031
1785136092.8525031
1785136092.8525031
1785136092.8525031
1785136092.8525031
1785136092.8525031
1785136092.8525031
1785136092.8525031
1785136092.8525031
1785136092.8525031
1785136092.8525031
1785136092.8525031
1785136092.8525031
1785136092.8525031
1785136092.8525031
1785136092.8525031
1785136092.8525031
1785136092.8525031
1785136092.8525031
1785136092.8525031
1785136092.8525031
1785136092.8525031
1785136092.8525031
1785136092.8525031
1785136092.8525031
1785136092.8525031
1785136092.8525031
1785136092.8525031
1785136092.8525031
1785136092.8525031
1785136092.8525031
1785136092.8525031
1785136092.8525031
1785136092.8525031
1785136092.8525031
1785136092.8525031
1785136092.8525031
1785136092.8525031
1785136092.8525031
1785136092.8525031
1785136092.8525031
1785136092.8527260
1785136092.8527260
1785136092.8527260
1785136092.8527260
1785136092.8527260
1785136092.8527260
1785136092.8527260
1785136092.8527260
1785136092.8527260
1785136092.8527260
1785136092.8527260
1785136092.8527260
1785136092.8527260
1785136092.8527260
1785136092.8527260
1785136092.8527260
1785136092.8527260
1785136092.8527260
1785136092.8527260
1785136092.8527260
1785136092.8527260
1785136092.8527260
1785136092.8527260
1785136092.8527260
1785136092.8527260
1785136092.8527260
1785136092.8527260
1785136092.8527260
1785136092.8527260
1785136092.8527260
1785136092.8527260
1785136092.8527260
1785136092.8527260
1785136092.8527260
1785136092.8527260
1785136092.8527260
1785136092.8527260
1785136092.8527260
1785136092.8527260
1785136092.8527260
1785136092.8527260
1785136092.8527260
1785136092.8527260
1785136092.8527260
1785136092.8527260
1785136092.8527260
1785136092.8527260
1785136092.8527260
1785136092.8527260
1785136092.8527260
1785136092.8527260
1785136092.8527260
1785136092.8527260
1785136092.8527260
1785136092.8527260
1785136092.8527260
1785136092.8527260
1785136092.8527260
1785136092.8527260
1785136092.8527260
1785136092.8527260
1785136092.8527260
1785136092.8527260
1785136092.8529480
1785136092.8529480
1785136092.8529480
1785136092.8529480
1785136092.8529480
1785136092.8529480
1785136092.8529480
1785136092.8529480
1785136092.8529480
1785136092.8529480
1785136092.8529480
1785136092.8529480
1785136092.8529480
1785136092.8529480
1785136092.8529480
1785136092.8529480
1785136092.8529480
1785136092.8529480
1785136092.8529480
1785136092.8529480
1785136092.8529480
1785136092.8529480
1785136092.8529480
1785136092.8529480
1785136092.8529480
1785136092.8529480
1785136092.8529480
1785136092.8529480
1785136092.8529480
1785136092.8529480
1785136092.8529480
1785136092.8529480
1785136092.8529480
1785136092.8529480
1785136092.8529480
1785136092.8529480
1785136092.8529480
1785136092.8529480
1785136092.8529480
1785136092.8529480
1785136092.8529480
1785136092.8529480
1785136092.8529480
1785136092.8529480
1785136092.8529480
1785136092.8529480
1785136092.8529480
1785136092.8529480
1785136092.8529480
1785136092.8529480
1785136092.8529480
1785136092.8529480
1785136092.8529480
1785136092.8529480
1785136092.8529480
1785136092.8529480
1785136092.8529480
1785136092.8529480
1785136092.8529480
1785136092.8529480
1785136092.8529480
1785136092.8529480
1785136092.8529480
1785136092.8529480
1785136092.8531699
1785136092.8531699
1785136092.8531699
1785136092.8531699
1785136092.8531699
1785136092.8531699
1785136092.8531699
1785136092.8531699
1785136092.8531699
1785136092.8531699
1785136092.8531699
1785136092.8531699
1785136092.8531699
1785136092.8531699
1785136092.8531699
1785136092.8531699
1785136092.8531699
1785136092.8531699
1785136092.8531699
1785136092.8531699
1785136092.8531699
1785136092.8531699
1785136092.8531699
1785136092.8531699
1785136092.8531699
1785136092.8531699
1785136092.8531699
1785136092.8531699
1785136092.8531699
1785136092.8531699
1785136092.8531699
1785136092.8531699
1785136092.8531699
1785136092.8531699
1785136092.8531699
1785136092.8531699
1785136092.8531699
1785136092.8531699
1785136092.8531699
1785136092.8531699
1785136092.8531699
1785136092.8531699
1785136092.8531699
1785136092.8531699
1785136092.8531699
1785136092.8531699
1785136092.8531699
1785136092.8531699
1785136092.8531699
1785136092.8531699
1785136092.8531699
1785136092.8531699
1785136092.8531699
1785136092.8531699
1785136092.8533919
1785136092.8533919
1785136092.8533919
1785136092.8533919
1785136092.8533919
1785136092.8533919
1785136092.8533919
1785136092.8533919
1785136092.8533919
1785136092.8533919
1785136092.8533919
1785136092.8533919
1785136092.8533919
1785136092.8533919
1785136092.8533919
1785136092.8533919
1785136092.8533919
1785136092.8533919
1785136092.8533919
1785136092.8533919
1785136092.8533919
1785136092.8533919
1785136092.8533919
1785136092.8533919
1785136092.8533919
1785136092.8533919
1785136092.8533919
1785136092.8533919
1785136092.8533919
1785136092.8533919
1785136092.8533919
1785136092.8533919
1785136092.8533919
1785136092.8533919
1785136092.8533919
1785136092.8533919
1785136092.8533919
1785136092.8533919
1785136092.8533919
1785136092.8533919
1785136092.8533919
1785136092.8533919
1785136092.8533919
1785136092.8533919
1785136092.8533919
1785136092.8533919
1785136092.8533919
1785136092.8533919
1785136092.8533919
1785136092.8533919
1785136092.8533919
1785136092.8533919
1785136092.8533919
1785136092.8533919
1785136092.8533919
1785136092.8533919
1785136092.8533919
1785136092.8533919
1785136092.8533919
1785136092.8536150
1785136092.8536150
1785136092.8536150
1785136092.8536150
1785136092.8536150
1785136092.8536150
1785136092.8536150
1785136092.8536150
1785136092.8536150
1785136092.8536150
1785136092.8536150
1785136092.8536150
1785136092.8536150
1785136092.8536150
1785136092.8536150
1785136092.8536150
1785136092.8536150
1785136092.8536150
1785136092.8536150
1785136092.8536150
1785136092.8536150
1785136092.8536150
1785136092.8536150
1785136092.8536150
1785136092.8536150
1785136092.8536150
1785136092.8536150
1785136092.8536150
1785136092.8536150
1785136092.8536150
1785136092.8536150
1785136092.8536150
1785136092.8536150
1785136092.8536150
1785136092.8536150
1785136092.8536150
1785136092.8536150
1785136092.8536150
1785136092.8536150
1785136092.8536150
1785136092.8536150
1785136092.8536150
1785136092.8536150
1785136092.8536150
1785136092.8536150
1785136092.8538370
1785136092.8538370
1785136092.8538370
1785136092.8538370
1785136092.8538370
1785136092.8538370
1785136092.8538370
1785136092.8538370
1785136092.8538370
1785136092.8538370
1785136092.8538370
1785136092.8538370
1785136092.8538370
1785136092.8538370
1785136092.8538370
1785136092.8538370
1785136092.8538370
1785136092.8538370
1785136092.8538370
1785136092.8538370
1785136092.8538370
1785136092.8538370
1785136092.8538370
1785136092.8538370
1785136092.8538370
1785136092.8538370
1785136092.8538370
1785136092.8538370
1785136092.8538370
1785136092.8538370
1785136092.8538370
1785136092.8538370
1785136092.8538370
1785136092.8538370
1785136092.8538370
1785136092.8538370
1785136092.8538370
1785136092.8538370
1785136092.8538370
1785136092.8538370
1785136092.8538370
1785136092.8538370
1785136092.8538370
1785136092.8538370
1785136092.8538370
1785136092.8538370
1785136092.8538370
1785136092.8538370
1785136092.8538370
1785136092.8538370
1785136092.8538370
1785136092.8538370
1785136092.8538370
1785136092.8538370
1785136092.8538370
1785136092.8540590
1785136092.8540590
1785136092.8540590
1785136092.8540590
1785136092.8540590
1785136092.8540590
1785136092.8540590
1785136092.8540590
1785136092.8540590
1785136092.8540590
1785136092.8540590
1785136092.8540590
1785136092.8540590
1785136092.8540590
1785136092.8540590
1785136092.8540590
1785136092.8540590
1785136092.8540590
1785136092.8540590
1785136092.8540590
1785136092.8540590
1785136092.8540590
1785136092.8540590
1785136092.8540590
1785136092.8540590
1785136092.8540590
1785136092.8540590
1785136092.8540590
1785136092.8540590
1785136092.8540590
1785136092.8540590
1785136092.8540590
1785136092.8540590
1785136092.8540590
1785136092.8540590
1785136092.8540590
1785136092.8540590
1785136092.8540590
1785136092.8540590
1785136092.8540590
1785136092.8540590
1785136092.8540590
1785136092.8540590
1785136092.8540590
1785136092.8540590
1785136092.8540590
1785136092.8540590
1785136092.8540590
1785136092.8540590
1785136092.8540590
1785136092.8540590
1785136092.8540590
1785136092.8542809
1785136092.8542809
1785136092.8542809
1785136092.8542809
1785136092.8542809
1785136092.8542809
1785136092.8542809
1785136092.8542809
1785136092.8542809
1785136092.8542809
1785136092.8542809
1785136092.8542809
1785136092.8542809
1785136092.8542809
1785136092.8542809
1785136092.8542809
1785136092.8542809
1785136092.8542809
1785136092.8542809
1785136092.8542809
1785136092.8542809
1785136092.8542809
1785136092.8542809
1785136092.8542809
1785136092.8542809
1785136092.8542809
1785136092.8542809
1785136092.8542809
1785136092.8542809
1785136092.8542809
1785136092.8542809
1785136092.8542809
1785136092.8542809
1785136092.8542809
1785136092.8542809
1785136092.8542809
1785136092.8542809
1785136092.8542809
1785136092.8542809
1785136092.8542809
1785136092.8542809
1785136092.8542809
1785136092.8545041
1785136092.8545041
1785136092.8545041
1785136092.8545041
1785136092.8545041
1785136092.8545041
1785136092.8545041
1785136092.8545041
1785136092.8545041
1785136092.8545041
1785136092.8545041
1785136092.8545041
1785136092.8545041
1785136092.8545041
1785136092.8545041
1785136092.8545041
1785136092.8545041
1785136092.8545041
1785136092.8545041
1785136092.8545041
1785136092.8545041
1785136092.8545041
1785136092.8545041
1785136092.8545041
1785136092.8545041
1785136092.8545041
1785136092.8545041
1785136092.8545041
1785136092.8545041
1785136092.8545041
1785136092.8545041
1785136092.8545041
1785136092.8545041
1785136092.8545041
1785136092.8545041
1785136092.8545041
1785136092.8545041
1785136092.8545041
1785136092.8545041
1785136092.8545041
1785136092.8545041
1785136092.8545041
1785136092.8545041
1785136092.8545041
1785136092.8545041
1785136092.8545041
1785136092.8545041
1785136092.8545041
1785136092.8545041
1785136092.8545041
1785136092.8545041
1785136092.8545041
1785136092.8545041
1785136092.8547261
1785136092.8547261
1785136092.8547261
1785136092.8547261
1785136092.8547261
1785136092.8547261
1785136092.8547261
1785136092.8547261
1785136092.8547261
1785136092.8547261
1785136092.8547261
1785136092.8547261
1785136092.8547261
1785136092.8547261
1785136092.8547261
1785136092.8547261
1785136092.8547261
1785136092.8547261
1785136092.8547261
1785136092.8547261
1785136092.8547261
1785136092.8547261
1785136092.8547261
1785136092.8547261
1785136092.8547261
1785136092.8547261
1785136092.8547261
1785136092.8547261
1785136092.8547261
1785136092.8547261
1785136092.8547261
1785136092.8547261
1785136092.8547261
1785136092.8547261
1785136092.8547261
1785136092.8547261
1785136092.8547261
1785136092.8547261
1785136092.8547261
1785136092.8547261
1785136092.8547261
1785136092.8547261
1785136092.8547261
1785136092.8547261
1785136092.8547261
1785136092.8547261
1785136092.8547261
1785136092.8547261
1785136092.8547261
1785136092.8547261
1785136092.8547261
1785136092.8547261
1785136092.8547261
1785136092.8547261
1785136092.8547261
1785136092.8547261
1785136092.8549480
1785136092.8549480
1785136092.8549480
1785136092.8549480
1785136092.8549480
1785136092.8549480
1785136092.8549480
1785136092.8549480
1785136092.8549480
1785136092.8549480
1785136092.8549480
1785136092.8549480
1785136092.8549480
1785136092.8549480
1785136092.8549480
1785136092.8549480
1785136092.8549480
1785136092.8549480
1785136092.8549480
1785136092.8549480
1785136092.8549480
1785136092.8549480
1785136092.8549480
1785136092.8549480
1785136092.8549480
1785136092.8549480
1785136092.8549480
1785136092.8549480
1785136092.8549480
1785136092.8549480
1785136092.8549480
1785136092.8549480
1785136092.8549480
1785136092.8549480
1785136092.8551710
1785136092.8551710
1785136092.8551710
1785136092.8551710
1785136092.8551710
1785136092.8551710
1785136092.8551710
1785136092.8551710
1785136092.8551710
1785136092.8551710
1785136092.8551710
1785136092.8551710
1785136092.8551710
1785136092.8551710
1785136092.8551710
1785136092.8551710
1785136092.8551710
1785136092.8551710
1785136092.8551710
1785136092.8553929
1785136092.8553929
1785136092.8553929
1785136092.8553929
1785136092.8553929
1785136092.8553929
1785136092.8553929
1785136092.8553929
1785136092.8553929
1785136092.8553929
1785136092.8553929
1785136092.8553929
1785136092.8553929
1785136092.8553929
1785136092.8553929
1785136092.8553929
1785136092.8553929
1785136092.8553929
1785136092.8553929
1785136092.8553929
1785136092.8553929
1785136092.8553929
1785136092.8553929
1785136092.8553929
1785136092.8556149
1785136092.8556149
1785136092.8556149
1785136092.8556149
1785136092.8556149
1785136092.8556149
1785136092.8556149
1785136092.8556149
1785136092.8556149
1785136092.8556149
1785136092.8556149
1785136092.8556149
1785136092.8556149
1785136092.8556149
1785136092.8556149
1785136092.8558371
1785136092.8558371
1785136092.8558371
1785136092.8558371
1785136092.8558371
1785136092.8558371
1785136092.8558371
1785136092.8558371
1785136092.8558371
1785136092.8558371
1785136092.8558371
1785136092.8558371
1785136092.8560591
1785136092.8560591
1785136092.8560591
1785136092.8560591
1785136092.8560591
1785136092.8560591
1785136092.8560591
1785136092.8560591
1785136092.8560591
1785136092.8560591
1785136092.8560591
1785136092.8560591
1785136092.8560591
1785136092.8562820
1785136092.8562820
1785136092.8562820
1785136092.8562820
1785136092.8562820
1785136092.8562820
1785136092.8562820
1785136092.8562820
1785136092.8562820
1785136092.8562820
1785136092.8562820
1785136092.8562820
1785136092.8562820
1785136092.8565040
1785136092.8565040
1785136092.8565040
1785136092.8565040
1785136092.8565040
1785136092.8565040
1785136092.8565040
1785136092.8565040
1785136092.8565040
1785136092.8565040
1785136092.8565040
1785136092.8565040
1785136092.8567259
1785136092.8602829
1785136092.8605061
1785136092.8605061
1785136092.8605061
1785136092.8605061
1785136092.8605061
1785136092.8605061
1785136092.8605061
1785136092.8605061
1785136092.8605061
1785136092.8605061
1785136092.8605061
1785136092.8605061
1785136092.8607280
1785136092.8607280
1785136092.8607280
1785136092.8607280
1785136092.8607280
1785136092.8607280
1785136092.8607280
1785136092.8607280
1785136092.8607280
1785136092.8607280
1785136092.8607280
1785136092.8607280
1785136092.8607280
1785136092.8607280
1785136092.8607280
1785136092.8609500
1785136092.8609500
1785136092.8609500
1785136092.8609500
1785136092.8609500
1785136092.8609500
1785136092.8609500
1785136092.8609500
1785136092.8609500
1785136092.8609500
1785136092.8609500
1785136092.8609500
1785136092.8609500
1785136092.8609500
1785136092.8609500
1785136092.8609500
1785136092.8609500
1785136092.8609500
1785136092.8611729
1785136092.8611729
1785136092.8611729
1785136092.8611729
1785136092.8611729
1785136092.8611729
1785136092.8611729
1785136092.8611729
1785136092.8611729
1785136092.8611729
1785136092.8611729
1785136092.8611729
1785136092.8611729
1785136092.8611729
1785136092.8611729
1785136092.8611729
1785136092.8611729
1785136092.8613949
1785136092.8613949
1785136092.8613949
1785136092.8613949
1785136092.8613949
1785136092.8613949
1785136092.8613949
1785136092.8613949
1785136092.8613949
1785136092.8613949
1785136092.8613949
1785136092.8613949
1785136092.8613949
1785136092.8613949
1785136092.8613949
1785136092.8613949
1785136092.8613949
1785136092.8613949
1785136092.8613949
1785136092.8616171
1785136092.8616171
1785136092.8616171
1785136092.8616171
1785136092.8616171
1785136092.8616171
1785136092.8616171
1785136092.8616171
1785136092.8616171
1785136092.8616171
1785136092.8616171
1785136092.8616171
1785136092.8620620
1785136092.8620620
1785136092.8620620
1785136092.8620620
1785136092.8620620
1785136092.8622839
1785136092.8622839
1785136092.8622839
1785136092.8622839
1785136092.8622839
1785136092.8622839
