1785136076.1124949
1785136076.1138279
1785136076.1138279
1785136076.1140511
1785136076.1140511
1785136076.1140511
1785136076.1142731
1785136076.1142731
1785136076.1142731
1785136076.1142731
1785136076.1142731
1785136076.1142731
1785136076.1142731
1785136076.1142731
1785136076.1142731
1785136076.1142731
1785136076.1142731
1785136076.1142731
1785136076.1142731
1785136076.1142731
1785136076.1142731
1785136076.1142731
1785136076.1144950
1785136076.1144950
1785136076.1144950
1785136076.1144950
1785136076.1144950
1785136076.1144950
1785136076.1144950
1785136076.1144950
1785136076.1151619
1785136076.1151619
1785136076.1151619
1785136076.1167181
1785136076.1169410
1785136076.1169410
1785136076.1169410
1785136076.1169410
1785136076.1169410
1785136076.1171629
1785136076.1171629
1785136076.1171629
1785136076.1171629
1785136076.1171629
1785136076.1171629
1785136076.1171629
1785136076.1171629
1785136076.1173849
1785136076.1173849
1785136076.1173849
1785136076.1173849
1785136076.1173849
1785136076.1173849
1785136076.1173849
1785136076.1173849
1785136076.1173849
1785136076.1176071
1785136076.1176071
1785136076.1176071
1785136076.1176071
1785136076.1176071
1785136076.1176071
1785136076.1176071
1785136076.1176071
1785136076.1176071
1785136076.1176071
1785136076.1176071
1785136076.1176071
1785136076.1176071
1785136076.1176071
1785136076.1176071
1785136076.1176071
1785136076.1176071
1785136076.1176071
1785136076.1176071
1785136076.1178300
1785136076.1178300
1785136076.1178300
1785136076.1178300
1785136076.1178300
1785136076.1178300
1785136076.1178300
1785136076.1178300
1785136076.1178300
1785136076.1178300
1785136076.1178300
1785136076.1178300
1785136076.1178300
1785136076.1178300
1785136076.1178300
1785136076.1178300
1785136076.1178300
1785136076.1178300
1785136076.1178300
1785136076.1178300
1785136076.1178300
1785136076.1178300
1785136076.1178300
1785136076.1178300
1785136076.1178300
1785136076.1178300
1785136076.1178300
1785136076.1178300
1785136076.1178300
1785136076.1178300
1785136076.1178300
1785136076.1178300
1785136076.1178300
1785136076.1178300
1785136076.1178300
1785136076.1178300
1785136076.1178300
1785136076.1178300
1785136076.1178300
1785136076.1178300
1785136076.1178300
1785136076.1180520
1785136076.1180520
1785136076.1180520
1785136076.1180520
1785136076.1180520
1785136076.1180520
1785136076.1180520
1785136076.1180520
1785136076.1180520
1785136076.1180520
1785136076.1180520
1785136076.1180520
1785136076.1180520
1785136076.1180520
1785136076.1180520
1785136076.1180520
1785136076.1180520
1785136076.1180520
1785136076.1180520
1785136076.1180520
1785136076.1180520
1785136076.1180520
1785136076.1180520
1785136076.1180520
1785136076.1180520
1785136076.1180520
1785136076.1180520
1785136076.1180520
1785136076.1180520
1785136076.1180520
1785136076.1180520
1785136076.1180520
1785136076.1180520
1785136076.1180520
1785136076.1180520
1785136076.1180520
1785136076.1180520
1785136076.1180520
1785136076.1180520
1785136076.1182740
1785136076.1182740
1785136076.1182740
1785136076.1182740
1785136076.1182740
1785136076.1182740
1785136076.1182740
1785136076.1182740
1785136076.1182740
1785136076.1182740
1785136076.1182740
1785136076.1182740
1785136076.1182740
1785136076.1182740
1785136076.1182740
1785136076.1182740
1785136076.1182740
1785136076.1182740
1785136076.1182740
1785136076.1182740
1785136076.1182740
1785136076.1182740
1785136076.1182740
1785136076.1182740
1785136076.1182740
1785136076.1182740
1785136076.1182740
1785136076.1182740
1785136076.1182740
1785136076.1182740
1785136076.1182740
1785136076.1182740
1785136076.1182740
1785136076.1182740
1785136076.1184969
1785136076.1184969
1785136076.1184969
1785136076.1184969
1785136076.1184969
1785136076.1184969
1785136076.1184969
1785136076.1184969
1785136076.1184969
1785136076.1184969
1785136076.1184969
1785136076.1184969
1785136076.1184969
1785136076.1184969
1785136076.1184969
1785136076.1184969
1785136076.1184969
1785136076.1184969
1785136076.1184969
1785136076.1184969
1785136076.1184969
1785136076.1184969
1785136076.1184969
1785136076.1184969
1785136076.1184969
1785136076.1184969
1785136076.1184969
1785136076.1184969
1785136076.1184969
1785136076.1184969
1785136076.1184969
1785136076.1184969
1785136076.1187191
1785136076.1187191
1785136076.1187191
1785136076.1187191
1785136076.1187191
1785136076.1187191
1785136076.1187191
1785136076.1187191
1785136076.1187191
1785136076.1187191
1785136076.1187191
1785136076.1187191
1785136076.1187191
1785136076.1187191
1785136076.1187191
1785136076.1187191
1785136076.1187191
1785136076.1187191
1785136076.1187191
1785136076.1187191
1785136076.1187191
1785136076.1187191
1785136076.1187191
1785136076.1187191
1785136076.1187191
1785136076.1187191
1785136076.1187191
1785136076.1187191
1785136076.1187191
1785136076.1187191
1785136076.1187191
1785136076.1187191
1785136076.1189411
1785136076.1189411
1785136076.1189411
1785136076.1189411
1785136076.1189411
1785136076.1189411
1785136076.1189411
1785136076.1189411
1785136076.1189411
1785136076.1189411
1785136076.1189411
1785136076.1189411
1785136076.1189411
1785136076.1189411
1785136076.1189411
1785136076.1189411
1785136076.1189411
1785136076.1189411
1785136076.1189411
1785136076.1189411
1785136076.1189411
1785136076.1189411
1785136076.1189411
1785136076.1189411
1785136076.1189411
1785136076.1189411
1785136076.1189411
1785136076.1189411
1785136076.1189411
1785136076.1189411
1785136076.1189411
1785136076.1189411
1785136076.1191630
1785136076.1191630
1785136076.1191630
1785136076.1191630
1785136076.1191630
1785136076.1191630
1785136076.1191630
1785136076.1191630
1785136076.1191630
1785136076.1191630
1785136076.1191630
1785136076.1191630
1785136076.1191630
1785136076.1191630
1785136076.1191630
1785136076.1191630
1785136076.1191630
1785136076.1191630
1785136076.1191630
1785136076.1191630
1785136076.1191630
1785136076.1191630
1785136076.1191630
1785136076.1191630
1785136076.1191630
1785136076.1191630
1785136076.1191630
1785136076.1191630
1785136076.1191630
1785136076.1191630
1785136076.1191630
1785136076.1191630
1785136076.1191630
1785136076.1191630
1785136076.1191630
1785136076.1191630
1785136076.1191630
1785136076.1191630
1785136076.1191630
1785136076.1191630
1785136076.1191630
1785136076.1191630
1785136076.1193860
1785136076.1193860
1785136076.1193860
1785136076.1193860
1785136076.1193860
1785136076.1193860
1785136076.1193860
1785136076.1193860
1785136076.1193860
1785136076.1193860
1785136076.1193860
1785136076.1193860
1785136076.1193860
1785136076.1193860
1785136076.1193860
1785136076.1193860
1785136076.1193860
1785136076.1193860
1785136076.1193860
1785136076.1193860
1785136076.1193860
1785136076.1193860
1785136076.1193860
1785136076.1193860
1785136076.1193860
1785136076.1193860
1785136076.1193860
1785136076.1193860
1785136076.1193860
1785136076.1193860
1785136076.1193860
1785136076.1193860
1785136076.1193860
1785136076.1193860
1785136076.1193860
1785136076.1193860
1785136076.1193860
1785136076.1193860
1785136076.1193860
1785136076.1193860
1785136076.1193860
1785136076.1193860
1785136076.1196079
1785136076.1196079
1785136076.1196079
1785136076.1196079
1785136076.1196079
1785136076.1196079
1785136076.1196079
1785136076.1196079
1785136076.1196079
1785136076.1196079
1785136076.1196079
1785136076.1196079
1785136076.1196079
1785136076.1196079
1785136076.1196079
1785136076.1196079
1785136076.1196079
1785136076.1196079
1785136076.1196079
1785136076.1196079
1785136076.1196079
1785136076.1196079
1785136076.1196079
1785136076.1196079
1785136076.1196079
1785136076.1196079
1785136076.1196079
1785136076.1196079
1785136076.1196079
1785136076.1196079
1785136076.1196079
1785136076.1196079
1785136076.1196079
1785136076.1196079
1785136076.1196079
1785136076.1196079
1785136076.1196079
1785136076.1196079
1785136076.1196079
1785136076.1196079
1785136076.1196079
1785136076.1196079
1785136076.1198299
1785136076.1198299
1785136076.1198299
1785136076.1198299
1785136076.1198299
1785136076.1198299
1785136076.1198299
1785136076.1198299
1785136076.1198299
1785136076.1198299
1785136076.1198299
1785136076.1198299
1785136076.1198299
1785136076.1198299
1785136076.1198299
1785136076.1198299
1785136076.1198299
1785136076.1198299
1785136076.1198299
1785136076.1198299
1785136076.1198299
1785136076.1198299
1785136076.1198299
1785136076.1198299
1785136076.1198299
1785136076.1198299
1785136076.1198299
1785136076.1198299
1785136076.1198299
1785136076.1198299
1785136076.1198299
1785136076.1198299
1785136076.1198299
1785136076.1198299
1785136076.1198299
1785136076.1198299
1785136076.1198299
1785136076.1198299
1785136076.1198299
1785136076.1198299
1785136076.1198299
1785136076.1198299
1785136076.1200521
1785136076.1200521
1785136076.1200521
1785136076.1200521
1785136076.1200521
1785136076.1200521
1785136076.1200521
1785136076.1200521
1785136076.1200521
1785136076.1200521
1785136076.1200521
1785136076.1200521
1785136076.1200521
1785136076.1200521
1785136076.1200521
1785136076.1200521
1785136076.1200521
1785136076.1200521
1785136076.1200521
1785136076.1200521
1785136076.1200521
1785136076.1200521
1785136076.1200521
1785136076.1200521
1785136076.1200521
1785136076.1200521
1785136076.1200521
1785136076.1200521
1785136076.1200521
1785136076.1200521
1785136076.1200521
1785136076.1200521
1785136076.1200521
1785136076.1200521
1785136076.1200521
1785136076.1200521
1785136076.1200521
1785136076.1200521
1785136076.1200521
1785136076.1200521
1785136076.1200521
1785136076.1200521
1785136076.1202750
1785136076.1202750
1785136076.1202750
1785136076.1202750
1785136076.1202750
1785136076.1202750
1785136076.1202750
1785136076.1202750
1785136076.1202750
1785136076.1202750
1785136076.1202750
1785136076.1202750
1785136076.1202750
1785136076.1202750
1785136076.1202750
1785136076.1202750
1785136076.1202750
1785136076.1202750
1785136076.1202750
1785136076.1202750
1785136076.1202750
1785136076.1202750
1785136076.1202750
1785136076.1202750
1785136076.1202750
1785136076.1202750
1785136076.1202750
1785136076.1202750
1785136076.1202750
1785136076.1202750
1785136076.1202750
1785136076.1202750
1785136076.1202750
1785136076.1202750
1785136076.1202750
1785136076.1202750
1785136076.1202750
1785136076.1202750
1785136076.1202750
1785136076.1202750
1785136076.1202750
1785136076.1202750
1785136076.1202750
1785136076.1204970
1785136076.1204970
1785136076.1204970
1785136076.1204970
1785136076.1204970
1785136076.1204970
1785136076.1204970
1785136076.1204970
1785136076.1204970
1785136076.1204970
1785136076.1204970
1785136076.1204970
1785136076.1204970
1785136076.1204970
1785136076.1204970
1785136076.1204970
1785136076.1204970
1785136076.1204970
1785136076.1204970
1785136076.1204970
1785136076.1204970
1785136076.1204970
1785136076.1204970
1785136076.1204970
1785136076.1204970
1785136076.1204970
1785136076.1204970
1785136076.1204970
1785136076.1204970
1785136076.1204970
1785136076.1204970
1785136076.1204970
1785136076.1204970
1785136076.1204970
1785136076.1204970
1785136076.1204970
1785136076.1204970
1785136076.1204970
1785136076.1204970
1785136076.1204970
1785136076.1204970
1785136076.1204970
1785136076.1204970
1785136076.1207190
1785136076.1207190
1785136076.1207190
1785136076.1207190
1785136076.1207190
1785136076.1207190
1785136076.1207190
1785136076.1207190
1785136076.1207190
1785136076.1207190
1785136076.1207190
1785136076.1207190
1785136076.1207190
1785136076.1207190
1785136076.1207190
1785136076.1207190
1785136076.1207190
1785136076.1207190
1785136076.1207190
1785136076.1207190
1785136076.1207190
1785136076.1207190
1785136076.1207190
1785136076.1207190
1785136076.1207190
1785136076.1207190
1785136076.1207190
1785136076.1207190
1785136076.1207190
1785136076.1207190
1785136076.1207190
1785136076.1207190
1785136076.1207190
1785136076.1207190
1785136076.1207190
1785136076.1207190
1785136076.1207190
1785136076.1207190
1785136076.1207190
1785136076.1207190
1785136076.1207190
1785136076.1207190
1785136076.1207190
1785136076.1209421
1785136076.1209421
1785136076.1209421
1785136076.1209421
1785136076.1209421
1785136076.1209421
1785136076.1209421
1785136076.1209421
1785136076.1209421
1785136076.1209421
1785136076.1209421
1785136076.1209421
1785136076.1209421
1785136076.1209421
1785136076.1209421
1785136076.1209421
1785136076.1209421
1785136076.1209421
1785136076.1209421
1785136076.1209421
1785136076.1209421
1785136076.1209421
1785136076.1209421
1785136076.1209421
1785136076.1209421
1785136076.1209421
1785136076.1209421
1785136076.1209421
1785136076.1209421
1785136076.1209421
1785136076.1209421
1785136076.1209421
1785136076.1209421
1785136076.1209421
1785136076.1209421
1785136076.1209421
1785136076.1209421
1785136076.1209421
1785136076.1209421
1785136076.1209421
1785136076.1209421
1785136076.1209421
1785136076.1209421
1785136076.1211641
1785136076.1211641
1785136076.1211641
1785136076.1211641
1785136076.1211641
1785136076.1211641
1785136076.1211641
1785136076.1211641
1785136076.1211641
1785136076.1211641
1785136076.1211641
1785136076.1211641
1785136076.1211641
1785136076.1211641
1785136076.1211641
1785136076.1211641
1785136076.1211641
1785136076.1211641
1785136076.1211641
1785136076.1211641
1785136076.1211641
1785136076.1211641
1785136076.1211641
1785136076.1211641
1785136076.1211641
1785136076.1211641
1785136076.1211641
1785136076.1211641
1785136076.1211641
1785136076.1211641
1785136076.1211641
1785136076.1211641
1785136076.1211641
1785136076.1211641
1785136076.1211641
1785136076.1211641
1785136076.1211641
1785136076.1211641
1785136076.1211641
1785136076.1211641
1785136076.1211641
1785136076.1211641
1785136076.1211641
1785136076.1213861
1785136076.1213861
1785136076.1213861
1785136076.1213861
1785136076.1213861
1785136076.1213861
1785136076.1213861
1785136076.1213861
1785136076.1213861
1785136076.1213861
1785136076.1213861
1785136076.1213861
1785136076.1213861
1785136076.1213861
1785136076.1213861
1785136076.1213861
1785136076.1213861
1785136076.1213861
1785136076.1213861
1785136076.1213861
1785136076.1213861
1785136076.1213861
1785136076.1213861
1785136076.1213861
1785136076.1213861
1785136076.1213861
1785136076.1213861
1785136076.1213861
1785136076.1213861
1785136076.1213861
1785136076.1213861
1785136076.1213861
1785136076.1213861
1785136076.1213861
1785136076.1213861
1785136076.1213861
1785136076.1213861
1785136076.1213861
1785136076.1213861
1785136076.1213861
1785136076.1213861
1785136076.1213861
1785136076.1213861
1785136076.1216090
1785136076.1216090
1785136076.1216090
1785136076.1216090
1785136076.1216090
1785136076.1216090
1785136076.1216090
1785136076.1216090
1785136076.1216090
1785136076.1216090
1785136076.1216090
1785136076.1216090
1785136076.1216090
1785136076.1216090
1785136076.1216090
1785136076.1216090
1785136076.1216090
1785136076.1216090
1785136076.1216090
1785136076.1216090
1785136076.1216090
1785136076.1216090
1785136076.1216090
1785136076.1216090
1785136076.1216090
1785136076.1216090
1785136076.1216090
1785136076.1216090
1785136076.1216090
1785136076.1216090
1785136076.1216090
1785136076.1216090
1785136076.1216090
1785136076.1216090
1785136076.1216090
1785136076.1216090
1785136076.1216090
1785136076.1216090
1785136076.1216090
1785136076.1216090
1785136076.1216090
1785136076.1216090
1785136076.1216090
1785136076.1216090
1785136076.1218309
1785136076.1218309
1785136076.1218309
1785136076.1218309
1785136076.1218309
1785136076.1218309
1785136076.1218309
1785136076.1218309
1785136076.1218309
1785136076.1218309
1785136076.1218309
1785136076.1218309
1785136076.1218309
1785136076.1218309
1785136076.1218309
1785136076.1218309
1785136076.1218309
1785136076.1218309
1785136076.1218309
1785136076.1218309
1785136076.1218309
1785136076.1218309
1785136076.1218309
1785136076.1218309
1785136076.1218309
1785136076.1218309
1785136076.1218309
1785136076.1218309
1785136076.1218309
1785136076.1218309
1785136076.1218309
1785136076.1218309
1785136076.1218309
1785136076.1218309
1785136076.1218309
1785136076.1218309
1785136076.1218309
1785136076.1218309
1785136076.1218309
1785136076.1218309
1785136076.1218309
1785136076.1218309
1785136076.1218309
1785136076.1220529
1785136076.1220529
1785136076.1220529
1785136076.1220529
1785136076.1220529
1785136076.1220529
1785136076.1220529
1785136076.1220529
1785136076.1220529
1785136076.1220529
1785136076.1220529
1785136076.1220529
1785136076.1220529
1785136076.1220529
1785136076.1220529
1785136076.1220529
1785136076.1220529
1785136076.1220529
1785136076.1220529
1785136076.1220529
1785136076.1220529
1785136076.1220529
1785136076.1220529
1785136076.1220529
1785136076.1220529
1785136076.1220529
1785136076.1220529
1785136076.1220529
1785136076.1220529
1785136076.1220529
1785136076.1220529
1785136076.1220529
1785136076.1220529
1785136076.1220529
1785136076.1220529
1785136076.1220529
1785136076.1220529
1785136076.1220529
1785136076.1220529
1785136076.1220529
1785136076.1220529
1785136076.1220529
1785136076.1220529
1785136076.1222751
1785136076.1222751
1785136076.1222751
1785136076.1222751
1785136076.1222751
1785136076.1222751
1785136076.1222751
1785136076.1222751
1785136076.1222751
1785136076.1222751
1785136076.1222751
1785136076.1222751
1785136076.1222751
1785136076.1222751
1785136076.1222751
1785136076.1222751
1785136076.1222751
1785136076.1222751
1785136076.1222751
1785136076.1222751
1785136076.1222751
1785136076.1222751
1785136076.1222751
1785136076.1222751
1785136076.1222751
1785136076.1222751
1785136076.1222751
1785136076.1222751
1785136076.1222751
1785136076.1222751
1785136076.1222751
1785136076.1222751
1785136076.1222751
1785136076.1222751
1785136076.1222751
1785136076.1222751
1785136076.1222751
1785136076.1222751
1785136076.1222751
1785136076.1222751
1785136076.1222751
1785136076.1224971
1785136076.1224971
1785136076.1224971
1785136076.1224971
1785136076.1224971
1785136076.1224971
1785136076.1224971
1785136076.1224971
1785136076.1224971
1785136076.1224971
1785136076.1224971
1785136076.1224971
1785136076.1224971
1785136076.1224971
1785136076.1224971
1785136076.1224971
1785136076.1224971
1785136076.1224971
1785136076.1224971
1785136076.1224971
1785136076.1224971
1785136076.1224971
1785136076.1224971
1785136076.1224971
1785136076.1224971
1785136076.1224971
1785136076.1224971
1785136076.1224971
1785136076.1224971
1785136076.1224971
1785136076.1224971
1785136076.1224971
1785136076.1224971
1785136076.1224971
1785136076.1224971
1785136076.1224971
1785136076.1224971
1785136076.1224971
1785136076.1224971
1785136076.1224971
1785136076.1224971
1785136076.1227200
1785136076.1227200
1785136076.1227200
1785136076.1227200
1785136076.1227200
1785136076.1227200
1785136076.1227200
1785136076.1227200
1785136076.1227200
1785136076.1227200
1785136076.1227200
1785136076.1227200
1785136076.1227200
1785136076.1227200
1785136076.1227200
1785136076.1227200
1785136076.1227200
1785136076.1227200
1785136076.1227200
1785136076.1227200
1785136076.1227200
1785136076.1227200
1785136076.1227200
1785136076.1227200
1785136076.1227200
1785136076.1227200
1785136076.1227200
1785136076.1227200
1785136076.1227200
1785136076.1227200
1785136076.1227200
1785136076.1227200
1785136076.1227200
1785136076.1227200
1785136076.1227200
1785136076.1227200
1785136076.1227200
1785136076.1227200
1785136076.1227200
1785136076.1227200
1785136076.1229420
1785136076.1229420
1785136076.1229420
1785136076.1229420
1785136076.1229420
1785136076.1229420
1785136076.1229420
1785136076.1229420
1785136076.1229420
1785136076.1229420
1785136076.1229420
1785136076.1229420
1785136076.1229420
1785136076.1229420
1785136076.1229420
1785136076.1229420
1785136076.1229420
1785136076.1229420
1785136076.1229420
1785136076.1229420
1785136076.1229420
1785136076.1229420
1785136076.1229420
1785136076.1229420
1785136076.1229420
1785136076.1229420
1785136076.1229420
1785136076.1229420
1785136076.1229420
1785136076.1229420
1785136076.1229420
1785136076.1229420
1785136076.1229420
1785136076.1229420
1785136076.1229420
1785136076.1229420
1785136076.1229420
1785136076.1229420
1785136076.1229420
1785136076.1229420
1785136076.1229420
1785136076.1231639
1785136076.1231639
1785136076.1231639
1785136076.1231639
1785136076.1231639
1785136076.1231639
1785136076.1231639
1785136076.1231639
1785136076.1231639
1785136076.1231639
1785136076.1231639
1785136076.1231639
1785136076.1231639
1785136076.1231639
1785136076.1231639
1785136076.1231639
1785136076.1231639
1785136076.1231639
1785136076.1231639
1785136076.1231639
1785136076.1231639
1785136076.1231639
1785136076.1231639
1785136076.1231639
1785136076.1231639
1785136076.1231639
1785136076.1231639
1785136076.1231639
1785136076.1231639
1785136076.1231639
1785136076.1231639
1785136076.1231639
1785136076.1231639
1785136076.1231639
1785136076.1231639
1785136076.1231639
1785136076.1231639
1785136076.1231639
1785136076.1231639
1785136076.1231639
1785136076.1231639
1785136076.1231639
1785136076.1231639
1785136076.1233859
1785136076.1233859
1785136076.1233859
1785136076.1233859
1785136076.1233859
1785136076.1233859
1785136076.1233859
1785136076.1233859
1785136076.1233859
1785136076.1233859
1785136076.1233859
1785136076.1233859
1785136076.1233859
1785136076.1233859
1785136076.1233859
1785136076.1233859
1785136076.1233859
1785136076.1233859
1785136076.1233859
1785136076.1233859
1785136076.1233859
1785136076.1233859
1785136076.1233859
1785136076.1233859
1785136076.1233859
1785136076.1233859
1785136076.1233859
1785136076.1233859
1785136076.1233859
1785136076.1233859
1785136076.1233859
1785136076.1233859
1785136076.1233859
1785136076.1233859
1785136076.1233859
1785136076.1233859
1785136076.1233859
1785136076.1233859
1785136076.1233859
1785136076.1233859
1785136076.1233859
1785136076.1233859
1785136076.1233859
1785136076.1236091
1785136076.1236091
1785136076.1236091
1785136076.1236091
1785136076.1236091
1785136076.1236091
1785136076.1236091
1785136076.1236091
1785136076.1236091
1785136076.1236091
1785136076.1236091
1785136076.1236091
1785136076.1236091
1785136076.1236091
1785136076.1236091
1785136076.1236091
1785136076.1236091
1785136076.1236091
1785136076.1236091
1785136076.1236091
1785136076.1236091
1785136076.1236091
1785136076.1236091
1785136076.1236091
1785136076.1236091
1785136076.1236091
1785136076.1236091
1785136076.1236091
1785136076.1236091
1785136076.1236091
1785136076.1236091
1785136076.1236091
1785136076.1236091
1785136076.1236091
1785136076.1236091
1785136076.1236091
1785136076.1236091
1785136076.1236091
1785136076.1236091
1785136076.1236091
1785136076.1236091
1785136076.1236091
1785136076.1236091
1785136076.1238310
1785136076.1238310
1785136076.1238310
1785136076.1238310
1785136076.1238310
1785136076.1238310
1785136076.1238310
1785136076.1238310
1785136076.1238310
1785136076.1238310
1785136076.1238310
1785136076.1238310
1785136076.1238310
1785136076.1238310
1785136076.1238310
1785136076.1238310
1785136076.1238310
1785136076.1238310
1785136076.1238310
1785136076.1238310
1785136076.1238310
1785136076.1238310
1785136076.1238310
1785136076.1238310
1785136076.1238310
1785136076.1238310
1785136076.1238310
1785136076.1238310
1785136076.1238310
1785136076.1238310
1785136076.1238310
1785136076.1238310
1785136076.1238310
1785136076.1238310
1785136076.1238310
1785136076.1238310
1785136076.1238310
1785136076.1238310
1785136076.1238310
1785136076.1238310
1785136076.1238310
1785136076.1238310
1785136076.1238310
1785136076.1240530
1785136076.1240530
1785136076.1240530
1785136076.1240530
1785136076.1240530
1785136076.1240530
1785136076.1240530
1785136076.1240530
1785136076.1240530
1785136076.1240530
1785136076.1240530
1785136076.1240530
1785136076.1240530
1785136076.1240530
1785136076.1240530
1785136076.1240530
1785136076.1240530
1785136076.1240530
1785136076.1240530
1785136076.1240530
1785136076.1240530
1785136076.1240530
1785136076.1240530
1785136076.1240530
1785136076.1240530
1785136076.1240530
1785136076.1240530
1785136076.1240530
1785136076.1240530
1785136076.1240530
1785136076.1240530
1785136076.1240530
1785136076.1240530
1785136076.1240530
1785136076.1240530
1785136076.1240530
1785136076.1240530
1785136076.1240530
1785136076.1240530
1785136076.1240530
1785136076.1240530
1785136076.1240530
1785136076.1240530
1785136076.1240530
1785136076.1240530
1785136076.1242750
1785136076.1242750
1785136076.1242750
1785136076.1242750
1785136076.1242750
1785136076.1242750
1785136076.1242750
1785136076.1242750
1785136076.1242750
1785136076.1242750
1785136076.1242750
1785136076.1242750
1785136076.1242750
1785136076.1242750
1785136076.1242750
1785136076.1242750
1785136076.1242750
1785136076.1242750
1785136076.1242750
1785136076.1242750
1785136076.1242750
1785136076.1242750
1785136076.1242750
1785136076.1242750
1785136076.1242750
1785136076.1242750
1785136076.1242750
1785136076.1242750
1785136076.1242750
1785136076.1242750
1785136076.1242750
1785136076.1242750
1785136076.1242750
1785136076.1242750
1785136076.1242750
1785136076.1242750
1785136076.1242750
1785136076.1242750
1785136076.1242750
1785136076.1242750
1785136076.1242750
1785136076.1242750
1785136076.1242750
1785136076.1242750
1785136076.1244979
1785136076.1244979
1785136076.1244979
1785136076.1244979
1785136076.1244979
1785136076.1244979
1785136076.1244979
1785136076.1244979
1785136076.1244979
1785136076.1244979
1785136076.1244979
1785136076.1244979
1785136076.1244979
1785136076.1244979
1785136076.1244979
1785136076.1244979
1785136076.1244979
1785136076.1244979
1785136076.1244979
1785136076.1244979
1785136076.1244979
1785136076.1244979
1785136076.1244979
1785136076.1244979
1785136076.1244979
1785136076.1244979
1785136076.1244979
1785136076.1244979
1785136076.1244979
1785136076.1244979
1785136076.1244979
1785136076.1244979
1785136076.1244979
1785136076.1244979
1785136076.1244979
1785136076.1244979
1785136076.1244979
1785136076.1244979
1785136076.1244979
1785136076.1244979
1785136076.1244979
1785136076.1244979
1785136076.1244979
1785136076.1244979
1785136076.1247201
1785136076.1247201
1785136076.1247201
1785136076.1247201
1785136076.1247201
1785136076.1247201
1785136076.1247201
1785136076.1247201
1785136076.1247201
1785136076.1247201
1785136076.1247201
1785136076.1247201
1785136076.1247201
1785136076.1247201
1785136076.1247201
1785136076.1247201
1785136076.1247201
1785136076.1247201
1785136076.1247201
1785136076.1247201
1785136076.1247201
1785136076.1247201
1785136076.1247201
1785136076.1247201
1785136076.1247201
1785136076.1247201
1785136076.1247201
1785136076.1247201
1785136076.1247201
1785136076.1247201
1785136076.1247201
1785136076.1247201
1785136076.1247201
1785136076.1247201
1785136076.1247201
1785136076.1247201
1785136076.1247201
1785136076.1247201
1785136076.1247201
1785136076.1247201
1785136076.1247201
1785136076.1247201
1785136076.1247201
1785136076.1247201
1785136076.1247201
1785136076.1247201
1785136076.1249421
1785136076.1249421
1785136076.1249421
1785136076.1249421
1785136076.1249421
1785136076.1249421
1785136076.1249421
1785136076.1249421
1785136076.1249421
1785136076.1249421
1785136076.1249421
1785136076.1249421
1785136076.1249421
1785136076.1249421
1785136076.1249421
1785136076.1249421
1785136076.1249421
1785136076.1249421
1785136076.1249421
1785136076.1249421
1785136076.1249421
1785136076.1249421
1785136076.1249421
1785136076.1249421
1785136076.1249421
1785136076.1249421
1785136076.1249421
1785136076.1249421
1785136076.1249421
1785136076.1249421
1785136076.1249421
1785136076.1249421
1785136076.1249421
1785136076.1249421
1785136076.1249421
1785136076.1249421
1785136076.1249421
1785136076.1249421
1785136076.1249421
1785136076.1249421
1785136076.1249421
1785136076.1249421
1785136076.1249421
1785136076.1249421
1785136076.1249421
1785136076.1249421
1785136076.1251640
1785136076.1251640
1785136076.1251640
1785136076.1251640
1785136076.1251640
1785136076.1251640
1785136076.1251640
1785136076.1251640
1785136076.1251640
1785136076.1251640
1785136076.1251640
1785136076.1251640
1785136076.1251640
1785136076.1251640
1785136076.1251640
1785136076.1251640
1785136076.1251640
1785136076.1251640
1785136076.1251640
1785136076.1251640
1785136076.1251640
1785136076.1251640
1785136076.1251640
1785136076.1251640
1785136076.1251640
1785136076.1251640
1785136076.1251640
1785136076.1251640
1785136076.1251640
1785136076.1251640
1785136076.1251640
1785136076.1251640
1785136076.1251640
1785136076.1251640
1785136076.1251640
1785136076.1251640
1785136076.1251640
1785136076.1251640
1785136076.1251640
1785136076.1251640
1785136076.1251640
1785136076.1251640
1785136076.1251640
1785136076.1251640
1785136076.1251640
1785136076.1251640
1785136076.1253860
1785136076.1253860
1785136076.1253860
1785136076.1253860
1785136076.1253860
1785136076.1253860
1785136076.1253860
1785136076.1253860
1785136076.1253860
1785136076.1253860
1785136076.1253860
1785136076.1253860
1785136076.1253860
1785136076.1253860
1785136076.1253860
1785136076.1253860
1785136076.1253860
1785136076.1253860
1785136076.1253860
1785136076.1253860
1785136076.1253860
1785136076.1253860
1785136076.1253860
1785136076.1253860
1785136076.1253860
1785136076.1253860
1785136076.1253860
1785136076.1253860
1785136076.1253860
1785136076.1253860
1785136076.1253860
1785136076.1253860
1785136076.1253860
1785136076.1253860
1785136076.1253860
1785136076.1253860
1785136076.1253860
1785136076.1253860
1785136076.1253860
1785136076.1253860
1785136076.1253860
1785136076.1253860
1785136076.1253860
1785136076.1253860
1785136076.1253860
1785136076.1253860
1785136076.1256089
1785136076.1256089
1785136076.1256089
1785136076.1256089
1785136076.1256089
1785136076.1256089
1785136076.1256089
1785136076.1256089
1785136076.1256089
1785136076.1256089
1785136076.1256089
1785136076.1256089
1785136076.1256089
1785136076.1256089
1785136076.1256089
1785136076.1256089
1785136076.1256089
1785136076.1256089
1785136076.1256089
1785136076.1256089
1785136076.1256089
1785136076.1256089
1785136076.1256089
1785136076.1256089
1785136076.1256089
1785136076.1256089
1785136076.1256089
1785136076.1256089
1785136076.1256089
1785136076.1256089
1785136076.1256089
1785136076.1256089
1785136076.1256089
1785136076.1256089
1785136076.1256089
1785136076.1256089
1785136076.1256089
1785136076.1256089
1785136076.1256089
1785136076.1256089
1785136076.1256089
1785136076.1256089
1785136076.1256089
1785136076.1256089
1785136076.1256089
1785136076.1256089
1785136076.1258309
1785136076.1258309
1785136076.1258309
1785136076.1258309
1785136076.1258309
1785136076.1258309
1785136076.1258309
1785136076.1258309
1785136076.1258309
1785136076.1258309
1785136076.1258309
1785136076.1258309
1785136076.1258309
1785136076.1258309
1785136076.1258309
1785136076.1258309
1785136076.1258309
1785136076.1258309
1785136076.1258309
1785136076.1258309
1785136076.1258309
1785136076.1258309
1785136076.1258309
1785136076.1258309
1785136076.1258309
1785136076.1258309
1785136076.1258309
1785136076.1258309
1785136076.1258309
1785136076.1258309
1785136076.1258309
1785136076.1258309
1785136076.1258309
1785136076.1258309
1785136076.1258309
1785136076.1258309
1785136076.1258309
1785136076.1258309
1785136076.1258309
1785136076.1258309
1785136076.1258309
1785136076.1258309
1785136076.1258309
1785136076.1258309
1785136076.1258309
1785136076.1258309
1785136076.1260531
1785136076.1260531
1785136076.1260531
1785136076.1260531
1785136076.1260531
1785136076.1260531
1785136076.1260531
1785136076.1260531
1785136076.1260531
1785136076.1260531
1785136076.1260531
1785136076.1260531
1785136076.1260531
1785136076.1260531
1785136076.1260531
1785136076.1260531
1785136076.1260531
1785136076.1260531
1785136076.1260531
1785136076.1260531
1785136076.1260531
1785136076.1260531
1785136076.1260531
1785136076.1260531
1785136076.1260531
1785136076.1260531
1785136076.1260531
1785136076.1260531
1785136076.1260531
1785136076.1260531
1785136076.1260531
1785136076.1260531
1785136076.1260531
1785136076.1260531
1785136076.1260531
1785136076.1260531
1785136076.1260531
1785136076.1260531
1785136076.1260531
1785136076.1260531
1785136076.1260531
1785136076.1260531
1785136076.1260531
1785136076.1260531
1785136076.1260531
1785136076.1260531
1785136076.1262751
1785136076.1262751
1785136076.1262751
1785136076.1262751
1785136076.1262751
1785136076.1262751
1785136076.1262751
1785136076.1262751
1785136076.1262751
1785136076.1262751
1785136076.1262751
1785136076.1262751
1785136076.1262751
1785136076.1262751
1785136076.1262751
1785136076.1262751
1785136076.1262751
1785136076.1262751
1785136076.1262751
1785136076.1262751
1785136076.1262751
1785136076.1262751
1785136076.1262751
1785136076.1262751
1785136076.1262751
1785136076.1262751
1785136076.1262751
1785136076.1262751
1785136076.1262751
1785136076.1262751
1785136076.1262751
1785136076.1262751
1785136076.1262751
1785136076.1262751
1785136076.1262751
1785136076.1262751
1785136076.1262751
1785136076.1262751
1785136076.1262751
1785136076.1262751
1785136076.1262751
1785136076.1262751
1785136076.1262751
1785136076.1262751
1785136076.1262751
1785136076.1262751
1785136076.1262751
1785136076.1264980
1785136076.1264980
1785136076.1264980
1785136076.1264980
1785136076.1264980
1785136076.1264980
1785136076.1264980
1785136076.1264980
1785136076.1264980
1785136076.1264980
1785136076.1264980
1785136076.1264980
1785136076.1264980
1785136076.1264980
1785136076.1264980
1785136076.1264980
1785136076.1264980
1785136076.1264980
1785136076.1264980
1785136076.1264980
1785136076.1264980
1785136076.1264980
1785136076.1264980
1785136076.1264980
1785136076.1264980
1785136076.1264980
1785136076.1264980
1785136076.1264980
1785136076.1264980
1785136076.1264980
1785136076.1264980
1785136076.1264980
1785136076.1264980
1785136076.1264980
1785136076.1264980
1785136076.1264980
1785136076.1264980
1785136076.1264980
1785136076.1264980
1785136076.1264980
1785136076.1264980
1785136076.1264980
1785136076.1264980
1785136076.1264980
1785136076.1264980
1785136076.1264980
1785136076.1264980
1785136076.1267200
1785136076.1267200
1785136076.1267200
1785136076.1267200
1785136076.1267200
1785136076.1267200
1785136076.1267200
1785136076.1267200
1785136076.1267200
1785136076.1267200
1785136076.1267200
1785136076.1267200
1785136076.1267200
1785136076.1267200
1785136076.1267200
1785136076.1267200
1785136076.1267200
1785136076.1267200
1785136076.1267200
1785136076.1267200
1785136076.1267200
1785136076.1267200
1785136076.1267200
1785136076.1267200
1785136076.1267200
1785136076.1267200
1785136076.1267200
1785136076.1267200
1785136076.1267200
1785136076.1267200
1785136076.1267200
1785136076.1267200
1785136076.1267200
1785136076.1267200
1785136076.1267200
1785136076.1267200
1785136076.1267200
1785136076.1267200
1785136076.1267200
1785136076.1267200
1785136076.1267200
1785136076.1267200
1785136076.1267200
1785136076.1267200
1785136076.1267200
1785136076.1267200
1785136076.1267200
1785136076.1269419
1785136076.1269419
1785136076.1269419
1785136076.1269419
1785136076.1269419
1785136076.1269419
1785136076.1269419
1785136076.1269419
1785136076.1269419
1785136076.1269419
1785136076.1269419
1785136076.1269419
1785136076.1269419
1785136076.1269419
1785136076.1269419
1785136076.1269419
1785136076.1269419
1785136076.1269419
1785136076.1269419
1785136076.1269419
1785136076.1269419
1785136076.1269419
1785136076.1269419
1785136076.1269419
1785136076.1269419
1785136076.1269419
1785136076.1269419
1785136076.1269419
1785136076.1269419
1785136076.1269419
1785136076.1269419
1785136076.1269419
1785136076.1269419
1785136076.1269419
1785136076.1269419
1785136076.1269419
1785136076.1269419
1785136076.1269419
1785136076.1269419
1785136076.1269419
1785136076.1269419
1785136076.1269419
1785136076.1269419
1785136076.1269419
1785136076.1269419
1785136076.1269419
1785136076.1269419
1785136076.1271639
1785136076.1271639
1785136076.1271639
1785136076.1271639
1785136076.1271639
1785136076.1271639
1785136076.1271639
1785136076.1271639
1785136076.1271639
1785136076.1271639
1785136076.1271639
1785136076.1271639
1785136076.1271639
1785136076.1271639
1785136076.1271639
1785136076.1271639
1785136076.1271639
1785136076.1271639
1785136076.1271639
1785136076.1271639
1785136076.1271639
1785136076.1271639
1785136076.1271639
1785136076.1271639
1785136076.1271639
1785136076.1271639
1785136076.1271639
1785136076.1271639
1785136076.1271639
1785136076.1271639
1785136076.1271639
1785136076.1271639
1785136076.1271639
1785136076.1271639
1785136076.1271639
1785136076.1271639
1785136076.1271639
1785136076.1271639
1785136076.1271639
1785136076.1271639
1785136076.1271639
1785136076.1271639
1785136076.1271639
1785136076.1271639
1785136076.1271639
1785136076.1271639
1785136076.1271639
1785136076.1271639
1785136076.1273870
1785136076.1273870
1785136076.1273870
1785136076.1273870
1785136076.1273870
1785136076.1273870
1785136076.1273870
1785136076.1273870
1785136076.1273870
1785136076.1273870
1785136076.1273870
1785136076.1273870
1785136076.1273870
1785136076.1273870
1785136076.1273870
1785136076.1273870
1785136076.1273870
1785136076.1273870
1785136076.1273870
1785136076.1273870
1785136076.1273870
1785136076.1273870
1785136076.1273870
1785136076.1273870
1785136076.1273870
1785136076.1273870
1785136076.1273870
1785136076.1273870
1785136076.1273870
1785136076.1273870
1785136076.1273870
1785136076.1273870
1785136076.1273870
1785136076.1273870
1785136076.1273870
1785136076.1273870
1785136076.1273870
1785136076.1273870
1785136076.1273870
1785136076.1273870
1785136076.1273870
1785136076.1273870
1785136076.1273870
1785136076.1273870
1785136076.1273870
1785136076.1273870
1785136076.1273870
1785136076.1273870
1785136076.1276090
1785136076.1276090
1785136076.1276090
1785136076.1276090
1785136076.1276090
1785136076.1276090
1785136076.1276090
1785136076.1276090
1785136076.1276090
1785136076.1276090
1785136076.1276090
1785136076.1276090
1785136076.1276090
1785136076.1276090
1785136076.1276090
1785136076.1276090
1785136076.1276090
1785136076.1276090
1785136076.1276090
1785136076.1276090
1785136076.1276090
1785136076.1276090
1785136076.1276090
1785136076.1276090
1785136076.1276090
1785136076.1276090
1785136076.1276090
1785136076.1276090
1785136076.1276090
1785136076.1276090
1785136076.1276090
1785136076.1276090
1785136076.1276090
1785136076.1276090
1785136076.1276090
1785136076.1276090
1785136076.1276090
1785136076.1276090
1785136076.1276090
1785136076.1276090
1785136076.1276090
1785136076.1276090
1785136076.1276090
1785136076.1276090
1785136076.1276090
1785136076.1276090
1785136076.1276090
1785136076.1276090
1785136076.1278310
1785136076.1278310
1785136076.1278310
1785136076.1278310
1785136076.1278310
1785136076.1278310
1785136076.1278310
1785136076.1278310
1785136076.1278310
1785136076.1278310
1785136076.1278310
1785136076.1278310
1785136076.1278310
1785136076.1278310
1785136076.1278310
1785136076.1278310
1785136076.1278310
1785136076.1278310
1785136076.1278310
1785136076.1278310
1785136076.1278310
1785136076.1278310
1785136076.1278310
1785136076.1278310
1785136076.1278310
1785136076.1278310
1785136076.1278310
1785136076.1278310
1785136076.1278310
1785136076.1278310
1785136076.1278310
1785136076.1278310
1785136076.1278310
1785136076.1278310
1785136076.1278310
1785136076.1278310
1785136076.1278310
1785136076.1278310
1785136076.1278310
1785136076.1278310
1785136076.1278310
1785136076.1278310
1785136076.1278310
1785136076.1278310
1785136076.1278310
1785136076.1278310
1785136076.1278310
1785136076.1278310
1785136076.1280529
1785136076.1280529
1785136076.1280529
1785136076.1280529
1785136076.1280529
1785136076.1280529
1785136076.1280529
1785136076.1280529
1785136076.1280529
1785136076.1280529
1785136076.1280529
1785136076.1280529
1785136076.1280529
1785136076.1280529
1785136076.1280529
1785136076.1280529
1785136076.1280529
1785136076.1280529
1785136076.1280529
1785136076.1280529
1785136076.1280529
1785136076.1280529
1785136076.1280529
1785136076.1280529
1785136076.1280529
1785136076.1280529
1785136076.1280529
1785136076.1280529
1785136076.1280529
1785136076.1280529
1785136076.1280529
1785136076.1280529
1785136076.1280529
1785136076.1280529
1785136076.1280529
1785136076.1280529
1785136076.1280529
1785136076.1280529
1785136076.1280529
1785136076.1280529
1785136076.1280529
1785136076.1280529
1785136076.1280529
1785136076.1280529
1785136076.1280529
1785136076.1280529
1785136076.1280529
1785136076.1280529
1785136076.1282761
1785136076.1282761
1785136076.1282761
1785136076.1282761
1785136076.1282761
1785136076.1282761
1785136076.1282761
1785136076.1282761
1785136076.1282761
1785136076.1282761
1785136076.1282761
1785136076.1282761
1785136076.1282761
1785136076.1282761
1785136076.1282761
1785136076.1282761
1785136076.1282761
1785136076.1282761
1785136076.1282761
1785136076.1282761
1785136076.1282761
1785136076.1282761
1785136076.1282761
1785136076.1282761
1785136076.1282761
1785136076.1282761
1785136076.1282761
1785136076.1282761
1785136076.1282761
1785136076.1282761
1785136076.1282761
1785136076.1282761
1785136076.1282761
1785136076.1282761
1785136076.1282761
1785136076.1282761
1785136076.1282761
1785136076.1282761
1785136076.1282761
1785136076.1282761
1785136076.1282761
1785136076.1282761
1785136076.1282761
1785136076.1282761
1785136076.1282761
1785136076.1282761
1785136076.1282761
1785136076.1282761
1785136076.1284981
1785136076.1284981
1785136076.1284981
1785136076.1284981
1785136076.1284981
1785136076.1284981
1785136076.1284981
1785136076.1284981
1785136076.1284981
1785136076.1284981
1785136076.1284981
1785136076.1284981
1785136076.1284981
1785136076.1284981
1785136076.1284981
1785136076.1284981
1785136076.1284981
1785136076.1284981
1785136076.1284981
1785136076.1284981
1785136076.1284981
1785136076.1284981
1785136076.1284981
1785136076.1284981
1785136076.1284981
1785136076.1284981
1785136076.1284981
1785136076.1284981
1785136076.1284981
1785136076.1284981
1785136076.1284981
1785136076.1284981
1785136076.1284981
1785136076.1284981
1785136076.1284981
1785136076.1284981
1785136076.1284981
1785136076.1284981
1785136076.1284981
1785136076.1284981
1785136076.1284981
1785136076.1284981
1785136076.1284981
1785136076.1284981
1785136076.1284981
1785136076.1284981
1785136076.1284981
1785136076.1284981
1785136076.1287200
1785136076.1287200
1785136076.1287200
1785136076.1287200
1785136076.1287200
1785136076.1287200
1785136076.1287200
1785136076.1287200
1785136076.1287200
1785136076.1287200
1785136076.1287200
1785136076.1287200
1785136076.1287200
1785136076.1287200
1785136076.1287200
1785136076.1287200
1785136076.1287200
1785136076.1287200
1785136076.1287200
1785136076.1287200
1785136076.1287200
1785136076.1287200
1785136076.1287200
1785136076.1287200
1785136076.1287200
1785136076.1287200
1785136076.1287200
1785136076.1287200
1785136076.1287200
1785136076.1287200
1785136076.1287200
1785136076.1287200
1785136076.1287200
1785136076.1287200
1785136076.1287200
1785136076.1287200
1785136076.1287200
1785136076.1287200
1785136076.1287200
1785136076.1287200
1785136076.1287200
1785136076.1287200
1785136076.1287200
1785136076.1287200
1785136076.1287200
1785136076.1287200
1785136076.1287200
1785136076.1287200
1785136076.1287200
1785136076.1289420
1785136076.1289420
1785136076.1289420
1785136076.1289420
1785136076.1289420
1785136076.1289420
1785136076.1289420
1785136076.1289420
1785136076.1289420
1785136076.1289420
1785136076.1289420
1785136076.1289420
1785136076.1289420
1785136076.1289420
1785136076.1289420
1785136076.1289420
1785136076.1289420
1785136076.1289420
1785136076.1289420
1785136076.1289420
1785136076.1289420
1785136076.1289420
1785136076.1289420
1785136076.1289420
1785136076.1289420
1785136076.1289420
1785136076.1289420
1785136076.1289420
1785136076.1289420
1785136076.1289420
1785136076.1289420
1785136076.1289420
1785136076.1289420
1785136076.1289420
1785136076.1289420
1785136076.1289420
1785136076.1289420
1785136076.1289420
1785136076.1289420
1785136076.1289420
1785136076.1289420
1785136076.1289420
1785136076.1289420
1785136076.1289420
1785136076.1289420
1785136076.1289420
1785136076.1289420
1785136076.1289420
1785136076.1289420
1785136076.1291649
1785136076.1291649
1785136076.1291649
1785136076.1291649
1785136076.1291649
1785136076.1291649
1785136076.1291649
1785136076.1291649
1785136076.1291649
1785136076.1291649
1785136076.1291649
1785136076.1291649
1785136076.1291649
1785136076.1291649
1785136076.1291649
1785136076.1291649
1785136076.1291649
1785136076.1291649
1785136076.1291649
1785136076.1291649
1785136076.1291649
1785136076.1291649
1785136076.1291649
1785136076.1291649
1785136076.1291649
1785136076.1291649
1785136076.1291649
1785136076.1291649
1785136076.1291649
1785136076.1291649
1785136076.1291649
1785136076.1291649
1785136076.1291649
1785136076.1291649
1785136076.1291649
1785136076.1291649
1785136076.1291649
1785136076.1291649
1785136076.1291649
1785136076.1291649
1785136076.1291649
1785136076.1291649
1785136076.1291649
1785136076.1291649
1785136076.1291649
1785136076.1291649
1785136076.1291649
1785136076.1291649
1785136076.1291649
1785136076.1293869
1785136076.1293869
1785136076.1293869
1785136076.1293869
1785136076.1293869
1785136076.1293869
1785136076.1293869
1785136076.1293869
1785136076.1293869
1785136076.1293869
1785136076.1293869
1785136076.1293869
1785136076.1293869
1785136076.1293869
1785136076.1293869
1785136076.1293869
1785136076.1293869
1785136076.1293869
1785136076.1293869
1785136076.1293869
1785136076.1293869
1785136076.1293869
1785136076.1293869
1785136076.1293869
1785136076.1293869
1785136076.1293869
1785136076.1293869
1785136076.1293869
1785136076.1293869
1785136076.1293869
1785136076.1293869
1785136076.1293869
1785136076.1293869
1785136076.1293869
1785136076.1293869
1785136076.1293869
1785136076.1293869
1785136076.1293869
1785136076.1293869
1785136076.1293869
1785136076.1293869
1785136076.1293869
1785136076.1293869
1785136076.1293869
1785136076.1293869
1785136076.1293869
1785136076.1293869
1785136076.1293869
1785136076.1293869
1785136076.1296091
1785136076.1296091
1785136076.1296091
1785136076.1296091
1785136076.1296091
1785136076.1296091
1785136076.1296091
1785136076.1296091
1785136076.1296091
1785136076.1296091
1785136076.1296091
1785136076.1296091
1785136076.1296091
1785136076.1296091
1785136076.1296091
1785136076.1296091
1785136076.1296091
1785136076.1296091
1785136076.1296091
1785136076.1296091
1785136076.1296091
1785136076.1296091
1785136076.1296091
1785136076.1296091
1785136076.1296091
1785136076.1296091
1785136076.1296091
1785136076.1296091
1785136076.1296091
1785136076.1296091
1785136076.1296091
1785136076.1296091
1785136076.1296091
1785136076.1296091
1785136076.1296091
1785136076.1296091
1785136076.1296091
1785136076.1296091
1785136076.1296091
1785136076.1296091
1785136076.1296091
1785136076.1296091
1785136076.1296091
1785136076.1296091
1785136076.1296091
1785136076.1296091
1785136076.1296091
1785136076.1296091
1785136076.1296091
1785136076.1298311
1785136076.1298311
1785136076.1298311
1785136076.1298311
1785136076.1298311
1785136076.1298311
1785136076.1298311
1785136076.1298311
1785136076.1298311
1785136076.1298311
1785136076.1298311
1785136076.1298311
1785136076.1298311
1785136076.1298311
1785136076.1298311
1785136076.1298311
1785136076.1298311
1785136076.1298311
1785136076.1298311
1785136076.1298311
1785136076.1298311
1785136076.1298311
1785136076.1298311
1785136076.1298311
1785136076.1298311
1785136076.1298311
1785136076.1298311
1785136076.1298311
1785136076.1298311
1785136076.1298311
1785136076.1298311
1785136076.1298311
1785136076.1298311
1785136076.1298311
1785136076.1298311
1785136076.1298311
1785136076.1298311
1785136076.1298311
1785136076.1298311
1785136076.1298311
1785136076.1298311
1785136076.1298311
1785136076.1298311
1785136076.1298311
1785136076.1298311
1785136076.1298311
1785136076.1298311
1785136076.1298311
1785136076.1298311
1785136076.1300540
1785136076.1300540
1785136076.1300540
1785136076.1300540
1785136076.1300540
1785136076.1300540
1785136076.1300540
1785136076.1300540
1785136076.1300540
1785136076.1300540
1785136076.1300540
1785136076.1300540
1785136076.1300540
1785136076.1300540
1785136076.1300540
1785136076.1300540
1785136076.1300540
1785136076.1300540
1785136076.1300540
1785136076.1300540
1785136076.1300540
1785136076.1300540
1785136076.1300540
1785136076.1300540
1785136076.1300540
1785136076.1300540
1785136076.1300540
1785136076.1300540
1785136076.1300540
1785136076.1300540
1785136076.1300540
1785136076.1300540
1785136076.1300540
1785136076.1300540
1785136076.1300540
1785136076.1300540
1785136076.1300540
1785136076.1300540
1785136076.1300540
1785136076.1300540
1785136076.1300540
1785136076.1300540
1785136076.1300540
1785136076.1300540
1785136076.1300540
1785136076.1300540
1785136076.1300540
1785136076.1300540
1785136076.1300540
1785136076.1300540
1785136076.1302760
1785136076.1302760
1785136076.1302760
1785136076.1302760
1785136076.1302760
1785136076.1302760
1785136076.1302760
1785136076.1302760
1785136076.1302760
1785136076.1302760
1785136076.1302760
1785136076.1302760
1785136076.1302760
1785136076.1302760
1785136076.1302760
1785136076.1302760
1785136076.1302760
1785136076.1302760
1785136076.1302760
1785136076.1302760
1785136076.1302760
1785136076.1302760
1785136076.1302760
1785136076.1302760
1785136076.1302760
1785136076.1302760
1785136076.1302760
1785136076.1302760
1785136076.1302760
1785136076.1302760
1785136076.1302760
1785136076.1302760
1785136076.1302760
1785136076.1302760
1785136076.1302760
1785136076.1302760
1785136076.1302760
1785136076.1302760
1785136076.1302760
1785136076.1302760
1785136076.1302760
1785136076.1302760
1785136076.1302760
1785136076.1302760
1785136076.1302760
1785136076.1302760
1785136076.1302760
1785136076.1302760
1785136076.1302760
1785136076.1302760
1785136076.1304979
1785136076.1304979
1785136076.1304979
1785136076.1304979
1785136076.1304979
1785136076.1304979
1785136076.1304979
1785136076.1304979
1785136076.1304979
1785136076.1304979
1785136076.1304979
1785136076.1304979
1785136076.1304979
1785136076.1304979
1785136076.1304979
1785136076.1304979
1785136076.1304979
1785136076.1304979
1785136076.1304979
1785136076.1304979
1785136076.1304979
1785136076.1304979
1785136076.1304979
1785136076.1304979
1785136076.1304979
1785136076.1304979
1785136076.1304979
1785136076.1304979
1785136076.1304979
1785136076.1304979
1785136076.1304979
1785136076.1304979
1785136076.1304979
1785136076.1304979
1785136076.1304979
1785136076.1304979
1785136076.1304979
1785136076.1304979
1785136076.1304979
1785136076.1304979
1785136076.1304979
1785136076.1304979
1785136076.1304979
1785136076.1304979
1785136076.1304979
1785136076.1304979
1785136076.1304979
1785136076.1304979
1785136076.1304979
1785136076.1304979
1785136076.1307199
1785136076.1307199
1785136076.1307199
1785136076.1307199
1785136076.1307199
1785136076.1307199
1785136076.1307199
1785136076.1307199
1785136076.1307199
1785136076.1307199
1785136076.1307199
1785136076.1307199
1785136076.1307199
1785136076.1307199
1785136076.1307199
1785136076.1307199
1785136076.1307199
1785136076.1307199
1785136076.1307199
1785136076.1307199
1785136076.1307199
1785136076.1307199
1785136076.1307199
1785136076.1307199
1785136076.1307199
1785136076.1307199
1785136076.1307199
1785136076.1307199
1785136076.1307199
1785136076.1307199
1785136076.1307199
1785136076.1307199
1785136076.1307199
1785136076.1307199
1785136076.1307199
1785136076.1307199
1785136076.1307199
1785136076.1307199
1785136076.1307199
1785136076.1307199
1785136076.1307199
1785136076.1307199
1785136076.1307199
1785136076.1307199
1785136076.1307199
1785136076.1307199
1785136076.1307199
1785136076.1307199
1785136076.1307199
1785136076.1307199
1785136076.1309431
1785136076.1309431
1785136076.1309431
1785136076.1309431
1785136076.1309431
1785136076.1309431
1785136076.1309431
1785136076.1309431
1785136076.1309431
1785136076.1309431
1785136076.1309431
1785136076.1309431
1785136076.1309431
1785136076.1309431
1785136076.1309431
1785136076.1309431
1785136076.1309431
1785136076.1309431
1785136076.1309431
1785136076.1309431
1785136076.1309431
1785136076.1309431
1785136076.1309431
1785136076.1309431
1785136076.1309431
1785136076.1309431
1785136076.1309431
1785136076.1309431
1785136076.1309431
1785136076.1309431
1785136076.1309431
1785136076.1309431
1785136076.1309431
1785136076.1309431
1785136076.1309431
1785136076.1309431
1785136076.1309431
1785136076.1309431
1785136076.1309431
1785136076.1309431
1785136076.1309431
1785136076.1309431
1785136076.1309431
1785136076.1309431
1785136076.1309431
1785136076.1309431
1785136076.1309431
1785136076.1309431
1785136076.1309431
1785136076.1309431
1785136076.1311650
1785136076.1311650
1785136076.1311650
1785136076.1311650
1785136076.1311650
1785136076.1311650
1785136076.1311650
1785136076.1311650
1785136076.1311650
1785136076.1311650
1785136076.1311650
1785136076.1311650
1785136076.1311650
1785136076.1311650
1785136076.1311650
1785136076.1311650
1785136076.1311650
1785136076.1311650
1785136076.1311650
1785136076.1311650
1785136076.1311650
1785136076.1311650
1785136076.1311650
1785136076.1311650
1785136076.1311650
1785136076.1311650
1785136076.1311650
1785136076.1311650
1785136076.1311650
1785136076.1311650
1785136076.1311650
1785136076.1311650
1785136076.1311650
1785136076.1311650
1785136076.1311650
1785136076.1311650
1785136076.1311650
1785136076.1311650
1785136076.1311650
1785136076.1311650
1785136076.1311650
1785136076.1311650
1785136076.1311650
1785136076.1311650
1785136076.1311650
1785136076.1311650
1785136076.1311650
1785136076.1311650
1785136076.1311650
1785136076.1311650
1785136076.1313870
1785136076.1313870
1785136076.1313870
1785136076.1313870
1785136076.1313870
1785136076.1313870
1785136076.1313870
1785136076.1313870
1785136076.1313870
1785136076.1313870
1785136076.1313870
1785136076.1313870
1785136076.1313870
1785136076.1313870
1785136076.1313870
1785136076.1313870
1785136076.1313870
1785136076.1313870
1785136076.1313870
1785136076.1313870
1785136076.1313870
1785136076.1313870
1785136076.1313870
1785136076.1313870
1785136076.1313870
1785136076.1313870
1785136076.1313870
1785136076.1313870
1785136076.1313870
1785136076.1313870
1785136076.1313870
1785136076.1313870
1785136076.1313870
1785136076.1313870
1785136076.1313870
1785136076.1313870
1785136076.1313870
1785136076.1313870
1785136076.1313870
1785136076.1313870
1785136076.1313870
1785136076.1313870
1785136076.1313870
1785136076.1313870
1785136076.1313870
1785136076.1313870
1785136076.1313870
1785136076.1313870
1785136076.1313870
1785136076.1313870
1785136076.1316090
1785136076.1316090
1785136076.1316090
1785136076.1316090
1785136076.1316090
1785136076.1316090
1785136076.1316090
1785136076.1316090
1785136076.1316090
1785136076.1316090
1785136076.1316090
1785136076.1316090
1785136076.1316090
1785136076.1316090
1785136076.1316090
1785136076.1316090
1785136076.1316090
1785136076.1316090
1785136076.1316090
1785136076.1316090
1785136076.1316090
1785136076.1316090
1785136076.1316090
1785136076.1316090
1785136076.1316090
1785136076.1316090
1785136076.1316090
1785136076.1316090
1785136076.1316090
1785136076.1316090
1785136076.1316090
1785136076.1316090
1785136076.1316090
1785136076.1316090
1785136076.1316090
1785136076.1316090
1785136076.1316090
1785136076.1316090
1785136076.1316090
1785136076.1316090
1785136076.1316090
1785136076.1316090
1785136076.1316090
1785136076.1316090
1785136076.1316090
1785136076.1316090
1785136076.1316090
1785136076.1316090
1785136076.1316090
1785136076.1316090
1785136076.1318319
1785136076.1318319
1785136076.1318319
1785136076.1318319
1785136076.1318319
1785136076.1318319
1785136076.1318319
1785136076.1318319
1785136076.1318319
1785136076.1318319
1785136076.1318319
1785136076.1318319
1785136076.1318319
1785136076.1318319
1785136076.1318319
1785136076.1318319
1785136076.1318319
1785136076.1318319
1785136076.1318319
1785136076.1318319
1785136076.1318319
1785136076.1318319
1785136076.1318319
1785136076.1318319
1785136076.1318319
1785136076.1318319
1785136076.1318319
1785136076.1318319
1785136076.1318319
1785136076.1318319
1785136076.1318319
1785136076.1318319
1785136076.1318319
1785136076.1318319
1785136076.1318319
1785136076.1318319
1785136076.1318319
1785136076.1318319
1785136076.1318319
1785136076.1318319
1785136076.1318319
1785136076.1318319
1785136076.1318319
1785136076.1318319
1785136076.1318319
1785136076.1318319
1785136076.1318319
1785136076.1318319
1785136076.1318319
1785136076.1318319
1785136076.1318319
1785136076.1320541
1785136076.1320541
1785136076.1320541
1785136076.1320541
1785136076.1320541
1785136076.1320541
1785136076.1320541
1785136076.1320541
1785136076.1320541
1785136076.1320541
1785136076.1320541
1785136076.1320541
1785136076.1320541
1785136076.1320541
1785136076.1320541
1785136076.1320541
1785136076.1320541
1785136076.1320541
1785136076.1320541
1785136076.1320541
1785136076.1320541
1785136076.1320541
1785136076.1320541
1785136076.1320541
1785136076.1320541
1785136076.1320541
1785136076.1320541
1785136076.1320541
1785136076.1320541
1785136076.1320541
1785136076.1320541
1785136076.1320541
1785136076.1320541
1785136076.1320541
1785136076.1320541
1785136076.1320541
1785136076.1320541
1785136076.1320541
1785136076.1320541
1785136076.1320541
1785136076.1320541
1785136076.1320541
1785136076.1320541
1785136076.1320541
1785136076.1320541
1785136076.1320541
1785136076.1320541
1785136076.1320541
1785136076.1320541
1785136076.1320541
1785136076.1320541
1785136076.1322761
1785136076.1322761
1785136076.1322761
1785136076.1322761
1785136076.1322761
1785136076.1322761
1785136076.1322761
1785136076.1322761
1785136076.1322761
1785136076.1322761
1785136076.1322761
1785136076.1322761
1785136076.1322761
1785136076.1322761
1785136076.1322761
1785136076.1322761
1785136076.1322761
1785136076.1322761
1785136076.1322761
1785136076.1322761
1785136076.1322761
1785136076.1322761
1785136076.1322761
1785136076.1322761
1785136076.1322761
1785136076.1322761
1785136076.1322761
1785136076.1322761
1785136076.1322761
1785136076.1322761
1785136076.1322761
1785136076.1322761
1785136076.1322761
1785136076.1322761
1785136076.1322761
1785136076.1322761
1785136076.1322761
1785136076.1322761
1785136076.1322761
1785136076.1322761
1785136076.1322761
1785136076.1322761
1785136076.1322761
1785136076.1322761
1785136076.1322761
1785136076.1322761
1785136076.1322761
1785136076.1322761
1785136076.1322761
1785136076.1322761
1785136076.1322761
1785136076.1324980
1785136076.1324980
1785136076.1324980
1785136076.1324980
1785136076.1324980
1785136076.1324980
1785136076.1324980
1785136076.1324980
1785136076.1324980
1785136076.1324980
1785136076.1324980
1785136076.1324980
1785136076.1324980
1785136076.1324980
1785136076.1324980
1785136076.1324980
1785136076.1324980
1785136076.1324980
1785136076.1324980
1785136076.1324980
1785136076.1324980
1785136076.1324980
1785136076.1324980
1785136076.1324980
1785136076.1324980
1785136076.1324980
1785136076.1324980
1785136076.1324980
1785136076.1324980
1785136076.1324980
1785136076.1324980
1785136076.1324980
1785136076.1324980
1785136076.1324980
1785136076.1324980
1785136076.1324980
1785136076.1324980
1785136076.1324980
1785136076.1324980
1785136076.1324980
1785136076.1324980
1785136076.1324980
1785136076.1324980
1785136076.1324980
1785136076.1324980
1785136076.1324980
1785136076.1324980
1785136076.1324980
1785136076.1324980
1785136076.1324980
1785136076.1324980
1785136076.1327209
1785136076.1327209
1785136076.1327209
1785136076.1327209
1785136076.1327209
1785136076.1327209
1785136076.1327209
1785136076.1327209
1785136076.1327209
1785136076.1327209
1785136076.1327209
1785136076.1327209
1785136076.1327209
1785136076.1327209
1785136076.1327209
1785136076.1327209
1785136076.1327209
1785136076.1327209
1785136076.1327209
1785136076.1327209
1785136076.1327209
1785136076.1327209
1785136076.1327209
1785136076.1327209
1785136076.1327209
1785136076.1327209
1785136076.1327209
1785136076.1327209
1785136076.1327209
1785136076.1327209
1785136076.1327209
1785136076.1327209
1785136076.1327209
1785136076.1327209
1785136076.1327209
1785136076.1327209
1785136076.1327209
1785136076.1327209
1785136076.1327209
1785136076.1327209
1785136076.1327209
1785136076.1327209
1785136076.1327209
1785136076.1327209
1785136076.1327209
1785136076.1327209
1785136076.1327209
1785136076.1327209
1785136076.1327209
1785136076.1327209
1785136076.1327209
1785136076.1329429
1785136076.1329429
1785136076.1329429
1785136076.1329429
1785136076.1329429
1785136076.1329429
1785136076.1329429
1785136076.1329429
1785136076.1329429
1785136076.1329429
1785136076.1329429
1785136076.1329429
1785136076.1329429
1785136076.1329429
1785136076.1329429
1785136076.1329429
1785136076.1329429
1785136076.1329429
1785136076.1329429
1785136076.1329429
1785136076.1329429
1785136076.1329429
1785136076.1329429
1785136076.1329429
1785136076.1329429
1785136076.1329429
1785136076.1329429
1785136076.1329429
1785136076.1329429
1785136076.1329429
1785136076.1329429
1785136076.1329429
1785136076.1329429
1785136076.1329429
1785136076.1329429
1785136076.1329429
1785136076.1329429
1785136076.1329429
1785136076.1329429
1785136076.1329429
1785136076.1329429
1785136076.1329429
1785136076.1329429
1785136076.1329429
1785136076.1329429
1785136076.1329429
1785136076.1329429
1785136076.1329429
1785136076.1329429
1785136076.1329429
1785136076.1329429
1785136076.1331649
1785136076.1331649
1785136076.1331649
1785136076.1331649
1785136076.1331649
1785136076.1331649
1785136076.1331649
1785136076.1331649
1785136076.1331649
1785136076.1331649
1785136076.1331649
1785136076.1331649
1785136076.1331649
1785136076.1331649
1785136076.1331649
1785136076.1331649
1785136076.1331649
1785136076.1331649
1785136076.1331649
1785136076.1331649
1785136076.1331649
1785136076.1331649
1785136076.1331649
1785136076.1331649
1785136076.1331649
1785136076.1331649
1785136076.1331649
1785136076.1331649
1785136076.1331649
1785136076.1331649
1785136076.1331649
1785136076.1331649
1785136076.1331649
1785136076.1331649
1785136076.1331649
1785136076.1331649
1785136076.1331649
1785136076.1331649
1785136076.1331649
1785136076.1331649
1785136076.1331649
1785136076.1331649
1785136076.1331649
1785136076.1331649
1785136076.1331649
1785136076.1331649
1785136076.1331649
1785136076.1331649
1785136076.1331649
1785136076.1331649
1785136076.1331649
1785136076.1333880
1785136076.1333880
1785136076.1333880
1785136076.1333880
1785136076.1333880
1785136076.1333880
1785136076.1333880
1785136076.1333880
1785136076.1333880
1785136076.1333880
1785136076.1333880
1785136076.1333880
1785136076.1333880
1785136076.1333880
1785136076.1333880
1785136076.1333880
1785136076.1333880
1785136076.1333880
1785136076.1333880
1785136076.1333880
1785136076.1333880
1785136076.1333880
1785136076.1333880
1785136076.1333880
1785136076.1333880
1785136076.1333880
1785136076.1333880
1785136076.1333880
1785136076.1333880
1785136076.1333880
1785136076.1333880
1785136076.1333880
1785136076.1333880
1785136076.1333880
1785136076.1333880
1785136076.1333880
1785136076.1333880
1785136076.1333880
1785136076.1333880
1785136076.1333880
1785136076.1333880
1785136076.1333880
1785136076.1333880
1785136076.1333880
1785136076.1333880
1785136076.1333880
1785136076.1333880
1785136076.1333880
1785136076.1333880
1785136076.1333880
1785136076.1333880
1785136076.1336100
1785136076.1336100
1785136076.1336100
1785136076.1336100
1785136076.1336100
1785136076.1336100
1785136076.1336100
1785136076.1336100
1785136076.1336100
1785136076.1336100
1785136076.1336100
1785136076.1336100
1785136076.1336100
1785136076.1336100
1785136076.1336100
1785136076.1336100
1785136076.1336100
1785136076.1336100
1785136076.1336100
1785136076.1336100
1785136076.1336100
1785136076.1336100
1785136076.1336100
1785136076.1336100
1785136076.1336100
1785136076.1336100
1785136076.1336100
1785136076.1336100
1785136076.1336100
1785136076.1336100
1785136076.1336100
1785136076.1336100
1785136076.1336100
1785136076.1336100
1785136076.1336100
1785136076.1336100
1785136076.1336100
1785136076.1336100
1785136076.1336100
1785136076.1336100
1785136076.1336100
1785136076.1336100
1785136076.1336100
1785136076.1336100
1785136076.1336100
1785136076.1336100
1785136076.1336100
1785136076.1336100
1785136076.1336100
1785136076.1336100
1785136076.1336100
1785136076.1338320
1785136076.1338320
1785136076.1338320
1785136076.1338320
1785136076.1338320
1785136076.1338320
1785136076.1338320
1785136076.1338320
1785136076.1338320
1785136076.1338320
1785136076.1338320
1785136076.1338320
1785136076.1338320
1785136076.1338320
1785136076.1338320
1785136076.1338320
1785136076.1338320
1785136076.1338320
1785136076.1338320
1785136076.1338320
1785136076.1338320
1785136076.1338320
1785136076.1338320
1785136076.1338320
1785136076.1338320
1785136076.1338320
1785136076.1338320
1785136076.1338320
1785136076.1338320
1785136076.1338320
1785136076.1338320
1785136076.1338320
1785136076.1338320
1785136076.1338320
1785136076.1338320
1785136076.1338320
1785136076.1338320
1785136076.1338320
1785136076.1338320
1785136076.1338320
1785136076.1338320
1785136076.1338320
1785136076.1338320
1785136076.1338320
1785136076.1338320
1785136076.1338320
1785136076.1338320
1785136076.1338320
1785136076.1338320
1785136076.1338320
1785136076.1338320
1785136076.1338320
1785136076.1340539
1785136076.1340539
1785136076.1340539
1785136076.1340539
1785136076.1340539
1785136076.1340539
1785136076.1340539
1785136076.1340539
1785136076.1340539
1785136076.1340539
1785136076.1340539
1785136076.1340539
1785136076.1340539
1785136076.1340539
1785136076.1340539
1785136076.1340539
1785136076.1340539
1785136076.1340539
1785136076.1340539
1785136076.1340539
1785136076.1340539
1785136076.1340539
1785136076.1340539
1785136076.1340539
1785136076.1340539
1785136076.1340539
1785136076.1340539
1785136076.1340539
1785136076.1340539
1785136076.1340539
1785136076.1340539
1785136076.1340539
1785136076.1340539
1785136076.1340539
1785136076.1340539
1785136076.1340539
1785136076.1340539
1785136076.1340539
1785136076.1340539
1785136076.1340539
1785136076.1340539
1785136076.1340539
1785136076.1340539
1785136076.1340539
1785136076.1340539
1785136076.1340539
1785136076.1340539
1785136076.1340539
1785136076.1340539
1785136076.1340539
1785136076.1340539
1785136076.1340539
1785136076.1342759
1785136076.1342759
1785136076.1342759
1785136076.1342759
1785136076.1342759
1785136076.1342759
1785136076.1342759
1785136076.1342759
1785136076.1342759
1785136076.1342759
1785136076.1342759
1785136076.1342759
1785136076.1342759
1785136076.1342759
1785136076.1342759
1785136076.1342759
1785136076.1342759
1785136076.1342759
1785136076.1342759
1785136076.1342759
1785136076.1342759
1785136076.1342759
1785136076.1342759
1785136076.1342759
1785136076.1342759
1785136076.1342759
1785136076.1342759
1785136076.1342759
1785136076.1342759
1785136076.1342759
1785136076.1342759
1785136076.1342759
1785136076.1342759
1785136076.1342759
1785136076.1342759
1785136076.1342759
1785136076.1342759
1785136076.1342759
1785136076.1342759
1785136076.1342759
1785136076.1342759
1785136076.1342759
1785136076.1342759
1785136076.1342759
1785136076.1342759
1785136076.1342759
1785136076.1342759
1785136076.1342759
1785136076.1342759
1785136076.1342759
1785136076.1342759
1785136076.1342759
1785136076.1344991
1785136076.1344991
1785136076.1344991
1785136076.1344991
1785136076.1344991
1785136076.1344991
1785136076.1344991
1785136076.1344991
1785136076.1344991
1785136076.1344991
1785136076.1344991
1785136076.1344991
1785136076.1344991
1785136076.1344991
1785136076.1344991
1785136076.1344991
1785136076.1344991
1785136076.1344991
1785136076.1344991
1785136076.1344991
1785136076.1344991
1785136076.1344991
1785136076.1344991
1785136076.1344991
1785136076.1344991
1785136076.1344991
1785136076.1344991
1785136076.1344991
1785136076.1344991
1785136076.1344991
1785136076.1344991
1785136076.1344991
1785136076.1344991
1785136076.1344991
1785136076.1344991
1785136076.1344991
1785136076.1344991
1785136076.1344991
1785136076.1344991
1785136076.1344991
1785136076.1344991
1785136076.1344991
1785136076.1344991
1785136076.1344991
1785136076.1344991
1785136076.1344991
1785136076.1344991
1785136076.1344991
1785136076.1344991
1785136076.1344991
1785136076.1344991
1785136076.1344991
1785136076.1347210
1785136076.1347210
1785136076.1347210
1785136076.1347210
1785136076.1347210
1785136076.1347210
1785136076.1347210
1785136076.1347210
1785136076.1347210
1785136076.1347210
1785136076.1347210
1785136076.1347210
1785136076.1347210
1785136076.1347210
1785136076.1347210
1785136076.1347210
1785136076.1347210
1785136076.1347210
1785136076.1347210
1785136076.1347210
1785136076.1347210
1785136076.1347210
1785136076.1347210
1785136076.1347210
1785136076.1347210
1785136076.1347210
1785136076.1347210
1785136076.1347210
1785136076.1347210
1785136076.1347210
1785136076.1347210
1785136076.1347210
1785136076.1347210
1785136076.1347210
1785136076.1347210
1785136076.1347210
1785136076.1347210
1785136076.1347210
1785136076.1347210
1785136076.1347210
1785136076.1347210
1785136076.1347210
1785136076.1347210
1785136076.1347210
1785136076.1347210
1785136076.1347210
1785136076.1347210
1785136076.1347210
1785136076.1347210
1785136076.1347210
1785136076.1347210
1785136076.1347210
1785136076.1349430
1785136076.1349430
1785136076.1349430
1785136076.1349430
1785136076.1349430
1785136076.1349430
1785136076.1349430
1785136076.1349430
1785136076.1349430
1785136076.1349430
1785136076.1349430
1785136076.1349430
1785136076.1349430
1785136076.1349430
1785136076.1349430
1785136076.1349430
1785136076.1349430
1785136076.1349430
1785136076.1349430
1785136076.1349430
1785136076.1349430
1785136076.1349430
1785136076.1349430
1785136076.1349430
1785136076.1349430
1785136076.1349430
1785136076.1349430
1785136076.1349430
1785136076.1349430
1785136076.1349430
1785136076.1349430
1785136076.1349430
1785136076.1349430
1785136076.1349430
1785136076.1349430
1785136076.1349430
1785136076.1349430
1785136076.1349430
1785136076.1349430
1785136076.1349430
1785136076.1349430
1785136076.1349430
1785136076.1349430
1785136076.1349430
1785136076.1349430
1785136076.1349430
1785136076.1349430
1785136076.1349430
1785136076.1349430
1785136076.1349430
1785136076.1349430
1785136076.1349430
1785136076.1351659
1785136076.1351659
1785136076.1351659
1785136076.1351659
1785136076.1351659
1785136076.1351659
1785136076.1351659
1785136076.1351659
1785136076.1351659
1785136076.1351659
1785136076.1351659
1785136076.1351659
1785136076.1351659
1785136076.1351659
1785136076.1351659
1785136076.1351659
1785136076.1351659
1785136076.1351659
1785136076.1351659
1785136076.1351659
1785136076.1351659
1785136076.1351659
1785136076.1351659
1785136076.1351659
1785136076.1351659
1785136076.1351659
1785136076.1351659
1785136076.1351659
1785136076.1351659
1785136076.1351659
1785136076.1351659
1785136076.1351659
1785136076.1351659
1785136076.1351659
1785136076.1351659
1785136076.1351659
1785136076.1351659
1785136076.1351659
1785136076.1351659
1785136076.1351659
1785136076.1351659
1785136076.1351659
1785136076.1351659
1785136076.1351659
1785136076.1351659
1785136076.1351659
1785136076.1351659
1785136076.1351659
1785136076.1351659
1785136076.1351659
1785136076.1351659
1785136076.1351659
1785136076.1353879
1785136076.1353879
1785136076.1353879
1785136076.1353879
1785136076.1353879
1785136076.1353879
1785136076.1353879
1785136076.1353879
1785136076.1353879
1785136076.1353879
1785136076.1353879
1785136076.1353879
1785136076.1353879
1785136076.1353879
1785136076.1353879
1785136076.1353879
1785136076.1353879
1785136076.1353879
1785136076.1353879
1785136076.1353879
1785136076.1353879
1785136076.1353879
1785136076.1353879
1785136076.1353879
1785136076.1353879
1785136076.1353879
1785136076.1353879
1785136076.1353879
1785136076.1353879
1785136076.1353879
1785136076.1353879
1785136076.1353879
1785136076.1353879
1785136076.1353879
1785136076.1353879
1785136076.1353879
1785136076.1353879
1785136076.1353879
1785136076.1353879
1785136076.1353879
1785136076.1353879
1785136076.1353879
1785136076.1353879
1785136076.1353879
1785136076.1353879
1785136076.1353879
1785136076.1353879
1785136076.1353879
1785136076.1353879
1785136076.1353879
1785136076.1353879
1785136076.1353879
1785136076.1356101
1785136076.1356101
1785136076.1356101
1785136076.1356101
1785136076.1356101
1785136076.1356101
1785136076.1356101
1785136076.1356101
1785136076.1356101
1785136076.1356101
1785136076.1356101
1785136076.1356101
1785136076.1356101
1785136076.1356101
1785136076.1356101
1785136076.1356101
1785136076.1356101
1785136076.1356101
1785136076.1356101
1785136076.1356101
1785136076.1356101
1785136076.1356101
1785136076.1356101
1785136076.1356101
1785136076.1356101
1785136076.1356101
1785136076.1356101
1785136076.1356101
1785136076.1356101
1785136076.1356101
1785136076.1356101
1785136076.1356101
1785136076.1356101
1785136076.1356101
1785136076.1356101
1785136076.1356101
1785136076.1356101
1785136076.1356101
1785136076.1356101
1785136076.1356101
1785136076.1356101
1785136076.1356101
1785136076.1356101
1785136076.1356101
1785136076.1356101
1785136076.1356101
1785136076.1356101
1785136076.1356101
1785136076.1356101
1785136076.1356101
1785136076.1356101
1785136076.1356101
1785136076.1358321
1785136076.1358321
1785136076.1358321
1785136076.1358321
1785136076.1358321
1785136076.1358321
1785136076.1358321
1785136076.1358321
1785136076.1358321
1785136076.1358321
1785136076.1358321
1785136076.1358321
1785136076.1358321
1785136076.1358321
1785136076.1358321
1785136076.1358321
1785136076.1358321
1785136076.1358321
1785136076.1358321
1785136076.1358321
1785136076.1358321
1785136076.1358321
1785136076.1358321
1785136076.1358321
1785136076.1358321
1785136076.1358321
1785136076.1358321
1785136076.1358321
1785136076.1358321
1785136076.1358321
1785136076.1358321
1785136076.1358321
1785136076.1358321
1785136076.1358321
1785136076.1358321
1785136076.1358321
1785136076.1358321
1785136076.1358321
1785136076.1358321
1785136076.1358321
1785136076.1358321
1785136076.1358321
1785136076.1358321
1785136076.1358321
1785136076.1358321
1785136076.1358321
1785136076.1358321
1785136076.1358321
1785136076.1358321
1785136076.1358321
1785136076.1358321
1785136076.1358321
1785136076.1360550
1785136076.1360550
1785136076.1360550
1785136076.1360550
1785136076.1360550
1785136076.1360550
1785136076.1360550
1785136076.1360550
1785136076.1360550
1785136076.1360550
1785136076.1360550
1785136076.1360550
1785136076.1360550
1785136076.1360550
1785136076.1360550
1785136076.1360550
1785136076.1360550
1785136076.1360550
1785136076.1360550
1785136076.1360550
1785136076.1360550
1785136076.1360550
1785136076.1360550
1785136076.1360550
1785136076.1360550
1785136076.1360550
1785136076.1360550
1785136076.1360550
1785136076.1360550
1785136076.1360550
1785136076.1360550
1785136076.1360550
1785136076.1360550
1785136076.1360550
1785136076.1360550
1785136076.1360550
1785136076.1360550
1785136076.1360550
1785136076.1360550
1785136076.1360550
1785136076.1360550
1785136076.1360550
1785136076.1360550
1785136076.1360550
1785136076.1360550
1785136076.1360550
1785136076.1360550
1785136076.1360550
1785136076.1360550
1785136076.1360550
1785136076.1360550
1785136076.1360550
1785136076.1362770
1785136076.1362770
1785136076.1362770
1785136076.1362770
1785136076.1362770
1785136076.1362770
1785136076.1362770
1785136076.1362770
1785136076.1362770
1785136076.1362770
1785136076.1362770
1785136076.1362770
1785136076.1362770
1785136076.1362770
1785136076.1362770
1785136076.1362770
1785136076.1362770
1785136076.1362770
1785136076.1362770
1785136076.1362770
1785136076.1362770
1785136076.1362770
1785136076.1362770
1785136076.1362770
1785136076.1362770
1785136076.1362770
1785136076.1362770
1785136076.1362770
1785136076.1362770
1785136076.1362770
1785136076.1362770
1785136076.1362770
1785136076.1362770
1785136076.1362770
1785136076.1362770
1785136076.1362770
1785136076.1362770
1785136076.1362770
1785136076.1362770
1785136076.1362770
1785136076.1362770
1785136076.1362770
1785136076.1362770
1785136076.1362770
1785136076.1362770
1785136076.1362770
1785136076.1362770
1785136076.1362770
1785136076.1362770
1785136076.1362770
1785136076.1362770
1785136076.1362770
1785136076.1364989
1785136076.1364989
1785136076.1364989
1785136076.1364989
1785136076.1364989
1785136076.1364989
1785136076.1364989
1785136076.1364989
1785136076.1364989
1785136076.1364989
1785136076.1364989
1785136076.1364989
1785136076.1364989
1785136076.1364989
1785136076.1364989
1785136076.1364989
1785136076.1364989
1785136076.1364989
1785136076.1364989
1785136076.1364989
1785136076.1364989
1785136076.1364989
1785136076.1364989
1785136076.1364989
1785136076.1364989
1785136076.1364989
1785136076.1364989
1785136076.1364989
1785136076.1364989
1785136076.1364989
1785136076.1364989
1785136076.1364989
1785136076.1364989
1785136076.1364989
1785136076.1364989
1785136076.1364989
1785136076.1364989
1785136076.1364989
1785136076.1364989
1785136076.1364989
1785136076.1364989
1785136076.1364989
1785136076.1364989
1785136076.1364989
1785136076.1364989
1785136076.1364989
1785136076.1364989
1785136076.1364989
1785136076.1364989
1785136076.1364989
1785136076.1364989
1785136076.1364989
1785136076.1367221
1785136076.1367221
1785136076.1367221
1785136076.1367221
1785136076.1367221
1785136076.1367221
1785136076.1367221
1785136076.1367221
1785136076.1367221
1785136076.1367221
1785136076.1367221
1785136076.1367221
1785136076.1367221
1785136076.1367221
1785136076.1367221
1785136076.1367221
1785136076.1367221
1785136076.1367221
1785136076.1367221
1785136076.1367221
1785136076.1367221
1785136076.1367221
1785136076.1367221
1785136076.1367221
1785136076.1367221
1785136076.1367221
1785136076.1367221
1785136076.1367221
1785136076.1367221
1785136076.1367221
1785136076.1367221
1785136076.1367221
1785136076.1367221
1785136076.1367221
1785136076.1367221
1785136076.1367221
1785136076.1367221
1785136076.1367221
1785136076.1367221
1785136076.1367221
1785136076.1367221
1785136076.1367221
1785136076.1367221
1785136076.1367221
1785136076.1367221
1785136076.1367221
1785136076.1367221
1785136076.1367221
1785136076.1367221
1785136076.1367221
1785136076.1367221
1785136076.1367221
1785136076.1369441
1785136076.1369441
1785136076.1369441
1785136076.1369441
1785136076.1369441
1785136076.1369441
1785136076.1369441
1785136076.1369441
1785136076.1369441
1785136076.1369441
1785136076.1369441
1785136076.1369441
1785136076.1369441
1785136076.1369441
1785136076.1369441
1785136076.1369441
1785136076.1369441
1785136076.1369441
1785136076.1369441
1785136076.1369441
1785136076.1369441
1785136076.1369441
1785136076.1369441
1785136076.1369441
1785136076.1369441
1785136076.1369441
1785136076.1369441
1785136076.1369441
1785136076.1369441
1785136076.1369441
1785136076.1369441
1785136076.1369441
1785136076.1369441
1785136076.1369441
1785136076.1369441
1785136076.1369441
1785136076.1369441
1785136076.1369441
1785136076.1369441
1785136076.1369441
1785136076.1369441
1785136076.1369441
1785136076.1369441
1785136076.1369441
1785136076.1369441
1785136076.1369441
1785136076.1369441
1785136076.1369441
1785136076.1369441
1785136076.1369441
1785136076.1369441
1785136076.1369441
1785136076.1371660
1785136076.1371660
1785136076.1371660
1785136076.1371660
1785136076.1371660
1785136076.1371660
1785136076.1371660
1785136076.1371660
1785136076.1371660
1785136076.1371660
1785136076.1371660
1785136076.1371660
1785136076.1371660
1785136076.1371660
1785136076.1371660
1785136076.1371660
1785136076.1371660
1785136076.1371660
1785136076.1371660
1785136076.1371660
1785136076.1371660
1785136076.1371660
1785136076.1371660
1785136076.1371660
1785136076.1371660
1785136076.1371660
1785136076.1371660
1785136076.1371660
1785136076.1371660
1785136076.1371660
1785136076.1371660
1785136076.1371660
1785136076.1371660
1785136076.1371660
1785136076.1371660
1785136076.1371660
1785136076.1371660
1785136076.1371660
1785136076.1371660
1785136076.1371660
1785136076.1371660
1785136076.1371660
1785136076.1371660
1785136076.1371660
1785136076.1371660
1785136076.1371660
1785136076.1371660
1785136076.1371660
1785136076.1371660
1785136076.1371660
1785136076.1371660
1785136076.1371660
1785136076.1373880
1785136076.1373880
1785136076.1373880
1785136076.1373880
1785136076.1373880
1785136076.1373880
1785136076.1373880
1785136076.1373880
1785136076.1373880
1785136076.1373880
1785136076.1373880
1785136076.1373880
1785136076.1373880
1785136076.1373880
1785136076.1373880
1785136076.1373880
1785136076.1373880
1785136076.1373880
1785136076.1373880
1785136076.1373880
1785136076.1373880
1785136076.1373880
1785136076.1373880
1785136076.1373880
1785136076.1373880
1785136076.1373880
1785136076.1373880
1785136076.1373880
1785136076.1373880
1785136076.1373880
1785136076.1373880
1785136076.1373880
1785136076.1373880
1785136076.1373880
1785136076.1373880
1785136076.1373880
1785136076.1373880
1785136076.1373880
1785136076.1373880
1785136076.1373880
1785136076.1373880
1785136076.1373880
1785136076.1373880
1785136076.1373880
1785136076.1373880
1785136076.1373880
1785136076.1373880
1785136076.1373880
1785136076.1373880
1785136076.1373880
1785136076.1373880
1785136076.1373880
1785136076.1376100
1785136076.1376100
1785136076.1376100
1785136076.1376100
1785136076.1376100
1785136076.1376100
1785136076.1376100
1785136076.1376100
1785136076.1376100
1785136076.1376100
1785136076.1376100
1785136076.1376100
1785136076.1376100
1785136076.1376100
1785136076.1376100
1785136076.1376100
1785136076.1376100
1785136076.1376100
1785136076.1376100
1785136076.1376100
1785136076.1376100
1785136076.1376100
1785136076.1376100
1785136076.1376100
1785136076.1376100
1785136076.1376100
1785136076.1376100
1785136076.1376100
1785136076.1376100
1785136076.1376100
1785136076.1376100
1785136076.1376100
1785136076.1376100
1785136076.1376100
1785136076.1376100
1785136076.1376100
1785136076.1376100
1785136076.1376100
1785136076.1376100
1785136076.1376100
1785136076.1376100
1785136076.1376100
1785136076.1376100
1785136076.1376100
1785136076.1376100
1785136076.1376100
1785136076.1376100
1785136076.1376100
1785136076.1376100
1785136076.1376100
1785136076.1376100
1785136076.1376100
1785136076.1378331
1785136076.1378331
1785136076.1378331
1785136076.1378331
1785136076.1378331
1785136076.1378331
1785136076.1378331
1785136076.1378331
1785136076.1378331
1785136076.1378331
1785136076.1378331
1785136076.1378331
1785136076.1378331
1785136076.1378331
1785136076.1378331
1785136076.1378331
1785136076.1378331
1785136076.1378331
1785136076.1378331
1785136076.1378331
1785136076.1378331
1785136076.1378331
1785136076.1378331
1785136076.1378331
1785136076.1378331
1785136076.1378331
1785136076.1378331
1785136076.1378331
1785136076.1378331
1785136076.1378331
1785136076.1378331
1785136076.1378331
1785136076.1378331
1785136076.1378331
1785136076.1378331
1785136076.1378331
1785136076.1378331
1785136076.1378331
1785136076.1378331
1785136076.1378331
1785136076.1378331
1785136076.1378331
1785136076.1378331
1785136076.1378331
1785136076.1378331
1785136076.1378331
1785136076.1378331
1785136076.1378331
1785136076.1378331
1785136076.1378331
1785136076.1378331
1785136076.1378331
1785136076.1380551
1785136076.1380551
1785136076.1380551
1785136076.1380551
1785136076.1380551
1785136076.1380551
1785136076.1380551
1785136076.1380551
1785136076.1380551
1785136076.1380551
1785136076.1380551
1785136076.1380551
1785136076.1380551
1785136076.1380551
1785136076.1380551
1785136076.1380551
1785136076.1380551
1785136076.1380551
1785136076.1380551
1785136076.1380551
1785136076.1380551
1785136076.1380551
1785136076.1380551
1785136076.1380551
1785136076.1380551
1785136076.1380551
1785136076.1380551
1785136076.1380551
1785136076.1380551
1785136076.1380551
1785136076.1380551
1785136076.1380551
1785136076.1380551
1785136076.1380551
1785136076.1380551
1785136076.1380551
1785136076.1380551
1785136076.1380551
1785136076.1380551
1785136076.1380551
1785136076.1380551
1785136076.1380551
1785136076.1380551
1785136076.1380551
1785136076.1380551
1785136076.1380551
1785136076.1380551
1785136076.1380551
1785136076.1380551
1785136076.1380551
1785136076.1380551
1785136076.1380551
1785136076.1382771
1785136076.1382771
1785136076.1382771
1785136076.1382771
1785136076.1382771
1785136076.1382771
1785136076.1382771
1785136076.1382771
1785136076.1382771
1785136076.1382771
1785136076.1382771
1785136076.1382771
1785136076.1382771
1785136076.1382771
1785136076.1382771
1785136076.1382771
1785136076.1382771
1785136076.1382771
1785136076.1382771
1785136076.1382771
1785136076.1382771
1785136076.1382771
1785136076.1382771
1785136076.1382771
1785136076.1382771
1785136076.1382771
1785136076.1382771
1785136076.1382771
1785136076.1382771
1785136076.1382771
1785136076.1382771
1785136076.1382771
1785136076.1382771
1785136076.1382771
1785136076.1382771
1785136076.1382771
1785136076.1382771
1785136076.1382771
1785136076.1382771
1785136076.1382771
1785136076.1382771
1785136076.1382771
1785136076.1382771
1785136076.1382771
1785136076.1382771
1785136076.1382771
1785136076.1382771
1785136076.1382771
1785136076.1382771
1785136076.1382771
1785136076.1382771
1785136076.1382771
1785136076.1384990
1785136076.1384990
1785136076.1384990
1785136076.1384990
1785136076.1384990
1785136076.1384990
1785136076.1384990
1785136076.1384990
1785136076.1384990
1785136076.1384990
1785136076.1384990
1785136076.1384990
1785136076.1384990
1785136076.1384990
1785136076.1384990
1785136076.1384990
1785136076.1384990
1785136076.1384990
1785136076.1384990
1785136076.1384990
1785136076.1384990
1785136076.1384990
1785136076.1384990
1785136076.1384990
1785136076.1384990
1785136076.1384990
1785136076.1384990
1785136076.1384990
1785136076.1384990
1785136076.1384990
1785136076.1384990
1785136076.1384990
1785136076.1384990
1785136076.1384990
1785136076.1384990
1785136076.1384990
1785136076.1384990
1785136076.1384990
1785136076.1384990
1785136076.1384990
1785136076.1384990
1785136076.1384990
1785136076.1384990
1785136076.1384990
1785136076.1384990
1785136076.1384990
1785136076.1384990
1785136076.1384990
1785136076.1384990
1785136076.1384990
1785136076.1384990
1785136076.1384990
1785136076.1387219
1785136076.1387219
1785136076.1387219
1785136076.1387219
1785136076.1387219
1785136076.1387219
1785136076.1387219
1785136076.1387219
1785136076.1387219
1785136076.1387219
1785136076.1387219
1785136076.1387219
1785136076.1387219
1785136076.1387219
1785136076.1387219
1785136076.1387219
1785136076.1387219
1785136076.1387219
1785136076.1387219
1785136076.1387219
1785136076.1387219
1785136076.1387219
1785136076.1387219
1785136076.1387219
1785136076.1387219
1785136076.1387219
1785136076.1387219
1785136076.1387219
1785136076.1387219
1785136076.1387219
1785136076.1387219
1785136076.1387219
1785136076.1387219
1785136076.1387219
1785136076.1387219
1785136076.1387219
1785136076.1387219
1785136076.1387219
1785136076.1387219
1785136076.1387219
1785136076.1387219
1785136076.1387219
1785136076.1387219
1785136076.1387219
1785136076.1387219
1785136076.1387219
1785136076.1387219
1785136076.1387219
1785136076.1387219
1785136076.1387219
1785136076.1387219
1785136076.1387219
1785136076.1389439
1785136076.1389439
1785136076.1389439
1785136076.1389439
1785136076.1389439
1785136076.1389439
1785136076.1389439
1785136076.1389439
1785136076.1389439
1785136076.1389439
1785136076.1389439
1785136076.1389439
1785136076.1389439
1785136076.1389439
1785136076.1389439
1785136076.1389439
1785136076.1389439
1785136076.1389439
1785136076.1389439
1785136076.1389439
1785136076.1389439
1785136076.1389439
1785136076.1389439
1785136076.1389439
1785136076.1389439
1785136076.1389439
1785136076.1389439
1785136076.1389439
1785136076.1389439
1785136076.1389439
1785136076.1389439
1785136076.1389439
1785136076.1389439
1785136076.1389439
1785136076.1389439
1785136076.1389439
1785136076.1389439
1785136076.1389439
1785136076.1389439
1785136076.1389439
1785136076.1389439
1785136076.1389439
1785136076.1389439
1785136076.1389439
1785136076.1389439
1785136076.1389439
1785136076.1389439
1785136076.1389439
1785136076.1389439
1785136076.1389439
1785136076.1389439
1785136076.1389439
1785136076.1391661
1785136076.1391661
1785136076.1391661
1785136076.1391661
1785136076.1391661
1785136076.1391661
1785136076.1391661
1785136076.1391661
1785136076.1391661
1785136076.1391661
1785136076.1391661
1785136076.1391661
1785136076.1391661
1785136076.1391661
1785136076.1391661
1785136076.1391661
1785136076.1391661
1785136076.1391661
1785136076.1391661
1785136076.1391661
1785136076.1391661
1785136076.1391661
1785136076.1391661
1785136076.1391661
1785136076.1391661
1785136076.1391661
1785136076.1391661
1785136076.1391661
1785136076.1391661
1785136076.1391661
1785136076.1391661
1785136076.1391661
1785136076.1391661
1785136076.1391661
1785136076.1391661
1785136076.1391661
1785136076.1391661
1785136076.1391661
1785136076.1391661
1785136076.1391661
1785136076.1391661
1785136076.1391661
1785136076.1391661
1785136076.1391661
1785136076.1391661
1785136076.1391661
1785136076.1391661
1785136076.1391661
1785136076.1391661
1785136076.1391661
1785136076.1391661
1785136076.1391661
1785136076.1393890
1785136076.1393890
1785136076.1393890
1785136076.1393890
1785136076.1393890
1785136076.1393890
1785136076.1393890
1785136076.1393890
1785136076.1393890
1785136076.1393890
1785136076.1393890
1785136076.1393890
1785136076.1393890
1785136076.1393890
1785136076.1393890
1785136076.1393890
1785136076.1393890
1785136076.1393890
1785136076.1393890
1785136076.1393890
1785136076.1393890
1785136076.1393890
1785136076.1393890
1785136076.1393890
1785136076.1393890
1785136076.1393890
1785136076.1393890
1785136076.1393890
1785136076.1393890
1785136076.1393890
1785136076.1393890
1785136076.1393890
1785136076.1393890
1785136076.1393890
1785136076.1393890
1785136076.1393890
1785136076.1393890
1785136076.1393890
1785136076.1393890
1785136076.1393890
1785136076.1393890
1785136076.1393890
1785136076.1393890
1785136076.1393890
1785136076.1393890
1785136076.1393890
1785136076.1393890
1785136076.1393890
1785136076.1393890
1785136076.1393890
1785136076.1393890
1785136076.1393890
1785136076.1396110
1785136076.1396110
1785136076.1396110
1785136076.1396110
1785136076.1396110
1785136076.1396110
1785136076.1396110
1785136076.1396110
1785136076.1396110
1785136076.1396110
1785136076.1396110
1785136076.1396110
1785136076.1396110
1785136076.1396110
1785136076.1396110
1785136076.1396110
1785136076.1396110
1785136076.1396110
1785136076.1396110
1785136076.1396110
1785136076.1396110
1785136076.1396110
1785136076.1396110
1785136076.1396110
1785136076.1396110
1785136076.1396110
1785136076.1396110
1785136076.1396110
1785136076.1396110
1785136076.1396110
1785136076.1396110
1785136076.1396110
1785136076.1396110
1785136076.1396110
1785136076.1396110
1785136076.1396110
1785136076.1396110
1785136076.1396110
1785136076.1396110
1785136076.1396110
1785136076.1396110
1785136076.1396110
1785136076.1396110
1785136076.1396110
1785136076.1396110
1785136076.1396110
1785136076.1396110
1785136076.1396110
1785136076.1396110
1785136076.1396110
1785136076.1396110
1785136076.1396110
1785136076.1398330
1785136076.1398330
1785136076.1398330
1785136076.1398330
1785136076.1398330
1785136076.1398330
1785136076.1398330
1785136076.1398330
1785136076.1398330
1785136076.1398330
1785136076.1398330
1785136076.1398330
1785136076.1398330
1785136076.1398330
1785136076.1398330
1785136076.1398330
1785136076.1398330
1785136076.1398330
1785136076.1398330
1785136076.1398330
1785136076.1398330
1785136076.1398330
1785136076.1398330
1785136076.1398330
1785136076.1398330
1785136076.1398330
1785136076.1398330
1785136076.1398330
1785136076.1398330
1785136076.1398330
1785136076.1398330
1785136076.1398330
1785136076.1398330
1785136076.1398330
1785136076.1398330
1785136076.1398330
1785136076.1398330
1785136076.1398330
1785136076.1398330
1785136076.1398330
1785136076.1398330
1785136076.1398330
1785136076.1398330
1785136076.1398330
1785136076.1398330
1785136076.1398330
1785136076.1398330
1785136076.1398330
1785136076.1398330
1785136076.1398330
1785136076.1398330
1785136076.1398330
1785136076.1400549
1785136076.1400549
1785136076.1400549
1785136076.1400549
1785136076.1400549
1785136076.1400549
1785136076.1400549
1785136076.1400549
1785136076.1400549
1785136076.1400549
1785136076.1400549
1785136076.1400549
1785136076.1400549
1785136076.1400549
1785136076.1400549
1785136076.1400549
1785136076.1400549
1785136076.1400549
1785136076.1400549
1785136076.1400549
1785136076.1400549
1785136076.1400549
1785136076.1400549
1785136076.1400549
1785136076.1400549
1785136076.1400549
1785136076.1400549
1785136076.1400549
1785136076.1400549
1785136076.1400549
1785136076.1400549
1785136076.1400549
1785136076.1400549
1785136076.1400549
1785136076.1400549
1785136076.1400549
1785136076.1400549
1785136076.1400549
1785136076.1400549
1785136076.1400549
1785136076.1400549
1785136076.1400549
1785136076.1400549
1785136076.1400549
1785136076.1400549
1785136076.1400549
1785136076.1400549
1785136076.1400549
1785136076.1400549
1785136076.1400549
1785136076.1400549
1785136076.1400549
1785136076.1402769
1785136076.1402769
1785136076.1402769
1785136076.1402769
1785136076.1402769
1785136076.1402769
1785136076.1402769
1785136076.1402769
1785136076.1402769
1785136076.1402769
1785136076.1402769
1785136076.1402769
1785136076.1402769
1785136076.1402769
1785136076.1402769
1785136076.1402769
1785136076.1402769
1785136076.1402769
1785136076.1402769
1785136076.1402769
1785136076.1402769
1785136076.1402769
1785136076.1402769
1785136076.1402769
1785136076.1402769
1785136076.1402769
1785136076.1402769
1785136076.1402769
1785136076.1402769
1785136076.1402769
1785136076.1402769
1785136076.1402769
1785136076.1402769
1785136076.1402769
1785136076.1402769
1785136076.1402769
1785136076.1402769
1785136076.1402769
1785136076.1402769
1785136076.1402769
1785136076.1402769
1785136076.1402769
1785136076.1402769
1785136076.1402769
1785136076.1402769
1785136076.1402769
1785136076.1402769
1785136076.1402769
1785136076.1402769
1785136076.1402769
1785136076.1402769
1785136076.1402769
1785136076.1405001
1785136076.1405001
1785136076.1405001
1785136076.1405001
1785136076.1405001
1785136076.1405001
1785136076.1405001
1785136076.1405001
1785136076.1405001
1785136076.1405001
1785136076.1405001
1785136076.1405001
1785136076.1405001
1785136076.1405001
1785136076.1405001
1785136076.1405001
1785136076.1405001
1785136076.1405001
1785136076.1405001
1785136076.1405001
1785136076.1405001
1785136076.1405001
1785136076.1405001
1785136076.1405001
1785136076.1405001
1785136076.1405001
1785136076.1405001
1785136076.1405001
1785136076.1405001
1785136076.1405001
1785136076.1405001
1785136076.1405001
1785136076.1405001
1785136076.1405001
1785136076.1405001
1785136076.1405001
1785136076.1405001
1785136076.1405001
1785136076.1405001
1785136076.1405001
1785136076.1405001
1785136076.1405001
1785136076.1405001
1785136076.1405001
1785136076.1405001
1785136076.1405001
1785136076.1405001
1785136076.1405001
1785136076.1405001
1785136076.1405001
1785136076.1405001
1785136076.1405001
1785136076.1407220
1785136076.1407220
1785136076.1407220
1785136076.1407220
1785136076.1407220
1785136076.1407220
1785136076.1407220
1785136076.1407220
1785136076.1407220
1785136076.1407220
1785136076.1407220
1785136076.1407220
1785136076.1407220
1785136076.1407220
1785136076.1407220
1785136076.1407220
1785136076.1407220
1785136076.1407220
1785136076.1407220
1785136076.1407220
1785136076.1407220
1785136076.1407220
1785136076.1407220
1785136076.1407220
1785136076.1407220
1785136076.1407220
1785136076.1407220
1785136076.1407220
1785136076.1407220
1785136076.1407220
1785136076.1407220
1785136076.1407220
1785136076.1407220
1785136076.1407220
1785136076.1407220
1785136076.1407220
1785136076.1407220
1785136076.1407220
1785136076.1407220
1785136076.1407220
1785136076.1407220
1785136076.1407220
1785136076.1407220
1785136076.1407220
1785136076.1407220
1785136076.1407220
1785136076.1407220
1785136076.1407220
1785136076.1407220
1785136076.1407220
1785136076.1407220
1785136076.1407220
1785136076.1409440
1785136076.1409440
1785136076.1409440
1785136076.1409440
1785136076.1409440
1785136076.1409440
1785136076.1409440
1785136076.1409440
1785136076.1409440
1785136076.1409440
1785136076.1409440
1785136076.1409440
1785136076.1409440
1785136076.1409440
1785136076.1409440
1785136076.1409440
1785136076.1409440
1785136076.1409440
1785136076.1409440
1785136076.1409440
1785136076.1409440
1785136076.1409440
1785136076.1409440
1785136076.1409440
1785136076.1409440
1785136076.1409440
1785136076.1409440
1785136076.1409440
1785136076.1409440
1785136076.1409440
1785136076.1409440
1785136076.1409440
1785136076.1409440
1785136076.1409440
1785136076.1409440
1785136076.1409440
1785136076.1409440
1785136076.1409440
1785136076.1409440
1785136076.1409440
1785136076.1409440
1785136076.1409440
1785136076.1409440
1785136076.1409440
1785136076.1409440
1785136076.1409440
1785136076.1409440
1785136076.1409440
1785136076.1409440
1785136076.1409440
1785136076.1409440
1785136076.1409440
1785136076.1411660
1785136076.1411660
1785136076.1411660
1785136076.1411660
1785136076.1411660
1785136076.1411660
1785136076.1411660
1785136076.1411660
1785136076.1411660
1785136076.1411660
1785136076.1411660
1785136076.1411660
1785136076.1411660
1785136076.1411660
1785136076.1411660
1785136076.1411660
1785136076.1411660
1785136076.1411660
1785136076.1411660
1785136076.1411660
1785136076.1411660
1785136076.1411660
1785136076.1411660
1785136076.1411660
1785136076.1411660
1785136076.1411660
1785136076.1411660
1785136076.1411660
1785136076.1411660
1785136076.1411660
1785136076.1411660
1785136076.1411660
1785136076.1411660
1785136076.1411660
1785136076.1411660
1785136076.1411660
1785136076.1411660
1785136076.1411660
1785136076.1411660
1785136076.1411660
1785136076.1411660
1785136076.1411660
1785136076.1411660
1785136076.1411660
1785136076.1411660
1785136076.1411660
1785136076.1411660
1785136076.1411660
1785136076.1411660
1785136076.1411660
1785136076.1411660
1785136076.1411660
1785136076.1413889
1785136076.1413889
1785136076.1413889
1785136076.1413889
1785136076.1413889
1785136076.1413889
1785136076.1413889
1785136076.1413889
1785136076.1413889
1785136076.1413889
1785136076.1413889
1785136076.1413889
1785136076.1413889
1785136076.1413889
1785136076.1413889
1785136076.1413889
1785136076.1413889
1785136076.1413889
1785136076.1413889
1785136076.1413889
1785136076.1413889
1785136076.1413889
1785136076.1413889
1785136076.1413889
1785136076.1413889
1785136076.1413889
1785136076.1413889
1785136076.1413889
1785136076.1413889
1785136076.1413889
1785136076.1413889
1785136076.1413889
1785136076.1413889
1785136076.1413889
1785136076.1413889
1785136076.1413889
1785136076.1413889
1785136076.1413889
1785136076.1413889
1785136076.1413889
1785136076.1413889
1785136076.1413889
1785136076.1413889
1785136076.1413889
1785136076.1413889
1785136076.1413889
1785136076.1413889
1785136076.1413889
1785136076.1413889
1785136076.1413889
1785136076.1413889
1785136076.1413889
1785136076.1416111
1785136076.1416111
1785136076.1416111
1785136076.1416111
1785136076.1416111
1785136076.1416111
1785136076.1416111
1785136076.1416111
1785136076.1416111
1785136076.1416111
1785136076.1416111
1785136076.1416111
1785136076.1416111
1785136076.1416111
1785136076.1416111
1785136076.1416111
1785136076.1416111
1785136076.1416111
1785136076.1416111
1785136076.1416111
1785136076.1416111
1785136076.1416111
1785136076.1416111
1785136076.1416111
1785136076.1416111
1785136076.1416111
1785136076.1416111
1785136076.1416111
1785136076.1416111
1785136076.1416111
1785136076.1416111
1785136076.1416111
1785136076.1416111
1785136076.1416111
1785136076.1416111
1785136076.1416111
1785136076.1416111
1785136076.1416111
1785136076.1416111
1785136076.1416111
1785136076.1416111
1785136076.1416111
1785136076.1416111
1785136076.1416111
1785136076.1416111
1785136076.1416111
1785136076.1416111
1785136076.1416111
1785136076.1416111
1785136076.1416111
1785136076.1416111
1785136076.1416111
1785136076.1418331
1785136076.1418331
1785136076.1418331
1785136076.1418331
1785136076.1418331
1785136076.1418331
1785136076.1418331
1785136076.1418331
1785136076.1418331
1785136076.1418331
1785136076.1418331
1785136076.1418331
1785136076.1418331
1785136076.1418331
1785136076.1418331
1785136076.1418331
1785136076.1418331
1785136076.1418331
1785136076.1418331
1785136076.1418331
1785136076.1418331
1785136076.1418331
1785136076.1418331
1785136076.1418331
1785136076.1418331
1785136076.1418331
1785136076.1418331
1785136076.1418331
1785136076.1418331
1785136076.1418331
1785136076.1418331
1785136076.1418331
1785136076.1418331
1785136076.1418331
1785136076.1418331
1785136076.1418331
1785136076.1418331
1785136076.1418331
1785136076.1418331
1785136076.1418331
1785136076.1418331
1785136076.1418331
1785136076.1418331
1785136076.1418331
1785136076.1418331
1785136076.1418331
1785136076.1418331
1785136076.1418331
1785136076.1418331
1785136076.1418331
1785136076.1418331
1785136076.1418331
1785136076.1420550
1785136076.1420550
1785136076.1420550
1785136076.1420550
1785136076.1420550
1785136076.1420550
1785136076.1420550
1785136076.1420550
1785136076.1420550
1785136076.1420550
1785136076.1420550
1785136076.1420550
1785136076.1420550
1785136076.1420550
1785136076.1420550
1785136076.1420550
1785136076.1420550
1785136076.1420550
1785136076.1420550
1785136076.1420550
1785136076.1420550
1785136076.1420550
1785136076.1420550
1785136076.1420550
1785136076.1420550
1785136076.1420550
1785136076.1420550
1785136076.1420550
1785136076.1420550
1785136076.1420550
1785136076.1420550
1785136076.1420550
1785136076.1420550
1785136076.1420550
1785136076.1420550
1785136076.1420550
1785136076.1420550
1785136076.1420550
1785136076.1420550
1785136076.1420550
1785136076.1420550
1785136076.1420550
1785136076.1420550
1785136076.1420550
1785136076.1420550
1785136076.1420550
1785136076.1420550
1785136076.1420550
1785136076.1420550
1785136076.1420550
1785136076.1420550
1785136076.1420550
1785136076.1422780
1785136076.1422780
1785136076.1422780
1785136076.1422780
1785136076.1422780
1785136076.1422780
1785136076.1422780
1785136076.1422780
1785136076.1422780
1785136076.1422780
1785136076.1422780
1785136076.1422780
1785136076.1422780
1785136076.1422780
1785136076.1422780
1785136076.1422780
1785136076.1422780
1785136076.1422780
1785136076.1422780
1785136076.1422780
1785136076.1422780
1785136076.1422780
1785136076.1422780
1785136076.1422780
1785136076.1422780
1785136076.1422780
1785136076.1422780
1785136076.1422780
1785136076.1422780
1785136076.1422780
1785136076.1422780
1785136076.1422780
1785136076.1422780
1785136076.1422780
1785136076.1422780
1785136076.1422780
1785136076.1422780
1785136076.1422780
1785136076.1422780
1785136076.1422780
1785136076.1422780
1785136076.1422780
1785136076.1422780
1785136076.1422780
1785136076.1422780
1785136076.1422780
1785136076.1422780
1785136076.1422780
1785136076.1422780
1785136076.1422780
1785136076.1422780
1785136076.1422780
1785136076.1424999
1785136076.1424999
1785136076.1424999
1785136076.1424999
1785136076.1424999
1785136076.1424999
1785136076.1424999
1785136076.1424999
1785136076.1424999
1785136076.1424999
1785136076.1424999
1785136076.1424999
1785136076.1424999
1785136076.1424999
1785136076.1424999
1785136076.1424999
1785136076.1424999
1785136076.1424999
1785136076.1424999
1785136076.1424999
1785136076.1424999
1785136076.1424999
1785136076.1424999
1785136076.1424999
1785136076.1424999
1785136076.1424999
1785136076.1424999
1785136076.1424999
1785136076.1424999
1785136076.1424999
1785136076.1424999
1785136076.1424999
1785136076.1424999
1785136076.1424999
1785136076.1424999
1785136076.1424999
1785136076.1424999
1785136076.1424999
1785136076.1424999
1785136076.1424999
1785136076.1424999
1785136076.1424999
1785136076.1424999
1785136076.1424999
1785136076.1424999
1785136076.1424999
1785136076.1424999
1785136076.1424999
1785136076.1424999
1785136076.1424999
1785136076.1424999
1785136076.1424999
1785136076.1427219
1785136076.1427219
1785136076.1427219
1785136076.1427219
1785136076.1427219
1785136076.1427219
1785136076.1427219
1785136076.1427219
1785136076.1427219
1785136076.1427219
1785136076.1427219
1785136076.1427219
1785136076.1427219
1785136076.1427219
1785136076.1427219
1785136076.1427219
1785136076.1427219
1785136076.1427219
1785136076.1427219
1785136076.1427219
1785136076.1427219
1785136076.1427219
1785136076.1427219
1785136076.1427219
1785136076.1427219
1785136076.1427219
1785136076.1427219
1785136076.1427219
1785136076.1427219
1785136076.1427219
1785136076.1427219
1785136076.1427219
1785136076.1427219
1785136076.1427219
1785136076.1427219
1785136076.1427219
1785136076.1427219
1785136076.1427219
1785136076.1427219
1785136076.1427219
1785136076.1427219
1785136076.1427219
1785136076.1427219
1785136076.1427219
1785136076.1427219
1785136076.1427219
1785136076.1427219
1785136076.1427219
1785136076.1427219
1785136076.1427219
1785136076.1427219
1785136076.1427219
1785136076.1429441
1785136076.1429441
1785136076.1429441
1785136076.1429441
1785136076.1429441
1785136076.1429441
1785136076.1429441
1785136076.1429441
1785136076.1429441
1785136076.1429441
1785136076.1429441
1785136076.1429441
1785136076.1429441
1785136076.1429441
1785136076.1429441
1785136076.1429441
1785136076.1429441
1785136076.1429441
1785136076.1429441
1785136076.1429441
1785136076.1429441
1785136076.1429441
1785136076.1429441
1785136076.1429441
1785136076.1429441
1785136076.1429441
1785136076.1429441
1785136076.1429441
1785136076.1429441
1785136076.1429441
1785136076.1429441
1785136076.1429441
1785136076.1429441
1785136076.1429441
1785136076.1429441
1785136076.1429441
1785136076.1429441
1785136076.1429441
1785136076.1429441
1785136076.1429441
1785136076.1429441
1785136076.1429441
1785136076.1429441
1785136076.1429441
1785136076.1429441
1785136076.1429441
1785136076.1429441
1785136076.1429441
1785136076.1429441
1785136076.1429441
1785136076.1429441
1785136076.1431670
1785136076.1431670
1785136076.1431670
1785136076.1431670
1785136076.1431670
1785136076.1431670
1785136076.1431670
1785136076.1431670
1785136076.1431670
1785136076.1431670
1785136076.1431670
1785136076.1431670
1785136076.1431670
1785136076.1431670
1785136076.1431670
1785136076.1431670
1785136076.1431670
1785136076.1431670
1785136076.1431670
1785136076.1431670
1785136076.1431670
1785136076.1431670
1785136076.1431670
1785136076.1431670
1785136076.1431670
1785136076.1431670
1785136076.1431670
1785136076.1431670
1785136076.1431670
1785136076.1431670
1785136076.1431670
1785136076.1431670
1785136076.1431670
1785136076.1431670
1785136076.1431670
1785136076.1431670
1785136076.1431670
1785136076.1431670
1785136076.1431670
1785136076.1431670
1785136076.1431670
1785136076.1431670
1785136076.1431670
1785136076.1431670
1785136076.1431670
1785136076.1431670
1785136076.1431670
1785136076.1431670
1785136076.1431670
1785136076.1431670
1785136076.1431670
1785136076.1433890
1785136076.1433890
1785136076.1433890
1785136076.1433890
1785136076.1433890
1785136076.1433890
1785136076.1433890
1785136076.1433890
1785136076.1433890
1785136076.1433890
1785136076.1433890
1785136076.1433890
1785136076.1433890
1785136076.1433890
1785136076.1433890
1785136076.1433890
1785136076.1433890
1785136076.1433890
1785136076.1433890
1785136076.1433890
1785136076.1433890
1785136076.1433890
1785136076.1433890
1785136076.1433890
1785136076.1433890
1785136076.1433890
1785136076.1433890
1785136076.1433890
1785136076.1433890
1785136076.1433890
1785136076.1433890
1785136076.1433890
1785136076.1433890
1785136076.1433890
1785136076.1433890
1785136076.1433890
1785136076.1433890
1785136076.1433890
1785136076.1433890
1785136076.1433890
1785136076.1433890
1785136076.1433890
1785136076.1433890
1785136076.1433890
1785136076.1433890
1785136076.1433890
1785136076.1433890
1785136076.1433890
1785136076.1433890
1785136076.1433890
1785136076.1433890
1785136076.1436110
1785136076.1436110
1785136076.1436110
1785136076.1436110
1785136076.1436110
1785136076.1436110
1785136076.1436110
1785136076.1436110
1785136076.1436110
1785136076.1436110
1785136076.1436110
1785136076.1436110
1785136076.1436110
1785136076.1436110
1785136076.1436110
1785136076.1436110
1785136076.1436110
1785136076.1436110
1785136076.1436110
1785136076.1436110
1785136076.1436110
1785136076.1436110
1785136076.1436110
1785136076.1436110
1785136076.1436110
1785136076.1436110
1785136076.1436110
1785136076.1436110
1785136076.1436110
1785136076.1436110
1785136076.1436110
1785136076.1436110
1785136076.1436110
1785136076.1436110
1785136076.1436110
1785136076.1436110
1785136076.1436110
1785136076.1436110
1785136076.1436110
1785136076.1436110
1785136076.1436110
1785136076.1436110
1785136076.1436110
1785136076.1436110
1785136076.1436110
1785136076.1436110
1785136076.1436110
1785136076.1436110
1785136076.1436110
1785136076.1436110
1785136076.1436110
1785136076.1438329
1785136076.1438329
1785136076.1438329
1785136076.1438329
1785136076.1438329
1785136076.1438329
1785136076.1438329
1785136076.1438329
1785136076.1438329
1785136076.1438329
1785136076.1438329
1785136076.1438329
1785136076.1438329
1785136076.1438329
1785136076.1438329
1785136076.1438329
1785136076.1438329
1785136076.1438329
1785136076.1438329
1785136076.1438329
1785136076.1438329
1785136076.1438329
1785136076.1438329
1785136076.1438329
1785136076.1438329
1785136076.1438329
1785136076.1438329
1785136076.1438329
1785136076.1438329
1785136076.1438329
1785136076.1438329
1785136076.1438329
1785136076.1438329
1785136076.1438329
1785136076.1438329
1785136076.1438329
1785136076.1438329
1785136076.1438329
1785136076.1438329
1785136076.1438329
1785136076.1438329
1785136076.1438329
1785136076.1438329
1785136076.1438329
1785136076.1438329
1785136076.1438329
1785136076.1438329
1785136076.1438329
1785136076.1438329
1785136076.1438329
1785136076.1438329
1785136076.1440561
1785136076.1440561
1785136076.1440561
1785136076.1440561
1785136076.1440561
1785136076.1440561
1785136076.1440561
1785136076.1440561
1785136076.1440561
1785136076.1440561
1785136076.1440561
1785136076.1440561
1785136076.1440561
1785136076.1440561
1785136076.1440561
1785136076.1440561
1785136076.1440561
1785136076.1440561
1785136076.1440561
1785136076.1440561
1785136076.1440561
1785136076.1440561
1785136076.1440561
1785136076.1440561
1785136076.1440561
1785136076.1440561
1785136076.1440561
1785136076.1440561
1785136076.1440561
1785136076.1440561
1785136076.1440561
1785136076.1440561
1785136076.1440561
1785136076.1440561
1785136076.1440561
1785136076.1440561
1785136076.1440561
1785136076.1440561
1785136076.1440561
1785136076.1440561
1785136076.1440561
1785136076.1440561
1785136076.1440561
1785136076.1440561
1785136076.1440561
1785136076.1440561
1785136076.1440561
1785136076.1440561
1785136076.1440561
1785136076.1440561
1785136076.1440561
1785136076.1442780
1785136076.1442780
1785136076.1442780
1785136076.1442780
1785136076.1442780
1785136076.1442780
1785136076.1442780
1785136076.1442780
1785136076.1442780
1785136076.1442780
1785136076.1442780
1785136076.1442780
1785136076.1442780
1785136076.1442780
1785136076.1442780
1785136076.1442780
1785136076.1442780
1785136076.1442780
1785136076.1442780
1785136076.1442780
1785136076.1442780
1785136076.1442780
1785136076.1442780
1785136076.1442780
1785136076.1442780
1785136076.1442780
1785136076.1442780
1785136076.1442780
1785136076.1442780
1785136076.1442780
1785136076.1442780
1785136076.1442780
1785136076.1442780
1785136076.1442780
1785136076.1442780
1785136076.1442780
1785136076.1442780
1785136076.1442780
1785136076.1442780
1785136076.1442780
1785136076.1442780
1785136076.1442780
1785136076.1442780
1785136076.1442780
1785136076.1442780
1785136076.1442780
1785136076.1442780
1785136076.1442780
1785136076.1442780
1785136076.1442780
1785136076.1442780
1785136076.1445000
1785136076.1445000
1785136076.1445000
1785136076.1445000
1785136076.1445000
1785136076.1445000
1785136076.1445000
1785136076.1445000
1785136076.1445000
1785136076.1445000
1785136076.1445000
1785136076.1445000
1785136076.1445000
1785136076.1445000
1785136076.1445000
1785136076.1445000
1785136076.1445000
1785136076.1445000
1785136076.1445000
1785136076.1445000
1785136076.1445000
1785136076.1445000
1785136076.1445000
1785136076.1445000
1785136076.1445000
1785136076.1445000
1785136076.1445000
1785136076.1445000
1785136076.1445000
1785136076.1445000
1785136076.1445000
1785136076.1445000
1785136076.1445000
1785136076.1445000
1785136076.1445000
1785136076.1445000
1785136076.1445000
1785136076.1445000
1785136076.1445000
1785136076.1445000
1785136076.1445000
1785136076.1445000
1785136076.1445000
1785136076.1445000
1785136076.1445000
1785136076.1445000
1785136076.1445000
1785136076.1445000
1785136076.1445000
1785136076.1445000
1785136076.1445000
1785136076.1447220
1785136076.1447220
1785136076.1447220
1785136076.1447220
1785136076.1447220
1785136076.1447220
1785136076.1447220
1785136076.1447220
1785136076.1447220
1785136076.1447220
1785136076.1447220
1785136076.1447220
1785136076.1447220
1785136076.1447220
1785136076.1447220
1785136076.1447220
1785136076.1447220
1785136076.1447220
1785136076.1447220
1785136076.1447220
1785136076.1447220
1785136076.1447220
1785136076.1447220
1785136076.1447220
1785136076.1447220
1785136076.1447220
1785136076.1447220
1785136076.1447220
1785136076.1447220
1785136076.1447220
1785136076.1447220
1785136076.1447220
1785136076.1447220
1785136076.1447220
1785136076.1447220
1785136076.1447220
1785136076.1447220
1785136076.1447220
1785136076.1447220
1785136076.1447220
1785136076.1447220
1785136076.1447220
1785136076.1447220
1785136076.1447220
1785136076.1447220
1785136076.1447220
1785136076.1447220
1785136076.1447220
1785136076.1447220
1785136076.1447220
1785136076.1449449
1785136076.1449449
1785136076.1449449
1785136076.1449449
1785136076.1449449
1785136076.1449449
1785136076.1449449
1785136076.1449449
1785136076.1449449
1785136076.1449449
1785136076.1449449
1785136076.1449449
1785136076.1449449
1785136076.1449449
1785136076.1449449
1785136076.1449449
1785136076.1449449
1785136076.1449449
1785136076.1449449
1785136076.1449449
1785136076.1449449
1785136076.1449449
1785136076.1449449
1785136076.1449449
1785136076.1449449
1785136076.1449449
1785136076.1449449
1785136076.1449449
1785136076.1449449
1785136076.1449449
1785136076.1449449
1785136076.1449449
1785136076.1449449
1785136076.1449449
1785136076.1449449
1785136076.1449449
1785136076.1449449
1785136076.1449449
1785136076.1449449
1785136076.1449449
1785136076.1449449
1785136076.1449449
1785136076.1449449
1785136076.1449449
1785136076.1449449
1785136076.1449449
1785136076.1449449
1785136076.1449449
1785136076.1449449
1785136076.1449449
1785136076.1451671
1785136076.1451671
1785136076.1451671
1785136076.1451671
1785136076.1451671
1785136076.1451671
1785136076.1451671
1785136076.1451671
1785136076.1451671
1785136076.1451671
1785136076.1451671
1785136076.1451671
1785136076.1451671
1785136076.1451671
1785136076.1451671
1785136076.1451671
1785136076.1451671
1785136076.1451671
1785136076.1451671
1785136076.1451671
1785136076.1451671
1785136076.1451671
1785136076.1451671
1785136076.1451671
1785136076.1451671
1785136076.1451671
1785136076.1451671
1785136076.1451671
1785136076.1451671
1785136076.1451671
1785136076.1451671
1785136076.1451671
1785136076.1451671
1785136076.1451671
1785136076.1451671
1785136076.1451671
1785136076.1451671
1785136076.1451671
1785136076.1451671
1785136076.1451671
1785136076.1451671
1785136076.1451671
1785136076.1451671
1785136076.1451671
1785136076.1451671
1785136076.1451671
1785136076.1451671
1785136076.1451671
1785136076.1451671
1785136076.1451671
1785136076.1453891
1785136076.1453891
1785136076.1453891
1785136076.1453891
1785136076.1453891
1785136076.1453891
1785136076.1453891
1785136076.1453891
1785136076.1453891
1785136076.1453891
1785136076.1453891
1785136076.1453891
1785136076.1453891
1785136076.1453891
1785136076.1453891
1785136076.1453891
1785136076.1453891
1785136076.1453891
1785136076.1453891
1785136076.1453891
1785136076.1453891
1785136076.1453891
1785136076.1453891
1785136076.1453891
1785136076.1453891
1785136076.1453891
1785136076.1453891
1785136076.1453891
1785136076.1453891
1785136076.1453891
1785136076.1453891
1785136076.1453891
1785136076.1453891
1785136076.1453891
1785136076.1453891
1785136076.1453891
1785136076.1453891
1785136076.1453891
1785136076.1453891
1785136076.1453891
1785136076.1453891
1785136076.1453891
1785136076.1453891
1785136076.1453891
1785136076.1453891
1785136076.1453891
1785136076.1453891
1785136076.1453891
1785136076.1453891
1785136076.1453891
1785136076.1456110
1785136076.1456110
1785136076.1456110
1785136076.1456110
1785136076.1456110
1785136076.1456110
1785136076.1456110
1785136076.1456110
1785136076.1456110
1785136076.1456110
1785136076.1456110
1785136076.1456110
1785136076.1456110
1785136076.1456110
1785136076.1456110
1785136076.1456110
1785136076.1456110
1785136076.1456110
1785136076.1456110
1785136076.1456110
1785136076.1456110
1785136076.1456110
1785136076.1456110
1785136076.1456110
1785136076.1456110
1785136076.1456110
1785136076.1456110
1785136076.1456110
1785136076.1456110
1785136076.1456110
1785136076.1456110
1785136076.1456110
1785136076.1456110
1785136076.1456110
1785136076.1456110
1785136076.1456110
1785136076.1456110
1785136076.1456110
1785136076.1456110
1785136076.1456110
1785136076.1456110
1785136076.1456110
1785136076.1456110
1785136076.1456110
1785136076.1456110
1785136076.1456110
1785136076.1456110
1785136076.1456110
1785136076.1456110
1785136076.1456110
1785136076.1458330
1785136076.1458330
1785136076.1458330
1785136076.1458330
1785136076.1458330
1785136076.1458330
1785136076.1458330
1785136076.1458330
1785136076.1458330
1785136076.1458330
1785136076.1458330
1785136076.1458330
1785136076.1458330
1785136076.1458330
1785136076.1458330
1785136076.1458330
1785136076.1458330
1785136076.1458330
1785136076.1458330
1785136076.1458330
1785136076.1458330
1785136076.1458330
1785136076.1458330
1785136076.1458330
1785136076.1458330
1785136076.1458330
1785136076.1458330
1785136076.1458330
1785136076.1458330
1785136076.1458330
1785136076.1458330
1785136076.1458330
1785136076.1458330
1785136076.1458330
1785136076.1458330
1785136076.1458330
1785136076.1458330
1785136076.1458330
1785136076.1458330
1785136076.1458330
1785136076.1458330
1785136076.1458330
1785136076.1458330
1785136076.1458330
1785136076.1458330
1785136076.1458330
1785136076.1458330
1785136076.1458330
1785136076.1458330
1785136076.1458330
1785136076.1460559
1785136076.1460559
1785136076.1460559
1785136076.1460559
1785136076.1460559
1785136076.1460559
1785136076.1460559
1785136076.1460559
1785136076.1460559
1785136076.1460559
1785136076.1460559
1785136076.1460559
1785136076.1460559
1785136076.1460559
1785136076.1460559
1785136076.1460559
1785136076.1460559
1785136076.1460559
1785136076.1460559
1785136076.1460559
1785136076.1460559
1785136076.1460559
1785136076.1460559
1785136076.1460559
1785136076.1460559
1785136076.1460559
1785136076.1460559
1785136076.1460559
1785136076.1460559
1785136076.1460559
1785136076.1460559
1785136076.1460559
1785136076.1460559
1785136076.1460559
1785136076.1460559
1785136076.1460559
1785136076.1460559
1785136076.1460559
1785136076.1460559
1785136076.1460559
1785136076.1460559
1785136076.1460559
1785136076.1460559
1785136076.1460559
1785136076.1460559
1785136076.1460559
1785136076.1460559
1785136076.1460559
1785136076.1460559
1785136076.1460559
1785136076.1462779
1785136076.1462779
1785136076.1462779
1785136076.1462779
1785136076.1462779
1785136076.1462779
1785136076.1462779
1785136076.1462779
1785136076.1462779
1785136076.1462779
1785136076.1462779
1785136076.1462779
1785136076.1462779
1785136076.1462779
1785136076.1462779
1785136076.1462779
1785136076.1462779
1785136076.1462779
1785136076.1462779
1785136076.1462779
1785136076.1462779
1785136076.1462779
1785136076.1462779
1785136076.1462779
1785136076.1462779
1785136076.1462779
1785136076.1462779
1785136076.1462779
1785136076.1462779
1785136076.1462779
1785136076.1462779
1785136076.1462779
1785136076.1462779
1785136076.1462779
1785136076.1462779
1785136076.1462779
1785136076.1462779
1785136076.1462779
1785136076.1462779
1785136076.1462779
1785136076.1462779
1785136076.1462779
1785136076.1462779
1785136076.1462779
1785136076.1462779
1785136076.1462779
1785136076.1462779
1785136076.1462779
1785136076.1462779
1785136076.1462779
1785136076.1465001
1785136076.1465001
1785136076.1465001
1785136076.1465001
1785136076.1465001
1785136076.1465001
1785136076.1465001
1785136076.1465001
1785136076.1465001
1785136076.1465001
1785136076.1465001
1785136076.1465001
1785136076.1465001
1785136076.1465001
1785136076.1465001
1785136076.1465001
1785136076.1465001
1785136076.1465001
1785136076.1465001
1785136076.1465001
1785136076.1465001
1785136076.1465001
1785136076.1465001
1785136076.1465001
1785136076.1465001
1785136076.1465001
1785136076.1465001
1785136076.1465001
1785136076.1465001
1785136076.1465001
1785136076.1465001
1785136076.1465001
1785136076.1465001
1785136076.1465001
1785136076.1465001
1785136076.1465001
1785136076.1465001
1785136076.1465001
1785136076.1465001
1785136076.1465001
1785136076.1465001
1785136076.1465001
1785136076.1465001
1785136076.1465001
1785136076.1465001
1785136076.1465001
1785136076.1465001
1785136076.1465001
1785136076.1465001
1785136076.1467221
1785136076.1467221
1785136076.1467221
1785136076.1467221
1785136076.1467221
1785136076.1467221
1785136076.1467221
1785136076.1467221
1785136076.1467221
1785136076.1467221
1785136076.1467221
1785136076.1467221
1785136076.1467221
1785136076.1467221
1785136076.1467221
1785136076.1467221
1785136076.1467221
1785136076.1467221
1785136076.1467221
1785136076.1467221
1785136076.1467221
1785136076.1467221
1785136076.1467221
1785136076.1467221
1785136076.1467221
1785136076.1467221
1785136076.1467221
1785136076.1467221
1785136076.1467221
1785136076.1467221
1785136076.1467221
1785136076.1467221
1785136076.1467221
1785136076.1467221
1785136076.1467221
1785136076.1467221
1785136076.1467221
1785136076.1467221
1785136076.1467221
1785136076.1467221
1785136076.1467221
1785136076.1467221
1785136076.1467221
1785136076.1467221
1785136076.1467221
1785136076.1467221
1785136076.1467221
1785136076.1467221
1785136076.1467221
1785136076.1469450
1785136076.1469450
1785136076.1469450
1785136076.1469450
1785136076.1469450
1785136076.1469450
1785136076.1469450
1785136076.1469450
1785136076.1469450
1785136076.1469450
1785136076.1469450
1785136076.1469450
1785136076.1469450
1785136076.1469450
1785136076.1469450
1785136076.1469450
1785136076.1469450
1785136076.1469450
1785136076.1469450
1785136076.1469450
1785136076.1469450
1785136076.1469450
1785136076.1469450
1785136076.1469450
1785136076.1469450
1785136076.1469450
1785136076.1469450
1785136076.1469450
1785136076.1469450
1785136076.1469450
1785136076.1469450
1785136076.1469450
1785136076.1469450
1785136076.1469450
1785136076.1469450
1785136076.1469450
1785136076.1469450
1785136076.1469450
1785136076.1469450
1785136076.1469450
1785136076.1469450
1785136076.1469450
1785136076.1469450
1785136076.1469450
1785136076.1469450
1785136076.1469450
1785136076.1469450
1785136076.1469450
1785136076.1469450
1785136076.1471670
1785136076.1471670
1785136076.1471670
1785136076.1471670
1785136076.1471670
1785136076.1471670
1785136076.1471670
1785136076.1471670
1785136076.1471670
1785136076.1471670
1785136076.1471670
1785136076.1471670
1785136076.1471670
1785136076.1471670
1785136076.1471670
1785136076.1471670
1785136076.1471670
1785136076.1471670
1785136076.1471670
1785136076.1471670
1785136076.1471670
1785136076.1471670
1785136076.1471670
1785136076.1471670
1785136076.1471670
1785136076.1471670
1785136076.1471670
1785136076.1471670
1785136076.1471670
1785136076.1471670
1785136076.1471670
1785136076.1471670
1785136076.1471670
1785136076.1471670
1785136076.1471670
1785136076.1471670
1785136076.1471670
1785136076.1471670
1785136076.1471670
1785136076.1471670
1785136076.1471670
1785136076.1471670
1785136076.1471670
1785136076.1471670
1785136076.1471670
1785136076.1471670
1785136076.1471670
1785136076.1471670
1785136076.1471670
1785136076.1473889
1785136076.1473889
1785136076.1473889
1785136076.1473889
1785136076.1473889
1785136076.1473889
1785136076.1473889
1785136076.1473889
1785136076.1473889
1785136076.1473889
1785136076.1473889
1785136076.1473889
1785136076.1473889
1785136076.1473889
1785136076.1473889
1785136076.1473889
1785136076.1473889
1785136076.1473889
1785136076.1473889
1785136076.1473889
1785136076.1473889
1785136076.1473889
1785136076.1473889
1785136076.1473889
1785136076.1473889
1785136076.1473889
1785136076.1473889
1785136076.1473889
1785136076.1473889
1785136076.1473889
1785136076.1473889
1785136076.1473889
1785136076.1473889
1785136076.1473889
1785136076.1473889
1785136076.1473889
1785136076.1473889
1785136076.1473889
1785136076.1473889
1785136076.1473889
1785136076.1473889
1785136076.1473889
1785136076.1473889
1785136076.1473889
1785136076.1473889
1785136076.1473889
1785136076.1473889
1785136076.1473889
1785136076.1473889
1785136076.1476109
1785136076.1476109
1785136076.1476109
1785136076.1476109
1785136076.1476109
1785136076.1476109
1785136076.1476109
1785136076.1476109
1785136076.1476109
1785136076.1476109
1785136076.1476109
1785136076.1476109
1785136076.1476109
1785136076.1476109
1785136076.1476109
1785136076.1476109
1785136076.1476109
1785136076.1476109
1785136076.1476109
1785136076.1476109
1785136076.1476109
1785136076.1476109
1785136076.1476109
1785136076.1476109
1785136076.1476109
1785136076.1476109
1785136076.1476109
1785136076.1476109
1785136076.1476109
1785136076.1476109
1785136076.1476109
1785136076.1476109
1785136076.1476109
1785136076.1476109
1785136076.1476109
1785136076.1476109
1785136076.1476109
1785136076.1476109
1785136076.1476109
1785136076.1476109
1785136076.1476109
1785136076.1476109
1785136076.1476109
1785136076.1476109
1785136076.1476109
1785136076.1476109
1785136076.1476109
1785136076.1476109
1785136076.1476109
1785136076.1478341
1785136076.1478341
1785136076.1478341
1785136076.1478341
1785136076.1478341
1785136076.1478341
1785136076.1478341
1785136076.1478341
1785136076.1478341
1785136076.1478341
1785136076.1478341
1785136076.1478341
1785136076.1478341
1785136076.1478341
1785136076.1478341
1785136076.1478341
1785136076.1478341
1785136076.1478341
1785136076.1478341
1785136076.1478341
1785136076.1478341
1785136076.1478341
1785136076.1478341
1785136076.1478341
1785136076.1478341
1785136076.1478341
1785136076.1478341
1785136076.1478341
1785136076.1478341
1785136076.1478341
1785136076.1478341
1785136076.1478341
1785136076.1478341
1785136076.1478341
1785136076.1478341
1785136076.1478341
1785136076.1478341
1785136076.1478341
1785136076.1478341
1785136076.1478341
1785136076.1478341
1785136076.1478341
1785136076.1478341
1785136076.1478341
1785136076.1478341
1785136076.1478341
1785136076.1478341
1785136076.1478341
1785136076.1478341
1785136076.1480560
1785136076.1480560
1785136076.1480560
1785136076.1480560
1785136076.1480560
1785136076.1480560
1785136076.1480560
1785136076.1480560
1785136076.1480560
1785136076.1480560
1785136076.1480560
1785136076.1480560
1785136076.1480560
1785136076.1480560
1785136076.1480560
1785136076.1480560
1785136076.1480560
1785136076.1480560
1785136076.1480560
1785136076.1480560
1785136076.1480560
1785136076.1480560
1785136076.1480560
1785136076.1480560
1785136076.1480560
1785136076.1480560
1785136076.1480560
1785136076.1480560
1785136076.1480560
1785136076.1480560
1785136076.1480560
1785136076.1480560
1785136076.1480560
1785136076.1480560
1785136076.1480560
1785136076.1480560
1785136076.1480560
1785136076.1480560
1785136076.1480560
1785136076.1480560
1785136076.1480560
1785136076.1480560
1785136076.1480560
1785136076.1480560
1785136076.1480560
1785136076.1480560
1785136076.1480560
1785136076.1482780
1785136076.1482780
1785136076.1482780
1785136076.1482780
1785136076.1482780
1785136076.1482780
1785136076.1482780
1785136076.1482780
1785136076.1482780
1785136076.1482780
1785136076.1482780
1785136076.1482780
1785136076.1482780
1785136076.1482780
1785136076.1482780
1785136076.1482780
1785136076.1482780
1785136076.1482780
1785136076.1482780
1785136076.1482780
1785136076.1482780
1785136076.1482780
1785136076.1482780
1785136076.1482780
1785136076.1482780
1785136076.1482780
1785136076.1482780
1785136076.1482780
1785136076.1482780
1785136076.1482780
1785136076.1482780
1785136076.1482780
1785136076.1482780
1785136076.1482780
1785136076.1482780
1785136076.1482780
1785136076.1482780
1785136076.1482780
1785136076.1482780
1785136076.1482780
1785136076.1482780
1785136076.1482780
1785136076.1482780
1785136076.1482780
1785136076.1482780
1785136076.1482780
1785136076.1482780
1785136076.1482780
1785136076.1485000
1785136076.1485000
1785136076.1485000
1785136076.1485000
1785136076.1485000
1785136076.1485000
1785136076.1485000
1785136076.1485000
1785136076.1485000
1785136076.1485000
1785136076.1485000
1785136076.1485000
1785136076.1485000
1785136076.1485000
1785136076.1485000
1785136076.1485000
1785136076.1485000
1785136076.1485000
1785136076.1485000
1785136076.1485000
1785136076.1485000
1785136076.1485000
1785136076.1485000
1785136076.1485000
1785136076.1485000
1785136076.1485000
1785136076.1485000
1785136076.1485000
1785136076.1485000
1785136076.1485000
1785136076.1485000
1785136076.1485000
1785136076.1485000
1785136076.1485000
1785136076.1485000
1785136076.1485000
1785136076.1485000
1785136076.1485000
1785136076.1485000
1785136076.1485000
1785136076.1485000
1785136076.1485000
1785136076.1485000
1785136076.1485000
1785136076.1485000
1785136076.1485000
1785136076.1485000
1785136076.1485000
1785136076.1487219
1785136076.1487219
1785136076.1487219
1785136076.1487219
1785136076.1487219
1785136076.1487219
1785136076.1487219
1785136076.1487219
1785136076.1487219
1785136076.1487219
1785136076.1487219
1785136076.1487219
1785136076.1487219
1785136076.1487219
1785136076.1487219
1785136076.1487219
1785136076.1487219
1785136076.1487219
1785136076.1487219
1785136076.1487219
1785136076.1487219
1785136076.1487219
1785136076.1487219
1785136076.1487219
1785136076.1487219
1785136076.1487219
1785136076.1487219
1785136076.1487219
1785136076.1487219
1785136076.1487219
1785136076.1487219
1785136076.1487219
1785136076.1487219
1785136076.1487219
1785136076.1487219
1785136076.1487219
1785136076.1487219
1785136076.1487219
1785136076.1487219
1785136076.1487219
1785136076.1487219
1785136076.1487219
1785136076.1487219
1785136076.1487219
1785136076.1487219
1785136076.1487219
1785136076.1487219
1785136076.1487219
1785136076.1489439
1785136076.1489439
1785136076.1489439
1785136076.1489439
1785136076.1489439
1785136076.1489439
1785136076.1489439
1785136076.1489439
1785136076.1489439
1785136076.1489439
1785136076.1489439
1785136076.1489439
1785136076.1489439
1785136076.1489439
1785136076.1489439
1785136076.1489439
1785136076.1489439
1785136076.1489439
1785136076.1489439
1785136076.1489439
1785136076.1489439
1785136076.1489439
1785136076.1489439
1785136076.1489439
1785136076.1489439
1785136076.1489439
1785136076.1489439
1785136076.1489439
1785136076.1489439
1785136076.1489439
1785136076.1489439
1785136076.1489439
1785136076.1489439
1785136076.1489439
1785136076.1489439
1785136076.1489439
1785136076.1489439
1785136076.1489439
1785136076.1489439
1785136076.1489439
1785136076.1489439
1785136076.1489439
1785136076.1489439
1785136076.1489439
1785136076.1489439
1785136076.1489439
1785136076.1489439
1785136076.1489439
1785136076.1491671
1785136076.1491671
1785136076.1491671
1785136076.1491671
1785136076.1491671
1785136076.1491671
1785136076.1491671
1785136076.1491671
1785136076.1491671
1785136076.1491671
1785136076.1491671
1785136076.1491671
1785136076.1491671
1785136076.1491671
1785136076.1491671
1785136076.1491671
1785136076.1491671
1785136076.1491671
1785136076.1491671
1785136076.1491671
1785136076.1491671
1785136076.1491671
1785136076.1491671
1785136076.1491671
1785136076.1491671
1785136076.1491671
1785136076.1491671
1785136076.1491671
1785136076.1491671
1785136076.1491671
1785136076.1491671
1785136076.1491671
1785136076.1491671
1785136076.1491671
1785136076.1491671
1785136076.1491671
1785136076.1491671
1785136076.1491671
1785136076.1491671
1785136076.1491671
1785136076.1491671
1785136076.1491671
1785136076.1491671
1785136076.1491671
1785136076.1491671
1785136076.1491671
1785136076.1491671
1785136076.1491671
1785136076.1493890
1785136076.1493890
1785136076.1493890
1785136076.1493890
1785136076.1493890
1785136076.1493890
1785136076.1493890
1785136076.1493890
1785136076.1493890
1785136076.1493890
1785136076.1493890
1785136076.1493890
1785136076.1493890
1785136076.1493890
1785136076.1493890
1785136076.1493890
1785136076.1493890
1785136076.1493890
1785136076.1493890
1785136076.1493890
1785136076.1493890
1785136076.1493890
1785136076.1493890
1785136076.1493890
1785136076.1493890
1785136076.1493890
1785136076.1493890
1785136076.1493890
1785136076.1493890
1785136076.1493890
1785136076.1493890
1785136076.1493890
1785136076.1493890
1785136076.1493890
1785136076.1493890
1785136076.1493890
1785136076.1493890
1785136076.1493890
1785136076.1493890
1785136076.1493890
1785136076.1493890
1785136076.1493890
1785136076.1493890
1785136076.1493890
1785136076.1493890
1785136076.1493890
1785136076.1493890
1785136076.1493890
1785136076.1496110
1785136076.1496110
1785136076.1496110
1785136076.1496110
1785136076.1496110
1785136076.1496110
1785136076.1496110
1785136076.1496110
1785136076.1496110
1785136076.1496110
1785136076.1496110
1785136076.1496110
1785136076.1496110
1785136076.1496110
1785136076.1496110
1785136076.1496110
1785136076.1496110
1785136076.1496110
1785136076.1496110
1785136076.1496110
1785136076.1496110
1785136076.1496110
1785136076.1496110
1785136076.1496110
1785136076.1496110
1785136076.1496110
1785136076.1496110
1785136076.1496110
1785136076.1496110
1785136076.1496110
1785136076.1496110
1785136076.1496110
1785136076.1496110
1785136076.1496110
1785136076.1496110
1785136076.1496110
1785136076.1496110
1785136076.1496110
1785136076.1496110
1785136076.1496110
1785136076.1496110
1785136076.1496110
1785136076.1496110
1785136076.1496110
1785136076.1496110
1785136076.1496110
1785136076.1496110
1785136076.1496110
1785136076.1496110
1785136076.1498330
1785136076.1498330
1785136076.1498330
1785136076.1498330
1785136076.1498330
1785136076.1498330
1785136076.1498330
1785136076.1498330
1785136076.1498330
1785136076.1498330
1785136076.1498330
1785136076.1498330
1785136076.1498330
1785136076.1498330
1785136076.1498330
1785136076.1498330
1785136076.1498330
1785136076.1498330
1785136076.1498330
1785136076.1498330
1785136076.1498330
1785136076.1498330
1785136076.1498330
1785136076.1498330
1785136076.1498330
1785136076.1498330
1785136076.1498330
1785136076.1498330
1785136076.1498330
1785136076.1498330
1785136076.1498330
1785136076.1498330
1785136076.1498330
1785136076.1498330
1785136076.1498330
1785136076.1498330
1785136076.1498330
1785136076.1498330
1785136076.1498330
1785136076.1498330
1785136076.1498330
1785136076.1498330
1785136076.1498330
1785136076.1498330
1785136076.1498330
1785136076.1498330
1785136076.1498330
1785136076.1498330
1785136076.1498330
1785136076.1498330
1785136076.1498330
1785136076.1498330
1785136076.1500559
1785136076.1500559
1785136076.1500559
1785136076.1500559
1785136076.1500559
1785136076.1500559
1785136076.1500559
1785136076.1500559
1785136076.1500559
1785136076.1500559
1785136076.1500559
1785136076.1500559
1785136076.1500559
1785136076.1500559
1785136076.1500559
1785136076.1500559
1785136076.1500559
1785136076.1500559
1785136076.1500559
1785136076.1500559
1785136076.1500559
1785136076.1500559
1785136076.1500559
1785136076.1500559
1785136076.1500559
1785136076.1500559
1785136076.1500559
1785136076.1500559
1785136076.1500559
1785136076.1500559
1785136076.1500559
1785136076.1500559
1785136076.1500559
1785136076.1500559
1785136076.1500559
1785136076.1500559
1785136076.1500559
1785136076.1500559
1785136076.1500559
1785136076.1500559
1785136076.1500559
1785136076.1500559
1785136076.1500559
1785136076.1500559
1785136076.1500559
1785136076.1500559
1785136076.1500559
1785136076.1500559
1785136076.1500559
1785136076.1500559
1785136076.1502781
1785136076.1502781
1785136076.1502781
1785136076.1502781
1785136076.1502781
1785136076.1502781
1785136076.1502781
1785136076.1502781
1785136076.1502781
1785136076.1502781
1785136076.1502781
1785136076.1502781
1785136076.1502781
1785136076.1502781
1785136076.1502781
1785136076.1502781
1785136076.1502781
1785136076.1502781
1785136076.1502781
1785136076.1502781
1785136076.1502781
1785136076.1502781
1785136076.1502781
1785136076.1502781
1785136076.1502781
1785136076.1502781
1785136076.1502781
1785136076.1502781
1785136076.1502781
1785136076.1502781
1785136076.1502781
1785136076.1502781
1785136076.1502781
1785136076.1502781
1785136076.1502781
1785136076.1502781
1785136076.1502781
1785136076.1502781
1785136076.1502781
1785136076.1502781
1785136076.1502781
1785136076.1502781
1785136076.1502781
1785136076.1502781
1785136076.1502781
1785136076.1502781
1785136076.1502781
1785136076.1502781
1785136076.1502781
1785136076.1502781
1785136076.1505001
1785136076.1505001
1785136076.1505001
1785136076.1505001
1785136076.1505001
1785136076.1505001
1785136076.1505001
1785136076.1505001
1785136076.1505001
1785136076.1505001
1785136076.1505001
1785136076.1505001
1785136076.1505001
1785136076.1505001
1785136076.1505001
1785136076.1505001
1785136076.1505001
1785136076.1505001
1785136076.1505001
1785136076.1505001
1785136076.1505001
1785136076.1505001
1785136076.1505001
1785136076.1505001
1785136076.1505001
1785136076.1505001
1785136076.1505001
1785136076.1505001
1785136076.1505001
1785136076.1505001
1785136076.1505001
1785136076.1505001
1785136076.1505001
1785136076.1505001
1785136076.1505001
1785136076.1505001
1785136076.1505001
1785136076.1505001
1785136076.1505001
1785136076.1505001
1785136076.1505001
1785136076.1505001
1785136076.1505001
1785136076.1505001
1785136076.1505001
1785136076.1507230
1785136076.1507230
1785136076.1507230
1785136076.1507230
1785136076.1507230
1785136076.1507230
1785136076.1507230
1785136076.1507230
1785136076.1507230
1785136076.1507230
1785136076.1507230
1785136076.1507230
1785136076.1507230
1785136076.1507230
1785136076.1507230
1785136076.1507230
1785136076.1507230
1785136076.1507230
1785136076.1507230
1785136076.1507230
1785136076.1507230
1785136076.1507230
1785136076.1507230
1785136076.1507230
1785136076.1507230
1785136076.1507230
1785136076.1507230
1785136076.1507230
1785136076.1507230
1785136076.1507230
1785136076.1507230
1785136076.1507230
1785136076.1507230
1785136076.1507230
1785136076.1507230
1785136076.1507230
1785136076.1507230
1785136076.1507230
1785136076.1507230
1785136076.1507230
1785136076.1507230
1785136076.1507230
1785136076.1509449
1785136076.1509449
1785136076.1509449
1785136076.1509449
1785136076.1509449
1785136076.1509449
1785136076.1509449
1785136076.1509449
1785136076.1509449
1785136076.1509449
1785136076.1509449
1785136076.1509449
1785136076.1509449
1785136076.1509449
1785136076.1509449
1785136076.1509449
1785136076.1509449
1785136076.1509449
1785136076.1509449
1785136076.1509449
1785136076.1509449
1785136076.1509449
1785136076.1509449
1785136076.1509449
1785136076.1509449
1785136076.1509449
1785136076.1509449
1785136076.1509449
1785136076.1509449
1785136076.1509449
1785136076.1509449
1785136076.1509449
1785136076.1509449
1785136076.1509449
1785136076.1509449
1785136076.1509449
1785136076.1509449
1785136076.1509449
1785136076.1509449
1785136076.1509449
1785136076.1509449
1785136076.1509449
1785136076.1511669
1785136076.1511669
1785136076.1511669
1785136076.1511669
1785136076.1511669
1785136076.1511669
1785136076.1511669
1785136076.1511669
1785136076.1511669
1785136076.1511669
1785136076.1511669
1785136076.1511669
1785136076.1511669
1785136076.1511669
1785136076.1511669
1785136076.1511669
1785136076.1511669
1785136076.1511669
1785136076.1511669
1785136076.1511669
1785136076.1511669
1785136076.1511669
1785136076.1511669
1785136076.1511669
1785136076.1511669
1785136076.1511669
1785136076.1511669
1785136076.1511669
1785136076.1511669
1785136076.1511669
1785136076.1511669
1785136076.1511669
1785136076.1511669
1785136076.1511669
1785136076.1511669
1785136076.1511669
1785136076.1511669
1785136076.1511669
1785136076.1511669
1785136076.1511669
1785136076.1511669
1785136076.1511669
1785136076.1513889
1785136076.1513889
1785136076.1513889
1785136076.1513889
1785136076.1513889
1785136076.1513889
1785136076.1513889
1785136076.1513889
1785136076.1513889
1785136076.1513889
1785136076.1513889
1785136076.1513889
1785136076.1513889
1785136076.1513889
1785136076.1513889
1785136076.1513889
1785136076.1513889
1785136076.1513889
1785136076.1513889
1785136076.1513889
1785136076.1513889
1785136076.1513889
1785136076.1513889
1785136076.1513889
1785136076.1513889
1785136076.1513889
1785136076.1513889
1785136076.1513889
1785136076.1513889
1785136076.1513889
1785136076.1513889
1785136076.1513889
1785136076.1513889
1785136076.1513889
1785136076.1513889
1785136076.1513889
1785136076.1513889
1785136076.1513889
1785136076.1513889
1785136076.1513889
1785136076.1513889
1785136076.1513889
1785136076.1513889
1785136076.1513889
1785136076.1516111
1785136076.1516111
1785136076.1516111
1785136076.1516111
1785136076.1516111
1785136076.1516111
1785136076.1516111
1785136076.1516111
1785136076.1516111
1785136076.1516111
1785136076.1516111
1785136076.1516111
1785136076.1516111
1785136076.1516111
1785136076.1516111
1785136076.1516111
1785136076.1516111
1785136076.1516111
1785136076.1516111
1785136076.1516111
1785136076.1516111
1785136076.1516111
1785136076.1516111
1785136076.1516111
1785136076.1516111
1785136076.1516111
1785136076.1516111
1785136076.1516111
1785136076.1516111
1785136076.1516111
1785136076.1516111
1785136076.1516111
1785136076.1516111
1785136076.1516111
1785136076.1516111
1785136076.1516111
1785136076.1516111
1785136076.1516111
1785136076.1516111
1785136076.1516111
1785136076.1516111
1785136076.1516111
1785136076.1516111
1785136076.1516111
1785136076.1516111
1785136076.1516111
1785136076.1518340
1785136076.1518340
1785136076.1518340
1785136076.1518340
1785136076.1518340
1785136076.1518340
1785136076.1518340
1785136076.1518340
1785136076.1518340
1785136076.1518340
1785136076.1518340
1785136076.1518340
1785136076.1518340
1785136076.1518340
1785136076.1518340
1785136076.1518340
1785136076.1518340
1785136076.1518340
1785136076.1518340
1785136076.1518340
1785136076.1518340
1785136076.1518340
1785136076.1518340
1785136076.1518340
1785136076.1518340
1785136076.1518340
1785136076.1518340
1785136076.1518340
1785136076.1518340
1785136076.1518340
1785136076.1518340
1785136076.1518340
1785136076.1518340
1785136076.1518340
1785136076.1518340
1785136076.1518340
1785136076.1518340
1785136076.1518340
1785136076.1518340
1785136076.1518340
1785136076.1518340
1785136076.1518340
1785136076.1518340
1785136076.1518340
1785136076.1518340
1785136076.1520560
1785136076.1520560
1785136076.1520560
1785136076.1520560
1785136076.1520560
1785136076.1520560
1785136076.1520560
1785136076.1520560
1785136076.1520560
1785136076.1520560
1785136076.1520560
1785136076.1520560
1785136076.1520560
1785136076.1520560
1785136076.1520560
1785136076.1520560
1785136076.1520560
1785136076.1520560
1785136076.1520560
1785136076.1520560
1785136076.1520560
1785136076.1520560
1785136076.1520560
1785136076.1520560
1785136076.1520560
1785136076.1520560
1785136076.1520560
1785136076.1520560
1785136076.1520560
1785136076.1520560
1785136076.1520560
1785136076.1520560
1785136076.1520560
1785136076.1520560
1785136076.1520560
1785136076.1520560
1785136076.1520560
1785136076.1520560
1785136076.1520560
1785136076.1520560
1785136076.1520560
1785136076.1520560
1785136076.1520560
1785136076.1520560
1785136076.1520560
1785136076.1522779
1785136076.1522779
1785136076.1522779
1785136076.1522779
1785136076.1522779
1785136076.1522779
1785136076.1522779
1785136076.1522779
1785136076.1522779
1785136076.1522779
1785136076.1522779
1785136076.1522779
1785136076.1522779
1785136076.1522779
1785136076.1522779
1785136076.1522779
1785136076.1522779
1785136076.1522779
1785136076.1522779
1785136076.1522779
1785136076.1522779
1785136076.1522779
1785136076.1522779
1785136076.1522779
1785136076.1522779
1785136076.1522779
1785136076.1522779
1785136076.1522779
1785136076.1522779
1785136076.1522779
1785136076.1522779
1785136076.1522779
1785136076.1522779
1785136076.1522779
1785136076.1522779
1785136076.1522779
1785136076.1522779
1785136076.1522779
1785136076.1522779
1785136076.1522779
1785136076.1522779
1785136076.1522779
1785136076.1522779
1785136076.1522779
1785136076.1522779
1785136076.1524999
1785136076.1524999
1785136076.1524999
1785136076.1524999
1785136076.1524999
1785136076.1524999
1785136076.1524999
1785136076.1524999
1785136076.1524999
1785136076.1524999
1785136076.1524999
1785136076.1524999
1785136076.1524999
1785136076.1524999
1785136076.1524999
1785136076.1524999
1785136076.1524999
1785136076.1524999
1785136076.1524999
1785136076.1524999
1785136076.1524999
1785136076.1524999
1785136076.1524999
1785136076.1524999
1785136076.1524999
1785136076.1524999
1785136076.1524999
1785136076.1524999
1785136076.1524999
1785136076.1524999
1785136076.1524999
1785136076.1524999
1785136076.1524999
1785136076.1524999
1785136076.1524999
1785136076.1524999
1785136076.1524999
1785136076.1524999
1785136076.1524999
1785136076.1524999
1785136076.1524999
1785136076.1524999
1785136076.1524999
1785136076.1524999
1785136076.1524999
1785136076.1524999
1785136076.1524999
1785136076.1524999
1785136076.1524999
1785136076.1524999
1785136076.1527219
1785136076.1527219
1785136076.1527219
1785136076.1527219
1785136076.1527219
1785136076.1527219
1785136076.1527219
1785136076.1527219
1785136076.1527219
1785136076.1527219
1785136076.1527219
1785136076.1527219
1785136076.1527219
1785136076.1527219
1785136076.1527219
1785136076.1527219
1785136076.1527219
1785136076.1527219
1785136076.1527219
1785136076.1527219
1785136076.1527219
1785136076.1527219
1785136076.1527219
1785136076.1527219
1785136076.1527219
1785136076.1527219
1785136076.1527219
1785136076.1527219
1785136076.1527219
1785136076.1527219
1785136076.1527219
1785136076.1527219
1785136076.1527219
1785136076.1527219
1785136076.1527219
1785136076.1527219
1785136076.1527219
1785136076.1527219
1785136076.1527219
1785136076.1527219
1785136076.1527219
1785136076.1527219
1785136076.1527219
1785136076.1527219
1785136076.1527219
1785136076.1527219
1785136076.1527219
1785136076.1527219
1785136076.1527219
1785136076.1527219
1785136076.1527219
1785136076.1527219
1785136076.1527219
1785136076.1527219
1785136076.1527219
1785136076.1527219
1785136076.1527219
1785136076.1527219
1785136076.1527219
1785136076.1527219
1785136076.1527219
1785136076.1527219
1785136076.1527219
1785136076.1529450
1785136076.1529450
1785136076.1529450
1785136076.1529450
1785136076.1529450
1785136076.1529450
1785136076.1529450
1785136076.1529450
1785136076.1529450
1785136076.1529450
1785136076.1529450
1785136076.1529450
1785136076.1529450
1785136076.1529450
1785136076.1529450
1785136076.1529450
1785136076.1529450
1785136076.1529450
1785136076.1529450
1785136076.1529450
1785136076.1529450
1785136076.1529450
1785136076.1529450
1785136076.1529450
1785136076.1529450
1785136076.1529450
1785136076.1529450
1785136076.1529450
1785136076.1529450
1785136076.1529450
1785136076.1529450
1785136076.1529450
1785136076.1529450
1785136076.1529450
1785136076.1529450
1785136076.1529450
1785136076.1529450
1785136076.1529450
1785136076.1529450
1785136076.1529450
1785136076.1529450
1785136076.1529450
1785136076.1529450
1785136076.1529450
1785136076.1529450
1785136076.1529450
1785136076.1529450
1785136076.1529450
1785136076.1529450
1785136076.1529450
1785136076.1529450
1785136076.1529450
1785136076.1529450
1785136076.1529450
1785136076.1529450
1785136076.1529450
1785136076.1529450
1785136076.1529450
1785136076.1529450
1785136076.1529450
1785136076.1529450
1785136076.1529450
1785136076.1529450
1785136076.1529450
1785136076.1529450
1785136076.1531670
1785136076.1531670
1785136076.1531670
1785136076.1531670
1785136076.1531670
1785136076.1531670
1785136076.1531670
1785136076.1531670
1785136076.1531670
1785136076.1531670
1785136076.1531670
1785136076.1531670
1785136076.1531670
1785136076.1531670
1785136076.1531670
1785136076.1531670
1785136076.1531670
1785136076.1531670
1785136076.1531670
1785136076.1531670
1785136076.1531670
1785136076.1531670
1785136076.1531670
1785136076.1531670
1785136076.1531670
1785136076.1531670
1785136076.1531670
1785136076.1531670
1785136076.1531670
1785136076.1531670
1785136076.1531670
1785136076.1531670
1785136076.1531670
1785136076.1531670
1785136076.1531670
1785136076.1531670
1785136076.1531670
1785136076.1531670
1785136076.1531670
1785136076.1531670
1785136076.1531670
1785136076.1531670
1785136076.1531670
1785136076.1531670
1785136076.1531670
1785136076.1531670
1785136076.1531670
1785136076.1531670
1785136076.1531670
1785136076.1531670
1785136076.1531670
1785136076.1531670
1785136076.1531670
1785136076.1531670
1785136076.1531670
1785136076.1531670
1785136076.1533890
1785136076.1533890
1785136076.1533890
1785136076.1533890
1785136076.1533890
1785136076.1533890
1785136076.1533890
1785136076.1533890
1785136076.1533890
1785136076.1533890
1785136076.1533890
1785136076.1533890
1785136076.1533890
1785136076.1533890
1785136076.1533890
1785136076.1533890
1785136076.1533890
1785136076.1533890
1785136076.1533890
1785136076.1533890
1785136076.1533890
1785136076.1533890
1785136076.1533890
1785136076.1533890
1785136076.1533890
1785136076.1533890
1785136076.1533890
1785136076.1533890
1785136076.1533890
1785136076.1533890
1785136076.1533890
1785136076.1533890
1785136076.1533890
1785136076.1533890
1785136076.1533890
1785136076.1533890
1785136076.1533890
1785136076.1533890
1785136076.1533890
1785136076.1533890
1785136076.1533890
1785136076.1533890
1785136076.1533890
1785136076.1533890
1785136076.1533890
1785136076.1533890
1785136076.1533890
1785136076.1533890
1785136076.1533890
1785136076.1533890
1785136076.1533890
1785136076.1533890
1785136076.1533890
1785136076.1533890
1785136076.1533890
1785136076.1533890
1785136076.1533890
1785136076.1533890
1785136076.1533890
1785136076.1536109
1785136076.1536109
1785136076.1536109
1785136076.1536109
1785136076.1536109
1785136076.1536109
1785136076.1536109
1785136076.1536109
1785136076.1536109
1785136076.1536109
1785136076.1536109
1785136076.1536109
1785136076.1536109
1785136076.1536109
1785136076.1536109
1785136076.1536109
1785136076.1536109
1785136076.1536109
1785136076.1536109
1785136076.1536109
1785136076.1536109
1785136076.1536109
1785136076.1536109
1785136076.1536109
1785136076.1536109
1785136076.1536109
1785136076.1536109
1785136076.1536109
1785136076.1536109
1785136076.1536109
1785136076.1536109
1785136076.1536109
1785136076.1536109
1785136076.1536109
1785136076.1536109
1785136076.1536109
1785136076.1536109
1785136076.1536109
1785136076.1536109
1785136076.1536109
1785136076.1536109
1785136076.1536109
1785136076.1536109
1785136076.1536109
1785136076.1536109
1785136076.1536109
1785136076.1538341
1785136076.1538341
1785136076.1538341
1785136076.1538341
1785136076.1538341
1785136076.1538341
1785136076.1538341
1785136076.1538341
1785136076.1538341
1785136076.1538341
1785136076.1538341
1785136076.1538341
1785136076.1538341
1785136076.1538341
1785136076.1538341
1785136076.1538341
1785136076.1538341
1785136076.1538341
1785136076.1538341
1785136076.1538341
1785136076.1538341
1785136076.1538341
1785136076.1538341
1785136076.1538341
1785136076.1538341
1785136076.1538341
1785136076.1538341
1785136076.1538341
1785136076.1538341
1785136076.1538341
1785136076.1538341
1785136076.1538341
1785136076.1538341
1785136076.1538341
1785136076.1538341
1785136076.1538341
1785136076.1538341
1785136076.1538341
1785136076.1538341
1785136076.1538341
1785136076.1538341
1785136076.1538341
1785136076.1538341
1785136076.1538341
1785136076.1538341
1785136076.1538341
1785136076.1538341
1785136076.1538341
1785136076.1538341
1785136076.1538341
1785136076.1538341
1785136076.1538341
1785136076.1538341
1785136076.1538341
1785136076.1540561
1785136076.1540561
1785136076.1540561
1785136076.1540561
1785136076.1540561
1785136076.1540561
1785136076.1540561
1785136076.1540561
1785136076.1540561
1785136076.1540561
1785136076.1540561
1785136076.1540561
1785136076.1540561
1785136076.1540561
1785136076.1540561
1785136076.1540561
1785136076.1540561
1785136076.1540561
1785136076.1540561
1785136076.1540561
1785136076.1540561
1785136076.1540561
1785136076.1540561
1785136076.1540561
1785136076.1540561
1785136076.1540561
1785136076.1540561
1785136076.1540561
1785136076.1540561
1785136076.1540561
1785136076.1540561
1785136076.1540561
1785136076.1540561
1785136076.1540561
1785136076.1540561
1785136076.1540561
1785136076.1540561
1785136076.1540561
1785136076.1540561
1785136076.1540561
1785136076.1540561
1785136076.1540561
1785136076.1540561
1785136076.1540561
1785136076.1540561
1785136076.1540561
1785136076.1540561
1785136076.1540561
1785136076.1540561
1785136076.1540561
1785136076.1540561
1785136076.1542780
1785136076.1542780
1785136076.1542780
1785136076.1542780
1785136076.1542780
1785136076.1542780
1785136076.1542780
1785136076.1542780
1785136076.1542780
1785136076.1542780
1785136076.1542780
1785136076.1542780
1785136076.1542780
1785136076.1542780
1785136076.1542780
1785136076.1542780
1785136076.1542780
1785136076.1542780
1785136076.1542780
1785136076.1542780
1785136076.1542780
1785136076.1542780
1785136076.1542780
1785136076.1542780
1785136076.1542780
1785136076.1542780
1785136076.1542780
1785136076.1542780
1785136076.1542780
1785136076.1542780
1785136076.1542780
1785136076.1542780
1785136076.1542780
1785136076.1542780
1785136076.1542780
1785136076.1542780
1785136076.1542780
1785136076.1542780
1785136076.1542780
1785136076.1542780
1785136076.1542780
1785136076.1542780
1785136076.1545010
1785136076.1545010
1785136076.1545010
1785136076.1545010
1785136076.1545010
1785136076.1545010
1785136076.1545010
1785136076.1545010
1785136076.1545010
1785136076.1545010
1785136076.1545010
1785136076.1545010
1785136076.1545010
1785136076.1545010
1785136076.1545010
1785136076.1545010
1785136076.1545010
1785136076.1545010
1785136076.1545010
1785136076.1545010
1785136076.1545010
1785136076.1545010
1785136076.1545010
1785136076.1545010
1785136076.1545010
1785136076.1545010
1785136076.1545010
1785136076.1545010
1785136076.1545010
1785136076.1545010
1785136076.1545010
1785136076.1545010
1785136076.1545010
1785136076.1545010
1785136076.1545010
1785136076.1545010
1785136076.1545010
1785136076.1545010
1785136076.1545010
1785136076.1545010
1785136076.1545010
1785136076.1545010
1785136076.1545010
1785136076.1545010
1785136076.1545010
1785136076.1545010
1785136076.1545010
1785136076.1545010
1785136076.1545010
1785136076.1545010
1785136076.1545010
1785136076.1545010
1785136076.1545010
1785136076.1545010
1785136076.1545010
1785136076.1547229
1785136076.1547229
1785136076.1547229
1785136076.1547229
1785136076.1547229
1785136076.1547229
1785136076.1547229
1785136076.1547229
1785136076.1547229
1785136076.1547229
1785136076.1547229
1785136076.1547229
1785136076.1547229
1785136076.1547229
1785136076.1547229
1785136076.1547229
1785136076.1547229
1785136076.1547229
1785136076.1547229
1785136076.1547229
1785136076.1547229
1785136076.1547229
1785136076.1547229
1785136076.1547229
1785136076.1547229
1785136076.1547229
1785136076.1547229
1785136076.1547229
1785136076.1547229
1785136076.1547229
1785136076.1547229
1785136076.1547229
1785136076.1547229
1785136076.1547229
1785136076.1547229
1785136076.1547229
1785136076.1547229
1785136076.1547229
1785136076.1547229
1785136076.1547229
1785136076.1547229
1785136076.1547229
1785136076.1547229
1785136076.1547229
1785136076.1547229
1785136076.1547229
1785136076.1547229
1785136076.1547229
1785136076.1547229
1785136076.1547229
1785136076.1547229
1785136076.1547229
1785136076.1547229
1785136076.1547229
1785136076.1547229
1785136076.1547229
1785136076.1549449
1785136076.1549449
1785136076.1549449
1785136076.1549449
1785136076.1549449
1785136076.1549449
1785136076.1549449
1785136076.1549449
1785136076.1549449
1785136076.1549449
1785136076.1549449
1785136076.1549449
1785136076.1549449
1785136076.1549449
1785136076.1549449
1785136076.1549449
1785136076.1549449
1785136076.1549449
1785136076.1549449
1785136076.1549449
1785136076.1549449
1785136076.1549449
1785136076.1549449
1785136076.1549449
1785136076.1549449
1785136076.1549449
1785136076.1549449
1785136076.1549449
1785136076.1549449
1785136076.1549449
1785136076.1549449
1785136076.1549449
1785136076.1549449
1785136076.1549449
1785136076.1549449
1785136076.1551671
1785136076.1551671
1785136076.1551671
1785136076.1551671
1785136076.1551671
1785136076.1551671
1785136076.1551671
1785136076.1551671
1785136076.1551671
1785136076.1551671
1785136076.1551671
1785136076.1551671
1785136076.1551671
1785136076.1551671
1785136076.1551671
1785136076.1551671
1785136076.1551671
1785136076.1553900
1785136076.1553900
1785136076.1553900
1785136076.1553900
1785136076.1553900
1785136076.1553900
1785136076.1553900
1785136076.1553900
1785136076.1553900
1785136076.1553900
1785136076.1553900
1785136076.1553900
1785136076.1553900
1785136076.1553900
1785136076.1553900
1785136076.1553900
1785136076.1553900
1785136076.1553900
1785136076.1553900
1785136076.1553900
1785136076.1553900
1785136076.1553900
1785136076.1553900
1785136076.1553900
1785136076.1556120
1785136076.1556120
1785136076.1556120
1785136076.1556120
1785136076.1556120
1785136076.1556120
1785136076.1556120
1785136076.1556120
1785136076.1556120
1785136076.1556120
1785136076.1556120
1785136076.1556120
1785136076.1556120
1785136076.1556120
1785136076.1556120
1785136076.1558340
1785136076.1558340
1785136076.1558340
1785136076.1558340
1785136076.1558340
1785136076.1558340
1785136076.1558340
1785136076.1558340
1785136076.1558340
1785136076.1558340
1785136076.1558340
1785136076.1558340
1785136076.1558340
1785136076.1560559
1785136076.1560559
1785136076.1560559
1785136076.1560559
1785136076.1560559
1785136076.1560559
1785136076.1560559
1785136076.1560559
1785136076.1560559
1785136076.1560559
1785136076.1560559
1785136076.1560559
1785136076.1560559
1785136076.1562791
1785136076.1562791
1785136076.1562791
1785136076.1562791
1785136076.1562791
1785136076.1562791
1785136076.1562791
1785136076.1562791
1785136076.1562791
1785136076.1562791
1785136076.1562791
1785136076.1562791
1785136076.1565011
1785136076.1565011
1785136076.1565011
1785136076.1565011
1785136076.1565011
1785136076.1565011
1785136076.1565011
1785136076.1565011
1785136076.1565011
1785136076.1565011
1785136076.1565011
1785136076.1565011
1785136076.1567230
1785136076.1602800
1785136076.1605020
1785136076.1605020
1785136076.1605020
1785136076.1605020
1785136076.1605020
1785136076.1605020
1785136076.1605020
1785136076.1605020
1785136076.1605020
1785136076.1605020
1785136076.1605020
1785136076.1605020
1785136076.1605020
1785136076.1607239
1785136076.1607239
1785136076.1607239
1785136076.1607239
1785136076.1607239
1785136076.1607239
1785136076.1607239
1785136076.1607239
1785136076.1607239
1785136076.1607239
1785136076.1607239
1785136076.1607239
1785136076.1607239
1785136076.1607239
1785136076.1607239
1785136076.1609471
1785136076.1609471
1785136076.1609471
1785136076.1609471
1785136076.1609471
1785136076.1609471
1785136076.1609471
1785136076.1609471
1785136076.1609471
1785136076.1609471
1785136076.1609471
1785136076.1609471
1785136076.1609471
1785136076.1609471
1785136076.1609471
1785136076.1609471
1785136076.1609471
1785136076.1609471
1785136076.1611691
1785136076.1611691
1785136076.1611691
1785136076.1611691
1785136076.1611691
1785136076.1611691
1785136076.1611691
1785136076.1611691
1785136076.1611691
1785136076.1611691
1785136076.1611691
1785136076.1611691
1785136076.1611691
1785136076.1611691
1785136076.1611691
1785136076.1611691
1785136076.1611691
1785136076.1613910
1785136076.1613910
1785136076.1613910
1785136076.1613910
1785136076.1613910
1785136076.1613910
1785136076.1613910
1785136076.1613910
1785136076.1613910
1785136076.1613910
1785136076.1613910
1785136076.1613910
1785136076.1613910
1785136076.1613910
1785136076.1613910
1785136076.1613910
1785136076.1613910
1785136076.1613910
1785136076.1613910
1785136076.1616139
1785136076.1616139
1785136076.1616139
1785136076.1616139
1785136076.1616139
1785136076.1616139
1785136076.1616139
1785136076.1616139
1785136076.1616139
1785136076.1616139
1785136076.1616139
1785136076.1616139
1785136076.1616139
1785136076.1620581
1785136076.1620581
1785136076.1620581
1785136076.1620581
1785136076.1622801
1785136076.1622801
1785136076.1622801
1785136076.1622801
1785136076.1622801
1785136076.1622801
