1785136079.1125021
1785136079.1138351
1785136079.1138351
1785136079.1140580
1785136079.1140580
1785136079.1140580
1785136079.1142800
1785136079.1142800
1785136079.1142800
1785136079.1142800
1785136079.1142800
1785136079.1142800
1785136079.1142800
1785136079.1142800
1785136079.1142800
1785136079.1142800
1785136079.1142800
1785136079.1142800
1785136079.1142800
1785136079.1142800
1785136079.1142800
1785136079.1142800
1785136079.1145020
1785136079.1145020
1785136079.1145020
1785136079.1145020
1785136079.1145020
1785136079.1145020
1785136079.1145020
1785136079.1145020
1785136079.1151690
1785136079.1151690
1785136079.1151690
1785136079.1167250
1785136079.1169469
1785136079.1169469
1785136079.1169469
1785136079.1169469
1785136079.1169469
1785136079.1171689
1785136079.1171689
1785136079.1171689
1785136079.1171689
1785136079.1171689
1785136079.1171689
1785136079.1171689
1785136079.1171689
1785136079.1173911
1785136079.1173911
1785136079.1173911
1785136079.1173911
1785136079.1173911
1785136079.1173911
1785136079.1173911
1785136079.1173911
1785136079.1173911
1785136079.1176140
1785136079.1176140
1785136079.1176140
1785136079.1176140
1785136079.1176140
1785136079.1176140
1785136079.1176140
1785136079.1176140
1785136079.1176140
1785136079.1176140
1785136079.1176140
1785136079.1176140
1785136079.1176140
1785136079.1176140
1785136079.1176140
1785136079.1176140
1785136079.1176140
1785136079.1176140
1785136079.1176140
1785136079.1178360
1785136079.1178360
1785136079.1178360
1785136079.1178360
1785136079.1178360
1785136079.1178360
1785136079.1178360
1785136079.1178360
1785136079.1178360
1785136079.1178360
1785136079.1178360
1785136079.1178360
1785136079.1178360
1785136079.1178360
1785136079.1178360
1785136079.1178360
1785136079.1178360
1785136079.1178360
1785136079.1178360
1785136079.1178360
1785136079.1178360
1785136079.1178360
1785136079.1178360
1785136079.1178360
1785136079.1178360
1785136079.1178360
1785136079.1178360
1785136079.1178360
1785136079.1178360
1785136079.1178360
1785136079.1178360
1785136079.1178360
1785136079.1178360
1785136079.1178360
1785136079.1178360
1785136079.1178360
1785136079.1178360
1785136079.1178360
1785136079.1178360
1785136079.1178360
1785136079.1178360
1785136079.1180580
1785136079.1180580
1785136079.1180580
1785136079.1180580
1785136079.1180580
1785136079.1180580
1785136079.1180580
1785136079.1180580
1785136079.1180580
1785136079.1180580
1785136079.1180580
1785136079.1180580
1785136079.1180580
1785136079.1180580
1785136079.1180580
1785136079.1180580
1785136079.1180580
1785136079.1180580
1785136079.1180580
1785136079.1180580
1785136079.1180580
1785136079.1180580
1785136079.1180580
1785136079.1180580
1785136079.1180580
1785136079.1180580
1785136079.1180580
1785136079.1180580
1785136079.1180580
1785136079.1180580
1785136079.1180580
1785136079.1180580
1785136079.1180580
1785136079.1180580
1785136079.1180580
1785136079.1180580
1785136079.1180580
1785136079.1180580
1785136079.1182809
1785136079.1182809
1785136079.1182809
1785136079.1182809
1785136079.1182809
1785136079.1182809
1785136079.1182809
1785136079.1182809
1785136079.1182809
1785136079.1182809
1785136079.1182809
1785136079.1182809
1785136079.1182809
1785136079.1182809
1785136079.1182809
1785136079.1182809
1785136079.1182809
1785136079.1182809
1785136079.1182809
1785136079.1182809
1785136079.1182809
1785136079.1182809
1785136079.1182809
1785136079.1182809
1785136079.1182809
1785136079.1182809
1785136079.1182809
1785136079.1182809
1785136079.1182809
1785136079.1182809
1785136079.1182809
1785136079.1182809
1785136079.1182809
1785136079.1182809
1785136079.1185031
1785136079.1185031
1785136079.1185031
1785136079.1185031
1785136079.1185031
1785136079.1185031
1785136079.1185031
1785136079.1185031
1785136079.1185031
1785136079.1185031
1785136079.1185031
1785136079.1185031
1785136079.1185031
1785136079.1185031
1785136079.1185031
1785136079.1185031
1785136079.1185031
1785136079.1185031
1785136079.1185031
1785136079.1185031
1785136079.1185031
1785136079.1185031
1785136079.1185031
1785136079.1185031
1785136079.1185031
1785136079.1185031
1785136079.1185031
1785136079.1185031
1785136079.1185031
1785136079.1185031
1785136079.1185031
1785136079.1185031
1785136079.1187251
1785136079.1187251
1785136079.1187251
1785136079.1187251
1785136079.1187251
1785136079.1187251
1785136079.1187251
1785136079.1187251
1785136079.1187251
1785136079.1187251
1785136079.1187251
1785136079.1187251
1785136079.1187251
1785136079.1187251
1785136079.1187251
1785136079.1187251
1785136079.1187251
1785136079.1187251
1785136079.1187251
1785136079.1187251
1785136079.1187251
1785136079.1187251
1785136079.1187251
1785136079.1187251
1785136079.1187251
1785136079.1187251
1785136079.1187251
1785136079.1187251
1785136079.1187251
1785136079.1187251
1785136079.1187251
1785136079.1187251
1785136079.1189470
1785136079.1189470
1785136079.1189470
1785136079.1189470
1785136079.1189470
1785136079.1189470
1785136079.1189470
1785136079.1189470
1785136079.1189470
1785136079.1189470
1785136079.1189470
1785136079.1189470
1785136079.1189470
1785136079.1189470
1785136079.1189470
1785136079.1189470
1785136079.1189470
1785136079.1189470
1785136079.1189470
1785136079.1189470
1785136079.1189470
1785136079.1189470
1785136079.1189470
1785136079.1189470
1785136079.1189470
1785136079.1189470
1785136079.1189470
1785136079.1189470
1785136079.1189470
1785136079.1189470
1785136079.1189470
1785136079.1189470
1785136079.1191690
1785136079.1191690
1785136079.1191690
1785136079.1191690
1785136079.1191690
1785136079.1191690
1785136079.1191690
1785136079.1191690
1785136079.1191690
1785136079.1191690
1785136079.1191690
1785136079.1191690
1785136079.1191690
1785136079.1191690
1785136079.1191690
1785136079.1191690
1785136079.1191690
1785136079.1191690
1785136079.1191690
1785136079.1191690
1785136079.1191690
1785136079.1191690
1785136079.1191690
1785136079.1191690
1785136079.1191690
1785136079.1191690
1785136079.1191690
1785136079.1191690
1785136079.1191690
1785136079.1191690
1785136079.1191690
1785136079.1191690
1785136079.1191690
1785136079.1191690
1785136079.1191690
1785136079.1191690
1785136079.1191690
1785136079.1191690
1785136079.1191690
1785136079.1191690
1785136079.1191690
1785136079.1191690
1785136079.1193919
1785136079.1193919
1785136079.1193919
1785136079.1193919
1785136079.1193919
1785136079.1193919
1785136079.1193919
1785136079.1193919
1785136079.1193919
1785136079.1193919
1785136079.1193919
1785136079.1193919
1785136079.1193919
1785136079.1193919
1785136079.1193919
1785136079.1193919
1785136079.1193919
1785136079.1193919
1785136079.1193919
1785136079.1193919
1785136079.1193919
1785136079.1193919
1785136079.1193919
1785136079.1193919
1785136079.1193919
1785136079.1193919
1785136079.1193919
1785136079.1193919
1785136079.1193919
1785136079.1193919
1785136079.1193919
1785136079.1193919
1785136079.1193919
1785136079.1193919
1785136079.1193919
1785136079.1193919
1785136079.1193919
1785136079.1193919
1785136079.1193919
1785136079.1193919
1785136079.1193919
1785136079.1193919
1785136079.1196139
1785136079.1196139
1785136079.1196139
1785136079.1196139
1785136079.1196139
1785136079.1196139
1785136079.1196139
1785136079.1196139
1785136079.1196139
1785136079.1196139
1785136079.1196139
1785136079.1196139
1785136079.1196139
1785136079.1196139
1785136079.1196139
1785136079.1196139
1785136079.1196139
1785136079.1196139
1785136079.1196139
1785136079.1196139
1785136079.1196139
1785136079.1196139
1785136079.1196139
1785136079.1196139
1785136079.1196139
1785136079.1196139
1785136079.1196139
1785136079.1196139
1785136079.1196139
1785136079.1196139
1785136079.1196139
1785136079.1196139
1785136079.1196139
1785136079.1196139
1785136079.1196139
1785136079.1196139
1785136079.1196139
1785136079.1196139
1785136079.1196139
1785136079.1196139
1785136079.1196139
1785136079.1196139
1785136079.1198361
1785136079.1198361
1785136079.1198361
1785136079.1198361
1785136079.1198361
1785136079.1198361
1785136079.1198361
1785136079.1198361
1785136079.1198361
1785136079.1198361
1785136079.1198361
1785136079.1198361
1785136079.1198361
1785136079.1198361
1785136079.1198361
1785136079.1198361
1785136079.1198361
1785136079.1198361
1785136079.1198361
1785136079.1198361
1785136079.1198361
1785136079.1198361
1785136079.1198361
1785136079.1198361
1785136079.1198361
1785136079.1198361
1785136079.1198361
1785136079.1198361
1785136079.1198361
1785136079.1198361
1785136079.1198361
1785136079.1198361
1785136079.1198361
1785136079.1198361
1785136079.1198361
1785136079.1198361
1785136079.1198361
1785136079.1198361
1785136079.1198361
1785136079.1198361
1785136079.1198361
1785136079.1198361
1785136079.1200581
1785136079.1200581
1785136079.1200581
1785136079.1200581
1785136079.1200581
1785136079.1200581
1785136079.1200581
1785136079.1200581
1785136079.1200581
1785136079.1200581
1785136079.1200581
1785136079.1200581
1785136079.1200581
1785136079.1200581
1785136079.1200581
1785136079.1200581
1785136079.1200581
1785136079.1200581
1785136079.1200581
1785136079.1200581
1785136079.1200581
1785136079.1200581
1785136079.1200581
1785136079.1200581
1785136079.1200581
1785136079.1200581
1785136079.1200581
1785136079.1200581
1785136079.1200581
1785136079.1200581
1785136079.1200581
1785136079.1200581
1785136079.1200581
1785136079.1200581
1785136079.1200581
1785136079.1200581
1785136079.1200581
1785136079.1200581
1785136079.1200581
1785136079.1200581
1785136079.1200581
1785136079.1200581
1785136079.1202810
1785136079.1202810
1785136079.1202810
1785136079.1202810
1785136079.1202810
1785136079.1202810
1785136079.1202810
1785136079.1202810
1785136079.1202810
1785136079.1202810
1785136079.1202810
1785136079.1202810
1785136079.1202810
1785136079.1202810
1785136079.1202810
1785136079.1202810
1785136079.1202810
1785136079.1202810
1785136079.1202810
1785136079.1202810
1785136079.1202810
1785136079.1202810
1785136079.1202810
1785136079.1202810
1785136079.1202810
1785136079.1202810
1785136079.1202810
1785136079.1202810
1785136079.1202810
1785136079.1202810
1785136079.1202810
1785136079.1202810
1785136079.1202810
1785136079.1202810
1785136079.1202810
1785136079.1202810
1785136079.1202810
1785136079.1202810
1785136079.1202810
1785136079.1202810
1785136079.1202810
1785136079.1202810
1785136079.1202810
1785136079.1205029
1785136079.1205029
1785136079.1205029
1785136079.1205029
1785136079.1205029
1785136079.1205029
1785136079.1205029
1785136079.1205029
1785136079.1205029
1785136079.1205029
1785136079.1205029
1785136079.1205029
1785136079.1205029
1785136079.1205029
1785136079.1205029
1785136079.1205029
1785136079.1205029
1785136079.1205029
1785136079.1205029
1785136079.1205029
1785136079.1205029
1785136079.1205029
1785136079.1205029
1785136079.1205029
1785136079.1205029
1785136079.1205029
1785136079.1205029
1785136079.1205029
1785136079.1205029
1785136079.1205029
1785136079.1205029
1785136079.1205029
1785136079.1205029
1785136079.1205029
1785136079.1205029
1785136079.1205029
1785136079.1205029
1785136079.1205029
1785136079.1205029
1785136079.1205029
1785136079.1205029
1785136079.1205029
1785136079.1207249
1785136079.1207249
1785136079.1207249
1785136079.1207249
1785136079.1207249
1785136079.1207249
1785136079.1207249
1785136079.1207249
1785136079.1207249
1785136079.1207249
1785136079.1207249
1785136079.1207249
1785136079.1207249
1785136079.1207249
1785136079.1207249
1785136079.1207249
1785136079.1207249
1785136079.1207249
1785136079.1207249
1785136079.1207249
1785136079.1207249
1785136079.1207249
1785136079.1207249
1785136079.1207249
1785136079.1207249
1785136079.1207249
1785136079.1207249
1785136079.1207249
1785136079.1207249
1785136079.1207249
1785136079.1207249
1785136079.1207249
1785136079.1207249
1785136079.1207249
1785136079.1207249
1785136079.1207249
1785136079.1207249
1785136079.1207249
1785136079.1207249
1785136079.1207249
1785136079.1207249
1785136079.1207249
1785136079.1209469
1785136079.1209469
1785136079.1209469
1785136079.1209469
1785136079.1209469
1785136079.1209469
1785136079.1209469
1785136079.1209469
1785136079.1209469
1785136079.1209469
1785136079.1209469
1785136079.1209469
1785136079.1209469
1785136079.1209469
1785136079.1209469
1785136079.1209469
1785136079.1209469
1785136079.1209469
1785136079.1209469
1785136079.1209469
1785136079.1209469
1785136079.1209469
1785136079.1209469
1785136079.1209469
1785136079.1209469
1785136079.1209469
1785136079.1209469
1785136079.1209469
1785136079.1209469
1785136079.1209469
1785136079.1209469
1785136079.1209469
1785136079.1209469
1785136079.1209469
1785136079.1209469
1785136079.1209469
1785136079.1209469
1785136079.1209469
1785136079.1209469
1785136079.1209469
1785136079.1209469
1785136079.1209469
1785136079.1209469
1785136079.1211691
1785136079.1211691
1785136079.1211691
1785136079.1211691
1785136079.1211691
1785136079.1211691
1785136079.1211691
1785136079.1211691
1785136079.1211691
1785136079.1211691
1785136079.1211691
1785136079.1211691
1785136079.1211691
1785136079.1211691
1785136079.1211691
1785136079.1211691
1785136079.1211691
1785136079.1211691
1785136079.1211691
1785136079.1211691
1785136079.1211691
1785136079.1211691
1785136079.1211691
1785136079.1211691
1785136079.1211691
1785136079.1211691
1785136079.1211691
1785136079.1211691
1785136079.1211691
1785136079.1211691
1785136079.1211691
1785136079.1211691
1785136079.1211691
1785136079.1211691
1785136079.1211691
1785136079.1211691
1785136079.1211691
1785136079.1211691
1785136079.1211691
1785136079.1211691
1785136079.1211691
1785136079.1211691
1785136079.1211691
1785136079.1213920
1785136079.1213920
1785136079.1213920
1785136079.1213920
1785136079.1213920
1785136079.1213920
1785136079.1213920
1785136079.1213920
1785136079.1213920
1785136079.1213920
1785136079.1213920
1785136079.1213920
1785136079.1213920
1785136079.1213920
1785136079.1213920
1785136079.1213920
1785136079.1213920
1785136079.1213920
1785136079.1213920
1785136079.1213920
1785136079.1213920
1785136079.1213920
1785136079.1213920
1785136079.1213920
1785136079.1213920
1785136079.1213920
1785136079.1213920
1785136079.1213920
1785136079.1213920
1785136079.1213920
1785136079.1213920
1785136079.1213920
1785136079.1213920
1785136079.1213920
1785136079.1213920
1785136079.1213920
1785136079.1213920
1785136079.1213920
1785136079.1213920
1785136079.1213920
1785136079.1213920
1785136079.1213920
1785136079.1213920
1785136079.1216140
1785136079.1216140
1785136079.1216140
1785136079.1216140
1785136079.1216140
1785136079.1216140
1785136079.1216140
1785136079.1216140
1785136079.1216140
1785136079.1216140
1785136079.1216140
1785136079.1216140
1785136079.1216140
1785136079.1216140
1785136079.1216140
1785136079.1216140
1785136079.1216140
1785136079.1216140
1785136079.1216140
1785136079.1216140
1785136079.1216140
1785136079.1216140
1785136079.1216140
1785136079.1216140
1785136079.1216140
1785136079.1216140
1785136079.1216140
1785136079.1216140
1785136079.1216140
1785136079.1216140
1785136079.1216140
1785136079.1216140
1785136079.1216140
1785136079.1216140
1785136079.1216140
1785136079.1216140
1785136079.1216140
1785136079.1216140
1785136079.1216140
1785136079.1216140
1785136079.1216140
1785136079.1216140
1785136079.1216140
1785136079.1216140
1785136079.1218359
1785136079.1218359
1785136079.1218359
1785136079.1218359
1785136079.1218359
1785136079.1218359
1785136079.1218359
1785136079.1218359
1785136079.1218359
1785136079.1218359
1785136079.1218359
1785136079.1218359
1785136079.1218359
1785136079.1218359
1785136079.1218359
1785136079.1218359
1785136079.1218359
1785136079.1218359
1785136079.1218359
1785136079.1218359
1785136079.1218359
1785136079.1218359
1785136079.1218359
1785136079.1218359
1785136079.1218359
1785136079.1218359
1785136079.1218359
1785136079.1218359
1785136079.1218359
1785136079.1218359
1785136079.1218359
1785136079.1218359
1785136079.1218359
1785136079.1218359
1785136079.1218359
1785136079.1218359
1785136079.1218359
1785136079.1218359
1785136079.1218359
1785136079.1218359
1785136079.1218359
1785136079.1218359
1785136079.1218359
1785136079.1218359
1785136079.1220579
1785136079.1220579
1785136079.1220579
1785136079.1220579
1785136079.1220579
1785136079.1220579
1785136079.1220579
1785136079.1220579
1785136079.1220579
1785136079.1220579
1785136079.1220579
1785136079.1220579
1785136079.1220579
1785136079.1220579
1785136079.1220579
1785136079.1220579
1785136079.1220579
1785136079.1220579
1785136079.1220579
1785136079.1220579
1785136079.1220579
1785136079.1220579
1785136079.1220579
1785136079.1220579
1785136079.1220579
1785136079.1220579
1785136079.1220579
1785136079.1220579
1785136079.1220579
1785136079.1220579
1785136079.1220579
1785136079.1220579
1785136079.1220579
1785136079.1220579
1785136079.1220579
1785136079.1220579
1785136079.1220579
1785136079.1220579
1785136079.1220579
1785136079.1220579
1785136079.1220579
1785136079.1220579
1785136079.1220579
1785136079.1222811
1785136079.1222811
1785136079.1222811
1785136079.1222811
1785136079.1222811
1785136079.1222811
1785136079.1222811
1785136079.1222811
1785136079.1222811
1785136079.1222811
1785136079.1222811
1785136079.1222811
1785136079.1222811
1785136079.1222811
1785136079.1222811
1785136079.1222811
1785136079.1222811
1785136079.1222811
1785136079.1222811
1785136079.1222811
1785136079.1222811
1785136079.1222811
1785136079.1222811
1785136079.1222811
1785136079.1222811
1785136079.1222811
1785136079.1222811
1785136079.1222811
1785136079.1222811
1785136079.1222811
1785136079.1222811
1785136079.1222811
1785136079.1222811
1785136079.1222811
1785136079.1222811
1785136079.1222811
1785136079.1222811
1785136079.1222811
1785136079.1222811
1785136079.1222811
1785136079.1222811
1785136079.1222811
1785136079.1225030
1785136079.1225030
1785136079.1225030
1785136079.1225030
1785136079.1225030
1785136079.1225030
1785136079.1225030
1785136079.1225030
1785136079.1225030
1785136079.1225030
1785136079.1225030
1785136079.1225030
1785136079.1225030
1785136079.1225030
1785136079.1225030
1785136079.1225030
1785136079.1225030
1785136079.1225030
1785136079.1225030
1785136079.1225030
1785136079.1225030
1785136079.1225030
1785136079.1225030
1785136079.1225030
1785136079.1225030
1785136079.1225030
1785136079.1225030
1785136079.1225030
1785136079.1225030
1785136079.1225030
1785136079.1225030
1785136079.1225030
1785136079.1225030
1785136079.1225030
1785136079.1225030
1785136079.1225030
1785136079.1225030
1785136079.1225030
1785136079.1225030
1785136079.1225030
1785136079.1227250
1785136079.1227250
1785136079.1227250
1785136079.1227250
1785136079.1227250
1785136079.1227250
1785136079.1227250
1785136079.1227250
1785136079.1227250
1785136079.1227250
1785136079.1227250
1785136079.1227250
1785136079.1227250
1785136079.1227250
1785136079.1227250
1785136079.1227250
1785136079.1227250
1785136079.1227250
1785136079.1227250
1785136079.1227250
1785136079.1227250
1785136079.1227250
1785136079.1227250
1785136079.1227250
1785136079.1227250
1785136079.1227250
1785136079.1227250
1785136079.1227250
1785136079.1227250
1785136079.1227250
1785136079.1227250
1785136079.1227250
1785136079.1227250
1785136079.1227250
1785136079.1227250
1785136079.1227250
1785136079.1227250
1785136079.1227250
1785136079.1227250
1785136079.1227250
1785136079.1227250
1785136079.1227250
1785136079.1229470
1785136079.1229470
1785136079.1229470
1785136079.1229470
1785136079.1229470
1785136079.1229470
1785136079.1229470
1785136079.1229470
1785136079.1229470
1785136079.1229470
1785136079.1229470
1785136079.1229470
1785136079.1229470
1785136079.1229470
1785136079.1229470
1785136079.1229470
1785136079.1229470
1785136079.1229470
1785136079.1229470
1785136079.1229470
1785136079.1229470
1785136079.1229470
1785136079.1229470
1785136079.1229470
1785136079.1229470
1785136079.1229470
1785136079.1229470
1785136079.1229470
1785136079.1229470
1785136079.1229470
1785136079.1229470
1785136079.1229470
1785136079.1229470
1785136079.1229470
1785136079.1229470
1785136079.1229470
1785136079.1229470
1785136079.1229470
1785136079.1229470
1785136079.1229470
1785136079.1229470
1785136079.1231689
1785136079.1231689
1785136079.1231689
1785136079.1231689
1785136079.1231689
1785136079.1231689
1785136079.1231689
1785136079.1231689
1785136079.1231689
1785136079.1231689
1785136079.1231689
1785136079.1231689
1785136079.1231689
1785136079.1231689
1785136079.1231689
1785136079.1231689
1785136079.1231689
1785136079.1231689
1785136079.1231689
1785136079.1231689
1785136079.1231689
1785136079.1231689
1785136079.1231689
1785136079.1231689
1785136079.1231689
1785136079.1231689
1785136079.1231689
1785136079.1231689
1785136079.1231689
1785136079.1231689
1785136079.1231689
1785136079.1231689
1785136079.1231689
1785136079.1231689
1785136079.1231689
1785136079.1231689
1785136079.1231689
1785136079.1231689
1785136079.1231689
1785136079.1231689
1785136079.1231689
1785136079.1231689
1785136079.1231689
1785136079.1233909
1785136079.1233909
1785136079.1233909
1785136079.1233909
1785136079.1233909
1785136079.1233909
1785136079.1233909
1785136079.1233909
1785136079.1233909
1785136079.1233909
1785136079.1233909
1785136079.1233909
1785136079.1233909
1785136079.1233909
1785136079.1233909
1785136079.1233909
1785136079.1233909
1785136079.1233909
1785136079.1233909
1785136079.1233909
1785136079.1233909
1785136079.1233909
1785136079.1233909
1785136079.1233909
1785136079.1233909
1785136079.1233909
1785136079.1233909
1785136079.1233909
1785136079.1233909
1785136079.1233909
1785136079.1233909
1785136079.1233909
1785136079.1233909
1785136079.1233909
1785136079.1233909
1785136079.1233909
1785136079.1233909
1785136079.1233909
1785136079.1233909
1785136079.1233909
1785136079.1233909
1785136079.1233909
1785136079.1233909
1785136079.1236141
1785136079.1236141
1785136079.1236141
1785136079.1236141
1785136079.1236141
1785136079.1236141
1785136079.1236141
1785136079.1236141
1785136079.1236141
1785136079.1236141
1785136079.1236141
1785136079.1236141
1785136079.1236141
1785136079.1236141
1785136079.1236141
1785136079.1236141
1785136079.1236141
1785136079.1236141
1785136079.1236141
1785136079.1236141
1785136079.1236141
1785136079.1236141
1785136079.1236141
1785136079.1236141
1785136079.1236141
1785136079.1236141
1785136079.1236141
1785136079.1236141
1785136079.1236141
1785136079.1236141
1785136079.1236141
1785136079.1236141
1785136079.1236141
1785136079.1236141
1785136079.1236141
1785136079.1236141
1785136079.1236141
1785136079.1236141
1785136079.1236141
1785136079.1236141
1785136079.1236141
1785136079.1236141
1785136079.1236141
1785136079.1238360
1785136079.1238360
1785136079.1238360
1785136079.1238360
1785136079.1238360
1785136079.1238360
1785136079.1238360
1785136079.1238360
1785136079.1238360
1785136079.1238360
1785136079.1238360
1785136079.1238360
1785136079.1238360
1785136079.1238360
1785136079.1238360
1785136079.1238360
1785136079.1238360
1785136079.1238360
1785136079.1238360
1785136079.1238360
1785136079.1238360
1785136079.1238360
1785136079.1238360
1785136079.1238360
1785136079.1238360
1785136079.1238360
1785136079.1238360
1785136079.1238360
1785136079.1238360
1785136079.1238360
1785136079.1238360
1785136079.1238360
1785136079.1238360
1785136079.1238360
1785136079.1238360
1785136079.1238360
1785136079.1238360
1785136079.1238360
1785136079.1238360
1785136079.1238360
1785136079.1238360
1785136079.1238360
1785136079.1238360
1785136079.1238360
1785136079.1238360
1785136079.1240580
1785136079.1240580
1785136079.1240580
1785136079.1240580
1785136079.1240580
1785136079.1240580
1785136079.1240580
1785136079.1240580
1785136079.1240580
1785136079.1240580
1785136079.1240580
1785136079.1240580
1785136079.1240580
1785136079.1240580
1785136079.1240580
1785136079.1240580
1785136079.1240580
1785136079.1240580
1785136079.1240580
1785136079.1240580
1785136079.1240580
1785136079.1240580
1785136079.1240580
1785136079.1240580
1785136079.1240580
1785136079.1240580
1785136079.1240580
1785136079.1240580
1785136079.1240580
1785136079.1240580
1785136079.1240580
1785136079.1240580
1785136079.1240580
1785136079.1240580
1785136079.1240580
1785136079.1240580
1785136079.1240580
1785136079.1240580
1785136079.1240580
1785136079.1240580
1785136079.1240580
1785136079.1240580
1785136079.1240580
1785136079.1240580
1785136079.1242800
1785136079.1242800
1785136079.1242800
1785136079.1242800
1785136079.1242800
1785136079.1242800
1785136079.1242800
1785136079.1242800
1785136079.1242800
1785136079.1242800
1785136079.1242800
1785136079.1242800
1785136079.1242800
1785136079.1242800
1785136079.1242800
1785136079.1242800
1785136079.1242800
1785136079.1242800
1785136079.1242800
1785136079.1242800
1785136079.1242800
1785136079.1242800
1785136079.1242800
1785136079.1242800
1785136079.1242800
1785136079.1242800
1785136079.1242800
1785136079.1242800
1785136079.1242800
1785136079.1242800
1785136079.1242800
1785136079.1242800
1785136079.1242800
1785136079.1242800
1785136079.1242800
1785136079.1242800
1785136079.1242800
1785136079.1242800
1785136079.1242800
1785136079.1242800
1785136079.1242800
1785136079.1242800
1785136079.1242800
1785136079.1242800
1785136079.1245029
1785136079.1245029
1785136079.1245029
1785136079.1245029
1785136079.1245029
1785136079.1245029
1785136079.1245029
1785136079.1245029
1785136079.1245029
1785136079.1245029
1785136079.1245029
1785136079.1245029
1785136079.1245029
1785136079.1245029
1785136079.1245029
1785136079.1245029
1785136079.1245029
1785136079.1245029
1785136079.1245029
1785136079.1245029
1785136079.1245029
1785136079.1245029
1785136079.1245029
1785136079.1245029
1785136079.1245029
1785136079.1245029
1785136079.1245029
1785136079.1245029
1785136079.1245029
1785136079.1245029
1785136079.1245029
1785136079.1245029
1785136079.1245029
1785136079.1245029
1785136079.1245029
1785136079.1245029
1785136079.1245029
1785136079.1245029
1785136079.1245029
1785136079.1245029
1785136079.1245029
1785136079.1245029
1785136079.1245029
1785136079.1245029
1785136079.1245029
1785136079.1247251
1785136079.1247251
1785136079.1247251
1785136079.1247251
1785136079.1247251
1785136079.1247251
1785136079.1247251
1785136079.1247251
1785136079.1247251
1785136079.1247251
1785136079.1247251
1785136079.1247251
1785136079.1247251
1785136079.1247251
1785136079.1247251
1785136079.1247251
1785136079.1247251
1785136079.1247251
1785136079.1247251
1785136079.1247251
1785136079.1247251
1785136079.1247251
1785136079.1247251
1785136079.1247251
1785136079.1247251
1785136079.1247251
1785136079.1247251
1785136079.1247251
1785136079.1247251
1785136079.1247251
1785136079.1247251
1785136079.1247251
1785136079.1247251
1785136079.1247251
1785136079.1247251
1785136079.1247251
1785136079.1247251
1785136079.1247251
1785136079.1247251
1785136079.1247251
1785136079.1247251
1785136079.1247251
1785136079.1247251
1785136079.1247251
1785136079.1247251
1785136079.1247251
1785136079.1249471
1785136079.1249471
1785136079.1249471
1785136079.1249471
1785136079.1249471
1785136079.1249471
1785136079.1249471
1785136079.1249471
1785136079.1249471
1785136079.1249471
1785136079.1249471
1785136079.1249471
1785136079.1249471
1785136079.1249471
1785136079.1249471
1785136079.1249471
1785136079.1249471
1785136079.1249471
1785136079.1249471
1785136079.1249471
1785136079.1249471
1785136079.1249471
1785136079.1249471
1785136079.1249471
1785136079.1249471
1785136079.1249471
1785136079.1249471
1785136079.1249471
1785136079.1249471
1785136079.1249471
1785136079.1249471
1785136079.1249471
1785136079.1249471
1785136079.1249471
1785136079.1249471
1785136079.1249471
1785136079.1249471
1785136079.1249471
1785136079.1249471
1785136079.1249471
1785136079.1249471
1785136079.1249471
1785136079.1249471
1785136079.1249471
1785136079.1249471
1785136079.1251690
1785136079.1251690
1785136079.1251690
1785136079.1251690
1785136079.1251690
1785136079.1251690
1785136079.1251690
1785136079.1251690
1785136079.1251690
1785136079.1251690
1785136079.1251690
1785136079.1251690
1785136079.1251690
1785136079.1251690
1785136079.1251690
1785136079.1251690
1785136079.1251690
1785136079.1251690
1785136079.1251690
1785136079.1251690
1785136079.1251690
1785136079.1251690
1785136079.1251690
1785136079.1251690
1785136079.1251690
1785136079.1251690
1785136079.1251690
1785136079.1251690
1785136079.1251690
1785136079.1251690
1785136079.1251690
1785136079.1251690
1785136079.1251690
1785136079.1251690
1785136079.1251690
1785136079.1251690
1785136079.1251690
1785136079.1251690
1785136079.1251690
1785136079.1251690
1785136079.1251690
1785136079.1251690
1785136079.1251690
1785136079.1251690
1785136079.1251690
1785136079.1251690
1785136079.1253910
1785136079.1253910
1785136079.1253910
1785136079.1253910
1785136079.1253910
1785136079.1253910
1785136079.1253910
1785136079.1253910
1785136079.1253910
1785136079.1253910
1785136079.1253910
1785136079.1253910
1785136079.1253910
1785136079.1253910
1785136079.1253910
1785136079.1253910
1785136079.1253910
1785136079.1253910
1785136079.1253910
1785136079.1253910
1785136079.1253910
1785136079.1253910
1785136079.1253910
1785136079.1253910
1785136079.1253910
1785136079.1253910
1785136079.1253910
1785136079.1253910
1785136079.1253910
1785136079.1253910
1785136079.1253910
1785136079.1253910
1785136079.1253910
1785136079.1253910
1785136079.1253910
1785136079.1253910
1785136079.1253910
1785136079.1253910
1785136079.1253910
1785136079.1253910
1785136079.1253910
1785136079.1253910
1785136079.1253910
1785136079.1253910
1785136079.1253910
1785136079.1253910
1785136079.1256130
1785136079.1256130
1785136079.1256130
1785136079.1256130
1785136079.1256130
1785136079.1256130
1785136079.1256130
1785136079.1256130
1785136079.1256130
1785136079.1256130
1785136079.1256130
1785136079.1256130
1785136079.1256130
1785136079.1256130
1785136079.1256130
1785136079.1256130
1785136079.1256130
1785136079.1256130
1785136079.1256130
1785136079.1256130
1785136079.1256130
1785136079.1256130
1785136079.1256130
1785136079.1256130
1785136079.1256130
1785136079.1256130
1785136079.1256130
1785136079.1256130
1785136079.1256130
1785136079.1256130
1785136079.1256130
1785136079.1256130
1785136079.1256130
1785136079.1256130
1785136079.1256130
1785136079.1256130
1785136079.1256130
1785136079.1256130
1785136079.1256130
1785136079.1256130
1785136079.1256130
1785136079.1256130
1785136079.1256130
1785136079.1256130
1785136079.1256130
1785136079.1256130
1785136079.1258359
1785136079.1258359
1785136079.1258359
1785136079.1258359
1785136079.1258359
1785136079.1258359
1785136079.1258359
1785136079.1258359
1785136079.1258359
1785136079.1258359
1785136079.1258359
1785136079.1258359
1785136079.1258359
1785136079.1258359
1785136079.1258359
1785136079.1258359
1785136079.1258359
1785136079.1258359
1785136079.1258359
1785136079.1258359
1785136079.1258359
1785136079.1258359
1785136079.1258359
1785136079.1258359
1785136079.1258359
1785136079.1258359
1785136079.1258359
1785136079.1258359
1785136079.1258359
1785136079.1258359
1785136079.1258359
1785136079.1258359
1785136079.1258359
1785136079.1258359
1785136079.1258359
1785136079.1258359
1785136079.1258359
1785136079.1258359
1785136079.1258359
1785136079.1258359
1785136079.1258359
1785136079.1258359
1785136079.1258359
1785136079.1258359
1785136079.1258359
1785136079.1258359
1785136079.1260581
1785136079.1260581
1785136079.1260581
1785136079.1260581
1785136079.1260581
1785136079.1260581
1785136079.1260581
1785136079.1260581
1785136079.1260581
1785136079.1260581
1785136079.1260581
1785136079.1260581
1785136079.1260581
1785136079.1260581
1785136079.1260581
1785136079.1260581
1785136079.1260581
1785136079.1260581
1785136079.1260581
1785136079.1260581
1785136079.1260581
1785136079.1260581
1785136079.1260581
1785136079.1260581
1785136079.1260581
1785136079.1260581
1785136079.1260581
1785136079.1260581
1785136079.1260581
1785136079.1260581
1785136079.1260581
1785136079.1260581
1785136079.1260581
1785136079.1260581
1785136079.1260581
1785136079.1260581
1785136079.1260581
1785136079.1260581
1785136079.1260581
1785136079.1260581
1785136079.1260581
1785136079.1260581
1785136079.1260581
1785136079.1260581
1785136079.1260581
1785136079.1260581
1785136079.1260581
1785136079.1262801
1785136079.1262801
1785136079.1262801
1785136079.1262801
1785136079.1262801
1785136079.1262801
1785136079.1262801
1785136079.1262801
1785136079.1262801
1785136079.1262801
1785136079.1262801
1785136079.1262801
1785136079.1262801
1785136079.1262801
1785136079.1262801
1785136079.1262801
1785136079.1262801
1785136079.1262801
1785136079.1262801
1785136079.1262801
1785136079.1262801
1785136079.1262801
1785136079.1262801
1785136079.1262801
1785136079.1262801
1785136079.1262801
1785136079.1262801
1785136079.1262801
1785136079.1262801
1785136079.1262801
1785136079.1262801
1785136079.1262801
1785136079.1262801
1785136079.1262801
1785136079.1262801
1785136079.1262801
1785136079.1262801
1785136079.1262801
1785136079.1262801
1785136079.1262801
1785136079.1262801
1785136079.1262801
1785136079.1262801
1785136079.1262801
1785136079.1262801
1785136079.1262801
1785136079.1262801
1785136079.1265020
1785136079.1265020
1785136079.1265020
1785136079.1265020
1785136079.1265020
1785136079.1265020
1785136079.1265020
1785136079.1265020
1785136079.1265020
1785136079.1265020
1785136079.1265020
1785136079.1265020
1785136079.1265020
1785136079.1265020
1785136079.1265020
1785136079.1265020
1785136079.1265020
1785136079.1265020
1785136079.1265020
1785136079.1265020
1785136079.1265020
1785136079.1265020
1785136079.1265020
1785136079.1265020
1785136079.1265020
1785136079.1265020
1785136079.1265020
1785136079.1265020
1785136079.1265020
1785136079.1265020
1785136079.1265020
1785136079.1265020
1785136079.1265020
1785136079.1265020
1785136079.1265020
1785136079.1265020
1785136079.1265020
1785136079.1265020
1785136079.1265020
1785136079.1265020
1785136079.1265020
1785136079.1265020
1785136079.1265020
1785136079.1265020
1785136079.1265020
1785136079.1265020
1785136079.1265020
1785136079.1267240
1785136079.1267240
1785136079.1267240
1785136079.1267240
1785136079.1267240
1785136079.1267240
1785136079.1267240
1785136079.1267240
1785136079.1267240
1785136079.1267240
1785136079.1267240
1785136079.1267240
1785136079.1267240
1785136079.1267240
1785136079.1267240
1785136079.1267240
1785136079.1267240
1785136079.1267240
1785136079.1267240
1785136079.1267240
1785136079.1267240
1785136079.1267240
1785136079.1267240
1785136079.1267240
1785136079.1267240
1785136079.1267240
1785136079.1267240
1785136079.1267240
1785136079.1267240
1785136079.1267240
1785136079.1267240
1785136079.1267240
1785136079.1267240
1785136079.1267240
1785136079.1267240
1785136079.1267240
1785136079.1267240
1785136079.1267240
1785136079.1267240
1785136079.1267240
1785136079.1267240
1785136079.1267240
1785136079.1267240
1785136079.1267240
1785136079.1267240
1785136079.1267240
1785136079.1267240
1785136079.1269469
1785136079.1269469
1785136079.1269469
1785136079.1269469
1785136079.1269469
1785136079.1269469
1785136079.1269469
1785136079.1269469
1785136079.1269469
1785136079.1269469
1785136079.1269469
1785136079.1269469
1785136079.1269469
1785136079.1269469
1785136079.1269469
1785136079.1269469
1785136079.1269469
1785136079.1269469
1785136079.1269469
1785136079.1269469
1785136079.1269469
1785136079.1269469
1785136079.1269469
1785136079.1269469
1785136079.1269469
1785136079.1269469
1785136079.1269469
1785136079.1269469
1785136079.1269469
1785136079.1269469
1785136079.1269469
1785136079.1269469
1785136079.1269469
1785136079.1269469
1785136079.1269469
1785136079.1269469
1785136079.1269469
1785136079.1269469
1785136079.1269469
1785136079.1269469
1785136079.1269469
1785136079.1269469
1785136079.1269469
1785136079.1269469
1785136079.1269469
1785136079.1269469
1785136079.1271689
1785136079.1271689
1785136079.1271689
1785136079.1271689
1785136079.1271689
1785136079.1271689
1785136079.1271689
1785136079.1271689
1785136079.1271689
1785136079.1271689
1785136079.1271689
1785136079.1271689
1785136079.1271689
1785136079.1271689
1785136079.1271689
1785136079.1271689
1785136079.1271689
1785136079.1271689
1785136079.1271689
1785136079.1271689
1785136079.1271689
1785136079.1271689
1785136079.1271689
1785136079.1271689
1785136079.1271689
1785136079.1271689
1785136079.1271689
1785136079.1271689
1785136079.1271689
1785136079.1271689
1785136079.1271689
1785136079.1271689
1785136079.1271689
1785136079.1271689
1785136079.1271689
1785136079.1271689
1785136079.1271689
1785136079.1271689
1785136079.1271689
1785136079.1271689
1785136079.1271689
1785136079.1271689
1785136079.1271689
1785136079.1271689
1785136079.1271689
1785136079.1271689
1785136079.1271689
1785136079.1273911
1785136079.1273911
1785136079.1273911
1785136079.1273911
1785136079.1273911
1785136079.1273911
1785136079.1273911
1785136079.1273911
1785136079.1273911
1785136079.1273911
1785136079.1273911
1785136079.1273911
1785136079.1273911
1785136079.1273911
1785136079.1273911
1785136079.1273911
1785136079.1273911
1785136079.1273911
1785136079.1273911
1785136079.1273911
1785136079.1273911
1785136079.1273911
1785136079.1273911
1785136079.1273911
1785136079.1273911
1785136079.1273911
1785136079.1273911
1785136079.1273911
1785136079.1273911
1785136079.1273911
1785136079.1273911
1785136079.1273911
1785136079.1273911
1785136079.1273911
1785136079.1273911
1785136079.1273911
1785136079.1273911
1785136079.1273911
1785136079.1273911
1785136079.1273911
1785136079.1273911
1785136079.1273911
1785136079.1273911
1785136079.1273911
1785136079.1273911
1785136079.1273911
1785136079.1273911
1785136079.1273911
1785136079.1276131
1785136079.1276131
1785136079.1276131
1785136079.1276131
1785136079.1276131
1785136079.1276131
1785136079.1276131
1785136079.1276131
1785136079.1276131
1785136079.1276131
1785136079.1276131
1785136079.1276131
1785136079.1276131
1785136079.1276131
1785136079.1276131
1785136079.1276131
1785136079.1276131
1785136079.1276131
1785136079.1276131
1785136079.1276131
1785136079.1276131
1785136079.1276131
1785136079.1276131
1785136079.1276131
1785136079.1276131
1785136079.1276131
1785136079.1276131
1785136079.1276131
1785136079.1276131
1785136079.1276131
1785136079.1276131
1785136079.1276131
1785136079.1276131
1785136079.1276131
1785136079.1276131
1785136079.1276131
1785136079.1276131
1785136079.1276131
1785136079.1276131
1785136079.1276131
1785136079.1276131
1785136079.1276131
1785136079.1276131
1785136079.1276131
1785136079.1276131
1785136079.1276131
1785136079.1276131
1785136079.1276131
1785136079.1278350
1785136079.1278350
1785136079.1278350
1785136079.1278350
1785136079.1278350
1785136079.1278350
1785136079.1278350
1785136079.1278350
1785136079.1278350
1785136079.1278350
1785136079.1278350
1785136079.1278350
1785136079.1278350
1785136079.1278350
1785136079.1278350
1785136079.1278350
1785136079.1278350
1785136079.1278350
1785136079.1278350
1785136079.1278350
1785136079.1278350
1785136079.1278350
1785136079.1278350
1785136079.1278350
1785136079.1278350
1785136079.1278350
1785136079.1278350
1785136079.1278350
1785136079.1278350
1785136079.1278350
1785136079.1278350
1785136079.1278350
1785136079.1278350
1785136079.1278350
1785136079.1278350
1785136079.1278350
1785136079.1278350
1785136079.1278350
1785136079.1278350
1785136079.1278350
1785136079.1278350
1785136079.1278350
1785136079.1278350
1785136079.1278350
1785136079.1278350
1785136079.1278350
1785136079.1278350
1785136079.1278350
1785136079.1280570
1785136079.1280570
1785136079.1280570
1785136079.1280570
1785136079.1280570
1785136079.1280570
1785136079.1280570
1785136079.1280570
1785136079.1280570
1785136079.1280570
1785136079.1280570
1785136079.1280570
1785136079.1280570
1785136079.1280570
1785136079.1280570
1785136079.1280570
1785136079.1280570
1785136079.1280570
1785136079.1280570
1785136079.1280570
1785136079.1280570
1785136079.1280570
1785136079.1280570
1785136079.1280570
1785136079.1280570
1785136079.1280570
1785136079.1280570
1785136079.1280570
1785136079.1280570
1785136079.1280570
1785136079.1280570
1785136079.1280570
1785136079.1280570
1785136079.1280570
1785136079.1280570
1785136079.1280570
1785136079.1280570
1785136079.1280570
1785136079.1280570
1785136079.1280570
1785136079.1280570
1785136079.1280570
1785136079.1280570
1785136079.1280570
1785136079.1280570
1785136079.1280570
1785136079.1280570
1785136079.1280570
1785136079.1282799
1785136079.1282799
1785136079.1282799
1785136079.1282799
1785136079.1282799
1785136079.1282799
1785136079.1282799
1785136079.1282799
1785136079.1282799
1785136079.1282799
1785136079.1282799
1785136079.1282799
1785136079.1282799
1785136079.1282799
1785136079.1282799
1785136079.1282799
1785136079.1282799
1785136079.1282799
1785136079.1282799
1785136079.1282799
1785136079.1282799
1785136079.1282799
1785136079.1282799
1785136079.1282799
1785136079.1282799
1785136079.1282799
1785136079.1282799
1785136079.1282799
1785136079.1282799
1785136079.1282799
1785136079.1282799
1785136079.1282799
1785136079.1282799
1785136079.1282799
1785136079.1282799
1785136079.1282799
1785136079.1282799
1785136079.1282799
1785136079.1282799
1785136079.1282799
1785136079.1282799
1785136079.1282799
1785136079.1282799
1785136079.1282799
1785136079.1282799
1785136079.1282799
1785136079.1282799
1785136079.1282799
1785136079.1285019
1785136079.1285019
1785136079.1285019
1785136079.1285019
1785136079.1285019
1785136079.1285019
1785136079.1285019
1785136079.1285019
1785136079.1285019
1785136079.1285019
1785136079.1285019
1785136079.1285019
1785136079.1285019
1785136079.1285019
1785136079.1285019
1785136079.1285019
1785136079.1285019
1785136079.1285019
1785136079.1285019
1785136079.1285019
1785136079.1285019
1785136079.1285019
1785136079.1285019
1785136079.1285019
1785136079.1285019
1785136079.1285019
1785136079.1285019
1785136079.1285019
1785136079.1285019
1785136079.1285019
1785136079.1285019
1785136079.1285019
1785136079.1285019
1785136079.1285019
1785136079.1285019
1785136079.1285019
1785136079.1285019
1785136079.1285019
1785136079.1285019
1785136079.1285019
1785136079.1285019
1785136079.1285019
1785136079.1285019
1785136079.1285019
1785136079.1285019
1785136079.1285019
1785136079.1285019
1785136079.1285019
1785136079.1287241
1785136079.1287241
1785136079.1287241
1785136079.1287241
1785136079.1287241
1785136079.1287241
1785136079.1287241
1785136079.1287241
1785136079.1287241
1785136079.1287241
1785136079.1287241
1785136079.1287241
1785136079.1287241
1785136079.1287241
1785136079.1287241
1785136079.1287241
1785136079.1287241
1785136079.1287241
1785136079.1287241
1785136079.1287241
1785136079.1287241
1785136079.1287241
1785136079.1287241
1785136079.1287241
1785136079.1287241
1785136079.1287241
1785136079.1287241
1785136079.1287241
1785136079.1287241
1785136079.1287241
1785136079.1287241
1785136079.1287241
1785136079.1287241
1785136079.1287241
1785136079.1287241
1785136079.1287241
1785136079.1287241
1785136079.1287241
1785136079.1287241
1785136079.1287241
1785136079.1287241
1785136079.1287241
1785136079.1287241
1785136079.1287241
1785136079.1287241
1785136079.1287241
1785136079.1287241
1785136079.1287241
1785136079.1287241
1785136079.1289461
1785136079.1289461
1785136079.1289461
1785136079.1289461
1785136079.1289461
1785136079.1289461
1785136079.1289461
1785136079.1289461
1785136079.1289461
1785136079.1289461
1785136079.1289461
1785136079.1289461
1785136079.1289461
1785136079.1289461
1785136079.1289461
1785136079.1289461
1785136079.1289461
1785136079.1289461
1785136079.1289461
1785136079.1289461
1785136079.1289461
1785136079.1289461
1785136079.1289461
1785136079.1289461
1785136079.1289461
1785136079.1289461
1785136079.1289461
1785136079.1289461
1785136079.1289461
1785136079.1289461
1785136079.1289461
1785136079.1289461
1785136079.1289461
1785136079.1289461
1785136079.1289461
1785136079.1289461
1785136079.1289461
1785136079.1289461
1785136079.1289461
1785136079.1289461
1785136079.1289461
1785136079.1289461
1785136079.1289461
1785136079.1289461
1785136079.1289461
1785136079.1289461
1785136079.1289461
1785136079.1289461
1785136079.1289461
1785136079.1291680
1785136079.1291680
1785136079.1291680
1785136079.1291680
1785136079.1291680
1785136079.1291680
1785136079.1291680
1785136079.1291680
1785136079.1291680
1785136079.1291680
1785136079.1291680
1785136079.1291680
1785136079.1291680
1785136079.1291680
1785136079.1291680
1785136079.1291680
1785136079.1291680
1785136079.1291680
1785136079.1291680
1785136079.1291680
1785136079.1291680
1785136079.1291680
1785136079.1291680
1785136079.1291680
1785136079.1291680
1785136079.1291680
1785136079.1291680
1785136079.1291680
1785136079.1291680
1785136079.1291680
1785136079.1291680
1785136079.1291680
1785136079.1291680
1785136079.1291680
1785136079.1291680
1785136079.1291680
1785136079.1291680
1785136079.1291680
1785136079.1291680
1785136079.1291680
1785136079.1291680
1785136079.1291680
1785136079.1291680
1785136079.1291680
1785136079.1291680
1785136079.1291680
1785136079.1291680
1785136079.1291680
1785136079.1291680
1785136079.1293910
1785136079.1293910
1785136079.1293910
1785136079.1293910
1785136079.1293910
1785136079.1293910
1785136079.1293910
1785136079.1293910
1785136079.1293910
1785136079.1293910
1785136079.1293910
1785136079.1293910
1785136079.1293910
1785136079.1293910
1785136079.1293910
1785136079.1293910
1785136079.1293910
1785136079.1293910
1785136079.1293910
1785136079.1293910
1785136079.1293910
1785136079.1293910
1785136079.1293910
1785136079.1293910
1785136079.1293910
1785136079.1293910
1785136079.1293910
1785136079.1293910
1785136079.1293910
1785136079.1293910
1785136079.1293910
1785136079.1293910
1785136079.1293910
1785136079.1293910
1785136079.1293910
1785136079.1293910
1785136079.1293910
1785136079.1293910
1785136079.1293910
1785136079.1293910
1785136079.1293910
1785136079.1293910
1785136079.1293910
1785136079.1293910
1785136079.1293910
1785136079.1293910
1785136079.1293910
1785136079.1293910
1785136079.1293910
1785136079.1296129
1785136079.1296129
1785136079.1296129
1785136079.1296129
1785136079.1296129
1785136079.1296129
1785136079.1296129
1785136079.1296129
1785136079.1296129
1785136079.1296129
1785136079.1296129
1785136079.1296129
1785136079.1296129
1785136079.1296129
1785136079.1296129
1785136079.1296129
1785136079.1296129
1785136079.1296129
1785136079.1296129
1785136079.1296129
1785136079.1296129
1785136079.1296129
1785136079.1296129
1785136079.1296129
1785136079.1296129
1785136079.1296129
1785136079.1296129
1785136079.1296129
1785136079.1296129
1785136079.1296129
1785136079.1296129
1785136079.1296129
1785136079.1296129
1785136079.1296129
1785136079.1296129
1785136079.1296129
1785136079.1296129
1785136079.1296129
1785136079.1296129
1785136079.1296129
1785136079.1296129
1785136079.1296129
1785136079.1296129
1785136079.1296129
1785136079.1296129
1785136079.1296129
1785136079.1296129
1785136079.1296129
1785136079.1296129
1785136079.1298349
1785136079.1298349
1785136079.1298349
1785136079.1298349
1785136079.1298349
1785136079.1298349
1785136079.1298349
1785136079.1298349
1785136079.1298349
1785136079.1298349
1785136079.1298349
1785136079.1298349
1785136079.1298349
1785136079.1298349
1785136079.1298349
1785136079.1298349
1785136079.1298349
1785136079.1298349
1785136079.1298349
1785136079.1298349
1785136079.1298349
1785136079.1298349
1785136079.1298349
1785136079.1298349
1785136079.1298349
1785136079.1298349
1785136079.1298349
1785136079.1298349
1785136079.1298349
1785136079.1298349
1785136079.1298349
1785136079.1298349
1785136079.1298349
1785136079.1298349
1785136079.1298349
1785136079.1298349
1785136079.1298349
1785136079.1298349
1785136079.1298349
1785136079.1298349
1785136079.1298349
1785136079.1298349
1785136079.1298349
1785136079.1298349
1785136079.1298349
1785136079.1298349
1785136079.1298349
1785136079.1298349
1785136079.1298349
1785136079.1300571
1785136079.1300571
1785136079.1300571
1785136079.1300571
1785136079.1300571
1785136079.1300571
1785136079.1300571
1785136079.1300571
1785136079.1300571
1785136079.1300571
1785136079.1300571
1785136079.1300571
1785136079.1300571
1785136079.1300571
1785136079.1300571
1785136079.1300571
1785136079.1300571
1785136079.1300571
1785136079.1300571
1785136079.1300571
1785136079.1300571
1785136079.1300571
1785136079.1300571
1785136079.1300571
1785136079.1300571
1785136079.1300571
1785136079.1300571
1785136079.1300571
1785136079.1300571
1785136079.1300571
1785136079.1300571
1785136079.1300571
1785136079.1300571
1785136079.1300571
1785136079.1300571
1785136079.1300571
1785136079.1300571
1785136079.1300571
1785136079.1300571
1785136079.1300571
1785136079.1300571
1785136079.1300571
1785136079.1300571
1785136079.1300571
1785136079.1300571
1785136079.1300571
1785136079.1300571
1785136079.1300571
1785136079.1300571
1785136079.1300571
1785136079.1302791
1785136079.1302791
1785136079.1302791
1785136079.1302791
1785136079.1302791
1785136079.1302791
1785136079.1302791
1785136079.1302791
1785136079.1302791
1785136079.1302791
1785136079.1302791
1785136079.1302791
1785136079.1302791
1785136079.1302791
1785136079.1302791
1785136079.1302791
1785136079.1302791
1785136079.1302791
1785136079.1302791
1785136079.1302791
1785136079.1302791
1785136079.1302791
1785136079.1302791
1785136079.1302791
1785136079.1302791
1785136079.1302791
1785136079.1302791
1785136079.1302791
1785136079.1302791
1785136079.1302791
1785136079.1302791
1785136079.1302791
1785136079.1302791
1785136079.1302791
1785136079.1302791
1785136079.1302791
1785136079.1302791
1785136079.1302791
1785136079.1302791
1785136079.1302791
1785136079.1302791
1785136079.1302791
1785136079.1302791
1785136079.1302791
1785136079.1302791
1785136079.1302791
1785136079.1302791
1785136079.1302791
1785136079.1302791
1785136079.1302791
1785136079.1305020
1785136079.1305020
1785136079.1305020
1785136079.1305020
1785136079.1305020
1785136079.1305020
1785136079.1305020
1785136079.1305020
1785136079.1305020
1785136079.1305020
1785136079.1305020
1785136079.1305020
1785136079.1305020
1785136079.1305020
1785136079.1305020
1785136079.1305020
1785136079.1305020
1785136079.1305020
1785136079.1305020
1785136079.1305020
1785136079.1305020
1785136079.1305020
1785136079.1305020
1785136079.1305020
1785136079.1305020
1785136079.1305020
1785136079.1305020
1785136079.1305020
1785136079.1305020
1785136079.1305020
1785136079.1305020
1785136079.1305020
1785136079.1305020
1785136079.1305020
1785136079.1305020
1785136079.1305020
1785136079.1305020
1785136079.1305020
1785136079.1305020
1785136079.1305020
1785136079.1305020
1785136079.1305020
1785136079.1305020
1785136079.1305020
1785136079.1305020
1785136079.1305020
1785136079.1305020
1785136079.1305020
1785136079.1305020
1785136079.1305020
1785136079.1307240
1785136079.1307240
1785136079.1307240
1785136079.1307240
1785136079.1307240
1785136079.1307240
1785136079.1307240
1785136079.1307240
1785136079.1307240
1785136079.1307240
1785136079.1307240
1785136079.1307240
1785136079.1307240
1785136079.1307240
1785136079.1307240
1785136079.1307240
1785136079.1307240
1785136079.1307240
1785136079.1307240
1785136079.1307240
1785136079.1307240
1785136079.1307240
1785136079.1307240
1785136079.1307240
1785136079.1307240
1785136079.1307240
1785136079.1307240
1785136079.1307240
1785136079.1307240
1785136079.1307240
1785136079.1307240
1785136079.1307240
1785136079.1307240
1785136079.1307240
1785136079.1307240
1785136079.1307240
1785136079.1307240
1785136079.1307240
1785136079.1307240
1785136079.1307240
1785136079.1307240
1785136079.1307240
1785136079.1307240
1785136079.1307240
1785136079.1307240
1785136079.1307240
1785136079.1307240
1785136079.1307240
1785136079.1307240
1785136079.1307240
1785136079.1309459
1785136079.1309459
1785136079.1309459
1785136079.1309459
1785136079.1309459
1785136079.1309459
1785136079.1309459
1785136079.1309459
1785136079.1309459
1785136079.1309459
1785136079.1309459
1785136079.1309459
1785136079.1309459
1785136079.1309459
1785136079.1309459
1785136079.1309459
1785136079.1309459
1785136079.1309459
1785136079.1309459
1785136079.1309459
1785136079.1309459
1785136079.1309459
1785136079.1309459
1785136079.1309459
1785136079.1309459
1785136079.1309459
1785136079.1309459
1785136079.1309459
1785136079.1309459
1785136079.1309459
1785136079.1309459
1785136079.1309459
1785136079.1309459
1785136079.1309459
1785136079.1309459
1785136079.1309459
1785136079.1309459
1785136079.1309459
1785136079.1309459
1785136079.1309459
1785136079.1309459
1785136079.1309459
1785136079.1309459
1785136079.1309459
1785136079.1309459
1785136079.1309459
1785136079.1309459
1785136079.1309459
1785136079.1309459
1785136079.1309459
1785136079.1311679
1785136079.1311679
1785136079.1311679
1785136079.1311679
1785136079.1311679
1785136079.1311679
1785136079.1311679
1785136079.1311679
1785136079.1311679
1785136079.1311679
1785136079.1311679
1785136079.1311679
1785136079.1311679
1785136079.1311679
1785136079.1311679
1785136079.1311679
1785136079.1311679
1785136079.1311679
1785136079.1311679
1785136079.1311679
1785136079.1311679
1785136079.1311679
1785136079.1311679
1785136079.1311679
1785136079.1311679
1785136079.1311679
1785136079.1311679
1785136079.1311679
1785136079.1311679
1785136079.1311679
1785136079.1311679
1785136079.1311679
1785136079.1311679
1785136079.1311679
1785136079.1311679
1785136079.1311679
1785136079.1311679
1785136079.1311679
1785136079.1311679
1785136079.1311679
1785136079.1311679
1785136079.1311679
1785136079.1311679
1785136079.1311679
1785136079.1311679
1785136079.1311679
1785136079.1311679
1785136079.1311679
1785136079.1311679
1785136079.1311679
1785136079.1313901
1785136079.1313901
1785136079.1313901
1785136079.1313901
1785136079.1313901
1785136079.1313901
1785136079.1313901
1785136079.1313901
1785136079.1313901
1785136079.1313901
1785136079.1313901
1785136079.1313901
1785136079.1313901
1785136079.1313901
1785136079.1313901
1785136079.1313901
1785136079.1313901
1785136079.1313901
1785136079.1313901
1785136079.1313901
1785136079.1313901
1785136079.1313901
1785136079.1313901
1785136079.1313901
1785136079.1313901
1785136079.1313901
1785136079.1313901
1785136079.1313901
1785136079.1313901
1785136079.1313901
1785136079.1313901
1785136079.1313901
1785136079.1313901
1785136079.1313901
1785136079.1313901
1785136079.1313901
1785136079.1313901
1785136079.1313901
1785136079.1313901
1785136079.1313901
1785136079.1313901
1785136079.1313901
1785136079.1313901
1785136079.1313901
1785136079.1313901
1785136079.1313901
1785136079.1313901
1785136079.1313901
1785136079.1313901
1785136079.1313901
1785136079.1316130
1785136079.1316130
1785136079.1316130
1785136079.1316130
1785136079.1316130
1785136079.1316130
1785136079.1316130
1785136079.1316130
1785136079.1316130
1785136079.1316130
1785136079.1316130
1785136079.1316130
1785136079.1316130
1785136079.1316130
1785136079.1316130
1785136079.1316130
1785136079.1316130
1785136079.1316130
1785136079.1316130
1785136079.1316130
1785136079.1316130
1785136079.1316130
1785136079.1316130
1785136079.1316130
1785136079.1316130
1785136079.1316130
1785136079.1316130
1785136079.1316130
1785136079.1316130
1785136079.1316130
1785136079.1316130
1785136079.1316130
1785136079.1316130
1785136079.1316130
1785136079.1316130
1785136079.1316130
1785136079.1316130
1785136079.1316130
1785136079.1316130
1785136079.1316130
1785136079.1316130
1785136079.1316130
1785136079.1316130
1785136079.1316130
1785136079.1316130
1785136079.1316130
1785136079.1316130
1785136079.1316130
1785136079.1316130
1785136079.1316130
1785136079.1318350
1785136079.1318350
1785136079.1318350
1785136079.1318350
1785136079.1318350
1785136079.1318350
1785136079.1318350
1785136079.1318350
1785136079.1318350
1785136079.1318350
1785136079.1318350
1785136079.1318350
1785136079.1318350
1785136079.1318350
1785136079.1318350
1785136079.1318350
1785136079.1318350
1785136079.1318350
1785136079.1318350
1785136079.1318350
1785136079.1318350
1785136079.1318350
1785136079.1318350
1785136079.1318350
1785136079.1318350
1785136079.1318350
1785136079.1318350
1785136079.1318350
1785136079.1318350
1785136079.1318350
1785136079.1318350
1785136079.1318350
1785136079.1318350
1785136079.1318350
1785136079.1318350
1785136079.1318350
1785136079.1318350
1785136079.1318350
1785136079.1318350
1785136079.1318350
1785136079.1318350
1785136079.1318350
1785136079.1318350
1785136079.1318350
1785136079.1318350
1785136079.1318350
1785136079.1318350
1785136079.1318350
1785136079.1318350
1785136079.1318350
1785136079.1318350
1785136079.1320570
1785136079.1320570
1785136079.1320570
1785136079.1320570
1785136079.1320570
1785136079.1320570
1785136079.1320570
1785136079.1320570
1785136079.1320570
1785136079.1320570
1785136079.1320570
1785136079.1320570
1785136079.1320570
1785136079.1320570
1785136079.1320570
1785136079.1320570
1785136079.1320570
1785136079.1320570
1785136079.1320570
1785136079.1320570
1785136079.1320570
1785136079.1320570
1785136079.1320570
1785136079.1320570
1785136079.1320570
1785136079.1320570
1785136079.1320570
1785136079.1320570
1785136079.1320570
1785136079.1320570
1785136079.1320570
1785136079.1320570
1785136079.1320570
1785136079.1320570
1785136079.1320570
1785136079.1320570
1785136079.1320570
1785136079.1320570
1785136079.1320570
1785136079.1320570
1785136079.1320570
1785136079.1320570
1785136079.1320570
1785136079.1320570
1785136079.1320570
1785136079.1320570
1785136079.1320570
1785136079.1320570
1785136079.1320570
1785136079.1320570
1785136079.1320570
1785136079.1322789
1785136079.1322789
1785136079.1322789
1785136079.1322789
1785136079.1322789
1785136079.1322789
1785136079.1322789
1785136079.1322789
1785136079.1322789
1785136079.1322789
1785136079.1322789
1785136079.1322789
1785136079.1322789
1785136079.1322789
1785136079.1322789
1785136079.1322789
1785136079.1322789
1785136079.1322789
1785136079.1322789
1785136079.1322789
1785136079.1322789
1785136079.1322789
1785136079.1322789
1785136079.1322789
1785136079.1322789
1785136079.1322789
1785136079.1322789
1785136079.1322789
1785136079.1322789
1785136079.1322789
1785136079.1322789
1785136079.1322789
1785136079.1322789
1785136079.1322789
1785136079.1322789
1785136079.1322789
1785136079.1322789
1785136079.1322789
1785136079.1322789
1785136079.1322789
1785136079.1322789
1785136079.1322789
1785136079.1322789
1785136079.1322789
1785136079.1322789
1785136079.1322789
1785136079.1322789
1785136079.1322789
1785136079.1322789
1785136079.1322789
1785136079.1322789
1785136079.1325009
1785136079.1325009
1785136079.1325009
1785136079.1325009
1785136079.1325009
1785136079.1325009
1785136079.1325009
1785136079.1325009
1785136079.1325009
1785136079.1325009
1785136079.1325009
1785136079.1325009
1785136079.1325009
1785136079.1325009
1785136079.1325009
1785136079.1325009
1785136079.1325009
1785136079.1325009
1785136079.1325009
1785136079.1325009
1785136079.1325009
1785136079.1325009
1785136079.1325009
1785136079.1325009
1785136079.1325009
1785136079.1325009
1785136079.1325009
1785136079.1325009
1785136079.1325009
1785136079.1325009
1785136079.1325009
1785136079.1325009
1785136079.1325009
1785136079.1325009
1785136079.1325009
1785136079.1325009
1785136079.1325009
1785136079.1325009
1785136079.1325009
1785136079.1325009
1785136079.1325009
1785136079.1325009
1785136079.1325009
1785136079.1325009
1785136079.1325009
1785136079.1325009
1785136079.1325009
1785136079.1325009
1785136079.1325009
1785136079.1325009
1785136079.1325009
1785136079.1327240
1785136079.1327240
1785136079.1327240
1785136079.1327240
1785136079.1327240
1785136079.1327240
1785136079.1327240
1785136079.1327240
1785136079.1327240
1785136079.1327240
1785136079.1327240
1785136079.1327240
1785136079.1327240
1785136079.1327240
1785136079.1327240
1785136079.1327240
1785136079.1327240
1785136079.1327240
1785136079.1327240
1785136079.1327240
1785136079.1327240
1785136079.1327240
1785136079.1327240
1785136079.1327240
1785136079.1327240
1785136079.1327240
1785136079.1327240
1785136079.1327240
1785136079.1327240
1785136079.1327240
1785136079.1327240
1785136079.1327240
1785136079.1327240
1785136079.1327240
1785136079.1327240
1785136079.1327240
1785136079.1327240
1785136079.1327240
1785136079.1327240
1785136079.1327240
1785136079.1327240
1785136079.1327240
1785136079.1327240
1785136079.1327240
1785136079.1327240
1785136079.1327240
1785136079.1327240
1785136079.1327240
1785136079.1327240
1785136079.1327240
1785136079.1327240
1785136079.1329460
1785136079.1329460
1785136079.1329460
1785136079.1329460
1785136079.1329460
1785136079.1329460
1785136079.1329460
1785136079.1329460
1785136079.1329460
1785136079.1329460
1785136079.1329460
1785136079.1329460
1785136079.1329460
1785136079.1329460
1785136079.1329460
1785136079.1329460
1785136079.1329460
1785136079.1329460
1785136079.1329460
1785136079.1329460
1785136079.1329460
1785136079.1329460
1785136079.1329460
1785136079.1329460
1785136079.1329460
1785136079.1329460
1785136079.1329460
1785136079.1329460
1785136079.1329460
1785136079.1329460
1785136079.1329460
1785136079.1329460
1785136079.1329460
1785136079.1329460
1785136079.1329460
1785136079.1329460
1785136079.1329460
1785136079.1329460
1785136079.1329460
1785136079.1329460
1785136079.1329460
1785136079.1329460
1785136079.1329460
1785136079.1329460
1785136079.1329460
1785136079.1329460
1785136079.1329460
1785136079.1329460
1785136079.1329460
1785136079.1329460
1785136079.1329460
1785136079.1331680
1785136079.1331680
1785136079.1331680
1785136079.1331680
1785136079.1331680
1785136079.1331680
1785136079.1331680
1785136079.1331680
1785136079.1331680
1785136079.1331680
1785136079.1331680
1785136079.1331680
1785136079.1331680
1785136079.1331680
1785136079.1331680
1785136079.1331680
1785136079.1331680
1785136079.1331680
1785136079.1331680
1785136079.1331680
1785136079.1331680
1785136079.1331680
1785136079.1331680
1785136079.1331680
1785136079.1331680
1785136079.1331680
1785136079.1331680
1785136079.1331680
1785136079.1331680
1785136079.1331680
1785136079.1331680
1785136079.1331680
1785136079.1331680
1785136079.1331680
1785136079.1331680
1785136079.1331680
1785136079.1331680
1785136079.1331680
1785136079.1331680
1785136079.1331680
1785136079.1331680
1785136079.1331680
1785136079.1331680
1785136079.1331680
1785136079.1331680
1785136079.1331680
1785136079.1331680
1785136079.1331680
1785136079.1331680
1785136079.1331680
1785136079.1331680
1785136079.1333899
1785136079.1333899
1785136079.1333899
1785136079.1333899
1785136079.1333899
1785136079.1333899
1785136079.1333899
1785136079.1333899
1785136079.1333899
1785136079.1333899
1785136079.1333899
1785136079.1333899
1785136079.1333899
1785136079.1333899
1785136079.1333899
1785136079.1333899
1785136079.1333899
1785136079.1333899
1785136079.1333899
1785136079.1333899
1785136079.1333899
1785136079.1333899
1785136079.1333899
1785136079.1333899
1785136079.1333899
1785136079.1333899
1785136079.1333899
1785136079.1333899
1785136079.1333899
1785136079.1333899
1785136079.1333899
1785136079.1333899
1785136079.1333899
1785136079.1333899
1785136079.1333899
1785136079.1333899
1785136079.1333899
1785136079.1333899
1785136079.1333899
1785136079.1333899
1785136079.1333899
1785136079.1333899
1785136079.1333899
1785136079.1333899
1785136079.1333899
1785136079.1333899
1785136079.1333899
1785136079.1333899
1785136079.1333899
1785136079.1333899
1785136079.1333899
1785136079.1336119
1785136079.1336119
1785136079.1336119
1785136079.1336119
1785136079.1336119
1785136079.1336119
1785136079.1336119
1785136079.1336119
1785136079.1336119
1785136079.1336119
1785136079.1336119
1785136079.1336119
1785136079.1336119
1785136079.1336119
1785136079.1336119
1785136079.1336119
1785136079.1336119
1785136079.1336119
1785136079.1336119
1785136079.1336119
1785136079.1336119
1785136079.1336119
1785136079.1336119
1785136079.1336119
1785136079.1336119
1785136079.1336119
1785136079.1336119
1785136079.1336119
1785136079.1336119
1785136079.1336119
1785136079.1336119
1785136079.1336119
1785136079.1336119
1785136079.1336119
1785136079.1336119
1785136079.1336119
1785136079.1336119
1785136079.1336119
1785136079.1336119
1785136079.1336119
1785136079.1336119
1785136079.1336119
1785136079.1336119
1785136079.1336119
1785136079.1336119
1785136079.1336119
1785136079.1336119
1785136079.1336119
1785136079.1336119
1785136079.1336119
1785136079.1336119
1785136079.1338351
1785136079.1338351
1785136079.1338351
1785136079.1338351
1785136079.1338351
1785136079.1338351
1785136079.1338351
1785136079.1338351
1785136079.1338351
1785136079.1338351
1785136079.1338351
1785136079.1338351
1785136079.1338351
1785136079.1338351
1785136079.1338351
1785136079.1338351
1785136079.1338351
1785136079.1338351
1785136079.1338351
1785136079.1338351
1785136079.1338351
1785136079.1338351
1785136079.1338351
1785136079.1338351
1785136079.1338351
1785136079.1338351
1785136079.1338351
1785136079.1338351
1785136079.1338351
1785136079.1338351
1785136079.1338351
1785136079.1338351
1785136079.1338351
1785136079.1338351
1785136079.1338351
1785136079.1338351
1785136079.1338351
1785136079.1338351
1785136079.1338351
1785136079.1338351
1785136079.1338351
1785136079.1338351
1785136079.1338351
1785136079.1338351
1785136079.1338351
1785136079.1338351
1785136079.1338351
1785136079.1338351
1785136079.1338351
1785136079.1338351
1785136079.1338351
1785136079.1338351
1785136079.1340570
1785136079.1340570
1785136079.1340570
1785136079.1340570
1785136079.1340570
1785136079.1340570
1785136079.1340570
1785136079.1340570
1785136079.1340570
1785136079.1340570
1785136079.1340570
1785136079.1340570
1785136079.1340570
1785136079.1340570
1785136079.1340570
1785136079.1340570
1785136079.1340570
1785136079.1340570
1785136079.1340570
1785136079.1340570
1785136079.1340570
1785136079.1340570
1785136079.1340570
1785136079.1340570
1785136079.1340570
1785136079.1340570
1785136079.1340570
1785136079.1340570
1785136079.1340570
1785136079.1340570
1785136079.1340570
1785136079.1340570
1785136079.1340570
1785136079.1340570
1785136079.1340570
1785136079.1340570
1785136079.1340570
1785136079.1340570
1785136079.1340570
1785136079.1340570
1785136079.1340570
1785136079.1340570
1785136079.1340570
1785136079.1340570
1785136079.1340570
1785136079.1340570
1785136079.1340570
1785136079.1340570
1785136079.1340570
1785136079.1340570
1785136079.1340570
1785136079.1340570
1785136079.1342790
1785136079.1342790
1785136079.1342790
1785136079.1342790
1785136079.1342790
1785136079.1342790
1785136079.1342790
1785136079.1342790
1785136079.1342790
1785136079.1342790
1785136079.1342790
1785136079.1342790
1785136079.1342790
1785136079.1342790
1785136079.1342790
1785136079.1342790
1785136079.1342790
1785136079.1342790
1785136079.1342790
1785136079.1342790
1785136079.1342790
1785136079.1342790
1785136079.1342790
1785136079.1342790
1785136079.1342790
1785136079.1342790
1785136079.1342790
1785136079.1342790
1785136079.1342790
1785136079.1342790
1785136079.1342790
1785136079.1342790
1785136079.1342790
1785136079.1342790
1785136079.1342790
1785136079.1342790
1785136079.1342790
1785136079.1342790
1785136079.1342790
1785136079.1342790
1785136079.1342790
1785136079.1342790
1785136079.1342790
1785136079.1342790
1785136079.1342790
1785136079.1342790
1785136079.1342790
1785136079.1342790
1785136079.1342790
1785136079.1342790
1785136079.1342790
1785136079.1342790
1785136079.1345010
1785136079.1345010
1785136079.1345010
1785136079.1345010
1785136079.1345010
1785136079.1345010
1785136079.1345010
1785136079.1345010
1785136079.1345010
1785136079.1345010
1785136079.1345010
1785136079.1345010
1785136079.1345010
1785136079.1345010
1785136079.1345010
1785136079.1345010
1785136079.1345010
1785136079.1345010
1785136079.1345010
1785136079.1345010
1785136079.1345010
1785136079.1345010
1785136079.1345010
1785136079.1345010
1785136079.1345010
1785136079.1345010
1785136079.1345010
1785136079.1345010
1785136079.1345010
1785136079.1345010
1785136079.1345010
1785136079.1345010
1785136079.1345010
1785136079.1345010
1785136079.1345010
1785136079.1345010
1785136079.1345010
1785136079.1345010
1785136079.1345010
1785136079.1345010
1785136079.1345010
1785136079.1345010
1785136079.1345010
1785136079.1345010
1785136079.1345010
1785136079.1345010
1785136079.1345010
1785136079.1345010
1785136079.1345010
1785136079.1345010
1785136079.1345010
1785136079.1345010
1785136079.1347229
1785136079.1347229
1785136079.1347229
1785136079.1347229
1785136079.1347229
1785136079.1347229
1785136079.1347229
1785136079.1347229
1785136079.1347229
1785136079.1347229
1785136079.1347229
1785136079.1347229
1785136079.1347229
1785136079.1347229
1785136079.1347229
1785136079.1347229
1785136079.1347229
1785136079.1347229
1785136079.1347229
1785136079.1347229
1785136079.1347229
1785136079.1347229
1785136079.1347229
1785136079.1347229
1785136079.1347229
1785136079.1347229
1785136079.1347229
1785136079.1347229
1785136079.1347229
1785136079.1347229
1785136079.1347229
1785136079.1347229
1785136079.1347229
1785136079.1347229
1785136079.1347229
1785136079.1347229
1785136079.1347229
1785136079.1347229
1785136079.1347229
1785136079.1347229
1785136079.1347229
1785136079.1347229
1785136079.1347229
1785136079.1347229
1785136079.1347229
1785136079.1347229
1785136079.1347229
1785136079.1347229
1785136079.1347229
1785136079.1347229
1785136079.1347229
1785136079.1347229
1785136079.1349461
1785136079.1349461
1785136079.1349461
1785136079.1349461
1785136079.1349461
1785136079.1349461
1785136079.1349461
1785136079.1349461
1785136079.1349461
1785136079.1349461
1785136079.1349461
1785136079.1349461
1785136079.1349461
1785136079.1349461
1785136079.1349461
1785136079.1349461
1785136079.1349461
1785136079.1349461
1785136079.1349461
1785136079.1349461
1785136079.1349461
1785136079.1349461
1785136079.1349461
1785136079.1349461
1785136079.1349461
1785136079.1349461
1785136079.1349461
1785136079.1349461
1785136079.1349461
1785136079.1349461
1785136079.1349461
1785136079.1349461
1785136079.1349461
1785136079.1349461
1785136079.1349461
1785136079.1349461
1785136079.1349461
1785136079.1349461
1785136079.1349461
1785136079.1349461
1785136079.1349461
1785136079.1349461
1785136079.1349461
1785136079.1349461
1785136079.1349461
1785136079.1349461
1785136079.1349461
1785136079.1349461
1785136079.1349461
1785136079.1349461
1785136079.1349461
1785136079.1349461
1785136079.1351681
1785136079.1351681
1785136079.1351681
1785136079.1351681
1785136079.1351681
1785136079.1351681
1785136079.1351681
1785136079.1351681
1785136079.1351681
1785136079.1351681
1785136079.1351681
1785136079.1351681
1785136079.1351681
1785136079.1351681
1785136079.1351681
1785136079.1351681
1785136079.1351681
1785136079.1351681
1785136079.1351681
1785136079.1351681
1785136079.1351681
1785136079.1351681
1785136079.1351681
1785136079.1351681
1785136079.1351681
1785136079.1351681
1785136079.1351681
1785136079.1351681
1785136079.1351681
1785136079.1351681
1785136079.1351681
1785136079.1351681
1785136079.1351681
1785136079.1351681
1785136079.1351681
1785136079.1351681
1785136079.1351681
1785136079.1351681
1785136079.1351681
1785136079.1351681
1785136079.1351681
1785136079.1351681
1785136079.1351681
1785136079.1351681
1785136079.1351681
1785136079.1351681
1785136079.1351681
1785136079.1351681
1785136079.1351681
1785136079.1351681
1785136079.1351681
1785136079.1351681
1785136079.1353900
1785136079.1353900
1785136079.1353900
1785136079.1353900
1785136079.1353900
1785136079.1353900
1785136079.1353900
1785136079.1353900
1785136079.1353900
1785136079.1353900
1785136079.1353900
1785136079.1353900
1785136079.1353900
1785136079.1353900
1785136079.1353900
1785136079.1353900
1785136079.1353900
1785136079.1353900
1785136079.1353900
1785136079.1353900
1785136079.1353900
1785136079.1353900
1785136079.1353900
1785136079.1353900
1785136079.1353900
1785136079.1353900
1785136079.1353900
1785136079.1353900
1785136079.1353900
1785136079.1353900
1785136079.1353900
1785136079.1353900
1785136079.1353900
1785136079.1353900
1785136079.1353900
1785136079.1353900
1785136079.1353900
1785136079.1353900
1785136079.1353900
1785136079.1353900
1785136079.1353900
1785136079.1353900
1785136079.1353900
1785136079.1353900
1785136079.1353900
1785136079.1353900
1785136079.1353900
1785136079.1353900
1785136079.1353900
1785136079.1353900
1785136079.1353900
1785136079.1353900
1785136079.1356120
1785136079.1356120
1785136079.1356120
1785136079.1356120
1785136079.1356120
1785136079.1356120
1785136079.1356120
1785136079.1356120
1785136079.1356120
1785136079.1356120
1785136079.1356120
1785136079.1356120
1785136079.1356120
1785136079.1356120
1785136079.1356120
1785136079.1356120
1785136079.1356120
1785136079.1356120
1785136079.1356120
1785136079.1356120
1785136079.1356120
1785136079.1356120
1785136079.1356120
1785136079.1356120
1785136079.1356120
1785136079.1356120
1785136079.1356120
1785136079.1356120
1785136079.1356120
1785136079.1356120
1785136079.1356120
1785136079.1356120
1785136079.1356120
1785136079.1356120
1785136079.1356120
1785136079.1356120
1785136079.1356120
1785136079.1356120
1785136079.1356120
1785136079.1356120
1785136079.1356120
1785136079.1356120
1785136079.1356120
1785136079.1356120
1785136079.1356120
1785136079.1356120
1785136079.1356120
1785136079.1356120
1785136079.1356120
1785136079.1356120
1785136079.1356120
1785136079.1356120
1785136079.1358349
1785136079.1358349
1785136079.1358349
1785136079.1358349
1785136079.1358349
1785136079.1358349
1785136079.1358349
1785136079.1358349
1785136079.1358349
1785136079.1358349
1785136079.1358349
1785136079.1358349
1785136079.1358349
1785136079.1358349
1785136079.1358349
1785136079.1358349
1785136079.1358349
1785136079.1358349
1785136079.1358349
1785136079.1358349
1785136079.1358349
1785136079.1358349
1785136079.1358349
1785136079.1358349
1785136079.1358349
1785136079.1358349
1785136079.1358349
1785136079.1358349
1785136079.1358349
1785136079.1358349
1785136079.1358349
1785136079.1358349
1785136079.1358349
1785136079.1358349
1785136079.1358349
1785136079.1358349
1785136079.1358349
1785136079.1358349
1785136079.1358349
1785136079.1358349
1785136079.1358349
1785136079.1358349
1785136079.1358349
1785136079.1358349
1785136079.1358349
1785136079.1358349
1785136079.1358349
1785136079.1358349
1785136079.1358349
1785136079.1358349
1785136079.1358349
1785136079.1358349
1785136079.1360569
1785136079.1360569
1785136079.1360569
1785136079.1360569
1785136079.1360569
1785136079.1360569
1785136079.1360569
1785136079.1360569
1785136079.1360569
1785136079.1360569
1785136079.1360569
1785136079.1360569
1785136079.1360569
1785136079.1360569
1785136079.1360569
1785136079.1360569
1785136079.1360569
1785136079.1360569
1785136079.1360569
1785136079.1360569
1785136079.1360569
1785136079.1360569
1785136079.1360569
1785136079.1360569
1785136079.1360569
1785136079.1360569
1785136079.1360569
1785136079.1360569
1785136079.1360569
1785136079.1360569
1785136079.1360569
1785136079.1360569
1785136079.1360569
1785136079.1360569
1785136079.1360569
1785136079.1360569
1785136079.1360569
1785136079.1360569
1785136079.1360569
1785136079.1360569
1785136079.1360569
1785136079.1360569
1785136079.1360569
1785136079.1360569
1785136079.1360569
1785136079.1360569
1785136079.1360569
1785136079.1360569
1785136079.1360569
1785136079.1360569
1785136079.1360569
1785136079.1360569
1785136079.1362791
1785136079.1362791
1785136079.1362791
1785136079.1362791
1785136079.1362791
1785136079.1362791
1785136079.1362791
1785136079.1362791
1785136079.1362791
1785136079.1362791
1785136079.1362791
1785136079.1362791
1785136079.1362791
1785136079.1362791
1785136079.1362791
1785136079.1362791
1785136079.1362791
1785136079.1362791
1785136079.1362791
1785136079.1362791
1785136079.1362791
1785136079.1362791
1785136079.1362791
1785136079.1362791
1785136079.1362791
1785136079.1362791
1785136079.1362791
1785136079.1362791
1785136079.1362791
1785136079.1362791
1785136079.1362791
1785136079.1362791
1785136079.1362791
1785136079.1362791
1785136079.1362791
1785136079.1362791
1785136079.1362791
1785136079.1362791
1785136079.1362791
1785136079.1362791
1785136079.1362791
1785136079.1362791
1785136079.1362791
1785136079.1362791
1785136079.1362791
1785136079.1362791
1785136079.1362791
1785136079.1362791
1785136079.1362791
1785136079.1362791
1785136079.1362791
1785136079.1362791
1785136079.1365011
1785136079.1365011
1785136079.1365011
1785136079.1365011
1785136079.1365011
1785136079.1365011
1785136079.1365011
1785136079.1365011
1785136079.1365011
1785136079.1365011
1785136079.1365011
1785136079.1365011
1785136079.1365011
1785136079.1365011
1785136079.1365011
1785136079.1365011
1785136079.1365011
1785136079.1365011
1785136079.1365011
1785136079.1365011
1785136079.1365011
1785136079.1365011
1785136079.1365011
1785136079.1365011
1785136079.1365011
1785136079.1365011
1785136079.1365011
1785136079.1365011
1785136079.1365011
1785136079.1365011
1785136079.1365011
1785136079.1365011
1785136079.1365011
1785136079.1365011
1785136079.1365011
1785136079.1365011
1785136079.1365011
1785136079.1365011
1785136079.1365011
1785136079.1365011
1785136079.1365011
1785136079.1365011
1785136079.1365011
1785136079.1365011
1785136079.1365011
1785136079.1365011
1785136079.1365011
1785136079.1365011
1785136079.1365011
1785136079.1365011
1785136079.1365011
1785136079.1365011
1785136079.1367240
1785136079.1367240
1785136079.1367240
1785136079.1367240
1785136079.1367240
1785136079.1367240
1785136079.1367240
1785136079.1367240
1785136079.1367240
1785136079.1367240
1785136079.1367240
1785136079.1367240
1785136079.1367240
1785136079.1367240
1785136079.1367240
1785136079.1367240
1785136079.1367240
1785136079.1367240
1785136079.1367240
1785136079.1367240
1785136079.1367240
1785136079.1367240
1785136079.1367240
1785136079.1367240
1785136079.1367240
1785136079.1367240
1785136079.1367240
1785136079.1367240
1785136079.1367240
1785136079.1367240
1785136079.1367240
1785136079.1367240
1785136079.1367240
1785136079.1367240
1785136079.1367240
1785136079.1367240
1785136079.1367240
1785136079.1367240
1785136079.1367240
1785136079.1367240
1785136079.1367240
1785136079.1367240
1785136079.1367240
1785136079.1367240
1785136079.1367240
1785136079.1367240
1785136079.1367240
1785136079.1367240
1785136079.1367240
1785136079.1367240
1785136079.1367240
1785136079.1367240
1785136079.1369460
1785136079.1369460
1785136079.1369460
1785136079.1369460
1785136079.1369460
1785136079.1369460
1785136079.1369460
1785136079.1369460
1785136079.1369460
1785136079.1369460
1785136079.1369460
1785136079.1369460
1785136079.1369460
1785136079.1369460
1785136079.1369460
1785136079.1369460
1785136079.1369460
1785136079.1369460
1785136079.1369460
1785136079.1369460
1785136079.1369460
1785136079.1369460
1785136079.1369460
1785136079.1369460
1785136079.1369460
1785136079.1369460
1785136079.1369460
1785136079.1369460
1785136079.1369460
1785136079.1369460
1785136079.1369460
1785136079.1369460
1785136079.1369460
1785136079.1369460
1785136079.1369460
1785136079.1369460
1785136079.1369460
1785136079.1369460
1785136079.1369460
1785136079.1369460
1785136079.1369460
1785136079.1369460
1785136079.1369460
1785136079.1369460
1785136079.1369460
1785136079.1369460
1785136079.1369460
1785136079.1369460
1785136079.1369460
1785136079.1369460
1785136079.1369460
1785136079.1369460
1785136079.1371679
1785136079.1371679
1785136079.1371679
1785136079.1371679
1785136079.1371679
1785136079.1371679
1785136079.1371679
1785136079.1371679
1785136079.1371679
1785136079.1371679
1785136079.1371679
1785136079.1371679
1785136079.1371679
1785136079.1371679
1785136079.1371679
1785136079.1371679
1785136079.1371679
1785136079.1371679
1785136079.1371679
1785136079.1371679
1785136079.1371679
1785136079.1371679
1785136079.1371679
1785136079.1371679
1785136079.1371679
1785136079.1371679
1785136079.1371679
1785136079.1371679
1785136079.1371679
1785136079.1371679
1785136079.1371679
1785136079.1371679
1785136079.1371679
1785136079.1371679
1785136079.1371679
1785136079.1371679
1785136079.1371679
1785136079.1371679
1785136079.1371679
1785136079.1371679
1785136079.1371679
1785136079.1371679
1785136079.1371679
1785136079.1371679
1785136079.1371679
1785136079.1371679
1785136079.1371679
1785136079.1371679
1785136079.1371679
1785136079.1371679
1785136079.1371679
1785136079.1371679
1785136079.1373899
1785136079.1373899
1785136079.1373899
1785136079.1373899
1785136079.1373899
1785136079.1373899
1785136079.1373899
1785136079.1373899
1785136079.1373899
1785136079.1373899
1785136079.1373899
1785136079.1373899
1785136079.1373899
1785136079.1373899
1785136079.1373899
1785136079.1373899
1785136079.1373899
1785136079.1373899
1785136079.1373899
1785136079.1373899
1785136079.1373899
1785136079.1373899
1785136079.1373899
1785136079.1373899
1785136079.1373899
1785136079.1373899
1785136079.1373899
1785136079.1373899
1785136079.1373899
1785136079.1373899
1785136079.1373899
1785136079.1373899
1785136079.1373899
1785136079.1373899
1785136079.1373899
1785136079.1373899
1785136079.1373899
1785136079.1373899
1785136079.1373899
1785136079.1373899
1785136079.1373899
1785136079.1373899
1785136079.1373899
1785136079.1373899
1785136079.1373899
1785136079.1373899
1785136079.1373899
1785136079.1373899
1785136079.1373899
1785136079.1373899
1785136079.1373899
1785136079.1373899
1785136079.1376121
1785136079.1376121
1785136079.1376121
1785136079.1376121
1785136079.1376121
1785136079.1376121
1785136079.1376121
1785136079.1376121
1785136079.1376121
1785136079.1376121
1785136079.1376121
1785136079.1376121
1785136079.1376121
1785136079.1376121
1785136079.1376121
1785136079.1376121
1785136079.1376121
1785136079.1376121
1785136079.1376121
1785136079.1376121
1785136079.1376121
1785136079.1376121
1785136079.1376121
1785136079.1376121
1785136079.1376121
1785136079.1376121
1785136079.1376121
1785136079.1376121
1785136079.1376121
1785136079.1376121
1785136079.1376121
1785136079.1376121
1785136079.1376121
1785136079.1376121
1785136079.1376121
1785136079.1376121
1785136079.1376121
1785136079.1376121
1785136079.1376121
1785136079.1376121
1785136079.1376121
1785136079.1376121
1785136079.1376121
1785136079.1376121
1785136079.1376121
1785136079.1376121
1785136079.1376121
1785136079.1376121
1785136079.1376121
1785136079.1376121
1785136079.1376121
1785136079.1376121
1785136079.1378350
1785136079.1378350
1785136079.1378350
1785136079.1378350
1785136079.1378350
1785136079.1378350
1785136079.1378350
1785136079.1378350
1785136079.1378350
1785136079.1378350
1785136079.1378350
1785136079.1378350
1785136079.1378350
1785136079.1378350
1785136079.1378350
1785136079.1378350
1785136079.1378350
1785136079.1378350
1785136079.1378350
1785136079.1378350
1785136079.1378350
1785136079.1378350
1785136079.1378350
1785136079.1378350
1785136079.1378350
1785136079.1378350
1785136079.1378350
1785136079.1378350
1785136079.1378350
1785136079.1378350
1785136079.1378350
1785136079.1378350
1785136079.1378350
1785136079.1378350
1785136079.1378350
1785136079.1378350
1785136079.1378350
1785136079.1378350
1785136079.1378350
1785136079.1378350
1785136079.1378350
1785136079.1378350
1785136079.1378350
1785136079.1378350
1785136079.1378350
1785136079.1378350
1785136079.1378350
1785136079.1378350
1785136079.1378350
1785136079.1378350
1785136079.1378350
1785136079.1378350
1785136079.1380570
1785136079.1380570
1785136079.1380570
1785136079.1380570
1785136079.1380570
1785136079.1380570
1785136079.1380570
1785136079.1380570
1785136079.1380570
1785136079.1380570
1785136079.1380570
1785136079.1380570
1785136079.1380570
1785136079.1380570
1785136079.1380570
1785136079.1380570
1785136079.1380570
1785136079.1380570
1785136079.1380570
1785136079.1380570
1785136079.1380570
1785136079.1380570
1785136079.1380570
1785136079.1380570
1785136079.1380570
1785136079.1380570
1785136079.1380570
1785136079.1380570
1785136079.1380570
1785136079.1380570
1785136079.1380570
1785136079.1380570
1785136079.1380570
1785136079.1380570
1785136079.1380570
1785136079.1380570
1785136079.1380570
1785136079.1380570
1785136079.1380570
1785136079.1380570
1785136079.1380570
1785136079.1380570
1785136079.1380570
1785136079.1380570
1785136079.1380570
1785136079.1380570
1785136079.1380570
1785136079.1380570
1785136079.1380570
1785136079.1380570
1785136079.1380570
1785136079.1380570
1785136079.1382790
1785136079.1382790
1785136079.1382790
1785136079.1382790
1785136079.1382790
1785136079.1382790
1785136079.1382790
1785136079.1382790
1785136079.1382790
1785136079.1382790
1785136079.1382790
1785136079.1382790
1785136079.1382790
1785136079.1382790
1785136079.1382790
1785136079.1382790
1785136079.1382790
1785136079.1382790
1785136079.1382790
1785136079.1382790
1785136079.1382790
1785136079.1382790
1785136079.1382790
1785136079.1382790
1785136079.1382790
1785136079.1382790
1785136079.1382790
1785136079.1382790
1785136079.1382790
1785136079.1382790
1785136079.1382790
1785136079.1382790
1785136079.1382790
1785136079.1382790
1785136079.1382790
1785136079.1382790
1785136079.1382790
1785136079.1382790
1785136079.1382790
1785136079.1382790
1785136079.1382790
1785136079.1382790
1785136079.1382790
1785136079.1382790
1785136079.1382790
1785136079.1382790
1785136079.1382790
1785136079.1382790
1785136079.1382790
1785136079.1382790
1785136079.1382790
1785136079.1382790
1785136079.1385009
1785136079.1385009
1785136079.1385009
1785136079.1385009
1785136079.1385009
1785136079.1385009
1785136079.1385009
1785136079.1385009
1785136079.1385009
1785136079.1385009
1785136079.1385009
1785136079.1385009
1785136079.1385009
1785136079.1385009
1785136079.1385009
1785136079.1385009
1785136079.1385009
1785136079.1385009
1785136079.1385009
1785136079.1385009
1785136079.1385009
1785136079.1385009
1785136079.1385009
1785136079.1385009
1785136079.1385009
1785136079.1385009
1785136079.1385009
1785136079.1385009
1785136079.1385009
1785136079.1385009
1785136079.1385009
1785136079.1385009
1785136079.1385009
1785136079.1385009
1785136079.1385009
1785136079.1385009
1785136079.1385009
1785136079.1385009
1785136079.1385009
1785136079.1385009
1785136079.1385009
1785136079.1385009
1785136079.1385009
1785136079.1385009
1785136079.1385009
1785136079.1385009
1785136079.1385009
1785136079.1385009
1785136079.1385009
1785136079.1385009
1785136079.1385009
1785136079.1385009
1785136079.1387229
1785136079.1387229
1785136079.1387229
1785136079.1387229
1785136079.1387229
1785136079.1387229
1785136079.1387229
1785136079.1387229
1785136079.1387229
1785136079.1387229
1785136079.1387229
1785136079.1387229
1785136079.1387229
1785136079.1387229
1785136079.1387229
1785136079.1387229
1785136079.1387229
1785136079.1387229
1785136079.1387229
1785136079.1387229
1785136079.1387229
1785136079.1387229
1785136079.1387229
1785136079.1387229
1785136079.1387229
1785136079.1387229
1785136079.1387229
1785136079.1387229
1785136079.1387229
1785136079.1387229
1785136079.1387229
1785136079.1387229
1785136079.1387229
1785136079.1387229
1785136079.1387229
1785136079.1387229
1785136079.1387229
1785136079.1387229
1785136079.1387229
1785136079.1387229
1785136079.1387229
1785136079.1387229
1785136079.1387229
1785136079.1387229
1785136079.1387229
1785136079.1387229
1785136079.1387229
1785136079.1387229
1785136079.1387229
1785136079.1387229
1785136079.1387229
1785136079.1387229
1785136079.1389461
1785136079.1389461
1785136079.1389461
1785136079.1389461
1785136079.1389461
1785136079.1389461
1785136079.1389461
1785136079.1389461
1785136079.1389461
1785136079.1389461
1785136079.1389461
1785136079.1389461
1785136079.1389461
1785136079.1389461
1785136079.1389461
1785136079.1389461
1785136079.1389461
1785136079.1389461
1785136079.1389461
1785136079.1389461
1785136079.1389461
1785136079.1389461
1785136079.1389461
1785136079.1389461
1785136079.1389461
1785136079.1389461
1785136079.1389461
1785136079.1389461
1785136079.1389461
1785136079.1389461
1785136079.1389461
1785136079.1389461
1785136079.1389461
1785136079.1389461
1785136079.1389461
1785136079.1389461
1785136079.1389461
1785136079.1389461
1785136079.1389461
1785136079.1389461
1785136079.1389461
1785136079.1389461
1785136079.1389461
1785136079.1389461
1785136079.1389461
1785136079.1389461
1785136079.1389461
1785136079.1389461
1785136079.1389461
1785136079.1389461
1785136079.1389461
1785136079.1389461
1785136079.1391680
1785136079.1391680
1785136079.1391680
1785136079.1391680
1785136079.1391680
1785136079.1391680
1785136079.1391680
1785136079.1391680
1785136079.1391680
1785136079.1391680
1785136079.1391680
1785136079.1391680
1785136079.1391680
1785136079.1391680
1785136079.1391680
1785136079.1391680
1785136079.1391680
1785136079.1391680
1785136079.1391680
1785136079.1391680
1785136079.1391680
1785136079.1391680
1785136079.1391680
1785136079.1391680
1785136079.1391680
1785136079.1391680
1785136079.1391680
1785136079.1391680
1785136079.1391680
1785136079.1391680
1785136079.1391680
1785136079.1391680
1785136079.1391680
1785136079.1391680
1785136079.1391680
1785136079.1391680
1785136079.1391680
1785136079.1391680
1785136079.1391680
1785136079.1391680
1785136079.1391680
1785136079.1391680
1785136079.1391680
1785136079.1391680
1785136079.1391680
1785136079.1391680
1785136079.1391680
1785136079.1391680
1785136079.1391680
1785136079.1391680
1785136079.1391680
1785136079.1391680
1785136079.1393900
1785136079.1393900
1785136079.1393900
1785136079.1393900
1785136079.1393900
1785136079.1393900
1785136079.1393900
1785136079.1393900
1785136079.1393900
1785136079.1393900
1785136079.1393900
1785136079.1393900
1785136079.1393900
1785136079.1393900
1785136079.1393900
1785136079.1393900
1785136079.1393900
1785136079.1393900
1785136079.1393900
1785136079.1393900
1785136079.1393900
1785136079.1393900
1785136079.1393900
1785136079.1393900
1785136079.1393900
1785136079.1393900
1785136079.1393900
1785136079.1393900
1785136079.1393900
1785136079.1393900
1785136079.1393900
1785136079.1393900
1785136079.1393900
1785136079.1393900
1785136079.1393900
1785136079.1393900
1785136079.1393900
1785136079.1393900
1785136079.1393900
1785136079.1393900
1785136079.1393900
1785136079.1393900
1785136079.1393900
1785136079.1393900
1785136079.1393900
1785136079.1393900
1785136079.1393900
1785136079.1393900
1785136079.1393900
1785136079.1393900
1785136079.1393900
1785136079.1393900
1785136079.1396120
1785136079.1396120
1785136079.1396120
1785136079.1396120
1785136079.1396120
1785136079.1396120
1785136079.1396120
1785136079.1396120
1785136079.1396120
1785136079.1396120
1785136079.1396120
1785136079.1396120
1785136079.1396120
1785136079.1396120
1785136079.1396120
1785136079.1396120
1785136079.1396120
1785136079.1396120
1785136079.1396120
1785136079.1396120
1785136079.1396120
1785136079.1396120
1785136079.1396120
1785136079.1396120
1785136079.1396120
1785136079.1396120
1785136079.1396120
1785136079.1396120
1785136079.1396120
1785136079.1396120
1785136079.1396120
1785136079.1396120
1785136079.1396120
1785136079.1396120
1785136079.1396120
1785136079.1396120
1785136079.1396120
1785136079.1396120
1785136079.1396120
1785136079.1396120
1785136079.1396120
1785136079.1396120
1785136079.1396120
1785136079.1396120
1785136079.1396120
1785136079.1396120
1785136079.1396120
1785136079.1396120
1785136079.1396120
1785136079.1396120
1785136079.1396120
1785136079.1396120
1785136079.1398339
1785136079.1398339
1785136079.1398339
1785136079.1398339
1785136079.1398339
1785136079.1398339
1785136079.1398339
1785136079.1398339
1785136079.1398339
1785136079.1398339
1785136079.1398339
1785136079.1398339
1785136079.1398339
1785136079.1398339
1785136079.1398339
1785136079.1398339
1785136079.1398339
1785136079.1398339
1785136079.1398339
1785136079.1398339
1785136079.1398339
1785136079.1398339
1785136079.1398339
1785136079.1398339
1785136079.1398339
1785136079.1398339
1785136079.1398339
1785136079.1398339
1785136079.1398339
1785136079.1398339
1785136079.1398339
1785136079.1398339
1785136079.1398339
1785136079.1398339
1785136079.1398339
1785136079.1398339
1785136079.1398339
1785136079.1398339
1785136079.1398339
1785136079.1398339
1785136079.1398339
1785136079.1398339
1785136079.1398339
1785136079.1398339
1785136079.1398339
1785136079.1398339
1785136079.1398339
1785136079.1398339
1785136079.1398339
1785136079.1398339
1785136079.1398339
1785136079.1398339
1785136079.1400559
1785136079.1400559
1785136079.1400559
1785136079.1400559
1785136079.1400559
1785136079.1400559
1785136079.1400559
1785136079.1400559
1785136079.1400559
1785136079.1400559
1785136079.1400559
1785136079.1400559
1785136079.1400559
1785136079.1400559
1785136079.1400559
1785136079.1400559
1785136079.1400559
1785136079.1400559
1785136079.1400559
1785136079.1400559
1785136079.1400559
1785136079.1400559
1785136079.1400559
1785136079.1400559
1785136079.1400559
1785136079.1400559
1785136079.1400559
1785136079.1400559
1785136079.1400559
1785136079.1400559
1785136079.1400559
1785136079.1400559
1785136079.1400559
1785136079.1400559
1785136079.1400559
1785136079.1400559
1785136079.1400559
1785136079.1400559
1785136079.1400559
1785136079.1400559
1785136079.1400559
1785136079.1400559
1785136079.1400559
1785136079.1400559
1785136079.1400559
1785136079.1400559
1785136079.1400559
1785136079.1400559
1785136079.1400559
1785136079.1400559
1785136079.1400559
1785136079.1400559
1785136079.1402791
1785136079.1402791
1785136079.1402791
1785136079.1402791
1785136079.1402791
1785136079.1402791
1785136079.1402791
1785136079.1402791
1785136079.1402791
1785136079.1402791
1785136079.1402791
1785136079.1402791
1785136079.1402791
1785136079.1402791
1785136079.1402791
1785136079.1402791
1785136079.1402791
1785136079.1402791
1785136079.1402791
1785136079.1402791
1785136079.1402791
1785136079.1402791
1785136079.1402791
1785136079.1402791
1785136079.1402791
1785136079.1402791
1785136079.1402791
1785136079.1402791
1785136079.1402791
1785136079.1402791
1785136079.1402791
1785136079.1402791
1785136079.1402791
1785136079.1402791
1785136079.1402791
1785136079.1402791
1785136079.1402791
1785136079.1402791
1785136079.1402791
1785136079.1402791
1785136079.1402791
1785136079.1402791
1785136079.1402791
1785136079.1402791
1785136079.1402791
1785136079.1402791
1785136079.1402791
1785136079.1402791
1785136079.1402791
1785136079.1402791
1785136079.1402791
1785136079.1402791
1785136079.1405010
1785136079.1405010
1785136079.1405010
1785136079.1405010
1785136079.1405010
1785136079.1405010
1785136079.1405010
1785136079.1405010
1785136079.1405010
1785136079.1405010
1785136079.1405010
1785136079.1405010
1785136079.1405010
1785136079.1405010
1785136079.1405010
1785136079.1405010
1785136079.1405010
1785136079.1405010
1785136079.1405010
1785136079.1405010
1785136079.1405010
1785136079.1405010
1785136079.1405010
1785136079.1405010
1785136079.1405010
1785136079.1405010
1785136079.1405010
1785136079.1405010
1785136079.1405010
1785136079.1405010
1785136079.1405010
1785136079.1405010
1785136079.1405010
1785136079.1405010
1785136079.1405010
1785136079.1405010
1785136079.1405010
1785136079.1405010
1785136079.1405010
1785136079.1405010
1785136079.1405010
1785136079.1405010
1785136079.1405010
1785136079.1405010
1785136079.1405010
1785136079.1405010
1785136079.1405010
1785136079.1405010
1785136079.1405010
1785136079.1405010
1785136079.1405010
1785136079.1405010
1785136079.1407230
1785136079.1407230
1785136079.1407230
1785136079.1407230
1785136079.1407230
1785136079.1407230
1785136079.1407230
1785136079.1407230
1785136079.1407230
1785136079.1407230
1785136079.1407230
1785136079.1407230
1785136079.1407230
1785136079.1407230
1785136079.1407230
1785136079.1407230
1785136079.1407230
1785136079.1407230
1785136079.1407230
1785136079.1407230
1785136079.1407230
1785136079.1407230
1785136079.1407230
1785136079.1407230
1785136079.1407230
1785136079.1407230
1785136079.1407230
1785136079.1407230
1785136079.1407230
1785136079.1407230
1785136079.1407230
1785136079.1407230
1785136079.1407230
1785136079.1407230
1785136079.1407230
1785136079.1407230
1785136079.1407230
1785136079.1407230
1785136079.1407230
1785136079.1407230
1785136079.1407230
1785136079.1407230
1785136079.1407230
1785136079.1407230
1785136079.1407230
1785136079.1407230
1785136079.1407230
1785136079.1407230
1785136079.1407230
1785136079.1407230
1785136079.1407230
1785136079.1407230
1785136079.1409450
1785136079.1409450
1785136079.1409450
1785136079.1409450
1785136079.1409450
1785136079.1409450
1785136079.1409450
1785136079.1409450
1785136079.1409450
1785136079.1409450
1785136079.1409450
1785136079.1409450
1785136079.1409450
1785136079.1409450
1785136079.1409450
1785136079.1409450
1785136079.1409450
1785136079.1409450
1785136079.1409450
1785136079.1409450
1785136079.1409450
1785136079.1409450
1785136079.1409450
1785136079.1409450
1785136079.1409450
1785136079.1409450
1785136079.1409450
1785136079.1409450
1785136079.1409450
1785136079.1409450
1785136079.1409450
1785136079.1409450
1785136079.1409450
1785136079.1409450
1785136079.1409450
1785136079.1409450
1785136079.1409450
1785136079.1409450
1785136079.1409450
1785136079.1409450
1785136079.1409450
1785136079.1409450
1785136079.1409450
1785136079.1409450
1785136079.1409450
1785136079.1409450
1785136079.1409450
1785136079.1409450
1785136079.1409450
1785136079.1409450
1785136079.1409450
1785136079.1409450
1785136079.1411669
1785136079.1411669
1785136079.1411669
1785136079.1411669
1785136079.1411669
1785136079.1411669
1785136079.1411669
1785136079.1411669
1785136079.1411669
1785136079.1411669
1785136079.1411669
1785136079.1411669
1785136079.1411669
1785136079.1411669
1785136079.1411669
1785136079.1411669
1785136079.1411669
1785136079.1411669
1785136079.1411669
1785136079.1411669
1785136079.1411669
1785136079.1411669
1785136079.1411669
1785136079.1411669
1785136079.1411669
1785136079.1411669
1785136079.1411669
1785136079.1411669
1785136079.1411669
1785136079.1411669
1785136079.1411669
1785136079.1411669
1785136079.1411669
1785136079.1411669
1785136079.1411669
1785136079.1411669
1785136079.1411669
1785136079.1411669
1785136079.1411669
1785136079.1411669
1785136079.1411669
1785136079.1411669
1785136079.1411669
1785136079.1411669
1785136079.1411669
1785136079.1411669
1785136079.1411669
1785136079.1411669
1785136079.1411669
1785136079.1411669
1785136079.1411669
1785136079.1411669
1785136079.1413901
1785136079.1413901
1785136079.1413901
1785136079.1413901
1785136079.1413901
1785136079.1413901
1785136079.1413901
1785136079.1413901
1785136079.1413901
1785136079.1413901
1785136079.1413901
1785136079.1413901
1785136079.1413901
1785136079.1413901
1785136079.1413901
1785136079.1413901
1785136079.1413901
1785136079.1413901
1785136079.1413901
1785136079.1413901
1785136079.1413901
1785136079.1413901
1785136079.1413901
1785136079.1413901
1785136079.1413901
1785136079.1413901
1785136079.1413901
1785136079.1413901
1785136079.1413901
1785136079.1413901
1785136079.1413901
1785136079.1413901
1785136079.1413901
1785136079.1413901
1785136079.1413901
1785136079.1413901
1785136079.1413901
1785136079.1413901
1785136079.1413901
1785136079.1413901
1785136079.1413901
1785136079.1413901
1785136079.1413901
1785136079.1413901
1785136079.1413901
1785136079.1413901
1785136079.1413901
1785136079.1413901
1785136079.1413901
1785136079.1413901
1785136079.1413901
1785136079.1413901
1785136079.1416121
1785136079.1416121
1785136079.1416121
1785136079.1416121
1785136079.1416121
1785136079.1416121
1785136079.1416121
1785136079.1416121
1785136079.1416121
1785136079.1416121
1785136079.1416121
1785136079.1416121
1785136079.1416121
1785136079.1416121
1785136079.1416121
1785136079.1416121
1785136079.1416121
1785136079.1416121
1785136079.1416121
1785136079.1416121
1785136079.1416121
1785136079.1416121
1785136079.1416121
1785136079.1416121
1785136079.1416121
1785136079.1416121
1785136079.1416121
1785136079.1416121
1785136079.1416121
1785136079.1416121
1785136079.1416121
1785136079.1416121
1785136079.1416121
1785136079.1416121
1785136079.1416121
1785136079.1416121
1785136079.1416121
1785136079.1416121
1785136079.1416121
1785136079.1416121
1785136079.1416121
1785136079.1416121
1785136079.1416121
1785136079.1416121
1785136079.1416121
1785136079.1416121
1785136079.1416121
1785136079.1416121
1785136079.1416121
1785136079.1416121
1785136079.1416121
1785136079.1416121
1785136079.1418340
1785136079.1418340
1785136079.1418340
1785136079.1418340
1785136079.1418340
1785136079.1418340
1785136079.1418340
1785136079.1418340
1785136079.1418340
1785136079.1418340
1785136079.1418340
1785136079.1418340
1785136079.1418340
1785136079.1418340
1785136079.1418340
1785136079.1418340
1785136079.1418340
1785136079.1418340
1785136079.1418340
1785136079.1418340
1785136079.1418340
1785136079.1418340
1785136079.1418340
1785136079.1418340
1785136079.1418340
1785136079.1418340
1785136079.1418340
1785136079.1418340
1785136079.1418340
1785136079.1418340
1785136079.1418340
1785136079.1418340
1785136079.1418340
1785136079.1418340
1785136079.1418340
1785136079.1418340
1785136079.1418340
1785136079.1418340
1785136079.1418340
1785136079.1418340
1785136079.1418340
1785136079.1418340
1785136079.1418340
1785136079.1418340
1785136079.1418340
1785136079.1418340
1785136079.1418340
1785136079.1418340
1785136079.1418340
1785136079.1418340
1785136079.1418340
1785136079.1418340
1785136079.1420560
1785136079.1420560
1785136079.1420560
1785136079.1420560
1785136079.1420560
1785136079.1420560
1785136079.1420560
1785136079.1420560
1785136079.1420560
1785136079.1420560
1785136079.1420560
1785136079.1420560
1785136079.1420560
1785136079.1420560
1785136079.1420560
1785136079.1420560
1785136079.1420560
1785136079.1420560
1785136079.1420560
1785136079.1420560
1785136079.1420560
1785136079.1420560
1785136079.1420560
1785136079.1420560
1785136079.1420560
1785136079.1420560
1785136079.1420560
1785136079.1420560
1785136079.1420560
1785136079.1420560
1785136079.1420560
1785136079.1420560
1785136079.1420560
1785136079.1420560
1785136079.1420560
1785136079.1420560
1785136079.1420560
1785136079.1420560
1785136079.1420560
1785136079.1420560
1785136079.1420560
1785136079.1420560
1785136079.1420560
1785136079.1420560
1785136079.1420560
1785136079.1420560
1785136079.1420560
1785136079.1420560
1785136079.1420560
1785136079.1420560
1785136079.1420560
1785136079.1420560
1785136079.1422780
1785136079.1422780
1785136079.1422780
1785136079.1422780
1785136079.1422780
1785136079.1422780
1785136079.1422780
1785136079.1422780
1785136079.1422780
1785136079.1422780
1785136079.1422780
1785136079.1422780
1785136079.1422780
1785136079.1422780
1785136079.1422780
1785136079.1422780
1785136079.1422780
1785136079.1422780
1785136079.1422780
1785136079.1422780
1785136079.1422780
1785136079.1422780
1785136079.1422780
1785136079.1422780
1785136079.1422780
1785136079.1422780
1785136079.1422780
1785136079.1422780
1785136079.1422780
1785136079.1422780
1785136079.1422780
1785136079.1422780
1785136079.1422780
1785136079.1422780
1785136079.1422780
1785136079.1422780
1785136079.1422780
1785136079.1422780
1785136079.1422780
1785136079.1422780
1785136079.1422780
1785136079.1422780
1785136079.1422780
1785136079.1422780
1785136079.1422780
1785136079.1422780
1785136079.1422780
1785136079.1422780
1785136079.1422780
1785136079.1422780
1785136079.1422780
1785136079.1422780
1785136079.1425011
1785136079.1425011
1785136079.1425011
1785136079.1425011
1785136079.1425011
1785136079.1425011
1785136079.1425011
1785136079.1425011
1785136079.1425011
1785136079.1425011
1785136079.1425011
1785136079.1425011
1785136079.1425011
1785136079.1425011
1785136079.1425011
1785136079.1425011
1785136079.1425011
1785136079.1425011
1785136079.1425011
1785136079.1425011
1785136079.1425011
1785136079.1425011
1785136079.1425011
1785136079.1425011
1785136079.1425011
1785136079.1425011
1785136079.1425011
1785136079.1425011
1785136079.1425011
1785136079.1425011
1785136079.1425011
1785136079.1425011
1785136079.1425011
1785136079.1425011
1785136079.1425011
1785136079.1425011
1785136079.1425011
1785136079.1425011
1785136079.1425011
1785136079.1425011
1785136079.1425011
1785136079.1425011
1785136079.1425011
1785136079.1425011
1785136079.1425011
1785136079.1425011
1785136079.1425011
1785136079.1425011
1785136079.1425011
1785136079.1425011
1785136079.1425011
1785136079.1425011
1785136079.1427231
1785136079.1427231
1785136079.1427231
1785136079.1427231
1785136079.1427231
1785136079.1427231
1785136079.1427231
1785136079.1427231
1785136079.1427231
1785136079.1427231
1785136079.1427231
1785136079.1427231
1785136079.1427231
1785136079.1427231
1785136079.1427231
1785136079.1427231
1785136079.1427231
1785136079.1427231
1785136079.1427231
1785136079.1427231
1785136079.1427231
1785136079.1427231
1785136079.1427231
1785136079.1427231
1785136079.1427231
1785136079.1427231
1785136079.1427231
1785136079.1427231
1785136079.1427231
1785136079.1427231
1785136079.1427231
1785136079.1427231
1785136079.1427231
1785136079.1427231
1785136079.1427231
1785136079.1427231
1785136079.1427231
1785136079.1427231
1785136079.1427231
1785136079.1427231
1785136079.1427231
1785136079.1427231
1785136079.1427231
1785136079.1427231
1785136079.1427231
1785136079.1427231
1785136079.1427231
1785136079.1427231
1785136079.1427231
1785136079.1427231
1785136079.1427231
1785136079.1429451
1785136079.1429451
1785136079.1429451
1785136079.1429451
1785136079.1429451
1785136079.1429451
1785136079.1429451
1785136079.1429451
1785136079.1429451
1785136079.1429451
1785136079.1429451
1785136079.1429451
1785136079.1429451
1785136079.1429451
1785136079.1429451
1785136079.1429451
1785136079.1429451
1785136079.1429451
1785136079.1429451
1785136079.1429451
1785136079.1429451
1785136079.1429451
1785136079.1429451
1785136079.1429451
1785136079.1429451
1785136079.1429451
1785136079.1429451
1785136079.1429451
1785136079.1429451
1785136079.1429451
1785136079.1429451
1785136079.1429451
1785136079.1429451
1785136079.1429451
1785136079.1429451
1785136079.1429451
1785136079.1429451
1785136079.1429451
1785136079.1429451
1785136079.1429451
1785136079.1429451
1785136079.1429451
1785136079.1429451
1785136079.1429451
1785136079.1429451
1785136079.1429451
1785136079.1429451
1785136079.1429451
1785136079.1429451
1785136079.1429451
1785136079.1429451
1785136079.1431670
1785136079.1431670
1785136079.1431670
1785136079.1431670
1785136079.1431670
1785136079.1431670
1785136079.1431670
1785136079.1431670
1785136079.1431670
1785136079.1431670
1785136079.1431670
1785136079.1431670
1785136079.1431670
1785136079.1431670
1785136079.1431670
1785136079.1431670
1785136079.1431670
1785136079.1431670
1785136079.1431670
1785136079.1431670
1785136079.1431670
1785136079.1431670
1785136079.1431670
1785136079.1431670
1785136079.1431670
1785136079.1431670
1785136079.1431670
1785136079.1431670
1785136079.1431670
1785136079.1431670
1785136079.1431670
1785136079.1431670
1785136079.1431670
1785136079.1431670
1785136079.1431670
1785136079.1431670
1785136079.1431670
1785136079.1431670
1785136079.1431670
1785136079.1431670
1785136079.1431670
1785136079.1431670
1785136079.1431670
1785136079.1431670
1785136079.1431670
1785136079.1431670
1785136079.1431670
1785136079.1431670
1785136079.1431670
1785136079.1431670
1785136079.1431670
1785136079.1433890
1785136079.1433890
1785136079.1433890
1785136079.1433890
1785136079.1433890
1785136079.1433890
1785136079.1433890
1785136079.1433890
1785136079.1433890
1785136079.1433890
1785136079.1433890
1785136079.1433890
1785136079.1433890
1785136079.1433890
1785136079.1433890
1785136079.1433890
1785136079.1433890
1785136079.1433890
1785136079.1433890
1785136079.1433890
1785136079.1433890
1785136079.1433890
1785136079.1433890
1785136079.1433890
1785136079.1433890
1785136079.1433890
1785136079.1433890
1785136079.1433890
1785136079.1433890
1785136079.1433890
1785136079.1433890
1785136079.1433890
1785136079.1433890
1785136079.1433890
1785136079.1433890
1785136079.1433890
1785136079.1433890
1785136079.1433890
1785136079.1433890
1785136079.1433890
1785136079.1433890
1785136079.1433890
1785136079.1433890
1785136079.1433890
1785136079.1433890
1785136079.1433890
1785136079.1433890
1785136079.1433890
1785136079.1433890
1785136079.1433890
1785136079.1433890
1785136079.1436110
1785136079.1436110
1785136079.1436110
1785136079.1436110
1785136079.1436110
1785136079.1436110
1785136079.1436110
1785136079.1436110
1785136079.1436110
1785136079.1436110
1785136079.1436110
1785136079.1436110
1785136079.1436110
1785136079.1436110
1785136079.1436110
1785136079.1436110
1785136079.1436110
1785136079.1436110
1785136079.1436110
1785136079.1436110
1785136079.1436110
1785136079.1436110
1785136079.1436110
1785136079.1436110
1785136079.1436110
1785136079.1436110
1785136079.1436110
1785136079.1436110
1785136079.1436110
1785136079.1436110
1785136079.1436110
1785136079.1436110
1785136079.1436110
1785136079.1436110
1785136079.1436110
1785136079.1436110
1785136079.1436110
1785136079.1436110
1785136079.1436110
1785136079.1436110
1785136079.1436110
1785136079.1436110
1785136079.1436110
1785136079.1436110
1785136079.1436110
1785136079.1436110
1785136079.1436110
1785136079.1436110
1785136079.1436110
1785136079.1436110
1785136079.1436110
1785136079.1438341
1785136079.1438341
1785136079.1438341
1785136079.1438341
1785136079.1438341
1785136079.1438341
1785136079.1438341
1785136079.1438341
1785136079.1438341
1785136079.1438341
1785136079.1438341
1785136079.1438341
1785136079.1438341
1785136079.1438341
1785136079.1438341
1785136079.1438341
1785136079.1438341
1785136079.1438341
1785136079.1438341
1785136079.1438341
1785136079.1438341
1785136079.1438341
1785136079.1438341
1785136079.1438341
1785136079.1438341
1785136079.1438341
1785136079.1438341
1785136079.1438341
1785136079.1438341
1785136079.1438341
1785136079.1438341
1785136079.1438341
1785136079.1438341
1785136079.1438341
1785136079.1438341
1785136079.1438341
1785136079.1438341
1785136079.1438341
1785136079.1438341
1785136079.1438341
1785136079.1438341
1785136079.1438341
1785136079.1438341
1785136079.1438341
1785136079.1438341
1785136079.1438341
1785136079.1438341
1785136079.1438341
1785136079.1438341
1785136079.1438341
1785136079.1438341
1785136079.1440561
1785136079.1440561
1785136079.1440561
1785136079.1440561
1785136079.1440561
1785136079.1440561
1785136079.1440561
1785136079.1440561
1785136079.1440561
1785136079.1440561
1785136079.1440561
1785136079.1440561
1785136079.1440561
1785136079.1440561
1785136079.1440561
1785136079.1440561
1785136079.1440561
1785136079.1440561
1785136079.1440561
1785136079.1440561
1785136079.1440561
1785136079.1440561
1785136079.1440561
1785136079.1440561
1785136079.1440561
1785136079.1440561
1785136079.1440561
1785136079.1440561
1785136079.1440561
1785136079.1440561
1785136079.1440561
1785136079.1440561
1785136079.1440561
1785136079.1440561
1785136079.1440561
1785136079.1440561
1785136079.1440561
1785136079.1440561
1785136079.1440561
1785136079.1440561
1785136079.1440561
1785136079.1440561
1785136079.1440561
1785136079.1440561
1785136079.1440561
1785136079.1440561
1785136079.1440561
1785136079.1440561
1785136079.1440561
1785136079.1440561
1785136079.1440561
1785136079.1442780
1785136079.1442780
1785136079.1442780
1785136079.1442780
1785136079.1442780
1785136079.1442780
1785136079.1442780
1785136079.1442780
1785136079.1442780
1785136079.1442780
1785136079.1442780
1785136079.1442780
1785136079.1442780
1785136079.1442780
1785136079.1442780
1785136079.1442780
1785136079.1442780
1785136079.1442780
1785136079.1442780
1785136079.1442780
1785136079.1442780
1785136079.1442780
1785136079.1442780
1785136079.1442780
1785136079.1442780
1785136079.1442780
1785136079.1442780
1785136079.1442780
1785136079.1442780
1785136079.1442780
1785136079.1442780
1785136079.1442780
1785136079.1442780
1785136079.1442780
1785136079.1442780
1785136079.1442780
1785136079.1442780
1785136079.1442780
1785136079.1442780
1785136079.1442780
1785136079.1442780
1785136079.1442780
1785136079.1442780
1785136079.1442780
1785136079.1442780
1785136079.1442780
1785136079.1442780
1785136079.1442780
1785136079.1442780
1785136079.1442780
1785136079.1442780
1785136079.1445000
1785136079.1445000
1785136079.1445000
1785136079.1445000
1785136079.1445000
1785136079.1445000
1785136079.1445000
1785136079.1445000
1785136079.1445000
1785136079.1445000
1785136079.1445000
1785136079.1445000
1785136079.1445000
1785136079.1445000
1785136079.1445000
1785136079.1445000
1785136079.1445000
1785136079.1445000
1785136079.1445000
1785136079.1445000
1785136079.1445000
1785136079.1445000
1785136079.1445000
1785136079.1445000
1785136079.1445000
1785136079.1445000
1785136079.1445000
1785136079.1445000
1785136079.1445000
1785136079.1445000
1785136079.1445000
1785136079.1445000
1785136079.1445000
1785136079.1445000
1785136079.1445000
1785136079.1445000
1785136079.1445000
1785136079.1445000
1785136079.1445000
1785136079.1445000
1785136079.1445000
1785136079.1445000
1785136079.1445000
1785136079.1445000
1785136079.1445000
1785136079.1445000
1785136079.1445000
1785136079.1445000
1785136079.1445000
1785136079.1445000
1785136079.1445000
1785136079.1447220
1785136079.1447220
1785136079.1447220
1785136079.1447220
1785136079.1447220
1785136079.1447220
1785136079.1447220
1785136079.1447220
1785136079.1447220
1785136079.1447220
1785136079.1447220
1785136079.1447220
1785136079.1447220
1785136079.1447220
1785136079.1447220
1785136079.1447220
1785136079.1447220
1785136079.1447220
1785136079.1447220
1785136079.1447220
1785136079.1447220
1785136079.1447220
1785136079.1447220
1785136079.1447220
1785136079.1447220
1785136079.1447220
1785136079.1447220
1785136079.1447220
1785136079.1447220
1785136079.1447220
1785136079.1447220
1785136079.1447220
1785136079.1447220
1785136079.1447220
1785136079.1447220
1785136079.1447220
1785136079.1447220
1785136079.1447220
1785136079.1447220
1785136079.1447220
1785136079.1447220
1785136079.1447220
1785136079.1447220
1785136079.1447220
1785136079.1447220
1785136079.1447220
1785136079.1447220
1785136079.1447220
1785136079.1447220
1785136079.1447220
1785136079.1449449
1785136079.1449449
1785136079.1449449
1785136079.1449449
1785136079.1449449
1785136079.1449449
1785136079.1449449
1785136079.1449449
1785136079.1449449
1785136079.1449449
1785136079.1449449
1785136079.1449449
1785136079.1449449
1785136079.1449449
1785136079.1449449
1785136079.1449449
1785136079.1449449
1785136079.1449449
1785136079.1449449
1785136079.1449449
1785136079.1449449
1785136079.1449449
1785136079.1449449
1785136079.1449449
1785136079.1449449
1785136079.1449449
1785136079.1449449
1785136079.1449449
1785136079.1449449
1785136079.1449449
1785136079.1449449
1785136079.1449449
1785136079.1449449
1785136079.1449449
1785136079.1449449
1785136079.1449449
1785136079.1449449
1785136079.1449449
1785136079.1449449
1785136079.1449449
1785136079.1449449
1785136079.1449449
1785136079.1449449
1785136079.1449449
1785136079.1449449
1785136079.1449449
1785136079.1449449
1785136079.1449449
1785136079.1449449
1785136079.1449449
1785136079.1451671
1785136079.1451671
1785136079.1451671
1785136079.1451671
1785136079.1451671
1785136079.1451671
1785136079.1451671
1785136079.1451671
1785136079.1451671
1785136079.1451671
1785136079.1451671
1785136079.1451671
1785136079.1451671
1785136079.1451671
1785136079.1451671
1785136079.1451671
1785136079.1451671
1785136079.1451671
1785136079.1451671
1785136079.1451671
1785136079.1451671
1785136079.1451671
1785136079.1451671
1785136079.1451671
1785136079.1451671
1785136079.1451671
1785136079.1451671
1785136079.1451671
1785136079.1451671
1785136079.1451671
1785136079.1451671
1785136079.1451671
1785136079.1451671
1785136079.1451671
1785136079.1451671
1785136079.1451671
1785136079.1451671
1785136079.1451671
1785136079.1451671
1785136079.1451671
1785136079.1451671
1785136079.1451671
1785136079.1451671
1785136079.1451671
1785136079.1451671
1785136079.1451671
1785136079.1451671
1785136079.1451671
1785136079.1451671
1785136079.1451671
1785136079.1453891
1785136079.1453891
1785136079.1453891
1785136079.1453891
1785136079.1453891
1785136079.1453891
1785136079.1453891
1785136079.1453891
1785136079.1453891
1785136079.1453891
1785136079.1453891
1785136079.1453891
1785136079.1453891
1785136079.1453891
1785136079.1453891
1785136079.1453891
1785136079.1453891
1785136079.1453891
1785136079.1453891
1785136079.1453891
1785136079.1453891
1785136079.1453891
1785136079.1453891
1785136079.1453891
1785136079.1453891
1785136079.1453891
1785136079.1453891
1785136079.1453891
1785136079.1453891
1785136079.1453891
1785136079.1453891
1785136079.1453891
1785136079.1453891
1785136079.1453891
1785136079.1453891
1785136079.1453891
1785136079.1453891
1785136079.1453891
1785136079.1453891
1785136079.1453891
1785136079.1453891
1785136079.1453891
1785136079.1453891
1785136079.1453891
1785136079.1453891
1785136079.1453891
1785136079.1453891
1785136079.1453891
1785136079.1453891
1785136079.1453891
1785136079.1456110
1785136079.1456110
1785136079.1456110
1785136079.1456110
1785136079.1456110
1785136079.1456110
1785136079.1456110
1785136079.1456110
1785136079.1456110
1785136079.1456110
1785136079.1456110
1785136079.1456110
1785136079.1456110
1785136079.1456110
1785136079.1456110
1785136079.1456110
1785136079.1456110
1785136079.1456110
1785136079.1456110
1785136079.1456110
1785136079.1456110
1785136079.1456110
1785136079.1456110
1785136079.1456110
1785136079.1456110
1785136079.1456110
1785136079.1456110
1785136079.1456110
1785136079.1456110
1785136079.1456110
1785136079.1456110
1785136079.1456110
1785136079.1456110
1785136079.1456110
1785136079.1456110
1785136079.1456110
1785136079.1456110
1785136079.1456110
1785136079.1456110
1785136079.1456110
1785136079.1456110
1785136079.1456110
1785136079.1456110
1785136079.1456110
1785136079.1456110
1785136079.1456110
1785136079.1456110
1785136079.1456110
1785136079.1456110
1785136079.1456110
1785136079.1458330
1785136079.1458330
1785136079.1458330
1785136079.1458330
1785136079.1458330
1785136079.1458330
1785136079.1458330
1785136079.1458330
1785136079.1458330
1785136079.1458330
1785136079.1458330
1785136079.1458330
1785136079.1458330
1785136079.1458330
1785136079.1458330
1785136079.1458330
1785136079.1458330
1785136079.1458330
1785136079.1458330
1785136079.1458330
1785136079.1458330
1785136079.1458330
1785136079.1458330
1785136079.1458330
1785136079.1458330
1785136079.1458330
1785136079.1458330
1785136079.1458330
1785136079.1458330
1785136079.1458330
1785136079.1458330
1785136079.1458330
1785136079.1458330
1785136079.1458330
1785136079.1458330
1785136079.1458330
1785136079.1458330
1785136079.1458330
1785136079.1458330
1785136079.1458330
1785136079.1458330
1785136079.1458330
1785136079.1458330
1785136079.1458330
1785136079.1458330
1785136079.1458330
1785136079.1458330
1785136079.1458330
1785136079.1458330
1785136079.1458330
1785136079.1460559
1785136079.1460559
1785136079.1460559
1785136079.1460559
1785136079.1460559
1785136079.1460559
1785136079.1460559
1785136079.1460559
1785136079.1460559
1785136079.1460559
1785136079.1460559
1785136079.1460559
1785136079.1460559
1785136079.1460559
1785136079.1460559
1785136079.1460559
1785136079.1460559
1785136079.1460559
1785136079.1460559
1785136079.1460559
1785136079.1460559
1785136079.1460559
1785136079.1460559
1785136079.1460559
1785136079.1460559
1785136079.1460559
1785136079.1460559
1785136079.1460559
1785136079.1460559
1785136079.1460559
1785136079.1460559
1785136079.1460559
1785136079.1460559
1785136079.1460559
1785136079.1460559
1785136079.1460559
1785136079.1460559
1785136079.1460559
1785136079.1460559
1785136079.1460559
1785136079.1460559
1785136079.1460559
1785136079.1460559
1785136079.1460559
1785136079.1460559
1785136079.1460559
1785136079.1460559
1785136079.1460559
1785136079.1460559
1785136079.1460559
1785136079.1462779
1785136079.1462779
1785136079.1462779
1785136079.1462779
1785136079.1462779
1785136079.1462779
1785136079.1462779
1785136079.1462779
1785136079.1462779
1785136079.1462779
1785136079.1462779
1785136079.1462779
1785136079.1462779
1785136079.1462779
1785136079.1462779
1785136079.1462779
1785136079.1462779
1785136079.1462779
1785136079.1462779
1785136079.1462779
1785136079.1462779
1785136079.1462779
1785136079.1462779
1785136079.1462779
1785136079.1462779
1785136079.1462779
1785136079.1462779
1785136079.1462779
1785136079.1462779
1785136079.1462779
1785136079.1462779
1785136079.1462779
1785136079.1462779
1785136079.1462779
1785136079.1462779
1785136079.1462779
1785136079.1462779
1785136079.1462779
1785136079.1462779
1785136079.1462779
1785136079.1462779
1785136079.1462779
1785136079.1462779
1785136079.1462779
1785136079.1462779
1785136079.1462779
1785136079.1462779
1785136079.1462779
1785136079.1462779
1785136079.1462779
1785136079.1465001
1785136079.1465001
1785136079.1465001
1785136079.1465001
1785136079.1465001
1785136079.1465001
1785136079.1465001
1785136079.1465001
1785136079.1465001
1785136079.1465001
1785136079.1465001
1785136079.1465001
1785136079.1465001
1785136079.1465001
1785136079.1465001
1785136079.1465001
1785136079.1465001
1785136079.1465001
1785136079.1465001
1785136079.1465001
1785136079.1465001
1785136079.1465001
1785136079.1465001
1785136079.1465001
1785136079.1465001
1785136079.1465001
1785136079.1465001
1785136079.1465001
1785136079.1465001
1785136079.1465001
1785136079.1465001
1785136079.1465001
1785136079.1465001
1785136079.1465001
1785136079.1465001
1785136079.1465001
1785136079.1465001
1785136079.1465001
1785136079.1465001
1785136079.1465001
1785136079.1465001
1785136079.1465001
1785136079.1465001
1785136079.1465001
1785136079.1465001
1785136079.1465001
1785136079.1465001
1785136079.1465001
1785136079.1465001
1785136079.1467221
1785136079.1467221
1785136079.1467221
1785136079.1467221
1785136079.1467221
1785136079.1467221
1785136079.1467221
1785136079.1467221
1785136079.1467221
1785136079.1467221
1785136079.1467221
1785136079.1467221
1785136079.1467221
1785136079.1467221
1785136079.1467221
1785136079.1467221
1785136079.1467221
1785136079.1467221
1785136079.1467221
1785136079.1467221
1785136079.1467221
1785136079.1467221
1785136079.1467221
1785136079.1467221
1785136079.1467221
1785136079.1467221
1785136079.1467221
1785136079.1467221
1785136079.1467221
1785136079.1467221
1785136079.1467221
1785136079.1467221
1785136079.1467221
1785136079.1467221
1785136079.1467221
1785136079.1467221
1785136079.1467221
1785136079.1467221
1785136079.1467221
1785136079.1467221
1785136079.1467221
1785136079.1467221
1785136079.1467221
1785136079.1467221
1785136079.1467221
1785136079.1467221
1785136079.1467221
1785136079.1467221
1785136079.1467221
1785136079.1469440
1785136079.1469440
1785136079.1469440
1785136079.1469440
1785136079.1469440
1785136079.1469440
1785136079.1469440
1785136079.1469440
1785136079.1469440
1785136079.1469440
1785136079.1469440
1785136079.1469440
1785136079.1469440
1785136079.1469440
1785136079.1469440
1785136079.1469440
1785136079.1469440
1785136079.1469440
1785136079.1469440
1785136079.1469440
1785136079.1469440
1785136079.1469440
1785136079.1469440
1785136079.1469440
1785136079.1469440
1785136079.1469440
1785136079.1469440
1785136079.1469440
1785136079.1469440
1785136079.1469440
1785136079.1469440
1785136079.1469440
1785136079.1469440
1785136079.1469440
1785136079.1469440
1785136079.1469440
1785136079.1469440
1785136079.1469440
1785136079.1469440
1785136079.1469440
1785136079.1469440
1785136079.1469440
1785136079.1469440
1785136079.1469440
1785136079.1469440
1785136079.1469440
1785136079.1469440
1785136079.1469440
1785136079.1469440
1785136079.1471660
1785136079.1471660
1785136079.1471660
1785136079.1471660
1785136079.1471660
1785136079.1471660
1785136079.1471660
1785136079.1471660
1785136079.1471660
1785136079.1471660
1785136079.1471660
1785136079.1471660
1785136079.1471660
1785136079.1471660
1785136079.1471660
1785136079.1471660
1785136079.1471660
1785136079.1471660
1785136079.1471660
1785136079.1471660
1785136079.1471660
1785136079.1471660
1785136079.1471660
1785136079.1471660
1785136079.1471660
1785136079.1471660
1785136079.1471660
1785136079.1471660
1785136079.1471660
1785136079.1471660
1785136079.1471660
1785136079.1471660
1785136079.1471660
1785136079.1471660
1785136079.1471660
1785136079.1471660
1785136079.1471660
1785136079.1471660
1785136079.1471660
1785136079.1471660
1785136079.1471660
1785136079.1471660
1785136079.1471660
1785136079.1471660
1785136079.1471660
1785136079.1471660
1785136079.1471660
1785136079.1471660
1785136079.1471660
1785136079.1473889
1785136079.1473889
1785136079.1473889
1785136079.1473889
1785136079.1473889
1785136079.1473889
1785136079.1473889
1785136079.1473889
1785136079.1473889
1785136079.1473889
1785136079.1473889
1785136079.1473889
1785136079.1473889
1785136079.1473889
1785136079.1473889
1785136079.1473889
1785136079.1473889
1785136079.1473889
1785136079.1473889
1785136079.1473889
1785136079.1473889
1785136079.1473889
1785136079.1473889
1785136079.1473889
1785136079.1473889
1785136079.1473889
1785136079.1473889
1785136079.1473889
1785136079.1473889
1785136079.1473889
1785136079.1473889
1785136079.1473889
1785136079.1473889
1785136079.1473889
1785136079.1473889
1785136079.1473889
1785136079.1473889
1785136079.1473889
1785136079.1473889
1785136079.1473889
1785136079.1473889
1785136079.1473889
1785136079.1473889
1785136079.1473889
1785136079.1473889
1785136079.1473889
1785136079.1473889
1785136079.1473889
1785136079.1473889
1785136079.1476109
1785136079.1476109
1785136079.1476109
1785136079.1476109
1785136079.1476109
1785136079.1476109
1785136079.1476109
1785136079.1476109
1785136079.1476109
1785136079.1476109
1785136079.1476109
1785136079.1476109
1785136079.1476109
1785136079.1476109
1785136079.1476109
1785136079.1476109
1785136079.1476109
1785136079.1476109
1785136079.1476109
1785136079.1476109
1785136079.1476109
1785136079.1476109
1785136079.1476109
1785136079.1476109
1785136079.1476109
1785136079.1476109
1785136079.1476109
1785136079.1476109
1785136079.1476109
1785136079.1476109
1785136079.1476109
1785136079.1476109
1785136079.1476109
1785136079.1476109
1785136079.1476109
1785136079.1476109
1785136079.1476109
1785136079.1476109
1785136079.1476109
1785136079.1476109
1785136079.1476109
1785136079.1476109
1785136079.1476109
1785136079.1476109
1785136079.1476109
1785136079.1476109
1785136079.1476109
1785136079.1476109
1785136079.1478331
1785136079.1478331
1785136079.1478331
1785136079.1478331
1785136079.1478331
1785136079.1478331
1785136079.1478331
1785136079.1478331
1785136079.1478331
1785136079.1478331
1785136079.1478331
1785136079.1478331
1785136079.1478331
1785136079.1478331
1785136079.1478331
1785136079.1478331
1785136079.1478331
1785136079.1478331
1785136079.1478331
1785136079.1478331
1785136079.1478331
1785136079.1478331
1785136079.1478331
1785136079.1478331
1785136079.1478331
1785136079.1478331
1785136079.1478331
1785136079.1478331
1785136079.1478331
1785136079.1478331
1785136079.1478331
1785136079.1478331
1785136079.1478331
1785136079.1478331
1785136079.1478331
1785136079.1478331
1785136079.1478331
1785136079.1478331
1785136079.1478331
1785136079.1478331
1785136079.1478331
1785136079.1478331
1785136079.1478331
1785136079.1478331
1785136079.1478331
1785136079.1478331
1785136079.1478331
1785136079.1478331
1785136079.1478331
1785136079.1480551
1785136079.1480551
1785136079.1480551
1785136079.1480551
1785136079.1480551
1785136079.1480551
1785136079.1480551
1785136079.1480551
1785136079.1480551
1785136079.1480551
1785136079.1480551
1785136079.1480551
1785136079.1480551
1785136079.1480551
1785136079.1480551
1785136079.1480551
1785136079.1480551
1785136079.1480551
1785136079.1480551
1785136079.1480551
1785136079.1480551
1785136079.1480551
1785136079.1480551
1785136079.1480551
1785136079.1480551
1785136079.1480551
1785136079.1480551
1785136079.1480551
1785136079.1480551
1785136079.1480551
1785136079.1480551
1785136079.1480551
1785136079.1480551
1785136079.1480551
1785136079.1480551
1785136079.1480551
1785136079.1480551
1785136079.1480551
1785136079.1480551
1785136079.1480551
1785136079.1480551
1785136079.1480551
1785136079.1480551
1785136079.1480551
1785136079.1480551
1785136079.1480551
1785136079.1480551
1785136079.1480551
1785136079.1482770
1785136079.1482770
1785136079.1482770
1785136079.1482770
1785136079.1482770
1785136079.1482770
1785136079.1482770
1785136079.1482770
1785136079.1482770
1785136079.1482770
1785136079.1482770
1785136079.1482770
1785136079.1482770
1785136079.1482770
1785136079.1482770
1785136079.1482770
1785136079.1482770
1785136079.1482770
1785136079.1482770
1785136079.1482770
1785136079.1482770
1785136079.1482770
1785136079.1482770
1785136079.1482770
1785136079.1482770
1785136079.1482770
1785136079.1482770
1785136079.1482770
1785136079.1482770
1785136079.1482770
1785136079.1482770
1785136079.1482770
1785136079.1482770
1785136079.1482770
1785136079.1482770
1785136079.1482770
1785136079.1482770
1785136079.1482770
1785136079.1482770
1785136079.1482770
1785136079.1482770
1785136079.1482770
1785136079.1482770
1785136079.1482770
1785136079.1482770
1785136079.1482770
1785136079.1482770
1785136079.1482770
1785136079.1485000
1785136079.1485000
1785136079.1485000
1785136079.1485000
1785136079.1485000
1785136079.1485000
1785136079.1485000
1785136079.1485000
1785136079.1485000
1785136079.1485000
1785136079.1485000
1785136079.1485000
1785136079.1485000
1785136079.1485000
1785136079.1485000
1785136079.1485000
1785136079.1485000
1785136079.1485000
1785136079.1485000
1785136079.1485000
1785136079.1485000
1785136079.1485000
1785136079.1485000
1785136079.1485000
1785136079.1485000
1785136079.1485000
1785136079.1485000
1785136079.1485000
1785136079.1485000
1785136079.1485000
1785136079.1485000
1785136079.1485000
1785136079.1485000
1785136079.1485000
1785136079.1485000
1785136079.1485000
1785136079.1485000
1785136079.1485000
1785136079.1485000
1785136079.1485000
1785136079.1485000
1785136079.1485000
1785136079.1485000
1785136079.1485000
1785136079.1485000
1785136079.1485000
1785136079.1485000
1785136079.1485000
1785136079.1487219
1785136079.1487219
1785136079.1487219
1785136079.1487219
1785136079.1487219
1785136079.1487219
1785136079.1487219
1785136079.1487219
1785136079.1487219
1785136079.1487219
1785136079.1487219
1785136079.1487219
1785136079.1487219
1785136079.1487219
1785136079.1487219
1785136079.1487219
1785136079.1487219
1785136079.1487219
1785136079.1487219
1785136079.1487219
1785136079.1487219
1785136079.1487219
1785136079.1487219
1785136079.1487219
1785136079.1487219
1785136079.1487219
1785136079.1487219
1785136079.1487219
1785136079.1487219
1785136079.1487219
1785136079.1487219
1785136079.1487219
1785136079.1487219
1785136079.1487219
1785136079.1487219
1785136079.1487219
1785136079.1487219
1785136079.1487219
1785136079.1487219
1785136079.1487219
1785136079.1487219
1785136079.1487219
1785136079.1487219
1785136079.1487219
1785136079.1487219
1785136079.1487219
1785136079.1487219
1785136079.1487219
1785136079.1489439
1785136079.1489439
1785136079.1489439
1785136079.1489439
1785136079.1489439
1785136079.1489439
1785136079.1489439
1785136079.1489439
1785136079.1489439
1785136079.1489439
1785136079.1489439
1785136079.1489439
1785136079.1489439
1785136079.1489439
1785136079.1489439
1785136079.1489439
1785136079.1489439
1785136079.1489439
1785136079.1489439
1785136079.1489439
1785136079.1489439
1785136079.1489439
1785136079.1489439
1785136079.1489439
1785136079.1489439
1785136079.1489439
1785136079.1489439
1785136079.1489439
1785136079.1489439
1785136079.1489439
1785136079.1489439
1785136079.1489439
1785136079.1489439
1785136079.1489439
1785136079.1489439
1785136079.1489439
1785136079.1489439
1785136079.1489439
1785136079.1489439
1785136079.1489439
1785136079.1489439
1785136079.1489439
1785136079.1489439
1785136079.1489439
1785136079.1489439
1785136079.1489439
1785136079.1489439
1785136079.1489439
1785136079.1491661
1785136079.1491661
1785136079.1491661
1785136079.1491661
1785136079.1491661
1785136079.1491661
1785136079.1491661
1785136079.1491661
1785136079.1491661
1785136079.1491661
1785136079.1491661
1785136079.1491661
1785136079.1491661
1785136079.1491661
1785136079.1491661
1785136079.1491661
1785136079.1491661
1785136079.1491661
1785136079.1491661
1785136079.1491661
1785136079.1491661
1785136079.1491661
1785136079.1491661
1785136079.1491661
1785136079.1491661
1785136079.1491661
1785136079.1491661
1785136079.1491661
1785136079.1491661
1785136079.1491661
1785136079.1491661
1785136079.1491661
1785136079.1491661
1785136079.1491661
1785136079.1491661
1785136079.1491661
1785136079.1491661
1785136079.1491661
1785136079.1491661
1785136079.1491661
1785136079.1491661
1785136079.1491661
1785136079.1491661
1785136079.1491661
1785136079.1491661
1785136079.1491661
1785136079.1491661
1785136079.1491661
1785136079.1493881
1785136079.1493881
1785136079.1493881
1785136079.1493881
1785136079.1493881
1785136079.1493881
1785136079.1493881
1785136079.1493881
1785136079.1493881
1785136079.1493881
1785136079.1493881
1785136079.1493881
1785136079.1493881
1785136079.1493881
1785136079.1493881
1785136079.1493881
1785136079.1493881
1785136079.1493881
1785136079.1493881
1785136079.1493881
1785136079.1493881
1785136079.1493881
1785136079.1493881
1785136079.1493881
1785136079.1493881
1785136079.1493881
1785136079.1493881
1785136079.1493881
1785136079.1493881
1785136079.1493881
1785136079.1493881
1785136079.1493881
1785136079.1493881
1785136079.1493881
1785136079.1493881
1785136079.1493881
1785136079.1493881
1785136079.1493881
1785136079.1493881
1785136079.1493881
1785136079.1493881
1785136079.1493881
1785136079.1493881
1785136079.1493881
1785136079.1493881
1785136079.1493881
1785136079.1493881
1785136079.1493881
1785136079.1493881
1785136079.1496100
1785136079.1496100
1785136079.1496100
1785136079.1496100
1785136079.1496100
1785136079.1496100
1785136079.1496100
1785136079.1496100
1785136079.1496100
1785136079.1496100
1785136079.1496100
1785136079.1496100
1785136079.1496100
1785136079.1496100
1785136079.1496100
1785136079.1496100
1785136079.1496100
1785136079.1496100
1785136079.1496100
1785136079.1496100
1785136079.1496100
1785136079.1496100
1785136079.1496100
1785136079.1496100
1785136079.1496100
1785136079.1496100
1785136079.1496100
1785136079.1496100
1785136079.1496100
1785136079.1496100
1785136079.1496100
1785136079.1496100
1785136079.1496100
1785136079.1496100
1785136079.1496100
1785136079.1496100
1785136079.1496100
1785136079.1496100
1785136079.1496100
1785136079.1496100
1785136079.1496100
1785136079.1496100
1785136079.1496100
1785136079.1496100
1785136079.1496100
1785136079.1496100
1785136079.1496100
1785136079.1496100
1785136079.1496100
1785136079.1498320
1785136079.1498320
1785136079.1498320
1785136079.1498320
1785136079.1498320
1785136079.1498320
1785136079.1498320
1785136079.1498320
1785136079.1498320
1785136079.1498320
1785136079.1498320
1785136079.1498320
1785136079.1498320
1785136079.1498320
1785136079.1498320
1785136079.1498320
1785136079.1498320
1785136079.1498320
1785136079.1498320
1785136079.1498320
1785136079.1498320
1785136079.1498320
1785136079.1498320
1785136079.1498320
1785136079.1498320
1785136079.1498320
1785136079.1498320
1785136079.1498320
1785136079.1498320
1785136079.1498320
1785136079.1498320
1785136079.1498320
1785136079.1498320
1785136079.1498320
1785136079.1498320
1785136079.1498320
1785136079.1498320
1785136079.1498320
1785136079.1498320
1785136079.1498320
1785136079.1498320
1785136079.1498320
1785136079.1498320
1785136079.1498320
1785136079.1498320
1785136079.1498320
1785136079.1498320
1785136079.1498320
1785136079.1498320
1785136079.1498320
1785136079.1498320
1785136079.1500549
1785136079.1500549
1785136079.1500549
1785136079.1500549
1785136079.1500549
1785136079.1500549
1785136079.1500549
1785136079.1500549
1785136079.1500549
1785136079.1500549
1785136079.1500549
1785136079.1500549
1785136079.1500549
1785136079.1500549
1785136079.1500549
1785136079.1500549
1785136079.1500549
1785136079.1500549
1785136079.1500549
1785136079.1500549
1785136079.1500549
1785136079.1500549
1785136079.1500549
1785136079.1500549
1785136079.1500549
1785136079.1500549
1785136079.1500549
1785136079.1500549
1785136079.1500549
1785136079.1500549
1785136079.1500549
1785136079.1500549
1785136079.1500549
1785136079.1500549
1785136079.1500549
1785136079.1500549
1785136079.1500549
1785136079.1500549
1785136079.1500549
1785136079.1500549
1785136079.1500549
1785136079.1500549
1785136079.1500549
1785136079.1500549
1785136079.1500549
1785136079.1500549
1785136079.1500549
1785136079.1500549
1785136079.1500549
1785136079.1500549
1785136079.1500549
1785136079.1500549
1785136079.1502769
1785136079.1502769
1785136079.1502769
1785136079.1502769
1785136079.1502769
1785136079.1502769
1785136079.1502769
1785136079.1502769
1785136079.1502769
1785136079.1502769
1785136079.1502769
1785136079.1502769
1785136079.1502769
1785136079.1502769
1785136079.1502769
1785136079.1502769
1785136079.1502769
1785136079.1502769
1785136079.1502769
1785136079.1502769
1785136079.1502769
1785136079.1502769
1785136079.1502769
1785136079.1502769
1785136079.1502769
1785136079.1502769
1785136079.1502769
1785136079.1502769
1785136079.1502769
1785136079.1502769
1785136079.1502769
1785136079.1502769
1785136079.1502769
1785136079.1502769
1785136079.1502769
1785136079.1502769
1785136079.1502769
1785136079.1502769
1785136079.1502769
1785136079.1502769
1785136079.1502769
1785136079.1502769
1785136079.1502769
1785136079.1502769
1785136079.1502769
1785136079.1502769
1785136079.1502769
1785136079.1502769
1785136079.1502769
1785136079.1504991
1785136079.1504991
1785136079.1504991
1785136079.1504991
1785136079.1504991
1785136079.1504991
1785136079.1504991
1785136079.1504991
1785136079.1504991
1785136079.1504991
1785136079.1504991
1785136079.1504991
1785136079.1504991
1785136079.1504991
1785136079.1504991
1785136079.1504991
1785136079.1504991
1785136079.1504991
1785136079.1504991
1785136079.1504991
1785136079.1504991
1785136079.1504991
1785136079.1504991
1785136079.1504991
1785136079.1504991
1785136079.1504991
1785136079.1504991
1785136079.1504991
1785136079.1504991
1785136079.1504991
1785136079.1504991
1785136079.1504991
1785136079.1504991
1785136079.1504991
1785136079.1504991
1785136079.1504991
1785136079.1504991
1785136079.1504991
1785136079.1504991
1785136079.1504991
1785136079.1504991
1785136079.1504991
1785136079.1504991
1785136079.1504991
1785136079.1504991
1785136079.1507211
1785136079.1507211
1785136079.1507211
1785136079.1507211
1785136079.1507211
1785136079.1507211
1785136079.1507211
1785136079.1507211
1785136079.1507211
1785136079.1507211
1785136079.1507211
1785136079.1507211
1785136079.1507211
1785136079.1507211
1785136079.1507211
1785136079.1507211
1785136079.1507211
1785136079.1507211
1785136079.1507211
1785136079.1507211
1785136079.1507211
1785136079.1507211
1785136079.1507211
1785136079.1507211
1785136079.1507211
1785136079.1507211
1785136079.1507211
1785136079.1507211
1785136079.1507211
1785136079.1507211
1785136079.1507211
1785136079.1507211
1785136079.1507211
1785136079.1507211
1785136079.1507211
1785136079.1507211
1785136079.1507211
1785136079.1507211
1785136079.1507211
1785136079.1507211
1785136079.1509440
1785136079.1509440
1785136079.1509440
1785136079.1509440
1785136079.1509440
1785136079.1509440
1785136079.1509440
1785136079.1509440
1785136079.1509440
1785136079.1509440
1785136079.1509440
1785136079.1509440
1785136079.1509440
1785136079.1509440
1785136079.1509440
1785136079.1509440
1785136079.1509440
1785136079.1509440
1785136079.1509440
1785136079.1509440
1785136079.1509440
1785136079.1509440
1785136079.1509440
1785136079.1509440
1785136079.1509440
1785136079.1509440
1785136079.1509440
1785136079.1509440
1785136079.1509440
1785136079.1509440
1785136079.1509440
1785136079.1509440
1785136079.1509440
1785136079.1509440
1785136079.1509440
1785136079.1509440
1785136079.1509440
1785136079.1509440
1785136079.1509440
1785136079.1509440
1785136079.1509440
1785136079.1509440
1785136079.1511660
1785136079.1511660
1785136079.1511660
1785136079.1511660
1785136079.1511660
1785136079.1511660
1785136079.1511660
1785136079.1511660
1785136079.1511660
1785136079.1511660
1785136079.1511660
1785136079.1511660
1785136079.1511660
1785136079.1511660
1785136079.1511660
1785136079.1511660
1785136079.1511660
1785136079.1511660
1785136079.1511660
1785136079.1511660
1785136079.1511660
1785136079.1511660
1785136079.1511660
1785136079.1511660
1785136079.1511660
1785136079.1511660
1785136079.1511660
1785136079.1511660
1785136079.1511660
1785136079.1511660
1785136079.1511660
1785136079.1511660
1785136079.1511660
1785136079.1511660
1785136079.1511660
1785136079.1511660
1785136079.1511660
1785136079.1511660
1785136079.1511660
1785136079.1511660
1785136079.1511660
1785136079.1511660
1785136079.1513879
1785136079.1513879
1785136079.1513879
1785136079.1513879
1785136079.1513879
1785136079.1513879
1785136079.1513879
1785136079.1513879
1785136079.1513879
1785136079.1513879
1785136079.1513879
1785136079.1513879
1785136079.1513879
1785136079.1513879
1785136079.1513879
1785136079.1513879
1785136079.1513879
1785136079.1513879
1785136079.1513879
1785136079.1513879
1785136079.1513879
1785136079.1513879
1785136079.1513879
1785136079.1513879
1785136079.1513879
1785136079.1513879
1785136079.1513879
1785136079.1513879
1785136079.1513879
1785136079.1513879
1785136079.1513879
1785136079.1513879
1785136079.1513879
1785136079.1513879
1785136079.1513879
1785136079.1513879
1785136079.1513879
1785136079.1513879
1785136079.1513879
1785136079.1513879
1785136079.1513879
1785136079.1513879
1785136079.1513879
1785136079.1513879
1785136079.1513879
1785136079.1516099
1785136079.1516099
1785136079.1516099
1785136079.1516099
1785136079.1516099
1785136079.1516099
1785136079.1516099
1785136079.1516099
1785136079.1516099
1785136079.1516099
1785136079.1516099
1785136079.1516099
1785136079.1516099
1785136079.1516099
1785136079.1516099
1785136079.1516099
1785136079.1516099
1785136079.1516099
1785136079.1516099
1785136079.1516099
1785136079.1516099
1785136079.1516099
1785136079.1516099
1785136079.1516099
1785136079.1516099
1785136079.1516099
1785136079.1516099
1785136079.1516099
1785136079.1516099
1785136079.1516099
1785136079.1516099
1785136079.1516099
1785136079.1516099
1785136079.1516099
1785136079.1516099
1785136079.1516099
1785136079.1516099
1785136079.1516099
1785136079.1516099
1785136079.1516099
1785136079.1516099
1785136079.1516099
1785136079.1516099
1785136079.1516099
1785136079.1516099
1785136079.1518321
1785136079.1518321
1785136079.1518321
1785136079.1518321
1785136079.1518321
1785136079.1518321
1785136079.1518321
1785136079.1518321
1785136079.1518321
1785136079.1518321
1785136079.1518321
1785136079.1518321
1785136079.1518321
1785136079.1518321
1785136079.1518321
1785136079.1518321
1785136079.1518321
1785136079.1518321
1785136079.1518321
1785136079.1518321
1785136079.1518321
1785136079.1518321
1785136079.1518321
1785136079.1518321
1785136079.1518321
1785136079.1518321
1785136079.1518321
1785136079.1518321
1785136079.1518321
1785136079.1518321
1785136079.1518321
1785136079.1518321
1785136079.1518321
1785136079.1518321
1785136079.1518321
1785136079.1518321
1785136079.1518321
1785136079.1518321
1785136079.1518321
1785136079.1518321
1785136079.1518321
1785136079.1518321
1785136079.1518321
1785136079.1518321
1785136079.1518321
1785136079.1520541
1785136079.1520541
1785136079.1520541
1785136079.1520541
1785136079.1520541
1785136079.1520541
1785136079.1520541
1785136079.1520541
1785136079.1520541
1785136079.1520541
1785136079.1520541
1785136079.1520541
1785136079.1520541
1785136079.1520541
1785136079.1520541
1785136079.1520541
1785136079.1520541
1785136079.1520541
1785136079.1520541
1785136079.1520541
1785136079.1520541
1785136079.1520541
1785136079.1520541
1785136079.1520541
1785136079.1520541
1785136079.1520541
1785136079.1520541
1785136079.1520541
1785136079.1520541
1785136079.1520541
1785136079.1520541
1785136079.1520541
1785136079.1520541
1785136079.1520541
1785136079.1520541
1785136079.1520541
1785136079.1520541
1785136079.1520541
1785136079.1520541
1785136079.1520541
1785136079.1520541
1785136079.1520541
1785136079.1520541
1785136079.1520541
1785136079.1520541
1785136079.1522760
1785136079.1522760
1785136079.1522760
1785136079.1522760
1785136079.1522760
1785136079.1522760
1785136079.1522760
1785136079.1522760
1785136079.1522760
1785136079.1522760
1785136079.1522760
1785136079.1522760
1785136079.1522760
1785136079.1522760
1785136079.1522760
1785136079.1522760
1785136079.1522760
1785136079.1522760
1785136079.1522760
1785136079.1522760
1785136079.1522760
1785136079.1522760
1785136079.1522760
1785136079.1522760
1785136079.1522760
1785136079.1522760
1785136079.1522760
1785136079.1522760
1785136079.1522760
1785136079.1522760
1785136079.1522760
1785136079.1522760
1785136079.1522760
1785136079.1522760
1785136079.1522760
1785136079.1522760
1785136079.1522760
1785136079.1522760
1785136079.1522760
1785136079.1522760
1785136079.1522760
1785136079.1522760
1785136079.1522760
1785136079.1522760
1785136079.1522760
1785136079.1524990
1785136079.1524990
1785136079.1524990
1785136079.1524990
1785136079.1524990
1785136079.1524990
1785136079.1524990
1785136079.1524990
1785136079.1524990
1785136079.1524990
1785136079.1524990
1785136079.1524990
1785136079.1524990
1785136079.1524990
1785136079.1524990
1785136079.1524990
1785136079.1524990
1785136079.1524990
1785136079.1524990
1785136079.1524990
1785136079.1524990
1785136079.1524990
1785136079.1524990
1785136079.1524990
1785136079.1524990
1785136079.1524990
1785136079.1524990
1785136079.1524990
1785136079.1524990
1785136079.1524990
1785136079.1524990
1785136079.1524990
1785136079.1524990
1785136079.1524990
1785136079.1524990
1785136079.1524990
1785136079.1524990
1785136079.1524990
1785136079.1524990
1785136079.1524990
1785136079.1524990
1785136079.1524990
1785136079.1524990
1785136079.1524990
1785136079.1524990
1785136079.1524990
1785136079.1524990
1785136079.1524990
1785136079.1524990
1785136079.1524990
1785136079.1527209
1785136079.1527209
1785136079.1527209
1785136079.1527209
1785136079.1527209
1785136079.1527209
1785136079.1527209
1785136079.1527209
1785136079.1527209
1785136079.1527209
1785136079.1527209
1785136079.1527209
1785136079.1527209
1785136079.1527209
1785136079.1527209
1785136079.1527209
1785136079.1527209
1785136079.1527209
1785136079.1527209
1785136079.1527209
1785136079.1527209
1785136079.1527209
1785136079.1527209
1785136079.1527209
1785136079.1527209
1785136079.1527209
1785136079.1527209
1785136079.1527209
1785136079.1527209
1785136079.1527209
1785136079.1527209
1785136079.1527209
1785136079.1527209
1785136079.1527209
1785136079.1527209
1785136079.1527209
1785136079.1527209
1785136079.1527209
1785136079.1527209
1785136079.1527209
1785136079.1527209
1785136079.1527209
1785136079.1527209
1785136079.1527209
1785136079.1527209
1785136079.1527209
1785136079.1527209
1785136079.1527209
1785136079.1527209
1785136079.1527209
1785136079.1527209
1785136079.1527209
1785136079.1527209
1785136079.1527209
1785136079.1527209
1785136079.1527209
1785136079.1527209
1785136079.1527209
1785136079.1527209
1785136079.1527209
1785136079.1527209
1785136079.1527209
1785136079.1527209
1785136079.1529429
1785136079.1529429
1785136079.1529429
1785136079.1529429
1785136079.1529429
1785136079.1529429
1785136079.1529429
1785136079.1529429
1785136079.1529429
1785136079.1529429
1785136079.1529429
1785136079.1529429
1785136079.1529429
1785136079.1529429
1785136079.1529429
1785136079.1529429
1785136079.1529429
1785136079.1529429
1785136079.1529429
1785136079.1529429
1785136079.1529429
1785136079.1529429
1785136079.1529429
1785136079.1529429
1785136079.1529429
1785136079.1529429
1785136079.1529429
1785136079.1529429
1785136079.1529429
1785136079.1529429
1785136079.1529429
1785136079.1529429
1785136079.1529429
1785136079.1529429
1785136079.1529429
1785136079.1529429
1785136079.1529429
1785136079.1529429
1785136079.1529429
1785136079.1529429
1785136079.1529429
1785136079.1529429
1785136079.1529429
1785136079.1529429
1785136079.1529429
1785136079.1529429
1785136079.1529429
1785136079.1529429
1785136079.1529429
1785136079.1529429
1785136079.1529429
1785136079.1529429
1785136079.1529429
1785136079.1529429
1785136079.1529429
1785136079.1529429
1785136079.1529429
1785136079.1529429
1785136079.1529429
1785136079.1529429
1785136079.1529429
1785136079.1529429
1785136079.1529429
1785136079.1529429
1785136079.1529429
1785136079.1531651
1785136079.1531651
1785136079.1531651
1785136079.1531651
1785136079.1531651
1785136079.1531651
1785136079.1531651
1785136079.1531651
1785136079.1531651
1785136079.1531651
1785136079.1531651
1785136079.1531651
1785136079.1531651
1785136079.1531651
1785136079.1531651
1785136079.1531651
1785136079.1531651
1785136079.1531651
1785136079.1531651
1785136079.1531651
1785136079.1531651
1785136079.1531651
1785136079.1531651
1785136079.1531651
1785136079.1531651
1785136079.1531651
1785136079.1531651
1785136079.1531651
1785136079.1531651
1785136079.1531651
1785136079.1531651
1785136079.1531651
1785136079.1531651
1785136079.1531651
1785136079.1531651
1785136079.1531651
1785136079.1531651
1785136079.1531651
1785136079.1531651
1785136079.1531651
1785136079.1531651
1785136079.1531651
1785136079.1531651
1785136079.1531651
1785136079.1531651
1785136079.1531651
1785136079.1531651
1785136079.1531651
1785136079.1531651
1785136079.1531651
1785136079.1531651
1785136079.1531651
1785136079.1531651
1785136079.1531651
1785136079.1533880
1785136079.1533880
1785136079.1533880
1785136079.1533880
1785136079.1533880
1785136079.1533880
1785136079.1533880
1785136079.1533880
1785136079.1533880
1785136079.1533880
1785136079.1533880
1785136079.1533880
1785136079.1533880
1785136079.1533880
1785136079.1533880
1785136079.1533880
1785136079.1533880
1785136079.1533880
1785136079.1533880
1785136079.1533880
1785136079.1533880
1785136079.1533880
1785136079.1533880
1785136079.1533880
1785136079.1533880
1785136079.1533880
1785136079.1533880
1785136079.1533880
1785136079.1533880
1785136079.1533880
1785136079.1533880
1785136079.1533880
1785136079.1533880
1785136079.1533880
1785136079.1533880
1785136079.1533880
1785136079.1533880
1785136079.1533880
1785136079.1533880
1785136079.1533880
1785136079.1533880
1785136079.1533880
1785136079.1533880
1785136079.1533880
1785136079.1533880
1785136079.1533880
1785136079.1533880
1785136079.1533880
1785136079.1533880
1785136079.1533880
1785136079.1533880
1785136079.1533880
1785136079.1533880
1785136079.1533880
1785136079.1533880
1785136079.1533880
1785136079.1536100
1785136079.1536100
1785136079.1536100
1785136079.1536100
1785136079.1536100
1785136079.1536100
1785136079.1536100
1785136079.1536100
1785136079.1536100
1785136079.1536100
1785136079.1536100
1785136079.1536100
1785136079.1536100
1785136079.1536100
1785136079.1536100
1785136079.1536100
1785136079.1536100
1785136079.1536100
1785136079.1536100
1785136079.1536100
1785136079.1536100
1785136079.1536100
1785136079.1536100
1785136079.1536100
1785136079.1536100
1785136079.1536100
1785136079.1536100
1785136079.1536100
1785136079.1536100
1785136079.1536100
1785136079.1536100
1785136079.1536100
1785136079.1536100
1785136079.1536100
1785136079.1536100
1785136079.1536100
1785136079.1536100
1785136079.1536100
1785136079.1536100
1785136079.1536100
1785136079.1536100
1785136079.1536100
1785136079.1536100
1785136079.1536100
1785136079.1536100
1785136079.1536100
1785136079.1536100
1785136079.1536100
1785136079.1538320
1785136079.1538320
1785136079.1538320
1785136079.1538320
1785136079.1538320
1785136079.1538320
1785136079.1538320
1785136079.1538320
1785136079.1538320
1785136079.1538320
1785136079.1538320
1785136079.1538320
1785136079.1538320
1785136079.1538320
1785136079.1538320
1785136079.1538320
1785136079.1538320
1785136079.1538320
1785136079.1538320
1785136079.1538320
1785136079.1538320
1785136079.1538320
1785136079.1538320
1785136079.1538320
1785136079.1538320
1785136079.1538320
1785136079.1538320
1785136079.1538320
1785136079.1538320
1785136079.1538320
1785136079.1538320
1785136079.1538320
1785136079.1538320
1785136079.1538320
1785136079.1538320
1785136079.1538320
1785136079.1538320
1785136079.1538320
1785136079.1538320
1785136079.1538320
1785136079.1538320
1785136079.1538320
1785136079.1538320
1785136079.1538320
1785136079.1538320
1785136079.1538320
1785136079.1538320
1785136079.1538320
1785136079.1538320
1785136079.1538320
1785136079.1538320
1785136079.1538320
1785136079.1538320
1785136079.1538320
1785136079.1540539
1785136079.1540539
1785136079.1540539
1785136079.1540539
1785136079.1540539
1785136079.1540539
1785136079.1540539
1785136079.1540539
1785136079.1540539
1785136079.1540539
1785136079.1540539
1785136079.1540539
1785136079.1540539
1785136079.1540539
1785136079.1540539
1785136079.1540539
1785136079.1540539
1785136079.1540539
1785136079.1540539
1785136079.1540539
1785136079.1540539
1785136079.1540539
1785136079.1540539
1785136079.1540539
1785136079.1540539
1785136079.1540539
1785136079.1540539
1785136079.1540539
1785136079.1540539
1785136079.1540539
1785136079.1540539
1785136079.1540539
1785136079.1540539
1785136079.1540539
1785136079.1540539
1785136079.1540539
1785136079.1540539
1785136079.1540539
1785136079.1540539
1785136079.1540539
1785136079.1540539
1785136079.1540539
1785136079.1540539
1785136079.1540539
1785136079.1540539
1785136079.1540539
1785136079.1540539
1785136079.1540539
1785136079.1540539
1785136079.1540539
1785136079.1540539
1785136079.1540539
1785136079.1542759
1785136079.1542759
1785136079.1542759
1785136079.1542759
1785136079.1542759
1785136079.1542759
1785136079.1542759
1785136079.1542759
1785136079.1542759
1785136079.1542759
1785136079.1542759
1785136079.1542759
1785136079.1542759
1785136079.1542759
1785136079.1542759
1785136079.1542759
1785136079.1542759
1785136079.1542759
1785136079.1542759
1785136079.1542759
1785136079.1542759
1785136079.1542759
1785136079.1542759
1785136079.1542759
1785136079.1542759
1785136079.1542759
1785136079.1542759
1785136079.1542759
1785136079.1542759
1785136079.1542759
1785136079.1542759
1785136079.1542759
1785136079.1542759
1785136079.1542759
1785136079.1542759
1785136079.1542759
1785136079.1542759
1785136079.1542759
1785136079.1542759
1785136079.1542759
1785136079.1542759
1785136079.1542759
1785136079.1544991
1785136079.1544991
1785136079.1544991
1785136079.1544991
1785136079.1544991
1785136079.1544991
1785136079.1544991
1785136079.1544991
1785136079.1544991
1785136079.1544991
1785136079.1544991
1785136079.1544991
1785136079.1544991
1785136079.1544991
1785136079.1544991
1785136079.1544991
1785136079.1544991
1785136079.1544991
1785136079.1544991
1785136079.1544991
1785136079.1544991
1785136079.1544991
1785136079.1544991
1785136079.1544991
1785136079.1544991
1785136079.1544991
1785136079.1544991
1785136079.1544991
1785136079.1544991
1785136079.1544991
1785136079.1544991
1785136079.1544991
1785136079.1544991
1785136079.1544991
1785136079.1544991
1785136079.1544991
1785136079.1544991
1785136079.1544991
1785136079.1544991
1785136079.1544991
1785136079.1544991
1785136079.1544991
1785136079.1544991
1785136079.1544991
1785136079.1544991
1785136079.1544991
1785136079.1544991
1785136079.1544991
1785136079.1544991
1785136079.1544991
1785136079.1544991
1785136079.1544991
1785136079.1544991
1785136079.1544991
1785136079.1547210
1785136079.1547210
1785136079.1547210
1785136079.1547210
1785136079.1547210
1785136079.1547210
1785136079.1547210
1785136079.1547210
1785136079.1547210
1785136079.1547210
1785136079.1547210
1785136079.1547210
1785136079.1547210
1785136079.1547210
1785136079.1547210
1785136079.1547210
1785136079.1547210
1785136079.1547210
1785136079.1547210
1785136079.1547210
1785136079.1547210
1785136079.1547210
1785136079.1547210
1785136079.1547210
1785136079.1547210
1785136079.1547210
1785136079.1547210
1785136079.1547210
1785136079.1547210
1785136079.1547210
1785136079.1547210
1785136079.1547210
1785136079.1547210
1785136079.1547210
1785136079.1547210
1785136079.1547210
1785136079.1547210
1785136079.1547210
1785136079.1547210
1785136079.1547210
1785136079.1547210
1785136079.1547210
1785136079.1547210
1785136079.1547210
1785136079.1547210
1785136079.1547210
1785136079.1547210
1785136079.1547210
1785136079.1547210
1785136079.1547210
1785136079.1547210
1785136079.1547210
1785136079.1547210
1785136079.1547210
1785136079.1547210
1785136079.1549430
1785136079.1549430
1785136079.1549430
1785136079.1549430
1785136079.1549430
1785136079.1549430
1785136079.1549430
1785136079.1549430
1785136079.1549430
1785136079.1549430
1785136079.1549430
1785136079.1549430
1785136079.1549430
1785136079.1549430
1785136079.1549430
1785136079.1549430
1785136079.1549430
1785136079.1549430
1785136079.1549430
1785136079.1549430
1785136079.1549430
1785136079.1549430
1785136079.1549430
1785136079.1549430
1785136079.1549430
1785136079.1549430
1785136079.1549430
1785136079.1549430
1785136079.1549430
1785136079.1549430
1785136079.1549430
1785136079.1549430
1785136079.1549430
1785136079.1549430
1785136079.1549430
1785136079.1551650
1785136079.1551650
1785136079.1551650
1785136079.1551650
1785136079.1551650
1785136079.1551650
1785136079.1551650
1785136079.1551650
1785136079.1551650
1785136079.1551650
1785136079.1551650
1785136079.1551650
1785136079.1551650
1785136079.1551650
1785136079.1551650
1785136079.1551650
1785136079.1551650
1785136079.1551650
1785136079.1553881
1785136079.1553881
1785136079.1553881
1785136079.1553881
1785136079.1553881
1785136079.1553881
1785136079.1553881
1785136079.1553881
1785136079.1553881
1785136079.1553881
1785136079.1553881
1785136079.1553881
1785136079.1553881
1785136079.1553881
1785136079.1553881
1785136079.1553881
1785136079.1553881
1785136079.1553881
1785136079.1553881
1785136079.1553881
1785136079.1553881
1785136079.1553881
1785136079.1553881
1785136079.1553881
1785136079.1556101
1785136079.1556101
1785136079.1556101
1785136079.1556101
1785136079.1556101
1785136079.1556101
1785136079.1556101
1785136079.1556101
1785136079.1556101
1785136079.1556101
1785136079.1556101
1785136079.1556101
1785136079.1556101
1785136079.1556101
1785136079.1556101
1785136079.1558321
1785136079.1558321
1785136079.1558321
1785136079.1558321
1785136079.1558321
1785136079.1558321
1785136079.1558321
1785136079.1558321
1785136079.1558321
1785136079.1558321
1785136079.1558321
1785136079.1558321
1785136079.1560540
1785136079.1560540
1785136079.1560540
1785136079.1560540
1785136079.1560540
1785136079.1560540
1785136079.1560540
1785136079.1560540
1785136079.1560540
1785136079.1560540
1785136079.1560540
1785136079.1560540
1785136079.1560540
1785136079.1562760
1785136079.1562760
1785136079.1562760
1785136079.1562760
1785136079.1562760
1785136079.1562760
1785136079.1562760
1785136079.1562760
1785136079.1562760
1785136079.1562760
1785136079.1562760
1785136079.1562760
1785136079.1562760
1785136079.1564989
1785136079.1564989
1785136079.1564989
1785136079.1564989
1785136079.1564989
1785136079.1564989
1785136079.1564989
1785136079.1564989
1785136079.1564989
1785136079.1564989
1785136079.1564989
1785136079.1564989
1785136079.1567211
1785136079.1602769
1785136079.1604991
1785136079.1604991
1785136079.1604991
1785136079.1604991
1785136079.1604991
1785136079.1604991
1785136079.1604991
1785136079.1604991
1785136079.1604991
1785136079.1604991
1785136079.1604991
1785136079.1604991
1785136079.1607211
1785136079.1607211
1785136079.1607211
1785136079.1607211
1785136079.1607211
1785136079.1607211
1785136079.1607211
1785136079.1607211
1785136079.1607211
1785136079.1607211
1785136079.1607211
1785136079.1607211
1785136079.1607211
1785136079.1607211
1785136079.1607211
1785136079.1609440
1785136079.1609440
1785136079.1609440
1785136079.1609440
1785136079.1609440
1785136079.1609440
1785136079.1609440
1785136079.1609440
1785136079.1609440
1785136079.1609440
1785136079.1609440
1785136079.1609440
1785136079.1609440
1785136079.1609440
1785136079.1609440
1785136079.1609440
1785136079.1609440
1785136079.1609440
1785136079.1611660
1785136079.1611660
1785136079.1611660
1785136079.1611660
1785136079.1611660
1785136079.1611660
1785136079.1611660
1785136079.1611660
1785136079.1611660
1785136079.1611660
1785136079.1611660
1785136079.1611660
1785136079.1611660
1785136079.1611660
1785136079.1611660
1785136079.1611660
1785136079.1611660
1785136079.1613879
1785136079.1613879
1785136079.1613879
1785136079.1613879
1785136079.1613879
1785136079.1613879
1785136079.1613879
1785136079.1613879
1785136079.1613879
1785136079.1613879
1785136079.1613879
1785136079.1613879
1785136079.1613879
1785136079.1613879
1785136079.1613879
1785136079.1613879
1785136079.1613879
1785136079.1613879
1785136079.1613879
1785136079.1616111
1785136079.1616111
1785136079.1616111
1785136079.1616111
1785136079.1616111
1785136079.1616111
1785136079.1616111
1785136079.1616111
1785136079.1616111
1785136079.1616111
1785136079.1616111
1785136079.1616111
1785136079.1616111
1785136079.1620550
1785136079.1620550
1785136079.1620550
1785136079.1620550
1785136079.1622770
1785136079.1622770
1785136079.1622770
1785136079.1622770
1785136079.1622770
1785136079.1622770
