1785136087.4124911
1785136087.4138241
1785136087.4138241
1785136087.4140470
1785136087.4140470
1785136087.4140470
1785136087.4142690
1785136087.4142690
1785136087.4142690
1785136087.4142690
1785136087.4142690
1785136087.4142690
1785136087.4142690
1785136087.4142690
1785136087.4142690
1785136087.4142690
1785136087.4142690
1785136087.4142690
1785136087.4142690
1785136087.4142690
1785136087.4142690
1785136087.4142690
1785136087.4144909
1785136087.4144909
1785136087.4144909
1785136087.4144909
1785136087.4144909
1785136087.4144909
1785136087.4144909
1785136087.4144909
1785136087.4144909
1785136087.4151580
1785136087.4151580
1785136087.4151580
1785136087.4167140
1785136087.4169371
1785136087.4169371
1785136087.4169371
1785136087.4169371
1785136087.4169371
1785136087.4171591
1785136087.4171591
1785136087.4171591
1785136087.4171591
1785136087.4171591
1785136087.4171591
1785136087.4171591
1785136087.4171591
1785136087.4173810
1785136087.4173810
1785136087.4173810
1785136087.4173810
1785136087.4173810
1785136087.4173810
1785136087.4173810
1785136087.4173810
1785136087.4173810
1785136087.4176030
1785136087.4176030
1785136087.4176030
1785136087.4176030
1785136087.4176030
1785136087.4176030
1785136087.4176030
1785136087.4176030
1785136087.4176030
1785136087.4176030
1785136087.4176030
1785136087.4176030
1785136087.4176030
1785136087.4176030
1785136087.4176030
1785136087.4176030
1785136087.4176030
1785136087.4176030
1785136087.4178259
1785136087.4178259
1785136087.4178259
1785136087.4178259
1785136087.4178259
1785136087.4178259
1785136087.4178259
1785136087.4178259
1785136087.4178259
1785136087.4178259
1785136087.4178259
1785136087.4178259
1785136087.4178259
1785136087.4178259
1785136087.4178259
1785136087.4178259
1785136087.4178259
1785136087.4178259
1785136087.4178259
1785136087.4178259
1785136087.4178259
1785136087.4178259
1785136087.4178259
1785136087.4178259
1785136087.4178259
1785136087.4178259
1785136087.4178259
1785136087.4178259
1785136087.4178259
1785136087.4178259
1785136087.4178259
1785136087.4178259
1785136087.4178259
1785136087.4178259
1785136087.4178259
1785136087.4178259
1785136087.4178259
1785136087.4178259
1785136087.4178259
1785136087.4178259
1785136087.4180479
1785136087.4180479
1785136087.4180479
1785136087.4180479
1785136087.4180479
1785136087.4180479
1785136087.4180479
1785136087.4180479
1785136087.4180479
1785136087.4180479
1785136087.4180479
1785136087.4180479
1785136087.4180479
1785136087.4180479
1785136087.4180479
1785136087.4180479
1785136087.4180479
1785136087.4180479
1785136087.4180479
1785136087.4180479
1785136087.4180479
1785136087.4180479
1785136087.4180479
1785136087.4180479
1785136087.4180479
1785136087.4180479
1785136087.4180479
1785136087.4180479
1785136087.4180479
1785136087.4180479
1785136087.4180479
1785136087.4180479
1785136087.4180479
1785136087.4180479
1785136087.4180479
1785136087.4180479
1785136087.4180479
1785136087.4180479
1785136087.4182701
1785136087.4182701
1785136087.4182701
1785136087.4182701
1785136087.4182701
1785136087.4182701
1785136087.4182701
1785136087.4182701
1785136087.4182701
1785136087.4182701
1785136087.4182701
1785136087.4182701
1785136087.4182701
1785136087.4182701
1785136087.4182701
1785136087.4182701
1785136087.4182701
1785136087.4182701
1785136087.4182701
1785136087.4182701
1785136087.4182701
1785136087.4182701
1785136087.4182701
1785136087.4182701
1785136087.4182701
1785136087.4182701
1785136087.4182701
1785136087.4182701
1785136087.4182701
1785136087.4182701
1785136087.4182701
1785136087.4182701
1785136087.4182701
1785136087.4182701
1785136087.4182701
1785136087.4184921
1785136087.4184921
1785136087.4184921
1785136087.4184921
1785136087.4184921
1785136087.4184921
1785136087.4184921
1785136087.4184921
1785136087.4184921
1785136087.4184921
1785136087.4184921
1785136087.4184921
1785136087.4184921
1785136087.4184921
1785136087.4184921
1785136087.4184921
1785136087.4184921
1785136087.4184921
1785136087.4184921
1785136087.4184921
1785136087.4184921
1785136087.4184921
1785136087.4184921
1785136087.4184921
1785136087.4184921
1785136087.4184921
1785136087.4184921
1785136087.4184921
1785136087.4184921
1785136087.4184921
1785136087.4184921
1785136087.4184921
1785136087.4187150
1785136087.4187150
1785136087.4187150
1785136087.4187150
1785136087.4187150
1785136087.4187150
1785136087.4187150
1785136087.4187150
1785136087.4187150
1785136087.4187150
1785136087.4187150
1785136087.4187150
1785136087.4187150
1785136087.4187150
1785136087.4187150
1785136087.4187150
1785136087.4187150
1785136087.4187150
1785136087.4187150
1785136087.4187150
1785136087.4187150
1785136087.4187150
1785136087.4187150
1785136087.4187150
1785136087.4187150
1785136087.4187150
1785136087.4187150
1785136087.4187150
1785136087.4187150
1785136087.4187150
1785136087.4187150
1785136087.4187150
1785136087.4189370
1785136087.4189370
1785136087.4189370
1785136087.4189370
1785136087.4189370
1785136087.4189370
1785136087.4189370
1785136087.4189370
1785136087.4189370
1785136087.4189370
1785136087.4189370
1785136087.4189370
1785136087.4189370
1785136087.4189370
1785136087.4189370
1785136087.4189370
1785136087.4189370
1785136087.4189370
1785136087.4189370
1785136087.4189370
1785136087.4189370
1785136087.4189370
1785136087.4189370
1785136087.4189370
1785136087.4189370
1785136087.4189370
1785136087.4189370
1785136087.4189370
1785136087.4189370
1785136087.4189370
1785136087.4189370
1785136087.4189370
1785136087.4191589
1785136087.4191589
1785136087.4191589
1785136087.4191589
1785136087.4191589
1785136087.4191589
1785136087.4191589
1785136087.4191589
1785136087.4191589
1785136087.4191589
1785136087.4191589
1785136087.4191589
1785136087.4191589
1785136087.4191589
1785136087.4191589
1785136087.4191589
1785136087.4191589
1785136087.4191589
1785136087.4191589
1785136087.4191589
1785136087.4191589
1785136087.4191589
1785136087.4191589
1785136087.4191589
1785136087.4191589
1785136087.4191589
1785136087.4191589
1785136087.4191589
1785136087.4191589
1785136087.4191589
1785136087.4191589
1785136087.4191589
1785136087.4191589
1785136087.4191589
1785136087.4191589
1785136087.4191589
1785136087.4191589
1785136087.4191589
1785136087.4191589
1785136087.4191589
1785136087.4191589
1785136087.4191589
1785136087.4193821
1785136087.4193821
1785136087.4193821
1785136087.4193821
1785136087.4193821
1785136087.4193821
1785136087.4193821
1785136087.4193821
1785136087.4193821
1785136087.4193821
1785136087.4193821
1785136087.4193821
1785136087.4193821
1785136087.4193821
1785136087.4193821
1785136087.4193821
1785136087.4193821
1785136087.4193821
1785136087.4193821
1785136087.4193821
1785136087.4193821
1785136087.4193821
1785136087.4193821
1785136087.4193821
1785136087.4193821
1785136087.4193821
1785136087.4193821
1785136087.4193821
1785136087.4193821
1785136087.4193821
1785136087.4193821
1785136087.4193821
1785136087.4193821
1785136087.4193821
1785136087.4193821
1785136087.4193821
1785136087.4193821
1785136087.4193821
1785136087.4193821
1785136087.4193821
1785136087.4193821
1785136087.4193821
1785136087.4196041
1785136087.4196041
1785136087.4196041
1785136087.4196041
1785136087.4196041
1785136087.4196041
1785136087.4196041
1785136087.4196041
1785136087.4196041
1785136087.4196041
1785136087.4196041
1785136087.4196041
1785136087.4196041
1785136087.4196041
1785136087.4196041
1785136087.4196041
1785136087.4196041
1785136087.4196041
1785136087.4196041
1785136087.4196041
1785136087.4196041
1785136087.4196041
1785136087.4196041
1785136087.4196041
1785136087.4196041
1785136087.4196041
1785136087.4196041
1785136087.4196041
1785136087.4196041
1785136087.4196041
1785136087.4196041
1785136087.4196041
1785136087.4196041
1785136087.4196041
1785136087.4196041
1785136087.4196041
1785136087.4196041
1785136087.4196041
1785136087.4196041
1785136087.4196041
1785136087.4196041
1785136087.4196041
1785136087.4198260
1785136087.4198260
1785136087.4198260
1785136087.4198260
1785136087.4198260
1785136087.4198260
1785136087.4198260
1785136087.4198260
1785136087.4198260
1785136087.4198260
1785136087.4198260
1785136087.4198260
1785136087.4198260
1785136087.4198260
1785136087.4198260
1785136087.4198260
1785136087.4198260
1785136087.4198260
1785136087.4198260
1785136087.4198260
1785136087.4198260
1785136087.4198260
1785136087.4198260
1785136087.4198260
1785136087.4198260
1785136087.4198260
1785136087.4198260
1785136087.4198260
1785136087.4198260
1785136087.4198260
1785136087.4198260
1785136087.4198260
1785136087.4198260
1785136087.4198260
1785136087.4198260
1785136087.4198260
1785136087.4198260
1785136087.4198260
1785136087.4198260
1785136087.4198260
1785136087.4198260
1785136087.4198260
1785136087.4200480
1785136087.4200480
1785136087.4200480
1785136087.4200480
1785136087.4200480
1785136087.4200480
1785136087.4200480
1785136087.4200480
1785136087.4200480
1785136087.4200480
1785136087.4200480
1785136087.4200480
1785136087.4200480
1785136087.4200480
1785136087.4200480
1785136087.4200480
1785136087.4200480
1785136087.4200480
1785136087.4200480
1785136087.4200480
1785136087.4200480
1785136087.4200480
1785136087.4200480
1785136087.4200480
1785136087.4200480
1785136087.4200480
1785136087.4200480
1785136087.4200480
1785136087.4200480
1785136087.4200480
1785136087.4200480
1785136087.4200480
1785136087.4200480
1785136087.4200480
1785136087.4200480
1785136087.4200480
1785136087.4200480
1785136087.4200480
1785136087.4200480
1785136087.4200480
1785136087.4200480
1785136087.4200480
1785136087.4202709
1785136087.4202709
1785136087.4202709
1785136087.4202709
1785136087.4202709
1785136087.4202709
1785136087.4202709
1785136087.4202709
1785136087.4202709
1785136087.4202709
1785136087.4202709
1785136087.4202709
1785136087.4202709
1785136087.4202709
1785136087.4202709
1785136087.4202709
1785136087.4202709
1785136087.4202709
1785136087.4202709
1785136087.4202709
1785136087.4202709
1785136087.4202709
1785136087.4202709
1785136087.4202709
1785136087.4202709
1785136087.4202709
1785136087.4202709
1785136087.4202709
1785136087.4202709
1785136087.4202709
1785136087.4202709
1785136087.4202709
1785136087.4202709
1785136087.4202709
1785136087.4202709
1785136087.4202709
1785136087.4202709
1785136087.4202709
1785136087.4202709
1785136087.4202709
1785136087.4202709
1785136087.4202709
1785136087.4202709
1785136087.4204929
1785136087.4204929
1785136087.4204929
1785136087.4204929
1785136087.4204929
1785136087.4204929
1785136087.4204929
1785136087.4204929
1785136087.4204929
1785136087.4204929
1785136087.4204929
1785136087.4204929
1785136087.4204929
1785136087.4204929
1785136087.4204929
1785136087.4204929
1785136087.4204929
1785136087.4204929
1785136087.4204929
1785136087.4204929
1785136087.4204929
1785136087.4204929
1785136087.4204929
1785136087.4204929
1785136087.4204929
1785136087.4204929
1785136087.4204929
1785136087.4204929
1785136087.4204929
1785136087.4204929
1785136087.4204929
1785136087.4204929
1785136087.4204929
1785136087.4204929
1785136087.4204929
1785136087.4204929
1785136087.4204929
1785136087.4204929
1785136087.4204929
1785136087.4204929
1785136087.4204929
1785136087.4204929
1785136087.4204929
1785136087.4207151
1785136087.4207151
1785136087.4207151
1785136087.4207151
1785136087.4207151
1785136087.4207151
1785136087.4207151
1785136087.4207151
1785136087.4207151
1785136087.4207151
1785136087.4207151
1785136087.4207151
1785136087.4207151
1785136087.4207151
1785136087.4207151
1785136087.4207151
1785136087.4207151
1785136087.4207151
1785136087.4207151
1785136087.4207151
1785136087.4207151
1785136087.4207151
1785136087.4207151
1785136087.4207151
1785136087.4207151
1785136087.4207151
1785136087.4207151
1785136087.4207151
1785136087.4207151
1785136087.4207151
1785136087.4207151
1785136087.4207151
1785136087.4207151
1785136087.4207151
1785136087.4207151
1785136087.4207151
1785136087.4207151
1785136087.4207151
1785136087.4207151
1785136087.4207151
1785136087.4207151
1785136087.4207151
1785136087.4207151
1785136087.4209371
1785136087.4209371
1785136087.4209371
1785136087.4209371
1785136087.4209371
1785136087.4209371
1785136087.4209371
1785136087.4209371
1785136087.4209371
1785136087.4209371
1785136087.4209371
1785136087.4209371
1785136087.4209371
1785136087.4209371
1785136087.4209371
1785136087.4209371
1785136087.4209371
1785136087.4209371
1785136087.4209371
1785136087.4209371
1785136087.4209371
1785136087.4209371
1785136087.4209371
1785136087.4209371
1785136087.4209371
1785136087.4209371
1785136087.4209371
1785136087.4209371
1785136087.4209371
1785136087.4209371
1785136087.4209371
1785136087.4209371
1785136087.4209371
1785136087.4209371
1785136087.4209371
1785136087.4209371
1785136087.4209371
1785136087.4209371
1785136087.4209371
1785136087.4209371
1785136087.4209371
1785136087.4209371
1785136087.4209371
1785136087.4211600
1785136087.4211600
1785136087.4211600
1785136087.4211600
1785136087.4211600
1785136087.4211600
1785136087.4211600
1785136087.4211600
1785136087.4211600
1785136087.4211600
1785136087.4211600
1785136087.4211600
1785136087.4211600
1785136087.4211600
1785136087.4211600
1785136087.4211600
1785136087.4211600
1785136087.4211600
1785136087.4211600
1785136087.4211600
1785136087.4211600
1785136087.4211600
1785136087.4211600
1785136087.4211600
1785136087.4211600
1785136087.4211600
1785136087.4211600
1785136087.4211600
1785136087.4211600
1785136087.4211600
1785136087.4211600
1785136087.4211600
1785136087.4211600
1785136087.4211600
1785136087.4211600
1785136087.4211600
1785136087.4211600
1785136087.4211600
1785136087.4211600
1785136087.4211600
1785136087.4211600
1785136087.4211600
1785136087.4211600
1785136087.4213820
1785136087.4213820
1785136087.4213820
1785136087.4213820
1785136087.4213820
1785136087.4213820
1785136087.4213820
1785136087.4213820
1785136087.4213820
1785136087.4213820
1785136087.4213820
1785136087.4213820
1785136087.4213820
1785136087.4213820
1785136087.4213820
1785136087.4213820
1785136087.4213820
1785136087.4213820
1785136087.4213820
1785136087.4213820
1785136087.4213820
1785136087.4213820
1785136087.4213820
1785136087.4213820
1785136087.4213820
1785136087.4213820
1785136087.4213820
1785136087.4213820
1785136087.4213820
1785136087.4213820
1785136087.4213820
1785136087.4213820
1785136087.4213820
1785136087.4213820
1785136087.4213820
1785136087.4213820
1785136087.4213820
1785136087.4213820
1785136087.4213820
1785136087.4213820
1785136087.4213820
1785136087.4213820
1785136087.4213820
1785136087.4216039
1785136087.4216039
1785136087.4216039
1785136087.4216039
1785136087.4216039
1785136087.4216039
1785136087.4216039
1785136087.4216039
1785136087.4216039
1785136087.4216039
1785136087.4216039
1785136087.4216039
1785136087.4216039
1785136087.4216039
1785136087.4216039
1785136087.4216039
1785136087.4216039
1785136087.4216039
1785136087.4216039
1785136087.4216039
1785136087.4216039
1785136087.4216039
1785136087.4216039
1785136087.4216039
1785136087.4216039
1785136087.4216039
1785136087.4216039
1785136087.4216039
1785136087.4216039
1785136087.4216039
1785136087.4216039
1785136087.4216039
1785136087.4216039
1785136087.4216039
1785136087.4216039
1785136087.4216039
1785136087.4216039
1785136087.4216039
1785136087.4216039
1785136087.4216039
1785136087.4216039
1785136087.4216039
1785136087.4216039
1785136087.4216039
1785136087.4218259
1785136087.4218259
1785136087.4218259
1785136087.4218259
1785136087.4218259
1785136087.4218259
1785136087.4218259
1785136087.4218259
1785136087.4218259
1785136087.4218259
1785136087.4218259
1785136087.4218259
1785136087.4218259
1785136087.4218259
1785136087.4218259
1785136087.4218259
1785136087.4218259
1785136087.4218259
1785136087.4218259
1785136087.4218259
1785136087.4218259
1785136087.4218259
1785136087.4218259
1785136087.4218259
1785136087.4218259
1785136087.4218259
1785136087.4218259
1785136087.4218259
1785136087.4218259
1785136087.4218259
1785136087.4218259
1785136087.4218259
1785136087.4218259
1785136087.4218259
1785136087.4218259
1785136087.4218259
1785136087.4218259
1785136087.4218259
1785136087.4218259
1785136087.4218259
1785136087.4218259
1785136087.4218259
1785136087.4218259
1785136087.4220490
1785136087.4220490
1785136087.4220490
1785136087.4220490
1785136087.4220490
1785136087.4220490
1785136087.4220490
1785136087.4220490
1785136087.4220490
1785136087.4220490
1785136087.4220490
1785136087.4220490
1785136087.4220490
1785136087.4220490
1785136087.4220490
1785136087.4220490
1785136087.4220490
1785136087.4220490
1785136087.4220490
1785136087.4220490
1785136087.4220490
1785136087.4220490
1785136087.4220490
1785136087.4220490
1785136087.4220490
1785136087.4220490
1785136087.4220490
1785136087.4220490
1785136087.4220490
1785136087.4220490
1785136087.4220490
1785136087.4220490
1785136087.4220490
1785136087.4220490
1785136087.4220490
1785136087.4220490
1785136087.4220490
1785136087.4220490
1785136087.4220490
1785136087.4220490
1785136087.4220490
1785136087.4220490
1785136087.4222710
1785136087.4222710
1785136087.4222710
1785136087.4222710
1785136087.4222710
1785136087.4222710
1785136087.4222710
1785136087.4222710
1785136087.4222710
1785136087.4222710
1785136087.4222710
1785136087.4222710
1785136087.4222710
1785136087.4222710
1785136087.4222710
1785136087.4222710
1785136087.4222710
1785136087.4222710
1785136087.4222710
1785136087.4222710
1785136087.4222710
1785136087.4222710
1785136087.4222710
1785136087.4222710
1785136087.4222710
1785136087.4222710
1785136087.4222710
1785136087.4222710
1785136087.4222710
1785136087.4222710
1785136087.4222710
1785136087.4222710
1785136087.4222710
1785136087.4222710
1785136087.4222710
1785136087.4222710
1785136087.4222710
1785136087.4222710
1785136087.4222710
1785136087.4222710
1785136087.4222710
1785136087.4222710
1785136087.4222710
1785136087.4224930
1785136087.4224930
1785136087.4224930
1785136087.4224930
1785136087.4224930
1785136087.4224930
1785136087.4224930
1785136087.4224930
1785136087.4224930
1785136087.4224930
1785136087.4224930
1785136087.4224930
1785136087.4224930
1785136087.4224930
1785136087.4224930
1785136087.4224930
1785136087.4224930
1785136087.4224930
1785136087.4224930
1785136087.4224930
1785136087.4224930
1785136087.4224930
1785136087.4224930
1785136087.4224930
1785136087.4224930
1785136087.4224930
1785136087.4224930
1785136087.4224930
1785136087.4224930
1785136087.4224930
1785136087.4224930
1785136087.4224930
1785136087.4224930
1785136087.4224930
1785136087.4224930
1785136087.4224930
1785136087.4224930
1785136087.4224930
1785136087.4224930
1785136087.4224930
1785136087.4224930
1785136087.4227149
1785136087.4227149
1785136087.4227149
1785136087.4227149
1785136087.4227149
1785136087.4227149
1785136087.4227149
1785136087.4227149
1785136087.4227149
1785136087.4227149
1785136087.4227149
1785136087.4227149
1785136087.4227149
1785136087.4227149
1785136087.4227149
1785136087.4227149
1785136087.4227149
1785136087.4227149
1785136087.4227149
1785136087.4227149
1785136087.4227149
1785136087.4227149
1785136087.4227149
1785136087.4227149
1785136087.4227149
1785136087.4227149
1785136087.4227149
1785136087.4227149
1785136087.4227149
1785136087.4227149
1785136087.4227149
1785136087.4227149
1785136087.4227149
1785136087.4227149
1785136087.4227149
1785136087.4227149
1785136087.4227149
1785136087.4227149
1785136087.4227149
1785136087.4227149
1785136087.4227149
1785136087.4227149
1785136087.4229381
1785136087.4229381
1785136087.4229381
1785136087.4229381
1785136087.4229381
1785136087.4229381
1785136087.4229381
1785136087.4229381
1785136087.4229381
1785136087.4229381
1785136087.4229381
1785136087.4229381
1785136087.4229381
1785136087.4229381
1785136087.4229381
1785136087.4229381
1785136087.4229381
1785136087.4229381
1785136087.4229381
1785136087.4229381
1785136087.4229381
1785136087.4229381
1785136087.4229381
1785136087.4229381
1785136087.4229381
1785136087.4229381
1785136087.4229381
1785136087.4229381
1785136087.4229381
1785136087.4229381
1785136087.4229381
1785136087.4229381
1785136087.4229381
1785136087.4229381
1785136087.4229381
1785136087.4229381
1785136087.4229381
1785136087.4229381
1785136087.4229381
1785136087.4229381
1785136087.4229381
1785136087.4229381
1785136087.4229381
1785136087.4229381
1785136087.4229381
1785136087.4229381
1785136087.4229381
1785136087.4229381
1785136087.4229381
1785136087.4229381
1785136087.4231601
1785136087.4231601
1785136087.4231601
1785136087.4231601
1785136087.4231601
1785136087.4231601
1785136087.4231601
1785136087.4231601
1785136087.4231601
1785136087.4231601
1785136087.4231601
1785136087.4231601
1785136087.4231601
1785136087.4231601
1785136087.4231601
1785136087.4231601
1785136087.4231601
1785136087.4231601
1785136087.4231601
1785136087.4231601
1785136087.4231601
1785136087.4231601
1785136087.4231601
1785136087.4231601
1785136087.4231601
1785136087.4231601
1785136087.4231601
1785136087.4231601
1785136087.4231601
1785136087.4231601
1785136087.4231601
1785136087.4231601
1785136087.4231601
1785136087.4231601
1785136087.4231601
1785136087.4231601
1785136087.4231601
1785136087.4231601
1785136087.4231601
1785136087.4231601
1785136087.4231601
1785136087.4231601
1785136087.4231601
1785136087.4231601
1785136087.4231601
1785136087.4231601
1785136087.4231601
1785136087.4231601
1785136087.4231601
1785136087.4231601
1785136087.4231601
1785136087.4231601
1785136087.4231601
1785136087.4231601
1785136087.4231601
1785136087.4231601
1785136087.4231601
1785136087.4231601
1785136087.4231601
1785136087.4231601
1785136087.4231601
1785136087.4233820
1785136087.4233820
1785136087.4233820
1785136087.4233820
1785136087.4233820
1785136087.4233820
1785136087.4233820
1785136087.4233820
1785136087.4233820
1785136087.4233820
1785136087.4233820
1785136087.4233820
1785136087.4233820
1785136087.4233820
1785136087.4233820
1785136087.4233820
1785136087.4233820
1785136087.4233820
1785136087.4233820
1785136087.4233820
1785136087.4233820
1785136087.4233820
1785136087.4233820
1785136087.4233820
1785136087.4233820
1785136087.4233820
1785136087.4233820
1785136087.4233820
1785136087.4233820
1785136087.4233820
1785136087.4233820
1785136087.4233820
1785136087.4233820
1785136087.4233820
1785136087.4233820
1785136087.4233820
1785136087.4233820
1785136087.4233820
1785136087.4233820
1785136087.4233820
1785136087.4233820
1785136087.4233820
1785136087.4233820
1785136087.4233820
1785136087.4233820
1785136087.4233820
1785136087.4233820
1785136087.4233820
1785136087.4233820
1785136087.4233820
1785136087.4233820
1785136087.4233820
1785136087.4233820
1785136087.4233820
1785136087.4233820
1785136087.4233820
1785136087.4233820
1785136087.4233820
1785136087.4233820
1785136087.4233820
1785136087.4233820
1785136087.4233820
1785136087.4233820
1785136087.4236040
1785136087.4236040
1785136087.4236040
1785136087.4236040
1785136087.4236040
1785136087.4236040
1785136087.4236040
1785136087.4236040
1785136087.4236040
1785136087.4236040
1785136087.4236040
1785136087.4236040
1785136087.4236040
1785136087.4236040
1785136087.4236040
1785136087.4236040
1785136087.4236040
1785136087.4236040
1785136087.4236040
1785136087.4236040
1785136087.4236040
1785136087.4236040
1785136087.4236040
1785136087.4236040
1785136087.4236040
1785136087.4236040
1785136087.4236040
1785136087.4236040
1785136087.4236040
1785136087.4236040
1785136087.4236040
1785136087.4236040
1785136087.4236040
1785136087.4236040
1785136087.4236040
1785136087.4236040
1785136087.4236040
1785136087.4236040
1785136087.4236040
1785136087.4236040
1785136087.4236040
1785136087.4236040
1785136087.4236040
1785136087.4236040
1785136087.4236040
1785136087.4236040
1785136087.4236040
1785136087.4236040
1785136087.4236040
1785136087.4236040
1785136087.4236040
1785136087.4236040
1785136087.4236040
1785136087.4236040
1785136087.4236040
1785136087.4236040
1785136087.4236040
1785136087.4236040
1785136087.4236040
1785136087.4236040
1785136087.4236040
1785136087.4236040
1785136087.4236040
1785136087.4238260
1785136087.4238260
1785136087.4238260
1785136087.4238260
1785136087.4238260
1785136087.4238260
1785136087.4238260
1785136087.4238260
1785136087.4238260
1785136087.4238260
1785136087.4238260
1785136087.4238260
1785136087.4238260
1785136087.4238260
1785136087.4238260
1785136087.4238260
1785136087.4238260
1785136087.4238260
1785136087.4238260
1785136087.4238260
1785136087.4238260
1785136087.4238260
1785136087.4238260
1785136087.4238260
1785136087.4238260
1785136087.4238260
1785136087.4238260
1785136087.4238260
1785136087.4238260
1785136087.4238260
1785136087.4238260
1785136087.4238260
1785136087.4238260
1785136087.4238260
1785136087.4238260
1785136087.4238260
1785136087.4238260
1785136087.4238260
1785136087.4238260
1785136087.4238260
1785136087.4238260
1785136087.4238260
1785136087.4238260
1785136087.4238260
1785136087.4238260
1785136087.4238260
1785136087.4238260
1785136087.4238260
1785136087.4238260
1785136087.4238260
1785136087.4238260
1785136087.4238260
1785136087.4238260
1785136087.4238260
1785136087.4238260
1785136087.4238260
1785136087.4238260
1785136087.4238260
1785136087.4238260
1785136087.4238260
1785136087.4238260
1785136087.4238260
1785136087.4240489
1785136087.4240489
1785136087.4240489
1785136087.4240489
1785136087.4240489
1785136087.4240489
1785136087.4240489
1785136087.4240489
1785136087.4240489
1785136087.4240489
1785136087.4240489
1785136087.4240489
1785136087.4240489
1785136087.4240489
1785136087.4240489
1785136087.4240489
1785136087.4240489
1785136087.4240489
1785136087.4240489
1785136087.4240489
1785136087.4240489
1785136087.4240489
1785136087.4240489
1785136087.4240489
1785136087.4240489
1785136087.4240489
1785136087.4240489
1785136087.4240489
1785136087.4240489
1785136087.4240489
1785136087.4240489
1785136087.4240489
1785136087.4240489
1785136087.4240489
1785136087.4240489
1785136087.4240489
1785136087.4240489
1785136087.4240489
1785136087.4240489
1785136087.4240489
1785136087.4240489
1785136087.4240489
1785136087.4240489
1785136087.4240489
1785136087.4240489
1785136087.4240489
1785136087.4240489
1785136087.4240489
1785136087.4240489
1785136087.4240489
1785136087.4240489
1785136087.4240489
1785136087.4240489
1785136087.4242711
1785136087.4242711
1785136087.4242711
1785136087.4242711
1785136087.4242711
1785136087.4242711
1785136087.4242711
1785136087.4242711
1785136087.4242711
1785136087.4242711
1785136087.4242711
1785136087.4242711
1785136087.4242711
1785136087.4242711
1785136087.4242711
1785136087.4242711
1785136087.4242711
1785136087.4242711
1785136087.4242711
1785136087.4242711
1785136087.4242711
1785136087.4242711
1785136087.4242711
1785136087.4242711
1785136087.4242711
1785136087.4242711
1785136087.4242711
1785136087.4242711
1785136087.4242711
1785136087.4242711
1785136087.4242711
1785136087.4242711
1785136087.4242711
1785136087.4242711
1785136087.4242711
1785136087.4242711
1785136087.4242711
1785136087.4242711
1785136087.4242711
1785136087.4242711
1785136087.4242711
1785136087.4242711
1785136087.4242711
1785136087.4242711
1785136087.4242711
1785136087.4242711
1785136087.4242711
1785136087.4242711
1785136087.4242711
1785136087.4242711
1785136087.4242711
1785136087.4242711
1785136087.4242711
1785136087.4242711
1785136087.4242711
1785136087.4242711
1785136087.4244940
1785136087.4244940
1785136087.4244940
1785136087.4244940
1785136087.4244940
1785136087.4244940
1785136087.4244940
1785136087.4244940
1785136087.4244940
1785136087.4244940
1785136087.4244940
1785136087.4244940
1785136087.4244940
1785136087.4244940
1785136087.4244940
1785136087.4244940
1785136087.4244940
1785136087.4244940
1785136087.4244940
1785136087.4244940
1785136087.4244940
1785136087.4244940
1785136087.4244940
1785136087.4244940
1785136087.4244940
1785136087.4244940
1785136087.4244940
1785136087.4244940
1785136087.4244940
1785136087.4244940
1785136087.4244940
1785136087.4244940
1785136087.4244940
1785136087.4244940
1785136087.4244940
1785136087.4244940
1785136087.4244940
1785136087.4244940
1785136087.4244940
1785136087.4244940
1785136087.4244940
1785136087.4244940
1785136087.4244940
1785136087.4244940
1785136087.4244940
1785136087.4244940
1785136087.4244940
1785136087.4244940
1785136087.4244940
1785136087.4244940
1785136087.4244940
1785136087.4244940
1785136087.4244940
1785136087.4244940
1785136087.4244940
1785136087.4244940
1785136087.4244940
1785136087.4247150
1785136087.4247150
1785136087.4247150
1785136087.4247150
1785136087.4247150
1785136087.4247150
1785136087.4247150
1785136087.4247150
1785136087.4247150
1785136087.4247150
1785136087.4247150
1785136087.4247150
1785136087.4247150
1785136087.4247150
1785136087.4247150
1785136087.4247150
1785136087.4247150
1785136087.4247150
1785136087.4247150
1785136087.4247150
1785136087.4247150
1785136087.4247150
1785136087.4247150
1785136087.4247150
1785136087.4247150
1785136087.4247150
1785136087.4247150
1785136087.4247150
1785136087.4247150
1785136087.4247150
1785136087.4247150
1785136087.4247150
1785136087.4247150
1785136087.4247150
1785136087.4247150
1785136087.4247150
1785136087.4247150
1785136087.4247150
1785136087.4247150
1785136087.4247150
1785136087.4247150
1785136087.4247150
1785136087.4247150
1785136087.4247150
1785136087.4247150
1785136087.4247150
1785136087.4247150
1785136087.4247150
1785136087.4247150
1785136087.4247150
1785136087.4247150
1785136087.4247150
1785136087.4247150
1785136087.4247150
1785136087.4247150
1785136087.4247150
1785136087.4247150
1785136087.4247150
1785136087.4247150
1785136087.4247150
1785136087.4247150
1785136087.4247150
1785136087.4247150
1785136087.4247150
1785136087.4247150
1785136087.4247150
1785136087.4247150
1785136087.4247150
1785136087.4247150
1785136087.4249370
1785136087.4249370
1785136087.4249370
1785136087.4249370
1785136087.4249370
1785136087.4249370
1785136087.4249370
1785136087.4249370
1785136087.4249370
1785136087.4249370
1785136087.4249370
1785136087.4249370
1785136087.4249370
1785136087.4249370
1785136087.4249370
1785136087.4249370
1785136087.4249370
1785136087.4249370
1785136087.4249370
1785136087.4249370
1785136087.4249370
1785136087.4249370
1785136087.4249370
1785136087.4249370
1785136087.4249370
1785136087.4249370
1785136087.4249370
1785136087.4249370
1785136087.4249370
1785136087.4249370
1785136087.4249370
1785136087.4249370
1785136087.4249370
1785136087.4249370
1785136087.4249370
1785136087.4249370
1785136087.4249370
1785136087.4249370
1785136087.4249370
1785136087.4249370
1785136087.4249370
1785136087.4249370
1785136087.4249370
1785136087.4249370
1785136087.4249370
1785136087.4249370
1785136087.4249370
1785136087.4249370
1785136087.4249370
1785136087.4249370
1785136087.4249370
1785136087.4249370
1785136087.4249370
1785136087.4249370
1785136087.4249370
1785136087.4249370
1785136087.4249370
1785136087.4249370
1785136087.4249370
1785136087.4249370
1785136087.4249370
1785136087.4249370
1785136087.4249370
1785136087.4249370
1785136087.4249370
1785136087.4249370
1785136087.4249370
1785136087.4249370
1785136087.4249370
1785136087.4251599
1785136087.4251599
1785136087.4251599
1785136087.4251599
1785136087.4251599
1785136087.4251599
1785136087.4251599
1785136087.4251599
1785136087.4251599
1785136087.4251599
1785136087.4251599
1785136087.4251599
1785136087.4251599
1785136087.4251599
1785136087.4251599
1785136087.4251599
1785136087.4251599
1785136087.4251599
1785136087.4251599
1785136087.4251599
1785136087.4251599
1785136087.4251599
1785136087.4251599
1785136087.4251599
1785136087.4251599
1785136087.4251599
1785136087.4251599
1785136087.4251599
1785136087.4251599
1785136087.4251599
1785136087.4251599
1785136087.4251599
1785136087.4251599
1785136087.4251599
1785136087.4251599
1785136087.4251599
1785136087.4251599
1785136087.4251599
1785136087.4251599
1785136087.4251599
1785136087.4251599
1785136087.4251599
1785136087.4251599
1785136087.4251599
1785136087.4251599
1785136087.4251599
1785136087.4251599
1785136087.4251599
1785136087.4251599
1785136087.4251599
1785136087.4251599
1785136087.4251599
1785136087.4251599
1785136087.4251599
1785136087.4251599
1785136087.4251599
1785136087.4251599
1785136087.4251599
1785136087.4251599
1785136087.4251599
1785136087.4251599
1785136087.4251599
1785136087.4251599
1785136087.4251599
1785136087.4251599
1785136087.4251599
1785136087.4251599
1785136087.4251599
1785136087.4251599
1785136087.4253819
1785136087.4253819
1785136087.4253819
1785136087.4253819
1785136087.4253819
1785136087.4253819
1785136087.4253819
1785136087.4253819
1785136087.4253819
1785136087.4253819
1785136087.4253819
1785136087.4253819
1785136087.4253819
1785136087.4253819
1785136087.4253819
1785136087.4253819
1785136087.4253819
1785136087.4253819
1785136087.4253819
1785136087.4253819
1785136087.4253819
1785136087.4253819
1785136087.4253819
1785136087.4253819
1785136087.4253819
1785136087.4253819
1785136087.4253819
1785136087.4253819
1785136087.4253819
1785136087.4253819
1785136087.4253819
1785136087.4253819
1785136087.4253819
1785136087.4253819
1785136087.4253819
1785136087.4253819
1785136087.4253819
1785136087.4253819
1785136087.4253819
1785136087.4253819
1785136087.4253819
1785136087.4253819
1785136087.4253819
1785136087.4253819
1785136087.4253819
1785136087.4253819
1785136087.4253819
1785136087.4253819
1785136087.4253819
1785136087.4253819
1785136087.4253819
1785136087.4253819
1785136087.4253819
1785136087.4253819
1785136087.4253819
1785136087.4253819
1785136087.4253819
1785136087.4253819
1785136087.4253819
1785136087.4253819
1785136087.4253819
1785136087.4253819
1785136087.4253819
1785136087.4253819
1785136087.4253819
1785136087.4253819
1785136087.4253819
1785136087.4256041
1785136087.4256041
1785136087.4256041
1785136087.4256041
1785136087.4256041
1785136087.4256041
1785136087.4256041
1785136087.4256041
1785136087.4256041
1785136087.4256041
1785136087.4256041
1785136087.4256041
1785136087.4256041
1785136087.4256041
1785136087.4256041
1785136087.4256041
1785136087.4256041
1785136087.4256041
1785136087.4256041
1785136087.4256041
1785136087.4256041
1785136087.4256041
1785136087.4256041
1785136087.4256041
1785136087.4256041
1785136087.4256041
1785136087.4256041
1785136087.4256041
1785136087.4256041
1785136087.4256041
1785136087.4256041
1785136087.4256041
1785136087.4256041
1785136087.4256041
1785136087.4256041
1785136087.4256041
1785136087.4256041
1785136087.4256041
1785136087.4256041
1785136087.4256041
1785136087.4256041
1785136087.4256041
1785136087.4256041
1785136087.4256041
1785136087.4256041
1785136087.4256041
1785136087.4256041
1785136087.4256041
1785136087.4256041
1785136087.4256041
1785136087.4256041
1785136087.4256041
1785136087.4256041
1785136087.4256041
1785136087.4256041
1785136087.4256041
1785136087.4256041
1785136087.4256041
1785136087.4256041
1785136087.4256041
1785136087.4256041
1785136087.4258261
1785136087.4258261
1785136087.4258261
1785136087.4258261
1785136087.4258261
1785136087.4258261
1785136087.4258261
1785136087.4258261
1785136087.4258261
1785136087.4258261
1785136087.4258261
1785136087.4258261
1785136087.4258261
1785136087.4258261
1785136087.4258261
1785136087.4258261
1785136087.4258261
1785136087.4258261
1785136087.4258261
1785136087.4258261
1785136087.4258261
1785136087.4258261
1785136087.4258261
1785136087.4258261
1785136087.4258261
1785136087.4258261
1785136087.4258261
1785136087.4258261
1785136087.4258261
1785136087.4258261
1785136087.4258261
1785136087.4258261
1785136087.4258261
1785136087.4258261
1785136087.4258261
1785136087.4258261
1785136087.4258261
1785136087.4258261
1785136087.4258261
1785136087.4258261
1785136087.4258261
1785136087.4258261
1785136087.4258261
1785136087.4258261
1785136087.4258261
1785136087.4258261
1785136087.4258261
1785136087.4258261
1785136087.4258261
1785136087.4258261
1785136087.4258261
1785136087.4258261
1785136087.4258261
1785136087.4258261
1785136087.4258261
1785136087.4258261
1785136087.4258261
1785136087.4258261
1785136087.4258261
1785136087.4258261
1785136087.4258261
1785136087.4258261
1785136087.4258261
1785136087.4258261
1785136087.4260490
1785136087.4260490
1785136087.4260490
1785136087.4260490
1785136087.4260490
1785136087.4260490
1785136087.4260490
1785136087.4260490
1785136087.4260490
1785136087.4260490
1785136087.4260490
1785136087.4260490
1785136087.4260490
1785136087.4260490
1785136087.4260490
1785136087.4260490
1785136087.4260490
1785136087.4260490
1785136087.4260490
1785136087.4260490
1785136087.4260490
1785136087.4260490
1785136087.4260490
1785136087.4260490
1785136087.4260490
1785136087.4260490
1785136087.4260490
1785136087.4260490
1785136087.4260490
1785136087.4260490
1785136087.4260490
1785136087.4260490
1785136087.4260490
1785136087.4260490
1785136087.4260490
1785136087.4260490
1785136087.4260490
1785136087.4260490
1785136087.4260490
1785136087.4260490
1785136087.4260490
1785136087.4260490
1785136087.4260490
1785136087.4260490
1785136087.4260490
1785136087.4260490
1785136087.4260490
1785136087.4260490
1785136087.4260490
1785136087.4260490
1785136087.4260490
1785136087.4260490
1785136087.4260490
1785136087.4260490
1785136087.4260490
1785136087.4260490
1785136087.4260490
1785136087.4260490
1785136087.4260490
1785136087.4260490
1785136087.4260490
1785136087.4260490
1785136087.4260490
1785136087.4262710
1785136087.4262710
1785136087.4262710
1785136087.4262710
1785136087.4262710
1785136087.4262710
1785136087.4262710
1785136087.4262710
1785136087.4262710
1785136087.4262710
1785136087.4262710
1785136087.4262710
1785136087.4262710
1785136087.4262710
1785136087.4262710
1785136087.4262710
1785136087.4262710
1785136087.4262710
1785136087.4262710
1785136087.4262710
1785136087.4262710
1785136087.4262710
1785136087.4262710
1785136087.4262710
1785136087.4262710
1785136087.4262710
1785136087.4262710
1785136087.4262710
1785136087.4262710
1785136087.4262710
1785136087.4262710
1785136087.4262710
1785136087.4262710
1785136087.4262710
1785136087.4262710
1785136087.4262710
1785136087.4262710
1785136087.4262710
1785136087.4262710
1785136087.4262710
1785136087.4262710
1785136087.4262710
1785136087.4262710
1785136087.4262710
1785136087.4262710
1785136087.4262710
1785136087.4262710
1785136087.4262710
1785136087.4262710
1785136087.4262710
1785136087.4262710
1785136087.4262710
1785136087.4262710
1785136087.4262710
1785136087.4262710
1785136087.4262710
1785136087.4262710
1785136087.4262710
1785136087.4262710
1785136087.4262710
1785136087.4262710
1785136087.4262710
1785136087.4264929
1785136087.4264929
1785136087.4264929
1785136087.4264929
1785136087.4264929
1785136087.4264929
1785136087.4264929
1785136087.4264929
1785136087.4264929
1785136087.4264929
1785136087.4264929
1785136087.4264929
1785136087.4264929
1785136087.4264929
1785136087.4264929
1785136087.4264929
1785136087.4264929
1785136087.4264929
1785136087.4264929
1785136087.4264929
1785136087.4264929
1785136087.4264929
1785136087.4264929
1785136087.4264929
1785136087.4264929
1785136087.4264929
1785136087.4264929
1785136087.4264929
1785136087.4264929
1785136087.4264929
1785136087.4264929
1785136087.4264929
1785136087.4264929
1785136087.4264929
1785136087.4264929
1785136087.4264929
1785136087.4264929
1785136087.4264929
1785136087.4264929
1785136087.4264929
1785136087.4264929
1785136087.4264929
1785136087.4264929
1785136087.4264929
1785136087.4264929
1785136087.4264929
1785136087.4264929
1785136087.4264929
1785136087.4264929
1785136087.4264929
1785136087.4264929
1785136087.4264929
1785136087.4264929
1785136087.4264929
1785136087.4264929
1785136087.4264929
1785136087.4264929
1785136087.4264929
1785136087.4264929
1785136087.4264929
1785136087.4264929
1785136087.4264929
1785136087.4267149
1785136087.4267149
1785136087.4267149
1785136087.4267149
1785136087.4267149
1785136087.4267149
1785136087.4267149
1785136087.4267149
1785136087.4267149
1785136087.4267149
1785136087.4267149
1785136087.4267149
1785136087.4267149
1785136087.4267149
1785136087.4267149
1785136087.4267149
1785136087.4267149
1785136087.4267149
1785136087.4267149
1785136087.4267149
1785136087.4267149
1785136087.4267149
1785136087.4267149
1785136087.4267149
1785136087.4267149
1785136087.4267149
1785136087.4267149
1785136087.4267149
1785136087.4267149
1785136087.4267149
1785136087.4267149
1785136087.4267149
1785136087.4267149
1785136087.4267149
1785136087.4267149
1785136087.4267149
1785136087.4267149
1785136087.4267149
1785136087.4267149
1785136087.4267149
1785136087.4267149
1785136087.4267149
1785136087.4267149
1785136087.4267149
1785136087.4267149
1785136087.4267149
1785136087.4267149
1785136087.4267149
1785136087.4267149
1785136087.4267149
1785136087.4267149
1785136087.4267149
1785136087.4267149
1785136087.4267149
1785136087.4267149
1785136087.4267149
1785136087.4267149
1785136087.4267149
1785136087.4267149
1785136087.4267149
1785136087.4269381
1785136087.4269381
1785136087.4269381
1785136087.4269381
1785136087.4269381
1785136087.4269381
1785136087.4269381
1785136087.4269381
1785136087.4269381
1785136087.4269381
1785136087.4269381
1785136087.4269381
1785136087.4269381
1785136087.4269381
1785136087.4269381
1785136087.4269381
1785136087.4269381
1785136087.4269381
1785136087.4269381
1785136087.4269381
1785136087.4269381
1785136087.4269381
1785136087.4269381
1785136087.4269381
1785136087.4269381
1785136087.4269381
1785136087.4269381
1785136087.4269381
1785136087.4269381
1785136087.4269381
1785136087.4269381
1785136087.4269381
1785136087.4269381
1785136087.4269381
1785136087.4269381
1785136087.4269381
1785136087.4269381
1785136087.4269381
1785136087.4269381
1785136087.4269381
1785136087.4269381
1785136087.4269381
1785136087.4269381
1785136087.4269381
1785136087.4269381
1785136087.4269381
1785136087.4269381
1785136087.4269381
1785136087.4269381
1785136087.4269381
1785136087.4269381
1785136087.4269381
1785136087.4269381
1785136087.4269381
1785136087.4269381
1785136087.4269381
1785136087.4269381
1785136087.4269381
1785136087.4269381
1785136087.4269381
1785136087.4269381
1785136087.4269381
1785136087.4271600
1785136087.4271600
1785136087.4271600
1785136087.4271600
1785136087.4271600
1785136087.4271600
1785136087.4271600
1785136087.4271600
1785136087.4271600
1785136087.4271600
1785136087.4271600
1785136087.4271600
1785136087.4271600
1785136087.4271600
1785136087.4271600
1785136087.4271600
1785136087.4271600
1785136087.4271600
1785136087.4271600
1785136087.4271600
1785136087.4271600
1785136087.4271600
1785136087.4271600
1785136087.4271600
1785136087.4271600
1785136087.4271600
1785136087.4271600
1785136087.4271600
1785136087.4271600
1785136087.4271600
1785136087.4271600
1785136087.4271600
1785136087.4271600
1785136087.4271600
1785136087.4271600
1785136087.4271600
1785136087.4271600
1785136087.4271600
1785136087.4271600
1785136087.4271600
1785136087.4271600
1785136087.4271600
1785136087.4271600
1785136087.4271600
1785136087.4271600
1785136087.4271600
1785136087.4271600
1785136087.4271600
1785136087.4271600
1785136087.4271600
1785136087.4271600
1785136087.4271600
1785136087.4271600
1785136087.4271600
1785136087.4271600
1785136087.4271600
1785136087.4271600
1785136087.4271600
1785136087.4271600
1785136087.4271600
1785136087.4271600
1785136087.4273820
1785136087.4273820
1785136087.4273820
1785136087.4273820
1785136087.4273820
1785136087.4273820
1785136087.4273820
1785136087.4273820
1785136087.4273820
1785136087.4273820
1785136087.4273820
1785136087.4273820
1785136087.4273820
1785136087.4273820
1785136087.4273820
1785136087.4273820
1785136087.4273820
1785136087.4273820
1785136087.4273820
1785136087.4273820
1785136087.4273820
1785136087.4273820
1785136087.4273820
1785136087.4273820
1785136087.4273820
1785136087.4273820
1785136087.4273820
1785136087.4273820
1785136087.4273820
1785136087.4273820
1785136087.4273820
1785136087.4273820
1785136087.4273820
1785136087.4273820
1785136087.4273820
1785136087.4273820
1785136087.4273820
1785136087.4273820
1785136087.4273820
1785136087.4273820
1785136087.4273820
1785136087.4273820
1785136087.4273820
1785136087.4273820
1785136087.4273820
1785136087.4273820
1785136087.4273820
1785136087.4273820
1785136087.4273820
1785136087.4273820
1785136087.4273820
1785136087.4273820
1785136087.4276040
1785136087.4276040
1785136087.4276040
1785136087.4276040
1785136087.4276040
1785136087.4276040
1785136087.4276040
1785136087.4276040
1785136087.4276040
1785136087.4276040
1785136087.4276040
1785136087.4276040
1785136087.4276040
1785136087.4276040
1785136087.4276040
1785136087.4276040
1785136087.4276040
1785136087.4276040
1785136087.4276040
1785136087.4276040
1785136087.4276040
1785136087.4276040
1785136087.4276040
1785136087.4276040
1785136087.4276040
1785136087.4276040
1785136087.4276040
1785136087.4276040
1785136087.4276040
1785136087.4276040
1785136087.4276040
1785136087.4276040
1785136087.4276040
1785136087.4276040
1785136087.4276040
1785136087.4276040
1785136087.4276040
1785136087.4276040
1785136087.4276040
1785136087.4276040
1785136087.4276040
1785136087.4276040
1785136087.4276040
1785136087.4276040
1785136087.4276040
1785136087.4276040
1785136087.4276040
1785136087.4276040
1785136087.4278259
1785136087.4278259
1785136087.4278259
1785136087.4278259
1785136087.4278259
1785136087.4278259
1785136087.4278259
1785136087.4278259
1785136087.4278259
1785136087.4278259
1785136087.4278259
1785136087.4278259
1785136087.4278259
1785136087.4278259
1785136087.4278259
1785136087.4278259
1785136087.4278259
1785136087.4278259
1785136087.4278259
1785136087.4278259
1785136087.4278259
1785136087.4278259
1785136087.4278259
1785136087.4278259
1785136087.4278259
1785136087.4278259
1785136087.4278259
1785136087.4278259
1785136087.4278259
1785136087.4278259
1785136087.4278259
1785136087.4278259
1785136087.4278259
1785136087.4278259
1785136087.4278259
1785136087.4278259
1785136087.4278259
1785136087.4278259
1785136087.4278259
1785136087.4278259
1785136087.4278259
1785136087.4278259
1785136087.4278259
1785136087.4278259
1785136087.4278259
1785136087.4278259
1785136087.4278259
1785136087.4278259
1785136087.4280491
1785136087.4280491
1785136087.4280491
1785136087.4280491
1785136087.4280491
1785136087.4280491
1785136087.4280491
1785136087.4280491
1785136087.4280491
1785136087.4280491
1785136087.4280491
1785136087.4280491
1785136087.4280491
1785136087.4280491
1785136087.4280491
1785136087.4280491
1785136087.4280491
1785136087.4280491
1785136087.4280491
1785136087.4280491
1785136087.4280491
1785136087.4280491
1785136087.4280491
1785136087.4280491
1785136087.4280491
1785136087.4280491
1785136087.4280491
1785136087.4280491
1785136087.4280491
1785136087.4280491
1785136087.4280491
1785136087.4280491
1785136087.4280491
1785136087.4280491
1785136087.4280491
1785136087.4280491
1785136087.4280491
1785136087.4280491
1785136087.4280491
1785136087.4280491
1785136087.4280491
1785136087.4280491
1785136087.4280491
1785136087.4280491
1785136087.4280491
1785136087.4280491
1785136087.4280491
1785136087.4280491
1785136087.4282711
1785136087.4282711
1785136087.4282711
1785136087.4282711
1785136087.4282711
1785136087.4282711
1785136087.4282711
1785136087.4282711
1785136087.4282711
1785136087.4282711
1785136087.4282711
1785136087.4282711
1785136087.4282711
1785136087.4282711
1785136087.4282711
1785136087.4282711
1785136087.4282711
1785136087.4282711
1785136087.4282711
1785136087.4282711
1785136087.4282711
1785136087.4282711
1785136087.4282711
1785136087.4282711
1785136087.4282711
1785136087.4282711
1785136087.4282711
1785136087.4282711
1785136087.4282711
1785136087.4282711
1785136087.4282711
1785136087.4282711
1785136087.4282711
1785136087.4282711
1785136087.4282711
1785136087.4282711
1785136087.4282711
1785136087.4282711
1785136087.4282711
1785136087.4282711
1785136087.4282711
1785136087.4282711
1785136087.4282711
1785136087.4282711
1785136087.4282711
1785136087.4282711
1785136087.4282711
1785136087.4282711
1785136087.4284930
1785136087.4284930
1785136087.4284930
1785136087.4284930
1785136087.4284930
1785136087.4284930
1785136087.4284930
1785136087.4284930
1785136087.4284930
1785136087.4284930
1785136087.4284930
1785136087.4284930
1785136087.4284930
1785136087.4284930
1785136087.4284930
1785136087.4284930
1785136087.4284930
1785136087.4284930
1785136087.4284930
1785136087.4284930
1785136087.4284930
1785136087.4284930
1785136087.4284930
1785136087.4284930
1785136087.4284930
1785136087.4284930
1785136087.4284930
1785136087.4284930
1785136087.4284930
1785136087.4284930
1785136087.4284930
1785136087.4284930
1785136087.4284930
1785136087.4284930
1785136087.4284930
1785136087.4284930
1785136087.4284930
1785136087.4284930
1785136087.4284930
1785136087.4284930
1785136087.4284930
1785136087.4284930
1785136087.4284930
1785136087.4284930
1785136087.4284930
1785136087.4284930
1785136087.4284930
1785136087.4284930
1785136087.4287150
1785136087.4287150
1785136087.4287150
1785136087.4287150
1785136087.4287150
1785136087.4287150
1785136087.4287150
1785136087.4287150
1785136087.4287150
1785136087.4287150
1785136087.4287150
1785136087.4287150
1785136087.4287150
1785136087.4287150
1785136087.4287150
1785136087.4287150
1785136087.4287150
1785136087.4287150
1785136087.4287150
1785136087.4287150
1785136087.4287150
1785136087.4287150
1785136087.4287150
1785136087.4287150
1785136087.4287150
1785136087.4287150
1785136087.4287150
1785136087.4287150
1785136087.4287150
1785136087.4287150
1785136087.4287150
1785136087.4287150
1785136087.4287150
1785136087.4287150
1785136087.4287150
1785136087.4287150
1785136087.4287150
1785136087.4287150
1785136087.4287150
1785136087.4287150
1785136087.4287150
1785136087.4287150
1785136087.4287150
1785136087.4287150
1785136087.4287150
1785136087.4287150
1785136087.4287150
1785136087.4287150
1785136087.4287150
1785136087.4289379
1785136087.4289379
1785136087.4289379
1785136087.4289379
1785136087.4289379
1785136087.4289379
1785136087.4289379
1785136087.4289379
1785136087.4289379
1785136087.4289379
1785136087.4289379
1785136087.4289379
1785136087.4289379
1785136087.4289379
1785136087.4289379
1785136087.4289379
1785136087.4289379
1785136087.4289379
1785136087.4289379
1785136087.4289379
1785136087.4289379
1785136087.4289379
1785136087.4289379
1785136087.4289379
1785136087.4289379
1785136087.4289379
1785136087.4289379
1785136087.4289379
1785136087.4289379
1785136087.4289379
1785136087.4289379
1785136087.4289379
1785136087.4289379
1785136087.4289379
1785136087.4289379
1785136087.4289379
1785136087.4289379
1785136087.4289379
1785136087.4289379
1785136087.4289379
1785136087.4289379
1785136087.4289379
1785136087.4289379
1785136087.4289379
1785136087.4289379
1785136087.4289379
1785136087.4289379
1785136087.4289379
1785136087.4289379
1785136087.4291601
1785136087.4291601
1785136087.4291601
1785136087.4291601
1785136087.4291601
1785136087.4291601
1785136087.4291601
1785136087.4291601
1785136087.4291601
1785136087.4291601
1785136087.4291601
1785136087.4291601
1785136087.4291601
1785136087.4291601
1785136087.4291601
1785136087.4291601
1785136087.4291601
1785136087.4291601
1785136087.4291601
1785136087.4291601
1785136087.4291601
1785136087.4291601
1785136087.4291601
1785136087.4291601
1785136087.4291601
1785136087.4291601
1785136087.4291601
1785136087.4291601
1785136087.4291601
1785136087.4291601
1785136087.4291601
1785136087.4291601
1785136087.4291601
1785136087.4291601
1785136087.4291601
1785136087.4291601
1785136087.4291601
1785136087.4291601
1785136087.4291601
1785136087.4291601
1785136087.4291601
1785136087.4291601
1785136087.4291601
1785136087.4291601
1785136087.4291601
1785136087.4291601
1785136087.4291601
1785136087.4291601
1785136087.4291601
1785136087.4293821
1785136087.4293821
1785136087.4293821
1785136087.4293821
1785136087.4293821
1785136087.4293821
1785136087.4293821
1785136087.4293821
1785136087.4293821
1785136087.4293821
1785136087.4293821
1785136087.4293821
1785136087.4293821
1785136087.4293821
1785136087.4293821
1785136087.4293821
1785136087.4293821
1785136087.4293821
1785136087.4293821
1785136087.4293821
1785136087.4293821
1785136087.4293821
1785136087.4293821
1785136087.4293821
1785136087.4293821
1785136087.4293821
1785136087.4293821
1785136087.4293821
1785136087.4293821
1785136087.4293821
1785136087.4293821
1785136087.4293821
1785136087.4293821
1785136087.4293821
1785136087.4293821
1785136087.4293821
1785136087.4293821
1785136087.4293821
1785136087.4293821
1785136087.4293821
1785136087.4293821
1785136087.4293821
1785136087.4293821
1785136087.4293821
1785136087.4293821
1785136087.4293821
1785136087.4293821
1785136087.4293821
1785136087.4293821
1785136087.4296041
1785136087.4296041
1785136087.4296041
1785136087.4296041
1785136087.4296041
1785136087.4296041
1785136087.4296041
1785136087.4296041
1785136087.4296041
1785136087.4296041
1785136087.4296041
1785136087.4296041
1785136087.4296041
1785136087.4296041
1785136087.4296041
1785136087.4296041
1785136087.4296041
1785136087.4296041
1785136087.4296041
1785136087.4296041
1785136087.4296041
1785136087.4296041
1785136087.4296041
1785136087.4296041
1785136087.4296041
1785136087.4296041
1785136087.4296041
1785136087.4296041
1785136087.4296041
1785136087.4296041
1785136087.4296041
1785136087.4296041
1785136087.4296041
1785136087.4296041
1785136087.4296041
1785136087.4296041
1785136087.4296041
1785136087.4296041
1785136087.4296041
1785136087.4296041
1785136087.4296041
1785136087.4296041
1785136087.4296041
1785136087.4296041
1785136087.4296041
1785136087.4296041
1785136087.4296041
1785136087.4296041
1785136087.4296041
1785136087.4298260
1785136087.4298260
1785136087.4298260
1785136087.4298260
1785136087.4298260
1785136087.4298260
1785136087.4298260
1785136087.4298260
1785136087.4298260
1785136087.4298260
1785136087.4298260
1785136087.4298260
1785136087.4298260
1785136087.4298260
1785136087.4298260
1785136087.4298260
1785136087.4298260
1785136087.4298260
1785136087.4298260
1785136087.4298260
1785136087.4298260
1785136087.4298260
1785136087.4298260
1785136087.4298260
1785136087.4298260
1785136087.4298260
1785136087.4298260
1785136087.4298260
1785136087.4298260
1785136087.4298260
1785136087.4298260
1785136087.4298260
1785136087.4298260
1785136087.4298260
1785136087.4298260
1785136087.4298260
1785136087.4298260
1785136087.4298260
1785136087.4298260
1785136087.4298260
1785136087.4298260
1785136087.4298260
1785136087.4298260
1785136087.4298260
1785136087.4298260
1785136087.4298260
1785136087.4298260
1785136087.4298260
1785136087.4298260
1785136087.4300489
1785136087.4300489
1785136087.4300489
1785136087.4300489
1785136087.4300489
1785136087.4300489
1785136087.4300489
1785136087.4300489
1785136087.4300489
1785136087.4300489
1785136087.4300489
1785136087.4300489
1785136087.4300489
1785136087.4300489
1785136087.4300489
1785136087.4300489
1785136087.4300489
1785136087.4300489
1785136087.4300489
1785136087.4300489
1785136087.4300489
1785136087.4300489
1785136087.4300489
1785136087.4300489
1785136087.4300489
1785136087.4300489
1785136087.4300489
1785136087.4300489
1785136087.4300489
1785136087.4300489
1785136087.4300489
1785136087.4300489
1785136087.4300489
1785136087.4300489
1785136087.4300489
1785136087.4300489
1785136087.4300489
1785136087.4300489
1785136087.4300489
1785136087.4300489
1785136087.4300489
1785136087.4300489
1785136087.4300489
1785136087.4300489
1785136087.4300489
1785136087.4300489
1785136087.4300489
1785136087.4300489
1785136087.4300489
1785136087.4300489
1785136087.4302709
1785136087.4302709
1785136087.4302709
1785136087.4302709
1785136087.4302709
1785136087.4302709
1785136087.4302709
1785136087.4302709
1785136087.4302709
1785136087.4302709
1785136087.4302709
1785136087.4302709
1785136087.4302709
1785136087.4302709
1785136087.4302709
1785136087.4302709
1785136087.4302709
1785136087.4302709
1785136087.4302709
1785136087.4302709
1785136087.4302709
1785136087.4302709
1785136087.4302709
1785136087.4302709
1785136087.4302709
1785136087.4302709
1785136087.4302709
1785136087.4302709
1785136087.4302709
1785136087.4302709
1785136087.4302709
1785136087.4302709
1785136087.4302709
1785136087.4302709
1785136087.4302709
1785136087.4302709
1785136087.4302709
1785136087.4302709
1785136087.4302709
1785136087.4302709
1785136087.4302709
1785136087.4302709
1785136087.4302709
1785136087.4302709
1785136087.4302709
1785136087.4302709
1785136087.4302709
1785136087.4302709
1785136087.4302709
1785136087.4302709
1785136087.4304931
1785136087.4304931
1785136087.4304931
1785136087.4304931
1785136087.4304931
1785136087.4304931
1785136087.4304931
1785136087.4304931
1785136087.4304931
1785136087.4304931
1785136087.4304931
1785136087.4304931
1785136087.4304931
1785136087.4304931
1785136087.4304931
1785136087.4304931
1785136087.4304931
1785136087.4304931
1785136087.4304931
1785136087.4304931
1785136087.4304931
1785136087.4304931
1785136087.4304931
1785136087.4304931
1785136087.4304931
1785136087.4304931
1785136087.4304931
1785136087.4304931
1785136087.4304931
1785136087.4304931
1785136087.4304931
1785136087.4304931
1785136087.4304931
1785136087.4304931
1785136087.4304931
1785136087.4304931
1785136087.4304931
1785136087.4304931
1785136087.4304931
1785136087.4304931
1785136087.4304931
1785136087.4304931
1785136087.4304931
1785136087.4304931
1785136087.4304931
1785136087.4304931
1785136087.4304931
1785136087.4304931
1785136087.4304931
1785136087.4304931
1785136087.4307151
1785136087.4307151
1785136087.4307151
1785136087.4307151
1785136087.4307151
1785136087.4307151
1785136087.4307151
1785136087.4307151
1785136087.4307151
1785136087.4307151
1785136087.4307151
1785136087.4307151
1785136087.4307151
1785136087.4307151
1785136087.4307151
1785136087.4307151
1785136087.4307151
1785136087.4307151
1785136087.4307151
1785136087.4307151
1785136087.4307151
1785136087.4307151
1785136087.4307151
1785136087.4307151
1785136087.4307151
1785136087.4307151
1785136087.4307151
1785136087.4307151
1785136087.4307151
1785136087.4307151
1785136087.4307151
1785136087.4307151
1785136087.4307151
1785136087.4307151
1785136087.4307151
1785136087.4307151
1785136087.4307151
1785136087.4307151
1785136087.4307151
1785136087.4307151
1785136087.4307151
1785136087.4307151
1785136087.4307151
1785136087.4307151
1785136087.4307151
1785136087.4307151
1785136087.4307151
1785136087.4307151
1785136087.4307151
1785136087.4307151
1785136087.4309371
1785136087.4309371
1785136087.4309371
1785136087.4309371
1785136087.4309371
1785136087.4309371
1785136087.4309371
1785136087.4309371
1785136087.4309371
1785136087.4309371
1785136087.4309371
1785136087.4309371
1785136087.4309371
1785136087.4309371
1785136087.4309371
1785136087.4309371
1785136087.4309371
1785136087.4309371
1785136087.4309371
1785136087.4309371
1785136087.4309371
1785136087.4309371
1785136087.4309371
1785136087.4309371
1785136087.4309371
1785136087.4309371
1785136087.4309371
1785136087.4309371
1785136087.4309371
1785136087.4309371
1785136087.4309371
1785136087.4309371
1785136087.4309371
1785136087.4309371
1785136087.4309371
1785136087.4309371
1785136087.4309371
1785136087.4309371
1785136087.4309371
1785136087.4309371
1785136087.4309371
1785136087.4309371
1785136087.4309371
1785136087.4309371
1785136087.4309371
1785136087.4309371
1785136087.4309371
1785136087.4309371
1785136087.4309371
1785136087.4309371
1785136087.4311600
1785136087.4311600
1785136087.4311600
1785136087.4311600
1785136087.4311600
1785136087.4311600
1785136087.4311600
1785136087.4311600
1785136087.4311600
1785136087.4311600
1785136087.4311600
1785136087.4311600
1785136087.4311600
1785136087.4311600
1785136087.4311600
1785136087.4311600
1785136087.4311600
1785136087.4311600
1785136087.4311600
1785136087.4311600
1785136087.4311600
1785136087.4311600
1785136087.4311600
1785136087.4311600
1785136087.4311600
1785136087.4311600
1785136087.4311600
1785136087.4311600
1785136087.4311600
1785136087.4311600
1785136087.4311600
1785136087.4311600
1785136087.4311600
1785136087.4311600
1785136087.4311600
1785136087.4311600
1785136087.4311600
1785136087.4311600
1785136087.4311600
1785136087.4311600
1785136087.4311600
1785136087.4311600
1785136087.4311600
1785136087.4311600
1785136087.4311600
1785136087.4311600
1785136087.4311600
1785136087.4311600
1785136087.4311600
1785136087.4311600
1785136087.4313819
1785136087.4313819
1785136087.4313819
1785136087.4313819
1785136087.4313819
1785136087.4313819
1785136087.4313819
1785136087.4313819
1785136087.4313819
1785136087.4313819
1785136087.4313819
1785136087.4313819
1785136087.4313819
1785136087.4313819
1785136087.4313819
1785136087.4313819
1785136087.4313819
1785136087.4313819
1785136087.4313819
1785136087.4313819
1785136087.4313819
1785136087.4313819
1785136087.4313819
1785136087.4313819
1785136087.4313819
1785136087.4313819
1785136087.4313819
1785136087.4313819
1785136087.4313819
1785136087.4313819
1785136087.4313819
1785136087.4313819
1785136087.4313819
1785136087.4313819
1785136087.4313819
1785136087.4313819
1785136087.4313819
1785136087.4313819
1785136087.4313819
1785136087.4313819
1785136087.4313819
1785136087.4313819
1785136087.4313819
1785136087.4313819
1785136087.4313819
1785136087.4313819
1785136087.4313819
1785136087.4313819
1785136087.4313819
1785136087.4313819
1785136087.4316039
1785136087.4316039
1785136087.4316039
1785136087.4316039
1785136087.4316039
1785136087.4316039
1785136087.4316039
1785136087.4316039
1785136087.4316039
1785136087.4316039
1785136087.4316039
1785136087.4316039
1785136087.4316039
1785136087.4316039
1785136087.4316039
1785136087.4316039
1785136087.4316039
1785136087.4316039
1785136087.4316039
1785136087.4316039
1785136087.4316039
1785136087.4316039
1785136087.4316039
1785136087.4316039
1785136087.4316039
1785136087.4316039
1785136087.4316039
1785136087.4316039
1785136087.4316039
1785136087.4316039
1785136087.4316039
1785136087.4316039
1785136087.4316039
1785136087.4316039
1785136087.4316039
1785136087.4316039
1785136087.4316039
1785136087.4316039
1785136087.4316039
1785136087.4316039
1785136087.4316039
1785136087.4316039
1785136087.4316039
1785136087.4316039
1785136087.4316039
1785136087.4316039
1785136087.4316039
1785136087.4316039
1785136087.4316039
1785136087.4316039
1785136087.4318261
1785136087.4318261
1785136087.4318261
1785136087.4318261
1785136087.4318261
1785136087.4318261
1785136087.4318261
1785136087.4318261
1785136087.4318261
1785136087.4318261
1785136087.4318261
1785136087.4318261
1785136087.4318261
1785136087.4318261
1785136087.4318261
1785136087.4318261
1785136087.4318261
1785136087.4318261
1785136087.4318261
1785136087.4318261
1785136087.4318261
1785136087.4318261
1785136087.4318261
1785136087.4318261
1785136087.4318261
1785136087.4318261
1785136087.4318261
1785136087.4318261
1785136087.4318261
1785136087.4318261
1785136087.4318261
1785136087.4318261
1785136087.4318261
1785136087.4318261
1785136087.4318261
1785136087.4318261
1785136087.4318261
1785136087.4318261
1785136087.4318261
1785136087.4318261
1785136087.4318261
1785136087.4318261
1785136087.4318261
1785136087.4318261
1785136087.4318261
1785136087.4318261
1785136087.4318261
1785136087.4318261
1785136087.4318261
1785136087.4318261
1785136087.4318261
1785136087.4320490
1785136087.4320490
1785136087.4320490
1785136087.4320490
1785136087.4320490
1785136087.4320490
1785136087.4320490
1785136087.4320490
1785136087.4320490
1785136087.4320490
1785136087.4320490
1785136087.4320490
1785136087.4320490
1785136087.4320490
1785136087.4320490
1785136087.4320490
1785136087.4320490
1785136087.4320490
1785136087.4320490
1785136087.4320490
1785136087.4320490
1785136087.4320490
1785136087.4320490
1785136087.4320490
1785136087.4320490
1785136087.4320490
1785136087.4320490
1785136087.4320490
1785136087.4320490
1785136087.4320490
1785136087.4320490
1785136087.4320490
1785136087.4320490
1785136087.4320490
1785136087.4320490
1785136087.4320490
1785136087.4320490
1785136087.4320490
1785136087.4320490
1785136087.4320490
1785136087.4320490
1785136087.4320490
1785136087.4320490
1785136087.4320490
1785136087.4320490
1785136087.4320490
1785136087.4320490
1785136087.4320490
1785136087.4320490
1785136087.4320490
1785136087.4320490
1785136087.4322710
1785136087.4322710
1785136087.4322710
1785136087.4322710
1785136087.4322710
1785136087.4322710
1785136087.4322710
1785136087.4322710
1785136087.4322710
1785136087.4322710
1785136087.4322710
1785136087.4322710
1785136087.4322710
1785136087.4322710
1785136087.4322710
1785136087.4322710
1785136087.4322710
1785136087.4322710
1785136087.4322710
1785136087.4322710
1785136087.4322710
1785136087.4322710
1785136087.4322710
1785136087.4322710
1785136087.4322710
1785136087.4322710
1785136087.4322710
1785136087.4322710
1785136087.4322710
1785136087.4322710
1785136087.4322710
1785136087.4322710
1785136087.4322710
1785136087.4322710
1785136087.4322710
1785136087.4322710
1785136087.4322710
1785136087.4322710
1785136087.4322710
1785136087.4322710
1785136087.4322710
1785136087.4322710
1785136087.4322710
1785136087.4322710
1785136087.4322710
1785136087.4322710
1785136087.4322710
1785136087.4322710
1785136087.4322710
1785136087.4322710
1785136087.4322710
1785136087.4324930
1785136087.4324930
1785136087.4324930
1785136087.4324930
1785136087.4324930
1785136087.4324930
1785136087.4324930
1785136087.4324930
1785136087.4324930
1785136087.4324930
1785136087.4324930
1785136087.4324930
1785136087.4324930
1785136087.4324930
1785136087.4324930
1785136087.4324930
1785136087.4324930
1785136087.4324930
1785136087.4324930
1785136087.4324930
1785136087.4324930
1785136087.4324930
1785136087.4324930
1785136087.4324930
1785136087.4324930
1785136087.4324930
1785136087.4324930
1785136087.4324930
1785136087.4324930
1785136087.4324930
1785136087.4324930
1785136087.4324930
1785136087.4324930
1785136087.4324930
1785136087.4324930
1785136087.4324930
1785136087.4324930
1785136087.4324930
1785136087.4324930
1785136087.4324930
1785136087.4324930
1785136087.4324930
1785136087.4324930
1785136087.4324930
1785136087.4324930
1785136087.4324930
1785136087.4324930
1785136087.4324930
1785136087.4324930
1785136087.4324930
1785136087.4324930
1785136087.4327149
1785136087.4327149
1785136087.4327149
1785136087.4327149
1785136087.4327149
1785136087.4327149
1785136087.4327149
1785136087.4327149
1785136087.4327149
1785136087.4327149
1785136087.4327149
1785136087.4327149
1785136087.4327149
1785136087.4327149
1785136087.4327149
1785136087.4327149
1785136087.4327149
1785136087.4327149
1785136087.4327149
1785136087.4327149
1785136087.4327149
1785136087.4327149
1785136087.4327149
1785136087.4327149
1785136087.4327149
1785136087.4327149
1785136087.4327149
1785136087.4327149
1785136087.4327149
1785136087.4327149
1785136087.4327149
1785136087.4327149
1785136087.4327149
1785136087.4327149
1785136087.4327149
1785136087.4327149
1785136087.4327149
1785136087.4327149
1785136087.4327149
1785136087.4327149
1785136087.4327149
1785136087.4327149
1785136087.4327149
1785136087.4327149
1785136087.4327149
1785136087.4327149
1785136087.4327149
1785136087.4327149
1785136087.4327149
1785136087.4327149
1785136087.4327149
1785136087.4329381
1785136087.4329381
1785136087.4329381
1785136087.4329381
1785136087.4329381
1785136087.4329381
1785136087.4329381
1785136087.4329381
1785136087.4329381
1785136087.4329381
1785136087.4329381
1785136087.4329381
1785136087.4329381
1785136087.4329381
1785136087.4329381
1785136087.4329381
1785136087.4329381
1785136087.4329381
1785136087.4329381
1785136087.4329381
1785136087.4329381
1785136087.4329381
1785136087.4329381
1785136087.4329381
1785136087.4329381
1785136087.4329381
1785136087.4329381
1785136087.4329381
1785136087.4329381
1785136087.4329381
1785136087.4329381
1785136087.4329381
1785136087.4329381
1785136087.4329381
1785136087.4329381
1785136087.4329381
1785136087.4329381
1785136087.4329381
1785136087.4329381
1785136087.4329381
1785136087.4329381
1785136087.4329381
1785136087.4329381
1785136087.4329381
1785136087.4329381
1785136087.4329381
1785136087.4329381
1785136087.4329381
1785136087.4329381
1785136087.4329381
1785136087.4329381
1785136087.4331601
1785136087.4331601
1785136087.4331601
1785136087.4331601
1785136087.4331601
1785136087.4331601
1785136087.4331601
1785136087.4331601
1785136087.4331601
1785136087.4331601
1785136087.4331601
1785136087.4331601
1785136087.4331601
1785136087.4331601
1785136087.4331601
1785136087.4331601
1785136087.4331601
1785136087.4331601
1785136087.4331601
1785136087.4331601
1785136087.4331601
1785136087.4331601
1785136087.4331601
1785136087.4331601
1785136087.4331601
1785136087.4331601
1785136087.4331601
1785136087.4331601
1785136087.4331601
1785136087.4331601
1785136087.4331601
1785136087.4331601
1785136087.4331601
1785136087.4331601
1785136087.4331601
1785136087.4331601
1785136087.4331601
1785136087.4331601
1785136087.4331601
1785136087.4331601
1785136087.4331601
1785136087.4331601
1785136087.4331601
1785136087.4331601
1785136087.4331601
1785136087.4331601
1785136087.4331601
1785136087.4331601
1785136087.4331601
1785136087.4331601
1785136087.4331601
1785136087.4333820
1785136087.4333820
1785136087.4333820
1785136087.4333820
1785136087.4333820
1785136087.4333820
1785136087.4333820
1785136087.4333820
1785136087.4333820
1785136087.4333820
1785136087.4333820
1785136087.4333820
1785136087.4333820
1785136087.4333820
1785136087.4333820
1785136087.4333820
1785136087.4333820
1785136087.4333820
1785136087.4333820
1785136087.4333820
1785136087.4333820
1785136087.4333820
1785136087.4333820
1785136087.4333820
1785136087.4333820
1785136087.4333820
1785136087.4333820
1785136087.4333820
1785136087.4333820
1785136087.4333820
1785136087.4333820
1785136087.4333820
1785136087.4333820
1785136087.4333820
1785136087.4333820
1785136087.4333820
1785136087.4333820
1785136087.4333820
1785136087.4333820
1785136087.4333820
1785136087.4333820
1785136087.4333820
1785136087.4333820
1785136087.4333820
1785136087.4333820
1785136087.4333820
1785136087.4333820
1785136087.4333820
1785136087.4333820
1785136087.4333820
1785136087.4333820
1785136087.4336040
1785136087.4336040
1785136087.4336040
1785136087.4336040
1785136087.4336040
1785136087.4336040
1785136087.4336040
1785136087.4336040
1785136087.4336040
1785136087.4336040
1785136087.4336040
1785136087.4336040
1785136087.4336040
1785136087.4336040
1785136087.4336040
1785136087.4336040
1785136087.4336040
1785136087.4336040
1785136087.4336040
1785136087.4336040
1785136087.4336040
1785136087.4336040
1785136087.4336040
1785136087.4336040
1785136087.4336040
1785136087.4336040
1785136087.4336040
1785136087.4336040
1785136087.4336040
1785136087.4336040
1785136087.4336040
1785136087.4336040
1785136087.4336040
1785136087.4336040
1785136087.4336040
1785136087.4336040
1785136087.4336040
1785136087.4336040
1785136087.4336040
1785136087.4336040
1785136087.4336040
1785136087.4336040
1785136087.4336040
1785136087.4336040
1785136087.4336040
1785136087.4336040
1785136087.4336040
1785136087.4336040
1785136087.4336040
1785136087.4336040
1785136087.4336040
1785136087.4338260
1785136087.4338260
1785136087.4338260
1785136087.4338260
1785136087.4338260
1785136087.4338260
1785136087.4338260
1785136087.4338260
1785136087.4338260
1785136087.4338260
1785136087.4338260
1785136087.4338260
1785136087.4338260
1785136087.4338260
1785136087.4338260
1785136087.4338260
1785136087.4338260
1785136087.4338260
1785136087.4338260
1785136087.4338260
1785136087.4338260
1785136087.4338260
1785136087.4338260
1785136087.4338260
1785136087.4338260
1785136087.4338260
1785136087.4338260
1785136087.4338260
1785136087.4338260
1785136087.4338260
1785136087.4338260
1785136087.4338260
1785136087.4338260
1785136087.4338260
1785136087.4338260
1785136087.4338260
1785136087.4338260
1785136087.4338260
1785136087.4338260
1785136087.4338260
1785136087.4338260
1785136087.4338260
1785136087.4338260
1785136087.4338260
1785136087.4338260
1785136087.4338260
1785136087.4338260
1785136087.4338260
1785136087.4338260
1785136087.4338260
1785136087.4338260
1785136087.4338260
1785136087.4340489
1785136087.4340489
1785136087.4340489
1785136087.4340489
1785136087.4340489
1785136087.4340489
1785136087.4340489
1785136087.4340489
1785136087.4340489
1785136087.4340489
1785136087.4340489
1785136087.4340489
1785136087.4340489
1785136087.4340489
1785136087.4340489
1785136087.4340489
1785136087.4340489
1785136087.4340489
1785136087.4340489
1785136087.4340489
1785136087.4340489
1785136087.4340489
1785136087.4340489
1785136087.4340489
1785136087.4340489
1785136087.4340489
1785136087.4340489
1785136087.4340489
1785136087.4340489
1785136087.4340489
1785136087.4340489
1785136087.4340489
1785136087.4340489
1785136087.4340489
1785136087.4340489
1785136087.4340489
1785136087.4340489
1785136087.4340489
1785136087.4340489
1785136087.4340489
1785136087.4340489
1785136087.4340489
1785136087.4340489
1785136087.4340489
1785136087.4340489
1785136087.4340489
1785136087.4340489
1785136087.4340489
1785136087.4340489
1785136087.4340489
1785136087.4340489
1785136087.4340489
1785136087.4342711
1785136087.4342711
1785136087.4342711
1785136087.4342711
1785136087.4342711
1785136087.4342711
1785136087.4342711
1785136087.4342711
1785136087.4342711
1785136087.4342711
1785136087.4342711
1785136087.4342711
1785136087.4342711
1785136087.4342711
1785136087.4342711
1785136087.4342711
1785136087.4342711
1785136087.4342711
1785136087.4342711
1785136087.4342711
1785136087.4342711
1785136087.4342711
1785136087.4342711
1785136087.4342711
1785136087.4342711
1785136087.4342711
1785136087.4342711
1785136087.4342711
1785136087.4342711
1785136087.4342711
1785136087.4342711
1785136087.4342711
1785136087.4342711
1785136087.4342711
1785136087.4342711
1785136087.4342711
1785136087.4342711
1785136087.4342711
1785136087.4342711
1785136087.4342711
1785136087.4342711
1785136087.4342711
1785136087.4342711
1785136087.4342711
1785136087.4342711
1785136087.4342711
1785136087.4342711
1785136087.4342711
1785136087.4342711
1785136087.4342711
1785136087.4342711
1785136087.4342711
1785136087.4344931
1785136087.4344931
1785136087.4344931
1785136087.4344931
1785136087.4344931
1785136087.4344931
1785136087.4344931
1785136087.4344931
1785136087.4344931
1785136087.4344931
1785136087.4344931
1785136087.4344931
1785136087.4344931
1785136087.4344931
1785136087.4344931
1785136087.4344931
1785136087.4344931
1785136087.4344931
1785136087.4344931
1785136087.4344931
1785136087.4344931
1785136087.4344931
1785136087.4344931
1785136087.4344931
1785136087.4344931
1785136087.4344931
1785136087.4344931
1785136087.4344931
1785136087.4344931
1785136087.4344931
1785136087.4344931
1785136087.4344931
1785136087.4344931
1785136087.4344931
1785136087.4344931
1785136087.4344931
1785136087.4344931
1785136087.4344931
1785136087.4344931
1785136087.4344931
1785136087.4344931
1785136087.4344931
1785136087.4344931
1785136087.4344931
1785136087.4344931
1785136087.4344931
1785136087.4344931
1785136087.4344931
1785136087.4344931
1785136087.4344931
1785136087.4344931
1785136087.4344931
1785136087.4347150
1785136087.4347150
1785136087.4347150
1785136087.4347150
1785136087.4347150
1785136087.4347150
1785136087.4347150
1785136087.4347150
1785136087.4347150
1785136087.4347150
1785136087.4347150
1785136087.4347150
1785136087.4347150
1785136087.4347150
1785136087.4347150
1785136087.4347150
1785136087.4347150
1785136087.4347150
1785136087.4347150
1785136087.4347150
1785136087.4347150
1785136087.4347150
1785136087.4347150
1785136087.4347150
1785136087.4347150
1785136087.4347150
1785136087.4347150
1785136087.4347150
1785136087.4347150
1785136087.4347150
1785136087.4347150
1785136087.4347150
1785136087.4347150
1785136087.4347150
1785136087.4347150
1785136087.4347150
1785136087.4347150
1785136087.4347150
1785136087.4347150
1785136087.4347150
1785136087.4347150
1785136087.4347150
1785136087.4347150
1785136087.4347150
1785136087.4347150
1785136087.4347150
1785136087.4347150
1785136087.4347150
1785136087.4347150
1785136087.4347150
1785136087.4347150
1785136087.4347150
1785136087.4349380
1785136087.4349380
1785136087.4349380
1785136087.4349380
1785136087.4349380
1785136087.4349380
1785136087.4349380
1785136087.4349380
1785136087.4349380
1785136087.4349380
1785136087.4349380
1785136087.4349380
1785136087.4349380
1785136087.4349380
1785136087.4349380
1785136087.4349380
1785136087.4349380
1785136087.4349380
1785136087.4349380
1785136087.4349380
1785136087.4349380
1785136087.4349380
1785136087.4349380
1785136087.4349380
1785136087.4349380
1785136087.4349380
1785136087.4349380
1785136087.4349380
1785136087.4349380
1785136087.4349380
1785136087.4349380
1785136087.4349380
1785136087.4349380
1785136087.4349380
1785136087.4349380
1785136087.4349380
1785136087.4349380
1785136087.4349380
1785136087.4349380
1785136087.4349380
1785136087.4349380
1785136087.4349380
1785136087.4349380
1785136087.4349380
1785136087.4349380
1785136087.4349380
1785136087.4349380
1785136087.4349380
1785136087.4349380
1785136087.4349380
1785136087.4349380
1785136087.4349380
1785136087.4351599
1785136087.4351599
1785136087.4351599
1785136087.4351599
1785136087.4351599
1785136087.4351599
1785136087.4351599
1785136087.4351599
1785136087.4351599
1785136087.4351599
1785136087.4351599
1785136087.4351599
1785136087.4351599
1785136087.4351599
1785136087.4351599
1785136087.4351599
1785136087.4351599
1785136087.4351599
1785136087.4351599
1785136087.4351599
1785136087.4351599
1785136087.4351599
1785136087.4351599
1785136087.4351599
1785136087.4351599
1785136087.4351599
1785136087.4351599
1785136087.4351599
1785136087.4351599
1785136087.4351599
1785136087.4351599
1785136087.4351599
1785136087.4351599
1785136087.4351599
1785136087.4351599
1785136087.4351599
1785136087.4351599
1785136087.4351599
1785136087.4351599
1785136087.4351599
1785136087.4351599
1785136087.4351599
1785136087.4351599
1785136087.4351599
1785136087.4351599
1785136087.4351599
1785136087.4351599
1785136087.4351599
1785136087.4351599
1785136087.4351599
1785136087.4351599
1785136087.4351599
1785136087.4353819
1785136087.4353819
1785136087.4353819
1785136087.4353819
1785136087.4353819
1785136087.4353819
1785136087.4353819
1785136087.4353819
1785136087.4353819
1785136087.4353819
1785136087.4353819
1785136087.4353819
1785136087.4353819
1785136087.4353819
1785136087.4353819
1785136087.4353819
1785136087.4353819
1785136087.4353819
1785136087.4353819
1785136087.4353819
1785136087.4353819
1785136087.4353819
1785136087.4353819
1785136087.4353819
1785136087.4353819
1785136087.4353819
1785136087.4353819
1785136087.4353819
1785136087.4353819
1785136087.4353819
1785136087.4353819
1785136087.4353819
1785136087.4353819
1785136087.4353819
1785136087.4353819
1785136087.4353819
1785136087.4353819
1785136087.4353819
1785136087.4353819
1785136087.4353819
1785136087.4353819
1785136087.4353819
1785136087.4353819
1785136087.4353819
1785136087.4353819
1785136087.4353819
1785136087.4353819
1785136087.4353819
1785136087.4353819
1785136087.4353819
1785136087.4353819
1785136087.4353819
1785136087.4356041
1785136087.4356041
1785136087.4356041
1785136087.4356041
1785136087.4356041
1785136087.4356041
1785136087.4356041
1785136087.4356041
1785136087.4356041
1785136087.4356041
1785136087.4356041
1785136087.4356041
1785136087.4356041
1785136087.4356041
1785136087.4356041
1785136087.4356041
1785136087.4356041
1785136087.4356041
1785136087.4356041
1785136087.4356041
1785136087.4356041
1785136087.4356041
1785136087.4356041
1785136087.4356041
1785136087.4356041
1785136087.4356041
1785136087.4356041
1785136087.4356041
1785136087.4356041
1785136087.4356041
1785136087.4356041
1785136087.4356041
1785136087.4356041
1785136087.4356041
1785136087.4356041
1785136087.4356041
1785136087.4356041
1785136087.4356041
1785136087.4356041
1785136087.4356041
1785136087.4356041
1785136087.4356041
1785136087.4356041
1785136087.4356041
1785136087.4356041
1785136087.4356041
1785136087.4356041
1785136087.4356041
1785136087.4356041
1785136087.4356041
1785136087.4356041
1785136087.4356041
1785136087.4358270
1785136087.4358270
1785136087.4358270
1785136087.4358270
1785136087.4358270
1785136087.4358270
1785136087.4358270
1785136087.4358270
1785136087.4358270
1785136087.4358270
1785136087.4358270
1785136087.4358270
1785136087.4358270
1785136087.4358270
1785136087.4358270
1785136087.4358270
1785136087.4358270
1785136087.4358270
1785136087.4358270
1785136087.4358270
1785136087.4358270
1785136087.4358270
1785136087.4358270
1785136087.4358270
1785136087.4358270
1785136087.4358270
1785136087.4358270
1785136087.4358270
1785136087.4358270
1785136087.4358270
1785136087.4358270
1785136087.4358270
1785136087.4358270
1785136087.4358270
1785136087.4358270
1785136087.4358270
1785136087.4358270
1785136087.4358270
1785136087.4358270
1785136087.4358270
1785136087.4358270
1785136087.4358270
1785136087.4358270
1785136087.4358270
1785136087.4358270
1785136087.4358270
1785136087.4358270
1785136087.4358270
1785136087.4358270
1785136087.4358270
1785136087.4358270
1785136087.4358270
1785136087.4360490
1785136087.4360490
1785136087.4360490
1785136087.4360490
1785136087.4360490
1785136087.4360490
1785136087.4360490
1785136087.4360490
1785136087.4360490
1785136087.4360490
1785136087.4360490
1785136087.4360490
1785136087.4360490
1785136087.4360490
1785136087.4360490
1785136087.4360490
1785136087.4360490
1785136087.4360490
1785136087.4360490
1785136087.4360490
1785136087.4360490
1785136087.4360490
1785136087.4360490
1785136087.4360490
1785136087.4360490
1785136087.4360490
1785136087.4360490
1785136087.4360490
1785136087.4360490
1785136087.4360490
1785136087.4360490
1785136087.4360490
1785136087.4360490
1785136087.4360490
1785136087.4360490
1785136087.4360490
1785136087.4360490
1785136087.4360490
1785136087.4360490
1785136087.4360490
1785136087.4360490
1785136087.4360490
1785136087.4360490
1785136087.4360490
1785136087.4360490
1785136087.4360490
1785136087.4360490
1785136087.4360490
1785136087.4360490
1785136087.4360490
1785136087.4360490
1785136087.4360490
1785136087.4362710
1785136087.4362710
1785136087.4362710
1785136087.4362710
1785136087.4362710
1785136087.4362710
1785136087.4362710
1785136087.4362710
1785136087.4362710
1785136087.4362710
1785136087.4362710
1785136087.4362710
1785136087.4362710
1785136087.4362710
1785136087.4362710
1785136087.4362710
1785136087.4362710
1785136087.4362710
1785136087.4362710
1785136087.4362710
1785136087.4362710
1785136087.4362710
1785136087.4362710
1785136087.4362710
1785136087.4362710
1785136087.4362710
1785136087.4362710
1785136087.4362710
1785136087.4362710
1785136087.4362710
1785136087.4362710
1785136087.4362710
1785136087.4362710
1785136087.4362710
1785136087.4362710
1785136087.4362710
1785136087.4362710
1785136087.4362710
1785136087.4362710
1785136087.4362710
1785136087.4362710
1785136087.4362710
1785136087.4362710
1785136087.4362710
1785136087.4362710
1785136087.4362710
1785136087.4362710
1785136087.4362710
1785136087.4362710
1785136087.4362710
1785136087.4362710
1785136087.4362710
1785136087.4364929
1785136087.4364929
1785136087.4364929
1785136087.4364929
1785136087.4364929
1785136087.4364929
1785136087.4364929
1785136087.4364929
1785136087.4364929
1785136087.4364929
1785136087.4364929
1785136087.4364929
1785136087.4364929
1785136087.4364929
1785136087.4364929
1785136087.4364929
1785136087.4364929
1785136087.4364929
1785136087.4364929
1785136087.4364929
1785136087.4364929
1785136087.4364929
1785136087.4364929
1785136087.4364929
1785136087.4364929
1785136087.4364929
1785136087.4364929
1785136087.4364929
1785136087.4364929
1785136087.4364929
1785136087.4364929
1785136087.4364929
1785136087.4364929
1785136087.4364929
1785136087.4364929
1785136087.4364929
1785136087.4364929
1785136087.4364929
1785136087.4364929
1785136087.4364929
1785136087.4364929
1785136087.4364929
1785136087.4364929
1785136087.4364929
1785136087.4364929
1785136087.4364929
1785136087.4364929
1785136087.4364929
1785136087.4364929
1785136087.4364929
1785136087.4364929
1785136087.4364929
1785136087.4367161
1785136087.4367161
1785136087.4367161
1785136087.4367161
1785136087.4367161
1785136087.4367161
1785136087.4367161
1785136087.4367161
1785136087.4367161
1785136087.4367161
1785136087.4367161
1785136087.4367161
1785136087.4367161
1785136087.4367161
1785136087.4367161
1785136087.4367161
1785136087.4367161
1785136087.4367161
1785136087.4367161
1785136087.4367161
1785136087.4367161
1785136087.4367161
1785136087.4367161
1785136087.4367161
1785136087.4367161
1785136087.4367161
1785136087.4367161
1785136087.4367161
1785136087.4367161
1785136087.4367161
1785136087.4367161
1785136087.4367161
1785136087.4367161
1785136087.4367161
1785136087.4367161
1785136087.4367161
1785136087.4367161
1785136087.4367161
1785136087.4367161
1785136087.4367161
1785136087.4367161
1785136087.4367161
1785136087.4367161
1785136087.4367161
1785136087.4367161
1785136087.4367161
1785136087.4367161
1785136087.4367161
1785136087.4367161
1785136087.4367161
1785136087.4367161
1785136087.4367161
1785136087.4369380
1785136087.4369380
1785136087.4369380
1785136087.4369380
1785136087.4369380
1785136087.4369380
1785136087.4369380
1785136087.4369380
1785136087.4369380
1785136087.4369380
1785136087.4369380
1785136087.4369380
1785136087.4369380
1785136087.4369380
1785136087.4369380
1785136087.4369380
1785136087.4369380
1785136087.4369380
1785136087.4369380
1785136087.4369380
1785136087.4369380
1785136087.4369380
1785136087.4369380
1785136087.4369380
1785136087.4369380
1785136087.4369380
1785136087.4369380
1785136087.4369380
1785136087.4369380
1785136087.4369380
1785136087.4369380
1785136087.4369380
1785136087.4369380
1785136087.4369380
1785136087.4369380
1785136087.4369380
1785136087.4369380
1785136087.4369380
1785136087.4369380
1785136087.4369380
1785136087.4369380
1785136087.4369380
1785136087.4369380
1785136087.4369380
1785136087.4369380
1785136087.4369380
1785136087.4369380
1785136087.4369380
1785136087.4369380
1785136087.4369380
1785136087.4369380
1785136087.4369380
1785136087.4371600
1785136087.4371600
1785136087.4371600
1785136087.4371600
1785136087.4371600
1785136087.4371600
1785136087.4371600
1785136087.4371600
1785136087.4371600
1785136087.4371600
1785136087.4371600
1785136087.4371600
1785136087.4371600
1785136087.4371600
1785136087.4371600
1785136087.4371600
1785136087.4371600
1785136087.4371600
1785136087.4371600
1785136087.4371600
1785136087.4371600
1785136087.4371600
1785136087.4371600
1785136087.4371600
1785136087.4371600
1785136087.4371600
1785136087.4371600
1785136087.4371600
1785136087.4371600
1785136087.4371600
1785136087.4371600
1785136087.4371600
1785136087.4371600
1785136087.4371600
1785136087.4371600
1785136087.4371600
1785136087.4371600
1785136087.4371600
1785136087.4371600
1785136087.4371600
1785136087.4371600
1785136087.4371600
1785136087.4371600
1785136087.4371600
1785136087.4371600
1785136087.4371600
1785136087.4371600
1785136087.4371600
1785136087.4371600
1785136087.4371600
1785136087.4371600
1785136087.4371600
1785136087.4373820
1785136087.4373820
1785136087.4373820
1785136087.4373820
1785136087.4373820
1785136087.4373820
1785136087.4373820
1785136087.4373820
1785136087.4373820
1785136087.4373820
1785136087.4373820
1785136087.4373820
1785136087.4373820
1785136087.4373820
1785136087.4373820
1785136087.4373820
1785136087.4373820
1785136087.4373820
1785136087.4373820
1785136087.4373820
1785136087.4373820
1785136087.4373820
1785136087.4373820
1785136087.4373820
1785136087.4373820
1785136087.4373820
1785136087.4373820
1785136087.4373820
1785136087.4373820
1785136087.4373820
1785136087.4373820
1785136087.4373820
1785136087.4373820
1785136087.4373820
1785136087.4373820
1785136087.4373820
1785136087.4373820
1785136087.4373820
1785136087.4373820
1785136087.4373820
1785136087.4373820
1785136087.4373820
1785136087.4373820
1785136087.4373820
1785136087.4373820
1785136087.4373820
1785136087.4373820
1785136087.4373820
1785136087.4373820
1785136087.4373820
1785136087.4373820
1785136087.4373820
1785136087.4376049
1785136087.4376049
1785136087.4376049
1785136087.4376049
1785136087.4376049
1785136087.4376049
1785136087.4376049
1785136087.4376049
1785136087.4376049
1785136087.4376049
1785136087.4376049
1785136087.4376049
1785136087.4376049
1785136087.4376049
1785136087.4376049
1785136087.4376049
1785136087.4376049
1785136087.4376049
1785136087.4376049
1785136087.4376049
1785136087.4376049
1785136087.4376049
1785136087.4376049
1785136087.4376049
1785136087.4376049
1785136087.4376049
1785136087.4376049
1785136087.4376049
1785136087.4376049
1785136087.4376049
1785136087.4376049
1785136087.4376049
1785136087.4376049
1785136087.4376049
1785136087.4376049
1785136087.4376049
1785136087.4376049
1785136087.4376049
1785136087.4376049
1785136087.4376049
1785136087.4376049
1785136087.4376049
1785136087.4376049
1785136087.4376049
1785136087.4376049
1785136087.4376049
1785136087.4376049
1785136087.4376049
1785136087.4376049
1785136087.4376049
1785136087.4376049
1785136087.4376049
1785136087.4378271
1785136087.4378271
1785136087.4378271
1785136087.4378271
1785136087.4378271
1785136087.4378271
1785136087.4378271
1785136087.4378271
1785136087.4378271
1785136087.4378271
1785136087.4378271
1785136087.4378271
1785136087.4378271
1785136087.4378271
1785136087.4378271
1785136087.4378271
1785136087.4378271
1785136087.4378271
1785136087.4378271
1785136087.4378271
1785136087.4378271
1785136087.4378271
1785136087.4378271
1785136087.4378271
1785136087.4378271
1785136087.4378271
1785136087.4378271
1785136087.4378271
1785136087.4378271
1785136087.4378271
1785136087.4378271
1785136087.4378271
1785136087.4378271
1785136087.4378271
1785136087.4378271
1785136087.4378271
1785136087.4378271
1785136087.4378271
1785136087.4378271
1785136087.4378271
1785136087.4378271
1785136087.4378271
1785136087.4378271
1785136087.4378271
1785136087.4378271
1785136087.4378271
1785136087.4378271
1785136087.4378271
1785136087.4378271
1785136087.4378271
1785136087.4378271
1785136087.4378271
1785136087.4380491
1785136087.4380491
1785136087.4380491
1785136087.4380491
1785136087.4380491
1785136087.4380491
1785136087.4380491
1785136087.4380491
1785136087.4380491
1785136087.4380491
1785136087.4380491
1785136087.4380491
1785136087.4380491
1785136087.4380491
1785136087.4380491
1785136087.4380491
1785136087.4380491
1785136087.4380491
1785136087.4380491
1785136087.4380491
1785136087.4380491
1785136087.4380491
1785136087.4380491
1785136087.4380491
1785136087.4380491
1785136087.4380491
1785136087.4380491
1785136087.4380491
1785136087.4380491
1785136087.4380491
1785136087.4380491
1785136087.4380491
1785136087.4380491
1785136087.4380491
1785136087.4380491
1785136087.4380491
1785136087.4380491
1785136087.4380491
1785136087.4380491
1785136087.4380491
1785136087.4380491
1785136087.4380491
1785136087.4380491
1785136087.4380491
1785136087.4380491
1785136087.4380491
1785136087.4380491
1785136087.4380491
1785136087.4380491
1785136087.4380491
1785136087.4380491
1785136087.4380491
1785136087.4382710
1785136087.4382710
1785136087.4382710
1785136087.4382710
1785136087.4382710
1785136087.4382710
1785136087.4382710
1785136087.4382710
1785136087.4382710
1785136087.4382710
1785136087.4382710
1785136087.4382710
1785136087.4382710
1785136087.4382710
1785136087.4382710
1785136087.4382710
1785136087.4382710
1785136087.4382710
1785136087.4382710
1785136087.4382710
1785136087.4382710
1785136087.4382710
1785136087.4382710
1785136087.4382710
1785136087.4382710
1785136087.4382710
1785136087.4382710
1785136087.4382710
1785136087.4382710
1785136087.4382710
1785136087.4382710
1785136087.4382710
1785136087.4382710
1785136087.4382710
1785136087.4382710
1785136087.4382710
1785136087.4382710
1785136087.4382710
1785136087.4382710
1785136087.4382710
1785136087.4382710
1785136087.4382710
1785136087.4382710
1785136087.4382710
1785136087.4382710
1785136087.4382710
1785136087.4382710
1785136087.4382710
1785136087.4382710
1785136087.4382710
1785136087.4382710
1785136087.4382710
1785136087.4384930
1785136087.4384930
1785136087.4384930
1785136087.4384930
1785136087.4384930
1785136087.4384930
1785136087.4384930
1785136087.4384930
1785136087.4384930
1785136087.4384930
1785136087.4384930
1785136087.4384930
1785136087.4384930
1785136087.4384930
1785136087.4384930
1785136087.4384930
1785136087.4384930
1785136087.4384930
1785136087.4384930
1785136087.4384930
1785136087.4384930
1785136087.4384930
1785136087.4384930
1785136087.4384930
1785136087.4384930
1785136087.4384930
1785136087.4384930
1785136087.4384930
1785136087.4384930
1785136087.4384930
1785136087.4384930
1785136087.4384930
1785136087.4384930
1785136087.4384930
1785136087.4384930
1785136087.4384930
1785136087.4384930
1785136087.4384930
1785136087.4384930
1785136087.4384930
1785136087.4384930
1785136087.4384930
1785136087.4384930
1785136087.4384930
1785136087.4384930
1785136087.4384930
1785136087.4384930
1785136087.4384930
1785136087.4384930
1785136087.4384930
1785136087.4384930
1785136087.4384930
1785136087.4387159
1785136087.4387159
1785136087.4387159
1785136087.4387159
1785136087.4387159
1785136087.4387159
1785136087.4387159
1785136087.4387159
1785136087.4387159
1785136087.4387159
1785136087.4387159
1785136087.4387159
1785136087.4387159
1785136087.4387159
1785136087.4387159
1785136087.4387159
1785136087.4387159
1785136087.4387159
1785136087.4387159
1785136087.4387159
1785136087.4387159
1785136087.4387159
1785136087.4387159
1785136087.4387159
1785136087.4387159
1785136087.4387159
1785136087.4387159
1785136087.4387159
1785136087.4387159
1785136087.4387159
1785136087.4387159
1785136087.4387159
1785136087.4387159
1785136087.4387159
1785136087.4387159
1785136087.4387159
1785136087.4387159
1785136087.4387159
1785136087.4387159
1785136087.4387159
1785136087.4387159
1785136087.4387159
1785136087.4387159
1785136087.4387159
1785136087.4387159
1785136087.4387159
1785136087.4387159
1785136087.4387159
1785136087.4387159
1785136087.4387159
1785136087.4387159
1785136087.4387159
1785136087.4389379
1785136087.4389379
1785136087.4389379
1785136087.4389379
1785136087.4389379
1785136087.4389379
1785136087.4389379
1785136087.4389379
1785136087.4389379
1785136087.4389379
1785136087.4389379
1785136087.4389379
1785136087.4389379
1785136087.4389379
1785136087.4389379
1785136087.4389379
1785136087.4389379
1785136087.4389379
1785136087.4389379
1785136087.4389379
1785136087.4389379
1785136087.4389379
1785136087.4389379
1785136087.4389379
1785136087.4389379
1785136087.4389379
1785136087.4389379
1785136087.4389379
1785136087.4389379
1785136087.4389379
1785136087.4389379
1785136087.4389379
1785136087.4389379
1785136087.4389379
1785136087.4389379
1785136087.4389379
1785136087.4389379
1785136087.4389379
1785136087.4389379
1785136087.4389379
1785136087.4389379
1785136087.4389379
1785136087.4389379
1785136087.4389379
1785136087.4389379
1785136087.4389379
1785136087.4389379
1785136087.4389379
1785136087.4389379
1785136087.4389379
1785136087.4389379
1785136087.4389379
1785136087.4391601
1785136087.4391601
1785136087.4391601
1785136087.4391601
1785136087.4391601
1785136087.4391601
1785136087.4391601
1785136087.4391601
1785136087.4391601
1785136087.4391601
1785136087.4391601
1785136087.4391601
1785136087.4391601
1785136087.4391601
1785136087.4391601
1785136087.4391601
1785136087.4391601
1785136087.4391601
1785136087.4391601
1785136087.4391601
1785136087.4391601
1785136087.4391601
1785136087.4391601
1785136087.4391601
1785136087.4391601
1785136087.4391601
1785136087.4391601
1785136087.4391601
1785136087.4391601
1785136087.4391601
1785136087.4391601
1785136087.4391601
1785136087.4391601
1785136087.4391601
1785136087.4391601
1785136087.4391601
1785136087.4391601
1785136087.4391601
1785136087.4391601
1785136087.4391601
1785136087.4391601
1785136087.4391601
1785136087.4391601
1785136087.4391601
1785136087.4391601
1785136087.4391601
1785136087.4391601
1785136087.4391601
1785136087.4391601
1785136087.4391601
1785136087.4391601
1785136087.4391601
1785136087.4393821
1785136087.4393821
1785136087.4393821
1785136087.4393821
1785136087.4393821
1785136087.4393821
1785136087.4393821
1785136087.4393821
1785136087.4393821
1785136087.4393821
1785136087.4393821
1785136087.4393821
1785136087.4393821
1785136087.4393821
1785136087.4393821
1785136087.4393821
1785136087.4393821
1785136087.4393821
1785136087.4393821
1785136087.4393821
1785136087.4393821
1785136087.4393821
1785136087.4393821
1785136087.4393821
1785136087.4393821
1785136087.4393821
1785136087.4393821
1785136087.4393821
1785136087.4393821
1785136087.4393821
1785136087.4393821
1785136087.4393821
1785136087.4393821
1785136087.4393821
1785136087.4393821
1785136087.4393821
1785136087.4393821
1785136087.4393821
1785136087.4393821
1785136087.4393821
1785136087.4393821
1785136087.4393821
1785136087.4393821
1785136087.4393821
1785136087.4393821
1785136087.4393821
1785136087.4393821
1785136087.4393821
1785136087.4393821
1785136087.4393821
1785136087.4393821
1785136087.4393821
1785136087.4396050
1785136087.4396050
1785136087.4396050
1785136087.4396050
1785136087.4396050
1785136087.4396050
1785136087.4396050
1785136087.4396050
1785136087.4396050
1785136087.4396050
1785136087.4396050
1785136087.4396050
1785136087.4396050
1785136087.4396050
1785136087.4396050
1785136087.4396050
1785136087.4396050
1785136087.4396050
1785136087.4396050
1785136087.4396050
1785136087.4396050
1785136087.4396050
1785136087.4396050
1785136087.4396050
1785136087.4396050
1785136087.4396050
1785136087.4396050
1785136087.4396050
1785136087.4396050
1785136087.4396050
1785136087.4396050
1785136087.4396050
1785136087.4396050
1785136087.4396050
1785136087.4396050
1785136087.4396050
1785136087.4396050
1785136087.4396050
1785136087.4396050
1785136087.4396050
1785136087.4396050
1785136087.4396050
1785136087.4396050
1785136087.4396050
1785136087.4396050
1785136087.4396050
1785136087.4396050
1785136087.4396050
1785136087.4396050
1785136087.4396050
1785136087.4396050
1785136087.4396050
1785136087.4398270
1785136087.4398270
1785136087.4398270
1785136087.4398270
1785136087.4398270
1785136087.4398270
1785136087.4398270
1785136087.4398270
1785136087.4398270
1785136087.4398270
1785136087.4398270
1785136087.4398270
1785136087.4398270
1785136087.4398270
1785136087.4398270
1785136087.4398270
1785136087.4398270
1785136087.4398270
1785136087.4398270
1785136087.4398270
1785136087.4398270
1785136087.4398270
1785136087.4398270
1785136087.4398270
1785136087.4398270
1785136087.4398270
1785136087.4398270
1785136087.4398270
1785136087.4398270
1785136087.4398270
1785136087.4398270
1785136087.4398270
1785136087.4398270
1785136087.4398270
1785136087.4398270
1785136087.4398270
1785136087.4398270
1785136087.4398270
1785136087.4398270
1785136087.4398270
1785136087.4398270
1785136087.4398270
1785136087.4398270
1785136087.4398270
1785136087.4398270
1785136087.4398270
1785136087.4398270
1785136087.4398270
1785136087.4398270
1785136087.4398270
1785136087.4398270
1785136087.4398270
1785136087.4400489
1785136087.4400489
1785136087.4400489
1785136087.4400489
1785136087.4400489
1785136087.4400489
1785136087.4400489
1785136087.4400489
1785136087.4400489
1785136087.4400489
1785136087.4400489
1785136087.4400489
1785136087.4400489
1785136087.4400489
1785136087.4400489
1785136087.4400489
1785136087.4400489
1785136087.4400489
1785136087.4400489
1785136087.4400489
1785136087.4400489
1785136087.4400489
1785136087.4400489
1785136087.4400489
1785136087.4400489
1785136087.4400489
1785136087.4400489
1785136087.4400489
1785136087.4400489
1785136087.4400489
1785136087.4400489
1785136087.4400489
1785136087.4400489
1785136087.4400489
1785136087.4400489
1785136087.4400489
1785136087.4400489
1785136087.4400489
1785136087.4400489
1785136087.4400489
1785136087.4400489
1785136087.4400489
1785136087.4400489
1785136087.4400489
1785136087.4400489
1785136087.4400489
1785136087.4400489
1785136087.4400489
1785136087.4400489
1785136087.4400489
1785136087.4400489
1785136087.4400489
1785136087.4402709
1785136087.4402709
1785136087.4402709
1785136087.4402709
1785136087.4402709
1785136087.4402709
1785136087.4402709
1785136087.4402709
1785136087.4402709
1785136087.4402709
1785136087.4402709
1785136087.4402709
1785136087.4402709
1785136087.4402709
1785136087.4402709
1785136087.4402709
1785136087.4402709
1785136087.4402709
1785136087.4402709
1785136087.4402709
1785136087.4402709
1785136087.4402709
1785136087.4402709
1785136087.4402709
1785136087.4402709
1785136087.4402709
1785136087.4402709
1785136087.4402709
1785136087.4402709
1785136087.4402709
1785136087.4402709
1785136087.4402709
1785136087.4402709
1785136087.4402709
1785136087.4402709
1785136087.4402709
1785136087.4402709
1785136087.4402709
1785136087.4402709
1785136087.4402709
1785136087.4402709
1785136087.4402709
1785136087.4402709
1785136087.4402709
1785136087.4402709
1785136087.4402709
1785136087.4402709
1785136087.4402709
1785136087.4402709
1785136087.4402709
1785136087.4402709
1785136087.4402709
1785136087.4404931
1785136087.4404931
1785136087.4404931
1785136087.4404931
1785136087.4404931
1785136087.4404931
1785136087.4404931
1785136087.4404931
1785136087.4404931
1785136087.4404931
1785136087.4404931
1785136087.4404931
1785136087.4404931
1785136087.4404931
1785136087.4404931
1785136087.4404931
1785136087.4404931
1785136087.4404931
1785136087.4404931
1785136087.4404931
1785136087.4404931
1785136087.4404931
1785136087.4404931
1785136087.4404931
1785136087.4404931
1785136087.4404931
1785136087.4404931
1785136087.4404931
1785136087.4404931
1785136087.4404931
1785136087.4404931
1785136087.4404931
1785136087.4404931
1785136087.4404931
1785136087.4404931
1785136087.4404931
1785136087.4404931
1785136087.4404931
1785136087.4404931
1785136087.4404931
1785136087.4404931
1785136087.4404931
1785136087.4404931
1785136087.4404931
1785136087.4404931
1785136087.4404931
1785136087.4404931
1785136087.4404931
1785136087.4404931
1785136087.4404931
1785136087.4404931
1785136087.4404931
1785136087.4407160
1785136087.4407160
1785136087.4407160
1785136087.4407160
1785136087.4407160
1785136087.4407160
1785136087.4407160
1785136087.4407160
1785136087.4407160
1785136087.4407160
1785136087.4407160
1785136087.4407160
1785136087.4407160
1785136087.4407160
1785136087.4407160
1785136087.4407160
1785136087.4407160
1785136087.4407160
1785136087.4407160
1785136087.4407160
1785136087.4407160
1785136087.4407160
1785136087.4407160
1785136087.4407160
1785136087.4407160
1785136087.4407160
1785136087.4407160
1785136087.4407160
1785136087.4407160
1785136087.4407160
1785136087.4407160
1785136087.4407160
1785136087.4407160
1785136087.4407160
1785136087.4407160
1785136087.4407160
1785136087.4407160
1785136087.4407160
1785136087.4407160
1785136087.4407160
1785136087.4407160
1785136087.4407160
1785136087.4407160
1785136087.4407160
1785136087.4407160
1785136087.4407160
1785136087.4407160
1785136087.4407160
1785136087.4407160
1785136087.4407160
1785136087.4407160
1785136087.4407160
1785136087.4409380
1785136087.4409380
1785136087.4409380
1785136087.4409380
1785136087.4409380
1785136087.4409380
1785136087.4409380
1785136087.4409380
1785136087.4409380
1785136087.4409380
1785136087.4409380
1785136087.4409380
1785136087.4409380
1785136087.4409380
1785136087.4409380
1785136087.4409380
1785136087.4409380
1785136087.4409380
1785136087.4409380
1785136087.4409380
1785136087.4409380
1785136087.4409380
1785136087.4409380
1785136087.4409380
1785136087.4409380
1785136087.4409380
1785136087.4409380
1785136087.4409380
1785136087.4409380
1785136087.4409380
1785136087.4409380
1785136087.4409380
1785136087.4409380
1785136087.4409380
1785136087.4409380
1785136087.4409380
1785136087.4409380
1785136087.4409380
1785136087.4409380
1785136087.4409380
1785136087.4409380
1785136087.4409380
1785136087.4409380
1785136087.4409380
1785136087.4409380
1785136087.4409380
1785136087.4409380
1785136087.4409380
1785136087.4409380
1785136087.4409380
1785136087.4409380
1785136087.4409380
1785136087.4411600
1785136087.4411600
1785136087.4411600
1785136087.4411600
1785136087.4411600
1785136087.4411600
1785136087.4411600
1785136087.4411600
1785136087.4411600
1785136087.4411600
1785136087.4411600
1785136087.4411600
1785136087.4411600
1785136087.4411600
1785136087.4411600
1785136087.4411600
1785136087.4411600
1785136087.4411600
1785136087.4411600
1785136087.4411600
1785136087.4411600
1785136087.4411600
1785136087.4411600
1785136087.4411600
1785136087.4411600
1785136087.4411600
1785136087.4411600
1785136087.4411600
1785136087.4411600
1785136087.4411600
1785136087.4411600
1785136087.4411600
1785136087.4411600
1785136087.4411600
1785136087.4411600
1785136087.4411600
1785136087.4411600
1785136087.4411600
1785136087.4411600
1785136087.4411600
1785136087.4411600
1785136087.4411600
1785136087.4411600
1785136087.4411600
1785136087.4411600
1785136087.4411600
1785136087.4411600
1785136087.4411600
1785136087.4411600
1785136087.4411600
1785136087.4411600
1785136087.4411600
1785136087.4413819
1785136087.4413819
1785136087.4413819
1785136087.4413819
1785136087.4413819
1785136087.4413819
1785136087.4413819
1785136087.4413819
1785136087.4413819
1785136087.4413819
1785136087.4413819
1785136087.4413819
1785136087.4413819
1785136087.4413819
1785136087.4413819
1785136087.4413819
1785136087.4413819
1785136087.4413819
1785136087.4413819
1785136087.4413819
1785136087.4413819
1785136087.4413819
1785136087.4413819
1785136087.4413819
1785136087.4413819
1785136087.4413819
1785136087.4413819
1785136087.4413819
1785136087.4413819
1785136087.4413819
1785136087.4413819
1785136087.4413819
1785136087.4413819
1785136087.4413819
1785136087.4413819
1785136087.4413819
1785136087.4413819
1785136087.4413819
1785136087.4413819
1785136087.4413819
1785136087.4413819
1785136087.4413819
1785136087.4413819
1785136087.4413819
1785136087.4413819
1785136087.4413819
1785136087.4413819
1785136087.4413819
1785136087.4413819
1785136087.4413819
1785136087.4413819
1785136087.4413819
1785136087.4416039
1785136087.4416039
1785136087.4416039
1785136087.4416039
1785136087.4416039
1785136087.4416039
1785136087.4416039
1785136087.4416039
1785136087.4416039
1785136087.4416039
1785136087.4416039
1785136087.4416039
1785136087.4416039
1785136087.4416039
1785136087.4416039
1785136087.4416039
1785136087.4416039
1785136087.4416039
1785136087.4416039
1785136087.4416039
1785136087.4416039
1785136087.4416039
1785136087.4416039
1785136087.4416039
1785136087.4416039
1785136087.4416039
1785136087.4416039
1785136087.4416039
1785136087.4416039
1785136087.4416039
1785136087.4416039
1785136087.4416039
1785136087.4416039
1785136087.4416039
1785136087.4416039
1785136087.4416039
1785136087.4416039
1785136087.4416039
1785136087.4416039
1785136087.4416039
1785136087.4416039
1785136087.4416039
1785136087.4416039
1785136087.4416039
1785136087.4416039
1785136087.4416039
1785136087.4416039
1785136087.4416039
1785136087.4416039
1785136087.4416039
1785136087.4416039
1785136087.4416039
1785136087.4418271
1785136087.4418271
1785136087.4418271
1785136087.4418271
1785136087.4418271
1785136087.4418271
1785136087.4418271
1785136087.4418271
1785136087.4418271
1785136087.4418271
1785136087.4418271
1785136087.4418271
1785136087.4418271
1785136087.4418271
1785136087.4418271
1785136087.4418271
1785136087.4418271
1785136087.4418271
1785136087.4418271
1785136087.4418271
1785136087.4418271
1785136087.4418271
1785136087.4418271
1785136087.4418271
1785136087.4418271
1785136087.4418271
1785136087.4418271
1785136087.4418271
1785136087.4418271
1785136087.4418271
1785136087.4418271
1785136087.4418271
1785136087.4418271
1785136087.4418271
1785136087.4418271
1785136087.4418271
1785136087.4418271
1785136087.4418271
1785136087.4418271
1785136087.4418271
1785136087.4418271
1785136087.4418271
1785136087.4418271
1785136087.4418271
1785136087.4418271
1785136087.4418271
1785136087.4418271
1785136087.4418271
1785136087.4418271
1785136087.4418271
1785136087.4418271
1785136087.4418271
1785136087.4420490
1785136087.4420490
1785136087.4420490
1785136087.4420490
1785136087.4420490
1785136087.4420490
1785136087.4420490
1785136087.4420490
1785136087.4420490
1785136087.4420490
1785136087.4420490
1785136087.4420490
1785136087.4420490
1785136087.4420490
1785136087.4420490
1785136087.4420490
1785136087.4420490
1785136087.4420490
1785136087.4420490
1785136087.4420490
1785136087.4420490
1785136087.4420490
1785136087.4420490
1785136087.4420490
1785136087.4420490
1785136087.4420490
1785136087.4420490
1785136087.4420490
1785136087.4420490
1785136087.4420490
1785136087.4420490
1785136087.4420490
1785136087.4420490
1785136087.4420490
1785136087.4420490
1785136087.4420490
1785136087.4420490
1785136087.4420490
1785136087.4420490
1785136087.4420490
1785136087.4420490
1785136087.4420490
1785136087.4420490
1785136087.4420490
1785136087.4420490
1785136087.4420490
1785136087.4420490
1785136087.4420490
1785136087.4420490
1785136087.4420490
1785136087.4420490
1785136087.4420490
1785136087.4422710
1785136087.4422710
1785136087.4422710
1785136087.4422710
1785136087.4422710
1785136087.4422710
1785136087.4422710
1785136087.4422710
1785136087.4422710
1785136087.4422710
1785136087.4422710
1785136087.4422710
1785136087.4422710
1785136087.4422710
1785136087.4422710
1785136087.4422710
1785136087.4422710
1785136087.4422710
1785136087.4422710
1785136087.4422710
1785136087.4422710
1785136087.4422710
1785136087.4422710
1785136087.4422710
1785136087.4422710
1785136087.4422710
1785136087.4422710
1785136087.4422710
1785136087.4422710
1785136087.4422710
1785136087.4422710
1785136087.4422710
1785136087.4422710
1785136087.4422710
1785136087.4422710
1785136087.4422710
1785136087.4422710
1785136087.4422710
1785136087.4422710
1785136087.4422710
1785136087.4422710
1785136087.4422710
1785136087.4422710
1785136087.4422710
1785136087.4422710
1785136087.4422710
1785136087.4422710
1785136087.4422710
1785136087.4422710
1785136087.4422710
1785136087.4422710
1785136087.4422710
1785136087.4424930
1785136087.4424930
1785136087.4424930
1785136087.4424930
1785136087.4424930
1785136087.4424930
1785136087.4424930
1785136087.4424930
1785136087.4424930
1785136087.4424930
1785136087.4424930
1785136087.4424930
1785136087.4424930
1785136087.4424930
1785136087.4424930
1785136087.4424930
1785136087.4424930
1785136087.4424930
1785136087.4424930
1785136087.4424930
1785136087.4424930
1785136087.4424930
1785136087.4424930
1785136087.4424930
1785136087.4424930
1785136087.4424930
1785136087.4424930
1785136087.4424930
1785136087.4424930
1785136087.4424930
1785136087.4424930
1785136087.4424930
1785136087.4424930
1785136087.4424930
1785136087.4424930
1785136087.4424930
1785136087.4424930
1785136087.4424930
1785136087.4424930
1785136087.4424930
1785136087.4424930
1785136087.4424930
1785136087.4424930
1785136087.4424930
1785136087.4424930
1785136087.4424930
1785136087.4424930
1785136087.4424930
1785136087.4424930
1785136087.4424930
1785136087.4424930
1785136087.4424930
1785136087.4427149
1785136087.4427149
1785136087.4427149
1785136087.4427149
1785136087.4427149
1785136087.4427149
1785136087.4427149
1785136087.4427149
1785136087.4427149
1785136087.4427149
1785136087.4427149
1785136087.4427149
1785136087.4427149
1785136087.4427149
1785136087.4427149
1785136087.4427149
1785136087.4427149
1785136087.4427149
1785136087.4427149
1785136087.4427149
1785136087.4427149
1785136087.4427149
1785136087.4427149
1785136087.4427149
1785136087.4427149
1785136087.4427149
1785136087.4427149
1785136087.4427149
1785136087.4427149
1785136087.4427149
1785136087.4427149
1785136087.4427149
1785136087.4427149
1785136087.4427149
1785136087.4427149
1785136087.4427149
1785136087.4427149
1785136087.4427149
1785136087.4427149
1785136087.4427149
1785136087.4427149
1785136087.4427149
1785136087.4427149
1785136087.4427149
1785136087.4427149
1785136087.4427149
1785136087.4427149
1785136087.4427149
1785136087.4427149
1785136087.4427149
1785136087.4427149
1785136087.4427149
1785136087.4429381
1785136087.4429381
1785136087.4429381
1785136087.4429381
1785136087.4429381
1785136087.4429381
1785136087.4429381
1785136087.4429381
1785136087.4429381
1785136087.4429381
1785136087.4429381
1785136087.4429381
1785136087.4429381
1785136087.4429381
1785136087.4429381
1785136087.4429381
1785136087.4429381
1785136087.4429381
1785136087.4429381
1785136087.4429381
1785136087.4429381
1785136087.4429381
1785136087.4429381
1785136087.4429381
1785136087.4429381
1785136087.4429381
1785136087.4429381
1785136087.4429381
1785136087.4429381
1785136087.4429381
1785136087.4429381
1785136087.4429381
1785136087.4429381
1785136087.4429381
1785136087.4429381
1785136087.4429381
1785136087.4429381
1785136087.4429381
1785136087.4429381
1785136087.4429381
1785136087.4429381
1785136087.4429381
1785136087.4429381
1785136087.4429381
1785136087.4429381
1785136087.4429381
1785136087.4429381
1785136087.4429381
1785136087.4429381
1785136087.4429381
1785136087.4429381
1785136087.4431601
1785136087.4431601
1785136087.4431601
1785136087.4431601
1785136087.4431601
1785136087.4431601
1785136087.4431601
1785136087.4431601
1785136087.4431601
1785136087.4431601
1785136087.4431601
1785136087.4431601
1785136087.4431601
1785136087.4431601
1785136087.4431601
1785136087.4431601
1785136087.4431601
1785136087.4431601
1785136087.4431601
1785136087.4431601
1785136087.4431601
1785136087.4431601
1785136087.4431601
1785136087.4431601
1785136087.4431601
1785136087.4431601
1785136087.4431601
1785136087.4431601
1785136087.4431601
1785136087.4431601
1785136087.4431601
1785136087.4431601
1785136087.4431601
1785136087.4431601
1785136087.4431601
1785136087.4431601
1785136087.4431601
1785136087.4431601
1785136087.4431601
1785136087.4431601
1785136087.4431601
1785136087.4431601
1785136087.4431601
1785136087.4431601
1785136087.4431601
1785136087.4431601
1785136087.4431601
1785136087.4431601
1785136087.4431601
1785136087.4431601
1785136087.4431601
1785136087.4433820
1785136087.4433820
1785136087.4433820
1785136087.4433820
1785136087.4433820
1785136087.4433820
1785136087.4433820
1785136087.4433820
1785136087.4433820
1785136087.4433820
1785136087.4433820
1785136087.4433820
1785136087.4433820
1785136087.4433820
1785136087.4433820
1785136087.4433820
1785136087.4433820
1785136087.4433820
1785136087.4433820
1785136087.4433820
1785136087.4433820
1785136087.4433820
1785136087.4433820
1785136087.4433820
1785136087.4433820
1785136087.4433820
1785136087.4433820
1785136087.4433820
1785136087.4433820
1785136087.4433820
1785136087.4433820
1785136087.4433820
1785136087.4433820
1785136087.4433820
1785136087.4433820
1785136087.4433820
1785136087.4433820
1785136087.4433820
1785136087.4433820
1785136087.4433820
1785136087.4433820
1785136087.4433820
1785136087.4433820
1785136087.4433820
1785136087.4433820
1785136087.4433820
1785136087.4433820
1785136087.4433820
1785136087.4433820
1785136087.4433820
1785136087.4433820
1785136087.4436040
1785136087.4436040
1785136087.4436040
1785136087.4436040
1785136087.4436040
1785136087.4436040
1785136087.4436040
1785136087.4436040
1785136087.4436040
1785136087.4436040
1785136087.4436040
1785136087.4436040
1785136087.4436040
1785136087.4436040
1785136087.4436040
1785136087.4436040
1785136087.4436040
1785136087.4436040
1785136087.4436040
1785136087.4436040
1785136087.4436040
1785136087.4436040
1785136087.4436040
1785136087.4436040
1785136087.4436040
1785136087.4436040
1785136087.4436040
1785136087.4436040
1785136087.4436040
1785136087.4436040
1785136087.4436040
1785136087.4436040
1785136087.4436040
1785136087.4436040
1785136087.4436040
1785136087.4436040
1785136087.4436040
1785136087.4436040
1785136087.4436040
1785136087.4436040
1785136087.4436040
1785136087.4436040
1785136087.4436040
1785136087.4436040
1785136087.4436040
1785136087.4436040
1785136087.4436040
1785136087.4436040
1785136087.4436040
1785136087.4436040
1785136087.4436040
1785136087.4438260
1785136087.4438260
1785136087.4438260
1785136087.4438260
1785136087.4438260
1785136087.4438260
1785136087.4438260
1785136087.4438260
1785136087.4438260
1785136087.4438260
1785136087.4438260
1785136087.4438260
1785136087.4438260
1785136087.4438260
1785136087.4438260
1785136087.4438260
1785136087.4438260
1785136087.4438260
1785136087.4438260
1785136087.4438260
1785136087.4438260
1785136087.4438260
1785136087.4438260
1785136087.4438260
1785136087.4438260
1785136087.4438260
1785136087.4438260
1785136087.4438260
1785136087.4438260
1785136087.4438260
1785136087.4438260
1785136087.4438260
1785136087.4438260
1785136087.4438260
1785136087.4438260
1785136087.4438260
1785136087.4438260
1785136087.4438260
1785136087.4438260
1785136087.4438260
1785136087.4438260
1785136087.4438260
1785136087.4438260
1785136087.4438260
1785136087.4438260
1785136087.4438260
1785136087.4438260
1785136087.4438260
1785136087.4438260
1785136087.4438260
1785136087.4438260
1785136087.4440489
1785136087.4440489
1785136087.4440489
1785136087.4440489
1785136087.4440489
1785136087.4440489
1785136087.4440489
1785136087.4440489
1785136087.4440489
1785136087.4440489
1785136087.4440489
1785136087.4440489
1785136087.4440489
1785136087.4440489
1785136087.4440489
1785136087.4440489
1785136087.4440489
1785136087.4440489
1785136087.4440489
1785136087.4440489
1785136087.4440489
1785136087.4440489
1785136087.4440489
1785136087.4440489
1785136087.4440489
1785136087.4440489
1785136087.4440489
1785136087.4440489
1785136087.4440489
1785136087.4440489
1785136087.4440489
1785136087.4440489
1785136087.4440489
1785136087.4440489
1785136087.4440489
1785136087.4440489
1785136087.4440489
1785136087.4440489
1785136087.4440489
1785136087.4440489
1785136087.4440489
1785136087.4440489
1785136087.4440489
1785136087.4440489
1785136087.4440489
1785136087.4440489
1785136087.4440489
1785136087.4440489
1785136087.4440489
1785136087.4440489
1785136087.4440489
1785136087.4442711
1785136087.4442711
1785136087.4442711
1785136087.4442711
1785136087.4442711
1785136087.4442711
1785136087.4442711
1785136087.4442711
1785136087.4442711
1785136087.4442711
1785136087.4442711
1785136087.4442711
1785136087.4442711
1785136087.4442711
1785136087.4442711
1785136087.4442711
1785136087.4442711
1785136087.4442711
1785136087.4442711
1785136087.4442711
1785136087.4442711
1785136087.4442711
1785136087.4442711
1785136087.4442711
1785136087.4442711
1785136087.4442711
1785136087.4442711
1785136087.4442711
1785136087.4442711
1785136087.4442711
1785136087.4442711
1785136087.4442711
1785136087.4442711
1785136087.4442711
1785136087.4442711
1785136087.4442711
1785136087.4442711
1785136087.4442711
1785136087.4442711
1785136087.4442711
1785136087.4442711
1785136087.4442711
1785136087.4442711
1785136087.4442711
1785136087.4442711
1785136087.4442711
1785136087.4442711
1785136087.4442711
1785136087.4442711
1785136087.4442711
1785136087.4442711
1785136087.4444931
1785136087.4444931
1785136087.4444931
1785136087.4444931
1785136087.4444931
1785136087.4444931
1785136087.4444931
1785136087.4444931
1785136087.4444931
1785136087.4444931
1785136087.4444931
1785136087.4444931
1785136087.4444931
1785136087.4444931
1785136087.4444931
1785136087.4444931
1785136087.4444931
1785136087.4444931
1785136087.4444931
1785136087.4444931
1785136087.4444931
1785136087.4444931
1785136087.4444931
1785136087.4444931
1785136087.4444931
1785136087.4444931
1785136087.4444931
1785136087.4444931
1785136087.4444931
1785136087.4444931
1785136087.4444931
1785136087.4444931
1785136087.4444931
1785136087.4444931
1785136087.4444931
1785136087.4444931
1785136087.4444931
1785136087.4444931
1785136087.4444931
1785136087.4444931
1785136087.4444931
1785136087.4444931
1785136087.4444931
1785136087.4444931
1785136087.4444931
1785136087.4444931
1785136087.4444931
1785136087.4444931
1785136087.4444931
1785136087.4444931
1785136087.4444931
1785136087.4447150
1785136087.4447150
1785136087.4447150
1785136087.4447150
1785136087.4447150
1785136087.4447150
1785136087.4447150
1785136087.4447150
1785136087.4447150
1785136087.4447150
1785136087.4447150
1785136087.4447150
1785136087.4447150
1785136087.4447150
1785136087.4447150
1785136087.4447150
1785136087.4447150
1785136087.4447150
1785136087.4447150
1785136087.4447150
1785136087.4447150
1785136087.4447150
1785136087.4447150
1785136087.4447150
1785136087.4447150
1785136087.4447150
1785136087.4447150
1785136087.4447150
1785136087.4447150
1785136087.4447150
1785136087.4447150
1785136087.4447150
1785136087.4447150
1785136087.4447150
1785136087.4447150
1785136087.4447150
1785136087.4447150
1785136087.4447150
1785136087.4447150
1785136087.4447150
1785136087.4447150
1785136087.4447150
1785136087.4447150
1785136087.4447150
1785136087.4447150
1785136087.4447150
1785136087.4447150
1785136087.4447150
1785136087.4447150
1785136087.4447150
1785136087.4449370
1785136087.4449370
1785136087.4449370
1785136087.4449370
1785136087.4449370
1785136087.4449370
1785136087.4449370
1785136087.4449370
1785136087.4449370
1785136087.4449370
1785136087.4449370
1785136087.4449370
1785136087.4449370
1785136087.4449370
1785136087.4449370
1785136087.4449370
1785136087.4449370
1785136087.4449370
1785136087.4449370
1785136087.4449370
1785136087.4449370
1785136087.4449370
1785136087.4449370
1785136087.4449370
1785136087.4449370
1785136087.4449370
1785136087.4449370
1785136087.4449370
1785136087.4449370
1785136087.4449370
1785136087.4449370
1785136087.4449370
1785136087.4449370
1785136087.4449370
1785136087.4449370
1785136087.4449370
1785136087.4449370
1785136087.4449370
1785136087.4449370
1785136087.4449370
1785136087.4449370
1785136087.4449370
1785136087.4449370
1785136087.4449370
1785136087.4449370
1785136087.4449370
1785136087.4449370
1785136087.4449370
1785136087.4449370
1785136087.4449370
1785136087.4451599
1785136087.4451599
1785136087.4451599
1785136087.4451599
1785136087.4451599
1785136087.4451599
1785136087.4451599
1785136087.4451599
1785136087.4451599
1785136087.4451599
1785136087.4451599
1785136087.4451599
1785136087.4451599
1785136087.4451599
1785136087.4451599
1785136087.4451599
1785136087.4451599
1785136087.4451599
1785136087.4451599
1785136087.4451599
1785136087.4451599
1785136087.4451599
1785136087.4451599
1785136087.4451599
1785136087.4451599
1785136087.4451599
1785136087.4451599
1785136087.4451599
1785136087.4451599
1785136087.4451599
1785136087.4451599
1785136087.4451599
1785136087.4451599
1785136087.4451599
1785136087.4451599
1785136087.4451599
1785136087.4451599
1785136087.4451599
1785136087.4451599
1785136087.4451599
1785136087.4451599
1785136087.4451599
1785136087.4451599
1785136087.4451599
1785136087.4451599
1785136087.4451599
1785136087.4451599
1785136087.4451599
1785136087.4451599
1785136087.4451599
1785136087.4453821
1785136087.4453821
1785136087.4453821
1785136087.4453821
1785136087.4453821
1785136087.4453821
1785136087.4453821
1785136087.4453821
1785136087.4453821
1785136087.4453821
1785136087.4453821
1785136087.4453821
1785136087.4453821
1785136087.4453821
1785136087.4453821
1785136087.4453821
1785136087.4453821
1785136087.4453821
1785136087.4453821
1785136087.4453821
1785136087.4453821
1785136087.4453821
1785136087.4453821
1785136087.4453821
1785136087.4453821
1785136087.4453821
1785136087.4453821
1785136087.4453821
1785136087.4453821
1785136087.4453821
1785136087.4453821
1785136087.4453821
1785136087.4453821
1785136087.4453821
1785136087.4453821
1785136087.4453821
1785136087.4453821
1785136087.4453821
1785136087.4453821
1785136087.4453821
1785136087.4453821
1785136087.4453821
1785136087.4453821
1785136087.4453821
1785136087.4453821
1785136087.4453821
1785136087.4453821
1785136087.4453821
1785136087.4453821
1785136087.4453821
1785136087.4456041
1785136087.4456041
1785136087.4456041
1785136087.4456041
1785136087.4456041
1785136087.4456041
1785136087.4456041
1785136087.4456041
1785136087.4456041
1785136087.4456041
1785136087.4456041
1785136087.4456041
1785136087.4456041
1785136087.4456041
1785136087.4456041
1785136087.4456041
1785136087.4456041
1785136087.4456041
1785136087.4456041
1785136087.4456041
1785136087.4456041
1785136087.4456041
1785136087.4456041
1785136087.4456041
1785136087.4456041
1785136087.4456041
1785136087.4456041
1785136087.4456041
1785136087.4456041
1785136087.4456041
1785136087.4456041
1785136087.4456041
1785136087.4456041
1785136087.4456041
1785136087.4456041
1785136087.4456041
1785136087.4456041
1785136087.4456041
1785136087.4456041
1785136087.4456041
1785136087.4456041
1785136087.4456041
1785136087.4456041
1785136087.4456041
1785136087.4456041
1785136087.4456041
1785136087.4456041
1785136087.4456041
1785136087.4456041
1785136087.4456041
1785136087.4458261
1785136087.4458261
1785136087.4458261
1785136087.4458261
1785136087.4458261
1785136087.4458261
1785136087.4458261
1785136087.4458261
1785136087.4458261
1785136087.4458261
1785136087.4458261
1785136087.4458261
1785136087.4458261
1785136087.4458261
1785136087.4458261
1785136087.4458261
1785136087.4458261
1785136087.4458261
1785136087.4458261
1785136087.4458261
1785136087.4458261
1785136087.4458261
1785136087.4458261
1785136087.4458261
1785136087.4458261
1785136087.4458261
1785136087.4458261
1785136087.4458261
1785136087.4458261
1785136087.4458261
1785136087.4458261
1785136087.4458261
1785136087.4458261
1785136087.4458261
1785136087.4458261
1785136087.4458261
1785136087.4458261
1785136087.4458261
1785136087.4458261
1785136087.4458261
1785136087.4458261
1785136087.4458261
1785136087.4458261
1785136087.4458261
1785136087.4458261
1785136087.4458261
1785136087.4458261
1785136087.4458261
1785136087.4458261
1785136087.4458261
1785136087.4460480
1785136087.4460480
1785136087.4460480
1785136087.4460480
1785136087.4460480
1785136087.4460480
1785136087.4460480
1785136087.4460480
1785136087.4460480
1785136087.4460480
1785136087.4460480
1785136087.4460480
1785136087.4460480
1785136087.4460480
1785136087.4460480
1785136087.4460480
1785136087.4460480
1785136087.4460480
1785136087.4460480
1785136087.4460480
1785136087.4460480
1785136087.4460480
1785136087.4460480
1785136087.4460480
1785136087.4460480
1785136087.4460480
1785136087.4460480
1785136087.4460480
1785136087.4460480
1785136087.4460480
1785136087.4460480
1785136087.4460480
1785136087.4460480
1785136087.4460480
1785136087.4460480
1785136087.4460480
1785136087.4460480
1785136087.4460480
1785136087.4460480
1785136087.4460480
1785136087.4460480
1785136087.4460480
1785136087.4460480
1785136087.4460480
1785136087.4460480
1785136087.4460480
1785136087.4460480
1785136087.4460480
1785136087.4460480
1785136087.4460480
1785136087.4462709
1785136087.4462709
1785136087.4462709
1785136087.4462709
1785136087.4462709
1785136087.4462709
1785136087.4462709
1785136087.4462709
1785136087.4462709
1785136087.4462709
1785136087.4462709
1785136087.4462709
1785136087.4462709
1785136087.4462709
1785136087.4462709
1785136087.4462709
1785136087.4462709
1785136087.4462709
1785136087.4462709
1785136087.4462709
1785136087.4462709
1785136087.4462709
1785136087.4462709
1785136087.4462709
1785136087.4462709
1785136087.4462709
1785136087.4462709
1785136087.4462709
1785136087.4462709
1785136087.4462709
1785136087.4462709
1785136087.4462709
1785136087.4462709
1785136087.4462709
1785136087.4462709
1785136087.4462709
1785136087.4462709
1785136087.4462709
1785136087.4462709
1785136087.4462709
1785136087.4462709
1785136087.4462709
1785136087.4462709
1785136087.4462709
1785136087.4462709
1785136087.4462709
1785136087.4462709
1785136087.4462709
1785136087.4462709
1785136087.4462709
1785136087.4464929
1785136087.4464929
1785136087.4464929
1785136087.4464929
1785136087.4464929
1785136087.4464929
1785136087.4464929
1785136087.4464929
1785136087.4464929
1785136087.4464929
1785136087.4464929
1785136087.4464929
1785136087.4464929
1785136087.4464929
1785136087.4464929
1785136087.4464929
1785136087.4464929
1785136087.4464929
1785136087.4464929
1785136087.4464929
1785136087.4464929
1785136087.4464929
1785136087.4464929
1785136087.4464929
1785136087.4464929
1785136087.4464929
1785136087.4464929
1785136087.4464929
1785136087.4464929
1785136087.4464929
1785136087.4464929
1785136087.4464929
1785136087.4464929
1785136087.4464929
1785136087.4464929
1785136087.4464929
1785136087.4464929
1785136087.4464929
1785136087.4464929
1785136087.4464929
1785136087.4464929
1785136087.4464929
1785136087.4464929
1785136087.4464929
1785136087.4464929
1785136087.4464929
1785136087.4464929
1785136087.4464929
1785136087.4464929
1785136087.4467151
1785136087.4467151
1785136087.4467151
1785136087.4467151
1785136087.4467151
1785136087.4467151
1785136087.4467151
1785136087.4467151
1785136087.4467151
1785136087.4467151
1785136087.4467151
1785136087.4467151
1785136087.4467151
1785136087.4467151
1785136087.4467151
1785136087.4467151
1785136087.4467151
1785136087.4467151
1785136087.4467151
1785136087.4467151
1785136087.4467151
1785136087.4467151
1785136087.4467151
1785136087.4467151
1785136087.4467151
1785136087.4467151
1785136087.4467151
1785136087.4467151
1785136087.4467151
1785136087.4467151
1785136087.4467151
1785136087.4467151
1785136087.4467151
1785136087.4467151
1785136087.4467151
1785136087.4467151
1785136087.4467151
1785136087.4467151
1785136087.4467151
1785136087.4467151
1785136087.4467151
1785136087.4467151
1785136087.4467151
1785136087.4467151
1785136087.4467151
1785136087.4467151
1785136087.4467151
1785136087.4467151
1785136087.4467151
1785136087.4469371
1785136087.4469371
1785136087.4469371
1785136087.4469371
1785136087.4469371
1785136087.4469371
1785136087.4469371
1785136087.4469371
1785136087.4469371
1785136087.4469371
1785136087.4469371
1785136087.4469371
1785136087.4469371
1785136087.4469371
1785136087.4469371
1785136087.4469371
1785136087.4469371
1785136087.4469371
1785136087.4469371
1785136087.4469371
1785136087.4469371
1785136087.4469371
1785136087.4469371
1785136087.4469371
1785136087.4469371
1785136087.4469371
1785136087.4469371
1785136087.4469371
1785136087.4469371
1785136087.4469371
1785136087.4469371
1785136087.4469371
1785136087.4469371
1785136087.4469371
1785136087.4469371
1785136087.4469371
1785136087.4469371
1785136087.4469371
1785136087.4469371
1785136087.4469371
1785136087.4469371
1785136087.4469371
1785136087.4469371
1785136087.4469371
1785136087.4469371
1785136087.4469371
1785136087.4469371
1785136087.4469371
1785136087.4469371
1785136087.4471591
1785136087.4471591
1785136087.4471591
1785136087.4471591
1785136087.4471591
1785136087.4471591
1785136087.4471591
1785136087.4471591
1785136087.4471591
1785136087.4471591
1785136087.4471591
1785136087.4471591
1785136087.4471591
1785136087.4471591
1785136087.4471591
1785136087.4471591
1785136087.4471591
1785136087.4471591
1785136087.4471591
1785136087.4471591
1785136087.4471591
1785136087.4471591
1785136087.4471591
1785136087.4471591
1785136087.4471591
1785136087.4471591
1785136087.4471591
1785136087.4471591
1785136087.4471591
1785136087.4471591
1785136087.4471591
1785136087.4471591
1785136087.4471591
1785136087.4471591
1785136087.4471591
1785136087.4471591
1785136087.4471591
1785136087.4471591
1785136087.4471591
1785136087.4471591
1785136087.4471591
1785136087.4471591
1785136087.4471591
1785136087.4471591
1785136087.4471591
1785136087.4471591
1785136087.4471591
1785136087.4471591
1785136087.4471591
1785136087.4473820
1785136087.4473820
1785136087.4473820
1785136087.4473820
1785136087.4473820
1785136087.4473820
1785136087.4473820
1785136087.4473820
1785136087.4473820
1785136087.4473820
1785136087.4473820
1785136087.4473820
1785136087.4473820
1785136087.4473820
1785136087.4473820
1785136087.4473820
1785136087.4473820
1785136087.4473820
1785136087.4473820
1785136087.4473820
1785136087.4473820
1785136087.4473820
1785136087.4473820
1785136087.4473820
1785136087.4473820
1785136087.4473820
1785136087.4473820
1785136087.4473820
1785136087.4473820
1785136087.4473820
1785136087.4473820
1785136087.4473820
1785136087.4473820
1785136087.4473820
1785136087.4473820
1785136087.4473820
1785136087.4473820
1785136087.4473820
1785136087.4473820
1785136087.4473820
1785136087.4473820
1785136087.4473820
1785136087.4473820
1785136087.4473820
1785136087.4473820
1785136087.4473820
1785136087.4473820
1785136087.4473820
1785136087.4473820
1785136087.4476039
1785136087.4476039
1785136087.4476039
1785136087.4476039
1785136087.4476039
1785136087.4476039
1785136087.4476039
1785136087.4476039
1785136087.4476039
1785136087.4476039
1785136087.4476039
1785136087.4476039
1785136087.4476039
1785136087.4476039
1785136087.4476039
1785136087.4476039
1785136087.4476039
1785136087.4476039
1785136087.4476039
1785136087.4476039
1785136087.4476039
1785136087.4476039
1785136087.4476039
1785136087.4476039
1785136087.4476039
1785136087.4476039
1785136087.4476039
1785136087.4476039
1785136087.4476039
1785136087.4476039
1785136087.4476039
1785136087.4476039
1785136087.4476039
1785136087.4476039
1785136087.4476039
1785136087.4476039
1785136087.4476039
1785136087.4476039
1785136087.4476039
1785136087.4476039
1785136087.4476039
1785136087.4476039
1785136087.4476039
1785136087.4476039
1785136087.4476039
1785136087.4476039
1785136087.4476039
1785136087.4476039
1785136087.4476039
1785136087.4478259
1785136087.4478259
1785136087.4478259
1785136087.4478259
1785136087.4478259
1785136087.4478259
1785136087.4478259
1785136087.4478259
1785136087.4478259
1785136087.4478259
1785136087.4478259
1785136087.4478259
1785136087.4478259
1785136087.4478259
1785136087.4478259
1785136087.4478259
1785136087.4478259
1785136087.4478259
1785136087.4478259
1785136087.4478259
1785136087.4478259
1785136087.4478259
1785136087.4478259
1785136087.4478259
1785136087.4478259
1785136087.4478259
1785136087.4478259
1785136087.4478259
1785136087.4478259
1785136087.4478259
1785136087.4478259
1785136087.4478259
1785136087.4478259
1785136087.4478259
1785136087.4478259
1785136087.4478259
1785136087.4478259
1785136087.4478259
1785136087.4478259
1785136087.4478259
1785136087.4478259
1785136087.4478259
1785136087.4478259
1785136087.4478259
1785136087.4478259
1785136087.4478259
1785136087.4478259
1785136087.4478259
1785136087.4478259
1785136087.4480481
1785136087.4480481
1785136087.4480481
1785136087.4480481
1785136087.4480481
1785136087.4480481
1785136087.4480481
1785136087.4480481
1785136087.4480481
1785136087.4480481
1785136087.4480481
1785136087.4480481
1785136087.4480481
1785136087.4480481
1785136087.4480481
1785136087.4480481
1785136087.4480481
1785136087.4480481
1785136087.4480481
1785136087.4480481
1785136087.4480481
1785136087.4480481
1785136087.4480481
1785136087.4480481
1785136087.4480481
1785136087.4480481
1785136087.4480481
1785136087.4480481
1785136087.4480481
1785136087.4480481
1785136087.4480481
1785136087.4480481
1785136087.4480481
1785136087.4480481
1785136087.4480481
1785136087.4480481
1785136087.4480481
1785136087.4480481
1785136087.4480481
1785136087.4480481
1785136087.4480481
1785136087.4480481
1785136087.4480481
1785136087.4480481
1785136087.4480481
1785136087.4480481
1785136087.4480481
1785136087.4482701
1785136087.4482701
1785136087.4482701
1785136087.4482701
1785136087.4482701
1785136087.4482701
1785136087.4482701
1785136087.4482701
1785136087.4482701
1785136087.4482701
1785136087.4482701
1785136087.4482701
1785136087.4482701
1785136087.4482701
1785136087.4482701
1785136087.4482701
1785136087.4482701
1785136087.4482701
1785136087.4482701
1785136087.4482701
1785136087.4482701
1785136087.4482701
1785136087.4482701
1785136087.4482701
1785136087.4482701
1785136087.4482701
1785136087.4482701
1785136087.4482701
1785136087.4482701
1785136087.4482701
1785136087.4482701
1785136087.4482701
1785136087.4482701
1785136087.4482701
1785136087.4482701
1785136087.4482701
1785136087.4482701
1785136087.4482701
1785136087.4482701
1785136087.4482701
1785136087.4482701
1785136087.4482701
1785136087.4482701
1785136087.4482701
1785136087.4482701
1785136087.4482701
1785136087.4482701
1785136087.4482701
1785136087.4484930
1785136087.4484930
1785136087.4484930
1785136087.4484930
1785136087.4484930
1785136087.4484930
1785136087.4484930
1785136087.4484930
1785136087.4484930
1785136087.4484930
1785136087.4484930
1785136087.4484930
1785136087.4484930
1785136087.4484930
1785136087.4484930
1785136087.4484930
1785136087.4484930
1785136087.4484930
1785136087.4484930
1785136087.4484930
1785136087.4484930
1785136087.4484930
1785136087.4484930
1785136087.4484930
1785136087.4484930
1785136087.4484930
1785136087.4484930
1785136087.4484930
1785136087.4484930
1785136087.4484930
1785136087.4484930
1785136087.4484930
1785136087.4484930
1785136087.4484930
1785136087.4484930
1785136087.4484930
1785136087.4484930
1785136087.4484930
1785136087.4484930
1785136087.4484930
1785136087.4484930
1785136087.4484930
1785136087.4484930
1785136087.4484930
1785136087.4484930
1785136087.4484930
1785136087.4484930
1785136087.4484930
1785136087.4487150
1785136087.4487150
1785136087.4487150
1785136087.4487150
1785136087.4487150
1785136087.4487150
1785136087.4487150
1785136087.4487150
1785136087.4487150
1785136087.4487150
1785136087.4487150
1785136087.4487150
1785136087.4487150
1785136087.4487150
1785136087.4487150
1785136087.4487150
1785136087.4487150
1785136087.4487150
1785136087.4487150
1785136087.4487150
1785136087.4487150
1785136087.4487150
1785136087.4487150
1785136087.4487150
1785136087.4487150
1785136087.4487150
1785136087.4487150
1785136087.4487150
1785136087.4487150
1785136087.4487150
1785136087.4487150
1785136087.4487150
1785136087.4487150
1785136087.4487150
1785136087.4487150
1785136087.4487150
1785136087.4487150
1785136087.4487150
1785136087.4487150
1785136087.4487150
1785136087.4487150
1785136087.4487150
1785136087.4487150
1785136087.4487150
1785136087.4487150
1785136087.4487150
1785136087.4487150
1785136087.4487150
1785136087.4489369
1785136087.4489369
1785136087.4489369
1785136087.4489369
1785136087.4489369
1785136087.4489369
1785136087.4489369
1785136087.4489369
1785136087.4489369
1785136087.4489369
1785136087.4489369
1785136087.4489369
1785136087.4489369
1785136087.4489369
1785136087.4489369
1785136087.4489369
1785136087.4489369
1785136087.4489369
1785136087.4489369
1785136087.4489369
1785136087.4489369
1785136087.4489369
1785136087.4489369
1785136087.4489369
1785136087.4489369
1785136087.4489369
1785136087.4489369
1785136087.4489369
1785136087.4489369
1785136087.4489369
1785136087.4489369
1785136087.4489369
1785136087.4489369
1785136087.4489369
1785136087.4489369
1785136087.4489369
1785136087.4489369
1785136087.4489369
1785136087.4489369
1785136087.4489369
1785136087.4489369
1785136087.4489369
1785136087.4489369
1785136087.4489369
1785136087.4489369
1785136087.4489369
1785136087.4489369
1785136087.4489369
1785136087.4491589
1785136087.4491589
1785136087.4491589
1785136087.4491589
1785136087.4491589
1785136087.4491589
1785136087.4491589
1785136087.4491589
1785136087.4491589
1785136087.4491589
1785136087.4491589
1785136087.4491589
1785136087.4491589
1785136087.4491589
1785136087.4491589
1785136087.4491589
1785136087.4491589
1785136087.4491589
1785136087.4491589
1785136087.4491589
1785136087.4491589
1785136087.4491589
1785136087.4491589
1785136087.4491589
1785136087.4491589
1785136087.4491589
1785136087.4491589
1785136087.4491589
1785136087.4491589
1785136087.4491589
1785136087.4491589
1785136087.4491589
1785136087.4491589
1785136087.4491589
1785136087.4491589
1785136087.4491589
1785136087.4491589
1785136087.4491589
1785136087.4491589
1785136087.4491589
1785136087.4491589
1785136087.4491589
1785136087.4491589
1785136087.4491589
1785136087.4491589
1785136087.4491589
1785136087.4491589
1785136087.4491589
1785136087.4493811
1785136087.4493811
1785136087.4493811
1785136087.4493811
1785136087.4493811
1785136087.4493811
1785136087.4493811
1785136087.4493811
1785136087.4493811
1785136087.4493811
1785136087.4493811
1785136087.4493811
1785136087.4493811
1785136087.4493811
1785136087.4493811
1785136087.4493811
1785136087.4493811
1785136087.4493811
1785136087.4493811
1785136087.4493811
1785136087.4493811
1785136087.4493811
1785136087.4493811
1785136087.4493811
1785136087.4493811
1785136087.4493811
1785136087.4493811
1785136087.4493811
1785136087.4493811
1785136087.4493811
1785136087.4493811
1785136087.4493811
1785136087.4493811
1785136087.4493811
1785136087.4493811
1785136087.4493811
1785136087.4493811
1785136087.4493811
1785136087.4493811
1785136087.4493811
1785136087.4493811
1785136087.4493811
1785136087.4493811
1785136087.4493811
1785136087.4493811
1785136087.4493811
1785136087.4493811
1785136087.4493811
1785136087.4493811
1785136087.4496031
1785136087.4496031
1785136087.4496031
1785136087.4496031
1785136087.4496031
1785136087.4496031
1785136087.4496031
1785136087.4496031
1785136087.4496031
1785136087.4496031
1785136087.4496031
1785136087.4496031
1785136087.4496031
1785136087.4496031
1785136087.4496031
1785136087.4496031
1785136087.4496031
1785136087.4496031
1785136087.4496031
1785136087.4496031
1785136087.4496031
1785136087.4496031
1785136087.4496031
1785136087.4496031
1785136087.4496031
1785136087.4496031
1785136087.4496031
1785136087.4496031
1785136087.4496031
1785136087.4496031
1785136087.4496031
1785136087.4496031
1785136087.4496031
1785136087.4496031
1785136087.4496031
1785136087.4496031
1785136087.4496031
1785136087.4496031
1785136087.4496031
1785136087.4496031
1785136087.4496031
1785136087.4496031
1785136087.4496031
1785136087.4496031
1785136087.4496031
1785136087.4496031
1785136087.4496031
1785136087.4496031
1785136087.4496031
1785136087.4496031
1785136087.4498260
1785136087.4498260
1785136087.4498260
1785136087.4498260
1785136087.4498260
1785136087.4498260
1785136087.4498260
1785136087.4498260
1785136087.4498260
1785136087.4498260
1785136087.4498260
1785136087.4498260
1785136087.4498260
1785136087.4498260
1785136087.4498260
1785136087.4498260
1785136087.4498260
1785136087.4498260
1785136087.4498260
1785136087.4498260
1785136087.4498260
1785136087.4498260
1785136087.4498260
1785136087.4498260
1785136087.4498260
1785136087.4498260
1785136087.4498260
1785136087.4498260
1785136087.4498260
1785136087.4498260
1785136087.4498260
1785136087.4498260
1785136087.4498260
1785136087.4498260
1785136087.4498260
1785136087.4498260
1785136087.4498260
1785136087.4498260
1785136087.4498260
1785136087.4498260
1785136087.4498260
1785136087.4498260
1785136087.4498260
1785136087.4498260
1785136087.4498260
1785136087.4498260
1785136087.4498260
1785136087.4498260
1785136087.4498260
1785136087.4498260
1785136087.4498260
1785136087.4500480
1785136087.4500480
1785136087.4500480
1785136087.4500480
1785136087.4500480
1785136087.4500480
1785136087.4500480
1785136087.4500480
1785136087.4500480
1785136087.4500480
1785136087.4500480
1785136087.4500480
1785136087.4500480
1785136087.4500480
1785136087.4500480
1785136087.4500480
1785136087.4500480
1785136087.4500480
1785136087.4500480
1785136087.4500480
1785136087.4500480
1785136087.4500480
1785136087.4500480
1785136087.4500480
1785136087.4500480
1785136087.4500480
1785136087.4500480
1785136087.4500480
1785136087.4500480
1785136087.4500480
1785136087.4500480
1785136087.4500480
1785136087.4500480
1785136087.4500480
1785136087.4500480
1785136087.4500480
1785136087.4500480
1785136087.4500480
1785136087.4500480
1785136087.4500480
1785136087.4500480
1785136087.4500480
1785136087.4500480
1785136087.4500480
1785136087.4500480
1785136087.4500480
1785136087.4500480
1785136087.4500480
1785136087.4500480
1785136087.4500480
1785136087.4500480
1785136087.4502699
1785136087.4502699
1785136087.4502699
1785136087.4502699
1785136087.4502699
1785136087.4502699
1785136087.4502699
1785136087.4502699
1785136087.4502699
1785136087.4502699
1785136087.4502699
1785136087.4502699
1785136087.4502699
1785136087.4502699
1785136087.4502699
1785136087.4502699
1785136087.4502699
1785136087.4502699
1785136087.4502699
1785136087.4502699
1785136087.4502699
1785136087.4502699
1785136087.4502699
1785136087.4502699
1785136087.4502699
1785136087.4502699
1785136087.4502699
1785136087.4502699
1785136087.4502699
1785136087.4502699
1785136087.4502699
1785136087.4502699
1785136087.4502699
1785136087.4502699
1785136087.4502699
1785136087.4502699
1785136087.4502699
1785136087.4502699
1785136087.4502699
1785136087.4502699
1785136087.4502699
1785136087.4502699
1785136087.4502699
1785136087.4502699
1785136087.4502699
1785136087.4502699
1785136087.4502699
1785136087.4502699
1785136087.4502699
1785136087.4502699
1785136087.4504919
1785136087.4504919
1785136087.4504919
1785136087.4504919
1785136087.4504919
1785136087.4504919
1785136087.4504919
1785136087.4504919
1785136087.4504919
1785136087.4504919
1785136087.4504919
1785136087.4504919
1785136087.4504919
1785136087.4504919
1785136087.4504919
1785136087.4504919
1785136087.4504919
1785136087.4504919
1785136087.4504919
1785136087.4504919
1785136087.4504919
1785136087.4504919
1785136087.4504919
1785136087.4504919
1785136087.4504919
1785136087.4504919
1785136087.4504919
1785136087.4504919
1785136087.4504919
1785136087.4504919
1785136087.4504919
1785136087.4504919
1785136087.4504919
1785136087.4504919
1785136087.4504919
1785136087.4504919
1785136087.4504919
1785136087.4504919
1785136087.4504919
1785136087.4504919
1785136087.4504919
1785136087.4504919
1785136087.4504919
1785136087.4504919
1785136087.4507141
1785136087.4507141
1785136087.4507141
1785136087.4507141
1785136087.4507141
1785136087.4507141
1785136087.4507141
1785136087.4507141
1785136087.4507141
1785136087.4507141
1785136087.4507141
1785136087.4507141
1785136087.4507141
1785136087.4507141
1785136087.4507141
1785136087.4507141
1785136087.4507141
1785136087.4507141
1785136087.4507141
1785136087.4507141
1785136087.4507141
1785136087.4507141
1785136087.4507141
1785136087.4507141
1785136087.4507141
1785136087.4507141
1785136087.4507141
1785136087.4507141
1785136087.4507141
1785136087.4507141
1785136087.4507141
1785136087.4507141
1785136087.4507141
1785136087.4507141
1785136087.4507141
1785136087.4507141
1785136087.4507141
1785136087.4507141
1785136087.4507141
1785136087.4507141
1785136087.4507141
1785136087.4507141
1785136087.4509370
1785136087.4509370
1785136087.4509370
1785136087.4509370
1785136087.4509370
1785136087.4509370
1785136087.4509370
1785136087.4509370
1785136087.4509370
1785136087.4509370
1785136087.4509370
1785136087.4509370
1785136087.4509370
1785136087.4509370
1785136087.4509370
1785136087.4509370
1785136087.4509370
1785136087.4509370
1785136087.4509370
1785136087.4509370
1785136087.4509370
1785136087.4509370
1785136087.4509370
1785136087.4509370
1785136087.4509370
1785136087.4509370
1785136087.4509370
1785136087.4509370
1785136087.4509370
1785136087.4509370
1785136087.4509370
1785136087.4509370
1785136087.4509370
1785136087.4509370
1785136087.4509370
1785136087.4509370
1785136087.4509370
1785136087.4509370
1785136087.4509370
1785136087.4509370
1785136087.4509370
1785136087.4509370
1785136087.4511590
1785136087.4511590
1785136087.4511590
1785136087.4511590
1785136087.4511590
1785136087.4511590
1785136087.4511590
1785136087.4511590
1785136087.4511590
1785136087.4511590
1785136087.4511590
1785136087.4511590
1785136087.4511590
1785136087.4511590
1785136087.4511590
1785136087.4511590
1785136087.4511590
1785136087.4511590
1785136087.4511590
1785136087.4511590
1785136087.4511590
1785136087.4511590
1785136087.4511590
1785136087.4511590
1785136087.4511590
1785136087.4511590
1785136087.4511590
1785136087.4511590
1785136087.4511590
1785136087.4511590
1785136087.4511590
1785136087.4511590
1785136087.4511590
1785136087.4511590
1785136087.4511590
1785136087.4511590
1785136087.4511590
1785136087.4511590
1785136087.4511590
1785136087.4511590
1785136087.4511590
1785136087.4511590
1785136087.4511590
1785136087.4513810
1785136087.4513810
1785136087.4513810
1785136087.4513810
1785136087.4513810
1785136087.4513810
1785136087.4513810
1785136087.4513810
1785136087.4513810
1785136087.4513810
1785136087.4513810
1785136087.4513810
1785136087.4513810
1785136087.4513810
1785136087.4513810
1785136087.4513810
1785136087.4513810
1785136087.4513810
1785136087.4513810
1785136087.4513810
1785136087.4513810
1785136087.4513810
1785136087.4513810
1785136087.4513810
1785136087.4513810
1785136087.4513810
1785136087.4513810
1785136087.4513810
1785136087.4513810
1785136087.4513810
1785136087.4513810
1785136087.4513810
1785136087.4513810
1785136087.4513810
1785136087.4513810
1785136087.4513810
1785136087.4513810
1785136087.4513810
1785136087.4513810
1785136087.4513810
1785136087.4513810
1785136087.4513810
1785136087.4513810
1785136087.4513810
1785136087.4516029
1785136087.4516029
1785136087.4516029
1785136087.4516029
1785136087.4516029
1785136087.4516029
1785136087.4516029
1785136087.4516029
1785136087.4516029
1785136087.4516029
1785136087.4516029
1785136087.4516029
1785136087.4516029
1785136087.4516029
1785136087.4516029
1785136087.4516029
1785136087.4516029
1785136087.4516029
1785136087.4516029
1785136087.4516029
1785136087.4516029
1785136087.4516029
1785136087.4516029
1785136087.4516029
1785136087.4516029
1785136087.4516029
1785136087.4516029
1785136087.4516029
1785136087.4516029
1785136087.4516029
1785136087.4516029
1785136087.4516029
1785136087.4516029
1785136087.4516029
1785136087.4516029
1785136087.4516029
1785136087.4516029
1785136087.4516029
1785136087.4516029
1785136087.4516029
1785136087.4516029
1785136087.4516029
1785136087.4516029
1785136087.4516029
1785136087.4516029
1785136087.4516029
1785136087.4518249
1785136087.4518249
1785136087.4518249
1785136087.4518249
1785136087.4518249
1785136087.4518249
1785136087.4518249
1785136087.4518249
1785136087.4518249
1785136087.4518249
1785136087.4518249
1785136087.4518249
1785136087.4518249
1785136087.4518249
1785136087.4518249
1785136087.4518249
1785136087.4518249
1785136087.4518249
1785136087.4518249
1785136087.4518249
1785136087.4518249
1785136087.4518249
1785136087.4518249
1785136087.4518249
1785136087.4518249
1785136087.4518249
1785136087.4518249
1785136087.4518249
1785136087.4518249
1785136087.4518249
1785136087.4518249
1785136087.4518249
1785136087.4518249
1785136087.4518249
1785136087.4518249
1785136087.4518249
1785136087.4518249
1785136087.4518249
1785136087.4518249
1785136087.4518249
1785136087.4518249
1785136087.4518249
1785136087.4518249
1785136087.4518249
1785136087.4518249
1785136087.4520481
1785136087.4520481
1785136087.4520481
1785136087.4520481
1785136087.4520481
1785136087.4520481
1785136087.4520481
1785136087.4520481
1785136087.4520481
1785136087.4520481
1785136087.4520481
1785136087.4520481
1785136087.4520481
1785136087.4520481
1785136087.4520481
1785136087.4520481
1785136087.4520481
1785136087.4520481
1785136087.4520481
1785136087.4520481
1785136087.4520481
1785136087.4520481
1785136087.4520481
1785136087.4520481
1785136087.4520481
1785136087.4520481
1785136087.4520481
1785136087.4520481
1785136087.4520481
1785136087.4520481
1785136087.4520481
1785136087.4520481
1785136087.4520481
1785136087.4520481
1785136087.4520481
1785136087.4520481
1785136087.4520481
1785136087.4520481
1785136087.4520481
1785136087.4520481
1785136087.4520481
1785136087.4520481
1785136087.4520481
1785136087.4520481
1785136087.4520481
1785136087.4522700
1785136087.4522700
1785136087.4522700
1785136087.4522700
1785136087.4522700
1785136087.4522700
1785136087.4522700
1785136087.4522700
1785136087.4522700
1785136087.4522700
1785136087.4522700
1785136087.4522700
1785136087.4522700
1785136087.4522700
1785136087.4522700
1785136087.4522700
1785136087.4522700
1785136087.4522700
1785136087.4522700
1785136087.4522700
1785136087.4522700
1785136087.4522700
1785136087.4522700
1785136087.4522700
1785136087.4522700
1785136087.4522700
1785136087.4522700
1785136087.4522700
1785136087.4522700
1785136087.4522700
1785136087.4522700
1785136087.4522700
1785136087.4522700
1785136087.4522700
1785136087.4522700
1785136087.4522700
1785136087.4522700
1785136087.4522700
1785136087.4522700
1785136087.4522700
1785136087.4522700
1785136087.4522700
1785136087.4522700
1785136087.4522700
1785136087.4522700
1785136087.4524920
1785136087.4524920
1785136087.4524920
1785136087.4524920
1785136087.4524920
1785136087.4524920
1785136087.4524920
1785136087.4524920
1785136087.4524920
1785136087.4524920
1785136087.4524920
1785136087.4524920
1785136087.4524920
1785136087.4524920
1785136087.4524920
1785136087.4524920
1785136087.4524920
1785136087.4524920
1785136087.4524920
1785136087.4524920
1785136087.4524920
1785136087.4524920
1785136087.4524920
1785136087.4524920
1785136087.4524920
1785136087.4524920
1785136087.4524920
1785136087.4524920
1785136087.4524920
1785136087.4524920
1785136087.4524920
1785136087.4524920
1785136087.4524920
1785136087.4524920
1785136087.4524920
1785136087.4524920
1785136087.4524920
1785136087.4524920
1785136087.4524920
1785136087.4524920
1785136087.4524920
1785136087.4524920
1785136087.4524920
1785136087.4524920
1785136087.4524920
1785136087.4524920
1785136087.4524920
1785136087.4524920
1785136087.4524920
1785136087.4524920
1785136087.4527140
1785136087.4527140
1785136087.4527140
1785136087.4527140
1785136087.4527140
1785136087.4527140
1785136087.4527140
1785136087.4527140
1785136087.4527140
1785136087.4527140
1785136087.4527140
1785136087.4527140
1785136087.4527140
1785136087.4527140
1785136087.4527140
1785136087.4527140
1785136087.4527140
1785136087.4527140
1785136087.4527140
1785136087.4527140
1785136087.4527140
1785136087.4527140
1785136087.4527140
1785136087.4527140
1785136087.4527140
1785136087.4527140
1785136087.4527140
1785136087.4527140
1785136087.4527140
1785136087.4527140
1785136087.4527140
1785136087.4527140
1785136087.4527140
1785136087.4527140
1785136087.4527140
1785136087.4527140
1785136087.4527140
1785136087.4527140
1785136087.4527140
1785136087.4527140
1785136087.4527140
1785136087.4527140
1785136087.4527140
1785136087.4527140
1785136087.4527140
1785136087.4527140
1785136087.4527140
1785136087.4527140
1785136087.4527140
1785136087.4527140
1785136087.4527140
1785136087.4527140
1785136087.4527140
1785136087.4527140
1785136087.4527140
1785136087.4527140
1785136087.4527140
1785136087.4527140
1785136087.4527140
1785136087.4527140
1785136087.4527140
1785136087.4527140
1785136087.4527140
1785136087.4527140
1785136087.4529359
1785136087.4529359
1785136087.4529359
1785136087.4529359
1785136087.4529359
1785136087.4529359
1785136087.4529359
1785136087.4529359
1785136087.4529359
1785136087.4529359
1785136087.4529359
1785136087.4529359
1785136087.4529359
1785136087.4529359
1785136087.4529359
1785136087.4529359
1785136087.4529359
1785136087.4529359
1785136087.4529359
1785136087.4529359
1785136087.4529359
1785136087.4529359
1785136087.4529359
1785136087.4529359
1785136087.4529359
1785136087.4529359
1785136087.4529359
1785136087.4529359
1785136087.4529359
1785136087.4529359
1785136087.4529359
1785136087.4529359
1785136087.4529359
1785136087.4529359
1785136087.4529359
1785136087.4529359
1785136087.4529359
1785136087.4529359
1785136087.4529359
1785136087.4529359
1785136087.4529359
1785136087.4529359
1785136087.4529359
1785136087.4529359
1785136087.4529359
1785136087.4529359
1785136087.4529359
1785136087.4529359
1785136087.4529359
1785136087.4529359
1785136087.4529359
1785136087.4529359
1785136087.4529359
1785136087.4529359
1785136087.4529359
1785136087.4529359
1785136087.4529359
1785136087.4529359
1785136087.4529359
1785136087.4529359
1785136087.4529359
1785136087.4529359
1785136087.4529359
1785136087.4531591
1785136087.4531591
1785136087.4531591
1785136087.4531591
1785136087.4531591
1785136087.4531591
1785136087.4531591
1785136087.4531591
1785136087.4531591
1785136087.4531591
1785136087.4531591
1785136087.4531591
1785136087.4531591
1785136087.4531591
1785136087.4531591
1785136087.4531591
1785136087.4531591
1785136087.4531591
1785136087.4531591
1785136087.4531591
1785136087.4531591
1785136087.4531591
1785136087.4531591
1785136087.4531591
1785136087.4531591
1785136087.4531591
1785136087.4531591
1785136087.4531591
1785136087.4531591
1785136087.4531591
1785136087.4531591
1785136087.4531591
1785136087.4531591
1785136087.4531591
1785136087.4531591
1785136087.4531591
1785136087.4531591
1785136087.4531591
1785136087.4531591
1785136087.4531591
1785136087.4531591
1785136087.4531591
1785136087.4531591
1785136087.4531591
1785136087.4531591
1785136087.4531591
1785136087.4531591
1785136087.4531591
1785136087.4531591
1785136087.4531591
1785136087.4531591
1785136087.4531591
1785136087.4531591
1785136087.4531591
1785136087.4531591
1785136087.4531591
1785136087.4533811
1785136087.4533811
1785136087.4533811
1785136087.4533811
1785136087.4533811
1785136087.4533811
1785136087.4533811
1785136087.4533811
1785136087.4533811
1785136087.4533811
1785136087.4533811
1785136087.4533811
1785136087.4533811
1785136087.4533811
1785136087.4533811
1785136087.4533811
1785136087.4533811
1785136087.4533811
1785136087.4533811
1785136087.4533811
1785136087.4533811
1785136087.4533811
1785136087.4533811
1785136087.4533811
1785136087.4533811
1785136087.4533811
1785136087.4533811
1785136087.4533811
1785136087.4533811
1785136087.4533811
1785136087.4533811
1785136087.4533811
1785136087.4533811
1785136087.4533811
1785136087.4533811
1785136087.4533811
1785136087.4533811
1785136087.4533811
1785136087.4533811
1785136087.4533811
1785136087.4533811
1785136087.4533811
1785136087.4533811
1785136087.4533811
1785136087.4533811
1785136087.4533811
1785136087.4533811
1785136087.4533811
1785136087.4533811
1785136087.4533811
1785136087.4533811
1785136087.4533811
1785136087.4533811
1785136087.4533811
1785136087.4533811
1785136087.4533811
1785136087.4533811
1785136087.4533811
1785136087.4536030
1785136087.4536030
1785136087.4536030
1785136087.4536030
1785136087.4536030
1785136087.4536030
1785136087.4536030
1785136087.4536030
1785136087.4536030
1785136087.4536030
1785136087.4536030
1785136087.4536030
1785136087.4536030
1785136087.4536030
1785136087.4536030
1785136087.4536030
1785136087.4536030
1785136087.4536030
1785136087.4536030
1785136087.4536030
1785136087.4536030
1785136087.4536030
1785136087.4536030
1785136087.4536030
1785136087.4536030
1785136087.4536030
1785136087.4536030
1785136087.4536030
1785136087.4536030
1785136087.4536030
1785136087.4536030
1785136087.4536030
1785136087.4536030
1785136087.4536030
1785136087.4536030
1785136087.4536030
1785136087.4536030
1785136087.4536030
1785136087.4536030
1785136087.4536030
1785136087.4536030
1785136087.4536030
1785136087.4536030
1785136087.4536030
1785136087.4536030
1785136087.4536030
1785136087.4536030
1785136087.4536030
1785136087.4536030
1785136087.4536030
1785136087.4538250
1785136087.4538250
1785136087.4538250
1785136087.4538250
1785136087.4538250
1785136087.4538250
1785136087.4538250
1785136087.4538250
1785136087.4538250
1785136087.4538250
1785136087.4538250
1785136087.4538250
1785136087.4538250
1785136087.4538250
1785136087.4538250
1785136087.4538250
1785136087.4538250
1785136087.4538250
1785136087.4538250
1785136087.4538250
1785136087.4538250
1785136087.4538250
1785136087.4538250
1785136087.4538250
1785136087.4538250
1785136087.4538250
1785136087.4538250
1785136087.4538250
1785136087.4538250
1785136087.4538250
1785136087.4538250
1785136087.4538250
1785136087.4538250
1785136087.4538250
1785136087.4538250
1785136087.4538250
1785136087.4538250
1785136087.4538250
1785136087.4538250
1785136087.4538250
1785136087.4538250
1785136087.4538250
1785136087.4538250
1785136087.4538250
1785136087.4538250
1785136087.4538250
1785136087.4538250
1785136087.4538250
1785136087.4538250
1785136087.4538250
1785136087.4538250
1785136087.4538250
1785136087.4538250
1785136087.4540479
1785136087.4540479
1785136087.4540479
1785136087.4540479
1785136087.4540479
1785136087.4540479
1785136087.4540479
1785136087.4540479
1785136087.4540479
1785136087.4540479
1785136087.4540479
1785136087.4540479
1785136087.4540479
1785136087.4540479
1785136087.4540479
1785136087.4540479
1785136087.4540479
1785136087.4540479
1785136087.4540479
1785136087.4540479
1785136087.4540479
1785136087.4540479
1785136087.4540479
1785136087.4540479
1785136087.4540479
1785136087.4540479
1785136087.4540479
1785136087.4540479
1785136087.4540479
1785136087.4540479
1785136087.4540479
1785136087.4540479
1785136087.4540479
1785136087.4540479
1785136087.4540479
1785136087.4540479
1785136087.4540479
1785136087.4540479
1785136087.4540479
1785136087.4540479
1785136087.4540479
1785136087.4540479
1785136087.4540479
1785136087.4540479
1785136087.4540479
1785136087.4540479
1785136087.4540479
1785136087.4540479
1785136087.4540479
1785136087.4540479
1785136087.4540479
1785136087.4542699
1785136087.4542699
1785136087.4542699
1785136087.4542699
1785136087.4542699
1785136087.4542699
1785136087.4542699
1785136087.4542699
1785136087.4542699
1785136087.4542699
1785136087.4542699
1785136087.4542699
1785136087.4542699
1785136087.4542699
1785136087.4542699
1785136087.4542699
1785136087.4542699
1785136087.4542699
1785136087.4542699
1785136087.4542699
1785136087.4542699
1785136087.4542699
1785136087.4542699
1785136087.4542699
1785136087.4542699
1785136087.4542699
1785136087.4542699
1785136087.4542699
1785136087.4542699
1785136087.4542699
1785136087.4542699
1785136087.4542699
1785136087.4542699
1785136087.4542699
1785136087.4542699
1785136087.4542699
1785136087.4542699
1785136087.4542699
1785136087.4542699
1785136087.4542699
1785136087.4542699
1785136087.4542699
1785136087.4544921
1785136087.4544921
1785136087.4544921
1785136087.4544921
1785136087.4544921
1785136087.4544921
1785136087.4544921
1785136087.4544921
1785136087.4544921
1785136087.4544921
1785136087.4544921
1785136087.4544921
1785136087.4544921
1785136087.4544921
1785136087.4544921
1785136087.4544921
1785136087.4544921
1785136087.4544921
1785136087.4544921
1785136087.4544921
1785136087.4544921
1785136087.4544921
1785136087.4544921
1785136087.4544921
1785136087.4544921
1785136087.4544921
1785136087.4544921
1785136087.4544921
1785136087.4544921
1785136087.4544921
1785136087.4544921
1785136087.4544921
1785136087.4544921
1785136087.4544921
1785136087.4544921
1785136087.4544921
1785136087.4544921
1785136087.4544921
1785136087.4544921
1785136087.4544921
1785136087.4544921
1785136087.4544921
1785136087.4544921
1785136087.4544921
1785136087.4544921
1785136087.4544921
1785136087.4544921
1785136087.4544921
1785136087.4544921
1785136087.4544921
1785136087.4544921
1785136087.4544921
1785136087.4544921
1785136087.4544921
1785136087.4547141
1785136087.4547141
1785136087.4547141
1785136087.4547141
1785136087.4547141
1785136087.4547141
1785136087.4547141
1785136087.4547141
1785136087.4547141
1785136087.4547141
1785136087.4547141
1785136087.4547141
1785136087.4547141
1785136087.4547141
1785136087.4547141
1785136087.4547141
1785136087.4547141
1785136087.4547141
1785136087.4547141
1785136087.4547141
1785136087.4547141
1785136087.4547141
1785136087.4547141
1785136087.4547141
1785136087.4547141
1785136087.4547141
1785136087.4547141
1785136087.4547141
1785136087.4547141
1785136087.4547141
1785136087.4547141
1785136087.4547141
1785136087.4547141
1785136087.4547141
1785136087.4547141
1785136087.4547141
1785136087.4547141
1785136087.4547141
1785136087.4547141
1785136087.4547141
1785136087.4547141
1785136087.4547141
1785136087.4547141
1785136087.4547141
1785136087.4547141
1785136087.4547141
1785136087.4547141
1785136087.4547141
1785136087.4547141
1785136087.4547141
1785136087.4547141
1785136087.4547141
1785136087.4547141
1785136087.4547141
1785136087.4547141
1785136087.4547141
1785136087.4549370
1785136087.4549370
1785136087.4549370
1785136087.4549370
1785136087.4549370
1785136087.4549370
1785136087.4549370
1785136087.4549370
1785136087.4549370
1785136087.4549370
1785136087.4549370
1785136087.4549370
1785136087.4549370
1785136087.4549370
1785136087.4549370
1785136087.4549370
1785136087.4549370
1785136087.4549370
1785136087.4549370
1785136087.4549370
1785136087.4549370
1785136087.4549370
1785136087.4549370
1785136087.4549370
1785136087.4549370
1785136087.4549370
1785136087.4549370
1785136087.4549370
1785136087.4549370
1785136087.4549370
1785136087.4549370
1785136087.4549370
1785136087.4549370
1785136087.4549370
1785136087.4549370
1785136087.4551589
1785136087.4551589
1785136087.4551589
1785136087.4551589
1785136087.4551589
1785136087.4551589
1785136087.4551589
1785136087.4551589
1785136087.4551589
1785136087.4551589
1785136087.4551589
1785136087.4551589
1785136087.4551589
1785136087.4551589
1785136087.4551589
1785136087.4551589
1785136087.4551589
1785136087.4551589
1785136087.4553809
1785136087.4553809
1785136087.4553809
1785136087.4553809
1785136087.4553809
1785136087.4553809
1785136087.4553809
1785136087.4553809
1785136087.4553809
1785136087.4553809
1785136087.4553809
1785136087.4553809
1785136087.4553809
1785136087.4553809
1785136087.4553809
1785136087.4553809
1785136087.4553809
1785136087.4553809
1785136087.4553809
1785136087.4553809
1785136087.4553809
1785136087.4553809
1785136087.4553809
1785136087.4553809
1785136087.4556029
1785136087.4556029
1785136087.4556029
1785136087.4556029
1785136087.4556029
1785136087.4556029
1785136087.4556029
1785136087.4556029
1785136087.4556029
1785136087.4556029
1785136087.4556029
1785136087.4556029
1785136087.4556029
1785136087.4556029
1785136087.4556029
1785136087.4558251
1785136087.4558251
1785136087.4558251
1785136087.4558251
1785136087.4558251
1785136087.4558251
1785136087.4558251
1785136087.4558251
1785136087.4558251
1785136087.4558251
1785136087.4558251
1785136087.4558251
1785136087.4560471
1785136087.4560471
1785136087.4560471
1785136087.4560471
1785136087.4560471
1785136087.4560471
1785136087.4560471
1785136087.4560471
1785136087.4560471
1785136087.4560471
1785136087.4560471
1785136087.4560471
1785136087.4560471
1785136087.4562700
1785136087.4562700
1785136087.4562700
1785136087.4562700
1785136087.4562700
1785136087.4562700
1785136087.4562700
1785136087.4562700
1785136087.4562700
1785136087.4562700
1785136087.4562700
1785136087.4562700
1785136087.4562700
1785136087.4564919
1785136087.4564919
1785136087.4564919
1785136087.4564919
1785136087.4564919
1785136087.4564919
1785136087.4564919
1785136087.4564919
1785136087.4564919
1785136087.4564919
1785136087.4564919
1785136087.4564919
1785136087.4564919
1785136087.4567139
1785136087.4602699
1785136087.4604931
1785136087.4604931
1785136087.4604931
1785136087.4604931
1785136087.4604931
1785136087.4604931
1785136087.4604931
1785136087.4604931
1785136087.4604931
1785136087.4604931
1785136087.4604931
1785136087.4604931
1785136087.4607151
1785136087.4607151
1785136087.4607151
1785136087.4607151
1785136087.4607151
1785136087.4607151
1785136087.4607151
1785136087.4607151
1785136087.4607151
1785136087.4607151
1785136087.4607151
1785136087.4607151
1785136087.4607151
1785136087.4607151
1785136087.4607151
1785136087.4609370
1785136087.4609370
1785136087.4609370
1785136087.4609370
1785136087.4609370
1785136087.4609370
1785136087.4609370
1785136087.4609370
1785136087.4609370
1785136087.4609370
1785136087.4609370
1785136087.4609370
1785136087.4609370
1785136087.4609370
1785136087.4609370
1785136087.4609370
1785136087.4609370
1785136087.4611599
1785136087.4611599
1785136087.4611599
1785136087.4611599
1785136087.4611599
1785136087.4611599
1785136087.4611599
1785136087.4611599
1785136087.4611599
1785136087.4611599
1785136087.4611599
1785136087.4611599
1785136087.4611599
1785136087.4611599
1785136087.4611599
1785136087.4611599
1785136087.4611599
1785136087.4613819
1785136087.4613819
1785136087.4613819
1785136087.4613819
1785136087.4613819
1785136087.4613819
1785136087.4613819
1785136087.4613819
1785136087.4613819
1785136087.4613819
1785136087.4613819
1785136087.4613819
1785136087.4613819
1785136087.4613819
1785136087.4613819
1785136087.4613819
1785136087.4613819
1785136087.4613819
1785136087.4613819
1785136087.4613819
1785136087.4616041
1785136087.4616041
1785136087.4616041
1785136087.4616041
1785136087.4616041
1785136087.4616041
1785136087.4616041
1785136087.4616041
1785136087.4616041
1785136087.4616041
1785136087.4616041
1785136087.4616041
1785136087.4616041
1785136087.4620481
1785136087.4620481
1785136087.4620481
1785136087.4620481
1785136087.4620481
1785136087.4622710
1785136087.4622710
1785136087.4622710
1785136087.4622710
1785136087.4622710
1785136087.4622710
