1785136091.8125010
1785136091.8138340
1785136091.8138340
1785136091.8140559
1785136091.8140559
1785136091.8140559
1785136091.8142791
1785136091.8142791
1785136091.8142791
1785136091.8142791
1785136091.8142791
1785136091.8142791
1785136091.8142791
1785136091.8142791
1785136091.8142791
1785136091.8142791
1785136091.8142791
1785136091.8142791
1785136091.8142791
1785136091.8142791
1785136091.8142791
1785136091.8142791
1785136091.8145010
1785136091.8145010
1785136091.8145010
1785136091.8145010
1785136091.8145010
1785136091.8145010
1785136091.8145010
1785136091.8145010
1785136091.8151679
1785136091.8151679
1785136091.8151679
1785136091.8167241
1785136091.8169460
1785136091.8169460
1785136091.8169460
1785136091.8169460
1785136091.8169460
1785136091.8171680
1785136091.8171680
1785136091.8171680
1785136091.8171680
1785136091.8171680
1785136091.8171680
1785136091.8171680
1785136091.8171680
1785136091.8173909
1785136091.8173909
1785136091.8173909
1785136091.8173909
1785136091.8173909
1785136091.8173909
1785136091.8173909
1785136091.8173909
1785136091.8173909
1785136091.8176129
1785136091.8176129
1785136091.8176129
1785136091.8176129
1785136091.8176129
1785136091.8176129
1785136091.8176129
1785136091.8176129
1785136091.8176129
1785136091.8176129
1785136091.8176129
1785136091.8176129
1785136091.8176129
1785136091.8176129
1785136091.8176129
1785136091.8176129
1785136091.8176129
1785136091.8176129
1785136091.8176129
1785136091.8176129
1785136091.8176129
1785136091.8178351
1785136091.8178351
1785136091.8178351
1785136091.8178351
1785136091.8178351
1785136091.8178351
1785136091.8178351
1785136091.8178351
1785136091.8178351
1785136091.8178351
1785136091.8178351
1785136091.8178351
1785136091.8178351
1785136091.8178351
1785136091.8178351
1785136091.8178351
1785136091.8178351
1785136091.8178351
1785136091.8178351
1785136091.8178351
1785136091.8178351
1785136091.8178351
1785136091.8178351
1785136091.8178351
1785136091.8178351
1785136091.8178351
1785136091.8178351
1785136091.8178351
1785136091.8178351
1785136091.8178351
1785136091.8178351
1785136091.8178351
1785136091.8178351
1785136091.8178351
1785136091.8178351
1785136091.8178351
1785136091.8178351
1785136091.8178351
1785136091.8178351
1785136091.8178351
1785136091.8178351
1785136091.8180571
1785136091.8180571
1785136091.8180571
1785136091.8180571
1785136091.8180571
1785136091.8180571
1785136091.8180571
1785136091.8180571
1785136091.8180571
1785136091.8180571
1785136091.8180571
1785136091.8180571
1785136091.8180571
1785136091.8180571
1785136091.8180571
1785136091.8180571
1785136091.8180571
1785136091.8180571
1785136091.8180571
1785136091.8180571
1785136091.8180571
1785136091.8180571
1785136091.8180571
1785136091.8180571
1785136091.8180571
1785136091.8180571
1785136091.8180571
1785136091.8180571
1785136091.8180571
1785136091.8180571
1785136091.8180571
1785136091.8180571
1785136091.8180571
1785136091.8180571
1785136091.8180571
1785136091.8180571
1785136091.8180571
1785136091.8180571
1785136091.8180571
1785136091.8182800
1785136091.8182800
1785136091.8182800
1785136091.8182800
1785136091.8182800
1785136091.8182800
1785136091.8182800
1785136091.8182800
1785136091.8182800
1785136091.8182800
1785136091.8182800
1785136091.8182800
1785136091.8182800
1785136091.8182800
1785136091.8182800
1785136091.8182800
1785136091.8182800
1785136091.8182800
1785136091.8182800
1785136091.8182800
1785136091.8182800
1785136091.8182800
1785136091.8182800
1785136091.8182800
1785136091.8182800
1785136091.8182800
1785136091.8182800
1785136091.8182800
1785136091.8182800
1785136091.8182800
1785136091.8182800
1785136091.8182800
1785136091.8182800
1785136091.8182800
1785136091.8185019
1785136091.8185019
1785136091.8185019
1785136091.8185019
1785136091.8185019
1785136091.8185019
1785136091.8185019
1785136091.8185019
1785136091.8185019
1785136091.8185019
1785136091.8185019
1785136091.8185019
1785136091.8185019
1785136091.8185019
1785136091.8185019
1785136091.8185019
1785136091.8185019
1785136091.8185019
1785136091.8185019
1785136091.8185019
1785136091.8185019
1785136091.8185019
1785136091.8185019
1785136091.8185019
1785136091.8185019
1785136091.8185019
1785136091.8185019
1785136091.8185019
1785136091.8185019
1785136091.8185019
1785136091.8185019
1785136091.8185019
1785136091.8187239
1785136091.8187239
1785136091.8187239
1785136091.8187239
1785136091.8187239
1785136091.8187239
1785136091.8187239
1785136091.8187239
1785136091.8187239
1785136091.8187239
1785136091.8187239
1785136091.8187239
1785136091.8187239
1785136091.8187239
1785136091.8187239
1785136091.8187239
1785136091.8187239
1785136091.8187239
1785136091.8187239
1785136091.8187239
1785136091.8187239
1785136091.8187239
1785136091.8187239
1785136091.8187239
1785136091.8187239
1785136091.8187239
1785136091.8187239
1785136091.8187239
1785136091.8187239
1785136091.8187239
1785136091.8187239
1785136091.8187239
1785136091.8189471
1785136091.8189471
1785136091.8189471
1785136091.8189471
1785136091.8189471
1785136091.8189471
1785136091.8189471
1785136091.8189471
1785136091.8189471
1785136091.8189471
1785136091.8189471
1785136091.8189471
1785136091.8189471
1785136091.8189471
1785136091.8189471
1785136091.8189471
1785136091.8189471
1785136091.8189471
1785136091.8189471
1785136091.8189471
1785136091.8189471
1785136091.8189471
1785136091.8189471
1785136091.8189471
1785136091.8189471
1785136091.8189471
1785136091.8189471
1785136091.8189471
1785136091.8189471
1785136091.8189471
1785136091.8189471
1785136091.8189471
1785136091.8191690
1785136091.8191690
1785136091.8191690
1785136091.8191690
1785136091.8191690
1785136091.8191690
1785136091.8191690
1785136091.8191690
1785136091.8191690
1785136091.8191690
1785136091.8191690
1785136091.8191690
1785136091.8191690
1785136091.8191690
1785136091.8191690
1785136091.8191690
1785136091.8191690
1785136091.8191690
1785136091.8191690
1785136091.8191690
1785136091.8191690
1785136091.8191690
1785136091.8191690
1785136091.8191690
1785136091.8191690
1785136091.8191690
1785136091.8191690
1785136091.8191690
1785136091.8191690
1785136091.8191690
1785136091.8191690
1785136091.8191690
1785136091.8191690
1785136091.8191690
1785136091.8191690
1785136091.8191690
1785136091.8191690
1785136091.8191690
1785136091.8191690
1785136091.8191690
1785136091.8191690
1785136091.8191690
1785136091.8193910
1785136091.8193910
1785136091.8193910
1785136091.8193910
1785136091.8193910
1785136091.8193910
1785136091.8193910
1785136091.8193910
1785136091.8193910
1785136091.8193910
1785136091.8193910
1785136091.8193910
1785136091.8193910
1785136091.8193910
1785136091.8193910
1785136091.8193910
1785136091.8193910
1785136091.8193910
1785136091.8193910
1785136091.8193910
1785136091.8193910
1785136091.8193910
1785136091.8193910
1785136091.8193910
1785136091.8193910
1785136091.8193910
1785136091.8193910
1785136091.8193910
1785136091.8193910
1785136091.8193910
1785136091.8193910
1785136091.8193910
1785136091.8193910
1785136091.8193910
1785136091.8193910
1785136091.8193910
1785136091.8193910
1785136091.8193910
1785136091.8193910
1785136091.8193910
1785136091.8193910
1785136091.8193910
1785136091.8196130
1785136091.8196130
1785136091.8196130
1785136091.8196130
1785136091.8196130
1785136091.8196130
1785136091.8196130
1785136091.8196130
1785136091.8196130
1785136091.8196130
1785136091.8196130
1785136091.8196130
1785136091.8196130
1785136091.8196130
1785136091.8196130
1785136091.8196130
1785136091.8196130
1785136091.8196130
1785136091.8196130
1785136091.8196130
1785136091.8196130
1785136091.8196130
1785136091.8196130
1785136091.8196130
1785136091.8196130
1785136091.8196130
1785136091.8196130
1785136091.8196130
1785136091.8196130
1785136091.8196130
1785136091.8196130
1785136091.8196130
1785136091.8196130
1785136091.8196130
1785136091.8196130
1785136091.8196130
1785136091.8196130
1785136091.8196130
1785136091.8196130
1785136091.8196130
1785136091.8196130
1785136091.8196130
1785136091.8198349
1785136091.8198349
1785136091.8198349
1785136091.8198349
1785136091.8198349
1785136091.8198349
1785136091.8198349
1785136091.8198349
1785136091.8198349
1785136091.8198349
1785136091.8198349
1785136091.8198349
1785136091.8198349
1785136091.8198349
1785136091.8198349
1785136091.8198349
1785136091.8198349
1785136091.8198349
1785136091.8198349
1785136091.8198349
1785136091.8198349
1785136091.8198349
1785136091.8198349
1785136091.8198349
1785136091.8198349
1785136091.8198349
1785136091.8198349
1785136091.8198349
1785136091.8198349
1785136091.8198349
1785136091.8198349
1785136091.8198349
1785136091.8198349
1785136091.8198349
1785136091.8198349
1785136091.8198349
1785136091.8198349
1785136091.8198349
1785136091.8198349
1785136091.8198349
1785136091.8198349
1785136091.8198349
1785136091.8200581
1785136091.8200581
1785136091.8200581
1785136091.8200581
1785136091.8200581
1785136091.8200581
1785136091.8200581
1785136091.8200581
1785136091.8200581
1785136091.8200581
1785136091.8200581
1785136091.8200581
1785136091.8200581
1785136091.8200581
1785136091.8200581
1785136091.8200581
1785136091.8200581
1785136091.8200581
1785136091.8200581
1785136091.8200581
1785136091.8200581
1785136091.8200581
1785136091.8200581
1785136091.8200581
1785136091.8200581
1785136091.8200581
1785136091.8200581
1785136091.8200581
1785136091.8200581
1785136091.8200581
1785136091.8200581
1785136091.8200581
1785136091.8200581
1785136091.8200581
1785136091.8200581
1785136091.8200581
1785136091.8200581
1785136091.8200581
1785136091.8200581
1785136091.8200581
1785136091.8200581
1785136091.8200581
1785136091.8202801
1785136091.8202801
1785136091.8202801
1785136091.8202801
1785136091.8202801
1785136091.8202801
1785136091.8202801
1785136091.8202801
1785136091.8202801
1785136091.8202801
1785136091.8202801
1785136091.8202801
1785136091.8202801
1785136091.8202801
1785136091.8202801
1785136091.8202801
1785136091.8202801
1785136091.8202801
1785136091.8202801
1785136091.8202801
1785136091.8202801
1785136091.8202801
1785136091.8202801
1785136091.8202801
1785136091.8202801
1785136091.8202801
1785136091.8202801
1785136091.8202801
1785136091.8202801
1785136091.8202801
1785136091.8202801
1785136091.8202801
1785136091.8202801
1785136091.8202801
1785136091.8202801
1785136091.8202801
1785136091.8202801
1785136091.8202801
1785136091.8202801
1785136091.8202801
1785136091.8202801
1785136091.8202801
1785136091.8202801
1785136091.8205020
1785136091.8205020
1785136091.8205020
1785136091.8205020
1785136091.8205020
1785136091.8205020
1785136091.8205020
1785136091.8205020
1785136091.8205020
1785136091.8205020
1785136091.8205020
1785136091.8205020
1785136091.8205020
1785136091.8205020
1785136091.8205020
1785136091.8205020
1785136091.8205020
1785136091.8205020
1785136091.8205020
1785136091.8205020
1785136091.8205020
1785136091.8205020
1785136091.8205020
1785136091.8205020
1785136091.8205020
1785136091.8205020
1785136091.8205020
1785136091.8205020
1785136091.8205020
1785136091.8205020
1785136091.8205020
1785136091.8205020
1785136091.8205020
1785136091.8205020
1785136091.8205020
1785136091.8205020
1785136091.8205020
1785136091.8205020
1785136091.8205020
1785136091.8205020
1785136091.8205020
1785136091.8205020
1785136091.8205020
1785136091.8207240
1785136091.8207240
1785136091.8207240
1785136091.8207240
1785136091.8207240
1785136091.8207240
1785136091.8207240
1785136091.8207240
1785136091.8207240
1785136091.8207240
1785136091.8207240
1785136091.8207240
1785136091.8207240
1785136091.8207240
1785136091.8207240
1785136091.8207240
1785136091.8207240
1785136091.8207240
1785136091.8207240
1785136091.8207240
1785136091.8207240
1785136091.8207240
1785136091.8207240
1785136091.8207240
1785136091.8207240
1785136091.8207240
1785136091.8207240
1785136091.8207240
1785136091.8207240
1785136091.8207240
1785136091.8207240
1785136091.8207240
1785136091.8207240
1785136091.8207240
1785136091.8207240
1785136091.8207240
1785136091.8207240
1785136091.8207240
1785136091.8207240
1785136091.8207240
1785136091.8207240
1785136091.8207240
1785136091.8207240
1785136091.8209469
1785136091.8209469
1785136091.8209469
1785136091.8209469
1785136091.8209469
1785136091.8209469
1785136091.8209469
1785136091.8209469
1785136091.8209469
1785136091.8209469
1785136091.8209469
1785136091.8209469
1785136091.8209469
1785136091.8209469
1785136091.8209469
1785136091.8209469
1785136091.8209469
1785136091.8209469
1785136091.8209469
1785136091.8209469
1785136091.8209469
1785136091.8209469
1785136091.8209469
1785136091.8209469
1785136091.8209469
1785136091.8209469
1785136091.8209469
1785136091.8209469
1785136091.8209469
1785136091.8209469
1785136091.8209469
1785136091.8209469
1785136091.8209469
1785136091.8209469
1785136091.8209469
1785136091.8209469
1785136091.8209469
1785136091.8209469
1785136091.8209469
1785136091.8209469
1785136091.8209469
1785136091.8209469
1785136091.8209469
1785136091.8211689
1785136091.8211689
1785136091.8211689
1785136091.8211689
1785136091.8211689
1785136091.8211689
1785136091.8211689
1785136091.8211689
1785136091.8211689
1785136091.8211689
1785136091.8211689
1785136091.8211689
1785136091.8211689
1785136091.8211689
1785136091.8211689
1785136091.8211689
1785136091.8211689
1785136091.8211689
1785136091.8211689
1785136091.8211689
1785136091.8211689
1785136091.8211689
1785136091.8211689
1785136091.8211689
1785136091.8211689
1785136091.8211689
1785136091.8211689
1785136091.8211689
1785136091.8211689
1785136091.8211689
1785136091.8211689
1785136091.8211689
1785136091.8211689
1785136091.8211689
1785136091.8211689
1785136091.8211689
1785136091.8211689
1785136091.8211689
1785136091.8211689
1785136091.8211689
1785136091.8211689
1785136091.8211689
1785136091.8211689
1785136091.8213911
1785136091.8213911
1785136091.8213911
1785136091.8213911
1785136091.8213911
1785136091.8213911
1785136091.8213911
1785136091.8213911
1785136091.8213911
1785136091.8213911
1785136091.8213911
1785136091.8213911
1785136091.8213911
1785136091.8213911
1785136091.8213911
1785136091.8213911
1785136091.8213911
1785136091.8213911
1785136091.8213911
1785136091.8213911
1785136091.8213911
1785136091.8213911
1785136091.8213911
1785136091.8213911
1785136091.8213911
1785136091.8213911
1785136091.8213911
1785136091.8213911
1785136091.8213911
1785136091.8213911
1785136091.8213911
1785136091.8213911
1785136091.8213911
1785136091.8213911
1785136091.8213911
1785136091.8213911
1785136091.8213911
1785136091.8213911
1785136091.8213911
1785136091.8213911
1785136091.8213911
1785136091.8213911
1785136091.8213911
1785136091.8216140
1785136091.8216140
1785136091.8216140
1785136091.8216140
1785136091.8216140
1785136091.8216140
1785136091.8216140
1785136091.8216140
1785136091.8216140
1785136091.8216140
1785136091.8216140
1785136091.8216140
1785136091.8216140
1785136091.8216140
1785136091.8216140
1785136091.8216140
1785136091.8216140
1785136091.8216140
1785136091.8216140
1785136091.8216140
1785136091.8216140
1785136091.8216140
1785136091.8216140
1785136091.8216140
1785136091.8216140
1785136091.8216140
1785136091.8216140
1785136091.8216140
1785136091.8216140
1785136091.8216140
1785136091.8216140
1785136091.8216140
1785136091.8216140
1785136091.8216140
1785136091.8216140
1785136091.8216140
1785136091.8216140
1785136091.8216140
1785136091.8216140
1785136091.8216140
1785136091.8216140
1785136091.8216140
1785136091.8216140
1785136091.8216140
1785136091.8218360
1785136091.8218360
1785136091.8218360
1785136091.8218360
1785136091.8218360
1785136091.8218360
1785136091.8218360
1785136091.8218360
1785136091.8218360
1785136091.8218360
1785136091.8218360
1785136091.8218360
1785136091.8218360
1785136091.8218360
1785136091.8218360
1785136091.8218360
1785136091.8218360
1785136091.8218360
1785136091.8218360
1785136091.8218360
1785136091.8218360
1785136091.8218360
1785136091.8218360
1785136091.8218360
1785136091.8218360
1785136091.8218360
1785136091.8218360
1785136091.8218360
1785136091.8218360
1785136091.8218360
1785136091.8218360
1785136091.8218360
1785136091.8218360
1785136091.8218360
1785136091.8218360
1785136091.8218360
1785136091.8218360
1785136091.8218360
1785136091.8218360
1785136091.8218360
1785136091.8218360
1785136091.8218360
1785136091.8218360
1785136091.8220580
1785136091.8220580
1785136091.8220580
1785136091.8220580
1785136091.8220580
1785136091.8220580
1785136091.8220580
1785136091.8220580
1785136091.8220580
1785136091.8220580
1785136091.8220580
1785136091.8220580
1785136091.8220580
1785136091.8220580
1785136091.8220580
1785136091.8220580
1785136091.8220580
1785136091.8220580
1785136091.8220580
1785136091.8220580
1785136091.8220580
1785136091.8220580
1785136091.8220580
1785136091.8220580
1785136091.8220580
1785136091.8220580
1785136091.8220580
1785136091.8220580
1785136091.8220580
1785136091.8220580
1785136091.8220580
1785136091.8220580
1785136091.8220580
1785136091.8220580
1785136091.8220580
1785136091.8220580
1785136091.8220580
1785136091.8220580
1785136091.8220580
1785136091.8220580
1785136091.8220580
1785136091.8220580
1785136091.8220580
1785136091.8222799
1785136091.8222799
1785136091.8222799
1785136091.8222799
1785136091.8222799
1785136091.8222799
1785136091.8222799
1785136091.8222799
1785136091.8222799
1785136091.8222799
1785136091.8222799
1785136091.8222799
1785136091.8222799
1785136091.8222799
1785136091.8222799
1785136091.8222799
1785136091.8222799
1785136091.8222799
1785136091.8222799
1785136091.8222799
1785136091.8222799
1785136091.8222799
1785136091.8222799
1785136091.8222799
1785136091.8222799
1785136091.8222799
1785136091.8222799
1785136091.8222799
1785136091.8222799
1785136091.8222799
1785136091.8222799
1785136091.8222799
1785136091.8222799
1785136091.8222799
1785136091.8222799
1785136091.8222799
1785136091.8222799
1785136091.8222799
1785136091.8222799
1785136091.8222799
1785136091.8222799
1785136091.8222799
1785136091.8222799
1785136091.8225019
1785136091.8225019
1785136091.8225019
1785136091.8225019
1785136091.8225019
1785136091.8225019
1785136091.8225019
1785136091.8225019
1785136091.8225019
1785136091.8225019
1785136091.8225019
1785136091.8225019
1785136091.8225019
1785136091.8225019
1785136091.8225019
1785136091.8225019
1785136091.8225019
1785136091.8225019
1785136091.8225019
1785136091.8225019
1785136091.8225019
1785136091.8225019
1785136091.8225019
1785136091.8225019
1785136091.8225019
1785136091.8225019
1785136091.8225019
1785136091.8225019
1785136091.8225019
1785136091.8225019
1785136091.8225019
1785136091.8225019
1785136091.8225019
1785136091.8225019
1785136091.8225019
1785136091.8225019
1785136091.8225019
1785136091.8225019
1785136091.8225019
1785136091.8225019
1785136091.8225019
1785136091.8227241
1785136091.8227241
1785136091.8227241
1785136091.8227241
1785136091.8227241
1785136091.8227241
1785136091.8227241
1785136091.8227241
1785136091.8227241
1785136091.8227241
1785136091.8227241
1785136091.8227241
1785136091.8227241
1785136091.8227241
1785136091.8227241
1785136091.8227241
1785136091.8227241
1785136091.8227241
1785136091.8227241
1785136091.8227241
1785136091.8227241
1785136091.8227241
1785136091.8227241
1785136091.8227241
1785136091.8227241
1785136091.8227241
1785136091.8227241
1785136091.8227241
1785136091.8227241
1785136091.8227241
1785136091.8227241
1785136091.8227241
1785136091.8227241
1785136091.8227241
1785136091.8227241
1785136091.8227241
1785136091.8227241
1785136091.8227241
1785136091.8227241
1785136091.8227241
1785136091.8227241
1785136091.8229470
1785136091.8229470
1785136091.8229470
1785136091.8229470
1785136091.8229470
1785136091.8229470
1785136091.8229470
1785136091.8229470
1785136091.8229470
1785136091.8229470
1785136091.8229470
1785136091.8229470
1785136091.8229470
1785136091.8229470
1785136091.8229470
1785136091.8229470
1785136091.8229470
1785136091.8229470
1785136091.8229470
1785136091.8229470
1785136091.8229470
1785136091.8229470
1785136091.8229470
1785136091.8229470
1785136091.8229470
1785136091.8229470
1785136091.8229470
1785136091.8229470
1785136091.8229470
1785136091.8229470
1785136091.8229470
1785136091.8229470
1785136091.8229470
1785136091.8229470
1785136091.8229470
1785136091.8229470
1785136091.8229470
1785136091.8229470
1785136091.8229470
1785136091.8229470
1785136091.8229470
1785136091.8229470
1785136091.8229470
1785136091.8229470
1785136091.8229470
1785136091.8229470
1785136091.8229470
1785136091.8229470
1785136091.8229470
1785136091.8229470
1785136091.8231690
1785136091.8231690
1785136091.8231690
1785136091.8231690
1785136091.8231690
1785136091.8231690
1785136091.8231690
1785136091.8231690
1785136091.8231690
1785136091.8231690
1785136091.8231690
1785136091.8231690
1785136091.8231690
1785136091.8231690
1785136091.8231690
1785136091.8231690
1785136091.8231690
1785136091.8231690
1785136091.8231690
1785136091.8231690
1785136091.8231690
1785136091.8231690
1785136091.8231690
1785136091.8231690
1785136091.8231690
1785136091.8231690
1785136091.8231690
1785136091.8231690
1785136091.8231690
1785136091.8231690
1785136091.8231690
1785136091.8231690
1785136091.8231690
1785136091.8231690
1785136091.8231690
1785136091.8231690
1785136091.8231690
1785136091.8231690
1785136091.8231690
1785136091.8231690
1785136091.8231690
1785136091.8231690
1785136091.8231690
1785136091.8231690
1785136091.8231690
1785136091.8231690
1785136091.8231690
1785136091.8231690
1785136091.8231690
1785136091.8231690
1785136091.8231690
1785136091.8231690
1785136091.8231690
1785136091.8231690
1785136091.8231690
1785136091.8231690
1785136091.8231690
1785136091.8231690
1785136091.8231690
1785136091.8231690
1785136091.8233910
1785136091.8233910
1785136091.8233910
1785136091.8233910
1785136091.8233910
1785136091.8233910
1785136091.8233910
1785136091.8233910
1785136091.8233910
1785136091.8233910
1785136091.8233910
1785136091.8233910
1785136091.8233910
1785136091.8233910
1785136091.8233910
1785136091.8233910
1785136091.8233910
1785136091.8233910
1785136091.8233910
1785136091.8233910
1785136091.8233910
1785136091.8233910
1785136091.8233910
1785136091.8233910
1785136091.8233910
1785136091.8233910
1785136091.8233910
1785136091.8233910
1785136091.8233910
1785136091.8233910
1785136091.8233910
1785136091.8233910
1785136091.8233910
1785136091.8233910
1785136091.8233910
1785136091.8233910
1785136091.8233910
1785136091.8233910
1785136091.8233910
1785136091.8233910
1785136091.8233910
1785136091.8233910
1785136091.8233910
1785136091.8233910
1785136091.8233910
1785136091.8233910
1785136091.8233910
1785136091.8233910
1785136091.8233910
1785136091.8233910
1785136091.8233910
1785136091.8233910
1785136091.8233910
1785136091.8233910
1785136091.8233910
1785136091.8233910
1785136091.8233910
1785136091.8233910
1785136091.8233910
1785136091.8233910
1785136091.8233910
1785136091.8233910
1785136091.8233910
1785136091.8236129
1785136091.8236129
1785136091.8236129
1785136091.8236129
1785136091.8236129
1785136091.8236129
1785136091.8236129
1785136091.8236129
1785136091.8236129
1785136091.8236129
1785136091.8236129
1785136091.8236129
1785136091.8236129
1785136091.8236129
1785136091.8236129
1785136091.8236129
1785136091.8236129
1785136091.8236129
1785136091.8236129
1785136091.8236129
1785136091.8236129
1785136091.8236129
1785136091.8236129
1785136091.8236129
1785136091.8236129
1785136091.8236129
1785136091.8236129
1785136091.8236129
1785136091.8236129
1785136091.8236129
1785136091.8236129
1785136091.8236129
1785136091.8236129
1785136091.8236129
1785136091.8236129
1785136091.8236129
1785136091.8236129
1785136091.8236129
1785136091.8236129
1785136091.8236129
1785136091.8236129
1785136091.8236129
1785136091.8236129
1785136091.8236129
1785136091.8236129
1785136091.8236129
1785136091.8236129
1785136091.8236129
1785136091.8236129
1785136091.8236129
1785136091.8236129
1785136091.8236129
1785136091.8236129
1785136091.8236129
1785136091.8236129
1785136091.8236129
1785136091.8236129
1785136091.8236129
1785136091.8236129
1785136091.8236129
1785136091.8236129
1785136091.8236129
1785136091.8236129
1785136091.8236129
1785136091.8238361
1785136091.8238361
1785136091.8238361
1785136091.8238361
1785136091.8238361
1785136091.8238361
1785136091.8238361
1785136091.8238361
1785136091.8238361
1785136091.8238361
1785136091.8238361
1785136091.8238361
1785136091.8238361
1785136091.8238361
1785136091.8238361
1785136091.8238361
1785136091.8238361
1785136091.8238361
1785136091.8238361
1785136091.8238361
1785136091.8238361
1785136091.8238361
1785136091.8238361
1785136091.8238361
1785136091.8238361
1785136091.8238361
1785136091.8238361
1785136091.8238361
1785136091.8238361
1785136091.8238361
1785136091.8238361
1785136091.8238361
1785136091.8238361
1785136091.8238361
1785136091.8238361
1785136091.8238361
1785136091.8238361
1785136091.8238361
1785136091.8238361
1785136091.8238361
1785136091.8238361
1785136091.8238361
1785136091.8238361
1785136091.8238361
1785136091.8238361
1785136091.8238361
1785136091.8238361
1785136091.8238361
1785136091.8238361
1785136091.8238361
1785136091.8238361
1785136091.8238361
1785136091.8238361
1785136091.8238361
1785136091.8238361
1785136091.8238361
1785136091.8238361
1785136091.8238361
1785136091.8238361
1785136091.8238361
1785136091.8240581
1785136091.8240581
1785136091.8240581
1785136091.8240581
1785136091.8240581
1785136091.8240581
1785136091.8240581
1785136091.8240581
1785136091.8240581
1785136091.8240581
1785136091.8240581
1785136091.8240581
1785136091.8240581
1785136091.8240581
1785136091.8240581
1785136091.8240581
1785136091.8240581
1785136091.8240581
1785136091.8240581
1785136091.8240581
1785136091.8240581
1785136091.8240581
1785136091.8240581
1785136091.8240581
1785136091.8240581
1785136091.8240581
1785136091.8240581
1785136091.8240581
1785136091.8240581
1785136091.8240581
1785136091.8240581
1785136091.8240581
1785136091.8240581
1785136091.8240581
1785136091.8240581
1785136091.8240581
1785136091.8240581
1785136091.8240581
1785136091.8240581
1785136091.8240581
1785136091.8240581
1785136091.8240581
1785136091.8240581
1785136091.8240581
1785136091.8240581
1785136091.8240581
1785136091.8240581
1785136091.8240581
1785136091.8240581
1785136091.8240581
1785136091.8240581
1785136091.8240581
1785136091.8242800
1785136091.8242800
1785136091.8242800
1785136091.8242800
1785136091.8242800
1785136091.8242800
1785136091.8242800
1785136091.8242800
1785136091.8242800
1785136091.8242800
1785136091.8242800
1785136091.8242800
1785136091.8242800
1785136091.8242800
1785136091.8242800
1785136091.8242800
1785136091.8242800
1785136091.8242800
1785136091.8242800
1785136091.8242800
1785136091.8242800
1785136091.8242800
1785136091.8242800
1785136091.8242800
1785136091.8242800
1785136091.8242800
1785136091.8242800
1785136091.8242800
1785136091.8242800
1785136091.8242800
1785136091.8242800
1785136091.8242800
1785136091.8242800
1785136091.8242800
1785136091.8242800
1785136091.8242800
1785136091.8242800
1785136091.8242800
1785136091.8242800
1785136091.8242800
1785136091.8242800
1785136091.8242800
1785136091.8242800
1785136091.8242800
1785136091.8242800
1785136091.8242800
1785136091.8242800
1785136091.8242800
1785136091.8242800
1785136091.8242800
1785136091.8242800
1785136091.8242800
1785136091.8242800
1785136091.8242800
1785136091.8242800
1785136091.8242800
1785136091.8245029
1785136091.8245029
1785136091.8245029
1785136091.8245029
1785136091.8245029
1785136091.8245029
1785136091.8245029
1785136091.8245029
1785136091.8245029
1785136091.8245029
1785136091.8245029
1785136091.8245029
1785136091.8245029
1785136091.8245029
1785136091.8245029
1785136091.8245029
1785136091.8245029
1785136091.8245029
1785136091.8245029
1785136091.8245029
1785136091.8245029
1785136091.8245029
1785136091.8245029
1785136091.8245029
1785136091.8245029
1785136091.8245029
1785136091.8245029
1785136091.8245029
1785136091.8245029
1785136091.8245029
1785136091.8245029
1785136091.8245029
1785136091.8245029
1785136091.8245029
1785136091.8245029
1785136091.8245029
1785136091.8245029
1785136091.8245029
1785136091.8245029
1785136091.8245029
1785136091.8245029
1785136091.8245029
1785136091.8245029
1785136091.8245029
1785136091.8245029
1785136091.8245029
1785136091.8245029
1785136091.8245029
1785136091.8245029
1785136091.8245029
1785136091.8245029
1785136091.8245029
1785136091.8245029
1785136091.8245029
1785136091.8245029
1785136091.8245029
1785136091.8245029
1785136091.8247249
1785136091.8247249
1785136091.8247249
1785136091.8247249
1785136091.8247249
1785136091.8247249
1785136091.8247249
1785136091.8247249
1785136091.8247249
1785136091.8247249
1785136091.8247249
1785136091.8247249
1785136091.8247249
1785136091.8247249
1785136091.8247249
1785136091.8247249
1785136091.8247249
1785136091.8247249
1785136091.8247249
1785136091.8247249
1785136091.8247249
1785136091.8247249
1785136091.8247249
1785136091.8247249
1785136091.8247249
1785136091.8247249
1785136091.8247249
1785136091.8247249
1785136091.8247249
1785136091.8247249
1785136091.8247249
1785136091.8247249
1785136091.8247249
1785136091.8247249
1785136091.8247249
1785136091.8247249
1785136091.8247249
1785136091.8247249
1785136091.8247249
1785136091.8247249
1785136091.8247249
1785136091.8247249
1785136091.8247249
1785136091.8247249
1785136091.8247249
1785136091.8247249
1785136091.8247249
1785136091.8247249
1785136091.8247249
1785136091.8247249
1785136091.8247249
1785136091.8247249
1785136091.8247249
1785136091.8247249
1785136091.8247249
1785136091.8247249
1785136091.8247249
1785136091.8247249
1785136091.8247249
1785136091.8247249
1785136091.8247249
1785136091.8247249
1785136091.8247249
1785136091.8247249
1785136091.8247249
1785136091.8247249
1785136091.8247249
1785136091.8247249
1785136091.8249471
1785136091.8249471
1785136091.8249471
1785136091.8249471
1785136091.8249471
1785136091.8249471
1785136091.8249471
1785136091.8249471
1785136091.8249471
1785136091.8249471
1785136091.8249471
1785136091.8249471
1785136091.8249471
1785136091.8249471
1785136091.8249471
1785136091.8249471
1785136091.8249471
1785136091.8249471
1785136091.8249471
1785136091.8249471
1785136091.8249471
1785136091.8249471
1785136091.8249471
1785136091.8249471
1785136091.8249471
1785136091.8249471
1785136091.8249471
1785136091.8249471
1785136091.8249471
1785136091.8249471
1785136091.8249471
1785136091.8249471
1785136091.8249471
1785136091.8249471
1785136091.8249471
1785136091.8249471
1785136091.8249471
1785136091.8249471
1785136091.8249471
1785136091.8249471
1785136091.8249471
1785136091.8249471
1785136091.8249471
1785136091.8249471
1785136091.8249471
1785136091.8249471
1785136091.8249471
1785136091.8249471
1785136091.8249471
1785136091.8249471
1785136091.8249471
1785136091.8249471
1785136091.8249471
1785136091.8249471
1785136091.8249471
1785136091.8249471
1785136091.8249471
1785136091.8249471
1785136091.8249471
1785136091.8249471
1785136091.8249471
1785136091.8249471
1785136091.8249471
1785136091.8249471
1785136091.8249471
1785136091.8249471
1785136091.8249471
1785136091.8249471
1785136091.8249471
1785136091.8249471
1785136091.8251691
1785136091.8251691
1785136091.8251691
1785136091.8251691
1785136091.8251691
1785136091.8251691
1785136091.8251691
1785136091.8251691
1785136091.8251691
1785136091.8251691
1785136091.8251691
1785136091.8251691
1785136091.8251691
1785136091.8251691
1785136091.8251691
1785136091.8251691
1785136091.8251691
1785136091.8251691
1785136091.8251691
1785136091.8251691
1785136091.8251691
1785136091.8251691
1785136091.8251691
1785136091.8251691
1785136091.8251691
1785136091.8251691
1785136091.8251691
1785136091.8251691
1785136091.8251691
1785136091.8251691
1785136091.8251691
1785136091.8251691
1785136091.8251691
1785136091.8251691
1785136091.8251691
1785136091.8251691
1785136091.8251691
1785136091.8251691
1785136091.8251691
1785136091.8251691
1785136091.8251691
1785136091.8251691
1785136091.8251691
1785136091.8251691
1785136091.8251691
1785136091.8251691
1785136091.8251691
1785136091.8251691
1785136091.8251691
1785136091.8251691
1785136091.8251691
1785136091.8251691
1785136091.8251691
1785136091.8251691
1785136091.8251691
1785136091.8251691
1785136091.8251691
1785136091.8251691
1785136091.8251691
1785136091.8251691
1785136091.8251691
1785136091.8251691
1785136091.8251691
1785136091.8251691
1785136091.8251691
1785136091.8251691
1785136091.8251691
1785136091.8251691
1785136091.8251691
1785136091.8251691
1785136091.8253911
1785136091.8253911
1785136091.8253911
1785136091.8253911
1785136091.8253911
1785136091.8253911
1785136091.8253911
1785136091.8253911
1785136091.8253911
1785136091.8253911
1785136091.8253911
1785136091.8253911
1785136091.8253911
1785136091.8253911
1785136091.8253911
1785136091.8253911
1785136091.8253911
1785136091.8253911
1785136091.8253911
1785136091.8253911
1785136091.8253911
1785136091.8253911
1785136091.8253911
1785136091.8253911
1785136091.8253911
1785136091.8253911
1785136091.8253911
1785136091.8253911
1785136091.8253911
1785136091.8253911
1785136091.8253911
1785136091.8253911
1785136091.8253911
1785136091.8253911
1785136091.8253911
1785136091.8253911
1785136091.8253911
1785136091.8253911
1785136091.8253911
1785136091.8253911
1785136091.8253911
1785136091.8253911
1785136091.8253911
1785136091.8253911
1785136091.8253911
1785136091.8253911
1785136091.8253911
1785136091.8253911
1785136091.8253911
1785136091.8253911
1785136091.8253911
1785136091.8253911
1785136091.8253911
1785136091.8253911
1785136091.8253911
1785136091.8253911
1785136091.8253911
1785136091.8253911
1785136091.8253911
1785136091.8253911
1785136091.8253911
1785136091.8253911
1785136091.8253911
1785136091.8253911
1785136091.8253911
1785136091.8256130
1785136091.8256130
1785136091.8256130
1785136091.8256130
1785136091.8256130
1785136091.8256130
1785136091.8256130
1785136091.8256130
1785136091.8256130
1785136091.8256130
1785136091.8256130
1785136091.8256130
1785136091.8256130
1785136091.8256130
1785136091.8256130
1785136091.8256130
1785136091.8256130
1785136091.8256130
1785136091.8256130
1785136091.8256130
1785136091.8256130
1785136091.8256130
1785136091.8256130
1785136091.8256130
1785136091.8256130
1785136091.8256130
1785136091.8256130
1785136091.8256130
1785136091.8256130
1785136091.8256130
1785136091.8256130
1785136091.8256130
1785136091.8256130
1785136091.8256130
1785136091.8256130
1785136091.8256130
1785136091.8256130
1785136091.8256130
1785136091.8256130
1785136091.8256130
1785136091.8256130
1785136091.8256130
1785136091.8256130
1785136091.8256130
1785136091.8256130
1785136091.8256130
1785136091.8256130
1785136091.8256130
1785136091.8256130
1785136091.8256130
1785136091.8256130
1785136091.8256130
1785136091.8256130
1785136091.8256130
1785136091.8256130
1785136091.8256130
1785136091.8256130
1785136091.8256130
1785136091.8256130
1785136091.8256130
1785136091.8256130
1785136091.8258350
1785136091.8258350
1785136091.8258350
1785136091.8258350
1785136091.8258350
1785136091.8258350
1785136091.8258350
1785136091.8258350
1785136091.8258350
1785136091.8258350
1785136091.8258350
1785136091.8258350
1785136091.8258350
1785136091.8258350
1785136091.8258350
1785136091.8258350
1785136091.8258350
1785136091.8258350
1785136091.8258350
1785136091.8258350
1785136091.8258350
1785136091.8258350
1785136091.8258350
1785136091.8258350
1785136091.8258350
1785136091.8258350
1785136091.8258350
1785136091.8258350
1785136091.8258350
1785136091.8258350
1785136091.8258350
1785136091.8258350
1785136091.8258350
1785136091.8258350
1785136091.8258350
1785136091.8258350
1785136091.8258350
1785136091.8258350
1785136091.8258350
1785136091.8258350
1785136091.8258350
1785136091.8258350
1785136091.8258350
1785136091.8258350
1785136091.8258350
1785136091.8258350
1785136091.8258350
1785136091.8258350
1785136091.8258350
1785136091.8258350
1785136091.8258350
1785136091.8258350
1785136091.8258350
1785136091.8258350
1785136091.8258350
1785136091.8258350
1785136091.8258350
1785136091.8258350
1785136091.8258350
1785136091.8258350
1785136091.8258350
1785136091.8258350
1785136091.8258350
1785136091.8258350
1785136091.8260579
1785136091.8260579
1785136091.8260579
1785136091.8260579
1785136091.8260579
1785136091.8260579
1785136091.8260579
1785136091.8260579
1785136091.8260579
1785136091.8260579
1785136091.8260579
1785136091.8260579
1785136091.8260579
1785136091.8260579
1785136091.8260579
1785136091.8260579
1785136091.8260579
1785136091.8260579
1785136091.8260579
1785136091.8260579
1785136091.8260579
1785136091.8260579
1785136091.8260579
1785136091.8260579
1785136091.8260579
1785136091.8260579
1785136091.8260579
1785136091.8260579
1785136091.8260579
1785136091.8260579
1785136091.8260579
1785136091.8260579
1785136091.8260579
1785136091.8260579
1785136091.8260579
1785136091.8260579
1785136091.8260579
1785136091.8260579
1785136091.8260579
1785136091.8260579
1785136091.8260579
1785136091.8260579
1785136091.8260579
1785136091.8260579
1785136091.8260579
1785136091.8260579
1785136091.8260579
1785136091.8260579
1785136091.8260579
1785136091.8260579
1785136091.8260579
1785136091.8260579
1785136091.8260579
1785136091.8260579
1785136091.8260579
1785136091.8260579
1785136091.8260579
1785136091.8260579
1785136091.8260579
1785136091.8260579
1785136091.8260579
1785136091.8260579
1785136091.8260579
1785136091.8262801
1785136091.8262801
1785136091.8262801
1785136091.8262801
1785136091.8262801
1785136091.8262801
1785136091.8262801
1785136091.8262801
1785136091.8262801
1785136091.8262801
1785136091.8262801
1785136091.8262801
1785136091.8262801
1785136091.8262801
1785136091.8262801
1785136091.8262801
1785136091.8262801
1785136091.8262801
1785136091.8262801
1785136091.8262801
1785136091.8262801
1785136091.8262801
1785136091.8262801
1785136091.8262801
1785136091.8262801
1785136091.8262801
1785136091.8262801
1785136091.8262801
1785136091.8262801
1785136091.8262801
1785136091.8262801
1785136091.8262801
1785136091.8262801
1785136091.8262801
1785136091.8262801
1785136091.8262801
1785136091.8262801
1785136091.8262801
1785136091.8262801
1785136091.8262801
1785136091.8262801
1785136091.8262801
1785136091.8262801
1785136091.8262801
1785136091.8262801
1785136091.8262801
1785136091.8262801
1785136091.8262801
1785136091.8262801
1785136091.8262801
1785136091.8262801
1785136091.8262801
1785136091.8262801
1785136091.8262801
1785136091.8262801
1785136091.8262801
1785136091.8262801
1785136091.8262801
1785136091.8262801
1785136091.8262801
1785136091.8262801
1785136091.8262801
1785136091.8265021
1785136091.8265021
1785136091.8265021
1785136091.8265021
1785136091.8265021
1785136091.8265021
1785136091.8265021
1785136091.8265021
1785136091.8265021
1785136091.8265021
1785136091.8265021
1785136091.8265021
1785136091.8265021
1785136091.8265021
1785136091.8265021
1785136091.8265021
1785136091.8265021
1785136091.8265021
1785136091.8265021
1785136091.8265021
1785136091.8265021
1785136091.8265021
1785136091.8265021
1785136091.8265021
1785136091.8265021
1785136091.8265021
1785136091.8265021
1785136091.8265021
1785136091.8265021
1785136091.8265021
1785136091.8265021
1785136091.8265021
1785136091.8265021
1785136091.8265021
1785136091.8265021
1785136091.8265021
1785136091.8265021
1785136091.8265021
1785136091.8265021
1785136091.8265021
1785136091.8265021
1785136091.8265021
1785136091.8265021
1785136091.8265021
1785136091.8265021
1785136091.8265021
1785136091.8265021
1785136091.8265021
1785136091.8265021
1785136091.8265021
1785136091.8265021
1785136091.8265021
1785136091.8265021
1785136091.8265021
1785136091.8265021
1785136091.8265021
1785136091.8265021
1785136091.8265021
1785136091.8265021
1785136091.8265021
1785136091.8265021
1785136091.8265021
1785136091.8267241
1785136091.8267241
1785136091.8267241
1785136091.8267241
1785136091.8267241
1785136091.8267241
1785136091.8267241
1785136091.8267241
1785136091.8267241
1785136091.8267241
1785136091.8267241
1785136091.8267241
1785136091.8267241
1785136091.8267241
1785136091.8267241
1785136091.8267241
1785136091.8267241
1785136091.8267241
1785136091.8267241
1785136091.8267241
1785136091.8267241
1785136091.8267241
1785136091.8267241
1785136091.8267241
1785136091.8267241
1785136091.8267241
1785136091.8267241
1785136091.8267241
1785136091.8267241
1785136091.8267241
1785136091.8267241
1785136091.8267241
1785136091.8267241
1785136091.8267241
1785136091.8267241
1785136091.8267241
1785136091.8267241
1785136091.8267241
1785136091.8267241
1785136091.8267241
1785136091.8267241
1785136091.8267241
1785136091.8267241
1785136091.8267241
1785136091.8267241
1785136091.8267241
1785136091.8267241
1785136091.8267241
1785136091.8267241
1785136091.8267241
1785136091.8267241
1785136091.8267241
1785136091.8267241
1785136091.8267241
1785136091.8267241
1785136091.8267241
1785136091.8267241
1785136091.8267241
1785136091.8267241
1785136091.8267241
1785136091.8267241
1785136091.8269470
1785136091.8269470
1785136091.8269470
1785136091.8269470
1785136091.8269470
1785136091.8269470
1785136091.8269470
1785136091.8269470
1785136091.8269470
1785136091.8269470
1785136091.8269470
1785136091.8269470
1785136091.8269470
1785136091.8269470
1785136091.8269470
1785136091.8269470
1785136091.8269470
1785136091.8269470
1785136091.8269470
1785136091.8269470
1785136091.8269470
1785136091.8269470
1785136091.8269470
1785136091.8269470
1785136091.8269470
1785136091.8269470
1785136091.8269470
1785136091.8269470
1785136091.8269470
1785136091.8269470
1785136091.8269470
1785136091.8269470
1785136091.8269470
1785136091.8269470
1785136091.8269470
1785136091.8269470
1785136091.8269470
1785136091.8269470
1785136091.8269470
1785136091.8269470
1785136091.8269470
1785136091.8269470
1785136091.8269470
1785136091.8269470
1785136091.8269470
1785136091.8269470
1785136091.8269470
1785136091.8269470
1785136091.8269470
1785136091.8269470
1785136091.8269470
1785136091.8269470
1785136091.8269470
1785136091.8269470
1785136091.8269470
1785136091.8269470
1785136091.8269470
1785136091.8269470
1785136091.8269470
1785136091.8269470
1785136091.8269470
1785136091.8269470
1785136091.8271689
1785136091.8271689
1785136091.8271689
1785136091.8271689
1785136091.8271689
1785136091.8271689
1785136091.8271689
1785136091.8271689
1785136091.8271689
1785136091.8271689
1785136091.8271689
1785136091.8271689
1785136091.8271689
1785136091.8271689
1785136091.8271689
1785136091.8271689
1785136091.8271689
1785136091.8271689
1785136091.8271689
1785136091.8271689
1785136091.8271689
1785136091.8271689
1785136091.8271689
1785136091.8271689
1785136091.8271689
1785136091.8271689
1785136091.8271689
1785136091.8271689
1785136091.8271689
1785136091.8271689
1785136091.8271689
1785136091.8271689
1785136091.8271689
1785136091.8271689
1785136091.8271689
1785136091.8271689
1785136091.8271689
1785136091.8271689
1785136091.8271689
1785136091.8271689
1785136091.8271689
1785136091.8271689
1785136091.8271689
1785136091.8271689
1785136091.8271689
1785136091.8271689
1785136091.8271689
1785136091.8271689
1785136091.8271689
1785136091.8271689
1785136091.8271689
1785136091.8271689
1785136091.8271689
1785136091.8271689
1785136091.8271689
1785136091.8271689
1785136091.8271689
1785136091.8271689
1785136091.8271689
1785136091.8271689
1785136091.8271689
1785136091.8271689
1785136091.8273909
1785136091.8273909
1785136091.8273909
1785136091.8273909
1785136091.8273909
1785136091.8273909
1785136091.8273909
1785136091.8273909
1785136091.8273909
1785136091.8273909
1785136091.8273909
1785136091.8273909
1785136091.8273909
1785136091.8273909
1785136091.8273909
1785136091.8273909
1785136091.8273909
1785136091.8273909
1785136091.8273909
1785136091.8273909
1785136091.8273909
1785136091.8273909
1785136091.8273909
1785136091.8273909
1785136091.8273909
1785136091.8273909
1785136091.8273909
1785136091.8273909
1785136091.8273909
1785136091.8273909
1785136091.8273909
1785136091.8273909
1785136091.8273909
1785136091.8273909
1785136091.8273909
1785136091.8273909
1785136091.8273909
1785136091.8273909
1785136091.8273909
1785136091.8273909
1785136091.8273909
1785136091.8273909
1785136091.8273909
1785136091.8273909
1785136091.8273909
1785136091.8273909
1785136091.8273909
1785136091.8273909
1785136091.8273909
1785136091.8273909
1785136091.8273909
1785136091.8273909
1785136091.8276131
1785136091.8276131
1785136091.8276131
1785136091.8276131
1785136091.8276131
1785136091.8276131
1785136091.8276131
1785136091.8276131
1785136091.8276131
1785136091.8276131
1785136091.8276131
1785136091.8276131
1785136091.8276131
1785136091.8276131
1785136091.8276131
1785136091.8276131
1785136091.8276131
1785136091.8276131
1785136091.8276131
1785136091.8276131
1785136091.8276131
1785136091.8276131
1785136091.8276131
1785136091.8276131
1785136091.8276131
1785136091.8276131
1785136091.8276131
1785136091.8276131
1785136091.8276131
1785136091.8276131
1785136091.8276131
1785136091.8276131
1785136091.8276131
1785136091.8276131
1785136091.8276131
1785136091.8276131
1785136091.8276131
1785136091.8276131
1785136091.8276131
1785136091.8276131
1785136091.8276131
1785136091.8276131
1785136091.8276131
1785136091.8276131
1785136091.8276131
1785136091.8276131
1785136091.8276131
1785136091.8276131
1785136091.8278351
1785136091.8278351
1785136091.8278351
1785136091.8278351
1785136091.8278351
1785136091.8278351
1785136091.8278351
1785136091.8278351
1785136091.8278351
1785136091.8278351
1785136091.8278351
1785136091.8278351
1785136091.8278351
1785136091.8278351
1785136091.8278351
1785136091.8278351
1785136091.8278351
1785136091.8278351
1785136091.8278351
1785136091.8278351
1785136091.8278351
1785136091.8278351
1785136091.8278351
1785136091.8278351
1785136091.8278351
1785136091.8278351
1785136091.8278351
1785136091.8278351
1785136091.8278351
1785136091.8278351
1785136091.8278351
1785136091.8278351
1785136091.8278351
1785136091.8278351
1785136091.8278351
1785136091.8278351
1785136091.8278351
1785136091.8278351
1785136091.8278351
1785136091.8278351
1785136091.8278351
1785136091.8278351
1785136091.8278351
1785136091.8278351
1785136091.8278351
1785136091.8278351
1785136091.8278351
1785136091.8278351
1785136091.8280580
1785136091.8280580
1785136091.8280580
1785136091.8280580
1785136091.8280580
1785136091.8280580
1785136091.8280580
1785136091.8280580
1785136091.8280580
1785136091.8280580
1785136091.8280580
1785136091.8280580
1785136091.8280580
1785136091.8280580
1785136091.8280580
1785136091.8280580
1785136091.8280580
1785136091.8280580
1785136091.8280580
1785136091.8280580
1785136091.8280580
1785136091.8280580
1785136091.8280580
1785136091.8280580
1785136091.8280580
1785136091.8280580
1785136091.8280580
1785136091.8280580
1785136091.8280580
1785136091.8280580
1785136091.8280580
1785136091.8280580
1785136091.8280580
1785136091.8280580
1785136091.8280580
1785136091.8280580
1785136091.8280580
1785136091.8280580
1785136091.8280580
1785136091.8280580
1785136091.8280580
1785136091.8280580
1785136091.8280580
1785136091.8280580
1785136091.8280580
1785136091.8280580
1785136091.8280580
1785136091.8282800
1785136091.8282800
1785136091.8282800
1785136091.8282800
1785136091.8282800
1785136091.8282800
1785136091.8282800
1785136091.8282800
1785136091.8282800
1785136091.8282800
1785136091.8282800
1785136091.8282800
1785136091.8282800
1785136091.8282800
1785136091.8282800
1785136091.8282800
1785136091.8282800
1785136091.8282800
1785136091.8282800
1785136091.8282800
1785136091.8282800
1785136091.8282800
1785136091.8282800
1785136091.8282800
1785136091.8282800
1785136091.8282800
1785136091.8282800
1785136091.8282800
1785136091.8282800
1785136091.8282800
1785136091.8282800
1785136091.8282800
1785136091.8282800
1785136091.8282800
1785136091.8282800
1785136091.8282800
1785136091.8282800
1785136091.8282800
1785136091.8282800
1785136091.8282800
1785136091.8282800
1785136091.8282800
1785136091.8282800
1785136091.8282800
1785136091.8282800
1785136091.8282800
1785136091.8282800
1785136091.8282800
1785136091.8285019
1785136091.8285019
1785136091.8285019
1785136091.8285019
1785136091.8285019
1785136091.8285019
1785136091.8285019
1785136091.8285019
1785136091.8285019
1785136091.8285019
1785136091.8285019
1785136091.8285019
1785136091.8285019
1785136091.8285019
1785136091.8285019
1785136091.8285019
1785136091.8285019
1785136091.8285019
1785136091.8285019
1785136091.8285019
1785136091.8285019
1785136091.8285019
1785136091.8285019
1785136091.8285019
1785136091.8285019
1785136091.8285019
1785136091.8285019
1785136091.8285019
1785136091.8285019
1785136091.8285019
1785136091.8285019
1785136091.8285019
1785136091.8285019
1785136091.8285019
1785136091.8285019
1785136091.8285019
1785136091.8285019
1785136091.8285019
1785136091.8285019
1785136091.8285019
1785136091.8285019
1785136091.8285019
1785136091.8285019
1785136091.8285019
1785136091.8285019
1785136091.8285019
1785136091.8285019
1785136091.8285019
1785136091.8287239
1785136091.8287239
1785136091.8287239
1785136091.8287239
1785136091.8287239
1785136091.8287239
1785136091.8287239
1785136091.8287239
1785136091.8287239
1785136091.8287239
1785136091.8287239
1785136091.8287239
1785136091.8287239
1785136091.8287239
1785136091.8287239
1785136091.8287239
1785136091.8287239
1785136091.8287239
1785136091.8287239
1785136091.8287239
1785136091.8287239
1785136091.8287239
1785136091.8287239
1785136091.8287239
1785136091.8287239
1785136091.8287239
1785136091.8287239
1785136091.8287239
1785136091.8287239
1785136091.8287239
1785136091.8287239
1785136091.8287239
1785136091.8287239
1785136091.8287239
1785136091.8287239
1785136091.8287239
1785136091.8287239
1785136091.8287239
1785136091.8287239
1785136091.8287239
1785136091.8287239
1785136091.8287239
1785136091.8287239
1785136091.8287239
1785136091.8287239
1785136091.8287239
1785136091.8287239
1785136091.8287239
1785136091.8287239
1785136091.8289461
1785136091.8289461
1785136091.8289461
1785136091.8289461
1785136091.8289461
1785136091.8289461
1785136091.8289461
1785136091.8289461
1785136091.8289461
1785136091.8289461
1785136091.8289461
1785136091.8289461
1785136091.8289461
1785136091.8289461
1785136091.8289461
1785136091.8289461
1785136091.8289461
1785136091.8289461
1785136091.8289461
1785136091.8289461
1785136091.8289461
1785136091.8289461
1785136091.8289461
1785136091.8289461
1785136091.8289461
1785136091.8289461
1785136091.8289461
1785136091.8289461
1785136091.8289461
1785136091.8289461
1785136091.8289461
1785136091.8289461
1785136091.8289461
1785136091.8289461
1785136091.8289461
1785136091.8289461
1785136091.8289461
1785136091.8289461
1785136091.8289461
1785136091.8289461
1785136091.8289461
1785136091.8289461
1785136091.8289461
1785136091.8289461
1785136091.8289461
1785136091.8289461
1785136091.8289461
1785136091.8289461
1785136091.8289461
1785136091.8291690
1785136091.8291690
1785136091.8291690
1785136091.8291690
1785136091.8291690
1785136091.8291690
1785136091.8291690
1785136091.8291690
1785136091.8291690
1785136091.8291690
1785136091.8291690
1785136091.8291690
1785136091.8291690
1785136091.8291690
1785136091.8291690
1785136091.8291690
1785136091.8291690
1785136091.8291690
1785136091.8291690
1785136091.8291690
1785136091.8291690
1785136091.8291690
1785136091.8291690
1785136091.8291690
1785136091.8291690
1785136091.8291690
1785136091.8291690
1785136091.8291690
1785136091.8291690
1785136091.8291690
1785136091.8291690
1785136091.8291690
1785136091.8291690
1785136091.8291690
1785136091.8291690
1785136091.8291690
1785136091.8291690
1785136091.8291690
1785136091.8291690
1785136091.8291690
1785136091.8291690
1785136091.8291690
1785136091.8291690
1785136091.8291690
1785136091.8291690
1785136091.8291690
1785136091.8291690
1785136091.8291690
1785136091.8291690
1785136091.8293910
1785136091.8293910
1785136091.8293910
1785136091.8293910
1785136091.8293910
1785136091.8293910
1785136091.8293910
1785136091.8293910
1785136091.8293910
1785136091.8293910
1785136091.8293910
1785136091.8293910
1785136091.8293910
1785136091.8293910
1785136091.8293910
1785136091.8293910
1785136091.8293910
1785136091.8293910
1785136091.8293910
1785136091.8293910
1785136091.8293910
1785136091.8293910
1785136091.8293910
1785136091.8293910
1785136091.8293910
1785136091.8293910
1785136091.8293910
1785136091.8293910
1785136091.8293910
1785136091.8293910
1785136091.8293910
1785136091.8293910
1785136091.8293910
1785136091.8293910
1785136091.8293910
1785136091.8293910
1785136091.8293910
1785136091.8293910
1785136091.8293910
1785136091.8293910
1785136091.8293910
1785136091.8293910
1785136091.8293910
1785136091.8293910
1785136091.8293910
1785136091.8293910
1785136091.8293910
1785136091.8293910
1785136091.8293910
1785136091.8296130
1785136091.8296130
1785136091.8296130
1785136091.8296130
1785136091.8296130
1785136091.8296130
1785136091.8296130
1785136091.8296130
1785136091.8296130
1785136091.8296130
1785136091.8296130
1785136091.8296130
1785136091.8296130
1785136091.8296130
1785136091.8296130
1785136091.8296130
1785136091.8296130
1785136091.8296130
1785136091.8296130
1785136091.8296130
1785136091.8296130
1785136091.8296130
1785136091.8296130
1785136091.8296130
1785136091.8296130
1785136091.8296130
1785136091.8296130
1785136091.8296130
1785136091.8296130
1785136091.8296130
1785136091.8296130
1785136091.8296130
1785136091.8296130
1785136091.8296130
1785136091.8296130
1785136091.8296130
1785136091.8296130
1785136091.8296130
1785136091.8296130
1785136091.8296130
1785136091.8296130
1785136091.8296130
1785136091.8296130
1785136091.8296130
1785136091.8296130
1785136091.8296130
1785136091.8296130
1785136091.8296130
1785136091.8296130
1785136091.8298349
1785136091.8298349
1785136091.8298349
1785136091.8298349
1785136091.8298349
1785136091.8298349
1785136091.8298349
1785136091.8298349
1785136091.8298349
1785136091.8298349
1785136091.8298349
1785136091.8298349
1785136091.8298349
1785136091.8298349
1785136091.8298349
1785136091.8298349
1785136091.8298349
1785136091.8298349
1785136091.8298349
1785136091.8298349
1785136091.8298349
1785136091.8298349
1785136091.8298349
1785136091.8298349
1785136091.8298349
1785136091.8298349
1785136091.8298349
1785136091.8298349
1785136091.8298349
1785136091.8298349
1785136091.8298349
1785136091.8298349
1785136091.8298349
1785136091.8298349
1785136091.8298349
1785136091.8298349
1785136091.8298349
1785136091.8298349
1785136091.8298349
1785136091.8298349
1785136091.8298349
1785136091.8298349
1785136091.8298349
1785136091.8298349
1785136091.8298349
1785136091.8298349
1785136091.8298349
1785136091.8298349
1785136091.8298349
1785136091.8300581
1785136091.8300581
1785136091.8300581
1785136091.8300581
1785136091.8300581
1785136091.8300581
1785136091.8300581
1785136091.8300581
1785136091.8300581
1785136091.8300581
1785136091.8300581
1785136091.8300581
1785136091.8300581
1785136091.8300581
1785136091.8300581
1785136091.8300581
1785136091.8300581
1785136091.8300581
1785136091.8300581
1785136091.8300581
1785136091.8300581
1785136091.8300581
1785136091.8300581
1785136091.8300581
1785136091.8300581
1785136091.8300581
1785136091.8300581
1785136091.8300581
1785136091.8300581
1785136091.8300581
1785136091.8300581
1785136091.8300581
1785136091.8300581
1785136091.8300581
1785136091.8300581
1785136091.8300581
1785136091.8300581
1785136091.8300581
1785136091.8300581
1785136091.8300581
1785136091.8300581
1785136091.8300581
1785136091.8300581
1785136091.8300581
1785136091.8300581
1785136091.8300581
1785136091.8300581
1785136091.8300581
1785136091.8300581
1785136091.8300581
1785136091.8302801
1785136091.8302801
1785136091.8302801
1785136091.8302801
1785136091.8302801
1785136091.8302801
1785136091.8302801
1785136091.8302801
1785136091.8302801
1785136091.8302801
1785136091.8302801
1785136091.8302801
1785136091.8302801
1785136091.8302801
1785136091.8302801
1785136091.8302801
1785136091.8302801
1785136091.8302801
1785136091.8302801
1785136091.8302801
1785136091.8302801
1785136091.8302801
1785136091.8302801
1785136091.8302801
1785136091.8302801
1785136091.8302801
1785136091.8302801
1785136091.8302801
1785136091.8302801
1785136091.8302801
1785136091.8302801
1785136091.8302801
1785136091.8302801
1785136091.8302801
1785136091.8302801
1785136091.8302801
1785136091.8302801
1785136091.8302801
1785136091.8302801
1785136091.8302801
1785136091.8302801
1785136091.8302801
1785136091.8302801
1785136091.8302801
1785136091.8302801
1785136091.8302801
1785136091.8302801
1785136091.8302801
1785136091.8302801
1785136091.8302801
1785136091.8305020
1785136091.8305020
1785136091.8305020
1785136091.8305020
1785136091.8305020
1785136091.8305020
1785136091.8305020
1785136091.8305020
1785136091.8305020
1785136091.8305020
1785136091.8305020
1785136091.8305020
1785136091.8305020
1785136091.8305020
1785136091.8305020
1785136091.8305020
1785136091.8305020
1785136091.8305020
1785136091.8305020
1785136091.8305020
1785136091.8305020
1785136091.8305020
1785136091.8305020
1785136091.8305020
1785136091.8305020
1785136091.8305020
1785136091.8305020
1785136091.8305020
1785136091.8305020
1785136091.8305020
1785136091.8305020
1785136091.8305020
1785136091.8305020
1785136091.8305020
1785136091.8305020
1785136091.8305020
1785136091.8305020
1785136091.8305020
1785136091.8305020
1785136091.8305020
1785136091.8305020
1785136091.8305020
1785136091.8305020
1785136091.8305020
1785136091.8305020
1785136091.8305020
1785136091.8305020
1785136091.8305020
1785136091.8305020
1785136091.8305020
1785136091.8307240
1785136091.8307240
1785136091.8307240
1785136091.8307240
1785136091.8307240
1785136091.8307240
1785136091.8307240
1785136091.8307240
1785136091.8307240
1785136091.8307240
1785136091.8307240
1785136091.8307240
1785136091.8307240
1785136091.8307240
1785136091.8307240
1785136091.8307240
1785136091.8307240
1785136091.8307240
1785136091.8307240
1785136091.8307240
1785136091.8307240
1785136091.8307240
1785136091.8307240
1785136091.8307240
1785136091.8307240
1785136091.8307240
1785136091.8307240
1785136091.8307240
1785136091.8307240
1785136091.8307240
1785136091.8307240
1785136091.8307240
1785136091.8307240
1785136091.8307240
1785136091.8307240
1785136091.8307240
1785136091.8307240
1785136091.8307240
1785136091.8307240
1785136091.8307240
1785136091.8307240
1785136091.8307240
1785136091.8307240
1785136091.8307240
1785136091.8307240
1785136091.8307240
1785136091.8307240
1785136091.8307240
1785136091.8307240
1785136091.8307240
1785136091.8309460
1785136091.8309460
1785136091.8309460
1785136091.8309460
1785136091.8309460
1785136091.8309460
1785136091.8309460
1785136091.8309460
1785136091.8309460
1785136091.8309460
1785136091.8309460
1785136091.8309460
1785136091.8309460
1785136091.8309460
1785136091.8309460
1785136091.8309460
1785136091.8309460
1785136091.8309460
1785136091.8309460
1785136091.8309460
1785136091.8309460
1785136091.8309460
1785136091.8309460
1785136091.8309460
1785136091.8309460
1785136091.8309460
1785136091.8309460
1785136091.8309460
1785136091.8309460
1785136091.8309460
1785136091.8309460
1785136091.8309460
1785136091.8309460
1785136091.8309460
1785136091.8309460
1785136091.8309460
1785136091.8309460
1785136091.8309460
1785136091.8309460
1785136091.8309460
1785136091.8309460
1785136091.8309460
1785136091.8309460
1785136091.8309460
1785136091.8309460
1785136091.8309460
1785136091.8309460
1785136091.8309460
1785136091.8309460
1785136091.8309460
1785136091.8311689
1785136091.8311689
1785136091.8311689
1785136091.8311689
1785136091.8311689
1785136091.8311689
1785136091.8311689
1785136091.8311689
1785136091.8311689
1785136091.8311689
1785136091.8311689
1785136091.8311689
1785136091.8311689
1785136091.8311689
1785136091.8311689
1785136091.8311689
1785136091.8311689
1785136091.8311689
1785136091.8311689
1785136091.8311689
1785136091.8311689
1785136091.8311689
1785136091.8311689
1785136091.8311689
1785136091.8311689
1785136091.8311689
1785136091.8311689
1785136091.8311689
1785136091.8311689
1785136091.8311689
1785136091.8311689
1785136091.8311689
1785136091.8311689
1785136091.8311689
1785136091.8311689
1785136091.8311689
1785136091.8311689
1785136091.8311689
1785136091.8311689
1785136091.8311689
1785136091.8311689
1785136091.8311689
1785136091.8311689
1785136091.8311689
1785136091.8311689
1785136091.8311689
1785136091.8311689
1785136091.8311689
1785136091.8311689
1785136091.8311689
1785136091.8313911
1785136091.8313911
1785136091.8313911
1785136091.8313911
1785136091.8313911
1785136091.8313911
1785136091.8313911
1785136091.8313911
1785136091.8313911
1785136091.8313911
1785136091.8313911
1785136091.8313911
1785136091.8313911
1785136091.8313911
1785136091.8313911
1785136091.8313911
1785136091.8313911
1785136091.8313911
1785136091.8313911
1785136091.8313911
1785136091.8313911
1785136091.8313911
1785136091.8313911
1785136091.8313911
1785136091.8313911
1785136091.8313911
1785136091.8313911
1785136091.8313911
1785136091.8313911
1785136091.8313911
1785136091.8313911
1785136091.8313911
1785136091.8313911
1785136091.8313911
1785136091.8313911
1785136091.8313911
1785136091.8313911
1785136091.8313911
1785136091.8313911
1785136091.8313911
1785136091.8313911
1785136091.8313911
1785136091.8313911
1785136091.8313911
1785136091.8313911
1785136091.8313911
1785136091.8313911
1785136091.8313911
1785136091.8313911
1785136091.8313911
1785136091.8316131
1785136091.8316131
1785136091.8316131
1785136091.8316131
1785136091.8316131
1785136091.8316131
1785136091.8316131
1785136091.8316131
1785136091.8316131
1785136091.8316131
1785136091.8316131
1785136091.8316131
1785136091.8316131
1785136091.8316131
1785136091.8316131
1785136091.8316131
1785136091.8316131
1785136091.8316131
1785136091.8316131
1785136091.8316131
1785136091.8316131
1785136091.8316131
1785136091.8316131
1785136091.8316131
1785136091.8316131
1785136091.8316131
1785136091.8316131
1785136091.8316131
1785136091.8316131
1785136091.8316131
1785136091.8316131
1785136091.8316131
1785136091.8316131
1785136091.8316131
1785136091.8316131
1785136091.8316131
1785136091.8316131
1785136091.8316131
1785136091.8316131
1785136091.8316131
1785136091.8316131
1785136091.8316131
1785136091.8316131
1785136091.8316131
1785136091.8316131
1785136091.8316131
1785136091.8316131
1785136091.8316131
1785136091.8316131
1785136091.8316131
1785136091.8318350
1785136091.8318350
1785136091.8318350
1785136091.8318350
1785136091.8318350
1785136091.8318350
1785136091.8318350
1785136091.8318350
1785136091.8318350
1785136091.8318350
1785136091.8318350
1785136091.8318350
1785136091.8318350
1785136091.8318350
1785136091.8318350
1785136091.8318350
1785136091.8318350
1785136091.8318350
1785136091.8318350
1785136091.8318350
1785136091.8318350
1785136091.8318350
1785136091.8318350
1785136091.8318350
1785136091.8318350
1785136091.8318350
1785136091.8318350
1785136091.8318350
1785136091.8318350
1785136091.8318350
1785136091.8318350
1785136091.8318350
1785136091.8318350
1785136091.8318350
1785136091.8318350
1785136091.8318350
1785136091.8318350
1785136091.8318350
1785136091.8318350
1785136091.8318350
1785136091.8318350
1785136091.8318350
1785136091.8318350
1785136091.8318350
1785136091.8318350
1785136091.8318350
1785136091.8318350
1785136091.8318350
1785136091.8318350
1785136091.8318350
1785136091.8318350
1785136091.8320580
1785136091.8320580
1785136091.8320580
1785136091.8320580
1785136091.8320580
1785136091.8320580
1785136091.8320580
1785136091.8320580
1785136091.8320580
1785136091.8320580
1785136091.8320580
1785136091.8320580
1785136091.8320580
1785136091.8320580
1785136091.8320580
1785136091.8320580
1785136091.8320580
1785136091.8320580
1785136091.8320580
1785136091.8320580
1785136091.8320580
1785136091.8320580
1785136091.8320580
1785136091.8320580
1785136091.8320580
1785136091.8320580
1785136091.8320580
1785136091.8320580
1785136091.8320580
1785136091.8320580
1785136091.8320580
1785136091.8320580
1785136091.8320580
1785136091.8320580
1785136091.8320580
1785136091.8320580
1785136091.8320580
1785136091.8320580
1785136091.8320580
1785136091.8320580
1785136091.8320580
1785136091.8320580
1785136091.8320580
1785136091.8320580
1785136091.8320580
1785136091.8320580
1785136091.8320580
1785136091.8320580
1785136091.8320580
1785136091.8320580
1785136091.8320580
1785136091.8322799
1785136091.8322799
1785136091.8322799
1785136091.8322799
1785136091.8322799
1785136091.8322799
1785136091.8322799
1785136091.8322799
1785136091.8322799
1785136091.8322799
1785136091.8322799
1785136091.8322799
1785136091.8322799
1785136091.8322799
1785136091.8322799
1785136091.8322799
1785136091.8322799
1785136091.8322799
1785136091.8322799
1785136091.8322799
1785136091.8322799
1785136091.8322799
1785136091.8322799
1785136091.8322799
1785136091.8322799
1785136091.8322799
1785136091.8322799
1785136091.8322799
1785136091.8322799
1785136091.8322799
1785136091.8322799
1785136091.8322799
1785136091.8322799
1785136091.8322799
1785136091.8322799
1785136091.8322799
1785136091.8322799
1785136091.8322799
1785136091.8322799
1785136091.8322799
1785136091.8322799
1785136091.8322799
1785136091.8322799
1785136091.8322799
1785136091.8322799
1785136091.8322799
1785136091.8322799
1785136091.8322799
1785136091.8322799
1785136091.8322799
1785136091.8322799
1785136091.8325019
1785136091.8325019
1785136091.8325019
1785136091.8325019
1785136091.8325019
1785136091.8325019
1785136091.8325019
1785136091.8325019
1785136091.8325019
1785136091.8325019
1785136091.8325019
1785136091.8325019
1785136091.8325019
1785136091.8325019
1785136091.8325019
1785136091.8325019
1785136091.8325019
1785136091.8325019
1785136091.8325019
1785136091.8325019
1785136091.8325019
1785136091.8325019
1785136091.8325019
1785136091.8325019
1785136091.8325019
1785136091.8325019
1785136091.8325019
1785136091.8325019
1785136091.8325019
1785136091.8325019
1785136091.8325019
1785136091.8325019
1785136091.8325019
1785136091.8325019
1785136091.8325019
1785136091.8325019
1785136091.8325019
1785136091.8325019
1785136091.8325019
1785136091.8325019
1785136091.8325019
1785136091.8325019
1785136091.8325019
1785136091.8325019
1785136091.8325019
1785136091.8325019
1785136091.8325019
1785136091.8325019
1785136091.8325019
1785136091.8325019
1785136091.8325019
1785136091.8327241
1785136091.8327241
1785136091.8327241
1785136091.8327241
1785136091.8327241
1785136091.8327241
1785136091.8327241
1785136091.8327241
1785136091.8327241
1785136091.8327241
1785136091.8327241
1785136091.8327241
1785136091.8327241
1785136091.8327241
1785136091.8327241
1785136091.8327241
1785136091.8327241
1785136091.8327241
1785136091.8327241
1785136091.8327241
1785136091.8327241
1785136091.8327241
1785136091.8327241
1785136091.8327241
1785136091.8327241
1785136091.8327241
1785136091.8327241
1785136091.8327241
1785136091.8327241
1785136091.8327241
1785136091.8327241
1785136091.8327241
1785136091.8327241
1785136091.8327241
1785136091.8327241
1785136091.8327241
1785136091.8327241
1785136091.8327241
1785136091.8327241
1785136091.8327241
1785136091.8327241
1785136091.8327241
1785136091.8327241
1785136091.8327241
1785136091.8327241
1785136091.8327241
1785136091.8327241
1785136091.8327241
1785136091.8327241
1785136091.8327241
1785136091.8327241
1785136091.8329470
1785136091.8329470
1785136091.8329470
1785136091.8329470
1785136091.8329470
1785136091.8329470
1785136091.8329470
1785136091.8329470
1785136091.8329470
1785136091.8329470
1785136091.8329470
1785136091.8329470
1785136091.8329470
1785136091.8329470
1785136091.8329470
1785136091.8329470
1785136091.8329470
1785136091.8329470
1785136091.8329470
1785136091.8329470
1785136091.8329470
1785136091.8329470
1785136091.8329470
1785136091.8329470
1785136091.8329470
1785136091.8329470
1785136091.8329470
1785136091.8329470
1785136091.8329470
1785136091.8329470
1785136091.8329470
1785136091.8329470
1785136091.8329470
1785136091.8329470
1785136091.8329470
1785136091.8329470
1785136091.8329470
1785136091.8329470
1785136091.8329470
1785136091.8329470
1785136091.8329470
1785136091.8329470
1785136091.8329470
1785136091.8329470
1785136091.8329470
1785136091.8329470
1785136091.8329470
1785136091.8329470
1785136091.8329470
1785136091.8329470
1785136091.8329470
1785136091.8331690
1785136091.8331690
1785136091.8331690
1785136091.8331690
1785136091.8331690
1785136091.8331690
1785136091.8331690
1785136091.8331690
1785136091.8331690
1785136091.8331690
1785136091.8331690
1785136091.8331690
1785136091.8331690
1785136091.8331690
1785136091.8331690
1785136091.8331690
1785136091.8331690
1785136091.8331690
1785136091.8331690
1785136091.8331690
1785136091.8331690
1785136091.8331690
1785136091.8331690
1785136091.8331690
1785136091.8331690
1785136091.8331690
1785136091.8331690
1785136091.8331690
1785136091.8331690
1785136091.8331690
1785136091.8331690
1785136091.8331690
1785136091.8331690
1785136091.8331690
1785136091.8331690
1785136091.8331690
1785136091.8331690
1785136091.8331690
1785136091.8331690
1785136091.8331690
1785136091.8331690
1785136091.8331690
1785136091.8331690
1785136091.8331690
1785136091.8331690
1785136091.8331690
1785136091.8331690
1785136091.8331690
1785136091.8331690
1785136091.8331690
1785136091.8331690
1785136091.8333910
1785136091.8333910
1785136091.8333910
1785136091.8333910
1785136091.8333910
1785136091.8333910
1785136091.8333910
1785136091.8333910
1785136091.8333910
1785136091.8333910
1785136091.8333910
1785136091.8333910
1785136091.8333910
1785136091.8333910
1785136091.8333910
1785136091.8333910
1785136091.8333910
1785136091.8333910
1785136091.8333910
1785136091.8333910
1785136091.8333910
1785136091.8333910
1785136091.8333910
1785136091.8333910
1785136091.8333910
1785136091.8333910
1785136091.8333910
1785136091.8333910
1785136091.8333910
1785136091.8333910
1785136091.8333910
1785136091.8333910
1785136091.8333910
1785136091.8333910
1785136091.8333910
1785136091.8333910
1785136091.8333910
1785136091.8333910
1785136091.8333910
1785136091.8333910
1785136091.8333910
1785136091.8333910
1785136091.8333910
1785136091.8333910
1785136091.8333910
1785136091.8333910
1785136091.8333910
1785136091.8333910
1785136091.8333910
1785136091.8333910
1785136091.8333910
1785136091.8336129
1785136091.8336129
1785136091.8336129
1785136091.8336129
1785136091.8336129
1785136091.8336129
1785136091.8336129
1785136091.8336129
1785136091.8336129
1785136091.8336129
1785136091.8336129
1785136091.8336129
1785136091.8336129
1785136091.8336129
1785136091.8336129
1785136091.8336129
1785136091.8336129
1785136091.8336129
1785136091.8336129
1785136091.8336129
1785136091.8336129
1785136091.8336129
1785136091.8336129
1785136091.8336129
1785136091.8336129
1785136091.8336129
1785136091.8336129
1785136091.8336129
1785136091.8336129
1785136091.8336129
1785136091.8336129
1785136091.8336129
1785136091.8336129
1785136091.8336129
1785136091.8336129
1785136091.8336129
1785136091.8336129
1785136091.8336129
1785136091.8336129
1785136091.8336129
1785136091.8336129
1785136091.8336129
1785136091.8336129
1785136091.8336129
1785136091.8336129
1785136091.8336129
1785136091.8336129
1785136091.8336129
1785136091.8336129
1785136091.8336129
1785136091.8336129
1785136091.8338349
1785136091.8338349
1785136091.8338349
1785136091.8338349
1785136091.8338349
1785136091.8338349
1785136091.8338349
1785136091.8338349
1785136091.8338349
1785136091.8338349
1785136091.8338349
1785136091.8338349
1785136091.8338349
1785136091.8338349
1785136091.8338349
1785136091.8338349
1785136091.8338349
1785136091.8338349
1785136091.8338349
1785136091.8338349
1785136091.8338349
1785136091.8338349
1785136091.8338349
1785136091.8338349
1785136091.8338349
1785136091.8338349
1785136091.8338349
1785136091.8338349
1785136091.8338349
1785136091.8338349
1785136091.8338349
1785136091.8338349
1785136091.8338349
1785136091.8338349
1785136091.8338349
1785136091.8338349
1785136091.8338349
1785136091.8338349
1785136091.8338349
1785136091.8338349
1785136091.8338349
1785136091.8338349
1785136091.8338349
1785136091.8338349
1785136091.8338349
1785136091.8338349
1785136091.8338349
1785136091.8338349
1785136091.8338349
1785136091.8338349
1785136091.8338349
1785136091.8338349
1785136091.8340580
1785136091.8340580
1785136091.8340580
1785136091.8340580
1785136091.8340580
1785136091.8340580
1785136091.8340580
1785136091.8340580
1785136091.8340580
1785136091.8340580
1785136091.8340580
1785136091.8340580
1785136091.8340580
1785136091.8340580
1785136091.8340580
1785136091.8340580
1785136091.8340580
1785136091.8340580
1785136091.8340580
1785136091.8340580
1785136091.8340580
1785136091.8340580
1785136091.8340580
1785136091.8340580
1785136091.8340580
1785136091.8340580
1785136091.8340580
1785136091.8340580
1785136091.8340580
1785136091.8340580
1785136091.8340580
1785136091.8340580
1785136091.8340580
1785136091.8340580
1785136091.8340580
1785136091.8340580
1785136091.8340580
1785136091.8340580
1785136091.8340580
1785136091.8340580
1785136091.8340580
1785136091.8340580
1785136091.8340580
1785136091.8340580
1785136091.8340580
1785136091.8340580
1785136091.8340580
1785136091.8340580
1785136091.8340580
1785136091.8340580
1785136091.8340580
1785136091.8340580
1785136091.8342800
1785136091.8342800
1785136091.8342800
1785136091.8342800
1785136091.8342800
1785136091.8342800
1785136091.8342800
1785136091.8342800
1785136091.8342800
1785136091.8342800
1785136091.8342800
1785136091.8342800
1785136091.8342800
1785136091.8342800
1785136091.8342800
1785136091.8342800
1785136091.8342800
1785136091.8342800
1785136091.8342800
1785136091.8342800
1785136091.8342800
1785136091.8342800
1785136091.8342800
1785136091.8342800
1785136091.8342800
1785136091.8342800
1785136091.8342800
1785136091.8342800
1785136091.8342800
1785136091.8342800
1785136091.8342800
1785136091.8342800
1785136091.8342800
1785136091.8342800
1785136091.8342800
1785136091.8342800
1785136091.8342800
1785136091.8342800
1785136091.8342800
1785136091.8342800
1785136091.8342800
1785136091.8342800
1785136091.8342800
1785136091.8342800
1785136091.8342800
1785136091.8342800
1785136091.8342800
1785136091.8342800
1785136091.8342800
1785136091.8342800
1785136091.8342800
1785136091.8342800
1785136091.8345020
1785136091.8345020
1785136091.8345020
1785136091.8345020
1785136091.8345020
1785136091.8345020
1785136091.8345020
1785136091.8345020
1785136091.8345020
1785136091.8345020
1785136091.8345020
1785136091.8345020
1785136091.8345020
1785136091.8345020
1785136091.8345020
1785136091.8345020
1785136091.8345020
1785136091.8345020
1785136091.8345020
1785136091.8345020
1785136091.8345020
1785136091.8345020
1785136091.8345020
1785136091.8345020
1785136091.8345020
1785136091.8345020
1785136091.8345020
1785136091.8345020
1785136091.8345020
1785136091.8345020
1785136091.8345020
1785136091.8345020
1785136091.8345020
1785136091.8345020
1785136091.8345020
1785136091.8345020
1785136091.8345020
1785136091.8345020
1785136091.8345020
1785136091.8345020
1785136091.8345020
1785136091.8345020
1785136091.8345020
1785136091.8345020
1785136091.8345020
1785136091.8345020
1785136091.8345020
1785136091.8345020
1785136091.8345020
1785136091.8345020
1785136091.8345020
1785136091.8345020
1785136091.8347239
1785136091.8347239
1785136091.8347239
1785136091.8347239
1785136091.8347239
1785136091.8347239
1785136091.8347239
1785136091.8347239
1785136091.8347239
1785136091.8347239
1785136091.8347239
1785136091.8347239
1785136091.8347239
1785136091.8347239
1785136091.8347239
1785136091.8347239
1785136091.8347239
1785136091.8347239
1785136091.8347239
1785136091.8347239
1785136091.8347239
1785136091.8347239
1785136091.8347239
1785136091.8347239
1785136091.8347239
1785136091.8347239
1785136091.8347239
1785136091.8347239
1785136091.8347239
1785136091.8347239
1785136091.8347239
1785136091.8347239
1785136091.8347239
1785136091.8347239
1785136091.8347239
1785136091.8347239
1785136091.8347239
1785136091.8347239
1785136091.8347239
1785136091.8347239
1785136091.8347239
1785136091.8347239
1785136091.8347239
1785136091.8347239
1785136091.8347239
1785136091.8347239
1785136091.8347239
1785136091.8347239
1785136091.8347239
1785136091.8347239
1785136091.8347239
1785136091.8347239
1785136091.8349459
1785136091.8349459
1785136091.8349459
1785136091.8349459
1785136091.8349459
1785136091.8349459
1785136091.8349459
1785136091.8349459
1785136091.8349459
1785136091.8349459
1785136091.8349459
1785136091.8349459
1785136091.8349459
1785136091.8349459
1785136091.8349459
1785136091.8349459
1785136091.8349459
1785136091.8349459
1785136091.8349459
1785136091.8349459
1785136091.8349459
1785136091.8349459
1785136091.8349459
1785136091.8349459
1785136091.8349459
1785136091.8349459
1785136091.8349459
1785136091.8349459
1785136091.8349459
1785136091.8349459
1785136091.8349459
1785136091.8349459
1785136091.8349459
1785136091.8349459
1785136091.8349459
1785136091.8349459
1785136091.8349459
1785136091.8349459
1785136091.8349459
1785136091.8349459
1785136091.8349459
1785136091.8349459
1785136091.8349459
1785136091.8349459
1785136091.8349459
1785136091.8349459
1785136091.8349459
1785136091.8349459
1785136091.8349459
1785136091.8349459
1785136091.8349459
1785136091.8349459
1785136091.8351691
1785136091.8351691
1785136091.8351691
1785136091.8351691
1785136091.8351691
1785136091.8351691
1785136091.8351691
1785136091.8351691
1785136091.8351691
1785136091.8351691
1785136091.8351691
1785136091.8351691
1785136091.8351691
1785136091.8351691
1785136091.8351691
1785136091.8351691
1785136091.8351691
1785136091.8351691
1785136091.8351691
1785136091.8351691
1785136091.8351691
1785136091.8351691
1785136091.8351691
1785136091.8351691
1785136091.8351691
1785136091.8351691
1785136091.8351691
1785136091.8351691
1785136091.8351691
1785136091.8351691
1785136091.8351691
1785136091.8351691
1785136091.8351691
1785136091.8351691
1785136091.8351691
1785136091.8351691
1785136091.8351691
1785136091.8351691
1785136091.8351691
1785136091.8351691
1785136091.8351691
1785136091.8351691
1785136091.8351691
1785136091.8351691
1785136091.8351691
1785136091.8351691
1785136091.8351691
1785136091.8351691
1785136091.8351691
1785136091.8351691
1785136091.8351691
1785136091.8351691
1785136091.8353910
1785136091.8353910
1785136091.8353910
1785136091.8353910
1785136091.8353910
1785136091.8353910
1785136091.8353910
1785136091.8353910
1785136091.8353910
1785136091.8353910
1785136091.8353910
1785136091.8353910
1785136091.8353910
1785136091.8353910
1785136091.8353910
1785136091.8353910
1785136091.8353910
1785136091.8353910
1785136091.8353910
1785136091.8353910
1785136091.8353910
1785136091.8353910
1785136091.8353910
1785136091.8353910
1785136091.8353910
1785136091.8353910
1785136091.8353910
1785136091.8353910
1785136091.8353910
1785136091.8353910
1785136091.8353910
1785136091.8353910
1785136091.8353910
1785136091.8353910
1785136091.8353910
1785136091.8353910
1785136091.8353910
1785136091.8353910
1785136091.8353910
1785136091.8353910
1785136091.8353910
1785136091.8353910
1785136091.8353910
1785136091.8353910
1785136091.8353910
1785136091.8353910
1785136091.8353910
1785136091.8353910
1785136091.8353910
1785136091.8353910
1785136091.8353910
1785136091.8353910
1785136091.8356130
1785136091.8356130
1785136091.8356130
1785136091.8356130
1785136091.8356130
1785136091.8356130
1785136091.8356130
1785136091.8356130
1785136091.8356130
1785136091.8356130
1785136091.8356130
1785136091.8356130
1785136091.8356130
1785136091.8356130
1785136091.8356130
1785136091.8356130
1785136091.8356130
1785136091.8356130
1785136091.8356130
1785136091.8356130
1785136091.8356130
1785136091.8356130
1785136091.8356130
1785136091.8356130
1785136091.8356130
1785136091.8356130
1785136091.8356130
1785136091.8356130
1785136091.8356130
1785136091.8356130
1785136091.8356130
1785136091.8356130
1785136091.8356130
1785136091.8356130
1785136091.8356130
1785136091.8356130
1785136091.8356130
1785136091.8356130
1785136091.8356130
1785136091.8356130
1785136091.8356130
1785136091.8356130
1785136091.8356130
1785136091.8356130
1785136091.8356130
1785136091.8356130
1785136091.8356130
1785136091.8356130
1785136091.8356130
1785136091.8356130
1785136091.8356130
1785136091.8356130
1785136091.8358350
1785136091.8358350
1785136091.8358350
1785136091.8358350
1785136091.8358350
1785136091.8358350
1785136091.8358350
1785136091.8358350
1785136091.8358350
1785136091.8358350
1785136091.8358350
1785136091.8358350
1785136091.8358350
1785136091.8358350
1785136091.8358350
1785136091.8358350
1785136091.8358350
1785136091.8358350
1785136091.8358350
1785136091.8358350
1785136091.8358350
1785136091.8358350
1785136091.8358350
1785136091.8358350
1785136091.8358350
1785136091.8358350
1785136091.8358350
1785136091.8358350
1785136091.8358350
1785136091.8358350
1785136091.8358350
1785136091.8358350
1785136091.8358350
1785136091.8358350
1785136091.8358350
1785136091.8358350
1785136091.8358350
1785136091.8358350
1785136091.8358350
1785136091.8358350
1785136091.8358350
1785136091.8358350
1785136091.8358350
1785136091.8358350
1785136091.8358350
1785136091.8358350
1785136091.8358350
1785136091.8358350
1785136091.8358350
1785136091.8358350
1785136091.8358350
1785136091.8358350
1785136091.8360579
1785136091.8360579
1785136091.8360579
1785136091.8360579
1785136091.8360579
1785136091.8360579
1785136091.8360579
1785136091.8360579
1785136091.8360579
1785136091.8360579
1785136091.8360579
1785136091.8360579
1785136091.8360579
1785136091.8360579
1785136091.8360579
1785136091.8360579
1785136091.8360579
1785136091.8360579
1785136091.8360579
1785136091.8360579
1785136091.8360579
1785136091.8360579
1785136091.8360579
1785136091.8360579
1785136091.8360579
1785136091.8360579
1785136091.8360579
1785136091.8360579
1785136091.8360579
1785136091.8360579
1785136091.8360579
1785136091.8360579
1785136091.8360579
1785136091.8360579
1785136091.8360579
1785136091.8360579
1785136091.8360579
1785136091.8360579
1785136091.8360579
1785136091.8360579
1785136091.8360579
1785136091.8360579
1785136091.8360579
1785136091.8360579
1785136091.8360579
1785136091.8360579
1785136091.8360579
1785136091.8360579
1785136091.8360579
1785136091.8360579
1785136091.8360579
1785136091.8360579
1785136091.8362801
1785136091.8362801
1785136091.8362801
1785136091.8362801
1785136091.8362801
1785136091.8362801
1785136091.8362801
1785136091.8362801
1785136091.8362801
1785136091.8362801
1785136091.8362801
1785136091.8362801
1785136091.8362801
1785136091.8362801
1785136091.8362801
1785136091.8362801
1785136091.8362801
1785136091.8362801
1785136091.8362801
1785136091.8362801
1785136091.8362801
1785136091.8362801
1785136091.8362801
1785136091.8362801
1785136091.8362801
1785136091.8362801
1785136091.8362801
1785136091.8362801
1785136091.8362801
1785136091.8362801
1785136091.8362801
1785136091.8362801
1785136091.8362801
1785136091.8362801
1785136091.8362801
1785136091.8362801
1785136091.8362801
1785136091.8362801
1785136091.8362801
1785136091.8362801
1785136091.8362801
1785136091.8362801
1785136091.8362801
1785136091.8362801
1785136091.8362801
1785136091.8362801
1785136091.8362801
1785136091.8362801
1785136091.8362801
1785136091.8362801
1785136091.8362801
1785136091.8362801
1785136091.8365021
1785136091.8365021
1785136091.8365021
1785136091.8365021
1785136091.8365021
1785136091.8365021
1785136091.8365021
1785136091.8365021
1785136091.8365021
1785136091.8365021
1785136091.8365021
1785136091.8365021
1785136091.8365021
1785136091.8365021
1785136091.8365021
1785136091.8365021
1785136091.8365021
1785136091.8365021
1785136091.8365021
1785136091.8365021
1785136091.8365021
1785136091.8365021
1785136091.8365021
1785136091.8365021
1785136091.8365021
1785136091.8365021
1785136091.8365021
1785136091.8365021
1785136091.8365021
1785136091.8365021
1785136091.8365021
1785136091.8365021
1785136091.8365021
1785136091.8365021
1785136091.8365021
1785136091.8365021
1785136091.8365021
1785136091.8365021
1785136091.8365021
1785136091.8365021
1785136091.8365021
1785136091.8365021
1785136091.8365021
1785136091.8365021
1785136091.8365021
1785136091.8365021
1785136091.8365021
1785136091.8365021
1785136091.8365021
1785136091.8365021
1785136091.8365021
1785136091.8365021
1785136091.8367240
1785136091.8367240
1785136091.8367240
1785136091.8367240
1785136091.8367240
1785136091.8367240
1785136091.8367240
1785136091.8367240
1785136091.8367240
1785136091.8367240
1785136091.8367240
1785136091.8367240
1785136091.8367240
1785136091.8367240
1785136091.8367240
1785136091.8367240
1785136091.8367240
1785136091.8367240
1785136091.8367240
1785136091.8367240
1785136091.8367240
1785136091.8367240
1785136091.8367240
1785136091.8367240
1785136091.8367240
1785136091.8367240
1785136091.8367240
1785136091.8367240
1785136091.8367240
1785136091.8367240
1785136091.8367240
1785136091.8367240
1785136091.8367240
1785136091.8367240
1785136091.8367240
1785136091.8367240
1785136091.8367240
1785136091.8367240
1785136091.8367240
1785136091.8367240
1785136091.8367240
1785136091.8367240
1785136091.8367240
1785136091.8367240
1785136091.8367240
1785136091.8367240
1785136091.8367240
1785136091.8367240
1785136091.8367240
1785136091.8367240
1785136091.8367240
1785136091.8367240
1785136091.8369470
1785136091.8369470
1785136091.8369470
1785136091.8369470
1785136091.8369470
1785136091.8369470
1785136091.8369470
1785136091.8369470
1785136091.8369470
1785136091.8369470
1785136091.8369470
1785136091.8369470
1785136091.8369470
1785136091.8369470
1785136091.8369470
1785136091.8369470
1785136091.8369470
1785136091.8369470
1785136091.8369470
1785136091.8369470
1785136091.8369470
1785136091.8369470
1785136091.8369470
1785136091.8369470
1785136091.8369470
1785136091.8369470
1785136091.8369470
1785136091.8369470
1785136091.8369470
1785136091.8369470
1785136091.8369470
1785136091.8369470
1785136091.8369470
1785136091.8369470
1785136091.8369470
1785136091.8369470
1785136091.8369470
1785136091.8369470
1785136091.8369470
1785136091.8369470
1785136091.8369470
1785136091.8369470
1785136091.8369470
1785136091.8369470
1785136091.8369470
1785136091.8369470
1785136091.8369470
1785136091.8369470
1785136091.8369470
1785136091.8369470
1785136091.8369470
1785136091.8369470
1785136091.8371689
1785136091.8371689
1785136091.8371689
1785136091.8371689
1785136091.8371689
1785136091.8371689
1785136091.8371689
1785136091.8371689
1785136091.8371689
1785136091.8371689
1785136091.8371689
1785136091.8371689
1785136091.8371689
1785136091.8371689
1785136091.8371689
1785136091.8371689
1785136091.8371689
1785136091.8371689
1785136091.8371689
1785136091.8371689
1785136091.8371689
1785136091.8371689
1785136091.8371689
1785136091.8371689
1785136091.8371689
1785136091.8371689
1785136091.8371689
1785136091.8371689
1785136091.8371689
1785136091.8371689
1785136091.8371689
1785136091.8371689
1785136091.8371689
1785136091.8371689
1785136091.8371689
1785136091.8371689
1785136091.8371689
1785136091.8371689
1785136091.8371689
1785136091.8371689
1785136091.8371689
1785136091.8371689
1785136091.8371689
1785136091.8371689
1785136091.8371689
1785136091.8371689
1785136091.8371689
1785136091.8371689
1785136091.8371689
1785136091.8371689
1785136091.8371689
1785136091.8371689
1785136091.8373909
1785136091.8373909
1785136091.8373909
1785136091.8373909
1785136091.8373909
1785136091.8373909
1785136091.8373909
1785136091.8373909
1785136091.8373909
1785136091.8373909
1785136091.8373909
1785136091.8373909
1785136091.8373909
1785136091.8373909
1785136091.8373909
1785136091.8373909
1785136091.8373909
1785136091.8373909
1785136091.8373909
1785136091.8373909
1785136091.8373909
1785136091.8373909
1785136091.8373909
1785136091.8373909
1785136091.8373909
1785136091.8373909
1785136091.8373909
1785136091.8373909
1785136091.8373909
1785136091.8373909
1785136091.8373909
1785136091.8373909
1785136091.8373909
1785136091.8373909
1785136091.8373909
1785136091.8373909
1785136091.8373909
1785136091.8373909
1785136091.8373909
1785136091.8373909
1785136091.8373909
1785136091.8373909
1785136091.8373909
1785136091.8373909
1785136091.8373909
1785136091.8373909
1785136091.8373909
1785136091.8373909
1785136091.8373909
1785136091.8373909
1785136091.8373909
1785136091.8373909
1785136091.8376131
1785136091.8376131
1785136091.8376131
1785136091.8376131
1785136091.8376131
1785136091.8376131
1785136091.8376131
1785136091.8376131
1785136091.8376131
1785136091.8376131
1785136091.8376131
1785136091.8376131
1785136091.8376131
1785136091.8376131
1785136091.8376131
1785136091.8376131
1785136091.8376131
1785136091.8376131
1785136091.8376131
1785136091.8376131
1785136091.8376131
1785136091.8376131
1785136091.8376131
1785136091.8376131
1785136091.8376131
1785136091.8376131
1785136091.8376131
1785136091.8376131
1785136091.8376131
1785136091.8376131
1785136091.8376131
1785136091.8376131
1785136091.8376131
1785136091.8376131
1785136091.8376131
1785136091.8376131
1785136091.8376131
1785136091.8376131
1785136091.8376131
1785136091.8376131
1785136091.8376131
1785136091.8376131
1785136091.8376131
1785136091.8376131
1785136091.8376131
1785136091.8376131
1785136091.8376131
1785136091.8376131
1785136091.8376131
1785136091.8376131
1785136091.8376131
1785136091.8376131
1785136091.8378351
1785136091.8378351
1785136091.8378351
1785136091.8378351
1785136091.8378351
1785136091.8378351
1785136091.8378351
1785136091.8378351
1785136091.8378351
1785136091.8378351
1785136091.8378351
1785136091.8378351
1785136091.8378351
1785136091.8378351
1785136091.8378351
1785136091.8378351
1785136091.8378351
1785136091.8378351
1785136091.8378351
1785136091.8378351
1785136091.8378351
1785136091.8378351
1785136091.8378351
1785136091.8378351
1785136091.8378351
1785136091.8378351
1785136091.8378351
1785136091.8378351
1785136091.8378351
1785136091.8378351
1785136091.8378351
1785136091.8378351
1785136091.8378351
1785136091.8378351
1785136091.8378351
1785136091.8378351
1785136091.8378351
1785136091.8378351
1785136091.8378351
1785136091.8378351
1785136091.8378351
1785136091.8378351
1785136091.8378351
1785136091.8378351
1785136091.8378351
1785136091.8378351
1785136091.8378351
1785136091.8378351
1785136091.8378351
1785136091.8378351
1785136091.8378351
1785136091.8378351
1785136091.8380580
1785136091.8380580
1785136091.8380580
1785136091.8380580
1785136091.8380580
1785136091.8380580
1785136091.8380580
1785136091.8380580
1785136091.8380580
1785136091.8380580
1785136091.8380580
1785136091.8380580
1785136091.8380580
1785136091.8380580
1785136091.8380580
1785136091.8380580
1785136091.8380580
1785136091.8380580
1785136091.8380580
1785136091.8380580
1785136091.8380580
1785136091.8380580
1785136091.8380580
1785136091.8380580
1785136091.8380580
1785136091.8380580
1785136091.8380580
1785136091.8380580
1785136091.8380580
1785136091.8380580
1785136091.8380580
1785136091.8380580
1785136091.8380580
1785136091.8380580
1785136091.8380580
1785136091.8380580
1785136091.8380580
1785136091.8380580
1785136091.8380580
1785136091.8380580
1785136091.8380580
1785136091.8380580
1785136091.8380580
1785136091.8380580
1785136091.8380580
1785136091.8380580
1785136091.8380580
1785136091.8380580
1785136091.8380580
1785136091.8380580
1785136091.8380580
1785136091.8380580
1785136091.8382800
1785136091.8382800
1785136091.8382800
1785136091.8382800
1785136091.8382800
1785136091.8382800
1785136091.8382800
1785136091.8382800
1785136091.8382800
1785136091.8382800
1785136091.8382800
1785136091.8382800
1785136091.8382800
1785136091.8382800
1785136091.8382800
1785136091.8382800
1785136091.8382800
1785136091.8382800
1785136091.8382800
1785136091.8382800
1785136091.8382800
1785136091.8382800
1785136091.8382800
1785136091.8382800
1785136091.8382800
1785136091.8382800
1785136091.8382800
1785136091.8382800
1785136091.8382800
1785136091.8382800
1785136091.8382800
1785136091.8382800
1785136091.8382800
1785136091.8382800
1785136091.8382800
1785136091.8382800
1785136091.8382800
1785136091.8382800
1785136091.8382800
1785136091.8382800
1785136091.8382800
1785136091.8382800
1785136091.8382800
1785136091.8382800
1785136091.8382800
1785136091.8382800
1785136091.8382800
1785136091.8382800
1785136091.8382800
1785136091.8382800
1785136091.8382800
1785136091.8382800
1785136091.8385019
1785136091.8385019
1785136091.8385019
1785136091.8385019
1785136091.8385019
1785136091.8385019
1785136091.8385019
1785136091.8385019
1785136091.8385019
1785136091.8385019
1785136091.8385019
1785136091.8385019
1785136091.8385019
1785136091.8385019
1785136091.8385019
1785136091.8385019
1785136091.8385019
1785136091.8385019
1785136091.8385019
1785136091.8385019
1785136091.8385019
1785136091.8385019
1785136091.8385019
1785136091.8385019
1785136091.8385019
1785136091.8385019
1785136091.8385019
1785136091.8385019
1785136091.8385019
1785136091.8385019
1785136091.8385019
1785136091.8385019
1785136091.8385019
1785136091.8385019
1785136091.8385019
1785136091.8385019
1785136091.8385019
1785136091.8385019
1785136091.8385019
1785136091.8385019
1785136091.8385019
1785136091.8385019
1785136091.8385019
1785136091.8385019
1785136091.8385019
1785136091.8385019
1785136091.8385019
1785136091.8385019
1785136091.8385019
1785136091.8385019
1785136091.8385019
1785136091.8385019
1785136091.8387239
1785136091.8387239
1785136091.8387239
1785136091.8387239
1785136091.8387239
1785136091.8387239
1785136091.8387239
1785136091.8387239
1785136091.8387239
1785136091.8387239
1785136091.8387239
1785136091.8387239
1785136091.8387239
1785136091.8387239
1785136091.8387239
1785136091.8387239
1785136091.8387239
1785136091.8387239
1785136091.8387239
1785136091.8387239
1785136091.8387239
1785136091.8387239
1785136091.8387239
1785136091.8387239
1785136091.8387239
1785136091.8387239
1785136091.8387239
1785136091.8387239
1785136091.8387239
1785136091.8387239
1785136091.8387239
1785136091.8387239
1785136091.8387239
1785136091.8387239
1785136091.8387239
1785136091.8387239
1785136091.8387239
1785136091.8387239
1785136091.8387239
1785136091.8387239
1785136091.8387239
1785136091.8387239
1785136091.8387239
1785136091.8387239
1785136091.8387239
1785136091.8387239
1785136091.8387239
1785136091.8387239
1785136091.8387239
1785136091.8387239
1785136091.8387239
1785136091.8387239
1785136091.8389461
1785136091.8389461
1785136091.8389461
1785136091.8389461
1785136091.8389461
1785136091.8389461
1785136091.8389461
1785136091.8389461
1785136091.8389461
1785136091.8389461
1785136091.8389461
1785136091.8389461
1785136091.8389461
1785136091.8389461
1785136091.8389461
1785136091.8389461
1785136091.8389461
1785136091.8389461
1785136091.8389461
1785136091.8389461
1785136091.8389461
1785136091.8389461
1785136091.8389461
1785136091.8389461
1785136091.8389461
1785136091.8389461
1785136091.8389461
1785136091.8389461
1785136091.8389461
1785136091.8389461
1785136091.8389461
1785136091.8389461
1785136091.8389461
1785136091.8389461
1785136091.8389461
1785136091.8389461
1785136091.8389461
1785136091.8389461
1785136091.8389461
1785136091.8389461
1785136091.8389461
1785136091.8389461
1785136091.8389461
1785136091.8389461
1785136091.8389461
1785136091.8389461
1785136091.8389461
1785136091.8389461
1785136091.8389461
1785136091.8389461
1785136091.8389461
1785136091.8389461
1785136091.8391690
1785136091.8391690
1785136091.8391690
1785136091.8391690
1785136091.8391690
1785136091.8391690
1785136091.8391690
1785136091.8391690
1785136091.8391690
1785136091.8391690
1785136091.8391690
1785136091.8391690
1785136091.8391690
1785136091.8391690
1785136091.8391690
1785136091.8391690
1785136091.8391690
1785136091.8391690
1785136091.8391690
1785136091.8391690
1785136091.8391690
1785136091.8391690
1785136091.8391690
1785136091.8391690
1785136091.8391690
1785136091.8391690
1785136091.8391690
1785136091.8391690
1785136091.8391690
1785136091.8391690
1785136091.8391690
1785136091.8391690
1785136091.8391690
1785136091.8391690
1785136091.8391690
1785136091.8391690
1785136091.8391690
1785136091.8391690
1785136091.8391690
1785136091.8391690
1785136091.8391690
1785136091.8391690
1785136091.8391690
1785136091.8391690
1785136091.8391690
1785136091.8391690
1785136091.8391690
1785136091.8391690
1785136091.8391690
1785136091.8391690
1785136091.8391690
1785136091.8391690
1785136091.8393910
1785136091.8393910
1785136091.8393910
1785136091.8393910
1785136091.8393910
1785136091.8393910
1785136091.8393910
1785136091.8393910
1785136091.8393910
1785136091.8393910
1785136091.8393910
1785136091.8393910
1785136091.8393910
1785136091.8393910
1785136091.8393910
1785136091.8393910
1785136091.8393910
1785136091.8393910
1785136091.8393910
1785136091.8393910
1785136091.8393910
1785136091.8393910
1785136091.8393910
1785136091.8393910
1785136091.8393910
1785136091.8393910
1785136091.8393910
1785136091.8393910
1785136091.8393910
1785136091.8393910
1785136091.8393910
1785136091.8393910
1785136091.8393910
1785136091.8393910
1785136091.8393910
1785136091.8393910
1785136091.8393910
1785136091.8393910
1785136091.8393910
1785136091.8393910
1785136091.8393910
1785136091.8393910
1785136091.8393910
1785136091.8393910
1785136091.8393910
1785136091.8393910
1785136091.8393910
1785136091.8393910
1785136091.8393910
1785136091.8393910
1785136091.8393910
1785136091.8393910
1785136091.8396130
1785136091.8396130
1785136091.8396130
1785136091.8396130
1785136091.8396130
1785136091.8396130
1785136091.8396130
1785136091.8396130
1785136091.8396130
1785136091.8396130
1785136091.8396130
1785136091.8396130
1785136091.8396130
1785136091.8396130
1785136091.8396130
1785136091.8396130
1785136091.8396130
1785136091.8396130
1785136091.8396130
1785136091.8396130
1785136091.8396130
1785136091.8396130
1785136091.8396130
1785136091.8396130
1785136091.8396130
1785136091.8396130
1785136091.8396130
1785136091.8396130
1785136091.8396130
1785136091.8396130
1785136091.8396130
1785136091.8396130
1785136091.8396130
1785136091.8396130
1785136091.8396130
1785136091.8396130
1785136091.8396130
1785136091.8396130
1785136091.8396130
1785136091.8396130
1785136091.8396130
1785136091.8396130
1785136091.8396130
1785136091.8396130
1785136091.8396130
1785136091.8396130
1785136091.8396130
1785136091.8396130
1785136091.8396130
1785136091.8396130
1785136091.8396130
1785136091.8396130
1785136091.8398349
1785136091.8398349
1785136091.8398349
1785136091.8398349
1785136091.8398349
1785136091.8398349
1785136091.8398349
1785136091.8398349
1785136091.8398349
1785136091.8398349
1785136091.8398349
1785136091.8398349
1785136091.8398349
1785136091.8398349
1785136091.8398349
1785136091.8398349
1785136091.8398349
1785136091.8398349
1785136091.8398349
1785136091.8398349
1785136091.8398349
1785136091.8398349
1785136091.8398349
1785136091.8398349
1785136091.8398349
1785136091.8398349
1785136091.8398349
1785136091.8398349
1785136091.8398349
1785136091.8398349
1785136091.8398349
1785136091.8398349
1785136091.8398349
1785136091.8398349
1785136091.8398349
1785136091.8398349
1785136091.8398349
1785136091.8398349
1785136091.8398349
1785136091.8398349
1785136091.8398349
1785136091.8398349
1785136091.8398349
1785136091.8398349
1785136091.8398349
1785136091.8398349
1785136091.8398349
1785136091.8398349
1785136091.8398349
1785136091.8398349
1785136091.8398349
1785136091.8398349
1785136091.8400569
1785136091.8400569
1785136091.8400569
1785136091.8400569
1785136091.8400569
1785136091.8400569
1785136091.8400569
1785136091.8400569
1785136091.8400569
1785136091.8400569
1785136091.8400569
1785136091.8400569
1785136091.8400569
1785136091.8400569
1785136091.8400569
1785136091.8400569
1785136091.8400569
1785136091.8400569
1785136091.8400569
1785136091.8400569
1785136091.8400569
1785136091.8400569
1785136091.8400569
1785136091.8400569
1785136091.8400569
1785136091.8400569
1785136091.8400569
1785136091.8400569
1785136091.8400569
1785136091.8400569
1785136091.8400569
1785136091.8400569
1785136091.8400569
1785136091.8400569
1785136091.8400569
1785136091.8400569
1785136091.8400569
1785136091.8400569
1785136091.8400569
1785136091.8400569
1785136091.8400569
1785136091.8400569
1785136091.8400569
1785136091.8400569
1785136091.8400569
1785136091.8400569
1785136091.8400569
1785136091.8400569
1785136091.8400569
1785136091.8400569
1785136091.8400569
1785136091.8400569
1785136091.8402801
1785136091.8402801
1785136091.8402801
1785136091.8402801
1785136091.8402801
1785136091.8402801
1785136091.8402801
1785136091.8402801
1785136091.8402801
1785136091.8402801
1785136091.8402801
1785136091.8402801
1785136091.8402801
1785136091.8402801
1785136091.8402801
1785136091.8402801
1785136091.8402801
1785136091.8402801
1785136091.8402801
1785136091.8402801
1785136091.8402801
1785136091.8402801
1785136091.8402801
1785136091.8402801
1785136091.8402801
1785136091.8402801
1785136091.8402801
1785136091.8402801
1785136091.8402801
1785136091.8402801
1785136091.8402801
1785136091.8402801
1785136091.8402801
1785136091.8402801
1785136091.8402801
1785136091.8402801
1785136091.8402801
1785136091.8402801
1785136091.8402801
1785136091.8402801
1785136091.8402801
1785136091.8402801
1785136091.8402801
1785136091.8402801
1785136091.8402801
1785136091.8402801
1785136091.8402801
1785136091.8402801
1785136091.8402801
1785136091.8402801
1785136091.8402801
1785136091.8402801
1785136091.8405020
1785136091.8405020
1785136091.8405020
1785136091.8405020
1785136091.8405020
1785136091.8405020
1785136091.8405020
1785136091.8405020
1785136091.8405020
1785136091.8405020
1785136091.8405020
1785136091.8405020
1785136091.8405020
1785136091.8405020
1785136091.8405020
1785136091.8405020
1785136091.8405020
1785136091.8405020
1785136091.8405020
1785136091.8405020
1785136091.8405020
1785136091.8405020
1785136091.8405020
1785136091.8405020
1785136091.8405020
1785136091.8405020
1785136091.8405020
1785136091.8405020
1785136091.8405020
1785136091.8405020
1785136091.8405020
1785136091.8405020
1785136091.8405020
1785136091.8405020
1785136091.8405020
1785136091.8405020
1785136091.8405020
1785136091.8405020
1785136091.8405020
1785136091.8405020
1785136091.8405020
1785136091.8405020
1785136091.8405020
1785136091.8405020
1785136091.8405020
1785136091.8405020
1785136091.8405020
1785136091.8405020
1785136091.8405020
1785136091.8405020
1785136091.8405020
1785136091.8405020
1785136091.8407240
1785136091.8407240
1785136091.8407240
1785136091.8407240
1785136091.8407240
1785136091.8407240
1785136091.8407240
1785136091.8407240
1785136091.8407240
1785136091.8407240
1785136091.8407240
1785136091.8407240
1785136091.8407240
1785136091.8407240
1785136091.8407240
1785136091.8407240
1785136091.8407240
1785136091.8407240
1785136091.8407240
1785136091.8407240
1785136091.8407240
1785136091.8407240
1785136091.8407240
1785136091.8407240
1785136091.8407240
1785136091.8407240
1785136091.8407240
1785136091.8407240
1785136091.8407240
1785136091.8407240
1785136091.8407240
1785136091.8407240
1785136091.8407240
1785136091.8407240
1785136091.8407240
1785136091.8407240
1785136091.8407240
1785136091.8407240
1785136091.8407240
1785136091.8407240
1785136091.8407240
1785136091.8407240
1785136091.8407240
1785136091.8407240
1785136091.8407240
1785136091.8407240
1785136091.8407240
1785136091.8407240
1785136091.8407240
1785136091.8407240
1785136091.8407240
1785136091.8407240
1785136091.8409460
1785136091.8409460
1785136091.8409460
1785136091.8409460
1785136091.8409460
1785136091.8409460
1785136091.8409460
1785136091.8409460
1785136091.8409460
1785136091.8409460
1785136091.8409460
1785136091.8409460
1785136091.8409460
1785136091.8409460
1785136091.8409460
1785136091.8409460
1785136091.8409460
1785136091.8409460
1785136091.8409460
1785136091.8409460
1785136091.8409460
1785136091.8409460
1785136091.8409460
1785136091.8409460
1785136091.8409460
1785136091.8409460
1785136091.8409460
1785136091.8409460
1785136091.8409460
1785136091.8409460
1785136091.8409460
1785136091.8409460
1785136091.8409460
1785136091.8409460
1785136091.8409460
1785136091.8409460
1785136091.8409460
1785136091.8409460
1785136091.8409460
1785136091.8409460
1785136091.8409460
1785136091.8409460
1785136091.8409460
1785136091.8409460
1785136091.8409460
1785136091.8409460
1785136091.8409460
1785136091.8409460
1785136091.8409460
1785136091.8409460
1785136091.8409460
1785136091.8409460
1785136091.8411679
1785136091.8411679
1785136091.8411679
1785136091.8411679
1785136091.8411679
1785136091.8411679
1785136091.8411679
1785136091.8411679
1785136091.8411679
1785136091.8411679
1785136091.8411679
1785136091.8411679
1785136091.8411679
1785136091.8411679
1785136091.8411679
1785136091.8411679
1785136091.8411679
1785136091.8411679
1785136091.8411679
1785136091.8411679
1785136091.8411679
1785136091.8411679
1785136091.8411679
1785136091.8411679
1785136091.8411679
1785136091.8411679
1785136091.8411679
1785136091.8411679
1785136091.8411679
1785136091.8411679
1785136091.8411679
1785136091.8411679
1785136091.8411679
1785136091.8411679
1785136091.8411679
1785136091.8411679
1785136091.8411679
1785136091.8411679
1785136091.8411679
1785136091.8411679
1785136091.8411679
1785136091.8411679
1785136091.8411679
1785136091.8411679
1785136091.8411679
1785136091.8411679
1785136091.8411679
1785136091.8411679
1785136091.8411679
1785136091.8411679
1785136091.8411679
1785136091.8411679
1785136091.8413911
1785136091.8413911
1785136091.8413911
1785136091.8413911
1785136091.8413911
1785136091.8413911
1785136091.8413911
1785136091.8413911
1785136091.8413911
1785136091.8413911
1785136091.8413911
1785136091.8413911
1785136091.8413911
1785136091.8413911
1785136091.8413911
1785136091.8413911
1785136091.8413911
1785136091.8413911
1785136091.8413911
1785136091.8413911
1785136091.8413911
1785136091.8413911
1785136091.8413911
1785136091.8413911
1785136091.8413911
1785136091.8413911
1785136091.8413911
1785136091.8413911
1785136091.8413911
1785136091.8413911
1785136091.8413911
1785136091.8413911
1785136091.8413911
1785136091.8413911
1785136091.8413911
1785136091.8413911
1785136091.8413911
1785136091.8413911
1785136091.8413911
1785136091.8413911
1785136091.8413911
1785136091.8413911
1785136091.8413911
1785136091.8413911
1785136091.8413911
1785136091.8413911
1785136091.8413911
1785136091.8413911
1785136091.8413911
1785136091.8413911
1785136091.8413911
1785136091.8413911
1785136091.8416131
1785136091.8416131
1785136091.8416131
1785136091.8416131
1785136091.8416131
1785136091.8416131
1785136091.8416131
1785136091.8416131
1785136091.8416131
1785136091.8416131
1785136091.8416131
1785136091.8416131
1785136091.8416131
1785136091.8416131
1785136091.8416131
1785136091.8416131
1785136091.8416131
1785136091.8416131
1785136091.8416131
1785136091.8416131
1785136091.8416131
1785136091.8416131
1785136091.8416131
1785136091.8416131
1785136091.8416131
1785136091.8416131
1785136091.8416131
1785136091.8416131
1785136091.8416131
1785136091.8416131
1785136091.8416131
1785136091.8416131
1785136091.8416131
1785136091.8416131
1785136091.8416131
1785136091.8416131
1785136091.8416131
1785136091.8416131
1785136091.8416131
1785136091.8416131
1785136091.8416131
1785136091.8416131
1785136091.8416131
1785136091.8416131
1785136091.8416131
1785136091.8416131
1785136091.8416131
1785136091.8416131
1785136091.8416131
1785136091.8416131
1785136091.8416131
1785136091.8416131
1785136091.8418350
1785136091.8418350
1785136091.8418350
1785136091.8418350
1785136091.8418350
1785136091.8418350
1785136091.8418350
1785136091.8418350
1785136091.8418350
1785136091.8418350
1785136091.8418350
1785136091.8418350
1785136091.8418350
1785136091.8418350
1785136091.8418350
1785136091.8418350
1785136091.8418350
1785136091.8418350
1785136091.8418350
1785136091.8418350
1785136091.8418350
1785136091.8418350
1785136091.8418350
1785136091.8418350
1785136091.8418350
1785136091.8418350
1785136091.8418350
1785136091.8418350
1785136091.8418350
1785136091.8418350
1785136091.8418350
1785136091.8418350
1785136091.8418350
1785136091.8418350
1785136091.8418350
1785136091.8418350
1785136091.8418350
1785136091.8418350
1785136091.8418350
1785136091.8418350
1785136091.8418350
1785136091.8418350
1785136091.8418350
1785136091.8418350
1785136091.8418350
1785136091.8418350
1785136091.8418350
1785136091.8418350
1785136091.8418350
1785136091.8418350
1785136091.8418350
1785136091.8418350
1785136091.8420570
1785136091.8420570
1785136091.8420570
1785136091.8420570
1785136091.8420570
1785136091.8420570
1785136091.8420570
1785136091.8420570
1785136091.8420570
1785136091.8420570
1785136091.8420570
1785136091.8420570
1785136091.8420570
1785136091.8420570
1785136091.8420570
1785136091.8420570
1785136091.8420570
1785136091.8420570
1785136091.8420570
1785136091.8420570
1785136091.8420570
1785136091.8420570
1785136091.8420570
1785136091.8420570
1785136091.8420570
1785136091.8420570
1785136091.8420570
1785136091.8420570
1785136091.8420570
1785136091.8420570
1785136091.8420570
1785136091.8420570
1785136091.8420570
1785136091.8420570
1785136091.8420570
1785136091.8420570
1785136091.8420570
1785136091.8420570
1785136091.8420570
1785136091.8420570
1785136091.8420570
1785136091.8420570
1785136091.8420570
1785136091.8420570
1785136091.8420570
1785136091.8420570
1785136091.8420570
1785136091.8420570
1785136091.8420570
1785136091.8420570
1785136091.8420570
1785136091.8420570
1785136091.8422790
1785136091.8422790
1785136091.8422790
1785136091.8422790
1785136091.8422790
1785136091.8422790
1785136091.8422790
1785136091.8422790
1785136091.8422790
1785136091.8422790
1785136091.8422790
1785136091.8422790
1785136091.8422790
1785136091.8422790
1785136091.8422790
1785136091.8422790
1785136091.8422790
1785136091.8422790
1785136091.8422790
1785136091.8422790
1785136091.8422790
1785136091.8422790
1785136091.8422790
1785136091.8422790
1785136091.8422790
1785136091.8422790
1785136091.8422790
1785136091.8422790
1785136091.8422790
1785136091.8422790
1785136091.8422790
1785136091.8422790
1785136091.8422790
1785136091.8422790
1785136091.8422790
1785136091.8422790
1785136091.8422790
1785136091.8422790
1785136091.8422790
1785136091.8422790
1785136091.8422790
1785136091.8422790
1785136091.8422790
1785136091.8422790
1785136091.8422790
1785136091.8422790
1785136091.8422790
1785136091.8422790
1785136091.8422790
1785136091.8422790
1785136091.8422790
1785136091.8422790
1785136091.8425021
1785136091.8425021
1785136091.8425021
1785136091.8425021
1785136091.8425021
1785136091.8425021
1785136091.8425021
1785136091.8425021
1785136091.8425021
1785136091.8425021
1785136091.8425021
1785136091.8425021
1785136091.8425021
1785136091.8425021
1785136091.8425021
1785136091.8425021
1785136091.8425021
1785136091.8425021
1785136091.8425021
1785136091.8425021
1785136091.8425021
1785136091.8425021
1785136091.8425021
1785136091.8425021
1785136091.8425021
1785136091.8425021
1785136091.8425021
1785136091.8425021
1785136091.8425021
1785136091.8425021
1785136091.8425021
1785136091.8425021
1785136091.8425021
1785136091.8425021
1785136091.8425021
1785136091.8425021
1785136091.8425021
1785136091.8425021
1785136091.8425021
1785136091.8425021
1785136091.8425021
1785136091.8425021
1785136091.8425021
1785136091.8425021
1785136091.8425021
1785136091.8425021
1785136091.8425021
1785136091.8425021
1785136091.8425021
1785136091.8425021
1785136091.8425021
1785136091.8425021
1785136091.8427241
1785136091.8427241
1785136091.8427241
1785136091.8427241
1785136091.8427241
1785136091.8427241
1785136091.8427241
1785136091.8427241
1785136091.8427241
1785136091.8427241
1785136091.8427241
1785136091.8427241
1785136091.8427241
1785136091.8427241
1785136091.8427241
1785136091.8427241
1785136091.8427241
1785136091.8427241
1785136091.8427241
1785136091.8427241
1785136091.8427241
1785136091.8427241
1785136091.8427241
1785136091.8427241
1785136091.8427241
1785136091.8427241
1785136091.8427241
1785136091.8427241
1785136091.8427241
1785136091.8427241
1785136091.8427241
1785136091.8427241
1785136091.8427241
1785136091.8427241
1785136091.8427241
1785136091.8427241
1785136091.8427241
1785136091.8427241
1785136091.8427241
1785136091.8427241
1785136091.8427241
1785136091.8427241
1785136091.8427241
1785136091.8427241
1785136091.8427241
1785136091.8427241
1785136091.8427241
1785136091.8427241
1785136091.8427241
1785136091.8427241
1785136091.8427241
1785136091.8429461
1785136091.8429461
1785136091.8429461
1785136091.8429461
1785136091.8429461
1785136091.8429461
1785136091.8429461
1785136091.8429461
1785136091.8429461
1785136091.8429461
1785136091.8429461
1785136091.8429461
1785136091.8429461
1785136091.8429461
1785136091.8429461
1785136091.8429461
1785136091.8429461
1785136091.8429461
1785136091.8429461
1785136091.8429461
1785136091.8429461
1785136091.8429461
1785136091.8429461
1785136091.8429461
1785136091.8429461
1785136091.8429461
1785136091.8429461
1785136091.8429461
1785136091.8429461
1785136091.8429461
1785136091.8429461
1785136091.8429461
1785136091.8429461
1785136091.8429461
1785136091.8429461
1785136091.8429461
1785136091.8429461
1785136091.8429461
1785136091.8429461
1785136091.8429461
1785136091.8429461
1785136091.8429461
1785136091.8429461
1785136091.8429461
1785136091.8429461
1785136091.8429461
1785136091.8429461
1785136091.8429461
1785136091.8429461
1785136091.8429461
1785136091.8429461
1785136091.8431680
1785136091.8431680
1785136091.8431680
1785136091.8431680
1785136091.8431680
1785136091.8431680
1785136091.8431680
1785136091.8431680
1785136091.8431680
1785136091.8431680
1785136091.8431680
1785136091.8431680
1785136091.8431680
1785136091.8431680
1785136091.8431680
1785136091.8431680
1785136091.8431680
1785136091.8431680
1785136091.8431680
1785136091.8431680
1785136091.8431680
1785136091.8431680
1785136091.8431680
1785136091.8431680
1785136091.8431680
1785136091.8431680
1785136091.8431680
1785136091.8431680
1785136091.8431680
1785136091.8431680
1785136091.8431680
1785136091.8431680
1785136091.8431680
1785136091.8431680
1785136091.8431680
1785136091.8431680
1785136091.8431680
1785136091.8431680
1785136091.8431680
1785136091.8431680
1785136091.8431680
1785136091.8431680
1785136091.8431680
1785136091.8431680
1785136091.8431680
1785136091.8431680
1785136091.8431680
1785136091.8431680
1785136091.8431680
1785136091.8431680
1785136091.8431680
1785136091.8433900
1785136091.8433900
1785136091.8433900
1785136091.8433900
1785136091.8433900
1785136091.8433900
1785136091.8433900
1785136091.8433900
1785136091.8433900
1785136091.8433900
1785136091.8433900
1785136091.8433900
1785136091.8433900
1785136091.8433900
1785136091.8433900
1785136091.8433900
1785136091.8433900
1785136091.8433900
1785136091.8433900
1785136091.8433900
1785136091.8433900
1785136091.8433900
1785136091.8433900
1785136091.8433900
1785136091.8433900
1785136091.8433900
1785136091.8433900
1785136091.8433900
1785136091.8433900
1785136091.8433900
1785136091.8433900
1785136091.8433900
1785136091.8433900
1785136091.8433900
1785136091.8433900
1785136091.8433900
1785136091.8433900
1785136091.8433900
1785136091.8433900
1785136091.8433900
1785136091.8433900
1785136091.8433900
1785136091.8433900
1785136091.8433900
1785136091.8433900
1785136091.8433900
1785136091.8433900
1785136091.8433900
1785136091.8433900
1785136091.8433900
1785136091.8433900
1785136091.8436129
1785136091.8436129
1785136091.8436129
1785136091.8436129
1785136091.8436129
1785136091.8436129
1785136091.8436129
1785136091.8436129
1785136091.8436129
1785136091.8436129
1785136091.8436129
1785136091.8436129
1785136091.8436129
1785136091.8436129
1785136091.8436129
1785136091.8436129
1785136091.8436129
1785136091.8436129
1785136091.8436129
1785136091.8436129
1785136091.8436129
1785136091.8436129
1785136091.8436129
1785136091.8436129
1785136091.8436129
1785136091.8436129
1785136091.8436129
1785136091.8436129
1785136091.8436129
1785136091.8436129
1785136091.8436129
1785136091.8436129
1785136091.8436129
1785136091.8436129
1785136091.8436129
1785136091.8436129
1785136091.8436129
1785136091.8436129
1785136091.8436129
1785136091.8436129
1785136091.8436129
1785136091.8436129
1785136091.8436129
1785136091.8436129
1785136091.8436129
1785136091.8436129
1785136091.8436129
1785136091.8436129
1785136091.8436129
1785136091.8436129
1785136091.8436129
1785136091.8438351
1785136091.8438351
1785136091.8438351
1785136091.8438351
1785136091.8438351
1785136091.8438351
1785136091.8438351
1785136091.8438351
1785136091.8438351
1785136091.8438351
1785136091.8438351
1785136091.8438351
1785136091.8438351
1785136091.8438351
1785136091.8438351
1785136091.8438351
1785136091.8438351
1785136091.8438351
1785136091.8438351
1785136091.8438351
1785136091.8438351
1785136091.8438351
1785136091.8438351
1785136091.8438351
1785136091.8438351
1785136091.8438351
1785136091.8438351
1785136091.8438351
1785136091.8438351
1785136091.8438351
1785136091.8438351
1785136091.8438351
1785136091.8438351
1785136091.8438351
1785136091.8438351
1785136091.8438351
1785136091.8438351
1785136091.8438351
1785136091.8438351
1785136091.8438351
1785136091.8438351
1785136091.8438351
1785136091.8438351
1785136091.8438351
1785136091.8438351
1785136091.8438351
1785136091.8438351
1785136091.8438351
1785136091.8438351
1785136091.8438351
1785136091.8438351
1785136091.8440571
1785136091.8440571
1785136091.8440571
1785136091.8440571
1785136091.8440571
1785136091.8440571
1785136091.8440571
1785136091.8440571
1785136091.8440571
1785136091.8440571
1785136091.8440571
1785136091.8440571
1785136091.8440571
1785136091.8440571
1785136091.8440571
1785136091.8440571
1785136091.8440571
1785136091.8440571
1785136091.8440571
1785136091.8440571
1785136091.8440571
1785136091.8440571
1785136091.8440571
1785136091.8440571
1785136091.8440571
1785136091.8440571
1785136091.8440571
1785136091.8440571
1785136091.8440571
1785136091.8440571
1785136091.8440571
1785136091.8440571
1785136091.8440571
1785136091.8440571
1785136091.8440571
1785136091.8440571
1785136091.8440571
1785136091.8440571
1785136091.8440571
1785136091.8440571
1785136091.8440571
1785136091.8440571
1785136091.8440571
1785136091.8440571
1785136091.8440571
1785136091.8440571
1785136091.8440571
1785136091.8440571
1785136091.8440571
1785136091.8440571
1785136091.8440571
1785136091.8442791
1785136091.8442791
1785136091.8442791
1785136091.8442791
1785136091.8442791
1785136091.8442791
1785136091.8442791
1785136091.8442791
1785136091.8442791
1785136091.8442791
1785136091.8442791
1785136091.8442791
1785136091.8442791
1785136091.8442791
1785136091.8442791
1785136091.8442791
1785136091.8442791
1785136091.8442791
1785136091.8442791
1785136091.8442791
1785136091.8442791
1785136091.8442791
1785136091.8442791
1785136091.8442791
1785136091.8442791
1785136091.8442791
1785136091.8442791
1785136091.8442791
1785136091.8442791
1785136091.8442791
1785136091.8442791
1785136091.8442791
1785136091.8442791
1785136091.8442791
1785136091.8442791
1785136091.8442791
1785136091.8442791
1785136091.8442791
1785136091.8442791
1785136091.8442791
1785136091.8442791
1785136091.8442791
1785136091.8442791
1785136091.8442791
1785136091.8442791
1785136091.8442791
1785136091.8442791
1785136091.8442791
1785136091.8442791
1785136091.8442791
1785136091.8442791
1785136091.8445010
1785136091.8445010
1785136091.8445010
1785136091.8445010
1785136091.8445010
1785136091.8445010
1785136091.8445010
1785136091.8445010
1785136091.8445010
1785136091.8445010
1785136091.8445010
1785136091.8445010
1785136091.8445010
1785136091.8445010
1785136091.8445010
1785136091.8445010
1785136091.8445010
1785136091.8445010
1785136091.8445010
1785136091.8445010
1785136091.8445010
1785136091.8445010
1785136091.8445010
1785136091.8445010
1785136091.8445010
1785136091.8445010
1785136091.8445010
1785136091.8445010
1785136091.8445010
1785136091.8445010
1785136091.8445010
1785136091.8445010
1785136091.8445010
1785136091.8445010
1785136091.8445010
1785136091.8445010
1785136091.8445010
1785136091.8445010
1785136091.8445010
1785136091.8445010
1785136091.8445010
1785136091.8445010
1785136091.8445010
1785136091.8445010
1785136091.8445010
1785136091.8445010
1785136091.8445010
1785136091.8445010
1785136091.8445010
1785136091.8445010
1785136091.8445010
1785136091.8447239
1785136091.8447239
1785136091.8447239
1785136091.8447239
1785136091.8447239
1785136091.8447239
1785136091.8447239
1785136091.8447239
1785136091.8447239
1785136091.8447239
1785136091.8447239
1785136091.8447239
1785136091.8447239
1785136091.8447239
1785136091.8447239
1785136091.8447239
1785136091.8447239
1785136091.8447239
1785136091.8447239
1785136091.8447239
1785136091.8447239
1785136091.8447239
1785136091.8447239
1785136091.8447239
1785136091.8447239
1785136091.8447239
1785136091.8447239
1785136091.8447239
1785136091.8447239
1785136091.8447239
1785136091.8447239
1785136091.8447239
1785136091.8447239
1785136091.8447239
1785136091.8447239
1785136091.8447239
1785136091.8447239
1785136091.8447239
1785136091.8447239
1785136091.8447239
1785136091.8447239
1785136091.8447239
1785136091.8447239
1785136091.8447239
1785136091.8447239
1785136091.8447239
1785136091.8447239
1785136091.8447239
1785136091.8447239
1785136091.8447239
1785136091.8449459
1785136091.8449459
1785136091.8449459
1785136091.8449459
1785136091.8449459
1785136091.8449459
1785136091.8449459
1785136091.8449459
1785136091.8449459
1785136091.8449459
1785136091.8449459
1785136091.8449459
1785136091.8449459
1785136091.8449459
1785136091.8449459
1785136091.8449459
1785136091.8449459
1785136091.8449459
1785136091.8449459
1785136091.8449459
1785136091.8449459
1785136091.8449459
1785136091.8449459
1785136091.8449459
1785136091.8449459
1785136091.8449459
1785136091.8449459
1785136091.8449459
1785136091.8449459
1785136091.8449459
1785136091.8449459
1785136091.8449459
1785136091.8449459
1785136091.8449459
1785136091.8449459
1785136091.8449459
1785136091.8449459
1785136091.8449459
1785136091.8449459
1785136091.8449459
1785136091.8449459
1785136091.8449459
1785136091.8449459
1785136091.8449459
1785136091.8449459
1785136091.8449459
1785136091.8449459
1785136091.8449459
1785136091.8449459
1785136091.8449459
1785136091.8451681
1785136091.8451681
1785136091.8451681
1785136091.8451681
1785136091.8451681
1785136091.8451681
1785136091.8451681
1785136091.8451681
1785136091.8451681
1785136091.8451681
1785136091.8451681
1785136091.8451681
1785136091.8451681
1785136091.8451681
1785136091.8451681
1785136091.8451681
1785136091.8451681
1785136091.8451681
1785136091.8451681
1785136091.8451681
1785136091.8451681
1785136091.8451681
1785136091.8451681
1785136091.8451681
1785136091.8451681
1785136091.8451681
1785136091.8451681
1785136091.8451681
1785136091.8451681
1785136091.8451681
1785136091.8451681
1785136091.8451681
1785136091.8451681
1785136091.8451681
1785136091.8451681
1785136091.8451681
1785136091.8451681
1785136091.8451681
1785136091.8451681
1785136091.8451681
1785136091.8451681
1785136091.8451681
1785136091.8451681
1785136091.8451681
1785136091.8451681
1785136091.8451681
1785136091.8451681
1785136091.8451681
1785136091.8451681
1785136091.8451681
1785136091.8453901
1785136091.8453901
1785136091.8453901
1785136091.8453901
1785136091.8453901
1785136091.8453901
1785136091.8453901
1785136091.8453901
1785136091.8453901
1785136091.8453901
1785136091.8453901
1785136091.8453901
1785136091.8453901
1785136091.8453901
1785136091.8453901
1785136091.8453901
1785136091.8453901
1785136091.8453901
1785136091.8453901
1785136091.8453901
1785136091.8453901
1785136091.8453901
1785136091.8453901
1785136091.8453901
1785136091.8453901
1785136091.8453901
1785136091.8453901
1785136091.8453901
1785136091.8453901
1785136091.8453901
1785136091.8453901
1785136091.8453901
1785136091.8453901
1785136091.8453901
1785136091.8453901
1785136091.8453901
1785136091.8453901
1785136091.8453901
1785136091.8453901
1785136091.8453901
1785136091.8453901
1785136091.8453901
1785136091.8453901
1785136091.8453901
1785136091.8453901
1785136091.8453901
1785136091.8453901
1785136091.8453901
1785136091.8453901
1785136091.8453901
1785136091.8456120
1785136091.8456120
1785136091.8456120
1785136091.8456120
1785136091.8456120
1785136091.8456120
1785136091.8456120
1785136091.8456120
1785136091.8456120
1785136091.8456120
1785136091.8456120
1785136091.8456120
1785136091.8456120
1785136091.8456120
1785136091.8456120
1785136091.8456120
1785136091.8456120
1785136091.8456120
1785136091.8456120
1785136091.8456120
1785136091.8456120
1785136091.8456120
1785136091.8456120
1785136091.8456120
1785136091.8456120
1785136091.8456120
1785136091.8456120
1785136091.8456120
1785136091.8456120
1785136091.8456120
1785136091.8456120
1785136091.8456120
1785136091.8456120
1785136091.8456120
1785136091.8456120
1785136091.8456120
1785136091.8456120
1785136091.8456120
1785136091.8456120
1785136091.8456120
1785136091.8456120
1785136091.8456120
1785136091.8456120
1785136091.8456120
1785136091.8456120
1785136091.8456120
1785136091.8456120
1785136091.8456120
1785136091.8456120
1785136091.8456120
1785136091.8458340
1785136091.8458340
1785136091.8458340
1785136091.8458340
1785136091.8458340
1785136091.8458340
1785136091.8458340
1785136091.8458340
1785136091.8458340
1785136091.8458340
1785136091.8458340
1785136091.8458340
1785136091.8458340
1785136091.8458340
1785136091.8458340
1785136091.8458340
1785136091.8458340
1785136091.8458340
1785136091.8458340
1785136091.8458340
1785136091.8458340
1785136091.8458340
1785136091.8458340
1785136091.8458340
1785136091.8458340
1785136091.8458340
1785136091.8458340
1785136091.8458340
1785136091.8458340
1785136091.8458340
1785136091.8458340
1785136091.8458340
1785136091.8458340
1785136091.8458340
1785136091.8458340
1785136091.8458340
1785136091.8458340
1785136091.8458340
1785136091.8458340
1785136091.8458340
1785136091.8458340
1785136091.8458340
1785136091.8458340
1785136091.8458340
1785136091.8458340
1785136091.8458340
1785136091.8458340
1785136091.8458340
1785136091.8458340
1785136091.8458340
1785136091.8460569
1785136091.8460569
1785136091.8460569
1785136091.8460569
1785136091.8460569
1785136091.8460569
1785136091.8460569
1785136091.8460569
1785136091.8460569
1785136091.8460569
1785136091.8460569
1785136091.8460569
1785136091.8460569
1785136091.8460569
1785136091.8460569
1785136091.8460569
1785136091.8460569
1785136091.8460569
1785136091.8460569
1785136091.8460569
1785136091.8460569
1785136091.8460569
1785136091.8460569
1785136091.8460569
1785136091.8460569
1785136091.8460569
1785136091.8460569
1785136091.8460569
1785136091.8460569
1785136091.8460569
1785136091.8460569
1785136091.8460569
1785136091.8460569
1785136091.8460569
1785136091.8460569
1785136091.8460569
1785136091.8460569
1785136091.8460569
1785136091.8460569
1785136091.8460569
1785136091.8460569
1785136091.8460569
1785136091.8460569
1785136091.8460569
1785136091.8460569
1785136091.8460569
1785136091.8460569
1785136091.8460569
1785136091.8460569
1785136091.8460569
1785136091.8462789
1785136091.8462789
1785136091.8462789
1785136091.8462789
1785136091.8462789
1785136091.8462789
1785136091.8462789
1785136091.8462789
1785136091.8462789
1785136091.8462789
1785136091.8462789
1785136091.8462789
1785136091.8462789
1785136091.8462789
1785136091.8462789
1785136091.8462789
1785136091.8462789
1785136091.8462789
1785136091.8462789
1785136091.8462789
1785136091.8462789
1785136091.8462789
1785136091.8462789
1785136091.8462789
1785136091.8462789
1785136091.8462789
1785136091.8462789
1785136091.8462789
1785136091.8462789
1785136091.8462789
1785136091.8462789
1785136091.8462789
1785136091.8462789
1785136091.8462789
1785136091.8462789
1785136091.8462789
1785136091.8462789
1785136091.8462789
1785136091.8462789
1785136091.8462789
1785136091.8462789
1785136091.8462789
1785136091.8462789
1785136091.8462789
1785136091.8462789
1785136091.8462789
1785136091.8462789
1785136091.8462789
1785136091.8462789
1785136091.8462789
1785136091.8465011
1785136091.8465011
1785136091.8465011
1785136091.8465011
1785136091.8465011
1785136091.8465011
1785136091.8465011
1785136091.8465011
1785136091.8465011
1785136091.8465011
1785136091.8465011
1785136091.8465011
1785136091.8465011
1785136091.8465011
1785136091.8465011
1785136091.8465011
1785136091.8465011
1785136091.8465011
1785136091.8465011
1785136091.8465011
1785136091.8465011
1785136091.8465011
1785136091.8465011
1785136091.8465011
1785136091.8465011
1785136091.8465011
1785136091.8465011
1785136091.8465011
1785136091.8465011
1785136091.8465011
1785136091.8465011
1785136091.8465011
1785136091.8465011
1785136091.8465011
1785136091.8465011
1785136091.8465011
1785136091.8465011
1785136091.8465011
1785136091.8465011
1785136091.8465011
1785136091.8465011
1785136091.8465011
1785136091.8465011
1785136091.8465011
1785136091.8465011
1785136091.8465011
1785136091.8465011
1785136091.8465011
1785136091.8465011
1785136091.8467231
1785136091.8467231
1785136091.8467231
1785136091.8467231
1785136091.8467231
1785136091.8467231
1785136091.8467231
1785136091.8467231
1785136091.8467231
1785136091.8467231
1785136091.8467231
1785136091.8467231
1785136091.8467231
1785136091.8467231
1785136091.8467231
1785136091.8467231
1785136091.8467231
1785136091.8467231
1785136091.8467231
1785136091.8467231
1785136091.8467231
1785136091.8467231
1785136091.8467231
1785136091.8467231
1785136091.8467231
1785136091.8467231
1785136091.8467231
1785136091.8467231
1785136091.8467231
1785136091.8467231
1785136091.8467231
1785136091.8467231
1785136091.8467231
1785136091.8467231
1785136091.8467231
1785136091.8467231
1785136091.8467231
1785136091.8467231
1785136091.8467231
1785136091.8467231
1785136091.8467231
1785136091.8467231
1785136091.8467231
1785136091.8467231
1785136091.8467231
1785136091.8467231
1785136091.8467231
1785136091.8467231
1785136091.8467231
1785136091.8469450
1785136091.8469450
1785136091.8469450
1785136091.8469450
1785136091.8469450
1785136091.8469450
1785136091.8469450
1785136091.8469450
1785136091.8469450
1785136091.8469450
1785136091.8469450
1785136091.8469450
1785136091.8469450
1785136091.8469450
1785136091.8469450
1785136091.8469450
1785136091.8469450
1785136091.8469450
1785136091.8469450
1785136091.8469450
1785136091.8469450
1785136091.8469450
1785136091.8469450
1785136091.8469450
1785136091.8469450
1785136091.8469450
1785136091.8469450
1785136091.8469450
1785136091.8469450
1785136091.8469450
1785136091.8469450
1785136091.8469450
1785136091.8469450
1785136091.8469450
1785136091.8469450
1785136091.8469450
1785136091.8469450
1785136091.8469450
1785136091.8469450
1785136091.8469450
1785136091.8469450
1785136091.8469450
1785136091.8469450
1785136091.8469450
1785136091.8469450
1785136091.8469450
1785136091.8469450
1785136091.8469450
1785136091.8469450
1785136091.8471680
1785136091.8471680
1785136091.8471680
1785136091.8471680
1785136091.8471680
1785136091.8471680
1785136091.8471680
1785136091.8471680
1785136091.8471680
1785136091.8471680
1785136091.8471680
1785136091.8471680
1785136091.8471680
1785136091.8471680
1785136091.8471680
1785136091.8471680
1785136091.8471680
1785136091.8471680
1785136091.8471680
1785136091.8471680
1785136091.8471680
1785136091.8471680
1785136091.8471680
1785136091.8471680
1785136091.8471680
1785136091.8471680
1785136091.8471680
1785136091.8471680
1785136091.8471680
1785136091.8471680
1785136091.8471680
1785136091.8471680
1785136091.8471680
1785136091.8471680
1785136091.8471680
1785136091.8471680
1785136091.8471680
1785136091.8471680
1785136091.8471680
1785136091.8471680
1785136091.8471680
1785136091.8471680
1785136091.8471680
1785136091.8471680
1785136091.8471680
1785136091.8471680
1785136091.8471680
1785136091.8471680
1785136091.8471680
1785136091.8473899
1785136091.8473899
1785136091.8473899
1785136091.8473899
1785136091.8473899
1785136091.8473899
1785136091.8473899
1785136091.8473899
1785136091.8473899
1785136091.8473899
1785136091.8473899
1785136091.8473899
1785136091.8473899
1785136091.8473899
1785136091.8473899
1785136091.8473899
1785136091.8473899
1785136091.8473899
1785136091.8473899
1785136091.8473899
1785136091.8473899
1785136091.8473899
1785136091.8473899
1785136091.8473899
1785136091.8473899
1785136091.8473899
1785136091.8473899
1785136091.8473899
1785136091.8473899
1785136091.8473899
1785136091.8473899
1785136091.8473899
1785136091.8473899
1785136091.8473899
1785136091.8473899
1785136091.8473899
1785136091.8473899
1785136091.8473899
1785136091.8473899
1785136091.8473899
1785136091.8473899
1785136091.8473899
1785136091.8473899
1785136091.8473899
1785136091.8473899
1785136091.8473899
1785136091.8473899
1785136091.8473899
1785136091.8473899
1785136091.8476119
1785136091.8476119
1785136091.8476119
1785136091.8476119
1785136091.8476119
1785136091.8476119
1785136091.8476119
1785136091.8476119
1785136091.8476119
1785136091.8476119
1785136091.8476119
1785136091.8476119
1785136091.8476119
1785136091.8476119
1785136091.8476119
1785136091.8476119
1785136091.8476119
1785136091.8476119
1785136091.8476119
1785136091.8476119
1785136091.8476119
1785136091.8476119
1785136091.8476119
1785136091.8476119
1785136091.8476119
1785136091.8476119
1785136091.8476119
1785136091.8476119
1785136091.8476119
1785136091.8476119
1785136091.8476119
1785136091.8476119
1785136091.8476119
1785136091.8476119
1785136091.8476119
1785136091.8476119
1785136091.8476119
1785136091.8476119
1785136091.8476119
1785136091.8476119
1785136091.8476119
1785136091.8476119
1785136091.8476119
1785136091.8476119
1785136091.8476119
1785136091.8476119
1785136091.8476119
1785136091.8476119
1785136091.8476119
1785136091.8478341
1785136091.8478341
1785136091.8478341
1785136091.8478341
1785136091.8478341
1785136091.8478341
1785136091.8478341
1785136091.8478341
1785136091.8478341
1785136091.8478341
1785136091.8478341
1785136091.8478341
1785136091.8478341
1785136091.8478341
1785136091.8478341
1785136091.8478341
1785136091.8478341
1785136091.8478341
1785136091.8478341
1785136091.8478341
1785136091.8478341
1785136091.8478341
1785136091.8478341
1785136091.8478341
1785136091.8478341
1785136091.8478341
1785136091.8478341
1785136091.8478341
1785136091.8478341
1785136091.8478341
1785136091.8478341
1785136091.8478341
1785136091.8478341
1785136091.8478341
1785136091.8478341
1785136091.8478341
1785136091.8478341
1785136091.8478341
1785136091.8478341
1785136091.8478341
1785136091.8478341
1785136091.8478341
1785136091.8478341
1785136091.8478341
1785136091.8478341
1785136091.8478341
1785136091.8478341
1785136091.8478341
1785136091.8478341
1785136091.8480561
1785136091.8480561
1785136091.8480561
1785136091.8480561
1785136091.8480561
1785136091.8480561
1785136091.8480561
1785136091.8480561
1785136091.8480561
1785136091.8480561
1785136091.8480561
1785136091.8480561
1785136091.8480561
1785136091.8480561
1785136091.8480561
1785136091.8480561
1785136091.8480561
1785136091.8480561
1785136091.8480561
1785136091.8480561
1785136091.8480561
1785136091.8480561
1785136091.8480561
1785136091.8480561
1785136091.8480561
1785136091.8480561
1785136091.8480561
1785136091.8480561
1785136091.8480561
1785136091.8480561
1785136091.8480561
1785136091.8480561
1785136091.8480561
1785136091.8480561
1785136091.8480561
1785136091.8480561
1785136091.8480561
1785136091.8480561
1785136091.8480561
1785136091.8480561
1785136091.8480561
1785136091.8480561
1785136091.8480561
1785136091.8480561
1785136091.8480561
1785136091.8480561
1785136091.8480561
1785136091.8480561
1785136091.8482790
1785136091.8482790
1785136091.8482790
1785136091.8482790
1785136091.8482790
1785136091.8482790
1785136091.8482790
1785136091.8482790
1785136091.8482790
1785136091.8482790
1785136091.8482790
1785136091.8482790
1785136091.8482790
1785136091.8482790
1785136091.8482790
1785136091.8482790
1785136091.8482790
1785136091.8482790
1785136091.8482790
1785136091.8482790
1785136091.8482790
1785136091.8482790
1785136091.8482790
1785136091.8482790
1785136091.8482790
1785136091.8482790
1785136091.8482790
1785136091.8482790
1785136091.8482790
1785136091.8482790
1785136091.8482790
1785136091.8482790
1785136091.8482790
1785136091.8482790
1785136091.8482790
1785136091.8482790
1785136091.8482790
1785136091.8482790
1785136091.8482790
1785136091.8482790
1785136091.8482790
1785136091.8482790
1785136091.8482790
1785136091.8482790
1785136091.8482790
1785136091.8482790
1785136091.8482790
1785136091.8482790
1785136091.8485010
1785136091.8485010
1785136091.8485010
1785136091.8485010
1785136091.8485010
1785136091.8485010
1785136091.8485010
1785136091.8485010
1785136091.8485010
1785136091.8485010
1785136091.8485010
1785136091.8485010
1785136091.8485010
1785136091.8485010
1785136091.8485010
1785136091.8485010
1785136091.8485010
1785136091.8485010
1785136091.8485010
1785136091.8485010
1785136091.8485010
1785136091.8485010
1785136091.8485010
1785136091.8485010
1785136091.8485010
1785136091.8485010
1785136091.8485010
1785136091.8485010
1785136091.8485010
1785136091.8485010
1785136091.8485010
1785136091.8485010
1785136091.8485010
1785136091.8485010
1785136091.8485010
1785136091.8485010
1785136091.8485010
1785136091.8485010
1785136091.8485010
1785136091.8485010
1785136091.8485010
1785136091.8485010
1785136091.8485010
1785136091.8485010
1785136091.8485010
1785136091.8485010
1785136091.8485010
1785136091.8485010
1785136091.8487229
1785136091.8487229
1785136091.8487229
1785136091.8487229
1785136091.8487229
1785136091.8487229
1785136091.8487229
1785136091.8487229
1785136091.8487229
1785136091.8487229
1785136091.8487229
1785136091.8487229
1785136091.8487229
1785136091.8487229
1785136091.8487229
1785136091.8487229
1785136091.8487229
1785136091.8487229
1785136091.8487229
1785136091.8487229
1785136091.8487229
1785136091.8487229
1785136091.8487229
1785136091.8487229
1785136091.8487229
1785136091.8487229
1785136091.8487229
1785136091.8487229
1785136091.8487229
1785136091.8487229
1785136091.8487229
1785136091.8487229
1785136091.8487229
1785136091.8487229
1785136091.8487229
1785136091.8487229
1785136091.8487229
1785136091.8487229
1785136091.8487229
1785136091.8487229
1785136091.8487229
1785136091.8487229
1785136091.8487229
1785136091.8487229
1785136091.8487229
1785136091.8487229
1785136091.8487229
1785136091.8487229
1785136091.8489449
1785136091.8489449
1785136091.8489449
1785136091.8489449
1785136091.8489449
1785136091.8489449
1785136091.8489449
1785136091.8489449
1785136091.8489449
1785136091.8489449
1785136091.8489449
1785136091.8489449
1785136091.8489449
1785136091.8489449
1785136091.8489449
1785136091.8489449
1785136091.8489449
1785136091.8489449
1785136091.8489449
1785136091.8489449
1785136091.8489449
1785136091.8489449
1785136091.8489449
1785136091.8489449
1785136091.8489449
1785136091.8489449
1785136091.8489449
1785136091.8489449
1785136091.8489449
1785136091.8489449
1785136091.8489449
1785136091.8489449
1785136091.8489449
1785136091.8489449
1785136091.8489449
1785136091.8489449
1785136091.8489449
1785136091.8489449
1785136091.8489449
1785136091.8489449
1785136091.8489449
1785136091.8489449
1785136091.8489449
1785136091.8489449
1785136091.8489449
1785136091.8489449
1785136091.8489449
1785136091.8489449
1785136091.8491671
1785136091.8491671
1785136091.8491671
1785136091.8491671
1785136091.8491671
1785136091.8491671
1785136091.8491671
1785136091.8491671
1785136091.8491671
1785136091.8491671
1785136091.8491671
1785136091.8491671
1785136091.8491671
1785136091.8491671
1785136091.8491671
1785136091.8491671
1785136091.8491671
1785136091.8491671
1785136091.8491671
1785136091.8491671
1785136091.8491671
1785136091.8491671
1785136091.8491671
1785136091.8491671
1785136091.8491671
1785136091.8491671
1785136091.8491671
1785136091.8491671
1785136091.8491671
1785136091.8491671
1785136091.8491671
1785136091.8491671
1785136091.8491671
1785136091.8491671
1785136091.8491671
1785136091.8491671
1785136091.8491671
1785136091.8491671
1785136091.8491671
1785136091.8491671
1785136091.8491671
1785136091.8491671
1785136091.8491671
1785136091.8491671
1785136091.8491671
1785136091.8491671
1785136091.8491671
1785136091.8491671
1785136091.8493891
1785136091.8493891
1785136091.8493891
1785136091.8493891
1785136091.8493891
1785136091.8493891
1785136091.8493891
1785136091.8493891
1785136091.8493891
1785136091.8493891
1785136091.8493891
1785136091.8493891
1785136091.8493891
1785136091.8493891
1785136091.8493891
1785136091.8493891
1785136091.8493891
1785136091.8493891
1785136091.8493891
1785136091.8493891
1785136091.8493891
1785136091.8493891
1785136091.8493891
1785136091.8493891
1785136091.8493891
1785136091.8493891
1785136091.8493891
1785136091.8493891
1785136091.8493891
1785136091.8493891
1785136091.8493891
1785136091.8493891
1785136091.8493891
1785136091.8493891
1785136091.8493891
1785136091.8493891
1785136091.8493891
1785136091.8493891
1785136091.8493891
1785136091.8493891
1785136091.8493891
1785136091.8493891
1785136091.8493891
1785136091.8493891
1785136091.8493891
1785136091.8493891
1785136091.8493891
1785136091.8496120
1785136091.8496120
1785136091.8496120
1785136091.8496120
1785136091.8496120
1785136091.8496120
1785136091.8496120
1785136091.8496120
1785136091.8496120
1785136091.8496120
1785136091.8496120
1785136091.8496120
1785136091.8496120
1785136091.8496120
1785136091.8496120
1785136091.8496120
1785136091.8496120
1785136091.8496120
1785136091.8496120
1785136091.8496120
1785136091.8496120
1785136091.8496120
1785136091.8496120
1785136091.8496120
1785136091.8496120
1785136091.8496120
1785136091.8496120
1785136091.8496120
1785136091.8496120
1785136091.8496120
1785136091.8496120
1785136091.8496120
1785136091.8496120
1785136091.8496120
1785136091.8496120
1785136091.8496120
1785136091.8496120
1785136091.8496120
1785136091.8496120
1785136091.8496120
1785136091.8496120
1785136091.8496120
1785136091.8496120
1785136091.8496120
1785136091.8496120
1785136091.8496120
1785136091.8496120
1785136091.8496120
1785136091.8496120
1785136091.8498340
1785136091.8498340
1785136091.8498340
1785136091.8498340
1785136091.8498340
1785136091.8498340
1785136091.8498340
1785136091.8498340
1785136091.8498340
1785136091.8498340
1785136091.8498340
1785136091.8498340
1785136091.8498340
1785136091.8498340
1785136091.8498340
1785136091.8498340
1785136091.8498340
1785136091.8498340
1785136091.8498340
1785136091.8498340
1785136091.8498340
1785136091.8498340
1785136091.8498340
1785136091.8498340
1785136091.8498340
1785136091.8498340
1785136091.8498340
1785136091.8498340
1785136091.8498340
1785136091.8498340
1785136091.8498340
1785136091.8498340
1785136091.8498340
1785136091.8498340
1785136091.8498340
1785136091.8498340
1785136091.8498340
1785136091.8498340
1785136091.8498340
1785136091.8498340
1785136091.8498340
1785136091.8498340
1785136091.8498340
1785136091.8498340
1785136091.8498340
1785136091.8498340
1785136091.8498340
1785136091.8498340
1785136091.8498340
1785136091.8498340
1785136091.8498340
1785136091.8498340
1785136091.8500559
1785136091.8500559
1785136091.8500559
1785136091.8500559
1785136091.8500559
1785136091.8500559
1785136091.8500559
1785136091.8500559
1785136091.8500559
1785136091.8500559
1785136091.8500559
1785136091.8500559
1785136091.8500559
1785136091.8500559
1785136091.8500559
1785136091.8500559
1785136091.8500559
1785136091.8500559
1785136091.8500559
1785136091.8500559
1785136091.8500559
1785136091.8500559
1785136091.8500559
1785136091.8500559
1785136091.8500559
1785136091.8500559
1785136091.8500559
1785136091.8500559
1785136091.8500559
1785136091.8500559
1785136091.8500559
1785136091.8500559
1785136091.8500559
1785136091.8500559
1785136091.8500559
1785136091.8500559
1785136091.8500559
1785136091.8500559
1785136091.8500559
1785136091.8500559
1785136091.8500559
1785136091.8500559
1785136091.8500559
1785136091.8500559
1785136091.8500559
1785136091.8500559
1785136091.8500559
1785136091.8500559
1785136091.8500559
1785136091.8500559
1785136091.8500559
1785136091.8502779
1785136091.8502779
1785136091.8502779
1785136091.8502779
1785136091.8502779
1785136091.8502779
1785136091.8502779
1785136091.8502779
1785136091.8502779
1785136091.8502779
1785136091.8502779
1785136091.8502779
1785136091.8502779
1785136091.8502779
1785136091.8502779
1785136091.8502779
1785136091.8502779
1785136091.8502779
1785136091.8502779
1785136091.8502779
1785136091.8502779
1785136091.8502779
1785136091.8502779
1785136091.8502779
1785136091.8502779
1785136091.8502779
1785136091.8502779
1785136091.8502779
1785136091.8502779
1785136091.8502779
1785136091.8502779
1785136091.8502779
1785136091.8502779
1785136091.8502779
1785136091.8502779
1785136091.8502779
1785136091.8502779
1785136091.8502779
1785136091.8502779
1785136091.8502779
1785136091.8502779
1785136091.8502779
1785136091.8502779
1785136091.8502779
1785136091.8502779
1785136091.8502779
1785136091.8502779
1785136091.8502779
1785136091.8502779
1785136091.8505011
1785136091.8505011
1785136091.8505011
1785136091.8505011
1785136091.8505011
1785136091.8505011
1785136091.8505011
1785136091.8505011
1785136091.8505011
1785136091.8505011
1785136091.8505011
1785136091.8505011
1785136091.8505011
1785136091.8505011
1785136091.8505011
1785136091.8505011
1785136091.8505011
1785136091.8505011
1785136091.8505011
1785136091.8505011
1785136091.8505011
1785136091.8505011
1785136091.8505011
1785136091.8505011
1785136091.8505011
1785136091.8505011
1785136091.8505011
1785136091.8505011
1785136091.8505011
1785136091.8505011
1785136091.8505011
1785136091.8505011
1785136091.8505011
1785136091.8505011
1785136091.8505011
1785136091.8505011
1785136091.8505011
1785136091.8505011
1785136091.8505011
1785136091.8505011
1785136091.8505011
1785136091.8505011
1785136091.8505011
1785136091.8505011
1785136091.8507230
1785136091.8507230
1785136091.8507230
1785136091.8507230
1785136091.8507230
1785136091.8507230
1785136091.8507230
1785136091.8507230
1785136091.8507230
1785136091.8507230
1785136091.8507230
1785136091.8507230
1785136091.8507230
1785136091.8507230
1785136091.8507230
1785136091.8507230
1785136091.8507230
1785136091.8507230
1785136091.8507230
1785136091.8507230
1785136091.8507230
1785136091.8507230
1785136091.8507230
1785136091.8507230
1785136091.8507230
1785136091.8507230
1785136091.8507230
1785136091.8507230
1785136091.8507230
1785136091.8507230
1785136091.8507230
1785136091.8507230
1785136091.8507230
1785136091.8507230
1785136091.8507230
1785136091.8507230
1785136091.8507230
1785136091.8507230
1785136091.8507230
1785136091.8507230
1785136091.8507230
1785136091.8509450
1785136091.8509450
1785136091.8509450
1785136091.8509450
1785136091.8509450
1785136091.8509450
1785136091.8509450
1785136091.8509450
1785136091.8509450
1785136091.8509450
1785136091.8509450
1785136091.8509450
1785136091.8509450
1785136091.8509450
1785136091.8509450
1785136091.8509450
1785136091.8509450
1785136091.8509450
1785136091.8509450
1785136091.8509450
1785136091.8509450
1785136091.8509450
1785136091.8509450
1785136091.8509450
1785136091.8509450
1785136091.8509450
1785136091.8509450
1785136091.8509450
1785136091.8509450
1785136091.8509450
1785136091.8509450
1785136091.8509450
1785136091.8509450
1785136091.8509450
1785136091.8509450
1785136091.8509450
1785136091.8509450
1785136091.8509450
1785136091.8509450
1785136091.8509450
1785136091.8509450
1785136091.8511670
1785136091.8511670
1785136091.8511670
1785136091.8511670
1785136091.8511670
1785136091.8511670
1785136091.8511670
1785136091.8511670
1785136091.8511670
1785136091.8511670
1785136091.8511670
1785136091.8511670
1785136091.8511670
1785136091.8511670
1785136091.8511670
1785136091.8511670
1785136091.8511670
1785136091.8511670
1785136091.8511670
1785136091.8511670
1785136091.8511670
1785136091.8511670
1785136091.8511670
1785136091.8511670
1785136091.8511670
1785136091.8511670
1785136091.8511670
1785136091.8511670
1785136091.8511670
1785136091.8511670
1785136091.8511670
1785136091.8511670
1785136091.8511670
1785136091.8511670
1785136091.8511670
1785136091.8511670
1785136091.8511670
1785136091.8511670
1785136091.8511670
1785136091.8511670
1785136091.8511670
1785136091.8511670
1785136091.8511670
1785136091.8511670
1785136091.8513889
1785136091.8513889
1785136091.8513889
1785136091.8513889
1785136091.8513889
1785136091.8513889
1785136091.8513889
1785136091.8513889
1785136091.8513889
1785136091.8513889
1785136091.8513889
1785136091.8513889
1785136091.8513889
1785136091.8513889
1785136091.8513889
1785136091.8513889
1785136091.8513889
1785136091.8513889
1785136091.8513889
1785136091.8513889
1785136091.8513889
1785136091.8513889
1785136091.8513889
1785136091.8513889
1785136091.8513889
1785136091.8513889
1785136091.8513889
1785136091.8513889
1785136091.8513889
1785136091.8513889
1785136091.8513889
1785136091.8513889
1785136091.8513889
1785136091.8513889
1785136091.8513889
1785136091.8513889
1785136091.8513889
1785136091.8513889
1785136091.8513889
1785136091.8513889
1785136091.8513889
1785136091.8513889
1785136091.8513889
1785136091.8513889
1785136091.8516109
1785136091.8516109
1785136091.8516109
1785136091.8516109
1785136091.8516109
1785136091.8516109
1785136091.8516109
1785136091.8516109
1785136091.8516109
1785136091.8516109
1785136091.8516109
1785136091.8516109
1785136091.8516109
1785136091.8516109
1785136091.8516109
1785136091.8516109
1785136091.8516109
1785136091.8516109
1785136091.8516109
1785136091.8516109
1785136091.8516109
1785136091.8516109
1785136091.8516109
1785136091.8516109
1785136091.8516109
1785136091.8516109
1785136091.8516109
1785136091.8516109
1785136091.8516109
1785136091.8516109
1785136091.8516109
1785136091.8516109
1785136091.8516109
1785136091.8516109
1785136091.8516109
1785136091.8516109
1785136091.8516109
1785136091.8516109
1785136091.8516109
1785136091.8516109
1785136091.8516109
1785136091.8516109
1785136091.8516109
1785136091.8516109
1785136091.8516109
1785136091.8516109
1785136091.8518341
1785136091.8518341
1785136091.8518341
1785136091.8518341
1785136091.8518341
1785136091.8518341
1785136091.8518341
1785136091.8518341
1785136091.8518341
1785136091.8518341
1785136091.8518341
1785136091.8518341
1785136091.8518341
1785136091.8518341
1785136091.8518341
1785136091.8518341
1785136091.8518341
1785136091.8518341
1785136091.8518341
1785136091.8518341
1785136091.8518341
1785136091.8518341
1785136091.8518341
1785136091.8518341
1785136091.8518341
1785136091.8518341
1785136091.8518341
1785136091.8518341
1785136091.8518341
1785136091.8518341
1785136091.8518341
1785136091.8518341
1785136091.8518341
1785136091.8518341
1785136091.8518341
1785136091.8518341
1785136091.8518341
1785136091.8518341
1785136091.8518341
1785136091.8518341
1785136091.8518341
1785136091.8518341
1785136091.8518341
1785136091.8518341
1785136091.8520560
1785136091.8520560
1785136091.8520560
1785136091.8520560
1785136091.8520560
1785136091.8520560
1785136091.8520560
1785136091.8520560
1785136091.8520560
1785136091.8520560
1785136091.8520560
1785136091.8520560
1785136091.8520560
1785136091.8520560
1785136091.8520560
1785136091.8520560
1785136091.8520560
1785136091.8520560
1785136091.8520560
1785136091.8520560
1785136091.8520560
1785136091.8520560
1785136091.8520560
1785136091.8520560
1785136091.8520560
1785136091.8520560
1785136091.8520560
1785136091.8520560
1785136091.8520560
1785136091.8520560
1785136091.8520560
1785136091.8520560
1785136091.8520560
1785136091.8520560
1785136091.8520560
1785136091.8520560
1785136091.8520560
1785136091.8520560
1785136091.8520560
1785136091.8520560
1785136091.8520560
1785136091.8520560
1785136091.8520560
1785136091.8520560
1785136091.8520560
1785136091.8522780
1785136091.8522780
1785136091.8522780
1785136091.8522780
1785136091.8522780
1785136091.8522780
1785136091.8522780
1785136091.8522780
1785136091.8522780
1785136091.8522780
1785136091.8522780
1785136091.8522780
1785136091.8522780
1785136091.8522780
1785136091.8522780
1785136091.8522780
1785136091.8522780
1785136091.8522780
1785136091.8522780
1785136091.8522780
1785136091.8522780
1785136091.8522780
1785136091.8522780
1785136091.8522780
1785136091.8522780
1785136091.8522780
1785136091.8522780
1785136091.8522780
1785136091.8522780
1785136091.8522780
1785136091.8522780
1785136091.8522780
1785136091.8522780
1785136091.8522780
1785136091.8522780
1785136091.8522780
1785136091.8522780
1785136091.8522780
1785136091.8522780
1785136091.8522780
1785136091.8522780
1785136091.8522780
1785136091.8522780
1785136091.8522780
1785136091.8522780
1785136091.8525000
1785136091.8525000
1785136091.8525000
1785136091.8525000
1785136091.8525000
1785136091.8525000
1785136091.8525000
1785136091.8525000
1785136091.8525000
1785136091.8525000
1785136091.8525000
1785136091.8525000
1785136091.8525000
1785136091.8525000
1785136091.8525000
1785136091.8525000
1785136091.8525000
1785136091.8525000
1785136091.8525000
1785136091.8525000
1785136091.8525000
1785136091.8525000
1785136091.8525000
1785136091.8525000
1785136091.8525000
1785136091.8525000
1785136091.8525000
1785136091.8525000
1785136091.8525000
1785136091.8525000
1785136091.8525000
1785136091.8525000
1785136091.8525000
1785136091.8525000
1785136091.8525000
1785136091.8525000
1785136091.8525000
1785136091.8525000
1785136091.8525000
1785136091.8525000
1785136091.8525000
1785136091.8525000
1785136091.8525000
1785136091.8525000
1785136091.8525000
1785136091.8525000
1785136091.8525000
1785136091.8525000
1785136091.8525000
1785136091.8525000
1785136091.8525000
1785136091.8527219
1785136091.8527219
1785136091.8527219
1785136091.8527219
1785136091.8527219
1785136091.8527219
1785136091.8527219
1785136091.8527219
1785136091.8527219
1785136091.8527219
1785136091.8527219
1785136091.8527219
1785136091.8527219
1785136091.8527219
1785136091.8527219
1785136091.8527219
1785136091.8527219
1785136091.8527219
1785136091.8527219
1785136091.8527219
1785136091.8527219
1785136091.8527219
1785136091.8527219
1785136091.8527219
1785136091.8527219
1785136091.8527219
1785136091.8527219
1785136091.8527219
1785136091.8527219
1785136091.8527219
1785136091.8527219
1785136091.8527219
1785136091.8527219
1785136091.8527219
1785136091.8527219
1785136091.8527219
1785136091.8527219
1785136091.8527219
1785136091.8527219
1785136091.8527219
1785136091.8527219
1785136091.8527219
1785136091.8527219
1785136091.8527219
1785136091.8527219
1785136091.8527219
1785136091.8527219
1785136091.8527219
1785136091.8527219
1785136091.8527219
1785136091.8527219
1785136091.8527219
1785136091.8527219
1785136091.8527219
1785136091.8527219
1785136091.8527219
1785136091.8527219
1785136091.8527219
1785136091.8527219
1785136091.8527219
1785136091.8527219
1785136091.8527219
1785136091.8527219
1785136091.8527219
1785136091.8529451
1785136091.8529451
1785136091.8529451
1785136091.8529451
1785136091.8529451
1785136091.8529451
1785136091.8529451
1785136091.8529451
1785136091.8529451
1785136091.8529451
1785136091.8529451
1785136091.8529451
1785136091.8529451
1785136091.8529451
1785136091.8529451
1785136091.8529451
1785136091.8529451
1785136091.8529451
1785136091.8529451
1785136091.8529451
1785136091.8529451
1785136091.8529451
1785136091.8529451
1785136091.8529451
1785136091.8529451
1785136091.8529451
1785136091.8529451
1785136091.8529451
1785136091.8529451
1785136091.8529451
1785136091.8529451
1785136091.8529451
1785136091.8529451
1785136091.8529451
1785136091.8529451
1785136091.8529451
1785136091.8529451
1785136091.8529451
1785136091.8529451
1785136091.8529451
1785136091.8529451
1785136091.8529451
1785136091.8529451
1785136091.8529451
1785136091.8529451
1785136091.8529451
1785136091.8529451
1785136091.8529451
1785136091.8529451
1785136091.8529451
1785136091.8529451
1785136091.8529451
1785136091.8529451
1785136091.8529451
1785136091.8529451
1785136091.8529451
1785136091.8529451
1785136091.8529451
1785136091.8529451
1785136091.8529451
1785136091.8529451
1785136091.8529451
1785136091.8529451
1785136091.8529451
1785136091.8529451
1785136091.8531671
1785136091.8531671
1785136091.8531671
1785136091.8531671
1785136091.8531671
1785136091.8531671
1785136091.8531671
1785136091.8531671
1785136091.8531671
1785136091.8531671
1785136091.8531671
1785136091.8531671
1785136091.8531671
1785136091.8531671
1785136091.8531671
1785136091.8531671
1785136091.8531671
1785136091.8531671
1785136091.8531671
1785136091.8531671
1785136091.8531671
1785136091.8531671
1785136091.8531671
1785136091.8531671
1785136091.8531671
1785136091.8531671
1785136091.8531671
1785136091.8531671
1785136091.8531671
1785136091.8531671
1785136091.8531671
1785136091.8531671
1785136091.8531671
1785136091.8531671
1785136091.8531671
1785136091.8531671
1785136091.8531671
1785136091.8531671
1785136091.8531671
1785136091.8531671
1785136091.8531671
1785136091.8531671
1785136091.8531671
1785136091.8531671
1785136091.8531671
1785136091.8531671
1785136091.8531671
1785136091.8531671
1785136091.8531671
1785136091.8531671
1785136091.8531671
1785136091.8531671
1785136091.8531671
1785136091.8531671
1785136091.8531671
1785136091.8533890
1785136091.8533890
1785136091.8533890
1785136091.8533890
1785136091.8533890
1785136091.8533890
1785136091.8533890
1785136091.8533890
1785136091.8533890
1785136091.8533890
1785136091.8533890
1785136091.8533890
1785136091.8533890
1785136091.8533890
1785136091.8533890
1785136091.8533890
1785136091.8533890
1785136091.8533890
1785136091.8533890
1785136091.8533890
1785136091.8533890
1785136091.8533890
1785136091.8533890
1785136091.8533890
1785136091.8533890
1785136091.8533890
1785136091.8533890
1785136091.8533890
1785136091.8533890
1785136091.8533890
1785136091.8533890
1785136091.8533890
1785136091.8533890
1785136091.8533890
1785136091.8533890
1785136091.8533890
1785136091.8533890
1785136091.8533890
1785136091.8533890
1785136091.8533890
1785136091.8533890
1785136091.8533890
1785136091.8533890
1785136091.8533890
1785136091.8533890
1785136091.8533890
1785136091.8533890
1785136091.8533890
1785136091.8533890
1785136091.8533890
1785136091.8533890
1785136091.8533890
1785136091.8533890
1785136091.8533890
1785136091.8533890
1785136091.8533890
1785136091.8533890
1785136091.8533890
1785136091.8536110
1785136091.8536110
1785136091.8536110
1785136091.8536110
1785136091.8536110
1785136091.8536110
1785136091.8536110
1785136091.8536110
1785136091.8536110
1785136091.8536110
1785136091.8536110
1785136091.8536110
1785136091.8536110
1785136091.8536110
1785136091.8536110
1785136091.8536110
1785136091.8536110
1785136091.8536110
1785136091.8536110
1785136091.8536110
1785136091.8536110
1785136091.8536110
1785136091.8536110
1785136091.8536110
1785136091.8536110
1785136091.8536110
1785136091.8536110
1785136091.8536110
1785136091.8536110
1785136091.8536110
1785136091.8536110
1785136091.8536110
1785136091.8536110
1785136091.8536110
1785136091.8536110
1785136091.8536110
1785136091.8536110
1785136091.8536110
1785136091.8536110
1785136091.8536110
1785136091.8536110
1785136091.8536110
1785136091.8536110
1785136091.8536110
1785136091.8536110
1785136091.8536110
1785136091.8536110
1785136091.8538339
1785136091.8538339
1785136091.8538339
1785136091.8538339
1785136091.8538339
1785136091.8538339
1785136091.8538339
1785136091.8538339
1785136091.8538339
1785136091.8538339
1785136091.8538339
1785136091.8538339
1785136091.8538339
1785136091.8538339
1785136091.8538339
1785136091.8538339
1785136091.8538339
1785136091.8538339
1785136091.8538339
1785136091.8538339
1785136091.8538339
1785136091.8538339
1785136091.8538339
1785136091.8538339
1785136091.8538339
1785136091.8538339
1785136091.8538339
1785136091.8538339
1785136091.8538339
1785136091.8538339
1785136091.8538339
1785136091.8538339
1785136091.8538339
1785136091.8538339
1785136091.8538339
1785136091.8538339
1785136091.8538339
1785136091.8538339
1785136091.8538339
1785136091.8538339
1785136091.8538339
1785136091.8538339
1785136091.8538339
1785136091.8538339
1785136091.8538339
1785136091.8538339
1785136091.8538339
1785136091.8538339
1785136091.8538339
1785136091.8538339
1785136091.8538339
1785136091.8538339
1785136091.8538339
1785136091.8538339
1785136091.8538339
1785136091.8540559
1785136091.8540559
1785136091.8540559
1785136091.8540559
1785136091.8540559
1785136091.8540559
1785136091.8540559
1785136091.8540559
1785136091.8540559
1785136091.8540559
1785136091.8540559
1785136091.8540559
1785136091.8540559
1785136091.8540559
1785136091.8540559
1785136091.8540559
1785136091.8540559
1785136091.8540559
1785136091.8540559
1785136091.8540559
1785136091.8540559
1785136091.8540559
1785136091.8540559
1785136091.8540559
1785136091.8540559
1785136091.8540559
1785136091.8540559
1785136091.8540559
1785136091.8540559
1785136091.8540559
1785136091.8540559
1785136091.8540559
1785136091.8540559
1785136091.8540559
1785136091.8540559
1785136091.8540559
1785136091.8540559
1785136091.8540559
1785136091.8540559
1785136091.8540559
1785136091.8540559
1785136091.8540559
1785136091.8540559
1785136091.8540559
1785136091.8540559
1785136091.8540559
1785136091.8540559
1785136091.8540559
1785136091.8540559
1785136091.8540559
1785136091.8540559
1785136091.8540559
1785136091.8540559
1785136091.8542781
1785136091.8542781
1785136091.8542781
1785136091.8542781
1785136091.8542781
1785136091.8542781
1785136091.8542781
1785136091.8542781
1785136091.8542781
1785136091.8542781
1785136091.8542781
1785136091.8542781
1785136091.8542781
1785136091.8542781
1785136091.8542781
1785136091.8542781
1785136091.8542781
1785136091.8542781
1785136091.8542781
1785136091.8542781
1785136091.8542781
1785136091.8542781
1785136091.8542781
1785136091.8542781
1785136091.8542781
1785136091.8542781
1785136091.8542781
1785136091.8542781
1785136091.8542781
1785136091.8542781
1785136091.8542781
1785136091.8542781
1785136091.8542781
1785136091.8542781
1785136091.8542781
1785136091.8542781
1785136091.8542781
1785136091.8542781
1785136091.8542781
1785136091.8542781
1785136091.8542781
1785136091.8542781
1785136091.8545001
1785136091.8545001
1785136091.8545001
1785136091.8545001
1785136091.8545001
1785136091.8545001
1785136091.8545001
1785136091.8545001
1785136091.8545001
1785136091.8545001
1785136091.8545001
1785136091.8545001
1785136091.8545001
1785136091.8545001
1785136091.8545001
1785136091.8545001
1785136091.8545001
1785136091.8545001
1785136091.8545001
1785136091.8545001
1785136091.8545001
1785136091.8545001
1785136091.8545001
1785136091.8545001
1785136091.8545001
1785136091.8545001
1785136091.8545001
1785136091.8545001
1785136091.8545001
1785136091.8545001
1785136091.8545001
1785136091.8545001
1785136091.8545001
1785136091.8545001
1785136091.8545001
1785136091.8545001
1785136091.8545001
1785136091.8545001
1785136091.8545001
1785136091.8545001
1785136091.8545001
1785136091.8545001
1785136091.8545001
1785136091.8545001
1785136091.8545001
1785136091.8545001
1785136091.8545001
1785136091.8545001
1785136091.8545001
1785136091.8545001
1785136091.8545001
1785136091.8545001
1785136091.8545001
1785136091.8545001
1785136091.8547220
1785136091.8547220
1785136091.8547220
1785136091.8547220
1785136091.8547220
1785136091.8547220
1785136091.8547220
1785136091.8547220
1785136091.8547220
1785136091.8547220
1785136091.8547220
1785136091.8547220
1785136091.8547220
1785136091.8547220
1785136091.8547220
1785136091.8547220
1785136091.8547220
1785136091.8547220
1785136091.8547220
1785136091.8547220
1785136091.8547220
1785136091.8547220
1785136091.8547220
1785136091.8547220
1785136091.8547220
1785136091.8547220
1785136091.8547220
1785136091.8547220
1785136091.8547220
1785136091.8547220
1785136091.8547220
1785136091.8547220
1785136091.8547220
1785136091.8547220
1785136091.8547220
1785136091.8547220
1785136091.8547220
1785136091.8547220
1785136091.8547220
1785136091.8547220
1785136091.8547220
1785136091.8547220
1785136091.8547220
1785136091.8547220
1785136091.8547220
1785136091.8547220
1785136091.8547220
1785136091.8547220
1785136091.8547220
1785136091.8547220
1785136091.8547220
1785136091.8547220
1785136091.8547220
1785136091.8547220
1785136091.8547220
1785136091.8549449
1785136091.8549449
1785136091.8549449
1785136091.8549449
1785136091.8549449
1785136091.8549449
1785136091.8549449
1785136091.8549449
1785136091.8549449
1785136091.8549449
1785136091.8549449
1785136091.8549449
1785136091.8549449
1785136091.8549449
1785136091.8549449
1785136091.8549449
1785136091.8549449
1785136091.8549449
1785136091.8549449
1785136091.8549449
1785136091.8549449
1785136091.8549449
1785136091.8549449
1785136091.8549449
1785136091.8549449
1785136091.8549449
1785136091.8549449
1785136091.8549449
1785136091.8549449
1785136091.8549449
1785136091.8549449
1785136091.8549449
1785136091.8549449
1785136091.8549449
1785136091.8551669
1785136091.8551669
1785136091.8551669
1785136091.8551669
1785136091.8551669
1785136091.8551669
1785136091.8551669
1785136091.8551669
1785136091.8551669
1785136091.8551669
1785136091.8551669
1785136091.8551669
1785136091.8551669
1785136091.8551669
1785136091.8551669
1785136091.8551669
1785136091.8551669
1785136091.8551669
1785136091.8553891
1785136091.8553891
1785136091.8553891
1785136091.8553891
1785136091.8553891
1785136091.8553891
1785136091.8553891
1785136091.8553891
1785136091.8553891
1785136091.8553891
1785136091.8553891
1785136091.8553891
1785136091.8553891
1785136091.8553891
1785136091.8553891
1785136091.8553891
1785136091.8553891
1785136091.8553891
1785136091.8553891
1785136091.8553891
1785136091.8553891
1785136091.8553891
1785136091.8553891
1785136091.8553891
1785136091.8553891
1785136091.8556111
1785136091.8556111
1785136091.8556111
1785136091.8556111
1785136091.8556111
1785136091.8556111
1785136091.8556111
1785136091.8556111
1785136091.8556111
1785136091.8556111
1785136091.8556111
1785136091.8556111
1785136091.8556111
1785136091.8556111
1785136091.8556111
1785136091.8558340
1785136091.8558340
1785136091.8558340
1785136091.8558340
1785136091.8558340
1785136091.8558340
1785136091.8558340
1785136091.8558340
1785136091.8558340
1785136091.8558340
1785136091.8558340
1785136091.8558340
1785136091.8560560
1785136091.8560560
1785136091.8560560
1785136091.8560560
1785136091.8560560
1785136091.8560560
1785136091.8560560
1785136091.8560560
1785136091.8560560
1785136091.8560560
1785136091.8560560
1785136091.8560560
1785136091.8560560
1785136091.8562779
1785136091.8562779
1785136091.8562779
1785136091.8562779
1785136091.8562779
1785136091.8562779
1785136091.8562779
1785136091.8562779
1785136091.8562779
1785136091.8562779
1785136091.8562779
1785136091.8562779
1785136091.8562779
1785136091.8564999
1785136091.8564999
1785136091.8564999
1785136091.8564999
1785136091.8564999
1785136091.8564999
1785136091.8564999
1785136091.8564999
1785136091.8564999
1785136091.8564999
1785136091.8564999
1785136091.8564999
1785136091.8564999
1785136091.8602791
1785136091.8605011
1785136091.8605011
1785136091.8605011
1785136091.8605011
1785136091.8605011
1785136091.8605011
1785136091.8605011
1785136091.8605011
1785136091.8605011
1785136091.8605011
1785136091.8605011
1785136091.8605011
1785136091.8607230
1785136091.8607230
1785136091.8607230
1785136091.8607230
1785136091.8607230
1785136091.8607230
1785136091.8607230
1785136091.8607230
1785136091.8607230
1785136091.8607230
1785136091.8607230
1785136091.8607230
1785136091.8607230
1785136091.8607230
1785136091.8607230
1785136091.8609459
1785136091.8609459
1785136091.8609459
1785136091.8609459
1785136091.8609459
1785136091.8609459
1785136091.8609459
1785136091.8609459
1785136091.8609459
1785136091.8609459
1785136091.8609459
1785136091.8609459
1785136091.8609459
1785136091.8609459
1785136091.8609459
1785136091.8609459
1785136091.8609459
1785136091.8609459
1785136091.8611679
1785136091.8611679
1785136091.8611679
1785136091.8611679
1785136091.8611679
1785136091.8611679
1785136091.8611679
1785136091.8611679
1785136091.8611679
1785136091.8611679
1785136091.8611679
1785136091.8611679
1785136091.8611679
1785136091.8611679
1785136091.8611679
1785136091.8611679
1785136091.8611679
1785136091.8613901
1785136091.8613901
1785136091.8613901
1785136091.8613901
1785136091.8613901
1785136091.8613901
1785136091.8613901
1785136091.8613901
1785136091.8613901
1785136091.8613901
1785136091.8613901
1785136091.8613901
1785136091.8613901
1785136091.8613901
1785136091.8613901
1785136091.8613901
1785136091.8613901
1785136091.8613901
1785136091.8613901
1785136091.8616121
1785136091.8616121
1785136091.8616121
1785136091.8616121
1785136091.8616121
1785136091.8616121
1785136091.8616121
1785136091.8616121
1785136091.8616121
1785136091.8616121
1785136091.8616121
1785136091.8616121
1785136091.8616121
1785136091.8620570
1785136091.8620570
1785136091.8620570
1785136091.8620570
1785136091.8620570
1785136091.8622789
1785136091.8622789
1785136091.8622789
1785136091.8622789
1785136091.8622789
1785136091.8622789
