1785136090.4124980
1785136090.4138319
1785136090.4138319
1785136090.4140539
1785136090.4140539
1785136090.4140539
1785136090.4142771
1785136090.4142771
1785136090.4142771
1785136090.4142771
1785136090.4142771
1785136090.4142771
1785136090.4142771
1785136090.4142771
1785136090.4142771
1785136090.4142771
1785136090.4142771
1785136090.4142771
1785136090.4142771
1785136090.4142771
1785136090.4142771
1785136090.4142771
1785136090.4144990
1785136090.4144990
1785136090.4144990
1785136090.4144990
1785136090.4144990
1785136090.4144990
1785136090.4144990
1785136090.4144990
1785136090.4151659
1785136090.4151659
1785136090.4151659
1785136090.4167221
1785136090.4169440
1785136090.4169440
1785136090.4169440
1785136090.4169440
1785136090.4169440
1785136090.4171669
1785136090.4171669
1785136090.4171669
1785136090.4171669
1785136090.4171669
1785136090.4171669
1785136090.4171669
1785136090.4171669
1785136090.4173889
1785136090.4173889
1785136090.4173889
1785136090.4173889
1785136090.4173889
1785136090.4173889
1785136090.4173889
1785136090.4173889
1785136090.4173889
1785136090.4176109
1785136090.4176109
1785136090.4176109
1785136090.4176109
1785136090.4176109
1785136090.4176109
1785136090.4176109
1785136090.4176109
1785136090.4176109
1785136090.4176109
1785136090.4176109
1785136090.4176109
1785136090.4176109
1785136090.4176109
1785136090.4176109
1785136090.4176109
1785136090.4176109
1785136090.4176109
1785136090.4176109
1785136090.4176109
1785136090.4176109
1785136090.4178331
1785136090.4178331
1785136090.4178331
1785136090.4178331
1785136090.4178331
1785136090.4178331
1785136090.4178331
1785136090.4178331
1785136090.4178331
1785136090.4178331
1785136090.4178331
1785136090.4178331
1785136090.4178331
1785136090.4178331
1785136090.4178331
1785136090.4178331
1785136090.4178331
1785136090.4178331
1785136090.4178331
1785136090.4178331
1785136090.4178331
1785136090.4178331
1785136090.4178331
1785136090.4178331
1785136090.4178331
1785136090.4178331
1785136090.4178331
1785136090.4178331
1785136090.4178331
1785136090.4178331
1785136090.4178331
1785136090.4178331
1785136090.4178331
1785136090.4178331
1785136090.4178331
1785136090.4178331
1785136090.4178331
1785136090.4178331
1785136090.4178331
1785136090.4178331
1785136090.4178331
1785136090.4180560
1785136090.4180560
1785136090.4180560
1785136090.4180560
1785136090.4180560
1785136090.4180560
1785136090.4180560
1785136090.4180560
1785136090.4180560
1785136090.4180560
1785136090.4180560
1785136090.4180560
1785136090.4180560
1785136090.4180560
1785136090.4180560
1785136090.4180560
1785136090.4180560
1785136090.4180560
1785136090.4180560
1785136090.4180560
1785136090.4180560
1785136090.4180560
1785136090.4180560
1785136090.4180560
1785136090.4180560
1785136090.4180560
1785136090.4180560
1785136090.4180560
1785136090.4180560
1785136090.4180560
1785136090.4180560
1785136090.4180560
1785136090.4180560
1785136090.4180560
1785136090.4180560
1785136090.4180560
1785136090.4180560
1785136090.4180560
1785136090.4182780
1785136090.4182780
1785136090.4182780
1785136090.4182780
1785136090.4182780
1785136090.4182780
1785136090.4182780
1785136090.4182780
1785136090.4182780
1785136090.4182780
1785136090.4182780
1785136090.4182780
1785136090.4182780
1785136090.4182780
1785136090.4182780
1785136090.4182780
1785136090.4182780
1785136090.4182780
1785136090.4182780
1785136090.4182780
1785136090.4182780
1785136090.4182780
1785136090.4182780
1785136090.4182780
1785136090.4182780
1785136090.4182780
1785136090.4182780
1785136090.4182780
1785136090.4182780
1785136090.4182780
1785136090.4182780
1785136090.4182780
1785136090.4182780
1785136090.4182780
1785136090.4184999
1785136090.4184999
1785136090.4184999
1785136090.4184999
1785136090.4184999
1785136090.4184999
1785136090.4184999
1785136090.4184999
1785136090.4184999
1785136090.4184999
1785136090.4184999
1785136090.4184999
1785136090.4184999
1785136090.4184999
1785136090.4184999
1785136090.4184999
1785136090.4184999
1785136090.4184999
1785136090.4184999
1785136090.4184999
1785136090.4184999
1785136090.4184999
1785136090.4184999
1785136090.4184999
1785136090.4184999
1785136090.4184999
1785136090.4184999
1785136090.4184999
1785136090.4184999
1785136090.4184999
1785136090.4184999
1785136090.4184999
1785136090.4187231
1785136090.4187231
1785136090.4187231
1785136090.4187231
1785136090.4187231
1785136090.4187231
1785136090.4187231
1785136090.4187231
1785136090.4187231
1785136090.4187231
1785136090.4187231
1785136090.4187231
1785136090.4187231
1785136090.4187231
1785136090.4187231
1785136090.4187231
1785136090.4187231
1785136090.4187231
1785136090.4187231
1785136090.4187231
1785136090.4187231
1785136090.4187231
1785136090.4187231
1785136090.4187231
1785136090.4187231
1785136090.4187231
1785136090.4187231
1785136090.4187231
1785136090.4187231
1785136090.4187231
1785136090.4187231
1785136090.4187231
1785136090.4189451
1785136090.4189451
1785136090.4189451
1785136090.4189451
1785136090.4189451
1785136090.4189451
1785136090.4189451
1785136090.4189451
1785136090.4189451
1785136090.4189451
1785136090.4189451
1785136090.4189451
1785136090.4189451
1785136090.4189451
1785136090.4189451
1785136090.4189451
1785136090.4189451
1785136090.4189451
1785136090.4189451
1785136090.4189451
1785136090.4189451
1785136090.4189451
1785136090.4189451
1785136090.4189451
1785136090.4189451
1785136090.4189451
1785136090.4189451
1785136090.4189451
1785136090.4189451
1785136090.4189451
1785136090.4189451
1785136090.4189451
1785136090.4191670
1785136090.4191670
1785136090.4191670
1785136090.4191670
1785136090.4191670
1785136090.4191670
1785136090.4191670
1785136090.4191670
1785136090.4191670
1785136090.4191670
1785136090.4191670
1785136090.4191670
1785136090.4191670
1785136090.4191670
1785136090.4191670
1785136090.4191670
1785136090.4191670
1785136090.4191670
1785136090.4191670
1785136090.4191670
1785136090.4191670
1785136090.4191670
1785136090.4191670
1785136090.4191670
1785136090.4191670
1785136090.4191670
1785136090.4191670
1785136090.4191670
1785136090.4191670
1785136090.4191670
1785136090.4191670
1785136090.4191670
1785136090.4191670
1785136090.4191670
1785136090.4191670
1785136090.4191670
1785136090.4191670
1785136090.4191670
1785136090.4191670
1785136090.4191670
1785136090.4191670
1785136090.4191670
1785136090.4193900
1785136090.4193900
1785136090.4193900
1785136090.4193900
1785136090.4193900
1785136090.4193900
1785136090.4193900
1785136090.4193900
1785136090.4193900
1785136090.4193900
1785136090.4193900
1785136090.4193900
1785136090.4193900
1785136090.4193900
1785136090.4193900
1785136090.4193900
1785136090.4193900
1785136090.4193900
1785136090.4193900
1785136090.4193900
1785136090.4193900
1785136090.4193900
1785136090.4193900
1785136090.4193900
1785136090.4193900
1785136090.4193900
1785136090.4193900
1785136090.4193900
1785136090.4193900
1785136090.4193900
1785136090.4193900
1785136090.4193900
1785136090.4193900
1785136090.4193900
1785136090.4193900
1785136090.4193900
1785136090.4193900
1785136090.4193900
1785136090.4193900
1785136090.4193900
1785136090.4193900
1785136090.4193900
1785136090.4196119
1785136090.4196119
1785136090.4196119
1785136090.4196119
1785136090.4196119
1785136090.4196119
1785136090.4196119
1785136090.4196119
1785136090.4196119
1785136090.4196119
1785136090.4196119
1785136090.4196119
1785136090.4196119
1785136090.4196119
1785136090.4196119
1785136090.4196119
1785136090.4196119
1785136090.4196119
1785136090.4196119
1785136090.4196119
1785136090.4196119
1785136090.4196119
1785136090.4196119
1785136090.4196119
1785136090.4196119
1785136090.4196119
1785136090.4196119
1785136090.4196119
1785136090.4196119
1785136090.4196119
1785136090.4196119
1785136090.4196119
1785136090.4196119
1785136090.4196119
1785136090.4196119
1785136090.4196119
1785136090.4196119
1785136090.4196119
1785136090.4196119
1785136090.4196119
1785136090.4196119
1785136090.4196119
1785136090.4198339
1785136090.4198339
1785136090.4198339
1785136090.4198339
1785136090.4198339
1785136090.4198339
1785136090.4198339
1785136090.4198339
1785136090.4198339
1785136090.4198339
1785136090.4198339
1785136090.4198339
1785136090.4198339
1785136090.4198339
1785136090.4198339
1785136090.4198339
1785136090.4198339
1785136090.4198339
1785136090.4198339
1785136090.4198339
1785136090.4198339
1785136090.4198339
1785136090.4198339
1785136090.4198339
1785136090.4198339
1785136090.4198339
1785136090.4198339
1785136090.4198339
1785136090.4198339
1785136090.4198339
1785136090.4198339
1785136090.4198339
1785136090.4198339
1785136090.4198339
1785136090.4198339
1785136090.4198339
1785136090.4198339
1785136090.4198339
1785136090.4198339
1785136090.4198339
1785136090.4198339
1785136090.4198339
1785136090.4200561
1785136090.4200561
1785136090.4200561
1785136090.4200561
1785136090.4200561
1785136090.4200561
1785136090.4200561
1785136090.4200561
1785136090.4200561
1785136090.4200561
1785136090.4200561
1785136090.4200561
1785136090.4200561
1785136090.4200561
1785136090.4200561
1785136090.4200561
1785136090.4200561
1785136090.4200561
1785136090.4200561
1785136090.4200561
1785136090.4200561
1785136090.4200561
1785136090.4200561
1785136090.4200561
1785136090.4200561
1785136090.4200561
1785136090.4200561
1785136090.4200561
1785136090.4200561
1785136090.4200561
1785136090.4200561
1785136090.4200561
1785136090.4200561
1785136090.4200561
1785136090.4200561
1785136090.4200561
1785136090.4200561
1785136090.4200561
1785136090.4200561
1785136090.4200561
1785136090.4200561
1785136090.4200561
1785136090.4202790
1785136090.4202790
1785136090.4202790
1785136090.4202790
1785136090.4202790
1785136090.4202790
1785136090.4202790
1785136090.4202790
1785136090.4202790
1785136090.4202790
1785136090.4202790
1785136090.4202790
1785136090.4202790
1785136090.4202790
1785136090.4202790
1785136090.4202790
1785136090.4202790
1785136090.4202790
1785136090.4202790
1785136090.4202790
1785136090.4202790
1785136090.4202790
1785136090.4202790
1785136090.4202790
1785136090.4202790
1785136090.4202790
1785136090.4202790
1785136090.4202790
1785136090.4202790
1785136090.4202790
1785136090.4202790
1785136090.4202790
1785136090.4202790
1785136090.4202790
1785136090.4202790
1785136090.4202790
1785136090.4202790
1785136090.4202790
1785136090.4202790
1785136090.4202790
1785136090.4202790
1785136090.4202790
1785136090.4202790
1785136090.4205010
1785136090.4205010
1785136090.4205010
1785136090.4205010
1785136090.4205010
1785136090.4205010
1785136090.4205010
1785136090.4205010
1785136090.4205010
1785136090.4205010
1785136090.4205010
1785136090.4205010
1785136090.4205010
1785136090.4205010
1785136090.4205010
1785136090.4205010
1785136090.4205010
1785136090.4205010
1785136090.4205010
1785136090.4205010
1785136090.4205010
1785136090.4205010
1785136090.4205010
1785136090.4205010
1785136090.4205010
1785136090.4205010
1785136090.4205010
1785136090.4205010
1785136090.4205010
1785136090.4205010
1785136090.4205010
1785136090.4205010
1785136090.4205010
1785136090.4205010
1785136090.4205010
1785136090.4205010
1785136090.4205010
1785136090.4205010
1785136090.4205010
1785136090.4205010
1785136090.4205010
1785136090.4205010
1785136090.4205010
1785136090.4207230
1785136090.4207230
1785136090.4207230
1785136090.4207230
1785136090.4207230
1785136090.4207230
1785136090.4207230
1785136090.4207230
1785136090.4207230
1785136090.4207230
1785136090.4207230
1785136090.4207230
1785136090.4207230
1785136090.4207230
1785136090.4207230
1785136090.4207230
1785136090.4207230
1785136090.4207230
1785136090.4207230
1785136090.4207230
1785136090.4207230
1785136090.4207230
1785136090.4207230
1785136090.4207230
1785136090.4207230
1785136090.4207230
1785136090.4207230
1785136090.4207230
1785136090.4207230
1785136090.4207230
1785136090.4207230
1785136090.4207230
1785136090.4207230
1785136090.4207230
1785136090.4207230
1785136090.4207230
1785136090.4207230
1785136090.4207230
1785136090.4207230
1785136090.4207230
1785136090.4207230
1785136090.4207230
1785136090.4207230
1785136090.4209449
1785136090.4209449
1785136090.4209449
1785136090.4209449
1785136090.4209449
1785136090.4209449
1785136090.4209449
1785136090.4209449
1785136090.4209449
1785136090.4209449
1785136090.4209449
1785136090.4209449
1785136090.4209449
1785136090.4209449
1785136090.4209449
1785136090.4209449
1785136090.4209449
1785136090.4209449
1785136090.4209449
1785136090.4209449
1785136090.4209449
1785136090.4209449
1785136090.4209449
1785136090.4209449
1785136090.4209449
1785136090.4209449
1785136090.4209449
1785136090.4209449
1785136090.4209449
1785136090.4209449
1785136090.4209449
1785136090.4209449
1785136090.4209449
1785136090.4209449
1785136090.4209449
1785136090.4209449
1785136090.4209449
1785136090.4209449
1785136090.4209449
1785136090.4209449
1785136090.4209449
1785136090.4209449
1785136090.4209449
1785136090.4211681
1785136090.4211681
1785136090.4211681
1785136090.4211681
1785136090.4211681
1785136090.4211681
1785136090.4211681
1785136090.4211681
1785136090.4211681
1785136090.4211681
1785136090.4211681
1785136090.4211681
1785136090.4211681
1785136090.4211681
1785136090.4211681
1785136090.4211681
1785136090.4211681
1785136090.4211681
1785136090.4211681
1785136090.4211681
1785136090.4211681
1785136090.4211681
1785136090.4211681
1785136090.4211681
1785136090.4211681
1785136090.4211681
1785136090.4211681
1785136090.4211681
1785136090.4211681
1785136090.4211681
1785136090.4211681
1785136090.4211681
1785136090.4211681
1785136090.4211681
1785136090.4211681
1785136090.4211681
1785136090.4211681
1785136090.4211681
1785136090.4211681
1785136090.4211681
1785136090.4211681
1785136090.4211681
1785136090.4211681
1785136090.4213901
1785136090.4213901
1785136090.4213901
1785136090.4213901
1785136090.4213901
1785136090.4213901
1785136090.4213901
1785136090.4213901
1785136090.4213901
1785136090.4213901
1785136090.4213901
1785136090.4213901
1785136090.4213901
1785136090.4213901
1785136090.4213901
1785136090.4213901
1785136090.4213901
1785136090.4213901
1785136090.4213901
1785136090.4213901
1785136090.4213901
1785136090.4213901
1785136090.4213901
1785136090.4213901
1785136090.4213901
1785136090.4213901
1785136090.4213901
1785136090.4213901
1785136090.4213901
1785136090.4213901
1785136090.4213901
1785136090.4213901
1785136090.4213901
1785136090.4213901
1785136090.4213901
1785136090.4213901
1785136090.4213901
1785136090.4213901
1785136090.4213901
1785136090.4213901
1785136090.4213901
1785136090.4213901
1785136090.4213901
1785136090.4216120
1785136090.4216120
1785136090.4216120
1785136090.4216120
1785136090.4216120
1785136090.4216120
1785136090.4216120
1785136090.4216120
1785136090.4216120
1785136090.4216120
1785136090.4216120
1785136090.4216120
1785136090.4216120
1785136090.4216120
1785136090.4216120
1785136090.4216120
1785136090.4216120
1785136090.4216120
1785136090.4216120
1785136090.4216120
1785136090.4216120
1785136090.4216120
1785136090.4216120
1785136090.4216120
1785136090.4216120
1785136090.4216120
1785136090.4216120
1785136090.4216120
1785136090.4216120
1785136090.4216120
1785136090.4216120
1785136090.4216120
1785136090.4216120
1785136090.4216120
1785136090.4216120
1785136090.4216120
1785136090.4216120
1785136090.4216120
1785136090.4216120
1785136090.4216120
1785136090.4216120
1785136090.4216120
1785136090.4216120
1785136090.4216120
1785136090.4218340
1785136090.4218340
1785136090.4218340
1785136090.4218340
1785136090.4218340
1785136090.4218340
1785136090.4218340
1785136090.4218340
1785136090.4218340
1785136090.4218340
1785136090.4218340
1785136090.4218340
1785136090.4218340
1785136090.4218340
1785136090.4218340
1785136090.4218340
1785136090.4218340
1785136090.4218340
1785136090.4218340
1785136090.4218340
1785136090.4218340
1785136090.4218340
1785136090.4218340
1785136090.4218340
1785136090.4218340
1785136090.4218340
1785136090.4218340
1785136090.4218340
1785136090.4218340
1785136090.4218340
1785136090.4218340
1785136090.4218340
1785136090.4218340
1785136090.4218340
1785136090.4218340
1785136090.4218340
1785136090.4218340
1785136090.4218340
1785136090.4218340
1785136090.4218340
1785136090.4218340
1785136090.4218340
1785136090.4218340
1785136090.4220569
1785136090.4220569
1785136090.4220569
1785136090.4220569
1785136090.4220569
1785136090.4220569
1785136090.4220569
1785136090.4220569
1785136090.4220569
1785136090.4220569
1785136090.4220569
1785136090.4220569
1785136090.4220569
1785136090.4220569
1785136090.4220569
1785136090.4220569
1785136090.4220569
1785136090.4220569
1785136090.4220569
1785136090.4220569
1785136090.4220569
1785136090.4220569
1785136090.4220569
1785136090.4220569
1785136090.4220569
1785136090.4220569
1785136090.4220569
1785136090.4220569
1785136090.4220569
1785136090.4220569
1785136090.4220569
1785136090.4220569
1785136090.4220569
1785136090.4220569
1785136090.4220569
1785136090.4220569
1785136090.4220569
1785136090.4220569
1785136090.4220569
1785136090.4220569
1785136090.4220569
1785136090.4220569
1785136090.4222789
1785136090.4222789
1785136090.4222789
1785136090.4222789
1785136090.4222789
1785136090.4222789
1785136090.4222789
1785136090.4222789
1785136090.4222789
1785136090.4222789
1785136090.4222789
1785136090.4222789
1785136090.4222789
1785136090.4222789
1785136090.4222789
1785136090.4222789
1785136090.4222789
1785136090.4222789
1785136090.4222789
1785136090.4222789
1785136090.4222789
1785136090.4222789
1785136090.4222789
1785136090.4222789
1785136090.4222789
1785136090.4222789
1785136090.4222789
1785136090.4222789
1785136090.4222789
1785136090.4222789
1785136090.4222789
1785136090.4222789
1785136090.4222789
1785136090.4222789
1785136090.4222789
1785136090.4222789
1785136090.4222789
1785136090.4222789
1785136090.4222789
1785136090.4222789
1785136090.4222789
1785136090.4225011
1785136090.4225011
1785136090.4225011
1785136090.4225011
1785136090.4225011
1785136090.4225011
1785136090.4225011
1785136090.4225011
1785136090.4225011
1785136090.4225011
1785136090.4225011
1785136090.4225011
1785136090.4225011
1785136090.4225011
1785136090.4225011
1785136090.4225011
1785136090.4225011
1785136090.4225011
1785136090.4225011
1785136090.4225011
1785136090.4225011
1785136090.4225011
1785136090.4225011
1785136090.4225011
1785136090.4225011
1785136090.4225011
1785136090.4225011
1785136090.4225011
1785136090.4225011
1785136090.4225011
1785136090.4225011
1785136090.4225011
1785136090.4225011
1785136090.4225011
1785136090.4225011
1785136090.4225011
1785136090.4225011
1785136090.4225011
1785136090.4225011
1785136090.4225011
1785136090.4225011
1785136090.4227240
1785136090.4227240
1785136090.4227240
1785136090.4227240
1785136090.4227240
1785136090.4227240
1785136090.4227240
1785136090.4227240
1785136090.4227240
1785136090.4227240
1785136090.4227240
1785136090.4227240
1785136090.4227240
1785136090.4227240
1785136090.4227240
1785136090.4227240
1785136090.4227240
1785136090.4227240
1785136090.4227240
1785136090.4227240
1785136090.4227240
1785136090.4227240
1785136090.4227240
1785136090.4227240
1785136090.4227240
1785136090.4227240
1785136090.4227240
1785136090.4227240
1785136090.4227240
1785136090.4227240
1785136090.4227240
1785136090.4227240
1785136090.4227240
1785136090.4227240
1785136090.4227240
1785136090.4227240
1785136090.4227240
1785136090.4227240
1785136090.4227240
1785136090.4227240
1785136090.4227240
1785136090.4227240
1785136090.4229460
1785136090.4229460
1785136090.4229460
1785136090.4229460
1785136090.4229460
1785136090.4229460
1785136090.4229460
1785136090.4229460
1785136090.4229460
1785136090.4229460
1785136090.4229460
1785136090.4229460
1785136090.4229460
1785136090.4229460
1785136090.4229460
1785136090.4229460
1785136090.4229460
1785136090.4229460
1785136090.4229460
1785136090.4229460
1785136090.4229460
1785136090.4229460
1785136090.4229460
1785136090.4229460
1785136090.4229460
1785136090.4229460
1785136090.4229460
1785136090.4229460
1785136090.4229460
1785136090.4229460
1785136090.4229460
1785136090.4229460
1785136090.4229460
1785136090.4229460
1785136090.4229460
1785136090.4229460
1785136090.4229460
1785136090.4229460
1785136090.4229460
1785136090.4229460
1785136090.4229460
1785136090.4229460
1785136090.4229460
1785136090.4229460
1785136090.4229460
1785136090.4229460
1785136090.4229460
1785136090.4229460
1785136090.4229460
1785136090.4229460
1785136090.4229460
1785136090.4231679
1785136090.4231679
1785136090.4231679
1785136090.4231679
1785136090.4231679
1785136090.4231679
1785136090.4231679
1785136090.4231679
1785136090.4231679
1785136090.4231679
1785136090.4231679
1785136090.4231679
1785136090.4231679
1785136090.4231679
1785136090.4231679
1785136090.4231679
1785136090.4231679
1785136090.4231679
1785136090.4231679
1785136090.4231679
1785136090.4231679
1785136090.4231679
1785136090.4231679
1785136090.4231679
1785136090.4231679
1785136090.4231679
1785136090.4231679
1785136090.4231679
1785136090.4231679
1785136090.4231679
1785136090.4231679
1785136090.4231679
1785136090.4231679
1785136090.4231679
1785136090.4231679
1785136090.4231679
1785136090.4231679
1785136090.4231679
1785136090.4231679
1785136090.4231679
1785136090.4231679
1785136090.4231679
1785136090.4231679
1785136090.4231679
1785136090.4231679
1785136090.4231679
1785136090.4231679
1785136090.4231679
1785136090.4231679
1785136090.4231679
1785136090.4231679
1785136090.4231679
1785136090.4231679
1785136090.4231679
1785136090.4231679
1785136090.4231679
1785136090.4231679
1785136090.4231679
1785136090.4231679
1785136090.4231679
1785136090.4231679
1785136090.4233899
1785136090.4233899
1785136090.4233899
1785136090.4233899
1785136090.4233899
1785136090.4233899
1785136090.4233899
1785136090.4233899
1785136090.4233899
1785136090.4233899
1785136090.4233899
1785136090.4233899
1785136090.4233899
1785136090.4233899
1785136090.4233899
1785136090.4233899
1785136090.4233899
1785136090.4233899
1785136090.4233899
1785136090.4233899
1785136090.4233899
1785136090.4233899
1785136090.4233899
1785136090.4233899
1785136090.4233899
1785136090.4233899
1785136090.4233899
1785136090.4233899
1785136090.4233899
1785136090.4233899
1785136090.4233899
1785136090.4233899
1785136090.4233899
1785136090.4233899
1785136090.4233899
1785136090.4233899
1785136090.4233899
1785136090.4233899
1785136090.4233899
1785136090.4233899
1785136090.4233899
1785136090.4233899
1785136090.4233899
1785136090.4233899
1785136090.4233899
1785136090.4233899
1785136090.4233899
1785136090.4233899
1785136090.4233899
1785136090.4233899
1785136090.4233899
1785136090.4233899
1785136090.4233899
1785136090.4233899
1785136090.4233899
1785136090.4233899
1785136090.4233899
1785136090.4233899
1785136090.4233899
1785136090.4233899
1785136090.4233899
1785136090.4233899
1785136090.4236121
1785136090.4236121
1785136090.4236121
1785136090.4236121
1785136090.4236121
1785136090.4236121
1785136090.4236121
1785136090.4236121
1785136090.4236121
1785136090.4236121
1785136090.4236121
1785136090.4236121
1785136090.4236121
1785136090.4236121
1785136090.4236121
1785136090.4236121
1785136090.4236121
1785136090.4236121
1785136090.4236121
1785136090.4236121
1785136090.4236121
1785136090.4236121
1785136090.4236121
1785136090.4236121
1785136090.4236121
1785136090.4236121
1785136090.4236121
1785136090.4236121
1785136090.4236121
1785136090.4236121
1785136090.4236121
1785136090.4236121
1785136090.4236121
1785136090.4236121
1785136090.4236121
1785136090.4236121
1785136090.4236121
1785136090.4236121
1785136090.4236121
1785136090.4236121
1785136090.4236121
1785136090.4236121
1785136090.4236121
1785136090.4236121
1785136090.4236121
1785136090.4236121
1785136090.4236121
1785136090.4236121
1785136090.4236121
1785136090.4236121
1785136090.4236121
1785136090.4236121
1785136090.4236121
1785136090.4236121
1785136090.4236121
1785136090.4236121
1785136090.4236121
1785136090.4236121
1785136090.4236121
1785136090.4236121
1785136090.4236121
1785136090.4236121
1785136090.4236121
1785136090.4236121
1785136090.4238350
1785136090.4238350
1785136090.4238350
1785136090.4238350
1785136090.4238350
1785136090.4238350
1785136090.4238350
1785136090.4238350
1785136090.4238350
1785136090.4238350
1785136090.4238350
1785136090.4238350
1785136090.4238350
1785136090.4238350
1785136090.4238350
1785136090.4238350
1785136090.4238350
1785136090.4238350
1785136090.4238350
1785136090.4238350
1785136090.4238350
1785136090.4238350
1785136090.4238350
1785136090.4238350
1785136090.4238350
1785136090.4238350
1785136090.4238350
1785136090.4238350
1785136090.4238350
1785136090.4238350
1785136090.4238350
1785136090.4238350
1785136090.4238350
1785136090.4238350
1785136090.4238350
1785136090.4238350
1785136090.4238350
1785136090.4238350
1785136090.4238350
1785136090.4238350
1785136090.4238350
1785136090.4238350
1785136090.4238350
1785136090.4238350
1785136090.4238350
1785136090.4238350
1785136090.4238350
1785136090.4238350
1785136090.4238350
1785136090.4238350
1785136090.4238350
1785136090.4238350
1785136090.4238350
1785136090.4238350
1785136090.4238350
1785136090.4238350
1785136090.4238350
1785136090.4238350
1785136090.4238350
1785136090.4238350
1785136090.4238350
1785136090.4240570
1785136090.4240570
1785136090.4240570
1785136090.4240570
1785136090.4240570
1785136090.4240570
1785136090.4240570
1785136090.4240570
1785136090.4240570
1785136090.4240570
1785136090.4240570
1785136090.4240570
1785136090.4240570
1785136090.4240570
1785136090.4240570
1785136090.4240570
1785136090.4240570
1785136090.4240570
1785136090.4240570
1785136090.4240570
1785136090.4240570
1785136090.4240570
1785136090.4240570
1785136090.4240570
1785136090.4240570
1785136090.4240570
1785136090.4240570
1785136090.4240570
1785136090.4240570
1785136090.4240570
1785136090.4240570
1785136090.4240570
1785136090.4240570
1785136090.4240570
1785136090.4240570
1785136090.4240570
1785136090.4240570
1785136090.4240570
1785136090.4240570
1785136090.4240570
1785136090.4240570
1785136090.4240570
1785136090.4240570
1785136090.4240570
1785136090.4240570
1785136090.4240570
1785136090.4240570
1785136090.4240570
1785136090.4240570
1785136090.4240570
1785136090.4240570
1785136090.4240570
1785136090.4240570
1785136090.4242790
1785136090.4242790
1785136090.4242790
1785136090.4242790
1785136090.4242790
1785136090.4242790
1785136090.4242790
1785136090.4242790
1785136090.4242790
1785136090.4242790
1785136090.4242790
1785136090.4242790
1785136090.4242790
1785136090.4242790
1785136090.4242790
1785136090.4242790
1785136090.4242790
1785136090.4242790
1785136090.4242790
1785136090.4242790
1785136090.4242790
1785136090.4242790
1785136090.4242790
1785136090.4242790
1785136090.4242790
1785136090.4242790
1785136090.4242790
1785136090.4242790
1785136090.4242790
1785136090.4242790
1785136090.4242790
1785136090.4242790
1785136090.4242790
1785136090.4242790
1785136090.4242790
1785136090.4242790
1785136090.4242790
1785136090.4242790
1785136090.4242790
1785136090.4242790
1785136090.4242790
1785136090.4242790
1785136090.4242790
1785136090.4242790
1785136090.4242790
1785136090.4242790
1785136090.4242790
1785136090.4242790
1785136090.4242790
1785136090.4242790
1785136090.4242790
1785136090.4242790
1785136090.4242790
1785136090.4242790
1785136090.4242790
1785136090.4245019
1785136090.4245019
1785136090.4245019
1785136090.4245019
1785136090.4245019
1785136090.4245019
1785136090.4245019
1785136090.4245019
1785136090.4245019
1785136090.4245019
1785136090.4245019
1785136090.4245019
1785136090.4245019
1785136090.4245019
1785136090.4245019
1785136090.4245019
1785136090.4245019
1785136090.4245019
1785136090.4245019
1785136090.4245019
1785136090.4245019
1785136090.4245019
1785136090.4245019
1785136090.4245019
1785136090.4245019
1785136090.4245019
1785136090.4245019
1785136090.4245019
1785136090.4245019
1785136090.4245019
1785136090.4245019
1785136090.4245019
1785136090.4245019
1785136090.4245019
1785136090.4245019
1785136090.4245019
1785136090.4245019
1785136090.4245019
1785136090.4245019
1785136090.4245019
1785136090.4245019
1785136090.4245019
1785136090.4245019
1785136090.4245019
1785136090.4245019
1785136090.4245019
1785136090.4245019
1785136090.4245019
1785136090.4245019
1785136090.4245019
1785136090.4245019
1785136090.4245019
1785136090.4245019
1785136090.4245019
1785136090.4245019
1785136090.4245019
1785136090.4247241
1785136090.4247241
1785136090.4247241
1785136090.4247241
1785136090.4247241
1785136090.4247241
1785136090.4247241
1785136090.4247241
1785136090.4247241
1785136090.4247241
1785136090.4247241
1785136090.4247241
1785136090.4247241
1785136090.4247241
1785136090.4247241
1785136090.4247241
1785136090.4247241
1785136090.4247241
1785136090.4247241
1785136090.4247241
1785136090.4247241
1785136090.4247241
1785136090.4247241
1785136090.4247241
1785136090.4247241
1785136090.4247241
1785136090.4247241
1785136090.4247241
1785136090.4247241
1785136090.4247241
1785136090.4247241
1785136090.4247241
1785136090.4247241
1785136090.4247241
1785136090.4247241
1785136090.4247241
1785136090.4247241
1785136090.4247241
1785136090.4247241
1785136090.4247241
1785136090.4247241
1785136090.4247241
1785136090.4247241
1785136090.4247241
1785136090.4247241
1785136090.4247241
1785136090.4247241
1785136090.4247241
1785136090.4247241
1785136090.4247241
1785136090.4247241
1785136090.4247241
1785136090.4247241
1785136090.4247241
1785136090.4247241
1785136090.4247241
1785136090.4247241
1785136090.4247241
1785136090.4247241
1785136090.4247241
1785136090.4247241
1785136090.4247241
1785136090.4247241
1785136090.4247241
1785136090.4247241
1785136090.4247241
1785136090.4247241
1785136090.4247241
1785136090.4249461
1785136090.4249461
1785136090.4249461
1785136090.4249461
1785136090.4249461
1785136090.4249461
1785136090.4249461
1785136090.4249461
1785136090.4249461
1785136090.4249461
1785136090.4249461
1785136090.4249461
1785136090.4249461
1785136090.4249461
1785136090.4249461
1785136090.4249461
1785136090.4249461
1785136090.4249461
1785136090.4249461
1785136090.4249461
1785136090.4249461
1785136090.4249461
1785136090.4249461
1785136090.4249461
1785136090.4249461
1785136090.4249461
1785136090.4249461
1785136090.4249461
1785136090.4249461
1785136090.4249461
1785136090.4249461
1785136090.4249461
1785136090.4249461
1785136090.4249461
1785136090.4249461
1785136090.4249461
1785136090.4249461
1785136090.4249461
1785136090.4249461
1785136090.4249461
1785136090.4249461
1785136090.4249461
1785136090.4249461
1785136090.4249461
1785136090.4249461
1785136090.4249461
1785136090.4249461
1785136090.4249461
1785136090.4249461
1785136090.4249461
1785136090.4249461
1785136090.4249461
1785136090.4249461
1785136090.4249461
1785136090.4249461
1785136090.4249461
1785136090.4249461
1785136090.4249461
1785136090.4249461
1785136090.4249461
1785136090.4249461
1785136090.4249461
1785136090.4249461
1785136090.4249461
1785136090.4249461
1785136090.4249461
1785136090.4249461
1785136090.4249461
1785136090.4249461
1785136090.4249461
1785136090.4251680
1785136090.4251680
1785136090.4251680
1785136090.4251680
1785136090.4251680
1785136090.4251680
1785136090.4251680
1785136090.4251680
1785136090.4251680
1785136090.4251680
1785136090.4251680
1785136090.4251680
1785136090.4251680
1785136090.4251680
1785136090.4251680
1785136090.4251680
1785136090.4251680
1785136090.4251680
1785136090.4251680
1785136090.4251680
1785136090.4251680
1785136090.4251680
1785136090.4251680
1785136090.4251680
1785136090.4251680
1785136090.4251680
1785136090.4251680
1785136090.4251680
1785136090.4251680
1785136090.4251680
1785136090.4251680
1785136090.4251680
1785136090.4251680
1785136090.4251680
1785136090.4251680
1785136090.4251680
1785136090.4251680
1785136090.4251680
1785136090.4251680
1785136090.4251680
1785136090.4251680
1785136090.4251680
1785136090.4251680
1785136090.4251680
1785136090.4251680
1785136090.4251680
1785136090.4251680
1785136090.4251680
1785136090.4251680
1785136090.4251680
1785136090.4251680
1785136090.4251680
1785136090.4251680
1785136090.4251680
1785136090.4251680
1785136090.4251680
1785136090.4251680
1785136090.4251680
1785136090.4251680
1785136090.4251680
1785136090.4251680
1785136090.4251680
1785136090.4251680
1785136090.4251680
1785136090.4251680
1785136090.4251680
1785136090.4251680
1785136090.4251680
1785136090.4253900
1785136090.4253900
1785136090.4253900
1785136090.4253900
1785136090.4253900
1785136090.4253900
1785136090.4253900
1785136090.4253900
1785136090.4253900
1785136090.4253900
1785136090.4253900
1785136090.4253900
1785136090.4253900
1785136090.4253900
1785136090.4253900
1785136090.4253900
1785136090.4253900
1785136090.4253900
1785136090.4253900
1785136090.4253900
1785136090.4253900
1785136090.4253900
1785136090.4253900
1785136090.4253900
1785136090.4253900
1785136090.4253900
1785136090.4253900
1785136090.4253900
1785136090.4253900
1785136090.4253900
1785136090.4253900
1785136090.4253900
1785136090.4253900
1785136090.4253900
1785136090.4253900
1785136090.4253900
1785136090.4253900
1785136090.4253900
1785136090.4253900
1785136090.4253900
1785136090.4253900
1785136090.4253900
1785136090.4253900
1785136090.4253900
1785136090.4253900
1785136090.4253900
1785136090.4253900
1785136090.4253900
1785136090.4253900
1785136090.4253900
1785136090.4253900
1785136090.4253900
1785136090.4253900
1785136090.4253900
1785136090.4253900
1785136090.4253900
1785136090.4253900
1785136090.4253900
1785136090.4253900
1785136090.4253900
1785136090.4253900
1785136090.4253900
1785136090.4253900
1785136090.4253900
1785136090.4253900
1785136090.4253900
1785136090.4256129
1785136090.4256129
1785136090.4256129
1785136090.4256129
1785136090.4256129
1785136090.4256129
1785136090.4256129
1785136090.4256129
1785136090.4256129
1785136090.4256129
1785136090.4256129
1785136090.4256129
1785136090.4256129
1785136090.4256129
1785136090.4256129
1785136090.4256129
1785136090.4256129
1785136090.4256129
1785136090.4256129
1785136090.4256129
1785136090.4256129
1785136090.4256129
1785136090.4256129
1785136090.4256129
1785136090.4256129
1785136090.4256129
1785136090.4256129
1785136090.4256129
1785136090.4256129
1785136090.4256129
1785136090.4256129
1785136090.4256129
1785136090.4256129
1785136090.4256129
1785136090.4256129
1785136090.4256129
1785136090.4256129
1785136090.4256129
1785136090.4256129
1785136090.4256129
1785136090.4256129
1785136090.4256129
1785136090.4256129
1785136090.4256129
1785136090.4256129
1785136090.4256129
1785136090.4256129
1785136090.4256129
1785136090.4256129
1785136090.4256129
1785136090.4256129
1785136090.4256129
1785136090.4256129
1785136090.4256129
1785136090.4256129
1785136090.4256129
1785136090.4256129
1785136090.4256129
1785136090.4256129
1785136090.4256129
1785136090.4258349
1785136090.4258349
1785136090.4258349
1785136090.4258349
1785136090.4258349
1785136090.4258349
1785136090.4258349
1785136090.4258349
1785136090.4258349
1785136090.4258349
1785136090.4258349
1785136090.4258349
1785136090.4258349
1785136090.4258349
1785136090.4258349
1785136090.4258349
1785136090.4258349
1785136090.4258349
1785136090.4258349
1785136090.4258349
1785136090.4258349
1785136090.4258349
1785136090.4258349
1785136090.4258349
1785136090.4258349
1785136090.4258349
1785136090.4258349
1785136090.4258349
1785136090.4258349
1785136090.4258349
1785136090.4258349
1785136090.4258349
1785136090.4258349
1785136090.4258349
1785136090.4258349
1785136090.4258349
1785136090.4258349
1785136090.4258349
1785136090.4258349
1785136090.4258349
1785136090.4258349
1785136090.4258349
1785136090.4258349
1785136090.4258349
1785136090.4258349
1785136090.4258349
1785136090.4258349
1785136090.4258349
1785136090.4258349
1785136090.4258349
1785136090.4258349
1785136090.4258349
1785136090.4258349
1785136090.4258349
1785136090.4258349
1785136090.4258349
1785136090.4258349
1785136090.4258349
1785136090.4258349
1785136090.4258349
1785136090.4258349
1785136090.4258349
1785136090.4258349
1785136090.4258349
1785136090.4260571
1785136090.4260571
1785136090.4260571
1785136090.4260571
1785136090.4260571
1785136090.4260571
1785136090.4260571
1785136090.4260571
1785136090.4260571
1785136090.4260571
1785136090.4260571
1785136090.4260571
1785136090.4260571
1785136090.4260571
1785136090.4260571
1785136090.4260571
1785136090.4260571
1785136090.4260571
1785136090.4260571
1785136090.4260571
1785136090.4260571
1785136090.4260571
1785136090.4260571
1785136090.4260571
1785136090.4260571
1785136090.4260571
1785136090.4260571
1785136090.4260571
1785136090.4260571
1785136090.4260571
1785136090.4260571
1785136090.4260571
1785136090.4260571
1785136090.4260571
1785136090.4260571
1785136090.4260571
1785136090.4260571
1785136090.4260571
1785136090.4260571
1785136090.4260571
1785136090.4260571
1785136090.4260571
1785136090.4260571
1785136090.4260571
1785136090.4260571
1785136090.4260571
1785136090.4260571
1785136090.4260571
1785136090.4260571
1785136090.4260571
1785136090.4260571
1785136090.4260571
1785136090.4260571
1785136090.4260571
1785136090.4260571
1785136090.4260571
1785136090.4260571
1785136090.4260571
1785136090.4260571
1785136090.4260571
1785136090.4260571
1785136090.4260571
1785136090.4260571
1785136090.4262791
1785136090.4262791
1785136090.4262791
1785136090.4262791
1785136090.4262791
1785136090.4262791
1785136090.4262791
1785136090.4262791
1785136090.4262791
1785136090.4262791
1785136090.4262791
1785136090.4262791
1785136090.4262791
1785136090.4262791
1785136090.4262791
1785136090.4262791
1785136090.4262791
1785136090.4262791
1785136090.4262791
1785136090.4262791
1785136090.4262791
1785136090.4262791
1785136090.4262791
1785136090.4262791
1785136090.4262791
1785136090.4262791
1785136090.4262791
1785136090.4262791
1785136090.4262791
1785136090.4262791
1785136090.4262791
1785136090.4262791
1785136090.4262791
1785136090.4262791
1785136090.4262791
1785136090.4262791
1785136090.4262791
1785136090.4262791
1785136090.4262791
1785136090.4262791
1785136090.4262791
1785136090.4262791
1785136090.4262791
1785136090.4262791
1785136090.4262791
1785136090.4262791
1785136090.4262791
1785136090.4262791
1785136090.4262791
1785136090.4262791
1785136090.4262791
1785136090.4262791
1785136090.4262791
1785136090.4262791
1785136090.4262791
1785136090.4262791
1785136090.4262791
1785136090.4262791
1785136090.4262791
1785136090.4262791
1785136090.4262791
1785136090.4262791
1785136090.4265020
1785136090.4265020
1785136090.4265020
1785136090.4265020
1785136090.4265020
1785136090.4265020
1785136090.4265020
1785136090.4265020
1785136090.4265020
1785136090.4265020
1785136090.4265020
1785136090.4265020
1785136090.4265020
1785136090.4265020
1785136090.4265020
1785136090.4265020
1785136090.4265020
1785136090.4265020
1785136090.4265020
1785136090.4265020
1785136090.4265020
1785136090.4265020
1785136090.4265020
1785136090.4265020
1785136090.4265020
1785136090.4265020
1785136090.4265020
1785136090.4265020
1785136090.4265020
1785136090.4265020
1785136090.4265020
1785136090.4265020
1785136090.4265020
1785136090.4265020
1785136090.4265020
1785136090.4265020
1785136090.4265020
1785136090.4265020
1785136090.4265020
1785136090.4265020
1785136090.4265020
1785136090.4265020
1785136090.4265020
1785136090.4265020
1785136090.4265020
1785136090.4265020
1785136090.4265020
1785136090.4265020
1785136090.4265020
1785136090.4265020
1785136090.4265020
1785136090.4265020
1785136090.4265020
1785136090.4265020
1785136090.4265020
1785136090.4265020
1785136090.4265020
1785136090.4265020
1785136090.4265020
1785136090.4265020
1785136090.4265020
1785136090.4265020
1785136090.4265020
1785136090.4267240
1785136090.4267240
1785136090.4267240
1785136090.4267240
1785136090.4267240
1785136090.4267240
1785136090.4267240
1785136090.4267240
1785136090.4267240
1785136090.4267240
1785136090.4267240
1785136090.4267240
1785136090.4267240
1785136090.4267240
1785136090.4267240
1785136090.4267240
1785136090.4267240
1785136090.4267240
1785136090.4267240
1785136090.4267240
1785136090.4267240
1785136090.4267240
1785136090.4267240
1785136090.4267240
1785136090.4267240
1785136090.4267240
1785136090.4267240
1785136090.4267240
1785136090.4267240
1785136090.4267240
1785136090.4267240
1785136090.4267240
1785136090.4267240
1785136090.4267240
1785136090.4267240
1785136090.4267240
1785136090.4267240
1785136090.4267240
1785136090.4267240
1785136090.4267240
1785136090.4267240
1785136090.4267240
1785136090.4267240
1785136090.4267240
1785136090.4267240
1785136090.4267240
1785136090.4267240
1785136090.4267240
1785136090.4267240
1785136090.4267240
1785136090.4267240
1785136090.4267240
1785136090.4267240
1785136090.4267240
1785136090.4267240
1785136090.4267240
1785136090.4267240
1785136090.4267240
1785136090.4267240
1785136090.4267240
1785136090.4267240
1785136090.4269459
1785136090.4269459
1785136090.4269459
1785136090.4269459
1785136090.4269459
1785136090.4269459
1785136090.4269459
1785136090.4269459
1785136090.4269459
1785136090.4269459
1785136090.4269459
1785136090.4269459
1785136090.4269459
1785136090.4269459
1785136090.4269459
1785136090.4269459
1785136090.4269459
1785136090.4269459
1785136090.4269459
1785136090.4269459
1785136090.4269459
1785136090.4269459
1785136090.4269459
1785136090.4269459
1785136090.4269459
1785136090.4269459
1785136090.4269459
1785136090.4269459
1785136090.4269459
1785136090.4269459
1785136090.4269459
1785136090.4269459
1785136090.4269459
1785136090.4269459
1785136090.4269459
1785136090.4269459
1785136090.4269459
1785136090.4269459
1785136090.4269459
1785136090.4269459
1785136090.4269459
1785136090.4269459
1785136090.4269459
1785136090.4269459
1785136090.4269459
1785136090.4269459
1785136090.4269459
1785136090.4269459
1785136090.4269459
1785136090.4269459
1785136090.4269459
1785136090.4269459
1785136090.4269459
1785136090.4269459
1785136090.4269459
1785136090.4269459
1785136090.4269459
1785136090.4269459
1785136090.4269459
1785136090.4269459
1785136090.4269459
1785136090.4269459
1785136090.4271679
1785136090.4271679
1785136090.4271679
1785136090.4271679
1785136090.4271679
1785136090.4271679
1785136090.4271679
1785136090.4271679
1785136090.4271679
1785136090.4271679
1785136090.4271679
1785136090.4271679
1785136090.4271679
1785136090.4271679
1785136090.4271679
1785136090.4271679
1785136090.4271679
1785136090.4271679
1785136090.4271679
1785136090.4271679
1785136090.4271679
1785136090.4271679
1785136090.4271679
1785136090.4271679
1785136090.4271679
1785136090.4271679
1785136090.4271679
1785136090.4271679
1785136090.4271679
1785136090.4271679
1785136090.4271679
1785136090.4271679
1785136090.4271679
1785136090.4271679
1785136090.4271679
1785136090.4271679
1785136090.4271679
1785136090.4271679
1785136090.4271679
1785136090.4271679
1785136090.4271679
1785136090.4271679
1785136090.4271679
1785136090.4271679
1785136090.4271679
1785136090.4271679
1785136090.4271679
1785136090.4271679
1785136090.4271679
1785136090.4271679
1785136090.4271679
1785136090.4271679
1785136090.4271679
1785136090.4271679
1785136090.4271679
1785136090.4271679
1785136090.4271679
1785136090.4271679
1785136090.4271679
1785136090.4271679
1785136090.4271679
1785136090.4273901
1785136090.4273901
1785136090.4273901
1785136090.4273901
1785136090.4273901
1785136090.4273901
1785136090.4273901
1785136090.4273901
1785136090.4273901
1785136090.4273901
1785136090.4273901
1785136090.4273901
1785136090.4273901
1785136090.4273901
1785136090.4273901
1785136090.4273901
1785136090.4273901
1785136090.4273901
1785136090.4273901
1785136090.4273901
1785136090.4273901
1785136090.4273901
1785136090.4273901
1785136090.4273901
1785136090.4273901
1785136090.4273901
1785136090.4273901
1785136090.4273901
1785136090.4273901
1785136090.4273901
1785136090.4273901
1785136090.4273901
1785136090.4273901
1785136090.4273901
1785136090.4273901
1785136090.4273901
1785136090.4273901
1785136090.4273901
1785136090.4273901
1785136090.4273901
1785136090.4273901
1785136090.4273901
1785136090.4273901
1785136090.4273901
1785136090.4273901
1785136090.4273901
1785136090.4273901
1785136090.4273901
1785136090.4273901
1785136090.4273901
1785136090.4273901
1785136090.4273901
1785136090.4273901
1785136090.4273901
1785136090.4276130
1785136090.4276130
1785136090.4276130
1785136090.4276130
1785136090.4276130
1785136090.4276130
1785136090.4276130
1785136090.4276130
1785136090.4276130
1785136090.4276130
1785136090.4276130
1785136090.4276130
1785136090.4276130
1785136090.4276130
1785136090.4276130
1785136090.4276130
1785136090.4276130
1785136090.4276130
1785136090.4276130
1785136090.4276130
1785136090.4276130
1785136090.4276130
1785136090.4276130
1785136090.4276130
1785136090.4276130
1785136090.4276130
1785136090.4276130
1785136090.4276130
1785136090.4276130
1785136090.4276130
1785136090.4276130
1785136090.4276130
1785136090.4276130
1785136090.4276130
1785136090.4276130
1785136090.4276130
1785136090.4276130
1785136090.4276130
1785136090.4276130
1785136090.4276130
1785136090.4276130
1785136090.4276130
1785136090.4276130
1785136090.4276130
1785136090.4276130
1785136090.4276130
1785136090.4276130
1785136090.4278350
1785136090.4278350
1785136090.4278350
1785136090.4278350
1785136090.4278350
1785136090.4278350
1785136090.4278350
1785136090.4278350
1785136090.4278350
1785136090.4278350
1785136090.4278350
1785136090.4278350
1785136090.4278350
1785136090.4278350
1785136090.4278350
1785136090.4278350
1785136090.4278350
1785136090.4278350
1785136090.4278350
1785136090.4278350
1785136090.4278350
1785136090.4278350
1785136090.4278350
1785136090.4278350
1785136090.4278350
1785136090.4278350
1785136090.4278350
1785136090.4278350
1785136090.4278350
1785136090.4278350
1785136090.4278350
1785136090.4278350
1785136090.4278350
1785136090.4278350
1785136090.4278350
1785136090.4278350
1785136090.4278350
1785136090.4278350
1785136090.4278350
1785136090.4278350
1785136090.4278350
1785136090.4278350
1785136090.4278350
1785136090.4278350
1785136090.4278350
1785136090.4278350
1785136090.4278350
1785136090.4278350
1785136090.4280570
1785136090.4280570
1785136090.4280570
1785136090.4280570
1785136090.4280570
1785136090.4280570
1785136090.4280570
1785136090.4280570
1785136090.4280570
1785136090.4280570
1785136090.4280570
1785136090.4280570
1785136090.4280570
1785136090.4280570
1785136090.4280570
1785136090.4280570
1785136090.4280570
1785136090.4280570
1785136090.4280570
1785136090.4280570
1785136090.4280570
1785136090.4280570
1785136090.4280570
1785136090.4280570
1785136090.4280570
1785136090.4280570
1785136090.4280570
1785136090.4280570
1785136090.4280570
1785136090.4280570
1785136090.4280570
1785136090.4280570
1785136090.4280570
1785136090.4280570
1785136090.4280570
1785136090.4280570
1785136090.4280570
1785136090.4280570
1785136090.4280570
1785136090.4280570
1785136090.4280570
1785136090.4280570
1785136090.4280570
1785136090.4280570
1785136090.4280570
1785136090.4280570
1785136090.4280570
1785136090.4280570
1785136090.4282789
1785136090.4282789
1785136090.4282789
1785136090.4282789
1785136090.4282789
1785136090.4282789
1785136090.4282789
1785136090.4282789
1785136090.4282789
1785136090.4282789
1785136090.4282789
1785136090.4282789
1785136090.4282789
1785136090.4282789
1785136090.4282789
1785136090.4282789
1785136090.4282789
1785136090.4282789
1785136090.4282789
1785136090.4282789
1785136090.4282789
1785136090.4282789
1785136090.4282789
1785136090.4282789
1785136090.4282789
1785136090.4282789
1785136090.4282789
1785136090.4282789
1785136090.4282789
1785136090.4282789
1785136090.4282789
1785136090.4282789
1785136090.4282789
1785136090.4282789
1785136090.4282789
1785136090.4282789
1785136090.4282789
1785136090.4282789
1785136090.4282789
1785136090.4282789
1785136090.4282789
1785136090.4282789
1785136090.4282789
1785136090.4282789
1785136090.4282789
1785136090.4282789
1785136090.4282789
1785136090.4282789
1785136090.4285021
1785136090.4285021
1785136090.4285021
1785136090.4285021
1785136090.4285021
1785136090.4285021
1785136090.4285021
1785136090.4285021
1785136090.4285021
1785136090.4285021
1785136090.4285021
1785136090.4285021
1785136090.4285021
1785136090.4285021
1785136090.4285021
1785136090.4285021
1785136090.4285021
1785136090.4285021
1785136090.4285021
1785136090.4285021
1785136090.4285021
1785136090.4285021
1785136090.4285021
1785136090.4285021
1785136090.4285021
1785136090.4285021
1785136090.4285021
1785136090.4285021
1785136090.4285021
1785136090.4285021
1785136090.4285021
1785136090.4285021
1785136090.4285021
1785136090.4285021
1785136090.4285021
1785136090.4285021
1785136090.4285021
1785136090.4285021
1785136090.4285021
1785136090.4285021
1785136090.4285021
1785136090.4285021
1785136090.4285021
1785136090.4285021
1785136090.4285021
1785136090.4285021
1785136090.4285021
1785136090.4285021
1785136090.4285021
1785136090.4287241
1785136090.4287241
1785136090.4287241
1785136090.4287241
1785136090.4287241
1785136090.4287241
1785136090.4287241
1785136090.4287241
1785136090.4287241
1785136090.4287241
1785136090.4287241
1785136090.4287241
1785136090.4287241
1785136090.4287241
1785136090.4287241
1785136090.4287241
1785136090.4287241
1785136090.4287241
1785136090.4287241
1785136090.4287241
1785136090.4287241
1785136090.4287241
1785136090.4287241
1785136090.4287241
1785136090.4287241
1785136090.4287241
1785136090.4287241
1785136090.4287241
1785136090.4287241
1785136090.4287241
1785136090.4287241
1785136090.4287241
1785136090.4287241
1785136090.4287241
1785136090.4287241
1785136090.4287241
1785136090.4287241
1785136090.4287241
1785136090.4287241
1785136090.4287241
1785136090.4287241
1785136090.4287241
1785136090.4287241
1785136090.4287241
1785136090.4287241
1785136090.4287241
1785136090.4287241
1785136090.4287241
1785136090.4287241
1785136090.4289460
1785136090.4289460
1785136090.4289460
1785136090.4289460
1785136090.4289460
1785136090.4289460
1785136090.4289460
1785136090.4289460
1785136090.4289460
1785136090.4289460
1785136090.4289460
1785136090.4289460
1785136090.4289460
1785136090.4289460
1785136090.4289460
1785136090.4289460
1785136090.4289460
1785136090.4289460
1785136090.4289460
1785136090.4289460
1785136090.4289460
1785136090.4289460
1785136090.4289460
1785136090.4289460
1785136090.4289460
1785136090.4289460
1785136090.4289460
1785136090.4289460
1785136090.4289460
1785136090.4289460
1785136090.4289460
1785136090.4289460
1785136090.4289460
1785136090.4289460
1785136090.4289460
1785136090.4289460
1785136090.4289460
1785136090.4289460
1785136090.4289460
1785136090.4289460
1785136090.4289460
1785136090.4289460
1785136090.4289460
1785136090.4289460
1785136090.4289460
1785136090.4289460
1785136090.4289460
1785136090.4289460
1785136090.4289460
1785136090.4291680
1785136090.4291680
1785136090.4291680
1785136090.4291680
1785136090.4291680
1785136090.4291680
1785136090.4291680
1785136090.4291680
1785136090.4291680
1785136090.4291680
1785136090.4291680
1785136090.4291680
1785136090.4291680
1785136090.4291680
1785136090.4291680
1785136090.4291680
1785136090.4291680
1785136090.4291680
1785136090.4291680
1785136090.4291680
1785136090.4291680
1785136090.4291680
1785136090.4291680
1785136090.4291680
1785136090.4291680
1785136090.4291680
1785136090.4291680
1785136090.4291680
1785136090.4291680
1785136090.4291680
1785136090.4291680
1785136090.4291680
1785136090.4291680
1785136090.4291680
1785136090.4291680
1785136090.4291680
1785136090.4291680
1785136090.4291680
1785136090.4291680
1785136090.4291680
1785136090.4291680
1785136090.4291680
1785136090.4291680
1785136090.4291680
1785136090.4291680
1785136090.4291680
1785136090.4291680
1785136090.4291680
1785136090.4291680
1785136090.4293909
1785136090.4293909
1785136090.4293909
1785136090.4293909
1785136090.4293909
1785136090.4293909
1785136090.4293909
1785136090.4293909
1785136090.4293909
1785136090.4293909
1785136090.4293909
1785136090.4293909
1785136090.4293909
1785136090.4293909
1785136090.4293909
1785136090.4293909
1785136090.4293909
1785136090.4293909
1785136090.4293909
1785136090.4293909
1785136090.4293909
1785136090.4293909
1785136090.4293909
1785136090.4293909
1785136090.4293909
1785136090.4293909
1785136090.4293909
1785136090.4293909
1785136090.4293909
1785136090.4293909
1785136090.4293909
1785136090.4293909
1785136090.4293909
1785136090.4293909
1785136090.4293909
1785136090.4293909
1785136090.4293909
1785136090.4293909
1785136090.4293909
1785136090.4293909
1785136090.4293909
1785136090.4293909
1785136090.4293909
1785136090.4293909
1785136090.4293909
1785136090.4293909
1785136090.4293909
1785136090.4293909
1785136090.4293909
1785136090.4296131
1785136090.4296131
1785136090.4296131
1785136090.4296131
1785136090.4296131
1785136090.4296131
1785136090.4296131
1785136090.4296131
1785136090.4296131
1785136090.4296131
1785136090.4296131
1785136090.4296131
1785136090.4296131
1785136090.4296131
1785136090.4296131
1785136090.4296131
1785136090.4296131
1785136090.4296131
1785136090.4296131
1785136090.4296131
1785136090.4296131
1785136090.4296131
1785136090.4296131
1785136090.4296131
1785136090.4296131
1785136090.4296131
1785136090.4296131
1785136090.4296131
1785136090.4296131
1785136090.4296131
1785136090.4296131
1785136090.4296131
1785136090.4296131
1785136090.4296131
1785136090.4296131
1785136090.4296131
1785136090.4296131
1785136090.4296131
1785136090.4296131
1785136090.4296131
1785136090.4296131
1785136090.4296131
1785136090.4296131
1785136090.4296131
1785136090.4296131
1785136090.4296131
1785136090.4296131
1785136090.4296131
1785136090.4296131
1785136090.4298351
1785136090.4298351
1785136090.4298351
1785136090.4298351
1785136090.4298351
1785136090.4298351
1785136090.4298351
1785136090.4298351
1785136090.4298351
1785136090.4298351
1785136090.4298351
1785136090.4298351
1785136090.4298351
1785136090.4298351
1785136090.4298351
1785136090.4298351
1785136090.4298351
1785136090.4298351
1785136090.4298351
1785136090.4298351
1785136090.4298351
1785136090.4298351
1785136090.4298351
1785136090.4298351
1785136090.4298351
1785136090.4298351
1785136090.4298351
1785136090.4298351
1785136090.4298351
1785136090.4298351
1785136090.4298351
1785136090.4298351
1785136090.4298351
1785136090.4298351
1785136090.4298351
1785136090.4298351
1785136090.4298351
1785136090.4298351
1785136090.4298351
1785136090.4298351
1785136090.4298351
1785136090.4298351
1785136090.4298351
1785136090.4298351
1785136090.4298351
1785136090.4298351
1785136090.4298351
1785136090.4298351
1785136090.4298351
1785136090.4300570
1785136090.4300570
1785136090.4300570
1785136090.4300570
1785136090.4300570
1785136090.4300570
1785136090.4300570
1785136090.4300570
1785136090.4300570
1785136090.4300570
1785136090.4300570
1785136090.4300570
1785136090.4300570
1785136090.4300570
1785136090.4300570
1785136090.4300570
1785136090.4300570
1785136090.4300570
1785136090.4300570
1785136090.4300570
1785136090.4300570
1785136090.4300570
1785136090.4300570
1785136090.4300570
1785136090.4300570
1785136090.4300570
1785136090.4300570
1785136090.4300570
1785136090.4300570
1785136090.4300570
1785136090.4300570
1785136090.4300570
1785136090.4300570
1785136090.4300570
1785136090.4300570
1785136090.4300570
1785136090.4300570
1785136090.4300570
1785136090.4300570
1785136090.4300570
1785136090.4300570
1785136090.4300570
1785136090.4300570
1785136090.4300570
1785136090.4300570
1785136090.4300570
1785136090.4300570
1785136090.4300570
1785136090.4300570
1785136090.4300570
1785136090.4302800
1785136090.4302800
1785136090.4302800
1785136090.4302800
1785136090.4302800
1785136090.4302800
1785136090.4302800
1785136090.4302800
1785136090.4302800
1785136090.4302800
1785136090.4302800
1785136090.4302800
1785136090.4302800
1785136090.4302800
1785136090.4302800
1785136090.4302800
1785136090.4302800
1785136090.4302800
1785136090.4302800
1785136090.4302800
1785136090.4302800
1785136090.4302800
1785136090.4302800
1785136090.4302800
1785136090.4302800
1785136090.4302800
1785136090.4302800
1785136090.4302800
1785136090.4302800
1785136090.4302800
1785136090.4302800
1785136090.4302800
1785136090.4302800
1785136090.4302800
1785136090.4302800
1785136090.4302800
1785136090.4302800
1785136090.4302800
1785136090.4302800
1785136090.4302800
1785136090.4302800
1785136090.4302800
1785136090.4302800
1785136090.4302800
1785136090.4302800
1785136090.4302800
1785136090.4302800
1785136090.4302800
1785136090.4302800
1785136090.4302800
1785136090.4305019
1785136090.4305019
1785136090.4305019
1785136090.4305019
1785136090.4305019
1785136090.4305019
1785136090.4305019
1785136090.4305019
1785136090.4305019
1785136090.4305019
1785136090.4305019
1785136090.4305019
1785136090.4305019
1785136090.4305019
1785136090.4305019
1785136090.4305019
1785136090.4305019
1785136090.4305019
1785136090.4305019
1785136090.4305019
1785136090.4305019
1785136090.4305019
1785136090.4305019
1785136090.4305019
1785136090.4305019
1785136090.4305019
1785136090.4305019
1785136090.4305019
1785136090.4305019
1785136090.4305019
1785136090.4305019
1785136090.4305019
1785136090.4305019
1785136090.4305019
1785136090.4305019
1785136090.4305019
1785136090.4305019
1785136090.4305019
1785136090.4305019
1785136090.4305019
1785136090.4305019
1785136090.4305019
1785136090.4305019
1785136090.4305019
1785136090.4305019
1785136090.4305019
1785136090.4305019
1785136090.4305019
1785136090.4305019
1785136090.4305019
1785136090.4307239
1785136090.4307239
1785136090.4307239
1785136090.4307239
1785136090.4307239
1785136090.4307239
1785136090.4307239
1785136090.4307239
1785136090.4307239
1785136090.4307239
1785136090.4307239
1785136090.4307239
1785136090.4307239
1785136090.4307239
1785136090.4307239
1785136090.4307239
1785136090.4307239
1785136090.4307239
1785136090.4307239
1785136090.4307239
1785136090.4307239
1785136090.4307239
1785136090.4307239
1785136090.4307239
1785136090.4307239
1785136090.4307239
1785136090.4307239
1785136090.4307239
1785136090.4307239
1785136090.4307239
1785136090.4307239
1785136090.4307239
1785136090.4307239
1785136090.4307239
1785136090.4307239
1785136090.4307239
1785136090.4307239
1785136090.4307239
1785136090.4307239
1785136090.4307239
1785136090.4307239
1785136090.4307239
1785136090.4307239
1785136090.4307239
1785136090.4307239
1785136090.4307239
1785136090.4307239
1785136090.4307239
1785136090.4307239
1785136090.4307239
1785136090.4309461
1785136090.4309461
1785136090.4309461
1785136090.4309461
1785136090.4309461
1785136090.4309461
1785136090.4309461
1785136090.4309461
1785136090.4309461
1785136090.4309461
1785136090.4309461
1785136090.4309461
1785136090.4309461
1785136090.4309461
1785136090.4309461
1785136090.4309461
1785136090.4309461
1785136090.4309461
1785136090.4309461
1785136090.4309461
1785136090.4309461
1785136090.4309461
1785136090.4309461
1785136090.4309461
1785136090.4309461
1785136090.4309461
1785136090.4309461
1785136090.4309461
1785136090.4309461
1785136090.4309461
1785136090.4309461
1785136090.4309461
1785136090.4309461
1785136090.4309461
1785136090.4309461
1785136090.4309461
1785136090.4309461
1785136090.4309461
1785136090.4309461
1785136090.4309461
1785136090.4309461
1785136090.4309461
1785136090.4309461
1785136090.4309461
1785136090.4309461
1785136090.4309461
1785136090.4309461
1785136090.4309461
1785136090.4309461
1785136090.4309461
1785136090.4311690
1785136090.4311690
1785136090.4311690
1785136090.4311690
1785136090.4311690
1785136090.4311690
1785136090.4311690
1785136090.4311690
1785136090.4311690
1785136090.4311690
1785136090.4311690
1785136090.4311690
1785136090.4311690
1785136090.4311690
1785136090.4311690
1785136090.4311690
1785136090.4311690
1785136090.4311690
1785136090.4311690
1785136090.4311690
1785136090.4311690
1785136090.4311690
1785136090.4311690
1785136090.4311690
1785136090.4311690
1785136090.4311690
1785136090.4311690
1785136090.4311690
1785136090.4311690
1785136090.4311690
1785136090.4311690
1785136090.4311690
1785136090.4311690
1785136090.4311690
1785136090.4311690
1785136090.4311690
1785136090.4311690
1785136090.4311690
1785136090.4311690
1785136090.4311690
1785136090.4311690
1785136090.4311690
1785136090.4311690
1785136090.4311690
1785136090.4311690
1785136090.4311690
1785136090.4311690
1785136090.4311690
1785136090.4311690
1785136090.4311690
1785136090.4313910
1785136090.4313910
1785136090.4313910
1785136090.4313910
1785136090.4313910
1785136090.4313910
1785136090.4313910
1785136090.4313910
1785136090.4313910
1785136090.4313910
1785136090.4313910
1785136090.4313910
1785136090.4313910
1785136090.4313910
1785136090.4313910
1785136090.4313910
1785136090.4313910
1785136090.4313910
1785136090.4313910
1785136090.4313910
1785136090.4313910
1785136090.4313910
1785136090.4313910
1785136090.4313910
1785136090.4313910
1785136090.4313910
1785136090.4313910
1785136090.4313910
1785136090.4313910
1785136090.4313910
1785136090.4313910
1785136090.4313910
1785136090.4313910
1785136090.4313910
1785136090.4313910
1785136090.4313910
1785136090.4313910
1785136090.4313910
1785136090.4313910
1785136090.4313910
1785136090.4313910
1785136090.4313910
1785136090.4313910
1785136090.4313910
1785136090.4313910
1785136090.4313910
1785136090.4313910
1785136090.4313910
1785136090.4313910
1785136090.4313910
1785136090.4316130
1785136090.4316130
1785136090.4316130
1785136090.4316130
1785136090.4316130
1785136090.4316130
1785136090.4316130
1785136090.4316130
1785136090.4316130
1785136090.4316130
1785136090.4316130
1785136090.4316130
1785136090.4316130
1785136090.4316130
1785136090.4316130
1785136090.4316130
1785136090.4316130
1785136090.4316130
1785136090.4316130
1785136090.4316130
1785136090.4316130
1785136090.4316130
1785136090.4316130
1785136090.4316130
1785136090.4316130
1785136090.4316130
1785136090.4316130
1785136090.4316130
1785136090.4316130
1785136090.4316130
1785136090.4316130
1785136090.4316130
1785136090.4316130
1785136090.4316130
1785136090.4316130
1785136090.4316130
1785136090.4316130
1785136090.4316130
1785136090.4316130
1785136090.4316130
1785136090.4316130
1785136090.4316130
1785136090.4316130
1785136090.4316130
1785136090.4316130
1785136090.4316130
1785136090.4316130
1785136090.4316130
1785136090.4316130
1785136090.4316130
1785136090.4318349
1785136090.4318349
1785136090.4318349
1785136090.4318349
1785136090.4318349
1785136090.4318349
1785136090.4318349
1785136090.4318349
1785136090.4318349
1785136090.4318349
1785136090.4318349
1785136090.4318349
1785136090.4318349
1785136090.4318349
1785136090.4318349
1785136090.4318349
1785136090.4318349
1785136090.4318349
1785136090.4318349
1785136090.4318349
1785136090.4318349
1785136090.4318349
1785136090.4318349
1785136090.4318349
1785136090.4318349
1785136090.4318349
1785136090.4318349
1785136090.4318349
1785136090.4318349
1785136090.4318349
1785136090.4318349
1785136090.4318349
1785136090.4318349
1785136090.4318349
1785136090.4318349
1785136090.4318349
1785136090.4318349
1785136090.4318349
1785136090.4318349
1785136090.4318349
1785136090.4318349
1785136090.4318349
1785136090.4318349
1785136090.4318349
1785136090.4318349
1785136090.4318349
1785136090.4318349
1785136090.4318349
1785136090.4318349
1785136090.4318349
1785136090.4318349
1785136090.4320581
1785136090.4320581
1785136090.4320581
1785136090.4320581
1785136090.4320581
1785136090.4320581
1785136090.4320581
1785136090.4320581
1785136090.4320581
1785136090.4320581
1785136090.4320581
1785136090.4320581
1785136090.4320581
1785136090.4320581
1785136090.4320581
1785136090.4320581
1785136090.4320581
1785136090.4320581
1785136090.4320581
1785136090.4320581
1785136090.4320581
1785136090.4320581
1785136090.4320581
1785136090.4320581
1785136090.4320581
1785136090.4320581
1785136090.4320581
1785136090.4320581
1785136090.4320581
1785136090.4320581
1785136090.4320581
1785136090.4320581
1785136090.4320581
1785136090.4320581
1785136090.4320581
1785136090.4320581
1785136090.4320581
1785136090.4320581
1785136090.4320581
1785136090.4320581
1785136090.4320581
1785136090.4320581
1785136090.4320581
1785136090.4320581
1785136090.4320581
1785136090.4320581
1785136090.4320581
1785136090.4320581
1785136090.4320581
1785136090.4320581
1785136090.4320581
1785136090.4322801
1785136090.4322801
1785136090.4322801
1785136090.4322801
1785136090.4322801
1785136090.4322801
1785136090.4322801
1785136090.4322801
1785136090.4322801
1785136090.4322801
1785136090.4322801
1785136090.4322801
1785136090.4322801
1785136090.4322801
1785136090.4322801
1785136090.4322801
1785136090.4322801
1785136090.4322801
1785136090.4322801
1785136090.4322801
1785136090.4322801
1785136090.4322801
1785136090.4322801
1785136090.4322801
1785136090.4322801
1785136090.4322801
1785136090.4322801
1785136090.4322801
1785136090.4322801
1785136090.4322801
1785136090.4322801
1785136090.4322801
1785136090.4322801
1785136090.4322801
1785136090.4322801
1785136090.4322801
1785136090.4322801
1785136090.4322801
1785136090.4322801
1785136090.4322801
1785136090.4322801
1785136090.4322801
1785136090.4322801
1785136090.4322801
1785136090.4322801
1785136090.4322801
1785136090.4322801
1785136090.4322801
1785136090.4322801
1785136090.4322801
1785136090.4322801
1785136090.4325020
1785136090.4325020
1785136090.4325020
1785136090.4325020
1785136090.4325020
1785136090.4325020
1785136090.4325020
1785136090.4325020
1785136090.4325020
1785136090.4325020
1785136090.4325020
1785136090.4325020
1785136090.4325020
1785136090.4325020
1785136090.4325020
1785136090.4325020
1785136090.4325020
1785136090.4325020
1785136090.4325020
1785136090.4325020
1785136090.4325020
1785136090.4325020
1785136090.4325020
1785136090.4325020
1785136090.4325020
1785136090.4325020
1785136090.4325020
1785136090.4325020
1785136090.4325020
1785136090.4325020
1785136090.4325020
1785136090.4325020
1785136090.4325020
1785136090.4325020
1785136090.4325020
1785136090.4325020
1785136090.4325020
1785136090.4325020
1785136090.4325020
1785136090.4325020
1785136090.4325020
1785136090.4325020
1785136090.4325020
1785136090.4325020
1785136090.4325020
1785136090.4325020
1785136090.4325020
1785136090.4325020
1785136090.4325020
1785136090.4325020
1785136090.4325020
1785136090.4327240
1785136090.4327240
1785136090.4327240
1785136090.4327240
1785136090.4327240
1785136090.4327240
1785136090.4327240
1785136090.4327240
1785136090.4327240
1785136090.4327240
1785136090.4327240
1785136090.4327240
1785136090.4327240
1785136090.4327240
1785136090.4327240
1785136090.4327240
1785136090.4327240
1785136090.4327240
1785136090.4327240
1785136090.4327240
1785136090.4327240
1785136090.4327240
1785136090.4327240
1785136090.4327240
1785136090.4327240
1785136090.4327240
1785136090.4327240
1785136090.4327240
1785136090.4327240
1785136090.4327240
1785136090.4327240
1785136090.4327240
1785136090.4327240
1785136090.4327240
1785136090.4327240
1785136090.4327240
1785136090.4327240
1785136090.4327240
1785136090.4327240
1785136090.4327240
1785136090.4327240
1785136090.4327240
1785136090.4327240
1785136090.4327240
1785136090.4327240
1785136090.4327240
1785136090.4327240
1785136090.4327240
1785136090.4327240
1785136090.4327240
1785136090.4327240
1785136090.4329469
1785136090.4329469
1785136090.4329469
1785136090.4329469
1785136090.4329469
1785136090.4329469
1785136090.4329469
1785136090.4329469
1785136090.4329469
1785136090.4329469
1785136090.4329469
1785136090.4329469
1785136090.4329469
1785136090.4329469
1785136090.4329469
1785136090.4329469
1785136090.4329469
1785136090.4329469
1785136090.4329469
1785136090.4329469
1785136090.4329469
1785136090.4329469
1785136090.4329469
1785136090.4329469
1785136090.4329469
1785136090.4329469
1785136090.4329469
1785136090.4329469
1785136090.4329469
1785136090.4329469
1785136090.4329469
1785136090.4329469
1785136090.4329469
1785136090.4329469
1785136090.4329469
1785136090.4329469
1785136090.4329469
1785136090.4329469
1785136090.4329469
1785136090.4329469
1785136090.4329469
1785136090.4329469
1785136090.4329469
1785136090.4329469
1785136090.4329469
1785136090.4329469
1785136090.4329469
1785136090.4329469
1785136090.4329469
1785136090.4329469
1785136090.4329469
1785136090.4331689
1785136090.4331689
1785136090.4331689
1785136090.4331689
1785136090.4331689
1785136090.4331689
1785136090.4331689
1785136090.4331689
1785136090.4331689
1785136090.4331689
1785136090.4331689
1785136090.4331689
1785136090.4331689
1785136090.4331689
1785136090.4331689
1785136090.4331689
1785136090.4331689
1785136090.4331689
1785136090.4331689
1785136090.4331689
1785136090.4331689
1785136090.4331689
1785136090.4331689
1785136090.4331689
1785136090.4331689
1785136090.4331689
1785136090.4331689
1785136090.4331689
1785136090.4331689
1785136090.4331689
1785136090.4331689
1785136090.4331689
1785136090.4331689
1785136090.4331689
1785136090.4331689
1785136090.4331689
1785136090.4331689
1785136090.4331689
1785136090.4331689
1785136090.4331689
1785136090.4331689
1785136090.4331689
1785136090.4331689
1785136090.4331689
1785136090.4331689
1785136090.4331689
1785136090.4331689
1785136090.4331689
1785136090.4331689
1785136090.4331689
1785136090.4331689
1785136090.4333911
1785136090.4333911
1785136090.4333911
1785136090.4333911
1785136090.4333911
1785136090.4333911
1785136090.4333911
1785136090.4333911
1785136090.4333911
1785136090.4333911
1785136090.4333911
1785136090.4333911
1785136090.4333911
1785136090.4333911
1785136090.4333911
1785136090.4333911
1785136090.4333911
1785136090.4333911
1785136090.4333911
1785136090.4333911
1785136090.4333911
1785136090.4333911
1785136090.4333911
1785136090.4333911
1785136090.4333911
1785136090.4333911
1785136090.4333911
1785136090.4333911
1785136090.4333911
1785136090.4333911
1785136090.4333911
1785136090.4333911
1785136090.4333911
1785136090.4333911
1785136090.4333911
1785136090.4333911
1785136090.4333911
1785136090.4333911
1785136090.4333911
1785136090.4333911
1785136090.4333911
1785136090.4333911
1785136090.4333911
1785136090.4333911
1785136090.4333911
1785136090.4333911
1785136090.4333911
1785136090.4333911
1785136090.4333911
1785136090.4333911
1785136090.4333911
1785136090.4336131
1785136090.4336131
1785136090.4336131
1785136090.4336131
1785136090.4336131
1785136090.4336131
1785136090.4336131
1785136090.4336131
1785136090.4336131
1785136090.4336131
1785136090.4336131
1785136090.4336131
1785136090.4336131
1785136090.4336131
1785136090.4336131
1785136090.4336131
1785136090.4336131
1785136090.4336131
1785136090.4336131
1785136090.4336131
1785136090.4336131
1785136090.4336131
1785136090.4336131
1785136090.4336131
1785136090.4336131
1785136090.4336131
1785136090.4336131
1785136090.4336131
1785136090.4336131
1785136090.4336131
1785136090.4336131
1785136090.4336131
1785136090.4336131
1785136090.4336131
1785136090.4336131
1785136090.4336131
1785136090.4336131
1785136090.4336131
1785136090.4336131
1785136090.4336131
1785136090.4336131
1785136090.4336131
1785136090.4336131
1785136090.4336131
1785136090.4336131
1785136090.4336131
1785136090.4336131
1785136090.4336131
1785136090.4336131
1785136090.4336131
1785136090.4336131
1785136090.4338360
1785136090.4338360
1785136090.4338360
1785136090.4338360
1785136090.4338360
1785136090.4338360
1785136090.4338360
1785136090.4338360
1785136090.4338360
1785136090.4338360
1785136090.4338360
1785136090.4338360
1785136090.4338360
1785136090.4338360
1785136090.4338360
1785136090.4338360
1785136090.4338360
1785136090.4338360
1785136090.4338360
1785136090.4338360
1785136090.4338360
1785136090.4338360
1785136090.4338360
1785136090.4338360
1785136090.4338360
1785136090.4338360
1785136090.4338360
1785136090.4338360
1785136090.4338360
1785136090.4338360
1785136090.4338360
1785136090.4338360
1785136090.4338360
1785136090.4338360
1785136090.4338360
1785136090.4338360
1785136090.4338360
1785136090.4338360
1785136090.4338360
1785136090.4338360
1785136090.4338360
1785136090.4338360
1785136090.4338360
1785136090.4338360
1785136090.4338360
1785136090.4338360
1785136090.4338360
1785136090.4338360
1785136090.4338360
1785136090.4338360
1785136090.4338360
1785136090.4338360
1785136090.4340580
1785136090.4340580
1785136090.4340580
1785136090.4340580
1785136090.4340580
1785136090.4340580
1785136090.4340580
1785136090.4340580
1785136090.4340580
1785136090.4340580
1785136090.4340580
1785136090.4340580
1785136090.4340580
1785136090.4340580
1785136090.4340580
1785136090.4340580
1785136090.4340580
1785136090.4340580
1785136090.4340580
1785136090.4340580
1785136090.4340580
1785136090.4340580
1785136090.4340580
1785136090.4340580
1785136090.4340580
1785136090.4340580
1785136090.4340580
1785136090.4340580
1785136090.4340580
1785136090.4340580
1785136090.4340580
1785136090.4340580
1785136090.4340580
1785136090.4340580
1785136090.4340580
1785136090.4340580
1785136090.4340580
1785136090.4340580
1785136090.4340580
1785136090.4340580
1785136090.4340580
1785136090.4340580
1785136090.4340580
1785136090.4340580
1785136090.4340580
1785136090.4340580
1785136090.4340580
1785136090.4340580
1785136090.4340580
1785136090.4340580
1785136090.4340580
1785136090.4340580
1785136090.4342799
1785136090.4342799
1785136090.4342799
1785136090.4342799
1785136090.4342799
1785136090.4342799
1785136090.4342799
1785136090.4342799
1785136090.4342799
1785136090.4342799
1785136090.4342799
1785136090.4342799
1785136090.4342799
1785136090.4342799
1785136090.4342799
1785136090.4342799
1785136090.4342799
1785136090.4342799
1785136090.4342799
1785136090.4342799
1785136090.4342799
1785136090.4342799
1785136090.4342799
1785136090.4342799
1785136090.4342799
1785136090.4342799
1785136090.4342799
1785136090.4342799
1785136090.4342799
1785136090.4342799
1785136090.4342799
1785136090.4342799
1785136090.4342799
1785136090.4342799
1785136090.4342799
1785136090.4342799
1785136090.4342799
1785136090.4342799
1785136090.4342799
1785136090.4342799
1785136090.4342799
1785136090.4342799
1785136090.4342799
1785136090.4342799
1785136090.4342799
1785136090.4342799
1785136090.4342799
1785136090.4342799
1785136090.4342799
1785136090.4342799
1785136090.4342799
1785136090.4342799
1785136090.4345019
1785136090.4345019
1785136090.4345019
1785136090.4345019
1785136090.4345019
1785136090.4345019
1785136090.4345019
1785136090.4345019
1785136090.4345019
1785136090.4345019
1785136090.4345019
1785136090.4345019
1785136090.4345019
1785136090.4345019
1785136090.4345019
1785136090.4345019
1785136090.4345019
1785136090.4345019
1785136090.4345019
1785136090.4345019
1785136090.4345019
1785136090.4345019
1785136090.4345019
1785136090.4345019
1785136090.4345019
1785136090.4345019
1785136090.4345019
1785136090.4345019
1785136090.4345019
1785136090.4345019
1785136090.4345019
1785136090.4345019
1785136090.4345019
1785136090.4345019
1785136090.4345019
1785136090.4345019
1785136090.4345019
1785136090.4345019
1785136090.4345019
1785136090.4345019
1785136090.4345019
1785136090.4345019
1785136090.4345019
1785136090.4345019
1785136090.4345019
1785136090.4345019
1785136090.4345019
1785136090.4345019
1785136090.4345019
1785136090.4345019
1785136090.4345019
1785136090.4345019
1785136090.4347250
1785136090.4347250
1785136090.4347250
1785136090.4347250
1785136090.4347250
1785136090.4347250
1785136090.4347250
1785136090.4347250
1785136090.4347250
1785136090.4347250
1785136090.4347250
1785136090.4347250
1785136090.4347250
1785136090.4347250
1785136090.4347250
1785136090.4347250
1785136090.4347250
1785136090.4347250
1785136090.4347250
1785136090.4347250
1785136090.4347250
1785136090.4347250
1785136090.4347250
1785136090.4347250
1785136090.4347250
1785136090.4347250
1785136090.4347250
1785136090.4347250
1785136090.4347250
1785136090.4347250
1785136090.4347250
1785136090.4347250
1785136090.4347250
1785136090.4347250
1785136090.4347250
1785136090.4347250
1785136090.4347250
1785136090.4347250
1785136090.4347250
1785136090.4347250
1785136090.4347250
1785136090.4347250
1785136090.4347250
1785136090.4347250
1785136090.4347250
1785136090.4347250
1785136090.4347250
1785136090.4347250
1785136090.4347250
1785136090.4347250
1785136090.4347250
1785136090.4347250
1785136090.4349470
1785136090.4349470
1785136090.4349470
1785136090.4349470
1785136090.4349470
1785136090.4349470
1785136090.4349470
1785136090.4349470
1785136090.4349470
1785136090.4349470
1785136090.4349470
1785136090.4349470
1785136090.4349470
1785136090.4349470
1785136090.4349470
1785136090.4349470
1785136090.4349470
1785136090.4349470
1785136090.4349470
1785136090.4349470
1785136090.4349470
1785136090.4349470
1785136090.4349470
1785136090.4349470
1785136090.4349470
1785136090.4349470
1785136090.4349470
1785136090.4349470
1785136090.4349470
1785136090.4349470
1785136090.4349470
1785136090.4349470
1785136090.4349470
1785136090.4349470
1785136090.4349470
1785136090.4349470
1785136090.4349470
1785136090.4349470
1785136090.4349470
1785136090.4349470
1785136090.4349470
1785136090.4349470
1785136090.4349470
1785136090.4349470
1785136090.4349470
1785136090.4349470
1785136090.4349470
1785136090.4349470
1785136090.4349470
1785136090.4349470
1785136090.4349470
1785136090.4349470
1785136090.4351690
1785136090.4351690
1785136090.4351690
1785136090.4351690
1785136090.4351690
1785136090.4351690
1785136090.4351690
1785136090.4351690
1785136090.4351690
1785136090.4351690
1785136090.4351690
1785136090.4351690
1785136090.4351690
1785136090.4351690
1785136090.4351690
1785136090.4351690
1785136090.4351690
1785136090.4351690
1785136090.4351690
1785136090.4351690
1785136090.4351690
1785136090.4351690
1785136090.4351690
1785136090.4351690
1785136090.4351690
1785136090.4351690
1785136090.4351690
1785136090.4351690
1785136090.4351690
1785136090.4351690
1785136090.4351690
1785136090.4351690
1785136090.4351690
1785136090.4351690
1785136090.4351690
1785136090.4351690
1785136090.4351690
1785136090.4351690
1785136090.4351690
1785136090.4351690
1785136090.4351690
1785136090.4351690
1785136090.4351690
1785136090.4351690
1785136090.4351690
1785136090.4351690
1785136090.4351690
1785136090.4351690
1785136090.4351690
1785136090.4351690
1785136090.4351690
1785136090.4351690
1785136090.4353909
1785136090.4353909
1785136090.4353909
1785136090.4353909
1785136090.4353909
1785136090.4353909
1785136090.4353909
1785136090.4353909
1785136090.4353909
1785136090.4353909
1785136090.4353909
1785136090.4353909
1785136090.4353909
1785136090.4353909
1785136090.4353909
1785136090.4353909
1785136090.4353909
1785136090.4353909
1785136090.4353909
1785136090.4353909
1785136090.4353909
1785136090.4353909
1785136090.4353909
1785136090.4353909
1785136090.4353909
1785136090.4353909
1785136090.4353909
1785136090.4353909
1785136090.4353909
1785136090.4353909
1785136090.4353909
1785136090.4353909
1785136090.4353909
1785136090.4353909
1785136090.4353909
1785136090.4353909
1785136090.4353909
1785136090.4353909
1785136090.4353909
1785136090.4353909
1785136090.4353909
1785136090.4353909
1785136090.4353909
1785136090.4353909
1785136090.4353909
1785136090.4353909
1785136090.4353909
1785136090.4353909
1785136090.4353909
1785136090.4353909
1785136090.4353909
1785136090.4353909
1785136090.4356141
1785136090.4356141
1785136090.4356141
1785136090.4356141
1785136090.4356141
1785136090.4356141
1785136090.4356141
1785136090.4356141
1785136090.4356141
1785136090.4356141
1785136090.4356141
1785136090.4356141
1785136090.4356141
1785136090.4356141
1785136090.4356141
1785136090.4356141
1785136090.4356141
1785136090.4356141
1785136090.4356141
1785136090.4356141
1785136090.4356141
1785136090.4356141
1785136090.4356141
1785136090.4356141
1785136090.4356141
1785136090.4356141
1785136090.4356141
1785136090.4356141
1785136090.4356141
1785136090.4356141
1785136090.4356141
1785136090.4356141
1785136090.4356141
1785136090.4356141
1785136090.4356141
1785136090.4356141
1785136090.4356141
1785136090.4356141
1785136090.4356141
1785136090.4356141
1785136090.4356141
1785136090.4356141
1785136090.4356141
1785136090.4356141
1785136090.4356141
1785136090.4356141
1785136090.4356141
1785136090.4356141
1785136090.4356141
1785136090.4356141
1785136090.4356141
1785136090.4356141
1785136090.4358361
1785136090.4358361
1785136090.4358361
1785136090.4358361
1785136090.4358361
1785136090.4358361
1785136090.4358361
1785136090.4358361
1785136090.4358361
1785136090.4358361
1785136090.4358361
1785136090.4358361
1785136090.4358361
1785136090.4358361
1785136090.4358361
1785136090.4358361
1785136090.4358361
1785136090.4358361
1785136090.4358361
1785136090.4358361
1785136090.4358361
1785136090.4358361
1785136090.4358361
1785136090.4358361
1785136090.4358361
1785136090.4358361
1785136090.4358361
1785136090.4358361
1785136090.4358361
1785136090.4358361
1785136090.4358361
1785136090.4358361
1785136090.4358361
1785136090.4358361
1785136090.4358361
1785136090.4358361
1785136090.4358361
1785136090.4358361
1785136090.4358361
1785136090.4358361
1785136090.4358361
1785136090.4358361
1785136090.4358361
1785136090.4358361
1785136090.4358361
1785136090.4358361
1785136090.4358361
1785136090.4358361
1785136090.4358361
1785136090.4358361
1785136090.4358361
1785136090.4358361
1785136090.4360580
1785136090.4360580
1785136090.4360580
1785136090.4360580
1785136090.4360580
1785136090.4360580
1785136090.4360580
1785136090.4360580
1785136090.4360580
1785136090.4360580
1785136090.4360580
1785136090.4360580
1785136090.4360580
1785136090.4360580
1785136090.4360580
1785136090.4360580
1785136090.4360580
1785136090.4360580
1785136090.4360580
1785136090.4360580
1785136090.4360580
1785136090.4360580
1785136090.4360580
1785136090.4360580
1785136090.4360580
1785136090.4360580
1785136090.4360580
1785136090.4360580
1785136090.4360580
1785136090.4360580
1785136090.4360580
1785136090.4360580
1785136090.4360580
1785136090.4360580
1785136090.4360580
1785136090.4360580
1785136090.4360580
1785136090.4360580
1785136090.4360580
1785136090.4360580
1785136090.4360580
1785136090.4360580
1785136090.4360580
1785136090.4360580
1785136090.4360580
1785136090.4360580
1785136090.4360580
1785136090.4360580
1785136090.4360580
1785136090.4360580
1785136090.4360580
1785136090.4360580
1785136090.4362800
1785136090.4362800
1785136090.4362800
1785136090.4362800
1785136090.4362800
1785136090.4362800
1785136090.4362800
1785136090.4362800
1785136090.4362800
1785136090.4362800
1785136090.4362800
1785136090.4362800
1785136090.4362800
1785136090.4362800
1785136090.4362800
1785136090.4362800
1785136090.4362800
1785136090.4362800
1785136090.4362800
1785136090.4362800
1785136090.4362800
1785136090.4362800
1785136090.4362800
1785136090.4362800
1785136090.4362800
1785136090.4362800
1785136090.4362800
1785136090.4362800
1785136090.4362800
1785136090.4362800
1785136090.4362800
1785136090.4362800
1785136090.4362800
1785136090.4362800
1785136090.4362800
1785136090.4362800
1785136090.4362800
1785136090.4362800
1785136090.4362800
1785136090.4362800
1785136090.4362800
1785136090.4362800
1785136090.4362800
1785136090.4362800
1785136090.4362800
1785136090.4362800
1785136090.4362800
1785136090.4362800
1785136090.4362800
1785136090.4362800
1785136090.4362800
1785136090.4362800
1785136090.4365029
1785136090.4365029
1785136090.4365029
1785136090.4365029
1785136090.4365029
1785136090.4365029
1785136090.4365029
1785136090.4365029
1785136090.4365029
1785136090.4365029
1785136090.4365029
1785136090.4365029
1785136090.4365029
1785136090.4365029
1785136090.4365029
1785136090.4365029
1785136090.4365029
1785136090.4365029
1785136090.4365029
1785136090.4365029
1785136090.4365029
1785136090.4365029
1785136090.4365029
1785136090.4365029
1785136090.4365029
1785136090.4365029
1785136090.4365029
1785136090.4365029
1785136090.4365029
1785136090.4365029
1785136090.4365029
1785136090.4365029
1785136090.4365029
1785136090.4365029
1785136090.4365029
1785136090.4365029
1785136090.4365029
1785136090.4365029
1785136090.4365029
1785136090.4365029
1785136090.4365029
1785136090.4365029
1785136090.4365029
1785136090.4365029
1785136090.4365029
1785136090.4365029
1785136090.4365029
1785136090.4365029
1785136090.4365029
1785136090.4365029
1785136090.4365029
1785136090.4365029
1785136090.4367249
1785136090.4367249
1785136090.4367249
1785136090.4367249
1785136090.4367249
1785136090.4367249
1785136090.4367249
1785136090.4367249
1785136090.4367249
1785136090.4367249
1785136090.4367249
1785136090.4367249
1785136090.4367249
1785136090.4367249
1785136090.4367249
1785136090.4367249
1785136090.4367249
1785136090.4367249
1785136090.4367249
1785136090.4367249
1785136090.4367249
1785136090.4367249
1785136090.4367249
1785136090.4367249
1785136090.4367249
1785136090.4367249
1785136090.4367249
1785136090.4367249
1785136090.4367249
1785136090.4367249
1785136090.4367249
1785136090.4367249
1785136090.4367249
1785136090.4367249
1785136090.4367249
1785136090.4367249
1785136090.4367249
1785136090.4367249
1785136090.4367249
1785136090.4367249
1785136090.4367249
1785136090.4367249
1785136090.4367249
1785136090.4367249
1785136090.4367249
1785136090.4367249
1785136090.4367249
1785136090.4367249
1785136090.4367249
1785136090.4367249
1785136090.4367249
1785136090.4367249
1785136090.4369471
1785136090.4369471
1785136090.4369471
1785136090.4369471
1785136090.4369471
1785136090.4369471
1785136090.4369471
1785136090.4369471
1785136090.4369471
1785136090.4369471
1785136090.4369471
1785136090.4369471
1785136090.4369471
1785136090.4369471
1785136090.4369471
1785136090.4369471
1785136090.4369471
1785136090.4369471
1785136090.4369471
1785136090.4369471
1785136090.4369471
1785136090.4369471
1785136090.4369471
1785136090.4369471
1785136090.4369471
1785136090.4369471
1785136090.4369471
1785136090.4369471
1785136090.4369471
1785136090.4369471
1785136090.4369471
1785136090.4369471
1785136090.4369471
1785136090.4369471
1785136090.4369471
1785136090.4369471
1785136090.4369471
1785136090.4369471
1785136090.4369471
1785136090.4369471
1785136090.4369471
1785136090.4369471
1785136090.4369471
1785136090.4369471
1785136090.4369471
1785136090.4369471
1785136090.4369471
1785136090.4369471
1785136090.4369471
1785136090.4369471
1785136090.4369471
1785136090.4369471
1785136090.4371691
1785136090.4371691
1785136090.4371691
1785136090.4371691
1785136090.4371691
1785136090.4371691
1785136090.4371691
1785136090.4371691
1785136090.4371691
1785136090.4371691
1785136090.4371691
1785136090.4371691
1785136090.4371691
1785136090.4371691
1785136090.4371691
1785136090.4371691
1785136090.4371691
1785136090.4371691
1785136090.4371691
1785136090.4371691
1785136090.4371691
1785136090.4371691
1785136090.4371691
1785136090.4371691
1785136090.4371691
1785136090.4371691
1785136090.4371691
1785136090.4371691
1785136090.4371691
1785136090.4371691
1785136090.4371691
1785136090.4371691
1785136090.4371691
1785136090.4371691
1785136090.4371691
1785136090.4371691
1785136090.4371691
1785136090.4371691
1785136090.4371691
1785136090.4371691
1785136090.4371691
1785136090.4371691
1785136090.4371691
1785136090.4371691
1785136090.4371691
1785136090.4371691
1785136090.4371691
1785136090.4371691
1785136090.4371691
1785136090.4371691
1785136090.4371691
1785136090.4371691
1785136090.4373920
1785136090.4373920
1785136090.4373920
1785136090.4373920
1785136090.4373920
1785136090.4373920
1785136090.4373920
1785136090.4373920
1785136090.4373920
1785136090.4373920
1785136090.4373920
1785136090.4373920
1785136090.4373920
1785136090.4373920
1785136090.4373920
1785136090.4373920
1785136090.4373920
1785136090.4373920
1785136090.4373920
1785136090.4373920
1785136090.4373920
1785136090.4373920
1785136090.4373920
1785136090.4373920
1785136090.4373920
1785136090.4373920
1785136090.4373920
1785136090.4373920
1785136090.4373920
1785136090.4373920
1785136090.4373920
1785136090.4373920
1785136090.4373920
1785136090.4373920
1785136090.4373920
1785136090.4373920
1785136090.4373920
1785136090.4373920
1785136090.4373920
1785136090.4373920
1785136090.4373920
1785136090.4373920
1785136090.4373920
1785136090.4373920
1785136090.4373920
1785136090.4373920
1785136090.4373920
1785136090.4373920
1785136090.4373920
1785136090.4373920
1785136090.4373920
1785136090.4373920
1785136090.4376140
1785136090.4376140
1785136090.4376140
1785136090.4376140
1785136090.4376140
1785136090.4376140
1785136090.4376140
1785136090.4376140
1785136090.4376140
1785136090.4376140
1785136090.4376140
1785136090.4376140
1785136090.4376140
1785136090.4376140
1785136090.4376140
1785136090.4376140
1785136090.4376140
1785136090.4376140
1785136090.4376140
1785136090.4376140
1785136090.4376140
1785136090.4376140
1785136090.4376140
1785136090.4376140
1785136090.4376140
1785136090.4376140
1785136090.4376140
1785136090.4376140
1785136090.4376140
1785136090.4376140
1785136090.4376140
1785136090.4376140
1785136090.4376140
1785136090.4376140
1785136090.4376140
1785136090.4376140
1785136090.4376140
1785136090.4376140
1785136090.4376140
1785136090.4376140
1785136090.4376140
1785136090.4376140
1785136090.4376140
1785136090.4376140
1785136090.4376140
1785136090.4376140
1785136090.4376140
1785136090.4376140
1785136090.4376140
1785136090.4376140
1785136090.4376140
1785136090.4376140
1785136090.4378359
1785136090.4378359
1785136090.4378359
1785136090.4378359
1785136090.4378359
1785136090.4378359
1785136090.4378359
1785136090.4378359
1785136090.4378359
1785136090.4378359
1785136090.4378359
1785136090.4378359
1785136090.4378359
1785136090.4378359
1785136090.4378359
1785136090.4378359
1785136090.4378359
1785136090.4378359
1785136090.4378359
1785136090.4378359
1785136090.4378359
1785136090.4378359
1785136090.4378359
1785136090.4378359
1785136090.4378359
1785136090.4378359
1785136090.4378359
1785136090.4378359
1785136090.4378359
1785136090.4378359
1785136090.4378359
1785136090.4378359
1785136090.4378359
1785136090.4378359
1785136090.4378359
1785136090.4378359
1785136090.4378359
1785136090.4378359
1785136090.4378359
1785136090.4378359
1785136090.4378359
1785136090.4378359
1785136090.4378359
1785136090.4378359
1785136090.4378359
1785136090.4378359
1785136090.4378359
1785136090.4378359
1785136090.4378359
1785136090.4378359
1785136090.4378359
1785136090.4378359
1785136090.4380579
1785136090.4380579
1785136090.4380579
1785136090.4380579
1785136090.4380579
1785136090.4380579
1785136090.4380579
1785136090.4380579
1785136090.4380579
1785136090.4380579
1785136090.4380579
1785136090.4380579
1785136090.4380579
1785136090.4380579
1785136090.4380579
1785136090.4380579
1785136090.4380579
1785136090.4380579
1785136090.4380579
1785136090.4380579
1785136090.4380579
1785136090.4380579
1785136090.4380579
1785136090.4380579
1785136090.4380579
1785136090.4380579
1785136090.4380579
1785136090.4380579
1785136090.4380579
1785136090.4380579
1785136090.4380579
1785136090.4380579
1785136090.4380579
1785136090.4380579
1785136090.4380579
1785136090.4380579
1785136090.4380579
1785136090.4380579
1785136090.4380579
1785136090.4380579
1785136090.4380579
1785136090.4380579
1785136090.4380579
1785136090.4380579
1785136090.4380579
1785136090.4380579
1785136090.4380579
1785136090.4380579
1785136090.4380579
1785136090.4380579
1785136090.4380579
1785136090.4380579
1785136090.4382811
1785136090.4382811
1785136090.4382811
1785136090.4382811
1785136090.4382811
1785136090.4382811
1785136090.4382811
1785136090.4382811
1785136090.4382811
1785136090.4382811
1785136090.4382811
1785136090.4382811
1785136090.4382811
1785136090.4382811
1785136090.4382811
1785136090.4382811
1785136090.4382811
1785136090.4382811
1785136090.4382811
1785136090.4382811
1785136090.4382811
1785136090.4382811
1785136090.4382811
1785136090.4382811
1785136090.4382811
1785136090.4382811
1785136090.4382811
1785136090.4382811
1785136090.4382811
1785136090.4382811
1785136090.4382811
1785136090.4382811
1785136090.4382811
1785136090.4382811
1785136090.4382811
1785136090.4382811
1785136090.4382811
1785136090.4382811
1785136090.4382811
1785136090.4382811
1785136090.4382811
1785136090.4382811
1785136090.4382811
1785136090.4382811
1785136090.4382811
1785136090.4382811
1785136090.4382811
1785136090.4382811
1785136090.4382811
1785136090.4382811
1785136090.4382811
1785136090.4382811
1785136090.4385030
1785136090.4385030
1785136090.4385030
1785136090.4385030
1785136090.4385030
1785136090.4385030
1785136090.4385030
1785136090.4385030
1785136090.4385030
1785136090.4385030
1785136090.4385030
1785136090.4385030
1785136090.4385030
1785136090.4385030
1785136090.4385030
1785136090.4385030
1785136090.4385030
1785136090.4385030
1785136090.4385030
1785136090.4385030
1785136090.4385030
1785136090.4385030
1785136090.4385030
1785136090.4385030
1785136090.4385030
1785136090.4385030
1785136090.4385030
1785136090.4385030
1785136090.4385030
1785136090.4385030
1785136090.4385030
1785136090.4385030
1785136090.4385030
1785136090.4385030
1785136090.4385030
1785136090.4385030
1785136090.4385030
1785136090.4385030
1785136090.4385030
1785136090.4385030
1785136090.4385030
1785136090.4385030
1785136090.4385030
1785136090.4385030
1785136090.4385030
1785136090.4385030
1785136090.4385030
1785136090.4385030
1785136090.4385030
1785136090.4385030
1785136090.4385030
1785136090.4385030
1785136090.4387250
1785136090.4387250
1785136090.4387250
1785136090.4387250
1785136090.4387250
1785136090.4387250
1785136090.4387250
1785136090.4387250
1785136090.4387250
1785136090.4387250
1785136090.4387250
1785136090.4387250
1785136090.4387250
1785136090.4387250
1785136090.4387250
1785136090.4387250
1785136090.4387250
1785136090.4387250
1785136090.4387250
1785136090.4387250
1785136090.4387250
1785136090.4387250
1785136090.4387250
1785136090.4387250
1785136090.4387250
1785136090.4387250
1785136090.4387250
1785136090.4387250
1785136090.4387250
1785136090.4387250
1785136090.4387250
1785136090.4387250
1785136090.4387250
1785136090.4387250
1785136090.4387250
1785136090.4387250
1785136090.4387250
1785136090.4387250
1785136090.4387250
1785136090.4387250
1785136090.4387250
1785136090.4387250
1785136090.4387250
1785136090.4387250
1785136090.4387250
1785136090.4387250
1785136090.4387250
1785136090.4387250
1785136090.4387250
1785136090.4387250
1785136090.4387250
1785136090.4387250
1785136090.4389470
1785136090.4389470
1785136090.4389470
1785136090.4389470
1785136090.4389470
1785136090.4389470
1785136090.4389470
1785136090.4389470
1785136090.4389470
1785136090.4389470
1785136090.4389470
1785136090.4389470
1785136090.4389470
1785136090.4389470
1785136090.4389470
1785136090.4389470
1785136090.4389470
1785136090.4389470
1785136090.4389470
1785136090.4389470
1785136090.4389470
1785136090.4389470
1785136090.4389470
1785136090.4389470
1785136090.4389470
1785136090.4389470
1785136090.4389470
1785136090.4389470
1785136090.4389470
1785136090.4389470
1785136090.4389470
1785136090.4389470
1785136090.4389470
1785136090.4389470
1785136090.4389470
1785136090.4389470
1785136090.4389470
1785136090.4389470
1785136090.4389470
1785136090.4389470
1785136090.4389470
1785136090.4389470
1785136090.4389470
1785136090.4389470
1785136090.4389470
1785136090.4389470
1785136090.4389470
1785136090.4389470
1785136090.4389470
1785136090.4389470
1785136090.4389470
1785136090.4389470
1785136090.4391699
1785136090.4391699
1785136090.4391699
1785136090.4391699
1785136090.4391699
1785136090.4391699
1785136090.4391699
1785136090.4391699
1785136090.4391699
1785136090.4391699
1785136090.4391699
1785136090.4391699
1785136090.4391699
1785136090.4391699
1785136090.4391699
1785136090.4391699
1785136090.4391699
1785136090.4391699
1785136090.4391699
1785136090.4391699
1785136090.4391699
1785136090.4391699
1785136090.4391699
1785136090.4391699
1785136090.4391699
1785136090.4391699
1785136090.4391699
1785136090.4391699
1785136090.4391699
1785136090.4391699
1785136090.4391699
1785136090.4391699
1785136090.4391699
1785136090.4391699
1785136090.4391699
1785136090.4391699
1785136090.4391699
1785136090.4391699
1785136090.4391699
1785136090.4391699
1785136090.4391699
1785136090.4391699
1785136090.4391699
1785136090.4391699
1785136090.4391699
1785136090.4391699
1785136090.4391699
1785136090.4391699
1785136090.4391699
1785136090.4391699
1785136090.4391699
1785136090.4391699
1785136090.4393921
1785136090.4393921
1785136090.4393921
1785136090.4393921
1785136090.4393921
1785136090.4393921
1785136090.4393921
1785136090.4393921
1785136090.4393921
1785136090.4393921
1785136090.4393921
1785136090.4393921
1785136090.4393921
1785136090.4393921
1785136090.4393921
1785136090.4393921
1785136090.4393921
1785136090.4393921
1785136090.4393921
1785136090.4393921
1785136090.4393921
1785136090.4393921
1785136090.4393921
1785136090.4393921
1785136090.4393921
1785136090.4393921
1785136090.4393921
1785136090.4393921
1785136090.4393921
1785136090.4393921
1785136090.4393921
1785136090.4393921
1785136090.4393921
1785136090.4393921
1785136090.4393921
1785136090.4393921
1785136090.4393921
1785136090.4393921
1785136090.4393921
1785136090.4393921
1785136090.4393921
1785136090.4393921
1785136090.4393921
1785136090.4393921
1785136090.4393921
1785136090.4393921
1785136090.4393921
1785136090.4393921
1785136090.4393921
1785136090.4393921
1785136090.4393921
1785136090.4393921
1785136090.4396141
1785136090.4396141
1785136090.4396141
1785136090.4396141
1785136090.4396141
1785136090.4396141
1785136090.4396141
1785136090.4396141
1785136090.4396141
1785136090.4396141
1785136090.4396141
1785136090.4396141
1785136090.4396141
1785136090.4396141
1785136090.4396141
1785136090.4396141
1785136090.4396141
1785136090.4396141
1785136090.4396141
1785136090.4396141
1785136090.4396141
1785136090.4396141
1785136090.4396141
1785136090.4396141
1785136090.4396141
1785136090.4396141
1785136090.4396141
1785136090.4396141
1785136090.4396141
1785136090.4396141
1785136090.4396141
1785136090.4396141
1785136090.4396141
1785136090.4396141
1785136090.4396141
1785136090.4396141
1785136090.4396141
1785136090.4396141
1785136090.4396141
1785136090.4396141
1785136090.4396141
1785136090.4396141
1785136090.4396141
1785136090.4396141
1785136090.4396141
1785136090.4396141
1785136090.4396141
1785136090.4396141
1785136090.4396141
1785136090.4396141
1785136090.4396141
1785136090.4396141
1785136090.4398360
1785136090.4398360
1785136090.4398360
1785136090.4398360
1785136090.4398360
1785136090.4398360
1785136090.4398360
1785136090.4398360
1785136090.4398360
1785136090.4398360
1785136090.4398360
1785136090.4398360
1785136090.4398360
1785136090.4398360
1785136090.4398360
1785136090.4398360
1785136090.4398360
1785136090.4398360
1785136090.4398360
1785136090.4398360
1785136090.4398360
1785136090.4398360
1785136090.4398360
1785136090.4398360
1785136090.4398360
1785136090.4398360
1785136090.4398360
1785136090.4398360
1785136090.4398360
1785136090.4398360
1785136090.4398360
1785136090.4398360
1785136090.4398360
1785136090.4398360
1785136090.4398360
1785136090.4398360
1785136090.4398360
1785136090.4398360
1785136090.4398360
1785136090.4398360
1785136090.4398360
1785136090.4398360
1785136090.4398360
1785136090.4398360
1785136090.4398360
1785136090.4398360
1785136090.4398360
1785136090.4398360
1785136090.4398360
1785136090.4398360
1785136090.4398360
1785136090.4398360
1785136090.4400589
1785136090.4400589
1785136090.4400589
1785136090.4400589
1785136090.4400589
1785136090.4400589
1785136090.4400589
1785136090.4400589
1785136090.4400589
1785136090.4400589
1785136090.4400589
1785136090.4400589
1785136090.4400589
1785136090.4400589
1785136090.4400589
1785136090.4400589
1785136090.4400589
1785136090.4400589
1785136090.4400589
1785136090.4400589
1785136090.4400589
1785136090.4400589
1785136090.4400589
1785136090.4400589
1785136090.4400589
1785136090.4400589
1785136090.4400589
1785136090.4400589
1785136090.4400589
1785136090.4400589
1785136090.4400589
1785136090.4400589
1785136090.4400589
1785136090.4400589
1785136090.4400589
1785136090.4400589
1785136090.4400589
1785136090.4400589
1785136090.4400589
1785136090.4400589
1785136090.4400589
1785136090.4400589
1785136090.4400589
1785136090.4400589
1785136090.4400589
1785136090.4400589
1785136090.4400589
1785136090.4400589
1785136090.4400589
1785136090.4400589
1785136090.4400589
1785136090.4400589
1785136090.4402809
1785136090.4402809
1785136090.4402809
1785136090.4402809
1785136090.4402809
1785136090.4402809
1785136090.4402809
1785136090.4402809
1785136090.4402809
1785136090.4402809
1785136090.4402809
1785136090.4402809
1785136090.4402809
1785136090.4402809
1785136090.4402809
1785136090.4402809
1785136090.4402809
1785136090.4402809
1785136090.4402809
1785136090.4402809
1785136090.4402809
1785136090.4402809
1785136090.4402809
1785136090.4402809
1785136090.4402809
1785136090.4402809
1785136090.4402809
1785136090.4402809
1785136090.4402809
1785136090.4402809
1785136090.4402809
1785136090.4402809
1785136090.4402809
1785136090.4402809
1785136090.4402809
1785136090.4402809
1785136090.4402809
1785136090.4402809
1785136090.4402809
1785136090.4402809
1785136090.4402809
1785136090.4402809
1785136090.4402809
1785136090.4402809
1785136090.4402809
1785136090.4402809
1785136090.4402809
1785136090.4402809
1785136090.4402809
1785136090.4402809
1785136090.4402809
1785136090.4402809
1785136090.4405029
1785136090.4405029
1785136090.4405029
1785136090.4405029
1785136090.4405029
1785136090.4405029
1785136090.4405029
1785136090.4405029
1785136090.4405029
1785136090.4405029
1785136090.4405029
1785136090.4405029
1785136090.4405029
1785136090.4405029
1785136090.4405029
1785136090.4405029
1785136090.4405029
1785136090.4405029
1785136090.4405029
1785136090.4405029
1785136090.4405029
1785136090.4405029
1785136090.4405029
1785136090.4405029
1785136090.4405029
1785136090.4405029
1785136090.4405029
1785136090.4405029
1785136090.4405029
1785136090.4405029
1785136090.4405029
1785136090.4405029
1785136090.4405029
1785136090.4405029
1785136090.4405029
1785136090.4405029
1785136090.4405029
1785136090.4405029
1785136090.4405029
1785136090.4405029
1785136090.4405029
1785136090.4405029
1785136090.4405029
1785136090.4405029
1785136090.4405029
1785136090.4405029
1785136090.4405029
1785136090.4405029
1785136090.4405029
1785136090.4405029
1785136090.4405029
1785136090.4405029
1785136090.4407251
1785136090.4407251
1785136090.4407251
1785136090.4407251
1785136090.4407251
1785136090.4407251
1785136090.4407251
1785136090.4407251
1785136090.4407251
1785136090.4407251
1785136090.4407251
1785136090.4407251
1785136090.4407251
1785136090.4407251
1785136090.4407251
1785136090.4407251
1785136090.4407251
1785136090.4407251
1785136090.4407251
1785136090.4407251
1785136090.4407251
1785136090.4407251
1785136090.4407251
1785136090.4407251
1785136090.4407251
1785136090.4407251
1785136090.4407251
1785136090.4407251
1785136090.4407251
1785136090.4407251
1785136090.4407251
1785136090.4407251
1785136090.4407251
1785136090.4407251
1785136090.4407251
1785136090.4407251
1785136090.4407251
1785136090.4407251
1785136090.4407251
1785136090.4407251
1785136090.4407251
1785136090.4407251
1785136090.4407251
1785136090.4407251
1785136090.4407251
1785136090.4407251
1785136090.4407251
1785136090.4407251
1785136090.4407251
1785136090.4407251
1785136090.4407251
1785136090.4407251
1785136090.4409471
1785136090.4409471
1785136090.4409471
1785136090.4409471
1785136090.4409471
1785136090.4409471
1785136090.4409471
1785136090.4409471
1785136090.4409471
1785136090.4409471
1785136090.4409471
1785136090.4409471
1785136090.4409471
1785136090.4409471
1785136090.4409471
1785136090.4409471
1785136090.4409471
1785136090.4409471
1785136090.4409471
1785136090.4409471
1785136090.4409471
1785136090.4409471
1785136090.4409471
1785136090.4409471
1785136090.4409471
1785136090.4409471
1785136090.4409471
1785136090.4409471
1785136090.4409471
1785136090.4409471
1785136090.4409471
1785136090.4409471
1785136090.4409471
1785136090.4409471
1785136090.4409471
1785136090.4409471
1785136090.4409471
1785136090.4409471
1785136090.4409471
1785136090.4409471
1785136090.4409471
1785136090.4409471
1785136090.4409471
1785136090.4409471
1785136090.4409471
1785136090.4409471
1785136090.4409471
1785136090.4409471
1785136090.4409471
1785136090.4409471
1785136090.4409471
1785136090.4409471
1785136090.4411700
1785136090.4411700
1785136090.4411700
1785136090.4411700
1785136090.4411700
1785136090.4411700
1785136090.4411700
1785136090.4411700
1785136090.4411700
1785136090.4411700
1785136090.4411700
1785136090.4411700
1785136090.4411700
1785136090.4411700
1785136090.4411700
1785136090.4411700
1785136090.4411700
1785136090.4411700
1785136090.4411700
1785136090.4411700
1785136090.4411700
1785136090.4411700
1785136090.4411700
1785136090.4411700
1785136090.4411700
1785136090.4411700
1785136090.4411700
1785136090.4411700
1785136090.4411700
1785136090.4411700
1785136090.4411700
1785136090.4411700
1785136090.4411700
1785136090.4411700
1785136090.4411700
1785136090.4411700
1785136090.4411700
1785136090.4411700
1785136090.4411700
1785136090.4411700
1785136090.4411700
1785136090.4411700
1785136090.4411700
1785136090.4411700
1785136090.4411700
1785136090.4411700
1785136090.4411700
1785136090.4411700
1785136090.4411700
1785136090.4411700
1785136090.4411700
1785136090.4411700
1785136090.4413919
1785136090.4413919
1785136090.4413919
1785136090.4413919
1785136090.4413919
1785136090.4413919
1785136090.4413919
1785136090.4413919
1785136090.4413919
1785136090.4413919
1785136090.4413919
1785136090.4413919
1785136090.4413919
1785136090.4413919
1785136090.4413919
1785136090.4413919
1785136090.4413919
1785136090.4413919
1785136090.4413919
1785136090.4413919
1785136090.4413919
1785136090.4413919
1785136090.4413919
1785136090.4413919
1785136090.4413919
1785136090.4413919
1785136090.4413919
1785136090.4413919
1785136090.4413919
1785136090.4413919
1785136090.4413919
1785136090.4413919
1785136090.4413919
1785136090.4413919
1785136090.4413919
1785136090.4413919
1785136090.4413919
1785136090.4413919
1785136090.4413919
1785136090.4413919
1785136090.4413919
1785136090.4413919
1785136090.4413919
1785136090.4413919
1785136090.4413919
1785136090.4413919
1785136090.4413919
1785136090.4413919
1785136090.4413919
1785136090.4413919
1785136090.4413919
1785136090.4413919
1785136090.4416139
1785136090.4416139
1785136090.4416139
1785136090.4416139
1785136090.4416139
1785136090.4416139
1785136090.4416139
1785136090.4416139
1785136090.4416139
1785136090.4416139
1785136090.4416139
1785136090.4416139
1785136090.4416139
1785136090.4416139
1785136090.4416139
1785136090.4416139
1785136090.4416139
1785136090.4416139
1785136090.4416139
1785136090.4416139
1785136090.4416139
1785136090.4416139
1785136090.4416139
1785136090.4416139
1785136090.4416139
1785136090.4416139
1785136090.4416139
1785136090.4416139
1785136090.4416139
1785136090.4416139
1785136090.4416139
1785136090.4416139
1785136090.4416139
1785136090.4416139
1785136090.4416139
1785136090.4416139
1785136090.4416139
1785136090.4416139
1785136090.4416139
1785136090.4416139
1785136090.4416139
1785136090.4416139
1785136090.4416139
1785136090.4416139
1785136090.4416139
1785136090.4416139
1785136090.4416139
1785136090.4416139
1785136090.4416139
1785136090.4416139
1785136090.4416139
1785136090.4416139
1785136090.4418361
1785136090.4418361
1785136090.4418361
1785136090.4418361
1785136090.4418361
1785136090.4418361
1785136090.4418361
1785136090.4418361
1785136090.4418361
1785136090.4418361
1785136090.4418361
1785136090.4418361
1785136090.4418361
1785136090.4418361
1785136090.4418361
1785136090.4418361
1785136090.4418361
1785136090.4418361
1785136090.4418361
1785136090.4418361
1785136090.4418361
1785136090.4418361
1785136090.4418361
1785136090.4418361
1785136090.4418361
1785136090.4418361
1785136090.4418361
1785136090.4418361
1785136090.4418361
1785136090.4418361
1785136090.4418361
1785136090.4418361
1785136090.4418361
1785136090.4418361
1785136090.4418361
1785136090.4418361
1785136090.4418361
1785136090.4418361
1785136090.4418361
1785136090.4418361
1785136090.4418361
1785136090.4418361
1785136090.4418361
1785136090.4418361
1785136090.4418361
1785136090.4418361
1785136090.4418361
1785136090.4418361
1785136090.4418361
1785136090.4418361
1785136090.4418361
1785136090.4418361
1785136090.4420590
1785136090.4420590
1785136090.4420590
1785136090.4420590
1785136090.4420590
1785136090.4420590
1785136090.4420590
1785136090.4420590
1785136090.4420590
1785136090.4420590
1785136090.4420590
1785136090.4420590
1785136090.4420590
1785136090.4420590
1785136090.4420590
1785136090.4420590
1785136090.4420590
1785136090.4420590
1785136090.4420590
1785136090.4420590
1785136090.4420590
1785136090.4420590
1785136090.4420590
1785136090.4420590
1785136090.4420590
1785136090.4420590
1785136090.4420590
1785136090.4420590
1785136090.4420590
1785136090.4420590
1785136090.4420590
1785136090.4420590
1785136090.4420590
1785136090.4420590
1785136090.4420590
1785136090.4420590
1785136090.4420590
1785136090.4420590
1785136090.4420590
1785136090.4420590
1785136090.4420590
1785136090.4420590
1785136090.4420590
1785136090.4420590
1785136090.4420590
1785136090.4420590
1785136090.4420590
1785136090.4420590
1785136090.4420590
1785136090.4420590
1785136090.4420590
1785136090.4420590
1785136090.4422810
1785136090.4422810
1785136090.4422810
1785136090.4422810
1785136090.4422810
1785136090.4422810
1785136090.4422810
1785136090.4422810
1785136090.4422810
1785136090.4422810
1785136090.4422810
1785136090.4422810
1785136090.4422810
1785136090.4422810
1785136090.4422810
1785136090.4422810
1785136090.4422810
1785136090.4422810
1785136090.4422810
1785136090.4422810
1785136090.4422810
1785136090.4422810
1785136090.4422810
1785136090.4422810
1785136090.4422810
1785136090.4422810
1785136090.4422810
1785136090.4422810
1785136090.4422810
1785136090.4422810
1785136090.4422810
1785136090.4422810
1785136090.4422810
1785136090.4422810
1785136090.4422810
1785136090.4422810
1785136090.4422810
1785136090.4422810
1785136090.4422810
1785136090.4422810
1785136090.4422810
1785136090.4422810
1785136090.4422810
1785136090.4422810
1785136090.4422810
1785136090.4422810
1785136090.4422810
1785136090.4422810
1785136090.4422810
1785136090.4422810
1785136090.4422810
1785136090.4422810
1785136090.4425030
1785136090.4425030
1785136090.4425030
1785136090.4425030
1785136090.4425030
1785136090.4425030
1785136090.4425030
1785136090.4425030
1785136090.4425030
1785136090.4425030
1785136090.4425030
1785136090.4425030
1785136090.4425030
1785136090.4425030
1785136090.4425030
1785136090.4425030
1785136090.4425030
1785136090.4425030
1785136090.4425030
1785136090.4425030
1785136090.4425030
1785136090.4425030
1785136090.4425030
1785136090.4425030
1785136090.4425030
1785136090.4425030
1785136090.4425030
1785136090.4425030
1785136090.4425030
1785136090.4425030
1785136090.4425030
1785136090.4425030
1785136090.4425030
1785136090.4425030
1785136090.4425030
1785136090.4425030
1785136090.4425030
1785136090.4425030
1785136090.4425030
1785136090.4425030
1785136090.4425030
1785136090.4425030
1785136090.4425030
1785136090.4425030
1785136090.4425030
1785136090.4425030
1785136090.4425030
1785136090.4425030
1785136090.4425030
1785136090.4425030
1785136090.4425030
1785136090.4425030
1785136090.4427249
1785136090.4427249
1785136090.4427249
1785136090.4427249
1785136090.4427249
1785136090.4427249
1785136090.4427249
1785136090.4427249
1785136090.4427249
1785136090.4427249
1785136090.4427249
1785136090.4427249
1785136090.4427249
1785136090.4427249
1785136090.4427249
1785136090.4427249
1785136090.4427249
1785136090.4427249
1785136090.4427249
1785136090.4427249
1785136090.4427249
1785136090.4427249
1785136090.4427249
1785136090.4427249
1785136090.4427249
1785136090.4427249
1785136090.4427249
1785136090.4427249
1785136090.4427249
1785136090.4427249
1785136090.4427249
1785136090.4427249
1785136090.4427249
1785136090.4427249
1785136090.4427249
1785136090.4427249
1785136090.4427249
1785136090.4427249
1785136090.4427249
1785136090.4427249
1785136090.4427249
1785136090.4427249
1785136090.4427249
1785136090.4427249
1785136090.4427249
1785136090.4427249
1785136090.4427249
1785136090.4427249
1785136090.4427249
1785136090.4427249
1785136090.4427249
1785136090.4427249
1785136090.4429469
1785136090.4429469
1785136090.4429469
1785136090.4429469
1785136090.4429469
1785136090.4429469
1785136090.4429469
1785136090.4429469
1785136090.4429469
1785136090.4429469
1785136090.4429469
1785136090.4429469
1785136090.4429469
1785136090.4429469
1785136090.4429469
1785136090.4429469
1785136090.4429469
1785136090.4429469
1785136090.4429469
1785136090.4429469
1785136090.4429469
1785136090.4429469
1785136090.4429469
1785136090.4429469
1785136090.4429469
1785136090.4429469
1785136090.4429469
1785136090.4429469
1785136090.4429469
1785136090.4429469
1785136090.4429469
1785136090.4429469
1785136090.4429469
1785136090.4429469
1785136090.4429469
1785136090.4429469
1785136090.4429469
1785136090.4429469
1785136090.4429469
1785136090.4429469
1785136090.4429469
1785136090.4429469
1785136090.4429469
1785136090.4429469
1785136090.4429469
1785136090.4429469
1785136090.4429469
1785136090.4429469
1785136090.4429469
1785136090.4429469
1785136090.4429469
1785136090.4431701
1785136090.4431701
1785136090.4431701
1785136090.4431701
1785136090.4431701
1785136090.4431701
1785136090.4431701
1785136090.4431701
1785136090.4431701
1785136090.4431701
1785136090.4431701
1785136090.4431701
1785136090.4431701
1785136090.4431701
1785136090.4431701
1785136090.4431701
1785136090.4431701
1785136090.4431701
1785136090.4431701
1785136090.4431701
1785136090.4431701
1785136090.4431701
1785136090.4431701
1785136090.4431701
1785136090.4431701
1785136090.4431701
1785136090.4431701
1785136090.4431701
1785136090.4431701
1785136090.4431701
1785136090.4431701
1785136090.4431701
1785136090.4431701
1785136090.4431701
1785136090.4431701
1785136090.4431701
1785136090.4431701
1785136090.4431701
1785136090.4431701
1785136090.4431701
1785136090.4431701
1785136090.4431701
1785136090.4431701
1785136090.4431701
1785136090.4431701
1785136090.4431701
1785136090.4431701
1785136090.4431701
1785136090.4431701
1785136090.4431701
1785136090.4431701
1785136090.4433920
1785136090.4433920
1785136090.4433920
1785136090.4433920
1785136090.4433920
1785136090.4433920
1785136090.4433920
1785136090.4433920
1785136090.4433920
1785136090.4433920
1785136090.4433920
1785136090.4433920
1785136090.4433920
1785136090.4433920
1785136090.4433920
1785136090.4433920
1785136090.4433920
1785136090.4433920
1785136090.4433920
1785136090.4433920
1785136090.4433920
1785136090.4433920
1785136090.4433920
1785136090.4433920
1785136090.4433920
1785136090.4433920
1785136090.4433920
1785136090.4433920
1785136090.4433920
1785136090.4433920
1785136090.4433920
1785136090.4433920
1785136090.4433920
1785136090.4433920
1785136090.4433920
1785136090.4433920
1785136090.4433920
1785136090.4433920
1785136090.4433920
1785136090.4433920
1785136090.4433920
1785136090.4433920
1785136090.4433920
1785136090.4433920
1785136090.4433920
1785136090.4433920
1785136090.4433920
1785136090.4433920
1785136090.4433920
1785136090.4433920
1785136090.4433920
1785136090.4436140
1785136090.4436140
1785136090.4436140
1785136090.4436140
1785136090.4436140
1785136090.4436140
1785136090.4436140
1785136090.4436140
1785136090.4436140
1785136090.4436140
1785136090.4436140
1785136090.4436140
1785136090.4436140
1785136090.4436140
1785136090.4436140
1785136090.4436140
1785136090.4436140
1785136090.4436140
1785136090.4436140
1785136090.4436140
1785136090.4436140
1785136090.4436140
1785136090.4436140
1785136090.4436140
1785136090.4436140
1785136090.4436140
1785136090.4436140
1785136090.4436140
1785136090.4436140
1785136090.4436140
1785136090.4436140
1785136090.4436140
1785136090.4436140
1785136090.4436140
1785136090.4436140
1785136090.4436140
1785136090.4436140
1785136090.4436140
1785136090.4436140
1785136090.4436140
1785136090.4436140
1785136090.4436140
1785136090.4436140
1785136090.4436140
1785136090.4436140
1785136090.4436140
1785136090.4436140
1785136090.4436140
1785136090.4436140
1785136090.4436140
1785136090.4436140
1785136090.4438360
1785136090.4438360
1785136090.4438360
1785136090.4438360
1785136090.4438360
1785136090.4438360
1785136090.4438360
1785136090.4438360
1785136090.4438360
1785136090.4438360
1785136090.4438360
1785136090.4438360
1785136090.4438360
1785136090.4438360
1785136090.4438360
1785136090.4438360
1785136090.4438360
1785136090.4438360
1785136090.4438360
1785136090.4438360
1785136090.4438360
1785136090.4438360
1785136090.4438360
1785136090.4438360
1785136090.4438360
1785136090.4438360
1785136090.4438360
1785136090.4438360
1785136090.4438360
1785136090.4438360
1785136090.4438360
1785136090.4438360
1785136090.4438360
1785136090.4438360
1785136090.4438360
1785136090.4438360
1785136090.4438360
1785136090.4438360
1785136090.4438360
1785136090.4438360
1785136090.4438360
1785136090.4438360
1785136090.4438360
1785136090.4438360
1785136090.4438360
1785136090.4438360
1785136090.4438360
1785136090.4438360
1785136090.4438360
1785136090.4438360
1785136090.4438360
1785136090.4440579
1785136090.4440579
1785136090.4440579
1785136090.4440579
1785136090.4440579
1785136090.4440579
1785136090.4440579
1785136090.4440579
1785136090.4440579
1785136090.4440579
1785136090.4440579
1785136090.4440579
1785136090.4440579
1785136090.4440579
1785136090.4440579
1785136090.4440579
1785136090.4440579
1785136090.4440579
1785136090.4440579
1785136090.4440579
1785136090.4440579
1785136090.4440579
1785136090.4440579
1785136090.4440579
1785136090.4440579
1785136090.4440579
1785136090.4440579
1785136090.4440579
1785136090.4440579
1785136090.4440579
1785136090.4440579
1785136090.4440579
1785136090.4440579
1785136090.4440579
1785136090.4440579
1785136090.4440579
1785136090.4440579
1785136090.4440579
1785136090.4440579
1785136090.4440579
1785136090.4440579
1785136090.4440579
1785136090.4440579
1785136090.4440579
1785136090.4440579
1785136090.4440579
1785136090.4440579
1785136090.4440579
1785136090.4440579
1785136090.4440579
1785136090.4440579
1785136090.4442811
1785136090.4442811
1785136090.4442811
1785136090.4442811
1785136090.4442811
1785136090.4442811
1785136090.4442811
1785136090.4442811
1785136090.4442811
1785136090.4442811
1785136090.4442811
1785136090.4442811
1785136090.4442811
1785136090.4442811
1785136090.4442811
1785136090.4442811
1785136090.4442811
1785136090.4442811
1785136090.4442811
1785136090.4442811
1785136090.4442811
1785136090.4442811
1785136090.4442811
1785136090.4442811
1785136090.4442811
1785136090.4442811
1785136090.4442811
1785136090.4442811
1785136090.4442811
1785136090.4442811
1785136090.4442811
1785136090.4442811
1785136090.4442811
1785136090.4442811
1785136090.4442811
1785136090.4442811
1785136090.4442811
1785136090.4442811
1785136090.4442811
1785136090.4442811
1785136090.4442811
1785136090.4442811
1785136090.4442811
1785136090.4442811
1785136090.4442811
1785136090.4442811
1785136090.4442811
1785136090.4442811
1785136090.4442811
1785136090.4442811
1785136090.4442811
1785136090.4445031
1785136090.4445031
1785136090.4445031
1785136090.4445031
1785136090.4445031
1785136090.4445031
1785136090.4445031
1785136090.4445031
1785136090.4445031
1785136090.4445031
1785136090.4445031
1785136090.4445031
1785136090.4445031
1785136090.4445031
1785136090.4445031
1785136090.4445031
1785136090.4445031
1785136090.4445031
1785136090.4445031
1785136090.4445031
1785136090.4445031
1785136090.4445031
1785136090.4445031
1785136090.4445031
1785136090.4445031
1785136090.4445031
1785136090.4445031
1785136090.4445031
1785136090.4445031
1785136090.4445031
1785136090.4445031
1785136090.4445031
1785136090.4445031
1785136090.4445031
1785136090.4445031
1785136090.4445031
1785136090.4445031
1785136090.4445031
1785136090.4445031
1785136090.4445031
1785136090.4445031
1785136090.4445031
1785136090.4445031
1785136090.4445031
1785136090.4445031
1785136090.4445031
1785136090.4445031
1785136090.4445031
1785136090.4445031
1785136090.4445031
1785136090.4445031
1785136090.4447250
1785136090.4447250
1785136090.4447250
1785136090.4447250
1785136090.4447250
1785136090.4447250
1785136090.4447250
1785136090.4447250
1785136090.4447250
1785136090.4447250
1785136090.4447250
1785136090.4447250
1785136090.4447250
1785136090.4447250
1785136090.4447250
1785136090.4447250
1785136090.4447250
1785136090.4447250
1785136090.4447250
1785136090.4447250
1785136090.4447250
1785136090.4447250
1785136090.4447250
1785136090.4447250
1785136090.4447250
1785136090.4447250
1785136090.4447250
1785136090.4447250
1785136090.4447250
1785136090.4447250
1785136090.4447250
1785136090.4447250
1785136090.4447250
1785136090.4447250
1785136090.4447250
1785136090.4447250
1785136090.4447250
1785136090.4447250
1785136090.4447250
1785136090.4447250
1785136090.4447250
1785136090.4447250
1785136090.4447250
1785136090.4447250
1785136090.4447250
1785136090.4447250
1785136090.4447250
1785136090.4447250
1785136090.4447250
1785136090.4447250
1785136090.4449470
1785136090.4449470
1785136090.4449470
1785136090.4449470
1785136090.4449470
1785136090.4449470
1785136090.4449470
1785136090.4449470
1785136090.4449470
1785136090.4449470
1785136090.4449470
1785136090.4449470
1785136090.4449470
1785136090.4449470
1785136090.4449470
1785136090.4449470
1785136090.4449470
1785136090.4449470
1785136090.4449470
1785136090.4449470
1785136090.4449470
1785136090.4449470
1785136090.4449470
1785136090.4449470
1785136090.4449470
1785136090.4449470
1785136090.4449470
1785136090.4449470
1785136090.4449470
1785136090.4449470
1785136090.4449470
1785136090.4449470
1785136090.4449470
1785136090.4449470
1785136090.4449470
1785136090.4449470
1785136090.4449470
1785136090.4449470
1785136090.4449470
1785136090.4449470
1785136090.4449470
1785136090.4449470
1785136090.4449470
1785136090.4449470
1785136090.4449470
1785136090.4449470
1785136090.4449470
1785136090.4449470
1785136090.4449470
1785136090.4449470
1785136090.4451699
1785136090.4451699
1785136090.4451699
1785136090.4451699
1785136090.4451699
1785136090.4451699
1785136090.4451699
1785136090.4451699
1785136090.4451699
1785136090.4451699
1785136090.4451699
1785136090.4451699
1785136090.4451699
1785136090.4451699
1785136090.4451699
1785136090.4451699
1785136090.4451699
1785136090.4451699
1785136090.4451699
1785136090.4451699
1785136090.4451699
1785136090.4451699
1785136090.4451699
1785136090.4451699
1785136090.4451699
1785136090.4451699
1785136090.4451699
1785136090.4451699
1785136090.4451699
1785136090.4451699
1785136090.4451699
1785136090.4451699
1785136090.4451699
1785136090.4451699
1785136090.4451699
1785136090.4451699
1785136090.4451699
1785136090.4451699
1785136090.4451699
1785136090.4451699
1785136090.4451699
1785136090.4451699
1785136090.4451699
1785136090.4451699
1785136090.4451699
1785136090.4451699
1785136090.4451699
1785136090.4451699
1785136090.4451699
1785136090.4451699
1785136090.4453919
1785136090.4453919
1785136090.4453919
1785136090.4453919
1785136090.4453919
1785136090.4453919
1785136090.4453919
1785136090.4453919
1785136090.4453919
1785136090.4453919
1785136090.4453919
1785136090.4453919
1785136090.4453919
1785136090.4453919
1785136090.4453919
1785136090.4453919
1785136090.4453919
1785136090.4453919
1785136090.4453919
1785136090.4453919
1785136090.4453919
1785136090.4453919
1785136090.4453919
1785136090.4453919
1785136090.4453919
1785136090.4453919
1785136090.4453919
1785136090.4453919
1785136090.4453919
1785136090.4453919
1785136090.4453919
1785136090.4453919
1785136090.4453919
1785136090.4453919
1785136090.4453919
1785136090.4453919
1785136090.4453919
1785136090.4453919
1785136090.4453919
1785136090.4453919
1785136090.4453919
1785136090.4453919
1785136090.4453919
1785136090.4453919
1785136090.4453919
1785136090.4453919
1785136090.4453919
1785136090.4453919
1785136090.4453919
1785136090.4453919
1785136090.4456141
1785136090.4456141
1785136090.4456141
1785136090.4456141
1785136090.4456141
1785136090.4456141
1785136090.4456141
1785136090.4456141
1785136090.4456141
1785136090.4456141
1785136090.4456141
1785136090.4456141
1785136090.4456141
1785136090.4456141
1785136090.4456141
1785136090.4456141
1785136090.4456141
1785136090.4456141
1785136090.4456141
1785136090.4456141
1785136090.4456141
1785136090.4456141
1785136090.4456141
1785136090.4456141
1785136090.4456141
1785136090.4456141
1785136090.4456141
1785136090.4456141
1785136090.4456141
1785136090.4456141
1785136090.4456141
1785136090.4456141
1785136090.4456141
1785136090.4456141
1785136090.4456141
1785136090.4456141
1785136090.4456141
1785136090.4456141
1785136090.4456141
1785136090.4456141
1785136090.4456141
1785136090.4456141
1785136090.4456141
1785136090.4456141
1785136090.4456141
1785136090.4456141
1785136090.4456141
1785136090.4456141
1785136090.4456141
1785136090.4456141
1785136090.4458361
1785136090.4458361
1785136090.4458361
1785136090.4458361
1785136090.4458361
1785136090.4458361
1785136090.4458361
1785136090.4458361
1785136090.4458361
1785136090.4458361
1785136090.4458361
1785136090.4458361
1785136090.4458361
1785136090.4458361
1785136090.4458361
1785136090.4458361
1785136090.4458361
1785136090.4458361
1785136090.4458361
1785136090.4458361
1785136090.4458361
1785136090.4458361
1785136090.4458361
1785136090.4458361
1785136090.4458361
1785136090.4458361
1785136090.4458361
1785136090.4458361
1785136090.4458361
1785136090.4458361
1785136090.4458361
1785136090.4458361
1785136090.4458361
1785136090.4458361
1785136090.4458361
1785136090.4458361
1785136090.4458361
1785136090.4458361
1785136090.4458361
1785136090.4458361
1785136090.4458361
1785136090.4458361
1785136090.4458361
1785136090.4458361
1785136090.4458361
1785136090.4458361
1785136090.4458361
1785136090.4458361
1785136090.4458361
1785136090.4458361
1785136090.4460580
1785136090.4460580
1785136090.4460580
1785136090.4460580
1785136090.4460580
1785136090.4460580
1785136090.4460580
1785136090.4460580
1785136090.4460580
1785136090.4460580
1785136090.4460580
1785136090.4460580
1785136090.4460580
1785136090.4460580
1785136090.4460580
1785136090.4460580
1785136090.4460580
1785136090.4460580
1785136090.4460580
1785136090.4460580
1785136090.4460580
1785136090.4460580
1785136090.4460580
1785136090.4460580
1785136090.4460580
1785136090.4460580
1785136090.4460580
1785136090.4460580
1785136090.4460580
1785136090.4460580
1785136090.4460580
1785136090.4460580
1785136090.4460580
1785136090.4460580
1785136090.4460580
1785136090.4460580
1785136090.4460580
1785136090.4460580
1785136090.4460580
1785136090.4460580
1785136090.4460580
1785136090.4460580
1785136090.4460580
1785136090.4460580
1785136090.4460580
1785136090.4460580
1785136090.4460580
1785136090.4460580
1785136090.4460580
1785136090.4460580
1785136090.4462810
1785136090.4462810
1785136090.4462810
1785136090.4462810
1785136090.4462810
1785136090.4462810
1785136090.4462810
1785136090.4462810
1785136090.4462810
1785136090.4462810
1785136090.4462810
1785136090.4462810
1785136090.4462810
1785136090.4462810
1785136090.4462810
1785136090.4462810
1785136090.4462810
1785136090.4462810
1785136090.4462810
1785136090.4462810
1785136090.4462810
1785136090.4462810
1785136090.4462810
1785136090.4462810
1785136090.4462810
1785136090.4462810
1785136090.4462810
1785136090.4462810
1785136090.4462810
1785136090.4462810
1785136090.4462810
1785136090.4462810
1785136090.4462810
1785136090.4462810
1785136090.4462810
1785136090.4462810
1785136090.4462810
1785136090.4462810
1785136090.4462810
1785136090.4462810
1785136090.4462810
1785136090.4462810
1785136090.4462810
1785136090.4462810
1785136090.4462810
1785136090.4462810
1785136090.4462810
1785136090.4462810
1785136090.4462810
1785136090.4462810
1785136090.4465029
1785136090.4465029
1785136090.4465029
1785136090.4465029
1785136090.4465029
1785136090.4465029
1785136090.4465029
1785136090.4465029
1785136090.4465029
1785136090.4465029
1785136090.4465029
1785136090.4465029
1785136090.4465029
1785136090.4465029
1785136090.4465029
1785136090.4465029
1785136090.4465029
1785136090.4465029
1785136090.4465029
1785136090.4465029
1785136090.4465029
1785136090.4465029
1785136090.4465029
1785136090.4465029
1785136090.4465029
1785136090.4465029
1785136090.4465029
1785136090.4465029
1785136090.4465029
1785136090.4465029
1785136090.4465029
1785136090.4465029
1785136090.4465029
1785136090.4465029
1785136090.4465029
1785136090.4465029
1785136090.4465029
1785136090.4465029
1785136090.4465029
1785136090.4465029
1785136090.4465029
1785136090.4465029
1785136090.4465029
1785136090.4465029
1785136090.4465029
1785136090.4465029
1785136090.4465029
1785136090.4465029
1785136090.4465029
1785136090.4467249
1785136090.4467249
1785136090.4467249
1785136090.4467249
1785136090.4467249
1785136090.4467249
1785136090.4467249
1785136090.4467249
1785136090.4467249
1785136090.4467249
1785136090.4467249
1785136090.4467249
1785136090.4467249
1785136090.4467249
1785136090.4467249
1785136090.4467249
1785136090.4467249
1785136090.4467249
1785136090.4467249
1785136090.4467249
1785136090.4467249
1785136090.4467249
1785136090.4467249
1785136090.4467249
1785136090.4467249
1785136090.4467249
1785136090.4467249
1785136090.4467249
1785136090.4467249
1785136090.4467249
1785136090.4467249
1785136090.4467249
1785136090.4467249
1785136090.4467249
1785136090.4467249
1785136090.4467249
1785136090.4467249
1785136090.4467249
1785136090.4467249
1785136090.4467249
1785136090.4467249
1785136090.4467249
1785136090.4467249
1785136090.4467249
1785136090.4467249
1785136090.4467249
1785136090.4467249
1785136090.4467249
1785136090.4467249
1785136090.4469471
1785136090.4469471
1785136090.4469471
1785136090.4469471
1785136090.4469471
1785136090.4469471
1785136090.4469471
1785136090.4469471
1785136090.4469471
1785136090.4469471
1785136090.4469471
1785136090.4469471
1785136090.4469471
1785136090.4469471
1785136090.4469471
1785136090.4469471
1785136090.4469471
1785136090.4469471
1785136090.4469471
1785136090.4469471
1785136090.4469471
1785136090.4469471
1785136090.4469471
1785136090.4469471
1785136090.4469471
1785136090.4469471
1785136090.4469471
1785136090.4469471
1785136090.4469471
1785136090.4469471
1785136090.4469471
1785136090.4469471
1785136090.4469471
1785136090.4469471
1785136090.4469471
1785136090.4469471
1785136090.4469471
1785136090.4469471
1785136090.4469471
1785136090.4469471
1785136090.4469471
1785136090.4469471
1785136090.4469471
1785136090.4469471
1785136090.4469471
1785136090.4469471
1785136090.4469471
1785136090.4469471
1785136090.4469471
1785136090.4471700
1785136090.4471700
1785136090.4471700
1785136090.4471700
1785136090.4471700
1785136090.4471700
1785136090.4471700
1785136090.4471700
1785136090.4471700
1785136090.4471700
1785136090.4471700
1785136090.4471700
1785136090.4471700
1785136090.4471700
1785136090.4471700
1785136090.4471700
1785136090.4471700
1785136090.4471700
1785136090.4471700
1785136090.4471700
1785136090.4471700
1785136090.4471700
1785136090.4471700
1785136090.4471700
1785136090.4471700
1785136090.4471700
1785136090.4471700
1785136090.4471700
1785136090.4471700
1785136090.4471700
1785136090.4471700
1785136090.4471700
1785136090.4471700
1785136090.4471700
1785136090.4471700
1785136090.4471700
1785136090.4471700
1785136090.4471700
1785136090.4471700
1785136090.4471700
1785136090.4471700
1785136090.4471700
1785136090.4471700
1785136090.4471700
1785136090.4471700
1785136090.4471700
1785136090.4471700
1785136090.4471700
1785136090.4473920
1785136090.4473920
1785136090.4473920
1785136090.4473920
1785136090.4473920
1785136090.4473920
1785136090.4473920
1785136090.4473920
1785136090.4473920
1785136090.4473920
1785136090.4473920
1785136090.4473920
1785136090.4473920
1785136090.4473920
1785136090.4473920
1785136090.4473920
1785136090.4473920
1785136090.4473920
1785136090.4473920
1785136090.4473920
1785136090.4473920
1785136090.4473920
1785136090.4473920
1785136090.4473920
1785136090.4473920
1785136090.4473920
1785136090.4473920
1785136090.4473920
1785136090.4473920
1785136090.4473920
1785136090.4473920
1785136090.4473920
1785136090.4473920
1785136090.4473920
1785136090.4473920
1785136090.4473920
1785136090.4473920
1785136090.4473920
1785136090.4473920
1785136090.4473920
1785136090.4473920
1785136090.4473920
1785136090.4473920
1785136090.4473920
1785136090.4473920
1785136090.4473920
1785136090.4473920
1785136090.4473920
1785136090.4473920
1785136090.4476140
1785136090.4476140
1785136090.4476140
1785136090.4476140
1785136090.4476140
1785136090.4476140
1785136090.4476140
1785136090.4476140
1785136090.4476140
1785136090.4476140
1785136090.4476140
1785136090.4476140
1785136090.4476140
1785136090.4476140
1785136090.4476140
1785136090.4476140
1785136090.4476140
1785136090.4476140
1785136090.4476140
1785136090.4476140
1785136090.4476140
1785136090.4476140
1785136090.4476140
1785136090.4476140
1785136090.4476140
1785136090.4476140
1785136090.4476140
1785136090.4476140
1785136090.4476140
1785136090.4476140
1785136090.4476140
1785136090.4476140
1785136090.4476140
1785136090.4476140
1785136090.4476140
1785136090.4476140
1785136090.4476140
1785136090.4476140
1785136090.4476140
1785136090.4476140
1785136090.4476140
1785136090.4476140
1785136090.4476140
1785136090.4476140
1785136090.4476140
1785136090.4476140
1785136090.4476140
1785136090.4476140
1785136090.4476140
1785136090.4478359
1785136090.4478359
1785136090.4478359
1785136090.4478359
1785136090.4478359
1785136090.4478359
1785136090.4478359
1785136090.4478359
1785136090.4478359
1785136090.4478359
1785136090.4478359
1785136090.4478359
1785136090.4478359
1785136090.4478359
1785136090.4478359
1785136090.4478359
1785136090.4478359
1785136090.4478359
1785136090.4478359
1785136090.4478359
1785136090.4478359
1785136090.4478359
1785136090.4478359
1785136090.4478359
1785136090.4478359
1785136090.4478359
1785136090.4478359
1785136090.4478359
1785136090.4478359
1785136090.4478359
1785136090.4478359
1785136090.4478359
1785136090.4478359
1785136090.4478359
1785136090.4478359
1785136090.4478359
1785136090.4478359
1785136090.4478359
1785136090.4478359
1785136090.4478359
1785136090.4478359
1785136090.4478359
1785136090.4478359
1785136090.4478359
1785136090.4478359
1785136090.4478359
1785136090.4478359
1785136090.4478359
1785136090.4478359
1785136090.4480579
1785136090.4480579
1785136090.4480579
1785136090.4480579
1785136090.4480579
1785136090.4480579
1785136090.4480579
1785136090.4480579
1785136090.4480579
1785136090.4480579
1785136090.4480579
1785136090.4480579
1785136090.4480579
1785136090.4480579
1785136090.4480579
1785136090.4480579
1785136090.4480579
1785136090.4480579
1785136090.4480579
1785136090.4480579
1785136090.4480579
1785136090.4480579
1785136090.4480579
1785136090.4480579
1785136090.4480579
1785136090.4480579
1785136090.4480579
1785136090.4480579
1785136090.4480579
1785136090.4480579
1785136090.4480579
1785136090.4480579
1785136090.4480579
1785136090.4480579
1785136090.4480579
1785136090.4480579
1785136090.4480579
1785136090.4480579
1785136090.4480579
1785136090.4480579
1785136090.4480579
1785136090.4480579
1785136090.4480579
1785136090.4480579
1785136090.4480579
1785136090.4480579
1785136090.4480579
1785136090.4480579
1785136090.4482810
1785136090.4482810
1785136090.4482810
1785136090.4482810
1785136090.4482810
1785136090.4482810
1785136090.4482810
1785136090.4482810
1785136090.4482810
1785136090.4482810
1785136090.4482810
1785136090.4482810
1785136090.4482810
1785136090.4482810
1785136090.4482810
1785136090.4482810
1785136090.4482810
1785136090.4482810
1785136090.4482810
1785136090.4482810
1785136090.4482810
1785136090.4482810
1785136090.4482810
1785136090.4482810
1785136090.4482810
1785136090.4482810
1785136090.4482810
1785136090.4482810
1785136090.4482810
1785136090.4482810
1785136090.4482810
1785136090.4482810
1785136090.4482810
1785136090.4482810
1785136090.4482810
1785136090.4482810
1785136090.4482810
1785136090.4482810
1785136090.4482810
1785136090.4482810
1785136090.4482810
1785136090.4482810
1785136090.4482810
1785136090.4482810
1785136090.4482810
1785136090.4482810
1785136090.4482810
1785136090.4482810
1785136090.4485030
1785136090.4485030
1785136090.4485030
1785136090.4485030
1785136090.4485030
1785136090.4485030
1785136090.4485030
1785136090.4485030
1785136090.4485030
1785136090.4485030
1785136090.4485030
1785136090.4485030
1785136090.4485030
1785136090.4485030
1785136090.4485030
1785136090.4485030
1785136090.4485030
1785136090.4485030
1785136090.4485030
1785136090.4485030
1785136090.4485030
1785136090.4485030
1785136090.4485030
1785136090.4485030
1785136090.4485030
1785136090.4485030
1785136090.4485030
1785136090.4485030
1785136090.4485030
1785136090.4485030
1785136090.4485030
1785136090.4485030
1785136090.4485030
1785136090.4485030
1785136090.4485030
1785136090.4485030
1785136090.4485030
1785136090.4485030
1785136090.4485030
1785136090.4485030
1785136090.4485030
1785136090.4485030
1785136090.4485030
1785136090.4485030
1785136090.4485030
1785136090.4485030
1785136090.4485030
1785136090.4485030
1785136090.4487250
1785136090.4487250
1785136090.4487250
1785136090.4487250
1785136090.4487250
1785136090.4487250
1785136090.4487250
1785136090.4487250
1785136090.4487250
1785136090.4487250
1785136090.4487250
1785136090.4487250
1785136090.4487250
1785136090.4487250
1785136090.4487250
1785136090.4487250
1785136090.4487250
1785136090.4487250
1785136090.4487250
1785136090.4487250
1785136090.4487250
1785136090.4487250
1785136090.4487250
1785136090.4487250
1785136090.4487250
1785136090.4487250
1785136090.4487250
1785136090.4487250
1785136090.4487250
1785136090.4487250
1785136090.4487250
1785136090.4487250
1785136090.4487250
1785136090.4487250
1785136090.4487250
1785136090.4487250
1785136090.4487250
1785136090.4487250
1785136090.4487250
1785136090.4487250
1785136090.4487250
1785136090.4487250
1785136090.4487250
1785136090.4487250
1785136090.4487250
1785136090.4487250
1785136090.4487250
1785136090.4487250
1785136090.4489470
1785136090.4489470
1785136090.4489470
1785136090.4489470
1785136090.4489470
1785136090.4489470
1785136090.4489470
1785136090.4489470
1785136090.4489470
1785136090.4489470
1785136090.4489470
1785136090.4489470
1785136090.4489470
1785136090.4489470
1785136090.4489470
1785136090.4489470
1785136090.4489470
1785136090.4489470
1785136090.4489470
1785136090.4489470
1785136090.4489470
1785136090.4489470
1785136090.4489470
1785136090.4489470
1785136090.4489470
1785136090.4489470
1785136090.4489470
1785136090.4489470
1785136090.4489470
1785136090.4489470
1785136090.4489470
1785136090.4489470
1785136090.4489470
1785136090.4489470
1785136090.4489470
1785136090.4489470
1785136090.4489470
1785136090.4489470
1785136090.4489470
1785136090.4489470
1785136090.4489470
1785136090.4489470
1785136090.4489470
1785136090.4489470
1785136090.4489470
1785136090.4489470
1785136090.4489470
1785136090.4489470
1785136090.4491689
1785136090.4491689
1785136090.4491689
1785136090.4491689
1785136090.4491689
1785136090.4491689
1785136090.4491689
1785136090.4491689
1785136090.4491689
1785136090.4491689
1785136090.4491689
1785136090.4491689
1785136090.4491689
1785136090.4491689
1785136090.4491689
1785136090.4491689
1785136090.4491689
1785136090.4491689
1785136090.4491689
1785136090.4491689
1785136090.4491689
1785136090.4491689
1785136090.4491689
1785136090.4491689
1785136090.4491689
1785136090.4491689
1785136090.4491689
1785136090.4491689
1785136090.4491689
1785136090.4491689
1785136090.4491689
1785136090.4491689
1785136090.4491689
1785136090.4491689
1785136090.4491689
1785136090.4491689
1785136090.4491689
1785136090.4491689
1785136090.4491689
1785136090.4491689
1785136090.4491689
1785136090.4491689
1785136090.4491689
1785136090.4491689
1785136090.4491689
1785136090.4491689
1785136090.4491689
1785136090.4491689
1785136090.4493909
1785136090.4493909
1785136090.4493909
1785136090.4493909
1785136090.4493909
1785136090.4493909
1785136090.4493909
1785136090.4493909
1785136090.4493909
1785136090.4493909
1785136090.4493909
1785136090.4493909
1785136090.4493909
1785136090.4493909
1785136090.4493909
1785136090.4493909
1785136090.4493909
1785136090.4493909
1785136090.4493909
1785136090.4493909
1785136090.4493909
1785136090.4493909
1785136090.4493909
1785136090.4493909
1785136090.4493909
1785136090.4493909
1785136090.4493909
1785136090.4493909
1785136090.4493909
1785136090.4493909
1785136090.4493909
1785136090.4493909
1785136090.4493909
1785136090.4493909
1785136090.4493909
1785136090.4493909
1785136090.4493909
1785136090.4493909
1785136090.4493909
1785136090.4493909
1785136090.4493909
1785136090.4493909
1785136090.4493909
1785136090.4493909
1785136090.4493909
1785136090.4493909
1785136090.4493909
1785136090.4493909
1785136090.4496140
1785136090.4496140
1785136090.4496140
1785136090.4496140
1785136090.4496140
1785136090.4496140
1785136090.4496140
1785136090.4496140
1785136090.4496140
1785136090.4496140
1785136090.4496140
1785136090.4496140
1785136090.4496140
1785136090.4496140
1785136090.4496140
1785136090.4496140
1785136090.4496140
1785136090.4496140
1785136090.4496140
1785136090.4496140
1785136090.4496140
1785136090.4496140
1785136090.4496140
1785136090.4496140
1785136090.4496140
1785136090.4496140
1785136090.4496140
1785136090.4496140
1785136090.4496140
1785136090.4496140
1785136090.4496140
1785136090.4496140
1785136090.4496140
1785136090.4496140
1785136090.4496140
1785136090.4496140
1785136090.4496140
1785136090.4496140
1785136090.4496140
1785136090.4496140
1785136090.4496140
1785136090.4496140
1785136090.4496140
1785136090.4496140
1785136090.4496140
1785136090.4496140
1785136090.4496140
1785136090.4496140
1785136090.4496140
1785136090.4496140
1785136090.4498360
1785136090.4498360
1785136090.4498360
1785136090.4498360
1785136090.4498360
1785136090.4498360
1785136090.4498360
1785136090.4498360
1785136090.4498360
1785136090.4498360
1785136090.4498360
1785136090.4498360
1785136090.4498360
1785136090.4498360
1785136090.4498360
1785136090.4498360
1785136090.4498360
1785136090.4498360
1785136090.4498360
1785136090.4498360
1785136090.4498360
1785136090.4498360
1785136090.4498360
1785136090.4498360
1785136090.4498360
1785136090.4498360
1785136090.4498360
1785136090.4498360
1785136090.4498360
1785136090.4498360
1785136090.4498360
1785136090.4498360
1785136090.4498360
1785136090.4498360
1785136090.4498360
1785136090.4498360
1785136090.4498360
1785136090.4498360
1785136090.4498360
1785136090.4498360
1785136090.4498360
1785136090.4498360
1785136090.4498360
1785136090.4498360
1785136090.4498360
1785136090.4498360
1785136090.4498360
1785136090.4498360
1785136090.4498360
1785136090.4498360
1785136090.4498360
1785136090.4498360
1785136090.4500580
1785136090.4500580
1785136090.4500580
1785136090.4500580
1785136090.4500580
1785136090.4500580
1785136090.4500580
1785136090.4500580
1785136090.4500580
1785136090.4500580
1785136090.4500580
1785136090.4500580
1785136090.4500580
1785136090.4500580
1785136090.4500580
1785136090.4500580
1785136090.4500580
1785136090.4500580
1785136090.4500580
1785136090.4500580
1785136090.4500580
1785136090.4500580
1785136090.4500580
1785136090.4500580
1785136090.4500580
1785136090.4500580
1785136090.4500580
1785136090.4500580
1785136090.4500580
1785136090.4500580
1785136090.4500580
1785136090.4500580
1785136090.4500580
1785136090.4500580
1785136090.4500580
1785136090.4500580
1785136090.4500580
1785136090.4500580
1785136090.4500580
1785136090.4500580
1785136090.4500580
1785136090.4500580
1785136090.4500580
1785136090.4500580
1785136090.4500580
1785136090.4500580
1785136090.4500580
1785136090.4500580
1785136090.4500580
1785136090.4500580
1785136090.4502800
1785136090.4502800
1785136090.4502800
1785136090.4502800
1785136090.4502800
1785136090.4502800
1785136090.4502800
1785136090.4502800
1785136090.4502800
1785136090.4502800
1785136090.4502800
1785136090.4502800
1785136090.4502800
1785136090.4502800
1785136090.4502800
1785136090.4502800
1785136090.4502800
1785136090.4502800
1785136090.4502800
1785136090.4502800
1785136090.4502800
1785136090.4502800
1785136090.4502800
1785136090.4502800
1785136090.4502800
1785136090.4502800
1785136090.4502800
1785136090.4502800
1785136090.4502800
1785136090.4502800
1785136090.4502800
1785136090.4502800
1785136090.4502800
1785136090.4502800
1785136090.4502800
1785136090.4502800
1785136090.4502800
1785136090.4502800
1785136090.4502800
1785136090.4502800
1785136090.4502800
1785136090.4502800
1785136090.4502800
1785136090.4502800
1785136090.4502800
1785136090.4502800
1785136090.4502800
1785136090.4502800
1785136090.4502800
1785136090.4502800
1785136090.4505031
1785136090.4505031
1785136090.4505031
1785136090.4505031
1785136090.4505031
1785136090.4505031
1785136090.4505031
1785136090.4505031
1785136090.4505031
1785136090.4505031
1785136090.4505031
1785136090.4505031
1785136090.4505031
1785136090.4505031
1785136090.4505031
1785136090.4505031
1785136090.4505031
1785136090.4505031
1785136090.4505031
1785136090.4505031
1785136090.4505031
1785136090.4505031
1785136090.4505031
1785136090.4505031
1785136090.4505031
1785136090.4505031
1785136090.4505031
1785136090.4505031
1785136090.4505031
1785136090.4505031
1785136090.4505031
1785136090.4505031
1785136090.4505031
1785136090.4505031
1785136090.4505031
1785136090.4505031
1785136090.4505031
1785136090.4505031
1785136090.4505031
1785136090.4505031
1785136090.4505031
1785136090.4505031
1785136090.4505031
1785136090.4505031
1785136090.4505031
1785136090.4507251
1785136090.4507251
1785136090.4507251
1785136090.4507251
1785136090.4507251
1785136090.4507251
1785136090.4507251
1785136090.4507251
1785136090.4507251
1785136090.4507251
1785136090.4507251
1785136090.4507251
1785136090.4507251
1785136090.4507251
1785136090.4507251
1785136090.4507251
1785136090.4507251
1785136090.4507251
1785136090.4507251
1785136090.4507251
1785136090.4507251
1785136090.4507251
1785136090.4507251
1785136090.4507251
1785136090.4507251
1785136090.4507251
1785136090.4507251
1785136090.4507251
1785136090.4507251
1785136090.4507251
1785136090.4507251
1785136090.4507251
1785136090.4507251
1785136090.4507251
1785136090.4507251
1785136090.4507251
1785136090.4507251
1785136090.4507251
1785136090.4507251
1785136090.4507251
1785136090.4507251
1785136090.4507251
1785136090.4507251
1785136090.4507251
1785136090.4509470
1785136090.4509470
1785136090.4509470
1785136090.4509470
1785136090.4509470
1785136090.4509470
1785136090.4509470
1785136090.4509470
1785136090.4509470
1785136090.4509470
1785136090.4509470
1785136090.4509470
1785136090.4509470
1785136090.4509470
1785136090.4509470
1785136090.4509470
1785136090.4509470
1785136090.4509470
1785136090.4509470
1785136090.4509470
1785136090.4509470
1785136090.4509470
1785136090.4509470
1785136090.4509470
1785136090.4509470
1785136090.4509470
1785136090.4509470
1785136090.4509470
1785136090.4509470
1785136090.4509470
1785136090.4509470
1785136090.4509470
1785136090.4509470
1785136090.4509470
1785136090.4509470
1785136090.4509470
1785136090.4509470
1785136090.4509470
1785136090.4509470
1785136090.4509470
1785136090.4509470
1785136090.4509470
1785136090.4511690
1785136090.4511690
1785136090.4511690
1785136090.4511690
1785136090.4511690
1785136090.4511690
1785136090.4511690
1785136090.4511690
1785136090.4511690
1785136090.4511690
1785136090.4511690
1785136090.4511690
1785136090.4511690
1785136090.4511690
1785136090.4511690
1785136090.4511690
1785136090.4511690
1785136090.4511690
1785136090.4511690
1785136090.4511690
1785136090.4511690
1785136090.4511690
1785136090.4511690
1785136090.4511690
1785136090.4511690
1785136090.4511690
1785136090.4511690
1785136090.4511690
1785136090.4511690
1785136090.4511690
1785136090.4511690
1785136090.4511690
1785136090.4511690
1785136090.4511690
1785136090.4511690
1785136090.4511690
1785136090.4511690
1785136090.4511690
1785136090.4511690
1785136090.4511690
1785136090.4511690
1785136090.4511690
1785136090.4513910
1785136090.4513910
1785136090.4513910
1785136090.4513910
1785136090.4513910
1785136090.4513910
1785136090.4513910
1785136090.4513910
1785136090.4513910
1785136090.4513910
1785136090.4513910
1785136090.4513910
1785136090.4513910
1785136090.4513910
1785136090.4513910
1785136090.4513910
1785136090.4513910
1785136090.4513910
1785136090.4513910
1785136090.4513910
1785136090.4513910
1785136090.4513910
1785136090.4513910
1785136090.4513910
1785136090.4513910
1785136090.4513910
1785136090.4513910
1785136090.4513910
1785136090.4513910
1785136090.4513910
1785136090.4513910
1785136090.4513910
1785136090.4513910
1785136090.4513910
1785136090.4513910
1785136090.4513910
1785136090.4513910
1785136090.4513910
1785136090.4513910
1785136090.4513910
1785136090.4513910
1785136090.4513910
1785136090.4513910
1785136090.4513910
1785136090.4516139
1785136090.4516139
1785136090.4516139
1785136090.4516139
1785136090.4516139
1785136090.4516139
1785136090.4516139
1785136090.4516139
1785136090.4516139
1785136090.4516139
1785136090.4516139
1785136090.4516139
1785136090.4516139
1785136090.4516139
1785136090.4516139
1785136090.4516139
1785136090.4516139
1785136090.4516139
1785136090.4516139
1785136090.4516139
1785136090.4516139
1785136090.4516139
1785136090.4516139
1785136090.4516139
1785136090.4516139
1785136090.4516139
1785136090.4516139
1785136090.4516139
1785136090.4516139
1785136090.4516139
1785136090.4516139
1785136090.4516139
1785136090.4516139
1785136090.4516139
1785136090.4516139
1785136090.4516139
1785136090.4516139
1785136090.4516139
1785136090.4516139
1785136090.4516139
1785136090.4516139
1785136090.4516139
1785136090.4516139
1785136090.4516139
1785136090.4516139
1785136090.4518361
1785136090.4518361
1785136090.4518361
1785136090.4518361
1785136090.4518361
1785136090.4518361
1785136090.4518361
1785136090.4518361
1785136090.4518361
1785136090.4518361
1785136090.4518361
1785136090.4518361
1785136090.4518361
1785136090.4518361
1785136090.4518361
1785136090.4518361
1785136090.4518361
1785136090.4518361
1785136090.4518361
1785136090.4518361
1785136090.4518361
1785136090.4518361
1785136090.4518361
1785136090.4518361
1785136090.4518361
1785136090.4518361
1785136090.4518361
1785136090.4518361
1785136090.4518361
1785136090.4518361
1785136090.4518361
1785136090.4518361
1785136090.4518361
1785136090.4518361
1785136090.4518361
1785136090.4518361
1785136090.4518361
1785136090.4518361
1785136090.4518361
1785136090.4518361
1785136090.4518361
1785136090.4518361
1785136090.4518361
1785136090.4518361
1785136090.4518361
1785136090.4518361
1785136090.4520581
1785136090.4520581
1785136090.4520581
1785136090.4520581
1785136090.4520581
1785136090.4520581
1785136090.4520581
1785136090.4520581
1785136090.4520581
1785136090.4520581
1785136090.4520581
1785136090.4520581
1785136090.4520581
1785136090.4520581
1785136090.4520581
1785136090.4520581
1785136090.4520581
1785136090.4520581
1785136090.4520581
1785136090.4520581
1785136090.4520581
1785136090.4520581
1785136090.4520581
1785136090.4520581
1785136090.4520581
1785136090.4520581
1785136090.4520581
1785136090.4520581
1785136090.4520581
1785136090.4520581
1785136090.4520581
1785136090.4520581
1785136090.4520581
1785136090.4520581
1785136090.4520581
1785136090.4520581
1785136090.4520581
1785136090.4520581
1785136090.4520581
1785136090.4520581
1785136090.4520581
1785136090.4520581
1785136090.4520581
1785136090.4520581
1785136090.4520581
1785136090.4522800
1785136090.4522800
1785136090.4522800
1785136090.4522800
1785136090.4522800
1785136090.4522800
1785136090.4522800
1785136090.4522800
1785136090.4522800
1785136090.4522800
1785136090.4522800
1785136090.4522800
1785136090.4522800
1785136090.4522800
1785136090.4522800
1785136090.4522800
1785136090.4522800
1785136090.4522800
1785136090.4522800
1785136090.4522800
1785136090.4522800
1785136090.4522800
1785136090.4522800
1785136090.4522800
1785136090.4522800
1785136090.4522800
1785136090.4522800
1785136090.4522800
1785136090.4522800
1785136090.4522800
1785136090.4522800
1785136090.4522800
1785136090.4522800
1785136090.4522800
1785136090.4522800
1785136090.4522800
1785136090.4522800
1785136090.4522800
1785136090.4522800
1785136090.4522800
1785136090.4522800
1785136090.4522800
1785136090.4522800
1785136090.4522800
1785136090.4522800
1785136090.4525030
1785136090.4525030
1785136090.4525030
1785136090.4525030
1785136090.4525030
1785136090.4525030
1785136090.4525030
1785136090.4525030
1785136090.4525030
1785136090.4525030
1785136090.4525030
1785136090.4525030
1785136090.4525030
1785136090.4525030
1785136090.4525030
1785136090.4525030
1785136090.4525030
1785136090.4525030
1785136090.4525030
1785136090.4525030
1785136090.4525030
1785136090.4525030
1785136090.4525030
1785136090.4525030
1785136090.4525030
1785136090.4525030
1785136090.4525030
1785136090.4525030
1785136090.4525030
1785136090.4525030
1785136090.4525030
1785136090.4525030
1785136090.4525030
1785136090.4525030
1785136090.4525030
1785136090.4525030
1785136090.4525030
1785136090.4525030
1785136090.4525030
1785136090.4525030
1785136090.4525030
1785136090.4525030
1785136090.4525030
1785136090.4525030
1785136090.4525030
1785136090.4525030
1785136090.4525030
1785136090.4525030
1785136090.4525030
1785136090.4525030
1785136090.4527249
1785136090.4527249
1785136090.4527249
1785136090.4527249
1785136090.4527249
1785136090.4527249
1785136090.4527249
1785136090.4527249
1785136090.4527249
1785136090.4527249
1785136090.4527249
1785136090.4527249
1785136090.4527249
1785136090.4527249
1785136090.4527249
1785136090.4527249
1785136090.4527249
1785136090.4527249
1785136090.4527249
1785136090.4527249
1785136090.4527249
1785136090.4527249
1785136090.4527249
1785136090.4527249
1785136090.4527249
1785136090.4527249
1785136090.4527249
1785136090.4527249
1785136090.4527249
1785136090.4527249
1785136090.4527249
1785136090.4527249
1785136090.4527249
1785136090.4527249
1785136090.4527249
1785136090.4527249
1785136090.4527249
1785136090.4527249
1785136090.4527249
1785136090.4527249
1785136090.4527249
1785136090.4527249
1785136090.4527249
1785136090.4527249
1785136090.4527249
1785136090.4527249
1785136090.4527249
1785136090.4527249
1785136090.4527249
1785136090.4527249
1785136090.4527249
1785136090.4527249
1785136090.4527249
1785136090.4527249
1785136090.4527249
1785136090.4527249
1785136090.4527249
1785136090.4527249
1785136090.4527249
1785136090.4527249
1785136090.4527249
1785136090.4527249
1785136090.4527249
1785136090.4527249
1785136090.4529469
1785136090.4529469
1785136090.4529469
1785136090.4529469
1785136090.4529469
1785136090.4529469
1785136090.4529469
1785136090.4529469
1785136090.4529469
1785136090.4529469
1785136090.4529469
1785136090.4529469
1785136090.4529469
1785136090.4529469
1785136090.4529469
1785136090.4529469
1785136090.4529469
1785136090.4529469
1785136090.4529469
1785136090.4529469
1785136090.4529469
1785136090.4529469
1785136090.4529469
1785136090.4529469
1785136090.4529469
1785136090.4529469
1785136090.4529469
1785136090.4529469
1785136090.4529469
1785136090.4529469
1785136090.4529469
1785136090.4529469
1785136090.4529469
1785136090.4529469
1785136090.4529469
1785136090.4529469
1785136090.4529469
1785136090.4529469
1785136090.4529469
1785136090.4529469
1785136090.4529469
1785136090.4529469
1785136090.4529469
1785136090.4529469
1785136090.4529469
1785136090.4529469
1785136090.4529469
1785136090.4529469
1785136090.4529469
1785136090.4529469
1785136090.4529469
1785136090.4529469
1785136090.4529469
1785136090.4529469
1785136090.4529469
1785136090.4529469
1785136090.4529469
1785136090.4529469
1785136090.4529469
1785136090.4529469
1785136090.4529469
1785136090.4529469
1785136090.4529469
1785136090.4529469
1785136090.4531691
1785136090.4531691
1785136090.4531691
1785136090.4531691
1785136090.4531691
1785136090.4531691
1785136090.4531691
1785136090.4531691
1785136090.4531691
1785136090.4531691
1785136090.4531691
1785136090.4531691
1785136090.4531691
1785136090.4531691
1785136090.4531691
1785136090.4531691
1785136090.4531691
1785136090.4531691
1785136090.4531691
1785136090.4531691
1785136090.4531691
1785136090.4531691
1785136090.4531691
1785136090.4531691
1785136090.4531691
1785136090.4531691
1785136090.4531691
1785136090.4531691
1785136090.4531691
1785136090.4531691
1785136090.4531691
1785136090.4531691
1785136090.4531691
1785136090.4531691
1785136090.4531691
1785136090.4531691
1785136090.4531691
1785136090.4531691
1785136090.4531691
1785136090.4531691
1785136090.4531691
1785136090.4531691
1785136090.4531691
1785136090.4531691
1785136090.4531691
1785136090.4531691
1785136090.4531691
1785136090.4531691
1785136090.4531691
1785136090.4531691
1785136090.4531691
1785136090.4531691
1785136090.4531691
1785136090.4531691
1785136090.4531691
1785136090.4531691
1785136090.4533911
1785136090.4533911
1785136090.4533911
1785136090.4533911
1785136090.4533911
1785136090.4533911
1785136090.4533911
1785136090.4533911
1785136090.4533911
1785136090.4533911
1785136090.4533911
1785136090.4533911
1785136090.4533911
1785136090.4533911
1785136090.4533911
1785136090.4533911
1785136090.4533911
1785136090.4533911
1785136090.4533911
1785136090.4533911
1785136090.4533911
1785136090.4533911
1785136090.4533911
1785136090.4533911
1785136090.4533911
1785136090.4533911
1785136090.4533911
1785136090.4533911
1785136090.4533911
1785136090.4533911
1785136090.4533911
1785136090.4533911
1785136090.4533911
1785136090.4533911
1785136090.4533911
1785136090.4533911
1785136090.4533911
1785136090.4533911
1785136090.4533911
1785136090.4533911
1785136090.4533911
1785136090.4533911
1785136090.4533911
1785136090.4533911
1785136090.4533911
1785136090.4533911
1785136090.4533911
1785136090.4533911
1785136090.4533911
1785136090.4533911
1785136090.4533911
1785136090.4533911
1785136090.4533911
1785136090.4533911
1785136090.4533911
1785136090.4533911
1785136090.4536140
1785136090.4536140
1785136090.4536140
1785136090.4536140
1785136090.4536140
1785136090.4536140
1785136090.4536140
1785136090.4536140
1785136090.4536140
1785136090.4536140
1785136090.4536140
1785136090.4536140
1785136090.4536140
1785136090.4536140
1785136090.4536140
1785136090.4536140
1785136090.4536140
1785136090.4536140
1785136090.4536140
1785136090.4536140
1785136090.4536140
1785136090.4536140
1785136090.4536140
1785136090.4536140
1785136090.4536140
1785136090.4536140
1785136090.4536140
1785136090.4536140
1785136090.4536140
1785136090.4536140
1785136090.4536140
1785136090.4536140
1785136090.4536140
1785136090.4536140
1785136090.4536140
1785136090.4536140
1785136090.4536140
1785136090.4536140
1785136090.4536140
1785136090.4536140
1785136090.4536140
1785136090.4536140
1785136090.4536140
1785136090.4536140
1785136090.4536140
1785136090.4536140
1785136090.4536140
1785136090.4536140
1785136090.4538360
1785136090.4538360
1785136090.4538360
1785136090.4538360
1785136090.4538360
1785136090.4538360
1785136090.4538360
1785136090.4538360
1785136090.4538360
1785136090.4538360
1785136090.4538360
1785136090.4538360
1785136090.4538360
1785136090.4538360
1785136090.4538360
1785136090.4538360
1785136090.4538360
1785136090.4538360
1785136090.4538360
1785136090.4538360
1785136090.4538360
1785136090.4538360
1785136090.4538360
1785136090.4538360
1785136090.4538360
1785136090.4538360
1785136090.4538360
1785136090.4538360
1785136090.4538360
1785136090.4538360
1785136090.4538360
1785136090.4538360
1785136090.4538360
1785136090.4538360
1785136090.4538360
1785136090.4538360
1785136090.4538360
1785136090.4538360
1785136090.4538360
1785136090.4538360
1785136090.4538360
1785136090.4538360
1785136090.4538360
1785136090.4538360
1785136090.4538360
1785136090.4538360
1785136090.4538360
1785136090.4538360
1785136090.4538360
1785136090.4538360
1785136090.4538360
1785136090.4538360
1785136090.4538360
1785136090.4540579
1785136090.4540579
1785136090.4540579
1785136090.4540579
1785136090.4540579
1785136090.4540579
1785136090.4540579
1785136090.4540579
1785136090.4540579
1785136090.4540579
1785136090.4540579
1785136090.4540579
1785136090.4540579
1785136090.4540579
1785136090.4540579
1785136090.4540579
1785136090.4540579
1785136090.4540579
1785136090.4540579
1785136090.4540579
1785136090.4540579
1785136090.4540579
1785136090.4540579
1785136090.4540579
1785136090.4540579
1785136090.4540579
1785136090.4540579
1785136090.4540579
1785136090.4540579
1785136090.4540579
1785136090.4540579
1785136090.4540579
1785136090.4540579
1785136090.4540579
1785136090.4540579
1785136090.4540579
1785136090.4540579
1785136090.4540579
1785136090.4540579
1785136090.4540579
1785136090.4540579
1785136090.4540579
1785136090.4540579
1785136090.4540579
1785136090.4540579
1785136090.4540579
1785136090.4540579
1785136090.4540579
1785136090.4540579
1785136090.4540579
1785136090.4540579
1785136090.4540579
1785136090.4542799
1785136090.4542799
1785136090.4542799
1785136090.4542799
1785136090.4542799
1785136090.4542799
1785136090.4542799
1785136090.4542799
1785136090.4542799
1785136090.4542799
1785136090.4542799
1785136090.4542799
1785136090.4542799
1785136090.4542799
1785136090.4542799
1785136090.4542799
1785136090.4542799
1785136090.4542799
1785136090.4542799
1785136090.4542799
1785136090.4542799
1785136090.4542799
1785136090.4542799
1785136090.4542799
1785136090.4542799
1785136090.4542799
1785136090.4542799
1785136090.4542799
1785136090.4542799
1785136090.4542799
1785136090.4542799
1785136090.4542799
1785136090.4542799
1785136090.4542799
1785136090.4542799
1785136090.4542799
1785136090.4542799
1785136090.4542799
1785136090.4542799
1785136090.4542799
1785136090.4542799
1785136090.4542799
1785136090.4545021
1785136090.4545021
1785136090.4545021
1785136090.4545021
1785136090.4545021
1785136090.4545021
1785136090.4545021
1785136090.4545021
1785136090.4545021
1785136090.4545021
1785136090.4545021
1785136090.4545021
1785136090.4545021
1785136090.4545021
1785136090.4545021
1785136090.4545021
1785136090.4545021
1785136090.4545021
1785136090.4545021
1785136090.4545021
1785136090.4545021
1785136090.4545021
1785136090.4545021
1785136090.4545021
1785136090.4545021
1785136090.4545021
1785136090.4545021
1785136090.4545021
1785136090.4545021
1785136090.4545021
1785136090.4545021
1785136090.4545021
1785136090.4545021
1785136090.4545021
1785136090.4545021
1785136090.4545021
1785136090.4545021
1785136090.4545021
1785136090.4545021
1785136090.4545021
1785136090.4545021
1785136090.4545021
1785136090.4545021
1785136090.4545021
1785136090.4545021
1785136090.4545021
1785136090.4545021
1785136090.4545021
1785136090.4545021
1785136090.4545021
1785136090.4545021
1785136090.4545021
1785136090.4545021
1785136090.4547250
1785136090.4547250
1785136090.4547250
1785136090.4547250
1785136090.4547250
1785136090.4547250
1785136090.4547250
1785136090.4547250
1785136090.4547250
1785136090.4547250
1785136090.4547250
1785136090.4547250
1785136090.4547250
1785136090.4547250
1785136090.4547250
1785136090.4547250
1785136090.4547250
1785136090.4547250
1785136090.4547250
1785136090.4547250
1785136090.4547250
1785136090.4547250
1785136090.4547250
1785136090.4547250
1785136090.4547250
1785136090.4547250
1785136090.4547250
1785136090.4547250
1785136090.4547250
1785136090.4547250
1785136090.4547250
1785136090.4547250
1785136090.4547250
1785136090.4547250
1785136090.4547250
1785136090.4547250
1785136090.4547250
1785136090.4547250
1785136090.4547250
1785136090.4547250
1785136090.4547250
1785136090.4547250
1785136090.4547250
1785136090.4547250
1785136090.4547250
1785136090.4547250
1785136090.4547250
1785136090.4547250
1785136090.4547250
1785136090.4547250
1785136090.4547250
1785136090.4547250
1785136090.4547250
1785136090.4547250
1785136090.4547250
1785136090.4549470
1785136090.4549470
1785136090.4549470
1785136090.4549470
1785136090.4549470
1785136090.4549470
1785136090.4549470
1785136090.4549470
1785136090.4549470
1785136090.4549470
1785136090.4549470
1785136090.4549470
1785136090.4549470
1785136090.4549470
1785136090.4549470
1785136090.4549470
1785136090.4549470
1785136090.4549470
1785136090.4549470
1785136090.4549470
1785136090.4549470
1785136090.4549470
1785136090.4549470
1785136090.4549470
1785136090.4549470
1785136090.4549470
1785136090.4549470
1785136090.4549470
1785136090.4549470
1785136090.4549470
1785136090.4549470
1785136090.4549470
1785136090.4549470
1785136090.4549470
1785136090.4549470
1785136090.4551690
1785136090.4551690
1785136090.4551690
1785136090.4551690
1785136090.4551690
1785136090.4551690
1785136090.4551690
1785136090.4551690
1785136090.4551690
1785136090.4551690
1785136090.4551690
1785136090.4551690
1785136090.4551690
1785136090.4551690
1785136090.4551690
1785136090.4551690
1785136090.4551690
1785136090.4551690
1785136090.4551690
1785136090.4553909
1785136090.4553909
1785136090.4553909
1785136090.4553909
1785136090.4553909
1785136090.4553909
1785136090.4553909
1785136090.4553909
1785136090.4553909
1785136090.4553909
1785136090.4553909
1785136090.4553909
1785136090.4553909
1785136090.4553909
1785136090.4553909
1785136090.4553909
1785136090.4553909
1785136090.4553909
1785136090.4553909
1785136090.4553909
1785136090.4553909
1785136090.4553909
1785136090.4553909
1785136090.4553909
1785136090.4556141
1785136090.4556141
1785136090.4556141
1785136090.4556141
1785136090.4556141
1785136090.4556141
1785136090.4556141
1785136090.4556141
1785136090.4556141
1785136090.4556141
1785136090.4556141
1785136090.4556141
1785136090.4556141
1785136090.4556141
1785136090.4556141
1785136090.4558361
1785136090.4558361
1785136090.4558361
1785136090.4558361
1785136090.4558361
1785136090.4558361
1785136090.4558361
1785136090.4558361
1785136090.4558361
1785136090.4558361
1785136090.4558361
1785136090.4558361
1785136090.4560580
1785136090.4560580
1785136090.4560580
1785136090.4560580
1785136090.4560580
1785136090.4560580
1785136090.4560580
1785136090.4560580
1785136090.4560580
1785136090.4560580
1785136090.4560580
1785136090.4560580
1785136090.4562800
1785136090.4562800
1785136090.4562800
1785136090.4562800
1785136090.4562800
1785136090.4562800
1785136090.4562800
1785136090.4562800
1785136090.4562800
1785136090.4562800
1785136090.4562800
1785136090.4562800
1785136090.4562800
1785136090.4565029
1785136090.4565029
1785136090.4565029
1785136090.4565029
1785136090.4565029
1785136090.4565029
1785136090.4565029
1785136090.4565029
1785136090.4565029
1785136090.4565029
1785136090.4565029
1785136090.4565029
1785136090.4565029
1785136090.4567249
1785136090.4602809
1785136090.4605031
1785136090.4605031
1785136090.4605031
1785136090.4605031
1785136090.4605031
1785136090.4605031
1785136090.4605031
1785136090.4605031
1785136090.4605031
1785136090.4605031
1785136090.4605031
1785136090.4605031
1785136090.4607251
1785136090.4607251
1785136090.4607251
1785136090.4607251
1785136090.4607251
1785136090.4607251
1785136090.4607251
1785136090.4607251
1785136090.4607251
1785136090.4607251
1785136090.4607251
1785136090.4607251
1785136090.4607251
1785136090.4607251
1785136090.4607251
1785136090.4609480
1785136090.4609480
1785136090.4609480
1785136090.4609480
1785136090.4609480
1785136090.4609480
1785136090.4609480
1785136090.4609480
1785136090.4609480
1785136090.4609480
1785136090.4609480
1785136090.4609480
1785136090.4609480
1785136090.4609480
1785136090.4609480
1785136090.4609480
1785136090.4609480
1785136090.4609480
1785136090.4611700
1785136090.4611700
1785136090.4611700
1785136090.4611700
1785136090.4611700
1785136090.4611700
1785136090.4611700
1785136090.4611700
1785136090.4611700
1785136090.4611700
1785136090.4611700
1785136090.4611700
1785136090.4611700
1785136090.4611700
1785136090.4611700
1785136090.4611700
1785136090.4611700
1785136090.4613919
1785136090.4613919
1785136090.4613919
1785136090.4613919
1785136090.4613919
1785136090.4613919
1785136090.4613919
1785136090.4613919
1785136090.4613919
1785136090.4613919
1785136090.4613919
1785136090.4613919
1785136090.4613919
1785136090.4613919
1785136090.4613919
1785136090.4613919
1785136090.4613919
1785136090.4613919
1785136090.4613919
1785136090.4616151
1785136090.4616151
1785136090.4616151
1785136090.4616151
1785136090.4616151
1785136090.4616151
1785136090.4616151
1785136090.4616151
1785136090.4616151
1785136090.4616151
1785136090.4616151
1785136090.4616151
1785136090.4616151
1785136090.4620590
1785136090.4620590
1785136090.4620590
1785136090.4620590
1785136090.4622810
1785136090.4622810
1785136090.4622810
1785136090.4622810
1785136090.4622810
1785136090.4622810
