1785136096.4124961
1785136096.4138291
1785136096.4138291
1785136096.4140511
1785136096.4140511
1785136096.4140511
1785136096.4142730
1785136096.4142730
1785136096.4142730
1785136096.4142730
1785136096.4142730
1785136096.4142730
1785136096.4142730
1785136096.4142730
1785136096.4142730
1785136096.4142730
1785136096.4142730
1785136096.4142730
1785136096.4142730
1785136096.4142730
1785136096.4142730
1785136096.4142730
1785136096.4144959
1785136096.4144959
1785136096.4144959
1785136096.4144959
1785136096.4144959
1785136096.4144959
1785136096.4144959
1785136096.4144959
1785136096.4151630
1785136096.4151630
1785136096.4151630
1785136096.4167180
1785136096.4169409
1785136096.4169409
1785136096.4169409
1785136096.4169409
1785136096.4169409
1785136096.4171629
1785136096.4171629
1785136096.4171629
1785136096.4171629
1785136096.4171629
1785136096.4171629
1785136096.4171629
1785136096.4171629
1785136096.4173851
1785136096.4173851
1785136096.4173851
1785136096.4173851
1785136096.4173851
1785136096.4173851
1785136096.4173851
1785136096.4173851
1785136096.4173851
1785136096.4176071
1785136096.4176071
1785136096.4176071
1785136096.4176071
1785136096.4176071
1785136096.4176071
1785136096.4176071
1785136096.4176071
1785136096.4176071
1785136096.4176071
1785136096.4176071
1785136096.4176071
1785136096.4176071
1785136096.4176071
1785136096.4176071
1785136096.4176071
1785136096.4176071
1785136096.4176071
1785136096.4176071
1785136096.4176071
1785136096.4178300
1785136096.4178300
1785136096.4178300
1785136096.4178300
1785136096.4178300
1785136096.4178300
1785136096.4178300
1785136096.4178300
1785136096.4178300
1785136096.4178300
1785136096.4178300
1785136096.4178300
1785136096.4178300
1785136096.4178300
1785136096.4178300
1785136096.4178300
1785136096.4178300
1785136096.4178300
1785136096.4178300
1785136096.4178300
1785136096.4178300
1785136096.4178300
1785136096.4178300
1785136096.4178300
1785136096.4178300
1785136096.4178300
1785136096.4178300
1785136096.4178300
1785136096.4178300
1785136096.4178300
1785136096.4178300
1785136096.4178300
1785136096.4178300
1785136096.4178300
1785136096.4178300
1785136096.4178300
1785136096.4178300
1785136096.4178300
1785136096.4178300
1785136096.4178300
1785136096.4180520
1785136096.4180520
1785136096.4180520
1785136096.4180520
1785136096.4180520
1785136096.4180520
1785136096.4180520
1785136096.4180520
1785136096.4180520
1785136096.4180520
1785136096.4180520
1785136096.4180520
1785136096.4180520
1785136096.4180520
1785136096.4180520
1785136096.4180520
1785136096.4180520
1785136096.4180520
1785136096.4180520
1785136096.4180520
1785136096.4180520
1785136096.4180520
1785136096.4180520
1785136096.4180520
1785136096.4180520
1785136096.4180520
1785136096.4180520
1785136096.4180520
1785136096.4180520
1785136096.4180520
1785136096.4180520
1785136096.4180520
1785136096.4180520
1785136096.4180520
1785136096.4180520
1785136096.4180520
1785136096.4180520
1785136096.4182739
1785136096.4182739
1785136096.4182739
1785136096.4182739
1785136096.4182739
1785136096.4182739
1785136096.4182739
1785136096.4182739
1785136096.4182739
1785136096.4182739
1785136096.4182739
1785136096.4182739
1785136096.4182739
1785136096.4182739
1785136096.4182739
1785136096.4182739
1785136096.4182739
1785136096.4182739
1785136096.4182739
1785136096.4182739
1785136096.4182739
1785136096.4182739
1785136096.4182739
1785136096.4182739
1785136096.4182739
1785136096.4182739
1785136096.4182739
1785136096.4182739
1785136096.4182739
1785136096.4182739
1785136096.4182739
1785136096.4182739
1785136096.4182739
1785136096.4184959
1785136096.4184959
1785136096.4184959
1785136096.4184959
1785136096.4184959
1785136096.4184959
1785136096.4184959
1785136096.4184959
1785136096.4184959
1785136096.4184959
1785136096.4184959
1785136096.4184959
1785136096.4184959
1785136096.4184959
1785136096.4184959
1785136096.4184959
1785136096.4184959
1785136096.4184959
1785136096.4184959
1785136096.4184959
1785136096.4184959
1785136096.4184959
1785136096.4184959
1785136096.4184959
1785136096.4184959
1785136096.4184959
1785136096.4184959
1785136096.4184959
1785136096.4184959
1785136096.4184959
1785136096.4184959
1785136096.4184959
1785136096.4187191
1785136096.4187191
1785136096.4187191
1785136096.4187191
1785136096.4187191
1785136096.4187191
1785136096.4187191
1785136096.4187191
1785136096.4187191
1785136096.4187191
1785136096.4187191
1785136096.4187191
1785136096.4187191
1785136096.4187191
1785136096.4187191
1785136096.4187191
1785136096.4187191
1785136096.4187191
1785136096.4187191
1785136096.4187191
1785136096.4187191
1785136096.4187191
1785136096.4187191
1785136096.4187191
1785136096.4187191
1785136096.4187191
1785136096.4187191
1785136096.4187191
1785136096.4187191
1785136096.4187191
1785136096.4187191
1785136096.4187191
1785136096.4189410
1785136096.4189410
1785136096.4189410
1785136096.4189410
1785136096.4189410
1785136096.4189410
1785136096.4189410
1785136096.4189410
1785136096.4189410
1785136096.4189410
1785136096.4189410
1785136096.4189410
1785136096.4189410
1785136096.4189410
1785136096.4189410
1785136096.4189410
1785136096.4189410
1785136096.4189410
1785136096.4189410
1785136096.4189410
1785136096.4189410
1785136096.4189410
1785136096.4189410
1785136096.4189410
1785136096.4189410
1785136096.4189410
1785136096.4189410
1785136096.4189410
1785136096.4189410
1785136096.4189410
1785136096.4189410
1785136096.4189410
1785136096.4191630
1785136096.4191630
1785136096.4191630
1785136096.4191630
1785136096.4191630
1785136096.4191630
1785136096.4191630
1785136096.4191630
1785136096.4191630
1785136096.4191630
1785136096.4191630
1785136096.4191630
1785136096.4191630
1785136096.4191630
1785136096.4191630
1785136096.4191630
1785136096.4191630
1785136096.4191630
1785136096.4191630
1785136096.4191630
1785136096.4191630
1785136096.4191630
1785136096.4191630
1785136096.4191630
1785136096.4191630
1785136096.4191630
1785136096.4191630
1785136096.4191630
1785136096.4191630
1785136096.4191630
1785136096.4191630
1785136096.4191630
1785136096.4191630
1785136096.4191630
1785136096.4191630
1785136096.4191630
1785136096.4191630
1785136096.4191630
1785136096.4191630
1785136096.4191630
1785136096.4191630
1785136096.4191630
1785136096.4193850
1785136096.4193850
1785136096.4193850
1785136096.4193850
1785136096.4193850
1785136096.4193850
1785136096.4193850
1785136096.4193850
1785136096.4193850
1785136096.4193850
1785136096.4193850
1785136096.4193850
1785136096.4193850
1785136096.4193850
1785136096.4193850
1785136096.4193850
1785136096.4193850
1785136096.4193850
1785136096.4193850
1785136096.4193850
1785136096.4193850
1785136096.4193850
1785136096.4193850
1785136096.4193850
1785136096.4193850
1785136096.4193850
1785136096.4193850
1785136096.4193850
1785136096.4193850
1785136096.4193850
1785136096.4193850
1785136096.4193850
1785136096.4193850
1785136096.4193850
1785136096.4193850
1785136096.4193850
1785136096.4193850
1785136096.4193850
1785136096.4193850
1785136096.4193850
1785136096.4193850
1785136096.4193850
1785136096.4196069
1785136096.4196069
1785136096.4196069
1785136096.4196069
1785136096.4196069
1785136096.4196069
1785136096.4196069
1785136096.4196069
1785136096.4196069
1785136096.4196069
1785136096.4196069
1785136096.4196069
1785136096.4196069
1785136096.4196069
1785136096.4196069
1785136096.4196069
1785136096.4196069
1785136096.4196069
1785136096.4196069
1785136096.4196069
1785136096.4196069
1785136096.4196069
1785136096.4196069
1785136096.4196069
1785136096.4196069
1785136096.4196069
1785136096.4196069
1785136096.4196069
1785136096.4196069
1785136096.4196069
1785136096.4196069
1785136096.4196069
1785136096.4196069
1785136096.4196069
1785136096.4196069
1785136096.4196069
1785136096.4196069
1785136096.4196069
1785136096.4196069
1785136096.4196069
1785136096.4196069
1785136096.4196069
1785136096.4198301
1785136096.4198301
1785136096.4198301
1785136096.4198301
1785136096.4198301
1785136096.4198301
1785136096.4198301
1785136096.4198301
1785136096.4198301
1785136096.4198301
1785136096.4198301
1785136096.4198301
1785136096.4198301
1785136096.4198301
1785136096.4198301
1785136096.4198301
1785136096.4198301
1785136096.4198301
1785136096.4198301
1785136096.4198301
1785136096.4198301
1785136096.4198301
1785136096.4198301
1785136096.4198301
1785136096.4198301
1785136096.4198301
1785136096.4198301
1785136096.4198301
1785136096.4198301
1785136096.4198301
1785136096.4198301
1785136096.4198301
1785136096.4198301
1785136096.4198301
1785136096.4198301
1785136096.4198301
1785136096.4198301
1785136096.4198301
1785136096.4198301
1785136096.4198301
1785136096.4198301
1785136096.4198301
1785136096.4200521
1785136096.4200521
1785136096.4200521
1785136096.4200521
1785136096.4200521
1785136096.4200521
1785136096.4200521
1785136096.4200521
1785136096.4200521
1785136096.4200521
1785136096.4200521
1785136096.4200521
1785136096.4200521
1785136096.4200521
1785136096.4200521
1785136096.4200521
1785136096.4200521
1785136096.4200521
1785136096.4200521
1785136096.4200521
1785136096.4200521
1785136096.4200521
1785136096.4200521
1785136096.4200521
1785136096.4200521
1785136096.4200521
1785136096.4200521
1785136096.4200521
1785136096.4200521
1785136096.4200521
1785136096.4200521
1785136096.4200521
1785136096.4200521
1785136096.4200521
1785136096.4200521
1785136096.4200521
1785136096.4200521
1785136096.4200521
1785136096.4200521
1785136096.4200521
1785136096.4200521
1785136096.4200521
1785136096.4202740
1785136096.4202740
1785136096.4202740
1785136096.4202740
1785136096.4202740
1785136096.4202740
1785136096.4202740
1785136096.4202740
1785136096.4202740
1785136096.4202740
1785136096.4202740
1785136096.4202740
1785136096.4202740
1785136096.4202740
1785136096.4202740
1785136096.4202740
1785136096.4202740
1785136096.4202740
1785136096.4202740
1785136096.4202740
1785136096.4202740
1785136096.4202740
1785136096.4202740
1785136096.4202740
1785136096.4202740
1785136096.4202740
1785136096.4202740
1785136096.4202740
1785136096.4202740
1785136096.4202740
1785136096.4202740
1785136096.4202740
1785136096.4202740
1785136096.4202740
1785136096.4202740
1785136096.4202740
1785136096.4202740
1785136096.4202740
1785136096.4202740
1785136096.4202740
1785136096.4202740
1785136096.4202740
1785136096.4202740
1785136096.4204969
1785136096.4204969
1785136096.4204969
1785136096.4204969
1785136096.4204969
1785136096.4204969
1785136096.4204969
1785136096.4204969
1785136096.4204969
1785136096.4204969
1785136096.4204969
1785136096.4204969
1785136096.4204969
1785136096.4204969
1785136096.4204969
1785136096.4204969
1785136096.4204969
1785136096.4204969
1785136096.4204969
1785136096.4204969
1785136096.4204969
1785136096.4204969
1785136096.4204969
1785136096.4204969
1785136096.4204969
1785136096.4204969
1785136096.4204969
1785136096.4204969
1785136096.4204969
1785136096.4204969
1785136096.4204969
1785136096.4204969
1785136096.4204969
1785136096.4204969
1785136096.4204969
1785136096.4204969
1785136096.4204969
1785136096.4204969
1785136096.4204969
1785136096.4204969
1785136096.4204969
1785136096.4204969
1785136096.4204969
1785136096.4207189
1785136096.4207189
1785136096.4207189
1785136096.4207189
1785136096.4207189
1785136096.4207189
1785136096.4207189
1785136096.4207189
1785136096.4207189
1785136096.4207189
1785136096.4207189
1785136096.4207189
1785136096.4207189
1785136096.4207189
1785136096.4207189
1785136096.4207189
1785136096.4207189
1785136096.4207189
1785136096.4207189
1785136096.4207189
1785136096.4207189
1785136096.4207189
1785136096.4207189
1785136096.4207189
1785136096.4207189
1785136096.4207189
1785136096.4207189
1785136096.4207189
1785136096.4207189
1785136096.4207189
1785136096.4207189
1785136096.4207189
1785136096.4207189
1785136096.4207189
1785136096.4207189
1785136096.4207189
1785136096.4207189
1785136096.4207189
1785136096.4207189
1785136096.4207189
1785136096.4207189
1785136096.4207189
1785136096.4207189
1785136096.4209411
1785136096.4209411
1785136096.4209411
1785136096.4209411
1785136096.4209411
1785136096.4209411
1785136096.4209411
1785136096.4209411
1785136096.4209411
1785136096.4209411
1785136096.4209411
1785136096.4209411
1785136096.4209411
1785136096.4209411
1785136096.4209411
1785136096.4209411
1785136096.4209411
1785136096.4209411
1785136096.4209411
1785136096.4209411
1785136096.4209411
1785136096.4209411
1785136096.4209411
1785136096.4209411
1785136096.4209411
1785136096.4209411
1785136096.4209411
1785136096.4209411
1785136096.4209411
1785136096.4209411
1785136096.4209411
1785136096.4209411
1785136096.4209411
1785136096.4209411
1785136096.4209411
1785136096.4209411
1785136096.4209411
1785136096.4209411
1785136096.4209411
1785136096.4209411
1785136096.4209411
1785136096.4209411
1785136096.4209411
1785136096.4211631
1785136096.4211631
1785136096.4211631
1785136096.4211631
1785136096.4211631
1785136096.4211631
1785136096.4211631
1785136096.4211631
1785136096.4211631
1785136096.4211631
1785136096.4211631
1785136096.4211631
1785136096.4211631
1785136096.4211631
1785136096.4211631
1785136096.4211631
1785136096.4211631
1785136096.4211631
1785136096.4211631
1785136096.4211631
1785136096.4211631
1785136096.4211631
1785136096.4211631
1785136096.4211631
1785136096.4211631
1785136096.4211631
1785136096.4211631
1785136096.4211631
1785136096.4211631
1785136096.4211631
1785136096.4211631
1785136096.4211631
1785136096.4211631
1785136096.4211631
1785136096.4211631
1785136096.4211631
1785136096.4211631
1785136096.4211631
1785136096.4211631
1785136096.4211631
1785136096.4211631
1785136096.4211631
1785136096.4211631
1785136096.4213850
1785136096.4213850
1785136096.4213850
1785136096.4213850
1785136096.4213850
1785136096.4213850
1785136096.4213850
1785136096.4213850
1785136096.4213850
1785136096.4213850
1785136096.4213850
1785136096.4213850
1785136096.4213850
1785136096.4213850
1785136096.4213850
1785136096.4213850
1785136096.4213850
1785136096.4213850
1785136096.4213850
1785136096.4213850
1785136096.4213850
1785136096.4213850
1785136096.4213850
1785136096.4213850
1785136096.4213850
1785136096.4213850
1785136096.4213850
1785136096.4213850
1785136096.4213850
1785136096.4213850
1785136096.4213850
1785136096.4213850
1785136096.4213850
1785136096.4213850
1785136096.4213850
1785136096.4213850
1785136096.4213850
1785136096.4213850
1785136096.4213850
1785136096.4213850
1785136096.4213850
1785136096.4213850
1785136096.4213850
1785136096.4216080
1785136096.4216080
1785136096.4216080
1785136096.4216080
1785136096.4216080
1785136096.4216080
1785136096.4216080
1785136096.4216080
1785136096.4216080
1785136096.4216080
1785136096.4216080
1785136096.4216080
1785136096.4216080
1785136096.4216080
1785136096.4216080
1785136096.4216080
1785136096.4216080
1785136096.4216080
1785136096.4216080
1785136096.4216080
1785136096.4216080
1785136096.4216080
1785136096.4216080
1785136096.4216080
1785136096.4216080
1785136096.4216080
1785136096.4216080
1785136096.4216080
1785136096.4216080
1785136096.4216080
1785136096.4216080
1785136096.4216080
1785136096.4216080
1785136096.4216080
1785136096.4216080
1785136096.4216080
1785136096.4216080
1785136096.4216080
1785136096.4216080
1785136096.4216080
1785136096.4216080
1785136096.4216080
1785136096.4216080
1785136096.4216080
1785136096.4218299
1785136096.4218299
1785136096.4218299
1785136096.4218299
1785136096.4218299
1785136096.4218299
1785136096.4218299
1785136096.4218299
1785136096.4218299
1785136096.4218299
1785136096.4218299
1785136096.4218299
1785136096.4218299
1785136096.4218299
1785136096.4218299
1785136096.4218299
1785136096.4218299
1785136096.4218299
1785136096.4218299
1785136096.4218299
1785136096.4218299
1785136096.4218299
1785136096.4218299
1785136096.4218299
1785136096.4218299
1785136096.4218299
1785136096.4218299
1785136096.4218299
1785136096.4218299
1785136096.4218299
1785136096.4218299
1785136096.4218299
1785136096.4218299
1785136096.4218299
1785136096.4218299
1785136096.4218299
1785136096.4218299
1785136096.4218299
1785136096.4218299
1785136096.4218299
1785136096.4218299
1785136096.4218299
1785136096.4218299
1785136096.4220519
1785136096.4220519
1785136096.4220519
1785136096.4220519
1785136096.4220519
1785136096.4220519
1785136096.4220519
1785136096.4220519
1785136096.4220519
1785136096.4220519
1785136096.4220519
1785136096.4220519
1785136096.4220519
1785136096.4220519
1785136096.4220519
1785136096.4220519
1785136096.4220519
1785136096.4220519
1785136096.4220519
1785136096.4220519
1785136096.4220519
1785136096.4220519
1785136096.4220519
1785136096.4220519
1785136096.4220519
1785136096.4220519
1785136096.4220519
1785136096.4220519
1785136096.4220519
1785136096.4220519
1785136096.4220519
1785136096.4220519
1785136096.4220519
1785136096.4220519
1785136096.4220519
1785136096.4220519
1785136096.4220519
1785136096.4220519
1785136096.4220519
1785136096.4220519
1785136096.4220519
1785136096.4220519
1785136096.4222741
1785136096.4222741
1785136096.4222741
1785136096.4222741
1785136096.4222741
1785136096.4222741
1785136096.4222741
1785136096.4222741
1785136096.4222741
1785136096.4222741
1785136096.4222741
1785136096.4222741
1785136096.4222741
1785136096.4222741
1785136096.4222741
1785136096.4222741
1785136096.4222741
1785136096.4222741
1785136096.4222741
1785136096.4222741
1785136096.4222741
1785136096.4222741
1785136096.4222741
1785136096.4222741
1785136096.4222741
1785136096.4222741
1785136096.4222741
1785136096.4222741
1785136096.4222741
1785136096.4222741
1785136096.4222741
1785136096.4222741
1785136096.4222741
1785136096.4222741
1785136096.4222741
1785136096.4222741
1785136096.4222741
1785136096.4222741
1785136096.4222741
1785136096.4222741
1785136096.4222741
1785136096.4224961
1785136096.4224961
1785136096.4224961
1785136096.4224961
1785136096.4224961
1785136096.4224961
1785136096.4224961
1785136096.4224961
1785136096.4224961
1785136096.4224961
1785136096.4224961
1785136096.4224961
1785136096.4224961
1785136096.4224961
1785136096.4224961
1785136096.4224961
1785136096.4224961
1785136096.4224961
1785136096.4224961
1785136096.4224961
1785136096.4224961
1785136096.4224961
1785136096.4224961
1785136096.4224961
1785136096.4224961
1785136096.4224961
1785136096.4224961
1785136096.4224961
1785136096.4224961
1785136096.4224961
1785136096.4224961
1785136096.4224961
1785136096.4224961
1785136096.4224961
1785136096.4224961
1785136096.4224961
1785136096.4224961
1785136096.4224961
1785136096.4224961
1785136096.4224961
1785136096.4227190
1785136096.4227190
1785136096.4227190
1785136096.4227190
1785136096.4227190
1785136096.4227190
1785136096.4227190
1785136096.4227190
1785136096.4227190
1785136096.4227190
1785136096.4227190
1785136096.4227190
1785136096.4227190
1785136096.4227190
1785136096.4227190
1785136096.4227190
1785136096.4227190
1785136096.4227190
1785136096.4227190
1785136096.4227190
1785136096.4227190
1785136096.4227190
1785136096.4227190
1785136096.4227190
1785136096.4227190
1785136096.4227190
1785136096.4227190
1785136096.4227190
1785136096.4227190
1785136096.4227190
1785136096.4227190
1785136096.4227190
1785136096.4227190
1785136096.4227190
1785136096.4227190
1785136096.4227190
1785136096.4227190
1785136096.4227190
1785136096.4227190
1785136096.4227190
1785136096.4227190
1785136096.4227190
1785136096.4229410
1785136096.4229410
1785136096.4229410
1785136096.4229410
1785136096.4229410
1785136096.4229410
1785136096.4229410
1785136096.4229410
1785136096.4229410
1785136096.4229410
1785136096.4229410
1785136096.4229410
1785136096.4229410
1785136096.4229410
1785136096.4229410
1785136096.4229410
1785136096.4229410
1785136096.4229410
1785136096.4229410
1785136096.4229410
1785136096.4229410
1785136096.4229410
1785136096.4229410
1785136096.4229410
1785136096.4229410
1785136096.4229410
1785136096.4229410
1785136096.4229410
1785136096.4229410
1785136096.4229410
1785136096.4229410
1785136096.4229410
1785136096.4229410
1785136096.4229410
1785136096.4229410
1785136096.4229410
1785136096.4229410
1785136096.4229410
1785136096.4229410
1785136096.4229410
1785136096.4229410
1785136096.4229410
1785136096.4229410
1785136096.4229410
1785136096.4229410
1785136096.4229410
1785136096.4229410
1785136096.4229410
1785136096.4229410
1785136096.4229410
1785136096.4231629
1785136096.4231629
1785136096.4231629
1785136096.4231629
1785136096.4231629
1785136096.4231629
1785136096.4231629
1785136096.4231629
1785136096.4231629
1785136096.4231629
1785136096.4231629
1785136096.4231629
1785136096.4231629
1785136096.4231629
1785136096.4231629
1785136096.4231629
1785136096.4231629
1785136096.4231629
1785136096.4231629
1785136096.4231629
1785136096.4231629
1785136096.4231629
1785136096.4231629
1785136096.4231629
1785136096.4231629
1785136096.4231629
1785136096.4231629
1785136096.4231629
1785136096.4231629
1785136096.4231629
1785136096.4231629
1785136096.4231629
1785136096.4231629
1785136096.4231629
1785136096.4231629
1785136096.4231629
1785136096.4231629
1785136096.4231629
1785136096.4231629
1785136096.4231629
1785136096.4231629
1785136096.4231629
1785136096.4231629
1785136096.4231629
1785136096.4231629
1785136096.4231629
1785136096.4231629
1785136096.4231629
1785136096.4231629
1785136096.4231629
1785136096.4231629
1785136096.4231629
1785136096.4231629
1785136096.4231629
1785136096.4231629
1785136096.4231629
1785136096.4231629
1785136096.4231629
1785136096.4231629
1785136096.4231629
1785136096.4231629
1785136096.4233849
1785136096.4233849
1785136096.4233849
1785136096.4233849
1785136096.4233849
1785136096.4233849
1785136096.4233849
1785136096.4233849
1785136096.4233849
1785136096.4233849
1785136096.4233849
1785136096.4233849
1785136096.4233849
1785136096.4233849
1785136096.4233849
1785136096.4233849
1785136096.4233849
1785136096.4233849
1785136096.4233849
1785136096.4233849
1785136096.4233849
1785136096.4233849
1785136096.4233849
1785136096.4233849
1785136096.4233849
1785136096.4233849
1785136096.4233849
1785136096.4233849
1785136096.4233849
1785136096.4233849
1785136096.4233849
1785136096.4233849
1785136096.4233849
1785136096.4233849
1785136096.4233849
1785136096.4233849
1785136096.4233849
1785136096.4233849
1785136096.4233849
1785136096.4233849
1785136096.4233849
1785136096.4233849
1785136096.4233849
1785136096.4233849
1785136096.4233849
1785136096.4233849
1785136096.4233849
1785136096.4233849
1785136096.4233849
1785136096.4233849
1785136096.4233849
1785136096.4233849
1785136096.4233849
1785136096.4233849
1785136096.4233849
1785136096.4233849
1785136096.4233849
1785136096.4233849
1785136096.4233849
1785136096.4233849
1785136096.4233849
1785136096.4233849
1785136096.4236081
1785136096.4236081
1785136096.4236081
1785136096.4236081
1785136096.4236081
1785136096.4236081
1785136096.4236081
1785136096.4236081
1785136096.4236081
1785136096.4236081
1785136096.4236081
1785136096.4236081
1785136096.4236081
1785136096.4236081
1785136096.4236081
1785136096.4236081
1785136096.4236081
1785136096.4236081
1785136096.4236081
1785136096.4236081
1785136096.4236081
1785136096.4236081
1785136096.4236081
1785136096.4236081
1785136096.4236081
1785136096.4236081
1785136096.4236081
1785136096.4236081
1785136096.4236081
1785136096.4236081
1785136096.4236081
1785136096.4236081
1785136096.4236081
1785136096.4236081
1785136096.4236081
1785136096.4236081
1785136096.4236081
1785136096.4236081
1785136096.4236081
1785136096.4236081
1785136096.4236081
1785136096.4236081
1785136096.4236081
1785136096.4236081
1785136096.4236081
1785136096.4236081
1785136096.4236081
1785136096.4236081
1785136096.4236081
1785136096.4236081
1785136096.4236081
1785136096.4236081
1785136096.4236081
1785136096.4236081
1785136096.4236081
1785136096.4236081
1785136096.4236081
1785136096.4236081
1785136096.4236081
1785136096.4236081
1785136096.4236081
1785136096.4236081
1785136096.4236081
1785136096.4236081
1785136096.4236081
1785136096.4238300
1785136096.4238300
1785136096.4238300
1785136096.4238300
1785136096.4238300
1785136096.4238300
1785136096.4238300
1785136096.4238300
1785136096.4238300
1785136096.4238300
1785136096.4238300
1785136096.4238300
1785136096.4238300
1785136096.4238300
1785136096.4238300
1785136096.4238300
1785136096.4238300
1785136096.4238300
1785136096.4238300
1785136096.4238300
1785136096.4238300
1785136096.4238300
1785136096.4238300
1785136096.4238300
1785136096.4238300
1785136096.4238300
1785136096.4238300
1785136096.4238300
1785136096.4238300
1785136096.4238300
1785136096.4238300
1785136096.4238300
1785136096.4238300
1785136096.4238300
1785136096.4238300
1785136096.4238300
1785136096.4238300
1785136096.4238300
1785136096.4238300
1785136096.4238300
1785136096.4238300
1785136096.4238300
1785136096.4238300
1785136096.4238300
1785136096.4238300
1785136096.4238300
1785136096.4238300
1785136096.4238300
1785136096.4238300
1785136096.4238300
1785136096.4238300
1785136096.4238300
1785136096.4238300
1785136096.4238300
1785136096.4238300
1785136096.4238300
1785136096.4238300
1785136096.4238300
1785136096.4238300
1785136096.4238300
1785136096.4238300
1785136096.4240520
1785136096.4240520
1785136096.4240520
1785136096.4240520
1785136096.4240520
1785136096.4240520
1785136096.4240520
1785136096.4240520
1785136096.4240520
1785136096.4240520
1785136096.4240520
1785136096.4240520
1785136096.4240520
1785136096.4240520
1785136096.4240520
1785136096.4240520
1785136096.4240520
1785136096.4240520
1785136096.4240520
1785136096.4240520
1785136096.4240520
1785136096.4240520
1785136096.4240520
1785136096.4240520
1785136096.4240520
1785136096.4240520
1785136096.4240520
1785136096.4240520
1785136096.4240520
1785136096.4240520
1785136096.4240520
1785136096.4240520
1785136096.4240520
1785136096.4240520
1785136096.4240520
1785136096.4240520
1785136096.4240520
1785136096.4240520
1785136096.4240520
1785136096.4240520
1785136096.4240520
1785136096.4240520
1785136096.4240520
1785136096.4240520
1785136096.4240520
1785136096.4240520
1785136096.4240520
1785136096.4240520
1785136096.4240520
1785136096.4240520
1785136096.4240520
1785136096.4240520
1785136096.4242740
1785136096.4242740
1785136096.4242740
1785136096.4242740
1785136096.4242740
1785136096.4242740
1785136096.4242740
1785136096.4242740
1785136096.4242740
1785136096.4242740
1785136096.4242740
1785136096.4242740
1785136096.4242740
1785136096.4242740
1785136096.4242740
1785136096.4242740
1785136096.4242740
1785136096.4242740
1785136096.4242740
1785136096.4242740
1785136096.4242740
1785136096.4242740
1785136096.4242740
1785136096.4242740
1785136096.4242740
1785136096.4242740
1785136096.4242740
1785136096.4242740
1785136096.4242740
1785136096.4242740
1785136096.4242740
1785136096.4242740
1785136096.4242740
1785136096.4242740
1785136096.4242740
1785136096.4242740
1785136096.4242740
1785136096.4242740
1785136096.4242740
1785136096.4242740
1785136096.4242740
1785136096.4242740
1785136096.4242740
1785136096.4242740
1785136096.4242740
1785136096.4242740
1785136096.4242740
1785136096.4242740
1785136096.4242740
1785136096.4242740
1785136096.4242740
1785136096.4242740
1785136096.4242740
1785136096.4242740
1785136096.4242740
1785136096.4242740
1785136096.4244969
1785136096.4244969
1785136096.4244969
1785136096.4244969
1785136096.4244969
1785136096.4244969
1785136096.4244969
1785136096.4244969
1785136096.4244969
1785136096.4244969
1785136096.4244969
1785136096.4244969
1785136096.4244969
1785136096.4244969
1785136096.4244969
1785136096.4244969
1785136096.4244969
1785136096.4244969
1785136096.4244969
1785136096.4244969
1785136096.4244969
1785136096.4244969
1785136096.4244969
1785136096.4244969
1785136096.4244969
1785136096.4244969
1785136096.4244969
1785136096.4244969
1785136096.4244969
1785136096.4244969
1785136096.4244969
1785136096.4244969
1785136096.4244969
1785136096.4244969
1785136096.4244969
1785136096.4244969
1785136096.4244969
1785136096.4244969
1785136096.4244969
1785136096.4244969
1785136096.4244969
1785136096.4244969
1785136096.4244969
1785136096.4244969
1785136096.4244969
1785136096.4244969
1785136096.4244969
1785136096.4244969
1785136096.4244969
1785136096.4244969
1785136096.4244969
1785136096.4244969
1785136096.4244969
1785136096.4244969
1785136096.4244969
1785136096.4244969
1785136096.4244969
1785136096.4247191
1785136096.4247191
1785136096.4247191
1785136096.4247191
1785136096.4247191
1785136096.4247191
1785136096.4247191
1785136096.4247191
1785136096.4247191
1785136096.4247191
1785136096.4247191
1785136096.4247191
1785136096.4247191
1785136096.4247191
1785136096.4247191
1785136096.4247191
1785136096.4247191
1785136096.4247191
1785136096.4247191
1785136096.4247191
1785136096.4247191
1785136096.4247191
1785136096.4247191
1785136096.4247191
1785136096.4247191
1785136096.4247191
1785136096.4247191
1785136096.4247191
1785136096.4247191
1785136096.4247191
1785136096.4247191
1785136096.4247191
1785136096.4247191
1785136096.4247191
1785136096.4247191
1785136096.4247191
1785136096.4247191
1785136096.4247191
1785136096.4247191
1785136096.4247191
1785136096.4247191
1785136096.4247191
1785136096.4247191
1785136096.4247191
1785136096.4247191
1785136096.4247191
1785136096.4247191
1785136096.4247191
1785136096.4247191
1785136096.4247191
1785136096.4247191
1785136096.4247191
1785136096.4247191
1785136096.4247191
1785136096.4247191
1785136096.4247191
1785136096.4247191
1785136096.4247191
1785136096.4247191
1785136096.4247191
1785136096.4247191
1785136096.4247191
1785136096.4247191
1785136096.4247191
1785136096.4247191
1785136096.4247191
1785136096.4247191
1785136096.4247191
1785136096.4249411
1785136096.4249411
1785136096.4249411
1785136096.4249411
1785136096.4249411
1785136096.4249411
1785136096.4249411
1785136096.4249411
1785136096.4249411
1785136096.4249411
1785136096.4249411
1785136096.4249411
1785136096.4249411
1785136096.4249411
1785136096.4249411
1785136096.4249411
1785136096.4249411
1785136096.4249411
1785136096.4249411
1785136096.4249411
1785136096.4249411
1785136096.4249411
1785136096.4249411
1785136096.4249411
1785136096.4249411
1785136096.4249411
1785136096.4249411
1785136096.4249411
1785136096.4249411
1785136096.4249411
1785136096.4249411
1785136096.4249411
1785136096.4249411
1785136096.4249411
1785136096.4249411
1785136096.4249411
1785136096.4249411
1785136096.4249411
1785136096.4249411
1785136096.4249411
1785136096.4249411
1785136096.4249411
1785136096.4249411
1785136096.4249411
1785136096.4249411
1785136096.4249411
1785136096.4249411
1785136096.4249411
1785136096.4249411
1785136096.4249411
1785136096.4249411
1785136096.4249411
1785136096.4249411
1785136096.4249411
1785136096.4249411
1785136096.4249411
1785136096.4249411
1785136096.4249411
1785136096.4249411
1785136096.4249411
1785136096.4249411
1785136096.4249411
1785136096.4249411
1785136096.4249411
1785136096.4249411
1785136096.4249411
1785136096.4249411
1785136096.4249411
1785136096.4249411
1785136096.4249411
1785136096.4251630
1785136096.4251630
1785136096.4251630
1785136096.4251630
1785136096.4251630
1785136096.4251630
1785136096.4251630
1785136096.4251630
1785136096.4251630
1785136096.4251630
1785136096.4251630
1785136096.4251630
1785136096.4251630
1785136096.4251630
1785136096.4251630
1785136096.4251630
1785136096.4251630
1785136096.4251630
1785136096.4251630
1785136096.4251630
1785136096.4251630
1785136096.4251630
1785136096.4251630
1785136096.4251630
1785136096.4251630
1785136096.4251630
1785136096.4251630
1785136096.4251630
1785136096.4251630
1785136096.4251630
1785136096.4251630
1785136096.4251630
1785136096.4251630
1785136096.4251630
1785136096.4251630
1785136096.4251630
1785136096.4251630
1785136096.4251630
1785136096.4251630
1785136096.4251630
1785136096.4251630
1785136096.4251630
1785136096.4251630
1785136096.4251630
1785136096.4251630
1785136096.4251630
1785136096.4251630
1785136096.4251630
1785136096.4251630
1785136096.4251630
1785136096.4251630
1785136096.4251630
1785136096.4251630
1785136096.4251630
1785136096.4251630
1785136096.4251630
1785136096.4251630
1785136096.4251630
1785136096.4251630
1785136096.4251630
1785136096.4251630
1785136096.4251630
1785136096.4251630
1785136096.4251630
1785136096.4251630
1785136096.4251630
1785136096.4251630
1785136096.4251630
1785136096.4251630
1785136096.4253850
1785136096.4253850
1785136096.4253850
1785136096.4253850
1785136096.4253850
1785136096.4253850
1785136096.4253850
1785136096.4253850
1785136096.4253850
1785136096.4253850
1785136096.4253850
1785136096.4253850
1785136096.4253850
1785136096.4253850
1785136096.4253850
1785136096.4253850
1785136096.4253850
1785136096.4253850
1785136096.4253850
1785136096.4253850
1785136096.4253850
1785136096.4253850
1785136096.4253850
1785136096.4253850
1785136096.4253850
1785136096.4253850
1785136096.4253850
1785136096.4253850
1785136096.4253850
1785136096.4253850
1785136096.4253850
1785136096.4253850
1785136096.4253850
1785136096.4253850
1785136096.4253850
1785136096.4253850
1785136096.4253850
1785136096.4253850
1785136096.4253850
1785136096.4253850
1785136096.4253850
1785136096.4253850
1785136096.4253850
1785136096.4253850
1785136096.4253850
1785136096.4253850
1785136096.4253850
1785136096.4253850
1785136096.4253850
1785136096.4253850
1785136096.4253850
1785136096.4253850
1785136096.4253850
1785136096.4253850
1785136096.4253850
1785136096.4253850
1785136096.4253850
1785136096.4253850
1785136096.4253850
1785136096.4253850
1785136096.4253850
1785136096.4253850
1785136096.4253850
1785136096.4253850
1785136096.4253850
1785136096.4253850
1785136096.4256070
1785136096.4256070
1785136096.4256070
1785136096.4256070
1785136096.4256070
1785136096.4256070
1785136096.4256070
1785136096.4256070
1785136096.4256070
1785136096.4256070
1785136096.4256070
1785136096.4256070
1785136096.4256070
1785136096.4256070
1785136096.4256070
1785136096.4256070
1785136096.4256070
1785136096.4256070
1785136096.4256070
1785136096.4256070
1785136096.4256070
1785136096.4256070
1785136096.4256070
1785136096.4256070
1785136096.4256070
1785136096.4256070
1785136096.4256070
1785136096.4256070
1785136096.4256070
1785136096.4256070
1785136096.4256070
1785136096.4256070
1785136096.4256070
1785136096.4256070
1785136096.4256070
1785136096.4256070
1785136096.4256070
1785136096.4256070
1785136096.4256070
1785136096.4256070
1785136096.4256070
1785136096.4256070
1785136096.4256070
1785136096.4256070
1785136096.4256070
1785136096.4256070
1785136096.4256070
1785136096.4256070
1785136096.4256070
1785136096.4256070
1785136096.4256070
1785136096.4256070
1785136096.4256070
1785136096.4256070
1785136096.4256070
1785136096.4256070
1785136096.4256070
1785136096.4256070
1785136096.4256070
1785136096.4256070
1785136096.4256070
1785136096.4258289
1785136096.4258289
1785136096.4258289
1785136096.4258289
1785136096.4258289
1785136096.4258289
1785136096.4258289
1785136096.4258289
1785136096.4258289
1785136096.4258289
1785136096.4258289
1785136096.4258289
1785136096.4258289
1785136096.4258289
1785136096.4258289
1785136096.4258289
1785136096.4258289
1785136096.4258289
1785136096.4258289
1785136096.4258289
1785136096.4258289
1785136096.4258289
1785136096.4258289
1785136096.4258289
1785136096.4258289
1785136096.4258289
1785136096.4258289
1785136096.4258289
1785136096.4258289
1785136096.4258289
1785136096.4258289
1785136096.4258289
1785136096.4258289
1785136096.4258289
1785136096.4258289
1785136096.4258289
1785136096.4258289
1785136096.4258289
1785136096.4258289
1785136096.4258289
1785136096.4258289
1785136096.4258289
1785136096.4258289
1785136096.4258289
1785136096.4258289
1785136096.4258289
1785136096.4258289
1785136096.4258289
1785136096.4258289
1785136096.4258289
1785136096.4258289
1785136096.4258289
1785136096.4258289
1785136096.4258289
1785136096.4258289
1785136096.4258289
1785136096.4258289
1785136096.4258289
1785136096.4258289
1785136096.4258289
1785136096.4258289
1785136096.4258289
1785136096.4258289
1785136096.4260521
1785136096.4260521
1785136096.4260521
1785136096.4260521
1785136096.4260521
1785136096.4260521
1785136096.4260521
1785136096.4260521
1785136096.4260521
1785136096.4260521
1785136096.4260521
1785136096.4260521
1785136096.4260521
1785136096.4260521
1785136096.4260521
1785136096.4260521
1785136096.4260521
1785136096.4260521
1785136096.4260521
1785136096.4260521
1785136096.4260521
1785136096.4260521
1785136096.4260521
1785136096.4260521
1785136096.4260521
1785136096.4260521
1785136096.4260521
1785136096.4260521
1785136096.4260521
1785136096.4260521
1785136096.4260521
1785136096.4260521
1785136096.4260521
1785136096.4260521
1785136096.4260521
1785136096.4260521
1785136096.4260521
1785136096.4260521
1785136096.4260521
1785136096.4260521
1785136096.4260521
1785136096.4260521
1785136096.4260521
1785136096.4260521
1785136096.4260521
1785136096.4260521
1785136096.4260521
1785136096.4260521
1785136096.4260521
1785136096.4260521
1785136096.4260521
1785136096.4260521
1785136096.4260521
1785136096.4260521
1785136096.4260521
1785136096.4260521
1785136096.4260521
1785136096.4260521
1785136096.4260521
1785136096.4260521
1785136096.4260521
1785136096.4260521
1785136096.4260521
1785136096.4262741
1785136096.4262741
1785136096.4262741
1785136096.4262741
1785136096.4262741
1785136096.4262741
1785136096.4262741
1785136096.4262741
1785136096.4262741
1785136096.4262741
1785136096.4262741
1785136096.4262741
1785136096.4262741
1785136096.4262741
1785136096.4262741
1785136096.4262741
1785136096.4262741
1785136096.4262741
1785136096.4262741
1785136096.4262741
1785136096.4262741
1785136096.4262741
1785136096.4262741
1785136096.4262741
1785136096.4262741
1785136096.4262741
1785136096.4262741
1785136096.4262741
1785136096.4262741
1785136096.4262741
1785136096.4262741
1785136096.4262741
1785136096.4262741
1785136096.4262741
1785136096.4262741
1785136096.4262741
1785136096.4262741
1785136096.4262741
1785136096.4262741
1785136096.4262741
1785136096.4262741
1785136096.4262741
1785136096.4262741
1785136096.4262741
1785136096.4262741
1785136096.4262741
1785136096.4262741
1785136096.4262741
1785136096.4262741
1785136096.4262741
1785136096.4262741
1785136096.4262741
1785136096.4262741
1785136096.4262741
1785136096.4262741
1785136096.4262741
1785136096.4262741
1785136096.4262741
1785136096.4262741
1785136096.4262741
1785136096.4262741
1785136096.4264960
1785136096.4264960
1785136096.4264960
1785136096.4264960
1785136096.4264960
1785136096.4264960
1785136096.4264960
1785136096.4264960
1785136096.4264960
1785136096.4264960
1785136096.4264960
1785136096.4264960
1785136096.4264960
1785136096.4264960
1785136096.4264960
1785136096.4264960
1785136096.4264960
1785136096.4264960
1785136096.4264960
1785136096.4264960
1785136096.4264960
1785136096.4264960
1785136096.4264960
1785136096.4264960
1785136096.4264960
1785136096.4264960
1785136096.4264960
1785136096.4264960
1785136096.4264960
1785136096.4264960
1785136096.4264960
1785136096.4264960
1785136096.4264960
1785136096.4264960
1785136096.4264960
1785136096.4264960
1785136096.4264960
1785136096.4264960
1785136096.4264960
1785136096.4264960
1785136096.4264960
1785136096.4264960
1785136096.4264960
1785136096.4264960
1785136096.4264960
1785136096.4264960
1785136096.4264960
1785136096.4264960
1785136096.4264960
1785136096.4264960
1785136096.4264960
1785136096.4264960
1785136096.4264960
1785136096.4264960
1785136096.4264960
1785136096.4264960
1785136096.4264960
1785136096.4264960
1785136096.4264960
1785136096.4264960
1785136096.4264960
1785136096.4264960
1785136096.4264960
1785136096.4267180
1785136096.4267180
1785136096.4267180
1785136096.4267180
1785136096.4267180
1785136096.4267180
1785136096.4267180
1785136096.4267180
1785136096.4267180
1785136096.4267180
1785136096.4267180
1785136096.4267180
1785136096.4267180
1785136096.4267180
1785136096.4267180
1785136096.4267180
1785136096.4267180
1785136096.4267180
1785136096.4267180
1785136096.4267180
1785136096.4267180
1785136096.4267180
1785136096.4267180
1785136096.4267180
1785136096.4267180
1785136096.4267180
1785136096.4267180
1785136096.4267180
1785136096.4267180
1785136096.4267180
1785136096.4267180
1785136096.4267180
1785136096.4267180
1785136096.4267180
1785136096.4267180
1785136096.4267180
1785136096.4267180
1785136096.4267180
1785136096.4267180
1785136096.4267180
1785136096.4267180
1785136096.4267180
1785136096.4267180
1785136096.4267180
1785136096.4267180
1785136096.4267180
1785136096.4267180
1785136096.4267180
1785136096.4267180
1785136096.4267180
1785136096.4267180
1785136096.4267180
1785136096.4267180
1785136096.4267180
1785136096.4267180
1785136096.4267180
1785136096.4267180
1785136096.4267180
1785136096.4267180
1785136096.4267180
1785136096.4269409
1785136096.4269409
1785136096.4269409
1785136096.4269409
1785136096.4269409
1785136096.4269409
1785136096.4269409
1785136096.4269409
1785136096.4269409
1785136096.4269409
1785136096.4269409
1785136096.4269409
1785136096.4269409
1785136096.4269409
1785136096.4269409
1785136096.4269409
1785136096.4269409
1785136096.4269409
1785136096.4269409
1785136096.4269409
1785136096.4269409
1785136096.4269409
1785136096.4269409
1785136096.4269409
1785136096.4269409
1785136096.4269409
1785136096.4269409
1785136096.4269409
1785136096.4269409
1785136096.4269409
1785136096.4269409
1785136096.4269409
1785136096.4269409
1785136096.4269409
1785136096.4269409
1785136096.4269409
1785136096.4269409
1785136096.4269409
1785136096.4269409
1785136096.4269409
1785136096.4269409
1785136096.4269409
1785136096.4269409
1785136096.4269409
1785136096.4269409
1785136096.4269409
1785136096.4269409
1785136096.4269409
1785136096.4269409
1785136096.4269409
1785136096.4269409
1785136096.4269409
1785136096.4269409
1785136096.4269409
1785136096.4269409
1785136096.4269409
1785136096.4269409
1785136096.4269409
1785136096.4269409
1785136096.4269409
1785136096.4269409
1785136096.4269409
1785136096.4271629
1785136096.4271629
1785136096.4271629
1785136096.4271629
1785136096.4271629
1785136096.4271629
1785136096.4271629
1785136096.4271629
1785136096.4271629
1785136096.4271629
1785136096.4271629
1785136096.4271629
1785136096.4271629
1785136096.4271629
1785136096.4271629
1785136096.4271629
1785136096.4271629
1785136096.4271629
1785136096.4271629
1785136096.4271629
1785136096.4271629
1785136096.4271629
1785136096.4271629
1785136096.4271629
1785136096.4271629
1785136096.4271629
1785136096.4271629
1785136096.4271629
1785136096.4271629
1785136096.4271629
1785136096.4271629
1785136096.4271629
1785136096.4271629
1785136096.4271629
1785136096.4271629
1785136096.4271629
1785136096.4271629
1785136096.4271629
1785136096.4271629
1785136096.4271629
1785136096.4271629
1785136096.4271629
1785136096.4271629
1785136096.4271629
1785136096.4271629
1785136096.4271629
1785136096.4271629
1785136096.4271629
1785136096.4271629
1785136096.4271629
1785136096.4271629
1785136096.4271629
1785136096.4271629
1785136096.4271629
1785136096.4271629
1785136096.4271629
1785136096.4271629
1785136096.4271629
1785136096.4271629
1785136096.4271629
1785136096.4271629
1785136096.4271629
1785136096.4273851
1785136096.4273851
1785136096.4273851
1785136096.4273851
1785136096.4273851
1785136096.4273851
1785136096.4273851
1785136096.4273851
1785136096.4273851
1785136096.4273851
1785136096.4273851
1785136096.4273851
1785136096.4273851
1785136096.4273851
1785136096.4273851
1785136096.4273851
1785136096.4273851
1785136096.4273851
1785136096.4273851
1785136096.4273851
1785136096.4273851
1785136096.4273851
1785136096.4273851
1785136096.4273851
1785136096.4273851
1785136096.4273851
1785136096.4273851
1785136096.4273851
1785136096.4273851
1785136096.4273851
1785136096.4273851
1785136096.4273851
1785136096.4273851
1785136096.4273851
1785136096.4273851
1785136096.4273851
1785136096.4273851
1785136096.4273851
1785136096.4273851
1785136096.4273851
1785136096.4273851
1785136096.4273851
1785136096.4273851
1785136096.4273851
1785136096.4273851
1785136096.4273851
1785136096.4273851
1785136096.4273851
1785136096.4273851
1785136096.4273851
1785136096.4273851
1785136096.4273851
1785136096.4273851
1785136096.4273851
1785136096.4276071
1785136096.4276071
1785136096.4276071
1785136096.4276071
1785136096.4276071
1785136096.4276071
1785136096.4276071
1785136096.4276071
1785136096.4276071
1785136096.4276071
1785136096.4276071
1785136096.4276071
1785136096.4276071
1785136096.4276071
1785136096.4276071
1785136096.4276071
1785136096.4276071
1785136096.4276071
1785136096.4276071
1785136096.4276071
1785136096.4276071
1785136096.4276071
1785136096.4276071
1785136096.4276071
1785136096.4276071
1785136096.4276071
1785136096.4276071
1785136096.4276071
1785136096.4276071
1785136096.4276071
1785136096.4276071
1785136096.4276071
1785136096.4276071
1785136096.4276071
1785136096.4276071
1785136096.4276071
1785136096.4276071
1785136096.4276071
1785136096.4276071
1785136096.4276071
1785136096.4276071
1785136096.4276071
1785136096.4276071
1785136096.4276071
1785136096.4276071
1785136096.4276071
1785136096.4276071
1785136096.4276071
1785136096.4278290
1785136096.4278290
1785136096.4278290
1785136096.4278290
1785136096.4278290
1785136096.4278290
1785136096.4278290
1785136096.4278290
1785136096.4278290
1785136096.4278290
1785136096.4278290
1785136096.4278290
1785136096.4278290
1785136096.4278290
1785136096.4278290
1785136096.4278290
1785136096.4278290
1785136096.4278290
1785136096.4278290
1785136096.4278290
1785136096.4278290
1785136096.4278290
1785136096.4278290
1785136096.4278290
1785136096.4278290
1785136096.4278290
1785136096.4278290
1785136096.4278290
1785136096.4278290
1785136096.4278290
1785136096.4278290
1785136096.4278290
1785136096.4278290
1785136096.4278290
1785136096.4278290
1785136096.4278290
1785136096.4278290
1785136096.4278290
1785136096.4278290
1785136096.4278290
1785136096.4278290
1785136096.4278290
1785136096.4278290
1785136096.4278290
1785136096.4278290
1785136096.4278290
1785136096.4278290
1785136096.4278290
1785136096.4280519
1785136096.4280519
1785136096.4280519
1785136096.4280519
1785136096.4280519
1785136096.4280519
1785136096.4280519
1785136096.4280519
1785136096.4280519
1785136096.4280519
1785136096.4280519
1785136096.4280519
1785136096.4280519
1785136096.4280519
1785136096.4280519
1785136096.4280519
1785136096.4280519
1785136096.4280519
1785136096.4280519
1785136096.4280519
1785136096.4280519
1785136096.4280519
1785136096.4280519
1785136096.4280519
1785136096.4280519
1785136096.4280519
1785136096.4280519
1785136096.4280519
1785136096.4280519
1785136096.4280519
1785136096.4280519
1785136096.4280519
1785136096.4280519
1785136096.4280519
1785136096.4280519
1785136096.4280519
1785136096.4280519
1785136096.4280519
1785136096.4280519
1785136096.4280519
1785136096.4280519
1785136096.4280519
1785136096.4280519
1785136096.4280519
1785136096.4280519
1785136096.4280519
1785136096.4280519
1785136096.4280519
1785136096.4282739
1785136096.4282739
1785136096.4282739
1785136096.4282739
1785136096.4282739
1785136096.4282739
1785136096.4282739
1785136096.4282739
1785136096.4282739
1785136096.4282739
1785136096.4282739
1785136096.4282739
1785136096.4282739
1785136096.4282739
1785136096.4282739
1785136096.4282739
1785136096.4282739
1785136096.4282739
1785136096.4282739
1785136096.4282739
1785136096.4282739
1785136096.4282739
1785136096.4282739
1785136096.4282739
1785136096.4282739
1785136096.4282739
1785136096.4282739
1785136096.4282739
1785136096.4282739
1785136096.4282739
1785136096.4282739
1785136096.4282739
1785136096.4282739
1785136096.4282739
1785136096.4282739
1785136096.4282739
1785136096.4282739
1785136096.4282739
1785136096.4282739
1785136096.4282739
1785136096.4282739
1785136096.4282739
1785136096.4282739
1785136096.4282739
1785136096.4282739
1785136096.4282739
1785136096.4282739
1785136096.4282739
1785136096.4284959
1785136096.4284959
1785136096.4284959
1785136096.4284959
1785136096.4284959
1785136096.4284959
1785136096.4284959
1785136096.4284959
1785136096.4284959
1785136096.4284959
1785136096.4284959
1785136096.4284959
1785136096.4284959
1785136096.4284959
1785136096.4284959
1785136096.4284959
1785136096.4284959
1785136096.4284959
1785136096.4284959
1785136096.4284959
1785136096.4284959
1785136096.4284959
1785136096.4284959
1785136096.4284959
1785136096.4284959
1785136096.4284959
1785136096.4284959
1785136096.4284959
1785136096.4284959
1785136096.4284959
1785136096.4284959
1785136096.4284959
1785136096.4284959
1785136096.4284959
1785136096.4284959
1785136096.4284959
1785136096.4284959
1785136096.4284959
1785136096.4284959
1785136096.4284959
1785136096.4284959
1785136096.4284959
1785136096.4284959
1785136096.4284959
1785136096.4284959
1785136096.4284959
1785136096.4284959
1785136096.4284959
1785136096.4287181
1785136096.4287181
1785136096.4287181
1785136096.4287181
1785136096.4287181
1785136096.4287181
1785136096.4287181
1785136096.4287181
1785136096.4287181
1785136096.4287181
1785136096.4287181
1785136096.4287181
1785136096.4287181
1785136096.4287181
1785136096.4287181
1785136096.4287181
1785136096.4287181
1785136096.4287181
1785136096.4287181
1785136096.4287181
1785136096.4287181
1785136096.4287181
1785136096.4287181
1785136096.4287181
1785136096.4287181
1785136096.4287181
1785136096.4287181
1785136096.4287181
1785136096.4287181
1785136096.4287181
1785136096.4287181
1785136096.4287181
1785136096.4287181
1785136096.4287181
1785136096.4287181
1785136096.4287181
1785136096.4287181
1785136096.4287181
1785136096.4287181
1785136096.4287181
1785136096.4287181
1785136096.4287181
1785136096.4287181
1785136096.4287181
1785136096.4287181
1785136096.4287181
1785136096.4287181
1785136096.4287181
1785136096.4287181
1785136096.4289401
1785136096.4289401
1785136096.4289401
1785136096.4289401
1785136096.4289401
1785136096.4289401
1785136096.4289401
1785136096.4289401
1785136096.4289401
1785136096.4289401
1785136096.4289401
1785136096.4289401
1785136096.4289401
1785136096.4289401
1785136096.4289401
1785136096.4289401
1785136096.4289401
1785136096.4289401
1785136096.4289401
1785136096.4289401
1785136096.4289401
1785136096.4289401
1785136096.4289401
1785136096.4289401
1785136096.4289401
1785136096.4289401
1785136096.4289401
1785136096.4289401
1785136096.4289401
1785136096.4289401
1785136096.4289401
1785136096.4289401
1785136096.4289401
1785136096.4289401
1785136096.4289401
1785136096.4289401
1785136096.4289401
1785136096.4289401
1785136096.4289401
1785136096.4289401
1785136096.4289401
1785136096.4289401
1785136096.4289401
1785136096.4289401
1785136096.4289401
1785136096.4289401
1785136096.4289401
1785136096.4289401
1785136096.4289401
1785136096.4291630
1785136096.4291630
1785136096.4291630
1785136096.4291630
1785136096.4291630
1785136096.4291630
1785136096.4291630
1785136096.4291630
1785136096.4291630
1785136096.4291630
1785136096.4291630
1785136096.4291630
1785136096.4291630
1785136096.4291630
1785136096.4291630
1785136096.4291630
1785136096.4291630
1785136096.4291630
1785136096.4291630
1785136096.4291630
1785136096.4291630
1785136096.4291630
1785136096.4291630
1785136096.4291630
1785136096.4291630
1785136096.4291630
1785136096.4291630
1785136096.4291630
1785136096.4291630
1785136096.4291630
1785136096.4291630
1785136096.4291630
1785136096.4291630
1785136096.4291630
1785136096.4291630
1785136096.4291630
1785136096.4291630
1785136096.4291630
1785136096.4291630
1785136096.4291630
1785136096.4291630
1785136096.4291630
1785136096.4291630
1785136096.4291630
1785136096.4291630
1785136096.4291630
1785136096.4291630
1785136096.4291630
1785136096.4291630
1785136096.4293849
1785136096.4293849
1785136096.4293849
1785136096.4293849
1785136096.4293849
1785136096.4293849
1785136096.4293849
1785136096.4293849
1785136096.4293849
1785136096.4293849
1785136096.4293849
1785136096.4293849
1785136096.4293849
1785136096.4293849
1785136096.4293849
1785136096.4293849
1785136096.4293849
1785136096.4293849
1785136096.4293849
1785136096.4293849
1785136096.4293849
1785136096.4293849
1785136096.4293849
1785136096.4293849
1785136096.4293849
1785136096.4293849
1785136096.4293849
1785136096.4293849
1785136096.4293849
1785136096.4293849
1785136096.4293849
1785136096.4293849
1785136096.4293849
1785136096.4293849
1785136096.4293849
1785136096.4293849
1785136096.4293849
1785136096.4293849
1785136096.4293849
1785136096.4293849
1785136096.4293849
1785136096.4293849
1785136096.4293849
1785136096.4293849
1785136096.4293849
1785136096.4293849
1785136096.4293849
1785136096.4293849
1785136096.4293849
1785136096.4296069
1785136096.4296069
1785136096.4296069
1785136096.4296069
1785136096.4296069
1785136096.4296069
1785136096.4296069
1785136096.4296069
1785136096.4296069
1785136096.4296069
1785136096.4296069
1785136096.4296069
1785136096.4296069
1785136096.4296069
1785136096.4296069
1785136096.4296069
1785136096.4296069
1785136096.4296069
1785136096.4296069
1785136096.4296069
1785136096.4296069
1785136096.4296069
1785136096.4296069
1785136096.4296069
1785136096.4296069
1785136096.4296069
1785136096.4296069
1785136096.4296069
1785136096.4296069
1785136096.4296069
1785136096.4296069
1785136096.4296069
1785136096.4296069
1785136096.4296069
1785136096.4296069
1785136096.4296069
1785136096.4296069
1785136096.4296069
1785136096.4296069
1785136096.4296069
1785136096.4296069
1785136096.4296069
1785136096.4296069
1785136096.4296069
1785136096.4296069
1785136096.4296069
1785136096.4296069
1785136096.4296069
1785136096.4296069
1785136096.4298289
1785136096.4298289
1785136096.4298289
1785136096.4298289
1785136096.4298289
1785136096.4298289
1785136096.4298289
1785136096.4298289
1785136096.4298289
1785136096.4298289
1785136096.4298289
1785136096.4298289
1785136096.4298289
1785136096.4298289
1785136096.4298289
1785136096.4298289
1785136096.4298289
1785136096.4298289
1785136096.4298289
1785136096.4298289
1785136096.4298289
1785136096.4298289
1785136096.4298289
1785136096.4298289
1785136096.4298289
1785136096.4298289
1785136096.4298289
1785136096.4298289
1785136096.4298289
1785136096.4298289
1785136096.4298289
1785136096.4298289
1785136096.4298289
1785136096.4298289
1785136096.4298289
1785136096.4298289
1785136096.4298289
1785136096.4298289
1785136096.4298289
1785136096.4298289
1785136096.4298289
1785136096.4298289
1785136096.4298289
1785136096.4298289
1785136096.4298289
1785136096.4298289
1785136096.4298289
1785136096.4298289
1785136096.4298289
1785136096.4300511
1785136096.4300511
1785136096.4300511
1785136096.4300511
1785136096.4300511
1785136096.4300511
1785136096.4300511
1785136096.4300511
1785136096.4300511
1785136096.4300511
1785136096.4300511
1785136096.4300511
1785136096.4300511
1785136096.4300511
1785136096.4300511
1785136096.4300511
1785136096.4300511
1785136096.4300511
1785136096.4300511
1785136096.4300511
1785136096.4300511
1785136096.4300511
1785136096.4300511
1785136096.4300511
1785136096.4300511
1785136096.4300511
1785136096.4300511
1785136096.4300511
1785136096.4300511
1785136096.4300511
1785136096.4300511
1785136096.4300511
1785136096.4300511
1785136096.4300511
1785136096.4300511
1785136096.4300511
1785136096.4300511
1785136096.4300511
1785136096.4300511
1785136096.4300511
1785136096.4300511
1785136096.4300511
1785136096.4300511
1785136096.4300511
1785136096.4300511
1785136096.4300511
1785136096.4300511
1785136096.4300511
1785136096.4300511
1785136096.4300511
1785136096.4302731
1785136096.4302731
1785136096.4302731
1785136096.4302731
1785136096.4302731
1785136096.4302731
1785136096.4302731
1785136096.4302731
1785136096.4302731
1785136096.4302731
1785136096.4302731
1785136096.4302731
1785136096.4302731
1785136096.4302731
1785136096.4302731
1785136096.4302731
1785136096.4302731
1785136096.4302731
1785136096.4302731
1785136096.4302731
1785136096.4302731
1785136096.4302731
1785136096.4302731
1785136096.4302731
1785136096.4302731
1785136096.4302731
1785136096.4302731
1785136096.4302731
1785136096.4302731
1785136096.4302731
1785136096.4302731
1785136096.4302731
1785136096.4302731
1785136096.4302731
1785136096.4302731
1785136096.4302731
1785136096.4302731
1785136096.4302731
1785136096.4302731
1785136096.4302731
1785136096.4302731
1785136096.4302731
1785136096.4302731
1785136096.4302731
1785136096.4302731
1785136096.4302731
1785136096.4302731
1785136096.4302731
1785136096.4302731
1785136096.4302731
1785136096.4304960
1785136096.4304960
1785136096.4304960
1785136096.4304960
1785136096.4304960
1785136096.4304960
1785136096.4304960
1785136096.4304960
1785136096.4304960
1785136096.4304960
1785136096.4304960
1785136096.4304960
1785136096.4304960
1785136096.4304960
1785136096.4304960
1785136096.4304960
1785136096.4304960
1785136096.4304960
1785136096.4304960
1785136096.4304960
1785136096.4304960
1785136096.4304960
1785136096.4304960
1785136096.4304960
1785136096.4304960
1785136096.4304960
1785136096.4304960
1785136096.4304960
1785136096.4304960
1785136096.4304960
1785136096.4304960
1785136096.4304960
1785136096.4304960
1785136096.4304960
1785136096.4304960
1785136096.4304960
1785136096.4304960
1785136096.4304960
1785136096.4304960
1785136096.4304960
1785136096.4304960
1785136096.4304960
1785136096.4304960
1785136096.4304960
1785136096.4304960
1785136096.4304960
1785136096.4304960
1785136096.4304960
1785136096.4304960
1785136096.4304960
1785136096.4307179
1785136096.4307179
1785136096.4307179
1785136096.4307179
1785136096.4307179
1785136096.4307179
1785136096.4307179
1785136096.4307179
1785136096.4307179
1785136096.4307179
1785136096.4307179
1785136096.4307179
1785136096.4307179
1785136096.4307179
1785136096.4307179
1785136096.4307179
1785136096.4307179
1785136096.4307179
1785136096.4307179
1785136096.4307179
1785136096.4307179
1785136096.4307179
1785136096.4307179
1785136096.4307179
1785136096.4307179
1785136096.4307179
1785136096.4307179
1785136096.4307179
1785136096.4307179
1785136096.4307179
1785136096.4307179
1785136096.4307179
1785136096.4307179
1785136096.4307179
1785136096.4307179
1785136096.4307179
1785136096.4307179
1785136096.4307179
1785136096.4307179
1785136096.4307179
1785136096.4307179
1785136096.4307179
1785136096.4307179
1785136096.4307179
1785136096.4307179
1785136096.4307179
1785136096.4307179
1785136096.4307179
1785136096.4307179
1785136096.4307179
1785136096.4309399
1785136096.4309399
1785136096.4309399
1785136096.4309399
1785136096.4309399
1785136096.4309399
1785136096.4309399
1785136096.4309399
1785136096.4309399
1785136096.4309399
1785136096.4309399
1785136096.4309399
1785136096.4309399
1785136096.4309399
1785136096.4309399
1785136096.4309399
1785136096.4309399
1785136096.4309399
1785136096.4309399
1785136096.4309399
1785136096.4309399
1785136096.4309399
1785136096.4309399
1785136096.4309399
1785136096.4309399
1785136096.4309399
1785136096.4309399
1785136096.4309399
1785136096.4309399
1785136096.4309399
1785136096.4309399
1785136096.4309399
1785136096.4309399
1785136096.4309399
1785136096.4309399
1785136096.4309399
1785136096.4309399
1785136096.4309399
1785136096.4309399
1785136096.4309399
1785136096.4309399
1785136096.4309399
1785136096.4309399
1785136096.4309399
1785136096.4309399
1785136096.4309399
1785136096.4309399
1785136096.4309399
1785136096.4309399
1785136096.4309399
1785136096.4311621
1785136096.4311621
1785136096.4311621
1785136096.4311621
1785136096.4311621
1785136096.4311621
1785136096.4311621
1785136096.4311621
1785136096.4311621
1785136096.4311621
1785136096.4311621
1785136096.4311621
1785136096.4311621
1785136096.4311621
1785136096.4311621
1785136096.4311621
1785136096.4311621
1785136096.4311621
1785136096.4311621
1785136096.4311621
1785136096.4311621
1785136096.4311621
1785136096.4311621
1785136096.4311621
1785136096.4311621
1785136096.4311621
1785136096.4311621
1785136096.4311621
1785136096.4311621
1785136096.4311621
1785136096.4311621
1785136096.4311621
1785136096.4311621
1785136096.4311621
1785136096.4311621
1785136096.4311621
1785136096.4311621
1785136096.4311621
1785136096.4311621
1785136096.4311621
1785136096.4311621
1785136096.4311621
1785136096.4311621
1785136096.4311621
1785136096.4311621
1785136096.4311621
1785136096.4311621
1785136096.4311621
1785136096.4311621
1785136096.4311621
1785136096.4313841
1785136096.4313841
1785136096.4313841
1785136096.4313841
1785136096.4313841
1785136096.4313841
1785136096.4313841
1785136096.4313841
1785136096.4313841
1785136096.4313841
1785136096.4313841
1785136096.4313841
1785136096.4313841
1785136096.4313841
1785136096.4313841
1785136096.4313841
1785136096.4313841
1785136096.4313841
1785136096.4313841
1785136096.4313841
1785136096.4313841
1785136096.4313841
1785136096.4313841
1785136096.4313841
1785136096.4313841
1785136096.4313841
1785136096.4313841
1785136096.4313841
1785136096.4313841
1785136096.4313841
1785136096.4313841
1785136096.4313841
1785136096.4313841
1785136096.4313841
1785136096.4313841
1785136096.4313841
1785136096.4313841
1785136096.4313841
1785136096.4313841
1785136096.4313841
1785136096.4313841
1785136096.4313841
1785136096.4313841
1785136096.4313841
1785136096.4313841
1785136096.4313841
1785136096.4313841
1785136096.4313841
1785136096.4313841
1785136096.4313841
1785136096.4316070
1785136096.4316070
1785136096.4316070
1785136096.4316070
1785136096.4316070
1785136096.4316070
1785136096.4316070
1785136096.4316070
1785136096.4316070
1785136096.4316070
1785136096.4316070
1785136096.4316070
1785136096.4316070
1785136096.4316070
1785136096.4316070
1785136096.4316070
1785136096.4316070
1785136096.4316070
1785136096.4316070
1785136096.4316070
1785136096.4316070
1785136096.4316070
1785136096.4316070
1785136096.4316070
1785136096.4316070
1785136096.4316070
1785136096.4316070
1785136096.4316070
1785136096.4316070
1785136096.4316070
1785136096.4316070
1785136096.4316070
1785136096.4316070
1785136096.4316070
1785136096.4316070
1785136096.4316070
1785136096.4316070
1785136096.4316070
1785136096.4316070
1785136096.4316070
1785136096.4316070
1785136096.4316070
1785136096.4316070
1785136096.4316070
1785136096.4316070
1785136096.4316070
1785136096.4316070
1785136096.4316070
1785136096.4316070
1785136096.4316070
1785136096.4318290
1785136096.4318290
1785136096.4318290
1785136096.4318290
1785136096.4318290
1785136096.4318290
1785136096.4318290
1785136096.4318290
1785136096.4318290
1785136096.4318290
1785136096.4318290
1785136096.4318290
1785136096.4318290
1785136096.4318290
1785136096.4318290
1785136096.4318290
1785136096.4318290
1785136096.4318290
1785136096.4318290
1785136096.4318290
1785136096.4318290
1785136096.4318290
1785136096.4318290
1785136096.4318290
1785136096.4318290
1785136096.4318290
1785136096.4318290
1785136096.4318290
1785136096.4318290
1785136096.4318290
1785136096.4318290
1785136096.4318290
1785136096.4318290
1785136096.4318290
1785136096.4318290
1785136096.4318290
1785136096.4318290
1785136096.4318290
1785136096.4318290
1785136096.4318290
1785136096.4318290
1785136096.4318290
1785136096.4318290
1785136096.4318290
1785136096.4318290
1785136096.4318290
1785136096.4318290
1785136096.4318290
1785136096.4318290
1785136096.4318290
1785136096.4318290
1785136096.4320509
1785136096.4320509
1785136096.4320509
1785136096.4320509
1785136096.4320509
1785136096.4320509
1785136096.4320509
1785136096.4320509
1785136096.4320509
1785136096.4320509
1785136096.4320509
1785136096.4320509
1785136096.4320509
1785136096.4320509
1785136096.4320509
1785136096.4320509
1785136096.4320509
1785136096.4320509
1785136096.4320509
1785136096.4320509
1785136096.4320509
1785136096.4320509
1785136096.4320509
1785136096.4320509
1785136096.4320509
1785136096.4320509
1785136096.4320509
1785136096.4320509
1785136096.4320509
1785136096.4320509
1785136096.4320509
1785136096.4320509
1785136096.4320509
1785136096.4320509
1785136096.4320509
1785136096.4320509
1785136096.4320509
1785136096.4320509
1785136096.4320509
1785136096.4320509
1785136096.4320509
1785136096.4320509
1785136096.4320509
1785136096.4320509
1785136096.4320509
1785136096.4320509
1785136096.4320509
1785136096.4320509
1785136096.4320509
1785136096.4320509
1785136096.4320509
1785136096.4322729
1785136096.4322729
1785136096.4322729
1785136096.4322729
1785136096.4322729
1785136096.4322729
1785136096.4322729
1785136096.4322729
1785136096.4322729
1785136096.4322729
1785136096.4322729
1785136096.4322729
1785136096.4322729
1785136096.4322729
1785136096.4322729
1785136096.4322729
1785136096.4322729
1785136096.4322729
1785136096.4322729
1785136096.4322729
1785136096.4322729
1785136096.4322729
1785136096.4322729
1785136096.4322729
1785136096.4322729
1785136096.4322729
1785136096.4322729
1785136096.4322729
1785136096.4322729
1785136096.4322729
1785136096.4322729
1785136096.4322729
1785136096.4322729
1785136096.4322729
1785136096.4322729
1785136096.4322729
1785136096.4322729
1785136096.4322729
1785136096.4322729
1785136096.4322729
1785136096.4322729
1785136096.4322729
1785136096.4322729
1785136096.4322729
1785136096.4322729
1785136096.4322729
1785136096.4322729
1785136096.4322729
1785136096.4322729
1785136096.4322729
1785136096.4322729
1785136096.4324961
1785136096.4324961
1785136096.4324961
1785136096.4324961
1785136096.4324961
1785136096.4324961
1785136096.4324961
1785136096.4324961
1785136096.4324961
1785136096.4324961
1785136096.4324961
1785136096.4324961
1785136096.4324961
1785136096.4324961
1785136096.4324961
1785136096.4324961
1785136096.4324961
1785136096.4324961
1785136096.4324961
1785136096.4324961
1785136096.4324961
1785136096.4324961
1785136096.4324961
1785136096.4324961
1785136096.4324961
1785136096.4324961
1785136096.4324961
1785136096.4324961
1785136096.4324961
1785136096.4324961
1785136096.4324961
1785136096.4324961
1785136096.4324961
1785136096.4324961
1785136096.4324961
1785136096.4324961
1785136096.4324961
1785136096.4324961
1785136096.4324961
1785136096.4324961
1785136096.4324961
1785136096.4324961
1785136096.4324961
1785136096.4324961
1785136096.4324961
1785136096.4324961
1785136096.4324961
1785136096.4324961
1785136096.4324961
1785136096.4324961
1785136096.4324961
1785136096.4327180
1785136096.4327180
1785136096.4327180
1785136096.4327180
1785136096.4327180
1785136096.4327180
1785136096.4327180
1785136096.4327180
1785136096.4327180
1785136096.4327180
1785136096.4327180
1785136096.4327180
1785136096.4327180
1785136096.4327180
1785136096.4327180
1785136096.4327180
1785136096.4327180
1785136096.4327180
1785136096.4327180
1785136096.4327180
1785136096.4327180
1785136096.4327180
1785136096.4327180
1785136096.4327180
1785136096.4327180
1785136096.4327180
1785136096.4327180
1785136096.4327180
1785136096.4327180
1785136096.4327180
1785136096.4327180
1785136096.4327180
1785136096.4327180
1785136096.4327180
1785136096.4327180
1785136096.4327180
1785136096.4327180
1785136096.4327180
1785136096.4327180
1785136096.4327180
1785136096.4327180
1785136096.4327180
1785136096.4327180
1785136096.4327180
1785136096.4327180
1785136096.4327180
1785136096.4327180
1785136096.4327180
1785136096.4327180
1785136096.4327180
1785136096.4327180
1785136096.4329400
1785136096.4329400
1785136096.4329400
1785136096.4329400
1785136096.4329400
1785136096.4329400
1785136096.4329400
1785136096.4329400
1785136096.4329400
1785136096.4329400
1785136096.4329400
1785136096.4329400
1785136096.4329400
1785136096.4329400
1785136096.4329400
1785136096.4329400
1785136096.4329400
1785136096.4329400
1785136096.4329400
1785136096.4329400
1785136096.4329400
1785136096.4329400
1785136096.4329400
1785136096.4329400
1785136096.4329400
1785136096.4329400
1785136096.4329400
1785136096.4329400
1785136096.4329400
1785136096.4329400
1785136096.4329400
1785136096.4329400
1785136096.4329400
1785136096.4329400
1785136096.4329400
1785136096.4329400
1785136096.4329400
1785136096.4329400
1785136096.4329400
1785136096.4329400
1785136096.4329400
1785136096.4329400
1785136096.4329400
1785136096.4329400
1785136096.4329400
1785136096.4329400
1785136096.4329400
1785136096.4329400
1785136096.4329400
1785136096.4329400
1785136096.4329400
1785136096.4331620
1785136096.4331620
1785136096.4331620
1785136096.4331620
1785136096.4331620
1785136096.4331620
1785136096.4331620
1785136096.4331620
1785136096.4331620
1785136096.4331620
1785136096.4331620
1785136096.4331620
1785136096.4331620
1785136096.4331620
1785136096.4331620
1785136096.4331620
1785136096.4331620
1785136096.4331620
1785136096.4331620
1785136096.4331620
1785136096.4331620
1785136096.4331620
1785136096.4331620
1785136096.4331620
1785136096.4331620
1785136096.4331620
1785136096.4331620
1785136096.4331620
1785136096.4331620
1785136096.4331620
1785136096.4331620
1785136096.4331620
1785136096.4331620
1785136096.4331620
1785136096.4331620
1785136096.4331620
1785136096.4331620
1785136096.4331620
1785136096.4331620
1785136096.4331620
1785136096.4331620
1785136096.4331620
1785136096.4331620
1785136096.4331620
1785136096.4331620
1785136096.4331620
1785136096.4331620
1785136096.4331620
1785136096.4331620
1785136096.4331620
1785136096.4331620
1785136096.4333849
1785136096.4333849
1785136096.4333849
1785136096.4333849
1785136096.4333849
1785136096.4333849
1785136096.4333849
1785136096.4333849
1785136096.4333849
1785136096.4333849
1785136096.4333849
1785136096.4333849
1785136096.4333849
1785136096.4333849
1785136096.4333849
1785136096.4333849
1785136096.4333849
1785136096.4333849
1785136096.4333849
1785136096.4333849
1785136096.4333849
1785136096.4333849
1785136096.4333849
1785136096.4333849
1785136096.4333849
1785136096.4333849
1785136096.4333849
1785136096.4333849
1785136096.4333849
1785136096.4333849
1785136096.4333849
1785136096.4333849
1785136096.4333849
1785136096.4333849
1785136096.4333849
1785136096.4333849
1785136096.4333849
1785136096.4333849
1785136096.4333849
1785136096.4333849
1785136096.4333849
1785136096.4333849
1785136096.4333849
1785136096.4333849
1785136096.4333849
1785136096.4333849
1785136096.4333849
1785136096.4333849
1785136096.4333849
1785136096.4333849
1785136096.4333849
1785136096.4336071
1785136096.4336071
1785136096.4336071
1785136096.4336071
1785136096.4336071
1785136096.4336071
1785136096.4336071
1785136096.4336071
1785136096.4336071
1785136096.4336071
1785136096.4336071
1785136096.4336071
1785136096.4336071
1785136096.4336071
1785136096.4336071
1785136096.4336071
1785136096.4336071
1785136096.4336071
1785136096.4336071
1785136096.4336071
1785136096.4336071
1785136096.4336071
1785136096.4336071
1785136096.4336071
1785136096.4336071
1785136096.4336071
1785136096.4336071
1785136096.4336071
1785136096.4336071
1785136096.4336071
1785136096.4336071
1785136096.4336071
1785136096.4336071
1785136096.4336071
1785136096.4336071
1785136096.4336071
1785136096.4336071
1785136096.4336071
1785136096.4336071
1785136096.4336071
1785136096.4336071
1785136096.4336071
1785136096.4336071
1785136096.4336071
1785136096.4336071
1785136096.4336071
1785136096.4336071
1785136096.4336071
1785136096.4336071
1785136096.4336071
1785136096.4336071
1785136096.4338291
1785136096.4338291
1785136096.4338291
1785136096.4338291
1785136096.4338291
1785136096.4338291
1785136096.4338291
1785136096.4338291
1785136096.4338291
1785136096.4338291
1785136096.4338291
1785136096.4338291
1785136096.4338291
1785136096.4338291
1785136096.4338291
1785136096.4338291
1785136096.4338291
1785136096.4338291
1785136096.4338291
1785136096.4338291
1785136096.4338291
1785136096.4338291
1785136096.4338291
1785136096.4338291
1785136096.4338291
1785136096.4338291
1785136096.4338291
1785136096.4338291
1785136096.4338291
1785136096.4338291
1785136096.4338291
1785136096.4338291
1785136096.4338291
1785136096.4338291
1785136096.4338291
1785136096.4338291
1785136096.4338291
1785136096.4338291
1785136096.4338291
1785136096.4338291
1785136096.4338291
1785136096.4338291
1785136096.4338291
1785136096.4338291
1785136096.4338291
1785136096.4338291
1785136096.4338291
1785136096.4338291
1785136096.4338291
1785136096.4338291
1785136096.4338291
1785136096.4338291
1785136096.4340510
1785136096.4340510
1785136096.4340510
1785136096.4340510
1785136096.4340510
1785136096.4340510
1785136096.4340510
1785136096.4340510
1785136096.4340510
1785136096.4340510
1785136096.4340510
1785136096.4340510
1785136096.4340510
1785136096.4340510
1785136096.4340510
1785136096.4340510
1785136096.4340510
1785136096.4340510
1785136096.4340510
1785136096.4340510
1785136096.4340510
1785136096.4340510
1785136096.4340510
1785136096.4340510
1785136096.4340510
1785136096.4340510
1785136096.4340510
1785136096.4340510
1785136096.4340510
1785136096.4340510
1785136096.4340510
1785136096.4340510
1785136096.4340510
1785136096.4340510
1785136096.4340510
1785136096.4340510
1785136096.4340510
1785136096.4340510
1785136096.4340510
1785136096.4340510
1785136096.4340510
1785136096.4340510
1785136096.4340510
1785136096.4340510
1785136096.4340510
1785136096.4340510
1785136096.4340510
1785136096.4340510
1785136096.4340510
1785136096.4340510
1785136096.4340510
1785136096.4340510
1785136096.4342730
1785136096.4342730
1785136096.4342730
1785136096.4342730
1785136096.4342730
1785136096.4342730
1785136096.4342730
1785136096.4342730
1785136096.4342730
1785136096.4342730
1785136096.4342730
1785136096.4342730
1785136096.4342730
1785136096.4342730
1785136096.4342730
1785136096.4342730
1785136096.4342730
1785136096.4342730
1785136096.4342730
1785136096.4342730
1785136096.4342730
1785136096.4342730
1785136096.4342730
1785136096.4342730
1785136096.4342730
1785136096.4342730
1785136096.4342730
1785136096.4342730
1785136096.4342730
1785136096.4342730
1785136096.4342730
1785136096.4342730
1785136096.4342730
1785136096.4342730
1785136096.4342730
1785136096.4342730
1785136096.4342730
1785136096.4342730
1785136096.4342730
1785136096.4342730
1785136096.4342730
1785136096.4342730
1785136096.4342730
1785136096.4342730
1785136096.4342730
1785136096.4342730
1785136096.4342730
1785136096.4342730
1785136096.4342730
1785136096.4342730
1785136096.4342730
1785136096.4342730
1785136096.4344959
1785136096.4344959
1785136096.4344959
1785136096.4344959
1785136096.4344959
1785136096.4344959
1785136096.4344959
1785136096.4344959
1785136096.4344959
1785136096.4344959
1785136096.4344959
1785136096.4344959
1785136096.4344959
1785136096.4344959
1785136096.4344959
1785136096.4344959
1785136096.4344959
1785136096.4344959
1785136096.4344959
1785136096.4344959
1785136096.4344959
1785136096.4344959
1785136096.4344959
1785136096.4344959
1785136096.4344959
1785136096.4344959
1785136096.4344959
1785136096.4344959
1785136096.4344959
1785136096.4344959
1785136096.4344959
1785136096.4344959
1785136096.4344959
1785136096.4344959
1785136096.4344959
1785136096.4344959
1785136096.4344959
1785136096.4344959
1785136096.4344959
1785136096.4344959
1785136096.4344959
1785136096.4344959
1785136096.4344959
1785136096.4344959
1785136096.4344959
1785136096.4344959
1785136096.4344959
1785136096.4344959
1785136096.4344959
1785136096.4344959
1785136096.4344959
1785136096.4344959
1785136096.4347179
1785136096.4347179
1785136096.4347179
1785136096.4347179
1785136096.4347179
1785136096.4347179
1785136096.4347179
1785136096.4347179
1785136096.4347179
1785136096.4347179
1785136096.4347179
1785136096.4347179
1785136096.4347179
1785136096.4347179
1785136096.4347179
1785136096.4347179
1785136096.4347179
1785136096.4347179
1785136096.4347179
1785136096.4347179
1785136096.4347179
1785136096.4347179
1785136096.4347179
1785136096.4347179
1785136096.4347179
1785136096.4347179
1785136096.4347179
1785136096.4347179
1785136096.4347179
1785136096.4347179
1785136096.4347179
1785136096.4347179
1785136096.4347179
1785136096.4347179
1785136096.4347179
1785136096.4347179
1785136096.4347179
1785136096.4347179
1785136096.4347179
1785136096.4347179
1785136096.4347179
1785136096.4347179
1785136096.4347179
1785136096.4347179
1785136096.4347179
1785136096.4347179
1785136096.4347179
1785136096.4347179
1785136096.4347179
1785136096.4347179
1785136096.4347179
1785136096.4347179
1785136096.4349401
1785136096.4349401
1785136096.4349401
1785136096.4349401
1785136096.4349401
1785136096.4349401
1785136096.4349401
1785136096.4349401
1785136096.4349401
1785136096.4349401
1785136096.4349401
1785136096.4349401
1785136096.4349401
1785136096.4349401
1785136096.4349401
1785136096.4349401
1785136096.4349401
1785136096.4349401
1785136096.4349401
1785136096.4349401
1785136096.4349401
1785136096.4349401
1785136096.4349401
1785136096.4349401
1785136096.4349401
1785136096.4349401
1785136096.4349401
1785136096.4349401
1785136096.4349401
1785136096.4349401
1785136096.4349401
1785136096.4349401
1785136096.4349401
1785136096.4349401
1785136096.4349401
1785136096.4349401
1785136096.4349401
1785136096.4349401
1785136096.4349401
1785136096.4349401
1785136096.4349401
1785136096.4349401
1785136096.4349401
1785136096.4349401
1785136096.4349401
1785136096.4349401
1785136096.4349401
1785136096.4349401
1785136096.4349401
1785136096.4349401
1785136096.4349401
1785136096.4349401
1785136096.4351621
1785136096.4351621
1785136096.4351621
1785136096.4351621
1785136096.4351621
1785136096.4351621
1785136096.4351621
1785136096.4351621
1785136096.4351621
1785136096.4351621
1785136096.4351621
1785136096.4351621
1785136096.4351621
1785136096.4351621
1785136096.4351621
1785136096.4351621
1785136096.4351621
1785136096.4351621
1785136096.4351621
1785136096.4351621
1785136096.4351621
1785136096.4351621
1785136096.4351621
1785136096.4351621
1785136096.4351621
1785136096.4351621
1785136096.4351621
1785136096.4351621
1785136096.4351621
1785136096.4351621
1785136096.4351621
1785136096.4351621
1785136096.4351621
1785136096.4351621
1785136096.4351621
1785136096.4351621
1785136096.4351621
1785136096.4351621
1785136096.4351621
1785136096.4351621
1785136096.4351621
1785136096.4351621
1785136096.4351621
1785136096.4351621
1785136096.4351621
1785136096.4351621
1785136096.4351621
1785136096.4351621
1785136096.4351621
1785136096.4351621
1785136096.4351621
1785136096.4351621
1785136096.4353850
1785136096.4353850
1785136096.4353850
1785136096.4353850
1785136096.4353850
1785136096.4353850
1785136096.4353850
1785136096.4353850
1785136096.4353850
1785136096.4353850
1785136096.4353850
1785136096.4353850
1785136096.4353850
1785136096.4353850
1785136096.4353850
1785136096.4353850
1785136096.4353850
1785136096.4353850
1785136096.4353850
1785136096.4353850
1785136096.4353850
1785136096.4353850
1785136096.4353850
1785136096.4353850
1785136096.4353850
1785136096.4353850
1785136096.4353850
1785136096.4353850
1785136096.4353850
1785136096.4353850
1785136096.4353850
1785136096.4353850
1785136096.4353850
1785136096.4353850
1785136096.4353850
1785136096.4353850
1785136096.4353850
1785136096.4353850
1785136096.4353850
1785136096.4353850
1785136096.4353850
1785136096.4353850
1785136096.4353850
1785136096.4353850
1785136096.4353850
1785136096.4353850
1785136096.4353850
1785136096.4353850
1785136096.4353850
1785136096.4353850
1785136096.4353850
1785136096.4353850
1785136096.4356070
1785136096.4356070
1785136096.4356070
1785136096.4356070
1785136096.4356070
1785136096.4356070
1785136096.4356070
1785136096.4356070
1785136096.4356070
1785136096.4356070
1785136096.4356070
1785136096.4356070
1785136096.4356070
1785136096.4356070
1785136096.4356070
1785136096.4356070
1785136096.4356070
1785136096.4356070
1785136096.4356070
1785136096.4356070
1785136096.4356070
1785136096.4356070
1785136096.4356070
1785136096.4356070
1785136096.4356070
1785136096.4356070
1785136096.4356070
1785136096.4356070
1785136096.4356070
1785136096.4356070
1785136096.4356070
1785136096.4356070
1785136096.4356070
1785136096.4356070
1785136096.4356070
1785136096.4356070
1785136096.4356070
1785136096.4356070
1785136096.4356070
1785136096.4356070
1785136096.4356070
1785136096.4356070
1785136096.4356070
1785136096.4356070
1785136096.4356070
1785136096.4356070
1785136096.4356070
1785136096.4356070
1785136096.4356070
1785136096.4356070
1785136096.4356070
1785136096.4356070
1785136096.4358289
1785136096.4358289
1785136096.4358289
1785136096.4358289
1785136096.4358289
1785136096.4358289
1785136096.4358289
1785136096.4358289
1785136096.4358289
1785136096.4358289
1785136096.4358289
1785136096.4358289
1785136096.4358289
1785136096.4358289
1785136096.4358289
1785136096.4358289
1785136096.4358289
1785136096.4358289
1785136096.4358289
1785136096.4358289
1785136096.4358289
1785136096.4358289
1785136096.4358289
1785136096.4358289
1785136096.4358289
1785136096.4358289
1785136096.4358289
1785136096.4358289
1785136096.4358289
1785136096.4358289
1785136096.4358289
1785136096.4358289
1785136096.4358289
1785136096.4358289
1785136096.4358289
1785136096.4358289
1785136096.4358289
1785136096.4358289
1785136096.4358289
1785136096.4358289
1785136096.4358289
1785136096.4358289
1785136096.4358289
1785136096.4358289
1785136096.4358289
1785136096.4358289
1785136096.4358289
1785136096.4358289
1785136096.4358289
1785136096.4358289
1785136096.4358289
1785136096.4358289
1785136096.4360509
1785136096.4360509
1785136096.4360509
1785136096.4360509
1785136096.4360509
1785136096.4360509
1785136096.4360509
1785136096.4360509
1785136096.4360509
1785136096.4360509
1785136096.4360509
1785136096.4360509
1785136096.4360509
1785136096.4360509
1785136096.4360509
1785136096.4360509
1785136096.4360509
1785136096.4360509
1785136096.4360509
1785136096.4360509
1785136096.4360509
1785136096.4360509
1785136096.4360509
1785136096.4360509
1785136096.4360509
1785136096.4360509
1785136096.4360509
1785136096.4360509
1785136096.4360509
1785136096.4360509
1785136096.4360509
1785136096.4360509
1785136096.4360509
1785136096.4360509
1785136096.4360509
1785136096.4360509
1785136096.4360509
1785136096.4360509
1785136096.4360509
1785136096.4360509
1785136096.4360509
1785136096.4360509
1785136096.4360509
1785136096.4360509
1785136096.4360509
1785136096.4360509
1785136096.4360509
1785136096.4360509
1785136096.4360509
1785136096.4360509
1785136096.4360509
1785136096.4360509
1785136096.4362731
1785136096.4362731
1785136096.4362731
1785136096.4362731
1785136096.4362731
1785136096.4362731
1785136096.4362731
1785136096.4362731
1785136096.4362731
1785136096.4362731
1785136096.4362731
1785136096.4362731
1785136096.4362731
1785136096.4362731
1785136096.4362731
1785136096.4362731
1785136096.4362731
1785136096.4362731
1785136096.4362731
1785136096.4362731
1785136096.4362731
1785136096.4362731
1785136096.4362731
1785136096.4362731
1785136096.4362731
1785136096.4362731
1785136096.4362731
1785136096.4362731
1785136096.4362731
1785136096.4362731
1785136096.4362731
1785136096.4362731
1785136096.4362731
1785136096.4362731
1785136096.4362731
1785136096.4362731
1785136096.4362731
1785136096.4362731
1785136096.4362731
1785136096.4362731
1785136096.4362731
1785136096.4362731
1785136096.4362731
1785136096.4362731
1785136096.4362731
1785136096.4362731
1785136096.4362731
1785136096.4362731
1785136096.4362731
1785136096.4362731
1785136096.4362731
1785136096.4362731
1785136096.4364960
1785136096.4364960
1785136096.4364960
1785136096.4364960
1785136096.4364960
1785136096.4364960
1785136096.4364960
1785136096.4364960
1785136096.4364960
1785136096.4364960
1785136096.4364960
1785136096.4364960
1785136096.4364960
1785136096.4364960
1785136096.4364960
1785136096.4364960
1785136096.4364960
1785136096.4364960
1785136096.4364960
1785136096.4364960
1785136096.4364960
1785136096.4364960
1785136096.4364960
1785136096.4364960
1785136096.4364960
1785136096.4364960
1785136096.4364960
1785136096.4364960
1785136096.4364960
1785136096.4364960
1785136096.4364960
1785136096.4364960
1785136096.4364960
1785136096.4364960
1785136096.4364960
1785136096.4364960
1785136096.4364960
1785136096.4364960
1785136096.4364960
1785136096.4364960
1785136096.4364960
1785136096.4364960
1785136096.4364960
1785136096.4364960
1785136096.4364960
1785136096.4364960
1785136096.4364960
1785136096.4364960
1785136096.4364960
1785136096.4364960
1785136096.4364960
1785136096.4364960
1785136096.4367180
1785136096.4367180
1785136096.4367180
1785136096.4367180
1785136096.4367180
1785136096.4367180
1785136096.4367180
1785136096.4367180
1785136096.4367180
1785136096.4367180
1785136096.4367180
1785136096.4367180
1785136096.4367180
1785136096.4367180
1785136096.4367180
1785136096.4367180
1785136096.4367180
1785136096.4367180
1785136096.4367180
1785136096.4367180
1785136096.4367180
1785136096.4367180
1785136096.4367180
1785136096.4367180
1785136096.4367180
1785136096.4367180
1785136096.4367180
1785136096.4367180
1785136096.4367180
1785136096.4367180
1785136096.4367180
1785136096.4367180
1785136096.4367180
1785136096.4367180
1785136096.4367180
1785136096.4367180
1785136096.4367180
1785136096.4367180
1785136096.4367180
1785136096.4367180
1785136096.4367180
1785136096.4367180
1785136096.4367180
1785136096.4367180
1785136096.4367180
1785136096.4367180
1785136096.4367180
1785136096.4367180
1785136096.4367180
1785136096.4367180
1785136096.4367180
1785136096.4367180
1785136096.4369400
1785136096.4369400
1785136096.4369400
1785136096.4369400
1785136096.4369400
1785136096.4369400
1785136096.4369400
1785136096.4369400
1785136096.4369400
1785136096.4369400
1785136096.4369400
1785136096.4369400
1785136096.4369400
1785136096.4369400
1785136096.4369400
1785136096.4369400
1785136096.4369400
1785136096.4369400
1785136096.4369400
1785136096.4369400
1785136096.4369400
1785136096.4369400
1785136096.4369400
1785136096.4369400
1785136096.4369400
1785136096.4369400
1785136096.4369400
1785136096.4369400
1785136096.4369400
1785136096.4369400
1785136096.4369400
1785136096.4369400
1785136096.4369400
1785136096.4369400
1785136096.4369400
1785136096.4369400
1785136096.4369400
1785136096.4369400
1785136096.4369400
1785136096.4369400
1785136096.4369400
1785136096.4369400
1785136096.4369400
1785136096.4369400
1785136096.4369400
1785136096.4369400
1785136096.4369400
1785136096.4369400
1785136096.4369400
1785136096.4369400
1785136096.4369400
1785136096.4369400
1785136096.4371619
1785136096.4371619
1785136096.4371619
1785136096.4371619
1785136096.4371619
1785136096.4371619
1785136096.4371619
1785136096.4371619
1785136096.4371619
1785136096.4371619
1785136096.4371619
1785136096.4371619
1785136096.4371619
1785136096.4371619
1785136096.4371619
1785136096.4371619
1785136096.4371619
1785136096.4371619
1785136096.4371619
1785136096.4371619
1785136096.4371619
1785136096.4371619
1785136096.4371619
1785136096.4371619
1785136096.4371619
1785136096.4371619
1785136096.4371619
1785136096.4371619
1785136096.4371619
1785136096.4371619
1785136096.4371619
1785136096.4371619
1785136096.4371619
1785136096.4371619
1785136096.4371619
1785136096.4371619
1785136096.4371619
1785136096.4371619
1785136096.4371619
1785136096.4371619
1785136096.4371619
1785136096.4371619
1785136096.4371619
1785136096.4371619
1785136096.4371619
1785136096.4371619
1785136096.4371619
1785136096.4371619
1785136096.4371619
1785136096.4371619
1785136096.4371619
1785136096.4371619
1785136096.4373851
1785136096.4373851
1785136096.4373851
1785136096.4373851
1785136096.4373851
1785136096.4373851
1785136096.4373851
1785136096.4373851
1785136096.4373851
1785136096.4373851
1785136096.4373851
1785136096.4373851
1785136096.4373851
1785136096.4373851
1785136096.4373851
1785136096.4373851
1785136096.4373851
1785136096.4373851
1785136096.4373851
1785136096.4373851
1785136096.4373851
1785136096.4373851
1785136096.4373851
1785136096.4373851
1785136096.4373851
1785136096.4373851
1785136096.4373851
1785136096.4373851
1785136096.4373851
1785136096.4373851
1785136096.4373851
1785136096.4373851
1785136096.4373851
1785136096.4373851
1785136096.4373851
1785136096.4373851
1785136096.4373851
1785136096.4373851
1785136096.4373851
1785136096.4373851
1785136096.4373851
1785136096.4373851
1785136096.4373851
1785136096.4373851
1785136096.4373851
1785136096.4373851
1785136096.4373851
1785136096.4373851
1785136096.4373851
1785136096.4373851
1785136096.4373851
1785136096.4373851
1785136096.4376070
1785136096.4376070
1785136096.4376070
1785136096.4376070
1785136096.4376070
1785136096.4376070
1785136096.4376070
1785136096.4376070
1785136096.4376070
1785136096.4376070
1785136096.4376070
1785136096.4376070
1785136096.4376070
1785136096.4376070
1785136096.4376070
1785136096.4376070
1785136096.4376070
1785136096.4376070
1785136096.4376070
1785136096.4376070
1785136096.4376070
1785136096.4376070
1785136096.4376070
1785136096.4376070
1785136096.4376070
1785136096.4376070
1785136096.4376070
1785136096.4376070
1785136096.4376070
1785136096.4376070
1785136096.4376070
1785136096.4376070
1785136096.4376070
1785136096.4376070
1785136096.4376070
1785136096.4376070
1785136096.4376070
1785136096.4376070
1785136096.4376070
1785136096.4376070
1785136096.4376070
1785136096.4376070
1785136096.4376070
1785136096.4376070
1785136096.4376070
1785136096.4376070
1785136096.4376070
1785136096.4376070
1785136096.4376070
1785136096.4376070
1785136096.4376070
1785136096.4376070
1785136096.4378290
1785136096.4378290
1785136096.4378290
1785136096.4378290
1785136096.4378290
1785136096.4378290
1785136096.4378290
1785136096.4378290
1785136096.4378290
1785136096.4378290
1785136096.4378290
1785136096.4378290
1785136096.4378290
1785136096.4378290
1785136096.4378290
1785136096.4378290
1785136096.4378290
1785136096.4378290
1785136096.4378290
1785136096.4378290
1785136096.4378290
1785136096.4378290
1785136096.4378290
1785136096.4378290
1785136096.4378290
1785136096.4378290
1785136096.4378290
1785136096.4378290
1785136096.4378290
1785136096.4378290
1785136096.4378290
1785136096.4378290
1785136096.4378290
1785136096.4378290
1785136096.4378290
1785136096.4378290
1785136096.4378290
1785136096.4378290
1785136096.4378290
1785136096.4378290
1785136096.4378290
1785136096.4378290
1785136096.4378290
1785136096.4378290
1785136096.4378290
1785136096.4378290
1785136096.4378290
1785136096.4378290
1785136096.4378290
1785136096.4378290
1785136096.4378290
1785136096.4378290
1785136096.4380510
1785136096.4380510
1785136096.4380510
1785136096.4380510
1785136096.4380510
1785136096.4380510
1785136096.4380510
1785136096.4380510
1785136096.4380510
1785136096.4380510
1785136096.4380510
1785136096.4380510
1785136096.4380510
1785136096.4380510
1785136096.4380510
1785136096.4380510
1785136096.4380510
1785136096.4380510
1785136096.4380510
1785136096.4380510
1785136096.4380510
1785136096.4380510
1785136096.4380510
1785136096.4380510
1785136096.4380510
1785136096.4380510
1785136096.4380510
1785136096.4380510
1785136096.4380510
1785136096.4380510
1785136096.4380510
1785136096.4380510
1785136096.4380510
1785136096.4380510
1785136096.4380510
1785136096.4380510
1785136096.4380510
1785136096.4380510
1785136096.4380510
1785136096.4380510
1785136096.4380510
1785136096.4380510
1785136096.4380510
1785136096.4380510
1785136096.4380510
1785136096.4380510
1785136096.4380510
1785136096.4380510
1785136096.4380510
1785136096.4380510
1785136096.4380510
1785136096.4380510
1785136096.4382730
1785136096.4382730
1785136096.4382730
1785136096.4382730
1785136096.4382730
1785136096.4382730
1785136096.4382730
1785136096.4382730
1785136096.4382730
1785136096.4382730
1785136096.4382730
1785136096.4382730
1785136096.4382730
1785136096.4382730
1785136096.4382730
1785136096.4382730
1785136096.4382730
1785136096.4382730
1785136096.4382730
1785136096.4382730
1785136096.4382730
1785136096.4382730
1785136096.4382730
1785136096.4382730
1785136096.4382730
1785136096.4382730
1785136096.4382730
1785136096.4382730
1785136096.4382730
1785136096.4382730
1785136096.4382730
1785136096.4382730
1785136096.4382730
1785136096.4382730
1785136096.4382730
1785136096.4382730
1785136096.4382730
1785136096.4382730
1785136096.4382730
1785136096.4382730
1785136096.4382730
1785136096.4382730
1785136096.4382730
1785136096.4382730
1785136096.4382730
1785136096.4382730
1785136096.4382730
1785136096.4382730
1785136096.4382730
1785136096.4382730
1785136096.4382730
1785136096.4382730
1785136096.4384961
1785136096.4384961
1785136096.4384961
1785136096.4384961
1785136096.4384961
1785136096.4384961
1785136096.4384961
1785136096.4384961
1785136096.4384961
1785136096.4384961
1785136096.4384961
1785136096.4384961
1785136096.4384961
1785136096.4384961
1785136096.4384961
1785136096.4384961
1785136096.4384961
1785136096.4384961
1785136096.4384961
1785136096.4384961
1785136096.4384961
1785136096.4384961
1785136096.4384961
1785136096.4384961
1785136096.4384961
1785136096.4384961
1785136096.4384961
1785136096.4384961
1785136096.4384961
1785136096.4384961
1785136096.4384961
1785136096.4384961
1785136096.4384961
1785136096.4384961
1785136096.4384961
1785136096.4384961
1785136096.4384961
1785136096.4384961
1785136096.4384961
1785136096.4384961
1785136096.4384961
1785136096.4384961
1785136096.4384961
1785136096.4384961
1785136096.4384961
1785136096.4384961
1785136096.4384961
1785136096.4384961
1785136096.4384961
1785136096.4384961
1785136096.4384961
1785136096.4384961
1785136096.4387181
1785136096.4387181
1785136096.4387181
1785136096.4387181
1785136096.4387181
1785136096.4387181
1785136096.4387181
1785136096.4387181
1785136096.4387181
1785136096.4387181
1785136096.4387181
1785136096.4387181
1785136096.4387181
1785136096.4387181
1785136096.4387181
1785136096.4387181
1785136096.4387181
1785136096.4387181
1785136096.4387181
1785136096.4387181
1785136096.4387181
1785136096.4387181
1785136096.4387181
1785136096.4387181
1785136096.4387181
1785136096.4387181
1785136096.4387181
1785136096.4387181
1785136096.4387181
1785136096.4387181
1785136096.4387181
1785136096.4387181
1785136096.4387181
1785136096.4387181
1785136096.4387181
1785136096.4387181
1785136096.4387181
1785136096.4387181
1785136096.4387181
1785136096.4387181
1785136096.4387181
1785136096.4387181
1785136096.4387181
1785136096.4387181
1785136096.4387181
1785136096.4387181
1785136096.4387181
1785136096.4387181
1785136096.4387181
1785136096.4387181
1785136096.4387181
1785136096.4387181
1785136096.4389400
1785136096.4389400
1785136096.4389400
1785136096.4389400
1785136096.4389400
1785136096.4389400
1785136096.4389400
1785136096.4389400
1785136096.4389400
1785136096.4389400
1785136096.4389400
1785136096.4389400
1785136096.4389400
1785136096.4389400
1785136096.4389400
1785136096.4389400
1785136096.4389400
1785136096.4389400
1785136096.4389400
1785136096.4389400
1785136096.4389400
1785136096.4389400
1785136096.4389400
1785136096.4389400
1785136096.4389400
1785136096.4389400
1785136096.4389400
1785136096.4389400
1785136096.4389400
1785136096.4389400
1785136096.4389400
1785136096.4389400
1785136096.4389400
1785136096.4389400
1785136096.4389400
1785136096.4389400
1785136096.4389400
1785136096.4389400
1785136096.4389400
1785136096.4389400
1785136096.4389400
1785136096.4389400
1785136096.4389400
1785136096.4389400
1785136096.4389400
1785136096.4389400
1785136096.4389400
1785136096.4389400
1785136096.4389400
1785136096.4389400
1785136096.4389400
1785136096.4389400
1785136096.4391620
1785136096.4391620
1785136096.4391620
1785136096.4391620
1785136096.4391620
1785136096.4391620
1785136096.4391620
1785136096.4391620
1785136096.4391620
1785136096.4391620
1785136096.4391620
1785136096.4391620
1785136096.4391620
1785136096.4391620
1785136096.4391620
1785136096.4391620
1785136096.4391620
1785136096.4391620
1785136096.4391620
1785136096.4391620
1785136096.4391620
1785136096.4391620
1785136096.4391620
1785136096.4391620
1785136096.4391620
1785136096.4391620
1785136096.4391620
1785136096.4391620
1785136096.4391620
1785136096.4391620
1785136096.4391620
1785136096.4391620
1785136096.4391620
1785136096.4391620
1785136096.4391620
1785136096.4391620
1785136096.4391620
1785136096.4391620
1785136096.4391620
1785136096.4391620
1785136096.4391620
1785136096.4391620
1785136096.4391620
1785136096.4391620
1785136096.4391620
1785136096.4391620
1785136096.4391620
1785136096.4391620
1785136096.4391620
1785136096.4391620
1785136096.4391620
1785136096.4391620
1785136096.4393849
1785136096.4393849
1785136096.4393849
1785136096.4393849
1785136096.4393849
1785136096.4393849
1785136096.4393849
1785136096.4393849
1785136096.4393849
1785136096.4393849
1785136096.4393849
1785136096.4393849
1785136096.4393849
1785136096.4393849
1785136096.4393849
1785136096.4393849
1785136096.4393849
1785136096.4393849
1785136096.4393849
1785136096.4393849
1785136096.4393849
1785136096.4393849
1785136096.4393849
1785136096.4393849
1785136096.4393849
1785136096.4393849
1785136096.4393849
1785136096.4393849
1785136096.4393849
1785136096.4393849
1785136096.4393849
1785136096.4393849
1785136096.4393849
1785136096.4393849
1785136096.4393849
1785136096.4393849
1785136096.4393849
1785136096.4393849
1785136096.4393849
1785136096.4393849
1785136096.4393849
1785136096.4393849
1785136096.4393849
1785136096.4393849
1785136096.4393849
1785136096.4393849
1785136096.4393849
1785136096.4393849
1785136096.4393849
1785136096.4393849
1785136096.4393849
1785136096.4393849
1785136096.4396069
1785136096.4396069
1785136096.4396069
1785136096.4396069
1785136096.4396069
1785136096.4396069
1785136096.4396069
1785136096.4396069
1785136096.4396069
1785136096.4396069
1785136096.4396069
1785136096.4396069
1785136096.4396069
1785136096.4396069
1785136096.4396069
1785136096.4396069
1785136096.4396069
1785136096.4396069
1785136096.4396069
1785136096.4396069
1785136096.4396069
1785136096.4396069
1785136096.4396069
1785136096.4396069
1785136096.4396069
1785136096.4396069
1785136096.4396069
1785136096.4396069
1785136096.4396069
1785136096.4396069
1785136096.4396069
1785136096.4396069
1785136096.4396069
1785136096.4396069
1785136096.4396069
1785136096.4396069
1785136096.4396069
1785136096.4396069
1785136096.4396069
1785136096.4396069
1785136096.4396069
1785136096.4396069
1785136096.4396069
1785136096.4396069
1785136096.4396069
1785136096.4396069
1785136096.4396069
1785136096.4396069
1785136096.4396069
1785136096.4396069
1785136096.4396069
1785136096.4396069
1785136096.4398291
1785136096.4398291
1785136096.4398291
1785136096.4398291
1785136096.4398291
1785136096.4398291
1785136096.4398291
1785136096.4398291
1785136096.4398291
1785136096.4398291
1785136096.4398291
1785136096.4398291
1785136096.4398291
1785136096.4398291
1785136096.4398291
1785136096.4398291
1785136096.4398291
1785136096.4398291
1785136096.4398291
1785136096.4398291
1785136096.4398291
1785136096.4398291
1785136096.4398291
1785136096.4398291
1785136096.4398291
1785136096.4398291
1785136096.4398291
1785136096.4398291
1785136096.4398291
1785136096.4398291
1785136096.4398291
1785136096.4398291
1785136096.4398291
1785136096.4398291
1785136096.4398291
1785136096.4398291
1785136096.4398291
1785136096.4398291
1785136096.4398291
1785136096.4398291
1785136096.4398291
1785136096.4398291
1785136096.4398291
1785136096.4398291
1785136096.4398291
1785136096.4398291
1785136096.4398291
1785136096.4398291
1785136096.4398291
1785136096.4398291
1785136096.4398291
1785136096.4398291
1785136096.4400511
1785136096.4400511
1785136096.4400511
1785136096.4400511
1785136096.4400511
1785136096.4400511
1785136096.4400511
1785136096.4400511
1785136096.4400511
1785136096.4400511
1785136096.4400511
1785136096.4400511
1785136096.4400511
1785136096.4400511
1785136096.4400511
1785136096.4400511
1785136096.4400511
1785136096.4400511
1785136096.4400511
1785136096.4400511
1785136096.4400511
1785136096.4400511
1785136096.4400511
1785136096.4400511
1785136096.4400511
1785136096.4400511
1785136096.4400511
1785136096.4400511
1785136096.4400511
1785136096.4400511
1785136096.4400511
1785136096.4400511
1785136096.4400511
1785136096.4400511
1785136096.4400511
1785136096.4400511
1785136096.4400511
1785136096.4400511
1785136096.4400511
1785136096.4400511
1785136096.4400511
1785136096.4400511
1785136096.4400511
1785136096.4400511
1785136096.4400511
1785136096.4400511
1785136096.4400511
1785136096.4400511
1785136096.4400511
1785136096.4400511
1785136096.4400511
1785136096.4400511
1785136096.4402730
1785136096.4402730
1785136096.4402730
1785136096.4402730
1785136096.4402730
1785136096.4402730
1785136096.4402730
1785136096.4402730
1785136096.4402730
1785136096.4402730
1785136096.4402730
1785136096.4402730
1785136096.4402730
1785136096.4402730
1785136096.4402730
1785136096.4402730
1785136096.4402730
1785136096.4402730
1785136096.4402730
1785136096.4402730
1785136096.4402730
1785136096.4402730
1785136096.4402730
1785136096.4402730
1785136096.4402730
1785136096.4402730
1785136096.4402730
1785136096.4402730
1785136096.4402730
1785136096.4402730
1785136096.4402730
1785136096.4402730
1785136096.4402730
1785136096.4402730
1785136096.4402730
1785136096.4402730
1785136096.4402730
1785136096.4402730
1785136096.4402730
1785136096.4402730
1785136096.4402730
1785136096.4402730
1785136096.4402730
1785136096.4402730
1785136096.4402730
1785136096.4402730
1785136096.4402730
1785136096.4402730
1785136096.4402730
1785136096.4402730
1785136096.4402730
1785136096.4402730
1785136096.4404950
1785136096.4404950
1785136096.4404950
1785136096.4404950
1785136096.4404950
1785136096.4404950
1785136096.4404950
1785136096.4404950
1785136096.4404950
1785136096.4404950
1785136096.4404950
1785136096.4404950
1785136096.4404950
1785136096.4404950
1785136096.4404950
1785136096.4404950
1785136096.4404950
1785136096.4404950
1785136096.4404950
1785136096.4404950
1785136096.4404950
1785136096.4404950
1785136096.4404950
1785136096.4404950
1785136096.4404950
1785136096.4404950
1785136096.4404950
1785136096.4404950
1785136096.4404950
1785136096.4404950
1785136096.4404950
1785136096.4404950
1785136096.4404950
1785136096.4404950
1785136096.4404950
1785136096.4404950
1785136096.4404950
1785136096.4404950
1785136096.4404950
1785136096.4404950
1785136096.4404950
1785136096.4404950
1785136096.4404950
1785136096.4404950
1785136096.4404950
1785136096.4404950
1785136096.4404950
1785136096.4404950
1785136096.4404950
1785136096.4404950
1785136096.4404950
1785136096.4404950
1785136096.4407179
1785136096.4407179
1785136096.4407179
1785136096.4407179
1785136096.4407179
1785136096.4407179
1785136096.4407179
1785136096.4407179
1785136096.4407179
1785136096.4407179
1785136096.4407179
1785136096.4407179
1785136096.4407179
1785136096.4407179
1785136096.4407179
1785136096.4407179
1785136096.4407179
1785136096.4407179
1785136096.4407179
1785136096.4407179
1785136096.4407179
1785136096.4407179
1785136096.4407179
1785136096.4407179
1785136096.4407179
1785136096.4407179
1785136096.4407179
1785136096.4407179
1785136096.4407179
1785136096.4407179
1785136096.4407179
1785136096.4407179
1785136096.4407179
1785136096.4407179
1785136096.4407179
1785136096.4407179
1785136096.4407179
1785136096.4407179
1785136096.4407179
1785136096.4407179
1785136096.4407179
1785136096.4407179
1785136096.4407179
1785136096.4407179
1785136096.4407179
1785136096.4407179
1785136096.4407179
1785136096.4407179
1785136096.4407179
1785136096.4407179
1785136096.4407179
1785136096.4407179
1785136096.4409399
1785136096.4409399
1785136096.4409399
1785136096.4409399
1785136096.4409399
1785136096.4409399
1785136096.4409399
1785136096.4409399
1785136096.4409399
1785136096.4409399
1785136096.4409399
1785136096.4409399
1785136096.4409399
1785136096.4409399
1785136096.4409399
1785136096.4409399
1785136096.4409399
1785136096.4409399
1785136096.4409399
1785136096.4409399
1785136096.4409399
1785136096.4409399
1785136096.4409399
1785136096.4409399
1785136096.4409399
1785136096.4409399
1785136096.4409399
1785136096.4409399
1785136096.4409399
1785136096.4409399
1785136096.4409399
1785136096.4409399
1785136096.4409399
1785136096.4409399
1785136096.4409399
1785136096.4409399
1785136096.4409399
1785136096.4409399
1785136096.4409399
1785136096.4409399
1785136096.4409399
1785136096.4409399
1785136096.4409399
1785136096.4409399
1785136096.4409399
1785136096.4409399
1785136096.4409399
1785136096.4409399
1785136096.4409399
1785136096.4409399
1785136096.4409399
1785136096.4409399
1785136096.4411621
1785136096.4411621
1785136096.4411621
1785136096.4411621
1785136096.4411621
1785136096.4411621
1785136096.4411621
1785136096.4411621
1785136096.4411621
1785136096.4411621
1785136096.4411621
1785136096.4411621
1785136096.4411621
1785136096.4411621
1785136096.4411621
1785136096.4411621
1785136096.4411621
1785136096.4411621
1785136096.4411621
1785136096.4411621
1785136096.4411621
1785136096.4411621
1785136096.4411621
1785136096.4411621
1785136096.4411621
1785136096.4411621
1785136096.4411621
1785136096.4411621
1785136096.4411621
1785136096.4411621
1785136096.4411621
1785136096.4411621
1785136096.4411621
1785136096.4411621
1785136096.4411621
1785136096.4411621
1785136096.4411621
1785136096.4411621
1785136096.4411621
1785136096.4411621
1785136096.4411621
1785136096.4411621
1785136096.4411621
1785136096.4411621
1785136096.4411621
1785136096.4411621
1785136096.4411621
1785136096.4411621
1785136096.4411621
1785136096.4411621
1785136096.4411621
1785136096.4411621
1785136096.4413841
1785136096.4413841
1785136096.4413841
1785136096.4413841
1785136096.4413841
1785136096.4413841
1785136096.4413841
1785136096.4413841
1785136096.4413841
1785136096.4413841
1785136096.4413841
1785136096.4413841
1785136096.4413841
1785136096.4413841
1785136096.4413841
1785136096.4413841
1785136096.4413841
1785136096.4413841
1785136096.4413841
1785136096.4413841
1785136096.4413841
1785136096.4413841
1785136096.4413841
1785136096.4413841
1785136096.4413841
1785136096.4413841
1785136096.4413841
1785136096.4413841
1785136096.4413841
1785136096.4413841
1785136096.4413841
1785136096.4413841
1785136096.4413841
1785136096.4413841
1785136096.4413841
1785136096.4413841
1785136096.4413841
1785136096.4413841
1785136096.4413841
1785136096.4413841
1785136096.4413841
1785136096.4413841
1785136096.4413841
1785136096.4413841
1785136096.4413841
1785136096.4413841
1785136096.4413841
1785136096.4413841
1785136096.4413841
1785136096.4413841
1785136096.4413841
1785136096.4413841
1785136096.4416060
1785136096.4416060
1785136096.4416060
1785136096.4416060
1785136096.4416060
1785136096.4416060
1785136096.4416060
1785136096.4416060
1785136096.4416060
1785136096.4416060
1785136096.4416060
1785136096.4416060
1785136096.4416060
1785136096.4416060
1785136096.4416060
1785136096.4416060
1785136096.4416060
1785136096.4416060
1785136096.4416060
1785136096.4416060
1785136096.4416060
1785136096.4416060
1785136096.4416060
1785136096.4416060
1785136096.4416060
1785136096.4416060
1785136096.4416060
1785136096.4416060
1785136096.4416060
1785136096.4416060
1785136096.4416060
1785136096.4416060
1785136096.4416060
1785136096.4416060
1785136096.4416060
1785136096.4416060
1785136096.4416060
1785136096.4416060
1785136096.4416060
1785136096.4416060
1785136096.4416060
1785136096.4416060
1785136096.4416060
1785136096.4416060
1785136096.4416060
1785136096.4416060
1785136096.4416060
1785136096.4416060
1785136096.4416060
1785136096.4416060
1785136096.4416060
1785136096.4416060
1785136096.4418290
1785136096.4418290
1785136096.4418290
1785136096.4418290
1785136096.4418290
1785136096.4418290
1785136096.4418290
1785136096.4418290
1785136096.4418290
1785136096.4418290
1785136096.4418290
1785136096.4418290
1785136096.4418290
1785136096.4418290
1785136096.4418290
1785136096.4418290
1785136096.4418290
1785136096.4418290
1785136096.4418290
1785136096.4418290
1785136096.4418290
1785136096.4418290
1785136096.4418290
1785136096.4418290
1785136096.4418290
1785136096.4418290
1785136096.4418290
1785136096.4418290
1785136096.4418290
1785136096.4418290
1785136096.4418290
1785136096.4418290
1785136096.4418290
1785136096.4418290
1785136096.4418290
1785136096.4418290
1785136096.4418290
1785136096.4418290
1785136096.4418290
1785136096.4418290
1785136096.4418290
1785136096.4418290
1785136096.4418290
1785136096.4418290
1785136096.4418290
1785136096.4418290
1785136096.4418290
1785136096.4418290
1785136096.4418290
1785136096.4418290
1785136096.4418290
1785136096.4418290
1785136096.4420509
1785136096.4420509
1785136096.4420509
1785136096.4420509
1785136096.4420509
1785136096.4420509
1785136096.4420509
1785136096.4420509
1785136096.4420509
1785136096.4420509
1785136096.4420509
1785136096.4420509
1785136096.4420509
1785136096.4420509
1785136096.4420509
1785136096.4420509
1785136096.4420509
1785136096.4420509
1785136096.4420509
1785136096.4420509
1785136096.4420509
1785136096.4420509
1785136096.4420509
1785136096.4420509
1785136096.4420509
1785136096.4420509
1785136096.4420509
1785136096.4420509
1785136096.4420509
1785136096.4420509
1785136096.4420509
1785136096.4420509
1785136096.4420509
1785136096.4420509
1785136096.4420509
1785136096.4420509
1785136096.4420509
1785136096.4420509
1785136096.4420509
1785136096.4420509
1785136096.4420509
1785136096.4420509
1785136096.4420509
1785136096.4420509
1785136096.4420509
1785136096.4420509
1785136096.4420509
1785136096.4420509
1785136096.4420509
1785136096.4420509
1785136096.4420509
1785136096.4420509
1785136096.4422729
1785136096.4422729
1785136096.4422729
1785136096.4422729
1785136096.4422729
1785136096.4422729
1785136096.4422729
1785136096.4422729
1785136096.4422729
1785136096.4422729
1785136096.4422729
1785136096.4422729
1785136096.4422729
1785136096.4422729
1785136096.4422729
1785136096.4422729
1785136096.4422729
1785136096.4422729
1785136096.4422729
1785136096.4422729
1785136096.4422729
1785136096.4422729
1785136096.4422729
1785136096.4422729
1785136096.4422729
1785136096.4422729
1785136096.4422729
1785136096.4422729
1785136096.4422729
1785136096.4422729
1785136096.4422729
1785136096.4422729
1785136096.4422729
1785136096.4422729
1785136096.4422729
1785136096.4422729
1785136096.4422729
1785136096.4422729
1785136096.4422729
1785136096.4422729
1785136096.4422729
1785136096.4422729
1785136096.4422729
1785136096.4422729
1785136096.4422729
1785136096.4422729
1785136096.4422729
1785136096.4422729
1785136096.4422729
1785136096.4422729
1785136096.4422729
1785136096.4422729
1785136096.4424951
1785136096.4424951
1785136096.4424951
1785136096.4424951
1785136096.4424951
1785136096.4424951
1785136096.4424951
1785136096.4424951
1785136096.4424951
1785136096.4424951
1785136096.4424951
1785136096.4424951
1785136096.4424951
1785136096.4424951
1785136096.4424951
1785136096.4424951
1785136096.4424951
1785136096.4424951
1785136096.4424951
1785136096.4424951
1785136096.4424951
1785136096.4424951
1785136096.4424951
1785136096.4424951
1785136096.4424951
1785136096.4424951
1785136096.4424951
1785136096.4424951
1785136096.4424951
1785136096.4424951
1785136096.4424951
1785136096.4424951
1785136096.4424951
1785136096.4424951
1785136096.4424951
1785136096.4424951
1785136096.4424951
1785136096.4424951
1785136096.4424951
1785136096.4424951
1785136096.4424951
1785136096.4424951
1785136096.4424951
1785136096.4424951
1785136096.4424951
1785136096.4424951
1785136096.4424951
1785136096.4424951
1785136096.4424951
1785136096.4424951
1785136096.4424951
1785136096.4424951
1785136096.4427171
1785136096.4427171
1785136096.4427171
1785136096.4427171
1785136096.4427171
1785136096.4427171
1785136096.4427171
1785136096.4427171
1785136096.4427171
1785136096.4427171
1785136096.4427171
1785136096.4427171
1785136096.4427171
1785136096.4427171
1785136096.4427171
1785136096.4427171
1785136096.4427171
1785136096.4427171
1785136096.4427171
1785136096.4427171
1785136096.4427171
1785136096.4427171
1785136096.4427171
1785136096.4427171
1785136096.4427171
1785136096.4427171
1785136096.4427171
1785136096.4427171
1785136096.4427171
1785136096.4427171
1785136096.4427171
1785136096.4427171
1785136096.4427171
1785136096.4427171
1785136096.4427171
1785136096.4427171
1785136096.4427171
1785136096.4427171
1785136096.4427171
1785136096.4427171
1785136096.4427171
1785136096.4427171
1785136096.4427171
1785136096.4427171
1785136096.4427171
1785136096.4427171
1785136096.4427171
1785136096.4427171
1785136096.4427171
1785136096.4427171
1785136096.4427171
1785136096.4427171
1785136096.4429400
1785136096.4429400
1785136096.4429400
1785136096.4429400
1785136096.4429400
1785136096.4429400
1785136096.4429400
1785136096.4429400
1785136096.4429400
1785136096.4429400
1785136096.4429400
1785136096.4429400
1785136096.4429400
1785136096.4429400
1785136096.4429400
1785136096.4429400
1785136096.4429400
1785136096.4429400
1785136096.4429400
1785136096.4429400
1785136096.4429400
1785136096.4429400
1785136096.4429400
1785136096.4429400
1785136096.4429400
1785136096.4429400
1785136096.4429400
1785136096.4429400
1785136096.4429400
1785136096.4429400
1785136096.4429400
1785136096.4429400
1785136096.4429400
1785136096.4429400
1785136096.4429400
1785136096.4429400
1785136096.4429400
1785136096.4429400
1785136096.4429400
1785136096.4429400
1785136096.4429400
1785136096.4429400
1785136096.4429400
1785136096.4429400
1785136096.4429400
1785136096.4429400
1785136096.4429400
1785136096.4429400
1785136096.4429400
1785136096.4429400
1785136096.4429400
1785136096.4431620
1785136096.4431620
1785136096.4431620
1785136096.4431620
1785136096.4431620
1785136096.4431620
1785136096.4431620
1785136096.4431620
1785136096.4431620
1785136096.4431620
1785136096.4431620
1785136096.4431620
1785136096.4431620
1785136096.4431620
1785136096.4431620
1785136096.4431620
1785136096.4431620
1785136096.4431620
1785136096.4431620
1785136096.4431620
1785136096.4431620
1785136096.4431620
1785136096.4431620
1785136096.4431620
1785136096.4431620
1785136096.4431620
1785136096.4431620
1785136096.4431620
1785136096.4431620
1785136096.4431620
1785136096.4431620
1785136096.4431620
1785136096.4431620
1785136096.4431620
1785136096.4431620
1785136096.4431620
1785136096.4431620
1785136096.4431620
1785136096.4431620
1785136096.4431620
1785136096.4431620
1785136096.4431620
1785136096.4431620
1785136096.4431620
1785136096.4431620
1785136096.4431620
1785136096.4431620
1785136096.4431620
1785136096.4431620
1785136096.4431620
1785136096.4431620
1785136096.4433839
1785136096.4433839
1785136096.4433839
1785136096.4433839
1785136096.4433839
1785136096.4433839
1785136096.4433839
1785136096.4433839
1785136096.4433839
1785136096.4433839
1785136096.4433839
1785136096.4433839
1785136096.4433839
1785136096.4433839
1785136096.4433839
1785136096.4433839
1785136096.4433839
1785136096.4433839
1785136096.4433839
1785136096.4433839
1785136096.4433839
1785136096.4433839
1785136096.4433839
1785136096.4433839
1785136096.4433839
1785136096.4433839
1785136096.4433839
1785136096.4433839
1785136096.4433839
1785136096.4433839
1785136096.4433839
1785136096.4433839
1785136096.4433839
1785136096.4433839
1785136096.4433839
1785136096.4433839
1785136096.4433839
1785136096.4433839
1785136096.4433839
1785136096.4433839
1785136096.4433839
1785136096.4433839
1785136096.4433839
1785136096.4433839
1785136096.4433839
1785136096.4433839
1785136096.4433839
1785136096.4433839
1785136096.4433839
1785136096.4433839
1785136096.4433839
1785136096.4436059
1785136096.4436059
1785136096.4436059
1785136096.4436059
1785136096.4436059
1785136096.4436059
1785136096.4436059
1785136096.4436059
1785136096.4436059
1785136096.4436059
1785136096.4436059
1785136096.4436059
1785136096.4436059
1785136096.4436059
1785136096.4436059
1785136096.4436059
1785136096.4436059
1785136096.4436059
1785136096.4436059
1785136096.4436059
1785136096.4436059
1785136096.4436059
1785136096.4436059
1785136096.4436059
1785136096.4436059
1785136096.4436059
1785136096.4436059
1785136096.4436059
1785136096.4436059
1785136096.4436059
1785136096.4436059
1785136096.4436059
1785136096.4436059
1785136096.4436059
1785136096.4436059
1785136096.4436059
1785136096.4436059
1785136096.4436059
1785136096.4436059
1785136096.4436059
1785136096.4436059
1785136096.4436059
1785136096.4436059
1785136096.4436059
1785136096.4436059
1785136096.4436059
1785136096.4436059
1785136096.4436059
1785136096.4436059
1785136096.4436059
1785136096.4436059
1785136096.4438281
1785136096.4438281
1785136096.4438281
1785136096.4438281
1785136096.4438281
1785136096.4438281
1785136096.4438281
1785136096.4438281
1785136096.4438281
1785136096.4438281
1785136096.4438281
1785136096.4438281
1785136096.4438281
1785136096.4438281
1785136096.4438281
1785136096.4438281
1785136096.4438281
1785136096.4438281
1785136096.4438281
1785136096.4438281
1785136096.4438281
1785136096.4438281
1785136096.4438281
1785136096.4438281
1785136096.4438281
1785136096.4438281
1785136096.4438281
1785136096.4438281
1785136096.4438281
1785136096.4438281
1785136096.4438281
1785136096.4438281
1785136096.4438281
1785136096.4438281
1785136096.4438281
1785136096.4438281
1785136096.4438281
1785136096.4438281
1785136096.4438281
1785136096.4438281
1785136096.4438281
1785136096.4438281
1785136096.4438281
1785136096.4438281
1785136096.4438281
1785136096.4438281
1785136096.4438281
1785136096.4438281
1785136096.4438281
1785136096.4438281
1785136096.4438281
1785136096.4440510
1785136096.4440510
1785136096.4440510
1785136096.4440510
1785136096.4440510
1785136096.4440510
1785136096.4440510
1785136096.4440510
1785136096.4440510
1785136096.4440510
1785136096.4440510
1785136096.4440510
1785136096.4440510
1785136096.4440510
1785136096.4440510
1785136096.4440510
1785136096.4440510
1785136096.4440510
1785136096.4440510
1785136096.4440510
1785136096.4440510
1785136096.4440510
1785136096.4440510
1785136096.4440510
1785136096.4440510
1785136096.4440510
1785136096.4440510
1785136096.4440510
1785136096.4440510
1785136096.4440510
1785136096.4440510
1785136096.4440510
1785136096.4440510
1785136096.4440510
1785136096.4440510
1785136096.4440510
1785136096.4440510
1785136096.4440510
1785136096.4440510
1785136096.4440510
1785136096.4440510
1785136096.4440510
1785136096.4440510
1785136096.4440510
1785136096.4440510
1785136096.4440510
1785136096.4440510
1785136096.4440510
1785136096.4440510
1785136096.4440510
1785136096.4440510
1785136096.4442730
1785136096.4442730
1785136096.4442730
1785136096.4442730
1785136096.4442730
1785136096.4442730
1785136096.4442730
1785136096.4442730
1785136096.4442730
1785136096.4442730
1785136096.4442730
1785136096.4442730
1785136096.4442730
1785136096.4442730
1785136096.4442730
1785136096.4442730
1785136096.4442730
1785136096.4442730
1785136096.4442730
1785136096.4442730
1785136096.4442730
1785136096.4442730
1785136096.4442730
1785136096.4442730
1785136096.4442730
1785136096.4442730
1785136096.4442730
1785136096.4442730
1785136096.4442730
1785136096.4442730
1785136096.4442730
1785136096.4442730
1785136096.4442730
1785136096.4442730
1785136096.4442730
1785136096.4442730
1785136096.4442730
1785136096.4442730
1785136096.4442730
1785136096.4442730
1785136096.4442730
1785136096.4442730
1785136096.4442730
1785136096.4442730
1785136096.4442730
1785136096.4442730
1785136096.4442730
1785136096.4442730
1785136096.4442730
1785136096.4442730
1785136096.4442730
1785136096.4444950
1785136096.4444950
1785136096.4444950
1785136096.4444950
1785136096.4444950
1785136096.4444950
1785136096.4444950
1785136096.4444950
1785136096.4444950
1785136096.4444950
1785136096.4444950
1785136096.4444950
1785136096.4444950
1785136096.4444950
1785136096.4444950
1785136096.4444950
1785136096.4444950
1785136096.4444950
1785136096.4444950
1785136096.4444950
1785136096.4444950
1785136096.4444950
1785136096.4444950
1785136096.4444950
1785136096.4444950
1785136096.4444950
1785136096.4444950
1785136096.4444950
1785136096.4444950
1785136096.4444950
1785136096.4444950
1785136096.4444950
1785136096.4444950
1785136096.4444950
1785136096.4444950
1785136096.4444950
1785136096.4444950
1785136096.4444950
1785136096.4444950
1785136096.4444950
1785136096.4444950
1785136096.4444950
1785136096.4444950
1785136096.4444950
1785136096.4444950
1785136096.4444950
1785136096.4444950
1785136096.4444950
1785136096.4444950
1785136096.4444950
1785136096.4444950
1785136096.4447169
1785136096.4447169
1785136096.4447169
1785136096.4447169
1785136096.4447169
1785136096.4447169
1785136096.4447169
1785136096.4447169
1785136096.4447169
1785136096.4447169
1785136096.4447169
1785136096.4447169
1785136096.4447169
1785136096.4447169
1785136096.4447169
1785136096.4447169
1785136096.4447169
1785136096.4447169
1785136096.4447169
1785136096.4447169
1785136096.4447169
1785136096.4447169
1785136096.4447169
1785136096.4447169
1785136096.4447169
1785136096.4447169
1785136096.4447169
1785136096.4447169
1785136096.4447169
1785136096.4447169
1785136096.4447169
1785136096.4447169
1785136096.4447169
1785136096.4447169
1785136096.4447169
1785136096.4447169
1785136096.4447169
1785136096.4447169
1785136096.4447169
1785136096.4447169
1785136096.4447169
1785136096.4447169
1785136096.4447169
1785136096.4447169
1785136096.4447169
1785136096.4447169
1785136096.4447169
1785136096.4447169
1785136096.4447169
1785136096.4447169
1785136096.4449401
1785136096.4449401
1785136096.4449401
1785136096.4449401
1785136096.4449401
1785136096.4449401
1785136096.4449401
1785136096.4449401
1785136096.4449401
1785136096.4449401
1785136096.4449401
1785136096.4449401
1785136096.4449401
1785136096.4449401
1785136096.4449401
1785136096.4449401
1785136096.4449401
1785136096.4449401
1785136096.4449401
1785136096.4449401
1785136096.4449401
1785136096.4449401
1785136096.4449401
1785136096.4449401
1785136096.4449401
1785136096.4449401
1785136096.4449401
1785136096.4449401
1785136096.4449401
1785136096.4449401
1785136096.4449401
1785136096.4449401
1785136096.4449401
1785136096.4449401
1785136096.4449401
1785136096.4449401
1785136096.4449401
1785136096.4449401
1785136096.4449401
1785136096.4449401
1785136096.4449401
1785136096.4449401
1785136096.4449401
1785136096.4449401
1785136096.4449401
1785136096.4449401
1785136096.4449401
1785136096.4449401
1785136096.4449401
1785136096.4449401
1785136096.4451621
1785136096.4451621
1785136096.4451621
1785136096.4451621
1785136096.4451621
1785136096.4451621
1785136096.4451621
1785136096.4451621
1785136096.4451621
1785136096.4451621
1785136096.4451621
1785136096.4451621
1785136096.4451621
1785136096.4451621
1785136096.4451621
1785136096.4451621
1785136096.4451621
1785136096.4451621
1785136096.4451621
1785136096.4451621
1785136096.4451621
1785136096.4451621
1785136096.4451621
1785136096.4451621
1785136096.4451621
1785136096.4451621
1785136096.4451621
1785136096.4451621
1785136096.4451621
1785136096.4451621
1785136096.4451621
1785136096.4451621
1785136096.4451621
1785136096.4451621
1785136096.4451621
1785136096.4451621
1785136096.4451621
1785136096.4451621
1785136096.4451621
1785136096.4451621
1785136096.4451621
1785136096.4451621
1785136096.4451621
1785136096.4451621
1785136096.4451621
1785136096.4451621
1785136096.4451621
1785136096.4451621
1785136096.4451621
1785136096.4451621
1785136096.4453840
1785136096.4453840
1785136096.4453840
1785136096.4453840
1785136096.4453840
1785136096.4453840
1785136096.4453840
1785136096.4453840
1785136096.4453840
1785136096.4453840
1785136096.4453840
1785136096.4453840
1785136096.4453840
1785136096.4453840
1785136096.4453840
1785136096.4453840
1785136096.4453840
1785136096.4453840
1785136096.4453840
1785136096.4453840
1785136096.4453840
1785136096.4453840
1785136096.4453840
1785136096.4453840
1785136096.4453840
1785136096.4453840
1785136096.4453840
1785136096.4453840
1785136096.4453840
1785136096.4453840
1785136096.4453840
1785136096.4453840
1785136096.4453840
1785136096.4453840
1785136096.4453840
1785136096.4453840
1785136096.4453840
1785136096.4453840
1785136096.4453840
1785136096.4453840
1785136096.4453840
1785136096.4453840
1785136096.4453840
1785136096.4453840
1785136096.4453840
1785136096.4453840
1785136096.4453840
1785136096.4453840
1785136096.4453840
1785136096.4453840
1785136096.4456060
1785136096.4456060
1785136096.4456060
1785136096.4456060
1785136096.4456060
1785136096.4456060
1785136096.4456060
1785136096.4456060
1785136096.4456060
1785136096.4456060
1785136096.4456060
1785136096.4456060
1785136096.4456060
1785136096.4456060
1785136096.4456060
1785136096.4456060
1785136096.4456060
1785136096.4456060
1785136096.4456060
1785136096.4456060
1785136096.4456060
1785136096.4456060
1785136096.4456060
1785136096.4456060
1785136096.4456060
1785136096.4456060
1785136096.4456060
1785136096.4456060
1785136096.4456060
1785136096.4456060
1785136096.4456060
1785136096.4456060
1785136096.4456060
1785136096.4456060
1785136096.4456060
1785136096.4456060
1785136096.4456060
1785136096.4456060
1785136096.4456060
1785136096.4456060
1785136096.4456060
1785136096.4456060
1785136096.4456060
1785136096.4456060
1785136096.4456060
1785136096.4456060
1785136096.4456060
1785136096.4456060
1785136096.4456060
1785136096.4456060
1785136096.4458280
1785136096.4458280
1785136096.4458280
1785136096.4458280
1785136096.4458280
1785136096.4458280
1785136096.4458280
1785136096.4458280
1785136096.4458280
1785136096.4458280
1785136096.4458280
1785136096.4458280
1785136096.4458280
1785136096.4458280
1785136096.4458280
1785136096.4458280
1785136096.4458280
1785136096.4458280
1785136096.4458280
1785136096.4458280
1785136096.4458280
1785136096.4458280
1785136096.4458280
1785136096.4458280
1785136096.4458280
1785136096.4458280
1785136096.4458280
1785136096.4458280
1785136096.4458280
1785136096.4458280
1785136096.4458280
1785136096.4458280
1785136096.4458280
1785136096.4458280
1785136096.4458280
1785136096.4458280
1785136096.4458280
1785136096.4458280
1785136096.4458280
1785136096.4458280
1785136096.4458280
1785136096.4458280
1785136096.4458280
1785136096.4458280
1785136096.4458280
1785136096.4458280
1785136096.4458280
1785136096.4458280
1785136096.4458280
1785136096.4458280
1785136096.4460509
1785136096.4460509
1785136096.4460509
1785136096.4460509
1785136096.4460509
1785136096.4460509
1785136096.4460509
1785136096.4460509
1785136096.4460509
1785136096.4460509
1785136096.4460509
1785136096.4460509
1785136096.4460509
1785136096.4460509
1785136096.4460509
1785136096.4460509
1785136096.4460509
1785136096.4460509
1785136096.4460509
1785136096.4460509
1785136096.4460509
1785136096.4460509
1785136096.4460509
1785136096.4460509
1785136096.4460509
1785136096.4460509
1785136096.4460509
1785136096.4460509
1785136096.4460509
1785136096.4460509
1785136096.4460509
1785136096.4460509
1785136096.4460509
1785136096.4460509
1785136096.4460509
1785136096.4460509
1785136096.4460509
1785136096.4460509
1785136096.4460509
1785136096.4460509
1785136096.4460509
1785136096.4460509
1785136096.4460509
1785136096.4460509
1785136096.4460509
1785136096.4460509
1785136096.4460509
1785136096.4460509
1785136096.4460509
1785136096.4460509
1785136096.4462731
1785136096.4462731
1785136096.4462731
1785136096.4462731
1785136096.4462731
1785136096.4462731
1785136096.4462731
1785136096.4462731
1785136096.4462731
1785136096.4462731
1785136096.4462731
1785136096.4462731
1785136096.4462731
1785136096.4462731
1785136096.4462731
1785136096.4462731
1785136096.4462731
1785136096.4462731
1785136096.4462731
1785136096.4462731
1785136096.4462731
1785136096.4462731
1785136096.4462731
1785136096.4462731
1785136096.4462731
1785136096.4462731
1785136096.4462731
1785136096.4462731
1785136096.4462731
1785136096.4462731
1785136096.4462731
1785136096.4462731
1785136096.4462731
1785136096.4462731
1785136096.4462731
1785136096.4462731
1785136096.4462731
1785136096.4462731
1785136096.4462731
1785136096.4462731
1785136096.4462731
1785136096.4462731
1785136096.4462731
1785136096.4462731
1785136096.4462731
1785136096.4462731
1785136096.4462731
1785136096.4462731
1785136096.4462731
1785136096.4462731
1785136096.4464951
1785136096.4464951
1785136096.4464951
1785136096.4464951
1785136096.4464951
1785136096.4464951
1785136096.4464951
1785136096.4464951
1785136096.4464951
1785136096.4464951
1785136096.4464951
1785136096.4464951
1785136096.4464951
1785136096.4464951
1785136096.4464951
1785136096.4464951
1785136096.4464951
1785136096.4464951
1785136096.4464951
1785136096.4464951
1785136096.4464951
1785136096.4464951
1785136096.4464951
1785136096.4464951
1785136096.4464951
1785136096.4464951
1785136096.4464951
1785136096.4464951
1785136096.4464951
1785136096.4464951
1785136096.4464951
1785136096.4464951
1785136096.4464951
1785136096.4464951
1785136096.4464951
1785136096.4464951
1785136096.4464951
1785136096.4464951
1785136096.4464951
1785136096.4464951
1785136096.4464951
1785136096.4464951
1785136096.4464951
1785136096.4464951
1785136096.4464951
1785136096.4464951
1785136096.4464951
1785136096.4464951
1785136096.4464951
1785136096.4467170
1785136096.4467170
1785136096.4467170
1785136096.4467170
1785136096.4467170
1785136096.4467170
1785136096.4467170
1785136096.4467170
1785136096.4467170
1785136096.4467170
1785136096.4467170
1785136096.4467170
1785136096.4467170
1785136096.4467170
1785136096.4467170
1785136096.4467170
1785136096.4467170
1785136096.4467170
1785136096.4467170
1785136096.4467170
1785136096.4467170
1785136096.4467170
1785136096.4467170
1785136096.4467170
1785136096.4467170
1785136096.4467170
1785136096.4467170
1785136096.4467170
1785136096.4467170
1785136096.4467170
1785136096.4467170
1785136096.4467170
1785136096.4467170
1785136096.4467170
1785136096.4467170
1785136096.4467170
1785136096.4467170
1785136096.4467170
1785136096.4467170
1785136096.4467170
1785136096.4467170
1785136096.4467170
1785136096.4467170
1785136096.4467170
1785136096.4467170
1785136096.4467170
1785136096.4467170
1785136096.4467170
1785136096.4467170
1785136096.4469390
1785136096.4469390
1785136096.4469390
1785136096.4469390
1785136096.4469390
1785136096.4469390
1785136096.4469390
1785136096.4469390
1785136096.4469390
1785136096.4469390
1785136096.4469390
1785136096.4469390
1785136096.4469390
1785136096.4469390
1785136096.4469390
1785136096.4469390
1785136096.4469390
1785136096.4469390
1785136096.4469390
1785136096.4469390
1785136096.4469390
1785136096.4469390
1785136096.4469390
1785136096.4469390
1785136096.4469390
1785136096.4469390
1785136096.4469390
1785136096.4469390
1785136096.4469390
1785136096.4469390
1785136096.4469390
1785136096.4469390
1785136096.4469390
1785136096.4469390
1785136096.4469390
1785136096.4469390
1785136096.4469390
1785136096.4469390
1785136096.4469390
1785136096.4469390
1785136096.4469390
1785136096.4469390
1785136096.4469390
1785136096.4469390
1785136096.4469390
1785136096.4469390
1785136096.4469390
1785136096.4469390
1785136096.4469390
1785136096.4471610
1785136096.4471610
1785136096.4471610
1785136096.4471610
1785136096.4471610
1785136096.4471610
1785136096.4471610
1785136096.4471610
1785136096.4471610
1785136096.4471610
1785136096.4471610
1785136096.4471610
1785136096.4471610
1785136096.4471610
1785136096.4471610
1785136096.4471610
1785136096.4471610
1785136096.4471610
1785136096.4471610
1785136096.4471610
1785136096.4471610
1785136096.4471610
1785136096.4471610
1785136096.4471610
1785136096.4471610
1785136096.4471610
1785136096.4471610
1785136096.4471610
1785136096.4471610
1785136096.4471610
1785136096.4471610
1785136096.4471610
1785136096.4471610
1785136096.4471610
1785136096.4471610
1785136096.4471610
1785136096.4471610
1785136096.4471610
1785136096.4471610
1785136096.4471610
1785136096.4471610
1785136096.4471610
1785136096.4471610
1785136096.4471610
1785136096.4471610
1785136096.4471610
1785136096.4471610
1785136096.4471610
1785136096.4471610
1785136096.4473841
1785136096.4473841
1785136096.4473841
1785136096.4473841
1785136096.4473841
1785136096.4473841
1785136096.4473841
1785136096.4473841
1785136096.4473841
1785136096.4473841
1785136096.4473841
1785136096.4473841
1785136096.4473841
1785136096.4473841
1785136096.4473841
1785136096.4473841
1785136096.4473841
1785136096.4473841
1785136096.4473841
1785136096.4473841
1785136096.4473841
1785136096.4473841
1785136096.4473841
1785136096.4473841
1785136096.4473841
1785136096.4473841
1785136096.4473841
1785136096.4473841
1785136096.4473841
1785136096.4473841
1785136096.4473841
1785136096.4473841
1785136096.4473841
1785136096.4473841
1785136096.4473841
1785136096.4473841
1785136096.4473841
1785136096.4473841
1785136096.4473841
1785136096.4473841
1785136096.4473841
1785136096.4473841
1785136096.4473841
1785136096.4473841
1785136096.4473841
1785136096.4473841
1785136096.4473841
1785136096.4473841
1785136096.4473841
1785136096.4476061
1785136096.4476061
1785136096.4476061
1785136096.4476061
1785136096.4476061
1785136096.4476061
1785136096.4476061
1785136096.4476061
1785136096.4476061
1785136096.4476061
1785136096.4476061
1785136096.4476061
1785136096.4476061
1785136096.4476061
1785136096.4476061
1785136096.4476061
1785136096.4476061
1785136096.4476061
1785136096.4476061
1785136096.4476061
1785136096.4476061
1785136096.4476061
1785136096.4476061
1785136096.4476061
1785136096.4476061
1785136096.4476061
1785136096.4476061
1785136096.4476061
1785136096.4476061
1785136096.4476061
1785136096.4476061
1785136096.4476061
1785136096.4476061
1785136096.4476061
1785136096.4476061
1785136096.4476061
1785136096.4476061
1785136096.4476061
1785136096.4476061
1785136096.4476061
1785136096.4476061
1785136096.4476061
1785136096.4476061
1785136096.4476061
1785136096.4476061
1785136096.4476061
1785136096.4476061
1785136096.4476061
1785136096.4476061
1785136096.4478281
1785136096.4478281
1785136096.4478281
1785136096.4478281
1785136096.4478281
1785136096.4478281
1785136096.4478281
1785136096.4478281
1785136096.4478281
1785136096.4478281
1785136096.4478281
1785136096.4478281
1785136096.4478281
1785136096.4478281
1785136096.4478281
1785136096.4478281
1785136096.4478281
1785136096.4478281
1785136096.4478281
1785136096.4478281
1785136096.4478281
1785136096.4478281
1785136096.4478281
1785136096.4478281
1785136096.4478281
1785136096.4478281
1785136096.4478281
1785136096.4478281
1785136096.4478281
1785136096.4478281
1785136096.4478281
1785136096.4478281
1785136096.4478281
1785136096.4478281
1785136096.4478281
1785136096.4478281
1785136096.4478281
1785136096.4478281
1785136096.4478281
1785136096.4478281
1785136096.4478281
1785136096.4478281
1785136096.4478281
1785136096.4478281
1785136096.4478281
1785136096.4478281
1785136096.4478281
1785136096.4478281
1785136096.4478281
1785136096.4480500
1785136096.4480500
1785136096.4480500
1785136096.4480500
1785136096.4480500
1785136096.4480500
1785136096.4480500
1785136096.4480500
1785136096.4480500
1785136096.4480500
1785136096.4480500
1785136096.4480500
1785136096.4480500
1785136096.4480500
1785136096.4480500
1785136096.4480500
1785136096.4480500
1785136096.4480500
1785136096.4480500
1785136096.4480500
1785136096.4480500
1785136096.4480500
1785136096.4480500
1785136096.4480500
1785136096.4480500
1785136096.4480500
1785136096.4480500
1785136096.4480500
1785136096.4480500
1785136096.4480500
1785136096.4480500
1785136096.4480500
1785136096.4480500
1785136096.4480500
1785136096.4480500
1785136096.4480500
1785136096.4480500
1785136096.4480500
1785136096.4480500
1785136096.4480500
1785136096.4480500
1785136096.4480500
1785136096.4480500
1785136096.4480500
1785136096.4480500
1785136096.4480500
1785136096.4480500
1785136096.4482729
1785136096.4482729
1785136096.4482729
1785136096.4482729
1785136096.4482729
1785136096.4482729
1785136096.4482729
1785136096.4482729
1785136096.4482729
1785136096.4482729
1785136096.4482729
1785136096.4482729
1785136096.4482729
1785136096.4482729
1785136096.4482729
1785136096.4482729
1785136096.4482729
1785136096.4482729
1785136096.4482729
1785136096.4482729
1785136096.4482729
1785136096.4482729
1785136096.4482729
1785136096.4482729
1785136096.4482729
1785136096.4482729
1785136096.4482729
1785136096.4482729
1785136096.4482729
1785136096.4482729
1785136096.4482729
1785136096.4482729
1785136096.4482729
1785136096.4482729
1785136096.4482729
1785136096.4482729
1785136096.4482729
1785136096.4482729
1785136096.4482729
1785136096.4482729
1785136096.4482729
1785136096.4482729
1785136096.4482729
1785136096.4482729
1785136096.4482729
1785136096.4482729
1785136096.4482729
1785136096.4482729
1785136096.4484949
1785136096.4484949
1785136096.4484949
1785136096.4484949
1785136096.4484949
1785136096.4484949
1785136096.4484949
1785136096.4484949
1785136096.4484949
1785136096.4484949
1785136096.4484949
1785136096.4484949
1785136096.4484949
1785136096.4484949
1785136096.4484949
1785136096.4484949
1785136096.4484949
1785136096.4484949
1785136096.4484949
1785136096.4484949
1785136096.4484949
1785136096.4484949
1785136096.4484949
1785136096.4484949
1785136096.4484949
1785136096.4484949
1785136096.4484949
1785136096.4484949
1785136096.4484949
1785136096.4484949
1785136096.4484949
1785136096.4484949
1785136096.4484949
1785136096.4484949
1785136096.4484949
1785136096.4484949
1785136096.4484949
1785136096.4484949
1785136096.4484949
1785136096.4484949
1785136096.4484949
1785136096.4484949
1785136096.4484949
1785136096.4484949
1785136096.4484949
1785136096.4484949
1785136096.4484949
1785136096.4484949
1785136096.4487171
1785136096.4487171
1785136096.4487171
1785136096.4487171
1785136096.4487171
1785136096.4487171
1785136096.4487171
1785136096.4487171
1785136096.4487171
1785136096.4487171
1785136096.4487171
1785136096.4487171
1785136096.4487171
1785136096.4487171
1785136096.4487171
1785136096.4487171
1785136096.4487171
1785136096.4487171
1785136096.4487171
1785136096.4487171
1785136096.4487171
1785136096.4487171
1785136096.4487171
1785136096.4487171
1785136096.4487171
1785136096.4487171
1785136096.4487171
1785136096.4487171
1785136096.4487171
1785136096.4487171
1785136096.4487171
1785136096.4487171
1785136096.4487171
1785136096.4487171
1785136096.4487171
1785136096.4487171
1785136096.4487171
1785136096.4487171
1785136096.4487171
1785136096.4487171
1785136096.4487171
1785136096.4487171
1785136096.4487171
1785136096.4487171
1785136096.4487171
1785136096.4487171
1785136096.4487171
1785136096.4487171
1785136096.4489391
1785136096.4489391
1785136096.4489391
1785136096.4489391
1785136096.4489391
1785136096.4489391
1785136096.4489391
1785136096.4489391
1785136096.4489391
1785136096.4489391
1785136096.4489391
1785136096.4489391
1785136096.4489391
1785136096.4489391
1785136096.4489391
1785136096.4489391
1785136096.4489391
1785136096.4489391
1785136096.4489391
1785136096.4489391
1785136096.4489391
1785136096.4489391
1785136096.4489391
1785136096.4489391
1785136096.4489391
1785136096.4489391
1785136096.4489391
1785136096.4489391
1785136096.4489391
1785136096.4489391
1785136096.4489391
1785136096.4489391
1785136096.4489391
1785136096.4489391
1785136096.4489391
1785136096.4489391
1785136096.4489391
1785136096.4489391
1785136096.4489391
1785136096.4489391
1785136096.4489391
1785136096.4489391
1785136096.4489391
1785136096.4489391
1785136096.4489391
1785136096.4489391
1785136096.4489391
1785136096.4489391
1785136096.4491611
1785136096.4491611
1785136096.4491611
1785136096.4491611
1785136096.4491611
1785136096.4491611
1785136096.4491611
1785136096.4491611
1785136096.4491611
1785136096.4491611
1785136096.4491611
1785136096.4491611
1785136096.4491611
1785136096.4491611
1785136096.4491611
1785136096.4491611
1785136096.4491611
1785136096.4491611
1785136096.4491611
1785136096.4491611
1785136096.4491611
1785136096.4491611
1785136096.4491611
1785136096.4491611
1785136096.4491611
1785136096.4491611
1785136096.4491611
1785136096.4491611
1785136096.4491611
1785136096.4491611
1785136096.4491611
1785136096.4491611
1785136096.4491611
1785136096.4491611
1785136096.4491611
1785136096.4491611
1785136096.4491611
1785136096.4491611
1785136096.4491611
1785136096.4491611
1785136096.4491611
1785136096.4491611
1785136096.4491611
1785136096.4491611
1785136096.4491611
1785136096.4491611
1785136096.4491611
1785136096.4491611
1785136096.4493830
1785136096.4493830
1785136096.4493830
1785136096.4493830
1785136096.4493830
1785136096.4493830
1785136096.4493830
1785136096.4493830
1785136096.4493830
1785136096.4493830
1785136096.4493830
1785136096.4493830
1785136096.4493830
1785136096.4493830
1785136096.4493830
1785136096.4493830
1785136096.4493830
1785136096.4493830
1785136096.4493830
1785136096.4493830
1785136096.4493830
1785136096.4493830
1785136096.4493830
1785136096.4493830
1785136096.4493830
1785136096.4493830
1785136096.4493830
1785136096.4493830
1785136096.4493830
1785136096.4493830
1785136096.4493830
1785136096.4493830
1785136096.4493830
1785136096.4493830
1785136096.4493830
1785136096.4493830
1785136096.4493830
1785136096.4493830
1785136096.4493830
1785136096.4493830
1785136096.4493830
1785136096.4493830
1785136096.4493830
1785136096.4493830
1785136096.4493830
1785136096.4493830
1785136096.4493830
1785136096.4493830
1785136096.4496059
1785136096.4496059
1785136096.4496059
1785136096.4496059
1785136096.4496059
1785136096.4496059
1785136096.4496059
1785136096.4496059
1785136096.4496059
1785136096.4496059
1785136096.4496059
1785136096.4496059
1785136096.4496059
1785136096.4496059
1785136096.4496059
1785136096.4496059
1785136096.4496059
1785136096.4496059
1785136096.4496059
1785136096.4496059
1785136096.4496059
1785136096.4496059
1785136096.4496059
1785136096.4496059
1785136096.4496059
1785136096.4496059
1785136096.4496059
1785136096.4496059
1785136096.4496059
1785136096.4496059
1785136096.4496059
1785136096.4496059
1785136096.4496059
1785136096.4496059
1785136096.4496059
1785136096.4496059
1785136096.4496059
1785136096.4496059
1785136096.4496059
1785136096.4496059
1785136096.4496059
1785136096.4496059
1785136096.4496059
1785136096.4496059
1785136096.4496059
1785136096.4496059
1785136096.4496059
1785136096.4496059
1785136096.4496059
1785136096.4498279
1785136096.4498279
1785136096.4498279
1785136096.4498279
1785136096.4498279
1785136096.4498279
1785136096.4498279
1785136096.4498279
1785136096.4498279
1785136096.4498279
1785136096.4498279
1785136096.4498279
1785136096.4498279
1785136096.4498279
1785136096.4498279
1785136096.4498279
1785136096.4498279
1785136096.4498279
1785136096.4498279
1785136096.4498279
1785136096.4498279
1785136096.4498279
1785136096.4498279
1785136096.4498279
1785136096.4498279
1785136096.4498279
1785136096.4498279
1785136096.4498279
1785136096.4498279
1785136096.4498279
1785136096.4498279
1785136096.4498279
1785136096.4498279
1785136096.4498279
1785136096.4498279
1785136096.4498279
1785136096.4498279
1785136096.4498279
1785136096.4498279
1785136096.4498279
1785136096.4498279
1785136096.4498279
1785136096.4498279
1785136096.4498279
1785136096.4498279
1785136096.4498279
1785136096.4498279
1785136096.4498279
1785136096.4498279
1785136096.4498279
1785136096.4500501
1785136096.4500501
1785136096.4500501
1785136096.4500501
1785136096.4500501
1785136096.4500501
1785136096.4500501
1785136096.4500501
1785136096.4500501
1785136096.4500501
1785136096.4500501
1785136096.4500501
1785136096.4500501
1785136096.4500501
1785136096.4500501
1785136096.4500501
1785136096.4500501
1785136096.4500501
1785136096.4500501
1785136096.4500501
1785136096.4500501
1785136096.4500501
1785136096.4500501
1785136096.4500501
1785136096.4500501
1785136096.4500501
1785136096.4500501
1785136096.4500501
1785136096.4500501
1785136096.4500501
1785136096.4500501
1785136096.4500501
1785136096.4500501
1785136096.4500501
1785136096.4500501
1785136096.4500501
1785136096.4500501
1785136096.4500501
1785136096.4500501
1785136096.4500501
1785136096.4500501
1785136096.4500501
1785136096.4500501
1785136096.4500501
1785136096.4500501
1785136096.4500501
1785136096.4500501
1785136096.4500501
1785136096.4500501
1785136096.4500501
1785136096.4502721
1785136096.4502721
1785136096.4502721
1785136096.4502721
1785136096.4502721
1785136096.4502721
1785136096.4502721
1785136096.4502721
1785136096.4502721
1785136096.4502721
1785136096.4502721
1785136096.4502721
1785136096.4502721
1785136096.4502721
1785136096.4502721
1785136096.4502721
1785136096.4502721
1785136096.4502721
1785136096.4502721
1785136096.4502721
1785136096.4502721
1785136096.4502721
1785136096.4502721
1785136096.4502721
1785136096.4502721
1785136096.4502721
1785136096.4502721
1785136096.4502721
1785136096.4502721
1785136096.4502721
1785136096.4502721
1785136096.4502721
1785136096.4502721
1785136096.4502721
1785136096.4502721
1785136096.4502721
1785136096.4502721
1785136096.4502721
1785136096.4502721
1785136096.4502721
1785136096.4502721
1785136096.4502721
1785136096.4502721
1785136096.4502721
1785136096.4502721
1785136096.4502721
1785136096.4502721
1785136096.4502721
1785136096.4502721
1785136096.4502721
1785136096.4504950
1785136096.4504950
1785136096.4504950
1785136096.4504950
1785136096.4504950
1785136096.4504950
1785136096.4504950
1785136096.4504950
1785136096.4504950
1785136096.4504950
1785136096.4504950
1785136096.4504950
1785136096.4504950
1785136096.4504950
1785136096.4504950
1785136096.4504950
1785136096.4504950
1785136096.4504950
1785136096.4504950
1785136096.4504950
1785136096.4504950
1785136096.4504950
1785136096.4504950
1785136096.4504950
1785136096.4504950
1785136096.4504950
1785136096.4504950
1785136096.4504950
1785136096.4504950
1785136096.4504950
1785136096.4504950
1785136096.4504950
1785136096.4504950
1785136096.4504950
1785136096.4504950
1785136096.4504950
1785136096.4504950
1785136096.4504950
1785136096.4504950
1785136096.4504950
1785136096.4504950
1785136096.4504950
1785136096.4504950
1785136096.4504950
1785136096.4504950
1785136096.4507170
1785136096.4507170
1785136096.4507170
1785136096.4507170
1785136096.4507170
1785136096.4507170
1785136096.4507170
1785136096.4507170
1785136096.4507170
1785136096.4507170
1785136096.4507170
1785136096.4507170
1785136096.4507170
1785136096.4507170
1785136096.4507170
1785136096.4507170
1785136096.4507170
1785136096.4507170
1785136096.4507170
1785136096.4507170
1785136096.4507170
1785136096.4507170
1785136096.4507170
1785136096.4507170
1785136096.4507170
1785136096.4507170
1785136096.4507170
1785136096.4507170
1785136096.4507170
1785136096.4507170
1785136096.4507170
1785136096.4507170
1785136096.4507170
1785136096.4507170
1785136096.4507170
1785136096.4507170
1785136096.4507170
1785136096.4507170
1785136096.4507170
1785136096.4507170
1785136096.4507170
1785136096.4507170
1785136096.4509389
1785136096.4509389
1785136096.4509389
1785136096.4509389
1785136096.4509389
1785136096.4509389
1785136096.4509389
1785136096.4509389
1785136096.4509389
1785136096.4509389
1785136096.4509389
1785136096.4509389
1785136096.4509389
1785136096.4509389
1785136096.4509389
1785136096.4509389
1785136096.4509389
1785136096.4509389
1785136096.4509389
1785136096.4509389
1785136096.4509389
1785136096.4509389
1785136096.4509389
1785136096.4509389
1785136096.4509389
1785136096.4509389
1785136096.4509389
1785136096.4509389
1785136096.4509389
1785136096.4509389
1785136096.4509389
1785136096.4509389
1785136096.4509389
1785136096.4509389
1785136096.4509389
1785136096.4509389
1785136096.4509389
1785136096.4509389
1785136096.4509389
1785136096.4509389
1785136096.4509389
1785136096.4509389
1785136096.4511609
1785136096.4511609
1785136096.4511609
1785136096.4511609
1785136096.4511609
1785136096.4511609
1785136096.4511609
1785136096.4511609
1785136096.4511609
1785136096.4511609
1785136096.4511609
1785136096.4511609
1785136096.4511609
1785136096.4511609
1785136096.4511609
1785136096.4511609
1785136096.4511609
1785136096.4511609
1785136096.4511609
1785136096.4511609
1785136096.4511609
1785136096.4511609
1785136096.4511609
1785136096.4511609
1785136096.4511609
1785136096.4511609
1785136096.4511609
1785136096.4511609
1785136096.4511609
1785136096.4511609
1785136096.4511609
1785136096.4511609
1785136096.4511609
1785136096.4511609
1785136096.4511609
1785136096.4511609
1785136096.4511609
1785136096.4511609
1785136096.4511609
1785136096.4511609
1785136096.4511609
1785136096.4511609
1785136096.4511609
1785136096.4513831
1785136096.4513831
1785136096.4513831
1785136096.4513831
1785136096.4513831
1785136096.4513831
1785136096.4513831
1785136096.4513831
1785136096.4513831
1785136096.4513831
1785136096.4513831
1785136096.4513831
1785136096.4513831
1785136096.4513831
1785136096.4513831
1785136096.4513831
1785136096.4513831
1785136096.4513831
1785136096.4513831
1785136096.4513831
1785136096.4513831
1785136096.4513831
1785136096.4513831
1785136096.4513831
1785136096.4513831
1785136096.4513831
1785136096.4513831
1785136096.4513831
1785136096.4513831
1785136096.4513831
1785136096.4513831
1785136096.4513831
1785136096.4513831
1785136096.4513831
1785136096.4513831
1785136096.4513831
1785136096.4513831
1785136096.4513831
1785136096.4513831
1785136096.4513831
1785136096.4513831
1785136096.4513831
1785136096.4516060
1785136096.4516060
1785136096.4516060
1785136096.4516060
1785136096.4516060
1785136096.4516060
1785136096.4516060
1785136096.4516060
1785136096.4516060
1785136096.4516060
1785136096.4516060
1785136096.4516060
1785136096.4516060
1785136096.4516060
1785136096.4516060
1785136096.4516060
1785136096.4516060
1785136096.4516060
1785136096.4516060
1785136096.4516060
1785136096.4516060
1785136096.4516060
1785136096.4516060
1785136096.4516060
1785136096.4516060
1785136096.4516060
1785136096.4516060
1785136096.4516060
1785136096.4516060
1785136096.4516060
1785136096.4516060
1785136096.4516060
1785136096.4516060
1785136096.4516060
1785136096.4516060
1785136096.4516060
1785136096.4516060
1785136096.4516060
1785136096.4516060
1785136096.4516060
1785136096.4516060
1785136096.4516060
1785136096.4516060
1785136096.4516060
1785136096.4516060
1785136096.4516060
1785136096.4518280
1785136096.4518280
1785136096.4518280
1785136096.4518280
1785136096.4518280
1785136096.4518280
1785136096.4518280
1785136096.4518280
1785136096.4518280
1785136096.4518280
1785136096.4518280
1785136096.4518280
1785136096.4518280
1785136096.4518280
1785136096.4518280
1785136096.4518280
1785136096.4518280
1785136096.4518280
1785136096.4518280
1785136096.4518280
1785136096.4518280
1785136096.4518280
1785136096.4518280
1785136096.4518280
1785136096.4518280
1785136096.4518280
1785136096.4518280
1785136096.4518280
1785136096.4518280
1785136096.4518280
1785136096.4518280
1785136096.4518280
1785136096.4518280
1785136096.4518280
1785136096.4518280
1785136096.4518280
1785136096.4518280
1785136096.4518280
1785136096.4518280
1785136096.4518280
1785136096.4518280
1785136096.4518280
1785136096.4518280
1785136096.4518280
1785136096.4518280
1785136096.4520500
1785136096.4520500
1785136096.4520500
1785136096.4520500
1785136096.4520500
1785136096.4520500
1785136096.4520500
1785136096.4520500
1785136096.4520500
1785136096.4520500
1785136096.4520500
1785136096.4520500
1785136096.4520500
1785136096.4520500
1785136096.4520500
1785136096.4520500
1785136096.4520500
1785136096.4520500
1785136096.4520500
1785136096.4520500
1785136096.4520500
1785136096.4520500
1785136096.4520500
1785136096.4520500
1785136096.4520500
1785136096.4520500
1785136096.4520500
1785136096.4520500
1785136096.4520500
1785136096.4520500
1785136096.4520500
1785136096.4520500
1785136096.4520500
1785136096.4520500
1785136096.4520500
1785136096.4520500
1785136096.4520500
1785136096.4520500
1785136096.4520500
1785136096.4520500
1785136096.4520500
1785136096.4520500
1785136096.4520500
1785136096.4520500
1785136096.4520500
1785136096.4522719
1785136096.4522719
1785136096.4522719
1785136096.4522719
1785136096.4522719
1785136096.4522719
1785136096.4522719
1785136096.4522719
1785136096.4522719
1785136096.4522719
1785136096.4522719
1785136096.4522719
1785136096.4522719
1785136096.4522719
1785136096.4522719
1785136096.4522719
1785136096.4522719
1785136096.4522719
1785136096.4522719
1785136096.4522719
1785136096.4522719
1785136096.4522719
1785136096.4522719
1785136096.4522719
1785136096.4522719
1785136096.4522719
1785136096.4522719
1785136096.4522719
1785136096.4522719
1785136096.4522719
1785136096.4522719
1785136096.4522719
1785136096.4522719
1785136096.4522719
1785136096.4522719
1785136096.4522719
1785136096.4522719
1785136096.4522719
1785136096.4522719
1785136096.4522719
1785136096.4522719
1785136096.4522719
1785136096.4522719
1785136096.4522719
1785136096.4522719
1785136096.4524939
1785136096.4524939
1785136096.4524939
1785136096.4524939
1785136096.4524939
1785136096.4524939
1785136096.4524939
1785136096.4524939
1785136096.4524939
1785136096.4524939
1785136096.4524939
1785136096.4524939
1785136096.4524939
1785136096.4524939
1785136096.4524939
1785136096.4524939
1785136096.4524939
1785136096.4524939
1785136096.4524939
1785136096.4524939
1785136096.4524939
1785136096.4524939
1785136096.4524939
1785136096.4524939
1785136096.4524939
1785136096.4524939
1785136096.4524939
1785136096.4524939
1785136096.4524939
1785136096.4524939
1785136096.4524939
1785136096.4524939
1785136096.4524939
1785136096.4524939
1785136096.4524939
1785136096.4524939
1785136096.4524939
1785136096.4524939
1785136096.4524939
1785136096.4524939
1785136096.4524939
1785136096.4524939
1785136096.4524939
1785136096.4524939
1785136096.4524939
1785136096.4524939
1785136096.4524939
1785136096.4524939
1785136096.4524939
1785136096.4524939
1785136096.4527171
1785136096.4527171
1785136096.4527171
1785136096.4527171
1785136096.4527171
1785136096.4527171
1785136096.4527171
1785136096.4527171
1785136096.4527171
1785136096.4527171
1785136096.4527171
1785136096.4527171
1785136096.4527171
1785136096.4527171
1785136096.4527171
1785136096.4527171
1785136096.4527171
1785136096.4527171
1785136096.4527171
1785136096.4527171
1785136096.4527171
1785136096.4527171
1785136096.4527171
1785136096.4527171
1785136096.4527171
1785136096.4527171
1785136096.4527171
1785136096.4527171
1785136096.4527171
1785136096.4527171
1785136096.4527171
1785136096.4527171
1785136096.4527171
1785136096.4527171
1785136096.4527171
1785136096.4527171
1785136096.4527171
1785136096.4527171
1785136096.4527171
1785136096.4527171
1785136096.4527171
1785136096.4527171
1785136096.4527171
1785136096.4527171
1785136096.4527171
1785136096.4527171
1785136096.4527171
1785136096.4527171
1785136096.4527171
1785136096.4527171
1785136096.4527171
1785136096.4527171
1785136096.4527171
1785136096.4527171
1785136096.4527171
1785136096.4527171
1785136096.4527171
1785136096.4527171
1785136096.4527171
1785136096.4527171
1785136096.4527171
1785136096.4527171
1785136096.4527171
1785136096.4529390
1785136096.4529390
1785136096.4529390
1785136096.4529390
1785136096.4529390
1785136096.4529390
1785136096.4529390
1785136096.4529390
1785136096.4529390
1785136096.4529390
1785136096.4529390
1785136096.4529390
1785136096.4529390
1785136096.4529390
1785136096.4529390
1785136096.4529390
1785136096.4529390
1785136096.4529390
1785136096.4529390
1785136096.4529390
1785136096.4529390
1785136096.4529390
1785136096.4529390
1785136096.4529390
1785136096.4529390
1785136096.4529390
1785136096.4529390
1785136096.4529390
1785136096.4529390
1785136096.4529390
1785136096.4529390
1785136096.4529390
1785136096.4529390
1785136096.4529390
1785136096.4529390
1785136096.4529390
1785136096.4529390
1785136096.4529390
1785136096.4529390
1785136096.4529390
1785136096.4529390
1785136096.4529390
1785136096.4529390
1785136096.4529390
1785136096.4529390
1785136096.4529390
1785136096.4529390
1785136096.4529390
1785136096.4529390
1785136096.4529390
1785136096.4529390
1785136096.4529390
1785136096.4529390
1785136096.4529390
1785136096.4529390
1785136096.4529390
1785136096.4529390
1785136096.4529390
1785136096.4529390
1785136096.4529390
1785136096.4529390
1785136096.4529390
1785136096.4529390
1785136096.4529390
1785136096.4531610
1785136096.4531610
1785136096.4531610
1785136096.4531610
1785136096.4531610
1785136096.4531610
1785136096.4531610
1785136096.4531610
1785136096.4531610
1785136096.4531610
1785136096.4531610
1785136096.4531610
1785136096.4531610
1785136096.4531610
1785136096.4531610
1785136096.4531610
1785136096.4531610
1785136096.4531610
1785136096.4531610
1785136096.4531610
1785136096.4531610
1785136096.4531610
1785136096.4531610
1785136096.4531610
1785136096.4531610
1785136096.4531610
1785136096.4531610
1785136096.4531610
1785136096.4531610
1785136096.4531610
1785136096.4531610
1785136096.4531610
1785136096.4531610
1785136096.4531610
1785136096.4531610
1785136096.4531610
1785136096.4531610
1785136096.4531610
1785136096.4531610
1785136096.4531610
1785136096.4531610
1785136096.4531610
1785136096.4531610
1785136096.4531610
1785136096.4531610
1785136096.4531610
1785136096.4531610
1785136096.4531610
1785136096.4531610
1785136096.4531610
1785136096.4531610
1785136096.4531610
1785136096.4531610
1785136096.4531610
1785136096.4531610
1785136096.4531610
1785136096.4533830
1785136096.4533830
1785136096.4533830
1785136096.4533830
1785136096.4533830
1785136096.4533830
1785136096.4533830
1785136096.4533830
1785136096.4533830
1785136096.4533830
1785136096.4533830
1785136096.4533830
1785136096.4533830
1785136096.4533830
1785136096.4533830
1785136096.4533830
1785136096.4533830
1785136096.4533830
1785136096.4533830
1785136096.4533830
1785136096.4533830
1785136096.4533830
1785136096.4533830
1785136096.4533830
1785136096.4533830
1785136096.4533830
1785136096.4533830
1785136096.4533830
1785136096.4533830
1785136096.4533830
1785136096.4533830
1785136096.4533830
1785136096.4533830
1785136096.4533830
1785136096.4533830
1785136096.4533830
1785136096.4533830
1785136096.4533830
1785136096.4533830
1785136096.4533830
1785136096.4533830
1785136096.4533830
1785136096.4533830
1785136096.4533830
1785136096.4533830
1785136096.4533830
1785136096.4533830
1785136096.4533830
1785136096.4533830
1785136096.4533830
1785136096.4533830
1785136096.4533830
1785136096.4533830
1785136096.4533830
1785136096.4533830
1785136096.4533830
1785136096.4533830
1785136096.4536059
1785136096.4536059
1785136096.4536059
1785136096.4536059
1785136096.4536059
1785136096.4536059
1785136096.4536059
1785136096.4536059
1785136096.4536059
1785136096.4536059
1785136096.4536059
1785136096.4536059
1785136096.4536059
1785136096.4536059
1785136096.4536059
1785136096.4536059
1785136096.4536059
1785136096.4536059
1785136096.4536059
1785136096.4536059
1785136096.4536059
1785136096.4536059
1785136096.4536059
1785136096.4536059
1785136096.4536059
1785136096.4536059
1785136096.4536059
1785136096.4536059
1785136096.4536059
1785136096.4536059
1785136096.4536059
1785136096.4536059
1785136096.4536059
1785136096.4536059
1785136096.4536059
1785136096.4536059
1785136096.4536059
1785136096.4536059
1785136096.4536059
1785136096.4536059
1785136096.4536059
1785136096.4536059
1785136096.4536059
1785136096.4536059
1785136096.4536059
1785136096.4536059
1785136096.4536059
1785136096.4536059
1785136096.4538281
1785136096.4538281
1785136096.4538281
1785136096.4538281
1785136096.4538281
1785136096.4538281
1785136096.4538281
1785136096.4538281
1785136096.4538281
1785136096.4538281
1785136096.4538281
1785136096.4538281
1785136096.4538281
1785136096.4538281
1785136096.4538281
1785136096.4538281
1785136096.4538281
1785136096.4538281
1785136096.4538281
1785136096.4538281
1785136096.4538281
1785136096.4538281
1785136096.4538281
1785136096.4538281
1785136096.4538281
1785136096.4538281
1785136096.4538281
1785136096.4538281
1785136096.4538281
1785136096.4538281
1785136096.4538281
1785136096.4538281
1785136096.4538281
1785136096.4538281
1785136096.4538281
1785136096.4538281
1785136096.4538281
1785136096.4538281
1785136096.4538281
1785136096.4538281
1785136096.4538281
1785136096.4538281
1785136096.4538281
1785136096.4538281
1785136096.4538281
1785136096.4538281
1785136096.4538281
1785136096.4538281
1785136096.4538281
1785136096.4538281
1785136096.4538281
1785136096.4538281
1785136096.4538281
1785136096.4538281
1785136096.4540501
1785136096.4540501
1785136096.4540501
1785136096.4540501
1785136096.4540501
1785136096.4540501
1785136096.4540501
1785136096.4540501
1785136096.4540501
1785136096.4540501
1785136096.4540501
1785136096.4540501
1785136096.4540501
1785136096.4540501
1785136096.4540501
1785136096.4540501
1785136096.4540501
1785136096.4540501
1785136096.4540501
1785136096.4540501
1785136096.4540501
1785136096.4540501
1785136096.4540501
1785136096.4540501
1785136096.4540501
1785136096.4540501
1785136096.4540501
1785136096.4540501
1785136096.4540501
1785136096.4540501
1785136096.4540501
1785136096.4540501
1785136096.4540501
1785136096.4540501
1785136096.4540501
1785136096.4540501
1785136096.4540501
1785136096.4540501
1785136096.4540501
1785136096.4540501
1785136096.4540501
1785136096.4540501
1785136096.4540501
1785136096.4540501
1785136096.4540501
1785136096.4540501
1785136096.4540501
1785136096.4540501
1785136096.4540501
1785136096.4540501
1785136096.4540501
1785136096.4540501
1785136096.4540501
1785136096.4542720
1785136096.4542720
1785136096.4542720
1785136096.4542720
1785136096.4542720
1785136096.4542720
1785136096.4542720
1785136096.4542720
1785136096.4542720
1785136096.4542720
1785136096.4542720
1785136096.4542720
1785136096.4542720
1785136096.4542720
1785136096.4542720
1785136096.4542720
1785136096.4542720
1785136096.4542720
1785136096.4542720
1785136096.4542720
1785136096.4542720
1785136096.4542720
1785136096.4542720
1785136096.4542720
1785136096.4542720
1785136096.4542720
1785136096.4542720
1785136096.4542720
1785136096.4542720
1785136096.4542720
1785136096.4542720
1785136096.4542720
1785136096.4542720
1785136096.4542720
1785136096.4542720
1785136096.4542720
1785136096.4542720
1785136096.4542720
1785136096.4542720
1785136096.4542720
1785136096.4542720
1785136096.4542720
1785136096.4544950
1785136096.4544950
1785136096.4544950
1785136096.4544950
1785136096.4544950
1785136096.4544950
1785136096.4544950
1785136096.4544950
1785136096.4544950
1785136096.4544950
1785136096.4544950
1785136096.4544950
1785136096.4544950
1785136096.4544950
1785136096.4544950
1785136096.4544950
1785136096.4544950
1785136096.4544950
1785136096.4544950
1785136096.4544950
1785136096.4544950
1785136096.4544950
1785136096.4544950
1785136096.4544950
1785136096.4544950
1785136096.4544950
1785136096.4544950
1785136096.4544950
1785136096.4544950
1785136096.4544950
1785136096.4544950
1785136096.4544950
1785136096.4544950
1785136096.4544950
1785136096.4544950
1785136096.4544950
1785136096.4544950
1785136096.4544950
1785136096.4544950
1785136096.4544950
1785136096.4544950
1785136096.4544950
1785136096.4544950
1785136096.4544950
1785136096.4544950
1785136096.4544950
1785136096.4544950
1785136096.4544950
1785136096.4544950
1785136096.4544950
1785136096.4544950
1785136096.4544950
1785136096.4544950
1785136096.4544950
1785136096.4547169
1785136096.4547169
1785136096.4547169
1785136096.4547169
1785136096.4547169
1785136096.4547169
1785136096.4547169
1785136096.4547169
1785136096.4547169
1785136096.4547169
1785136096.4547169
1785136096.4547169
1785136096.4547169
1785136096.4547169
1785136096.4547169
1785136096.4547169
1785136096.4547169
1785136096.4547169
1785136096.4547169
1785136096.4547169
1785136096.4547169
1785136096.4547169
1785136096.4547169
1785136096.4547169
1785136096.4547169
1785136096.4547169
1785136096.4547169
1785136096.4547169
1785136096.4547169
1785136096.4547169
1785136096.4547169
1785136096.4547169
1785136096.4547169
1785136096.4547169
1785136096.4547169
1785136096.4547169
1785136096.4547169
1785136096.4547169
1785136096.4547169
1785136096.4547169
1785136096.4547169
1785136096.4547169
1785136096.4547169
1785136096.4547169
1785136096.4547169
1785136096.4547169
1785136096.4547169
1785136096.4547169
1785136096.4547169
1785136096.4547169
1785136096.4547169
1785136096.4547169
1785136096.4547169
1785136096.4547169
1785136096.4547169
1785136096.4549389
1785136096.4549389
1785136096.4549389
1785136096.4549389
1785136096.4549389
1785136096.4549389
1785136096.4549389
1785136096.4549389
1785136096.4549389
1785136096.4549389
1785136096.4549389
1785136096.4549389
1785136096.4549389
1785136096.4549389
1785136096.4549389
1785136096.4549389
1785136096.4549389
1785136096.4549389
1785136096.4549389
1785136096.4549389
1785136096.4549389
1785136096.4549389
1785136096.4549389
1785136096.4549389
1785136096.4549389
1785136096.4549389
1785136096.4549389
1785136096.4549389
1785136096.4549389
1785136096.4549389
1785136096.4549389
1785136096.4549389
1785136096.4549389
1785136096.4549389
1785136096.4551611
1785136096.4551611
1785136096.4551611
1785136096.4551611
1785136096.4551611
1785136096.4551611
1785136096.4551611
1785136096.4551611
1785136096.4551611
1785136096.4551611
1785136096.4551611
1785136096.4551611
1785136096.4551611
1785136096.4551611
1785136096.4551611
1785136096.4551611
1785136096.4551611
1785136096.4553840
1785136096.4553840
1785136096.4553840
1785136096.4553840
1785136096.4553840
1785136096.4553840
1785136096.4553840
1785136096.4553840
1785136096.4553840
1785136096.4553840
1785136096.4553840
1785136096.4553840
1785136096.4553840
1785136096.4553840
1785136096.4553840
1785136096.4553840
1785136096.4553840
1785136096.4553840
1785136096.4553840
1785136096.4553840
1785136096.4553840
1785136096.4553840
1785136096.4553840
1785136096.4553840
1785136096.4556060
1785136096.4556060
1785136096.4556060
1785136096.4556060
1785136096.4556060
1785136096.4556060
1785136096.4556060
1785136096.4556060
1785136096.4556060
1785136096.4556060
1785136096.4556060
1785136096.4556060
1785136096.4556060
1785136096.4556060
1785136096.4556060
1785136096.4558280
1785136096.4558280
1785136096.4558280
1785136096.4558280
1785136096.4558280
1785136096.4558280
1785136096.4558280
1785136096.4558280
1785136096.4558280
1785136096.4558280
1785136096.4558280
1785136096.4558280
1785136096.4558280
1785136096.4560499
1785136096.4560499
1785136096.4560499
1785136096.4560499
1785136096.4560499
1785136096.4560499
1785136096.4560499
1785136096.4560499
1785136096.4560499
1785136096.4560499
1785136096.4560499
1785136096.4560499
1785136096.4560499
1785136096.4562731
1785136096.4562731
1785136096.4562731
1785136096.4562731
1785136096.4562731
1785136096.4562731
1785136096.4562731
1785136096.4562731
1785136096.4562731
1785136096.4562731
1785136096.4562731
1785136096.4562731
1785136096.4562731
1785136096.4564950
1785136096.4564950
1785136096.4564950
1785136096.4564950
1785136096.4564950
1785136096.4564950
1785136096.4564950
1785136096.4564950
1785136096.4564950
1785136096.4564950
1785136096.4564950
1785136096.4564950
1785136096.4564950
1785136096.4602740
1785136096.4604959
1785136096.4604959
1785136096.4604959
1785136096.4604959
1785136096.4604959
1785136096.4604959
1785136096.4604959
1785136096.4604959
1785136096.4604959
1785136096.4604959
1785136096.4604959
1785136096.4604959
1785136096.4607179
1785136096.4607179
1785136096.4607179
1785136096.4607179
1785136096.4607179
1785136096.4607179
1785136096.4607179
1785136096.4607179
1785136096.4607179
1785136096.4607179
1785136096.4607179
1785136096.4607179
1785136096.4607179
1785136096.4607179
1785136096.4607179
1785136096.4609399
1785136096.4609399
1785136096.4609399
1785136096.4609399
1785136096.4609399
1785136096.4609399
1785136096.4609399
1785136096.4609399
1785136096.4609399
1785136096.4609399
1785136096.4609399
1785136096.4609399
1785136096.4609399
1785136096.4609399
1785136096.4609399
1785136096.4609399
1785136096.4609399
1785136096.4609399
1785136096.4611630
1785136096.4611630
1785136096.4611630
1785136096.4611630
1785136096.4611630
1785136096.4611630
1785136096.4611630
1785136096.4611630
1785136096.4611630
1785136096.4611630
1785136096.4611630
1785136096.4611630
1785136096.4611630
1785136096.4611630
1785136096.4611630
1785136096.4611630
1785136096.4611630
1785136096.4613850
1785136096.4613850
1785136096.4613850
1785136096.4613850
1785136096.4613850
1785136096.4613850
1785136096.4613850
1785136096.4613850
1785136096.4613850
1785136096.4613850
1785136096.4613850
1785136096.4613850
1785136096.4613850
1785136096.4613850
1785136096.4613850
1785136096.4613850
1785136096.4613850
1785136096.4613850
1785136096.4613850
1785136096.4613850
1785136096.4616070
1785136096.4616070
1785136096.4616070
1785136096.4616070
1785136096.4616070
1785136096.4616070
1785136096.4616070
1785136096.4616070
1785136096.4616070
1785136096.4616070
1785136096.4616070
1785136096.4616070
1785136096.4616070
1785136096.4620521
1785136096.4620521
1785136096.4620521
1785136096.4620521
1785136096.4620521
1785136096.4622741
1785136096.4622741
1785136096.4622741
1785136096.4622741
1785136096.4622741
1785136096.4622741
