1785136074.8124959
1785136074.8138289
1785136074.8138289
1785136074.8140521
1785136074.8140521
1785136074.8140521
1785136074.8142741
1785136074.8142741
1785136074.8142741
1785136074.8142741
1785136074.8142741
1785136074.8142741
1785136074.8142741
1785136074.8142741
1785136074.8142741
1785136074.8142741
1785136074.8142741
1785136074.8142741
1785136074.8142741
1785136074.8142741
1785136074.8142741
1785136074.8142741
1785136074.8144960
1785136074.8144960
1785136074.8144960
1785136074.8144960
1785136074.8144960
1785136074.8144960
1785136074.8144960
1785136074.8151629
1785136074.8151629
1785136074.8151629
1785136074.8167191
1785136074.8169410
1785136074.8169410
1785136074.8169410
1785136074.8169410
1785136074.8169410
1785136074.8171630
1785136074.8171630
1785136074.8171630
1785136074.8171630
1785136074.8171630
1785136074.8171630
1785136074.8171630
1785136074.8171630
1785136074.8173850
1785136074.8173850
1785136074.8173850
1785136074.8173850
1785136074.8173850
1785136074.8173850
1785136074.8173850
1785136074.8173850
1785136074.8176081
1785136074.8176081
1785136074.8176081
1785136074.8176081
1785136074.8176081
1785136074.8176081
1785136074.8176081
1785136074.8176081
1785136074.8176081
1785136074.8176081
1785136074.8176081
1785136074.8176081
1785136074.8176081
1785136074.8176081
1785136074.8176081
1785136074.8176081
1785136074.8176081
1785136074.8176081
1785136074.8178301
1785136074.8178301
1785136074.8178301
1785136074.8178301
1785136074.8178301
1785136074.8178301
1785136074.8178301
1785136074.8178301
1785136074.8178301
1785136074.8178301
1785136074.8178301
1785136074.8178301
1785136074.8178301
1785136074.8178301
1785136074.8178301
1785136074.8178301
1785136074.8178301
1785136074.8178301
1785136074.8178301
1785136074.8178301
1785136074.8178301
1785136074.8178301
1785136074.8178301
1785136074.8178301
1785136074.8178301
1785136074.8178301
1785136074.8178301
1785136074.8178301
1785136074.8178301
1785136074.8178301
1785136074.8178301
1785136074.8178301
1785136074.8178301
1785136074.8178301
1785136074.8178301
1785136074.8178301
1785136074.8178301
1785136074.8178301
1785136074.8178301
1785136074.8180521
1785136074.8180521
1785136074.8180521
1785136074.8180521
1785136074.8180521
1785136074.8180521
1785136074.8180521
1785136074.8180521
1785136074.8180521
1785136074.8180521
1785136074.8180521
1785136074.8180521
1785136074.8180521
1785136074.8180521
1785136074.8180521
1785136074.8180521
1785136074.8180521
1785136074.8180521
1785136074.8180521
1785136074.8180521
1785136074.8180521
1785136074.8180521
1785136074.8180521
1785136074.8180521
1785136074.8180521
1785136074.8180521
1785136074.8180521
1785136074.8180521
1785136074.8180521
1785136074.8180521
1785136074.8180521
1785136074.8180521
1785136074.8180521
1785136074.8180521
1785136074.8180521
1785136074.8180521
1785136074.8180521
1785136074.8180521
1785136074.8180521
1785136074.8182740
1785136074.8182740
1785136074.8182740
1785136074.8182740
1785136074.8182740
1785136074.8182740
1785136074.8182740
1785136074.8182740
1785136074.8182740
1785136074.8182740
1785136074.8182740
1785136074.8182740
1785136074.8182740
1785136074.8182740
1785136074.8182740
1785136074.8182740
1785136074.8182740
1785136074.8182740
1785136074.8182740
1785136074.8182740
1785136074.8182740
1785136074.8182740
1785136074.8182740
1785136074.8182740
1785136074.8182740
1785136074.8182740
1785136074.8182740
1785136074.8182740
1785136074.8182740
1785136074.8182740
1785136074.8182740
1785136074.8182740
1785136074.8182740
1785136074.8182740
1785136074.8184969
1785136074.8184969
1785136074.8184969
1785136074.8184969
1785136074.8184969
1785136074.8184969
1785136074.8184969
1785136074.8184969
1785136074.8184969
1785136074.8184969
1785136074.8184969
1785136074.8184969
1785136074.8184969
1785136074.8184969
1785136074.8184969
1785136074.8184969
1785136074.8184969
1785136074.8184969
1785136074.8184969
1785136074.8184969
1785136074.8184969
1785136074.8184969
1785136074.8184969
1785136074.8184969
1785136074.8184969
1785136074.8184969
1785136074.8184969
1785136074.8184969
1785136074.8184969
1785136074.8184969
1785136074.8184969
1785136074.8184969
1785136074.8187189
1785136074.8187189
1785136074.8187189
1785136074.8187189
1785136074.8187189
1785136074.8187189
1785136074.8187189
1785136074.8187189
1785136074.8187189
1785136074.8187189
1785136074.8187189
1785136074.8187189
1785136074.8187189
1785136074.8187189
1785136074.8187189
1785136074.8187189
1785136074.8187189
1785136074.8187189
1785136074.8187189
1785136074.8187189
1785136074.8187189
1785136074.8187189
1785136074.8187189
1785136074.8187189
1785136074.8187189
1785136074.8187189
1785136074.8187189
1785136074.8187189
1785136074.8187189
1785136074.8187189
1785136074.8187189
1785136074.8187189
1785136074.8189411
1785136074.8189411
1785136074.8189411
1785136074.8189411
1785136074.8189411
1785136074.8189411
1785136074.8189411
1785136074.8189411
1785136074.8189411
1785136074.8189411
1785136074.8189411
1785136074.8189411
1785136074.8189411
1785136074.8189411
1785136074.8189411
1785136074.8189411
1785136074.8189411
1785136074.8189411
1785136074.8189411
1785136074.8189411
1785136074.8189411
1785136074.8189411
1785136074.8189411
1785136074.8189411
1785136074.8189411
1785136074.8189411
1785136074.8189411
1785136074.8189411
1785136074.8189411
1785136074.8189411
1785136074.8189411
1785136074.8189411
1785136074.8191631
1785136074.8191631
1785136074.8191631
1785136074.8191631
1785136074.8191631
1785136074.8191631
1785136074.8191631
1785136074.8191631
1785136074.8191631
1785136074.8191631
1785136074.8191631
1785136074.8191631
1785136074.8191631
1785136074.8191631
1785136074.8191631
1785136074.8191631
1785136074.8191631
1785136074.8191631
1785136074.8191631
1785136074.8191631
1785136074.8191631
1785136074.8191631
1785136074.8191631
1785136074.8191631
1785136074.8191631
1785136074.8191631
1785136074.8191631
1785136074.8191631
1785136074.8191631
1785136074.8191631
1785136074.8191631
1785136074.8191631
1785136074.8191631
1785136074.8191631
1785136074.8191631
1785136074.8191631
1785136074.8191631
1785136074.8191631
1785136074.8191631
1785136074.8191631
1785136074.8191631
1785136074.8191631
1785136074.8193860
1785136074.8193860
1785136074.8193860
1785136074.8193860
1785136074.8193860
1785136074.8193860
1785136074.8193860
1785136074.8193860
1785136074.8193860
1785136074.8193860
1785136074.8193860
1785136074.8193860
1785136074.8193860
1785136074.8193860
1785136074.8193860
1785136074.8193860
1785136074.8193860
1785136074.8193860
1785136074.8193860
1785136074.8193860
1785136074.8193860
1785136074.8193860
1785136074.8193860
1785136074.8193860
1785136074.8193860
1785136074.8193860
1785136074.8193860
1785136074.8193860
1785136074.8193860
1785136074.8193860
1785136074.8193860
1785136074.8193860
1785136074.8193860
1785136074.8193860
1785136074.8193860
1785136074.8193860
1785136074.8193860
1785136074.8193860
1785136074.8193860
1785136074.8193860
1785136074.8193860
1785136074.8193860
1785136074.8196080
1785136074.8196080
1785136074.8196080
1785136074.8196080
1785136074.8196080
1785136074.8196080
1785136074.8196080
1785136074.8196080
1785136074.8196080
1785136074.8196080
1785136074.8196080
1785136074.8196080
1785136074.8196080
1785136074.8196080
1785136074.8196080
1785136074.8196080
1785136074.8196080
1785136074.8196080
1785136074.8196080
1785136074.8196080
1785136074.8196080
1785136074.8196080
1785136074.8196080
1785136074.8196080
1785136074.8196080
1785136074.8196080
1785136074.8196080
1785136074.8196080
1785136074.8196080
1785136074.8196080
1785136074.8196080
1785136074.8196080
1785136074.8196080
1785136074.8196080
1785136074.8196080
1785136074.8196080
1785136074.8196080
1785136074.8196080
1785136074.8196080
1785136074.8196080
1785136074.8196080
1785136074.8196080
1785136074.8198299
1785136074.8198299
1785136074.8198299
1785136074.8198299
1785136074.8198299
1785136074.8198299
1785136074.8198299
1785136074.8198299
1785136074.8198299
1785136074.8198299
1785136074.8198299
1785136074.8198299
1785136074.8198299
1785136074.8198299
1785136074.8198299
1785136074.8198299
1785136074.8198299
1785136074.8198299
1785136074.8198299
1785136074.8198299
1785136074.8198299
1785136074.8198299
1785136074.8198299
1785136074.8198299
1785136074.8198299
1785136074.8198299
1785136074.8198299
1785136074.8198299
1785136074.8198299
1785136074.8198299
1785136074.8198299
1785136074.8198299
1785136074.8198299
1785136074.8198299
1785136074.8198299
1785136074.8198299
1785136074.8198299
1785136074.8198299
1785136074.8198299
1785136074.8198299
1785136074.8198299
1785136074.8198299
1785136074.8200519
1785136074.8200519
1785136074.8200519
1785136074.8200519
1785136074.8200519
1785136074.8200519
1785136074.8200519
1785136074.8200519
1785136074.8200519
1785136074.8200519
1785136074.8200519
1785136074.8200519
1785136074.8200519
1785136074.8200519
1785136074.8200519
1785136074.8200519
1785136074.8200519
1785136074.8200519
1785136074.8200519
1785136074.8200519
1785136074.8200519
1785136074.8200519
1785136074.8200519
1785136074.8200519
1785136074.8200519
1785136074.8200519
1785136074.8200519
1785136074.8200519
1785136074.8200519
1785136074.8200519
1785136074.8200519
1785136074.8200519
1785136074.8200519
1785136074.8200519
1785136074.8200519
1785136074.8200519
1785136074.8200519
1785136074.8200519
1785136074.8200519
1785136074.8200519
1785136074.8200519
1785136074.8202751
1785136074.8202751
1785136074.8202751
1785136074.8202751
1785136074.8202751
1785136074.8202751
1785136074.8202751
1785136074.8202751
1785136074.8202751
1785136074.8202751
1785136074.8202751
1785136074.8202751
1785136074.8202751
1785136074.8202751
1785136074.8202751
1785136074.8202751
1785136074.8202751
1785136074.8202751
1785136074.8202751
1785136074.8202751
1785136074.8202751
1785136074.8202751
1785136074.8202751
1785136074.8202751
1785136074.8202751
1785136074.8202751
1785136074.8202751
1785136074.8202751
1785136074.8202751
1785136074.8202751
1785136074.8202751
1785136074.8202751
1785136074.8202751
1785136074.8202751
1785136074.8202751
1785136074.8202751
1785136074.8202751
1785136074.8202751
1785136074.8202751
1785136074.8202751
1785136074.8202751
1785136074.8202751
1785136074.8202751
1785136074.8204970
1785136074.8204970
1785136074.8204970
1785136074.8204970
1785136074.8204970
1785136074.8204970
1785136074.8204970
1785136074.8204970
1785136074.8204970
1785136074.8204970
1785136074.8204970
1785136074.8204970
1785136074.8204970
1785136074.8204970
1785136074.8204970
1785136074.8204970
1785136074.8204970
1785136074.8204970
1785136074.8204970
1785136074.8204970
1785136074.8204970
1785136074.8204970
1785136074.8204970
1785136074.8204970
1785136074.8204970
1785136074.8204970
1785136074.8204970
1785136074.8204970
1785136074.8204970
1785136074.8204970
1785136074.8204970
1785136074.8204970
1785136074.8204970
1785136074.8204970
1785136074.8204970
1785136074.8204970
1785136074.8204970
1785136074.8204970
1785136074.8204970
1785136074.8204970
1785136074.8204970
1785136074.8204970
1785136074.8204970
1785136074.8207190
1785136074.8207190
1785136074.8207190
1785136074.8207190
1785136074.8207190
1785136074.8207190
1785136074.8207190
1785136074.8207190
1785136074.8207190
1785136074.8207190
1785136074.8207190
1785136074.8207190
1785136074.8207190
1785136074.8207190
1785136074.8207190
1785136074.8207190
1785136074.8207190
1785136074.8207190
1785136074.8207190
1785136074.8207190
1785136074.8207190
1785136074.8207190
1785136074.8207190
1785136074.8207190
1785136074.8207190
1785136074.8207190
1785136074.8207190
1785136074.8207190
1785136074.8207190
1785136074.8207190
1785136074.8207190
1785136074.8207190
1785136074.8207190
1785136074.8207190
1785136074.8207190
1785136074.8207190
1785136074.8207190
1785136074.8207190
1785136074.8207190
1785136074.8207190
1785136074.8207190
1785136074.8207190
1785136074.8209410
1785136074.8209410
1785136074.8209410
1785136074.8209410
1785136074.8209410
1785136074.8209410
1785136074.8209410
1785136074.8209410
1785136074.8209410
1785136074.8209410
1785136074.8209410
1785136074.8209410
1785136074.8209410
1785136074.8209410
1785136074.8209410
1785136074.8209410
1785136074.8209410
1785136074.8209410
1785136074.8209410
1785136074.8209410
1785136074.8209410
1785136074.8209410
1785136074.8209410
1785136074.8209410
1785136074.8209410
1785136074.8209410
1785136074.8209410
1785136074.8209410
1785136074.8209410
1785136074.8209410
1785136074.8209410
1785136074.8209410
1785136074.8209410
1785136074.8209410
1785136074.8209410
1785136074.8209410
1785136074.8209410
1785136074.8209410
1785136074.8209410
1785136074.8209410
1785136074.8209410
1785136074.8209410
1785136074.8209410
1785136074.8211629
1785136074.8211629
1785136074.8211629
1785136074.8211629
1785136074.8211629
1785136074.8211629
1785136074.8211629
1785136074.8211629
1785136074.8211629
1785136074.8211629
1785136074.8211629
1785136074.8211629
1785136074.8211629
1785136074.8211629
1785136074.8211629
1785136074.8211629
1785136074.8211629
1785136074.8211629
1785136074.8211629
1785136074.8211629
1785136074.8211629
1785136074.8211629
1785136074.8211629
1785136074.8211629
1785136074.8211629
1785136074.8211629
1785136074.8211629
1785136074.8211629
1785136074.8211629
1785136074.8211629
1785136074.8211629
1785136074.8211629
1785136074.8211629
1785136074.8211629
1785136074.8211629
1785136074.8211629
1785136074.8211629
1785136074.8211629
1785136074.8211629
1785136074.8211629
1785136074.8211629
1785136074.8211629
1785136074.8211629
1785136074.8213861
1785136074.8213861
1785136074.8213861
1785136074.8213861
1785136074.8213861
1785136074.8213861
1785136074.8213861
1785136074.8213861
1785136074.8213861
1785136074.8213861
1785136074.8213861
1785136074.8213861
1785136074.8213861
1785136074.8213861
1785136074.8213861
1785136074.8213861
1785136074.8213861
1785136074.8213861
1785136074.8213861
1785136074.8213861
1785136074.8213861
1785136074.8213861
1785136074.8213861
1785136074.8213861
1785136074.8213861
1785136074.8213861
1785136074.8213861
1785136074.8213861
1785136074.8213861
1785136074.8213861
1785136074.8213861
1785136074.8213861
1785136074.8213861
1785136074.8213861
1785136074.8213861
1785136074.8213861
1785136074.8213861
1785136074.8213861
1785136074.8213861
1785136074.8213861
1785136074.8213861
1785136074.8213861
1785136074.8213861
1785136074.8216081
1785136074.8216081
1785136074.8216081
1785136074.8216081
1785136074.8216081
1785136074.8216081
1785136074.8216081
1785136074.8216081
1785136074.8216081
1785136074.8216081
1785136074.8216081
1785136074.8216081
1785136074.8216081
1785136074.8216081
1785136074.8216081
1785136074.8216081
1785136074.8216081
1785136074.8216081
1785136074.8216081
1785136074.8216081
1785136074.8216081
1785136074.8216081
1785136074.8216081
1785136074.8216081
1785136074.8216081
1785136074.8216081
1785136074.8216081
1785136074.8216081
1785136074.8216081
1785136074.8216081
1785136074.8216081
1785136074.8216081
1785136074.8216081
1785136074.8216081
1785136074.8216081
1785136074.8216081
1785136074.8216081
1785136074.8216081
1785136074.8216081
1785136074.8216081
1785136074.8216081
1785136074.8216081
1785136074.8216081
1785136074.8216081
1785136074.8218300
1785136074.8218300
1785136074.8218300
1785136074.8218300
1785136074.8218300
1785136074.8218300
1785136074.8218300
1785136074.8218300
1785136074.8218300
1785136074.8218300
1785136074.8218300
1785136074.8218300
1785136074.8218300
1785136074.8218300
1785136074.8218300
1785136074.8218300
1785136074.8218300
1785136074.8218300
1785136074.8218300
1785136074.8218300
1785136074.8218300
1785136074.8218300
1785136074.8218300
1785136074.8218300
1785136074.8218300
1785136074.8218300
1785136074.8218300
1785136074.8218300
1785136074.8218300
1785136074.8218300
1785136074.8218300
1785136074.8218300
1785136074.8218300
1785136074.8218300
1785136074.8218300
1785136074.8218300
1785136074.8218300
1785136074.8218300
1785136074.8218300
1785136074.8218300
1785136074.8218300
1785136074.8218300
1785136074.8220520
1785136074.8220520
1785136074.8220520
1785136074.8220520
1785136074.8220520
1785136074.8220520
1785136074.8220520
1785136074.8220520
1785136074.8220520
1785136074.8220520
1785136074.8220520
1785136074.8220520
1785136074.8220520
1785136074.8220520
1785136074.8220520
1785136074.8220520
1785136074.8220520
1785136074.8220520
1785136074.8220520
1785136074.8220520
1785136074.8220520
1785136074.8220520
1785136074.8220520
1785136074.8220520
1785136074.8220520
1785136074.8220520
1785136074.8220520
1785136074.8220520
1785136074.8220520
1785136074.8220520
1785136074.8220520
1785136074.8220520
1785136074.8220520
1785136074.8220520
1785136074.8220520
1785136074.8220520
1785136074.8220520
1785136074.8220520
1785136074.8220520
1785136074.8220520
1785136074.8220520
1785136074.8220520
1785136074.8222749
1785136074.8222749
1785136074.8222749
1785136074.8222749
1785136074.8222749
1785136074.8222749
1785136074.8222749
1785136074.8222749
1785136074.8222749
1785136074.8222749
1785136074.8222749
1785136074.8222749
1785136074.8222749
1785136074.8222749
1785136074.8222749
1785136074.8222749
1785136074.8222749
1785136074.8222749
1785136074.8222749
1785136074.8222749
1785136074.8222749
1785136074.8222749
1785136074.8222749
1785136074.8222749
1785136074.8222749
1785136074.8222749
1785136074.8222749
1785136074.8222749
1785136074.8222749
1785136074.8222749
1785136074.8222749
1785136074.8222749
1785136074.8222749
1785136074.8222749
1785136074.8222749
1785136074.8222749
1785136074.8222749
1785136074.8222749
1785136074.8222749
1785136074.8222749
1785136074.8222749
1785136074.8224969
1785136074.8224969
1785136074.8224969
1785136074.8224969
1785136074.8224969
1785136074.8224969
1785136074.8224969
1785136074.8224969
1785136074.8224969
1785136074.8224969
1785136074.8224969
1785136074.8224969
1785136074.8224969
1785136074.8224969
1785136074.8224969
1785136074.8224969
1785136074.8224969
1785136074.8224969
1785136074.8224969
1785136074.8224969
1785136074.8224969
1785136074.8224969
1785136074.8224969
1785136074.8224969
1785136074.8224969
1785136074.8224969
1785136074.8224969
1785136074.8224969
1785136074.8224969
1785136074.8224969
1785136074.8224969
1785136074.8224969
1785136074.8224969
1785136074.8224969
1785136074.8224969
1785136074.8224969
1785136074.8224969
1785136074.8224969
1785136074.8224969
1785136074.8224969
1785136074.8227191
1785136074.8227191
1785136074.8227191
1785136074.8227191
1785136074.8227191
1785136074.8227191
1785136074.8227191
1785136074.8227191
1785136074.8227191
1785136074.8227191
1785136074.8227191
1785136074.8227191
1785136074.8227191
1785136074.8227191
1785136074.8227191
1785136074.8227191
1785136074.8227191
1785136074.8227191
1785136074.8227191
1785136074.8227191
1785136074.8227191
1785136074.8227191
1785136074.8227191
1785136074.8227191
1785136074.8227191
1785136074.8227191
1785136074.8227191
1785136074.8227191
1785136074.8227191
1785136074.8227191
1785136074.8227191
1785136074.8227191
1785136074.8227191
1785136074.8227191
1785136074.8227191
1785136074.8227191
1785136074.8227191
1785136074.8227191
1785136074.8227191
1785136074.8227191
1785136074.8227191
1785136074.8229411
1785136074.8229411
1785136074.8229411
1785136074.8229411
1785136074.8229411
1785136074.8229411
1785136074.8229411
1785136074.8229411
1785136074.8229411
1785136074.8229411
1785136074.8229411
1785136074.8229411
1785136074.8229411
1785136074.8229411
1785136074.8229411
1785136074.8229411
1785136074.8229411
1785136074.8229411
1785136074.8229411
1785136074.8229411
1785136074.8229411
1785136074.8229411
1785136074.8229411
1785136074.8229411
1785136074.8229411
1785136074.8229411
1785136074.8229411
1785136074.8229411
1785136074.8229411
1785136074.8229411
1785136074.8229411
1785136074.8229411
1785136074.8229411
1785136074.8229411
1785136074.8229411
1785136074.8229411
1785136074.8229411
1785136074.8229411
1785136074.8229411
1785136074.8229411
1785136074.8229411
1785136074.8231630
1785136074.8231630
1785136074.8231630
1785136074.8231630
1785136074.8231630
1785136074.8231630
1785136074.8231630
1785136074.8231630
1785136074.8231630
1785136074.8231630
1785136074.8231630
1785136074.8231630
1785136074.8231630
1785136074.8231630
1785136074.8231630
1785136074.8231630
1785136074.8231630
1785136074.8231630
1785136074.8231630
1785136074.8231630
1785136074.8231630
1785136074.8231630
1785136074.8231630
1785136074.8231630
1785136074.8231630
1785136074.8231630
1785136074.8231630
1785136074.8231630
1785136074.8231630
1785136074.8231630
1785136074.8231630
1785136074.8231630
1785136074.8231630
1785136074.8231630
1785136074.8231630
1785136074.8231630
1785136074.8231630
1785136074.8231630
1785136074.8231630
1785136074.8231630
1785136074.8231630
1785136074.8231630
1785136074.8233860
1785136074.8233860
1785136074.8233860
1785136074.8233860
1785136074.8233860
1785136074.8233860
1785136074.8233860
1785136074.8233860
1785136074.8233860
1785136074.8233860
1785136074.8233860
1785136074.8233860
1785136074.8233860
1785136074.8233860
1785136074.8233860
1785136074.8233860
1785136074.8233860
1785136074.8233860
1785136074.8233860
1785136074.8233860
1785136074.8233860
1785136074.8233860
1785136074.8233860
1785136074.8233860
1785136074.8233860
1785136074.8233860
1785136074.8233860
1785136074.8233860
1785136074.8233860
1785136074.8233860
1785136074.8233860
1785136074.8233860
1785136074.8233860
1785136074.8233860
1785136074.8233860
1785136074.8233860
1785136074.8233860
1785136074.8233860
1785136074.8233860
1785136074.8233860
1785136074.8233860
1785136074.8233860
1785136074.8233860
1785136074.8233860
1785136074.8236079
1785136074.8236079
1785136074.8236079
1785136074.8236079
1785136074.8236079
1785136074.8236079
1785136074.8236079
1785136074.8236079
1785136074.8236079
1785136074.8236079
1785136074.8236079
1785136074.8236079
1785136074.8236079
1785136074.8236079
1785136074.8236079
1785136074.8236079
1785136074.8236079
1785136074.8236079
1785136074.8236079
1785136074.8236079
1785136074.8236079
1785136074.8236079
1785136074.8236079
1785136074.8236079
1785136074.8236079
1785136074.8236079
1785136074.8236079
1785136074.8236079
1785136074.8236079
1785136074.8236079
1785136074.8236079
1785136074.8236079
1785136074.8236079
1785136074.8236079
1785136074.8236079
1785136074.8236079
1785136074.8236079
1785136074.8236079
1785136074.8236079
1785136074.8236079
1785136074.8236079
1785136074.8236079
1785136074.8236079
1785136074.8238299
1785136074.8238299
1785136074.8238299
1785136074.8238299
1785136074.8238299
1785136074.8238299
1785136074.8238299
1785136074.8238299
1785136074.8238299
1785136074.8238299
1785136074.8238299
1785136074.8238299
1785136074.8238299
1785136074.8238299
1785136074.8238299
1785136074.8238299
1785136074.8238299
1785136074.8238299
1785136074.8238299
1785136074.8238299
1785136074.8238299
1785136074.8238299
1785136074.8238299
1785136074.8238299
1785136074.8238299
1785136074.8238299
1785136074.8238299
1785136074.8238299
1785136074.8238299
1785136074.8238299
1785136074.8238299
1785136074.8238299
1785136074.8238299
1785136074.8238299
1785136074.8238299
1785136074.8238299
1785136074.8238299
1785136074.8238299
1785136074.8238299
1785136074.8238299
1785136074.8238299
1785136074.8238299
1785136074.8238299
1785136074.8238299
1785136074.8240521
1785136074.8240521
1785136074.8240521
1785136074.8240521
1785136074.8240521
1785136074.8240521
1785136074.8240521
1785136074.8240521
1785136074.8240521
1785136074.8240521
1785136074.8240521
1785136074.8240521
1785136074.8240521
1785136074.8240521
1785136074.8240521
1785136074.8240521
1785136074.8240521
1785136074.8240521
1785136074.8240521
1785136074.8240521
1785136074.8240521
1785136074.8240521
1785136074.8240521
1785136074.8240521
1785136074.8240521
1785136074.8240521
1785136074.8240521
1785136074.8240521
1785136074.8240521
1785136074.8240521
1785136074.8240521
1785136074.8240521
1785136074.8240521
1785136074.8240521
1785136074.8240521
1785136074.8240521
1785136074.8240521
1785136074.8240521
1785136074.8240521
1785136074.8240521
1785136074.8240521
1785136074.8240521
1785136074.8240521
1785136074.8240521
1785136074.8242741
1785136074.8242741
1785136074.8242741
1785136074.8242741
1785136074.8242741
1785136074.8242741
1785136074.8242741
1785136074.8242741
1785136074.8242741
1785136074.8242741
1785136074.8242741
1785136074.8242741
1785136074.8242741
1785136074.8242741
1785136074.8242741
1785136074.8242741
1785136074.8242741
1785136074.8242741
1785136074.8242741
1785136074.8242741
1785136074.8242741
1785136074.8242741
1785136074.8242741
1785136074.8242741
1785136074.8242741
1785136074.8242741
1785136074.8242741
1785136074.8242741
1785136074.8242741
1785136074.8242741
1785136074.8242741
1785136074.8242741
1785136074.8242741
1785136074.8242741
1785136074.8242741
1785136074.8242741
1785136074.8242741
1785136074.8242741
1785136074.8242741
1785136074.8242741
1785136074.8242741
1785136074.8242741
1785136074.8242741
1785136074.8244979
1785136074.8244979
1785136074.8244979
1785136074.8244979
1785136074.8244979
1785136074.8244979
1785136074.8244979
1785136074.8244979
1785136074.8244979
1785136074.8244979
1785136074.8244979
1785136074.8244979
1785136074.8244979
1785136074.8244979
1785136074.8244979
1785136074.8244979
1785136074.8244979
1785136074.8244979
1785136074.8244979
1785136074.8244979
1785136074.8244979
1785136074.8244979
1785136074.8244979
1785136074.8244979
1785136074.8244979
1785136074.8244979
1785136074.8244979
1785136074.8244979
1785136074.8244979
1785136074.8244979
1785136074.8244979
1785136074.8244979
1785136074.8244979
1785136074.8244979
1785136074.8244979
1785136074.8244979
1785136074.8244979
1785136074.8244979
1785136074.8244979
1785136074.8244979
1785136074.8244979
1785136074.8244979
1785136074.8244979
1785136074.8244979
1785136074.8244979
1785136074.8247190
1785136074.8247190
1785136074.8247190
1785136074.8247190
1785136074.8247190
1785136074.8247190
1785136074.8247190
1785136074.8247190
1785136074.8247190
1785136074.8247190
1785136074.8247190
1785136074.8247190
1785136074.8247190
1785136074.8247190
1785136074.8247190
1785136074.8247190
1785136074.8247190
1785136074.8247190
1785136074.8247190
1785136074.8247190
1785136074.8247190
1785136074.8247190
1785136074.8247190
1785136074.8247190
1785136074.8247190
1785136074.8247190
1785136074.8247190
1785136074.8247190
1785136074.8247190
1785136074.8247190
1785136074.8247190
1785136074.8247190
1785136074.8247190
1785136074.8247190
1785136074.8247190
1785136074.8247190
1785136074.8247190
1785136074.8247190
1785136074.8247190
1785136074.8247190
1785136074.8247190
1785136074.8247190
1785136074.8247190
1785136074.8247190
1785136074.8247190
1785136074.8247190
1785136074.8249409
1785136074.8249409
1785136074.8249409
1785136074.8249409
1785136074.8249409
1785136074.8249409
1785136074.8249409
1785136074.8249409
1785136074.8249409
1785136074.8249409
1785136074.8249409
1785136074.8249409
1785136074.8249409
1785136074.8249409
1785136074.8249409
1785136074.8249409
1785136074.8249409
1785136074.8249409
1785136074.8249409
1785136074.8249409
1785136074.8249409
1785136074.8249409
1785136074.8249409
1785136074.8249409
1785136074.8249409
1785136074.8249409
1785136074.8249409
1785136074.8249409
1785136074.8249409
1785136074.8249409
1785136074.8249409
1785136074.8249409
1785136074.8249409
1785136074.8249409
1785136074.8249409
1785136074.8249409
1785136074.8249409
1785136074.8249409
1785136074.8249409
1785136074.8249409
1785136074.8249409
1785136074.8249409
1785136074.8249409
1785136074.8249409
1785136074.8249409
1785136074.8249409
1785136074.8251629
1785136074.8251629
1785136074.8251629
1785136074.8251629
1785136074.8251629
1785136074.8251629
1785136074.8251629
1785136074.8251629
1785136074.8251629
1785136074.8251629
1785136074.8251629
1785136074.8251629
1785136074.8251629
1785136074.8251629
1785136074.8251629
1785136074.8251629
1785136074.8251629
1785136074.8251629
1785136074.8251629
1785136074.8251629
1785136074.8251629
1785136074.8251629
1785136074.8251629
1785136074.8251629
1785136074.8251629
1785136074.8251629
1785136074.8251629
1785136074.8251629
1785136074.8251629
1785136074.8251629
1785136074.8251629
1785136074.8251629
1785136074.8251629
1785136074.8251629
1785136074.8251629
1785136074.8251629
1785136074.8251629
1785136074.8251629
1785136074.8251629
1785136074.8251629
1785136074.8251629
1785136074.8251629
1785136074.8251629
1785136074.8251629
1785136074.8251629
1785136074.8251629
1785136074.8253851
1785136074.8253851
1785136074.8253851
1785136074.8253851
1785136074.8253851
1785136074.8253851
1785136074.8253851
1785136074.8253851
1785136074.8253851
1785136074.8253851
1785136074.8253851
1785136074.8253851
1785136074.8253851
1785136074.8253851
1785136074.8253851
1785136074.8253851
1785136074.8253851
1785136074.8253851
1785136074.8253851
1785136074.8253851
1785136074.8253851
1785136074.8253851
1785136074.8253851
1785136074.8253851
1785136074.8253851
1785136074.8253851
1785136074.8253851
1785136074.8253851
1785136074.8253851
1785136074.8253851
1785136074.8253851
1785136074.8253851
1785136074.8253851
1785136074.8253851
1785136074.8253851
1785136074.8253851
1785136074.8253851
1785136074.8253851
1785136074.8253851
1785136074.8253851
1785136074.8253851
1785136074.8253851
1785136074.8253851
1785136074.8253851
1785136074.8253851
1785136074.8256080
1785136074.8256080
1785136074.8256080
1785136074.8256080
1785136074.8256080
1785136074.8256080
1785136074.8256080
1785136074.8256080
1785136074.8256080
1785136074.8256080
1785136074.8256080
1785136074.8256080
1785136074.8256080
1785136074.8256080
1785136074.8256080
1785136074.8256080
1785136074.8256080
1785136074.8256080
1785136074.8256080
1785136074.8256080
1785136074.8256080
1785136074.8256080
1785136074.8256080
1785136074.8256080
1785136074.8256080
1785136074.8256080
1785136074.8256080
1785136074.8256080
1785136074.8256080
1785136074.8256080
1785136074.8256080
1785136074.8256080
1785136074.8256080
1785136074.8256080
1785136074.8256080
1785136074.8256080
1785136074.8256080
1785136074.8256080
1785136074.8256080
1785136074.8256080
1785136074.8256080
1785136074.8256080
1785136074.8256080
1785136074.8256080
1785136074.8256080
1785136074.8256080
1785136074.8258300
1785136074.8258300
1785136074.8258300
1785136074.8258300
1785136074.8258300
1785136074.8258300
1785136074.8258300
1785136074.8258300
1785136074.8258300
1785136074.8258300
1785136074.8258300
1785136074.8258300
1785136074.8258300
1785136074.8258300
1785136074.8258300
1785136074.8258300
1785136074.8258300
1785136074.8258300
1785136074.8258300
1785136074.8258300
1785136074.8258300
1785136074.8258300
1785136074.8258300
1785136074.8258300
1785136074.8258300
1785136074.8258300
1785136074.8258300
1785136074.8258300
1785136074.8258300
1785136074.8258300
1785136074.8258300
1785136074.8258300
1785136074.8258300
1785136074.8258300
1785136074.8258300
1785136074.8258300
1785136074.8258300
1785136074.8258300
1785136074.8258300
1785136074.8258300
1785136074.8258300
1785136074.8258300
1785136074.8258300
1785136074.8258300
1785136074.8258300
1785136074.8258300
1785136074.8258300
1785136074.8260520
1785136074.8260520
1785136074.8260520
1785136074.8260520
1785136074.8260520
1785136074.8260520
1785136074.8260520
1785136074.8260520
1785136074.8260520
1785136074.8260520
1785136074.8260520
1785136074.8260520
1785136074.8260520
1785136074.8260520
1785136074.8260520
1785136074.8260520
1785136074.8260520
1785136074.8260520
1785136074.8260520
1785136074.8260520
1785136074.8260520
1785136074.8260520
1785136074.8260520
1785136074.8260520
1785136074.8260520
1785136074.8260520
1785136074.8260520
1785136074.8260520
1785136074.8260520
1785136074.8260520
1785136074.8260520
1785136074.8260520
1785136074.8260520
1785136074.8260520
1785136074.8260520
1785136074.8260520
1785136074.8260520
1785136074.8260520
1785136074.8260520
1785136074.8260520
1785136074.8260520
1785136074.8260520
1785136074.8260520
1785136074.8260520
1785136074.8260520
1785136074.8260520
1785136074.8260520
1785136074.8262739
1785136074.8262739
1785136074.8262739
1785136074.8262739
1785136074.8262739
1785136074.8262739
1785136074.8262739
1785136074.8262739
1785136074.8262739
1785136074.8262739
1785136074.8262739
1785136074.8262739
1785136074.8262739
1785136074.8262739
1785136074.8262739
1785136074.8262739
1785136074.8262739
1785136074.8262739
1785136074.8262739
1785136074.8262739
1785136074.8262739
1785136074.8262739
1785136074.8262739
1785136074.8262739
1785136074.8262739
1785136074.8262739
1785136074.8262739
1785136074.8262739
1785136074.8262739
1785136074.8262739
1785136074.8262739
1785136074.8262739
1785136074.8262739
1785136074.8262739
1785136074.8262739
1785136074.8262739
1785136074.8262739
1785136074.8262739
1785136074.8262739
1785136074.8262739
1785136074.8262739
1785136074.8262739
1785136074.8262739
1785136074.8262739
1785136074.8262739
1785136074.8262739
1785136074.8262739
1785136074.8264959
1785136074.8264959
1785136074.8264959
1785136074.8264959
1785136074.8264959
1785136074.8264959
1785136074.8264959
1785136074.8264959
1785136074.8264959
1785136074.8264959
1785136074.8264959
1785136074.8264959
1785136074.8264959
1785136074.8264959
1785136074.8264959
1785136074.8264959
1785136074.8264959
1785136074.8264959
1785136074.8264959
1785136074.8264959
1785136074.8264959
1785136074.8264959
1785136074.8264959
1785136074.8264959
1785136074.8264959
1785136074.8264959
1785136074.8264959
1785136074.8264959
1785136074.8264959
1785136074.8264959
1785136074.8264959
1785136074.8264959
1785136074.8264959
1785136074.8264959
1785136074.8264959
1785136074.8264959
1785136074.8264959
1785136074.8264959
1785136074.8264959
1785136074.8264959
1785136074.8264959
1785136074.8264959
1785136074.8264959
1785136074.8264959
1785136074.8264959
1785136074.8264959
1785136074.8264959
1785136074.8267190
1785136074.8267190
1785136074.8267190
1785136074.8267190
1785136074.8267190
1785136074.8267190
1785136074.8267190
1785136074.8267190
1785136074.8267190
1785136074.8267190
1785136074.8267190
1785136074.8267190
1785136074.8267190
1785136074.8267190
1785136074.8267190
1785136074.8267190
1785136074.8267190
1785136074.8267190
1785136074.8267190
1785136074.8267190
1785136074.8267190
1785136074.8267190
1785136074.8267190
1785136074.8267190
1785136074.8267190
1785136074.8267190
1785136074.8267190
1785136074.8267190
1785136074.8267190
1785136074.8267190
1785136074.8267190
1785136074.8267190
1785136074.8267190
1785136074.8267190
1785136074.8267190
1785136074.8267190
1785136074.8267190
1785136074.8267190
1785136074.8267190
1785136074.8267190
1785136074.8267190
1785136074.8267190
1785136074.8267190
1785136074.8267190
1785136074.8267190
1785136074.8267190
1785136074.8267190
1785136074.8269410
1785136074.8269410
1785136074.8269410
1785136074.8269410
1785136074.8269410
1785136074.8269410
1785136074.8269410
1785136074.8269410
1785136074.8269410
1785136074.8269410
1785136074.8269410
1785136074.8269410
1785136074.8269410
1785136074.8269410
1785136074.8269410
1785136074.8269410
1785136074.8269410
1785136074.8269410
1785136074.8269410
1785136074.8269410
1785136074.8269410
1785136074.8269410
1785136074.8269410
1785136074.8269410
1785136074.8269410
1785136074.8269410
1785136074.8269410
1785136074.8269410
1785136074.8269410
1785136074.8269410
1785136074.8269410
1785136074.8269410
1785136074.8269410
1785136074.8269410
1785136074.8269410
1785136074.8269410
1785136074.8269410
1785136074.8269410
1785136074.8269410
1785136074.8269410
1785136074.8269410
1785136074.8269410
1785136074.8269410
1785136074.8269410
1785136074.8269410
1785136074.8269410
1785136074.8271630
1785136074.8271630
1785136074.8271630
1785136074.8271630
1785136074.8271630
1785136074.8271630
1785136074.8271630
1785136074.8271630
1785136074.8271630
1785136074.8271630
1785136074.8271630
1785136074.8271630
1785136074.8271630
1785136074.8271630
1785136074.8271630
1785136074.8271630
1785136074.8271630
1785136074.8271630
1785136074.8271630
1785136074.8271630
1785136074.8271630
1785136074.8271630
1785136074.8271630
1785136074.8271630
1785136074.8271630
1785136074.8271630
1785136074.8271630
1785136074.8271630
1785136074.8271630
1785136074.8271630
1785136074.8271630
1785136074.8271630
1785136074.8271630
1785136074.8271630
1785136074.8271630
1785136074.8271630
1785136074.8271630
1785136074.8271630
1785136074.8271630
1785136074.8271630
1785136074.8271630
1785136074.8271630
1785136074.8271630
1785136074.8271630
1785136074.8271630
1785136074.8271630
1785136074.8271630
1785136074.8273849
1785136074.8273849
1785136074.8273849
1785136074.8273849
1785136074.8273849
1785136074.8273849
1785136074.8273849
1785136074.8273849
1785136074.8273849
1785136074.8273849
1785136074.8273849
1785136074.8273849
1785136074.8273849
1785136074.8273849
1785136074.8273849
1785136074.8273849
1785136074.8273849
1785136074.8273849
1785136074.8273849
1785136074.8273849
1785136074.8273849
1785136074.8273849
1785136074.8273849
1785136074.8273849
1785136074.8273849
1785136074.8273849
1785136074.8273849
1785136074.8273849
1785136074.8273849
1785136074.8273849
1785136074.8273849
1785136074.8273849
1785136074.8273849
1785136074.8273849
1785136074.8273849
1785136074.8273849
1785136074.8273849
1785136074.8273849
1785136074.8273849
1785136074.8273849
1785136074.8273849
1785136074.8273849
1785136074.8273849
1785136074.8273849
1785136074.8273849
1785136074.8273849
1785136074.8273849
1785136074.8273849
1785136074.8276069
1785136074.8276069
1785136074.8276069
1785136074.8276069
1785136074.8276069
1785136074.8276069
1785136074.8276069
1785136074.8276069
1785136074.8276069
1785136074.8276069
1785136074.8276069
1785136074.8276069
1785136074.8276069
1785136074.8276069
1785136074.8276069
1785136074.8276069
1785136074.8276069
1785136074.8276069
1785136074.8276069
1785136074.8276069
1785136074.8276069
1785136074.8276069
1785136074.8276069
1785136074.8276069
1785136074.8276069
1785136074.8276069
1785136074.8276069
1785136074.8276069
1785136074.8276069
1785136074.8276069
1785136074.8276069
1785136074.8276069
1785136074.8276069
1785136074.8276069
1785136074.8276069
1785136074.8276069
1785136074.8276069
1785136074.8276069
1785136074.8276069
1785136074.8276069
1785136074.8276069
1785136074.8276069
1785136074.8276069
1785136074.8276069
1785136074.8276069
1785136074.8276069
1785136074.8276069
1785136074.8276069
1785136074.8278301
1785136074.8278301
1785136074.8278301
1785136074.8278301
1785136074.8278301
1785136074.8278301
1785136074.8278301
1785136074.8278301
1785136074.8278301
1785136074.8278301
1785136074.8278301
1785136074.8278301
1785136074.8278301
1785136074.8278301
1785136074.8278301
1785136074.8278301
1785136074.8278301
1785136074.8278301
1785136074.8278301
1785136074.8278301
1785136074.8278301
1785136074.8278301
1785136074.8278301
1785136074.8278301
1785136074.8278301
1785136074.8278301
1785136074.8278301
1785136074.8278301
1785136074.8278301
1785136074.8278301
1785136074.8278301
1785136074.8278301
1785136074.8278301
1785136074.8278301
1785136074.8278301
1785136074.8278301
1785136074.8278301
1785136074.8278301
1785136074.8278301
1785136074.8278301
1785136074.8278301
1785136074.8278301
1785136074.8278301
1785136074.8278301
1785136074.8278301
1785136074.8278301
1785136074.8278301
1785136074.8278301
1785136074.8280520
1785136074.8280520
1785136074.8280520
1785136074.8280520
1785136074.8280520
1785136074.8280520
1785136074.8280520
1785136074.8280520
1785136074.8280520
1785136074.8280520
1785136074.8280520
1785136074.8280520
1785136074.8280520
1785136074.8280520
1785136074.8280520
1785136074.8280520
1785136074.8280520
1785136074.8280520
1785136074.8280520
1785136074.8280520
1785136074.8280520
1785136074.8280520
1785136074.8280520
1785136074.8280520
1785136074.8280520
1785136074.8280520
1785136074.8280520
1785136074.8280520
1785136074.8280520
1785136074.8280520
1785136074.8280520
1785136074.8280520
1785136074.8280520
1785136074.8280520
1785136074.8280520
1785136074.8280520
1785136074.8280520
1785136074.8280520
1785136074.8280520
1785136074.8280520
1785136074.8280520
1785136074.8280520
1785136074.8280520
1785136074.8280520
1785136074.8280520
1785136074.8280520
1785136074.8280520
1785136074.8282740
1785136074.8282740
1785136074.8282740
1785136074.8282740
1785136074.8282740
1785136074.8282740
1785136074.8282740
1785136074.8282740
1785136074.8282740
1785136074.8282740
1785136074.8282740
1785136074.8282740
1785136074.8282740
1785136074.8282740
1785136074.8282740
1785136074.8282740
1785136074.8282740
1785136074.8282740
1785136074.8282740
1785136074.8282740
1785136074.8282740
1785136074.8282740
1785136074.8282740
1785136074.8282740
1785136074.8282740
1785136074.8282740
1785136074.8282740
1785136074.8282740
1785136074.8282740
1785136074.8282740
1785136074.8282740
1785136074.8282740
1785136074.8282740
1785136074.8282740
1785136074.8282740
1785136074.8282740
1785136074.8282740
1785136074.8282740
1785136074.8282740
1785136074.8282740
1785136074.8282740
1785136074.8282740
1785136074.8282740
1785136074.8282740
1785136074.8282740
1785136074.8282740
1785136074.8282740
1785136074.8282740
1785136074.8284960
1785136074.8284960
1785136074.8284960
1785136074.8284960
1785136074.8284960
1785136074.8284960
1785136074.8284960
1785136074.8284960
1785136074.8284960
1785136074.8284960
1785136074.8284960
1785136074.8284960
1785136074.8284960
1785136074.8284960
1785136074.8284960
1785136074.8284960
1785136074.8284960
1785136074.8284960
1785136074.8284960
1785136074.8284960
1785136074.8284960
1785136074.8284960
1785136074.8284960
1785136074.8284960
1785136074.8284960
1785136074.8284960
1785136074.8284960
1785136074.8284960
1785136074.8284960
1785136074.8284960
1785136074.8284960
1785136074.8284960
1785136074.8284960
1785136074.8284960
1785136074.8284960
1785136074.8284960
1785136074.8284960
1785136074.8284960
1785136074.8284960
1785136074.8284960
1785136074.8284960
1785136074.8284960
1785136074.8284960
1785136074.8284960
1785136074.8284960
1785136074.8284960
1785136074.8284960
1785136074.8284960
1785136074.8287179
1785136074.8287179
1785136074.8287179
1785136074.8287179
1785136074.8287179
1785136074.8287179
1785136074.8287179
1785136074.8287179
1785136074.8287179
1785136074.8287179
1785136074.8287179
1785136074.8287179
1785136074.8287179
1785136074.8287179
1785136074.8287179
1785136074.8287179
1785136074.8287179
1785136074.8287179
1785136074.8287179
1785136074.8287179
1785136074.8287179
1785136074.8287179
1785136074.8287179
1785136074.8287179
1785136074.8287179
1785136074.8287179
1785136074.8287179
1785136074.8287179
1785136074.8287179
1785136074.8287179
1785136074.8287179
1785136074.8287179
1785136074.8287179
1785136074.8287179
1785136074.8287179
1785136074.8287179
1785136074.8287179
1785136074.8287179
1785136074.8287179
1785136074.8287179
1785136074.8287179
1785136074.8287179
1785136074.8287179
1785136074.8287179
1785136074.8287179
1785136074.8287179
1785136074.8287179
1785136074.8287179
1785136074.8287179
1785136074.8289411
1785136074.8289411
1785136074.8289411
1785136074.8289411
1785136074.8289411
1785136074.8289411
1785136074.8289411
1785136074.8289411
1785136074.8289411
1785136074.8289411
1785136074.8289411
1785136074.8289411
1785136074.8289411
1785136074.8289411
1785136074.8289411
1785136074.8289411
1785136074.8289411
1785136074.8289411
1785136074.8289411
1785136074.8289411
1785136074.8289411
1785136074.8289411
1785136074.8289411
1785136074.8289411
1785136074.8289411
1785136074.8289411
1785136074.8289411
1785136074.8289411
1785136074.8289411
1785136074.8289411
1785136074.8289411
1785136074.8289411
1785136074.8289411
1785136074.8289411
1785136074.8289411
1785136074.8289411
1785136074.8289411
1785136074.8289411
1785136074.8289411
1785136074.8289411
1785136074.8289411
1785136074.8289411
1785136074.8289411
1785136074.8289411
1785136074.8289411
1785136074.8289411
1785136074.8289411
1785136074.8289411
1785136074.8289411
1785136074.8291631
1785136074.8291631
1785136074.8291631
1785136074.8291631
1785136074.8291631
1785136074.8291631
1785136074.8291631
1785136074.8291631
1785136074.8291631
1785136074.8291631
1785136074.8291631
1785136074.8291631
1785136074.8291631
1785136074.8291631
1785136074.8291631
1785136074.8291631
1785136074.8291631
1785136074.8291631
1785136074.8291631
1785136074.8291631
1785136074.8291631
1785136074.8291631
1785136074.8291631
1785136074.8291631
1785136074.8291631
1785136074.8291631
1785136074.8291631
1785136074.8291631
1785136074.8291631
1785136074.8291631
1785136074.8291631
1785136074.8291631
1785136074.8291631
1785136074.8291631
1785136074.8291631
1785136074.8291631
1785136074.8291631
1785136074.8291631
1785136074.8291631
1785136074.8291631
1785136074.8291631
1785136074.8291631
1785136074.8291631
1785136074.8291631
1785136074.8291631
1785136074.8291631
1785136074.8291631
1785136074.8291631
1785136074.8291631
1785136074.8293850
1785136074.8293850
1785136074.8293850
1785136074.8293850
1785136074.8293850
1785136074.8293850
1785136074.8293850
1785136074.8293850
1785136074.8293850
1785136074.8293850
1785136074.8293850
1785136074.8293850
1785136074.8293850
1785136074.8293850
1785136074.8293850
1785136074.8293850
1785136074.8293850
1785136074.8293850
1785136074.8293850
1785136074.8293850
1785136074.8293850
1785136074.8293850
1785136074.8293850
1785136074.8293850
1785136074.8293850
1785136074.8293850
1785136074.8293850
1785136074.8293850
1785136074.8293850
1785136074.8293850
1785136074.8293850
1785136074.8293850
1785136074.8293850
1785136074.8293850
1785136074.8293850
1785136074.8293850
1785136074.8293850
1785136074.8293850
1785136074.8293850
1785136074.8293850
1785136074.8293850
1785136074.8293850
1785136074.8293850
1785136074.8293850
1785136074.8293850
1785136074.8293850
1785136074.8293850
1785136074.8293850
1785136074.8293850
1785136074.8296070
1785136074.8296070
1785136074.8296070
1785136074.8296070
1785136074.8296070
1785136074.8296070
1785136074.8296070
1785136074.8296070
1785136074.8296070
1785136074.8296070
1785136074.8296070
1785136074.8296070
1785136074.8296070
1785136074.8296070
1785136074.8296070
1785136074.8296070
1785136074.8296070
1785136074.8296070
1785136074.8296070
1785136074.8296070
1785136074.8296070
1785136074.8296070
1785136074.8296070
1785136074.8296070
1785136074.8296070
1785136074.8296070
1785136074.8296070
1785136074.8296070
1785136074.8296070
1785136074.8296070
1785136074.8296070
1785136074.8296070
1785136074.8296070
1785136074.8296070
1785136074.8296070
1785136074.8296070
1785136074.8296070
1785136074.8296070
1785136074.8296070
1785136074.8296070
1785136074.8296070
1785136074.8296070
1785136074.8296070
1785136074.8296070
1785136074.8296070
1785136074.8296070
1785136074.8296070
1785136074.8296070
1785136074.8296070
1785136074.8298290
1785136074.8298290
1785136074.8298290
1785136074.8298290
1785136074.8298290
1785136074.8298290
1785136074.8298290
1785136074.8298290
1785136074.8298290
1785136074.8298290
1785136074.8298290
1785136074.8298290
1785136074.8298290
1785136074.8298290
1785136074.8298290
1785136074.8298290
1785136074.8298290
1785136074.8298290
1785136074.8298290
1785136074.8298290
1785136074.8298290
1785136074.8298290
1785136074.8298290
1785136074.8298290
1785136074.8298290
1785136074.8298290
1785136074.8298290
1785136074.8298290
1785136074.8298290
1785136074.8298290
1785136074.8298290
1785136074.8298290
1785136074.8298290
1785136074.8298290
1785136074.8298290
1785136074.8298290
1785136074.8298290
1785136074.8298290
1785136074.8298290
1785136074.8298290
1785136074.8298290
1785136074.8298290
1785136074.8298290
1785136074.8298290
1785136074.8298290
1785136074.8298290
1785136074.8298290
1785136074.8298290
1785136074.8298290
1785136074.8300519
1785136074.8300519
1785136074.8300519
1785136074.8300519
1785136074.8300519
1785136074.8300519
1785136074.8300519
1785136074.8300519
1785136074.8300519
1785136074.8300519
1785136074.8300519
1785136074.8300519
1785136074.8300519
1785136074.8300519
1785136074.8300519
1785136074.8300519
1785136074.8300519
1785136074.8300519
1785136074.8300519
1785136074.8300519
1785136074.8300519
1785136074.8300519
1785136074.8300519
1785136074.8300519
1785136074.8300519
1785136074.8300519
1785136074.8300519
1785136074.8300519
1785136074.8300519
1785136074.8300519
1785136074.8300519
1785136074.8300519
1785136074.8300519
1785136074.8300519
1785136074.8300519
1785136074.8300519
1785136074.8300519
1785136074.8300519
1785136074.8300519
1785136074.8300519
1785136074.8300519
1785136074.8300519
1785136074.8300519
1785136074.8300519
1785136074.8300519
1785136074.8300519
1785136074.8300519
1785136074.8300519
1785136074.8300519
1785136074.8300519
1785136074.8302741
1785136074.8302741
1785136074.8302741
1785136074.8302741
1785136074.8302741
1785136074.8302741
1785136074.8302741
1785136074.8302741
1785136074.8302741
1785136074.8302741
1785136074.8302741
1785136074.8302741
1785136074.8302741
1785136074.8302741
1785136074.8302741
1785136074.8302741
1785136074.8302741
1785136074.8302741
1785136074.8302741
1785136074.8302741
1785136074.8302741
1785136074.8302741
1785136074.8302741
1785136074.8302741
1785136074.8302741
1785136074.8302741
1785136074.8302741
1785136074.8302741
1785136074.8302741
1785136074.8302741
1785136074.8302741
1785136074.8302741
1785136074.8302741
1785136074.8302741
1785136074.8302741
1785136074.8302741
1785136074.8302741
1785136074.8302741
1785136074.8302741
1785136074.8302741
1785136074.8302741
1785136074.8302741
1785136074.8302741
1785136074.8302741
1785136074.8302741
1785136074.8302741
1785136074.8302741
1785136074.8302741
1785136074.8302741
1785136074.8302741
1785136074.8304961
1785136074.8304961
1785136074.8304961
1785136074.8304961
1785136074.8304961
1785136074.8304961
1785136074.8304961
1785136074.8304961
1785136074.8304961
1785136074.8304961
1785136074.8304961
1785136074.8304961
1785136074.8304961
1785136074.8304961
1785136074.8304961
1785136074.8304961
1785136074.8304961
1785136074.8304961
1785136074.8304961
1785136074.8304961
1785136074.8304961
1785136074.8304961
1785136074.8304961
1785136074.8304961
1785136074.8304961
1785136074.8304961
1785136074.8304961
1785136074.8304961
1785136074.8304961
1785136074.8304961
1785136074.8304961
1785136074.8304961
1785136074.8304961
1785136074.8304961
1785136074.8304961
1785136074.8304961
1785136074.8304961
1785136074.8304961
1785136074.8304961
1785136074.8304961
1785136074.8304961
1785136074.8304961
1785136074.8304961
1785136074.8304961
1785136074.8304961
1785136074.8304961
1785136074.8304961
1785136074.8304961
1785136074.8304961
1785136074.8304961
1785136074.8307180
1785136074.8307180
1785136074.8307180
1785136074.8307180
1785136074.8307180
1785136074.8307180
1785136074.8307180
1785136074.8307180
1785136074.8307180
1785136074.8307180
1785136074.8307180
1785136074.8307180
1785136074.8307180
1785136074.8307180
1785136074.8307180
1785136074.8307180
1785136074.8307180
1785136074.8307180
1785136074.8307180
1785136074.8307180
1785136074.8307180
1785136074.8307180
1785136074.8307180
1785136074.8307180
1785136074.8307180
1785136074.8307180
1785136074.8307180
1785136074.8307180
1785136074.8307180
1785136074.8307180
1785136074.8307180
1785136074.8307180
1785136074.8307180
1785136074.8307180
1785136074.8307180
1785136074.8307180
1785136074.8307180
1785136074.8307180
1785136074.8307180
1785136074.8307180
1785136074.8307180
1785136074.8307180
1785136074.8307180
1785136074.8307180
1785136074.8307180
1785136074.8307180
1785136074.8307180
1785136074.8307180
1785136074.8307180
1785136074.8307180
1785136074.8309400
1785136074.8309400
1785136074.8309400
1785136074.8309400
1785136074.8309400
1785136074.8309400
1785136074.8309400
1785136074.8309400
1785136074.8309400
1785136074.8309400
1785136074.8309400
1785136074.8309400
1785136074.8309400
1785136074.8309400
1785136074.8309400
1785136074.8309400
1785136074.8309400
1785136074.8309400
1785136074.8309400
1785136074.8309400
1785136074.8309400
1785136074.8309400
1785136074.8309400
1785136074.8309400
1785136074.8309400
1785136074.8309400
1785136074.8309400
1785136074.8309400
1785136074.8309400
1785136074.8309400
1785136074.8309400
1785136074.8309400
1785136074.8309400
1785136074.8309400
1785136074.8309400
1785136074.8309400
1785136074.8309400
1785136074.8309400
1785136074.8309400
1785136074.8309400
1785136074.8309400
1785136074.8309400
1785136074.8309400
1785136074.8309400
1785136074.8309400
1785136074.8309400
1785136074.8309400
1785136074.8309400
1785136074.8309400
1785136074.8309400
1785136074.8311629
1785136074.8311629
1785136074.8311629
1785136074.8311629
1785136074.8311629
1785136074.8311629
1785136074.8311629
1785136074.8311629
1785136074.8311629
1785136074.8311629
1785136074.8311629
1785136074.8311629
1785136074.8311629
1785136074.8311629
1785136074.8311629
1785136074.8311629
1785136074.8311629
1785136074.8311629
1785136074.8311629
1785136074.8311629
1785136074.8311629
1785136074.8311629
1785136074.8311629
1785136074.8311629
1785136074.8311629
1785136074.8311629
1785136074.8311629
1785136074.8311629
1785136074.8311629
1785136074.8311629
1785136074.8311629
1785136074.8311629
1785136074.8311629
1785136074.8311629
1785136074.8311629
1785136074.8311629
1785136074.8311629
1785136074.8311629
1785136074.8311629
1785136074.8311629
1785136074.8311629
1785136074.8311629
1785136074.8311629
1785136074.8311629
1785136074.8311629
1785136074.8311629
1785136074.8311629
1785136074.8311629
1785136074.8311629
1785136074.8311629
1785136074.8313849
1785136074.8313849
1785136074.8313849
1785136074.8313849
1785136074.8313849
1785136074.8313849
1785136074.8313849
1785136074.8313849
1785136074.8313849
1785136074.8313849
1785136074.8313849
1785136074.8313849
1785136074.8313849
1785136074.8313849
1785136074.8313849
1785136074.8313849
1785136074.8313849
1785136074.8313849
1785136074.8313849
1785136074.8313849
1785136074.8313849
1785136074.8313849
1785136074.8313849
1785136074.8313849
1785136074.8313849
1785136074.8313849
1785136074.8313849
1785136074.8313849
1785136074.8313849
1785136074.8313849
1785136074.8313849
1785136074.8313849
1785136074.8313849
1785136074.8313849
1785136074.8313849
1785136074.8313849
1785136074.8313849
1785136074.8313849
1785136074.8313849
1785136074.8313849
1785136074.8313849
1785136074.8313849
1785136074.8313849
1785136074.8313849
1785136074.8313849
1785136074.8313849
1785136074.8313849
1785136074.8313849
1785136074.8313849
1785136074.8313849
1785136074.8316071
1785136074.8316071
1785136074.8316071
1785136074.8316071
1785136074.8316071
1785136074.8316071
1785136074.8316071
1785136074.8316071
1785136074.8316071
1785136074.8316071
1785136074.8316071
1785136074.8316071
1785136074.8316071
1785136074.8316071
1785136074.8316071
1785136074.8316071
1785136074.8316071
1785136074.8316071
1785136074.8316071
1785136074.8316071
1785136074.8316071
1785136074.8316071
1785136074.8316071
1785136074.8316071
1785136074.8316071
1785136074.8316071
1785136074.8316071
1785136074.8316071
1785136074.8316071
1785136074.8316071
1785136074.8316071
1785136074.8316071
1785136074.8316071
1785136074.8316071
1785136074.8316071
1785136074.8316071
1785136074.8316071
1785136074.8316071
1785136074.8316071
1785136074.8316071
1785136074.8316071
1785136074.8316071
1785136074.8316071
1785136074.8316071
1785136074.8316071
1785136074.8316071
1785136074.8316071
1785136074.8316071
1785136074.8316071
1785136074.8316071
1785136074.8318291
1785136074.8318291
1785136074.8318291
1785136074.8318291
1785136074.8318291
1785136074.8318291
1785136074.8318291
1785136074.8318291
1785136074.8318291
1785136074.8318291
1785136074.8318291
1785136074.8318291
1785136074.8318291
1785136074.8318291
1785136074.8318291
1785136074.8318291
1785136074.8318291
1785136074.8318291
1785136074.8318291
1785136074.8318291
1785136074.8318291
1785136074.8318291
1785136074.8318291
1785136074.8318291
1785136074.8318291
1785136074.8318291
1785136074.8318291
1785136074.8318291
1785136074.8318291
1785136074.8318291
1785136074.8318291
1785136074.8318291
1785136074.8318291
1785136074.8318291
1785136074.8318291
1785136074.8318291
1785136074.8318291
1785136074.8318291
1785136074.8318291
1785136074.8318291
1785136074.8318291
1785136074.8318291
1785136074.8318291
1785136074.8318291
1785136074.8318291
1785136074.8318291
1785136074.8318291
1785136074.8318291
1785136074.8318291
1785136074.8318291
1785136074.8318291
1785136074.8320510
1785136074.8320510
1785136074.8320510
1785136074.8320510
1785136074.8320510
1785136074.8320510
1785136074.8320510
1785136074.8320510
1785136074.8320510
1785136074.8320510
1785136074.8320510
1785136074.8320510
1785136074.8320510
1785136074.8320510
1785136074.8320510
1785136074.8320510
1785136074.8320510
1785136074.8320510
1785136074.8320510
1785136074.8320510
1785136074.8320510
1785136074.8320510
1785136074.8320510
1785136074.8320510
1785136074.8320510
1785136074.8320510
1785136074.8320510
1785136074.8320510
1785136074.8320510
1785136074.8320510
1785136074.8320510
1785136074.8320510
1785136074.8320510
1785136074.8320510
1785136074.8320510
1785136074.8320510
1785136074.8320510
1785136074.8320510
1785136074.8320510
1785136074.8320510
1785136074.8320510
1785136074.8320510
1785136074.8320510
1785136074.8320510
1785136074.8320510
1785136074.8320510
1785136074.8320510
1785136074.8320510
1785136074.8320510
1785136074.8320510
1785136074.8320510
1785136074.8322740
1785136074.8322740
1785136074.8322740
1785136074.8322740
1785136074.8322740
1785136074.8322740
1785136074.8322740
1785136074.8322740
1785136074.8322740
1785136074.8322740
1785136074.8322740
1785136074.8322740
1785136074.8322740
1785136074.8322740
1785136074.8322740
1785136074.8322740
1785136074.8322740
1785136074.8322740
1785136074.8322740
1785136074.8322740
1785136074.8322740
1785136074.8322740
1785136074.8322740
1785136074.8322740
1785136074.8322740
1785136074.8322740
1785136074.8322740
1785136074.8322740
1785136074.8322740
1785136074.8322740
1785136074.8322740
1785136074.8322740
1785136074.8322740
1785136074.8322740
1785136074.8322740
1785136074.8322740
1785136074.8322740
1785136074.8322740
1785136074.8322740
1785136074.8322740
1785136074.8322740
1785136074.8322740
1785136074.8322740
1785136074.8322740
1785136074.8322740
1785136074.8322740
1785136074.8322740
1785136074.8322740
1785136074.8322740
1785136074.8322740
1785136074.8322740
1785136074.8324959
1785136074.8324959
1785136074.8324959
1785136074.8324959
1785136074.8324959
1785136074.8324959
1785136074.8324959
1785136074.8324959
1785136074.8324959
1785136074.8324959
1785136074.8324959
1785136074.8324959
1785136074.8324959
1785136074.8324959
1785136074.8324959
1785136074.8324959
1785136074.8324959
1785136074.8324959
1785136074.8324959
1785136074.8324959
1785136074.8324959
1785136074.8324959
1785136074.8324959
1785136074.8324959
1785136074.8324959
1785136074.8324959
1785136074.8324959
1785136074.8324959
1785136074.8324959
1785136074.8324959
1785136074.8324959
1785136074.8324959
1785136074.8324959
1785136074.8324959
1785136074.8324959
1785136074.8324959
1785136074.8324959
1785136074.8324959
1785136074.8324959
1785136074.8324959
1785136074.8324959
1785136074.8324959
1785136074.8324959
1785136074.8324959
1785136074.8324959
1785136074.8324959
1785136074.8324959
1785136074.8324959
1785136074.8324959
1785136074.8324959
1785136074.8324959
1785136074.8327179
1785136074.8327179
1785136074.8327179
1785136074.8327179
1785136074.8327179
1785136074.8327179
1785136074.8327179
1785136074.8327179
1785136074.8327179
1785136074.8327179
1785136074.8327179
1785136074.8327179
1785136074.8327179
1785136074.8327179
1785136074.8327179
1785136074.8327179
1785136074.8327179
1785136074.8327179
1785136074.8327179
1785136074.8327179
1785136074.8327179
1785136074.8327179
1785136074.8327179
1785136074.8327179
1785136074.8327179
1785136074.8327179
1785136074.8327179
1785136074.8327179
1785136074.8327179
1785136074.8327179
1785136074.8327179
1785136074.8327179
1785136074.8327179
1785136074.8327179
1785136074.8327179
1785136074.8327179
1785136074.8327179
1785136074.8327179
1785136074.8327179
1785136074.8327179
1785136074.8327179
1785136074.8327179
1785136074.8327179
1785136074.8327179
1785136074.8327179
1785136074.8327179
1785136074.8327179
1785136074.8327179
1785136074.8327179
1785136074.8327179
1785136074.8327179
1785136074.8329401
1785136074.8329401
1785136074.8329401
1785136074.8329401
1785136074.8329401
1785136074.8329401
1785136074.8329401
1785136074.8329401
1785136074.8329401
1785136074.8329401
1785136074.8329401
1785136074.8329401
1785136074.8329401
1785136074.8329401
1785136074.8329401
1785136074.8329401
1785136074.8329401
1785136074.8329401
1785136074.8329401
1785136074.8329401
1785136074.8329401
1785136074.8329401
1785136074.8329401
1785136074.8329401
1785136074.8329401
1785136074.8329401
1785136074.8329401
1785136074.8329401
1785136074.8329401
1785136074.8329401
1785136074.8329401
1785136074.8329401
1785136074.8329401
1785136074.8329401
1785136074.8329401
1785136074.8329401
1785136074.8329401
1785136074.8329401
1785136074.8329401
1785136074.8329401
1785136074.8329401
1785136074.8329401
1785136074.8329401
1785136074.8329401
1785136074.8329401
1785136074.8329401
1785136074.8329401
1785136074.8329401
1785136074.8329401
1785136074.8329401
1785136074.8329401
1785136074.8331621
1785136074.8331621
1785136074.8331621
1785136074.8331621
1785136074.8331621
1785136074.8331621
1785136074.8331621
1785136074.8331621
1785136074.8331621
1785136074.8331621
1785136074.8331621
1785136074.8331621
1785136074.8331621
1785136074.8331621
1785136074.8331621
1785136074.8331621
1785136074.8331621
1785136074.8331621
1785136074.8331621
1785136074.8331621
1785136074.8331621
1785136074.8331621
1785136074.8331621
1785136074.8331621
1785136074.8331621
1785136074.8331621
1785136074.8331621
1785136074.8331621
1785136074.8331621
1785136074.8331621
1785136074.8331621
1785136074.8331621
1785136074.8331621
1785136074.8331621
1785136074.8331621
1785136074.8331621
1785136074.8331621
1785136074.8331621
1785136074.8331621
1785136074.8331621
1785136074.8331621
1785136074.8331621
1785136074.8331621
1785136074.8331621
1785136074.8331621
1785136074.8331621
1785136074.8331621
1785136074.8331621
1785136074.8331621
1785136074.8331621
1785136074.8331621
1785136074.8333850
1785136074.8333850
1785136074.8333850
1785136074.8333850
1785136074.8333850
1785136074.8333850
1785136074.8333850
1785136074.8333850
1785136074.8333850
1785136074.8333850
1785136074.8333850
1785136074.8333850
1785136074.8333850
1785136074.8333850
1785136074.8333850
1785136074.8333850
1785136074.8333850
1785136074.8333850
1785136074.8333850
1785136074.8333850
1785136074.8333850
1785136074.8333850
1785136074.8333850
1785136074.8333850
1785136074.8333850
1785136074.8333850
1785136074.8333850
1785136074.8333850
1785136074.8333850
1785136074.8333850
1785136074.8333850
1785136074.8333850
1785136074.8333850
1785136074.8333850
1785136074.8333850
1785136074.8333850
1785136074.8333850
1785136074.8333850
1785136074.8333850
1785136074.8333850
1785136074.8333850
1785136074.8333850
1785136074.8333850
1785136074.8333850
1785136074.8333850
1785136074.8333850
1785136074.8333850
1785136074.8333850
1785136074.8333850
1785136074.8333850
1785136074.8333850
1785136074.8336070
1785136074.8336070
1785136074.8336070
1785136074.8336070
1785136074.8336070
1785136074.8336070
1785136074.8336070
1785136074.8336070
1785136074.8336070
1785136074.8336070
1785136074.8336070
1785136074.8336070
1785136074.8336070
1785136074.8336070
1785136074.8336070
1785136074.8336070
1785136074.8336070
1785136074.8336070
1785136074.8336070
1785136074.8336070
1785136074.8336070
1785136074.8336070
1785136074.8336070
1785136074.8336070
1785136074.8336070
1785136074.8336070
1785136074.8336070
1785136074.8336070
1785136074.8336070
1785136074.8336070
1785136074.8336070
1785136074.8336070
1785136074.8336070
1785136074.8336070
1785136074.8336070
1785136074.8336070
1785136074.8336070
1785136074.8336070
1785136074.8336070
1785136074.8336070
1785136074.8336070
1785136074.8336070
1785136074.8336070
1785136074.8336070
1785136074.8336070
1785136074.8336070
1785136074.8336070
1785136074.8336070
1785136074.8336070
1785136074.8336070
1785136074.8336070
1785136074.8338289
1785136074.8338289
1785136074.8338289
1785136074.8338289
1785136074.8338289
1785136074.8338289
1785136074.8338289
1785136074.8338289
1785136074.8338289
1785136074.8338289
1785136074.8338289
1785136074.8338289
1785136074.8338289
1785136074.8338289
1785136074.8338289
1785136074.8338289
1785136074.8338289
1785136074.8338289
1785136074.8338289
1785136074.8338289
1785136074.8338289
1785136074.8338289
1785136074.8338289
1785136074.8338289
1785136074.8338289
1785136074.8338289
1785136074.8338289
1785136074.8338289
1785136074.8338289
1785136074.8338289
1785136074.8338289
1785136074.8338289
1785136074.8338289
1785136074.8338289
1785136074.8338289
1785136074.8338289
1785136074.8338289
1785136074.8338289
1785136074.8338289
1785136074.8338289
1785136074.8338289
1785136074.8338289
1785136074.8338289
1785136074.8338289
1785136074.8338289
1785136074.8338289
1785136074.8338289
1785136074.8338289
1785136074.8338289
1785136074.8338289
1785136074.8338289
1785136074.8338289
1785136074.8340509
1785136074.8340509
1785136074.8340509
1785136074.8340509
1785136074.8340509
1785136074.8340509
1785136074.8340509
1785136074.8340509
1785136074.8340509
1785136074.8340509
1785136074.8340509
1785136074.8340509
1785136074.8340509
1785136074.8340509
1785136074.8340509
1785136074.8340509
1785136074.8340509
1785136074.8340509
1785136074.8340509
1785136074.8340509
1785136074.8340509
1785136074.8340509
1785136074.8340509
1785136074.8340509
1785136074.8340509
1785136074.8340509
1785136074.8340509
1785136074.8340509
1785136074.8340509
1785136074.8340509
1785136074.8340509
1785136074.8340509
1785136074.8340509
1785136074.8340509
1785136074.8340509
1785136074.8340509
1785136074.8340509
1785136074.8340509
1785136074.8340509
1785136074.8340509
1785136074.8340509
1785136074.8340509
1785136074.8340509
1785136074.8340509
1785136074.8340509
1785136074.8340509
1785136074.8340509
1785136074.8340509
1785136074.8340509
1785136074.8340509
1785136074.8340509
1785136074.8340509
1785136074.8342741
1785136074.8342741
1785136074.8342741
1785136074.8342741
1785136074.8342741
1785136074.8342741
1785136074.8342741
1785136074.8342741
1785136074.8342741
1785136074.8342741
1785136074.8342741
1785136074.8342741
1785136074.8342741
1785136074.8342741
1785136074.8342741
1785136074.8342741
1785136074.8342741
1785136074.8342741
1785136074.8342741
1785136074.8342741
1785136074.8342741
1785136074.8342741
1785136074.8342741
1785136074.8342741
1785136074.8342741
1785136074.8342741
1785136074.8342741
1785136074.8342741
1785136074.8342741
1785136074.8342741
1785136074.8342741
1785136074.8342741
1785136074.8342741
1785136074.8342741
1785136074.8342741
1785136074.8342741
1785136074.8342741
1785136074.8342741
1785136074.8342741
1785136074.8342741
1785136074.8342741
1785136074.8342741
1785136074.8342741
1785136074.8342741
1785136074.8342741
1785136074.8342741
1785136074.8342741
1785136074.8342741
1785136074.8342741
1785136074.8342741
1785136074.8342741
1785136074.8342741
1785136074.8344960
1785136074.8344960
1785136074.8344960
1785136074.8344960
1785136074.8344960
1785136074.8344960
1785136074.8344960
1785136074.8344960
1785136074.8344960
1785136074.8344960
1785136074.8344960
1785136074.8344960
1785136074.8344960
1785136074.8344960
1785136074.8344960
1785136074.8344960
1785136074.8344960
1785136074.8344960
1785136074.8344960
1785136074.8344960
1785136074.8344960
1785136074.8344960
1785136074.8344960
1785136074.8344960
1785136074.8344960
1785136074.8344960
1785136074.8344960
1785136074.8344960
1785136074.8344960
1785136074.8344960
1785136074.8344960
1785136074.8344960
1785136074.8344960
1785136074.8344960
1785136074.8344960
1785136074.8344960
1785136074.8344960
1785136074.8344960
1785136074.8344960
1785136074.8344960
1785136074.8344960
1785136074.8344960
1785136074.8344960
1785136074.8344960
1785136074.8344960
1785136074.8344960
1785136074.8344960
1785136074.8344960
1785136074.8344960
1785136074.8344960
1785136074.8344960
1785136074.8344960
1785136074.8347180
1785136074.8347180
1785136074.8347180
1785136074.8347180
1785136074.8347180
1785136074.8347180
1785136074.8347180
1785136074.8347180
1785136074.8347180
1785136074.8347180
1785136074.8347180
1785136074.8347180
1785136074.8347180
1785136074.8347180
1785136074.8347180
1785136074.8347180
1785136074.8347180
1785136074.8347180
1785136074.8347180
1785136074.8347180
1785136074.8347180
1785136074.8347180
1785136074.8347180
1785136074.8347180
1785136074.8347180
1785136074.8347180
1785136074.8347180
1785136074.8347180
1785136074.8347180
1785136074.8347180
1785136074.8347180
1785136074.8347180
1785136074.8347180
1785136074.8347180
1785136074.8347180
1785136074.8347180
1785136074.8347180
1785136074.8347180
1785136074.8347180
1785136074.8347180
1785136074.8347180
1785136074.8347180
1785136074.8347180
1785136074.8347180
1785136074.8347180
1785136074.8347180
1785136074.8347180
1785136074.8347180
1785136074.8347180
1785136074.8347180
1785136074.8347180
1785136074.8347180
1785136074.8349400
1785136074.8349400
1785136074.8349400
1785136074.8349400
1785136074.8349400
1785136074.8349400
1785136074.8349400
1785136074.8349400
1785136074.8349400
1785136074.8349400
1785136074.8349400
1785136074.8349400
1785136074.8349400
1785136074.8349400
1785136074.8349400
1785136074.8349400
1785136074.8349400
1785136074.8349400
1785136074.8349400
1785136074.8349400
1785136074.8349400
1785136074.8349400
1785136074.8349400
1785136074.8349400
1785136074.8349400
1785136074.8349400
1785136074.8349400
1785136074.8349400
1785136074.8349400
1785136074.8349400
1785136074.8349400
1785136074.8349400
1785136074.8349400
1785136074.8349400
1785136074.8349400
1785136074.8349400
1785136074.8349400
1785136074.8349400
1785136074.8349400
1785136074.8349400
1785136074.8349400
1785136074.8349400
1785136074.8349400
1785136074.8349400
1785136074.8349400
1785136074.8349400
1785136074.8349400
1785136074.8349400
1785136074.8349400
1785136074.8349400
1785136074.8349400
1785136074.8349400
1785136074.8351631
1785136074.8351631
1785136074.8351631
1785136074.8351631
1785136074.8351631
1785136074.8351631
1785136074.8351631
1785136074.8351631
1785136074.8351631
1785136074.8351631
1785136074.8351631
1785136074.8351631
1785136074.8351631
1785136074.8351631
1785136074.8351631
1785136074.8351631
1785136074.8351631
1785136074.8351631
1785136074.8351631
1785136074.8351631
1785136074.8351631
1785136074.8351631
1785136074.8351631
1785136074.8351631
1785136074.8351631
1785136074.8351631
1785136074.8351631
1785136074.8351631
1785136074.8351631
1785136074.8351631
1785136074.8351631
1785136074.8351631
1785136074.8351631
1785136074.8351631
1785136074.8351631
1785136074.8351631
1785136074.8351631
1785136074.8351631
1785136074.8351631
1785136074.8351631
1785136074.8351631
1785136074.8351631
1785136074.8351631
1785136074.8351631
1785136074.8351631
1785136074.8351631
1785136074.8351631
1785136074.8351631
1785136074.8351631
1785136074.8351631
1785136074.8351631
1785136074.8351631
1785136074.8353851
1785136074.8353851
1785136074.8353851
1785136074.8353851
1785136074.8353851
1785136074.8353851
1785136074.8353851
1785136074.8353851
1785136074.8353851
1785136074.8353851
1785136074.8353851
1785136074.8353851
1785136074.8353851
1785136074.8353851
1785136074.8353851
1785136074.8353851
1785136074.8353851
1785136074.8353851
1785136074.8353851
1785136074.8353851
1785136074.8353851
1785136074.8353851
1785136074.8353851
1785136074.8353851
1785136074.8353851
1785136074.8353851
1785136074.8353851
1785136074.8353851
1785136074.8353851
1785136074.8353851
1785136074.8353851
1785136074.8353851
1785136074.8353851
1785136074.8353851
1785136074.8353851
1785136074.8353851
1785136074.8353851
1785136074.8353851
1785136074.8353851
1785136074.8353851
1785136074.8353851
1785136074.8353851
1785136074.8353851
1785136074.8353851
1785136074.8353851
1785136074.8353851
1785136074.8353851
1785136074.8353851
1785136074.8353851
1785136074.8353851
1785136074.8353851
1785136074.8353851
1785136074.8356071
1785136074.8356071
1785136074.8356071
1785136074.8356071
1785136074.8356071
1785136074.8356071
1785136074.8356071
1785136074.8356071
1785136074.8356071
1785136074.8356071
1785136074.8356071
1785136074.8356071
1785136074.8356071
1785136074.8356071
1785136074.8356071
1785136074.8356071
1785136074.8356071
1785136074.8356071
1785136074.8356071
1785136074.8356071
1785136074.8356071
1785136074.8356071
1785136074.8356071
1785136074.8356071
1785136074.8356071
1785136074.8356071
1785136074.8356071
1785136074.8356071
1785136074.8356071
1785136074.8356071
1785136074.8356071
1785136074.8356071
1785136074.8356071
1785136074.8356071
1785136074.8356071
1785136074.8356071
1785136074.8356071
1785136074.8356071
1785136074.8356071
1785136074.8356071
1785136074.8356071
1785136074.8356071
1785136074.8356071
1785136074.8356071
1785136074.8356071
1785136074.8356071
1785136074.8356071
1785136074.8356071
1785136074.8356071
1785136074.8356071
1785136074.8356071
1785136074.8356071
1785136074.8358290
1785136074.8358290
1785136074.8358290
1785136074.8358290
1785136074.8358290
1785136074.8358290
1785136074.8358290
1785136074.8358290
1785136074.8358290
1785136074.8358290
1785136074.8358290
1785136074.8358290
1785136074.8358290
1785136074.8358290
1785136074.8358290
1785136074.8358290
1785136074.8358290
1785136074.8358290
1785136074.8358290
1785136074.8358290
1785136074.8358290
1785136074.8358290
1785136074.8358290
1785136074.8358290
1785136074.8358290
1785136074.8358290
1785136074.8358290
1785136074.8358290
1785136074.8358290
1785136074.8358290
1785136074.8358290
1785136074.8358290
1785136074.8358290
1785136074.8358290
1785136074.8358290
1785136074.8358290
1785136074.8358290
1785136074.8358290
1785136074.8358290
1785136074.8358290
1785136074.8358290
1785136074.8358290
1785136074.8358290
1785136074.8358290
1785136074.8358290
1785136074.8358290
1785136074.8358290
1785136074.8358290
1785136074.8358290
1785136074.8358290
1785136074.8358290
1785136074.8358290
1785136074.8360510
1785136074.8360510
1785136074.8360510
1785136074.8360510
1785136074.8360510
1785136074.8360510
1785136074.8360510
1785136074.8360510
1785136074.8360510
1785136074.8360510
1785136074.8360510
1785136074.8360510
1785136074.8360510
1785136074.8360510
1785136074.8360510
1785136074.8360510
1785136074.8360510
1785136074.8360510
1785136074.8360510
1785136074.8360510
1785136074.8360510
1785136074.8360510
1785136074.8360510
1785136074.8360510
1785136074.8360510
1785136074.8360510
1785136074.8360510
1785136074.8360510
1785136074.8360510
1785136074.8360510
1785136074.8360510
1785136074.8360510
1785136074.8360510
1785136074.8360510
1785136074.8360510
1785136074.8360510
1785136074.8360510
1785136074.8360510
1785136074.8360510
1785136074.8360510
1785136074.8360510
1785136074.8360510
1785136074.8360510
1785136074.8360510
1785136074.8360510
1785136074.8360510
1785136074.8360510
1785136074.8360510
1785136074.8360510
1785136074.8360510
1785136074.8360510
1785136074.8360510
1785136074.8362739
1785136074.8362739
1785136074.8362739
1785136074.8362739
1785136074.8362739
1785136074.8362739
1785136074.8362739
1785136074.8362739
1785136074.8362739
1785136074.8362739
1785136074.8362739
1785136074.8362739
1785136074.8362739
1785136074.8362739
1785136074.8362739
1785136074.8362739
1785136074.8362739
1785136074.8362739
1785136074.8362739
1785136074.8362739
1785136074.8362739
1785136074.8362739
1785136074.8362739
1785136074.8362739
1785136074.8362739
1785136074.8362739
1785136074.8362739
1785136074.8362739
1785136074.8362739
1785136074.8362739
1785136074.8362739
1785136074.8362739
1785136074.8362739
1785136074.8362739
1785136074.8362739
1785136074.8362739
1785136074.8362739
1785136074.8362739
1785136074.8362739
1785136074.8362739
1785136074.8362739
1785136074.8362739
1785136074.8362739
1785136074.8362739
1785136074.8362739
1785136074.8362739
1785136074.8362739
1785136074.8362739
1785136074.8362739
1785136074.8362739
1785136074.8362739
1785136074.8362739
1785136074.8364961
1785136074.8364961
1785136074.8364961
1785136074.8364961
1785136074.8364961
1785136074.8364961
1785136074.8364961
1785136074.8364961
1785136074.8364961
1785136074.8364961
1785136074.8364961
1785136074.8364961
1785136074.8364961
1785136074.8364961
1785136074.8364961
1785136074.8364961
1785136074.8364961
1785136074.8364961
1785136074.8364961
1785136074.8364961
1785136074.8364961
1785136074.8364961
1785136074.8364961
1785136074.8364961
1785136074.8364961
1785136074.8364961
1785136074.8364961
1785136074.8364961
1785136074.8364961
1785136074.8364961
1785136074.8364961
1785136074.8364961
1785136074.8364961
1785136074.8364961
1785136074.8364961
1785136074.8364961
1785136074.8364961
1785136074.8364961
1785136074.8364961
1785136074.8364961
1785136074.8364961
1785136074.8364961
1785136074.8364961
1785136074.8364961
1785136074.8364961
1785136074.8364961
1785136074.8364961
1785136074.8364961
1785136074.8364961
1785136074.8364961
1785136074.8364961
1785136074.8364961
1785136074.8367181
1785136074.8367181
1785136074.8367181
1785136074.8367181
1785136074.8367181
1785136074.8367181
1785136074.8367181
1785136074.8367181
1785136074.8367181
1785136074.8367181
1785136074.8367181
1785136074.8367181
1785136074.8367181
1785136074.8367181
1785136074.8367181
1785136074.8367181
1785136074.8367181
1785136074.8367181
1785136074.8367181
1785136074.8367181
1785136074.8367181
1785136074.8367181
1785136074.8367181
1785136074.8367181
1785136074.8367181
1785136074.8367181
1785136074.8367181
1785136074.8367181
1785136074.8367181
1785136074.8367181
1785136074.8367181
1785136074.8367181
1785136074.8367181
1785136074.8367181
1785136074.8367181
1785136074.8367181
1785136074.8367181
1785136074.8367181
1785136074.8367181
1785136074.8367181
1785136074.8367181
1785136074.8367181
1785136074.8367181
1785136074.8367181
1785136074.8367181
1785136074.8367181
1785136074.8367181
1785136074.8367181
1785136074.8367181
1785136074.8367181
1785136074.8367181
1785136074.8367181
1785136074.8369401
1785136074.8369401
1785136074.8369401
1785136074.8369401
1785136074.8369401
1785136074.8369401
1785136074.8369401
1785136074.8369401
1785136074.8369401
1785136074.8369401
1785136074.8369401
1785136074.8369401
1785136074.8369401
1785136074.8369401
1785136074.8369401
1785136074.8369401
1785136074.8369401
1785136074.8369401
1785136074.8369401
1785136074.8369401
1785136074.8369401
1785136074.8369401
1785136074.8369401
1785136074.8369401
1785136074.8369401
1785136074.8369401
1785136074.8369401
1785136074.8369401
1785136074.8369401
1785136074.8369401
1785136074.8369401
1785136074.8369401
1785136074.8369401
1785136074.8369401
1785136074.8369401
1785136074.8369401
1785136074.8369401
1785136074.8369401
1785136074.8369401
1785136074.8369401
1785136074.8369401
1785136074.8369401
1785136074.8369401
1785136074.8369401
1785136074.8369401
1785136074.8369401
1785136074.8369401
1785136074.8369401
1785136074.8369401
1785136074.8369401
1785136074.8369401
1785136074.8369401
1785136074.8371620
1785136074.8371620
1785136074.8371620
1785136074.8371620
1785136074.8371620
1785136074.8371620
1785136074.8371620
1785136074.8371620
1785136074.8371620
1785136074.8371620
1785136074.8371620
1785136074.8371620
1785136074.8371620
1785136074.8371620
1785136074.8371620
1785136074.8371620
1785136074.8371620
1785136074.8371620
1785136074.8371620
1785136074.8371620
1785136074.8371620
1785136074.8371620
1785136074.8371620
1785136074.8371620
1785136074.8371620
1785136074.8371620
1785136074.8371620
1785136074.8371620
1785136074.8371620
1785136074.8371620
1785136074.8371620
1785136074.8371620
1785136074.8371620
1785136074.8371620
1785136074.8371620
1785136074.8371620
1785136074.8371620
1785136074.8371620
1785136074.8371620
1785136074.8371620
1785136074.8371620
1785136074.8371620
1785136074.8371620
1785136074.8371620
1785136074.8371620
1785136074.8371620
1785136074.8371620
1785136074.8371620
1785136074.8371620
1785136074.8371620
1785136074.8371620
1785136074.8371620
1785136074.8373849
1785136074.8373849
1785136074.8373849
1785136074.8373849
1785136074.8373849
1785136074.8373849
1785136074.8373849
1785136074.8373849
1785136074.8373849
1785136074.8373849
1785136074.8373849
1785136074.8373849
1785136074.8373849
1785136074.8373849
1785136074.8373849
1785136074.8373849
1785136074.8373849
1785136074.8373849
1785136074.8373849
1785136074.8373849
1785136074.8373849
1785136074.8373849
1785136074.8373849
1785136074.8373849
1785136074.8373849
1785136074.8373849
1785136074.8373849
1785136074.8373849
1785136074.8373849
1785136074.8373849
1785136074.8373849
1785136074.8373849
1785136074.8373849
1785136074.8373849
1785136074.8373849
1785136074.8373849
1785136074.8373849
1785136074.8373849
1785136074.8373849
1785136074.8373849
1785136074.8373849
1785136074.8373849
1785136074.8373849
1785136074.8373849
1785136074.8373849
1785136074.8373849
1785136074.8373849
1785136074.8373849
1785136074.8373849
1785136074.8373849
1785136074.8373849
1785136074.8373849
1785136074.8376069
1785136074.8376069
1785136074.8376069
1785136074.8376069
1785136074.8376069
1785136074.8376069
1785136074.8376069
1785136074.8376069
1785136074.8376069
1785136074.8376069
1785136074.8376069
1785136074.8376069
1785136074.8376069
1785136074.8376069
1785136074.8376069
1785136074.8376069
1785136074.8376069
1785136074.8376069
1785136074.8376069
1785136074.8376069
1785136074.8376069
1785136074.8376069
1785136074.8376069
1785136074.8376069
1785136074.8376069
1785136074.8376069
1785136074.8376069
1785136074.8376069
1785136074.8376069
1785136074.8376069
1785136074.8376069
1785136074.8376069
1785136074.8376069
1785136074.8376069
1785136074.8376069
1785136074.8376069
1785136074.8376069
1785136074.8376069
1785136074.8376069
1785136074.8376069
1785136074.8376069
1785136074.8376069
1785136074.8376069
1785136074.8376069
1785136074.8376069
1785136074.8376069
1785136074.8376069
1785136074.8376069
1785136074.8376069
1785136074.8376069
1785136074.8376069
1785136074.8376069
1785136074.8378291
1785136074.8378291
1785136074.8378291
1785136074.8378291
1785136074.8378291
1785136074.8378291
1785136074.8378291
1785136074.8378291
1785136074.8378291
1785136074.8378291
1785136074.8378291
1785136074.8378291
1785136074.8378291
1785136074.8378291
1785136074.8378291
1785136074.8378291
1785136074.8378291
1785136074.8378291
1785136074.8378291
1785136074.8378291
1785136074.8378291
1785136074.8378291
1785136074.8378291
1785136074.8378291
1785136074.8378291
1785136074.8378291
1785136074.8378291
1785136074.8378291
1785136074.8378291
1785136074.8378291
1785136074.8378291
1785136074.8378291
1785136074.8378291
1785136074.8378291
1785136074.8378291
1785136074.8378291
1785136074.8378291
1785136074.8378291
1785136074.8378291
1785136074.8378291
1785136074.8378291
1785136074.8378291
1785136074.8378291
1785136074.8378291
1785136074.8378291
1785136074.8378291
1785136074.8378291
1785136074.8378291
1785136074.8378291
1785136074.8378291
1785136074.8378291
1785136074.8378291
1785136074.8380511
1785136074.8380511
1785136074.8380511
1785136074.8380511
1785136074.8380511
1785136074.8380511
1785136074.8380511
1785136074.8380511
1785136074.8380511
1785136074.8380511
1785136074.8380511
1785136074.8380511
1785136074.8380511
1785136074.8380511
1785136074.8380511
1785136074.8380511
1785136074.8380511
1785136074.8380511
1785136074.8380511
1785136074.8380511
1785136074.8380511
1785136074.8380511
1785136074.8380511
1785136074.8380511
1785136074.8380511
1785136074.8380511
1785136074.8380511
1785136074.8380511
1785136074.8380511
1785136074.8380511
1785136074.8380511
1785136074.8380511
1785136074.8380511
1785136074.8380511
1785136074.8380511
1785136074.8380511
1785136074.8380511
1785136074.8380511
1785136074.8380511
1785136074.8380511
1785136074.8380511
1785136074.8380511
1785136074.8380511
1785136074.8380511
1785136074.8380511
1785136074.8380511
1785136074.8380511
1785136074.8380511
1785136074.8380511
1785136074.8380511
1785136074.8380511
1785136074.8380511
1785136074.8382730
1785136074.8382730
1785136074.8382730
1785136074.8382730
1785136074.8382730
1785136074.8382730
1785136074.8382730
1785136074.8382730
1785136074.8382730
1785136074.8382730
1785136074.8382730
1785136074.8382730
1785136074.8382730
1785136074.8382730
1785136074.8382730
1785136074.8382730
1785136074.8382730
1785136074.8382730
1785136074.8382730
1785136074.8382730
1785136074.8382730
1785136074.8382730
1785136074.8382730
1785136074.8382730
1785136074.8382730
1785136074.8382730
1785136074.8382730
1785136074.8382730
1785136074.8382730
1785136074.8382730
1785136074.8382730
1785136074.8382730
1785136074.8382730
1785136074.8382730
1785136074.8382730
1785136074.8382730
1785136074.8382730
1785136074.8382730
1785136074.8382730
1785136074.8382730
1785136074.8382730
1785136074.8382730
1785136074.8382730
1785136074.8382730
1785136074.8382730
1785136074.8382730
1785136074.8382730
1785136074.8382730
1785136074.8382730
1785136074.8382730
1785136074.8382730
1785136074.8382730
1785136074.8384960
1785136074.8384960
1785136074.8384960
1785136074.8384960
1785136074.8384960
1785136074.8384960
1785136074.8384960
1785136074.8384960
1785136074.8384960
1785136074.8384960
1785136074.8384960
1785136074.8384960
1785136074.8384960
1785136074.8384960
1785136074.8384960
1785136074.8384960
1785136074.8384960
1785136074.8384960
1785136074.8384960
1785136074.8384960
1785136074.8384960
1785136074.8384960
1785136074.8384960
1785136074.8384960
1785136074.8384960
1785136074.8384960
1785136074.8384960
1785136074.8384960
1785136074.8384960
1785136074.8384960
1785136074.8384960
1785136074.8384960
1785136074.8384960
1785136074.8384960
1785136074.8384960
1785136074.8384960
1785136074.8384960
1785136074.8384960
1785136074.8384960
1785136074.8384960
1785136074.8384960
1785136074.8384960
1785136074.8384960
1785136074.8384960
1785136074.8384960
1785136074.8384960
1785136074.8384960
1785136074.8384960
1785136074.8384960
1785136074.8384960
1785136074.8384960
1785136074.8384960
1785136074.8387179
1785136074.8387179
1785136074.8387179
1785136074.8387179
1785136074.8387179
1785136074.8387179
1785136074.8387179
1785136074.8387179
1785136074.8387179
1785136074.8387179
1785136074.8387179
1785136074.8387179
1785136074.8387179
1785136074.8387179
1785136074.8387179
1785136074.8387179
1785136074.8387179
1785136074.8387179
1785136074.8387179
1785136074.8387179
1785136074.8387179
1785136074.8387179
1785136074.8387179
1785136074.8387179
1785136074.8387179
1785136074.8387179
1785136074.8387179
1785136074.8387179
1785136074.8387179
1785136074.8387179
1785136074.8387179
1785136074.8387179
1785136074.8387179
1785136074.8387179
1785136074.8387179
1785136074.8387179
1785136074.8387179
1785136074.8387179
1785136074.8387179
1785136074.8387179
1785136074.8387179
1785136074.8387179
1785136074.8387179
1785136074.8387179
1785136074.8387179
1785136074.8387179
1785136074.8387179
1785136074.8387179
1785136074.8387179
1785136074.8387179
1785136074.8387179
1785136074.8387179
1785136074.8389399
1785136074.8389399
1785136074.8389399
1785136074.8389399
1785136074.8389399
1785136074.8389399
1785136074.8389399
1785136074.8389399
1785136074.8389399
1785136074.8389399
1785136074.8389399
1785136074.8389399
1785136074.8389399
1785136074.8389399
1785136074.8389399
1785136074.8389399
1785136074.8389399
1785136074.8389399
1785136074.8389399
1785136074.8389399
1785136074.8389399
1785136074.8389399
1785136074.8389399
1785136074.8389399
1785136074.8389399
1785136074.8389399
1785136074.8389399
1785136074.8389399
1785136074.8389399
1785136074.8389399
1785136074.8389399
1785136074.8389399
1785136074.8389399
1785136074.8389399
1785136074.8389399
1785136074.8389399
1785136074.8389399
1785136074.8389399
1785136074.8389399
1785136074.8389399
1785136074.8389399
1785136074.8389399
1785136074.8389399
1785136074.8389399
1785136074.8389399
1785136074.8389399
1785136074.8389399
1785136074.8389399
1785136074.8389399
1785136074.8389399
1785136074.8389399
1785136074.8389399
1785136074.8391621
1785136074.8391621
1785136074.8391621
1785136074.8391621
1785136074.8391621
1785136074.8391621
1785136074.8391621
1785136074.8391621
1785136074.8391621
1785136074.8391621
1785136074.8391621
1785136074.8391621
1785136074.8391621
1785136074.8391621
1785136074.8391621
1785136074.8391621
1785136074.8391621
1785136074.8391621
1785136074.8391621
1785136074.8391621
1785136074.8391621
1785136074.8391621
1785136074.8391621
1785136074.8391621
1785136074.8391621
1785136074.8391621
1785136074.8391621
1785136074.8391621
1785136074.8391621
1785136074.8391621
1785136074.8391621
1785136074.8391621
1785136074.8391621
1785136074.8391621
1785136074.8391621
1785136074.8391621
1785136074.8391621
1785136074.8391621
1785136074.8391621
1785136074.8391621
1785136074.8391621
1785136074.8391621
1785136074.8391621
1785136074.8391621
1785136074.8391621
1785136074.8391621
1785136074.8391621
1785136074.8391621
1785136074.8391621
1785136074.8391621
1785136074.8391621
1785136074.8391621
1785136074.8393841
1785136074.8393841
1785136074.8393841
1785136074.8393841
1785136074.8393841
1785136074.8393841
1785136074.8393841
1785136074.8393841
1785136074.8393841
1785136074.8393841
1785136074.8393841
1785136074.8393841
1785136074.8393841
1785136074.8393841
1785136074.8393841
1785136074.8393841
1785136074.8393841
1785136074.8393841
1785136074.8393841
1785136074.8393841
1785136074.8393841
1785136074.8393841
1785136074.8393841
1785136074.8393841
1785136074.8393841
1785136074.8393841
1785136074.8393841
1785136074.8393841
1785136074.8393841
1785136074.8393841
1785136074.8393841
1785136074.8393841
1785136074.8393841
1785136074.8393841
1785136074.8393841
1785136074.8393841
1785136074.8393841
1785136074.8393841
1785136074.8393841
1785136074.8393841
1785136074.8393841
1785136074.8393841
1785136074.8393841
1785136074.8393841
1785136074.8393841
1785136074.8393841
1785136074.8393841
1785136074.8393841
1785136074.8393841
1785136074.8393841
1785136074.8393841
1785136074.8393841
1785136074.8396070
1785136074.8396070
1785136074.8396070
1785136074.8396070
1785136074.8396070
1785136074.8396070
1785136074.8396070
1785136074.8396070
1785136074.8396070
1785136074.8396070
1785136074.8396070
1785136074.8396070
1785136074.8396070
1785136074.8396070
1785136074.8396070
1785136074.8396070
1785136074.8396070
1785136074.8396070
1785136074.8396070
1785136074.8396070
1785136074.8396070
1785136074.8396070
1785136074.8396070
1785136074.8396070
1785136074.8396070
1785136074.8396070
1785136074.8396070
1785136074.8396070
1785136074.8396070
1785136074.8396070
1785136074.8396070
1785136074.8396070
1785136074.8396070
1785136074.8396070
1785136074.8396070
1785136074.8396070
1785136074.8396070
1785136074.8396070
1785136074.8396070
1785136074.8396070
1785136074.8396070
1785136074.8396070
1785136074.8396070
1785136074.8396070
1785136074.8396070
1785136074.8396070
1785136074.8396070
1785136074.8396070
1785136074.8396070
1785136074.8396070
1785136074.8396070
1785136074.8396070
1785136074.8398290
1785136074.8398290
1785136074.8398290
1785136074.8398290
1785136074.8398290
1785136074.8398290
1785136074.8398290
1785136074.8398290
1785136074.8398290
1785136074.8398290
1785136074.8398290
1785136074.8398290
1785136074.8398290
1785136074.8398290
1785136074.8398290
1785136074.8398290
1785136074.8398290
1785136074.8398290
1785136074.8398290
1785136074.8398290
1785136074.8398290
1785136074.8398290
1785136074.8398290
1785136074.8398290
1785136074.8398290
1785136074.8398290
1785136074.8398290
1785136074.8398290
1785136074.8398290
1785136074.8398290
1785136074.8398290
1785136074.8398290
1785136074.8398290
1785136074.8398290
1785136074.8398290
1785136074.8398290
1785136074.8398290
1785136074.8398290
1785136074.8398290
1785136074.8398290
1785136074.8398290
1785136074.8398290
1785136074.8398290
1785136074.8398290
1785136074.8398290
1785136074.8398290
1785136074.8398290
1785136074.8398290
1785136074.8398290
1785136074.8398290
1785136074.8398290
1785136074.8398290
1785136074.8400509
1785136074.8400509
1785136074.8400509
1785136074.8400509
1785136074.8400509
1785136074.8400509
1785136074.8400509
1785136074.8400509
1785136074.8400509
1785136074.8400509
1785136074.8400509
1785136074.8400509
1785136074.8400509
1785136074.8400509
1785136074.8400509
1785136074.8400509
1785136074.8400509
1785136074.8400509
1785136074.8400509
1785136074.8400509
1785136074.8400509
1785136074.8400509
1785136074.8400509
1785136074.8400509
1785136074.8400509
1785136074.8400509
1785136074.8400509
1785136074.8400509
1785136074.8400509
1785136074.8400509
1785136074.8400509
1785136074.8400509
1785136074.8400509
1785136074.8400509
1785136074.8400509
1785136074.8400509
1785136074.8400509
1785136074.8400509
1785136074.8400509
1785136074.8400509
1785136074.8400509
1785136074.8400509
1785136074.8400509
1785136074.8400509
1785136074.8400509
1785136074.8400509
1785136074.8400509
1785136074.8400509
1785136074.8400509
1785136074.8400509
1785136074.8400509
1785136074.8400509
1785136074.8402729
1785136074.8402729
1785136074.8402729
1785136074.8402729
1785136074.8402729
1785136074.8402729
1785136074.8402729
1785136074.8402729
1785136074.8402729
1785136074.8402729
1785136074.8402729
1785136074.8402729
1785136074.8402729
1785136074.8402729
1785136074.8402729
1785136074.8402729
1785136074.8402729
1785136074.8402729
1785136074.8402729
1785136074.8402729
1785136074.8402729
1785136074.8402729
1785136074.8402729
1785136074.8402729
1785136074.8402729
1785136074.8402729
1785136074.8402729
1785136074.8402729
1785136074.8402729
1785136074.8402729
1785136074.8402729
1785136074.8402729
1785136074.8402729
1785136074.8402729
1785136074.8402729
1785136074.8402729
1785136074.8402729
1785136074.8402729
1785136074.8402729
1785136074.8402729
1785136074.8402729
1785136074.8402729
1785136074.8402729
1785136074.8402729
1785136074.8402729
1785136074.8402729
1785136074.8402729
1785136074.8402729
1785136074.8402729
1785136074.8402729
1785136074.8402729
1785136074.8402729
1785136074.8404951
1785136074.8404951
1785136074.8404951
1785136074.8404951
1785136074.8404951
1785136074.8404951
1785136074.8404951
1785136074.8404951
1785136074.8404951
1785136074.8404951
1785136074.8404951
1785136074.8404951
1785136074.8404951
1785136074.8404951
1785136074.8404951
1785136074.8404951
1785136074.8404951
1785136074.8404951
1785136074.8404951
1785136074.8404951
1785136074.8404951
1785136074.8404951
1785136074.8404951
1785136074.8404951
1785136074.8404951
1785136074.8404951
1785136074.8404951
1785136074.8404951
1785136074.8404951
1785136074.8404951
1785136074.8404951
1785136074.8404951
1785136074.8404951
1785136074.8404951
1785136074.8404951
1785136074.8404951
1785136074.8404951
1785136074.8404951
1785136074.8404951
1785136074.8404951
1785136074.8404951
1785136074.8404951
1785136074.8404951
1785136074.8404951
1785136074.8404951
1785136074.8404951
1785136074.8404951
1785136074.8404951
1785136074.8404951
1785136074.8404951
1785136074.8404951
1785136074.8404951
1785136074.8407180
1785136074.8407180
1785136074.8407180
1785136074.8407180
1785136074.8407180
1785136074.8407180
1785136074.8407180
1785136074.8407180
1785136074.8407180
1785136074.8407180
1785136074.8407180
1785136074.8407180
1785136074.8407180
1785136074.8407180
1785136074.8407180
1785136074.8407180
1785136074.8407180
1785136074.8407180
1785136074.8407180
1785136074.8407180
1785136074.8407180
1785136074.8407180
1785136074.8407180
1785136074.8407180
1785136074.8407180
1785136074.8407180
1785136074.8407180
1785136074.8407180
1785136074.8407180
1785136074.8407180
1785136074.8407180
1785136074.8407180
1785136074.8407180
1785136074.8407180
1785136074.8407180
1785136074.8407180
1785136074.8407180
1785136074.8407180
1785136074.8407180
1785136074.8407180
1785136074.8407180
1785136074.8407180
1785136074.8407180
1785136074.8407180
1785136074.8407180
1785136074.8407180
1785136074.8407180
1785136074.8407180
1785136074.8407180
1785136074.8407180
1785136074.8407180
1785136074.8407180
1785136074.8409400
1785136074.8409400
1785136074.8409400
1785136074.8409400
1785136074.8409400
1785136074.8409400
1785136074.8409400
1785136074.8409400
1785136074.8409400
1785136074.8409400
1785136074.8409400
1785136074.8409400
1785136074.8409400
1785136074.8409400
1785136074.8409400
1785136074.8409400
1785136074.8409400
1785136074.8409400
1785136074.8409400
1785136074.8409400
1785136074.8409400
1785136074.8409400
1785136074.8409400
1785136074.8409400
1785136074.8409400
1785136074.8409400
1785136074.8409400
1785136074.8409400
1785136074.8409400
1785136074.8409400
1785136074.8409400
1785136074.8409400
1785136074.8409400
1785136074.8409400
1785136074.8409400
1785136074.8409400
1785136074.8409400
1785136074.8409400
1785136074.8409400
1785136074.8409400
1785136074.8409400
1785136074.8409400
1785136074.8409400
1785136074.8409400
1785136074.8409400
1785136074.8409400
1785136074.8409400
1785136074.8409400
1785136074.8409400
1785136074.8409400
1785136074.8409400
1785136074.8409400
1785136074.8411620
1785136074.8411620
1785136074.8411620
1785136074.8411620
1785136074.8411620
1785136074.8411620
1785136074.8411620
1785136074.8411620
1785136074.8411620
1785136074.8411620
1785136074.8411620
1785136074.8411620
1785136074.8411620
1785136074.8411620
1785136074.8411620
1785136074.8411620
1785136074.8411620
1785136074.8411620
1785136074.8411620
1785136074.8411620
1785136074.8411620
1785136074.8411620
1785136074.8411620
1785136074.8411620
1785136074.8411620
1785136074.8411620
1785136074.8411620
1785136074.8411620
1785136074.8411620
1785136074.8411620
1785136074.8411620
1785136074.8411620
1785136074.8411620
1785136074.8411620
1785136074.8411620
1785136074.8411620
1785136074.8411620
1785136074.8411620
1785136074.8411620
1785136074.8411620
1785136074.8411620
1785136074.8411620
1785136074.8411620
1785136074.8411620
1785136074.8411620
1785136074.8411620
1785136074.8411620
1785136074.8411620
1785136074.8411620
1785136074.8411620
1785136074.8411620
1785136074.8411620
1785136074.8413839
1785136074.8413839
1785136074.8413839
1785136074.8413839
1785136074.8413839
1785136074.8413839
1785136074.8413839
1785136074.8413839
1785136074.8413839
1785136074.8413839
1785136074.8413839
1785136074.8413839
1785136074.8413839
1785136074.8413839
1785136074.8413839
1785136074.8413839
1785136074.8413839
1785136074.8413839
1785136074.8413839
1785136074.8413839
1785136074.8413839
1785136074.8413839
1785136074.8413839
1785136074.8413839
1785136074.8413839
1785136074.8413839
1785136074.8413839
1785136074.8413839
1785136074.8413839
1785136074.8413839
1785136074.8413839
1785136074.8413839
1785136074.8413839
1785136074.8413839
1785136074.8413839
1785136074.8413839
1785136074.8413839
1785136074.8413839
1785136074.8413839
1785136074.8413839
1785136074.8413839
1785136074.8413839
1785136074.8413839
1785136074.8413839
1785136074.8413839
1785136074.8413839
1785136074.8413839
1785136074.8413839
1785136074.8413839
1785136074.8413839
1785136074.8413839
1785136074.8413839
1785136074.8416071
1785136074.8416071
1785136074.8416071
1785136074.8416071
1785136074.8416071
1785136074.8416071
1785136074.8416071
1785136074.8416071
1785136074.8416071
1785136074.8416071
1785136074.8416071
1785136074.8416071
1785136074.8416071
1785136074.8416071
1785136074.8416071
1785136074.8416071
1785136074.8416071
1785136074.8416071
1785136074.8416071
1785136074.8416071
1785136074.8416071
1785136074.8416071
1785136074.8416071
1785136074.8416071
1785136074.8416071
1785136074.8416071
1785136074.8416071
1785136074.8416071
1785136074.8416071
1785136074.8416071
1785136074.8416071
1785136074.8416071
1785136074.8416071
1785136074.8416071
1785136074.8416071
1785136074.8416071
1785136074.8416071
1785136074.8416071
1785136074.8416071
1785136074.8416071
1785136074.8416071
1785136074.8416071
1785136074.8416071
1785136074.8416071
1785136074.8416071
1785136074.8416071
1785136074.8416071
1785136074.8416071
1785136074.8416071
1785136074.8416071
1785136074.8416071
1785136074.8416071
1785136074.8418291
1785136074.8418291
1785136074.8418291
1785136074.8418291
1785136074.8418291
1785136074.8418291
1785136074.8418291
1785136074.8418291
1785136074.8418291
1785136074.8418291
1785136074.8418291
1785136074.8418291
1785136074.8418291
1785136074.8418291
1785136074.8418291
1785136074.8418291
1785136074.8418291
1785136074.8418291
1785136074.8418291
1785136074.8418291
1785136074.8418291
1785136074.8418291
1785136074.8418291
1785136074.8418291
1785136074.8418291
1785136074.8418291
1785136074.8418291
1785136074.8418291
1785136074.8418291
1785136074.8418291
1785136074.8418291
1785136074.8418291
1785136074.8418291
1785136074.8418291
1785136074.8418291
1785136074.8418291
1785136074.8418291
1785136074.8418291
1785136074.8418291
1785136074.8418291
1785136074.8418291
1785136074.8418291
1785136074.8418291
1785136074.8418291
1785136074.8418291
1785136074.8418291
1785136074.8418291
1785136074.8418291
1785136074.8418291
1785136074.8418291
1785136074.8418291
1785136074.8418291
1785136074.8420510
1785136074.8420510
1785136074.8420510
1785136074.8420510
1785136074.8420510
1785136074.8420510
1785136074.8420510
1785136074.8420510
1785136074.8420510
1785136074.8420510
1785136074.8420510
1785136074.8420510
1785136074.8420510
1785136074.8420510
1785136074.8420510
1785136074.8420510
1785136074.8420510
1785136074.8420510
1785136074.8420510
1785136074.8420510
1785136074.8420510
1785136074.8420510
1785136074.8420510
1785136074.8420510
1785136074.8420510
1785136074.8420510
1785136074.8420510
1785136074.8420510
1785136074.8420510
1785136074.8420510
1785136074.8420510
1785136074.8420510
1785136074.8420510
1785136074.8420510
1785136074.8420510
1785136074.8420510
1785136074.8420510
1785136074.8420510
1785136074.8420510
1785136074.8420510
1785136074.8420510
1785136074.8420510
1785136074.8420510
1785136074.8420510
1785136074.8420510
1785136074.8420510
1785136074.8420510
1785136074.8420510
1785136074.8420510
1785136074.8420510
1785136074.8420510
1785136074.8420510
1785136074.8422730
1785136074.8422730
1785136074.8422730
1785136074.8422730
1785136074.8422730
1785136074.8422730
1785136074.8422730
1785136074.8422730
1785136074.8422730
1785136074.8422730
1785136074.8422730
1785136074.8422730
1785136074.8422730
1785136074.8422730
1785136074.8422730
1785136074.8422730
1785136074.8422730
1785136074.8422730
1785136074.8422730
1785136074.8422730
1785136074.8422730
1785136074.8422730
1785136074.8422730
1785136074.8422730
1785136074.8422730
1785136074.8422730
1785136074.8422730
1785136074.8422730
1785136074.8422730
1785136074.8422730
1785136074.8422730
1785136074.8422730
1785136074.8422730
1785136074.8422730
1785136074.8422730
1785136074.8422730
1785136074.8422730
1785136074.8422730
1785136074.8422730
1785136074.8422730
1785136074.8422730
1785136074.8422730
1785136074.8422730
1785136074.8422730
1785136074.8422730
1785136074.8422730
1785136074.8422730
1785136074.8422730
1785136074.8422730
1785136074.8422730
1785136074.8422730
1785136074.8422730
1785136074.8424950
1785136074.8424950
1785136074.8424950
1785136074.8424950
1785136074.8424950
1785136074.8424950
1785136074.8424950
1785136074.8424950
1785136074.8424950
1785136074.8424950
1785136074.8424950
1785136074.8424950
1785136074.8424950
1785136074.8424950
1785136074.8424950
1785136074.8424950
1785136074.8424950
1785136074.8424950
1785136074.8424950
1785136074.8424950
1785136074.8424950
1785136074.8424950
1785136074.8424950
1785136074.8424950
1785136074.8424950
1785136074.8424950
1785136074.8424950
1785136074.8424950
1785136074.8424950
1785136074.8424950
1785136074.8424950
1785136074.8424950
1785136074.8424950
1785136074.8424950
1785136074.8424950
1785136074.8424950
1785136074.8424950
1785136074.8424950
1785136074.8424950
1785136074.8424950
1785136074.8424950
1785136074.8424950
1785136074.8424950
1785136074.8424950
1785136074.8424950
1785136074.8424950
1785136074.8424950
1785136074.8424950
1785136074.8424950
1785136074.8424950
1785136074.8424950
1785136074.8424950
1785136074.8427169
1785136074.8427169
1785136074.8427169
1785136074.8427169
1785136074.8427169
1785136074.8427169
1785136074.8427169
1785136074.8427169
1785136074.8427169
1785136074.8427169
1785136074.8427169
1785136074.8427169
1785136074.8427169
1785136074.8427169
1785136074.8427169
1785136074.8427169
1785136074.8427169
1785136074.8427169
1785136074.8427169
1785136074.8427169
1785136074.8427169
1785136074.8427169
1785136074.8427169
1785136074.8427169
1785136074.8427169
1785136074.8427169
1785136074.8427169
1785136074.8427169
1785136074.8427169
1785136074.8427169
1785136074.8427169
1785136074.8427169
1785136074.8427169
1785136074.8427169
1785136074.8427169
1785136074.8427169
1785136074.8427169
1785136074.8427169
1785136074.8427169
1785136074.8427169
1785136074.8427169
1785136074.8427169
1785136074.8427169
1785136074.8427169
1785136074.8427169
1785136074.8427169
1785136074.8427169
1785136074.8427169
1785136074.8427169
1785136074.8427169
1785136074.8427169
1785136074.8429401
1785136074.8429401
1785136074.8429401
1785136074.8429401
1785136074.8429401
1785136074.8429401
1785136074.8429401
1785136074.8429401
1785136074.8429401
1785136074.8429401
1785136074.8429401
1785136074.8429401
1785136074.8429401
1785136074.8429401
1785136074.8429401
1785136074.8429401
1785136074.8429401
1785136074.8429401
1785136074.8429401
1785136074.8429401
1785136074.8429401
1785136074.8429401
1785136074.8429401
1785136074.8429401
1785136074.8429401
1785136074.8429401
1785136074.8429401
1785136074.8429401
1785136074.8429401
1785136074.8429401
1785136074.8429401
1785136074.8429401
1785136074.8429401
1785136074.8429401
1785136074.8429401
1785136074.8429401
1785136074.8429401
1785136074.8429401
1785136074.8429401
1785136074.8429401
1785136074.8429401
1785136074.8429401
1785136074.8429401
1785136074.8429401
1785136074.8429401
1785136074.8429401
1785136074.8429401
1785136074.8429401
1785136074.8429401
1785136074.8429401
1785136074.8429401
1785136074.8431621
1785136074.8431621
1785136074.8431621
1785136074.8431621
1785136074.8431621
1785136074.8431621
1785136074.8431621
1785136074.8431621
1785136074.8431621
1785136074.8431621
1785136074.8431621
1785136074.8431621
1785136074.8431621
1785136074.8431621
1785136074.8431621
1785136074.8431621
1785136074.8431621
1785136074.8431621
1785136074.8431621
1785136074.8431621
1785136074.8431621
1785136074.8431621
1785136074.8431621
1785136074.8431621
1785136074.8431621
1785136074.8431621
1785136074.8431621
1785136074.8431621
1785136074.8431621
1785136074.8431621
1785136074.8431621
1785136074.8431621
1785136074.8431621
1785136074.8431621
1785136074.8431621
1785136074.8431621
1785136074.8431621
1785136074.8431621
1785136074.8431621
1785136074.8431621
1785136074.8431621
1785136074.8431621
1785136074.8431621
1785136074.8431621
1785136074.8431621
1785136074.8431621
1785136074.8431621
1785136074.8431621
1785136074.8431621
1785136074.8431621
1785136074.8431621
1785136074.8433840
1785136074.8433840
1785136074.8433840
1785136074.8433840
1785136074.8433840
1785136074.8433840
1785136074.8433840
1785136074.8433840
1785136074.8433840
1785136074.8433840
1785136074.8433840
1785136074.8433840
1785136074.8433840
1785136074.8433840
1785136074.8433840
1785136074.8433840
1785136074.8433840
1785136074.8433840
1785136074.8433840
1785136074.8433840
1785136074.8433840
1785136074.8433840
1785136074.8433840
1785136074.8433840
1785136074.8433840
1785136074.8433840
1785136074.8433840
1785136074.8433840
1785136074.8433840
1785136074.8433840
1785136074.8433840
1785136074.8433840
1785136074.8433840
1785136074.8433840
1785136074.8433840
1785136074.8433840
1785136074.8433840
1785136074.8433840
1785136074.8433840
1785136074.8433840
1785136074.8433840
1785136074.8433840
1785136074.8433840
1785136074.8433840
1785136074.8433840
1785136074.8433840
1785136074.8433840
1785136074.8433840
1785136074.8433840
1785136074.8433840
1785136074.8433840
1785136074.8436060
1785136074.8436060
1785136074.8436060
1785136074.8436060
1785136074.8436060
1785136074.8436060
1785136074.8436060
1785136074.8436060
1785136074.8436060
1785136074.8436060
1785136074.8436060
1785136074.8436060
1785136074.8436060
1785136074.8436060
1785136074.8436060
1785136074.8436060
1785136074.8436060
1785136074.8436060
1785136074.8436060
1785136074.8436060
1785136074.8436060
1785136074.8436060
1785136074.8436060
1785136074.8436060
1785136074.8436060
1785136074.8436060
1785136074.8436060
1785136074.8436060
1785136074.8436060
1785136074.8436060
1785136074.8436060
1785136074.8436060
1785136074.8436060
1785136074.8436060
1785136074.8436060
1785136074.8436060
1785136074.8436060
1785136074.8436060
1785136074.8436060
1785136074.8436060
1785136074.8436060
1785136074.8436060
1785136074.8436060
1785136074.8436060
1785136074.8436060
1785136074.8436060
1785136074.8436060
1785136074.8436060
1785136074.8436060
1785136074.8436060
1785136074.8436060
1785136074.8438280
1785136074.8438280
1785136074.8438280
1785136074.8438280
1785136074.8438280
1785136074.8438280
1785136074.8438280
1785136074.8438280
1785136074.8438280
1785136074.8438280
1785136074.8438280
1785136074.8438280
1785136074.8438280
1785136074.8438280
1785136074.8438280
1785136074.8438280
1785136074.8438280
1785136074.8438280
1785136074.8438280
1785136074.8438280
1785136074.8438280
1785136074.8438280
1785136074.8438280
1785136074.8438280
1785136074.8438280
1785136074.8438280
1785136074.8438280
1785136074.8438280
1785136074.8438280
1785136074.8438280
1785136074.8438280
1785136074.8438280
1785136074.8438280
1785136074.8438280
1785136074.8438280
1785136074.8438280
1785136074.8438280
1785136074.8438280
1785136074.8438280
1785136074.8438280
1785136074.8438280
1785136074.8438280
1785136074.8438280
1785136074.8438280
1785136074.8438280
1785136074.8438280
1785136074.8438280
1785136074.8438280
1785136074.8438280
1785136074.8438280
1785136074.8438280
1785136074.8440499
1785136074.8440499
1785136074.8440499
1785136074.8440499
1785136074.8440499
1785136074.8440499
1785136074.8440499
1785136074.8440499
1785136074.8440499
1785136074.8440499
1785136074.8440499
1785136074.8440499
1785136074.8440499
1785136074.8440499
1785136074.8440499
1785136074.8440499
1785136074.8440499
1785136074.8440499
1785136074.8440499
1785136074.8440499
1785136074.8440499
1785136074.8440499
1785136074.8440499
1785136074.8440499
1785136074.8440499
1785136074.8440499
1785136074.8440499
1785136074.8440499
1785136074.8440499
1785136074.8440499
1785136074.8440499
1785136074.8440499
1785136074.8440499
1785136074.8440499
1785136074.8440499
1785136074.8440499
1785136074.8440499
1785136074.8440499
1785136074.8440499
1785136074.8440499
1785136074.8440499
1785136074.8440499
1785136074.8440499
1785136074.8440499
1785136074.8440499
1785136074.8440499
1785136074.8440499
1785136074.8440499
1785136074.8440499
1785136074.8440499
1785136074.8440499
1785136074.8442731
1785136074.8442731
1785136074.8442731
1785136074.8442731
1785136074.8442731
1785136074.8442731
1785136074.8442731
1785136074.8442731
1785136074.8442731
1785136074.8442731
1785136074.8442731
1785136074.8442731
1785136074.8442731
1785136074.8442731
1785136074.8442731
1785136074.8442731
1785136074.8442731
1785136074.8442731
1785136074.8442731
1785136074.8442731
1785136074.8442731
1785136074.8442731
1785136074.8442731
1785136074.8442731
1785136074.8442731
1785136074.8442731
1785136074.8442731
1785136074.8442731
1785136074.8442731
1785136074.8442731
1785136074.8442731
1785136074.8442731
1785136074.8442731
1785136074.8442731
1785136074.8442731
1785136074.8442731
1785136074.8442731
1785136074.8442731
1785136074.8442731
1785136074.8442731
1785136074.8442731
1785136074.8442731
1785136074.8442731
1785136074.8442731
1785136074.8442731
1785136074.8442731
1785136074.8442731
1785136074.8442731
1785136074.8442731
1785136074.8442731
1785136074.8442731
1785136074.8444951
1785136074.8444951
1785136074.8444951
1785136074.8444951
1785136074.8444951
1785136074.8444951
1785136074.8444951
1785136074.8444951
1785136074.8444951
1785136074.8444951
1785136074.8444951
1785136074.8444951
1785136074.8444951
1785136074.8444951
1785136074.8444951
1785136074.8444951
1785136074.8444951
1785136074.8444951
1785136074.8444951
1785136074.8444951
1785136074.8444951
1785136074.8444951
1785136074.8444951
1785136074.8444951
1785136074.8444951
1785136074.8444951
1785136074.8444951
1785136074.8444951
1785136074.8444951
1785136074.8444951
1785136074.8444951
1785136074.8444951
1785136074.8444951
1785136074.8444951
1785136074.8444951
1785136074.8444951
1785136074.8444951
1785136074.8444951
1785136074.8444951
1785136074.8444951
1785136074.8444951
1785136074.8444951
1785136074.8444951
1785136074.8444951
1785136074.8444951
1785136074.8444951
1785136074.8444951
1785136074.8444951
1785136074.8444951
1785136074.8444951
1785136074.8444951
1785136074.8447170
1785136074.8447170
1785136074.8447170
1785136074.8447170
1785136074.8447170
1785136074.8447170
1785136074.8447170
1785136074.8447170
1785136074.8447170
1785136074.8447170
1785136074.8447170
1785136074.8447170
1785136074.8447170
1785136074.8447170
1785136074.8447170
1785136074.8447170
1785136074.8447170
1785136074.8447170
1785136074.8447170
1785136074.8447170
1785136074.8447170
1785136074.8447170
1785136074.8447170
1785136074.8447170
1785136074.8447170
1785136074.8447170
1785136074.8447170
1785136074.8447170
1785136074.8447170
1785136074.8447170
1785136074.8447170
1785136074.8447170
1785136074.8447170
1785136074.8447170
1785136074.8447170
1785136074.8447170
1785136074.8447170
1785136074.8447170
1785136074.8447170
1785136074.8447170
1785136074.8447170
1785136074.8447170
1785136074.8447170
1785136074.8447170
1785136074.8447170
1785136074.8447170
1785136074.8447170
1785136074.8447170
1785136074.8447170
1785136074.8447170
1785136074.8449390
1785136074.8449390
1785136074.8449390
1785136074.8449390
1785136074.8449390
1785136074.8449390
1785136074.8449390
1785136074.8449390
1785136074.8449390
1785136074.8449390
1785136074.8449390
1785136074.8449390
1785136074.8449390
1785136074.8449390
1785136074.8449390
1785136074.8449390
1785136074.8449390
1785136074.8449390
1785136074.8449390
1785136074.8449390
1785136074.8449390
1785136074.8449390
1785136074.8449390
1785136074.8449390
1785136074.8449390
1785136074.8449390
1785136074.8449390
1785136074.8449390
1785136074.8449390
1785136074.8449390
1785136074.8449390
1785136074.8449390
1785136074.8449390
1785136074.8449390
1785136074.8449390
1785136074.8449390
1785136074.8449390
1785136074.8449390
1785136074.8449390
1785136074.8449390
1785136074.8449390
1785136074.8449390
1785136074.8449390
1785136074.8449390
1785136074.8449390
1785136074.8449390
1785136074.8449390
1785136074.8449390
1785136074.8449390
1785136074.8449390
1785136074.8451619
1785136074.8451619
1785136074.8451619
1785136074.8451619
1785136074.8451619
1785136074.8451619
1785136074.8451619
1785136074.8451619
1785136074.8451619
1785136074.8451619
1785136074.8451619
1785136074.8451619
1785136074.8451619
1785136074.8451619
1785136074.8451619
1785136074.8451619
1785136074.8451619
1785136074.8451619
1785136074.8451619
1785136074.8451619
1785136074.8451619
1785136074.8451619
1785136074.8451619
1785136074.8451619
1785136074.8451619
1785136074.8451619
1785136074.8451619
1785136074.8451619
1785136074.8451619
1785136074.8451619
1785136074.8451619
1785136074.8451619
1785136074.8451619
1785136074.8451619
1785136074.8451619
1785136074.8451619
1785136074.8451619
1785136074.8451619
1785136074.8451619
1785136074.8451619
1785136074.8451619
1785136074.8451619
1785136074.8451619
1785136074.8451619
1785136074.8451619
1785136074.8451619
1785136074.8451619
1785136074.8451619
1785136074.8451619
1785136074.8451619
1785136074.8453839
1785136074.8453839
1785136074.8453839
1785136074.8453839
1785136074.8453839
1785136074.8453839
1785136074.8453839
1785136074.8453839
1785136074.8453839
1785136074.8453839
1785136074.8453839
1785136074.8453839
1785136074.8453839
1785136074.8453839
1785136074.8453839
1785136074.8453839
1785136074.8453839
1785136074.8453839
1785136074.8453839
1785136074.8453839
1785136074.8453839
1785136074.8453839
1785136074.8453839
1785136074.8453839
1785136074.8453839
1785136074.8453839
1785136074.8453839
1785136074.8453839
1785136074.8453839
1785136074.8453839
1785136074.8453839
1785136074.8453839
1785136074.8453839
1785136074.8453839
1785136074.8453839
1785136074.8453839
1785136074.8453839
1785136074.8453839
1785136074.8453839
1785136074.8453839
1785136074.8453839
1785136074.8453839
1785136074.8453839
1785136074.8453839
1785136074.8453839
1785136074.8453839
1785136074.8453839
1785136074.8453839
1785136074.8453839
1785136074.8453839
1785136074.8456061
1785136074.8456061
1785136074.8456061
1785136074.8456061
1785136074.8456061
1785136074.8456061
1785136074.8456061
1785136074.8456061
1785136074.8456061
1785136074.8456061
1785136074.8456061
1785136074.8456061
1785136074.8456061
1785136074.8456061
1785136074.8456061
1785136074.8456061
1785136074.8456061
1785136074.8456061
1785136074.8456061
1785136074.8456061
1785136074.8456061
1785136074.8456061
1785136074.8456061
1785136074.8456061
1785136074.8456061
1785136074.8456061
1785136074.8456061
1785136074.8456061
1785136074.8456061
1785136074.8456061
1785136074.8456061
1785136074.8456061
1785136074.8456061
1785136074.8456061
1785136074.8456061
1785136074.8456061
1785136074.8456061
1785136074.8456061
1785136074.8456061
1785136074.8456061
1785136074.8456061
1785136074.8456061
1785136074.8456061
1785136074.8456061
1785136074.8456061
1785136074.8456061
1785136074.8456061
1785136074.8456061
1785136074.8456061
1785136074.8456061
1785136074.8458281
1785136074.8458281
1785136074.8458281
1785136074.8458281
1785136074.8458281
1785136074.8458281
1785136074.8458281
1785136074.8458281
1785136074.8458281
1785136074.8458281
1785136074.8458281
1785136074.8458281
1785136074.8458281
1785136074.8458281
1785136074.8458281
1785136074.8458281
1785136074.8458281
1785136074.8458281
1785136074.8458281
1785136074.8458281
1785136074.8458281
1785136074.8458281
1785136074.8458281
1785136074.8458281
1785136074.8458281
1785136074.8458281
1785136074.8458281
1785136074.8458281
1785136074.8458281
1785136074.8458281
1785136074.8458281
1785136074.8458281
1785136074.8458281
1785136074.8458281
1785136074.8458281
1785136074.8458281
1785136074.8458281
1785136074.8458281
1785136074.8458281
1785136074.8458281
1785136074.8458281
1785136074.8458281
1785136074.8458281
1785136074.8458281
1785136074.8458281
1785136074.8458281
1785136074.8458281
1785136074.8458281
1785136074.8458281
1785136074.8458281
1785136074.8460500
1785136074.8460500
1785136074.8460500
1785136074.8460500
1785136074.8460500
1785136074.8460500
1785136074.8460500
1785136074.8460500
1785136074.8460500
1785136074.8460500
1785136074.8460500
1785136074.8460500
1785136074.8460500
1785136074.8460500
1785136074.8460500
1785136074.8460500
1785136074.8460500
1785136074.8460500
1785136074.8460500
1785136074.8460500
1785136074.8460500
1785136074.8460500
1785136074.8460500
1785136074.8460500
1785136074.8460500
1785136074.8460500
1785136074.8460500
1785136074.8460500
1785136074.8460500
1785136074.8460500
1785136074.8460500
1785136074.8460500
1785136074.8460500
1785136074.8460500
1785136074.8460500
1785136074.8460500
1785136074.8460500
1785136074.8460500
1785136074.8460500
1785136074.8460500
1785136074.8460500
1785136074.8460500
1785136074.8460500
1785136074.8460500
1785136074.8460500
1785136074.8460500
1785136074.8460500
1785136074.8460500
1785136074.8460500
1785136074.8460500
1785136074.8462720
1785136074.8462720
1785136074.8462720
1785136074.8462720
1785136074.8462720
1785136074.8462720
1785136074.8462720
1785136074.8462720
1785136074.8462720
1785136074.8462720
1785136074.8462720
1785136074.8462720
1785136074.8462720
1785136074.8462720
1785136074.8462720
1785136074.8462720
1785136074.8462720
1785136074.8462720
1785136074.8462720
1785136074.8462720
1785136074.8462720
1785136074.8462720
1785136074.8462720
1785136074.8462720
1785136074.8462720
1785136074.8462720
1785136074.8462720
1785136074.8462720
1785136074.8462720
1785136074.8462720
1785136074.8462720
1785136074.8462720
1785136074.8462720
1785136074.8462720
1785136074.8462720
1785136074.8462720
1785136074.8462720
1785136074.8462720
1785136074.8462720
1785136074.8462720
1785136074.8462720
1785136074.8462720
1785136074.8462720
1785136074.8462720
1785136074.8462720
1785136074.8462720
1785136074.8462720
1785136074.8462720
1785136074.8462720
1785136074.8462720
1785136074.8464949
1785136074.8464949
1785136074.8464949
1785136074.8464949
1785136074.8464949
1785136074.8464949
1785136074.8464949
1785136074.8464949
1785136074.8464949
1785136074.8464949
1785136074.8464949
1785136074.8464949
1785136074.8464949
1785136074.8464949
1785136074.8464949
1785136074.8464949
1785136074.8464949
1785136074.8464949
1785136074.8464949
1785136074.8464949
1785136074.8464949
1785136074.8464949
1785136074.8464949
1785136074.8464949
1785136074.8464949
1785136074.8464949
1785136074.8464949
1785136074.8464949
1785136074.8464949
1785136074.8464949
1785136074.8464949
1785136074.8464949
1785136074.8464949
1785136074.8464949
1785136074.8464949
1785136074.8464949
1785136074.8464949
1785136074.8464949
1785136074.8464949
1785136074.8464949
1785136074.8464949
1785136074.8464949
1785136074.8464949
1785136074.8464949
1785136074.8464949
1785136074.8464949
1785136074.8464949
1785136074.8464949
1785136074.8464949
1785136074.8467169
1785136074.8467169
1785136074.8467169
1785136074.8467169
1785136074.8467169
1785136074.8467169
1785136074.8467169
1785136074.8467169
1785136074.8467169
1785136074.8467169
1785136074.8467169
1785136074.8467169
1785136074.8467169
1785136074.8467169
1785136074.8467169
1785136074.8467169
1785136074.8467169
1785136074.8467169
1785136074.8467169
1785136074.8467169
1785136074.8467169
1785136074.8467169
1785136074.8467169
1785136074.8467169
1785136074.8467169
1785136074.8467169
1785136074.8467169
1785136074.8467169
1785136074.8467169
1785136074.8467169
1785136074.8467169
1785136074.8467169
1785136074.8467169
1785136074.8467169
1785136074.8467169
1785136074.8467169
1785136074.8467169
1785136074.8467169
1785136074.8467169
1785136074.8467169
1785136074.8467169
1785136074.8467169
1785136074.8467169
1785136074.8467169
1785136074.8467169
1785136074.8467169
1785136074.8467169
1785136074.8467169
1785136074.8467169
1785136074.8469391
1785136074.8469391
1785136074.8469391
1785136074.8469391
1785136074.8469391
1785136074.8469391
1785136074.8469391
1785136074.8469391
1785136074.8469391
1785136074.8469391
1785136074.8469391
1785136074.8469391
1785136074.8469391
1785136074.8469391
1785136074.8469391
1785136074.8469391
1785136074.8469391
1785136074.8469391
1785136074.8469391
1785136074.8469391
1785136074.8469391
1785136074.8469391
1785136074.8469391
1785136074.8469391
1785136074.8469391
1785136074.8469391
1785136074.8469391
1785136074.8469391
1785136074.8469391
1785136074.8469391
1785136074.8469391
1785136074.8469391
1785136074.8469391
1785136074.8469391
1785136074.8469391
1785136074.8469391
1785136074.8469391
1785136074.8469391
1785136074.8469391
1785136074.8469391
1785136074.8469391
1785136074.8469391
1785136074.8469391
1785136074.8469391
1785136074.8469391
1785136074.8469391
1785136074.8469391
1785136074.8469391
1785136074.8469391
1785136074.8471611
1785136074.8471611
1785136074.8471611
1785136074.8471611
1785136074.8471611
1785136074.8471611
1785136074.8471611
1785136074.8471611
1785136074.8471611
1785136074.8471611
1785136074.8471611
1785136074.8471611
1785136074.8471611
1785136074.8471611
1785136074.8471611
1785136074.8471611
1785136074.8471611
1785136074.8471611
1785136074.8471611
1785136074.8471611
1785136074.8471611
1785136074.8471611
1785136074.8471611
1785136074.8471611
1785136074.8471611
1785136074.8471611
1785136074.8471611
1785136074.8471611
1785136074.8471611
1785136074.8471611
1785136074.8471611
1785136074.8471611
1785136074.8471611
1785136074.8471611
1785136074.8471611
1785136074.8471611
1785136074.8471611
1785136074.8471611
1785136074.8471611
1785136074.8471611
1785136074.8471611
1785136074.8471611
1785136074.8471611
1785136074.8471611
1785136074.8471611
1785136074.8471611
1785136074.8471611
1785136074.8471611
1785136074.8471611
1785136074.8473830
1785136074.8473830
1785136074.8473830
1785136074.8473830
1785136074.8473830
1785136074.8473830
1785136074.8473830
1785136074.8473830
1785136074.8473830
1785136074.8473830
1785136074.8473830
1785136074.8473830
1785136074.8473830
1785136074.8473830
1785136074.8473830
1785136074.8473830
1785136074.8473830
1785136074.8473830
1785136074.8473830
1785136074.8473830
1785136074.8473830
1785136074.8473830
1785136074.8473830
1785136074.8473830
1785136074.8473830
1785136074.8473830
1785136074.8473830
1785136074.8473830
1785136074.8473830
1785136074.8473830
1785136074.8473830
1785136074.8473830
1785136074.8473830
1785136074.8473830
1785136074.8473830
1785136074.8473830
1785136074.8473830
1785136074.8473830
1785136074.8473830
1785136074.8473830
1785136074.8473830
1785136074.8473830
1785136074.8473830
1785136074.8473830
1785136074.8473830
1785136074.8473830
1785136074.8473830
1785136074.8473830
1785136074.8473830
1785136074.8476059
1785136074.8476059
1785136074.8476059
1785136074.8476059
1785136074.8476059
1785136074.8476059
1785136074.8476059
1785136074.8476059
1785136074.8476059
1785136074.8476059
1785136074.8476059
1785136074.8476059
1785136074.8476059
1785136074.8476059
1785136074.8476059
1785136074.8476059
1785136074.8476059
1785136074.8476059
1785136074.8476059
1785136074.8476059
1785136074.8476059
1785136074.8476059
1785136074.8476059
1785136074.8476059
1785136074.8476059
1785136074.8476059
1785136074.8476059
1785136074.8476059
1785136074.8476059
1785136074.8476059
1785136074.8476059
1785136074.8476059
1785136074.8476059
1785136074.8476059
1785136074.8476059
1785136074.8476059
1785136074.8476059
1785136074.8476059
1785136074.8476059
1785136074.8476059
1785136074.8476059
1785136074.8476059
1785136074.8476059
1785136074.8476059
1785136074.8476059
1785136074.8476059
1785136074.8476059
1785136074.8476059
1785136074.8476059
1785136074.8478279
1785136074.8478279
1785136074.8478279
1785136074.8478279
1785136074.8478279
1785136074.8478279
1785136074.8478279
1785136074.8478279
1785136074.8478279
1785136074.8478279
1785136074.8478279
1785136074.8478279
1785136074.8478279
1785136074.8478279
1785136074.8478279
1785136074.8478279
1785136074.8478279
1785136074.8478279
1785136074.8478279
1785136074.8478279
1785136074.8478279
1785136074.8478279
1785136074.8478279
1785136074.8478279
1785136074.8478279
1785136074.8478279
1785136074.8478279
1785136074.8478279
1785136074.8478279
1785136074.8478279
1785136074.8478279
1785136074.8478279
1785136074.8478279
1785136074.8478279
1785136074.8478279
1785136074.8478279
1785136074.8478279
1785136074.8478279
1785136074.8478279
1785136074.8478279
1785136074.8478279
1785136074.8478279
1785136074.8478279
1785136074.8478279
1785136074.8478279
1785136074.8478279
1785136074.8478279
1785136074.8478279
1785136074.8478279
1785136074.8480501
1785136074.8480501
1785136074.8480501
1785136074.8480501
1785136074.8480501
1785136074.8480501
1785136074.8480501
1785136074.8480501
1785136074.8480501
1785136074.8480501
1785136074.8480501
1785136074.8480501
1785136074.8480501
1785136074.8480501
1785136074.8480501
1785136074.8480501
1785136074.8480501
1785136074.8480501
1785136074.8480501
1785136074.8480501
1785136074.8480501
1785136074.8480501
1785136074.8480501
1785136074.8480501
1785136074.8480501
1785136074.8480501
1785136074.8480501
1785136074.8480501
1785136074.8480501
1785136074.8480501
1785136074.8480501
1785136074.8480501
1785136074.8480501
1785136074.8480501
1785136074.8480501
1785136074.8480501
1785136074.8480501
1785136074.8480501
1785136074.8480501
1785136074.8480501
1785136074.8480501
1785136074.8480501
1785136074.8480501
1785136074.8480501
1785136074.8480501
1785136074.8480501
1785136074.8480501
1785136074.8480501
1785136074.8482721
1785136074.8482721
1785136074.8482721
1785136074.8482721
1785136074.8482721
1785136074.8482721
1785136074.8482721
1785136074.8482721
1785136074.8482721
1785136074.8482721
1785136074.8482721
1785136074.8482721
1785136074.8482721
1785136074.8482721
1785136074.8482721
1785136074.8482721
1785136074.8482721
1785136074.8482721
1785136074.8482721
1785136074.8482721
1785136074.8482721
1785136074.8482721
1785136074.8482721
1785136074.8482721
1785136074.8482721
1785136074.8482721
1785136074.8482721
1785136074.8482721
1785136074.8482721
1785136074.8482721
1785136074.8482721
1785136074.8482721
1785136074.8482721
1785136074.8482721
1785136074.8482721
1785136074.8482721
1785136074.8482721
1785136074.8482721
1785136074.8482721
1785136074.8482721
1785136074.8482721
1785136074.8482721
1785136074.8482721
1785136074.8482721
1785136074.8482721
1785136074.8482721
1785136074.8482721
1785136074.8482721
1785136074.8484941
1785136074.8484941
1785136074.8484941
1785136074.8484941
1785136074.8484941
1785136074.8484941
1785136074.8484941
1785136074.8484941
1785136074.8484941
1785136074.8484941
1785136074.8484941
1785136074.8484941
1785136074.8484941
1785136074.8484941
1785136074.8484941
1785136074.8484941
1785136074.8484941
1785136074.8484941
1785136074.8484941
1785136074.8484941
1785136074.8484941
1785136074.8484941
1785136074.8484941
1785136074.8484941
1785136074.8484941
1785136074.8484941
1785136074.8484941
1785136074.8484941
1785136074.8484941
1785136074.8484941
1785136074.8484941
1785136074.8484941
1785136074.8484941
1785136074.8484941
1785136074.8484941
1785136074.8484941
1785136074.8484941
1785136074.8484941
1785136074.8484941
1785136074.8484941
1785136074.8484941
1785136074.8484941
1785136074.8484941
1785136074.8484941
1785136074.8484941
1785136074.8484941
1785136074.8484941
1785136074.8484941
1785136074.8487160
1785136074.8487160
1785136074.8487160
1785136074.8487160
1785136074.8487160
1785136074.8487160
1785136074.8487160
1785136074.8487160
1785136074.8487160
1785136074.8487160
1785136074.8487160
1785136074.8487160
1785136074.8487160
1785136074.8487160
1785136074.8487160
1785136074.8487160
1785136074.8487160
1785136074.8487160
1785136074.8487160
1785136074.8487160
1785136074.8487160
1785136074.8487160
1785136074.8487160
1785136074.8487160
1785136074.8487160
1785136074.8487160
1785136074.8487160
1785136074.8487160
1785136074.8487160
1785136074.8487160
1785136074.8487160
1785136074.8487160
1785136074.8487160
1785136074.8487160
1785136074.8487160
1785136074.8487160
1785136074.8487160
1785136074.8487160
1785136074.8487160
1785136074.8487160
1785136074.8487160
1785136074.8487160
1785136074.8487160
1785136074.8487160
1785136074.8487160
1785136074.8487160
1785136074.8487160
1785136074.8487160
1785136074.8489389
1785136074.8489389
1785136074.8489389
1785136074.8489389
1785136074.8489389
1785136074.8489389
1785136074.8489389
1785136074.8489389
1785136074.8489389
1785136074.8489389
1785136074.8489389
1785136074.8489389
1785136074.8489389
1785136074.8489389
1785136074.8489389
1785136074.8489389
1785136074.8489389
1785136074.8489389
1785136074.8489389
1785136074.8489389
1785136074.8489389
1785136074.8489389
1785136074.8489389
1785136074.8489389
1785136074.8489389
1785136074.8489389
1785136074.8489389
1785136074.8489389
1785136074.8489389
1785136074.8489389
1785136074.8489389
1785136074.8489389
1785136074.8489389
1785136074.8489389
1785136074.8489389
1785136074.8489389
1785136074.8489389
1785136074.8489389
1785136074.8489389
1785136074.8489389
1785136074.8489389
1785136074.8489389
1785136074.8489389
1785136074.8489389
1785136074.8489389
1785136074.8489389
1785136074.8489389
1785136074.8489389
1785136074.8491609
1785136074.8491609
1785136074.8491609
1785136074.8491609
1785136074.8491609
1785136074.8491609
1785136074.8491609
1785136074.8491609
1785136074.8491609
1785136074.8491609
1785136074.8491609
1785136074.8491609
1785136074.8491609
1785136074.8491609
1785136074.8491609
1785136074.8491609
1785136074.8491609
1785136074.8491609
1785136074.8491609
1785136074.8491609
1785136074.8491609
1785136074.8491609
1785136074.8491609
1785136074.8491609
1785136074.8491609
1785136074.8491609
1785136074.8491609
1785136074.8491609
1785136074.8491609
1785136074.8491609
1785136074.8491609
1785136074.8491609
1785136074.8491609
1785136074.8491609
1785136074.8491609
1785136074.8491609
1785136074.8491609
1785136074.8491609
1785136074.8491609
1785136074.8491609
1785136074.8491609
1785136074.8491609
1785136074.8491609
1785136074.8491609
1785136074.8491609
1785136074.8491609
1785136074.8491609
1785136074.8491609
1785136074.8493831
1785136074.8493831
1785136074.8493831
1785136074.8493831
1785136074.8493831
1785136074.8493831
1785136074.8493831
1785136074.8493831
1785136074.8493831
1785136074.8493831
1785136074.8493831
1785136074.8493831
1785136074.8493831
1785136074.8493831
1785136074.8493831
1785136074.8493831
1785136074.8493831
1785136074.8493831
1785136074.8493831
1785136074.8493831
1785136074.8493831
1785136074.8493831
1785136074.8493831
1785136074.8493831
1785136074.8493831
1785136074.8493831
1785136074.8493831
1785136074.8493831
1785136074.8493831
1785136074.8493831
1785136074.8493831
1785136074.8493831
1785136074.8493831
1785136074.8493831
1785136074.8493831
1785136074.8493831
1785136074.8493831
1785136074.8493831
1785136074.8493831
1785136074.8493831
1785136074.8493831
1785136074.8493831
1785136074.8493831
1785136074.8493831
1785136074.8493831
1785136074.8493831
1785136074.8493831
1785136074.8493831
1785136074.8493831
1785136074.8496051
1785136074.8496051
1785136074.8496051
1785136074.8496051
1785136074.8496051
1785136074.8496051
1785136074.8496051
1785136074.8496051
1785136074.8496051
1785136074.8496051
1785136074.8496051
1785136074.8496051
1785136074.8496051
1785136074.8496051
1785136074.8496051
1785136074.8496051
1785136074.8496051
1785136074.8496051
1785136074.8496051
1785136074.8496051
1785136074.8496051
1785136074.8496051
1785136074.8496051
1785136074.8496051
1785136074.8496051
1785136074.8496051
1785136074.8496051
1785136074.8496051
1785136074.8496051
1785136074.8496051
1785136074.8496051
1785136074.8496051
1785136074.8496051
1785136074.8496051
1785136074.8496051
1785136074.8496051
1785136074.8496051
1785136074.8496051
1785136074.8496051
1785136074.8496051
1785136074.8496051
1785136074.8496051
1785136074.8496051
1785136074.8496051
1785136074.8496051
1785136074.8496051
1785136074.8496051
1785136074.8496051
1785136074.8496051
1785136074.8498271
1785136074.8498271
1785136074.8498271
1785136074.8498271
1785136074.8498271
1785136074.8498271
1785136074.8498271
1785136074.8498271
1785136074.8498271
1785136074.8498271
1785136074.8498271
1785136074.8498271
1785136074.8498271
1785136074.8498271
1785136074.8498271
1785136074.8498271
1785136074.8498271
1785136074.8498271
1785136074.8498271
1785136074.8498271
1785136074.8498271
1785136074.8498271
1785136074.8498271
1785136074.8498271
1785136074.8498271
1785136074.8498271
1785136074.8498271
1785136074.8498271
1785136074.8498271
1785136074.8498271
1785136074.8498271
1785136074.8498271
1785136074.8498271
1785136074.8498271
1785136074.8498271
1785136074.8498271
1785136074.8498271
1785136074.8498271
1785136074.8498271
1785136074.8498271
1785136074.8498271
1785136074.8498271
1785136074.8498271
1785136074.8498271
1785136074.8498271
1785136074.8498271
1785136074.8498271
1785136074.8498271
1785136074.8498271
1785136074.8498271
1785136074.8498271
1785136074.8500500
1785136074.8500500
1785136074.8500500
1785136074.8500500
1785136074.8500500
1785136074.8500500
1785136074.8500500
1785136074.8500500
1785136074.8500500
1785136074.8500500
1785136074.8500500
1785136074.8500500
1785136074.8500500
1785136074.8500500
1785136074.8500500
1785136074.8500500
1785136074.8500500
1785136074.8500500
1785136074.8500500
1785136074.8500500
1785136074.8500500
1785136074.8500500
1785136074.8500500
1785136074.8500500
1785136074.8500500
1785136074.8500500
1785136074.8500500
1785136074.8500500
1785136074.8500500
1785136074.8500500
1785136074.8500500
1785136074.8500500
1785136074.8500500
1785136074.8500500
1785136074.8500500
1785136074.8500500
1785136074.8500500
1785136074.8500500
1785136074.8500500
1785136074.8500500
1785136074.8500500
1785136074.8500500
1785136074.8500500
1785136074.8500500
1785136074.8500500
1785136074.8500500
1785136074.8500500
1785136074.8500500
1785136074.8500500
1785136074.8500500
1785136074.8502719
1785136074.8502719
1785136074.8502719
1785136074.8502719
1785136074.8502719
1785136074.8502719
1785136074.8502719
1785136074.8502719
1785136074.8502719
1785136074.8502719
1785136074.8502719
1785136074.8502719
1785136074.8502719
1785136074.8502719
1785136074.8502719
1785136074.8502719
1785136074.8502719
1785136074.8502719
1785136074.8502719
1785136074.8502719
1785136074.8502719
1785136074.8502719
1785136074.8502719
1785136074.8502719
1785136074.8502719
1785136074.8502719
1785136074.8502719
1785136074.8502719
1785136074.8502719
1785136074.8502719
1785136074.8502719
1785136074.8502719
1785136074.8502719
1785136074.8502719
1785136074.8502719
1785136074.8502719
1785136074.8502719
1785136074.8502719
1785136074.8502719
1785136074.8502719
1785136074.8502719
1785136074.8502719
1785136074.8502719
1785136074.8502719
1785136074.8502719
1785136074.8502719
1785136074.8502719
1785136074.8502719
1785136074.8502719
1785136074.8502719
1785136074.8504939
1785136074.8504939
1785136074.8504939
1785136074.8504939
1785136074.8504939
1785136074.8504939
1785136074.8504939
1785136074.8504939
1785136074.8504939
1785136074.8504939
1785136074.8504939
1785136074.8504939
1785136074.8504939
1785136074.8504939
1785136074.8504939
1785136074.8504939
1785136074.8504939
1785136074.8504939
1785136074.8504939
1785136074.8504939
1785136074.8504939
1785136074.8504939
1785136074.8504939
1785136074.8504939
1785136074.8504939
1785136074.8504939
1785136074.8504939
1785136074.8504939
1785136074.8504939
1785136074.8504939
1785136074.8504939
1785136074.8504939
1785136074.8504939
1785136074.8504939
1785136074.8504939
1785136074.8504939
1785136074.8504939
1785136074.8504939
1785136074.8504939
1785136074.8504939
1785136074.8504939
1785136074.8504939
1785136074.8504939
1785136074.8504939
1785136074.8504939
1785136074.8507161
1785136074.8507161
1785136074.8507161
1785136074.8507161
1785136074.8507161
1785136074.8507161
1785136074.8507161
1785136074.8507161
1785136074.8507161
1785136074.8507161
1785136074.8507161
1785136074.8507161
1785136074.8507161
1785136074.8507161
1785136074.8507161
1785136074.8507161
1785136074.8507161
1785136074.8507161
1785136074.8507161
1785136074.8507161
1785136074.8507161
1785136074.8507161
1785136074.8507161
1785136074.8507161
1785136074.8507161
1785136074.8507161
1785136074.8507161
1785136074.8507161
1785136074.8507161
1785136074.8507161
1785136074.8507161
1785136074.8507161
1785136074.8507161
1785136074.8507161
1785136074.8507161
1785136074.8507161
1785136074.8507161
1785136074.8507161
1785136074.8507161
1785136074.8507161
1785136074.8507161
1785136074.8507161
1785136074.8507161
1785136074.8509390
1785136074.8509390
1785136074.8509390
1785136074.8509390
1785136074.8509390
1785136074.8509390
1785136074.8509390
1785136074.8509390
1785136074.8509390
1785136074.8509390
1785136074.8509390
1785136074.8509390
1785136074.8509390
1785136074.8509390
1785136074.8509390
1785136074.8509390
1785136074.8509390
1785136074.8509390
1785136074.8509390
1785136074.8509390
1785136074.8509390
1785136074.8509390
1785136074.8509390
1785136074.8509390
1785136074.8509390
1785136074.8509390
1785136074.8509390
1785136074.8509390
1785136074.8509390
1785136074.8509390
1785136074.8509390
1785136074.8509390
1785136074.8509390
1785136074.8509390
1785136074.8509390
1785136074.8509390
1785136074.8509390
1785136074.8509390
1785136074.8509390
1785136074.8509390
1785136074.8509390
1785136074.8509390
1785136074.8511610
1785136074.8511610
1785136074.8511610
1785136074.8511610
1785136074.8511610
1785136074.8511610
1785136074.8511610
1785136074.8511610
1785136074.8511610
1785136074.8511610
1785136074.8511610
1785136074.8511610
1785136074.8511610
1785136074.8511610
1785136074.8511610
1785136074.8511610
1785136074.8511610
1785136074.8511610
1785136074.8511610
1785136074.8511610
1785136074.8511610
1785136074.8511610
1785136074.8511610
1785136074.8511610
1785136074.8511610
1785136074.8511610
1785136074.8511610
1785136074.8511610
1785136074.8511610
1785136074.8511610
1785136074.8511610
1785136074.8511610
1785136074.8511610
1785136074.8511610
1785136074.8511610
1785136074.8511610
1785136074.8511610
1785136074.8511610
1785136074.8511610
1785136074.8511610
1785136074.8511610
1785136074.8511610
1785136074.8511610
1785136074.8513830
1785136074.8513830
1785136074.8513830
1785136074.8513830
1785136074.8513830
1785136074.8513830
1785136074.8513830
1785136074.8513830
1785136074.8513830
1785136074.8513830
1785136074.8513830
1785136074.8513830
1785136074.8513830
1785136074.8513830
1785136074.8513830
1785136074.8513830
1785136074.8513830
1785136074.8513830
1785136074.8513830
1785136074.8513830
1785136074.8513830
1785136074.8513830
1785136074.8513830
1785136074.8513830
1785136074.8513830
1785136074.8513830
1785136074.8513830
1785136074.8513830
1785136074.8513830
1785136074.8513830
1785136074.8513830
1785136074.8513830
1785136074.8513830
1785136074.8513830
1785136074.8513830
1785136074.8513830
1785136074.8513830
1785136074.8513830
1785136074.8513830
1785136074.8513830
1785136074.8513830
1785136074.8513830
1785136074.8513830
1785136074.8516049
1785136074.8516049
1785136074.8516049
1785136074.8516049
1785136074.8516049
1785136074.8516049
1785136074.8516049
1785136074.8516049
1785136074.8516049
1785136074.8516049
1785136074.8516049
1785136074.8516049
1785136074.8516049
1785136074.8516049
1785136074.8516049
1785136074.8516049
1785136074.8516049
1785136074.8516049
1785136074.8516049
1785136074.8516049
1785136074.8516049
1785136074.8516049
1785136074.8516049
1785136074.8516049
1785136074.8516049
1785136074.8516049
1785136074.8516049
1785136074.8516049
1785136074.8516049
1785136074.8516049
1785136074.8516049
1785136074.8516049
1785136074.8516049
1785136074.8516049
1785136074.8516049
1785136074.8516049
1785136074.8516049
1785136074.8516049
1785136074.8516049
1785136074.8516049
1785136074.8516049
1785136074.8516049
1785136074.8516049
1785136074.8516049
1785136074.8516049
1785136074.8516049
1785136074.8518269
1785136074.8518269
1785136074.8518269
1785136074.8518269
1785136074.8518269
1785136074.8518269
1785136074.8518269
1785136074.8518269
1785136074.8518269
1785136074.8518269
1785136074.8518269
1785136074.8518269
1785136074.8518269
1785136074.8518269
1785136074.8518269
1785136074.8518269
1785136074.8518269
1785136074.8518269
1785136074.8518269
1785136074.8518269
1785136074.8518269
1785136074.8518269
1785136074.8518269
1785136074.8518269
1785136074.8518269
1785136074.8518269
1785136074.8518269
1785136074.8518269
1785136074.8518269
1785136074.8518269
1785136074.8518269
1785136074.8518269
1785136074.8518269
1785136074.8518269
1785136074.8518269
1785136074.8518269
1785136074.8518269
1785136074.8518269
1785136074.8518269
1785136074.8518269
1785136074.8518269
1785136074.8518269
1785136074.8518269
1785136074.8518269
1785136074.8518269
1785136074.8520491
1785136074.8520491
1785136074.8520491
1785136074.8520491
1785136074.8520491
1785136074.8520491
1785136074.8520491
1785136074.8520491
1785136074.8520491
1785136074.8520491
1785136074.8520491
1785136074.8520491
1785136074.8520491
1785136074.8520491
1785136074.8520491
1785136074.8520491
1785136074.8520491
1785136074.8520491
1785136074.8520491
1785136074.8520491
1785136074.8520491
1785136074.8520491
1785136074.8520491
1785136074.8520491
1785136074.8520491
1785136074.8520491
1785136074.8520491
1785136074.8520491
1785136074.8520491
1785136074.8520491
1785136074.8520491
1785136074.8520491
1785136074.8520491
1785136074.8520491
1785136074.8520491
1785136074.8520491
1785136074.8520491
1785136074.8520491
1785136074.8520491
1785136074.8520491
1785136074.8520491
1785136074.8520491
1785136074.8520491
1785136074.8520491
1785136074.8520491
1785136074.8522720
1785136074.8522720
1785136074.8522720
1785136074.8522720
1785136074.8522720
1785136074.8522720
1785136074.8522720
1785136074.8522720
1785136074.8522720
1785136074.8522720
1785136074.8522720
1785136074.8522720
1785136074.8522720
1785136074.8522720
1785136074.8522720
1785136074.8522720
1785136074.8522720
1785136074.8522720
1785136074.8522720
1785136074.8522720
1785136074.8522720
1785136074.8522720
1785136074.8522720
1785136074.8522720
1785136074.8522720
1785136074.8522720
1785136074.8522720
1785136074.8522720
1785136074.8522720
1785136074.8522720
1785136074.8522720
1785136074.8522720
1785136074.8522720
1785136074.8522720
1785136074.8522720
1785136074.8522720
1785136074.8522720
1785136074.8522720
1785136074.8522720
1785136074.8522720
1785136074.8522720
1785136074.8522720
1785136074.8522720
1785136074.8522720
1785136074.8522720
1785136074.8524940
1785136074.8524940
1785136074.8524940
1785136074.8524940
1785136074.8524940
1785136074.8524940
1785136074.8524940
1785136074.8524940
1785136074.8524940
1785136074.8524940
1785136074.8524940
1785136074.8524940
1785136074.8524940
1785136074.8524940
1785136074.8524940
1785136074.8524940
1785136074.8524940
1785136074.8524940
1785136074.8524940
1785136074.8524940
1785136074.8524940
1785136074.8524940
1785136074.8524940
1785136074.8524940
1785136074.8524940
1785136074.8524940
1785136074.8524940
1785136074.8524940
1785136074.8524940
1785136074.8524940
1785136074.8524940
1785136074.8524940
1785136074.8524940
1785136074.8524940
1785136074.8524940
1785136074.8524940
1785136074.8524940
1785136074.8524940
1785136074.8524940
1785136074.8524940
1785136074.8524940
1785136074.8524940
1785136074.8524940
1785136074.8524940
1785136074.8524940
1785136074.8524940
1785136074.8524940
1785136074.8524940
1785136074.8524940
1785136074.8524940
1785136074.8527160
1785136074.8527160
1785136074.8527160
1785136074.8527160
1785136074.8527160
1785136074.8527160
1785136074.8527160
1785136074.8527160
1785136074.8527160
1785136074.8527160
1785136074.8527160
1785136074.8527160
1785136074.8527160
1785136074.8527160
1785136074.8527160
1785136074.8527160
1785136074.8527160
1785136074.8527160
1785136074.8527160
1785136074.8527160
1785136074.8527160
1785136074.8527160
1785136074.8527160
1785136074.8527160
1785136074.8527160
1785136074.8527160
1785136074.8527160
1785136074.8527160
1785136074.8527160
1785136074.8527160
1785136074.8527160
1785136074.8527160
1785136074.8527160
1785136074.8527160
1785136074.8527160
1785136074.8527160
1785136074.8527160
1785136074.8527160
1785136074.8527160
1785136074.8527160
1785136074.8527160
1785136074.8527160
1785136074.8527160
1785136074.8527160
1785136074.8527160
1785136074.8527160
1785136074.8527160
1785136074.8527160
1785136074.8527160
1785136074.8527160
1785136074.8527160
1785136074.8527160
1785136074.8527160
1785136074.8527160
1785136074.8527160
1785136074.8527160
1785136074.8527160
1785136074.8527160
1785136074.8527160
1785136074.8527160
1785136074.8527160
1785136074.8527160
1785136074.8527160
1785136074.8529379
1785136074.8529379
1785136074.8529379
1785136074.8529379
1785136074.8529379
1785136074.8529379
1785136074.8529379
1785136074.8529379
1785136074.8529379
1785136074.8529379
1785136074.8529379
1785136074.8529379
1785136074.8529379
1785136074.8529379
1785136074.8529379
1785136074.8529379
1785136074.8529379
1785136074.8529379
1785136074.8529379
1785136074.8529379
1785136074.8529379
1785136074.8529379
1785136074.8529379
1785136074.8529379
1785136074.8529379
1785136074.8529379
1785136074.8529379
1785136074.8529379
1785136074.8529379
1785136074.8529379
1785136074.8529379
1785136074.8529379
1785136074.8529379
1785136074.8529379
1785136074.8529379
1785136074.8529379
1785136074.8529379
1785136074.8529379
1785136074.8529379
1785136074.8529379
1785136074.8529379
1785136074.8529379
1785136074.8529379
1785136074.8529379
1785136074.8529379
1785136074.8529379
1785136074.8529379
1785136074.8529379
1785136074.8529379
1785136074.8529379
1785136074.8529379
1785136074.8529379
1785136074.8529379
1785136074.8529379
1785136074.8529379
1785136074.8529379
1785136074.8529379
1785136074.8529379
1785136074.8529379
1785136074.8529379
1785136074.8529379
1785136074.8529379
1785136074.8529379
1785136074.8529379
1785136074.8529379
1785136074.8531599
1785136074.8531599
1785136074.8531599
1785136074.8531599
1785136074.8531599
1785136074.8531599
1785136074.8531599
1785136074.8531599
1785136074.8531599
1785136074.8531599
1785136074.8531599
1785136074.8531599
1785136074.8531599
1785136074.8531599
1785136074.8531599
1785136074.8531599
1785136074.8531599
1785136074.8531599
1785136074.8531599
1785136074.8531599
1785136074.8531599
1785136074.8531599
1785136074.8531599
1785136074.8531599
1785136074.8531599
1785136074.8531599
1785136074.8531599
1785136074.8531599
1785136074.8531599
1785136074.8531599
1785136074.8531599
1785136074.8531599
1785136074.8531599
1785136074.8531599
1785136074.8531599
1785136074.8531599
1785136074.8531599
1785136074.8531599
1785136074.8531599
1785136074.8531599
1785136074.8531599
1785136074.8531599
1785136074.8531599
1785136074.8531599
1785136074.8531599
1785136074.8531599
1785136074.8531599
1785136074.8531599
1785136074.8531599
1785136074.8531599
1785136074.8531599
1785136074.8531599
1785136074.8531599
1785136074.8531599
1785136074.8531599
1785136074.8531599
1785136074.8533831
1785136074.8533831
1785136074.8533831
1785136074.8533831
1785136074.8533831
1785136074.8533831
1785136074.8533831
1785136074.8533831
1785136074.8533831
1785136074.8533831
1785136074.8533831
1785136074.8533831
1785136074.8533831
1785136074.8533831
1785136074.8533831
1785136074.8533831
1785136074.8533831
1785136074.8533831
1785136074.8533831
1785136074.8533831
1785136074.8533831
1785136074.8533831
1785136074.8533831
1785136074.8533831
1785136074.8533831
1785136074.8533831
1785136074.8533831
1785136074.8533831
1785136074.8533831
1785136074.8533831
1785136074.8533831
1785136074.8533831
1785136074.8533831
1785136074.8533831
1785136074.8533831
1785136074.8533831
1785136074.8533831
1785136074.8533831
1785136074.8533831
1785136074.8533831
1785136074.8533831
1785136074.8533831
1785136074.8533831
1785136074.8533831
1785136074.8533831
1785136074.8533831
1785136074.8533831
1785136074.8533831
1785136074.8533831
1785136074.8533831
1785136074.8533831
1785136074.8533831
1785136074.8533831
1785136074.8533831
1785136074.8533831
1785136074.8533831
1785136074.8533831
1785136074.8533831
1785136074.8536050
1785136074.8536050
1785136074.8536050
1785136074.8536050
1785136074.8536050
1785136074.8536050
1785136074.8536050
1785136074.8536050
1785136074.8536050
1785136074.8536050
1785136074.8536050
1785136074.8536050
1785136074.8536050
1785136074.8536050
1785136074.8536050
1785136074.8536050
1785136074.8536050
1785136074.8536050
1785136074.8536050
1785136074.8536050
1785136074.8536050
1785136074.8536050
1785136074.8536050
1785136074.8536050
1785136074.8536050
1785136074.8536050
1785136074.8536050
1785136074.8536050
1785136074.8536050
1785136074.8536050
1785136074.8536050
1785136074.8536050
1785136074.8536050
1785136074.8536050
1785136074.8536050
1785136074.8536050
1785136074.8536050
1785136074.8536050
1785136074.8536050
1785136074.8536050
1785136074.8536050
1785136074.8536050
1785136074.8536050
1785136074.8536050
1785136074.8536050
1785136074.8536050
1785136074.8536050
1785136074.8538270
1785136074.8538270
1785136074.8538270
1785136074.8538270
1785136074.8538270
1785136074.8538270
1785136074.8538270
1785136074.8538270
1785136074.8538270
1785136074.8538270
1785136074.8538270
1785136074.8538270
1785136074.8538270
1785136074.8538270
1785136074.8538270
1785136074.8538270
1785136074.8538270
1785136074.8538270
1785136074.8538270
1785136074.8538270
1785136074.8538270
1785136074.8538270
1785136074.8538270
1785136074.8538270
1785136074.8538270
1785136074.8538270
1785136074.8538270
1785136074.8538270
1785136074.8538270
1785136074.8538270
1785136074.8538270
1785136074.8538270
1785136074.8538270
1785136074.8538270
1785136074.8538270
1785136074.8538270
1785136074.8538270
1785136074.8538270
1785136074.8538270
1785136074.8538270
1785136074.8538270
1785136074.8538270
1785136074.8538270
1785136074.8538270
1785136074.8538270
1785136074.8538270
1785136074.8538270
1785136074.8538270
1785136074.8538270
1785136074.8538270
1785136074.8538270
1785136074.8538270
1785136074.8538270
1785136074.8538270
1785136074.8538270
1785136074.8540490
1785136074.8540490
1785136074.8540490
1785136074.8540490
1785136074.8540490
1785136074.8540490
1785136074.8540490
1785136074.8540490
1785136074.8540490
1785136074.8540490
1785136074.8540490
1785136074.8540490
1785136074.8540490
1785136074.8540490
1785136074.8540490
1785136074.8540490
1785136074.8540490
1785136074.8540490
1785136074.8540490
1785136074.8540490
1785136074.8540490
1785136074.8540490
1785136074.8540490
1785136074.8540490
1785136074.8540490
1785136074.8540490
1785136074.8540490
1785136074.8540490
1785136074.8540490
1785136074.8540490
1785136074.8540490
1785136074.8540490
1785136074.8540490
1785136074.8540490
1785136074.8540490
1785136074.8540490
1785136074.8540490
1785136074.8540490
1785136074.8540490
1785136074.8540490
1785136074.8540490
1785136074.8540490
1785136074.8540490
1785136074.8540490
1785136074.8540490
1785136074.8540490
1785136074.8540490
1785136074.8540490
1785136074.8540490
1785136074.8540490
1785136074.8540490
1785136074.8540490
1785136074.8542719
1785136074.8542719
1785136074.8542719
1785136074.8542719
1785136074.8542719
1785136074.8542719
1785136074.8542719
1785136074.8542719
1785136074.8542719
1785136074.8542719
1785136074.8542719
1785136074.8542719
1785136074.8542719
1785136074.8542719
1785136074.8542719
1785136074.8542719
1785136074.8542719
1785136074.8542719
1785136074.8542719
1785136074.8542719
1785136074.8542719
1785136074.8542719
1785136074.8542719
1785136074.8542719
1785136074.8542719
1785136074.8542719
1785136074.8542719
1785136074.8542719
1785136074.8542719
1785136074.8542719
1785136074.8542719
1785136074.8542719
1785136074.8542719
1785136074.8542719
1785136074.8542719
1785136074.8542719
1785136074.8542719
1785136074.8542719
1785136074.8542719
1785136074.8542719
1785136074.8542719
1785136074.8542719
1785136074.8544941
1785136074.8544941
1785136074.8544941
1785136074.8544941
1785136074.8544941
1785136074.8544941
1785136074.8544941
1785136074.8544941
1785136074.8544941
1785136074.8544941
1785136074.8544941
1785136074.8544941
1785136074.8544941
1785136074.8544941
1785136074.8544941
1785136074.8544941
1785136074.8544941
1785136074.8544941
1785136074.8544941
1785136074.8544941
1785136074.8544941
1785136074.8544941
1785136074.8544941
1785136074.8544941
1785136074.8544941
1785136074.8544941
1785136074.8544941
1785136074.8544941
1785136074.8544941
1785136074.8544941
1785136074.8544941
1785136074.8544941
1785136074.8544941
1785136074.8544941
1785136074.8544941
1785136074.8544941
1785136074.8544941
1785136074.8544941
1785136074.8544941
1785136074.8544941
1785136074.8544941
1785136074.8544941
1785136074.8544941
1785136074.8544941
1785136074.8544941
1785136074.8544941
1785136074.8544941
1785136074.8544941
1785136074.8544941
1785136074.8544941
1785136074.8544941
1785136074.8544941
1785136074.8544941
1785136074.8544941
1785136074.8544941
1785136074.8547161
1785136074.8547161
1785136074.8547161
1785136074.8547161
1785136074.8547161
1785136074.8547161
1785136074.8547161
1785136074.8547161
1785136074.8547161
1785136074.8547161
1785136074.8547161
1785136074.8547161
1785136074.8547161
1785136074.8547161
1785136074.8547161
1785136074.8547161
1785136074.8547161
1785136074.8547161
1785136074.8547161
1785136074.8547161
1785136074.8547161
1785136074.8547161
1785136074.8547161
1785136074.8547161
1785136074.8547161
1785136074.8547161
1785136074.8547161
1785136074.8547161
1785136074.8547161
1785136074.8547161
1785136074.8547161
1785136074.8547161
1785136074.8547161
1785136074.8547161
1785136074.8547161
1785136074.8547161
1785136074.8547161
1785136074.8547161
1785136074.8547161
1785136074.8547161
1785136074.8547161
1785136074.8547161
1785136074.8547161
1785136074.8547161
1785136074.8547161
1785136074.8547161
1785136074.8547161
1785136074.8547161
1785136074.8547161
1785136074.8547161
1785136074.8547161
1785136074.8547161
1785136074.8547161
1785136074.8547161
1785136074.8547161
1785136074.8547161
1785136074.8549380
1785136074.8549380
1785136074.8549380
1785136074.8549380
1785136074.8549380
1785136074.8549380
1785136074.8549380
1785136074.8549380
1785136074.8549380
1785136074.8549380
1785136074.8549380
1785136074.8549380
1785136074.8549380
1785136074.8549380
1785136074.8549380
1785136074.8549380
1785136074.8549380
1785136074.8549380
1785136074.8549380
1785136074.8549380
1785136074.8549380
1785136074.8549380
1785136074.8549380
1785136074.8549380
1785136074.8549380
1785136074.8549380
1785136074.8549380
1785136074.8549380
1785136074.8549380
1785136074.8549380
1785136074.8549380
1785136074.8549380
1785136074.8549380
1785136074.8549380
1785136074.8549380
1785136074.8551600
1785136074.8551600
1785136074.8551600
1785136074.8551600
1785136074.8551600
1785136074.8551600
1785136074.8551600
1785136074.8551600
1785136074.8551600
1785136074.8551600
1785136074.8551600
1785136074.8551600
1785136074.8551600
1785136074.8551600
1785136074.8551600
1785136074.8551600
1785136074.8551600
1785136074.8551600
1785136074.8553829
1785136074.8553829
1785136074.8553829
1785136074.8553829
1785136074.8553829
1785136074.8553829
1785136074.8553829
1785136074.8553829
1785136074.8553829
1785136074.8553829
1785136074.8553829
1785136074.8553829
1785136074.8553829
1785136074.8553829
1785136074.8553829
1785136074.8553829
1785136074.8553829
1785136074.8553829
1785136074.8553829
1785136074.8553829
1785136074.8553829
1785136074.8553829
1785136074.8553829
1785136074.8556049
1785136074.8556049
1785136074.8556049
1785136074.8556049
1785136074.8556049
1785136074.8556049
1785136074.8556049
1785136074.8556049
1785136074.8556049
1785136074.8556049
1785136074.8556049
1785136074.8556049
1785136074.8556049
1785136074.8556049
1785136074.8556049
1785136074.8558271
1785136074.8558271
1785136074.8558271
1785136074.8558271
1785136074.8558271
1785136074.8558271
1785136074.8558271
1785136074.8558271
1785136074.8558271
1785136074.8558271
1785136074.8558271
1785136074.8558271
1785136074.8560491
1785136074.8560491
1785136074.8560491
1785136074.8560491
1785136074.8560491
1785136074.8560491
1785136074.8560491
1785136074.8560491
1785136074.8560491
1785136074.8560491
1785136074.8560491
1785136074.8560491
1785136074.8560491
1785136074.8562720
1785136074.8562720
1785136074.8562720
1785136074.8562720
1785136074.8562720
1785136074.8562720
1785136074.8562720
1785136074.8562720
1785136074.8562720
1785136074.8562720
1785136074.8562720
1785136074.8562720
1785136074.8562720
1785136074.8564939
1785136074.8564939
1785136074.8564939
1785136074.8564939
1785136074.8564939
1785136074.8564939
1785136074.8564939
1785136074.8564939
1785136074.8564939
1785136074.8564939
1785136074.8564939
1785136074.8564939
1785136074.8564939
1785136074.8604939
1785136074.8604939
1785136074.8604939
1785136074.8604939
1785136074.8604939
1785136074.8604939
1785136074.8604939
1785136074.8604939
1785136074.8604939
1785136074.8604939
1785136074.8604939
1785136074.8604939
1785136074.8607171
1785136074.8607171
1785136074.8607171
1785136074.8607171
1785136074.8607171
1785136074.8607171
1785136074.8607171
1785136074.8607171
1785136074.8607171
1785136074.8607171
1785136074.8607171
1785136074.8607171
1785136074.8607171
1785136074.8607171
1785136074.8607171
1785136074.8609390
1785136074.8609390
1785136074.8609390
1785136074.8609390
1785136074.8609390
1785136074.8609390
1785136074.8609390
1785136074.8609390
1785136074.8609390
1785136074.8609390
1785136074.8609390
1785136074.8609390
1785136074.8609390
1785136074.8609390
1785136074.8609390
1785136074.8609390
1785136074.8609390
1785136074.8609390
1785136074.8611610
1785136074.8611610
1785136074.8611610
1785136074.8611610
1785136074.8611610
1785136074.8611610
1785136074.8611610
1785136074.8611610
1785136074.8611610
1785136074.8611610
1785136074.8611610
1785136074.8611610
1785136074.8611610
1785136074.8611610
1785136074.8611610
1785136074.8611610
1785136074.8611610
1785136074.8613839
1785136074.8613839
1785136074.8613839
1785136074.8613839
1785136074.8613839
1785136074.8613839
1785136074.8613839
1785136074.8613839
1785136074.8613839
1785136074.8613839
1785136074.8613839
1785136074.8613839
1785136074.8613839
1785136074.8613839
1785136074.8613839
1785136074.8613839
1785136074.8613839
1785136074.8613839
1785136074.8613839
1785136074.8616059
1785136074.8616059
1785136074.8616059
1785136074.8616059
1785136074.8616059
1785136074.8616059
1785136074.8616059
1785136074.8616059
1785136074.8616059
1785136074.8616059
1785136074.8616059
1785136074.8616059
1785136074.8616059
1785136074.8620501
1785136074.8620501
1785136074.8620501
1785136074.8620501
1785136074.8622730
1785136074.8622730
1785136074.8622730
1785136074.8622730
1785136074.8622730
1785136074.8622730
