1785136088.1125050
1785136088.1138380
1785136088.1138380
1785136088.1140611
1785136088.1140611
1785136088.1140611
1785136088.1142831
1785136088.1142831
1785136088.1142831
1785136088.1142831
1785136088.1142831
1785136088.1142831
1785136088.1142831
1785136088.1142831
1785136088.1142831
1785136088.1142831
1785136088.1142831
1785136088.1142831
1785136088.1142831
1785136088.1142831
1785136088.1142831
1785136088.1142831
1785136088.1145051
1785136088.1145051
1785136088.1145051
1785136088.1145051
1785136088.1145051
1785136088.1145051
1785136088.1145051
1785136088.1145051
1785136088.1151731
1785136088.1151731
1785136088.1151731
1785136088.1167281
1785136088.1169510
1785136088.1169510
1785136088.1169510
1785136088.1169510
1785136088.1169510
1785136088.1171730
1785136088.1171730
1785136088.1171730
1785136088.1171730
1785136088.1171730
1785136088.1171730
1785136088.1171730
1785136088.1171730
1785136088.1173949
1785136088.1173949
1785136088.1173949
1785136088.1173949
1785136088.1173949
1785136088.1173949
1785136088.1173949
1785136088.1173949
1785136088.1173949
1785136088.1176181
1785136088.1176181
1785136088.1176181
1785136088.1176181
1785136088.1176181
1785136088.1176181
1785136088.1176181
1785136088.1176181
1785136088.1176181
1785136088.1176181
1785136088.1176181
1785136088.1176181
1785136088.1176181
1785136088.1176181
1785136088.1176181
1785136088.1176181
1785136088.1176181
1785136088.1176181
1785136088.1178401
1785136088.1178401
1785136088.1178401
1785136088.1178401
1785136088.1178401
1785136088.1178401
1785136088.1178401
1785136088.1178401
1785136088.1178401
1785136088.1178401
1785136088.1178401
1785136088.1178401
1785136088.1178401
1785136088.1178401
1785136088.1178401
1785136088.1178401
1785136088.1178401
1785136088.1178401
1785136088.1178401
1785136088.1178401
1785136088.1178401
1785136088.1178401
1785136088.1178401
1785136088.1178401
1785136088.1178401
1785136088.1178401
1785136088.1178401
1785136088.1178401
1785136088.1178401
1785136088.1178401
1785136088.1178401
1785136088.1178401
1785136088.1178401
1785136088.1178401
1785136088.1178401
1785136088.1178401
1785136088.1178401
1785136088.1178401
1785136088.1178401
1785136088.1178401
1785136088.1180620
1785136088.1180620
1785136088.1180620
1785136088.1180620
1785136088.1180620
1785136088.1180620
1785136088.1180620
1785136088.1180620
1785136088.1180620
1785136088.1180620
1785136088.1180620
1785136088.1180620
1785136088.1180620
1785136088.1180620
1785136088.1180620
1785136088.1180620
1785136088.1180620
1785136088.1180620
1785136088.1180620
1785136088.1180620
1785136088.1180620
1785136088.1180620
1785136088.1180620
1785136088.1180620
1785136088.1180620
1785136088.1180620
1785136088.1180620
1785136088.1180620
1785136088.1180620
1785136088.1180620
1785136088.1180620
1785136088.1180620
1785136088.1180620
1785136088.1180620
1785136088.1180620
1785136088.1180620
1785136088.1180620
1785136088.1180620
1785136088.1182840
1785136088.1182840
1785136088.1182840
1785136088.1182840
1785136088.1182840
1785136088.1182840
1785136088.1182840
1785136088.1182840
1785136088.1182840
1785136088.1182840
1785136088.1182840
1785136088.1182840
1785136088.1182840
1785136088.1182840
1785136088.1182840
1785136088.1182840
1785136088.1182840
1785136088.1182840
1785136088.1182840
1785136088.1182840
1785136088.1182840
1785136088.1182840
1785136088.1182840
1785136088.1182840
1785136088.1182840
1785136088.1182840
1785136088.1182840
1785136088.1182840
1785136088.1182840
1785136088.1182840
1785136088.1182840
1785136088.1182840
1785136088.1182840
1785136088.1182840
1785136088.1185069
1785136088.1185069
1785136088.1185069
1785136088.1185069
1785136088.1185069
1785136088.1185069
1785136088.1185069
1785136088.1185069
1785136088.1185069
1785136088.1185069
1785136088.1185069
1785136088.1185069
1785136088.1185069
1785136088.1185069
1785136088.1185069
1785136088.1185069
1785136088.1185069
1785136088.1185069
1785136088.1185069
1785136088.1185069
1785136088.1185069
1785136088.1185069
1785136088.1185069
1785136088.1185069
1785136088.1185069
1785136088.1185069
1785136088.1185069
1785136088.1185069
1785136088.1185069
1785136088.1185069
1785136088.1185069
1785136088.1185069
1785136088.1187291
1785136088.1187291
1785136088.1187291
1785136088.1187291
1785136088.1187291
1785136088.1187291
1785136088.1187291
1785136088.1187291
1785136088.1187291
1785136088.1187291
1785136088.1187291
1785136088.1187291
1785136088.1187291
1785136088.1187291
1785136088.1187291
1785136088.1187291
1785136088.1187291
1785136088.1187291
1785136088.1187291
1785136088.1187291
1785136088.1187291
1785136088.1187291
1785136088.1187291
1785136088.1187291
1785136088.1187291
1785136088.1187291
1785136088.1187291
1785136088.1187291
1785136088.1187291
1785136088.1187291
1785136088.1187291
1785136088.1187291
1785136088.1189511
1785136088.1189511
1785136088.1189511
1785136088.1189511
1785136088.1189511
1785136088.1189511
1785136088.1189511
1785136088.1189511
1785136088.1189511
1785136088.1189511
1785136088.1189511
1785136088.1189511
1785136088.1189511
1785136088.1189511
1785136088.1189511
1785136088.1189511
1785136088.1189511
1785136088.1189511
1785136088.1189511
1785136088.1189511
1785136088.1189511
1785136088.1189511
1785136088.1189511
1785136088.1189511
1785136088.1189511
1785136088.1189511
1785136088.1189511
1785136088.1189511
1785136088.1189511
1785136088.1189511
1785136088.1189511
1785136088.1189511
1785136088.1191730
1785136088.1191730
1785136088.1191730
1785136088.1191730
1785136088.1191730
1785136088.1191730
1785136088.1191730
1785136088.1191730
1785136088.1191730
1785136088.1191730
1785136088.1191730
1785136088.1191730
1785136088.1191730
1785136088.1191730
1785136088.1191730
1785136088.1191730
1785136088.1191730
1785136088.1191730
1785136088.1191730
1785136088.1191730
1785136088.1191730
1785136088.1191730
1785136088.1191730
1785136088.1191730
1785136088.1191730
1785136088.1191730
1785136088.1191730
1785136088.1191730
1785136088.1191730
1785136088.1191730
1785136088.1191730
1785136088.1191730
1785136088.1191730
1785136088.1191730
1785136088.1191730
1785136088.1191730
1785136088.1191730
1785136088.1191730
1785136088.1191730
1785136088.1191730
1785136088.1191730
1785136088.1191730
1785136088.1193960
1785136088.1193960
1785136088.1193960
1785136088.1193960
1785136088.1193960
1785136088.1193960
1785136088.1193960
1785136088.1193960
1785136088.1193960
1785136088.1193960
1785136088.1193960
1785136088.1193960
1785136088.1193960
1785136088.1193960
1785136088.1193960
1785136088.1193960
1785136088.1193960
1785136088.1193960
1785136088.1193960
1785136088.1193960
1785136088.1193960
1785136088.1193960
1785136088.1193960
1785136088.1193960
1785136088.1193960
1785136088.1193960
1785136088.1193960
1785136088.1193960
1785136088.1193960
1785136088.1193960
1785136088.1193960
1785136088.1193960
1785136088.1193960
1785136088.1193960
1785136088.1193960
1785136088.1193960
1785136088.1193960
1785136088.1193960
1785136088.1193960
1785136088.1193960
1785136088.1193960
1785136088.1193960
1785136088.1196179
1785136088.1196179
1785136088.1196179
1785136088.1196179
1785136088.1196179
1785136088.1196179
1785136088.1196179
1785136088.1196179
1785136088.1196179
1785136088.1196179
1785136088.1196179
1785136088.1196179
1785136088.1196179
1785136088.1196179
1785136088.1196179
1785136088.1196179
1785136088.1196179
1785136088.1196179
1785136088.1196179
1785136088.1196179
1785136088.1196179
1785136088.1196179
1785136088.1196179
1785136088.1196179
1785136088.1196179
1785136088.1196179
1785136088.1196179
1785136088.1196179
1785136088.1196179
1785136088.1196179
1785136088.1196179
1785136088.1196179
1785136088.1196179
1785136088.1196179
1785136088.1196179
1785136088.1196179
1785136088.1196179
1785136088.1196179
1785136088.1196179
1785136088.1196179
1785136088.1196179
1785136088.1196179
1785136088.1198399
1785136088.1198399
1785136088.1198399
1785136088.1198399
1785136088.1198399
1785136088.1198399
1785136088.1198399
1785136088.1198399
1785136088.1198399
1785136088.1198399
1785136088.1198399
1785136088.1198399
1785136088.1198399
1785136088.1198399
1785136088.1198399
1785136088.1198399
1785136088.1198399
1785136088.1198399
1785136088.1198399
1785136088.1198399
1785136088.1198399
1785136088.1198399
1785136088.1198399
1785136088.1198399
1785136088.1198399
1785136088.1198399
1785136088.1198399
1785136088.1198399
1785136088.1198399
1785136088.1198399
1785136088.1198399
1785136088.1198399
1785136088.1198399
1785136088.1198399
1785136088.1198399
1785136088.1198399
1785136088.1198399
1785136088.1198399
1785136088.1198399
1785136088.1198399
1785136088.1198399
1785136088.1198399
1785136088.1200631
1785136088.1200631
1785136088.1200631
1785136088.1200631
1785136088.1200631
1785136088.1200631
1785136088.1200631
1785136088.1200631
1785136088.1200631
1785136088.1200631
1785136088.1200631
1785136088.1200631
1785136088.1200631
1785136088.1200631
1785136088.1200631
1785136088.1200631
1785136088.1200631
1785136088.1200631
1785136088.1200631
1785136088.1200631
1785136088.1200631
1785136088.1200631
1785136088.1200631
1785136088.1200631
1785136088.1200631
1785136088.1200631
1785136088.1200631
1785136088.1200631
1785136088.1200631
1785136088.1200631
1785136088.1200631
1785136088.1200631
1785136088.1200631
1785136088.1200631
1785136088.1200631
1785136088.1200631
1785136088.1200631
1785136088.1200631
1785136088.1200631
1785136088.1200631
1785136088.1200631
1785136088.1200631
1785136088.1202850
1785136088.1202850
1785136088.1202850
1785136088.1202850
1785136088.1202850
1785136088.1202850
1785136088.1202850
1785136088.1202850
1785136088.1202850
1785136088.1202850
1785136088.1202850
1785136088.1202850
1785136088.1202850
1785136088.1202850
1785136088.1202850
1785136088.1202850
1785136088.1202850
1785136088.1202850
1785136088.1202850
1785136088.1202850
1785136088.1202850
1785136088.1202850
1785136088.1202850
1785136088.1202850
1785136088.1202850
1785136088.1202850
1785136088.1202850
1785136088.1202850
1785136088.1202850
1785136088.1202850
1785136088.1202850
1785136088.1202850
1785136088.1202850
1785136088.1202850
1785136088.1202850
1785136088.1202850
1785136088.1202850
1785136088.1202850
1785136088.1202850
1785136088.1202850
1785136088.1202850
1785136088.1202850
1785136088.1205070
1785136088.1205070
1785136088.1205070
1785136088.1205070
1785136088.1205070
1785136088.1205070
1785136088.1205070
1785136088.1205070
1785136088.1205070
1785136088.1205070
1785136088.1205070
1785136088.1205070
1785136088.1205070
1785136088.1205070
1785136088.1205070
1785136088.1205070
1785136088.1205070
1785136088.1205070
1785136088.1205070
1785136088.1205070
1785136088.1205070
1785136088.1205070
1785136088.1205070
1785136088.1205070
1785136088.1205070
1785136088.1205070
1785136088.1205070
1785136088.1205070
1785136088.1205070
1785136088.1205070
1785136088.1205070
1785136088.1205070
1785136088.1205070
1785136088.1205070
1785136088.1205070
1785136088.1205070
1785136088.1205070
1785136088.1205070
1785136088.1205070
1785136088.1205070
1785136088.1205070
1785136088.1205070
1785136088.1205070
1785136088.1207290
1785136088.1207290
1785136088.1207290
1785136088.1207290
1785136088.1207290
1785136088.1207290
1785136088.1207290
1785136088.1207290
1785136088.1207290
1785136088.1207290
1785136088.1207290
1785136088.1207290
1785136088.1207290
1785136088.1207290
1785136088.1207290
1785136088.1207290
1785136088.1207290
1785136088.1207290
1785136088.1207290
1785136088.1207290
1785136088.1207290
1785136088.1207290
1785136088.1207290
1785136088.1207290
1785136088.1207290
1785136088.1207290
1785136088.1207290
1785136088.1207290
1785136088.1207290
1785136088.1207290
1785136088.1207290
1785136088.1207290
1785136088.1207290
1785136088.1207290
1785136088.1207290
1785136088.1207290
1785136088.1207290
1785136088.1207290
1785136088.1207290
1785136088.1207290
1785136088.1207290
1785136088.1207290
1785136088.1207290
1785136088.1209519
1785136088.1209519
1785136088.1209519
1785136088.1209519
1785136088.1209519
1785136088.1209519
1785136088.1209519
1785136088.1209519
1785136088.1209519
1785136088.1209519
1785136088.1209519
1785136088.1209519
1785136088.1209519
1785136088.1209519
1785136088.1209519
1785136088.1209519
1785136088.1209519
1785136088.1209519
1785136088.1209519
1785136088.1209519
1785136088.1209519
1785136088.1209519
1785136088.1209519
1785136088.1209519
1785136088.1209519
1785136088.1209519
1785136088.1209519
1785136088.1209519
1785136088.1209519
1785136088.1209519
1785136088.1209519
1785136088.1209519
1785136088.1209519
1785136088.1209519
1785136088.1209519
1785136088.1209519
1785136088.1209519
1785136088.1209519
1785136088.1209519
1785136088.1209519
1785136088.1209519
1785136088.1209519
1785136088.1211741
1785136088.1211741
1785136088.1211741
1785136088.1211741
1785136088.1211741
1785136088.1211741
1785136088.1211741
1785136088.1211741
1785136088.1211741
1785136088.1211741
1785136088.1211741
1785136088.1211741
1785136088.1211741
1785136088.1211741
1785136088.1211741
1785136088.1211741
1785136088.1211741
1785136088.1211741
1785136088.1211741
1785136088.1211741
1785136088.1211741
1785136088.1211741
1785136088.1211741
1785136088.1211741
1785136088.1211741
1785136088.1211741
1785136088.1211741
1785136088.1211741
1785136088.1211741
1785136088.1211741
1785136088.1211741
1785136088.1211741
1785136088.1211741
1785136088.1211741
1785136088.1211741
1785136088.1211741
1785136088.1211741
1785136088.1211741
1785136088.1211741
1785136088.1211741
1785136088.1211741
1785136088.1211741
1785136088.1211741
1785136088.1213961
1785136088.1213961
1785136088.1213961
1785136088.1213961
1785136088.1213961
1785136088.1213961
1785136088.1213961
1785136088.1213961
1785136088.1213961
1785136088.1213961
1785136088.1213961
1785136088.1213961
1785136088.1213961
1785136088.1213961
1785136088.1213961
1785136088.1213961
1785136088.1213961
1785136088.1213961
1785136088.1213961
1785136088.1213961
1785136088.1213961
1785136088.1213961
1785136088.1213961
1785136088.1213961
1785136088.1213961
1785136088.1213961
1785136088.1213961
1785136088.1213961
1785136088.1213961
1785136088.1213961
1785136088.1213961
1785136088.1213961
1785136088.1213961
1785136088.1213961
1785136088.1213961
1785136088.1213961
1785136088.1213961
1785136088.1213961
1785136088.1213961
1785136088.1213961
1785136088.1213961
1785136088.1213961
1785136088.1213961
1785136088.1216180
1785136088.1216180
1785136088.1216180
1785136088.1216180
1785136088.1216180
1785136088.1216180
1785136088.1216180
1785136088.1216180
1785136088.1216180
1785136088.1216180
1785136088.1216180
1785136088.1216180
1785136088.1216180
1785136088.1216180
1785136088.1216180
1785136088.1216180
1785136088.1216180
1785136088.1216180
1785136088.1216180
1785136088.1216180
1785136088.1216180
1785136088.1216180
1785136088.1216180
1785136088.1216180
1785136088.1216180
1785136088.1216180
1785136088.1216180
1785136088.1216180
1785136088.1216180
1785136088.1216180
1785136088.1216180
1785136088.1216180
1785136088.1216180
1785136088.1216180
1785136088.1216180
1785136088.1216180
1785136088.1216180
1785136088.1216180
1785136088.1216180
1785136088.1216180
1785136088.1216180
1785136088.1216180
1785136088.1216180
1785136088.1216180
1785136088.1218410
1785136088.1218410
1785136088.1218410
1785136088.1218410
1785136088.1218410
1785136088.1218410
1785136088.1218410
1785136088.1218410
1785136088.1218410
1785136088.1218410
1785136088.1218410
1785136088.1218410
1785136088.1218410
1785136088.1218410
1785136088.1218410
1785136088.1218410
1785136088.1218410
1785136088.1218410
1785136088.1218410
1785136088.1218410
1785136088.1218410
1785136088.1218410
1785136088.1218410
1785136088.1218410
1785136088.1218410
1785136088.1218410
1785136088.1218410
1785136088.1218410
1785136088.1218410
1785136088.1218410
1785136088.1218410
1785136088.1218410
1785136088.1218410
1785136088.1218410
1785136088.1218410
1785136088.1218410
1785136088.1218410
1785136088.1218410
1785136088.1218410
1785136088.1218410
1785136088.1218410
1785136088.1218410
1785136088.1220629
1785136088.1220629
1785136088.1220629
1785136088.1220629
1785136088.1220629
1785136088.1220629
1785136088.1220629
1785136088.1220629
1785136088.1220629
1785136088.1220629
1785136088.1220629
1785136088.1220629
1785136088.1220629
1785136088.1220629
1785136088.1220629
1785136088.1220629
1785136088.1220629
1785136088.1220629
1785136088.1220629
1785136088.1220629
1785136088.1220629
1785136088.1220629
1785136088.1220629
1785136088.1220629
1785136088.1220629
1785136088.1220629
1785136088.1220629
1785136088.1220629
1785136088.1220629
1785136088.1220629
1785136088.1220629
1785136088.1220629
1785136088.1220629
1785136088.1220629
1785136088.1220629
1785136088.1220629
1785136088.1220629
1785136088.1220629
1785136088.1220629
1785136088.1220629
1785136088.1220629
1785136088.1220629
1785136088.1222849
1785136088.1222849
1785136088.1222849
1785136088.1222849
1785136088.1222849
1785136088.1222849
1785136088.1222849
1785136088.1222849
1785136088.1222849
1785136088.1222849
1785136088.1222849
1785136088.1222849
1785136088.1222849
1785136088.1222849
1785136088.1222849
1785136088.1222849
1785136088.1222849
1785136088.1222849
1785136088.1222849
1785136088.1222849
1785136088.1222849
1785136088.1222849
1785136088.1222849
1785136088.1222849
1785136088.1222849
1785136088.1222849
1785136088.1222849
1785136088.1222849
1785136088.1222849
1785136088.1222849
1785136088.1222849
1785136088.1222849
1785136088.1222849
1785136088.1222849
1785136088.1222849
1785136088.1222849
1785136088.1222849
1785136088.1222849
1785136088.1222849
1785136088.1222849
1785136088.1222849
1785136088.1222849
1785136088.1225071
1785136088.1225071
1785136088.1225071
1785136088.1225071
1785136088.1225071
1785136088.1225071
1785136088.1225071
1785136088.1225071
1785136088.1225071
1785136088.1225071
1785136088.1225071
1785136088.1225071
1785136088.1225071
1785136088.1225071
1785136088.1225071
1785136088.1225071
1785136088.1225071
1785136088.1225071
1785136088.1225071
1785136088.1225071
1785136088.1225071
1785136088.1225071
1785136088.1225071
1785136088.1225071
1785136088.1225071
1785136088.1225071
1785136088.1225071
1785136088.1225071
1785136088.1225071
1785136088.1225071
1785136088.1225071
1785136088.1225071
1785136088.1225071
1785136088.1225071
1785136088.1225071
1785136088.1225071
1785136088.1225071
1785136088.1225071
1785136088.1225071
1785136088.1225071
1785136088.1225071
1785136088.1225071
1785136088.1227300
1785136088.1227300
1785136088.1227300
1785136088.1227300
1785136088.1227300
1785136088.1227300
1785136088.1227300
1785136088.1227300
1785136088.1227300
1785136088.1227300
1785136088.1227300
1785136088.1227300
1785136088.1227300
1785136088.1227300
1785136088.1227300
1785136088.1227300
1785136088.1227300
1785136088.1227300
1785136088.1227300
1785136088.1227300
1785136088.1227300
1785136088.1227300
1785136088.1227300
1785136088.1227300
1785136088.1227300
1785136088.1227300
1785136088.1227300
1785136088.1227300
1785136088.1227300
1785136088.1227300
1785136088.1227300
1785136088.1227300
1785136088.1227300
1785136088.1227300
1785136088.1227300
1785136088.1227300
1785136088.1227300
1785136088.1227300
1785136088.1227300
1785136088.1227300
1785136088.1229520
1785136088.1229520
1785136088.1229520
1785136088.1229520
1785136088.1229520
1785136088.1229520
1785136088.1229520
1785136088.1229520
1785136088.1229520
1785136088.1229520
1785136088.1229520
1785136088.1229520
1785136088.1229520
1785136088.1229520
1785136088.1229520
1785136088.1229520
1785136088.1229520
1785136088.1229520
1785136088.1229520
1785136088.1229520
1785136088.1229520
1785136088.1229520
1785136088.1229520
1785136088.1229520
1785136088.1229520
1785136088.1229520
1785136088.1229520
1785136088.1229520
1785136088.1229520
1785136088.1229520
1785136088.1229520
1785136088.1229520
1785136088.1229520
1785136088.1229520
1785136088.1229520
1785136088.1229520
1785136088.1229520
1785136088.1229520
1785136088.1229520
1785136088.1229520
1785136088.1229520
1785136088.1229520
1785136088.1229520
1785136088.1229520
1785136088.1229520
1785136088.1229520
1785136088.1229520
1785136088.1229520
1785136088.1229520
1785136088.1229520
1785136088.1231740
1785136088.1231740
1785136088.1231740
1785136088.1231740
1785136088.1231740
1785136088.1231740
1785136088.1231740
1785136088.1231740
1785136088.1231740
1785136088.1231740
1785136088.1231740
1785136088.1231740
1785136088.1231740
1785136088.1231740
1785136088.1231740
1785136088.1231740
1785136088.1231740
1785136088.1231740
1785136088.1231740
1785136088.1231740
1785136088.1231740
1785136088.1231740
1785136088.1231740
1785136088.1231740
1785136088.1231740
1785136088.1231740
1785136088.1231740
1785136088.1231740
1785136088.1231740
1785136088.1231740
1785136088.1231740
1785136088.1231740
1785136088.1231740
1785136088.1231740
1785136088.1231740
1785136088.1231740
1785136088.1231740
1785136088.1231740
1785136088.1231740
1785136088.1231740
1785136088.1231740
1785136088.1231740
1785136088.1231740
1785136088.1231740
1785136088.1231740
1785136088.1231740
1785136088.1231740
1785136088.1231740
1785136088.1231740
1785136088.1231740
1785136088.1231740
1785136088.1231740
1785136088.1231740
1785136088.1231740
1785136088.1231740
1785136088.1231740
1785136088.1231740
1785136088.1231740
1785136088.1231740
1785136088.1231740
1785136088.1231740
1785136088.1233959
1785136088.1233959
1785136088.1233959
1785136088.1233959
1785136088.1233959
1785136088.1233959
1785136088.1233959
1785136088.1233959
1785136088.1233959
1785136088.1233959
1785136088.1233959
1785136088.1233959
1785136088.1233959
1785136088.1233959
1785136088.1233959
1785136088.1233959
1785136088.1233959
1785136088.1233959
1785136088.1233959
1785136088.1233959
1785136088.1233959
1785136088.1233959
1785136088.1233959
1785136088.1233959
1785136088.1233959
1785136088.1233959
1785136088.1233959
1785136088.1233959
1785136088.1233959
1785136088.1233959
1785136088.1233959
1785136088.1233959
1785136088.1233959
1785136088.1233959
1785136088.1233959
1785136088.1233959
1785136088.1233959
1785136088.1233959
1785136088.1233959
1785136088.1233959
1785136088.1233959
1785136088.1233959
1785136088.1233959
1785136088.1233959
1785136088.1233959
1785136088.1233959
1785136088.1233959
1785136088.1233959
1785136088.1233959
1785136088.1233959
1785136088.1233959
1785136088.1233959
1785136088.1233959
1785136088.1233959
1785136088.1233959
1785136088.1233959
1785136088.1233959
1785136088.1233959
1785136088.1233959
1785136088.1233959
1785136088.1233959
1785136088.1233959
1785136088.1236179
1785136088.1236179
1785136088.1236179
1785136088.1236179
1785136088.1236179
1785136088.1236179
1785136088.1236179
1785136088.1236179
1785136088.1236179
1785136088.1236179
1785136088.1236179
1785136088.1236179
1785136088.1236179
1785136088.1236179
1785136088.1236179
1785136088.1236179
1785136088.1236179
1785136088.1236179
1785136088.1236179
1785136088.1236179
1785136088.1236179
1785136088.1236179
1785136088.1236179
1785136088.1236179
1785136088.1236179
1785136088.1236179
1785136088.1236179
1785136088.1236179
1785136088.1236179
1785136088.1236179
1785136088.1236179
1785136088.1236179
1785136088.1236179
1785136088.1236179
1785136088.1236179
1785136088.1236179
1785136088.1236179
1785136088.1236179
1785136088.1236179
1785136088.1236179
1785136088.1236179
1785136088.1236179
1785136088.1236179
1785136088.1236179
1785136088.1236179
1785136088.1236179
1785136088.1236179
1785136088.1236179
1785136088.1236179
1785136088.1236179
1785136088.1236179
1785136088.1236179
1785136088.1236179
1785136088.1236179
1785136088.1236179
1785136088.1236179
1785136088.1236179
1785136088.1236179
1785136088.1236179
1785136088.1236179
1785136088.1236179
1785136088.1236179
1785136088.1236179
1785136088.1238410
1785136088.1238410
1785136088.1238410
1785136088.1238410
1785136088.1238410
1785136088.1238410
1785136088.1238410
1785136088.1238410
1785136088.1238410
1785136088.1238410
1785136088.1238410
1785136088.1238410
1785136088.1238410
1785136088.1238410
1785136088.1238410
1785136088.1238410
1785136088.1238410
1785136088.1238410
1785136088.1238410
1785136088.1238410
1785136088.1238410
1785136088.1238410
1785136088.1238410
1785136088.1238410
1785136088.1238410
1785136088.1238410
1785136088.1238410
1785136088.1238410
1785136088.1238410
1785136088.1238410
1785136088.1238410
1785136088.1238410
1785136088.1238410
1785136088.1238410
1785136088.1238410
1785136088.1238410
1785136088.1238410
1785136088.1238410
1785136088.1238410
1785136088.1238410
1785136088.1238410
1785136088.1238410
1785136088.1238410
1785136088.1238410
1785136088.1238410
1785136088.1238410
1785136088.1238410
1785136088.1238410
1785136088.1238410
1785136088.1238410
1785136088.1238410
1785136088.1238410
1785136088.1238410
1785136088.1238410
1785136088.1238410
1785136088.1238410
1785136088.1238410
1785136088.1238410
1785136088.1238410
1785136088.1238410
1785136088.1238410
1785136088.1240630
1785136088.1240630
1785136088.1240630
1785136088.1240630
1785136088.1240630
1785136088.1240630
1785136088.1240630
1785136088.1240630
1785136088.1240630
1785136088.1240630
1785136088.1240630
1785136088.1240630
1785136088.1240630
1785136088.1240630
1785136088.1240630
1785136088.1240630
1785136088.1240630
1785136088.1240630
1785136088.1240630
1785136088.1240630
1785136088.1240630
1785136088.1240630
1785136088.1240630
1785136088.1240630
1785136088.1240630
1785136088.1240630
1785136088.1240630
1785136088.1240630
1785136088.1240630
1785136088.1240630
1785136088.1240630
1785136088.1240630
1785136088.1240630
1785136088.1240630
1785136088.1240630
1785136088.1240630
1785136088.1240630
1785136088.1240630
1785136088.1240630
1785136088.1240630
1785136088.1240630
1785136088.1240630
1785136088.1240630
1785136088.1240630
1785136088.1240630
1785136088.1240630
1785136088.1240630
1785136088.1240630
1785136088.1240630
1785136088.1240630
1785136088.1240630
1785136088.1240630
1785136088.1240630
1785136088.1242850
1785136088.1242850
1785136088.1242850
1785136088.1242850
1785136088.1242850
1785136088.1242850
1785136088.1242850
1785136088.1242850
1785136088.1242850
1785136088.1242850
1785136088.1242850
1785136088.1242850
1785136088.1242850
1785136088.1242850
1785136088.1242850
1785136088.1242850
1785136088.1242850
1785136088.1242850
1785136088.1242850
1785136088.1242850
1785136088.1242850
1785136088.1242850
1785136088.1242850
1785136088.1242850
1785136088.1242850
1785136088.1242850
1785136088.1242850
1785136088.1242850
1785136088.1242850
1785136088.1242850
1785136088.1242850
1785136088.1242850
1785136088.1242850
1785136088.1242850
1785136088.1242850
1785136088.1242850
1785136088.1242850
1785136088.1242850
1785136088.1242850
1785136088.1242850
1785136088.1242850
1785136088.1242850
1785136088.1242850
1785136088.1242850
1785136088.1242850
1785136088.1242850
1785136088.1242850
1785136088.1242850
1785136088.1242850
1785136088.1242850
1785136088.1242850
1785136088.1242850
1785136088.1242850
1785136088.1242850
1785136088.1242850
1785136088.1242850
1785136088.1245079
1785136088.1245079
1785136088.1245079
1785136088.1245079
1785136088.1245079
1785136088.1245079
1785136088.1245079
1785136088.1245079
1785136088.1245079
1785136088.1245079
1785136088.1245079
1785136088.1245079
1785136088.1245079
1785136088.1245079
1785136088.1245079
1785136088.1245079
1785136088.1245079
1785136088.1245079
1785136088.1245079
1785136088.1245079
1785136088.1245079
1785136088.1245079
1785136088.1245079
1785136088.1245079
1785136088.1245079
1785136088.1245079
1785136088.1245079
1785136088.1245079
1785136088.1245079
1785136088.1245079
1785136088.1245079
1785136088.1245079
1785136088.1245079
1785136088.1245079
1785136088.1245079
1785136088.1245079
1785136088.1245079
1785136088.1245079
1785136088.1245079
1785136088.1245079
1785136088.1245079
1785136088.1245079
1785136088.1245079
1785136088.1245079
1785136088.1245079
1785136088.1245079
1785136088.1245079
1785136088.1245079
1785136088.1245079
1785136088.1245079
1785136088.1245079
1785136088.1245079
1785136088.1245079
1785136088.1245079
1785136088.1245079
1785136088.1245079
1785136088.1245079
1785136088.1247301
1785136088.1247301
1785136088.1247301
1785136088.1247301
1785136088.1247301
1785136088.1247301
1785136088.1247301
1785136088.1247301
1785136088.1247301
1785136088.1247301
1785136088.1247301
1785136088.1247301
1785136088.1247301
1785136088.1247301
1785136088.1247301
1785136088.1247301
1785136088.1247301
1785136088.1247301
1785136088.1247301
1785136088.1247301
1785136088.1247301
1785136088.1247301
1785136088.1247301
1785136088.1247301
1785136088.1247301
1785136088.1247301
1785136088.1247301
1785136088.1247301
1785136088.1247301
1785136088.1247301
1785136088.1247301
1785136088.1247301
1785136088.1247301
1785136088.1247301
1785136088.1247301
1785136088.1247301
1785136088.1247301
1785136088.1247301
1785136088.1247301
1785136088.1247301
1785136088.1247301
1785136088.1247301
1785136088.1247301
1785136088.1247301
1785136088.1247301
1785136088.1247301
1785136088.1247301
1785136088.1247301
1785136088.1247301
1785136088.1247301
1785136088.1247301
1785136088.1247301
1785136088.1247301
1785136088.1247301
1785136088.1247301
1785136088.1247301
1785136088.1247301
1785136088.1247301
1785136088.1247301
1785136088.1247301
1785136088.1247301
1785136088.1247301
1785136088.1247301
1785136088.1247301
1785136088.1247301
1785136088.1247301
1785136088.1247301
1785136088.1249521
1785136088.1249521
1785136088.1249521
1785136088.1249521
1785136088.1249521
1785136088.1249521
1785136088.1249521
1785136088.1249521
1785136088.1249521
1785136088.1249521
1785136088.1249521
1785136088.1249521
1785136088.1249521
1785136088.1249521
1785136088.1249521
1785136088.1249521
1785136088.1249521
1785136088.1249521
1785136088.1249521
1785136088.1249521
1785136088.1249521
1785136088.1249521
1785136088.1249521
1785136088.1249521
1785136088.1249521
1785136088.1249521
1785136088.1249521
1785136088.1249521
1785136088.1249521
1785136088.1249521
1785136088.1249521
1785136088.1249521
1785136088.1249521
1785136088.1249521
1785136088.1249521
1785136088.1249521
1785136088.1249521
1785136088.1249521
1785136088.1249521
1785136088.1249521
1785136088.1249521
1785136088.1249521
1785136088.1249521
1785136088.1249521
1785136088.1249521
1785136088.1249521
1785136088.1249521
1785136088.1249521
1785136088.1249521
1785136088.1249521
1785136088.1249521
1785136088.1249521
1785136088.1249521
1785136088.1249521
1785136088.1249521
1785136088.1249521
1785136088.1249521
1785136088.1249521
1785136088.1249521
1785136088.1249521
1785136088.1249521
1785136088.1249521
1785136088.1249521
1785136088.1249521
1785136088.1249521
1785136088.1249521
1785136088.1249521
1785136088.1249521
1785136088.1249521
1785136088.1249521
1785136088.1249521
1785136088.1251740
1785136088.1251740
1785136088.1251740
1785136088.1251740
1785136088.1251740
1785136088.1251740
1785136088.1251740
1785136088.1251740
1785136088.1251740
1785136088.1251740
1785136088.1251740
1785136088.1251740
1785136088.1251740
1785136088.1251740
1785136088.1251740
1785136088.1251740
1785136088.1251740
1785136088.1251740
1785136088.1251740
1785136088.1251740
1785136088.1251740
1785136088.1251740
1785136088.1251740
1785136088.1251740
1785136088.1251740
1785136088.1251740
1785136088.1251740
1785136088.1251740
1785136088.1251740
1785136088.1251740
1785136088.1251740
1785136088.1251740
1785136088.1251740
1785136088.1251740
1785136088.1251740
1785136088.1251740
1785136088.1251740
1785136088.1251740
1785136088.1251740
1785136088.1251740
1785136088.1251740
1785136088.1251740
1785136088.1251740
1785136088.1251740
1785136088.1251740
1785136088.1251740
1785136088.1251740
1785136088.1251740
1785136088.1251740
1785136088.1251740
1785136088.1251740
1785136088.1251740
1785136088.1251740
1785136088.1251740
1785136088.1251740
1785136088.1251740
1785136088.1251740
1785136088.1251740
1785136088.1251740
1785136088.1251740
1785136088.1251740
1785136088.1251740
1785136088.1251740
1785136088.1251740
1785136088.1251740
1785136088.1251740
1785136088.1251740
1785136088.1251740
1785136088.1251740
1785136088.1251740
1785136088.1253960
1785136088.1253960
1785136088.1253960
1785136088.1253960
1785136088.1253960
1785136088.1253960
1785136088.1253960
1785136088.1253960
1785136088.1253960
1785136088.1253960
1785136088.1253960
1785136088.1253960
1785136088.1253960
1785136088.1253960
1785136088.1253960
1785136088.1253960
1785136088.1253960
1785136088.1253960
1785136088.1253960
1785136088.1253960
1785136088.1253960
1785136088.1253960
1785136088.1253960
1785136088.1253960
1785136088.1253960
1785136088.1253960
1785136088.1253960
1785136088.1253960
1785136088.1253960
1785136088.1253960
1785136088.1253960
1785136088.1253960
1785136088.1253960
1785136088.1253960
1785136088.1253960
1785136088.1253960
1785136088.1253960
1785136088.1253960
1785136088.1253960
1785136088.1253960
1785136088.1253960
1785136088.1253960
1785136088.1253960
1785136088.1253960
1785136088.1253960
1785136088.1253960
1785136088.1253960
1785136088.1253960
1785136088.1253960
1785136088.1253960
1785136088.1253960
1785136088.1253960
1785136088.1253960
1785136088.1253960
1785136088.1253960
1785136088.1253960
1785136088.1253960
1785136088.1253960
1785136088.1253960
1785136088.1253960
1785136088.1253960
1785136088.1253960
1785136088.1253960
1785136088.1253960
1785136088.1253960
1785136088.1253960
1785136088.1253960
1785136088.1256180
1785136088.1256180
1785136088.1256180
1785136088.1256180
1785136088.1256180
1785136088.1256180
1785136088.1256180
1785136088.1256180
1785136088.1256180
1785136088.1256180
1785136088.1256180
1785136088.1256180
1785136088.1256180
1785136088.1256180
1785136088.1256180
1785136088.1256180
1785136088.1256180
1785136088.1256180
1785136088.1256180
1785136088.1256180
1785136088.1256180
1785136088.1256180
1785136088.1256180
1785136088.1256180
1785136088.1256180
1785136088.1256180
1785136088.1256180
1785136088.1256180
1785136088.1256180
1785136088.1256180
1785136088.1256180
1785136088.1256180
1785136088.1256180
1785136088.1256180
1785136088.1256180
1785136088.1256180
1785136088.1256180
1785136088.1256180
1785136088.1256180
1785136088.1256180
1785136088.1256180
1785136088.1256180
1785136088.1256180
1785136088.1256180
1785136088.1256180
1785136088.1256180
1785136088.1256180
1785136088.1256180
1785136088.1256180
1785136088.1256180
1785136088.1256180
1785136088.1256180
1785136088.1256180
1785136088.1256180
1785136088.1256180
1785136088.1256180
1785136088.1256180
1785136088.1256180
1785136088.1256180
1785136088.1256180
1785136088.1256180
1785136088.1258399
1785136088.1258399
1785136088.1258399
1785136088.1258399
1785136088.1258399
1785136088.1258399
1785136088.1258399
1785136088.1258399
1785136088.1258399
1785136088.1258399
1785136088.1258399
1785136088.1258399
1785136088.1258399
1785136088.1258399
1785136088.1258399
1785136088.1258399
1785136088.1258399
1785136088.1258399
1785136088.1258399
1785136088.1258399
1785136088.1258399
1785136088.1258399
1785136088.1258399
1785136088.1258399
1785136088.1258399
1785136088.1258399
1785136088.1258399
1785136088.1258399
1785136088.1258399
1785136088.1258399
1785136088.1258399
1785136088.1258399
1785136088.1258399
1785136088.1258399
1785136088.1258399
1785136088.1258399
1785136088.1258399
1785136088.1258399
1785136088.1258399
1785136088.1258399
1785136088.1258399
1785136088.1258399
1785136088.1258399
1785136088.1258399
1785136088.1258399
1785136088.1258399
1785136088.1258399
1785136088.1258399
1785136088.1258399
1785136088.1258399
1785136088.1258399
1785136088.1258399
1785136088.1258399
1785136088.1258399
1785136088.1258399
1785136088.1258399
1785136088.1258399
1785136088.1258399
1785136088.1258399
1785136088.1258399
1785136088.1258399
1785136088.1258399
1785136088.1258399
1785136088.1260631
1785136088.1260631
1785136088.1260631
1785136088.1260631
1785136088.1260631
1785136088.1260631
1785136088.1260631
1785136088.1260631
1785136088.1260631
1785136088.1260631
1785136088.1260631
1785136088.1260631
1785136088.1260631
1785136088.1260631
1785136088.1260631
1785136088.1260631
1785136088.1260631
1785136088.1260631
1785136088.1260631
1785136088.1260631
1785136088.1260631
1785136088.1260631
1785136088.1260631
1785136088.1260631
1785136088.1260631
1785136088.1260631
1785136088.1260631
1785136088.1260631
1785136088.1260631
1785136088.1260631
1785136088.1260631
1785136088.1260631
1785136088.1260631
1785136088.1260631
1785136088.1260631
1785136088.1260631
1785136088.1260631
1785136088.1260631
1785136088.1260631
1785136088.1260631
1785136088.1260631
1785136088.1260631
1785136088.1260631
1785136088.1260631
1785136088.1260631
1785136088.1260631
1785136088.1260631
1785136088.1260631
1785136088.1260631
1785136088.1260631
1785136088.1260631
1785136088.1260631
1785136088.1260631
1785136088.1260631
1785136088.1260631
1785136088.1260631
1785136088.1260631
1785136088.1260631
1785136088.1260631
1785136088.1260631
1785136088.1260631
1785136088.1260631
1785136088.1260631
1785136088.1262851
1785136088.1262851
1785136088.1262851
1785136088.1262851
1785136088.1262851
1785136088.1262851
1785136088.1262851
1785136088.1262851
1785136088.1262851
1785136088.1262851
1785136088.1262851
1785136088.1262851
1785136088.1262851
1785136088.1262851
1785136088.1262851
1785136088.1262851
1785136088.1262851
1785136088.1262851
1785136088.1262851
1785136088.1262851
1785136088.1262851
1785136088.1262851
1785136088.1262851
1785136088.1262851
1785136088.1262851
1785136088.1262851
1785136088.1262851
1785136088.1262851
1785136088.1262851
1785136088.1262851
1785136088.1262851
1785136088.1262851
1785136088.1262851
1785136088.1262851
1785136088.1262851
1785136088.1262851
1785136088.1262851
1785136088.1262851
1785136088.1262851
1785136088.1262851
1785136088.1262851
1785136088.1262851
1785136088.1262851
1785136088.1262851
1785136088.1262851
1785136088.1262851
1785136088.1262851
1785136088.1262851
1785136088.1262851
1785136088.1262851
1785136088.1262851
1785136088.1262851
1785136088.1262851
1785136088.1262851
1785136088.1262851
1785136088.1262851
1785136088.1262851
1785136088.1262851
1785136088.1262851
1785136088.1262851
1785136088.1262851
1785136088.1262851
1785136088.1265070
1785136088.1265070
1785136088.1265070
1785136088.1265070
1785136088.1265070
1785136088.1265070
1785136088.1265070
1785136088.1265070
1785136088.1265070
1785136088.1265070
1785136088.1265070
1785136088.1265070
1785136088.1265070
1785136088.1265070
1785136088.1265070
1785136088.1265070
1785136088.1265070
1785136088.1265070
1785136088.1265070
1785136088.1265070
1785136088.1265070
1785136088.1265070
1785136088.1265070
1785136088.1265070
1785136088.1265070
1785136088.1265070
1785136088.1265070
1785136088.1265070
1785136088.1265070
1785136088.1265070
1785136088.1265070
1785136088.1265070
1785136088.1265070
1785136088.1265070
1785136088.1265070
1785136088.1265070
1785136088.1265070
1785136088.1265070
1785136088.1265070
1785136088.1265070
1785136088.1265070
1785136088.1265070
1785136088.1265070
1785136088.1265070
1785136088.1265070
1785136088.1265070
1785136088.1265070
1785136088.1265070
1785136088.1265070
1785136088.1265070
1785136088.1265070
1785136088.1265070
1785136088.1265070
1785136088.1265070
1785136088.1265070
1785136088.1265070
1785136088.1265070
1785136088.1265070
1785136088.1265070
1785136088.1265070
1785136088.1265070
1785136088.1265070
1785136088.1267300
1785136088.1267300
1785136088.1267300
1785136088.1267300
1785136088.1267300
1785136088.1267300
1785136088.1267300
1785136088.1267300
1785136088.1267300
1785136088.1267300
1785136088.1267300
1785136088.1267300
1785136088.1267300
1785136088.1267300
1785136088.1267300
1785136088.1267300
1785136088.1267300
1785136088.1267300
1785136088.1267300
1785136088.1267300
1785136088.1267300
1785136088.1267300
1785136088.1267300
1785136088.1267300
1785136088.1267300
1785136088.1267300
1785136088.1267300
1785136088.1267300
1785136088.1267300
1785136088.1267300
1785136088.1267300
1785136088.1267300
1785136088.1267300
1785136088.1267300
1785136088.1267300
1785136088.1267300
1785136088.1267300
1785136088.1267300
1785136088.1267300
1785136088.1267300
1785136088.1267300
1785136088.1267300
1785136088.1267300
1785136088.1267300
1785136088.1267300
1785136088.1267300
1785136088.1267300
1785136088.1267300
1785136088.1267300
1785136088.1267300
1785136088.1267300
1785136088.1267300
1785136088.1267300
1785136088.1267300
1785136088.1267300
1785136088.1267300
1785136088.1267300
1785136088.1267300
1785136088.1267300
1785136088.1267300
1785136088.1269519
1785136088.1269519
1785136088.1269519
1785136088.1269519
1785136088.1269519
1785136088.1269519
1785136088.1269519
1785136088.1269519
1785136088.1269519
1785136088.1269519
1785136088.1269519
1785136088.1269519
1785136088.1269519
1785136088.1269519
1785136088.1269519
1785136088.1269519
1785136088.1269519
1785136088.1269519
1785136088.1269519
1785136088.1269519
1785136088.1269519
1785136088.1269519
1785136088.1269519
1785136088.1269519
1785136088.1269519
1785136088.1269519
1785136088.1269519
1785136088.1269519
1785136088.1269519
1785136088.1269519
1785136088.1269519
1785136088.1269519
1785136088.1269519
1785136088.1269519
1785136088.1269519
1785136088.1269519
1785136088.1269519
1785136088.1269519
1785136088.1269519
1785136088.1269519
1785136088.1269519
1785136088.1269519
1785136088.1269519
1785136088.1269519
1785136088.1269519
1785136088.1269519
1785136088.1269519
1785136088.1269519
1785136088.1269519
1785136088.1269519
1785136088.1269519
1785136088.1269519
1785136088.1269519
1785136088.1269519
1785136088.1269519
1785136088.1269519
1785136088.1269519
1785136088.1269519
1785136088.1269519
1785136088.1269519
1785136088.1269519
1785136088.1271739
1785136088.1271739
1785136088.1271739
1785136088.1271739
1785136088.1271739
1785136088.1271739
1785136088.1271739
1785136088.1271739
1785136088.1271739
1785136088.1271739
1785136088.1271739
1785136088.1271739
1785136088.1271739
1785136088.1271739
1785136088.1271739
1785136088.1271739
1785136088.1271739
1785136088.1271739
1785136088.1271739
1785136088.1271739
1785136088.1271739
1785136088.1271739
1785136088.1271739
1785136088.1271739
1785136088.1271739
1785136088.1271739
1785136088.1271739
1785136088.1271739
1785136088.1271739
1785136088.1271739
1785136088.1271739
1785136088.1271739
1785136088.1271739
1785136088.1271739
1785136088.1271739
1785136088.1271739
1785136088.1271739
1785136088.1271739
1785136088.1271739
1785136088.1271739
1785136088.1271739
1785136088.1271739
1785136088.1271739
1785136088.1271739
1785136088.1271739
1785136088.1271739
1785136088.1271739
1785136088.1271739
1785136088.1271739
1785136088.1271739
1785136088.1271739
1785136088.1271739
1785136088.1271739
1785136088.1271739
1785136088.1271739
1785136088.1271739
1785136088.1271739
1785136088.1271739
1785136088.1271739
1785136088.1271739
1785136088.1271739
1785136088.1271739
1785136088.1273961
1785136088.1273961
1785136088.1273961
1785136088.1273961
1785136088.1273961
1785136088.1273961
1785136088.1273961
1785136088.1273961
1785136088.1273961
1785136088.1273961
1785136088.1273961
1785136088.1273961
1785136088.1273961
1785136088.1273961
1785136088.1273961
1785136088.1273961
1785136088.1273961
1785136088.1273961
1785136088.1273961
1785136088.1273961
1785136088.1273961
1785136088.1273961
1785136088.1273961
1785136088.1273961
1785136088.1273961
1785136088.1273961
1785136088.1273961
1785136088.1273961
1785136088.1273961
1785136088.1273961
1785136088.1273961
1785136088.1273961
1785136088.1273961
1785136088.1273961
1785136088.1273961
1785136088.1273961
1785136088.1273961
1785136088.1273961
1785136088.1273961
1785136088.1273961
1785136088.1273961
1785136088.1273961
1785136088.1273961
1785136088.1273961
1785136088.1273961
1785136088.1273961
1785136088.1273961
1785136088.1273961
1785136088.1273961
1785136088.1273961
1785136088.1273961
1785136088.1273961
1785136088.1273961
1785136088.1273961
1785136088.1276181
1785136088.1276181
1785136088.1276181
1785136088.1276181
1785136088.1276181
1785136088.1276181
1785136088.1276181
1785136088.1276181
1785136088.1276181
1785136088.1276181
1785136088.1276181
1785136088.1276181
1785136088.1276181
1785136088.1276181
1785136088.1276181
1785136088.1276181
1785136088.1276181
1785136088.1276181
1785136088.1276181
1785136088.1276181
1785136088.1276181
1785136088.1276181
1785136088.1276181
1785136088.1276181
1785136088.1276181
1785136088.1276181
1785136088.1276181
1785136088.1276181
1785136088.1276181
1785136088.1276181
1785136088.1276181
1785136088.1276181
1785136088.1276181
1785136088.1276181
1785136088.1276181
1785136088.1276181
1785136088.1276181
1785136088.1276181
1785136088.1276181
1785136088.1276181
1785136088.1276181
1785136088.1276181
1785136088.1276181
1785136088.1276181
1785136088.1276181
1785136088.1276181
1785136088.1276181
1785136088.1276181
1785136088.1278410
1785136088.1278410
1785136088.1278410
1785136088.1278410
1785136088.1278410
1785136088.1278410
1785136088.1278410
1785136088.1278410
1785136088.1278410
1785136088.1278410
1785136088.1278410
1785136088.1278410
1785136088.1278410
1785136088.1278410
1785136088.1278410
1785136088.1278410
1785136088.1278410
1785136088.1278410
1785136088.1278410
1785136088.1278410
1785136088.1278410
1785136088.1278410
1785136088.1278410
1785136088.1278410
1785136088.1278410
1785136088.1278410
1785136088.1278410
1785136088.1278410
1785136088.1278410
1785136088.1278410
1785136088.1278410
1785136088.1278410
1785136088.1278410
1785136088.1278410
1785136088.1278410
1785136088.1278410
1785136088.1278410
1785136088.1278410
1785136088.1278410
1785136088.1278410
1785136088.1278410
1785136088.1278410
1785136088.1278410
1785136088.1278410
1785136088.1278410
1785136088.1278410
1785136088.1278410
1785136088.1278410
1785136088.1280630
1785136088.1280630
1785136088.1280630
1785136088.1280630
1785136088.1280630
1785136088.1280630
1785136088.1280630
1785136088.1280630
1785136088.1280630
1785136088.1280630
1785136088.1280630
1785136088.1280630
1785136088.1280630
1785136088.1280630
1785136088.1280630
1785136088.1280630
1785136088.1280630
1785136088.1280630
1785136088.1280630
1785136088.1280630
1785136088.1280630
1785136088.1280630
1785136088.1280630
1785136088.1280630
1785136088.1280630
1785136088.1280630
1785136088.1280630
1785136088.1280630
1785136088.1280630
1785136088.1280630
1785136088.1280630
1785136088.1280630
1785136088.1280630
1785136088.1280630
1785136088.1280630
1785136088.1280630
1785136088.1280630
1785136088.1280630
1785136088.1280630
1785136088.1280630
1785136088.1280630
1785136088.1280630
1785136088.1280630
1785136088.1280630
1785136088.1280630
1785136088.1280630
1785136088.1280630
1785136088.1280630
1785136088.1282849
1785136088.1282849
1785136088.1282849
1785136088.1282849
1785136088.1282849
1785136088.1282849
1785136088.1282849
1785136088.1282849
1785136088.1282849
1785136088.1282849
1785136088.1282849
1785136088.1282849
1785136088.1282849
1785136088.1282849
1785136088.1282849
1785136088.1282849
1785136088.1282849
1785136088.1282849
1785136088.1282849
1785136088.1282849
1785136088.1282849
1785136088.1282849
1785136088.1282849
1785136088.1282849
1785136088.1282849
1785136088.1282849
1785136088.1282849
1785136088.1282849
1785136088.1282849
1785136088.1282849
1785136088.1282849
1785136088.1282849
1785136088.1282849
1785136088.1282849
1785136088.1282849
1785136088.1282849
1785136088.1282849
1785136088.1282849
1785136088.1282849
1785136088.1282849
1785136088.1282849
1785136088.1282849
1785136088.1282849
1785136088.1282849
1785136088.1282849
1785136088.1282849
1785136088.1282849
1785136088.1282849
1785136088.1285069
1785136088.1285069
1785136088.1285069
1785136088.1285069
1785136088.1285069
1785136088.1285069
1785136088.1285069
1785136088.1285069
1785136088.1285069
1785136088.1285069
1785136088.1285069
1785136088.1285069
1785136088.1285069
1785136088.1285069
1785136088.1285069
1785136088.1285069
1785136088.1285069
1785136088.1285069
1785136088.1285069
1785136088.1285069
1785136088.1285069
1785136088.1285069
1785136088.1285069
1785136088.1285069
1785136088.1285069
1785136088.1285069
1785136088.1285069
1785136088.1285069
1785136088.1285069
1785136088.1285069
1785136088.1285069
1785136088.1285069
1785136088.1285069
1785136088.1285069
1785136088.1285069
1785136088.1285069
1785136088.1285069
1785136088.1285069
1785136088.1285069
1785136088.1285069
1785136088.1285069
1785136088.1285069
1785136088.1285069
1785136088.1285069
1785136088.1285069
1785136088.1285069
1785136088.1285069
1785136088.1285069
1785136088.1287291
1785136088.1287291
1785136088.1287291
1785136088.1287291
1785136088.1287291
1785136088.1287291
1785136088.1287291
1785136088.1287291
1785136088.1287291
1785136088.1287291
1785136088.1287291
1785136088.1287291
1785136088.1287291
1785136088.1287291
1785136088.1287291
1785136088.1287291
1785136088.1287291
1785136088.1287291
1785136088.1287291
1785136088.1287291
1785136088.1287291
1785136088.1287291
1785136088.1287291
1785136088.1287291
1785136088.1287291
1785136088.1287291
1785136088.1287291
1785136088.1287291
1785136088.1287291
1785136088.1287291
1785136088.1287291
1785136088.1287291
1785136088.1287291
1785136088.1287291
1785136088.1287291
1785136088.1287291
1785136088.1287291
1785136088.1287291
1785136088.1287291
1785136088.1287291
1785136088.1287291
1785136088.1287291
1785136088.1287291
1785136088.1287291
1785136088.1287291
1785136088.1287291
1785136088.1287291
1785136088.1287291
1785136088.1287291
1785136088.1289520
1785136088.1289520
1785136088.1289520
1785136088.1289520
1785136088.1289520
1785136088.1289520
1785136088.1289520
1785136088.1289520
1785136088.1289520
1785136088.1289520
1785136088.1289520
1785136088.1289520
1785136088.1289520
1785136088.1289520
1785136088.1289520
1785136088.1289520
1785136088.1289520
1785136088.1289520
1785136088.1289520
1785136088.1289520
1785136088.1289520
1785136088.1289520
1785136088.1289520
1785136088.1289520
1785136088.1289520
1785136088.1289520
1785136088.1289520
1785136088.1289520
1785136088.1289520
1785136088.1289520
1785136088.1289520
1785136088.1289520
1785136088.1289520
1785136088.1289520
1785136088.1289520
1785136088.1289520
1785136088.1289520
1785136088.1289520
1785136088.1289520
1785136088.1289520
1785136088.1289520
1785136088.1289520
1785136088.1289520
1785136088.1289520
1785136088.1289520
1785136088.1289520
1785136088.1289520
1785136088.1289520
1785136088.1289520
1785136088.1291740
1785136088.1291740
1785136088.1291740
1785136088.1291740
1785136088.1291740
1785136088.1291740
1785136088.1291740
1785136088.1291740
1785136088.1291740
1785136088.1291740
1785136088.1291740
1785136088.1291740
1785136088.1291740
1785136088.1291740
1785136088.1291740
1785136088.1291740
1785136088.1291740
1785136088.1291740
1785136088.1291740
1785136088.1291740
1785136088.1291740
1785136088.1291740
1785136088.1291740
1785136088.1291740
1785136088.1291740
1785136088.1291740
1785136088.1291740
1785136088.1291740
1785136088.1291740
1785136088.1291740
1785136088.1291740
1785136088.1291740
1785136088.1291740
1785136088.1291740
1785136088.1291740
1785136088.1291740
1785136088.1291740
1785136088.1291740
1785136088.1291740
1785136088.1291740
1785136088.1291740
1785136088.1291740
1785136088.1291740
1785136088.1291740
1785136088.1291740
1785136088.1291740
1785136088.1291740
1785136088.1291740
1785136088.1291740
1785136088.1293960
1785136088.1293960
1785136088.1293960
1785136088.1293960
1785136088.1293960
1785136088.1293960
1785136088.1293960
1785136088.1293960
1785136088.1293960
1785136088.1293960
1785136088.1293960
1785136088.1293960
1785136088.1293960
1785136088.1293960
1785136088.1293960
1785136088.1293960
1785136088.1293960
1785136088.1293960
1785136088.1293960
1785136088.1293960
1785136088.1293960
1785136088.1293960
1785136088.1293960
1785136088.1293960
1785136088.1293960
1785136088.1293960
1785136088.1293960
1785136088.1293960
1785136088.1293960
1785136088.1293960
1785136088.1293960
1785136088.1293960
1785136088.1293960
1785136088.1293960
1785136088.1293960
1785136088.1293960
1785136088.1293960
1785136088.1293960
1785136088.1293960
1785136088.1293960
1785136088.1293960
1785136088.1293960
1785136088.1293960
1785136088.1293960
1785136088.1293960
1785136088.1293960
1785136088.1293960
1785136088.1293960
1785136088.1293960
1785136088.1296179
1785136088.1296179
1785136088.1296179
1785136088.1296179
1785136088.1296179
1785136088.1296179
1785136088.1296179
1785136088.1296179
1785136088.1296179
1785136088.1296179
1785136088.1296179
1785136088.1296179
1785136088.1296179
1785136088.1296179
1785136088.1296179
1785136088.1296179
1785136088.1296179
1785136088.1296179
1785136088.1296179
1785136088.1296179
1785136088.1296179
1785136088.1296179
1785136088.1296179
1785136088.1296179
1785136088.1296179
1785136088.1296179
1785136088.1296179
1785136088.1296179
1785136088.1296179
1785136088.1296179
1785136088.1296179
1785136088.1296179
1785136088.1296179
1785136088.1296179
1785136088.1296179
1785136088.1296179
1785136088.1296179
1785136088.1296179
1785136088.1296179
1785136088.1296179
1785136088.1296179
1785136088.1296179
1785136088.1296179
1785136088.1296179
1785136088.1296179
1785136088.1296179
1785136088.1296179
1785136088.1296179
1785136088.1296179
1785136088.1298411
1785136088.1298411
1785136088.1298411
1785136088.1298411
1785136088.1298411
1785136088.1298411
1785136088.1298411
1785136088.1298411
1785136088.1298411
1785136088.1298411
1785136088.1298411
1785136088.1298411
1785136088.1298411
1785136088.1298411
1785136088.1298411
1785136088.1298411
1785136088.1298411
1785136088.1298411
1785136088.1298411
1785136088.1298411
1785136088.1298411
1785136088.1298411
1785136088.1298411
1785136088.1298411
1785136088.1298411
1785136088.1298411
1785136088.1298411
1785136088.1298411
1785136088.1298411
1785136088.1298411
1785136088.1298411
1785136088.1298411
1785136088.1298411
1785136088.1298411
1785136088.1298411
1785136088.1298411
1785136088.1298411
1785136088.1298411
1785136088.1298411
1785136088.1298411
1785136088.1298411
1785136088.1298411
1785136088.1298411
1785136088.1298411
1785136088.1298411
1785136088.1298411
1785136088.1298411
1785136088.1298411
1785136088.1298411
1785136088.1300631
1785136088.1300631
1785136088.1300631
1785136088.1300631
1785136088.1300631
1785136088.1300631
1785136088.1300631
1785136088.1300631
1785136088.1300631
1785136088.1300631
1785136088.1300631
1785136088.1300631
1785136088.1300631
1785136088.1300631
1785136088.1300631
1785136088.1300631
1785136088.1300631
1785136088.1300631
1785136088.1300631
1785136088.1300631
1785136088.1300631
1785136088.1300631
1785136088.1300631
1785136088.1300631
1785136088.1300631
1785136088.1300631
1785136088.1300631
1785136088.1300631
1785136088.1300631
1785136088.1300631
1785136088.1300631
1785136088.1300631
1785136088.1300631
1785136088.1300631
1785136088.1300631
1785136088.1300631
1785136088.1300631
1785136088.1300631
1785136088.1300631
1785136088.1300631
1785136088.1300631
1785136088.1300631
1785136088.1300631
1785136088.1300631
1785136088.1300631
1785136088.1300631
1785136088.1300631
1785136088.1300631
1785136088.1300631
1785136088.1300631
1785136088.1302850
1785136088.1302850
1785136088.1302850
1785136088.1302850
1785136088.1302850
1785136088.1302850
1785136088.1302850
1785136088.1302850
1785136088.1302850
1785136088.1302850
1785136088.1302850
1785136088.1302850
1785136088.1302850
1785136088.1302850
1785136088.1302850
1785136088.1302850
1785136088.1302850
1785136088.1302850
1785136088.1302850
1785136088.1302850
1785136088.1302850
1785136088.1302850
1785136088.1302850
1785136088.1302850
1785136088.1302850
1785136088.1302850
1785136088.1302850
1785136088.1302850
1785136088.1302850
1785136088.1302850
1785136088.1302850
1785136088.1302850
1785136088.1302850
1785136088.1302850
1785136088.1302850
1785136088.1302850
1785136088.1302850
1785136088.1302850
1785136088.1302850
1785136088.1302850
1785136088.1302850
1785136088.1302850
1785136088.1302850
1785136088.1302850
1785136088.1302850
1785136088.1302850
1785136088.1302850
1785136088.1302850
1785136088.1302850
1785136088.1302850
1785136088.1305070
1785136088.1305070
1785136088.1305070
1785136088.1305070
1785136088.1305070
1785136088.1305070
1785136088.1305070
1785136088.1305070
1785136088.1305070
1785136088.1305070
1785136088.1305070
1785136088.1305070
1785136088.1305070
1785136088.1305070
1785136088.1305070
1785136088.1305070
1785136088.1305070
1785136088.1305070
1785136088.1305070
1785136088.1305070
1785136088.1305070
1785136088.1305070
1785136088.1305070
1785136088.1305070
1785136088.1305070
1785136088.1305070
1785136088.1305070
1785136088.1305070
1785136088.1305070
1785136088.1305070
1785136088.1305070
1785136088.1305070
1785136088.1305070
1785136088.1305070
1785136088.1305070
1785136088.1305070
1785136088.1305070
1785136088.1305070
1785136088.1305070
1785136088.1305070
1785136088.1305070
1785136088.1305070
1785136088.1305070
1785136088.1305070
1785136088.1305070
1785136088.1305070
1785136088.1305070
1785136088.1305070
1785136088.1305070
1785136088.1305070
1785136088.1307290
1785136088.1307290
1785136088.1307290
1785136088.1307290
1785136088.1307290
1785136088.1307290
1785136088.1307290
1785136088.1307290
1785136088.1307290
1785136088.1307290
1785136088.1307290
1785136088.1307290
1785136088.1307290
1785136088.1307290
1785136088.1307290
1785136088.1307290
1785136088.1307290
1785136088.1307290
1785136088.1307290
1785136088.1307290
1785136088.1307290
1785136088.1307290
1785136088.1307290
1785136088.1307290
1785136088.1307290
1785136088.1307290
1785136088.1307290
1785136088.1307290
1785136088.1307290
1785136088.1307290
1785136088.1307290
1785136088.1307290
1785136088.1307290
1785136088.1307290
1785136088.1307290
1785136088.1307290
1785136088.1307290
1785136088.1307290
1785136088.1307290
1785136088.1307290
1785136088.1307290
1785136088.1307290
1785136088.1307290
1785136088.1307290
1785136088.1307290
1785136088.1307290
1785136088.1307290
1785136088.1307290
1785136088.1307290
1785136088.1307290
1785136088.1309519
1785136088.1309519
1785136088.1309519
1785136088.1309519
1785136088.1309519
1785136088.1309519
1785136088.1309519
1785136088.1309519
1785136088.1309519
1785136088.1309519
1785136088.1309519
1785136088.1309519
1785136088.1309519
1785136088.1309519
1785136088.1309519
1785136088.1309519
1785136088.1309519
1785136088.1309519
1785136088.1309519
1785136088.1309519
1785136088.1309519
1785136088.1309519
1785136088.1309519
1785136088.1309519
1785136088.1309519
1785136088.1309519
1785136088.1309519
1785136088.1309519
1785136088.1309519
1785136088.1309519
1785136088.1309519
1785136088.1309519
1785136088.1309519
1785136088.1309519
1785136088.1309519
1785136088.1309519
1785136088.1309519
1785136088.1309519
1785136088.1309519
1785136088.1309519
1785136088.1309519
1785136088.1309519
1785136088.1309519
1785136088.1309519
1785136088.1309519
1785136088.1309519
1785136088.1309519
1785136088.1309519
1785136088.1309519
1785136088.1309519
1785136088.1311741
1785136088.1311741
1785136088.1311741
1785136088.1311741
1785136088.1311741
1785136088.1311741
1785136088.1311741
1785136088.1311741
1785136088.1311741
1785136088.1311741
1785136088.1311741
1785136088.1311741
1785136088.1311741
1785136088.1311741
1785136088.1311741
1785136088.1311741
1785136088.1311741
1785136088.1311741
1785136088.1311741
1785136088.1311741
1785136088.1311741
1785136088.1311741
1785136088.1311741
1785136088.1311741
1785136088.1311741
1785136088.1311741
1785136088.1311741
1785136088.1311741
1785136088.1311741
1785136088.1311741
1785136088.1311741
1785136088.1311741
1785136088.1311741
1785136088.1311741
1785136088.1311741
1785136088.1311741
1785136088.1311741
1785136088.1311741
1785136088.1311741
1785136088.1311741
1785136088.1311741
1785136088.1311741
1785136088.1311741
1785136088.1311741
1785136088.1311741
1785136088.1311741
1785136088.1311741
1785136088.1311741
1785136088.1311741
1785136088.1311741
1785136088.1313961
1785136088.1313961
1785136088.1313961
1785136088.1313961
1785136088.1313961
1785136088.1313961
1785136088.1313961
1785136088.1313961
1785136088.1313961
1785136088.1313961
1785136088.1313961
1785136088.1313961
1785136088.1313961
1785136088.1313961
1785136088.1313961
1785136088.1313961
1785136088.1313961
1785136088.1313961
1785136088.1313961
1785136088.1313961
1785136088.1313961
1785136088.1313961
1785136088.1313961
1785136088.1313961
1785136088.1313961
1785136088.1313961
1785136088.1313961
1785136088.1313961
1785136088.1313961
1785136088.1313961
1785136088.1313961
1785136088.1313961
1785136088.1313961
1785136088.1313961
1785136088.1313961
1785136088.1313961
1785136088.1313961
1785136088.1313961
1785136088.1313961
1785136088.1313961
1785136088.1313961
1785136088.1313961
1785136088.1313961
1785136088.1313961
1785136088.1313961
1785136088.1313961
1785136088.1313961
1785136088.1313961
1785136088.1313961
1785136088.1313961
1785136088.1316180
1785136088.1316180
1785136088.1316180
1785136088.1316180
1785136088.1316180
1785136088.1316180
1785136088.1316180
1785136088.1316180
1785136088.1316180
1785136088.1316180
1785136088.1316180
1785136088.1316180
1785136088.1316180
1785136088.1316180
1785136088.1316180
1785136088.1316180
1785136088.1316180
1785136088.1316180
1785136088.1316180
1785136088.1316180
1785136088.1316180
1785136088.1316180
1785136088.1316180
1785136088.1316180
1785136088.1316180
1785136088.1316180
1785136088.1316180
1785136088.1316180
1785136088.1316180
1785136088.1316180
1785136088.1316180
1785136088.1316180
1785136088.1316180
1785136088.1316180
1785136088.1316180
1785136088.1316180
1785136088.1316180
1785136088.1316180
1785136088.1316180
1785136088.1316180
1785136088.1316180
1785136088.1316180
1785136088.1316180
1785136088.1316180
1785136088.1316180
1785136088.1316180
1785136088.1316180
1785136088.1316180
1785136088.1316180
1785136088.1316180
1785136088.1318409
1785136088.1318409
1785136088.1318409
1785136088.1318409
1785136088.1318409
1785136088.1318409
1785136088.1318409
1785136088.1318409
1785136088.1318409
1785136088.1318409
1785136088.1318409
1785136088.1318409
1785136088.1318409
1785136088.1318409
1785136088.1318409
1785136088.1318409
1785136088.1318409
1785136088.1318409
1785136088.1318409
1785136088.1318409
1785136088.1318409
1785136088.1318409
1785136088.1318409
1785136088.1318409
1785136088.1318409
1785136088.1318409
1785136088.1318409
1785136088.1318409
1785136088.1318409
1785136088.1318409
1785136088.1318409
1785136088.1318409
1785136088.1318409
1785136088.1318409
1785136088.1318409
1785136088.1318409
1785136088.1318409
1785136088.1318409
1785136088.1318409
1785136088.1318409
1785136088.1318409
1785136088.1318409
1785136088.1318409
1785136088.1318409
1785136088.1318409
1785136088.1318409
1785136088.1318409
1785136088.1318409
1785136088.1318409
1785136088.1318409
1785136088.1318409
1785136088.1320629
1785136088.1320629
1785136088.1320629
1785136088.1320629
1785136088.1320629
1785136088.1320629
1785136088.1320629
1785136088.1320629
1785136088.1320629
1785136088.1320629
1785136088.1320629
1785136088.1320629
1785136088.1320629
1785136088.1320629
1785136088.1320629
1785136088.1320629
1785136088.1320629
1785136088.1320629
1785136088.1320629
1785136088.1320629
1785136088.1320629
1785136088.1320629
1785136088.1320629
1785136088.1320629
1785136088.1320629
1785136088.1320629
1785136088.1320629
1785136088.1320629
1785136088.1320629
1785136088.1320629
1785136088.1320629
1785136088.1320629
1785136088.1320629
1785136088.1320629
1785136088.1320629
1785136088.1320629
1785136088.1320629
1785136088.1320629
1785136088.1320629
1785136088.1320629
1785136088.1320629
1785136088.1320629
1785136088.1320629
1785136088.1320629
1785136088.1320629
1785136088.1320629
1785136088.1320629
1785136088.1320629
1785136088.1320629
1785136088.1320629
1785136088.1320629
1785136088.1322851
1785136088.1322851
1785136088.1322851
1785136088.1322851
1785136088.1322851
1785136088.1322851
1785136088.1322851
1785136088.1322851
1785136088.1322851
1785136088.1322851
1785136088.1322851
1785136088.1322851
1785136088.1322851
1785136088.1322851
1785136088.1322851
1785136088.1322851
1785136088.1322851
1785136088.1322851
1785136088.1322851
1785136088.1322851
1785136088.1322851
1785136088.1322851
1785136088.1322851
1785136088.1322851
1785136088.1322851
1785136088.1322851
1785136088.1322851
1785136088.1322851
1785136088.1322851
1785136088.1322851
1785136088.1322851
1785136088.1322851
1785136088.1322851
1785136088.1322851
1785136088.1322851
1785136088.1322851
1785136088.1322851
1785136088.1322851
1785136088.1322851
1785136088.1322851
1785136088.1322851
1785136088.1322851
1785136088.1322851
1785136088.1322851
1785136088.1322851
1785136088.1322851
1785136088.1322851
1785136088.1322851
1785136088.1322851
1785136088.1322851
1785136088.1322851
1785136088.1325071
1785136088.1325071
1785136088.1325071
1785136088.1325071
1785136088.1325071
1785136088.1325071
1785136088.1325071
1785136088.1325071
1785136088.1325071
1785136088.1325071
1785136088.1325071
1785136088.1325071
1785136088.1325071
1785136088.1325071
1785136088.1325071
1785136088.1325071
1785136088.1325071
1785136088.1325071
1785136088.1325071
1785136088.1325071
1785136088.1325071
1785136088.1325071
1785136088.1325071
1785136088.1325071
1785136088.1325071
1785136088.1325071
1785136088.1325071
1785136088.1325071
1785136088.1325071
1785136088.1325071
1785136088.1325071
1785136088.1325071
1785136088.1325071
1785136088.1325071
1785136088.1325071
1785136088.1325071
1785136088.1325071
1785136088.1325071
1785136088.1325071
1785136088.1325071
1785136088.1325071
1785136088.1325071
1785136088.1325071
1785136088.1325071
1785136088.1325071
1785136088.1325071
1785136088.1325071
1785136088.1325071
1785136088.1325071
1785136088.1325071
1785136088.1325071
1785136088.1327300
1785136088.1327300
1785136088.1327300
1785136088.1327300
1785136088.1327300
1785136088.1327300
1785136088.1327300
1785136088.1327300
1785136088.1327300
1785136088.1327300
1785136088.1327300
1785136088.1327300
1785136088.1327300
1785136088.1327300
1785136088.1327300
1785136088.1327300
1785136088.1327300
1785136088.1327300
1785136088.1327300
1785136088.1327300
1785136088.1327300
1785136088.1327300
1785136088.1327300
1785136088.1327300
1785136088.1327300
1785136088.1327300
1785136088.1327300
1785136088.1327300
1785136088.1327300
1785136088.1327300
1785136088.1327300
1785136088.1327300
1785136088.1327300
1785136088.1327300
1785136088.1327300
1785136088.1327300
1785136088.1327300
1785136088.1327300
1785136088.1327300
1785136088.1327300
1785136088.1327300
1785136088.1327300
1785136088.1327300
1785136088.1327300
1785136088.1327300
1785136088.1327300
1785136088.1327300
1785136088.1327300
1785136088.1327300
1785136088.1327300
1785136088.1327300
1785136088.1329520
1785136088.1329520
1785136088.1329520
1785136088.1329520
1785136088.1329520
1785136088.1329520
1785136088.1329520
1785136088.1329520
1785136088.1329520
1785136088.1329520
1785136088.1329520
1785136088.1329520
1785136088.1329520
1785136088.1329520
1785136088.1329520
1785136088.1329520
1785136088.1329520
1785136088.1329520
1785136088.1329520
1785136088.1329520
1785136088.1329520
1785136088.1329520
1785136088.1329520
1785136088.1329520
1785136088.1329520
1785136088.1329520
1785136088.1329520
1785136088.1329520
1785136088.1329520
1785136088.1329520
1785136088.1329520
1785136088.1329520
1785136088.1329520
1785136088.1329520
1785136088.1329520
1785136088.1329520
1785136088.1329520
1785136088.1329520
1785136088.1329520
1785136088.1329520
1785136088.1329520
1785136088.1329520
1785136088.1329520
1785136088.1329520
1785136088.1329520
1785136088.1329520
1785136088.1329520
1785136088.1329520
1785136088.1329520
1785136088.1329520
1785136088.1329520
1785136088.1331739
1785136088.1331739
1785136088.1331739
1785136088.1331739
1785136088.1331739
1785136088.1331739
1785136088.1331739
1785136088.1331739
1785136088.1331739
1785136088.1331739
1785136088.1331739
1785136088.1331739
1785136088.1331739
1785136088.1331739
1785136088.1331739
1785136088.1331739
1785136088.1331739
1785136088.1331739
1785136088.1331739
1785136088.1331739
1785136088.1331739
1785136088.1331739
1785136088.1331739
1785136088.1331739
1785136088.1331739
1785136088.1331739
1785136088.1331739
1785136088.1331739
1785136088.1331739
1785136088.1331739
1785136088.1331739
1785136088.1331739
1785136088.1331739
1785136088.1331739
1785136088.1331739
1785136088.1331739
1785136088.1331739
1785136088.1331739
1785136088.1331739
1785136088.1331739
1785136088.1331739
1785136088.1331739
1785136088.1331739
1785136088.1331739
1785136088.1331739
1785136088.1331739
1785136088.1331739
1785136088.1331739
1785136088.1331739
1785136088.1331739
1785136088.1331739
1785136088.1333959
1785136088.1333959
1785136088.1333959
1785136088.1333959
1785136088.1333959
1785136088.1333959
1785136088.1333959
1785136088.1333959
1785136088.1333959
1785136088.1333959
1785136088.1333959
1785136088.1333959
1785136088.1333959
1785136088.1333959
1785136088.1333959
1785136088.1333959
1785136088.1333959
1785136088.1333959
1785136088.1333959
1785136088.1333959
1785136088.1333959
1785136088.1333959
1785136088.1333959
1785136088.1333959
1785136088.1333959
1785136088.1333959
1785136088.1333959
1785136088.1333959
1785136088.1333959
1785136088.1333959
1785136088.1333959
1785136088.1333959
1785136088.1333959
1785136088.1333959
1785136088.1333959
1785136088.1333959
1785136088.1333959
1785136088.1333959
1785136088.1333959
1785136088.1333959
1785136088.1333959
1785136088.1333959
1785136088.1333959
1785136088.1333959
1785136088.1333959
1785136088.1333959
1785136088.1333959
1785136088.1333959
1785136088.1333959
1785136088.1333959
1785136088.1333959
1785136088.1336191
1785136088.1336191
1785136088.1336191
1785136088.1336191
1785136088.1336191
1785136088.1336191
1785136088.1336191
1785136088.1336191
1785136088.1336191
1785136088.1336191
1785136088.1336191
1785136088.1336191
1785136088.1336191
1785136088.1336191
1785136088.1336191
1785136088.1336191
1785136088.1336191
1785136088.1336191
1785136088.1336191
1785136088.1336191
1785136088.1336191
1785136088.1336191
1785136088.1336191
1785136088.1336191
1785136088.1336191
1785136088.1336191
1785136088.1336191
1785136088.1336191
1785136088.1336191
1785136088.1336191
1785136088.1336191
1785136088.1336191
1785136088.1336191
1785136088.1336191
1785136088.1336191
1785136088.1336191
1785136088.1336191
1785136088.1336191
1785136088.1336191
1785136088.1336191
1785136088.1336191
1785136088.1336191
1785136088.1336191
1785136088.1336191
1785136088.1336191
1785136088.1336191
1785136088.1336191
1785136088.1336191
1785136088.1336191
1785136088.1336191
1785136088.1336191
1785136088.1338410
1785136088.1338410
1785136088.1338410
1785136088.1338410
1785136088.1338410
1785136088.1338410
1785136088.1338410
1785136088.1338410
1785136088.1338410
1785136088.1338410
1785136088.1338410
1785136088.1338410
1785136088.1338410
1785136088.1338410
1785136088.1338410
1785136088.1338410
1785136088.1338410
1785136088.1338410
1785136088.1338410
1785136088.1338410
1785136088.1338410
1785136088.1338410
1785136088.1338410
1785136088.1338410
1785136088.1338410
1785136088.1338410
1785136088.1338410
1785136088.1338410
1785136088.1338410
1785136088.1338410
1785136088.1338410
1785136088.1338410
1785136088.1338410
1785136088.1338410
1785136088.1338410
1785136088.1338410
1785136088.1338410
1785136088.1338410
1785136088.1338410
1785136088.1338410
1785136088.1338410
1785136088.1338410
1785136088.1338410
1785136088.1338410
1785136088.1338410
1785136088.1338410
1785136088.1338410
1785136088.1338410
1785136088.1338410
1785136088.1338410
1785136088.1338410
1785136088.1338410
1785136088.1340630
1785136088.1340630
1785136088.1340630
1785136088.1340630
1785136088.1340630
1785136088.1340630
1785136088.1340630
1785136088.1340630
1785136088.1340630
1785136088.1340630
1785136088.1340630
1785136088.1340630
1785136088.1340630
1785136088.1340630
1785136088.1340630
1785136088.1340630
1785136088.1340630
1785136088.1340630
1785136088.1340630
1785136088.1340630
1785136088.1340630
1785136088.1340630
1785136088.1340630
1785136088.1340630
1785136088.1340630
1785136088.1340630
1785136088.1340630
1785136088.1340630
1785136088.1340630
1785136088.1340630
1785136088.1340630
1785136088.1340630
1785136088.1340630
1785136088.1340630
1785136088.1340630
1785136088.1340630
1785136088.1340630
1785136088.1340630
1785136088.1340630
1785136088.1340630
1785136088.1340630
1785136088.1340630
1785136088.1340630
1785136088.1340630
1785136088.1340630
1785136088.1340630
1785136088.1340630
1785136088.1340630
1785136088.1340630
1785136088.1340630
1785136088.1340630
1785136088.1340630
1785136088.1342850
1785136088.1342850
1785136088.1342850
1785136088.1342850
1785136088.1342850
1785136088.1342850
1785136088.1342850
1785136088.1342850
1785136088.1342850
1785136088.1342850
1785136088.1342850
1785136088.1342850
1785136088.1342850
1785136088.1342850
1785136088.1342850
1785136088.1342850
1785136088.1342850
1785136088.1342850
1785136088.1342850
1785136088.1342850
1785136088.1342850
1785136088.1342850
1785136088.1342850
1785136088.1342850
1785136088.1342850
1785136088.1342850
1785136088.1342850
1785136088.1342850
1785136088.1342850
1785136088.1342850
1785136088.1342850
1785136088.1342850
1785136088.1342850
1785136088.1342850
1785136088.1342850
1785136088.1342850
1785136088.1342850
1785136088.1342850
1785136088.1342850
1785136088.1342850
1785136088.1342850
1785136088.1342850
1785136088.1342850
1785136088.1342850
1785136088.1342850
1785136088.1342850
1785136088.1342850
1785136088.1342850
1785136088.1342850
1785136088.1342850
1785136088.1342850
1785136088.1342850
1785136088.1345069
1785136088.1345069
1785136088.1345069
1785136088.1345069
1785136088.1345069
1785136088.1345069
1785136088.1345069
1785136088.1345069
1785136088.1345069
1785136088.1345069
1785136088.1345069
1785136088.1345069
1785136088.1345069
1785136088.1345069
1785136088.1345069
1785136088.1345069
1785136088.1345069
1785136088.1345069
1785136088.1345069
1785136088.1345069
1785136088.1345069
1785136088.1345069
1785136088.1345069
1785136088.1345069
1785136088.1345069
1785136088.1345069
1785136088.1345069
1785136088.1345069
1785136088.1345069
1785136088.1345069
1785136088.1345069
1785136088.1345069
1785136088.1345069
1785136088.1345069
1785136088.1345069
1785136088.1345069
1785136088.1345069
1785136088.1345069
1785136088.1345069
1785136088.1345069
1785136088.1345069
1785136088.1345069
1785136088.1345069
1785136088.1345069
1785136088.1345069
1785136088.1345069
1785136088.1345069
1785136088.1345069
1785136088.1345069
1785136088.1345069
1785136088.1345069
1785136088.1345069
1785136088.1347301
1785136088.1347301
1785136088.1347301
1785136088.1347301
1785136088.1347301
1785136088.1347301
1785136088.1347301
1785136088.1347301
1785136088.1347301
1785136088.1347301
1785136088.1347301
1785136088.1347301
1785136088.1347301
1785136088.1347301
1785136088.1347301
1785136088.1347301
1785136088.1347301
1785136088.1347301
1785136088.1347301
1785136088.1347301
1785136088.1347301
1785136088.1347301
1785136088.1347301
1785136088.1347301
1785136088.1347301
1785136088.1347301
1785136088.1347301
1785136088.1347301
1785136088.1347301
1785136088.1347301
1785136088.1347301
1785136088.1347301
1785136088.1347301
1785136088.1347301
1785136088.1347301
1785136088.1347301
1785136088.1347301
1785136088.1347301
1785136088.1347301
1785136088.1347301
1785136088.1347301
1785136088.1347301
1785136088.1347301
1785136088.1347301
1785136088.1347301
1785136088.1347301
1785136088.1347301
1785136088.1347301
1785136088.1347301
1785136088.1347301
1785136088.1347301
1785136088.1347301
1785136088.1349521
1785136088.1349521
1785136088.1349521
1785136088.1349521
1785136088.1349521
1785136088.1349521
1785136088.1349521
1785136088.1349521
1785136088.1349521
1785136088.1349521
1785136088.1349521
1785136088.1349521
1785136088.1349521
1785136088.1349521
1785136088.1349521
1785136088.1349521
1785136088.1349521
1785136088.1349521
1785136088.1349521
1785136088.1349521
1785136088.1349521
1785136088.1349521
1785136088.1349521
1785136088.1349521
1785136088.1349521
1785136088.1349521
1785136088.1349521
1785136088.1349521
1785136088.1349521
1785136088.1349521
1785136088.1349521
1785136088.1349521
1785136088.1349521
1785136088.1349521
1785136088.1349521
1785136088.1349521
1785136088.1349521
1785136088.1349521
1785136088.1349521
1785136088.1349521
1785136088.1349521
1785136088.1349521
1785136088.1349521
1785136088.1349521
1785136088.1349521
1785136088.1349521
1785136088.1349521
1785136088.1349521
1785136088.1349521
1785136088.1349521
1785136088.1349521
1785136088.1349521
1785136088.1351740
1785136088.1351740
1785136088.1351740
1785136088.1351740
1785136088.1351740
1785136088.1351740
1785136088.1351740
1785136088.1351740
1785136088.1351740
1785136088.1351740
1785136088.1351740
1785136088.1351740
1785136088.1351740
1785136088.1351740
1785136088.1351740
1785136088.1351740
1785136088.1351740
1785136088.1351740
1785136088.1351740
1785136088.1351740
1785136088.1351740
1785136088.1351740
1785136088.1351740
1785136088.1351740
1785136088.1351740
1785136088.1351740
1785136088.1351740
1785136088.1351740
1785136088.1351740
1785136088.1351740
1785136088.1351740
1785136088.1351740
1785136088.1351740
1785136088.1351740
1785136088.1351740
1785136088.1351740
1785136088.1351740
1785136088.1351740
1785136088.1351740
1785136088.1351740
1785136088.1351740
1785136088.1351740
1785136088.1351740
1785136088.1351740
1785136088.1351740
1785136088.1351740
1785136088.1351740
1785136088.1351740
1785136088.1351740
1785136088.1351740
1785136088.1351740
1785136088.1351740
1785136088.1353960
1785136088.1353960
1785136088.1353960
1785136088.1353960
1785136088.1353960
1785136088.1353960
1785136088.1353960
1785136088.1353960
1785136088.1353960
1785136088.1353960
1785136088.1353960
1785136088.1353960
1785136088.1353960
1785136088.1353960
1785136088.1353960
1785136088.1353960
1785136088.1353960
1785136088.1353960
1785136088.1353960
1785136088.1353960
1785136088.1353960
1785136088.1353960
1785136088.1353960
1785136088.1353960
1785136088.1353960
1785136088.1353960
1785136088.1353960
1785136088.1353960
1785136088.1353960
1785136088.1353960
1785136088.1353960
1785136088.1353960
1785136088.1353960
1785136088.1353960
1785136088.1353960
1785136088.1353960
1785136088.1353960
1785136088.1353960
1785136088.1353960
1785136088.1353960
1785136088.1353960
1785136088.1353960
1785136088.1353960
1785136088.1353960
1785136088.1353960
1785136088.1353960
1785136088.1353960
1785136088.1353960
1785136088.1353960
1785136088.1353960
1785136088.1353960
1785136088.1353960
1785136088.1356189
1785136088.1356189
1785136088.1356189
1785136088.1356189
1785136088.1356189
1785136088.1356189
1785136088.1356189
1785136088.1356189
1785136088.1356189
1785136088.1356189
1785136088.1356189
1785136088.1356189
1785136088.1356189
1785136088.1356189
1785136088.1356189
1785136088.1356189
1785136088.1356189
1785136088.1356189
1785136088.1356189
1785136088.1356189
1785136088.1356189
1785136088.1356189
1785136088.1356189
1785136088.1356189
1785136088.1356189
1785136088.1356189
1785136088.1356189
1785136088.1356189
1785136088.1356189
1785136088.1356189
1785136088.1356189
1785136088.1356189
1785136088.1356189
1785136088.1356189
1785136088.1356189
1785136088.1356189
1785136088.1356189
1785136088.1356189
1785136088.1356189
1785136088.1356189
1785136088.1356189
1785136088.1356189
1785136088.1356189
1785136088.1356189
1785136088.1356189
1785136088.1356189
1785136088.1356189
1785136088.1356189
1785136088.1356189
1785136088.1356189
1785136088.1356189
1785136088.1356189
1785136088.1358409
1785136088.1358409
1785136088.1358409
1785136088.1358409
1785136088.1358409
1785136088.1358409
1785136088.1358409
1785136088.1358409
1785136088.1358409
1785136088.1358409
1785136088.1358409
1785136088.1358409
1785136088.1358409
1785136088.1358409
1785136088.1358409
1785136088.1358409
1785136088.1358409
1785136088.1358409
1785136088.1358409
1785136088.1358409
1785136088.1358409
1785136088.1358409
1785136088.1358409
1785136088.1358409
1785136088.1358409
1785136088.1358409
1785136088.1358409
1785136088.1358409
1785136088.1358409
1785136088.1358409
1785136088.1358409
1785136088.1358409
1785136088.1358409
1785136088.1358409
1785136088.1358409
1785136088.1358409
1785136088.1358409
1785136088.1358409
1785136088.1358409
1785136088.1358409
1785136088.1358409
1785136088.1358409
1785136088.1358409
1785136088.1358409
1785136088.1358409
1785136088.1358409
1785136088.1358409
1785136088.1358409
1785136088.1358409
1785136088.1358409
1785136088.1358409
1785136088.1358409
1785136088.1360631
1785136088.1360631
1785136088.1360631
1785136088.1360631
1785136088.1360631
1785136088.1360631
1785136088.1360631
1785136088.1360631
1785136088.1360631
1785136088.1360631
1785136088.1360631
1785136088.1360631
1785136088.1360631
1785136088.1360631
1785136088.1360631
1785136088.1360631
1785136088.1360631
1785136088.1360631
1785136088.1360631
1785136088.1360631
1785136088.1360631
1785136088.1360631
1785136088.1360631
1785136088.1360631
1785136088.1360631
1785136088.1360631
1785136088.1360631
1785136088.1360631
1785136088.1360631
1785136088.1360631
1785136088.1360631
1785136088.1360631
1785136088.1360631
1785136088.1360631
1785136088.1360631
1785136088.1360631
1785136088.1360631
1785136088.1360631
1785136088.1360631
1785136088.1360631
1785136088.1360631
1785136088.1360631
1785136088.1360631
1785136088.1360631
1785136088.1360631
1785136088.1360631
1785136088.1360631
1785136088.1360631
1785136088.1360631
1785136088.1360631
1785136088.1360631
1785136088.1360631
1785136088.1362851
1785136088.1362851
1785136088.1362851
1785136088.1362851
1785136088.1362851
1785136088.1362851
1785136088.1362851
1785136088.1362851
1785136088.1362851
1785136088.1362851
1785136088.1362851
1785136088.1362851
1785136088.1362851
1785136088.1362851
1785136088.1362851
1785136088.1362851
1785136088.1362851
1785136088.1362851
1785136088.1362851
1785136088.1362851
1785136088.1362851
1785136088.1362851
1785136088.1362851
1785136088.1362851
1785136088.1362851
1785136088.1362851
1785136088.1362851
1785136088.1362851
1785136088.1362851
1785136088.1362851
1785136088.1362851
1785136088.1362851
1785136088.1362851
1785136088.1362851
1785136088.1362851
1785136088.1362851
1785136088.1362851
1785136088.1362851
1785136088.1362851
1785136088.1362851
1785136088.1362851
1785136088.1362851
1785136088.1362851
1785136088.1362851
1785136088.1362851
1785136088.1362851
1785136088.1362851
1785136088.1362851
1785136088.1362851
1785136088.1362851
1785136088.1362851
1785136088.1362851
1785136088.1365080
1785136088.1365080
1785136088.1365080
1785136088.1365080
1785136088.1365080
1785136088.1365080
1785136088.1365080
1785136088.1365080
1785136088.1365080
1785136088.1365080
1785136088.1365080
1785136088.1365080
1785136088.1365080
1785136088.1365080
1785136088.1365080
1785136088.1365080
1785136088.1365080
1785136088.1365080
1785136088.1365080
1785136088.1365080
1785136088.1365080
1785136088.1365080
1785136088.1365080
1785136088.1365080
1785136088.1365080
1785136088.1365080
1785136088.1365080
1785136088.1365080
1785136088.1365080
1785136088.1365080
1785136088.1365080
1785136088.1365080
1785136088.1365080
1785136088.1365080
1785136088.1365080
1785136088.1365080
1785136088.1365080
1785136088.1365080
1785136088.1365080
1785136088.1365080
1785136088.1365080
1785136088.1365080
1785136088.1365080
1785136088.1365080
1785136088.1365080
1785136088.1365080
1785136088.1365080
1785136088.1365080
1785136088.1365080
1785136088.1365080
1785136088.1365080
1785136088.1365080
1785136088.1367300
1785136088.1367300
1785136088.1367300
1785136088.1367300
1785136088.1367300
1785136088.1367300
1785136088.1367300
1785136088.1367300
1785136088.1367300
1785136088.1367300
1785136088.1367300
1785136088.1367300
1785136088.1367300
1785136088.1367300
1785136088.1367300
1785136088.1367300
1785136088.1367300
1785136088.1367300
1785136088.1367300
1785136088.1367300
1785136088.1367300
1785136088.1367300
1785136088.1367300
1785136088.1367300
1785136088.1367300
1785136088.1367300
1785136088.1367300
1785136088.1367300
1785136088.1367300
1785136088.1367300
1785136088.1367300
1785136088.1367300
1785136088.1367300
1785136088.1367300
1785136088.1367300
1785136088.1367300
1785136088.1367300
1785136088.1367300
1785136088.1367300
1785136088.1367300
1785136088.1367300
1785136088.1367300
1785136088.1367300
1785136088.1367300
1785136088.1367300
1785136088.1367300
1785136088.1367300
1785136088.1367300
1785136088.1367300
1785136088.1367300
1785136088.1367300
1785136088.1367300
1785136088.1369519
1785136088.1369519
1785136088.1369519
1785136088.1369519
1785136088.1369519
1785136088.1369519
1785136088.1369519
1785136088.1369519
1785136088.1369519
1785136088.1369519
1785136088.1369519
1785136088.1369519
1785136088.1369519
1785136088.1369519
1785136088.1369519
1785136088.1369519
1785136088.1369519
1785136088.1369519
1785136088.1369519
1785136088.1369519
1785136088.1369519
1785136088.1369519
1785136088.1369519
1785136088.1369519
1785136088.1369519
1785136088.1369519
1785136088.1369519
1785136088.1369519
1785136088.1369519
1785136088.1369519
1785136088.1369519
1785136088.1369519
1785136088.1369519
1785136088.1369519
1785136088.1369519
1785136088.1369519
1785136088.1369519
1785136088.1369519
1785136088.1369519
1785136088.1369519
1785136088.1369519
1785136088.1369519
1785136088.1369519
1785136088.1369519
1785136088.1369519
1785136088.1369519
1785136088.1369519
1785136088.1369519
1785136088.1369519
1785136088.1369519
1785136088.1369519
1785136088.1369519
1785136088.1371739
1785136088.1371739
1785136088.1371739
1785136088.1371739
1785136088.1371739
1785136088.1371739
1785136088.1371739
1785136088.1371739
1785136088.1371739
1785136088.1371739
1785136088.1371739
1785136088.1371739
1785136088.1371739
1785136088.1371739
1785136088.1371739
1785136088.1371739
1785136088.1371739
1785136088.1371739
1785136088.1371739
1785136088.1371739
1785136088.1371739
1785136088.1371739
1785136088.1371739
1785136088.1371739
1785136088.1371739
1785136088.1371739
1785136088.1371739
1785136088.1371739
1785136088.1371739
1785136088.1371739
1785136088.1371739
1785136088.1371739
1785136088.1371739
1785136088.1371739
1785136088.1371739
1785136088.1371739
1785136088.1371739
1785136088.1371739
1785136088.1371739
1785136088.1371739
1785136088.1371739
1785136088.1371739
1785136088.1371739
1785136088.1371739
1785136088.1371739
1785136088.1371739
1785136088.1371739
1785136088.1371739
1785136088.1371739
1785136088.1371739
1785136088.1371739
1785136088.1371739
1785136088.1373971
1785136088.1373971
1785136088.1373971
1785136088.1373971
1785136088.1373971
1785136088.1373971
1785136088.1373971
1785136088.1373971
1785136088.1373971
1785136088.1373971
1785136088.1373971
1785136088.1373971
1785136088.1373971
1785136088.1373971
1785136088.1373971
1785136088.1373971
1785136088.1373971
1785136088.1373971
1785136088.1373971
1785136088.1373971
1785136088.1373971
1785136088.1373971
1785136088.1373971
1785136088.1373971
1785136088.1373971
1785136088.1373971
1785136088.1373971
1785136088.1373971
1785136088.1373971
1785136088.1373971
1785136088.1373971
1785136088.1373971
1785136088.1373971
1785136088.1373971
1785136088.1373971
1785136088.1373971
1785136088.1373971
1785136088.1373971
1785136088.1373971
1785136088.1373971
1785136088.1373971
1785136088.1373971
1785136088.1373971
1785136088.1373971
1785136088.1373971
1785136088.1373971
1785136088.1373971
1785136088.1373971
1785136088.1373971
1785136088.1373971
1785136088.1373971
1785136088.1373971
1785136088.1376190
1785136088.1376190
1785136088.1376190
1785136088.1376190
1785136088.1376190
1785136088.1376190
1785136088.1376190
1785136088.1376190
1785136088.1376190
1785136088.1376190
1785136088.1376190
1785136088.1376190
1785136088.1376190
1785136088.1376190
1785136088.1376190
1785136088.1376190
1785136088.1376190
1785136088.1376190
1785136088.1376190
1785136088.1376190
1785136088.1376190
1785136088.1376190
1785136088.1376190
1785136088.1376190
1785136088.1376190
1785136088.1376190
1785136088.1376190
1785136088.1376190
1785136088.1376190
1785136088.1376190
1785136088.1376190
1785136088.1376190
1785136088.1376190
1785136088.1376190
1785136088.1376190
1785136088.1376190
1785136088.1376190
1785136088.1376190
1785136088.1376190
1785136088.1376190
1785136088.1376190
1785136088.1376190
1785136088.1376190
1785136088.1376190
1785136088.1376190
1785136088.1376190
1785136088.1376190
1785136088.1376190
1785136088.1376190
1785136088.1376190
1785136088.1376190
1785136088.1376190
1785136088.1378410
1785136088.1378410
1785136088.1378410
1785136088.1378410
1785136088.1378410
1785136088.1378410
1785136088.1378410
1785136088.1378410
1785136088.1378410
1785136088.1378410
1785136088.1378410
1785136088.1378410
1785136088.1378410
1785136088.1378410
1785136088.1378410
1785136088.1378410
1785136088.1378410
1785136088.1378410
1785136088.1378410
1785136088.1378410
1785136088.1378410
1785136088.1378410
1785136088.1378410
1785136088.1378410
1785136088.1378410
1785136088.1378410
1785136088.1378410
1785136088.1378410
1785136088.1378410
1785136088.1378410
1785136088.1378410
1785136088.1378410
1785136088.1378410
1785136088.1378410
1785136088.1378410
1785136088.1378410
1785136088.1378410
1785136088.1378410
1785136088.1378410
1785136088.1378410
1785136088.1378410
1785136088.1378410
1785136088.1378410
1785136088.1378410
1785136088.1378410
1785136088.1378410
1785136088.1378410
1785136088.1378410
1785136088.1378410
1785136088.1378410
1785136088.1378410
1785136088.1378410
1785136088.1380630
1785136088.1380630
1785136088.1380630
1785136088.1380630
1785136088.1380630
1785136088.1380630
1785136088.1380630
1785136088.1380630
1785136088.1380630
1785136088.1380630
1785136088.1380630
1785136088.1380630
1785136088.1380630
1785136088.1380630
1785136088.1380630
1785136088.1380630
1785136088.1380630
1785136088.1380630
1785136088.1380630
1785136088.1380630
1785136088.1380630
1785136088.1380630
1785136088.1380630
1785136088.1380630
1785136088.1380630
1785136088.1380630
1785136088.1380630
1785136088.1380630
1785136088.1380630
1785136088.1380630
1785136088.1380630
1785136088.1380630
1785136088.1380630
1785136088.1380630
1785136088.1380630
1785136088.1380630
1785136088.1380630
1785136088.1380630
1785136088.1380630
1785136088.1380630
1785136088.1380630
1785136088.1380630
1785136088.1380630
1785136088.1380630
1785136088.1380630
1785136088.1380630
1785136088.1380630
1785136088.1380630
1785136088.1380630
1785136088.1380630
1785136088.1380630
1785136088.1380630
1785136088.1382849
1785136088.1382849
1785136088.1382849
1785136088.1382849
1785136088.1382849
1785136088.1382849
1785136088.1382849
1785136088.1382849
1785136088.1382849
1785136088.1382849
1785136088.1382849
1785136088.1382849
1785136088.1382849
1785136088.1382849
1785136088.1382849
1785136088.1382849
1785136088.1382849
1785136088.1382849
1785136088.1382849
1785136088.1382849
1785136088.1382849
1785136088.1382849
1785136088.1382849
1785136088.1382849
1785136088.1382849
1785136088.1382849
1785136088.1382849
1785136088.1382849
1785136088.1382849
1785136088.1382849
1785136088.1382849
1785136088.1382849
1785136088.1382849
1785136088.1382849
1785136088.1382849
1785136088.1382849
1785136088.1382849
1785136088.1382849
1785136088.1382849
1785136088.1382849
1785136088.1382849
1785136088.1382849
1785136088.1382849
1785136088.1382849
1785136088.1382849
1785136088.1382849
1785136088.1382849
1785136088.1382849
1785136088.1382849
1785136088.1382849
1785136088.1382849
1785136088.1385081
1785136088.1385081
1785136088.1385081
1785136088.1385081
1785136088.1385081
1785136088.1385081
1785136088.1385081
1785136088.1385081
1785136088.1385081
1785136088.1385081
1785136088.1385081
1785136088.1385081
1785136088.1385081
1785136088.1385081
1785136088.1385081
1785136088.1385081
1785136088.1385081
1785136088.1385081
1785136088.1385081
1785136088.1385081
1785136088.1385081
1785136088.1385081
1785136088.1385081
1785136088.1385081
1785136088.1385081
1785136088.1385081
1785136088.1385081
1785136088.1385081
1785136088.1385081
1785136088.1385081
1785136088.1385081
1785136088.1385081
1785136088.1385081
1785136088.1385081
1785136088.1385081
1785136088.1385081
1785136088.1385081
1785136088.1385081
1785136088.1385081
1785136088.1385081
1785136088.1385081
1785136088.1385081
1785136088.1385081
1785136088.1385081
1785136088.1385081
1785136088.1385081
1785136088.1385081
1785136088.1385081
1785136088.1385081
1785136088.1385081
1785136088.1385081
1785136088.1385081
1785136088.1387300
1785136088.1387300
1785136088.1387300
1785136088.1387300
1785136088.1387300
1785136088.1387300
1785136088.1387300
1785136088.1387300
1785136088.1387300
1785136088.1387300
1785136088.1387300
1785136088.1387300
1785136088.1387300
1785136088.1387300
1785136088.1387300
1785136088.1387300
1785136088.1387300
1785136088.1387300
1785136088.1387300
1785136088.1387300
1785136088.1387300
1785136088.1387300
1785136088.1387300
1785136088.1387300
1785136088.1387300
1785136088.1387300
1785136088.1387300
1785136088.1387300
1785136088.1387300
1785136088.1387300
1785136088.1387300
1785136088.1387300
1785136088.1387300
1785136088.1387300
1785136088.1387300
1785136088.1387300
1785136088.1387300
1785136088.1387300
1785136088.1387300
1785136088.1387300
1785136088.1387300
1785136088.1387300
1785136088.1387300
1785136088.1387300
1785136088.1387300
1785136088.1387300
1785136088.1387300
1785136088.1387300
1785136088.1387300
1785136088.1387300
1785136088.1387300
1785136088.1387300
1785136088.1389520
1785136088.1389520
1785136088.1389520
1785136088.1389520
1785136088.1389520
1785136088.1389520
1785136088.1389520
1785136088.1389520
1785136088.1389520
1785136088.1389520
1785136088.1389520
1785136088.1389520
1785136088.1389520
1785136088.1389520
1785136088.1389520
1785136088.1389520
1785136088.1389520
1785136088.1389520
1785136088.1389520
1785136088.1389520
1785136088.1389520
1785136088.1389520
1785136088.1389520
1785136088.1389520
1785136088.1389520
1785136088.1389520
1785136088.1389520
1785136088.1389520
1785136088.1389520
1785136088.1389520
1785136088.1389520
1785136088.1389520
1785136088.1389520
1785136088.1389520
1785136088.1389520
1785136088.1389520
1785136088.1389520
1785136088.1389520
1785136088.1389520
1785136088.1389520
1785136088.1389520
1785136088.1389520
1785136088.1389520
1785136088.1389520
1785136088.1389520
1785136088.1389520
1785136088.1389520
1785136088.1389520
1785136088.1389520
1785136088.1389520
1785136088.1389520
1785136088.1389520
1785136088.1391740
1785136088.1391740
1785136088.1391740
1785136088.1391740
1785136088.1391740
1785136088.1391740
1785136088.1391740
1785136088.1391740
1785136088.1391740
1785136088.1391740
1785136088.1391740
1785136088.1391740
1785136088.1391740
1785136088.1391740
1785136088.1391740
1785136088.1391740
1785136088.1391740
1785136088.1391740
1785136088.1391740
1785136088.1391740
1785136088.1391740
1785136088.1391740
1785136088.1391740
1785136088.1391740
1785136088.1391740
1785136088.1391740
1785136088.1391740
1785136088.1391740
1785136088.1391740
1785136088.1391740
1785136088.1391740
1785136088.1391740
1785136088.1391740
1785136088.1391740
1785136088.1391740
1785136088.1391740
1785136088.1391740
1785136088.1391740
1785136088.1391740
1785136088.1391740
1785136088.1391740
1785136088.1391740
1785136088.1391740
1785136088.1391740
1785136088.1391740
1785136088.1391740
1785136088.1391740
1785136088.1391740
1785136088.1391740
1785136088.1391740
1785136088.1391740
1785136088.1391740
1785136088.1393969
1785136088.1393969
1785136088.1393969
1785136088.1393969
1785136088.1393969
1785136088.1393969
1785136088.1393969
1785136088.1393969
1785136088.1393969
1785136088.1393969
1785136088.1393969
1785136088.1393969
1785136088.1393969
1785136088.1393969
1785136088.1393969
1785136088.1393969
1785136088.1393969
1785136088.1393969
1785136088.1393969
1785136088.1393969
1785136088.1393969
1785136088.1393969
1785136088.1393969
1785136088.1393969
1785136088.1393969
1785136088.1393969
1785136088.1393969
1785136088.1393969
1785136088.1393969
1785136088.1393969
1785136088.1393969
1785136088.1393969
1785136088.1393969
1785136088.1393969
1785136088.1393969
1785136088.1393969
1785136088.1393969
1785136088.1393969
1785136088.1393969
1785136088.1393969
1785136088.1393969
1785136088.1393969
1785136088.1393969
1785136088.1393969
1785136088.1393969
1785136088.1393969
1785136088.1393969
1785136088.1393969
1785136088.1393969
1785136088.1393969
1785136088.1393969
1785136088.1393969
1785136088.1396191
1785136088.1396191
1785136088.1396191
1785136088.1396191
1785136088.1396191
1785136088.1396191
1785136088.1396191
1785136088.1396191
1785136088.1396191
1785136088.1396191
1785136088.1396191
1785136088.1396191
1785136088.1396191
1785136088.1396191
1785136088.1396191
1785136088.1396191
1785136088.1396191
1785136088.1396191
1785136088.1396191
1785136088.1396191
1785136088.1396191
1785136088.1396191
1785136088.1396191
1785136088.1396191
1785136088.1396191
1785136088.1396191
1785136088.1396191
1785136088.1396191
1785136088.1396191
1785136088.1396191
1785136088.1396191
1785136088.1396191
1785136088.1396191
1785136088.1396191
1785136088.1396191
1785136088.1396191
1785136088.1396191
1785136088.1396191
1785136088.1396191
1785136088.1396191
1785136088.1396191
1785136088.1396191
1785136088.1396191
1785136088.1396191
1785136088.1396191
1785136088.1396191
1785136088.1396191
1785136088.1396191
1785136088.1396191
1785136088.1396191
1785136088.1396191
1785136088.1396191
1785136088.1398411
1785136088.1398411
1785136088.1398411
1785136088.1398411
1785136088.1398411
1785136088.1398411
1785136088.1398411
1785136088.1398411
1785136088.1398411
1785136088.1398411
1785136088.1398411
1785136088.1398411
1785136088.1398411
1785136088.1398411
1785136088.1398411
1785136088.1398411
1785136088.1398411
1785136088.1398411
1785136088.1398411
1785136088.1398411
1785136088.1398411
1785136088.1398411
1785136088.1398411
1785136088.1398411
1785136088.1398411
1785136088.1398411
1785136088.1398411
1785136088.1398411
1785136088.1398411
1785136088.1398411
1785136088.1398411
1785136088.1398411
1785136088.1398411
1785136088.1398411
1785136088.1398411
1785136088.1398411
1785136088.1398411
1785136088.1398411
1785136088.1398411
1785136088.1398411
1785136088.1398411
1785136088.1398411
1785136088.1398411
1785136088.1398411
1785136088.1398411
1785136088.1398411
1785136088.1398411
1785136088.1398411
1785136088.1398411
1785136088.1398411
1785136088.1398411
1785136088.1398411
1785136088.1400630
1785136088.1400630
1785136088.1400630
1785136088.1400630
1785136088.1400630
1785136088.1400630
1785136088.1400630
1785136088.1400630
1785136088.1400630
1785136088.1400630
1785136088.1400630
1785136088.1400630
1785136088.1400630
1785136088.1400630
1785136088.1400630
1785136088.1400630
1785136088.1400630
1785136088.1400630
1785136088.1400630
1785136088.1400630
1785136088.1400630
1785136088.1400630
1785136088.1400630
1785136088.1400630
1785136088.1400630
1785136088.1400630
1785136088.1400630
1785136088.1400630
1785136088.1400630
1785136088.1400630
1785136088.1400630
1785136088.1400630
1785136088.1400630
1785136088.1400630
1785136088.1400630
1785136088.1400630
1785136088.1400630
1785136088.1400630
1785136088.1400630
1785136088.1400630
1785136088.1400630
1785136088.1400630
1785136088.1400630
1785136088.1400630
1785136088.1400630
1785136088.1400630
1785136088.1400630
1785136088.1400630
1785136088.1400630
1785136088.1400630
1785136088.1400630
1785136088.1400630
1785136088.1402850
1785136088.1402850
1785136088.1402850
1785136088.1402850
1785136088.1402850
1785136088.1402850
1785136088.1402850
1785136088.1402850
1785136088.1402850
1785136088.1402850
1785136088.1402850
1785136088.1402850
1785136088.1402850
1785136088.1402850
1785136088.1402850
1785136088.1402850
1785136088.1402850
1785136088.1402850
1785136088.1402850
1785136088.1402850
1785136088.1402850
1785136088.1402850
1785136088.1402850
1785136088.1402850
1785136088.1402850
1785136088.1402850
1785136088.1402850
1785136088.1402850
1785136088.1402850
1785136088.1402850
1785136088.1402850
1785136088.1402850
1785136088.1402850
1785136088.1402850
1785136088.1402850
1785136088.1402850
1785136088.1402850
1785136088.1402850
1785136088.1402850
1785136088.1402850
1785136088.1402850
1785136088.1402850
1785136088.1402850
1785136088.1402850
1785136088.1402850
1785136088.1402850
1785136088.1402850
1785136088.1402850
1785136088.1402850
1785136088.1402850
1785136088.1402850
1785136088.1402850
1785136088.1405079
1785136088.1405079
1785136088.1405079
1785136088.1405079
1785136088.1405079
1785136088.1405079
1785136088.1405079
1785136088.1405079
1785136088.1405079
1785136088.1405079
1785136088.1405079
1785136088.1405079
1785136088.1405079
1785136088.1405079
1785136088.1405079
1785136088.1405079
1785136088.1405079
1785136088.1405079
1785136088.1405079
1785136088.1405079
1785136088.1405079
1785136088.1405079
1785136088.1405079
1785136088.1405079
1785136088.1405079
1785136088.1405079
1785136088.1405079
1785136088.1405079
1785136088.1405079
1785136088.1405079
1785136088.1405079
1785136088.1405079
1785136088.1405079
1785136088.1405079
1785136088.1405079
1785136088.1405079
1785136088.1405079
1785136088.1405079
1785136088.1405079
1785136088.1405079
1785136088.1405079
1785136088.1405079
1785136088.1405079
1785136088.1405079
1785136088.1405079
1785136088.1405079
1785136088.1405079
1785136088.1405079
1785136088.1405079
1785136088.1405079
1785136088.1405079
1785136088.1405079
1785136088.1407299
1785136088.1407299
1785136088.1407299
1785136088.1407299
1785136088.1407299
1785136088.1407299
1785136088.1407299
1785136088.1407299
1785136088.1407299
1785136088.1407299
1785136088.1407299
1785136088.1407299
1785136088.1407299
1785136088.1407299
1785136088.1407299
1785136088.1407299
1785136088.1407299
1785136088.1407299
1785136088.1407299
1785136088.1407299
1785136088.1407299
1785136088.1407299
1785136088.1407299
1785136088.1407299
1785136088.1407299
1785136088.1407299
1785136088.1407299
1785136088.1407299
1785136088.1407299
1785136088.1407299
1785136088.1407299
1785136088.1407299
1785136088.1407299
1785136088.1407299
1785136088.1407299
1785136088.1407299
1785136088.1407299
1785136088.1407299
1785136088.1407299
1785136088.1407299
1785136088.1407299
1785136088.1407299
1785136088.1407299
1785136088.1407299
1785136088.1407299
1785136088.1407299
1785136088.1407299
1785136088.1407299
1785136088.1407299
1785136088.1407299
1785136088.1407299
1785136088.1407299
1785136088.1409521
1785136088.1409521
1785136088.1409521
1785136088.1409521
1785136088.1409521
1785136088.1409521
1785136088.1409521
1785136088.1409521
1785136088.1409521
1785136088.1409521
1785136088.1409521
1785136088.1409521
1785136088.1409521
1785136088.1409521
1785136088.1409521
1785136088.1409521
1785136088.1409521
1785136088.1409521
1785136088.1409521
1785136088.1409521
1785136088.1409521
1785136088.1409521
1785136088.1409521
1785136088.1409521
1785136088.1409521
1785136088.1409521
1785136088.1409521
1785136088.1409521
1785136088.1409521
1785136088.1409521
1785136088.1409521
1785136088.1409521
1785136088.1409521
1785136088.1409521
1785136088.1409521
1785136088.1409521
1785136088.1409521
1785136088.1409521
1785136088.1409521
1785136088.1409521
1785136088.1409521
1785136088.1409521
1785136088.1409521
1785136088.1409521
1785136088.1409521
1785136088.1409521
1785136088.1409521
1785136088.1409521
1785136088.1409521
1785136088.1409521
1785136088.1409521
1785136088.1409521
1785136088.1411741
1785136088.1411741
1785136088.1411741
1785136088.1411741
1785136088.1411741
1785136088.1411741
1785136088.1411741
1785136088.1411741
1785136088.1411741
1785136088.1411741
1785136088.1411741
1785136088.1411741
1785136088.1411741
1785136088.1411741
1785136088.1411741
1785136088.1411741
1785136088.1411741
1785136088.1411741
1785136088.1411741
1785136088.1411741
1785136088.1411741
1785136088.1411741
1785136088.1411741
1785136088.1411741
1785136088.1411741
1785136088.1411741
1785136088.1411741
1785136088.1411741
1785136088.1411741
1785136088.1411741
1785136088.1411741
1785136088.1411741
1785136088.1411741
1785136088.1411741
1785136088.1411741
1785136088.1411741
1785136088.1411741
1785136088.1411741
1785136088.1411741
1785136088.1411741
1785136088.1411741
1785136088.1411741
1785136088.1411741
1785136088.1411741
1785136088.1411741
1785136088.1411741
1785136088.1411741
1785136088.1411741
1785136088.1411741
1785136088.1411741
1785136088.1411741
1785136088.1411741
1785136088.1413960
1785136088.1413960
1785136088.1413960
1785136088.1413960
1785136088.1413960
1785136088.1413960
1785136088.1413960
1785136088.1413960
1785136088.1413960
1785136088.1413960
1785136088.1413960
1785136088.1413960
1785136088.1413960
1785136088.1413960
1785136088.1413960
1785136088.1413960
1785136088.1413960
1785136088.1413960
1785136088.1413960
1785136088.1413960
1785136088.1413960
1785136088.1413960
1785136088.1413960
1785136088.1413960
1785136088.1413960
1785136088.1413960
1785136088.1413960
1785136088.1413960
1785136088.1413960
1785136088.1413960
1785136088.1413960
1785136088.1413960
1785136088.1413960
1785136088.1413960
1785136088.1413960
1785136088.1413960
1785136088.1413960
1785136088.1413960
1785136088.1413960
1785136088.1413960
1785136088.1413960
1785136088.1413960
1785136088.1413960
1785136088.1413960
1785136088.1413960
1785136088.1413960
1785136088.1413960
1785136088.1413960
1785136088.1413960
1785136088.1413960
1785136088.1413960
1785136088.1413960
1785136088.1416180
1785136088.1416180
1785136088.1416180
1785136088.1416180
1785136088.1416180
1785136088.1416180
1785136088.1416180
1785136088.1416180
1785136088.1416180
1785136088.1416180
1785136088.1416180
1785136088.1416180
1785136088.1416180
1785136088.1416180
1785136088.1416180
1785136088.1416180
1785136088.1416180
1785136088.1416180
1785136088.1416180
1785136088.1416180
1785136088.1416180
1785136088.1416180
1785136088.1416180
1785136088.1416180
1785136088.1416180
1785136088.1416180
1785136088.1416180
1785136088.1416180
1785136088.1416180
1785136088.1416180
1785136088.1416180
1785136088.1416180
1785136088.1416180
1785136088.1416180
1785136088.1416180
1785136088.1416180
1785136088.1416180
1785136088.1416180
1785136088.1416180
1785136088.1416180
1785136088.1416180
1785136088.1416180
1785136088.1416180
1785136088.1416180
1785136088.1416180
1785136088.1416180
1785136088.1416180
1785136088.1416180
1785136088.1416180
1785136088.1416180
1785136088.1416180
1785136088.1416180
1785136088.1418409
1785136088.1418409
1785136088.1418409
1785136088.1418409
1785136088.1418409
1785136088.1418409
1785136088.1418409
1785136088.1418409
1785136088.1418409
1785136088.1418409
1785136088.1418409
1785136088.1418409
1785136088.1418409
1785136088.1418409
1785136088.1418409
1785136088.1418409
1785136088.1418409
1785136088.1418409
1785136088.1418409
1785136088.1418409
1785136088.1418409
1785136088.1418409
1785136088.1418409
1785136088.1418409
1785136088.1418409
1785136088.1418409
1785136088.1418409
1785136088.1418409
1785136088.1418409
1785136088.1418409
1785136088.1418409
1785136088.1418409
1785136088.1418409
1785136088.1418409
1785136088.1418409
1785136088.1418409
1785136088.1418409
1785136088.1418409
1785136088.1418409
1785136088.1418409
1785136088.1418409
1785136088.1418409
1785136088.1418409
1785136088.1418409
1785136088.1418409
1785136088.1418409
1785136088.1418409
1785136088.1418409
1785136088.1418409
1785136088.1418409
1785136088.1418409
1785136088.1418409
1785136088.1420629
1785136088.1420629
1785136088.1420629
1785136088.1420629
1785136088.1420629
1785136088.1420629
1785136088.1420629
1785136088.1420629
1785136088.1420629
1785136088.1420629
1785136088.1420629
1785136088.1420629
1785136088.1420629
1785136088.1420629
1785136088.1420629
1785136088.1420629
1785136088.1420629
1785136088.1420629
1785136088.1420629
1785136088.1420629
1785136088.1420629
1785136088.1420629
1785136088.1420629
1785136088.1420629
1785136088.1420629
1785136088.1420629
1785136088.1420629
1785136088.1420629
1785136088.1420629
1785136088.1420629
1785136088.1420629
1785136088.1420629
1785136088.1420629
1785136088.1420629
1785136088.1420629
1785136088.1420629
1785136088.1420629
1785136088.1420629
1785136088.1420629
1785136088.1420629
1785136088.1420629
1785136088.1420629
1785136088.1420629
1785136088.1420629
1785136088.1420629
1785136088.1420629
1785136088.1420629
1785136088.1420629
1785136088.1420629
1785136088.1420629
1785136088.1420629
1785136088.1420629
1785136088.1422851
1785136088.1422851
1785136088.1422851
1785136088.1422851
1785136088.1422851
1785136088.1422851
1785136088.1422851
1785136088.1422851
1785136088.1422851
1785136088.1422851
1785136088.1422851
1785136088.1422851
1785136088.1422851
1785136088.1422851
1785136088.1422851
1785136088.1422851
1785136088.1422851
1785136088.1422851
1785136088.1422851
1785136088.1422851
1785136088.1422851
1785136088.1422851
1785136088.1422851
1785136088.1422851
1785136088.1422851
1785136088.1422851
1785136088.1422851
1785136088.1422851
1785136088.1422851
1785136088.1422851
1785136088.1422851
1785136088.1422851
1785136088.1422851
1785136088.1422851
1785136088.1422851
1785136088.1422851
1785136088.1422851
1785136088.1422851
1785136088.1422851
1785136088.1422851
1785136088.1422851
1785136088.1422851
1785136088.1422851
1785136088.1422851
1785136088.1422851
1785136088.1422851
1785136088.1422851
1785136088.1422851
1785136088.1422851
1785136088.1422851
1785136088.1422851
1785136088.1422851
1785136088.1425071
1785136088.1425071
1785136088.1425071
1785136088.1425071
1785136088.1425071
1785136088.1425071
1785136088.1425071
1785136088.1425071
1785136088.1425071
1785136088.1425071
1785136088.1425071
1785136088.1425071
1785136088.1425071
1785136088.1425071
1785136088.1425071
1785136088.1425071
1785136088.1425071
1785136088.1425071
1785136088.1425071
1785136088.1425071
1785136088.1425071
1785136088.1425071
1785136088.1425071
1785136088.1425071
1785136088.1425071
1785136088.1425071
1785136088.1425071
1785136088.1425071
1785136088.1425071
1785136088.1425071
1785136088.1425071
1785136088.1425071
1785136088.1425071
1785136088.1425071
1785136088.1425071
1785136088.1425071
1785136088.1425071
1785136088.1425071
1785136088.1425071
1785136088.1425071
1785136088.1425071
1785136088.1425071
1785136088.1425071
1785136088.1425071
1785136088.1425071
1785136088.1425071
1785136088.1425071
1785136088.1425071
1785136088.1425071
1785136088.1425071
1785136088.1425071
1785136088.1425071
1785136088.1427300
1785136088.1427300
1785136088.1427300
1785136088.1427300
1785136088.1427300
1785136088.1427300
1785136088.1427300
1785136088.1427300
1785136088.1427300
1785136088.1427300
1785136088.1427300
1785136088.1427300
1785136088.1427300
1785136088.1427300
1785136088.1427300
1785136088.1427300
1785136088.1427300
1785136088.1427300
1785136088.1427300
1785136088.1427300
1785136088.1427300
1785136088.1427300
1785136088.1427300
1785136088.1427300
1785136088.1427300
1785136088.1427300
1785136088.1427300
1785136088.1427300
1785136088.1427300
1785136088.1427300
1785136088.1427300
1785136088.1427300
1785136088.1427300
1785136088.1427300
1785136088.1427300
1785136088.1427300
1785136088.1427300
1785136088.1427300
1785136088.1427300
1785136088.1427300
1785136088.1427300
1785136088.1427300
1785136088.1427300
1785136088.1427300
1785136088.1427300
1785136088.1427300
1785136088.1427300
1785136088.1427300
1785136088.1427300
1785136088.1427300
1785136088.1427300
1785136088.1427300
1785136088.1429520
1785136088.1429520
1785136088.1429520
1785136088.1429520
1785136088.1429520
1785136088.1429520
1785136088.1429520
1785136088.1429520
1785136088.1429520
1785136088.1429520
1785136088.1429520
1785136088.1429520
1785136088.1429520
1785136088.1429520
1785136088.1429520
1785136088.1429520
1785136088.1429520
1785136088.1429520
1785136088.1429520
1785136088.1429520
1785136088.1429520
1785136088.1429520
1785136088.1429520
1785136088.1429520
1785136088.1429520
1785136088.1429520
1785136088.1429520
1785136088.1429520
1785136088.1429520
1785136088.1429520
1785136088.1429520
1785136088.1429520
1785136088.1429520
1785136088.1429520
1785136088.1429520
1785136088.1429520
1785136088.1429520
1785136088.1429520
1785136088.1429520
1785136088.1429520
1785136088.1429520
1785136088.1429520
1785136088.1429520
1785136088.1429520
1785136088.1429520
1785136088.1429520
1785136088.1429520
1785136088.1429520
1785136088.1429520
1785136088.1429520
1785136088.1429520
1785136088.1431739
1785136088.1431739
1785136088.1431739
1785136088.1431739
1785136088.1431739
1785136088.1431739
1785136088.1431739
1785136088.1431739
1785136088.1431739
1785136088.1431739
1785136088.1431739
1785136088.1431739
1785136088.1431739
1785136088.1431739
1785136088.1431739
1785136088.1431739
1785136088.1431739
1785136088.1431739
1785136088.1431739
1785136088.1431739
1785136088.1431739
1785136088.1431739
1785136088.1431739
1785136088.1431739
1785136088.1431739
1785136088.1431739
1785136088.1431739
1785136088.1431739
1785136088.1431739
1785136088.1431739
1785136088.1431739
1785136088.1431739
1785136088.1431739
1785136088.1431739
1785136088.1431739
1785136088.1431739
1785136088.1431739
1785136088.1431739
1785136088.1431739
1785136088.1431739
1785136088.1431739
1785136088.1431739
1785136088.1431739
1785136088.1431739
1785136088.1431739
1785136088.1431739
1785136088.1431739
1785136088.1431739
1785136088.1431739
1785136088.1431739
1785136088.1431739
1785136088.1433959
1785136088.1433959
1785136088.1433959
1785136088.1433959
1785136088.1433959
1785136088.1433959
1785136088.1433959
1785136088.1433959
1785136088.1433959
1785136088.1433959
1785136088.1433959
1785136088.1433959
1785136088.1433959
1785136088.1433959
1785136088.1433959
1785136088.1433959
1785136088.1433959
1785136088.1433959
1785136088.1433959
1785136088.1433959
1785136088.1433959
1785136088.1433959
1785136088.1433959
1785136088.1433959
1785136088.1433959
1785136088.1433959
1785136088.1433959
1785136088.1433959
1785136088.1433959
1785136088.1433959
1785136088.1433959
1785136088.1433959
1785136088.1433959
1785136088.1433959
1785136088.1433959
1785136088.1433959
1785136088.1433959
1785136088.1433959
1785136088.1433959
1785136088.1433959
1785136088.1433959
1785136088.1433959
1785136088.1433959
1785136088.1433959
1785136088.1433959
1785136088.1433959
1785136088.1433959
1785136088.1433959
1785136088.1433959
1785136088.1433959
1785136088.1433959
1785136088.1436181
1785136088.1436181
1785136088.1436181
1785136088.1436181
1785136088.1436181
1785136088.1436181
1785136088.1436181
1785136088.1436181
1785136088.1436181
1785136088.1436181
1785136088.1436181
1785136088.1436181
1785136088.1436181
1785136088.1436181
1785136088.1436181
1785136088.1436181
1785136088.1436181
1785136088.1436181
1785136088.1436181
1785136088.1436181
1785136088.1436181
1785136088.1436181
1785136088.1436181
1785136088.1436181
1785136088.1436181
1785136088.1436181
1785136088.1436181
1785136088.1436181
1785136088.1436181
1785136088.1436181
1785136088.1436181
1785136088.1436181
1785136088.1436181
1785136088.1436181
1785136088.1436181
1785136088.1436181
1785136088.1436181
1785136088.1436181
1785136088.1436181
1785136088.1436181
1785136088.1436181
1785136088.1436181
1785136088.1436181
1785136088.1436181
1785136088.1436181
1785136088.1436181
1785136088.1436181
1785136088.1436181
1785136088.1436181
1785136088.1436181
1785136088.1436181
1785136088.1438410
1785136088.1438410
1785136088.1438410
1785136088.1438410
1785136088.1438410
1785136088.1438410
1785136088.1438410
1785136088.1438410
1785136088.1438410
1785136088.1438410
1785136088.1438410
1785136088.1438410
1785136088.1438410
1785136088.1438410
1785136088.1438410
1785136088.1438410
1785136088.1438410
1785136088.1438410
1785136088.1438410
1785136088.1438410
1785136088.1438410
1785136088.1438410
1785136088.1438410
1785136088.1438410
1785136088.1438410
1785136088.1438410
1785136088.1438410
1785136088.1438410
1785136088.1438410
1785136088.1438410
1785136088.1438410
1785136088.1438410
1785136088.1438410
1785136088.1438410
1785136088.1438410
1785136088.1438410
1785136088.1438410
1785136088.1438410
1785136088.1438410
1785136088.1438410
1785136088.1438410
1785136088.1438410
1785136088.1438410
1785136088.1438410
1785136088.1438410
1785136088.1438410
1785136088.1438410
1785136088.1438410
1785136088.1438410
1785136088.1438410
1785136088.1438410
1785136088.1440630
1785136088.1440630
1785136088.1440630
1785136088.1440630
1785136088.1440630
1785136088.1440630
1785136088.1440630
1785136088.1440630
1785136088.1440630
1785136088.1440630
1785136088.1440630
1785136088.1440630
1785136088.1440630
1785136088.1440630
1785136088.1440630
1785136088.1440630
1785136088.1440630
1785136088.1440630
1785136088.1440630
1785136088.1440630
1785136088.1440630
1785136088.1440630
1785136088.1440630
1785136088.1440630
1785136088.1440630
1785136088.1440630
1785136088.1440630
1785136088.1440630
1785136088.1440630
1785136088.1440630
1785136088.1440630
1785136088.1440630
1785136088.1440630
1785136088.1440630
1785136088.1440630
1785136088.1440630
1785136088.1440630
1785136088.1440630
1785136088.1440630
1785136088.1440630
1785136088.1440630
1785136088.1440630
1785136088.1440630
1785136088.1440630
1785136088.1440630
1785136088.1440630
1785136088.1440630
1785136088.1440630
1785136088.1440630
1785136088.1440630
1785136088.1440630
1785136088.1442850
1785136088.1442850
1785136088.1442850
1785136088.1442850
1785136088.1442850
1785136088.1442850
1785136088.1442850
1785136088.1442850
1785136088.1442850
1785136088.1442850
1785136088.1442850
1785136088.1442850
1785136088.1442850
1785136088.1442850
1785136088.1442850
1785136088.1442850
1785136088.1442850
1785136088.1442850
1785136088.1442850
1785136088.1442850
1785136088.1442850
1785136088.1442850
1785136088.1442850
1785136088.1442850
1785136088.1442850
1785136088.1442850
1785136088.1442850
1785136088.1442850
1785136088.1442850
1785136088.1442850
1785136088.1442850
1785136088.1442850
1785136088.1442850
1785136088.1442850
1785136088.1442850
1785136088.1442850
1785136088.1442850
1785136088.1442850
1785136088.1442850
1785136088.1442850
1785136088.1442850
1785136088.1442850
1785136088.1442850
1785136088.1442850
1785136088.1442850
1785136088.1442850
1785136088.1442850
1785136088.1442850
1785136088.1442850
1785136088.1442850
1785136088.1442850
1785136088.1445069
1785136088.1445069
1785136088.1445069
1785136088.1445069
1785136088.1445069
1785136088.1445069
1785136088.1445069
1785136088.1445069
1785136088.1445069
1785136088.1445069
1785136088.1445069
1785136088.1445069
1785136088.1445069
1785136088.1445069
1785136088.1445069
1785136088.1445069
1785136088.1445069
1785136088.1445069
1785136088.1445069
1785136088.1445069
1785136088.1445069
1785136088.1445069
1785136088.1445069
1785136088.1445069
1785136088.1445069
1785136088.1445069
1785136088.1445069
1785136088.1445069
1785136088.1445069
1785136088.1445069
1785136088.1445069
1785136088.1445069
1785136088.1445069
1785136088.1445069
1785136088.1445069
1785136088.1445069
1785136088.1445069
1785136088.1445069
1785136088.1445069
1785136088.1445069
1785136088.1445069
1785136088.1445069
1785136088.1445069
1785136088.1445069
1785136088.1445069
1785136088.1445069
1785136088.1445069
1785136088.1445069
1785136088.1445069
1785136088.1445069
1785136088.1445069
1785136088.1447289
1785136088.1447289
1785136088.1447289
1785136088.1447289
1785136088.1447289
1785136088.1447289
1785136088.1447289
1785136088.1447289
1785136088.1447289
1785136088.1447289
1785136088.1447289
1785136088.1447289
1785136088.1447289
1785136088.1447289
1785136088.1447289
1785136088.1447289
1785136088.1447289
1785136088.1447289
1785136088.1447289
1785136088.1447289
1785136088.1447289
1785136088.1447289
1785136088.1447289
1785136088.1447289
1785136088.1447289
1785136088.1447289
1785136088.1447289
1785136088.1447289
1785136088.1447289
1785136088.1447289
1785136088.1447289
1785136088.1447289
1785136088.1447289
1785136088.1447289
1785136088.1447289
1785136088.1447289
1785136088.1447289
1785136088.1447289
1785136088.1447289
1785136088.1447289
1785136088.1447289
1785136088.1447289
1785136088.1447289
1785136088.1447289
1785136088.1447289
1785136088.1447289
1785136088.1447289
1785136088.1447289
1785136088.1447289
1785136088.1447289
1785136088.1449521
1785136088.1449521
1785136088.1449521
1785136088.1449521
1785136088.1449521
1785136088.1449521
1785136088.1449521
1785136088.1449521
1785136088.1449521
1785136088.1449521
1785136088.1449521
1785136088.1449521
1785136088.1449521
1785136088.1449521
1785136088.1449521
1785136088.1449521
1785136088.1449521
1785136088.1449521
1785136088.1449521
1785136088.1449521
1785136088.1449521
1785136088.1449521
1785136088.1449521
1785136088.1449521
1785136088.1449521
1785136088.1449521
1785136088.1449521
1785136088.1449521
1785136088.1449521
1785136088.1449521
1785136088.1449521
1785136088.1449521
1785136088.1449521
1785136088.1449521
1785136088.1449521
1785136088.1449521
1785136088.1449521
1785136088.1449521
1785136088.1449521
1785136088.1449521
1785136088.1449521
1785136088.1449521
1785136088.1449521
1785136088.1449521
1785136088.1449521
1785136088.1449521
1785136088.1449521
1785136088.1449521
1785136088.1449521
1785136088.1449521
1785136088.1451740
1785136088.1451740
1785136088.1451740
1785136088.1451740
1785136088.1451740
1785136088.1451740
1785136088.1451740
1785136088.1451740
1785136088.1451740
1785136088.1451740
1785136088.1451740
1785136088.1451740
1785136088.1451740
1785136088.1451740
1785136088.1451740
1785136088.1451740
1785136088.1451740
1785136088.1451740
1785136088.1451740
1785136088.1451740
1785136088.1451740
1785136088.1451740
1785136088.1451740
1785136088.1451740
1785136088.1451740
1785136088.1451740
1785136088.1451740
1785136088.1451740
1785136088.1451740
1785136088.1451740
1785136088.1451740
1785136088.1451740
1785136088.1451740
1785136088.1451740
1785136088.1451740
1785136088.1451740
1785136088.1451740
1785136088.1451740
1785136088.1451740
1785136088.1451740
1785136088.1451740
1785136088.1451740
1785136088.1451740
1785136088.1451740
1785136088.1451740
1785136088.1451740
1785136088.1451740
1785136088.1451740
1785136088.1451740
1785136088.1451740
1785136088.1453960
1785136088.1453960
1785136088.1453960
1785136088.1453960
1785136088.1453960
1785136088.1453960
1785136088.1453960
1785136088.1453960
1785136088.1453960
1785136088.1453960
1785136088.1453960
1785136088.1453960
1785136088.1453960
1785136088.1453960
1785136088.1453960
1785136088.1453960
1785136088.1453960
1785136088.1453960
1785136088.1453960
1785136088.1453960
1785136088.1453960
1785136088.1453960
1785136088.1453960
1785136088.1453960
1785136088.1453960
1785136088.1453960
1785136088.1453960
1785136088.1453960
1785136088.1453960
1785136088.1453960
1785136088.1453960
1785136088.1453960
1785136088.1453960
1785136088.1453960
1785136088.1453960
1785136088.1453960
1785136088.1453960
1785136088.1453960
1785136088.1453960
1785136088.1453960
1785136088.1453960
1785136088.1453960
1785136088.1453960
1785136088.1453960
1785136088.1453960
1785136088.1453960
1785136088.1453960
1785136088.1453960
1785136088.1453960
1785136088.1453960
1785136088.1456180
1785136088.1456180
1785136088.1456180
1785136088.1456180
1785136088.1456180
1785136088.1456180
1785136088.1456180
1785136088.1456180
1785136088.1456180
1785136088.1456180
1785136088.1456180
1785136088.1456180
1785136088.1456180
1785136088.1456180
1785136088.1456180
1785136088.1456180
1785136088.1456180
1785136088.1456180
1785136088.1456180
1785136088.1456180
1785136088.1456180
1785136088.1456180
1785136088.1456180
1785136088.1456180
1785136088.1456180
1785136088.1456180
1785136088.1456180
1785136088.1456180
1785136088.1456180
1785136088.1456180
1785136088.1456180
1785136088.1456180
1785136088.1456180
1785136088.1456180
1785136088.1456180
1785136088.1456180
1785136088.1456180
1785136088.1456180
1785136088.1456180
1785136088.1456180
1785136088.1456180
1785136088.1456180
1785136088.1456180
1785136088.1456180
1785136088.1456180
1785136088.1456180
1785136088.1456180
1785136088.1456180
1785136088.1456180
1785136088.1456180
1785136088.1458399
1785136088.1458399
1785136088.1458399
1785136088.1458399
1785136088.1458399
1785136088.1458399
1785136088.1458399
1785136088.1458399
1785136088.1458399
1785136088.1458399
1785136088.1458399
1785136088.1458399
1785136088.1458399
1785136088.1458399
1785136088.1458399
1785136088.1458399
1785136088.1458399
1785136088.1458399
1785136088.1458399
1785136088.1458399
1785136088.1458399
1785136088.1458399
1785136088.1458399
1785136088.1458399
1785136088.1458399
1785136088.1458399
1785136088.1458399
1785136088.1458399
1785136088.1458399
1785136088.1458399
1785136088.1458399
1785136088.1458399
1785136088.1458399
1785136088.1458399
1785136088.1458399
1785136088.1458399
1785136088.1458399
1785136088.1458399
1785136088.1458399
1785136088.1458399
1785136088.1458399
1785136088.1458399
1785136088.1458399
1785136088.1458399
1785136088.1458399
1785136088.1458399
1785136088.1458399
1785136088.1458399
1785136088.1458399
1785136088.1458399
1785136088.1460631
1785136088.1460631
1785136088.1460631
1785136088.1460631
1785136088.1460631
1785136088.1460631
1785136088.1460631
1785136088.1460631
1785136088.1460631
1785136088.1460631
1785136088.1460631
1785136088.1460631
1785136088.1460631
1785136088.1460631
1785136088.1460631
1785136088.1460631
1785136088.1460631
1785136088.1460631
1785136088.1460631
1785136088.1460631
1785136088.1460631
1785136088.1460631
1785136088.1460631
1785136088.1460631
1785136088.1460631
1785136088.1460631
1785136088.1460631
1785136088.1460631
1785136088.1460631
1785136088.1460631
1785136088.1460631
1785136088.1460631
1785136088.1460631
1785136088.1460631
1785136088.1460631
1785136088.1460631
1785136088.1460631
1785136088.1460631
1785136088.1460631
1785136088.1460631
1785136088.1460631
1785136088.1460631
1785136088.1460631
1785136088.1460631
1785136088.1460631
1785136088.1460631
1785136088.1460631
1785136088.1460631
1785136088.1460631
1785136088.1460631
1785136088.1462851
1785136088.1462851
1785136088.1462851
1785136088.1462851
1785136088.1462851
1785136088.1462851
1785136088.1462851
1785136088.1462851
1785136088.1462851
1785136088.1462851
1785136088.1462851
1785136088.1462851
1785136088.1462851
1785136088.1462851
1785136088.1462851
1785136088.1462851
1785136088.1462851
1785136088.1462851
1785136088.1462851
1785136088.1462851
1785136088.1462851
1785136088.1462851
1785136088.1462851
1785136088.1462851
1785136088.1462851
1785136088.1462851
1785136088.1462851
1785136088.1462851
1785136088.1462851
1785136088.1462851
1785136088.1462851
1785136088.1462851
1785136088.1462851
1785136088.1462851
1785136088.1462851
1785136088.1462851
1785136088.1462851
1785136088.1462851
1785136088.1462851
1785136088.1462851
1785136088.1462851
1785136088.1462851
1785136088.1462851
1785136088.1462851
1785136088.1462851
1785136088.1462851
1785136088.1462851
1785136088.1462851
1785136088.1462851
1785136088.1462851
1785136088.1465070
1785136088.1465070
1785136088.1465070
1785136088.1465070
1785136088.1465070
1785136088.1465070
1785136088.1465070
1785136088.1465070
1785136088.1465070
1785136088.1465070
1785136088.1465070
1785136088.1465070
1785136088.1465070
1785136088.1465070
1785136088.1465070
1785136088.1465070
1785136088.1465070
1785136088.1465070
1785136088.1465070
1785136088.1465070
1785136088.1465070
1785136088.1465070
1785136088.1465070
1785136088.1465070
1785136088.1465070
1785136088.1465070
1785136088.1465070
1785136088.1465070
1785136088.1465070
1785136088.1465070
1785136088.1465070
1785136088.1465070
1785136088.1465070
1785136088.1465070
1785136088.1465070
1785136088.1465070
1785136088.1465070
1785136088.1465070
1785136088.1465070
1785136088.1465070
1785136088.1465070
1785136088.1465070
1785136088.1465070
1785136088.1465070
1785136088.1465070
1785136088.1465070
1785136088.1465070
1785136088.1465070
1785136088.1465070
1785136088.1467290
1785136088.1467290
1785136088.1467290
1785136088.1467290
1785136088.1467290
1785136088.1467290
1785136088.1467290
1785136088.1467290
1785136088.1467290
1785136088.1467290
1785136088.1467290
1785136088.1467290
1785136088.1467290
1785136088.1467290
1785136088.1467290
1785136088.1467290
1785136088.1467290
1785136088.1467290
1785136088.1467290
1785136088.1467290
1785136088.1467290
1785136088.1467290
1785136088.1467290
1785136088.1467290
1785136088.1467290
1785136088.1467290
1785136088.1467290
1785136088.1467290
1785136088.1467290
1785136088.1467290
1785136088.1467290
1785136088.1467290
1785136088.1467290
1785136088.1467290
1785136088.1467290
1785136088.1467290
1785136088.1467290
1785136088.1467290
1785136088.1467290
1785136088.1467290
1785136088.1467290
1785136088.1467290
1785136088.1467290
1785136088.1467290
1785136088.1467290
1785136088.1467290
1785136088.1467290
1785136088.1467290
1785136088.1467290
1785136088.1469510
1785136088.1469510
1785136088.1469510
1785136088.1469510
1785136088.1469510
1785136088.1469510
1785136088.1469510
1785136088.1469510
1785136088.1469510
1785136088.1469510
1785136088.1469510
1785136088.1469510
1785136088.1469510
1785136088.1469510
1785136088.1469510
1785136088.1469510
1785136088.1469510
1785136088.1469510
1785136088.1469510
1785136088.1469510
1785136088.1469510
1785136088.1469510
1785136088.1469510
1785136088.1469510
1785136088.1469510
1785136088.1469510
1785136088.1469510
1785136088.1469510
1785136088.1469510
1785136088.1469510
1785136088.1469510
1785136088.1469510
1785136088.1469510
1785136088.1469510
1785136088.1469510
1785136088.1469510
1785136088.1469510
1785136088.1469510
1785136088.1469510
1785136088.1469510
1785136088.1469510
1785136088.1469510
1785136088.1469510
1785136088.1469510
1785136088.1469510
1785136088.1469510
1785136088.1469510
1785136088.1469510
1785136088.1469510
1785136088.1471739
1785136088.1471739
1785136088.1471739
1785136088.1471739
1785136088.1471739
1785136088.1471739
1785136088.1471739
1785136088.1471739
1785136088.1471739
1785136088.1471739
1785136088.1471739
1785136088.1471739
1785136088.1471739
1785136088.1471739
1785136088.1471739
1785136088.1471739
1785136088.1471739
1785136088.1471739
1785136088.1471739
1785136088.1471739
1785136088.1471739
1785136088.1471739
1785136088.1471739
1785136088.1471739
1785136088.1471739
1785136088.1471739
1785136088.1471739
1785136088.1471739
1785136088.1471739
1785136088.1471739
1785136088.1471739
1785136088.1471739
1785136088.1471739
1785136088.1471739
1785136088.1471739
1785136088.1471739
1785136088.1471739
1785136088.1471739
1785136088.1471739
1785136088.1471739
1785136088.1471739
1785136088.1471739
1785136088.1471739
1785136088.1471739
1785136088.1471739
1785136088.1471739
1785136088.1471739
1785136088.1471739
1785136088.1471739
1785136088.1473961
1785136088.1473961
1785136088.1473961
1785136088.1473961
1785136088.1473961
1785136088.1473961
1785136088.1473961
1785136088.1473961
1785136088.1473961
1785136088.1473961
1785136088.1473961
1785136088.1473961
1785136088.1473961
1785136088.1473961
1785136088.1473961
1785136088.1473961
1785136088.1473961
1785136088.1473961
1785136088.1473961
1785136088.1473961
1785136088.1473961
1785136088.1473961
1785136088.1473961
1785136088.1473961
1785136088.1473961
1785136088.1473961
1785136088.1473961
1785136088.1473961
1785136088.1473961
1785136088.1473961
1785136088.1473961
1785136088.1473961
1785136088.1473961
1785136088.1473961
1785136088.1473961
1785136088.1473961
1785136088.1473961
1785136088.1473961
1785136088.1473961
1785136088.1473961
1785136088.1473961
1785136088.1473961
1785136088.1473961
1785136088.1473961
1785136088.1473961
1785136088.1473961
1785136088.1473961
1785136088.1473961
1785136088.1473961
1785136088.1476181
1785136088.1476181
1785136088.1476181
1785136088.1476181
1785136088.1476181
1785136088.1476181
1785136088.1476181
1785136088.1476181
1785136088.1476181
1785136088.1476181
1785136088.1476181
1785136088.1476181
1785136088.1476181
1785136088.1476181
1785136088.1476181
1785136088.1476181
1785136088.1476181
1785136088.1476181
1785136088.1476181
1785136088.1476181
1785136088.1476181
1785136088.1476181
1785136088.1476181
1785136088.1476181
1785136088.1476181
1785136088.1476181
1785136088.1476181
1785136088.1476181
1785136088.1476181
1785136088.1476181
1785136088.1476181
1785136088.1476181
1785136088.1476181
1785136088.1476181
1785136088.1476181
1785136088.1476181
1785136088.1476181
1785136088.1476181
1785136088.1476181
1785136088.1476181
1785136088.1476181
1785136088.1476181
1785136088.1476181
1785136088.1476181
1785136088.1476181
1785136088.1476181
1785136088.1476181
1785136088.1476181
1785136088.1476181
1785136088.1478400
1785136088.1478400
1785136088.1478400
1785136088.1478400
1785136088.1478400
1785136088.1478400
1785136088.1478400
1785136088.1478400
1785136088.1478400
1785136088.1478400
1785136088.1478400
1785136088.1478400
1785136088.1478400
1785136088.1478400
1785136088.1478400
1785136088.1478400
1785136088.1478400
1785136088.1478400
1785136088.1478400
1785136088.1478400
1785136088.1478400
1785136088.1478400
1785136088.1478400
1785136088.1478400
1785136088.1478400
1785136088.1478400
1785136088.1478400
1785136088.1478400
1785136088.1478400
1785136088.1478400
1785136088.1478400
1785136088.1478400
1785136088.1478400
1785136088.1478400
1785136088.1478400
1785136088.1478400
1785136088.1478400
1785136088.1478400
1785136088.1478400
1785136088.1478400
1785136088.1478400
1785136088.1478400
1785136088.1478400
1785136088.1478400
1785136088.1478400
1785136088.1478400
1785136088.1478400
1785136088.1478400
1785136088.1478400
1785136088.1480620
1785136088.1480620
1785136088.1480620
1785136088.1480620
1785136088.1480620
1785136088.1480620
1785136088.1480620
1785136088.1480620
1785136088.1480620
1785136088.1480620
1785136088.1480620
1785136088.1480620
1785136088.1480620
1785136088.1480620
1785136088.1480620
1785136088.1480620
1785136088.1480620
1785136088.1480620
1785136088.1480620
1785136088.1480620
1785136088.1480620
1785136088.1480620
1785136088.1480620
1785136088.1480620
1785136088.1480620
1785136088.1480620
1785136088.1480620
1785136088.1480620
1785136088.1480620
1785136088.1480620
1785136088.1480620
1785136088.1480620
1785136088.1480620
1785136088.1480620
1785136088.1480620
1785136088.1480620
1785136088.1480620
1785136088.1480620
1785136088.1480620
1785136088.1480620
1785136088.1480620
1785136088.1480620
1785136088.1480620
1785136088.1480620
1785136088.1480620
1785136088.1480620
1785136088.1480620
1785136088.1480620
1785136088.1482849
1785136088.1482849
1785136088.1482849
1785136088.1482849
1785136088.1482849
1785136088.1482849
1785136088.1482849
1785136088.1482849
1785136088.1482849
1785136088.1482849
1785136088.1482849
1785136088.1482849
1785136088.1482849
1785136088.1482849
1785136088.1482849
1785136088.1482849
1785136088.1482849
1785136088.1482849
1785136088.1482849
1785136088.1482849
1785136088.1482849
1785136088.1482849
1785136088.1482849
1785136088.1482849
1785136088.1482849
1785136088.1482849
1785136088.1482849
1785136088.1482849
1785136088.1482849
1785136088.1482849
1785136088.1482849
1785136088.1482849
1785136088.1482849
1785136088.1482849
1785136088.1482849
1785136088.1482849
1785136088.1482849
1785136088.1482849
1785136088.1482849
1785136088.1482849
1785136088.1482849
1785136088.1482849
1785136088.1482849
1785136088.1482849
1785136088.1482849
1785136088.1482849
1785136088.1482849
1785136088.1482849
1785136088.1485071
1785136088.1485071
1785136088.1485071
1785136088.1485071
1785136088.1485071
1785136088.1485071
1785136088.1485071
1785136088.1485071
1785136088.1485071
1785136088.1485071
1785136088.1485071
1785136088.1485071
1785136088.1485071
1785136088.1485071
1785136088.1485071
1785136088.1485071
1785136088.1485071
1785136088.1485071
1785136088.1485071
1785136088.1485071
1785136088.1485071
1785136088.1485071
1785136088.1485071
1785136088.1485071
1785136088.1485071
1785136088.1485071
1785136088.1485071
1785136088.1485071
1785136088.1485071
1785136088.1485071
1785136088.1485071
1785136088.1485071
1785136088.1485071
1785136088.1485071
1785136088.1485071
1785136088.1485071
1785136088.1485071
1785136088.1485071
1785136088.1485071
1785136088.1485071
1785136088.1485071
1785136088.1485071
1785136088.1485071
1785136088.1485071
1785136088.1485071
1785136088.1485071
1785136088.1485071
1785136088.1485071
1785136088.1487291
1785136088.1487291
1785136088.1487291
1785136088.1487291
1785136088.1487291
1785136088.1487291
1785136088.1487291
1785136088.1487291
1785136088.1487291
1785136088.1487291
1785136088.1487291
1785136088.1487291
1785136088.1487291
1785136088.1487291
1785136088.1487291
1785136088.1487291
1785136088.1487291
1785136088.1487291
1785136088.1487291
1785136088.1487291
1785136088.1487291
1785136088.1487291
1785136088.1487291
1785136088.1487291
1785136088.1487291
1785136088.1487291
1785136088.1487291
1785136088.1487291
1785136088.1487291
1785136088.1487291
1785136088.1487291
1785136088.1487291
1785136088.1487291
1785136088.1487291
1785136088.1487291
1785136088.1487291
1785136088.1487291
1785136088.1487291
1785136088.1487291
1785136088.1487291
1785136088.1487291
1785136088.1487291
1785136088.1487291
1785136088.1487291
1785136088.1487291
1785136088.1487291
1785136088.1487291
1785136088.1487291
1785136088.1489511
1785136088.1489511
1785136088.1489511
1785136088.1489511
1785136088.1489511
1785136088.1489511
1785136088.1489511
1785136088.1489511
1785136088.1489511
1785136088.1489511
1785136088.1489511
1785136088.1489511
1785136088.1489511
1785136088.1489511
1785136088.1489511
1785136088.1489511
1785136088.1489511
1785136088.1489511
1785136088.1489511
1785136088.1489511
1785136088.1489511
1785136088.1489511
1785136088.1489511
1785136088.1489511
1785136088.1489511
1785136088.1489511
1785136088.1489511
1785136088.1489511
1785136088.1489511
1785136088.1489511
1785136088.1489511
1785136088.1489511
1785136088.1489511
1785136088.1489511
1785136088.1489511
1785136088.1489511
1785136088.1489511
1785136088.1489511
1785136088.1489511
1785136088.1489511
1785136088.1489511
1785136088.1489511
1785136088.1489511
1785136088.1489511
1785136088.1489511
1785136088.1489511
1785136088.1489511
1785136088.1489511
1785136088.1491730
1785136088.1491730
1785136088.1491730
1785136088.1491730
1785136088.1491730
1785136088.1491730
1785136088.1491730
1785136088.1491730
1785136088.1491730
1785136088.1491730
1785136088.1491730
1785136088.1491730
1785136088.1491730
1785136088.1491730
1785136088.1491730
1785136088.1491730
1785136088.1491730
1785136088.1491730
1785136088.1491730
1785136088.1491730
1785136088.1491730
1785136088.1491730
1785136088.1491730
1785136088.1491730
1785136088.1491730
1785136088.1491730
1785136088.1491730
1785136088.1491730
1785136088.1491730
1785136088.1491730
1785136088.1491730
1785136088.1491730
1785136088.1491730
1785136088.1491730
1785136088.1491730
1785136088.1491730
1785136088.1491730
1785136088.1491730
1785136088.1491730
1785136088.1491730
1785136088.1491730
1785136088.1491730
1785136088.1491730
1785136088.1491730
1785136088.1491730
1785136088.1491730
1785136088.1491730
1785136088.1491730
1785136088.1493959
1785136088.1493959
1785136088.1493959
1785136088.1493959
1785136088.1493959
1785136088.1493959
1785136088.1493959
1785136088.1493959
1785136088.1493959
1785136088.1493959
1785136088.1493959
1785136088.1493959
1785136088.1493959
1785136088.1493959
1785136088.1493959
1785136088.1493959
1785136088.1493959
1785136088.1493959
1785136088.1493959
1785136088.1493959
1785136088.1493959
1785136088.1493959
1785136088.1493959
1785136088.1493959
1785136088.1493959
1785136088.1493959
1785136088.1493959
1785136088.1493959
1785136088.1493959
1785136088.1493959
1785136088.1493959
1785136088.1493959
1785136088.1493959
1785136088.1493959
1785136088.1493959
1785136088.1493959
1785136088.1493959
1785136088.1493959
1785136088.1493959
1785136088.1493959
1785136088.1493959
1785136088.1493959
1785136088.1493959
1785136088.1493959
1785136088.1493959
1785136088.1493959
1785136088.1493959
1785136088.1493959
1785136088.1493959
1785136088.1496179
1785136088.1496179
1785136088.1496179
1785136088.1496179
1785136088.1496179
1785136088.1496179
1785136088.1496179
1785136088.1496179
1785136088.1496179
1785136088.1496179
1785136088.1496179
1785136088.1496179
1785136088.1496179
1785136088.1496179
1785136088.1496179
1785136088.1496179
1785136088.1496179
1785136088.1496179
1785136088.1496179
1785136088.1496179
1785136088.1496179
1785136088.1496179
1785136088.1496179
1785136088.1496179
1785136088.1496179
1785136088.1496179
1785136088.1496179
1785136088.1496179
1785136088.1496179
1785136088.1496179
1785136088.1496179
1785136088.1496179
1785136088.1496179
1785136088.1496179
1785136088.1496179
1785136088.1496179
1785136088.1496179
1785136088.1496179
1785136088.1496179
1785136088.1496179
1785136088.1496179
1785136088.1496179
1785136088.1496179
1785136088.1496179
1785136088.1496179
1785136088.1496179
1785136088.1496179
1785136088.1496179
1785136088.1496179
1785136088.1496179
1785136088.1498401
1785136088.1498401
1785136088.1498401
1785136088.1498401
1785136088.1498401
1785136088.1498401
1785136088.1498401
1785136088.1498401
1785136088.1498401
1785136088.1498401
1785136088.1498401
1785136088.1498401
1785136088.1498401
1785136088.1498401
1785136088.1498401
1785136088.1498401
1785136088.1498401
1785136088.1498401
1785136088.1498401
1785136088.1498401
1785136088.1498401
1785136088.1498401
1785136088.1498401
1785136088.1498401
1785136088.1498401
1785136088.1498401
1785136088.1498401
1785136088.1498401
1785136088.1498401
1785136088.1498401
1785136088.1498401
1785136088.1498401
1785136088.1498401
1785136088.1498401
1785136088.1498401
1785136088.1498401
1785136088.1498401
1785136088.1498401
1785136088.1498401
1785136088.1498401
1785136088.1498401
1785136088.1498401
1785136088.1498401
1785136088.1498401
1785136088.1498401
1785136088.1498401
1785136088.1498401
1785136088.1498401
1785136088.1498401
1785136088.1498401
1785136088.1500621
1785136088.1500621
1785136088.1500621
1785136088.1500621
1785136088.1500621
1785136088.1500621
1785136088.1500621
1785136088.1500621
1785136088.1500621
1785136088.1500621
1785136088.1500621
1785136088.1500621
1785136088.1500621
1785136088.1500621
1785136088.1500621
1785136088.1500621
1785136088.1500621
1785136088.1500621
1785136088.1500621
1785136088.1500621
1785136088.1500621
1785136088.1500621
1785136088.1500621
1785136088.1500621
1785136088.1500621
1785136088.1500621
1785136088.1500621
1785136088.1500621
1785136088.1500621
1785136088.1500621
1785136088.1500621
1785136088.1500621
1785136088.1500621
1785136088.1500621
1785136088.1500621
1785136088.1500621
1785136088.1500621
1785136088.1500621
1785136088.1500621
1785136088.1500621
1785136088.1500621
1785136088.1500621
1785136088.1500621
1785136088.1500621
1785136088.1500621
1785136088.1500621
1785136088.1500621
1785136088.1500621
1785136088.1500621
1785136088.1500621
1785136088.1502850
1785136088.1502850
1785136088.1502850
1785136088.1502850
1785136088.1502850
1785136088.1502850
1785136088.1502850
1785136088.1502850
1785136088.1502850
1785136088.1502850
1785136088.1502850
1785136088.1502850
1785136088.1502850
1785136088.1502850
1785136088.1502850
1785136088.1502850
1785136088.1502850
1785136088.1502850
1785136088.1502850
1785136088.1502850
1785136088.1502850
1785136088.1502850
1785136088.1502850
1785136088.1502850
1785136088.1502850
1785136088.1502850
1785136088.1502850
1785136088.1502850
1785136088.1502850
1785136088.1502850
1785136088.1502850
1785136088.1502850
1785136088.1502850
1785136088.1502850
1785136088.1502850
1785136088.1502850
1785136088.1502850
1785136088.1502850
1785136088.1502850
1785136088.1502850
1785136088.1502850
1785136088.1502850
1785136088.1502850
1785136088.1502850
1785136088.1502850
1785136088.1502850
1785136088.1502850
1785136088.1502850
1785136088.1502850
1785136088.1505070
1785136088.1505070
1785136088.1505070
1785136088.1505070
1785136088.1505070
1785136088.1505070
1785136088.1505070
1785136088.1505070
1785136088.1505070
1785136088.1505070
1785136088.1505070
1785136088.1505070
1785136088.1505070
1785136088.1505070
1785136088.1505070
1785136088.1505070
1785136088.1505070
1785136088.1505070
1785136088.1505070
1785136088.1505070
1785136088.1505070
1785136088.1505070
1785136088.1505070
1785136088.1505070
1785136088.1505070
1785136088.1505070
1785136088.1505070
1785136088.1505070
1785136088.1505070
1785136088.1505070
1785136088.1505070
1785136088.1505070
1785136088.1505070
1785136088.1505070
1785136088.1505070
1785136088.1505070
1785136088.1505070
1785136088.1505070
1785136088.1505070
1785136088.1505070
1785136088.1505070
1785136088.1505070
1785136088.1505070
1785136088.1505070
1785136088.1507289
1785136088.1507289
1785136088.1507289
1785136088.1507289
1785136088.1507289
1785136088.1507289
1785136088.1507289
1785136088.1507289
1785136088.1507289
1785136088.1507289
1785136088.1507289
1785136088.1507289
1785136088.1507289
1785136088.1507289
1785136088.1507289
1785136088.1507289
1785136088.1507289
1785136088.1507289
1785136088.1507289
1785136088.1507289
1785136088.1507289
1785136088.1507289
1785136088.1507289
1785136088.1507289
1785136088.1507289
1785136088.1507289
1785136088.1507289
1785136088.1507289
1785136088.1507289
1785136088.1507289
1785136088.1507289
1785136088.1507289
1785136088.1507289
1785136088.1507289
1785136088.1507289
1785136088.1507289
1785136088.1507289
1785136088.1507289
1785136088.1507289
1785136088.1507289
1785136088.1507289
1785136088.1507289
1785136088.1507289
1785136088.1509509
1785136088.1509509
1785136088.1509509
1785136088.1509509
1785136088.1509509
1785136088.1509509
1785136088.1509509
1785136088.1509509
1785136088.1509509
1785136088.1509509
1785136088.1509509
1785136088.1509509
1785136088.1509509
1785136088.1509509
1785136088.1509509
1785136088.1509509
1785136088.1509509
1785136088.1509509
1785136088.1509509
1785136088.1509509
1785136088.1509509
1785136088.1509509
1785136088.1509509
1785136088.1509509
1785136088.1509509
1785136088.1509509
1785136088.1509509
1785136088.1509509
1785136088.1509509
1785136088.1509509
1785136088.1509509
1785136088.1509509
1785136088.1509509
1785136088.1509509
1785136088.1509509
1785136088.1509509
1785136088.1509509
1785136088.1509509
1785136088.1509509
1785136088.1509509
1785136088.1509509
1785136088.1511731
1785136088.1511731
1785136088.1511731
1785136088.1511731
1785136088.1511731
1785136088.1511731
1785136088.1511731
1785136088.1511731
1785136088.1511731
1785136088.1511731
1785136088.1511731
1785136088.1511731
1785136088.1511731
1785136088.1511731
1785136088.1511731
1785136088.1511731
1785136088.1511731
1785136088.1511731
1785136088.1511731
1785136088.1511731
1785136088.1511731
1785136088.1511731
1785136088.1511731
1785136088.1511731
1785136088.1511731
1785136088.1511731
1785136088.1511731
1785136088.1511731
1785136088.1511731
1785136088.1511731
1785136088.1511731
1785136088.1511731
1785136088.1511731
1785136088.1511731
1785136088.1511731
1785136088.1511731
1785136088.1511731
1785136088.1511731
1785136088.1511731
1785136088.1511731
1785136088.1511731
1785136088.1511731
1785136088.1511731
1785136088.1513951
1785136088.1513951
1785136088.1513951
1785136088.1513951
1785136088.1513951
1785136088.1513951
1785136088.1513951
1785136088.1513951
1785136088.1513951
1785136088.1513951
1785136088.1513951
1785136088.1513951
1785136088.1513951
1785136088.1513951
1785136088.1513951
1785136088.1513951
1785136088.1513951
1785136088.1513951
1785136088.1513951
1785136088.1513951
1785136088.1513951
1785136088.1513951
1785136088.1513951
1785136088.1513951
1785136088.1513951
1785136088.1513951
1785136088.1513951
1785136088.1513951
1785136088.1513951
1785136088.1513951
1785136088.1513951
1785136088.1513951
1785136088.1513951
1785136088.1513951
1785136088.1513951
1785136088.1513951
1785136088.1513951
1785136088.1513951
1785136088.1513951
1785136088.1513951
1785136088.1513951
1785136088.1513951
1785136088.1513951
1785136088.1513951
1785136088.1516180
1785136088.1516180
1785136088.1516180
1785136088.1516180
1785136088.1516180
1785136088.1516180
1785136088.1516180
1785136088.1516180
1785136088.1516180
1785136088.1516180
1785136088.1516180
1785136088.1516180
1785136088.1516180
1785136088.1516180
1785136088.1516180
1785136088.1516180
1785136088.1516180
1785136088.1516180
1785136088.1516180
1785136088.1516180
1785136088.1516180
1785136088.1516180
1785136088.1516180
1785136088.1516180
1785136088.1516180
1785136088.1516180
1785136088.1516180
1785136088.1516180
1785136088.1516180
1785136088.1516180
1785136088.1516180
1785136088.1516180
1785136088.1516180
1785136088.1516180
1785136088.1516180
1785136088.1516180
1785136088.1516180
1785136088.1516180
1785136088.1516180
1785136088.1516180
1785136088.1516180
1785136088.1516180
1785136088.1516180
1785136088.1516180
1785136088.1516180
1785136088.1518400
1785136088.1518400
1785136088.1518400
1785136088.1518400
1785136088.1518400
1785136088.1518400
1785136088.1518400
1785136088.1518400
1785136088.1518400
1785136088.1518400
1785136088.1518400
1785136088.1518400
1785136088.1518400
1785136088.1518400
1785136088.1518400
1785136088.1518400
1785136088.1518400
1785136088.1518400
1785136088.1518400
1785136088.1518400
1785136088.1518400
1785136088.1518400
1785136088.1518400
1785136088.1518400
1785136088.1518400
1785136088.1518400
1785136088.1518400
1785136088.1518400
1785136088.1518400
1785136088.1518400
1785136088.1518400
1785136088.1518400
1785136088.1518400
1785136088.1518400
1785136088.1518400
1785136088.1518400
1785136088.1518400
1785136088.1518400
1785136088.1518400
1785136088.1518400
1785136088.1518400
1785136088.1518400
1785136088.1518400
1785136088.1518400
1785136088.1518400
1785136088.1520619
1785136088.1520619
1785136088.1520619
1785136088.1520619
1785136088.1520619
1785136088.1520619
1785136088.1520619
1785136088.1520619
1785136088.1520619
1785136088.1520619
1785136088.1520619
1785136088.1520619
1785136088.1520619
1785136088.1520619
1785136088.1520619
1785136088.1520619
1785136088.1520619
1785136088.1520619
1785136088.1520619
1785136088.1520619
1785136088.1520619
1785136088.1520619
1785136088.1520619
1785136088.1520619
1785136088.1520619
1785136088.1520619
1785136088.1520619
1785136088.1520619
1785136088.1520619
1785136088.1520619
1785136088.1520619
1785136088.1520619
1785136088.1520619
1785136088.1520619
1785136088.1520619
1785136088.1520619
1785136088.1520619
1785136088.1520619
1785136088.1520619
1785136088.1520619
1785136088.1520619
1785136088.1520619
1785136088.1520619
1785136088.1520619
1785136088.1520619
1785136088.1522839
1785136088.1522839
1785136088.1522839
1785136088.1522839
1785136088.1522839
1785136088.1522839
1785136088.1522839
1785136088.1522839
1785136088.1522839
1785136088.1522839
1785136088.1522839
1785136088.1522839
1785136088.1522839
1785136088.1522839
1785136088.1522839
1785136088.1522839
1785136088.1522839
1785136088.1522839
1785136088.1522839
1785136088.1522839
1785136088.1522839
1785136088.1522839
1785136088.1522839
1785136088.1522839
1785136088.1522839
1785136088.1522839
1785136088.1522839
1785136088.1522839
1785136088.1522839
1785136088.1522839
1785136088.1522839
1785136088.1522839
1785136088.1522839
1785136088.1522839
1785136088.1522839
1785136088.1522839
1785136088.1522839
1785136088.1522839
1785136088.1522839
1785136088.1522839
1785136088.1522839
1785136088.1522839
1785136088.1522839
1785136088.1522839
1785136088.1522839
1785136088.1525061
1785136088.1525061
1785136088.1525061
1785136088.1525061
1785136088.1525061
1785136088.1525061
1785136088.1525061
1785136088.1525061
1785136088.1525061
1785136088.1525061
1785136088.1525061
1785136088.1525061
1785136088.1525061
1785136088.1525061
1785136088.1525061
1785136088.1525061
1785136088.1525061
1785136088.1525061
1785136088.1525061
1785136088.1525061
1785136088.1525061
1785136088.1525061
1785136088.1525061
1785136088.1525061
1785136088.1525061
1785136088.1525061
1785136088.1525061
1785136088.1525061
1785136088.1525061
1785136088.1525061
1785136088.1525061
1785136088.1525061
1785136088.1525061
1785136088.1525061
1785136088.1525061
1785136088.1525061
1785136088.1525061
1785136088.1525061
1785136088.1525061
1785136088.1525061
1785136088.1525061
1785136088.1525061
1785136088.1525061
1785136088.1525061
1785136088.1525061
1785136088.1525061
1785136088.1525061
1785136088.1525061
1785136088.1525061
1785136088.1527290
1785136088.1527290
1785136088.1527290
1785136088.1527290
1785136088.1527290
1785136088.1527290
1785136088.1527290
1785136088.1527290
1785136088.1527290
1785136088.1527290
1785136088.1527290
1785136088.1527290
1785136088.1527290
1785136088.1527290
1785136088.1527290
1785136088.1527290
1785136088.1527290
1785136088.1527290
1785136088.1527290
1785136088.1527290
1785136088.1527290
1785136088.1527290
1785136088.1527290
1785136088.1527290
1785136088.1527290
1785136088.1527290
1785136088.1527290
1785136088.1527290
1785136088.1527290
1785136088.1527290
1785136088.1527290
1785136088.1527290
1785136088.1527290
1785136088.1527290
1785136088.1527290
1785136088.1527290
1785136088.1527290
1785136088.1527290
1785136088.1527290
1785136088.1527290
1785136088.1527290
1785136088.1527290
1785136088.1527290
1785136088.1527290
1785136088.1527290
1785136088.1527290
1785136088.1527290
1785136088.1527290
1785136088.1527290
1785136088.1527290
1785136088.1527290
1785136088.1527290
1785136088.1527290
1785136088.1527290
1785136088.1527290
1785136088.1527290
1785136088.1527290
1785136088.1527290
1785136088.1527290
1785136088.1527290
1785136088.1527290
1785136088.1527290
1785136088.1527290
1785136088.1529510
1785136088.1529510
1785136088.1529510
1785136088.1529510
1785136088.1529510
1785136088.1529510
1785136088.1529510
1785136088.1529510
1785136088.1529510
1785136088.1529510
1785136088.1529510
1785136088.1529510
1785136088.1529510
1785136088.1529510
1785136088.1529510
1785136088.1529510
1785136088.1529510
1785136088.1529510
1785136088.1529510
1785136088.1529510
1785136088.1529510
1785136088.1529510
1785136088.1529510
1785136088.1529510
1785136088.1529510
1785136088.1529510
1785136088.1529510
1785136088.1529510
1785136088.1529510
1785136088.1529510
1785136088.1529510
1785136088.1529510
1785136088.1529510
1785136088.1529510
1785136088.1529510
1785136088.1529510
1785136088.1529510
1785136088.1529510
1785136088.1529510
1785136088.1529510
1785136088.1529510
1785136088.1529510
1785136088.1529510
1785136088.1529510
1785136088.1529510
1785136088.1529510
1785136088.1529510
1785136088.1529510
1785136088.1529510
1785136088.1529510
1785136088.1529510
1785136088.1529510
1785136088.1529510
1785136088.1529510
1785136088.1529510
1785136088.1529510
1785136088.1529510
1785136088.1529510
1785136088.1529510
1785136088.1529510
1785136088.1529510
1785136088.1529510
1785136088.1529510
1785136088.1531730
1785136088.1531730
1785136088.1531730
1785136088.1531730
1785136088.1531730
1785136088.1531730
1785136088.1531730
1785136088.1531730
1785136088.1531730
1785136088.1531730
1785136088.1531730
1785136088.1531730
1785136088.1531730
1785136088.1531730
1785136088.1531730
1785136088.1531730
1785136088.1531730
1785136088.1531730
1785136088.1531730
1785136088.1531730
1785136088.1531730
1785136088.1531730
1785136088.1531730
1785136088.1531730
1785136088.1531730
1785136088.1531730
1785136088.1531730
1785136088.1531730
1785136088.1531730
1785136088.1531730
1785136088.1531730
1785136088.1531730
1785136088.1531730
1785136088.1531730
1785136088.1531730
1785136088.1531730
1785136088.1531730
1785136088.1531730
1785136088.1531730
1785136088.1531730
1785136088.1531730
1785136088.1531730
1785136088.1531730
1785136088.1531730
1785136088.1531730
1785136088.1531730
1785136088.1531730
1785136088.1531730
1785136088.1531730
1785136088.1531730
1785136088.1531730
1785136088.1531730
1785136088.1531730
1785136088.1531730
1785136088.1533949
1785136088.1533949
1785136088.1533949
1785136088.1533949
1785136088.1533949
1785136088.1533949
1785136088.1533949
1785136088.1533949
1785136088.1533949
1785136088.1533949
1785136088.1533949
1785136088.1533949
1785136088.1533949
1785136088.1533949
1785136088.1533949
1785136088.1533949
1785136088.1533949
1785136088.1533949
1785136088.1533949
1785136088.1533949
1785136088.1533949
1785136088.1533949
1785136088.1533949
1785136088.1533949
1785136088.1533949
1785136088.1533949
1785136088.1533949
1785136088.1533949
1785136088.1533949
1785136088.1533949
1785136088.1533949
1785136088.1533949
1785136088.1533949
1785136088.1533949
1785136088.1533949
1785136088.1533949
1785136088.1533949
1785136088.1533949
1785136088.1533949
1785136088.1533949
1785136088.1533949
1785136088.1533949
1785136088.1533949
1785136088.1533949
1785136088.1533949
1785136088.1533949
1785136088.1533949
1785136088.1533949
1785136088.1533949
1785136088.1533949
1785136088.1533949
1785136088.1533949
1785136088.1533949
1785136088.1533949
1785136088.1533949
1785136088.1533949
1785136088.1533949
1785136088.1533949
1785136088.1536169
1785136088.1536169
1785136088.1536169
1785136088.1536169
1785136088.1536169
1785136088.1536169
1785136088.1536169
1785136088.1536169
1785136088.1536169
1785136088.1536169
1785136088.1536169
1785136088.1536169
1785136088.1536169
1785136088.1536169
1785136088.1536169
1785136088.1536169
1785136088.1536169
1785136088.1536169
1785136088.1536169
1785136088.1536169
1785136088.1536169
1785136088.1536169
1785136088.1536169
1785136088.1536169
1785136088.1536169
1785136088.1536169
1785136088.1536169
1785136088.1536169
1785136088.1536169
1785136088.1536169
1785136088.1536169
1785136088.1536169
1785136088.1536169
1785136088.1536169
1785136088.1536169
1785136088.1536169
1785136088.1536169
1785136088.1536169
1785136088.1536169
1785136088.1536169
1785136088.1536169
1785136088.1536169
1785136088.1536169
1785136088.1536169
1785136088.1536169
1785136088.1536169
1785136088.1536169
1785136088.1536169
1785136088.1538401
1785136088.1538401
1785136088.1538401
1785136088.1538401
1785136088.1538401
1785136088.1538401
1785136088.1538401
1785136088.1538401
1785136088.1538401
1785136088.1538401
1785136088.1538401
1785136088.1538401
1785136088.1538401
1785136088.1538401
1785136088.1538401
1785136088.1538401
1785136088.1538401
1785136088.1538401
1785136088.1538401
1785136088.1538401
1785136088.1538401
1785136088.1538401
1785136088.1538401
1785136088.1538401
1785136088.1538401
1785136088.1538401
1785136088.1538401
1785136088.1538401
1785136088.1538401
1785136088.1538401
1785136088.1538401
1785136088.1538401
1785136088.1538401
1785136088.1538401
1785136088.1538401
1785136088.1538401
1785136088.1538401
1785136088.1538401
1785136088.1538401
1785136088.1538401
1785136088.1538401
1785136088.1538401
1785136088.1538401
1785136088.1538401
1785136088.1538401
1785136088.1538401
1785136088.1538401
1785136088.1538401
1785136088.1538401
1785136088.1538401
1785136088.1538401
1785136088.1538401
1785136088.1538401
1785136088.1538401
1785136088.1540620
1785136088.1540620
1785136088.1540620
1785136088.1540620
1785136088.1540620
1785136088.1540620
1785136088.1540620
1785136088.1540620
1785136088.1540620
1785136088.1540620
1785136088.1540620
1785136088.1540620
1785136088.1540620
1785136088.1540620
1785136088.1540620
1785136088.1540620
1785136088.1540620
1785136088.1540620
1785136088.1540620
1785136088.1540620
1785136088.1540620
1785136088.1540620
1785136088.1540620
1785136088.1540620
1785136088.1540620
1785136088.1540620
1785136088.1540620
1785136088.1540620
1785136088.1540620
1785136088.1540620
1785136088.1540620
1785136088.1540620
1785136088.1540620
1785136088.1540620
1785136088.1540620
1785136088.1540620
1785136088.1540620
1785136088.1540620
1785136088.1540620
1785136088.1540620
1785136088.1540620
1785136088.1540620
1785136088.1540620
1785136088.1540620
1785136088.1540620
1785136088.1540620
1785136088.1540620
1785136088.1540620
1785136088.1540620
1785136088.1540620
1785136088.1540620
1785136088.1540620
1785136088.1540620
1785136088.1542840
1785136088.1542840
1785136088.1542840
1785136088.1542840
1785136088.1542840
1785136088.1542840
1785136088.1542840
1785136088.1542840
1785136088.1542840
1785136088.1542840
1785136088.1542840
1785136088.1542840
1785136088.1542840
1785136088.1542840
1785136088.1542840
1785136088.1542840
1785136088.1542840
1785136088.1542840
1785136088.1542840
1785136088.1542840
1785136088.1542840
1785136088.1542840
1785136088.1542840
1785136088.1542840
1785136088.1542840
1785136088.1542840
1785136088.1542840
1785136088.1542840
1785136088.1542840
1785136088.1542840
1785136088.1542840
1785136088.1542840
1785136088.1542840
1785136088.1542840
1785136088.1542840
1785136088.1542840
1785136088.1542840
1785136088.1542840
1785136088.1542840
1785136088.1542840
1785136088.1542840
1785136088.1542840
1785136088.1545060
1785136088.1545060
1785136088.1545060
1785136088.1545060
1785136088.1545060
1785136088.1545060
1785136088.1545060
1785136088.1545060
1785136088.1545060
1785136088.1545060
1785136088.1545060
1785136088.1545060
1785136088.1545060
1785136088.1545060
1785136088.1545060
1785136088.1545060
1785136088.1545060
1785136088.1545060
1785136088.1545060
1785136088.1545060
1785136088.1545060
1785136088.1545060
1785136088.1545060
1785136088.1545060
1785136088.1545060
1785136088.1545060
1785136088.1545060
1785136088.1545060
1785136088.1545060
1785136088.1545060
1785136088.1545060
1785136088.1545060
1785136088.1545060
1785136088.1545060
1785136088.1545060
1785136088.1545060
1785136088.1545060
1785136088.1545060
1785136088.1545060
1785136088.1545060
1785136088.1545060
1785136088.1545060
1785136088.1545060
1785136088.1545060
1785136088.1545060
1785136088.1545060
1785136088.1545060
1785136088.1545060
1785136088.1545060
1785136088.1545060
1785136088.1545060
1785136088.1545060
1785136088.1547289
1785136088.1547289
1785136088.1547289
1785136088.1547289
1785136088.1547289
1785136088.1547289
1785136088.1547289
1785136088.1547289
1785136088.1547289
1785136088.1547289
1785136088.1547289
1785136088.1547289
1785136088.1547289
1785136088.1547289
1785136088.1547289
1785136088.1547289
1785136088.1547289
1785136088.1547289
1785136088.1547289
1785136088.1547289
1785136088.1547289
1785136088.1547289
1785136088.1547289
1785136088.1547289
1785136088.1547289
1785136088.1547289
1785136088.1547289
1785136088.1547289
1785136088.1547289
1785136088.1547289
1785136088.1547289
1785136088.1547289
1785136088.1547289
1785136088.1547289
1785136088.1547289
1785136088.1547289
1785136088.1547289
1785136088.1547289
1785136088.1547289
1785136088.1547289
1785136088.1547289
1785136088.1547289
1785136088.1547289
1785136088.1547289
1785136088.1547289
1785136088.1547289
1785136088.1547289
1785136088.1547289
1785136088.1547289
1785136088.1547289
1785136088.1547289
1785136088.1547289
1785136088.1547289
1785136088.1547289
1785136088.1547289
1785136088.1547289
1785136088.1549511
1785136088.1549511
1785136088.1549511
1785136088.1549511
1785136088.1549511
1785136088.1549511
1785136088.1549511
1785136088.1549511
1785136088.1549511
1785136088.1549511
1785136088.1549511
1785136088.1549511
1785136088.1549511
1785136088.1549511
1785136088.1549511
1785136088.1549511
1785136088.1549511
1785136088.1549511
1785136088.1549511
1785136088.1549511
1785136088.1549511
1785136088.1549511
1785136088.1549511
1785136088.1549511
1785136088.1549511
1785136088.1549511
1785136088.1549511
1785136088.1549511
1785136088.1549511
1785136088.1549511
1785136088.1549511
1785136088.1549511
1785136088.1549511
1785136088.1549511
1785136088.1549511
1785136088.1551731
1785136088.1551731
1785136088.1551731
1785136088.1551731
1785136088.1551731
1785136088.1551731
1785136088.1551731
1785136088.1551731
1785136088.1551731
1785136088.1551731
1785136088.1551731
1785136088.1551731
1785136088.1551731
1785136088.1551731
1785136088.1551731
1785136088.1551731
1785136088.1551731
1785136088.1551731
1785136088.1551731
1785136088.1553960
1785136088.1553960
1785136088.1553960
1785136088.1553960
1785136088.1553960
1785136088.1553960
1785136088.1553960
1785136088.1553960
1785136088.1553960
1785136088.1553960
1785136088.1553960
1785136088.1553960
1785136088.1553960
1785136088.1553960
1785136088.1553960
1785136088.1553960
1785136088.1553960
1785136088.1553960
1785136088.1553960
1785136088.1553960
1785136088.1553960
1785136088.1553960
1785136088.1553960
1785136088.1553960
1785136088.1556180
1785136088.1556180
1785136088.1556180
1785136088.1556180
1785136088.1556180
1785136088.1556180
1785136088.1556180
1785136088.1556180
1785136088.1556180
1785136088.1556180
1785136088.1556180
1785136088.1556180
1785136088.1556180
1785136088.1556180
1785136088.1556180
1785136088.1558399
1785136088.1558399
1785136088.1558399
1785136088.1558399
1785136088.1558399
1785136088.1558399
1785136088.1558399
1785136088.1558399
1785136088.1558399
1785136088.1558399
1785136088.1558399
1785136088.1558399
1785136088.1560619
1785136088.1560619
1785136088.1560619
1785136088.1560619
1785136088.1560619
1785136088.1560619
1785136088.1560619
1785136088.1560619
1785136088.1560619
1785136088.1560619
1785136088.1560619
1785136088.1560619
1785136088.1560619
1785136088.1562841
1785136088.1562841
1785136088.1562841
1785136088.1562841
1785136088.1562841
1785136088.1562841
1785136088.1562841
1785136088.1562841
1785136088.1562841
1785136088.1562841
1785136088.1562841
1785136088.1562841
1785136088.1562841
1785136088.1565070
1785136088.1565070
1785136088.1565070
1785136088.1565070
1785136088.1565070
1785136088.1565070
1785136088.1565070
1785136088.1565070
1785136088.1565070
1785136088.1565070
1785136088.1565070
1785136088.1565070
1785136088.1565070
1785136088.1602850
1785136088.1605070
1785136088.1605070
1785136088.1605070
1785136088.1605070
1785136088.1605070
1785136088.1605070
1785136088.1605070
1785136088.1605070
1785136088.1605070
1785136088.1605070
1785136088.1605070
1785136088.1605070
1785136088.1607299
1785136088.1607299
1785136088.1607299
1785136088.1607299
1785136088.1607299
1785136088.1607299
1785136088.1607299
1785136088.1607299
1785136088.1607299
1785136088.1607299
1785136088.1607299
1785136088.1607299
1785136088.1607299
1785136088.1607299
1785136088.1607299
1785136088.1609521
1785136088.1609521
1785136088.1609521
1785136088.1609521
1785136088.1609521
1785136088.1609521
1785136088.1609521
1785136088.1609521
1785136088.1609521
1785136088.1609521
1785136088.1609521
1785136088.1609521
1785136088.1609521
1785136088.1609521
1785136088.1609521
1785136088.1609521
1785136088.1609521
1785136088.1609521
1785136088.1611741
1785136088.1611741
1785136088.1611741
1785136088.1611741
1785136088.1611741
1785136088.1611741
1785136088.1611741
1785136088.1611741
1785136088.1611741
1785136088.1611741
1785136088.1611741
1785136088.1611741
1785136088.1611741
1785136088.1611741
1785136088.1611741
1785136088.1611741
1785136088.1611741
1785136088.1613970
1785136088.1613970
1785136088.1613970
1785136088.1613970
1785136088.1613970
1785136088.1613970
1785136088.1613970
1785136088.1613970
1785136088.1613970
1785136088.1613970
1785136088.1613970
1785136088.1613970
1785136088.1613970
1785136088.1613970
1785136088.1613970
1785136088.1613970
1785136088.1613970
1785136088.1613970
1785136088.1613970
1785136088.1613970
1785136088.1616189
1785136088.1616189
1785136088.1616189
1785136088.1616189
1785136088.1616189
1785136088.1616189
1785136088.1616189
1785136088.1616189
1785136088.1616189
1785136088.1616189
1785136088.1616189
1785136088.1616189
1785136088.1616189
1785136088.1616189
1785136088.1620629
1785136088.1620629
1785136088.1620629
1785136088.1620629
1785136088.1620629
1785136088.1622860
1785136088.1622860
1785136088.1622860
1785136088.1622860
1785136088.1622860
1785136088.1622860
