1785136089.4124990
1785136089.4138319
1785136089.4138319
1785136089.4140539
1785136089.4140539
1785136089.4140539
1785136089.4142771
1785136089.4142771
1785136089.4142771
1785136089.4142771
1785136089.4142771
1785136089.4142771
1785136089.4142771
1785136089.4142771
1785136089.4142771
1785136089.4142771
1785136089.4142771
1785136089.4142771
1785136089.4142771
1785136089.4142771
1785136089.4142771
1785136089.4142771
1785136089.4144990
1785136089.4144990
1785136089.4144990
1785136089.4144990
1785136089.4144990
1785136089.4144990
1785136089.4144990
1785136089.4144990
1785136089.4151659
1785136089.4151659
1785136089.4151659
1785136089.4167211
1785136089.4169440
1785136089.4169440
1785136089.4169440
1785136089.4169440
1785136089.4169440
1785136089.4171660
1785136089.4171660
1785136089.4171660
1785136089.4171660
1785136089.4171660
1785136089.4171660
1785136089.4171660
1785136089.4171660
1785136089.4173880
1785136089.4173880
1785136089.4173880
1785136089.4173880
1785136089.4173880
1785136089.4173880
1785136089.4173880
1785136089.4173880
1785136089.4173880
1785136089.4176099
1785136089.4176099
1785136089.4176099
1785136089.4176099
1785136089.4176099
1785136089.4176099
1785136089.4176099
1785136089.4176099
1785136089.4176099
1785136089.4176099
1785136089.4176099
1785136089.4176099
1785136089.4176099
1785136089.4176099
1785136089.4176099
1785136089.4176099
1785136089.4176099
1785136089.4176099
1785136089.4176099
1785136089.4176099
1785136089.4178331
1785136089.4178331
1785136089.4178331
1785136089.4178331
1785136089.4178331
1785136089.4178331
1785136089.4178331
1785136089.4178331
1785136089.4178331
1785136089.4178331
1785136089.4178331
1785136089.4178331
1785136089.4178331
1785136089.4178331
1785136089.4178331
1785136089.4178331
1785136089.4178331
1785136089.4178331
1785136089.4178331
1785136089.4178331
1785136089.4178331
1785136089.4178331
1785136089.4178331
1785136089.4178331
1785136089.4178331
1785136089.4178331
1785136089.4178331
1785136089.4178331
1785136089.4178331
1785136089.4178331
1785136089.4178331
1785136089.4178331
1785136089.4178331
1785136089.4178331
1785136089.4178331
1785136089.4178331
1785136089.4178331
1785136089.4178331
1785136089.4178331
1785136089.4178331
1785136089.4178331
1785136089.4180551
1785136089.4180551
1785136089.4180551
1785136089.4180551
1785136089.4180551
1785136089.4180551
1785136089.4180551
1785136089.4180551
1785136089.4180551
1785136089.4180551
1785136089.4180551
1785136089.4180551
1785136089.4180551
1785136089.4180551
1785136089.4180551
1785136089.4180551
1785136089.4180551
1785136089.4180551
1785136089.4180551
1785136089.4180551
1785136089.4180551
1785136089.4180551
1785136089.4180551
1785136089.4180551
1785136089.4180551
1785136089.4180551
1785136089.4180551
1785136089.4180551
1785136089.4180551
1785136089.4180551
1785136089.4180551
1785136089.4180551
1785136089.4180551
1785136089.4180551
1785136089.4180551
1785136089.4180551
1785136089.4180551
1785136089.4180551
1785136089.4182770
1785136089.4182770
1785136089.4182770
1785136089.4182770
1785136089.4182770
1785136089.4182770
1785136089.4182770
1785136089.4182770
1785136089.4182770
1785136089.4182770
1785136089.4182770
1785136089.4182770
1785136089.4182770
1785136089.4182770
1785136089.4182770
1785136089.4182770
1785136089.4182770
1785136089.4182770
1785136089.4182770
1785136089.4182770
1785136089.4182770
1785136089.4182770
1785136089.4182770
1785136089.4182770
1785136089.4182770
1785136089.4182770
1785136089.4182770
1785136089.4182770
1785136089.4182770
1785136089.4182770
1785136089.4182770
1785136089.4182770
1785136089.4182770
1785136089.4182770
1785136089.4182770
1785136089.4184990
1785136089.4184990
1785136089.4184990
1785136089.4184990
1785136089.4184990
1785136089.4184990
1785136089.4184990
1785136089.4184990
1785136089.4184990
1785136089.4184990
1785136089.4184990
1785136089.4184990
1785136089.4184990
1785136089.4184990
1785136089.4184990
1785136089.4184990
1785136089.4184990
1785136089.4184990
1785136089.4184990
1785136089.4184990
1785136089.4184990
1785136089.4184990
1785136089.4184990
1785136089.4184990
1785136089.4184990
1785136089.4184990
1785136089.4184990
1785136089.4184990
1785136089.4184990
1785136089.4184990
1785136089.4184990
1785136089.4184990
1785136089.4187219
1785136089.4187219
1785136089.4187219
1785136089.4187219
1785136089.4187219
1785136089.4187219
1785136089.4187219
1785136089.4187219
1785136089.4187219
1785136089.4187219
1785136089.4187219
1785136089.4187219
1785136089.4187219
1785136089.4187219
1785136089.4187219
1785136089.4187219
1785136089.4187219
1785136089.4187219
1785136089.4187219
1785136089.4187219
1785136089.4187219
1785136089.4187219
1785136089.4187219
1785136089.4187219
1785136089.4187219
1785136089.4187219
1785136089.4187219
1785136089.4187219
1785136089.4187219
1785136089.4187219
1785136089.4187219
1785136089.4187219
1785136089.4189439
1785136089.4189439
1785136089.4189439
1785136089.4189439
1785136089.4189439
1785136089.4189439
1785136089.4189439
1785136089.4189439
1785136089.4189439
1785136089.4189439
1785136089.4189439
1785136089.4189439
1785136089.4189439
1785136089.4189439
1785136089.4189439
1785136089.4189439
1785136089.4189439
1785136089.4189439
1785136089.4189439
1785136089.4189439
1785136089.4189439
1785136089.4189439
1785136089.4189439
1785136089.4189439
1785136089.4189439
1785136089.4189439
1785136089.4189439
1785136089.4189439
1785136089.4189439
1785136089.4189439
1785136089.4189439
1785136089.4189439
1785136089.4191661
1785136089.4191661
1785136089.4191661
1785136089.4191661
1785136089.4191661
1785136089.4191661
1785136089.4191661
1785136089.4191661
1785136089.4191661
1785136089.4191661
1785136089.4191661
1785136089.4191661
1785136089.4191661
1785136089.4191661
1785136089.4191661
1785136089.4191661
1785136089.4191661
1785136089.4191661
1785136089.4191661
1785136089.4191661
1785136089.4191661
1785136089.4191661
1785136089.4191661
1785136089.4191661
1785136089.4191661
1785136089.4191661
1785136089.4191661
1785136089.4191661
1785136089.4191661
1785136089.4191661
1785136089.4191661
1785136089.4191661
1785136089.4191661
1785136089.4191661
1785136089.4191661
1785136089.4191661
1785136089.4191661
1785136089.4191661
1785136089.4191661
1785136089.4191661
1785136089.4191661
1785136089.4191661
1785136089.4193881
1785136089.4193881
1785136089.4193881
1785136089.4193881
1785136089.4193881
1785136089.4193881
1785136089.4193881
1785136089.4193881
1785136089.4193881
1785136089.4193881
1785136089.4193881
1785136089.4193881
1785136089.4193881
1785136089.4193881
1785136089.4193881
1785136089.4193881
1785136089.4193881
1785136089.4193881
1785136089.4193881
1785136089.4193881
1785136089.4193881
1785136089.4193881
1785136089.4193881
1785136089.4193881
1785136089.4193881
1785136089.4193881
1785136089.4193881
1785136089.4193881
1785136089.4193881
1785136089.4193881
1785136089.4193881
1785136089.4193881
1785136089.4193881
1785136089.4193881
1785136089.4193881
1785136089.4193881
1785136089.4193881
1785136089.4193881
1785136089.4193881
1785136089.4193881
1785136089.4193881
1785136089.4193881
1785136089.4196100
1785136089.4196100
1785136089.4196100
1785136089.4196100
1785136089.4196100
1785136089.4196100
1785136089.4196100
1785136089.4196100
1785136089.4196100
1785136089.4196100
1785136089.4196100
1785136089.4196100
1785136089.4196100
1785136089.4196100
1785136089.4196100
1785136089.4196100
1785136089.4196100
1785136089.4196100
1785136089.4196100
1785136089.4196100
1785136089.4196100
1785136089.4196100
1785136089.4196100
1785136089.4196100
1785136089.4196100
1785136089.4196100
1785136089.4196100
1785136089.4196100
1785136089.4196100
1785136089.4196100
1785136089.4196100
1785136089.4196100
1785136089.4196100
1785136089.4196100
1785136089.4196100
1785136089.4196100
1785136089.4196100
1785136089.4196100
1785136089.4196100
1785136089.4196100
1785136089.4196100
1785136089.4196100
1785136089.4198329
1785136089.4198329
1785136089.4198329
1785136089.4198329
1785136089.4198329
1785136089.4198329
1785136089.4198329
1785136089.4198329
1785136089.4198329
1785136089.4198329
1785136089.4198329
1785136089.4198329
1785136089.4198329
1785136089.4198329
1785136089.4198329
1785136089.4198329
1785136089.4198329
1785136089.4198329
1785136089.4198329
1785136089.4198329
1785136089.4198329
1785136089.4198329
1785136089.4198329
1785136089.4198329
1785136089.4198329
1785136089.4198329
1785136089.4198329
1785136089.4198329
1785136089.4198329
1785136089.4198329
1785136089.4198329
1785136089.4198329
1785136089.4198329
1785136089.4198329
1785136089.4198329
1785136089.4198329
1785136089.4198329
1785136089.4198329
1785136089.4198329
1785136089.4198329
1785136089.4198329
1785136089.4198329
1785136089.4200549
1785136089.4200549
1785136089.4200549
1785136089.4200549
1785136089.4200549
1785136089.4200549
1785136089.4200549
1785136089.4200549
1785136089.4200549
1785136089.4200549
1785136089.4200549
1785136089.4200549
1785136089.4200549
1785136089.4200549
1785136089.4200549
1785136089.4200549
1785136089.4200549
1785136089.4200549
1785136089.4200549
1785136089.4200549
1785136089.4200549
1785136089.4200549
1785136089.4200549
1785136089.4200549
1785136089.4200549
1785136089.4200549
1785136089.4200549
1785136089.4200549
1785136089.4200549
1785136089.4200549
1785136089.4200549
1785136089.4200549
1785136089.4200549
1785136089.4200549
1785136089.4200549
1785136089.4200549
1785136089.4200549
1785136089.4200549
1785136089.4200549
1785136089.4200549
1785136089.4200549
1785136089.4200549
1785136089.4202771
1785136089.4202771
1785136089.4202771
1785136089.4202771
1785136089.4202771
1785136089.4202771
1785136089.4202771
1785136089.4202771
1785136089.4202771
1785136089.4202771
1785136089.4202771
1785136089.4202771
1785136089.4202771
1785136089.4202771
1785136089.4202771
1785136089.4202771
1785136089.4202771
1785136089.4202771
1785136089.4202771
1785136089.4202771
1785136089.4202771
1785136089.4202771
1785136089.4202771
1785136089.4202771
1785136089.4202771
1785136089.4202771
1785136089.4202771
1785136089.4202771
1785136089.4202771
1785136089.4202771
1785136089.4202771
1785136089.4202771
1785136089.4202771
1785136089.4202771
1785136089.4202771
1785136089.4202771
1785136089.4202771
1785136089.4202771
1785136089.4202771
1785136089.4202771
1785136089.4202771
1785136089.4202771
1785136089.4202771
1785136089.4204991
1785136089.4204991
1785136089.4204991
1785136089.4204991
1785136089.4204991
1785136089.4204991
1785136089.4204991
1785136089.4204991
1785136089.4204991
1785136089.4204991
1785136089.4204991
1785136089.4204991
1785136089.4204991
1785136089.4204991
1785136089.4204991
1785136089.4204991
1785136089.4204991
1785136089.4204991
1785136089.4204991
1785136089.4204991
1785136089.4204991
1785136089.4204991
1785136089.4204991
1785136089.4204991
1785136089.4204991
1785136089.4204991
1785136089.4204991
1785136089.4204991
1785136089.4204991
1785136089.4204991
1785136089.4204991
1785136089.4204991
1785136089.4204991
1785136089.4204991
1785136089.4204991
1785136089.4204991
1785136089.4204991
1785136089.4204991
1785136089.4204991
1785136089.4204991
1785136089.4204991
1785136089.4204991
1785136089.4204991
1785136089.4207220
1785136089.4207220
1785136089.4207220
1785136089.4207220
1785136089.4207220
1785136089.4207220
1785136089.4207220
1785136089.4207220
1785136089.4207220
1785136089.4207220
1785136089.4207220
1785136089.4207220
1785136089.4207220
1785136089.4207220
1785136089.4207220
1785136089.4207220
1785136089.4207220
1785136089.4207220
1785136089.4207220
1785136089.4207220
1785136089.4207220
1785136089.4207220
1785136089.4207220
1785136089.4207220
1785136089.4207220
1785136089.4207220
1785136089.4207220
1785136089.4207220
1785136089.4207220
1785136089.4207220
1785136089.4207220
1785136089.4207220
1785136089.4207220
1785136089.4207220
1785136089.4207220
1785136089.4207220
1785136089.4207220
1785136089.4207220
1785136089.4207220
1785136089.4207220
1785136089.4207220
1785136089.4207220
1785136089.4207220
1785136089.4209440
1785136089.4209440
1785136089.4209440
1785136089.4209440
1785136089.4209440
1785136089.4209440
1785136089.4209440
1785136089.4209440
1785136089.4209440
1785136089.4209440
1785136089.4209440
1785136089.4209440
1785136089.4209440
1785136089.4209440
1785136089.4209440
1785136089.4209440
1785136089.4209440
1785136089.4209440
1785136089.4209440
1785136089.4209440
1785136089.4209440
1785136089.4209440
1785136089.4209440
1785136089.4209440
1785136089.4209440
1785136089.4209440
1785136089.4209440
1785136089.4209440
1785136089.4209440
1785136089.4209440
1785136089.4209440
1785136089.4209440
1785136089.4209440
1785136089.4209440
1785136089.4209440
1785136089.4209440
1785136089.4209440
1785136089.4209440
1785136089.4209440
1785136089.4209440
1785136089.4209440
1785136089.4209440
1785136089.4209440
1785136089.4211659
1785136089.4211659
1785136089.4211659
1785136089.4211659
1785136089.4211659
1785136089.4211659
1785136089.4211659
1785136089.4211659
1785136089.4211659
1785136089.4211659
1785136089.4211659
1785136089.4211659
1785136089.4211659
1785136089.4211659
1785136089.4211659
1785136089.4211659
1785136089.4211659
1785136089.4211659
1785136089.4211659
1785136089.4211659
1785136089.4211659
1785136089.4211659
1785136089.4211659
1785136089.4211659
1785136089.4211659
1785136089.4211659
1785136089.4211659
1785136089.4211659
1785136089.4211659
1785136089.4211659
1785136089.4211659
1785136089.4211659
1785136089.4211659
1785136089.4211659
1785136089.4211659
1785136089.4211659
1785136089.4211659
1785136089.4211659
1785136089.4211659
1785136089.4211659
1785136089.4211659
1785136089.4211659
1785136089.4211659
1785136089.4213879
1785136089.4213879
1785136089.4213879
1785136089.4213879
1785136089.4213879
1785136089.4213879
1785136089.4213879
1785136089.4213879
1785136089.4213879
1785136089.4213879
1785136089.4213879
1785136089.4213879
1785136089.4213879
1785136089.4213879
1785136089.4213879
1785136089.4213879
1785136089.4213879
1785136089.4213879
1785136089.4213879
1785136089.4213879
1785136089.4213879
1785136089.4213879
1785136089.4213879
1785136089.4213879
1785136089.4213879
1785136089.4213879
1785136089.4213879
1785136089.4213879
1785136089.4213879
1785136089.4213879
1785136089.4213879
1785136089.4213879
1785136089.4213879
1785136089.4213879
1785136089.4213879
1785136089.4213879
1785136089.4213879
1785136089.4213879
1785136089.4213879
1785136089.4213879
1785136089.4213879
1785136089.4213879
1785136089.4213879
1785136089.4216111
1785136089.4216111
1785136089.4216111
1785136089.4216111
1785136089.4216111
1785136089.4216111
1785136089.4216111
1785136089.4216111
1785136089.4216111
1785136089.4216111
1785136089.4216111
1785136089.4216111
1785136089.4216111
1785136089.4216111
1785136089.4216111
1785136089.4216111
1785136089.4216111
1785136089.4216111
1785136089.4216111
1785136089.4216111
1785136089.4216111
1785136089.4216111
1785136089.4216111
1785136089.4216111
1785136089.4216111
1785136089.4216111
1785136089.4216111
1785136089.4216111
1785136089.4216111
1785136089.4216111
1785136089.4216111
1785136089.4216111
1785136089.4216111
1785136089.4216111
1785136089.4216111
1785136089.4216111
1785136089.4216111
1785136089.4216111
1785136089.4216111
1785136089.4216111
1785136089.4216111
1785136089.4216111
1785136089.4216111
1785136089.4216111
1785136089.4218330
1785136089.4218330
1785136089.4218330
1785136089.4218330
1785136089.4218330
1785136089.4218330
1785136089.4218330
1785136089.4218330
1785136089.4218330
1785136089.4218330
1785136089.4218330
1785136089.4218330
1785136089.4218330
1785136089.4218330
1785136089.4218330
1785136089.4218330
1785136089.4218330
1785136089.4218330
1785136089.4218330
1785136089.4218330
1785136089.4218330
1785136089.4218330
1785136089.4218330
1785136089.4218330
1785136089.4218330
1785136089.4218330
1785136089.4218330
1785136089.4218330
1785136089.4218330
1785136089.4218330
1785136089.4218330
1785136089.4218330
1785136089.4218330
1785136089.4218330
1785136089.4218330
1785136089.4218330
1785136089.4218330
1785136089.4218330
1785136089.4218330
1785136089.4218330
1785136089.4218330
1785136089.4218330
1785136089.4218330
1785136089.4220550
1785136089.4220550
1785136089.4220550
1785136089.4220550
1785136089.4220550
1785136089.4220550
1785136089.4220550
1785136089.4220550
1785136089.4220550
1785136089.4220550
1785136089.4220550
1785136089.4220550
1785136089.4220550
1785136089.4220550
1785136089.4220550
1785136089.4220550
1785136089.4220550
1785136089.4220550
1785136089.4220550
1785136089.4220550
1785136089.4220550
1785136089.4220550
1785136089.4220550
1785136089.4220550
1785136089.4220550
1785136089.4220550
1785136089.4220550
1785136089.4220550
1785136089.4220550
1785136089.4220550
1785136089.4220550
1785136089.4220550
1785136089.4220550
1785136089.4220550
1785136089.4220550
1785136089.4220550
1785136089.4220550
1785136089.4220550
1785136089.4220550
1785136089.4220550
1785136089.4220550
1785136089.4220550
1785136089.4220550
1785136089.4222770
1785136089.4222770
1785136089.4222770
1785136089.4222770
1785136089.4222770
1785136089.4222770
1785136089.4222770
1785136089.4222770
1785136089.4222770
1785136089.4222770
1785136089.4222770
1785136089.4222770
1785136089.4222770
1785136089.4222770
1785136089.4222770
1785136089.4222770
1785136089.4222770
1785136089.4222770
1785136089.4222770
1785136089.4222770
1785136089.4222770
1785136089.4222770
1785136089.4222770
1785136089.4222770
1785136089.4222770
1785136089.4222770
1785136089.4222770
1785136089.4222770
1785136089.4222770
1785136089.4222770
1785136089.4222770
1785136089.4222770
1785136089.4222770
1785136089.4222770
1785136089.4222770
1785136089.4222770
1785136089.4222770
1785136089.4222770
1785136089.4222770
1785136089.4222770
1785136089.4222770
1785136089.4224989
1785136089.4224989
1785136089.4224989
1785136089.4224989
1785136089.4224989
1785136089.4224989
1785136089.4224989
1785136089.4224989
1785136089.4224989
1785136089.4224989
1785136089.4224989
1785136089.4224989
1785136089.4224989
1785136089.4224989
1785136089.4224989
1785136089.4224989
1785136089.4224989
1785136089.4224989
1785136089.4224989
1785136089.4224989
1785136089.4224989
1785136089.4224989
1785136089.4224989
1785136089.4224989
1785136089.4224989
1785136089.4224989
1785136089.4224989
1785136089.4224989
1785136089.4224989
1785136089.4224989
1785136089.4224989
1785136089.4224989
1785136089.4224989
1785136089.4224989
1785136089.4224989
1785136089.4224989
1785136089.4224989
1785136089.4224989
1785136089.4224989
1785136089.4224989
1785136089.4224989
1785136089.4227209
1785136089.4227209
1785136089.4227209
1785136089.4227209
1785136089.4227209
1785136089.4227209
1785136089.4227209
1785136089.4227209
1785136089.4227209
1785136089.4227209
1785136089.4227209
1785136089.4227209
1785136089.4227209
1785136089.4227209
1785136089.4227209
1785136089.4227209
1785136089.4227209
1785136089.4227209
1785136089.4227209
1785136089.4227209
1785136089.4227209
1785136089.4227209
1785136089.4227209
1785136089.4227209
1785136089.4227209
1785136089.4227209
1785136089.4227209
1785136089.4227209
1785136089.4227209
1785136089.4227209
1785136089.4227209
1785136089.4227209
1785136089.4227209
1785136089.4227209
1785136089.4227209
1785136089.4227209
1785136089.4227209
1785136089.4227209
1785136089.4227209
1785136089.4227209
1785136089.4227209
1785136089.4229441
1785136089.4229441
1785136089.4229441
1785136089.4229441
1785136089.4229441
1785136089.4229441
1785136089.4229441
1785136089.4229441
1785136089.4229441
1785136089.4229441
1785136089.4229441
1785136089.4229441
1785136089.4229441
1785136089.4229441
1785136089.4229441
1785136089.4229441
1785136089.4229441
1785136089.4229441
1785136089.4229441
1785136089.4229441
1785136089.4229441
1785136089.4229441
1785136089.4229441
1785136089.4229441
1785136089.4229441
1785136089.4229441
1785136089.4229441
1785136089.4229441
1785136089.4229441
1785136089.4229441
1785136089.4229441
1785136089.4229441
1785136089.4229441
1785136089.4229441
1785136089.4229441
1785136089.4229441
1785136089.4229441
1785136089.4229441
1785136089.4229441
1785136089.4229441
1785136089.4229441
1785136089.4229441
1785136089.4229441
1785136089.4229441
1785136089.4229441
1785136089.4229441
1785136089.4229441
1785136089.4229441
1785136089.4229441
1785136089.4229441
1785136089.4231660
1785136089.4231660
1785136089.4231660
1785136089.4231660
1785136089.4231660
1785136089.4231660
1785136089.4231660
1785136089.4231660
1785136089.4231660
1785136089.4231660
1785136089.4231660
1785136089.4231660
1785136089.4231660
1785136089.4231660
1785136089.4231660
1785136089.4231660
1785136089.4231660
1785136089.4231660
1785136089.4231660
1785136089.4231660
1785136089.4231660
1785136089.4231660
1785136089.4231660
1785136089.4231660
1785136089.4231660
1785136089.4231660
1785136089.4231660
1785136089.4231660
1785136089.4231660
1785136089.4231660
1785136089.4231660
1785136089.4231660
1785136089.4231660
1785136089.4231660
1785136089.4231660
1785136089.4231660
1785136089.4231660
1785136089.4231660
1785136089.4231660
1785136089.4231660
1785136089.4231660
1785136089.4231660
1785136089.4231660
1785136089.4231660
1785136089.4231660
1785136089.4231660
1785136089.4231660
1785136089.4231660
1785136089.4231660
1785136089.4231660
1785136089.4231660
1785136089.4231660
1785136089.4231660
1785136089.4231660
1785136089.4231660
1785136089.4231660
1785136089.4231660
1785136089.4231660
1785136089.4231660
1785136089.4231660
1785136089.4231660
1785136089.4233880
1785136089.4233880
1785136089.4233880
1785136089.4233880
1785136089.4233880
1785136089.4233880
1785136089.4233880
1785136089.4233880
1785136089.4233880
1785136089.4233880
1785136089.4233880
1785136089.4233880
1785136089.4233880
1785136089.4233880
1785136089.4233880
1785136089.4233880
1785136089.4233880
1785136089.4233880
1785136089.4233880
1785136089.4233880
1785136089.4233880
1785136089.4233880
1785136089.4233880
1785136089.4233880
1785136089.4233880
1785136089.4233880
1785136089.4233880
1785136089.4233880
1785136089.4233880
1785136089.4233880
1785136089.4233880
1785136089.4233880
1785136089.4233880
1785136089.4233880
1785136089.4233880
1785136089.4233880
1785136089.4233880
1785136089.4233880
1785136089.4233880
1785136089.4233880
1785136089.4233880
1785136089.4233880
1785136089.4233880
1785136089.4233880
1785136089.4233880
1785136089.4233880
1785136089.4233880
1785136089.4233880
1785136089.4233880
1785136089.4233880
1785136089.4233880
1785136089.4233880
1785136089.4233880
1785136089.4233880
1785136089.4233880
1785136089.4233880
1785136089.4233880
1785136089.4233880
1785136089.4233880
1785136089.4233880
1785136089.4233880
1785136089.4233880
1785136089.4236100
1785136089.4236100
1785136089.4236100
1785136089.4236100
1785136089.4236100
1785136089.4236100
1785136089.4236100
1785136089.4236100
1785136089.4236100
1785136089.4236100
1785136089.4236100
1785136089.4236100
1785136089.4236100
1785136089.4236100
1785136089.4236100
1785136089.4236100
1785136089.4236100
1785136089.4236100
1785136089.4236100
1785136089.4236100
1785136089.4236100
1785136089.4236100
1785136089.4236100
1785136089.4236100
1785136089.4236100
1785136089.4236100
1785136089.4236100
1785136089.4236100
1785136089.4236100
1785136089.4236100
1785136089.4236100
1785136089.4236100
1785136089.4236100
1785136089.4236100
1785136089.4236100
1785136089.4236100
1785136089.4236100
1785136089.4236100
1785136089.4236100
1785136089.4236100
1785136089.4236100
1785136089.4236100
1785136089.4236100
1785136089.4236100
1785136089.4236100
1785136089.4236100
1785136089.4236100
1785136089.4236100
1785136089.4236100
1785136089.4236100
1785136089.4236100
1785136089.4236100
1785136089.4236100
1785136089.4236100
1785136089.4236100
1785136089.4236100
1785136089.4236100
1785136089.4236100
1785136089.4236100
1785136089.4236100
1785136089.4236100
1785136089.4236100
1785136089.4236100
1785136089.4236100
1785136089.4236100
1785136089.4238329
1785136089.4238329
1785136089.4238329
1785136089.4238329
1785136089.4238329
1785136089.4238329
1785136089.4238329
1785136089.4238329
1785136089.4238329
1785136089.4238329
1785136089.4238329
1785136089.4238329
1785136089.4238329
1785136089.4238329
1785136089.4238329
1785136089.4238329
1785136089.4238329
1785136089.4238329
1785136089.4238329
1785136089.4238329
1785136089.4238329
1785136089.4238329
1785136089.4238329
1785136089.4238329
1785136089.4238329
1785136089.4238329
1785136089.4238329
1785136089.4238329
1785136089.4238329
1785136089.4238329
1785136089.4238329
1785136089.4238329
1785136089.4238329
1785136089.4238329
1785136089.4238329
1785136089.4238329
1785136089.4238329
1785136089.4238329
1785136089.4238329
1785136089.4238329
1785136089.4238329
1785136089.4238329
1785136089.4238329
1785136089.4238329
1785136089.4238329
1785136089.4238329
1785136089.4238329
1785136089.4238329
1785136089.4238329
1785136089.4238329
1785136089.4238329
1785136089.4238329
1785136089.4238329
1785136089.4238329
1785136089.4238329
1785136089.4238329
1785136089.4238329
1785136089.4238329
1785136089.4238329
1785136089.4238329
1785136089.4238329
1785136089.4240551
1785136089.4240551
1785136089.4240551
1785136089.4240551
1785136089.4240551
1785136089.4240551
1785136089.4240551
1785136089.4240551
1785136089.4240551
1785136089.4240551
1785136089.4240551
1785136089.4240551
1785136089.4240551
1785136089.4240551
1785136089.4240551
1785136089.4240551
1785136089.4240551
1785136089.4240551
1785136089.4240551
1785136089.4240551
1785136089.4240551
1785136089.4240551
1785136089.4240551
1785136089.4240551
1785136089.4240551
1785136089.4240551
1785136089.4240551
1785136089.4240551
1785136089.4240551
1785136089.4240551
1785136089.4240551
1785136089.4240551
1785136089.4240551
1785136089.4240551
1785136089.4240551
1785136089.4240551
1785136089.4240551
1785136089.4240551
1785136089.4240551
1785136089.4240551
1785136089.4240551
1785136089.4240551
1785136089.4240551
1785136089.4240551
1785136089.4240551
1785136089.4240551
1785136089.4240551
1785136089.4240551
1785136089.4240551
1785136089.4240551
1785136089.4240551
1785136089.4240551
1785136089.4240551
1785136089.4242771
1785136089.4242771
1785136089.4242771
1785136089.4242771
1785136089.4242771
1785136089.4242771
1785136089.4242771
1785136089.4242771
1785136089.4242771
1785136089.4242771
1785136089.4242771
1785136089.4242771
1785136089.4242771
1785136089.4242771
1785136089.4242771
1785136089.4242771
1785136089.4242771
1785136089.4242771
1785136089.4242771
1785136089.4242771
1785136089.4242771
1785136089.4242771
1785136089.4242771
1785136089.4242771
1785136089.4242771
1785136089.4242771
1785136089.4242771
1785136089.4242771
1785136089.4242771
1785136089.4242771
1785136089.4242771
1785136089.4242771
1785136089.4242771
1785136089.4242771
1785136089.4242771
1785136089.4242771
1785136089.4242771
1785136089.4242771
1785136089.4242771
1785136089.4242771
1785136089.4242771
1785136089.4242771
1785136089.4242771
1785136089.4242771
1785136089.4242771
1785136089.4242771
1785136089.4242771
1785136089.4242771
1785136089.4242771
1785136089.4242771
1785136089.4242771
1785136089.4242771
1785136089.4242771
1785136089.4242771
1785136089.4242771
1785136089.4242771
1785136089.4245000
1785136089.4245000
1785136089.4245000
1785136089.4245000
1785136089.4245000
1785136089.4245000
1785136089.4245000
1785136089.4245000
1785136089.4245000
1785136089.4245000
1785136089.4245000
1785136089.4245000
1785136089.4245000
1785136089.4245000
1785136089.4245000
1785136089.4245000
1785136089.4245000
1785136089.4245000
1785136089.4245000
1785136089.4245000
1785136089.4245000
1785136089.4245000
1785136089.4245000
1785136089.4245000
1785136089.4245000
1785136089.4245000
1785136089.4245000
1785136089.4245000
1785136089.4245000
1785136089.4245000
1785136089.4245000
1785136089.4245000
1785136089.4245000
1785136089.4245000
1785136089.4245000
1785136089.4245000
1785136089.4245000
1785136089.4245000
1785136089.4245000
1785136089.4245000
1785136089.4245000
1785136089.4245000
1785136089.4245000
1785136089.4245000
1785136089.4245000
1785136089.4245000
1785136089.4245000
1785136089.4245000
1785136089.4245000
1785136089.4245000
1785136089.4245000
1785136089.4245000
1785136089.4245000
1785136089.4245000
1785136089.4245000
1785136089.4245000
1785136089.4245000
1785136089.4247220
1785136089.4247220
1785136089.4247220
1785136089.4247220
1785136089.4247220
1785136089.4247220
1785136089.4247220
1785136089.4247220
1785136089.4247220
1785136089.4247220
1785136089.4247220
1785136089.4247220
1785136089.4247220
1785136089.4247220
1785136089.4247220
1785136089.4247220
1785136089.4247220
1785136089.4247220
1785136089.4247220
1785136089.4247220
1785136089.4247220
1785136089.4247220
1785136089.4247220
1785136089.4247220
1785136089.4247220
1785136089.4247220
1785136089.4247220
1785136089.4247220
1785136089.4247220
1785136089.4247220
1785136089.4247220
1785136089.4247220
1785136089.4247220
1785136089.4247220
1785136089.4247220
1785136089.4247220
1785136089.4247220
1785136089.4247220
1785136089.4247220
1785136089.4247220
1785136089.4247220
1785136089.4247220
1785136089.4247220
1785136089.4247220
1785136089.4247220
1785136089.4247220
1785136089.4247220
1785136089.4247220
1785136089.4247220
1785136089.4247220
1785136089.4247220
1785136089.4247220
1785136089.4247220
1785136089.4247220
1785136089.4247220
1785136089.4247220
1785136089.4247220
1785136089.4247220
1785136089.4247220
1785136089.4247220
1785136089.4247220
1785136089.4247220
1785136089.4247220
1785136089.4247220
1785136089.4247220
1785136089.4247220
1785136089.4247220
1785136089.4247220
1785136089.4247220
1785136089.4249430
1785136089.4249430
1785136089.4249430
1785136089.4249430
1785136089.4249430
1785136089.4249430
1785136089.4249430
1785136089.4249430
1785136089.4249430
1785136089.4249430
1785136089.4249430
1785136089.4249430
1785136089.4249430
1785136089.4249430
1785136089.4249430
1785136089.4249430
1785136089.4249430
1785136089.4249430
1785136089.4249430
1785136089.4249430
1785136089.4249430
1785136089.4249430
1785136089.4249430
1785136089.4249430
1785136089.4249430
1785136089.4249430
1785136089.4249430
1785136089.4249430
1785136089.4249430
1785136089.4249430
1785136089.4249430
1785136089.4249430
1785136089.4249430
1785136089.4249430
1785136089.4249430
1785136089.4249430
1785136089.4249430
1785136089.4249430
1785136089.4249430
1785136089.4249430
1785136089.4249430
1785136089.4249430
1785136089.4249430
1785136089.4249430
1785136089.4249430
1785136089.4249430
1785136089.4249430
1785136089.4249430
1785136089.4249430
1785136089.4249430
1785136089.4249430
1785136089.4249430
1785136089.4249430
1785136089.4249430
1785136089.4249430
1785136089.4249430
1785136089.4249430
1785136089.4249430
1785136089.4249430
1785136089.4249430
1785136089.4249430
1785136089.4249430
1785136089.4249430
1785136089.4249430
1785136089.4249430
1785136089.4249430
1785136089.4249430
1785136089.4249430
1785136089.4249430
1785136089.4249430
1785136089.4251659
1785136089.4251659
1785136089.4251659
1785136089.4251659
1785136089.4251659
1785136089.4251659
1785136089.4251659
1785136089.4251659
1785136089.4251659
1785136089.4251659
1785136089.4251659
1785136089.4251659
1785136089.4251659
1785136089.4251659
1785136089.4251659
1785136089.4251659
1785136089.4251659
1785136089.4251659
1785136089.4251659
1785136089.4251659
1785136089.4251659
1785136089.4251659
1785136089.4251659
1785136089.4251659
1785136089.4251659
1785136089.4251659
1785136089.4251659
1785136089.4251659
1785136089.4251659
1785136089.4251659
1785136089.4251659
1785136089.4251659
1785136089.4251659
1785136089.4251659
1785136089.4251659
1785136089.4251659
1785136089.4251659
1785136089.4251659
1785136089.4251659
1785136089.4251659
1785136089.4251659
1785136089.4251659
1785136089.4251659
1785136089.4251659
1785136089.4251659
1785136089.4251659
1785136089.4251659
1785136089.4251659
1785136089.4251659
1785136089.4251659
1785136089.4251659
1785136089.4251659
1785136089.4251659
1785136089.4251659
1785136089.4251659
1785136089.4251659
1785136089.4251659
1785136089.4251659
1785136089.4251659
1785136089.4251659
1785136089.4251659
1785136089.4251659
1785136089.4251659
1785136089.4251659
1785136089.4251659
1785136089.4251659
1785136089.4251659
1785136089.4251659
1785136089.4251659
1785136089.4253881
1785136089.4253881
1785136089.4253881
1785136089.4253881
1785136089.4253881
1785136089.4253881
1785136089.4253881
1785136089.4253881
1785136089.4253881
1785136089.4253881
1785136089.4253881
1785136089.4253881
1785136089.4253881
1785136089.4253881
1785136089.4253881
1785136089.4253881
1785136089.4253881
1785136089.4253881
1785136089.4253881
1785136089.4253881
1785136089.4253881
1785136089.4253881
1785136089.4253881
1785136089.4253881
1785136089.4253881
1785136089.4253881
1785136089.4253881
1785136089.4253881
1785136089.4253881
1785136089.4253881
1785136089.4253881
1785136089.4253881
1785136089.4253881
1785136089.4253881
1785136089.4253881
1785136089.4253881
1785136089.4253881
1785136089.4253881
1785136089.4253881
1785136089.4253881
1785136089.4253881
1785136089.4253881
1785136089.4253881
1785136089.4253881
1785136089.4253881
1785136089.4253881
1785136089.4253881
1785136089.4253881
1785136089.4253881
1785136089.4253881
1785136089.4253881
1785136089.4253881
1785136089.4253881
1785136089.4253881
1785136089.4253881
1785136089.4253881
1785136089.4253881
1785136089.4253881
1785136089.4253881
1785136089.4253881
1785136089.4253881
1785136089.4253881
1785136089.4253881
1785136089.4253881
1785136089.4253881
1785136089.4253881
1785136089.4253881
1785136089.4253881
1785136089.4256101
1785136089.4256101
1785136089.4256101
1785136089.4256101
1785136089.4256101
1785136089.4256101
1785136089.4256101
1785136089.4256101
1785136089.4256101
1785136089.4256101
1785136089.4256101
1785136089.4256101
1785136089.4256101
1785136089.4256101
1785136089.4256101
1785136089.4256101
1785136089.4256101
1785136089.4256101
1785136089.4256101
1785136089.4256101
1785136089.4256101
1785136089.4256101
1785136089.4256101
1785136089.4256101
1785136089.4256101
1785136089.4256101
1785136089.4256101
1785136089.4256101
1785136089.4256101
1785136089.4256101
1785136089.4256101
1785136089.4256101
1785136089.4256101
1785136089.4256101
1785136089.4256101
1785136089.4256101
1785136089.4256101
1785136089.4256101
1785136089.4256101
1785136089.4256101
1785136089.4256101
1785136089.4256101
1785136089.4256101
1785136089.4256101
1785136089.4256101
1785136089.4256101
1785136089.4256101
1785136089.4256101
1785136089.4256101
1785136089.4256101
1785136089.4256101
1785136089.4256101
1785136089.4256101
1785136089.4256101
1785136089.4256101
1785136089.4256101
1785136089.4256101
1785136089.4256101
1785136089.4256101
1785136089.4256101
1785136089.4256101
1785136089.4258320
1785136089.4258320
1785136089.4258320
1785136089.4258320
1785136089.4258320
1785136089.4258320
1785136089.4258320
1785136089.4258320
1785136089.4258320
1785136089.4258320
1785136089.4258320
1785136089.4258320
1785136089.4258320
1785136089.4258320
1785136089.4258320
1785136089.4258320
1785136089.4258320
1785136089.4258320
1785136089.4258320
1785136089.4258320
1785136089.4258320
1785136089.4258320
1785136089.4258320
1785136089.4258320
1785136089.4258320
1785136089.4258320
1785136089.4258320
1785136089.4258320
1785136089.4258320
1785136089.4258320
1785136089.4258320
1785136089.4258320
1785136089.4258320
1785136089.4258320
1785136089.4258320
1785136089.4258320
1785136089.4258320
1785136089.4258320
1785136089.4258320
1785136089.4258320
1785136089.4258320
1785136089.4258320
1785136089.4258320
1785136089.4258320
1785136089.4258320
1785136089.4258320
1785136089.4258320
1785136089.4258320
1785136089.4258320
1785136089.4258320
1785136089.4258320
1785136089.4258320
1785136089.4258320
1785136089.4258320
1785136089.4258320
1785136089.4258320
1785136089.4258320
1785136089.4258320
1785136089.4258320
1785136089.4258320
1785136089.4258320
1785136089.4258320
1785136089.4258320
1785136089.4260540
1785136089.4260540
1785136089.4260540
1785136089.4260540
1785136089.4260540
1785136089.4260540
1785136089.4260540
1785136089.4260540
1785136089.4260540
1785136089.4260540
1785136089.4260540
1785136089.4260540
1785136089.4260540
1785136089.4260540
1785136089.4260540
1785136089.4260540
1785136089.4260540
1785136089.4260540
1785136089.4260540
1785136089.4260540
1785136089.4260540
1785136089.4260540
1785136089.4260540
1785136089.4260540
1785136089.4260540
1785136089.4260540
1785136089.4260540
1785136089.4260540
1785136089.4260540
1785136089.4260540
1785136089.4260540
1785136089.4260540
1785136089.4260540
1785136089.4260540
1785136089.4260540
1785136089.4260540
1785136089.4260540
1785136089.4260540
1785136089.4260540
1785136089.4260540
1785136089.4260540
1785136089.4260540
1785136089.4260540
1785136089.4260540
1785136089.4260540
1785136089.4260540
1785136089.4260540
1785136089.4260540
1785136089.4260540
1785136089.4260540
1785136089.4260540
1785136089.4260540
1785136089.4260540
1785136089.4260540
1785136089.4260540
1785136089.4260540
1785136089.4260540
1785136089.4260540
1785136089.4260540
1785136089.4260540
1785136089.4260540
1785136089.4260540
1785136089.4260540
1785136089.4260540
1785136089.4262769
1785136089.4262769
1785136089.4262769
1785136089.4262769
1785136089.4262769
1785136089.4262769
1785136089.4262769
1785136089.4262769
1785136089.4262769
1785136089.4262769
1785136089.4262769
1785136089.4262769
1785136089.4262769
1785136089.4262769
1785136089.4262769
1785136089.4262769
1785136089.4262769
1785136089.4262769
1785136089.4262769
1785136089.4262769
1785136089.4262769
1785136089.4262769
1785136089.4262769
1785136089.4262769
1785136089.4262769
1785136089.4262769
1785136089.4262769
1785136089.4262769
1785136089.4262769
1785136089.4262769
1785136089.4262769
1785136089.4262769
1785136089.4262769
1785136089.4262769
1785136089.4262769
1785136089.4262769
1785136089.4262769
1785136089.4262769
1785136089.4262769
1785136089.4262769
1785136089.4262769
1785136089.4262769
1785136089.4262769
1785136089.4262769
1785136089.4262769
1785136089.4262769
1785136089.4262769
1785136089.4262769
1785136089.4262769
1785136089.4262769
1785136089.4262769
1785136089.4262769
1785136089.4262769
1785136089.4262769
1785136089.4262769
1785136089.4262769
1785136089.4262769
1785136089.4262769
1785136089.4262769
1785136089.4262769
1785136089.4262769
1785136089.4262769
1785136089.4264989
1785136089.4264989
1785136089.4264989
1785136089.4264989
1785136089.4264989
1785136089.4264989
1785136089.4264989
1785136089.4264989
1785136089.4264989
1785136089.4264989
1785136089.4264989
1785136089.4264989
1785136089.4264989
1785136089.4264989
1785136089.4264989
1785136089.4264989
1785136089.4264989
1785136089.4264989
1785136089.4264989
1785136089.4264989
1785136089.4264989
1785136089.4264989
1785136089.4264989
1785136089.4264989
1785136089.4264989
1785136089.4264989
1785136089.4264989
1785136089.4264989
1785136089.4264989
1785136089.4264989
1785136089.4264989
1785136089.4264989
1785136089.4264989
1785136089.4264989
1785136089.4264989
1785136089.4264989
1785136089.4264989
1785136089.4264989
1785136089.4264989
1785136089.4264989
1785136089.4264989
1785136089.4264989
1785136089.4264989
1785136089.4264989
1785136089.4264989
1785136089.4264989
1785136089.4264989
1785136089.4264989
1785136089.4264989
1785136089.4264989
1785136089.4264989
1785136089.4264989
1785136089.4264989
1785136089.4264989
1785136089.4264989
1785136089.4264989
1785136089.4264989
1785136089.4264989
1785136089.4264989
1785136089.4264989
1785136089.4264989
1785136089.4264989
1785136089.4264989
1785136089.4267211
1785136089.4267211
1785136089.4267211
1785136089.4267211
1785136089.4267211
1785136089.4267211
1785136089.4267211
1785136089.4267211
1785136089.4267211
1785136089.4267211
1785136089.4267211
1785136089.4267211
1785136089.4267211
1785136089.4267211
1785136089.4267211
1785136089.4267211
1785136089.4267211
1785136089.4267211
1785136089.4267211
1785136089.4267211
1785136089.4267211
1785136089.4267211
1785136089.4267211
1785136089.4267211
1785136089.4267211
1785136089.4267211
1785136089.4267211
1785136089.4267211
1785136089.4267211
1785136089.4267211
1785136089.4267211
1785136089.4267211
1785136089.4267211
1785136089.4267211
1785136089.4267211
1785136089.4267211
1785136089.4267211
1785136089.4267211
1785136089.4267211
1785136089.4267211
1785136089.4267211
1785136089.4267211
1785136089.4267211
1785136089.4267211
1785136089.4267211
1785136089.4267211
1785136089.4267211
1785136089.4267211
1785136089.4267211
1785136089.4267211
1785136089.4267211
1785136089.4267211
1785136089.4267211
1785136089.4267211
1785136089.4267211
1785136089.4267211
1785136089.4267211
1785136089.4267211
1785136089.4267211
1785136089.4267211
1785136089.4269431
1785136089.4269431
1785136089.4269431
1785136089.4269431
1785136089.4269431
1785136089.4269431
1785136089.4269431
1785136089.4269431
1785136089.4269431
1785136089.4269431
1785136089.4269431
1785136089.4269431
1785136089.4269431
1785136089.4269431
1785136089.4269431
1785136089.4269431
1785136089.4269431
1785136089.4269431
1785136089.4269431
1785136089.4269431
1785136089.4269431
1785136089.4269431
1785136089.4269431
1785136089.4269431
1785136089.4269431
1785136089.4269431
1785136089.4269431
1785136089.4269431
1785136089.4269431
1785136089.4269431
1785136089.4269431
1785136089.4269431
1785136089.4269431
1785136089.4269431
1785136089.4269431
1785136089.4269431
1785136089.4269431
1785136089.4269431
1785136089.4269431
1785136089.4269431
1785136089.4269431
1785136089.4269431
1785136089.4269431
1785136089.4269431
1785136089.4269431
1785136089.4269431
1785136089.4269431
1785136089.4269431
1785136089.4269431
1785136089.4269431
1785136089.4269431
1785136089.4269431
1785136089.4269431
1785136089.4269431
1785136089.4269431
1785136089.4269431
1785136089.4269431
1785136089.4269431
1785136089.4269431
1785136089.4269431
1785136089.4269431
1785136089.4269431
1785136089.4271650
1785136089.4271650
1785136089.4271650
1785136089.4271650
1785136089.4271650
1785136089.4271650
1785136089.4271650
1785136089.4271650
1785136089.4271650
1785136089.4271650
1785136089.4271650
1785136089.4271650
1785136089.4271650
1785136089.4271650
1785136089.4271650
1785136089.4271650
1785136089.4271650
1785136089.4271650
1785136089.4271650
1785136089.4271650
1785136089.4271650
1785136089.4271650
1785136089.4271650
1785136089.4271650
1785136089.4271650
1785136089.4271650
1785136089.4271650
1785136089.4271650
1785136089.4271650
1785136089.4271650
1785136089.4271650
1785136089.4271650
1785136089.4271650
1785136089.4271650
1785136089.4271650
1785136089.4271650
1785136089.4271650
1785136089.4271650
1785136089.4271650
1785136089.4271650
1785136089.4271650
1785136089.4271650
1785136089.4271650
1785136089.4271650
1785136089.4271650
1785136089.4271650
1785136089.4271650
1785136089.4271650
1785136089.4271650
1785136089.4271650
1785136089.4271650
1785136089.4271650
1785136089.4271650
1785136089.4271650
1785136089.4271650
1785136089.4271650
1785136089.4271650
1785136089.4271650
1785136089.4271650
1785136089.4271650
1785136089.4273880
1785136089.4273880
1785136089.4273880
1785136089.4273880
1785136089.4273880
1785136089.4273880
1785136089.4273880
1785136089.4273880
1785136089.4273880
1785136089.4273880
1785136089.4273880
1785136089.4273880
1785136089.4273880
1785136089.4273880
1785136089.4273880
1785136089.4273880
1785136089.4273880
1785136089.4273880
1785136089.4273880
1785136089.4273880
1785136089.4273880
1785136089.4273880
1785136089.4273880
1785136089.4273880
1785136089.4273880
1785136089.4273880
1785136089.4273880
1785136089.4273880
1785136089.4273880
1785136089.4273880
1785136089.4273880
1785136089.4273880
1785136089.4273880
1785136089.4273880
1785136089.4273880
1785136089.4273880
1785136089.4273880
1785136089.4273880
1785136089.4273880
1785136089.4273880
1785136089.4273880
1785136089.4273880
1785136089.4273880
1785136089.4273880
1785136089.4273880
1785136089.4273880
1785136089.4273880
1785136089.4273880
1785136089.4273880
1785136089.4273880
1785136089.4273880
1785136089.4273880
1785136089.4273880
1785136089.4273880
1785136089.4273880
1785136089.4276099
1785136089.4276099
1785136089.4276099
1785136089.4276099
1785136089.4276099
1785136089.4276099
1785136089.4276099
1785136089.4276099
1785136089.4276099
1785136089.4276099
1785136089.4276099
1785136089.4276099
1785136089.4276099
1785136089.4276099
1785136089.4276099
1785136089.4276099
1785136089.4276099
1785136089.4276099
1785136089.4276099
1785136089.4276099
1785136089.4276099
1785136089.4276099
1785136089.4276099
1785136089.4276099
1785136089.4276099
1785136089.4276099
1785136089.4276099
1785136089.4276099
1785136089.4276099
1785136089.4276099
1785136089.4276099
1785136089.4276099
1785136089.4276099
1785136089.4276099
1785136089.4276099
1785136089.4276099
1785136089.4276099
1785136089.4276099
1785136089.4276099
1785136089.4276099
1785136089.4276099
1785136089.4276099
1785136089.4276099
1785136089.4276099
1785136089.4276099
1785136089.4276099
1785136089.4276099
1785136089.4278319
1785136089.4278319
1785136089.4278319
1785136089.4278319
1785136089.4278319
1785136089.4278319
1785136089.4278319
1785136089.4278319
1785136089.4278319
1785136089.4278319
1785136089.4278319
1785136089.4278319
1785136089.4278319
1785136089.4278319
1785136089.4278319
1785136089.4278319
1785136089.4278319
1785136089.4278319
1785136089.4278319
1785136089.4278319
1785136089.4278319
1785136089.4278319
1785136089.4278319
1785136089.4278319
1785136089.4278319
1785136089.4278319
1785136089.4278319
1785136089.4278319
1785136089.4278319
1785136089.4278319
1785136089.4278319
1785136089.4278319
1785136089.4278319
1785136089.4278319
1785136089.4278319
1785136089.4278319
1785136089.4278319
1785136089.4278319
1785136089.4278319
1785136089.4278319
1785136089.4278319
1785136089.4278319
1785136089.4278319
1785136089.4278319
1785136089.4278319
1785136089.4278319
1785136089.4278319
1785136089.4278319
1785136089.4280541
1785136089.4280541
1785136089.4280541
1785136089.4280541
1785136089.4280541
1785136089.4280541
1785136089.4280541
1785136089.4280541
1785136089.4280541
1785136089.4280541
1785136089.4280541
1785136089.4280541
1785136089.4280541
1785136089.4280541
1785136089.4280541
1785136089.4280541
1785136089.4280541
1785136089.4280541
1785136089.4280541
1785136089.4280541
1785136089.4280541
1785136089.4280541
1785136089.4280541
1785136089.4280541
1785136089.4280541
1785136089.4280541
1785136089.4280541
1785136089.4280541
1785136089.4280541
1785136089.4280541
1785136089.4280541
1785136089.4280541
1785136089.4280541
1785136089.4280541
1785136089.4280541
1785136089.4280541
1785136089.4280541
1785136089.4280541
1785136089.4280541
1785136089.4280541
1785136089.4280541
1785136089.4280541
1785136089.4280541
1785136089.4280541
1785136089.4280541
1785136089.4280541
1785136089.4280541
1785136089.4282761
1785136089.4282761
1785136089.4282761
1785136089.4282761
1785136089.4282761
1785136089.4282761
1785136089.4282761
1785136089.4282761
1785136089.4282761
1785136089.4282761
1785136089.4282761
1785136089.4282761
1785136089.4282761
1785136089.4282761
1785136089.4282761
1785136089.4282761
1785136089.4282761
1785136089.4282761
1785136089.4282761
1785136089.4282761
1785136089.4282761
1785136089.4282761
1785136089.4282761
1785136089.4282761
1785136089.4282761
1785136089.4282761
1785136089.4282761
1785136089.4282761
1785136089.4282761
1785136089.4282761
1785136089.4282761
1785136089.4282761
1785136089.4282761
1785136089.4282761
1785136089.4282761
1785136089.4282761
1785136089.4282761
1785136089.4282761
1785136089.4282761
1785136089.4282761
1785136089.4282761
1785136089.4282761
1785136089.4282761
1785136089.4282761
1785136089.4282761
1785136089.4282761
1785136089.4282761
1785136089.4282761
1785136089.4284980
1785136089.4284980
1785136089.4284980
1785136089.4284980
1785136089.4284980
1785136089.4284980
1785136089.4284980
1785136089.4284980
1785136089.4284980
1785136089.4284980
1785136089.4284980
1785136089.4284980
1785136089.4284980
1785136089.4284980
1785136089.4284980
1785136089.4284980
1785136089.4284980
1785136089.4284980
1785136089.4284980
1785136089.4284980
1785136089.4284980
1785136089.4284980
1785136089.4284980
1785136089.4284980
1785136089.4284980
1785136089.4284980
1785136089.4284980
1785136089.4284980
1785136089.4284980
1785136089.4284980
1785136089.4284980
1785136089.4284980
1785136089.4284980
1785136089.4284980
1785136089.4284980
1785136089.4284980
1785136089.4284980
1785136089.4284980
1785136089.4284980
1785136089.4284980
1785136089.4284980
1785136089.4284980
1785136089.4284980
1785136089.4284980
1785136089.4284980
1785136089.4284980
1785136089.4284980
1785136089.4284980
1785136089.4287210
1785136089.4287210
1785136089.4287210
1785136089.4287210
1785136089.4287210
1785136089.4287210
1785136089.4287210
1785136089.4287210
1785136089.4287210
1785136089.4287210
1785136089.4287210
1785136089.4287210
1785136089.4287210
1785136089.4287210
1785136089.4287210
1785136089.4287210
1785136089.4287210
1785136089.4287210
1785136089.4287210
1785136089.4287210
1785136089.4287210
1785136089.4287210
1785136089.4287210
1785136089.4287210
1785136089.4287210
1785136089.4287210
1785136089.4287210
1785136089.4287210
1785136089.4287210
1785136089.4287210
1785136089.4287210
1785136089.4287210
1785136089.4287210
1785136089.4287210
1785136089.4287210
1785136089.4287210
1785136089.4287210
1785136089.4287210
1785136089.4287210
1785136089.4287210
1785136089.4287210
1785136089.4287210
1785136089.4287210
1785136089.4287210
1785136089.4287210
1785136089.4287210
1785136089.4287210
1785136089.4287210
1785136089.4287210
1785136089.4289429
1785136089.4289429
1785136089.4289429
1785136089.4289429
1785136089.4289429
1785136089.4289429
1785136089.4289429
1785136089.4289429
1785136089.4289429
1785136089.4289429
1785136089.4289429
1785136089.4289429
1785136089.4289429
1785136089.4289429
1785136089.4289429
1785136089.4289429
1785136089.4289429
1785136089.4289429
1785136089.4289429
1785136089.4289429
1785136089.4289429
1785136089.4289429
1785136089.4289429
1785136089.4289429
1785136089.4289429
1785136089.4289429
1785136089.4289429
1785136089.4289429
1785136089.4289429
1785136089.4289429
1785136089.4289429
1785136089.4289429
1785136089.4289429
1785136089.4289429
1785136089.4289429
1785136089.4289429
1785136089.4289429
1785136089.4289429
1785136089.4289429
1785136089.4289429
1785136089.4289429
1785136089.4289429
1785136089.4289429
1785136089.4289429
1785136089.4289429
1785136089.4289429
1785136089.4289429
1785136089.4289429
1785136089.4289429
1785136089.4291649
1785136089.4291649
1785136089.4291649
1785136089.4291649
1785136089.4291649
1785136089.4291649
1785136089.4291649
1785136089.4291649
1785136089.4291649
1785136089.4291649
1785136089.4291649
1785136089.4291649
1785136089.4291649
1785136089.4291649
1785136089.4291649
1785136089.4291649
1785136089.4291649
1785136089.4291649
1785136089.4291649
1785136089.4291649
1785136089.4291649
1785136089.4291649
1785136089.4291649
1785136089.4291649
1785136089.4291649
1785136089.4291649
1785136089.4291649
1785136089.4291649
1785136089.4291649
1785136089.4291649
1785136089.4291649
1785136089.4291649
1785136089.4291649
1785136089.4291649
1785136089.4291649
1785136089.4291649
1785136089.4291649
1785136089.4291649
1785136089.4291649
1785136089.4291649
1785136089.4291649
1785136089.4291649
1785136089.4291649
1785136089.4291649
1785136089.4291649
1785136089.4291649
1785136089.4291649
1785136089.4291649
1785136089.4291649
1785136089.4293871
1785136089.4293871
1785136089.4293871
1785136089.4293871
1785136089.4293871
1785136089.4293871
1785136089.4293871
1785136089.4293871
1785136089.4293871
1785136089.4293871
1785136089.4293871
1785136089.4293871
1785136089.4293871
1785136089.4293871
1785136089.4293871
1785136089.4293871
1785136089.4293871
1785136089.4293871
1785136089.4293871
1785136089.4293871
1785136089.4293871
1785136089.4293871
1785136089.4293871
1785136089.4293871
1785136089.4293871
1785136089.4293871
1785136089.4293871
1785136089.4293871
1785136089.4293871
1785136089.4293871
1785136089.4293871
1785136089.4293871
1785136089.4293871
1785136089.4293871
1785136089.4293871
1785136089.4293871
1785136089.4293871
1785136089.4293871
1785136089.4293871
1785136089.4293871
1785136089.4293871
1785136089.4293871
1785136089.4293871
1785136089.4293871
1785136089.4293871
1785136089.4293871
1785136089.4293871
1785136089.4293871
1785136089.4293871
1785136089.4296091
1785136089.4296091
1785136089.4296091
1785136089.4296091
1785136089.4296091
1785136089.4296091
1785136089.4296091
1785136089.4296091
1785136089.4296091
1785136089.4296091
1785136089.4296091
1785136089.4296091
1785136089.4296091
1785136089.4296091
1785136089.4296091
1785136089.4296091
1785136089.4296091
1785136089.4296091
1785136089.4296091
1785136089.4296091
1785136089.4296091
1785136089.4296091
1785136089.4296091
1785136089.4296091
1785136089.4296091
1785136089.4296091
1785136089.4296091
1785136089.4296091
1785136089.4296091
1785136089.4296091
1785136089.4296091
1785136089.4296091
1785136089.4296091
1785136089.4296091
1785136089.4296091
1785136089.4296091
1785136089.4296091
1785136089.4296091
1785136089.4296091
1785136089.4296091
1785136089.4296091
1785136089.4296091
1785136089.4296091
1785136089.4296091
1785136089.4296091
1785136089.4296091
1785136089.4296091
1785136089.4296091
1785136089.4296091
1785136089.4298320
1785136089.4298320
1785136089.4298320
1785136089.4298320
1785136089.4298320
1785136089.4298320
1785136089.4298320
1785136089.4298320
1785136089.4298320
1785136089.4298320
1785136089.4298320
1785136089.4298320
1785136089.4298320
1785136089.4298320
1785136089.4298320
1785136089.4298320
1785136089.4298320
1785136089.4298320
1785136089.4298320
1785136089.4298320
1785136089.4298320
1785136089.4298320
1785136089.4298320
1785136089.4298320
1785136089.4298320
1785136089.4298320
1785136089.4298320
1785136089.4298320
1785136089.4298320
1785136089.4298320
1785136089.4298320
1785136089.4298320
1785136089.4298320
1785136089.4298320
1785136089.4298320
1785136089.4298320
1785136089.4298320
1785136089.4298320
1785136089.4298320
1785136089.4298320
1785136089.4298320
1785136089.4298320
1785136089.4298320
1785136089.4298320
1785136089.4298320
1785136089.4298320
1785136089.4298320
1785136089.4298320
1785136089.4298320
1785136089.4300539
1785136089.4300539
1785136089.4300539
1785136089.4300539
1785136089.4300539
1785136089.4300539
1785136089.4300539
1785136089.4300539
1785136089.4300539
1785136089.4300539
1785136089.4300539
1785136089.4300539
1785136089.4300539
1785136089.4300539
1785136089.4300539
1785136089.4300539
1785136089.4300539
1785136089.4300539
1785136089.4300539
1785136089.4300539
1785136089.4300539
1785136089.4300539
1785136089.4300539
1785136089.4300539
1785136089.4300539
1785136089.4300539
1785136089.4300539
1785136089.4300539
1785136089.4300539
1785136089.4300539
1785136089.4300539
1785136089.4300539
1785136089.4300539
1785136089.4300539
1785136089.4300539
1785136089.4300539
1785136089.4300539
1785136089.4300539
1785136089.4300539
1785136089.4300539
1785136089.4300539
1785136089.4300539
1785136089.4300539
1785136089.4300539
1785136089.4300539
1785136089.4300539
1785136089.4300539
1785136089.4300539
1785136089.4300539
1785136089.4300539
1785136089.4302759
1785136089.4302759
1785136089.4302759
1785136089.4302759
1785136089.4302759
1785136089.4302759
1785136089.4302759
1785136089.4302759
1785136089.4302759
1785136089.4302759
1785136089.4302759
1785136089.4302759
1785136089.4302759
1785136089.4302759
1785136089.4302759
1785136089.4302759
1785136089.4302759
1785136089.4302759
1785136089.4302759
1785136089.4302759
1785136089.4302759
1785136089.4302759
1785136089.4302759
1785136089.4302759
1785136089.4302759
1785136089.4302759
1785136089.4302759
1785136089.4302759
1785136089.4302759
1785136089.4302759
1785136089.4302759
1785136089.4302759
1785136089.4302759
1785136089.4302759
1785136089.4302759
1785136089.4302759
1785136089.4302759
1785136089.4302759
1785136089.4302759
1785136089.4302759
1785136089.4302759
1785136089.4302759
1785136089.4302759
1785136089.4302759
1785136089.4302759
1785136089.4302759
1785136089.4302759
1785136089.4302759
1785136089.4302759
1785136089.4302759
1785136089.4304979
1785136089.4304979
1785136089.4304979
1785136089.4304979
1785136089.4304979
1785136089.4304979
1785136089.4304979
1785136089.4304979
1785136089.4304979
1785136089.4304979
1785136089.4304979
1785136089.4304979
1785136089.4304979
1785136089.4304979
1785136089.4304979
1785136089.4304979
1785136089.4304979
1785136089.4304979
1785136089.4304979
1785136089.4304979
1785136089.4304979
1785136089.4304979
1785136089.4304979
1785136089.4304979
1785136089.4304979
1785136089.4304979
1785136089.4304979
1785136089.4304979
1785136089.4304979
1785136089.4304979
1785136089.4304979
1785136089.4304979
1785136089.4304979
1785136089.4304979
1785136089.4304979
1785136089.4304979
1785136089.4304979
1785136089.4304979
1785136089.4304979
1785136089.4304979
1785136089.4304979
1785136089.4304979
1785136089.4304979
1785136089.4304979
1785136089.4304979
1785136089.4304979
1785136089.4304979
1785136089.4304979
1785136089.4304979
1785136089.4304979
1785136089.4307201
1785136089.4307201
1785136089.4307201
1785136089.4307201
1785136089.4307201
1785136089.4307201
1785136089.4307201
1785136089.4307201
1785136089.4307201
1785136089.4307201
1785136089.4307201
1785136089.4307201
1785136089.4307201
1785136089.4307201
1785136089.4307201
1785136089.4307201
1785136089.4307201
1785136089.4307201
1785136089.4307201
1785136089.4307201
1785136089.4307201
1785136089.4307201
1785136089.4307201
1785136089.4307201
1785136089.4307201
1785136089.4307201
1785136089.4307201
1785136089.4307201
1785136089.4307201
1785136089.4307201
1785136089.4307201
1785136089.4307201
1785136089.4307201
1785136089.4307201
1785136089.4307201
1785136089.4307201
1785136089.4307201
1785136089.4307201
1785136089.4307201
1785136089.4307201
1785136089.4307201
1785136089.4307201
1785136089.4307201
1785136089.4307201
1785136089.4307201
1785136089.4307201
1785136089.4307201
1785136089.4307201
1785136089.4307201
1785136089.4307201
1785136089.4309430
1785136089.4309430
1785136089.4309430
1785136089.4309430
1785136089.4309430
1785136089.4309430
1785136089.4309430
1785136089.4309430
1785136089.4309430
1785136089.4309430
1785136089.4309430
1785136089.4309430
1785136089.4309430
1785136089.4309430
1785136089.4309430
1785136089.4309430
1785136089.4309430
1785136089.4309430
1785136089.4309430
1785136089.4309430
1785136089.4309430
1785136089.4309430
1785136089.4309430
1785136089.4309430
1785136089.4309430
1785136089.4309430
1785136089.4309430
1785136089.4309430
1785136089.4309430
1785136089.4309430
1785136089.4309430
1785136089.4309430
1785136089.4309430
1785136089.4309430
1785136089.4309430
1785136089.4309430
1785136089.4309430
1785136089.4309430
1785136089.4309430
1785136089.4309430
1785136089.4309430
1785136089.4309430
1785136089.4309430
1785136089.4309430
1785136089.4309430
1785136089.4309430
1785136089.4309430
1785136089.4309430
1785136089.4309430
1785136089.4309430
1785136089.4311650
1785136089.4311650
1785136089.4311650
1785136089.4311650
1785136089.4311650
1785136089.4311650
1785136089.4311650
1785136089.4311650
1785136089.4311650
1785136089.4311650
1785136089.4311650
1785136089.4311650
1785136089.4311650
1785136089.4311650
1785136089.4311650
1785136089.4311650
1785136089.4311650
1785136089.4311650
1785136089.4311650
1785136089.4311650
1785136089.4311650
1785136089.4311650
1785136089.4311650
1785136089.4311650
1785136089.4311650
1785136089.4311650
1785136089.4311650
1785136089.4311650
1785136089.4311650
1785136089.4311650
1785136089.4311650
1785136089.4311650
1785136089.4311650
1785136089.4311650
1785136089.4311650
1785136089.4311650
1785136089.4311650
1785136089.4311650
1785136089.4311650
1785136089.4311650
1785136089.4311650
1785136089.4311650
1785136089.4311650
1785136089.4311650
1785136089.4311650
1785136089.4311650
1785136089.4311650
1785136089.4311650
1785136089.4311650
1785136089.4311650
1785136089.4313869
1785136089.4313869
1785136089.4313869
1785136089.4313869
1785136089.4313869
1785136089.4313869
1785136089.4313869
1785136089.4313869
1785136089.4313869
1785136089.4313869
1785136089.4313869
1785136089.4313869
1785136089.4313869
1785136089.4313869
1785136089.4313869
1785136089.4313869
1785136089.4313869
1785136089.4313869
1785136089.4313869
1785136089.4313869
1785136089.4313869
1785136089.4313869
1785136089.4313869
1785136089.4313869
1785136089.4313869
1785136089.4313869
1785136089.4313869
1785136089.4313869
1785136089.4313869
1785136089.4313869
1785136089.4313869
1785136089.4313869
1785136089.4313869
1785136089.4313869
1785136089.4313869
1785136089.4313869
1785136089.4313869
1785136089.4313869
1785136089.4313869
1785136089.4313869
1785136089.4313869
1785136089.4313869
1785136089.4313869
1785136089.4313869
1785136089.4313869
1785136089.4313869
1785136089.4313869
1785136089.4313869
1785136089.4313869
1785136089.4313869
1785136089.4316089
1785136089.4316089
1785136089.4316089
1785136089.4316089
1785136089.4316089
1785136089.4316089
1785136089.4316089
1785136089.4316089
1785136089.4316089
1785136089.4316089
1785136089.4316089
1785136089.4316089
1785136089.4316089
1785136089.4316089
1785136089.4316089
1785136089.4316089
1785136089.4316089
1785136089.4316089
1785136089.4316089
1785136089.4316089
1785136089.4316089
1785136089.4316089
1785136089.4316089
1785136089.4316089
1785136089.4316089
1785136089.4316089
1785136089.4316089
1785136089.4316089
1785136089.4316089
1785136089.4316089
1785136089.4316089
1785136089.4316089
1785136089.4316089
1785136089.4316089
1785136089.4316089
1785136089.4316089
1785136089.4316089
1785136089.4316089
1785136089.4316089
1785136089.4316089
1785136089.4316089
1785136089.4316089
1785136089.4316089
1785136089.4316089
1785136089.4316089
1785136089.4316089
1785136089.4316089
1785136089.4316089
1785136089.4316089
1785136089.4316089
1785136089.4318309
1785136089.4318309
1785136089.4318309
1785136089.4318309
1785136089.4318309
1785136089.4318309
1785136089.4318309
1785136089.4318309
1785136089.4318309
1785136089.4318309
1785136089.4318309
1785136089.4318309
1785136089.4318309
1785136089.4318309
1785136089.4318309
1785136089.4318309
1785136089.4318309
1785136089.4318309
1785136089.4318309
1785136089.4318309
1785136089.4318309
1785136089.4318309
1785136089.4318309
1785136089.4318309
1785136089.4318309
1785136089.4318309
1785136089.4318309
1785136089.4318309
1785136089.4318309
1785136089.4318309
1785136089.4318309
1785136089.4318309
1785136089.4318309
1785136089.4318309
1785136089.4318309
1785136089.4318309
1785136089.4318309
1785136089.4318309
1785136089.4318309
1785136089.4318309
1785136089.4318309
1785136089.4318309
1785136089.4318309
1785136089.4318309
1785136089.4318309
1785136089.4318309
1785136089.4318309
1785136089.4318309
1785136089.4318309
1785136089.4318309
1785136089.4318309
1785136089.4320540
1785136089.4320540
1785136089.4320540
1785136089.4320540
1785136089.4320540
1785136089.4320540
1785136089.4320540
1785136089.4320540
1785136089.4320540
1785136089.4320540
1785136089.4320540
1785136089.4320540
1785136089.4320540
1785136089.4320540
1785136089.4320540
1785136089.4320540
1785136089.4320540
1785136089.4320540
1785136089.4320540
1785136089.4320540
1785136089.4320540
1785136089.4320540
1785136089.4320540
1785136089.4320540
1785136089.4320540
1785136089.4320540
1785136089.4320540
1785136089.4320540
1785136089.4320540
1785136089.4320540
1785136089.4320540
1785136089.4320540
1785136089.4320540
1785136089.4320540
1785136089.4320540
1785136089.4320540
1785136089.4320540
1785136089.4320540
1785136089.4320540
1785136089.4320540
1785136089.4320540
1785136089.4320540
1785136089.4320540
1785136089.4320540
1785136089.4320540
1785136089.4320540
1785136089.4320540
1785136089.4320540
1785136089.4320540
1785136089.4320540
1785136089.4320540
1785136089.4322760
1785136089.4322760
1785136089.4322760
1785136089.4322760
1785136089.4322760
1785136089.4322760
1785136089.4322760
1785136089.4322760
1785136089.4322760
1785136089.4322760
1785136089.4322760
1785136089.4322760
1785136089.4322760
1785136089.4322760
1785136089.4322760
1785136089.4322760
1785136089.4322760
1785136089.4322760
1785136089.4322760
1785136089.4322760
1785136089.4322760
1785136089.4322760
1785136089.4322760
1785136089.4322760
1785136089.4322760
1785136089.4322760
1785136089.4322760
1785136089.4322760
1785136089.4322760
1785136089.4322760
1785136089.4322760
1785136089.4322760
1785136089.4322760
1785136089.4322760
1785136089.4322760
1785136089.4322760
1785136089.4322760
1785136089.4322760
1785136089.4322760
1785136089.4322760
1785136089.4322760
1785136089.4322760
1785136089.4322760
1785136089.4322760
1785136089.4322760
1785136089.4322760
1785136089.4322760
1785136089.4322760
1785136089.4322760
1785136089.4322760
1785136089.4322760
1785136089.4324980
1785136089.4324980
1785136089.4324980
1785136089.4324980
1785136089.4324980
1785136089.4324980
1785136089.4324980
1785136089.4324980
1785136089.4324980
1785136089.4324980
1785136089.4324980
1785136089.4324980
1785136089.4324980
1785136089.4324980
1785136089.4324980
1785136089.4324980
1785136089.4324980
1785136089.4324980
1785136089.4324980
1785136089.4324980
1785136089.4324980
1785136089.4324980
1785136089.4324980
1785136089.4324980
1785136089.4324980
1785136089.4324980
1785136089.4324980
1785136089.4324980
1785136089.4324980
1785136089.4324980
1785136089.4324980
1785136089.4324980
1785136089.4324980
1785136089.4324980
1785136089.4324980
1785136089.4324980
1785136089.4324980
1785136089.4324980
1785136089.4324980
1785136089.4324980
1785136089.4324980
1785136089.4324980
1785136089.4324980
1785136089.4324980
1785136089.4324980
1785136089.4324980
1785136089.4324980
1785136089.4324980
1785136089.4324980
1785136089.4324980
1785136089.4324980
1785136089.4327199
1785136089.4327199
1785136089.4327199
1785136089.4327199
1785136089.4327199
1785136089.4327199
1785136089.4327199
1785136089.4327199
1785136089.4327199
1785136089.4327199
1785136089.4327199
1785136089.4327199
1785136089.4327199
1785136089.4327199
1785136089.4327199
1785136089.4327199
1785136089.4327199
1785136089.4327199
1785136089.4327199
1785136089.4327199
1785136089.4327199
1785136089.4327199
1785136089.4327199
1785136089.4327199
1785136089.4327199
1785136089.4327199
1785136089.4327199
1785136089.4327199
1785136089.4327199
1785136089.4327199
1785136089.4327199
1785136089.4327199
1785136089.4327199
1785136089.4327199
1785136089.4327199
1785136089.4327199
1785136089.4327199
1785136089.4327199
1785136089.4327199
1785136089.4327199
1785136089.4327199
1785136089.4327199
1785136089.4327199
1785136089.4327199
1785136089.4327199
1785136089.4327199
1785136089.4327199
1785136089.4327199
1785136089.4327199
1785136089.4327199
1785136089.4327199
1785136089.4329419
1785136089.4329419
1785136089.4329419
1785136089.4329419
1785136089.4329419
1785136089.4329419
1785136089.4329419
1785136089.4329419
1785136089.4329419
1785136089.4329419
1785136089.4329419
1785136089.4329419
1785136089.4329419
1785136089.4329419
1785136089.4329419
1785136089.4329419
1785136089.4329419
1785136089.4329419
1785136089.4329419
1785136089.4329419
1785136089.4329419
1785136089.4329419
1785136089.4329419
1785136089.4329419
1785136089.4329419
1785136089.4329419
1785136089.4329419
1785136089.4329419
1785136089.4329419
1785136089.4329419
1785136089.4329419
1785136089.4329419
1785136089.4329419
1785136089.4329419
1785136089.4329419
1785136089.4329419
1785136089.4329419
1785136089.4329419
1785136089.4329419
1785136089.4329419
1785136089.4329419
1785136089.4329419
1785136089.4329419
1785136089.4329419
1785136089.4329419
1785136089.4329419
1785136089.4329419
1785136089.4329419
1785136089.4329419
1785136089.4329419
1785136089.4329419
1785136089.4331651
1785136089.4331651
1785136089.4331651
1785136089.4331651
1785136089.4331651
1785136089.4331651
1785136089.4331651
1785136089.4331651
1785136089.4331651
1785136089.4331651
1785136089.4331651
1785136089.4331651
1785136089.4331651
1785136089.4331651
1785136089.4331651
1785136089.4331651
1785136089.4331651
1785136089.4331651
1785136089.4331651
1785136089.4331651
1785136089.4331651
1785136089.4331651
1785136089.4331651
1785136089.4331651
1785136089.4331651
1785136089.4331651
1785136089.4331651
1785136089.4331651
1785136089.4331651
1785136089.4331651
1785136089.4331651
1785136089.4331651
1785136089.4331651
1785136089.4331651
1785136089.4331651
1785136089.4331651
1785136089.4331651
1785136089.4331651
1785136089.4331651
1785136089.4331651
1785136089.4331651
1785136089.4331651
1785136089.4331651
1785136089.4331651
1785136089.4331651
1785136089.4331651
1785136089.4331651
1785136089.4331651
1785136089.4331651
1785136089.4331651
1785136089.4331651
1785136089.4333870
1785136089.4333870
1785136089.4333870
1785136089.4333870
1785136089.4333870
1785136089.4333870
1785136089.4333870
1785136089.4333870
1785136089.4333870
1785136089.4333870
1785136089.4333870
1785136089.4333870
1785136089.4333870
1785136089.4333870
1785136089.4333870
1785136089.4333870
1785136089.4333870
1785136089.4333870
1785136089.4333870
1785136089.4333870
1785136089.4333870
1785136089.4333870
1785136089.4333870
1785136089.4333870
1785136089.4333870
1785136089.4333870
1785136089.4333870
1785136089.4333870
1785136089.4333870
1785136089.4333870
1785136089.4333870
1785136089.4333870
1785136089.4333870
1785136089.4333870
1785136089.4333870
1785136089.4333870
1785136089.4333870
1785136089.4333870
1785136089.4333870
1785136089.4333870
1785136089.4333870
1785136089.4333870
1785136089.4333870
1785136089.4333870
1785136089.4333870
1785136089.4333870
1785136089.4333870
1785136089.4333870
1785136089.4333870
1785136089.4333870
1785136089.4333870
1785136089.4336090
1785136089.4336090
1785136089.4336090
1785136089.4336090
1785136089.4336090
1785136089.4336090
1785136089.4336090
1785136089.4336090
1785136089.4336090
1785136089.4336090
1785136089.4336090
1785136089.4336090
1785136089.4336090
1785136089.4336090
1785136089.4336090
1785136089.4336090
1785136089.4336090
1785136089.4336090
1785136089.4336090
1785136089.4336090
1785136089.4336090
1785136089.4336090
1785136089.4336090
1785136089.4336090
1785136089.4336090
1785136089.4336090
1785136089.4336090
1785136089.4336090
1785136089.4336090
1785136089.4336090
1785136089.4336090
1785136089.4336090
1785136089.4336090
1785136089.4336090
1785136089.4336090
1785136089.4336090
1785136089.4336090
1785136089.4336090
1785136089.4336090
1785136089.4336090
1785136089.4336090
1785136089.4336090
1785136089.4336090
1785136089.4336090
1785136089.4336090
1785136089.4336090
1785136089.4336090
1785136089.4336090
1785136089.4336090
1785136089.4336090
1785136089.4336090
1785136089.4338310
1785136089.4338310
1785136089.4338310
1785136089.4338310
1785136089.4338310
1785136089.4338310
1785136089.4338310
1785136089.4338310
1785136089.4338310
1785136089.4338310
1785136089.4338310
1785136089.4338310
1785136089.4338310
1785136089.4338310
1785136089.4338310
1785136089.4338310
1785136089.4338310
1785136089.4338310
1785136089.4338310
1785136089.4338310
1785136089.4338310
1785136089.4338310
1785136089.4338310
1785136089.4338310
1785136089.4338310
1785136089.4338310
1785136089.4338310
1785136089.4338310
1785136089.4338310
1785136089.4338310
1785136089.4338310
1785136089.4338310
1785136089.4338310
1785136089.4338310
1785136089.4338310
1785136089.4338310
1785136089.4338310
1785136089.4338310
1785136089.4338310
1785136089.4338310
1785136089.4338310
1785136089.4338310
1785136089.4338310
1785136089.4338310
1785136089.4338310
1785136089.4338310
1785136089.4338310
1785136089.4338310
1785136089.4338310
1785136089.4338310
1785136089.4338310
1785136089.4338310
1785136089.4340529
1785136089.4340529
1785136089.4340529
1785136089.4340529
1785136089.4340529
1785136089.4340529
1785136089.4340529
1785136089.4340529
1785136089.4340529
1785136089.4340529
1785136089.4340529
1785136089.4340529
1785136089.4340529
1785136089.4340529
1785136089.4340529
1785136089.4340529
1785136089.4340529
1785136089.4340529
1785136089.4340529
1785136089.4340529
1785136089.4340529
1785136089.4340529
1785136089.4340529
1785136089.4340529
1785136089.4340529
1785136089.4340529
1785136089.4340529
1785136089.4340529
1785136089.4340529
1785136089.4340529
1785136089.4340529
1785136089.4340529
1785136089.4340529
1785136089.4340529
1785136089.4340529
1785136089.4340529
1785136089.4340529
1785136089.4340529
1785136089.4340529
1785136089.4340529
1785136089.4340529
1785136089.4340529
1785136089.4340529
1785136089.4340529
1785136089.4340529
1785136089.4340529
1785136089.4340529
1785136089.4340529
1785136089.4340529
1785136089.4340529
1785136089.4340529
1785136089.4340529
1785136089.4342761
1785136089.4342761
1785136089.4342761
1785136089.4342761
1785136089.4342761
1785136089.4342761
1785136089.4342761
1785136089.4342761
1785136089.4342761
1785136089.4342761
1785136089.4342761
1785136089.4342761
1785136089.4342761
1785136089.4342761
1785136089.4342761
1785136089.4342761
1785136089.4342761
1785136089.4342761
1785136089.4342761
1785136089.4342761
1785136089.4342761
1785136089.4342761
1785136089.4342761
1785136089.4342761
1785136089.4342761
1785136089.4342761
1785136089.4342761
1785136089.4342761
1785136089.4342761
1785136089.4342761
1785136089.4342761
1785136089.4342761
1785136089.4342761
1785136089.4342761
1785136089.4342761
1785136089.4342761
1785136089.4342761
1785136089.4342761
1785136089.4342761
1785136089.4342761
1785136089.4342761
1785136089.4342761
1785136089.4342761
1785136089.4342761
1785136089.4342761
1785136089.4342761
1785136089.4342761
1785136089.4342761
1785136089.4342761
1785136089.4342761
1785136089.4342761
1785136089.4342761
1785136089.4344981
1785136089.4344981
1785136089.4344981
1785136089.4344981
1785136089.4344981
1785136089.4344981
1785136089.4344981
1785136089.4344981
1785136089.4344981
1785136089.4344981
1785136089.4344981
1785136089.4344981
1785136089.4344981
1785136089.4344981
1785136089.4344981
1785136089.4344981
1785136089.4344981
1785136089.4344981
1785136089.4344981
1785136089.4344981
1785136089.4344981
1785136089.4344981
1785136089.4344981
1785136089.4344981
1785136089.4344981
1785136089.4344981
1785136089.4344981
1785136089.4344981
1785136089.4344981
1785136089.4344981
1785136089.4344981
1785136089.4344981
1785136089.4344981
1785136089.4344981
1785136089.4344981
1785136089.4344981
1785136089.4344981
1785136089.4344981
1785136089.4344981
1785136089.4344981
1785136089.4344981
1785136089.4344981
1785136089.4344981
1785136089.4344981
1785136089.4344981
1785136089.4344981
1785136089.4344981
1785136089.4344981
1785136089.4344981
1785136089.4344981
1785136089.4344981
1785136089.4344981
1785136089.4347200
1785136089.4347200
1785136089.4347200
1785136089.4347200
1785136089.4347200
1785136089.4347200
1785136089.4347200
1785136089.4347200
1785136089.4347200
1785136089.4347200
1785136089.4347200
1785136089.4347200
1785136089.4347200
1785136089.4347200
1785136089.4347200
1785136089.4347200
1785136089.4347200
1785136089.4347200
1785136089.4347200
1785136089.4347200
1785136089.4347200
1785136089.4347200
1785136089.4347200
1785136089.4347200
1785136089.4347200
1785136089.4347200
1785136089.4347200
1785136089.4347200
1785136089.4347200
1785136089.4347200
1785136089.4347200
1785136089.4347200
1785136089.4347200
1785136089.4347200
1785136089.4347200
1785136089.4347200
1785136089.4347200
1785136089.4347200
1785136089.4347200
1785136089.4347200
1785136089.4347200
1785136089.4347200
1785136089.4347200
1785136089.4347200
1785136089.4347200
1785136089.4347200
1785136089.4347200
1785136089.4347200
1785136089.4347200
1785136089.4347200
1785136089.4347200
1785136089.4347200
1785136089.4349420
1785136089.4349420
1785136089.4349420
1785136089.4349420
1785136089.4349420
1785136089.4349420
1785136089.4349420
1785136089.4349420
1785136089.4349420
1785136089.4349420
1785136089.4349420
1785136089.4349420
1785136089.4349420
1785136089.4349420
1785136089.4349420
1785136089.4349420
1785136089.4349420
1785136089.4349420
1785136089.4349420
1785136089.4349420
1785136089.4349420
1785136089.4349420
1785136089.4349420
1785136089.4349420
1785136089.4349420
1785136089.4349420
1785136089.4349420
1785136089.4349420
1785136089.4349420
1785136089.4349420
1785136089.4349420
1785136089.4349420
1785136089.4349420
1785136089.4349420
1785136089.4349420
1785136089.4349420
1785136089.4349420
1785136089.4349420
1785136089.4349420
1785136089.4349420
1785136089.4349420
1785136089.4349420
1785136089.4349420
1785136089.4349420
1785136089.4349420
1785136089.4349420
1785136089.4349420
1785136089.4349420
1785136089.4349420
1785136089.4349420
1785136089.4349420
1785136089.4349420
1785136089.4351649
1785136089.4351649
1785136089.4351649
1785136089.4351649
1785136089.4351649
1785136089.4351649
1785136089.4351649
1785136089.4351649
1785136089.4351649
1785136089.4351649
1785136089.4351649
1785136089.4351649
1785136089.4351649
1785136089.4351649
1785136089.4351649
1785136089.4351649
1785136089.4351649
1785136089.4351649
1785136089.4351649
1785136089.4351649
1785136089.4351649
1785136089.4351649
1785136089.4351649
1785136089.4351649
1785136089.4351649
1785136089.4351649
1785136089.4351649
1785136089.4351649
1785136089.4351649
1785136089.4351649
1785136089.4351649
1785136089.4351649
1785136089.4351649
1785136089.4351649
1785136089.4351649
1785136089.4351649
1785136089.4351649
1785136089.4351649
1785136089.4351649
1785136089.4351649
1785136089.4351649
1785136089.4351649
1785136089.4351649
1785136089.4351649
1785136089.4351649
1785136089.4351649
1785136089.4351649
1785136089.4351649
1785136089.4351649
1785136089.4351649
1785136089.4351649
1785136089.4351649
1785136089.4353869
1785136089.4353869
1785136089.4353869
1785136089.4353869
1785136089.4353869
1785136089.4353869
1785136089.4353869
1785136089.4353869
1785136089.4353869
1785136089.4353869
1785136089.4353869
1785136089.4353869
1785136089.4353869
1785136089.4353869
1785136089.4353869
1785136089.4353869
1785136089.4353869
1785136089.4353869
1785136089.4353869
1785136089.4353869
1785136089.4353869
1785136089.4353869
1785136089.4353869
1785136089.4353869
1785136089.4353869
1785136089.4353869
1785136089.4353869
1785136089.4353869
1785136089.4353869
1785136089.4353869
1785136089.4353869
1785136089.4353869
1785136089.4353869
1785136089.4353869
1785136089.4353869
1785136089.4353869
1785136089.4353869
1785136089.4353869
1785136089.4353869
1785136089.4353869
1785136089.4353869
1785136089.4353869
1785136089.4353869
1785136089.4353869
1785136089.4353869
1785136089.4353869
1785136089.4353869
1785136089.4353869
1785136089.4353869
1785136089.4353869
1785136089.4353869
1785136089.4353869
1785136089.4356091
1785136089.4356091
1785136089.4356091
1785136089.4356091
1785136089.4356091
1785136089.4356091
1785136089.4356091
1785136089.4356091
1785136089.4356091
1785136089.4356091
1785136089.4356091
1785136089.4356091
1785136089.4356091
1785136089.4356091
1785136089.4356091
1785136089.4356091
1785136089.4356091
1785136089.4356091
1785136089.4356091
1785136089.4356091
1785136089.4356091
1785136089.4356091
1785136089.4356091
1785136089.4356091
1785136089.4356091
1785136089.4356091
1785136089.4356091
1785136089.4356091
1785136089.4356091
1785136089.4356091
1785136089.4356091
1785136089.4356091
1785136089.4356091
1785136089.4356091
1785136089.4356091
1785136089.4356091
1785136089.4356091
1785136089.4356091
1785136089.4356091
1785136089.4356091
1785136089.4356091
1785136089.4356091
1785136089.4356091
1785136089.4356091
1785136089.4356091
1785136089.4356091
1785136089.4356091
1785136089.4356091
1785136089.4356091
1785136089.4356091
1785136089.4356091
1785136089.4356091
1785136089.4358311
1785136089.4358311
1785136089.4358311
1785136089.4358311
1785136089.4358311
1785136089.4358311
1785136089.4358311
1785136089.4358311
1785136089.4358311
1785136089.4358311
1785136089.4358311
1785136089.4358311
1785136089.4358311
1785136089.4358311
1785136089.4358311
1785136089.4358311
1785136089.4358311
1785136089.4358311
1785136089.4358311
1785136089.4358311
1785136089.4358311
1785136089.4358311
1785136089.4358311
1785136089.4358311
1785136089.4358311
1785136089.4358311
1785136089.4358311
1785136089.4358311
1785136089.4358311
1785136089.4358311
1785136089.4358311
1785136089.4358311
1785136089.4358311
1785136089.4358311
1785136089.4358311
1785136089.4358311
1785136089.4358311
1785136089.4358311
1785136089.4358311
1785136089.4358311
1785136089.4358311
1785136089.4358311
1785136089.4358311
1785136089.4358311
1785136089.4358311
1785136089.4358311
1785136089.4358311
1785136089.4358311
1785136089.4358311
1785136089.4358311
1785136089.4358311
1785136089.4358311
1785136089.4360530
1785136089.4360530
1785136089.4360530
1785136089.4360530
1785136089.4360530
1785136089.4360530
1785136089.4360530
1785136089.4360530
1785136089.4360530
1785136089.4360530
1785136089.4360530
1785136089.4360530
1785136089.4360530
1785136089.4360530
1785136089.4360530
1785136089.4360530
1785136089.4360530
1785136089.4360530
1785136089.4360530
1785136089.4360530
1785136089.4360530
1785136089.4360530
1785136089.4360530
1785136089.4360530
1785136089.4360530
1785136089.4360530
1785136089.4360530
1785136089.4360530
1785136089.4360530
1785136089.4360530
1785136089.4360530
1785136089.4360530
1785136089.4360530
1785136089.4360530
1785136089.4360530
1785136089.4360530
1785136089.4360530
1785136089.4360530
1785136089.4360530
1785136089.4360530
1785136089.4360530
1785136089.4360530
1785136089.4360530
1785136089.4360530
1785136089.4360530
1785136089.4360530
1785136089.4360530
1785136089.4360530
1785136089.4360530
1785136089.4360530
1785136089.4360530
1785136089.4360530
1785136089.4362760
1785136089.4362760
1785136089.4362760
1785136089.4362760
1785136089.4362760
1785136089.4362760
1785136089.4362760
1785136089.4362760
1785136089.4362760
1785136089.4362760
1785136089.4362760
1785136089.4362760
1785136089.4362760
1785136089.4362760
1785136089.4362760
1785136089.4362760
1785136089.4362760
1785136089.4362760
1785136089.4362760
1785136089.4362760
1785136089.4362760
1785136089.4362760
1785136089.4362760
1785136089.4362760
1785136089.4362760
1785136089.4362760
1785136089.4362760
1785136089.4362760
1785136089.4362760
1785136089.4362760
1785136089.4362760
1785136089.4362760
1785136089.4362760
1785136089.4362760
1785136089.4362760
1785136089.4362760
1785136089.4362760
1785136089.4362760
1785136089.4362760
1785136089.4362760
1785136089.4362760
1785136089.4362760
1785136089.4362760
1785136089.4362760
1785136089.4362760
1785136089.4362760
1785136089.4362760
1785136089.4362760
1785136089.4362760
1785136089.4362760
1785136089.4362760
1785136089.4362760
1785136089.4364979
1785136089.4364979
1785136089.4364979
1785136089.4364979
1785136089.4364979
1785136089.4364979
1785136089.4364979
1785136089.4364979
1785136089.4364979
1785136089.4364979
1785136089.4364979
1785136089.4364979
1785136089.4364979
1785136089.4364979
1785136089.4364979
1785136089.4364979
1785136089.4364979
1785136089.4364979
1785136089.4364979
1785136089.4364979
1785136089.4364979
1785136089.4364979
1785136089.4364979
1785136089.4364979
1785136089.4364979
1785136089.4364979
1785136089.4364979
1785136089.4364979
1785136089.4364979
1785136089.4364979
1785136089.4364979
1785136089.4364979
1785136089.4364979
1785136089.4364979
1785136089.4364979
1785136089.4364979
1785136089.4364979
1785136089.4364979
1785136089.4364979
1785136089.4364979
1785136089.4364979
1785136089.4364979
1785136089.4364979
1785136089.4364979
1785136089.4364979
1785136089.4364979
1785136089.4364979
1785136089.4364979
1785136089.4364979
1785136089.4364979
1785136089.4364979
1785136089.4364979
1785136089.4367199
1785136089.4367199
1785136089.4367199
1785136089.4367199
1785136089.4367199
1785136089.4367199
1785136089.4367199
1785136089.4367199
1785136089.4367199
1785136089.4367199
1785136089.4367199
1785136089.4367199
1785136089.4367199
1785136089.4367199
1785136089.4367199
1785136089.4367199
1785136089.4367199
1785136089.4367199
1785136089.4367199
1785136089.4367199
1785136089.4367199
1785136089.4367199
1785136089.4367199
1785136089.4367199
1785136089.4367199
1785136089.4367199
1785136089.4367199
1785136089.4367199
1785136089.4367199
1785136089.4367199
1785136089.4367199
1785136089.4367199
1785136089.4367199
1785136089.4367199
1785136089.4367199
1785136089.4367199
1785136089.4367199
1785136089.4367199
1785136089.4367199
1785136089.4367199
1785136089.4367199
1785136089.4367199
1785136089.4367199
1785136089.4367199
1785136089.4367199
1785136089.4367199
1785136089.4367199
1785136089.4367199
1785136089.4367199
1785136089.4367199
1785136089.4367199
1785136089.4367199
1785136089.4369421
1785136089.4369421
1785136089.4369421
1785136089.4369421
1785136089.4369421
1785136089.4369421
1785136089.4369421
1785136089.4369421
1785136089.4369421
1785136089.4369421
1785136089.4369421
1785136089.4369421
1785136089.4369421
1785136089.4369421
1785136089.4369421
1785136089.4369421
1785136089.4369421
1785136089.4369421
1785136089.4369421
1785136089.4369421
1785136089.4369421
1785136089.4369421
1785136089.4369421
1785136089.4369421
1785136089.4369421
1785136089.4369421
1785136089.4369421
1785136089.4369421
1785136089.4369421
1785136089.4369421
1785136089.4369421
1785136089.4369421
1785136089.4369421
1785136089.4369421
1785136089.4369421
1785136089.4369421
1785136089.4369421
1785136089.4369421
1785136089.4369421
1785136089.4369421
1785136089.4369421
1785136089.4369421
1785136089.4369421
1785136089.4369421
1785136089.4369421
1785136089.4369421
1785136089.4369421
1785136089.4369421
1785136089.4369421
1785136089.4369421
1785136089.4369421
1785136089.4369421
1785136089.4371650
1785136089.4371650
1785136089.4371650
1785136089.4371650
1785136089.4371650
1785136089.4371650
1785136089.4371650
1785136089.4371650
1785136089.4371650
1785136089.4371650
1785136089.4371650
1785136089.4371650
1785136089.4371650
1785136089.4371650
1785136089.4371650
1785136089.4371650
1785136089.4371650
1785136089.4371650
1785136089.4371650
1785136089.4371650
1785136089.4371650
1785136089.4371650
1785136089.4371650
1785136089.4371650
1785136089.4371650
1785136089.4371650
1785136089.4371650
1785136089.4371650
1785136089.4371650
1785136089.4371650
1785136089.4371650
1785136089.4371650
1785136089.4371650
1785136089.4371650
1785136089.4371650
1785136089.4371650
1785136089.4371650
1785136089.4371650
1785136089.4371650
1785136089.4371650
1785136089.4371650
1785136089.4371650
1785136089.4371650
1785136089.4371650
1785136089.4371650
1785136089.4371650
1785136089.4371650
1785136089.4371650
1785136089.4371650
1785136089.4371650
1785136089.4371650
1785136089.4371650
1785136089.4373870
1785136089.4373870
1785136089.4373870
1785136089.4373870
1785136089.4373870
1785136089.4373870
1785136089.4373870
1785136089.4373870
1785136089.4373870
1785136089.4373870
1785136089.4373870
1785136089.4373870
1785136089.4373870
1785136089.4373870
1785136089.4373870
1785136089.4373870
1785136089.4373870
1785136089.4373870
1785136089.4373870
1785136089.4373870
1785136089.4373870
1785136089.4373870
1785136089.4373870
1785136089.4373870
1785136089.4373870
1785136089.4373870
1785136089.4373870
1785136089.4373870
1785136089.4373870
1785136089.4373870
1785136089.4373870
1785136089.4373870
1785136089.4373870
1785136089.4373870
1785136089.4373870
1785136089.4373870
1785136089.4373870
1785136089.4373870
1785136089.4373870
1785136089.4373870
1785136089.4373870
1785136089.4373870
1785136089.4373870
1785136089.4373870
1785136089.4373870
1785136089.4373870
1785136089.4373870
1785136089.4373870
1785136089.4373870
1785136089.4373870
1785136089.4373870
1785136089.4373870
1785136089.4376090
1785136089.4376090
1785136089.4376090
1785136089.4376090
1785136089.4376090
1785136089.4376090
1785136089.4376090
1785136089.4376090
1785136089.4376090
1785136089.4376090
1785136089.4376090
1785136089.4376090
1785136089.4376090
1785136089.4376090
1785136089.4376090
1785136089.4376090
1785136089.4376090
1785136089.4376090
1785136089.4376090
1785136089.4376090
1785136089.4376090
1785136089.4376090
1785136089.4376090
1785136089.4376090
1785136089.4376090
1785136089.4376090
1785136089.4376090
1785136089.4376090
1785136089.4376090
1785136089.4376090
1785136089.4376090
1785136089.4376090
1785136089.4376090
1785136089.4376090
1785136089.4376090
1785136089.4376090
1785136089.4376090
1785136089.4376090
1785136089.4376090
1785136089.4376090
1785136089.4376090
1785136089.4376090
1785136089.4376090
1785136089.4376090
1785136089.4376090
1785136089.4376090
1785136089.4376090
1785136089.4376090
1785136089.4376090
1785136089.4376090
1785136089.4376090
1785136089.4376090
1785136089.4378309
1785136089.4378309
1785136089.4378309
1785136089.4378309
1785136089.4378309
1785136089.4378309
1785136089.4378309
1785136089.4378309
1785136089.4378309
1785136089.4378309
1785136089.4378309
1785136089.4378309
1785136089.4378309
1785136089.4378309
1785136089.4378309
1785136089.4378309
1785136089.4378309
1785136089.4378309
1785136089.4378309
1785136089.4378309
1785136089.4378309
1785136089.4378309
1785136089.4378309
1785136089.4378309
1785136089.4378309
1785136089.4378309
1785136089.4378309
1785136089.4378309
1785136089.4378309
1785136089.4378309
1785136089.4378309
1785136089.4378309
1785136089.4378309
1785136089.4378309
1785136089.4378309
1785136089.4378309
1785136089.4378309
1785136089.4378309
1785136089.4378309
1785136089.4378309
1785136089.4378309
1785136089.4378309
1785136089.4378309
1785136089.4378309
1785136089.4378309
1785136089.4378309
1785136089.4378309
1785136089.4378309
1785136089.4378309
1785136089.4378309
1785136089.4378309
1785136089.4378309
1785136089.4380529
1785136089.4380529
1785136089.4380529
1785136089.4380529
1785136089.4380529
1785136089.4380529
1785136089.4380529
1785136089.4380529
1785136089.4380529
1785136089.4380529
1785136089.4380529
1785136089.4380529
1785136089.4380529
1785136089.4380529
1785136089.4380529
1785136089.4380529
1785136089.4380529
1785136089.4380529
1785136089.4380529
1785136089.4380529
1785136089.4380529
1785136089.4380529
1785136089.4380529
1785136089.4380529
1785136089.4380529
1785136089.4380529
1785136089.4380529
1785136089.4380529
1785136089.4380529
1785136089.4380529
1785136089.4380529
1785136089.4380529
1785136089.4380529
1785136089.4380529
1785136089.4380529
1785136089.4380529
1785136089.4380529
1785136089.4380529
1785136089.4380529
1785136089.4380529
1785136089.4380529
1785136089.4380529
1785136089.4380529
1785136089.4380529
1785136089.4380529
1785136089.4380529
1785136089.4380529
1785136089.4380529
1785136089.4380529
1785136089.4380529
1785136089.4380529
1785136089.4380529
1785136089.4382761
1785136089.4382761
1785136089.4382761
1785136089.4382761
1785136089.4382761
1785136089.4382761
1785136089.4382761
1785136089.4382761
1785136089.4382761
1785136089.4382761
1785136089.4382761
1785136089.4382761
1785136089.4382761
1785136089.4382761
1785136089.4382761
1785136089.4382761
1785136089.4382761
1785136089.4382761
1785136089.4382761
1785136089.4382761
1785136089.4382761
1785136089.4382761
1785136089.4382761
1785136089.4382761
1785136089.4382761
1785136089.4382761
1785136089.4382761
1785136089.4382761
1785136089.4382761
1785136089.4382761
1785136089.4382761
1785136089.4382761
1785136089.4382761
1785136089.4382761
1785136089.4382761
1785136089.4382761
1785136089.4382761
1785136089.4382761
1785136089.4382761
1785136089.4382761
1785136089.4382761
1785136089.4382761
1785136089.4382761
1785136089.4382761
1785136089.4382761
1785136089.4382761
1785136089.4382761
1785136089.4382761
1785136089.4382761
1785136089.4382761
1785136089.4382761
1785136089.4382761
1785136089.4384980
1785136089.4384980
1785136089.4384980
1785136089.4384980
1785136089.4384980
1785136089.4384980
1785136089.4384980
1785136089.4384980
1785136089.4384980
1785136089.4384980
1785136089.4384980
1785136089.4384980
1785136089.4384980
1785136089.4384980
1785136089.4384980
1785136089.4384980
1785136089.4384980
1785136089.4384980
1785136089.4384980
1785136089.4384980
1785136089.4384980
1785136089.4384980
1785136089.4384980
1785136089.4384980
1785136089.4384980
1785136089.4384980
1785136089.4384980
1785136089.4384980
1785136089.4384980
1785136089.4384980
1785136089.4384980
1785136089.4384980
1785136089.4384980
1785136089.4384980
1785136089.4384980
1785136089.4384980
1785136089.4384980
1785136089.4384980
1785136089.4384980
1785136089.4384980
1785136089.4384980
1785136089.4384980
1785136089.4384980
1785136089.4384980
1785136089.4384980
1785136089.4384980
1785136089.4384980
1785136089.4384980
1785136089.4384980
1785136089.4384980
1785136089.4384980
1785136089.4384980
1785136089.4387200
1785136089.4387200
1785136089.4387200
1785136089.4387200
1785136089.4387200
1785136089.4387200
1785136089.4387200
1785136089.4387200
1785136089.4387200
1785136089.4387200
1785136089.4387200
1785136089.4387200
1785136089.4387200
1785136089.4387200
1785136089.4387200
1785136089.4387200
1785136089.4387200
1785136089.4387200
1785136089.4387200
1785136089.4387200
1785136089.4387200
1785136089.4387200
1785136089.4387200
1785136089.4387200
1785136089.4387200
1785136089.4387200
1785136089.4387200
1785136089.4387200
1785136089.4387200
1785136089.4387200
1785136089.4387200
1785136089.4387200
1785136089.4387200
1785136089.4387200
1785136089.4387200
1785136089.4387200
1785136089.4387200
1785136089.4387200
1785136089.4387200
1785136089.4387200
1785136089.4387200
1785136089.4387200
1785136089.4387200
1785136089.4387200
1785136089.4387200
1785136089.4387200
1785136089.4387200
1785136089.4387200
1785136089.4387200
1785136089.4387200
1785136089.4387200
1785136089.4387200
1785136089.4389420
1785136089.4389420
1785136089.4389420
1785136089.4389420
1785136089.4389420
1785136089.4389420
1785136089.4389420
1785136089.4389420
1785136089.4389420
1785136089.4389420
1785136089.4389420
1785136089.4389420
1785136089.4389420
1785136089.4389420
1785136089.4389420
1785136089.4389420
1785136089.4389420
1785136089.4389420
1785136089.4389420
1785136089.4389420
1785136089.4389420
1785136089.4389420
1785136089.4389420
1785136089.4389420
1785136089.4389420
1785136089.4389420
1785136089.4389420
1785136089.4389420
1785136089.4389420
1785136089.4389420
1785136089.4389420
1785136089.4389420
1785136089.4389420
1785136089.4389420
1785136089.4389420
1785136089.4389420
1785136089.4389420
1785136089.4389420
1785136089.4389420
1785136089.4389420
1785136089.4389420
1785136089.4389420
1785136089.4389420
1785136089.4389420
1785136089.4389420
1785136089.4389420
1785136089.4389420
1785136089.4389420
1785136089.4389420
1785136089.4389420
1785136089.4389420
1785136089.4389420
1785136089.4391639
1785136089.4391639
1785136089.4391639
1785136089.4391639
1785136089.4391639
1785136089.4391639
1785136089.4391639
1785136089.4391639
1785136089.4391639
1785136089.4391639
1785136089.4391639
1785136089.4391639
1785136089.4391639
1785136089.4391639
1785136089.4391639
1785136089.4391639
1785136089.4391639
1785136089.4391639
1785136089.4391639
1785136089.4391639
1785136089.4391639
1785136089.4391639
1785136089.4391639
1785136089.4391639
1785136089.4391639
1785136089.4391639
1785136089.4391639
1785136089.4391639
1785136089.4391639
1785136089.4391639
1785136089.4391639
1785136089.4391639
1785136089.4391639
1785136089.4391639
1785136089.4391639
1785136089.4391639
1785136089.4391639
1785136089.4391639
1785136089.4391639
1785136089.4391639
1785136089.4391639
1785136089.4391639
1785136089.4391639
1785136089.4391639
1785136089.4391639
1785136089.4391639
1785136089.4391639
1785136089.4391639
1785136089.4391639
1785136089.4391639
1785136089.4391639
1785136089.4391639
1785136089.4393859
1785136089.4393859
1785136089.4393859
1785136089.4393859
1785136089.4393859
1785136089.4393859
1785136089.4393859
1785136089.4393859
1785136089.4393859
1785136089.4393859
1785136089.4393859
1785136089.4393859
1785136089.4393859
1785136089.4393859
1785136089.4393859
1785136089.4393859
1785136089.4393859
1785136089.4393859
1785136089.4393859
1785136089.4393859
1785136089.4393859
1785136089.4393859
1785136089.4393859
1785136089.4393859
1785136089.4393859
1785136089.4393859
1785136089.4393859
1785136089.4393859
1785136089.4393859
1785136089.4393859
1785136089.4393859
1785136089.4393859
1785136089.4393859
1785136089.4393859
1785136089.4393859
1785136089.4393859
1785136089.4393859
1785136089.4393859
1785136089.4393859
1785136089.4393859
1785136089.4393859
1785136089.4393859
1785136089.4393859
1785136089.4393859
1785136089.4393859
1785136089.4393859
1785136089.4393859
1785136089.4393859
1785136089.4393859
1785136089.4393859
1785136089.4393859
1785136089.4393859
1785136089.4396091
1785136089.4396091
1785136089.4396091
1785136089.4396091
1785136089.4396091
1785136089.4396091
1785136089.4396091
1785136089.4396091
1785136089.4396091
1785136089.4396091
1785136089.4396091
1785136089.4396091
1785136089.4396091
1785136089.4396091
1785136089.4396091
1785136089.4396091
1785136089.4396091
1785136089.4396091
1785136089.4396091
1785136089.4396091
1785136089.4396091
1785136089.4396091
1785136089.4396091
1785136089.4396091
1785136089.4396091
1785136089.4396091
1785136089.4396091
1785136089.4396091
1785136089.4396091
1785136089.4396091
1785136089.4396091
1785136089.4396091
1785136089.4396091
1785136089.4396091
1785136089.4396091
1785136089.4396091
1785136089.4396091
1785136089.4396091
1785136089.4396091
1785136089.4396091
1785136089.4396091
1785136089.4396091
1785136089.4396091
1785136089.4396091
1785136089.4396091
1785136089.4396091
1785136089.4396091
1785136089.4396091
1785136089.4396091
1785136089.4396091
1785136089.4396091
1785136089.4398310
1785136089.4398310
1785136089.4398310
1785136089.4398310
1785136089.4398310
1785136089.4398310
1785136089.4398310
1785136089.4398310
1785136089.4398310
1785136089.4398310
1785136089.4398310
1785136089.4398310
1785136089.4398310
1785136089.4398310
1785136089.4398310
1785136089.4398310
1785136089.4398310
1785136089.4398310
1785136089.4398310
1785136089.4398310
1785136089.4398310
1785136089.4398310
1785136089.4398310
1785136089.4398310
1785136089.4398310
1785136089.4398310
1785136089.4398310
1785136089.4398310
1785136089.4398310
1785136089.4398310
1785136089.4398310
1785136089.4398310
1785136089.4398310
1785136089.4398310
1785136089.4398310
1785136089.4398310
1785136089.4398310
1785136089.4398310
1785136089.4398310
1785136089.4398310
1785136089.4398310
1785136089.4398310
1785136089.4398310
1785136089.4398310
1785136089.4398310
1785136089.4398310
1785136089.4398310
1785136089.4398310
1785136089.4398310
1785136089.4398310
1785136089.4398310
1785136089.4398310
1785136089.4400530
1785136089.4400530
1785136089.4400530
1785136089.4400530
1785136089.4400530
1785136089.4400530
1785136089.4400530
1785136089.4400530
1785136089.4400530
1785136089.4400530
1785136089.4400530
1785136089.4400530
1785136089.4400530
1785136089.4400530
1785136089.4400530
1785136089.4400530
1785136089.4400530
1785136089.4400530
1785136089.4400530
1785136089.4400530
1785136089.4400530
1785136089.4400530
1785136089.4400530
1785136089.4400530
1785136089.4400530
1785136089.4400530
1785136089.4400530
1785136089.4400530
1785136089.4400530
1785136089.4400530
1785136089.4400530
1785136089.4400530
1785136089.4400530
1785136089.4400530
1785136089.4400530
1785136089.4400530
1785136089.4400530
1785136089.4400530
1785136089.4400530
1785136089.4400530
1785136089.4400530
1785136089.4400530
1785136089.4400530
1785136089.4400530
1785136089.4400530
1785136089.4400530
1785136089.4400530
1785136089.4400530
1785136089.4400530
1785136089.4400530
1785136089.4400530
1785136089.4400530
1785136089.4402750
1785136089.4402750
1785136089.4402750
1785136089.4402750
1785136089.4402750
1785136089.4402750
1785136089.4402750
1785136089.4402750
1785136089.4402750
1785136089.4402750
1785136089.4402750
1785136089.4402750
1785136089.4402750
1785136089.4402750
1785136089.4402750
1785136089.4402750
1785136089.4402750
1785136089.4402750
1785136089.4402750
1785136089.4402750
1785136089.4402750
1785136089.4402750
1785136089.4402750
1785136089.4402750
1785136089.4402750
1785136089.4402750
1785136089.4402750
1785136089.4402750
1785136089.4402750
1785136089.4402750
1785136089.4402750
1785136089.4402750
1785136089.4402750
1785136089.4402750
1785136089.4402750
1785136089.4402750
1785136089.4402750
1785136089.4402750
1785136089.4402750
1785136089.4402750
1785136089.4402750
1785136089.4402750
1785136089.4402750
1785136089.4402750
1785136089.4402750
1785136089.4402750
1785136089.4402750
1785136089.4402750
1785136089.4402750
1785136089.4402750
1785136089.4402750
1785136089.4402750
1785136089.4404981
1785136089.4404981
1785136089.4404981
1785136089.4404981
1785136089.4404981
1785136089.4404981
1785136089.4404981
1785136089.4404981
1785136089.4404981
1785136089.4404981
1785136089.4404981
1785136089.4404981
1785136089.4404981
1785136089.4404981
1785136089.4404981
1785136089.4404981
1785136089.4404981
1785136089.4404981
1785136089.4404981
1785136089.4404981
1785136089.4404981
1785136089.4404981
1785136089.4404981
1785136089.4404981
1785136089.4404981
1785136089.4404981
1785136089.4404981
1785136089.4404981
1785136089.4404981
1785136089.4404981
1785136089.4404981
1785136089.4404981
1785136089.4404981
1785136089.4404981
1785136089.4404981
1785136089.4404981
1785136089.4404981
1785136089.4404981
1785136089.4404981
1785136089.4404981
1785136089.4404981
1785136089.4404981
1785136089.4404981
1785136089.4404981
1785136089.4404981
1785136089.4404981
1785136089.4404981
1785136089.4404981
1785136089.4404981
1785136089.4404981
1785136089.4404981
1785136089.4404981
1785136089.4407201
1785136089.4407201
1785136089.4407201
1785136089.4407201
1785136089.4407201
1785136089.4407201
1785136089.4407201
1785136089.4407201
1785136089.4407201
1785136089.4407201
1785136089.4407201
1785136089.4407201
1785136089.4407201
1785136089.4407201
1785136089.4407201
1785136089.4407201
1785136089.4407201
1785136089.4407201
1785136089.4407201
1785136089.4407201
1785136089.4407201
1785136089.4407201
1785136089.4407201
1785136089.4407201
1785136089.4407201
1785136089.4407201
1785136089.4407201
1785136089.4407201
1785136089.4407201
1785136089.4407201
1785136089.4407201
1785136089.4407201
1785136089.4407201
1785136089.4407201
1785136089.4407201
1785136089.4407201
1785136089.4407201
1785136089.4407201
1785136089.4407201
1785136089.4407201
1785136089.4407201
1785136089.4407201
1785136089.4407201
1785136089.4407201
1785136089.4407201
1785136089.4407201
1785136089.4407201
1785136089.4407201
1785136089.4407201
1785136089.4407201
1785136089.4407201
1785136089.4407201
1785136089.4409420
1785136089.4409420
1785136089.4409420
1785136089.4409420
1785136089.4409420
1785136089.4409420
1785136089.4409420
1785136089.4409420
1785136089.4409420
1785136089.4409420
1785136089.4409420
1785136089.4409420
1785136089.4409420
1785136089.4409420
1785136089.4409420
1785136089.4409420
1785136089.4409420
1785136089.4409420
1785136089.4409420
1785136089.4409420
1785136089.4409420
1785136089.4409420
1785136089.4409420
1785136089.4409420
1785136089.4409420
1785136089.4409420
1785136089.4409420
1785136089.4409420
1785136089.4409420
1785136089.4409420
1785136089.4409420
1785136089.4409420
1785136089.4409420
1785136089.4409420
1785136089.4409420
1785136089.4409420
1785136089.4409420
1785136089.4409420
1785136089.4409420
1785136089.4409420
1785136089.4409420
1785136089.4409420
1785136089.4409420
1785136089.4409420
1785136089.4409420
1785136089.4409420
1785136089.4409420
1785136089.4409420
1785136089.4409420
1785136089.4409420
1785136089.4409420
1785136089.4409420
1785136089.4411640
1785136089.4411640
1785136089.4411640
1785136089.4411640
1785136089.4411640
1785136089.4411640
1785136089.4411640
1785136089.4411640
1785136089.4411640
1785136089.4411640
1785136089.4411640
1785136089.4411640
1785136089.4411640
1785136089.4411640
1785136089.4411640
1785136089.4411640
1785136089.4411640
1785136089.4411640
1785136089.4411640
1785136089.4411640
1785136089.4411640
1785136089.4411640
1785136089.4411640
1785136089.4411640
1785136089.4411640
1785136089.4411640
1785136089.4411640
1785136089.4411640
1785136089.4411640
1785136089.4411640
1785136089.4411640
1785136089.4411640
1785136089.4411640
1785136089.4411640
1785136089.4411640
1785136089.4411640
1785136089.4411640
1785136089.4411640
1785136089.4411640
1785136089.4411640
1785136089.4411640
1785136089.4411640
1785136089.4411640
1785136089.4411640
1785136089.4411640
1785136089.4411640
1785136089.4411640
1785136089.4411640
1785136089.4411640
1785136089.4411640
1785136089.4411640
1785136089.4411640
1785136089.4413860
1785136089.4413860
1785136089.4413860
1785136089.4413860
1785136089.4413860
1785136089.4413860
1785136089.4413860
1785136089.4413860
1785136089.4413860
1785136089.4413860
1785136089.4413860
1785136089.4413860
1785136089.4413860
1785136089.4413860
1785136089.4413860
1785136089.4413860
1785136089.4413860
1785136089.4413860
1785136089.4413860
1785136089.4413860
1785136089.4413860
1785136089.4413860
1785136089.4413860
1785136089.4413860
1785136089.4413860
1785136089.4413860
1785136089.4413860
1785136089.4413860
1785136089.4413860
1785136089.4413860
1785136089.4413860
1785136089.4413860
1785136089.4413860
1785136089.4413860
1785136089.4413860
1785136089.4413860
1785136089.4413860
1785136089.4413860
1785136089.4413860
1785136089.4413860
1785136089.4413860
1785136089.4413860
1785136089.4413860
1785136089.4413860
1785136089.4413860
1785136089.4413860
1785136089.4413860
1785136089.4413860
1785136089.4413860
1785136089.4413860
1785136089.4413860
1785136089.4413860
1785136089.4416089
1785136089.4416089
1785136089.4416089
1785136089.4416089
1785136089.4416089
1785136089.4416089
1785136089.4416089
1785136089.4416089
1785136089.4416089
1785136089.4416089
1785136089.4416089
1785136089.4416089
1785136089.4416089
1785136089.4416089
1785136089.4416089
1785136089.4416089
1785136089.4416089
1785136089.4416089
1785136089.4416089
1785136089.4416089
1785136089.4416089
1785136089.4416089
1785136089.4416089
1785136089.4416089
1785136089.4416089
1785136089.4416089
1785136089.4416089
1785136089.4416089
1785136089.4416089
1785136089.4416089
1785136089.4416089
1785136089.4416089
1785136089.4416089
1785136089.4416089
1785136089.4416089
1785136089.4416089
1785136089.4416089
1785136089.4416089
1785136089.4416089
1785136089.4416089
1785136089.4416089
1785136089.4416089
1785136089.4416089
1785136089.4416089
1785136089.4416089
1785136089.4416089
1785136089.4416089
1785136089.4416089
1785136089.4416089
1785136089.4416089
1785136089.4416089
1785136089.4416089
1785136089.4418311
1785136089.4418311
1785136089.4418311
1785136089.4418311
1785136089.4418311
1785136089.4418311
1785136089.4418311
1785136089.4418311
1785136089.4418311
1785136089.4418311
1785136089.4418311
1785136089.4418311
1785136089.4418311
1785136089.4418311
1785136089.4418311
1785136089.4418311
1785136089.4418311
1785136089.4418311
1785136089.4418311
1785136089.4418311
1785136089.4418311
1785136089.4418311
1785136089.4418311
1785136089.4418311
1785136089.4418311
1785136089.4418311
1785136089.4418311
1785136089.4418311
1785136089.4418311
1785136089.4418311
1785136089.4418311
1785136089.4418311
1785136089.4418311
1785136089.4418311
1785136089.4418311
1785136089.4418311
1785136089.4418311
1785136089.4418311
1785136089.4418311
1785136089.4418311
1785136089.4418311
1785136089.4418311
1785136089.4418311
1785136089.4418311
1785136089.4418311
1785136089.4418311
1785136089.4418311
1785136089.4418311
1785136089.4418311
1785136089.4418311
1785136089.4418311
1785136089.4418311
1785136089.4420531
1785136089.4420531
1785136089.4420531
1785136089.4420531
1785136089.4420531
1785136089.4420531
1785136089.4420531
1785136089.4420531
1785136089.4420531
1785136089.4420531
1785136089.4420531
1785136089.4420531
1785136089.4420531
1785136089.4420531
1785136089.4420531
1785136089.4420531
1785136089.4420531
1785136089.4420531
1785136089.4420531
1785136089.4420531
1785136089.4420531
1785136089.4420531
1785136089.4420531
1785136089.4420531
1785136089.4420531
1785136089.4420531
1785136089.4420531
1785136089.4420531
1785136089.4420531
1785136089.4420531
1785136089.4420531
1785136089.4420531
1785136089.4420531
1785136089.4420531
1785136089.4420531
1785136089.4420531
1785136089.4420531
1785136089.4420531
1785136089.4420531
1785136089.4420531
1785136089.4420531
1785136089.4420531
1785136089.4420531
1785136089.4420531
1785136089.4420531
1785136089.4420531
1785136089.4420531
1785136089.4420531
1785136089.4420531
1785136089.4420531
1785136089.4420531
1785136089.4420531
1785136089.4422750
1785136089.4422750
1785136089.4422750
1785136089.4422750
1785136089.4422750
1785136089.4422750
1785136089.4422750
1785136089.4422750
1785136089.4422750
1785136089.4422750
1785136089.4422750
1785136089.4422750
1785136089.4422750
1785136089.4422750
1785136089.4422750
1785136089.4422750
1785136089.4422750
1785136089.4422750
1785136089.4422750
1785136089.4422750
1785136089.4422750
1785136089.4422750
1785136089.4422750
1785136089.4422750
1785136089.4422750
1785136089.4422750
1785136089.4422750
1785136089.4422750
1785136089.4422750
1785136089.4422750
1785136089.4422750
1785136089.4422750
1785136089.4422750
1785136089.4422750
1785136089.4422750
1785136089.4422750
1785136089.4422750
1785136089.4422750
1785136089.4422750
1785136089.4422750
1785136089.4422750
1785136089.4422750
1785136089.4422750
1785136089.4422750
1785136089.4422750
1785136089.4422750
1785136089.4422750
1785136089.4422750
1785136089.4422750
1785136089.4422750
1785136089.4422750
1785136089.4422750
1785136089.4424970
1785136089.4424970
1785136089.4424970
1785136089.4424970
1785136089.4424970
1785136089.4424970
1785136089.4424970
1785136089.4424970
1785136089.4424970
1785136089.4424970
1785136089.4424970
1785136089.4424970
1785136089.4424970
1785136089.4424970
1785136089.4424970
1785136089.4424970
1785136089.4424970
1785136089.4424970
1785136089.4424970
1785136089.4424970
1785136089.4424970
1785136089.4424970
1785136089.4424970
1785136089.4424970
1785136089.4424970
1785136089.4424970
1785136089.4424970
1785136089.4424970
1785136089.4424970
1785136089.4424970
1785136089.4424970
1785136089.4424970
1785136089.4424970
1785136089.4424970
1785136089.4424970
1785136089.4424970
1785136089.4424970
1785136089.4424970
1785136089.4424970
1785136089.4424970
1785136089.4424970
1785136089.4424970
1785136089.4424970
1785136089.4424970
1785136089.4424970
1785136089.4424970
1785136089.4424970
1785136089.4424970
1785136089.4424970
1785136089.4424970
1785136089.4424970
1785136089.4424970
1785136089.4427190
1785136089.4427190
1785136089.4427190
1785136089.4427190
1785136089.4427190
1785136089.4427190
1785136089.4427190
1785136089.4427190
1785136089.4427190
1785136089.4427190
1785136089.4427190
1785136089.4427190
1785136089.4427190
1785136089.4427190
1785136089.4427190
1785136089.4427190
1785136089.4427190
1785136089.4427190
1785136089.4427190
1785136089.4427190
1785136089.4427190
1785136089.4427190
1785136089.4427190
1785136089.4427190
1785136089.4427190
1785136089.4427190
1785136089.4427190
1785136089.4427190
1785136089.4427190
1785136089.4427190
1785136089.4427190
1785136089.4427190
1785136089.4427190
1785136089.4427190
1785136089.4427190
1785136089.4427190
1785136089.4427190
1785136089.4427190
1785136089.4427190
1785136089.4427190
1785136089.4427190
1785136089.4427190
1785136089.4427190
1785136089.4427190
1785136089.4427190
1785136089.4427190
1785136089.4427190
1785136089.4427190
1785136089.4427190
1785136089.4427190
1785136089.4427190
1785136089.4427190
1785136089.4429419
1785136089.4429419
1785136089.4429419
1785136089.4429419
1785136089.4429419
1785136089.4429419
1785136089.4429419
1785136089.4429419
1785136089.4429419
1785136089.4429419
1785136089.4429419
1785136089.4429419
1785136089.4429419
1785136089.4429419
1785136089.4429419
1785136089.4429419
1785136089.4429419
1785136089.4429419
1785136089.4429419
1785136089.4429419
1785136089.4429419
1785136089.4429419
1785136089.4429419
1785136089.4429419
1785136089.4429419
1785136089.4429419
1785136089.4429419
1785136089.4429419
1785136089.4429419
1785136089.4429419
1785136089.4429419
1785136089.4429419
1785136089.4429419
1785136089.4429419
1785136089.4429419
1785136089.4429419
1785136089.4429419
1785136089.4429419
1785136089.4429419
1785136089.4429419
1785136089.4429419
1785136089.4429419
1785136089.4429419
1785136089.4429419
1785136089.4429419
1785136089.4429419
1785136089.4429419
1785136089.4429419
1785136089.4429419
1785136089.4429419
1785136089.4429419
1785136089.4431641
1785136089.4431641
1785136089.4431641
1785136089.4431641
1785136089.4431641
1785136089.4431641
1785136089.4431641
1785136089.4431641
1785136089.4431641
1785136089.4431641
1785136089.4431641
1785136089.4431641
1785136089.4431641
1785136089.4431641
1785136089.4431641
1785136089.4431641
1785136089.4431641
1785136089.4431641
1785136089.4431641
1785136089.4431641
1785136089.4431641
1785136089.4431641
1785136089.4431641
1785136089.4431641
1785136089.4431641
1785136089.4431641
1785136089.4431641
1785136089.4431641
1785136089.4431641
1785136089.4431641
1785136089.4431641
1785136089.4431641
1785136089.4431641
1785136089.4431641
1785136089.4431641
1785136089.4431641
1785136089.4431641
1785136089.4431641
1785136089.4431641
1785136089.4431641
1785136089.4431641
1785136089.4431641
1785136089.4431641
1785136089.4431641
1785136089.4431641
1785136089.4431641
1785136089.4431641
1785136089.4431641
1785136089.4431641
1785136089.4431641
1785136089.4431641
1785136089.4433861
1785136089.4433861
1785136089.4433861
1785136089.4433861
1785136089.4433861
1785136089.4433861
1785136089.4433861
1785136089.4433861
1785136089.4433861
1785136089.4433861
1785136089.4433861
1785136089.4433861
1785136089.4433861
1785136089.4433861
1785136089.4433861
1785136089.4433861
1785136089.4433861
1785136089.4433861
1785136089.4433861
1785136089.4433861
1785136089.4433861
1785136089.4433861
1785136089.4433861
1785136089.4433861
1785136089.4433861
1785136089.4433861
1785136089.4433861
1785136089.4433861
1785136089.4433861
1785136089.4433861
1785136089.4433861
1785136089.4433861
1785136089.4433861
1785136089.4433861
1785136089.4433861
1785136089.4433861
1785136089.4433861
1785136089.4433861
1785136089.4433861
1785136089.4433861
1785136089.4433861
1785136089.4433861
1785136089.4433861
1785136089.4433861
1785136089.4433861
1785136089.4433861
1785136089.4433861
1785136089.4433861
1785136089.4433861
1785136089.4433861
1785136089.4433861
1785136089.4436080
1785136089.4436080
1785136089.4436080
1785136089.4436080
1785136089.4436080
1785136089.4436080
1785136089.4436080
1785136089.4436080
1785136089.4436080
1785136089.4436080
1785136089.4436080
1785136089.4436080
1785136089.4436080
1785136089.4436080
1785136089.4436080
1785136089.4436080
1785136089.4436080
1785136089.4436080
1785136089.4436080
1785136089.4436080
1785136089.4436080
1785136089.4436080
1785136089.4436080
1785136089.4436080
1785136089.4436080
1785136089.4436080
1785136089.4436080
1785136089.4436080
1785136089.4436080
1785136089.4436080
1785136089.4436080
1785136089.4436080
1785136089.4436080
1785136089.4436080
1785136089.4436080
1785136089.4436080
1785136089.4436080
1785136089.4436080
1785136089.4436080
1785136089.4436080
1785136089.4436080
1785136089.4436080
1785136089.4436080
1785136089.4436080
1785136089.4436080
1785136089.4436080
1785136089.4436080
1785136089.4436080
1785136089.4436080
1785136089.4436080
1785136089.4436080
1785136089.4438300
1785136089.4438300
1785136089.4438300
1785136089.4438300
1785136089.4438300
1785136089.4438300
1785136089.4438300
1785136089.4438300
1785136089.4438300
1785136089.4438300
1785136089.4438300
1785136089.4438300
1785136089.4438300
1785136089.4438300
1785136089.4438300
1785136089.4438300
1785136089.4438300
1785136089.4438300
1785136089.4438300
1785136089.4438300
1785136089.4438300
1785136089.4438300
1785136089.4438300
1785136089.4438300
1785136089.4438300
1785136089.4438300
1785136089.4438300
1785136089.4438300
1785136089.4438300
1785136089.4438300
1785136089.4438300
1785136089.4438300
1785136089.4438300
1785136089.4438300
1785136089.4438300
1785136089.4438300
1785136089.4438300
1785136089.4438300
1785136089.4438300
1785136089.4438300
1785136089.4438300
1785136089.4438300
1785136089.4438300
1785136089.4438300
1785136089.4438300
1785136089.4438300
1785136089.4438300
1785136089.4438300
1785136089.4438300
1785136089.4438300
1785136089.4438300
1785136089.4440520
1785136089.4440520
1785136089.4440520
1785136089.4440520
1785136089.4440520
1785136089.4440520
1785136089.4440520
1785136089.4440520
1785136089.4440520
1785136089.4440520
1785136089.4440520
1785136089.4440520
1785136089.4440520
1785136089.4440520
1785136089.4440520
1785136089.4440520
1785136089.4440520
1785136089.4440520
1785136089.4440520
1785136089.4440520
1785136089.4440520
1785136089.4440520
1785136089.4440520
1785136089.4440520
1785136089.4440520
1785136089.4440520
1785136089.4440520
1785136089.4440520
1785136089.4440520
1785136089.4440520
1785136089.4440520
1785136089.4440520
1785136089.4440520
1785136089.4440520
1785136089.4440520
1785136089.4440520
1785136089.4440520
1785136089.4440520
1785136089.4440520
1785136089.4440520
1785136089.4440520
1785136089.4440520
1785136089.4440520
1785136089.4440520
1785136089.4440520
1785136089.4440520
1785136089.4440520
1785136089.4440520
1785136089.4440520
1785136089.4440520
1785136089.4440520
1785136089.4442749
1785136089.4442749
1785136089.4442749
1785136089.4442749
1785136089.4442749
1785136089.4442749
1785136089.4442749
1785136089.4442749
1785136089.4442749
1785136089.4442749
1785136089.4442749
1785136089.4442749
1785136089.4442749
1785136089.4442749
1785136089.4442749
1785136089.4442749
1785136089.4442749
1785136089.4442749
1785136089.4442749
1785136089.4442749
1785136089.4442749
1785136089.4442749
1785136089.4442749
1785136089.4442749
1785136089.4442749
1785136089.4442749
1785136089.4442749
1785136089.4442749
1785136089.4442749
1785136089.4442749
1785136089.4442749
1785136089.4442749
1785136089.4442749
1785136089.4442749
1785136089.4442749
1785136089.4442749
1785136089.4442749
1785136089.4442749
1785136089.4442749
1785136089.4442749
1785136089.4442749
1785136089.4442749
1785136089.4442749
1785136089.4442749
1785136089.4442749
1785136089.4442749
1785136089.4442749
1785136089.4442749
1785136089.4442749
1785136089.4442749
1785136089.4442749
1785136089.4444971
1785136089.4444971
1785136089.4444971
1785136089.4444971
1785136089.4444971
1785136089.4444971
1785136089.4444971
1785136089.4444971
1785136089.4444971
1785136089.4444971
1785136089.4444971
1785136089.4444971
1785136089.4444971
1785136089.4444971
1785136089.4444971
1785136089.4444971
1785136089.4444971
1785136089.4444971
1785136089.4444971
1785136089.4444971
1785136089.4444971
1785136089.4444971
1785136089.4444971
1785136089.4444971
1785136089.4444971
1785136089.4444971
1785136089.4444971
1785136089.4444971
1785136089.4444971
1785136089.4444971
1785136089.4444971
1785136089.4444971
1785136089.4444971
1785136089.4444971
1785136089.4444971
1785136089.4444971
1785136089.4444971
1785136089.4444971
1785136089.4444971
1785136089.4444971
1785136089.4444971
1785136089.4444971
1785136089.4444971
1785136089.4444971
1785136089.4444971
1785136089.4444971
1785136089.4444971
1785136089.4444971
1785136089.4444971
1785136089.4444971
1785136089.4444971
1785136089.4447191
1785136089.4447191
1785136089.4447191
1785136089.4447191
1785136089.4447191
1785136089.4447191
1785136089.4447191
1785136089.4447191
1785136089.4447191
1785136089.4447191
1785136089.4447191
1785136089.4447191
1785136089.4447191
1785136089.4447191
1785136089.4447191
1785136089.4447191
1785136089.4447191
1785136089.4447191
1785136089.4447191
1785136089.4447191
1785136089.4447191
1785136089.4447191
1785136089.4447191
1785136089.4447191
1785136089.4447191
1785136089.4447191
1785136089.4447191
1785136089.4447191
1785136089.4447191
1785136089.4447191
1785136089.4447191
1785136089.4447191
1785136089.4447191
1785136089.4447191
1785136089.4447191
1785136089.4447191
1785136089.4447191
1785136089.4447191
1785136089.4447191
1785136089.4447191
1785136089.4447191
1785136089.4447191
1785136089.4447191
1785136089.4447191
1785136089.4447191
1785136089.4447191
1785136089.4447191
1785136089.4447191
1785136089.4447191
1785136089.4447191
1785136089.4449410
1785136089.4449410
1785136089.4449410
1785136089.4449410
1785136089.4449410
1785136089.4449410
1785136089.4449410
1785136089.4449410
1785136089.4449410
1785136089.4449410
1785136089.4449410
1785136089.4449410
1785136089.4449410
1785136089.4449410
1785136089.4449410
1785136089.4449410
1785136089.4449410
1785136089.4449410
1785136089.4449410
1785136089.4449410
1785136089.4449410
1785136089.4449410
1785136089.4449410
1785136089.4449410
1785136089.4449410
1785136089.4449410
1785136089.4449410
1785136089.4449410
1785136089.4449410
1785136089.4449410
1785136089.4449410
1785136089.4449410
1785136089.4449410
1785136089.4449410
1785136089.4449410
1785136089.4449410
1785136089.4449410
1785136089.4449410
1785136089.4449410
1785136089.4449410
1785136089.4449410
1785136089.4449410
1785136089.4449410
1785136089.4449410
1785136089.4449410
1785136089.4449410
1785136089.4449410
1785136089.4449410
1785136089.4449410
1785136089.4449410
1785136089.4451630
1785136089.4451630
1785136089.4451630
1785136089.4451630
1785136089.4451630
1785136089.4451630
1785136089.4451630
1785136089.4451630
1785136089.4451630
1785136089.4451630
1785136089.4451630
1785136089.4451630
1785136089.4451630
1785136089.4451630
1785136089.4451630
1785136089.4451630
1785136089.4451630
1785136089.4451630
1785136089.4451630
1785136089.4451630
1785136089.4451630
1785136089.4451630
1785136089.4451630
1785136089.4451630
1785136089.4451630
1785136089.4451630
1785136089.4451630
1785136089.4451630
1785136089.4451630
1785136089.4451630
1785136089.4451630
1785136089.4451630
1785136089.4451630
1785136089.4451630
1785136089.4451630
1785136089.4451630
1785136089.4451630
1785136089.4451630
1785136089.4451630
1785136089.4451630
1785136089.4451630
1785136089.4451630
1785136089.4451630
1785136089.4451630
1785136089.4451630
1785136089.4451630
1785136089.4451630
1785136089.4451630
1785136089.4451630
1785136089.4451630
1785136089.4453859
1785136089.4453859
1785136089.4453859
1785136089.4453859
1785136089.4453859
1785136089.4453859
1785136089.4453859
1785136089.4453859
1785136089.4453859
1785136089.4453859
1785136089.4453859
1785136089.4453859
1785136089.4453859
1785136089.4453859
1785136089.4453859
1785136089.4453859
1785136089.4453859
1785136089.4453859
1785136089.4453859
1785136089.4453859
1785136089.4453859
1785136089.4453859
1785136089.4453859
1785136089.4453859
1785136089.4453859
1785136089.4453859
1785136089.4453859
1785136089.4453859
1785136089.4453859
1785136089.4453859
1785136089.4453859
1785136089.4453859
1785136089.4453859
1785136089.4453859
1785136089.4453859
1785136089.4453859
1785136089.4453859
1785136089.4453859
1785136089.4453859
1785136089.4453859
1785136089.4453859
1785136089.4453859
1785136089.4453859
1785136089.4453859
1785136089.4453859
1785136089.4453859
1785136089.4453859
1785136089.4453859
1785136089.4453859
1785136089.4453859
1785136089.4456079
1785136089.4456079
1785136089.4456079
1785136089.4456079
1785136089.4456079
1785136089.4456079
1785136089.4456079
1785136089.4456079
1785136089.4456079
1785136089.4456079
1785136089.4456079
1785136089.4456079
1785136089.4456079
1785136089.4456079
1785136089.4456079
1785136089.4456079
1785136089.4456079
1785136089.4456079
1785136089.4456079
1785136089.4456079
1785136089.4456079
1785136089.4456079
1785136089.4456079
1785136089.4456079
1785136089.4456079
1785136089.4456079
1785136089.4456079
1785136089.4456079
1785136089.4456079
1785136089.4456079
1785136089.4456079
1785136089.4456079
1785136089.4456079
1785136089.4456079
1785136089.4456079
1785136089.4456079
1785136089.4456079
1785136089.4456079
1785136089.4456079
1785136089.4456079
1785136089.4456079
1785136089.4456079
1785136089.4456079
1785136089.4456079
1785136089.4456079
1785136089.4456079
1785136089.4456079
1785136089.4456079
1785136089.4456079
1785136089.4456079
1785136089.4458301
1785136089.4458301
1785136089.4458301
1785136089.4458301
1785136089.4458301
1785136089.4458301
1785136089.4458301
1785136089.4458301
1785136089.4458301
1785136089.4458301
1785136089.4458301
1785136089.4458301
1785136089.4458301
1785136089.4458301
1785136089.4458301
1785136089.4458301
1785136089.4458301
1785136089.4458301
1785136089.4458301
1785136089.4458301
1785136089.4458301
1785136089.4458301
1785136089.4458301
1785136089.4458301
1785136089.4458301
1785136089.4458301
1785136089.4458301
1785136089.4458301
1785136089.4458301
1785136089.4458301
1785136089.4458301
1785136089.4458301
1785136089.4458301
1785136089.4458301
1785136089.4458301
1785136089.4458301
1785136089.4458301
1785136089.4458301
1785136089.4458301
1785136089.4458301
1785136089.4458301
1785136089.4458301
1785136089.4458301
1785136089.4458301
1785136089.4458301
1785136089.4458301
1785136089.4458301
1785136089.4458301
1785136089.4458301
1785136089.4458301
1785136089.4460521
1785136089.4460521
1785136089.4460521
1785136089.4460521
1785136089.4460521
1785136089.4460521
1785136089.4460521
1785136089.4460521
1785136089.4460521
1785136089.4460521
1785136089.4460521
1785136089.4460521
1785136089.4460521
1785136089.4460521
1785136089.4460521
1785136089.4460521
1785136089.4460521
1785136089.4460521
1785136089.4460521
1785136089.4460521
1785136089.4460521
1785136089.4460521
1785136089.4460521
1785136089.4460521
1785136089.4460521
1785136089.4460521
1785136089.4460521
1785136089.4460521
1785136089.4460521
1785136089.4460521
1785136089.4460521
1785136089.4460521
1785136089.4460521
1785136089.4460521
1785136089.4460521
1785136089.4460521
1785136089.4460521
1785136089.4460521
1785136089.4460521
1785136089.4460521
1785136089.4460521
1785136089.4460521
1785136089.4460521
1785136089.4460521
1785136089.4460521
1785136089.4460521
1785136089.4460521
1785136089.4460521
1785136089.4460521
1785136089.4460521
1785136089.4462740
1785136089.4462740
1785136089.4462740
1785136089.4462740
1785136089.4462740
1785136089.4462740
1785136089.4462740
1785136089.4462740
1785136089.4462740
1785136089.4462740
1785136089.4462740
1785136089.4462740
1785136089.4462740
1785136089.4462740
1785136089.4462740
1785136089.4462740
1785136089.4462740
1785136089.4462740
1785136089.4462740
1785136089.4462740
1785136089.4462740
1785136089.4462740
1785136089.4462740
1785136089.4462740
1785136089.4462740
1785136089.4462740
1785136089.4462740
1785136089.4462740
1785136089.4462740
1785136089.4462740
1785136089.4462740
1785136089.4462740
1785136089.4462740
1785136089.4462740
1785136089.4462740
1785136089.4462740
1785136089.4462740
1785136089.4462740
1785136089.4462740
1785136089.4462740
1785136089.4462740
1785136089.4462740
1785136089.4462740
1785136089.4462740
1785136089.4462740
1785136089.4462740
1785136089.4462740
1785136089.4462740
1785136089.4462740
1785136089.4462740
1785136089.4464960
1785136089.4464960
1785136089.4464960
1785136089.4464960
1785136089.4464960
1785136089.4464960
1785136089.4464960
1785136089.4464960
1785136089.4464960
1785136089.4464960
1785136089.4464960
1785136089.4464960
1785136089.4464960
1785136089.4464960
1785136089.4464960
1785136089.4464960
1785136089.4464960
1785136089.4464960
1785136089.4464960
1785136089.4464960
1785136089.4464960
1785136089.4464960
1785136089.4464960
1785136089.4464960
1785136089.4464960
1785136089.4464960
1785136089.4464960
1785136089.4464960
1785136089.4464960
1785136089.4464960
1785136089.4464960
1785136089.4464960
1785136089.4464960
1785136089.4464960
1785136089.4464960
1785136089.4464960
1785136089.4464960
1785136089.4464960
1785136089.4464960
1785136089.4464960
1785136089.4464960
1785136089.4464960
1785136089.4464960
1785136089.4464960
1785136089.4464960
1785136089.4464960
1785136089.4464960
1785136089.4464960
1785136089.4464960
1785136089.4467189
1785136089.4467189
1785136089.4467189
1785136089.4467189
1785136089.4467189
1785136089.4467189
1785136089.4467189
1785136089.4467189
1785136089.4467189
1785136089.4467189
1785136089.4467189
1785136089.4467189
1785136089.4467189
1785136089.4467189
1785136089.4467189
1785136089.4467189
1785136089.4467189
1785136089.4467189
1785136089.4467189
1785136089.4467189
1785136089.4467189
1785136089.4467189
1785136089.4467189
1785136089.4467189
1785136089.4467189
1785136089.4467189
1785136089.4467189
1785136089.4467189
1785136089.4467189
1785136089.4467189
1785136089.4467189
1785136089.4467189
1785136089.4467189
1785136089.4467189
1785136089.4467189
1785136089.4467189
1785136089.4467189
1785136089.4467189
1785136089.4467189
1785136089.4467189
1785136089.4467189
1785136089.4467189
1785136089.4467189
1785136089.4467189
1785136089.4467189
1785136089.4467189
1785136089.4467189
1785136089.4467189
1785136089.4467189
1785136089.4469409
1785136089.4469409
1785136089.4469409
1785136089.4469409
1785136089.4469409
1785136089.4469409
1785136089.4469409
1785136089.4469409
1785136089.4469409
1785136089.4469409
1785136089.4469409
1785136089.4469409
1785136089.4469409
1785136089.4469409
1785136089.4469409
1785136089.4469409
1785136089.4469409
1785136089.4469409
1785136089.4469409
1785136089.4469409
1785136089.4469409
1785136089.4469409
1785136089.4469409
1785136089.4469409
1785136089.4469409
1785136089.4469409
1785136089.4469409
1785136089.4469409
1785136089.4469409
1785136089.4469409
1785136089.4469409
1785136089.4469409
1785136089.4469409
1785136089.4469409
1785136089.4469409
1785136089.4469409
1785136089.4469409
1785136089.4469409
1785136089.4469409
1785136089.4469409
1785136089.4469409
1785136089.4469409
1785136089.4469409
1785136089.4469409
1785136089.4469409
1785136089.4469409
1785136089.4469409
1785136089.4469409
1785136089.4469409
1785136089.4471631
1785136089.4471631
1785136089.4471631
1785136089.4471631
1785136089.4471631
1785136089.4471631
1785136089.4471631
1785136089.4471631
1785136089.4471631
1785136089.4471631
1785136089.4471631
1785136089.4471631
1785136089.4471631
1785136089.4471631
1785136089.4471631
1785136089.4471631
1785136089.4471631
1785136089.4471631
1785136089.4471631
1785136089.4471631
1785136089.4471631
1785136089.4471631
1785136089.4471631
1785136089.4471631
1785136089.4471631
1785136089.4471631
1785136089.4471631
1785136089.4471631
1785136089.4471631
1785136089.4471631
1785136089.4471631
1785136089.4471631
1785136089.4471631
1785136089.4471631
1785136089.4471631
1785136089.4471631
1785136089.4471631
1785136089.4471631
1785136089.4471631
1785136089.4471631
1785136089.4471631
1785136089.4471631
1785136089.4471631
1785136089.4471631
1785136089.4471631
1785136089.4471631
1785136089.4471631
1785136089.4471631
1785136089.4471631
1785136089.4473851
1785136089.4473851
1785136089.4473851
1785136089.4473851
1785136089.4473851
1785136089.4473851
1785136089.4473851
1785136089.4473851
1785136089.4473851
1785136089.4473851
1785136089.4473851
1785136089.4473851
1785136089.4473851
1785136089.4473851
1785136089.4473851
1785136089.4473851
1785136089.4473851
1785136089.4473851
1785136089.4473851
1785136089.4473851
1785136089.4473851
1785136089.4473851
1785136089.4473851
1785136089.4473851
1785136089.4473851
1785136089.4473851
1785136089.4473851
1785136089.4473851
1785136089.4473851
1785136089.4473851
1785136089.4473851
1785136089.4473851
1785136089.4473851
1785136089.4473851
1785136089.4473851
1785136089.4473851
1785136089.4473851
1785136089.4473851
1785136089.4473851
1785136089.4473851
1785136089.4473851
1785136089.4473851
1785136089.4473851
1785136089.4473851
1785136089.4473851
1785136089.4473851
1785136089.4473851
1785136089.4473851
1785136089.4473851
1785136089.4476080
1785136089.4476080
1785136089.4476080
1785136089.4476080
1785136089.4476080
1785136089.4476080
1785136089.4476080
1785136089.4476080
1785136089.4476080
1785136089.4476080
1785136089.4476080
1785136089.4476080
1785136089.4476080
1785136089.4476080
1785136089.4476080
1785136089.4476080
1785136089.4476080
1785136089.4476080
1785136089.4476080
1785136089.4476080
1785136089.4476080
1785136089.4476080
1785136089.4476080
1785136089.4476080
1785136089.4476080
1785136089.4476080
1785136089.4476080
1785136089.4476080
1785136089.4476080
1785136089.4476080
1785136089.4476080
1785136089.4476080
1785136089.4476080
1785136089.4476080
1785136089.4476080
1785136089.4476080
1785136089.4476080
1785136089.4476080
1785136089.4476080
1785136089.4476080
1785136089.4476080
1785136089.4476080
1785136089.4476080
1785136089.4476080
1785136089.4476080
1785136089.4476080
1785136089.4476080
1785136089.4476080
1785136089.4476080
1785136089.4478300
1785136089.4478300
1785136089.4478300
1785136089.4478300
1785136089.4478300
1785136089.4478300
1785136089.4478300
1785136089.4478300
1785136089.4478300
1785136089.4478300
1785136089.4478300
1785136089.4478300
1785136089.4478300
1785136089.4478300
1785136089.4478300
1785136089.4478300
1785136089.4478300
1785136089.4478300
1785136089.4478300
1785136089.4478300
1785136089.4478300
1785136089.4478300
1785136089.4478300
1785136089.4478300
1785136089.4478300
1785136089.4478300
1785136089.4478300
1785136089.4478300
1785136089.4478300
1785136089.4478300
1785136089.4478300
1785136089.4478300
1785136089.4478300
1785136089.4478300
1785136089.4478300
1785136089.4478300
1785136089.4478300
1785136089.4478300
1785136089.4478300
1785136089.4478300
1785136089.4478300
1785136089.4478300
1785136089.4478300
1785136089.4478300
1785136089.4478300
1785136089.4478300
1785136089.4478300
1785136089.4478300
1785136089.4478300
1785136089.4480519
1785136089.4480519
1785136089.4480519
1785136089.4480519
1785136089.4480519
1785136089.4480519
1785136089.4480519
1785136089.4480519
1785136089.4480519
1785136089.4480519
1785136089.4480519
1785136089.4480519
1785136089.4480519
1785136089.4480519
1785136089.4480519
1785136089.4480519
1785136089.4480519
1785136089.4480519
1785136089.4480519
1785136089.4480519
1785136089.4480519
1785136089.4480519
1785136089.4480519
1785136089.4480519
1785136089.4480519
1785136089.4480519
1785136089.4480519
1785136089.4480519
1785136089.4480519
1785136089.4480519
1785136089.4480519
1785136089.4480519
1785136089.4480519
1785136089.4480519
1785136089.4480519
1785136089.4480519
1785136089.4480519
1785136089.4480519
1785136089.4480519
1785136089.4480519
1785136089.4480519
1785136089.4480519
1785136089.4480519
1785136089.4480519
1785136089.4480519
1785136089.4480519
1785136089.4480519
1785136089.4480519
1785136089.4482739
1785136089.4482739
1785136089.4482739
1785136089.4482739
1785136089.4482739
1785136089.4482739
1785136089.4482739
1785136089.4482739
1785136089.4482739
1785136089.4482739
1785136089.4482739
1785136089.4482739
1785136089.4482739
1785136089.4482739
1785136089.4482739
1785136089.4482739
1785136089.4482739
1785136089.4482739
1785136089.4482739
1785136089.4482739
1785136089.4482739
1785136089.4482739
1785136089.4482739
1785136089.4482739
1785136089.4482739
1785136089.4482739
1785136089.4482739
1785136089.4482739
1785136089.4482739
1785136089.4482739
1785136089.4482739
1785136089.4482739
1785136089.4482739
1785136089.4482739
1785136089.4482739
1785136089.4482739
1785136089.4482739
1785136089.4482739
1785136089.4482739
1785136089.4482739
1785136089.4482739
1785136089.4482739
1785136089.4482739
1785136089.4482739
1785136089.4482739
1785136089.4482739
1785136089.4482739
1785136089.4482739
1785136089.4484961
1785136089.4484961
1785136089.4484961
1785136089.4484961
1785136089.4484961
1785136089.4484961
1785136089.4484961
1785136089.4484961
1785136089.4484961
1785136089.4484961
1785136089.4484961
1785136089.4484961
1785136089.4484961
1785136089.4484961
1785136089.4484961
1785136089.4484961
1785136089.4484961
1785136089.4484961
1785136089.4484961
1785136089.4484961
1785136089.4484961
1785136089.4484961
1785136089.4484961
1785136089.4484961
1785136089.4484961
1785136089.4484961
1785136089.4484961
1785136089.4484961
1785136089.4484961
1785136089.4484961
1785136089.4484961
1785136089.4484961
1785136089.4484961
1785136089.4484961
1785136089.4484961
1785136089.4484961
1785136089.4484961
1785136089.4484961
1785136089.4484961
1785136089.4484961
1785136089.4484961
1785136089.4484961
1785136089.4484961
1785136089.4484961
1785136089.4484961
1785136089.4484961
1785136089.4484961
1785136089.4484961
1785136089.4487181
1785136089.4487181
1785136089.4487181
1785136089.4487181
1785136089.4487181
1785136089.4487181
1785136089.4487181
1785136089.4487181
1785136089.4487181
1785136089.4487181
1785136089.4487181
1785136089.4487181
1785136089.4487181
1785136089.4487181
1785136089.4487181
1785136089.4487181
1785136089.4487181
1785136089.4487181
1785136089.4487181
1785136089.4487181
1785136089.4487181
1785136089.4487181
1785136089.4487181
1785136089.4487181
1785136089.4487181
1785136089.4487181
1785136089.4487181
1785136089.4487181
1785136089.4487181
1785136089.4487181
1785136089.4487181
1785136089.4487181
1785136089.4487181
1785136089.4487181
1785136089.4487181
1785136089.4487181
1785136089.4487181
1785136089.4487181
1785136089.4487181
1785136089.4487181
1785136089.4487181
1785136089.4487181
1785136089.4487181
1785136089.4487181
1785136089.4487181
1785136089.4487181
1785136089.4487181
1785136089.4487181
1785136089.4489400
1785136089.4489400
1785136089.4489400
1785136089.4489400
1785136089.4489400
1785136089.4489400
1785136089.4489400
1785136089.4489400
1785136089.4489400
1785136089.4489400
1785136089.4489400
1785136089.4489400
1785136089.4489400
1785136089.4489400
1785136089.4489400
1785136089.4489400
1785136089.4489400
1785136089.4489400
1785136089.4489400
1785136089.4489400
1785136089.4489400
1785136089.4489400
1785136089.4489400
1785136089.4489400
1785136089.4489400
1785136089.4489400
1785136089.4489400
1785136089.4489400
1785136089.4489400
1785136089.4489400
1785136089.4489400
1785136089.4489400
1785136089.4489400
1785136089.4489400
1785136089.4489400
1785136089.4489400
1785136089.4489400
1785136089.4489400
1785136089.4489400
1785136089.4489400
1785136089.4489400
1785136089.4489400
1785136089.4489400
1785136089.4489400
1785136089.4489400
1785136089.4489400
1785136089.4489400
1785136089.4489400
1785136089.4491620
1785136089.4491620
1785136089.4491620
1785136089.4491620
1785136089.4491620
1785136089.4491620
1785136089.4491620
1785136089.4491620
1785136089.4491620
1785136089.4491620
1785136089.4491620
1785136089.4491620
1785136089.4491620
1785136089.4491620
1785136089.4491620
1785136089.4491620
1785136089.4491620
1785136089.4491620
1785136089.4491620
1785136089.4491620
1785136089.4491620
1785136089.4491620
1785136089.4491620
1785136089.4491620
1785136089.4491620
1785136089.4491620
1785136089.4491620
1785136089.4491620
1785136089.4491620
1785136089.4491620
1785136089.4491620
1785136089.4491620
1785136089.4491620
1785136089.4491620
1785136089.4491620
1785136089.4491620
1785136089.4491620
1785136089.4491620
1785136089.4491620
1785136089.4491620
1785136089.4491620
1785136089.4491620
1785136089.4491620
1785136089.4491620
1785136089.4491620
1785136089.4491620
1785136089.4491620
1785136089.4491620
1785136089.4493849
1785136089.4493849
1785136089.4493849
1785136089.4493849
1785136089.4493849
1785136089.4493849
1785136089.4493849
1785136089.4493849
1785136089.4493849
1785136089.4493849
1785136089.4493849
1785136089.4493849
1785136089.4493849
1785136089.4493849
1785136089.4493849
1785136089.4493849
1785136089.4493849
1785136089.4493849
1785136089.4493849
1785136089.4493849
1785136089.4493849
1785136089.4493849
1785136089.4493849
1785136089.4493849
1785136089.4493849
1785136089.4493849
1785136089.4493849
1785136089.4493849
1785136089.4493849
1785136089.4493849
1785136089.4493849
1785136089.4493849
1785136089.4493849
1785136089.4493849
1785136089.4493849
1785136089.4493849
1785136089.4493849
1785136089.4493849
1785136089.4493849
1785136089.4493849
1785136089.4493849
1785136089.4493849
1785136089.4493849
1785136089.4493849
1785136089.4493849
1785136089.4493849
1785136089.4493849
1785136089.4493849
1785136089.4493849
1785136089.4496069
1785136089.4496069
1785136089.4496069
1785136089.4496069
1785136089.4496069
1785136089.4496069
1785136089.4496069
1785136089.4496069
1785136089.4496069
1785136089.4496069
1785136089.4496069
1785136089.4496069
1785136089.4496069
1785136089.4496069
1785136089.4496069
1785136089.4496069
1785136089.4496069
1785136089.4496069
1785136089.4496069
1785136089.4496069
1785136089.4496069
1785136089.4496069
1785136089.4496069
1785136089.4496069
1785136089.4496069
1785136089.4496069
1785136089.4496069
1785136089.4496069
1785136089.4496069
1785136089.4496069
1785136089.4496069
1785136089.4496069
1785136089.4496069
1785136089.4496069
1785136089.4496069
1785136089.4496069
1785136089.4496069
1785136089.4496069
1785136089.4496069
1785136089.4496069
1785136089.4496069
1785136089.4496069
1785136089.4496069
1785136089.4496069
1785136089.4496069
1785136089.4496069
1785136089.4496069
1785136089.4496069
1785136089.4496069
1785136089.4498291
1785136089.4498291
1785136089.4498291
1785136089.4498291
1785136089.4498291
1785136089.4498291
1785136089.4498291
1785136089.4498291
1785136089.4498291
1785136089.4498291
1785136089.4498291
1785136089.4498291
1785136089.4498291
1785136089.4498291
1785136089.4498291
1785136089.4498291
1785136089.4498291
1785136089.4498291
1785136089.4498291
1785136089.4498291
1785136089.4498291
1785136089.4498291
1785136089.4498291
1785136089.4498291
1785136089.4498291
1785136089.4498291
1785136089.4498291
1785136089.4498291
1785136089.4498291
1785136089.4498291
1785136089.4498291
1785136089.4498291
1785136089.4498291
1785136089.4498291
1785136089.4498291
1785136089.4498291
1785136089.4498291
1785136089.4498291
1785136089.4498291
1785136089.4498291
1785136089.4498291
1785136089.4498291
1785136089.4498291
1785136089.4498291
1785136089.4498291
1785136089.4498291
1785136089.4498291
1785136089.4498291
1785136089.4498291
1785136089.4498291
1785136089.4500511
1785136089.4500511
1785136089.4500511
1785136089.4500511
1785136089.4500511
1785136089.4500511
1785136089.4500511
1785136089.4500511
1785136089.4500511
1785136089.4500511
1785136089.4500511
1785136089.4500511
1785136089.4500511
1785136089.4500511
1785136089.4500511
1785136089.4500511
1785136089.4500511
1785136089.4500511
1785136089.4500511
1785136089.4500511
1785136089.4500511
1785136089.4500511
1785136089.4500511
1785136089.4500511
1785136089.4500511
1785136089.4500511
1785136089.4500511
1785136089.4500511
1785136089.4500511
1785136089.4500511
1785136089.4500511
1785136089.4500511
1785136089.4500511
1785136089.4500511
1785136089.4500511
1785136089.4500511
1785136089.4500511
1785136089.4500511
1785136089.4500511
1785136089.4500511
1785136089.4500511
1785136089.4500511
1785136089.4500511
1785136089.4500511
1785136089.4500511
1785136089.4500511
1785136089.4500511
1785136089.4500511
1785136089.4500511
1785136089.4500511
1785136089.4500511
1785136089.4500511
1785136089.4502730
1785136089.4502730
1785136089.4502730
1785136089.4502730
1785136089.4502730
1785136089.4502730
1785136089.4502730
1785136089.4502730
1785136089.4502730
1785136089.4502730
1785136089.4502730
1785136089.4502730
1785136089.4502730
1785136089.4502730
1785136089.4502730
1785136089.4502730
1785136089.4502730
1785136089.4502730
1785136089.4502730
1785136089.4502730
1785136089.4502730
1785136089.4502730
1785136089.4502730
1785136089.4502730
1785136089.4502730
1785136089.4502730
1785136089.4502730
1785136089.4502730
1785136089.4502730
1785136089.4502730
1785136089.4502730
1785136089.4502730
1785136089.4502730
1785136089.4502730
1785136089.4502730
1785136089.4502730
1785136089.4502730
1785136089.4502730
1785136089.4502730
1785136089.4502730
1785136089.4502730
1785136089.4502730
1785136089.4502730
1785136089.4502730
1785136089.4502730
1785136089.4502730
1785136089.4502730
1785136089.4502730
1785136089.4502730
1785136089.4502730
1785136089.4504960
1785136089.4504960
1785136089.4504960
1785136089.4504960
1785136089.4504960
1785136089.4504960
1785136089.4504960
1785136089.4504960
1785136089.4504960
1785136089.4504960
1785136089.4504960
1785136089.4504960
1785136089.4504960
1785136089.4504960
1785136089.4504960
1785136089.4504960
1785136089.4504960
1785136089.4504960
1785136089.4504960
1785136089.4504960
1785136089.4504960
1785136089.4504960
1785136089.4504960
1785136089.4504960
1785136089.4504960
1785136089.4504960
1785136089.4504960
1785136089.4504960
1785136089.4504960
1785136089.4504960
1785136089.4504960
1785136089.4504960
1785136089.4504960
1785136089.4504960
1785136089.4504960
1785136089.4504960
1785136089.4504960
1785136089.4504960
1785136089.4504960
1785136089.4504960
1785136089.4504960
1785136089.4504960
1785136089.4504960
1785136089.4504960
1785136089.4504960
1785136089.4507179
1785136089.4507179
1785136089.4507179
1785136089.4507179
1785136089.4507179
1785136089.4507179
1785136089.4507179
1785136089.4507179
1785136089.4507179
1785136089.4507179
1785136089.4507179
1785136089.4507179
1785136089.4507179
1785136089.4507179
1785136089.4507179
1785136089.4507179
1785136089.4507179
1785136089.4507179
1785136089.4507179
1785136089.4507179
1785136089.4507179
1785136089.4507179
1785136089.4507179
1785136089.4507179
1785136089.4507179
1785136089.4507179
1785136089.4507179
1785136089.4507179
1785136089.4507179
1785136089.4507179
1785136089.4507179
1785136089.4507179
1785136089.4507179
1785136089.4507179
1785136089.4507179
1785136089.4507179
1785136089.4507179
1785136089.4507179
1785136089.4507179
1785136089.4507179
1785136089.4507179
1785136089.4507179
1785136089.4507179
1785136089.4509399
1785136089.4509399
1785136089.4509399
1785136089.4509399
1785136089.4509399
1785136089.4509399
1785136089.4509399
1785136089.4509399
1785136089.4509399
1785136089.4509399
1785136089.4509399
1785136089.4509399
1785136089.4509399
1785136089.4509399
1785136089.4509399
1785136089.4509399
1785136089.4509399
1785136089.4509399
1785136089.4509399
1785136089.4509399
1785136089.4509399
1785136089.4509399
1785136089.4509399
1785136089.4509399
1785136089.4509399
1785136089.4509399
1785136089.4509399
1785136089.4509399
1785136089.4509399
1785136089.4509399
1785136089.4509399
1785136089.4509399
1785136089.4509399
1785136089.4509399
1785136089.4509399
1785136089.4509399
1785136089.4509399
1785136089.4509399
1785136089.4509399
1785136089.4509399
1785136089.4509399
1785136089.4511621
1785136089.4511621
1785136089.4511621
1785136089.4511621
1785136089.4511621
1785136089.4511621
1785136089.4511621
1785136089.4511621
1785136089.4511621
1785136089.4511621
1785136089.4511621
1785136089.4511621
1785136089.4511621
1785136089.4511621
1785136089.4511621
1785136089.4511621
1785136089.4511621
1785136089.4511621
1785136089.4511621
1785136089.4511621
1785136089.4511621
1785136089.4511621
1785136089.4511621
1785136089.4511621
1785136089.4511621
1785136089.4511621
1785136089.4511621
1785136089.4511621
1785136089.4511621
1785136089.4511621
1785136089.4511621
1785136089.4511621
1785136089.4511621
1785136089.4511621
1785136089.4511621
1785136089.4511621
1785136089.4511621
1785136089.4511621
1785136089.4511621
1785136089.4511621
1785136089.4511621
1785136089.4511621
1785136089.4513841
1785136089.4513841
1785136089.4513841
1785136089.4513841
1785136089.4513841
1785136089.4513841
1785136089.4513841
1785136089.4513841
1785136089.4513841
1785136089.4513841
1785136089.4513841
1785136089.4513841
1785136089.4513841
1785136089.4513841
1785136089.4513841
1785136089.4513841
1785136089.4513841
1785136089.4513841
1785136089.4513841
1785136089.4513841
1785136089.4513841
1785136089.4513841
1785136089.4513841
1785136089.4513841
1785136089.4513841
1785136089.4513841
1785136089.4513841
1785136089.4513841
1785136089.4513841
1785136089.4513841
1785136089.4513841
1785136089.4513841
1785136089.4513841
1785136089.4513841
1785136089.4513841
1785136089.4513841
1785136089.4513841
1785136089.4513841
1785136089.4513841
1785136089.4513841
1785136089.4513841
1785136089.4513841
1785136089.4513841
1785136089.4516070
1785136089.4516070
1785136089.4516070
1785136089.4516070
1785136089.4516070
1785136089.4516070
1785136089.4516070
1785136089.4516070
1785136089.4516070
1785136089.4516070
1785136089.4516070
1785136089.4516070
1785136089.4516070
1785136089.4516070
1785136089.4516070
1785136089.4516070
1785136089.4516070
1785136089.4516070
1785136089.4516070
1785136089.4516070
1785136089.4516070
1785136089.4516070
1785136089.4516070
1785136089.4516070
1785136089.4516070
1785136089.4516070
1785136089.4516070
1785136089.4516070
1785136089.4516070
1785136089.4516070
1785136089.4516070
1785136089.4516070
1785136089.4516070
1785136089.4516070
1785136089.4516070
1785136089.4516070
1785136089.4516070
1785136089.4516070
1785136089.4516070
1785136089.4516070
1785136089.4516070
1785136089.4516070
1785136089.4516070
1785136089.4516070
1785136089.4516070
1785136089.4518290
1785136089.4518290
1785136089.4518290
1785136089.4518290
1785136089.4518290
1785136089.4518290
1785136089.4518290
1785136089.4518290
1785136089.4518290
1785136089.4518290
1785136089.4518290
1785136089.4518290
1785136089.4518290
1785136089.4518290
1785136089.4518290
1785136089.4518290
1785136089.4518290
1785136089.4518290
1785136089.4518290
1785136089.4518290
1785136089.4518290
1785136089.4518290
1785136089.4518290
1785136089.4518290
1785136089.4518290
1785136089.4518290
1785136089.4518290
1785136089.4518290
1785136089.4518290
1785136089.4518290
1785136089.4518290
1785136089.4518290
1785136089.4518290
1785136089.4518290
1785136089.4518290
1785136089.4518290
1785136089.4518290
1785136089.4518290
1785136089.4518290
1785136089.4518290
1785136089.4518290
1785136089.4518290
1785136089.4518290
1785136089.4518290
1785136089.4518290
1785136089.4520509
1785136089.4520509
1785136089.4520509
1785136089.4520509
1785136089.4520509
1785136089.4520509
1785136089.4520509
1785136089.4520509
1785136089.4520509
1785136089.4520509
1785136089.4520509
1785136089.4520509
1785136089.4520509
1785136089.4520509
1785136089.4520509
1785136089.4520509
1785136089.4520509
1785136089.4520509
1785136089.4520509
1785136089.4520509
1785136089.4520509
1785136089.4520509
1785136089.4520509
1785136089.4520509
1785136089.4520509
1785136089.4520509
1785136089.4520509
1785136089.4520509
1785136089.4520509
1785136089.4520509
1785136089.4520509
1785136089.4520509
1785136089.4520509
1785136089.4520509
1785136089.4520509
1785136089.4520509
1785136089.4520509
1785136089.4520509
1785136089.4520509
1785136089.4520509
1785136089.4520509
1785136089.4520509
1785136089.4520509
1785136089.4520509
1785136089.4520509
1785136089.4522729
1785136089.4522729
1785136089.4522729
1785136089.4522729
1785136089.4522729
1785136089.4522729
1785136089.4522729
1785136089.4522729
1785136089.4522729
1785136089.4522729
1785136089.4522729
1785136089.4522729
1785136089.4522729
1785136089.4522729
1785136089.4522729
1785136089.4522729
1785136089.4522729
1785136089.4522729
1785136089.4522729
1785136089.4522729
1785136089.4522729
1785136089.4522729
1785136089.4522729
1785136089.4522729
1785136089.4522729
1785136089.4522729
1785136089.4522729
1785136089.4522729
1785136089.4522729
1785136089.4522729
1785136089.4522729
1785136089.4522729
1785136089.4522729
1785136089.4522729
1785136089.4522729
1785136089.4522729
1785136089.4522729
1785136089.4522729
1785136089.4522729
1785136089.4522729
1785136089.4522729
1785136089.4522729
1785136089.4522729
1785136089.4522729
1785136089.4522729
1785136089.4524951
1785136089.4524951
1785136089.4524951
1785136089.4524951
1785136089.4524951
1785136089.4524951
1785136089.4524951
1785136089.4524951
1785136089.4524951
1785136089.4524951
1785136089.4524951
1785136089.4524951
1785136089.4524951
1785136089.4524951
1785136089.4524951
1785136089.4524951
1785136089.4524951
1785136089.4524951
1785136089.4524951
1785136089.4524951
1785136089.4524951
1785136089.4524951
1785136089.4524951
1785136089.4524951
1785136089.4524951
1785136089.4524951
1785136089.4524951
1785136089.4524951
1785136089.4524951
1785136089.4524951
1785136089.4524951
1785136089.4524951
1785136089.4524951
1785136089.4524951
1785136089.4524951
1785136089.4524951
1785136089.4524951
1785136089.4524951
1785136089.4524951
1785136089.4524951
1785136089.4524951
1785136089.4524951
1785136089.4524951
1785136089.4524951
1785136089.4524951
1785136089.4524951
1785136089.4524951
1785136089.4524951
1785136089.4524951
1785136089.4524951
1785136089.4527180
1785136089.4527180
1785136089.4527180
1785136089.4527180
1785136089.4527180
1785136089.4527180
1785136089.4527180
1785136089.4527180
1785136089.4527180
1785136089.4527180
1785136089.4527180
1785136089.4527180
1785136089.4527180
1785136089.4527180
1785136089.4527180
1785136089.4527180
1785136089.4527180
1785136089.4527180
1785136089.4527180
1785136089.4527180
1785136089.4527180
1785136089.4527180
1785136089.4527180
1785136089.4527180
1785136089.4527180
1785136089.4527180
1785136089.4527180
1785136089.4527180
1785136089.4527180
1785136089.4527180
1785136089.4527180
1785136089.4527180
1785136089.4527180
1785136089.4527180
1785136089.4527180
1785136089.4527180
1785136089.4527180
1785136089.4527180
1785136089.4527180
1785136089.4527180
1785136089.4527180
1785136089.4527180
1785136089.4527180
1785136089.4527180
1785136089.4527180
1785136089.4527180
1785136089.4527180
1785136089.4527180
1785136089.4527180
1785136089.4527180
1785136089.4527180
1785136089.4527180
1785136089.4527180
1785136089.4527180
1785136089.4527180
1785136089.4527180
1785136089.4527180
1785136089.4527180
1785136089.4527180
1785136089.4527180
1785136089.4527180
1785136089.4527180
1785136089.4527180
1785136089.4527180
1785136089.4529400
1785136089.4529400
1785136089.4529400
1785136089.4529400
1785136089.4529400
1785136089.4529400
1785136089.4529400
1785136089.4529400
1785136089.4529400
1785136089.4529400
1785136089.4529400
1785136089.4529400
1785136089.4529400
1785136089.4529400
1785136089.4529400
1785136089.4529400
1785136089.4529400
1785136089.4529400
1785136089.4529400
1785136089.4529400
1785136089.4529400
1785136089.4529400
1785136089.4529400
1785136089.4529400
1785136089.4529400
1785136089.4529400
1785136089.4529400
1785136089.4529400
1785136089.4529400
1785136089.4529400
1785136089.4529400
1785136089.4529400
1785136089.4529400
1785136089.4529400
1785136089.4529400
1785136089.4529400
1785136089.4529400
1785136089.4529400
1785136089.4529400
1785136089.4529400
1785136089.4529400
1785136089.4529400
1785136089.4529400
1785136089.4529400
1785136089.4529400
1785136089.4529400
1785136089.4529400
1785136089.4529400
1785136089.4529400
1785136089.4529400
1785136089.4529400
1785136089.4529400
1785136089.4529400
1785136089.4529400
1785136089.4529400
1785136089.4529400
1785136089.4529400
1785136089.4529400
1785136089.4529400
1785136089.4529400
1785136089.4529400
1785136089.4529400
1785136089.4529400
1785136089.4529400
1785136089.4531620
1785136089.4531620
1785136089.4531620
1785136089.4531620
1785136089.4531620
1785136089.4531620
1785136089.4531620
1785136089.4531620
1785136089.4531620
1785136089.4531620
1785136089.4531620
1785136089.4531620
1785136089.4531620
1785136089.4531620
1785136089.4531620
1785136089.4531620
1785136089.4531620
1785136089.4531620
1785136089.4531620
1785136089.4531620
1785136089.4531620
1785136089.4531620
1785136089.4531620
1785136089.4531620
1785136089.4531620
1785136089.4531620
1785136089.4531620
1785136089.4531620
1785136089.4531620
1785136089.4531620
1785136089.4531620
1785136089.4531620
1785136089.4531620
1785136089.4531620
1785136089.4531620
1785136089.4531620
1785136089.4531620
1785136089.4531620
1785136089.4531620
1785136089.4531620
1785136089.4531620
1785136089.4531620
1785136089.4531620
1785136089.4531620
1785136089.4531620
1785136089.4531620
1785136089.4531620
1785136089.4531620
1785136089.4531620
1785136089.4531620
1785136089.4531620
1785136089.4531620
1785136089.4531620
1785136089.4531620
1785136089.4531620
1785136089.4531620
1785136089.4533839
1785136089.4533839
1785136089.4533839
1785136089.4533839
1785136089.4533839
1785136089.4533839
1785136089.4533839
1785136089.4533839
1785136089.4533839
1785136089.4533839
1785136089.4533839
1785136089.4533839
1785136089.4533839
1785136089.4533839
1785136089.4533839
1785136089.4533839
1785136089.4533839
1785136089.4533839
1785136089.4533839
1785136089.4533839
1785136089.4533839
1785136089.4533839
1785136089.4533839
1785136089.4533839
1785136089.4533839
1785136089.4533839
1785136089.4533839
1785136089.4533839
1785136089.4533839
1785136089.4533839
1785136089.4533839
1785136089.4533839
1785136089.4533839
1785136089.4533839
1785136089.4533839
1785136089.4533839
1785136089.4533839
1785136089.4533839
1785136089.4533839
1785136089.4533839
1785136089.4533839
1785136089.4533839
1785136089.4533839
1785136089.4533839
1785136089.4533839
1785136089.4533839
1785136089.4533839
1785136089.4533839
1785136089.4533839
1785136089.4533839
1785136089.4533839
1785136089.4533839
1785136089.4533839
1785136089.4533839
1785136089.4533839
1785136089.4533839
1785136089.4533839
1785136089.4536071
1785136089.4536071
1785136089.4536071
1785136089.4536071
1785136089.4536071
1785136089.4536071
1785136089.4536071
1785136089.4536071
1785136089.4536071
1785136089.4536071
1785136089.4536071
1785136089.4536071
1785136089.4536071
1785136089.4536071
1785136089.4536071
1785136089.4536071
1785136089.4536071
1785136089.4536071
1785136089.4536071
1785136089.4536071
1785136089.4536071
1785136089.4536071
1785136089.4536071
1785136089.4536071
1785136089.4536071
1785136089.4536071
1785136089.4536071
1785136089.4536071
1785136089.4536071
1785136089.4536071
1785136089.4536071
1785136089.4536071
1785136089.4536071
1785136089.4536071
1785136089.4536071
1785136089.4536071
1785136089.4536071
1785136089.4536071
1785136089.4536071
1785136089.4536071
1785136089.4536071
1785136089.4536071
1785136089.4536071
1785136089.4536071
1785136089.4536071
1785136089.4536071
1785136089.4536071
1785136089.4536071
1785136089.4538291
1785136089.4538291
1785136089.4538291
1785136089.4538291
1785136089.4538291
1785136089.4538291
1785136089.4538291
1785136089.4538291
1785136089.4538291
1785136089.4538291
1785136089.4538291
1785136089.4538291
1785136089.4538291
1785136089.4538291
1785136089.4538291
1785136089.4538291
1785136089.4538291
1785136089.4538291
1785136089.4538291
1785136089.4538291
1785136089.4538291
1785136089.4538291
1785136089.4538291
1785136089.4538291
1785136089.4538291
1785136089.4538291
1785136089.4538291
1785136089.4538291
1785136089.4538291
1785136089.4538291
1785136089.4538291
1785136089.4538291
1785136089.4538291
1785136089.4538291
1785136089.4538291
1785136089.4538291
1785136089.4538291
1785136089.4538291
1785136089.4538291
1785136089.4538291
1785136089.4538291
1785136089.4538291
1785136089.4538291
1785136089.4538291
1785136089.4538291
1785136089.4538291
1785136089.4538291
1785136089.4538291
1785136089.4538291
1785136089.4538291
1785136089.4538291
1785136089.4538291
1785136089.4538291
1785136089.4538291
1785136089.4538291
1785136089.4540510
1785136089.4540510
1785136089.4540510
1785136089.4540510
1785136089.4540510
1785136089.4540510
1785136089.4540510
1785136089.4540510
1785136089.4540510
1785136089.4540510
1785136089.4540510
1785136089.4540510
1785136089.4540510
1785136089.4540510
1785136089.4540510
1785136089.4540510
1785136089.4540510
1785136089.4540510
1785136089.4540510
1785136089.4540510
1785136089.4540510
1785136089.4540510
1785136089.4540510
1785136089.4540510
1785136089.4540510
1785136089.4540510
1785136089.4540510
1785136089.4540510
1785136089.4540510
1785136089.4540510
1785136089.4540510
1785136089.4540510
1785136089.4540510
1785136089.4540510
1785136089.4540510
1785136089.4540510
1785136089.4540510
1785136089.4540510
1785136089.4540510
1785136089.4540510
1785136089.4540510
1785136089.4540510
1785136089.4540510
1785136089.4540510
1785136089.4540510
1785136089.4540510
1785136089.4540510
1785136089.4540510
1785136089.4540510
1785136089.4540510
1785136089.4540510
1785136089.4542730
1785136089.4542730
1785136089.4542730
1785136089.4542730
1785136089.4542730
1785136089.4542730
1785136089.4542730
1785136089.4542730
1785136089.4542730
1785136089.4542730
1785136089.4542730
1785136089.4542730
1785136089.4542730
1785136089.4542730
1785136089.4542730
1785136089.4542730
1785136089.4542730
1785136089.4542730
1785136089.4542730
1785136089.4542730
1785136089.4542730
1785136089.4542730
1785136089.4542730
1785136089.4542730
1785136089.4542730
1785136089.4542730
1785136089.4542730
1785136089.4542730
1785136089.4542730
1785136089.4542730
1785136089.4542730
1785136089.4542730
1785136089.4542730
1785136089.4542730
1785136089.4542730
1785136089.4542730
1785136089.4542730
1785136089.4542730
1785136089.4542730
1785136089.4542730
1785136089.4542730
1785136089.4542730
1785136089.4542730
1785136089.4544950
1785136089.4544950
1785136089.4544950
1785136089.4544950
1785136089.4544950
1785136089.4544950
1785136089.4544950
1785136089.4544950
1785136089.4544950
1785136089.4544950
1785136089.4544950
1785136089.4544950
1785136089.4544950
1785136089.4544950
1785136089.4544950
1785136089.4544950
1785136089.4544950
1785136089.4544950
1785136089.4544950
1785136089.4544950
1785136089.4544950
1785136089.4544950
1785136089.4544950
1785136089.4544950
1785136089.4544950
1785136089.4544950
1785136089.4544950
1785136089.4544950
1785136089.4544950
1785136089.4544950
1785136089.4544950
1785136089.4544950
1785136089.4544950
1785136089.4544950
1785136089.4544950
1785136089.4544950
1785136089.4544950
1785136089.4544950
1785136089.4544950
1785136089.4544950
1785136089.4544950
1785136089.4544950
1785136089.4544950
1785136089.4544950
1785136089.4544950
1785136089.4544950
1785136089.4544950
1785136089.4544950
1785136089.4544950
1785136089.4544950
1785136089.4544950
1785136089.4544950
1785136089.4544950
1785136089.4547181
1785136089.4547181
1785136089.4547181
1785136089.4547181
1785136089.4547181
1785136089.4547181
1785136089.4547181
1785136089.4547181
1785136089.4547181
1785136089.4547181
1785136089.4547181
1785136089.4547181
1785136089.4547181
1785136089.4547181
1785136089.4547181
1785136089.4547181
1785136089.4547181
1785136089.4547181
1785136089.4547181
1785136089.4547181
1785136089.4547181
1785136089.4547181
1785136089.4547181
1785136089.4547181
1785136089.4547181
1785136089.4547181
1785136089.4547181
1785136089.4547181
1785136089.4547181
1785136089.4547181
1785136089.4547181
1785136089.4547181
1785136089.4547181
1785136089.4547181
1785136089.4547181
1785136089.4547181
1785136089.4547181
1785136089.4547181
1785136089.4547181
1785136089.4547181
1785136089.4547181
1785136089.4547181
1785136089.4547181
1785136089.4547181
1785136089.4547181
1785136089.4547181
1785136089.4547181
1785136089.4547181
1785136089.4547181
1785136089.4547181
1785136089.4547181
1785136089.4547181
1785136089.4547181
1785136089.4547181
1785136089.4547181
1785136089.4547181
1785136089.4549401
1785136089.4549401
1785136089.4549401
1785136089.4549401
1785136089.4549401
1785136089.4549401
1785136089.4549401
1785136089.4549401
1785136089.4549401
1785136089.4549401
1785136089.4549401
1785136089.4549401
1785136089.4549401
1785136089.4549401
1785136089.4549401
1785136089.4549401
1785136089.4549401
1785136089.4549401
1785136089.4549401
1785136089.4549401
1785136089.4549401
1785136089.4549401
1785136089.4549401
1785136089.4549401
1785136089.4549401
1785136089.4549401
1785136089.4549401
1785136089.4549401
1785136089.4549401
1785136089.4549401
1785136089.4549401
1785136089.4549401
1785136089.4549401
1785136089.4549401
1785136089.4551620
1785136089.4551620
1785136089.4551620
1785136089.4551620
1785136089.4551620
1785136089.4551620
1785136089.4551620
1785136089.4551620
1785136089.4551620
1785136089.4551620
1785136089.4551620
1785136089.4551620
1785136089.4551620
1785136089.4551620
1785136089.4551620
1785136089.4551620
1785136089.4551620
1785136089.4551620
1785136089.4553840
1785136089.4553840
1785136089.4553840
1785136089.4553840
1785136089.4553840
1785136089.4553840
1785136089.4553840
1785136089.4553840
1785136089.4553840
1785136089.4553840
1785136089.4553840
1785136089.4553840
1785136089.4553840
1785136089.4553840
1785136089.4553840
1785136089.4553840
1785136089.4553840
1785136089.4553840
1785136089.4553840
1785136089.4553840
1785136089.4553840
1785136089.4553840
1785136089.4553840
1785136089.4553840
1785136089.4556060
1785136089.4556060
1785136089.4556060
1785136089.4556060
1785136089.4556060
1785136089.4556060
1785136089.4556060
1785136089.4556060
1785136089.4556060
1785136089.4556060
1785136089.4556060
1785136089.4556060
1785136089.4556060
1785136089.4556060
1785136089.4556060
1785136089.4558289
1785136089.4558289
1785136089.4558289
1785136089.4558289
1785136089.4558289
1785136089.4558289
1785136089.4558289
1785136089.4558289
1785136089.4558289
1785136089.4558289
1785136089.4558289
1785136089.4558289
1785136089.4560511
1785136089.4560511
1785136089.4560511
1785136089.4560511
1785136089.4560511
1785136089.4560511
1785136089.4560511
1785136089.4560511
1785136089.4560511
1785136089.4560511
1785136089.4560511
1785136089.4560511
1785136089.4562731
1785136089.4562731
1785136089.4562731
1785136089.4562731
1785136089.4562731
1785136089.4562731
1785136089.4562731
1785136089.4562731
1785136089.4562731
1785136089.4562731
1785136089.4562731
1785136089.4562731
1785136089.4562731
1785136089.4564950
1785136089.4564950
1785136089.4564950
1785136089.4564950
1785136089.4564950
1785136089.4564950
1785136089.4564950
1785136089.4564950
1785136089.4564950
1785136089.4564950
1785136089.4564950
1785136089.4564950
1785136089.4602740
1785136089.4604959
1785136089.4604959
1785136089.4604959
1785136089.4604959
1785136089.4604959
1785136089.4604959
1785136089.4604959
1785136089.4604959
1785136089.4604959
1785136089.4604959
1785136089.4604959
1785136089.4604959
1785136089.4607179
1785136089.4607179
1785136089.4607179
1785136089.4607179
1785136089.4607179
1785136089.4607179
1785136089.4607179
1785136089.4607179
1785136089.4607179
1785136089.4607179
1785136089.4607179
1785136089.4607179
1785136089.4607179
1785136089.4607179
1785136089.4607179
1785136089.4609399
1785136089.4609399
1785136089.4609399
1785136089.4609399
1785136089.4609399
1785136089.4609399
1785136089.4609399
1785136089.4609399
1785136089.4609399
1785136089.4609399
1785136089.4609399
1785136089.4609399
1785136089.4609399
1785136089.4609399
1785136089.4609399
1785136089.4609399
1785136089.4609399
1785136089.4611630
1785136089.4611630
1785136089.4611630
1785136089.4611630
1785136089.4611630
1785136089.4611630
1785136089.4611630
1785136089.4611630
1785136089.4611630
1785136089.4611630
1785136089.4611630
1785136089.4611630
1785136089.4611630
1785136089.4611630
1785136089.4611630
1785136089.4611630
1785136089.4611630
1785136089.4613850
1785136089.4613850
1785136089.4613850
1785136089.4613850
1785136089.4613850
1785136089.4613850
1785136089.4613850
1785136089.4613850
1785136089.4613850
1785136089.4613850
1785136089.4613850
1785136089.4613850
1785136089.4613850
1785136089.4613850
1785136089.4613850
1785136089.4613850
1785136089.4613850
1785136089.4613850
1785136089.4613850
1785136089.4616070
1785136089.4616070
1785136089.4616070
1785136089.4616070
1785136089.4616070
1785136089.4616070
1785136089.4616070
1785136089.4616070
1785136089.4616070
1785136089.4616070
1785136089.4616070
1785136089.4616070
1785136089.4620521
1785136089.4620521
1785136089.4620521
1785136089.4620521
1785136089.4620521
1785136089.4622741
1785136089.4622741
1785136089.4622741
1785136089.4622741
1785136089.4622741
1785136089.4622741
