1785136072.4124999
1785136072.4138341
1785136072.4138341
1785136072.4140561
1785136072.4140561
1785136072.4140561
1785136072.4142780
1785136072.4142780
1785136072.4142780
1785136072.4142780
1785136072.4142780
1785136072.4142780
1785136072.4142780
1785136072.4142780
1785136072.4142780
1785136072.4142780
1785136072.4142780
1785136072.4142780
1785136072.4142780
1785136072.4142780
1785136072.4142780
1785136072.4142780
1785136072.4145000
1785136072.4145000
1785136072.4145000
1785136072.4145000
1785136072.4145000
1785136072.4145000
1785136072.4145000
1785136072.4151680
1785136072.4151680
1785136072.4151680
1785136072.4167230
1785136072.4169459
1785136072.4169459
1785136072.4169459
1785136072.4169459
1785136072.4169459
1785136072.4171679
1785136072.4171679
1785136072.4171679
1785136072.4171679
1785136072.4171679
1785136072.4171679
1785136072.4171679
1785136072.4171679
1785136072.4173901
1785136072.4173901
1785136072.4173901
1785136072.4173901
1785136072.4173901
1785136072.4173901
1785136072.4173901
1785136072.4173901
1785136072.4173901
1785136072.4176130
1785136072.4176130
1785136072.4176130
1785136072.4176130
1785136072.4176130
1785136072.4176130
1785136072.4176130
1785136072.4176130
1785136072.4176130
1785136072.4176130
1785136072.4176130
1785136072.4176130
1785136072.4176130
1785136072.4176130
1785136072.4176130
1785136072.4176130
1785136072.4176130
1785136072.4176130
1785136072.4176130
1785136072.4178350
1785136072.4178350
1785136072.4178350
1785136072.4178350
1785136072.4178350
1785136072.4178350
1785136072.4178350
1785136072.4178350
1785136072.4178350
1785136072.4178350
1785136072.4178350
1785136072.4178350
1785136072.4178350
1785136072.4178350
1785136072.4178350
1785136072.4178350
1785136072.4178350
1785136072.4178350
1785136072.4178350
1785136072.4178350
1785136072.4178350
1785136072.4178350
1785136072.4178350
1785136072.4178350
1785136072.4178350
1785136072.4178350
1785136072.4178350
1785136072.4178350
1785136072.4178350
1785136072.4178350
1785136072.4178350
1785136072.4178350
1785136072.4178350
1785136072.4178350
1785136072.4178350
1785136072.4178350
1785136072.4178350
1785136072.4178350
1785136072.4178350
1785136072.4178350
1785136072.4178350
1785136072.4180570
1785136072.4180570
1785136072.4180570
1785136072.4180570
1785136072.4180570
1785136072.4180570
1785136072.4180570
1785136072.4180570
1785136072.4180570
1785136072.4180570
1785136072.4180570
1785136072.4180570
1785136072.4180570
1785136072.4180570
1785136072.4180570
1785136072.4180570
1785136072.4180570
1785136072.4180570
1785136072.4180570
1785136072.4180570
1785136072.4180570
1785136072.4180570
1785136072.4180570
1785136072.4180570
1785136072.4180570
1785136072.4180570
1785136072.4180570
1785136072.4180570
1785136072.4180570
1785136072.4180570
1785136072.4180570
1785136072.4180570
1785136072.4180570
1785136072.4180570
1785136072.4180570
1785136072.4180570
1785136072.4180570
1785136072.4180570
1785136072.4182789
1785136072.4182789
1785136072.4182789
1785136072.4182789
1785136072.4182789
1785136072.4182789
1785136072.4182789
1785136072.4182789
1785136072.4182789
1785136072.4182789
1785136072.4182789
1785136072.4182789
1785136072.4182789
1785136072.4182789
1785136072.4182789
1785136072.4182789
1785136072.4182789
1785136072.4182789
1785136072.4182789
1785136072.4182789
1785136072.4182789
1785136072.4182789
1785136072.4182789
1785136072.4182789
1785136072.4182789
1785136072.4182789
1785136072.4182789
1785136072.4182789
1785136072.4182789
1785136072.4182789
1785136072.4182789
1785136072.4182789
1785136072.4182789
1785136072.4182789
1785136072.4182789
1785136072.4182789
1785136072.4185021
1785136072.4185021
1785136072.4185021
1785136072.4185021
1785136072.4185021
1785136072.4185021
1785136072.4185021
1785136072.4185021
1785136072.4185021
1785136072.4185021
1785136072.4185021
1785136072.4185021
1785136072.4185021
1785136072.4185021
1785136072.4185021
1785136072.4185021
1785136072.4185021
1785136072.4185021
1785136072.4185021
1785136072.4185021
1785136072.4185021
1785136072.4185021
1785136072.4185021
1785136072.4185021
1785136072.4185021
1785136072.4185021
1785136072.4185021
1785136072.4185021
1785136072.4185021
1785136072.4185021
1785136072.4185021
1785136072.4185021
1785136072.4187241
1785136072.4187241
1785136072.4187241
1785136072.4187241
1785136072.4187241
1785136072.4187241
1785136072.4187241
1785136072.4187241
1785136072.4187241
1785136072.4187241
1785136072.4187241
1785136072.4187241
1785136072.4187241
1785136072.4187241
1785136072.4187241
1785136072.4187241
1785136072.4187241
1785136072.4187241
1785136072.4187241
1785136072.4187241
1785136072.4187241
1785136072.4187241
1785136072.4187241
1785136072.4187241
1785136072.4187241
1785136072.4187241
1785136072.4187241
1785136072.4187241
1785136072.4187241
1785136072.4187241
1785136072.4187241
1785136072.4187241
1785136072.4189460
1785136072.4189460
1785136072.4189460
1785136072.4189460
1785136072.4189460
1785136072.4189460
1785136072.4189460
1785136072.4189460
1785136072.4189460
1785136072.4189460
1785136072.4189460
1785136072.4189460
1785136072.4189460
1785136072.4189460
1785136072.4189460
1785136072.4189460
1785136072.4189460
1785136072.4189460
1785136072.4189460
1785136072.4189460
1785136072.4189460
1785136072.4189460
1785136072.4189460
1785136072.4189460
1785136072.4189460
1785136072.4189460
1785136072.4189460
1785136072.4189460
1785136072.4189460
1785136072.4189460
1785136072.4189460
1785136072.4189460
1785136072.4191680
1785136072.4191680
1785136072.4191680
1785136072.4191680
1785136072.4191680
1785136072.4191680
1785136072.4191680
1785136072.4191680
1785136072.4191680
1785136072.4191680
1785136072.4191680
1785136072.4191680
1785136072.4191680
1785136072.4191680
1785136072.4191680
1785136072.4191680
1785136072.4191680
1785136072.4191680
1785136072.4191680
1785136072.4191680
1785136072.4191680
1785136072.4191680
1785136072.4191680
1785136072.4191680
1785136072.4191680
1785136072.4191680
1785136072.4191680
1785136072.4191680
1785136072.4191680
1785136072.4191680
1785136072.4191680
1785136072.4191680
1785136072.4191680
1785136072.4191680
1785136072.4191680
1785136072.4191680
1785136072.4191680
1785136072.4191680
1785136072.4191680
1785136072.4191680
1785136072.4191680
1785136072.4191680
1785136072.4193909
1785136072.4193909
1785136072.4193909
1785136072.4193909
1785136072.4193909
1785136072.4193909
1785136072.4193909
1785136072.4193909
1785136072.4193909
1785136072.4193909
1785136072.4193909
1785136072.4193909
1785136072.4193909
1785136072.4193909
1785136072.4193909
1785136072.4193909
1785136072.4193909
1785136072.4193909
1785136072.4193909
1785136072.4193909
1785136072.4193909
1785136072.4193909
1785136072.4193909
1785136072.4193909
1785136072.4193909
1785136072.4193909
1785136072.4193909
1785136072.4193909
1785136072.4193909
1785136072.4193909
1785136072.4193909
1785136072.4193909
1785136072.4193909
1785136072.4193909
1785136072.4193909
1785136072.4193909
1785136072.4193909
1785136072.4193909
1785136072.4193909
1785136072.4193909
1785136072.4193909
1785136072.4193909
1785136072.4196129
1785136072.4196129
1785136072.4196129
1785136072.4196129
1785136072.4196129
1785136072.4196129
1785136072.4196129
1785136072.4196129
1785136072.4196129
1785136072.4196129
1785136072.4196129
1785136072.4196129
1785136072.4196129
1785136072.4196129
1785136072.4196129
1785136072.4196129
1785136072.4196129
1785136072.4196129
1785136072.4196129
1785136072.4196129
1785136072.4196129
1785136072.4196129
1785136072.4196129
1785136072.4196129
1785136072.4196129
1785136072.4196129
1785136072.4196129
1785136072.4196129
1785136072.4196129
1785136072.4196129
1785136072.4196129
1785136072.4196129
1785136072.4196129
1785136072.4196129
1785136072.4196129
1785136072.4196129
1785136072.4196129
1785136072.4196129
1785136072.4196129
1785136072.4196129
1785136072.4196129
1785136072.4196129
1785136072.4198351
1785136072.4198351
1785136072.4198351
1785136072.4198351
1785136072.4198351
1785136072.4198351
1785136072.4198351
1785136072.4198351
1785136072.4198351
1785136072.4198351
1785136072.4198351
1785136072.4198351
1785136072.4198351
1785136072.4198351
1785136072.4198351
1785136072.4198351
1785136072.4198351
1785136072.4198351
1785136072.4198351
1785136072.4198351
1785136072.4198351
1785136072.4198351
1785136072.4198351
1785136072.4198351
1785136072.4198351
1785136072.4198351
1785136072.4198351
1785136072.4198351
1785136072.4198351
1785136072.4198351
1785136072.4198351
1785136072.4198351
1785136072.4198351
1785136072.4198351
1785136072.4198351
1785136072.4198351
1785136072.4198351
1785136072.4198351
1785136072.4198351
1785136072.4198351
1785136072.4198351
1785136072.4198351
1785136072.4200580
1785136072.4200580
1785136072.4200580
1785136072.4200580
1785136072.4200580
1785136072.4200580
1785136072.4200580
1785136072.4200580
1785136072.4200580
1785136072.4200580
1785136072.4200580
1785136072.4200580
1785136072.4200580
1785136072.4200580
1785136072.4200580
1785136072.4200580
1785136072.4200580
1785136072.4200580
1785136072.4200580
1785136072.4200580
1785136072.4200580
1785136072.4200580
1785136072.4200580
1785136072.4200580
1785136072.4200580
1785136072.4200580
1785136072.4200580
1785136072.4200580
1785136072.4200580
1785136072.4200580
1785136072.4200580
1785136072.4200580
1785136072.4200580
1785136072.4200580
1785136072.4200580
1785136072.4200580
1785136072.4200580
1785136072.4200580
1785136072.4200580
1785136072.4200580
1785136072.4200580
1785136072.4200580
1785136072.4202800
1785136072.4202800
1785136072.4202800
1785136072.4202800
1785136072.4202800
1785136072.4202800
1785136072.4202800
1785136072.4202800
1785136072.4202800
1785136072.4202800
1785136072.4202800
1785136072.4202800
1785136072.4202800
1785136072.4202800
1785136072.4202800
1785136072.4202800
1785136072.4202800
1785136072.4202800
1785136072.4202800
1785136072.4202800
1785136072.4202800
1785136072.4202800
1785136072.4202800
1785136072.4202800
1785136072.4202800
1785136072.4202800
1785136072.4202800
1785136072.4202800
1785136072.4202800
1785136072.4202800
1785136072.4202800
1785136072.4202800
1785136072.4202800
1785136072.4202800
1785136072.4202800
1785136072.4202800
1785136072.4202800
1785136072.4202800
1785136072.4202800
1785136072.4202800
1785136072.4202800
1785136072.4202800
1785136072.4202800
1785136072.4205019
1785136072.4205019
1785136072.4205019
1785136072.4205019
1785136072.4205019
1785136072.4205019
1785136072.4205019
1785136072.4205019
1785136072.4205019
1785136072.4205019
1785136072.4205019
1785136072.4205019
1785136072.4205019
1785136072.4205019
1785136072.4205019
1785136072.4205019
1785136072.4205019
1785136072.4205019
1785136072.4205019
1785136072.4205019
1785136072.4205019
1785136072.4205019
1785136072.4205019
1785136072.4205019
1785136072.4205019
1785136072.4205019
1785136072.4205019
1785136072.4205019
1785136072.4205019
1785136072.4205019
1785136072.4205019
1785136072.4205019
1785136072.4205019
1785136072.4205019
1785136072.4205019
1785136072.4205019
1785136072.4205019
1785136072.4205019
1785136072.4205019
1785136072.4205019
1785136072.4205019
1785136072.4205019
1785136072.4205019
1785136072.4207239
1785136072.4207239
1785136072.4207239
1785136072.4207239
1785136072.4207239
1785136072.4207239
1785136072.4207239
1785136072.4207239
1785136072.4207239
1785136072.4207239
1785136072.4207239
1785136072.4207239
1785136072.4207239
1785136072.4207239
1785136072.4207239
1785136072.4207239
1785136072.4207239
1785136072.4207239
1785136072.4207239
1785136072.4207239
1785136072.4207239
1785136072.4207239
1785136072.4207239
1785136072.4207239
1785136072.4207239
1785136072.4207239
1785136072.4207239
1785136072.4207239
1785136072.4207239
1785136072.4207239
1785136072.4207239
1785136072.4207239
1785136072.4207239
1785136072.4207239
1785136072.4207239
1785136072.4207239
1785136072.4207239
1785136072.4207239
1785136072.4207239
1785136072.4207239
1785136072.4207239
1785136072.4207239
1785136072.4207239
1785136072.4209471
1785136072.4209471
1785136072.4209471
1785136072.4209471
1785136072.4209471
1785136072.4209471
1785136072.4209471
1785136072.4209471
1785136072.4209471
1785136072.4209471
1785136072.4209471
1785136072.4209471
1785136072.4209471
1785136072.4209471
1785136072.4209471
1785136072.4209471
1785136072.4209471
1785136072.4209471
1785136072.4209471
1785136072.4209471
1785136072.4209471
1785136072.4209471
1785136072.4209471
1785136072.4209471
1785136072.4209471
1785136072.4209471
1785136072.4209471
1785136072.4209471
1785136072.4209471
1785136072.4209471
1785136072.4209471
1785136072.4209471
1785136072.4209471
1785136072.4209471
1785136072.4209471
1785136072.4209471
1785136072.4209471
1785136072.4209471
1785136072.4209471
1785136072.4209471
1785136072.4209471
1785136072.4209471
1785136072.4209471
1785136072.4211690
1785136072.4211690
1785136072.4211690
1785136072.4211690
1785136072.4211690
1785136072.4211690
1785136072.4211690
1785136072.4211690
1785136072.4211690
1785136072.4211690
1785136072.4211690
1785136072.4211690
1785136072.4211690
1785136072.4211690
1785136072.4211690
1785136072.4211690
1785136072.4211690
1785136072.4211690
1785136072.4211690
1785136072.4211690
1785136072.4211690
1785136072.4211690
1785136072.4211690
1785136072.4211690
1785136072.4211690
1785136072.4211690
1785136072.4211690
1785136072.4211690
1785136072.4211690
1785136072.4211690
1785136072.4211690
1785136072.4211690
1785136072.4211690
1785136072.4211690
1785136072.4211690
1785136072.4211690
1785136072.4211690
1785136072.4211690
1785136072.4211690
1785136072.4211690
1785136072.4211690
1785136072.4211690
1785136072.4211690
1785136072.4213910
1785136072.4213910
1785136072.4213910
1785136072.4213910
1785136072.4213910
1785136072.4213910
1785136072.4213910
1785136072.4213910
1785136072.4213910
1785136072.4213910
1785136072.4213910
1785136072.4213910
1785136072.4213910
1785136072.4213910
1785136072.4213910
1785136072.4213910
1785136072.4213910
1785136072.4213910
1785136072.4213910
1785136072.4213910
1785136072.4213910
1785136072.4213910
1785136072.4213910
1785136072.4213910
1785136072.4213910
1785136072.4213910
1785136072.4213910
1785136072.4213910
1785136072.4213910
1785136072.4213910
1785136072.4213910
1785136072.4213910
1785136072.4213910
1785136072.4213910
1785136072.4213910
1785136072.4213910
1785136072.4213910
1785136072.4213910
1785136072.4213910
1785136072.4213910
1785136072.4213910
1785136072.4213910
1785136072.4213910
1785136072.4216130
1785136072.4216130
1785136072.4216130
1785136072.4216130
1785136072.4216130
1785136072.4216130
1785136072.4216130
1785136072.4216130
1785136072.4216130
1785136072.4216130
1785136072.4216130
1785136072.4216130
1785136072.4216130
1785136072.4216130
1785136072.4216130
1785136072.4216130
1785136072.4216130
1785136072.4216130
1785136072.4216130
1785136072.4216130
1785136072.4216130
1785136072.4216130
1785136072.4216130
1785136072.4216130
1785136072.4216130
1785136072.4216130
1785136072.4216130
1785136072.4216130
1785136072.4216130
1785136072.4216130
1785136072.4216130
1785136072.4216130
1785136072.4216130
1785136072.4216130
1785136072.4216130
1785136072.4216130
1785136072.4216130
1785136072.4216130
1785136072.4216130
1785136072.4216130
1785136072.4216130
1785136072.4216130
1785136072.4216130
1785136072.4216130
1785136072.4218359
1785136072.4218359
1785136072.4218359
1785136072.4218359
1785136072.4218359
1785136072.4218359
1785136072.4218359
1785136072.4218359
1785136072.4218359
1785136072.4218359
1785136072.4218359
1785136072.4218359
1785136072.4218359
1785136072.4218359
1785136072.4218359
1785136072.4218359
1785136072.4218359
1785136072.4218359
1785136072.4218359
1785136072.4218359
1785136072.4218359
1785136072.4218359
1785136072.4218359
1785136072.4218359
1785136072.4218359
1785136072.4218359
1785136072.4218359
1785136072.4218359
1785136072.4218359
1785136072.4218359
1785136072.4218359
1785136072.4218359
1785136072.4218359
1785136072.4218359
1785136072.4218359
1785136072.4218359
1785136072.4218359
1785136072.4218359
1785136072.4218359
1785136072.4218359
1785136072.4218359
1785136072.4218359
1785136072.4218359
1785136072.4220581
1785136072.4220581
1785136072.4220581
1785136072.4220581
1785136072.4220581
1785136072.4220581
1785136072.4220581
1785136072.4220581
1785136072.4220581
1785136072.4220581
1785136072.4220581
1785136072.4220581
1785136072.4220581
1785136072.4220581
1785136072.4220581
1785136072.4220581
1785136072.4220581
1785136072.4220581
1785136072.4220581
1785136072.4220581
1785136072.4220581
1785136072.4220581
1785136072.4220581
1785136072.4220581
1785136072.4220581
1785136072.4220581
1785136072.4220581
1785136072.4220581
1785136072.4220581
1785136072.4220581
1785136072.4220581
1785136072.4220581
1785136072.4220581
1785136072.4220581
1785136072.4220581
1785136072.4220581
1785136072.4220581
1785136072.4220581
1785136072.4220581
1785136072.4220581
1785136072.4220581
1785136072.4220581
1785136072.4222801
1785136072.4222801
1785136072.4222801
1785136072.4222801
1785136072.4222801
1785136072.4222801
1785136072.4222801
1785136072.4222801
1785136072.4222801
1785136072.4222801
1785136072.4222801
1785136072.4222801
1785136072.4222801
1785136072.4222801
1785136072.4222801
1785136072.4222801
1785136072.4222801
1785136072.4222801
1785136072.4222801
1785136072.4222801
1785136072.4222801
1785136072.4222801
1785136072.4222801
1785136072.4222801
1785136072.4222801
1785136072.4222801
1785136072.4222801
1785136072.4222801
1785136072.4222801
1785136072.4222801
1785136072.4222801
1785136072.4222801
1785136072.4222801
1785136072.4222801
1785136072.4222801
1785136072.4222801
1785136072.4222801
1785136072.4222801
1785136072.4222801
1785136072.4222801
1785136072.4222801
1785136072.4222801
1785136072.4225020
1785136072.4225020
1785136072.4225020
1785136072.4225020
1785136072.4225020
1785136072.4225020
1785136072.4225020
1785136072.4225020
1785136072.4225020
1785136072.4225020
1785136072.4225020
1785136072.4225020
1785136072.4225020
1785136072.4225020
1785136072.4225020
1785136072.4225020
1785136072.4225020
1785136072.4225020
1785136072.4225020
1785136072.4225020
1785136072.4225020
1785136072.4225020
1785136072.4225020
1785136072.4225020
1785136072.4225020
1785136072.4225020
1785136072.4225020
1785136072.4225020
1785136072.4225020
1785136072.4225020
1785136072.4225020
1785136072.4225020
1785136072.4225020
1785136072.4225020
1785136072.4225020
1785136072.4225020
1785136072.4225020
1785136072.4225020
1785136072.4225020
1785136072.4225020
1785136072.4225020
1785136072.4225020
1785136072.4227250
1785136072.4227250
1785136072.4227250
1785136072.4227250
1785136072.4227250
1785136072.4227250
1785136072.4227250
1785136072.4227250
1785136072.4227250
1785136072.4227250
1785136072.4227250
1785136072.4227250
1785136072.4227250
1785136072.4227250
1785136072.4227250
1785136072.4227250
1785136072.4227250
1785136072.4227250
1785136072.4227250
1785136072.4227250
1785136072.4227250
1785136072.4227250
1785136072.4227250
1785136072.4227250
1785136072.4227250
1785136072.4227250
1785136072.4227250
1785136072.4227250
1785136072.4227250
1785136072.4227250
1785136072.4227250
1785136072.4227250
1785136072.4227250
1785136072.4227250
1785136072.4227250
1785136072.4227250
1785136072.4227250
1785136072.4227250
1785136072.4227250
1785136072.4227250
1785136072.4227250
1785136072.4227250
1785136072.4229469
1785136072.4229469
1785136072.4229469
1785136072.4229469
1785136072.4229469
1785136072.4229469
1785136072.4229469
1785136072.4229469
1785136072.4229469
1785136072.4229469
1785136072.4229469
1785136072.4229469
1785136072.4229469
1785136072.4229469
1785136072.4229469
1785136072.4229469
1785136072.4229469
1785136072.4229469
1785136072.4229469
1785136072.4229469
1785136072.4229469
1785136072.4229469
1785136072.4229469
1785136072.4229469
1785136072.4229469
1785136072.4229469
1785136072.4229469
1785136072.4229469
1785136072.4229469
1785136072.4229469
1785136072.4229469
1785136072.4229469
1785136072.4229469
1785136072.4229469
1785136072.4229469
1785136072.4229469
1785136072.4229469
1785136072.4229469
1785136072.4229469
1785136072.4229469
1785136072.4229469
1785136072.4229469
1785136072.4231689
1785136072.4231689
1785136072.4231689
1785136072.4231689
1785136072.4231689
1785136072.4231689
1785136072.4231689
1785136072.4231689
1785136072.4231689
1785136072.4231689
1785136072.4231689
1785136072.4231689
1785136072.4231689
1785136072.4231689
1785136072.4231689
1785136072.4231689
1785136072.4231689
1785136072.4231689
1785136072.4231689
1785136072.4231689
1785136072.4231689
1785136072.4231689
1785136072.4231689
1785136072.4231689
1785136072.4231689
1785136072.4231689
1785136072.4231689
1785136072.4231689
1785136072.4231689
1785136072.4231689
1785136072.4231689
1785136072.4231689
1785136072.4231689
1785136072.4231689
1785136072.4231689
1785136072.4231689
1785136072.4231689
1785136072.4231689
1785136072.4231689
1785136072.4231689
1785136072.4231689
1785136072.4231689
1785136072.4231689
1785136072.4233911
1785136072.4233911
1785136072.4233911
1785136072.4233911
1785136072.4233911
1785136072.4233911
1785136072.4233911
1785136072.4233911
1785136072.4233911
1785136072.4233911
1785136072.4233911
1785136072.4233911
1785136072.4233911
1785136072.4233911
1785136072.4233911
1785136072.4233911
1785136072.4233911
1785136072.4233911
1785136072.4233911
1785136072.4233911
1785136072.4233911
1785136072.4233911
1785136072.4233911
1785136072.4233911
1785136072.4233911
1785136072.4233911
1785136072.4233911
1785136072.4233911
1785136072.4233911
1785136072.4233911
1785136072.4233911
1785136072.4233911
1785136072.4233911
1785136072.4233911
1785136072.4233911
1785136072.4233911
1785136072.4233911
1785136072.4233911
1785136072.4233911
1785136072.4233911
1785136072.4233911
1785136072.4233911
1785136072.4233911
1785136072.4233911
1785136072.4236140
1785136072.4236140
1785136072.4236140
1785136072.4236140
1785136072.4236140
1785136072.4236140
1785136072.4236140
1785136072.4236140
1785136072.4236140
1785136072.4236140
1785136072.4236140
1785136072.4236140
1785136072.4236140
1785136072.4236140
1785136072.4236140
1785136072.4236140
1785136072.4236140
1785136072.4236140
1785136072.4236140
1785136072.4236140
1785136072.4236140
1785136072.4236140
1785136072.4236140
1785136072.4236140
1785136072.4236140
1785136072.4236140
1785136072.4236140
1785136072.4236140
1785136072.4236140
1785136072.4236140
1785136072.4236140
1785136072.4236140
1785136072.4236140
1785136072.4236140
1785136072.4236140
1785136072.4236140
1785136072.4236140
1785136072.4236140
1785136072.4236140
1785136072.4236140
1785136072.4236140
1785136072.4236140
1785136072.4236140
1785136072.4238360
1785136072.4238360
1785136072.4238360
1785136072.4238360
1785136072.4238360
1785136072.4238360
1785136072.4238360
1785136072.4238360
1785136072.4238360
1785136072.4238360
1785136072.4238360
1785136072.4238360
1785136072.4238360
1785136072.4238360
1785136072.4238360
1785136072.4238360
1785136072.4238360
1785136072.4238360
1785136072.4238360
1785136072.4238360
1785136072.4238360
1785136072.4238360
1785136072.4238360
1785136072.4238360
1785136072.4238360
1785136072.4238360
1785136072.4238360
1785136072.4238360
1785136072.4238360
1785136072.4238360
1785136072.4238360
1785136072.4238360
1785136072.4238360
1785136072.4238360
1785136072.4238360
1785136072.4238360
1785136072.4238360
1785136072.4238360
1785136072.4238360
1785136072.4238360
1785136072.4238360
1785136072.4238360
1785136072.4238360
1785136072.4240580
1785136072.4240580
1785136072.4240580
1785136072.4240580
1785136072.4240580
1785136072.4240580
1785136072.4240580
1785136072.4240580
1785136072.4240580
1785136072.4240580
1785136072.4240580
1785136072.4240580
1785136072.4240580
1785136072.4240580
1785136072.4240580
1785136072.4240580
1785136072.4240580
1785136072.4240580
1785136072.4240580
1785136072.4240580
1785136072.4240580
1785136072.4240580
1785136072.4240580
1785136072.4240580
1785136072.4240580
1785136072.4240580
1785136072.4240580
1785136072.4240580
1785136072.4240580
1785136072.4240580
1785136072.4240580
1785136072.4240580
1785136072.4240580
1785136072.4240580
1785136072.4240580
1785136072.4240580
1785136072.4240580
1785136072.4240580
1785136072.4240580
1785136072.4240580
1785136072.4240580
1785136072.4240580
1785136072.4240580
1785136072.4240580
1785136072.4240580
1785136072.4242799
1785136072.4242799
1785136072.4242799
1785136072.4242799
1785136072.4242799
1785136072.4242799
1785136072.4242799
1785136072.4242799
1785136072.4242799
1785136072.4242799
1785136072.4242799
1785136072.4242799
1785136072.4242799
1785136072.4242799
1785136072.4242799
1785136072.4242799
1785136072.4242799
1785136072.4242799
1785136072.4242799
1785136072.4242799
1785136072.4242799
1785136072.4242799
1785136072.4242799
1785136072.4242799
1785136072.4242799
1785136072.4242799
1785136072.4242799
1785136072.4242799
1785136072.4242799
1785136072.4242799
1785136072.4242799
1785136072.4242799
1785136072.4242799
1785136072.4242799
1785136072.4242799
1785136072.4242799
1785136072.4242799
1785136072.4242799
1785136072.4242799
1785136072.4242799
1785136072.4242799
1785136072.4242799
1785136072.4242799
1785136072.4242799
1785136072.4245031
1785136072.4245031
1785136072.4245031
1785136072.4245031
1785136072.4245031
1785136072.4245031
1785136072.4245031
1785136072.4245031
1785136072.4245031
1785136072.4245031
1785136072.4245031
1785136072.4245031
1785136072.4245031
1785136072.4245031
1785136072.4245031
1785136072.4245031
1785136072.4245031
1785136072.4245031
1785136072.4245031
1785136072.4245031
1785136072.4245031
1785136072.4245031
1785136072.4245031
1785136072.4245031
1785136072.4245031
1785136072.4245031
1785136072.4245031
1785136072.4245031
1785136072.4245031
1785136072.4245031
1785136072.4245031
1785136072.4245031
1785136072.4245031
1785136072.4245031
1785136072.4245031
1785136072.4245031
1785136072.4245031
1785136072.4245031
1785136072.4245031
1785136072.4245031
1785136072.4245031
1785136072.4245031
1785136072.4245031
1785136072.4245031
1785136072.4245031
1785136072.4247251
1785136072.4247251
1785136072.4247251
1785136072.4247251
1785136072.4247251
1785136072.4247251
1785136072.4247251
1785136072.4247251
1785136072.4247251
1785136072.4247251
1785136072.4247251
1785136072.4247251
1785136072.4247251
1785136072.4247251
1785136072.4247251
1785136072.4247251
1785136072.4247251
1785136072.4247251
1785136072.4247251
1785136072.4247251
1785136072.4247251
1785136072.4247251
1785136072.4247251
1785136072.4247251
1785136072.4247251
1785136072.4247251
1785136072.4247251
1785136072.4247251
1785136072.4247251
1785136072.4247251
1785136072.4247251
1785136072.4247251
1785136072.4247251
1785136072.4247251
1785136072.4247251
1785136072.4247251
1785136072.4247251
1785136072.4247251
1785136072.4247251
1785136072.4247251
1785136072.4247251
1785136072.4247251
1785136072.4247251
1785136072.4247251
1785136072.4247251
1785136072.4247251
1785136072.4249470
1785136072.4249470
1785136072.4249470
1785136072.4249470
1785136072.4249470
1785136072.4249470
1785136072.4249470
1785136072.4249470
1785136072.4249470
1785136072.4249470
1785136072.4249470
1785136072.4249470
1785136072.4249470
1785136072.4249470
1785136072.4249470
1785136072.4249470
1785136072.4249470
1785136072.4249470
1785136072.4249470
1785136072.4249470
1785136072.4249470
1785136072.4249470
1785136072.4249470
1785136072.4249470
1785136072.4249470
1785136072.4249470
1785136072.4249470
1785136072.4249470
1785136072.4249470
1785136072.4249470
1785136072.4249470
1785136072.4249470
1785136072.4249470
1785136072.4249470
1785136072.4249470
1785136072.4249470
1785136072.4249470
1785136072.4249470
1785136072.4249470
1785136072.4249470
1785136072.4249470
1785136072.4249470
1785136072.4249470
1785136072.4249470
1785136072.4249470
1785136072.4249470
1785136072.4251690
1785136072.4251690
1785136072.4251690
1785136072.4251690
1785136072.4251690
1785136072.4251690
1785136072.4251690
1785136072.4251690
1785136072.4251690
1785136072.4251690
1785136072.4251690
1785136072.4251690
1785136072.4251690
1785136072.4251690
1785136072.4251690
1785136072.4251690
1785136072.4251690
1785136072.4251690
1785136072.4251690
1785136072.4251690
1785136072.4251690
1785136072.4251690
1785136072.4251690
1785136072.4251690
1785136072.4251690
1785136072.4251690
1785136072.4251690
1785136072.4251690
1785136072.4251690
1785136072.4251690
1785136072.4251690
1785136072.4251690
1785136072.4251690
1785136072.4251690
1785136072.4251690
1785136072.4251690
1785136072.4251690
1785136072.4251690
1785136072.4251690
1785136072.4251690
1785136072.4251690
1785136072.4251690
1785136072.4251690
1785136072.4251690
1785136072.4251690
1785136072.4251690
1785136072.4253910
1785136072.4253910
1785136072.4253910
1785136072.4253910
1785136072.4253910
1785136072.4253910
1785136072.4253910
1785136072.4253910
1785136072.4253910
1785136072.4253910
1785136072.4253910
1785136072.4253910
1785136072.4253910
1785136072.4253910
1785136072.4253910
1785136072.4253910
1785136072.4253910
1785136072.4253910
1785136072.4253910
1785136072.4253910
1785136072.4253910
1785136072.4253910
1785136072.4253910
1785136072.4253910
1785136072.4253910
1785136072.4253910
1785136072.4253910
1785136072.4253910
1785136072.4253910
1785136072.4253910
1785136072.4253910
1785136072.4253910
1785136072.4253910
1785136072.4253910
1785136072.4253910
1785136072.4253910
1785136072.4253910
1785136072.4253910
1785136072.4253910
1785136072.4253910
1785136072.4253910
1785136072.4253910
1785136072.4253910
1785136072.4253910
1785136072.4253910
1785136072.4253910
1785136072.4256129
1785136072.4256129
1785136072.4256129
1785136072.4256129
1785136072.4256129
1785136072.4256129
1785136072.4256129
1785136072.4256129
1785136072.4256129
1785136072.4256129
1785136072.4256129
1785136072.4256129
1785136072.4256129
1785136072.4256129
1785136072.4256129
1785136072.4256129
1785136072.4256129
1785136072.4256129
1785136072.4256129
1785136072.4256129
1785136072.4256129
1785136072.4256129
1785136072.4256129
1785136072.4256129
1785136072.4256129
1785136072.4256129
1785136072.4256129
1785136072.4256129
1785136072.4256129
1785136072.4256129
1785136072.4256129
1785136072.4256129
1785136072.4256129
1785136072.4256129
1785136072.4256129
1785136072.4256129
1785136072.4256129
1785136072.4256129
1785136072.4256129
1785136072.4256129
1785136072.4256129
1785136072.4256129
1785136072.4256129
1785136072.4256129
1785136072.4256129
1785136072.4258361
1785136072.4258361
1785136072.4258361
1785136072.4258361
1785136072.4258361
1785136072.4258361
1785136072.4258361
1785136072.4258361
1785136072.4258361
1785136072.4258361
1785136072.4258361
1785136072.4258361
1785136072.4258361
1785136072.4258361
1785136072.4258361
1785136072.4258361
1785136072.4258361
1785136072.4258361
1785136072.4258361
1785136072.4258361
1785136072.4258361
1785136072.4258361
1785136072.4258361
1785136072.4258361
1785136072.4258361
1785136072.4258361
1785136072.4258361
1785136072.4258361
1785136072.4258361
1785136072.4258361
1785136072.4258361
1785136072.4258361
1785136072.4258361
1785136072.4258361
1785136072.4258361
1785136072.4258361
1785136072.4258361
1785136072.4258361
1785136072.4258361
1785136072.4258361
1785136072.4258361
1785136072.4258361
1785136072.4258361
1785136072.4258361
1785136072.4258361
1785136072.4258361
1785136072.4258361
1785136072.4260581
1785136072.4260581
1785136072.4260581
1785136072.4260581
1785136072.4260581
1785136072.4260581
1785136072.4260581
1785136072.4260581
1785136072.4260581
1785136072.4260581
1785136072.4260581
1785136072.4260581
1785136072.4260581
1785136072.4260581
1785136072.4260581
1785136072.4260581
1785136072.4260581
1785136072.4260581
1785136072.4260581
1785136072.4260581
1785136072.4260581
1785136072.4260581
1785136072.4260581
1785136072.4260581
1785136072.4260581
1785136072.4260581
1785136072.4260581
1785136072.4260581
1785136072.4260581
1785136072.4260581
1785136072.4260581
1785136072.4260581
1785136072.4260581
1785136072.4260581
1785136072.4260581
1785136072.4260581
1785136072.4260581
1785136072.4260581
1785136072.4260581
1785136072.4260581
1785136072.4260581
1785136072.4260581
1785136072.4260581
1785136072.4260581
1785136072.4260581
1785136072.4260581
1785136072.4260581
1785136072.4262800
1785136072.4262800
1785136072.4262800
1785136072.4262800
1785136072.4262800
1785136072.4262800
1785136072.4262800
1785136072.4262800
1785136072.4262800
1785136072.4262800
1785136072.4262800
1785136072.4262800
1785136072.4262800
1785136072.4262800
1785136072.4262800
1785136072.4262800
1785136072.4262800
1785136072.4262800
1785136072.4262800
1785136072.4262800
1785136072.4262800
1785136072.4262800
1785136072.4262800
1785136072.4262800
1785136072.4262800
1785136072.4262800
1785136072.4262800
1785136072.4262800
1785136072.4262800
1785136072.4262800
1785136072.4262800
1785136072.4262800
1785136072.4262800
1785136072.4262800
1785136072.4262800
1785136072.4262800
1785136072.4262800
1785136072.4262800
1785136072.4262800
1785136072.4262800
1785136072.4262800
1785136072.4262800
1785136072.4262800
1785136072.4262800
1785136072.4262800
1785136072.4262800
1785136072.4262800
1785136072.4265020
1785136072.4265020
1785136072.4265020
1785136072.4265020
1785136072.4265020
1785136072.4265020
1785136072.4265020
1785136072.4265020
1785136072.4265020
1785136072.4265020
1785136072.4265020
1785136072.4265020
1785136072.4265020
1785136072.4265020
1785136072.4265020
1785136072.4265020
1785136072.4265020
1785136072.4265020
1785136072.4265020
1785136072.4265020
1785136072.4265020
1785136072.4265020
1785136072.4265020
1785136072.4265020
1785136072.4265020
1785136072.4265020
1785136072.4265020
1785136072.4265020
1785136072.4265020
1785136072.4265020
1785136072.4265020
1785136072.4265020
1785136072.4265020
1785136072.4265020
1785136072.4265020
1785136072.4265020
1785136072.4265020
1785136072.4265020
1785136072.4265020
1785136072.4265020
1785136072.4265020
1785136072.4265020
1785136072.4265020
1785136072.4265020
1785136072.4265020
1785136072.4265020
1785136072.4265020
1785136072.4267249
1785136072.4267249
1785136072.4267249
1785136072.4267249
1785136072.4267249
1785136072.4267249
1785136072.4267249
1785136072.4267249
1785136072.4267249
1785136072.4267249
1785136072.4267249
1785136072.4267249
1785136072.4267249
1785136072.4267249
1785136072.4267249
1785136072.4267249
1785136072.4267249
1785136072.4267249
1785136072.4267249
1785136072.4267249
1785136072.4267249
1785136072.4267249
1785136072.4267249
1785136072.4267249
1785136072.4267249
1785136072.4267249
1785136072.4267249
1785136072.4267249
1785136072.4267249
1785136072.4267249
1785136072.4267249
1785136072.4267249
1785136072.4267249
1785136072.4267249
1785136072.4267249
1785136072.4267249
1785136072.4267249
1785136072.4267249
1785136072.4267249
1785136072.4267249
1785136072.4267249
1785136072.4267249
1785136072.4267249
1785136072.4267249
1785136072.4267249
1785136072.4267249
1785136072.4267249
1785136072.4269471
1785136072.4269471
1785136072.4269471
1785136072.4269471
1785136072.4269471
1785136072.4269471
1785136072.4269471
1785136072.4269471
1785136072.4269471
1785136072.4269471
1785136072.4269471
1785136072.4269471
1785136072.4269471
1785136072.4269471
1785136072.4269471
1785136072.4269471
1785136072.4269471
1785136072.4269471
1785136072.4269471
1785136072.4269471
1785136072.4269471
1785136072.4269471
1785136072.4269471
1785136072.4269471
1785136072.4269471
1785136072.4269471
1785136072.4269471
1785136072.4269471
1785136072.4269471
1785136072.4269471
1785136072.4269471
1785136072.4269471
1785136072.4269471
1785136072.4269471
1785136072.4269471
1785136072.4269471
1785136072.4269471
1785136072.4269471
1785136072.4269471
1785136072.4269471
1785136072.4269471
1785136072.4269471
1785136072.4269471
1785136072.4269471
1785136072.4269471
1785136072.4269471
1785136072.4269471
1785136072.4271691
1785136072.4271691
1785136072.4271691
1785136072.4271691
1785136072.4271691
1785136072.4271691
1785136072.4271691
1785136072.4271691
1785136072.4271691
1785136072.4271691
1785136072.4271691
1785136072.4271691
1785136072.4271691
1785136072.4271691
1785136072.4271691
1785136072.4271691
1785136072.4271691
1785136072.4271691
1785136072.4271691
1785136072.4271691
1785136072.4271691
1785136072.4271691
1785136072.4271691
1785136072.4271691
1785136072.4271691
1785136072.4271691
1785136072.4271691
1785136072.4271691
1785136072.4271691
1785136072.4271691
1785136072.4271691
1785136072.4271691
1785136072.4271691
1785136072.4271691
1785136072.4271691
1785136072.4271691
1785136072.4271691
1785136072.4271691
1785136072.4271691
1785136072.4271691
1785136072.4271691
1785136072.4271691
1785136072.4271691
1785136072.4271691
1785136072.4271691
1785136072.4271691
1785136072.4271691
1785136072.4271691
1785136072.4273911
1785136072.4273911
1785136072.4273911
1785136072.4273911
1785136072.4273911
1785136072.4273911
1785136072.4273911
1785136072.4273911
1785136072.4273911
1785136072.4273911
1785136072.4273911
1785136072.4273911
1785136072.4273911
1785136072.4273911
1785136072.4273911
1785136072.4273911
1785136072.4273911
1785136072.4273911
1785136072.4273911
1785136072.4273911
1785136072.4273911
1785136072.4273911
1785136072.4273911
1785136072.4273911
1785136072.4273911
1785136072.4273911
1785136072.4273911
1785136072.4273911
1785136072.4273911
1785136072.4273911
1785136072.4273911
1785136072.4273911
1785136072.4273911
1785136072.4273911
1785136072.4273911
1785136072.4273911
1785136072.4273911
1785136072.4273911
1785136072.4273911
1785136072.4273911
1785136072.4273911
1785136072.4273911
1785136072.4273911
1785136072.4273911
1785136072.4273911
1785136072.4273911
1785136072.4273911
1785136072.4273911
1785136072.4276140
1785136072.4276140
1785136072.4276140
1785136072.4276140
1785136072.4276140
1785136072.4276140
1785136072.4276140
1785136072.4276140
1785136072.4276140
1785136072.4276140
1785136072.4276140
1785136072.4276140
1785136072.4276140
1785136072.4276140
1785136072.4276140
1785136072.4276140
1785136072.4276140
1785136072.4276140
1785136072.4276140
1785136072.4276140
1785136072.4276140
1785136072.4276140
1785136072.4276140
1785136072.4276140
1785136072.4276140
1785136072.4276140
1785136072.4276140
1785136072.4276140
1785136072.4276140
1785136072.4276140
1785136072.4276140
1785136072.4276140
1785136072.4276140
1785136072.4276140
1785136072.4276140
1785136072.4276140
1785136072.4276140
1785136072.4276140
1785136072.4276140
1785136072.4276140
1785136072.4276140
1785136072.4276140
1785136072.4276140
1785136072.4276140
1785136072.4276140
1785136072.4276140
1785136072.4276140
1785136072.4276140
1785136072.4278359
1785136072.4278359
1785136072.4278359
1785136072.4278359
1785136072.4278359
1785136072.4278359
1785136072.4278359
1785136072.4278359
1785136072.4278359
1785136072.4278359
1785136072.4278359
1785136072.4278359
1785136072.4278359
1785136072.4278359
1785136072.4278359
1785136072.4278359
1785136072.4278359
1785136072.4278359
1785136072.4278359
1785136072.4278359
1785136072.4278359
1785136072.4278359
1785136072.4278359
1785136072.4278359
1785136072.4278359
1785136072.4278359
1785136072.4278359
1785136072.4278359
1785136072.4278359
1785136072.4278359
1785136072.4278359
1785136072.4278359
1785136072.4278359
1785136072.4278359
1785136072.4278359
1785136072.4278359
1785136072.4278359
1785136072.4278359
1785136072.4278359
1785136072.4278359
1785136072.4278359
1785136072.4278359
1785136072.4278359
1785136072.4278359
1785136072.4278359
1785136072.4278359
1785136072.4278359
1785136072.4278359
1785136072.4280579
1785136072.4280579
1785136072.4280579
1785136072.4280579
1785136072.4280579
1785136072.4280579
1785136072.4280579
1785136072.4280579
1785136072.4280579
1785136072.4280579
1785136072.4280579
1785136072.4280579
1785136072.4280579
1785136072.4280579
1785136072.4280579
1785136072.4280579
1785136072.4280579
1785136072.4280579
1785136072.4280579
1785136072.4280579
1785136072.4280579
1785136072.4280579
1785136072.4280579
1785136072.4280579
1785136072.4280579
1785136072.4280579
1785136072.4280579
1785136072.4280579
1785136072.4280579
1785136072.4280579
1785136072.4280579
1785136072.4280579
1785136072.4280579
1785136072.4280579
1785136072.4280579
1785136072.4280579
1785136072.4280579
1785136072.4280579
1785136072.4280579
1785136072.4280579
1785136072.4280579
1785136072.4280579
1785136072.4280579
1785136072.4280579
1785136072.4280579
1785136072.4280579
1785136072.4280579
1785136072.4280579
1785136072.4282801
1785136072.4282801
1785136072.4282801
1785136072.4282801
1785136072.4282801
1785136072.4282801
1785136072.4282801
1785136072.4282801
1785136072.4282801
1785136072.4282801
1785136072.4282801
1785136072.4282801
1785136072.4282801
1785136072.4282801
1785136072.4282801
1785136072.4282801
1785136072.4282801
1785136072.4282801
1785136072.4282801
1785136072.4282801
1785136072.4282801
1785136072.4282801
1785136072.4282801
1785136072.4282801
1785136072.4282801
1785136072.4282801
1785136072.4282801
1785136072.4282801
1785136072.4282801
1785136072.4282801
1785136072.4282801
1785136072.4282801
1785136072.4282801
1785136072.4282801
1785136072.4282801
1785136072.4282801
1785136072.4282801
1785136072.4282801
1785136072.4282801
1785136072.4282801
1785136072.4282801
1785136072.4282801
1785136072.4282801
1785136072.4282801
1785136072.4282801
1785136072.4282801
1785136072.4282801
1785136072.4282801
1785136072.4285021
1785136072.4285021
1785136072.4285021
1785136072.4285021
1785136072.4285021
1785136072.4285021
1785136072.4285021
1785136072.4285021
1785136072.4285021
1785136072.4285021
1785136072.4285021
1785136072.4285021
1785136072.4285021
1785136072.4285021
1785136072.4285021
1785136072.4285021
1785136072.4285021
1785136072.4285021
1785136072.4285021
1785136072.4285021
1785136072.4285021
1785136072.4285021
1785136072.4285021
1785136072.4285021
1785136072.4285021
1785136072.4285021
1785136072.4285021
1785136072.4285021
1785136072.4285021
1785136072.4285021
1785136072.4285021
1785136072.4285021
1785136072.4285021
1785136072.4285021
1785136072.4285021
1785136072.4285021
1785136072.4285021
1785136072.4285021
1785136072.4285021
1785136072.4285021
1785136072.4285021
1785136072.4285021
1785136072.4285021
1785136072.4285021
1785136072.4285021
1785136072.4285021
1785136072.4285021
1785136072.4285021
1785136072.4287250
1785136072.4287250
1785136072.4287250
1785136072.4287250
1785136072.4287250
1785136072.4287250
1785136072.4287250
1785136072.4287250
1785136072.4287250
1785136072.4287250
1785136072.4287250
1785136072.4287250
1785136072.4287250
1785136072.4287250
1785136072.4287250
1785136072.4287250
1785136072.4287250
1785136072.4287250
1785136072.4287250
1785136072.4287250
1785136072.4287250
1785136072.4287250
1785136072.4287250
1785136072.4287250
1785136072.4287250
1785136072.4287250
1785136072.4287250
1785136072.4287250
1785136072.4287250
1785136072.4287250
1785136072.4287250
1785136072.4287250
1785136072.4287250
1785136072.4287250
1785136072.4287250
1785136072.4287250
1785136072.4287250
1785136072.4287250
1785136072.4287250
1785136072.4287250
1785136072.4287250
1785136072.4287250
1785136072.4287250
1785136072.4287250
1785136072.4287250
1785136072.4287250
1785136072.4287250
1785136072.4287250
1785136072.4287250
1785136072.4289470
1785136072.4289470
1785136072.4289470
1785136072.4289470
1785136072.4289470
1785136072.4289470
1785136072.4289470
1785136072.4289470
1785136072.4289470
1785136072.4289470
1785136072.4289470
1785136072.4289470
1785136072.4289470
1785136072.4289470
1785136072.4289470
1785136072.4289470
1785136072.4289470
1785136072.4289470
1785136072.4289470
1785136072.4289470
1785136072.4289470
1785136072.4289470
1785136072.4289470
1785136072.4289470
1785136072.4289470
1785136072.4289470
1785136072.4289470
1785136072.4289470
1785136072.4289470
1785136072.4289470
1785136072.4289470
1785136072.4289470
1785136072.4289470
1785136072.4289470
1785136072.4289470
1785136072.4289470
1785136072.4289470
1785136072.4289470
1785136072.4289470
1785136072.4289470
1785136072.4289470
1785136072.4289470
1785136072.4289470
1785136072.4289470
1785136072.4289470
1785136072.4289470
1785136072.4289470
1785136072.4289470
1785136072.4289470
1785136072.4291689
1785136072.4291689
1785136072.4291689
1785136072.4291689
1785136072.4291689
1785136072.4291689
1785136072.4291689
1785136072.4291689
1785136072.4291689
1785136072.4291689
1785136072.4291689
1785136072.4291689
1785136072.4291689
1785136072.4291689
1785136072.4291689
1785136072.4291689
1785136072.4291689
1785136072.4291689
1785136072.4291689
1785136072.4291689
1785136072.4291689
1785136072.4291689
1785136072.4291689
1785136072.4291689
1785136072.4291689
1785136072.4291689
1785136072.4291689
1785136072.4291689
1785136072.4291689
1785136072.4291689
1785136072.4291689
1785136072.4291689
1785136072.4291689
1785136072.4291689
1785136072.4291689
1785136072.4291689
1785136072.4291689
1785136072.4291689
1785136072.4291689
1785136072.4291689
1785136072.4291689
1785136072.4291689
1785136072.4291689
1785136072.4291689
1785136072.4291689
1785136072.4291689
1785136072.4291689
1785136072.4291689
1785136072.4291689
1785136072.4293909
1785136072.4293909
1785136072.4293909
1785136072.4293909
1785136072.4293909
1785136072.4293909
1785136072.4293909
1785136072.4293909
1785136072.4293909
1785136072.4293909
1785136072.4293909
1785136072.4293909
1785136072.4293909
1785136072.4293909
1785136072.4293909
1785136072.4293909
1785136072.4293909
1785136072.4293909
1785136072.4293909
1785136072.4293909
1785136072.4293909
1785136072.4293909
1785136072.4293909
1785136072.4293909
1785136072.4293909
1785136072.4293909
1785136072.4293909
1785136072.4293909
1785136072.4293909
1785136072.4293909
1785136072.4293909
1785136072.4293909
1785136072.4293909
1785136072.4293909
1785136072.4293909
1785136072.4293909
1785136072.4293909
1785136072.4293909
1785136072.4293909
1785136072.4293909
1785136072.4293909
1785136072.4293909
1785136072.4293909
1785136072.4293909
1785136072.4293909
1785136072.4293909
1785136072.4293909
1785136072.4293909
1785136072.4293909
1785136072.4296141
1785136072.4296141
1785136072.4296141
1785136072.4296141
1785136072.4296141
1785136072.4296141
1785136072.4296141
1785136072.4296141
1785136072.4296141
1785136072.4296141
1785136072.4296141
1785136072.4296141
1785136072.4296141
1785136072.4296141
1785136072.4296141
1785136072.4296141
1785136072.4296141
1785136072.4296141
1785136072.4296141
1785136072.4296141
1785136072.4296141
1785136072.4296141
1785136072.4296141
1785136072.4296141
1785136072.4296141
1785136072.4296141
1785136072.4296141
1785136072.4296141
1785136072.4296141
1785136072.4296141
1785136072.4296141
1785136072.4296141
1785136072.4296141
1785136072.4296141
1785136072.4296141
1785136072.4296141
1785136072.4296141
1785136072.4296141
1785136072.4296141
1785136072.4296141
1785136072.4296141
1785136072.4296141
1785136072.4296141
1785136072.4296141
1785136072.4296141
1785136072.4296141
1785136072.4296141
1785136072.4296141
1785136072.4296141
1785136072.4298360
1785136072.4298360
1785136072.4298360
1785136072.4298360
1785136072.4298360
1785136072.4298360
1785136072.4298360
1785136072.4298360
1785136072.4298360
1785136072.4298360
1785136072.4298360
1785136072.4298360
1785136072.4298360
1785136072.4298360
1785136072.4298360
1785136072.4298360
1785136072.4298360
1785136072.4298360
1785136072.4298360
1785136072.4298360
1785136072.4298360
1785136072.4298360
1785136072.4298360
1785136072.4298360
1785136072.4298360
1785136072.4298360
1785136072.4298360
1785136072.4298360
1785136072.4298360
1785136072.4298360
1785136072.4298360
1785136072.4298360
1785136072.4298360
1785136072.4298360
1785136072.4298360
1785136072.4298360
1785136072.4298360
1785136072.4298360
1785136072.4298360
1785136072.4298360
1785136072.4298360
1785136072.4298360
1785136072.4298360
1785136072.4298360
1785136072.4298360
1785136072.4298360
1785136072.4298360
1785136072.4298360
1785136072.4298360
1785136072.4300580
1785136072.4300580
1785136072.4300580
1785136072.4300580
1785136072.4300580
1785136072.4300580
1785136072.4300580
1785136072.4300580
1785136072.4300580
1785136072.4300580
1785136072.4300580
1785136072.4300580
1785136072.4300580
1785136072.4300580
1785136072.4300580
1785136072.4300580
1785136072.4300580
1785136072.4300580
1785136072.4300580
1785136072.4300580
1785136072.4300580
1785136072.4300580
1785136072.4300580
1785136072.4300580
1785136072.4300580
1785136072.4300580
1785136072.4300580
1785136072.4300580
1785136072.4300580
1785136072.4300580
1785136072.4300580
1785136072.4300580
1785136072.4300580
1785136072.4300580
1785136072.4300580
1785136072.4300580
1785136072.4300580
1785136072.4300580
1785136072.4300580
1785136072.4300580
1785136072.4300580
1785136072.4300580
1785136072.4300580
1785136072.4300580
1785136072.4300580
1785136072.4300580
1785136072.4300580
1785136072.4300580
1785136072.4300580
1785136072.4300580
1785136072.4302800
1785136072.4302800
1785136072.4302800
1785136072.4302800
1785136072.4302800
1785136072.4302800
1785136072.4302800
1785136072.4302800
1785136072.4302800
1785136072.4302800
1785136072.4302800
1785136072.4302800
1785136072.4302800
1785136072.4302800
1785136072.4302800
1785136072.4302800
1785136072.4302800
1785136072.4302800
1785136072.4302800
1785136072.4302800
1785136072.4302800
1785136072.4302800
1785136072.4302800
1785136072.4302800
1785136072.4302800
1785136072.4302800
1785136072.4302800
1785136072.4302800
1785136072.4302800
1785136072.4302800
1785136072.4302800
1785136072.4302800
1785136072.4302800
1785136072.4302800
1785136072.4302800
1785136072.4302800
1785136072.4302800
1785136072.4302800
1785136072.4302800
1785136072.4302800
1785136072.4302800
1785136072.4302800
1785136072.4302800
1785136072.4302800
1785136072.4302800
1785136072.4302800
1785136072.4302800
1785136072.4302800
1785136072.4302800
1785136072.4302800
1785136072.4305029
1785136072.4305029
1785136072.4305029
1785136072.4305029
1785136072.4305029
1785136072.4305029
1785136072.4305029
1785136072.4305029
1785136072.4305029
1785136072.4305029
1785136072.4305029
1785136072.4305029
1785136072.4305029
1785136072.4305029
1785136072.4305029
1785136072.4305029
1785136072.4305029
1785136072.4305029
1785136072.4305029
1785136072.4305029
1785136072.4305029
1785136072.4305029
1785136072.4305029
1785136072.4305029
1785136072.4305029
1785136072.4305029
1785136072.4305029
1785136072.4305029
1785136072.4305029
1785136072.4305029
1785136072.4305029
1785136072.4305029
1785136072.4305029
1785136072.4305029
1785136072.4305029
1785136072.4305029
1785136072.4305029
1785136072.4305029
1785136072.4305029
1785136072.4305029
1785136072.4305029
1785136072.4305029
1785136072.4305029
1785136072.4305029
1785136072.4305029
1785136072.4305029
1785136072.4305029
1785136072.4305029
1785136072.4305029
1785136072.4305029
1785136072.4307251
1785136072.4307251
1785136072.4307251
1785136072.4307251
1785136072.4307251
1785136072.4307251
1785136072.4307251
1785136072.4307251
1785136072.4307251
1785136072.4307251
1785136072.4307251
1785136072.4307251
1785136072.4307251
1785136072.4307251
1785136072.4307251
1785136072.4307251
1785136072.4307251
1785136072.4307251
1785136072.4307251
1785136072.4307251
1785136072.4307251
1785136072.4307251
1785136072.4307251
1785136072.4307251
1785136072.4307251
1785136072.4307251
1785136072.4307251
1785136072.4307251
1785136072.4307251
1785136072.4307251
1785136072.4307251
1785136072.4307251
1785136072.4307251
1785136072.4307251
1785136072.4307251
1785136072.4307251
1785136072.4307251
1785136072.4307251
1785136072.4307251
1785136072.4307251
1785136072.4307251
1785136072.4307251
1785136072.4307251
1785136072.4307251
1785136072.4307251
1785136072.4307251
1785136072.4307251
1785136072.4307251
1785136072.4307251
1785136072.4307251
1785136072.4309471
1785136072.4309471
1785136072.4309471
1785136072.4309471
1785136072.4309471
1785136072.4309471
1785136072.4309471
1785136072.4309471
1785136072.4309471
1785136072.4309471
1785136072.4309471
1785136072.4309471
1785136072.4309471
1785136072.4309471
1785136072.4309471
1785136072.4309471
1785136072.4309471
1785136072.4309471
1785136072.4309471
1785136072.4309471
1785136072.4309471
1785136072.4309471
1785136072.4309471
1785136072.4309471
1785136072.4309471
1785136072.4309471
1785136072.4309471
1785136072.4309471
1785136072.4309471
1785136072.4309471
1785136072.4309471
1785136072.4309471
1785136072.4309471
1785136072.4309471
1785136072.4309471
1785136072.4309471
1785136072.4309471
1785136072.4309471
1785136072.4309471
1785136072.4309471
1785136072.4309471
1785136072.4309471
1785136072.4309471
1785136072.4309471
1785136072.4309471
1785136072.4309471
1785136072.4309471
1785136072.4309471
1785136072.4309471
1785136072.4309471
1785136072.4311690
1785136072.4311690
1785136072.4311690
1785136072.4311690
1785136072.4311690
1785136072.4311690
1785136072.4311690
1785136072.4311690
1785136072.4311690
1785136072.4311690
1785136072.4311690
1785136072.4311690
1785136072.4311690
1785136072.4311690
1785136072.4311690
1785136072.4311690
1785136072.4311690
1785136072.4311690
1785136072.4311690
1785136072.4311690
1785136072.4311690
1785136072.4311690
1785136072.4311690
1785136072.4311690
1785136072.4311690
1785136072.4311690
1785136072.4311690
1785136072.4311690
1785136072.4311690
1785136072.4311690
1785136072.4311690
1785136072.4311690
1785136072.4311690
1785136072.4311690
1785136072.4311690
1785136072.4311690
1785136072.4311690
1785136072.4311690
1785136072.4311690
1785136072.4311690
1785136072.4311690
1785136072.4311690
1785136072.4311690
1785136072.4311690
1785136072.4311690
1785136072.4311690
1785136072.4311690
1785136072.4311690
1785136072.4311690
1785136072.4311690
1785136072.4313910
1785136072.4313910
1785136072.4313910
1785136072.4313910
1785136072.4313910
1785136072.4313910
1785136072.4313910
1785136072.4313910
1785136072.4313910
1785136072.4313910
1785136072.4313910
1785136072.4313910
1785136072.4313910
1785136072.4313910
1785136072.4313910
1785136072.4313910
1785136072.4313910
1785136072.4313910
1785136072.4313910
1785136072.4313910
1785136072.4313910
1785136072.4313910
1785136072.4313910
1785136072.4313910
1785136072.4313910
1785136072.4313910
1785136072.4313910
1785136072.4313910
1785136072.4313910
1785136072.4313910
1785136072.4313910
1785136072.4313910
1785136072.4313910
1785136072.4313910
1785136072.4313910
1785136072.4313910
1785136072.4313910
1785136072.4313910
1785136072.4313910
1785136072.4313910
1785136072.4313910
1785136072.4313910
1785136072.4313910
1785136072.4313910
1785136072.4313910
1785136072.4313910
1785136072.4313910
1785136072.4313910
1785136072.4313910
1785136072.4313910
1785136072.4316139
1785136072.4316139
1785136072.4316139
1785136072.4316139
1785136072.4316139
1785136072.4316139
1785136072.4316139
1785136072.4316139
1785136072.4316139
1785136072.4316139
1785136072.4316139
1785136072.4316139
1785136072.4316139
1785136072.4316139
1785136072.4316139
1785136072.4316139
1785136072.4316139
1785136072.4316139
1785136072.4316139
1785136072.4316139
1785136072.4316139
1785136072.4316139
1785136072.4316139
1785136072.4316139
1785136072.4316139
1785136072.4316139
1785136072.4316139
1785136072.4316139
1785136072.4316139
1785136072.4316139
1785136072.4316139
1785136072.4316139
1785136072.4316139
1785136072.4316139
1785136072.4316139
1785136072.4316139
1785136072.4316139
1785136072.4316139
1785136072.4316139
1785136072.4316139
1785136072.4316139
1785136072.4316139
1785136072.4316139
1785136072.4316139
1785136072.4316139
1785136072.4316139
1785136072.4316139
1785136072.4316139
1785136072.4316139
1785136072.4316139
1785136072.4318359
1785136072.4318359
1785136072.4318359
1785136072.4318359
1785136072.4318359
1785136072.4318359
1785136072.4318359
1785136072.4318359
1785136072.4318359
1785136072.4318359
1785136072.4318359
1785136072.4318359
1785136072.4318359
1785136072.4318359
1785136072.4318359
1785136072.4318359
1785136072.4318359
1785136072.4318359
1785136072.4318359
1785136072.4318359
1785136072.4318359
1785136072.4318359
1785136072.4318359
1785136072.4318359
1785136072.4318359
1785136072.4318359
1785136072.4318359
1785136072.4318359
1785136072.4318359
1785136072.4318359
1785136072.4318359
1785136072.4318359
1785136072.4318359
1785136072.4318359
1785136072.4318359
1785136072.4318359
1785136072.4318359
1785136072.4318359
1785136072.4318359
1785136072.4318359
1785136072.4318359
1785136072.4318359
1785136072.4318359
1785136072.4318359
1785136072.4318359
1785136072.4318359
1785136072.4318359
1785136072.4318359
1785136072.4318359
1785136072.4318359
1785136072.4318359
1785136072.4320581
1785136072.4320581
1785136072.4320581
1785136072.4320581
1785136072.4320581
1785136072.4320581
1785136072.4320581
1785136072.4320581
1785136072.4320581
1785136072.4320581
1785136072.4320581
1785136072.4320581
1785136072.4320581
1785136072.4320581
1785136072.4320581
1785136072.4320581
1785136072.4320581
1785136072.4320581
1785136072.4320581
1785136072.4320581
1785136072.4320581
1785136072.4320581
1785136072.4320581
1785136072.4320581
1785136072.4320581
1785136072.4320581
1785136072.4320581
1785136072.4320581
1785136072.4320581
1785136072.4320581
1785136072.4320581
1785136072.4320581
1785136072.4320581
1785136072.4320581
1785136072.4320581
1785136072.4320581
1785136072.4320581
1785136072.4320581
1785136072.4320581
1785136072.4320581
1785136072.4320581
1785136072.4320581
1785136072.4320581
1785136072.4320581
1785136072.4320581
1785136072.4320581
1785136072.4320581
1785136072.4320581
1785136072.4320581
1785136072.4320581
1785136072.4320581
1785136072.4322810
1785136072.4322810
1785136072.4322810
1785136072.4322810
1785136072.4322810
1785136072.4322810
1785136072.4322810
1785136072.4322810
1785136072.4322810
1785136072.4322810
1785136072.4322810
1785136072.4322810
1785136072.4322810
1785136072.4322810
1785136072.4322810
1785136072.4322810
1785136072.4322810
1785136072.4322810
1785136072.4322810
1785136072.4322810
1785136072.4322810
1785136072.4322810
1785136072.4322810
1785136072.4322810
1785136072.4322810
1785136072.4322810
1785136072.4322810
1785136072.4322810
1785136072.4322810
1785136072.4322810
1785136072.4322810
1785136072.4322810
1785136072.4322810
1785136072.4322810
1785136072.4322810
1785136072.4322810
1785136072.4322810
1785136072.4322810
1785136072.4322810
1785136072.4322810
1785136072.4322810
1785136072.4322810
1785136072.4322810
1785136072.4322810
1785136072.4322810
1785136072.4322810
1785136072.4322810
1785136072.4322810
1785136072.4322810
1785136072.4322810
1785136072.4322810
1785136072.4325030
1785136072.4325030
1785136072.4325030
1785136072.4325030
1785136072.4325030
1785136072.4325030
1785136072.4325030
1785136072.4325030
1785136072.4325030
1785136072.4325030
1785136072.4325030
1785136072.4325030
1785136072.4325030
1785136072.4325030
1785136072.4325030
1785136072.4325030
1785136072.4325030
1785136072.4325030
1785136072.4325030
1785136072.4325030
1785136072.4325030
1785136072.4325030
1785136072.4325030
1785136072.4325030
1785136072.4325030
1785136072.4325030
1785136072.4325030
1785136072.4325030
1785136072.4325030
1785136072.4325030
1785136072.4325030
1785136072.4325030
1785136072.4325030
1785136072.4325030
1785136072.4325030
1785136072.4325030
1785136072.4325030
1785136072.4325030
1785136072.4325030
1785136072.4325030
1785136072.4325030
1785136072.4325030
1785136072.4325030
1785136072.4325030
1785136072.4325030
1785136072.4325030
1785136072.4325030
1785136072.4325030
1785136072.4325030
1785136072.4325030
1785136072.4325030
1785136072.4327250
1785136072.4327250
1785136072.4327250
1785136072.4327250
1785136072.4327250
1785136072.4327250
1785136072.4327250
1785136072.4327250
1785136072.4327250
1785136072.4327250
1785136072.4327250
1785136072.4327250
1785136072.4327250
1785136072.4327250
1785136072.4327250
1785136072.4327250
1785136072.4327250
1785136072.4327250
1785136072.4327250
1785136072.4327250
1785136072.4327250
1785136072.4327250
1785136072.4327250
1785136072.4327250
1785136072.4327250
1785136072.4327250
1785136072.4327250
1785136072.4327250
1785136072.4327250
1785136072.4327250
1785136072.4327250
1785136072.4327250
1785136072.4327250
1785136072.4327250
1785136072.4327250
1785136072.4327250
1785136072.4327250
1785136072.4327250
1785136072.4327250
1785136072.4327250
1785136072.4327250
1785136072.4327250
1785136072.4327250
1785136072.4327250
1785136072.4327250
1785136072.4327250
1785136072.4327250
1785136072.4327250
1785136072.4327250
1785136072.4327250
1785136072.4327250
1785136072.4329469
1785136072.4329469
1785136072.4329469
1785136072.4329469
1785136072.4329469
1785136072.4329469
1785136072.4329469
1785136072.4329469
1785136072.4329469
1785136072.4329469
1785136072.4329469
1785136072.4329469
1785136072.4329469
1785136072.4329469
1785136072.4329469
1785136072.4329469
1785136072.4329469
1785136072.4329469
1785136072.4329469
1785136072.4329469
1785136072.4329469
1785136072.4329469
1785136072.4329469
1785136072.4329469
1785136072.4329469
1785136072.4329469
1785136072.4329469
1785136072.4329469
1785136072.4329469
1785136072.4329469
1785136072.4329469
1785136072.4329469
1785136072.4329469
1785136072.4329469
1785136072.4329469
1785136072.4329469
1785136072.4329469
1785136072.4329469
1785136072.4329469
1785136072.4329469
1785136072.4329469
1785136072.4329469
1785136072.4329469
1785136072.4329469
1785136072.4329469
1785136072.4329469
1785136072.4329469
1785136072.4329469
1785136072.4329469
1785136072.4329469
1785136072.4329469
1785136072.4331701
1785136072.4331701
1785136072.4331701
1785136072.4331701
1785136072.4331701
1785136072.4331701
1785136072.4331701
1785136072.4331701
1785136072.4331701
1785136072.4331701
1785136072.4331701
1785136072.4331701
1785136072.4331701
1785136072.4331701
1785136072.4331701
1785136072.4331701
1785136072.4331701
1785136072.4331701
1785136072.4331701
1785136072.4331701
1785136072.4331701
1785136072.4331701
1785136072.4331701
1785136072.4331701
1785136072.4331701
1785136072.4331701
1785136072.4331701
1785136072.4331701
1785136072.4331701
1785136072.4331701
1785136072.4331701
1785136072.4331701
1785136072.4331701
1785136072.4331701
1785136072.4331701
1785136072.4331701
1785136072.4331701
1785136072.4331701
1785136072.4331701
1785136072.4331701
1785136072.4331701
1785136072.4331701
1785136072.4331701
1785136072.4331701
1785136072.4331701
1785136072.4331701
1785136072.4331701
1785136072.4331701
1785136072.4331701
1785136072.4331701
1785136072.4331701
1785136072.4333920
1785136072.4333920
1785136072.4333920
1785136072.4333920
1785136072.4333920
1785136072.4333920
1785136072.4333920
1785136072.4333920
1785136072.4333920
1785136072.4333920
1785136072.4333920
1785136072.4333920
1785136072.4333920
1785136072.4333920
1785136072.4333920
1785136072.4333920
1785136072.4333920
1785136072.4333920
1785136072.4333920
1785136072.4333920
1785136072.4333920
1785136072.4333920
1785136072.4333920
1785136072.4333920
1785136072.4333920
1785136072.4333920
1785136072.4333920
1785136072.4333920
1785136072.4333920
1785136072.4333920
1785136072.4333920
1785136072.4333920
1785136072.4333920
1785136072.4333920
1785136072.4333920
1785136072.4333920
1785136072.4333920
1785136072.4333920
1785136072.4333920
1785136072.4333920
1785136072.4333920
1785136072.4333920
1785136072.4333920
1785136072.4333920
1785136072.4333920
1785136072.4333920
1785136072.4333920
1785136072.4333920
1785136072.4333920
1785136072.4333920
1785136072.4333920
1785136072.4336140
1785136072.4336140
1785136072.4336140
1785136072.4336140
1785136072.4336140
1785136072.4336140
1785136072.4336140
1785136072.4336140
1785136072.4336140
1785136072.4336140
1785136072.4336140
1785136072.4336140
1785136072.4336140
1785136072.4336140
1785136072.4336140
1785136072.4336140
1785136072.4336140
1785136072.4336140
1785136072.4336140
1785136072.4336140
1785136072.4336140
1785136072.4336140
1785136072.4336140
1785136072.4336140
1785136072.4336140
1785136072.4336140
1785136072.4336140
1785136072.4336140
1785136072.4336140
1785136072.4336140
1785136072.4336140
1785136072.4336140
1785136072.4336140
1785136072.4336140
1785136072.4336140
1785136072.4336140
1785136072.4336140
1785136072.4336140
1785136072.4336140
1785136072.4336140
1785136072.4336140
1785136072.4336140
1785136072.4336140
1785136072.4336140
1785136072.4336140
1785136072.4336140
1785136072.4336140
1785136072.4336140
1785136072.4336140
1785136072.4336140
1785136072.4336140
1785136072.4338360
1785136072.4338360
1785136072.4338360
1785136072.4338360
1785136072.4338360
1785136072.4338360
1785136072.4338360
1785136072.4338360
1785136072.4338360
1785136072.4338360
1785136072.4338360
1785136072.4338360
1785136072.4338360
1785136072.4338360
1785136072.4338360
1785136072.4338360
1785136072.4338360
1785136072.4338360
1785136072.4338360
1785136072.4338360
1785136072.4338360
1785136072.4338360
1785136072.4338360
1785136072.4338360
1785136072.4338360
1785136072.4338360
1785136072.4338360
1785136072.4338360
1785136072.4338360
1785136072.4338360
1785136072.4338360
1785136072.4338360
1785136072.4338360
1785136072.4338360
1785136072.4338360
1785136072.4338360
1785136072.4338360
1785136072.4338360
1785136072.4338360
1785136072.4338360
1785136072.4338360
1785136072.4338360
1785136072.4338360
1785136072.4338360
1785136072.4338360
1785136072.4338360
1785136072.4338360
1785136072.4338360
1785136072.4338360
1785136072.4338360
1785136072.4338360
1785136072.4338360
1785136072.4340580
1785136072.4340580
1785136072.4340580
1785136072.4340580
1785136072.4340580
1785136072.4340580
1785136072.4340580
1785136072.4340580
1785136072.4340580
1785136072.4340580
1785136072.4340580
1785136072.4340580
1785136072.4340580
1785136072.4340580
1785136072.4340580
1785136072.4340580
1785136072.4340580
1785136072.4340580
1785136072.4340580
1785136072.4340580
1785136072.4340580
1785136072.4340580
1785136072.4340580
1785136072.4340580
1785136072.4340580
1785136072.4340580
1785136072.4340580
1785136072.4340580
1785136072.4340580
1785136072.4340580
1785136072.4340580
1785136072.4340580
1785136072.4340580
1785136072.4340580
1785136072.4340580
1785136072.4340580
1785136072.4340580
1785136072.4340580
1785136072.4340580
1785136072.4340580
1785136072.4340580
1785136072.4340580
1785136072.4340580
1785136072.4340580
1785136072.4340580
1785136072.4340580
1785136072.4340580
1785136072.4340580
1785136072.4340580
1785136072.4340580
1785136072.4340580
1785136072.4340580
1785136072.4342811
1785136072.4342811
1785136072.4342811
1785136072.4342811
1785136072.4342811
1785136072.4342811
1785136072.4342811
1785136072.4342811
1785136072.4342811
1785136072.4342811
1785136072.4342811
1785136072.4342811
1785136072.4342811
1785136072.4342811
1785136072.4342811
1785136072.4342811
1785136072.4342811
1785136072.4342811
1785136072.4342811
1785136072.4342811
1785136072.4342811
1785136072.4342811
1785136072.4342811
1785136072.4342811
1785136072.4342811
1785136072.4342811
1785136072.4342811
1785136072.4342811
1785136072.4342811
1785136072.4342811
1785136072.4342811
1785136072.4342811
1785136072.4342811
1785136072.4342811
1785136072.4342811
1785136072.4342811
1785136072.4342811
1785136072.4342811
1785136072.4342811
1785136072.4342811
1785136072.4342811
1785136072.4342811
1785136072.4342811
1785136072.4342811
1785136072.4342811
1785136072.4342811
1785136072.4342811
1785136072.4342811
1785136072.4342811
1785136072.4342811
1785136072.4342811
1785136072.4342811
1785136072.4345031
1785136072.4345031
1785136072.4345031
1785136072.4345031
1785136072.4345031
1785136072.4345031
1785136072.4345031
1785136072.4345031
1785136072.4345031
1785136072.4345031
1785136072.4345031
1785136072.4345031
1785136072.4345031
1785136072.4345031
1785136072.4345031
1785136072.4345031
1785136072.4345031
1785136072.4345031
1785136072.4345031
1785136072.4345031
1785136072.4345031
1785136072.4345031
1785136072.4345031
1785136072.4345031
1785136072.4345031
1785136072.4345031
1785136072.4345031
1785136072.4345031
1785136072.4345031
1785136072.4345031
1785136072.4345031
1785136072.4345031
1785136072.4345031
1785136072.4345031
1785136072.4345031
1785136072.4345031
1785136072.4345031
1785136072.4345031
1785136072.4345031
1785136072.4345031
1785136072.4345031
1785136072.4345031
1785136072.4345031
1785136072.4345031
1785136072.4345031
1785136072.4345031
1785136072.4345031
1785136072.4345031
1785136072.4345031
1785136072.4345031
1785136072.4345031
1785136072.4345031
1785136072.4347250
1785136072.4347250
1785136072.4347250
1785136072.4347250
1785136072.4347250
1785136072.4347250
1785136072.4347250
1785136072.4347250
1785136072.4347250
1785136072.4347250
1785136072.4347250
1785136072.4347250
1785136072.4347250
1785136072.4347250
1785136072.4347250
1785136072.4347250
1785136072.4347250
1785136072.4347250
1785136072.4347250
1785136072.4347250
1785136072.4347250
1785136072.4347250
1785136072.4347250
1785136072.4347250
1785136072.4347250
1785136072.4347250
1785136072.4347250
1785136072.4347250
1785136072.4347250
1785136072.4347250
1785136072.4347250
1785136072.4347250
1785136072.4347250
1785136072.4347250
1785136072.4347250
1785136072.4347250
1785136072.4347250
1785136072.4347250
1785136072.4347250
1785136072.4347250
1785136072.4347250
1785136072.4347250
1785136072.4347250
1785136072.4347250
1785136072.4347250
1785136072.4347250
1785136072.4347250
1785136072.4347250
1785136072.4347250
1785136072.4347250
1785136072.4347250
1785136072.4347250
1785136072.4349470
1785136072.4349470
1785136072.4349470
1785136072.4349470
1785136072.4349470
1785136072.4349470
1785136072.4349470
1785136072.4349470
1785136072.4349470
1785136072.4349470
1785136072.4349470
1785136072.4349470
1785136072.4349470
1785136072.4349470
1785136072.4349470
1785136072.4349470
1785136072.4349470
1785136072.4349470
1785136072.4349470
1785136072.4349470
1785136072.4349470
1785136072.4349470
1785136072.4349470
1785136072.4349470
1785136072.4349470
1785136072.4349470
1785136072.4349470
1785136072.4349470
1785136072.4349470
1785136072.4349470
1785136072.4349470
1785136072.4349470
1785136072.4349470
1785136072.4349470
1785136072.4349470
1785136072.4349470
1785136072.4349470
1785136072.4349470
1785136072.4349470
1785136072.4349470
1785136072.4349470
1785136072.4349470
1785136072.4349470
1785136072.4349470
1785136072.4349470
1785136072.4349470
1785136072.4349470
1785136072.4349470
1785136072.4349470
1785136072.4349470
1785136072.4349470
1785136072.4349470
1785136072.4351699
1785136072.4351699
1785136072.4351699
1785136072.4351699
1785136072.4351699
1785136072.4351699
1785136072.4351699
1785136072.4351699
1785136072.4351699
1785136072.4351699
1785136072.4351699
1785136072.4351699
1785136072.4351699
1785136072.4351699
1785136072.4351699
1785136072.4351699
1785136072.4351699
1785136072.4351699
1785136072.4351699
1785136072.4351699
1785136072.4351699
1785136072.4351699
1785136072.4351699
1785136072.4351699
1785136072.4351699
1785136072.4351699
1785136072.4351699
1785136072.4351699
1785136072.4351699
1785136072.4351699
1785136072.4351699
1785136072.4351699
1785136072.4351699
1785136072.4351699
1785136072.4351699
1785136072.4351699
1785136072.4351699
1785136072.4351699
1785136072.4351699
1785136072.4351699
1785136072.4351699
1785136072.4351699
1785136072.4351699
1785136072.4351699
1785136072.4351699
1785136072.4351699
1785136072.4351699
1785136072.4351699
1785136072.4351699
1785136072.4351699
1785136072.4351699
1785136072.4351699
1785136072.4353919
1785136072.4353919
1785136072.4353919
1785136072.4353919
1785136072.4353919
1785136072.4353919
1785136072.4353919
1785136072.4353919
1785136072.4353919
1785136072.4353919
1785136072.4353919
1785136072.4353919
1785136072.4353919
1785136072.4353919
1785136072.4353919
1785136072.4353919
1785136072.4353919
1785136072.4353919
1785136072.4353919
1785136072.4353919
1785136072.4353919
1785136072.4353919
1785136072.4353919
1785136072.4353919
1785136072.4353919
1785136072.4353919
1785136072.4353919
1785136072.4353919
1785136072.4353919
1785136072.4353919
1785136072.4353919
1785136072.4353919
1785136072.4353919
1785136072.4353919
1785136072.4353919
1785136072.4353919
1785136072.4353919
1785136072.4353919
1785136072.4353919
1785136072.4353919
1785136072.4353919
1785136072.4353919
1785136072.4353919
1785136072.4353919
1785136072.4353919
1785136072.4353919
1785136072.4353919
1785136072.4353919
1785136072.4353919
1785136072.4353919
1785136072.4353919
1785136072.4353919
1785136072.4356141
1785136072.4356141
1785136072.4356141
1785136072.4356141
1785136072.4356141
1785136072.4356141
1785136072.4356141
1785136072.4356141
1785136072.4356141
1785136072.4356141
1785136072.4356141
1785136072.4356141
1785136072.4356141
1785136072.4356141
1785136072.4356141
1785136072.4356141
1785136072.4356141
1785136072.4356141
1785136072.4356141
1785136072.4356141
1785136072.4356141
1785136072.4356141
1785136072.4356141
1785136072.4356141
1785136072.4356141
1785136072.4356141
1785136072.4356141
1785136072.4356141
1785136072.4356141
1785136072.4356141
1785136072.4356141
1785136072.4356141
1785136072.4356141
1785136072.4356141
1785136072.4356141
1785136072.4356141
1785136072.4356141
1785136072.4356141
1785136072.4356141
1785136072.4356141
1785136072.4356141
1785136072.4356141
1785136072.4356141
1785136072.4356141
1785136072.4356141
1785136072.4356141
1785136072.4356141
1785136072.4356141
1785136072.4356141
1785136072.4356141
1785136072.4356141
1785136072.4356141
1785136072.4358361
1785136072.4358361
1785136072.4358361
1785136072.4358361
1785136072.4358361
1785136072.4358361
1785136072.4358361
1785136072.4358361
1785136072.4358361
1785136072.4358361
1785136072.4358361
1785136072.4358361
1785136072.4358361
1785136072.4358361
1785136072.4358361
1785136072.4358361
1785136072.4358361
1785136072.4358361
1785136072.4358361
1785136072.4358361
1785136072.4358361
1785136072.4358361
1785136072.4358361
1785136072.4358361
1785136072.4358361
1785136072.4358361
1785136072.4358361
1785136072.4358361
1785136072.4358361
1785136072.4358361
1785136072.4358361
1785136072.4358361
1785136072.4358361
1785136072.4358361
1785136072.4358361
1785136072.4358361
1785136072.4358361
1785136072.4358361
1785136072.4358361
1785136072.4358361
1785136072.4358361
1785136072.4358361
1785136072.4358361
1785136072.4358361
1785136072.4358361
1785136072.4358361
1785136072.4358361
1785136072.4358361
1785136072.4358361
1785136072.4358361
1785136072.4358361
1785136072.4358361
1785136072.4360590
1785136072.4360590
1785136072.4360590
1785136072.4360590
1785136072.4360590
1785136072.4360590
1785136072.4360590
1785136072.4360590
1785136072.4360590
1785136072.4360590
1785136072.4360590
1785136072.4360590
1785136072.4360590
1785136072.4360590
1785136072.4360590
1785136072.4360590
1785136072.4360590
1785136072.4360590
1785136072.4360590
1785136072.4360590
1785136072.4360590
1785136072.4360590
1785136072.4360590
1785136072.4360590
1785136072.4360590
1785136072.4360590
1785136072.4360590
1785136072.4360590
1785136072.4360590
1785136072.4360590
1785136072.4360590
1785136072.4360590
1785136072.4360590
1785136072.4360590
1785136072.4360590
1785136072.4360590
1785136072.4360590
1785136072.4360590
1785136072.4360590
1785136072.4360590
1785136072.4360590
1785136072.4360590
1785136072.4360590
1785136072.4360590
1785136072.4360590
1785136072.4360590
1785136072.4360590
1785136072.4360590
1785136072.4360590
1785136072.4360590
1785136072.4360590
1785136072.4360590
1785136072.4362810
1785136072.4362810
1785136072.4362810
1785136072.4362810
1785136072.4362810
1785136072.4362810
1785136072.4362810
1785136072.4362810
1785136072.4362810
1785136072.4362810
1785136072.4362810
1785136072.4362810
1785136072.4362810
1785136072.4362810
1785136072.4362810
1785136072.4362810
1785136072.4362810
1785136072.4362810
1785136072.4362810
1785136072.4362810
1785136072.4362810
1785136072.4362810
1785136072.4362810
1785136072.4362810
1785136072.4362810
1785136072.4362810
1785136072.4362810
1785136072.4362810
1785136072.4362810
1785136072.4362810
1785136072.4362810
1785136072.4362810
1785136072.4362810
1785136072.4362810
1785136072.4362810
1785136072.4362810
1785136072.4362810
1785136072.4362810
1785136072.4362810
1785136072.4362810
1785136072.4362810
1785136072.4362810
1785136072.4362810
1785136072.4362810
1785136072.4362810
1785136072.4362810
1785136072.4362810
1785136072.4362810
1785136072.4362810
1785136072.4362810
1785136072.4362810
1785136072.4362810
1785136072.4365029
1785136072.4365029
1785136072.4365029
1785136072.4365029
1785136072.4365029
1785136072.4365029
1785136072.4365029
1785136072.4365029
1785136072.4365029
1785136072.4365029
1785136072.4365029
1785136072.4365029
1785136072.4365029
1785136072.4365029
1785136072.4365029
1785136072.4365029
1785136072.4365029
1785136072.4365029
1785136072.4365029
1785136072.4365029
1785136072.4365029
1785136072.4365029
1785136072.4365029
1785136072.4365029
1785136072.4365029
1785136072.4365029
1785136072.4365029
1785136072.4365029
1785136072.4365029
1785136072.4365029
1785136072.4365029
1785136072.4365029
1785136072.4365029
1785136072.4365029
1785136072.4365029
1785136072.4365029
1785136072.4365029
1785136072.4365029
1785136072.4365029
1785136072.4365029
1785136072.4365029
1785136072.4365029
1785136072.4365029
1785136072.4365029
1785136072.4365029
1785136072.4365029
1785136072.4365029
1785136072.4365029
1785136072.4365029
1785136072.4365029
1785136072.4365029
1785136072.4365029
1785136072.4367249
1785136072.4367249
1785136072.4367249
1785136072.4367249
1785136072.4367249
1785136072.4367249
1785136072.4367249
1785136072.4367249
1785136072.4367249
1785136072.4367249
1785136072.4367249
1785136072.4367249
1785136072.4367249
1785136072.4367249
1785136072.4367249
1785136072.4367249
1785136072.4367249
1785136072.4367249
1785136072.4367249
1785136072.4367249
1785136072.4367249
1785136072.4367249
1785136072.4367249
1785136072.4367249
1785136072.4367249
1785136072.4367249
1785136072.4367249
1785136072.4367249
1785136072.4367249
1785136072.4367249
1785136072.4367249
1785136072.4367249
1785136072.4367249
1785136072.4367249
1785136072.4367249
1785136072.4367249
1785136072.4367249
1785136072.4367249
1785136072.4367249
1785136072.4367249
1785136072.4367249
1785136072.4367249
1785136072.4367249
1785136072.4367249
1785136072.4367249
1785136072.4367249
1785136072.4367249
1785136072.4367249
1785136072.4367249
1785136072.4367249
1785136072.4367249
1785136072.4367249
1785136072.4369481
1785136072.4369481
1785136072.4369481
1785136072.4369481
1785136072.4369481
1785136072.4369481
1785136072.4369481
1785136072.4369481
1785136072.4369481
1785136072.4369481
1785136072.4369481
1785136072.4369481
1785136072.4369481
1785136072.4369481
1785136072.4369481
1785136072.4369481
1785136072.4369481
1785136072.4369481
1785136072.4369481
1785136072.4369481
1785136072.4369481
1785136072.4369481
1785136072.4369481
1785136072.4369481
1785136072.4369481
1785136072.4369481
1785136072.4369481
1785136072.4369481
1785136072.4369481
1785136072.4369481
1785136072.4369481
1785136072.4369481
1785136072.4369481
1785136072.4369481
1785136072.4369481
1785136072.4369481
1785136072.4369481
1785136072.4369481
1785136072.4369481
1785136072.4369481
1785136072.4369481
1785136072.4369481
1785136072.4369481
1785136072.4369481
1785136072.4369481
1785136072.4369481
1785136072.4369481
1785136072.4369481
1785136072.4369481
1785136072.4369481
1785136072.4369481
1785136072.4369481
1785136072.4371700
1785136072.4371700
1785136072.4371700
1785136072.4371700
1785136072.4371700
1785136072.4371700
1785136072.4371700
1785136072.4371700
1785136072.4371700
1785136072.4371700
1785136072.4371700
1785136072.4371700
1785136072.4371700
1785136072.4371700
1785136072.4371700
1785136072.4371700
1785136072.4371700
1785136072.4371700
1785136072.4371700
1785136072.4371700
1785136072.4371700
1785136072.4371700
1785136072.4371700
1785136072.4371700
1785136072.4371700
1785136072.4371700
1785136072.4371700
1785136072.4371700
1785136072.4371700
1785136072.4371700
1785136072.4371700
1785136072.4371700
1785136072.4371700
1785136072.4371700
1785136072.4371700
1785136072.4371700
1785136072.4371700
1785136072.4371700
1785136072.4371700
1785136072.4371700
1785136072.4371700
1785136072.4371700
1785136072.4371700
1785136072.4371700
1785136072.4371700
1785136072.4371700
1785136072.4371700
1785136072.4371700
1785136072.4371700
1785136072.4371700
1785136072.4371700
1785136072.4371700
1785136072.4373920
1785136072.4373920
1785136072.4373920
1785136072.4373920
1785136072.4373920
1785136072.4373920
1785136072.4373920
1785136072.4373920
1785136072.4373920
1785136072.4373920
1785136072.4373920
1785136072.4373920
1785136072.4373920
1785136072.4373920
1785136072.4373920
1785136072.4373920
1785136072.4373920
1785136072.4373920
1785136072.4373920
1785136072.4373920
1785136072.4373920
1785136072.4373920
1785136072.4373920
1785136072.4373920
1785136072.4373920
1785136072.4373920
1785136072.4373920
1785136072.4373920
1785136072.4373920
1785136072.4373920
1785136072.4373920
1785136072.4373920
1785136072.4373920
1785136072.4373920
1785136072.4373920
1785136072.4373920
1785136072.4373920
1785136072.4373920
1785136072.4373920
1785136072.4373920
1785136072.4373920
1785136072.4373920
1785136072.4373920
1785136072.4373920
1785136072.4373920
1785136072.4373920
1785136072.4373920
1785136072.4373920
1785136072.4373920
1785136072.4373920
1785136072.4373920
1785136072.4373920
1785136072.4376140
1785136072.4376140
1785136072.4376140
1785136072.4376140
1785136072.4376140
1785136072.4376140
1785136072.4376140
1785136072.4376140
1785136072.4376140
1785136072.4376140
1785136072.4376140
1785136072.4376140
1785136072.4376140
1785136072.4376140
1785136072.4376140
1785136072.4376140
1785136072.4376140
1785136072.4376140
1785136072.4376140
1785136072.4376140
1785136072.4376140
1785136072.4376140
1785136072.4376140
1785136072.4376140
1785136072.4376140
1785136072.4376140
1785136072.4376140
1785136072.4376140
1785136072.4376140
1785136072.4376140
1785136072.4376140
1785136072.4376140
1785136072.4376140
1785136072.4376140
1785136072.4376140
1785136072.4376140
1785136072.4376140
1785136072.4376140
1785136072.4376140
1785136072.4376140
1785136072.4376140
1785136072.4376140
1785136072.4376140
1785136072.4376140
1785136072.4376140
1785136072.4376140
1785136072.4376140
1785136072.4376140
1785136072.4376140
1785136072.4376140
1785136072.4376140
1785136072.4376140
1785136072.4378369
1785136072.4378369
1785136072.4378369
1785136072.4378369
1785136072.4378369
1785136072.4378369
1785136072.4378369
1785136072.4378369
1785136072.4378369
1785136072.4378369
1785136072.4378369
1785136072.4378369
1785136072.4378369
1785136072.4378369
1785136072.4378369
1785136072.4378369
1785136072.4378369
1785136072.4378369
1785136072.4378369
1785136072.4378369
1785136072.4378369
1785136072.4378369
1785136072.4378369
1785136072.4378369
1785136072.4378369
1785136072.4378369
1785136072.4378369
1785136072.4378369
1785136072.4378369
1785136072.4378369
1785136072.4378369
1785136072.4378369
1785136072.4378369
1785136072.4378369
1785136072.4378369
1785136072.4378369
1785136072.4378369
1785136072.4378369
1785136072.4378369
1785136072.4378369
1785136072.4378369
1785136072.4378369
1785136072.4378369
1785136072.4378369
1785136072.4378369
1785136072.4378369
1785136072.4378369
1785136072.4378369
1785136072.4378369
1785136072.4378369
1785136072.4378369
1785136072.4378369
1785136072.4380591
1785136072.4380591
1785136072.4380591
1785136072.4380591
1785136072.4380591
1785136072.4380591
1785136072.4380591
1785136072.4380591
1785136072.4380591
1785136072.4380591
1785136072.4380591
1785136072.4380591
1785136072.4380591
1785136072.4380591
1785136072.4380591
1785136072.4380591
1785136072.4380591
1785136072.4380591
1785136072.4380591
1785136072.4380591
1785136072.4380591
1785136072.4380591
1785136072.4380591
1785136072.4380591
1785136072.4380591
1785136072.4380591
1785136072.4380591
1785136072.4380591
1785136072.4380591
1785136072.4380591
1785136072.4380591
1785136072.4380591
1785136072.4380591
1785136072.4380591
1785136072.4380591
1785136072.4380591
1785136072.4380591
1785136072.4380591
1785136072.4380591
1785136072.4380591
1785136072.4380591
1785136072.4380591
1785136072.4380591
1785136072.4380591
1785136072.4380591
1785136072.4380591
1785136072.4380591
1785136072.4380591
1785136072.4380591
1785136072.4380591
1785136072.4380591
1785136072.4380591
1785136072.4382811
1785136072.4382811
1785136072.4382811
1785136072.4382811
1785136072.4382811
1785136072.4382811
1785136072.4382811
1785136072.4382811
1785136072.4382811
1785136072.4382811
1785136072.4382811
1785136072.4382811
1785136072.4382811
1785136072.4382811
1785136072.4382811
1785136072.4382811
1785136072.4382811
1785136072.4382811
1785136072.4382811
1785136072.4382811
1785136072.4382811
1785136072.4382811
1785136072.4382811
1785136072.4382811
1785136072.4382811
1785136072.4382811
1785136072.4382811
1785136072.4382811
1785136072.4382811
1785136072.4382811
1785136072.4382811
1785136072.4382811
1785136072.4382811
1785136072.4382811
1785136072.4382811
1785136072.4382811
1785136072.4382811
1785136072.4382811
1785136072.4382811
1785136072.4382811
1785136072.4382811
1785136072.4382811
1785136072.4382811
1785136072.4382811
1785136072.4382811
1785136072.4382811
1785136072.4382811
1785136072.4382811
1785136072.4382811
1785136072.4382811
1785136072.4382811
1785136072.4382811
1785136072.4385030
1785136072.4385030
1785136072.4385030
1785136072.4385030
1785136072.4385030
1785136072.4385030
1785136072.4385030
1785136072.4385030
1785136072.4385030
1785136072.4385030
1785136072.4385030
1785136072.4385030
1785136072.4385030
1785136072.4385030
1785136072.4385030
1785136072.4385030
1785136072.4385030
1785136072.4385030
1785136072.4385030
1785136072.4385030
1785136072.4385030
1785136072.4385030
1785136072.4385030
1785136072.4385030
1785136072.4385030
1785136072.4385030
1785136072.4385030
1785136072.4385030
1785136072.4385030
1785136072.4385030
1785136072.4385030
1785136072.4385030
1785136072.4385030
1785136072.4385030
1785136072.4385030
1785136072.4385030
1785136072.4385030
1785136072.4385030
1785136072.4385030
1785136072.4385030
1785136072.4385030
1785136072.4385030
1785136072.4385030
1785136072.4385030
1785136072.4385030
1785136072.4385030
1785136072.4385030
1785136072.4385030
1785136072.4385030
1785136072.4385030
1785136072.4385030
1785136072.4385030
1785136072.4387250
1785136072.4387250
1785136072.4387250
1785136072.4387250
1785136072.4387250
1785136072.4387250
1785136072.4387250
1785136072.4387250
1785136072.4387250
1785136072.4387250
1785136072.4387250
1785136072.4387250
1785136072.4387250
1785136072.4387250
1785136072.4387250
1785136072.4387250
1785136072.4387250
1785136072.4387250
1785136072.4387250
1785136072.4387250
1785136072.4387250
1785136072.4387250
1785136072.4387250
1785136072.4387250
1785136072.4387250
1785136072.4387250
1785136072.4387250
1785136072.4387250
1785136072.4387250
1785136072.4387250
1785136072.4387250
1785136072.4387250
1785136072.4387250
1785136072.4387250
1785136072.4387250
1785136072.4387250
1785136072.4387250
1785136072.4387250
1785136072.4387250
1785136072.4387250
1785136072.4387250
1785136072.4387250
1785136072.4387250
1785136072.4387250
1785136072.4387250
1785136072.4387250
1785136072.4387250
1785136072.4387250
1785136072.4387250
1785136072.4387250
1785136072.4387250
1785136072.4387250
1785136072.4389479
1785136072.4389479
1785136072.4389479
1785136072.4389479
1785136072.4389479
1785136072.4389479
1785136072.4389479
1785136072.4389479
1785136072.4389479
1785136072.4389479
1785136072.4389479
1785136072.4389479
1785136072.4389479
1785136072.4389479
1785136072.4389479
1785136072.4389479
1785136072.4389479
1785136072.4389479
1785136072.4389479
1785136072.4389479
1785136072.4389479
1785136072.4389479
1785136072.4389479
1785136072.4389479
1785136072.4389479
1785136072.4389479
1785136072.4389479
1785136072.4389479
1785136072.4389479
1785136072.4389479
1785136072.4389479
1785136072.4389479
1785136072.4389479
1785136072.4389479
1785136072.4389479
1785136072.4389479
1785136072.4389479
1785136072.4389479
1785136072.4389479
1785136072.4389479
1785136072.4389479
1785136072.4389479
1785136072.4389479
1785136072.4389479
1785136072.4389479
1785136072.4389479
1785136072.4389479
1785136072.4389479
1785136072.4389479
1785136072.4389479
1785136072.4389479
1785136072.4389479
1785136072.4391699
1785136072.4391699
1785136072.4391699
1785136072.4391699
1785136072.4391699
1785136072.4391699
1785136072.4391699
1785136072.4391699
1785136072.4391699
1785136072.4391699
1785136072.4391699
1785136072.4391699
1785136072.4391699
1785136072.4391699
1785136072.4391699
1785136072.4391699
1785136072.4391699
1785136072.4391699
1785136072.4391699
1785136072.4391699
1785136072.4391699
1785136072.4391699
1785136072.4391699
1785136072.4391699
1785136072.4391699
1785136072.4391699
1785136072.4391699
1785136072.4391699
1785136072.4391699
1785136072.4391699
1785136072.4391699
1785136072.4391699
1785136072.4391699
1785136072.4391699
1785136072.4391699
1785136072.4391699
1785136072.4391699
1785136072.4391699
1785136072.4391699
1785136072.4391699
1785136072.4391699
1785136072.4391699
1785136072.4391699
1785136072.4391699
1785136072.4391699
1785136072.4391699
1785136072.4391699
1785136072.4391699
1785136072.4391699
1785136072.4391699
1785136072.4391699
1785136072.4391699
1785136072.4393921
1785136072.4393921
1785136072.4393921
1785136072.4393921
1785136072.4393921
1785136072.4393921
1785136072.4393921
1785136072.4393921
1785136072.4393921
1785136072.4393921
1785136072.4393921
1785136072.4393921
1785136072.4393921
1785136072.4393921
1785136072.4393921
1785136072.4393921
1785136072.4393921
1785136072.4393921
1785136072.4393921
1785136072.4393921
1785136072.4393921
1785136072.4393921
1785136072.4393921
1785136072.4393921
1785136072.4393921
1785136072.4393921
1785136072.4393921
1785136072.4393921
1785136072.4393921
1785136072.4393921
1785136072.4393921
1785136072.4393921
1785136072.4393921
1785136072.4393921
1785136072.4393921
1785136072.4393921
1785136072.4393921
1785136072.4393921
1785136072.4393921
1785136072.4393921
1785136072.4393921
1785136072.4393921
1785136072.4393921
1785136072.4393921
1785136072.4393921
1785136072.4393921
1785136072.4393921
1785136072.4393921
1785136072.4393921
1785136072.4393921
1785136072.4393921
1785136072.4393921
1785136072.4396141
1785136072.4396141
1785136072.4396141
1785136072.4396141
1785136072.4396141
1785136072.4396141
1785136072.4396141
1785136072.4396141
1785136072.4396141
1785136072.4396141
1785136072.4396141
1785136072.4396141
1785136072.4396141
1785136072.4396141
1785136072.4396141
1785136072.4396141
1785136072.4396141
1785136072.4396141
1785136072.4396141
1785136072.4396141
1785136072.4396141
1785136072.4396141
1785136072.4396141
1785136072.4396141
1785136072.4396141
1785136072.4396141
1785136072.4396141
1785136072.4396141
1785136072.4396141
1785136072.4396141
1785136072.4396141
1785136072.4396141
1785136072.4396141
1785136072.4396141
1785136072.4396141
1785136072.4396141
1785136072.4396141
1785136072.4396141
1785136072.4396141
1785136072.4396141
1785136072.4396141
1785136072.4396141
1785136072.4396141
1785136072.4396141
1785136072.4396141
1785136072.4396141
1785136072.4396141
1785136072.4396141
1785136072.4396141
1785136072.4396141
1785136072.4396141
1785136072.4396141
1785136072.4398360
1785136072.4398360
1785136072.4398360
1785136072.4398360
1785136072.4398360
1785136072.4398360
1785136072.4398360
1785136072.4398360
1785136072.4398360
1785136072.4398360
1785136072.4398360
1785136072.4398360
1785136072.4398360
1785136072.4398360
1785136072.4398360
1785136072.4398360
1785136072.4398360
1785136072.4398360
1785136072.4398360
1785136072.4398360
1785136072.4398360
1785136072.4398360
1785136072.4398360
1785136072.4398360
1785136072.4398360
1785136072.4398360
1785136072.4398360
1785136072.4398360
1785136072.4398360
1785136072.4398360
1785136072.4398360
1785136072.4398360
1785136072.4398360
1785136072.4398360
1785136072.4398360
1785136072.4398360
1785136072.4398360
1785136072.4398360
1785136072.4398360
1785136072.4398360
1785136072.4398360
1785136072.4398360
1785136072.4398360
1785136072.4398360
1785136072.4398360
1785136072.4398360
1785136072.4398360
1785136072.4398360
1785136072.4398360
1785136072.4398360
1785136072.4398360
1785136072.4398360
1785136072.4400589
1785136072.4400589
1785136072.4400589
1785136072.4400589
1785136072.4400589
1785136072.4400589
1785136072.4400589
1785136072.4400589
1785136072.4400589
1785136072.4400589
1785136072.4400589
1785136072.4400589
1785136072.4400589
1785136072.4400589
1785136072.4400589
1785136072.4400589
1785136072.4400589
1785136072.4400589
1785136072.4400589
1785136072.4400589
1785136072.4400589
1785136072.4400589
1785136072.4400589
1785136072.4400589
1785136072.4400589
1785136072.4400589
1785136072.4400589
1785136072.4400589
1785136072.4400589
1785136072.4400589
1785136072.4400589
1785136072.4400589
1785136072.4400589
1785136072.4400589
1785136072.4400589
1785136072.4400589
1785136072.4400589
1785136072.4400589
1785136072.4400589
1785136072.4400589
1785136072.4400589
1785136072.4400589
1785136072.4400589
1785136072.4400589
1785136072.4400589
1785136072.4400589
1785136072.4400589
1785136072.4400589
1785136072.4400589
1785136072.4400589
1785136072.4400589
1785136072.4400589
1785136072.4402809
1785136072.4402809
1785136072.4402809
1785136072.4402809
1785136072.4402809
1785136072.4402809
1785136072.4402809
1785136072.4402809
1785136072.4402809
1785136072.4402809
1785136072.4402809
1785136072.4402809
1785136072.4402809
1785136072.4402809
1785136072.4402809
1785136072.4402809
1785136072.4402809
1785136072.4402809
1785136072.4402809
1785136072.4402809
1785136072.4402809
1785136072.4402809
1785136072.4402809
1785136072.4402809
1785136072.4402809
1785136072.4402809
1785136072.4402809
1785136072.4402809
1785136072.4402809
1785136072.4402809
1785136072.4402809
1785136072.4402809
1785136072.4402809
1785136072.4402809
1785136072.4402809
1785136072.4402809
1785136072.4402809
1785136072.4402809
1785136072.4402809
1785136072.4402809
1785136072.4402809
1785136072.4402809
1785136072.4402809
1785136072.4402809
1785136072.4402809
1785136072.4402809
1785136072.4402809
1785136072.4402809
1785136072.4402809
1785136072.4402809
1785136072.4402809
1785136072.4402809
1785136072.4405029
1785136072.4405029
1785136072.4405029
1785136072.4405029
1785136072.4405029
1785136072.4405029
1785136072.4405029
1785136072.4405029
1785136072.4405029
1785136072.4405029
1785136072.4405029
1785136072.4405029
1785136072.4405029
1785136072.4405029
1785136072.4405029
1785136072.4405029
1785136072.4405029
1785136072.4405029
1785136072.4405029
1785136072.4405029
1785136072.4405029
1785136072.4405029
1785136072.4405029
1785136072.4405029
1785136072.4405029
1785136072.4405029
1785136072.4405029
1785136072.4405029
1785136072.4405029
1785136072.4405029
1785136072.4405029
1785136072.4405029
1785136072.4405029
1785136072.4405029
1785136072.4405029
1785136072.4405029
1785136072.4405029
1785136072.4405029
1785136072.4405029
1785136072.4405029
1785136072.4405029
1785136072.4405029
1785136072.4405029
1785136072.4405029
1785136072.4405029
1785136072.4405029
1785136072.4405029
1785136072.4405029
1785136072.4405029
1785136072.4405029
1785136072.4405029
1785136072.4405029
1785136072.4407251
1785136072.4407251
1785136072.4407251
1785136072.4407251
1785136072.4407251
1785136072.4407251
1785136072.4407251
1785136072.4407251
1785136072.4407251
1785136072.4407251
1785136072.4407251
1785136072.4407251
1785136072.4407251
1785136072.4407251
1785136072.4407251
1785136072.4407251
1785136072.4407251
1785136072.4407251
1785136072.4407251
1785136072.4407251
1785136072.4407251
1785136072.4407251
1785136072.4407251
1785136072.4407251
1785136072.4407251
1785136072.4407251
1785136072.4407251
1785136072.4407251
1785136072.4407251
1785136072.4407251
1785136072.4407251
1785136072.4407251
1785136072.4407251
1785136072.4407251
1785136072.4407251
1785136072.4407251
1785136072.4407251
1785136072.4407251
1785136072.4407251
1785136072.4407251
1785136072.4407251
1785136072.4407251
1785136072.4407251
1785136072.4407251
1785136072.4407251
1785136072.4407251
1785136072.4407251
1785136072.4407251
1785136072.4407251
1785136072.4407251
1785136072.4407251
1785136072.4407251
1785136072.4409471
1785136072.4409471
1785136072.4409471
1785136072.4409471
1785136072.4409471
1785136072.4409471
1785136072.4409471
1785136072.4409471
1785136072.4409471
1785136072.4409471
1785136072.4409471
1785136072.4409471
1785136072.4409471
1785136072.4409471
1785136072.4409471
1785136072.4409471
1785136072.4409471
1785136072.4409471
1785136072.4409471
1785136072.4409471
1785136072.4409471
1785136072.4409471
1785136072.4409471
1785136072.4409471
1785136072.4409471
1785136072.4409471
1785136072.4409471
1785136072.4409471
1785136072.4409471
1785136072.4409471
1785136072.4409471
1785136072.4409471
1785136072.4409471
1785136072.4409471
1785136072.4409471
1785136072.4409471
1785136072.4409471
1785136072.4409471
1785136072.4409471
1785136072.4409471
1785136072.4409471
1785136072.4409471
1785136072.4409471
1785136072.4409471
1785136072.4409471
1785136072.4409471
1785136072.4409471
1785136072.4409471
1785136072.4409471
1785136072.4409471
1785136072.4409471
1785136072.4409471
1785136072.4411700
1785136072.4411700
1785136072.4411700
1785136072.4411700
1785136072.4411700
1785136072.4411700
1785136072.4411700
1785136072.4411700
1785136072.4411700
1785136072.4411700
1785136072.4411700
1785136072.4411700
1785136072.4411700
1785136072.4411700
1785136072.4411700
1785136072.4411700
1785136072.4411700
1785136072.4411700
1785136072.4411700
1785136072.4411700
1785136072.4411700
1785136072.4411700
1785136072.4411700
1785136072.4411700
1785136072.4411700
1785136072.4411700
1785136072.4411700
1785136072.4411700
1785136072.4411700
1785136072.4411700
1785136072.4411700
1785136072.4411700
1785136072.4411700
1785136072.4411700
1785136072.4411700
1785136072.4411700
1785136072.4411700
1785136072.4411700
1785136072.4411700
1785136072.4411700
1785136072.4411700
1785136072.4411700
1785136072.4411700
1785136072.4411700
1785136072.4411700
1785136072.4411700
1785136072.4411700
1785136072.4411700
1785136072.4411700
1785136072.4411700
1785136072.4411700
1785136072.4411700
1785136072.4413919
1785136072.4413919
1785136072.4413919
1785136072.4413919
1785136072.4413919
1785136072.4413919
1785136072.4413919
1785136072.4413919
1785136072.4413919
1785136072.4413919
1785136072.4413919
1785136072.4413919
1785136072.4413919
1785136072.4413919
1785136072.4413919
1785136072.4413919
1785136072.4413919
1785136072.4413919
1785136072.4413919
1785136072.4413919
1785136072.4413919
1785136072.4413919
1785136072.4413919
1785136072.4413919
1785136072.4413919
1785136072.4413919
1785136072.4413919
1785136072.4413919
1785136072.4413919
1785136072.4413919
1785136072.4413919
1785136072.4413919
1785136072.4413919
1785136072.4413919
1785136072.4413919
1785136072.4413919
1785136072.4413919
1785136072.4413919
1785136072.4413919
1785136072.4413919
1785136072.4413919
1785136072.4413919
1785136072.4413919
1785136072.4413919
1785136072.4413919
1785136072.4413919
1785136072.4413919
1785136072.4413919
1785136072.4413919
1785136072.4413919
1785136072.4413919
1785136072.4413919
1785136072.4416139
1785136072.4416139
1785136072.4416139
1785136072.4416139
1785136072.4416139
1785136072.4416139
1785136072.4416139
1785136072.4416139
1785136072.4416139
1785136072.4416139
1785136072.4416139
1785136072.4416139
1785136072.4416139
1785136072.4416139
1785136072.4416139
1785136072.4416139
1785136072.4416139
1785136072.4416139
1785136072.4416139
1785136072.4416139
1785136072.4416139
1785136072.4416139
1785136072.4416139
1785136072.4416139
1785136072.4416139
1785136072.4416139
1785136072.4416139
1785136072.4416139
1785136072.4416139
1785136072.4416139
1785136072.4416139
1785136072.4416139
1785136072.4416139
1785136072.4416139
1785136072.4416139
1785136072.4416139
1785136072.4416139
1785136072.4416139
1785136072.4416139
1785136072.4416139
1785136072.4416139
1785136072.4416139
1785136072.4416139
1785136072.4416139
1785136072.4416139
1785136072.4416139
1785136072.4416139
1785136072.4416139
1785136072.4416139
1785136072.4416139
1785136072.4416139
1785136072.4416139
1785136072.4418361
1785136072.4418361
1785136072.4418361
1785136072.4418361
1785136072.4418361
1785136072.4418361
1785136072.4418361
1785136072.4418361
1785136072.4418361
1785136072.4418361
1785136072.4418361
1785136072.4418361
1785136072.4418361
1785136072.4418361
1785136072.4418361
1785136072.4418361
1785136072.4418361
1785136072.4418361
1785136072.4418361
1785136072.4418361
1785136072.4418361
1785136072.4418361
1785136072.4418361
1785136072.4418361
1785136072.4418361
1785136072.4418361
1785136072.4418361
1785136072.4418361
1785136072.4418361
1785136072.4418361
1785136072.4418361
1785136072.4418361
1785136072.4418361
1785136072.4418361
1785136072.4418361
1785136072.4418361
1785136072.4418361
1785136072.4418361
1785136072.4418361
1785136072.4418361
1785136072.4418361
1785136072.4418361
1785136072.4418361
1785136072.4418361
1785136072.4418361
1785136072.4418361
1785136072.4418361
1785136072.4418361
1785136072.4418361
1785136072.4418361
1785136072.4418361
1785136072.4418361
1785136072.4420590
1785136072.4420590
1785136072.4420590
1785136072.4420590
1785136072.4420590
1785136072.4420590
1785136072.4420590
1785136072.4420590
1785136072.4420590
1785136072.4420590
1785136072.4420590
1785136072.4420590
1785136072.4420590
1785136072.4420590
1785136072.4420590
1785136072.4420590
1785136072.4420590
1785136072.4420590
1785136072.4420590
1785136072.4420590
1785136072.4420590
1785136072.4420590
1785136072.4420590
1785136072.4420590
1785136072.4420590
1785136072.4420590
1785136072.4420590
1785136072.4420590
1785136072.4420590
1785136072.4420590
1785136072.4420590
1785136072.4420590
1785136072.4420590
1785136072.4420590
1785136072.4420590
1785136072.4420590
1785136072.4420590
1785136072.4420590
1785136072.4420590
1785136072.4420590
1785136072.4420590
1785136072.4420590
1785136072.4420590
1785136072.4420590
1785136072.4420590
1785136072.4420590
1785136072.4420590
1785136072.4420590
1785136072.4420590
1785136072.4420590
1785136072.4420590
1785136072.4420590
1785136072.4422810
1785136072.4422810
1785136072.4422810
1785136072.4422810
1785136072.4422810
1785136072.4422810
1785136072.4422810
1785136072.4422810
1785136072.4422810
1785136072.4422810
1785136072.4422810
1785136072.4422810
1785136072.4422810
1785136072.4422810
1785136072.4422810
1785136072.4422810
1785136072.4422810
1785136072.4422810
1785136072.4422810
1785136072.4422810
1785136072.4422810
1785136072.4422810
1785136072.4422810
1785136072.4422810
1785136072.4422810
1785136072.4422810
1785136072.4422810
1785136072.4422810
1785136072.4422810
1785136072.4422810
1785136072.4422810
1785136072.4422810
1785136072.4422810
1785136072.4422810
1785136072.4422810
1785136072.4422810
1785136072.4422810
1785136072.4422810
1785136072.4422810
1785136072.4422810
1785136072.4422810
1785136072.4422810
1785136072.4422810
1785136072.4422810
1785136072.4422810
1785136072.4422810
1785136072.4422810
1785136072.4422810
1785136072.4422810
1785136072.4422810
1785136072.4422810
1785136072.4422810
1785136072.4425030
1785136072.4425030
1785136072.4425030
1785136072.4425030
1785136072.4425030
1785136072.4425030
1785136072.4425030
1785136072.4425030
1785136072.4425030
1785136072.4425030
1785136072.4425030
1785136072.4425030
1785136072.4425030
1785136072.4425030
1785136072.4425030
1785136072.4425030
1785136072.4425030
1785136072.4425030
1785136072.4425030
1785136072.4425030
1785136072.4425030
1785136072.4425030
1785136072.4425030
1785136072.4425030
1785136072.4425030
1785136072.4425030
1785136072.4425030
1785136072.4425030
1785136072.4425030
1785136072.4425030
1785136072.4425030
1785136072.4425030
1785136072.4425030
1785136072.4425030
1785136072.4425030
1785136072.4425030
1785136072.4425030
1785136072.4425030
1785136072.4425030
1785136072.4425030
1785136072.4425030
1785136072.4425030
1785136072.4425030
1785136072.4425030
1785136072.4425030
1785136072.4425030
1785136072.4425030
1785136072.4425030
1785136072.4425030
1785136072.4425030
1785136072.4425030
1785136072.4425030
1785136072.4427249
1785136072.4427249
1785136072.4427249
1785136072.4427249
1785136072.4427249
1785136072.4427249
1785136072.4427249
1785136072.4427249
1785136072.4427249
1785136072.4427249
1785136072.4427249
1785136072.4427249
1785136072.4427249
1785136072.4427249
1785136072.4427249
1785136072.4427249
1785136072.4427249
1785136072.4427249
1785136072.4427249
1785136072.4427249
1785136072.4427249
1785136072.4427249
1785136072.4427249
1785136072.4427249
1785136072.4427249
1785136072.4427249
1785136072.4427249
1785136072.4427249
1785136072.4427249
1785136072.4427249
1785136072.4427249
1785136072.4427249
1785136072.4427249
1785136072.4427249
1785136072.4427249
1785136072.4427249
1785136072.4427249
1785136072.4427249
1785136072.4427249
1785136072.4427249
1785136072.4427249
1785136072.4427249
1785136072.4427249
1785136072.4427249
1785136072.4427249
1785136072.4427249
1785136072.4427249
1785136072.4427249
1785136072.4427249
1785136072.4427249
1785136072.4427249
1785136072.4427249
1785136072.4429469
1785136072.4429469
1785136072.4429469
1785136072.4429469
1785136072.4429469
1785136072.4429469
1785136072.4429469
1785136072.4429469
1785136072.4429469
1785136072.4429469
1785136072.4429469
1785136072.4429469
1785136072.4429469
1785136072.4429469
1785136072.4429469
1785136072.4429469
1785136072.4429469
1785136072.4429469
1785136072.4429469
1785136072.4429469
1785136072.4429469
1785136072.4429469
1785136072.4429469
1785136072.4429469
1785136072.4429469
1785136072.4429469
1785136072.4429469
1785136072.4429469
1785136072.4429469
1785136072.4429469
1785136072.4429469
1785136072.4429469
1785136072.4429469
1785136072.4429469
1785136072.4429469
1785136072.4429469
1785136072.4429469
1785136072.4429469
1785136072.4429469
1785136072.4429469
1785136072.4429469
1785136072.4429469
1785136072.4429469
1785136072.4429469
1785136072.4429469
1785136072.4429469
1785136072.4429469
1785136072.4429469
1785136072.4429469
1785136072.4429469
1785136072.4429469
1785136072.4431691
1785136072.4431691
1785136072.4431691
1785136072.4431691
1785136072.4431691
1785136072.4431691
1785136072.4431691
1785136072.4431691
1785136072.4431691
1785136072.4431691
1785136072.4431691
1785136072.4431691
1785136072.4431691
1785136072.4431691
1785136072.4431691
1785136072.4431691
1785136072.4431691
1785136072.4431691
1785136072.4431691
1785136072.4431691
1785136072.4431691
1785136072.4431691
1785136072.4431691
1785136072.4431691
1785136072.4431691
1785136072.4431691
1785136072.4431691
1785136072.4431691
1785136072.4431691
1785136072.4431691
1785136072.4431691
1785136072.4431691
1785136072.4431691
1785136072.4431691
1785136072.4431691
1785136072.4431691
1785136072.4431691
1785136072.4431691
1785136072.4431691
1785136072.4431691
1785136072.4431691
1785136072.4431691
1785136072.4431691
1785136072.4431691
1785136072.4431691
1785136072.4431691
1785136072.4431691
1785136072.4431691
1785136072.4431691
1785136072.4431691
1785136072.4431691
1785136072.4433920
1785136072.4433920
1785136072.4433920
1785136072.4433920
1785136072.4433920
1785136072.4433920
1785136072.4433920
1785136072.4433920
1785136072.4433920
1785136072.4433920
1785136072.4433920
1785136072.4433920
1785136072.4433920
1785136072.4433920
1785136072.4433920
1785136072.4433920
1785136072.4433920
1785136072.4433920
1785136072.4433920
1785136072.4433920
1785136072.4433920
1785136072.4433920
1785136072.4433920
1785136072.4433920
1785136072.4433920
1785136072.4433920
1785136072.4433920
1785136072.4433920
1785136072.4433920
1785136072.4433920
1785136072.4433920
1785136072.4433920
1785136072.4433920
1785136072.4433920
1785136072.4433920
1785136072.4433920
1785136072.4433920
1785136072.4433920
1785136072.4433920
1785136072.4433920
1785136072.4433920
1785136072.4433920
1785136072.4433920
1785136072.4433920
1785136072.4433920
1785136072.4433920
1785136072.4433920
1785136072.4433920
1785136072.4433920
1785136072.4433920
1785136072.4433920
1785136072.4436140
1785136072.4436140
1785136072.4436140
1785136072.4436140
1785136072.4436140
1785136072.4436140
1785136072.4436140
1785136072.4436140
1785136072.4436140
1785136072.4436140
1785136072.4436140
1785136072.4436140
1785136072.4436140
1785136072.4436140
1785136072.4436140
1785136072.4436140
1785136072.4436140
1785136072.4436140
1785136072.4436140
1785136072.4436140
1785136072.4436140
1785136072.4436140
1785136072.4436140
1785136072.4436140
1785136072.4436140
1785136072.4436140
1785136072.4436140
1785136072.4436140
1785136072.4436140
1785136072.4436140
1785136072.4436140
1785136072.4436140
1785136072.4436140
1785136072.4436140
1785136072.4436140
1785136072.4436140
1785136072.4436140
1785136072.4436140
1785136072.4436140
1785136072.4436140
1785136072.4436140
1785136072.4436140
1785136072.4436140
1785136072.4436140
1785136072.4436140
1785136072.4436140
1785136072.4436140
1785136072.4436140
1785136072.4436140
1785136072.4436140
1785136072.4436140
1785136072.4438360
1785136072.4438360
1785136072.4438360
1785136072.4438360
1785136072.4438360
1785136072.4438360
1785136072.4438360
1785136072.4438360
1785136072.4438360
1785136072.4438360
1785136072.4438360
1785136072.4438360
1785136072.4438360
1785136072.4438360
1785136072.4438360
1785136072.4438360
1785136072.4438360
1785136072.4438360
1785136072.4438360
1785136072.4438360
1785136072.4438360
1785136072.4438360
1785136072.4438360
1785136072.4438360
1785136072.4438360
1785136072.4438360
1785136072.4438360
1785136072.4438360
1785136072.4438360
1785136072.4438360
1785136072.4438360
1785136072.4438360
1785136072.4438360
1785136072.4438360
1785136072.4438360
1785136072.4438360
1785136072.4438360
1785136072.4438360
1785136072.4438360
1785136072.4438360
1785136072.4438360
1785136072.4438360
1785136072.4438360
1785136072.4438360
1785136072.4438360
1785136072.4438360
1785136072.4438360
1785136072.4438360
1785136072.4438360
1785136072.4438360
1785136072.4438360
1785136072.4440579
1785136072.4440579
1785136072.4440579
1785136072.4440579
1785136072.4440579
1785136072.4440579
1785136072.4440579
1785136072.4440579
1785136072.4440579
1785136072.4440579
1785136072.4440579
1785136072.4440579
1785136072.4440579
1785136072.4440579
1785136072.4440579
1785136072.4440579
1785136072.4440579
1785136072.4440579
1785136072.4440579
1785136072.4440579
1785136072.4440579
1785136072.4440579
1785136072.4440579
1785136072.4440579
1785136072.4440579
1785136072.4440579
1785136072.4440579
1785136072.4440579
1785136072.4440579
1785136072.4440579
1785136072.4440579
1785136072.4440579
1785136072.4440579
1785136072.4440579
1785136072.4440579
1785136072.4440579
1785136072.4440579
1785136072.4440579
1785136072.4440579
1785136072.4440579
1785136072.4440579
1785136072.4440579
1785136072.4440579
1785136072.4440579
1785136072.4440579
1785136072.4440579
1785136072.4440579
1785136072.4440579
1785136072.4440579
1785136072.4440579
1785136072.4440579
1785136072.4442811
1785136072.4442811
1785136072.4442811
1785136072.4442811
1785136072.4442811
1785136072.4442811
1785136072.4442811
1785136072.4442811
1785136072.4442811
1785136072.4442811
1785136072.4442811
1785136072.4442811
1785136072.4442811
1785136072.4442811
1785136072.4442811
1785136072.4442811
1785136072.4442811
1785136072.4442811
1785136072.4442811
1785136072.4442811
1785136072.4442811
1785136072.4442811
1785136072.4442811
1785136072.4442811
1785136072.4442811
1785136072.4442811
1785136072.4442811
1785136072.4442811
1785136072.4442811
1785136072.4442811
1785136072.4442811
1785136072.4442811
1785136072.4442811
1785136072.4442811
1785136072.4442811
1785136072.4442811
1785136072.4442811
1785136072.4442811
1785136072.4442811
1785136072.4442811
1785136072.4442811
1785136072.4442811
1785136072.4442811
1785136072.4442811
1785136072.4442811
1785136072.4442811
1785136072.4442811
1785136072.4442811
1785136072.4442811
1785136072.4442811
1785136072.4442811
1785136072.4445031
1785136072.4445031
1785136072.4445031
1785136072.4445031
1785136072.4445031
1785136072.4445031
1785136072.4445031
1785136072.4445031
1785136072.4445031
1785136072.4445031
1785136072.4445031
1785136072.4445031
1785136072.4445031
1785136072.4445031
1785136072.4445031
1785136072.4445031
1785136072.4445031
1785136072.4445031
1785136072.4445031
1785136072.4445031
1785136072.4445031
1785136072.4445031
1785136072.4445031
1785136072.4445031
1785136072.4445031
1785136072.4445031
1785136072.4445031
1785136072.4445031
1785136072.4445031
1785136072.4445031
1785136072.4445031
1785136072.4445031
1785136072.4445031
1785136072.4445031
1785136072.4445031
1785136072.4445031
1785136072.4445031
1785136072.4445031
1785136072.4445031
1785136072.4445031
1785136072.4445031
1785136072.4445031
1785136072.4445031
1785136072.4445031
1785136072.4445031
1785136072.4445031
1785136072.4445031
1785136072.4445031
1785136072.4445031
1785136072.4445031
1785136072.4445031
1785136072.4447250
1785136072.4447250
1785136072.4447250
1785136072.4447250
1785136072.4447250
1785136072.4447250
1785136072.4447250
1785136072.4447250
1785136072.4447250
1785136072.4447250
1785136072.4447250
1785136072.4447250
1785136072.4447250
1785136072.4447250
1785136072.4447250
1785136072.4447250
1785136072.4447250
1785136072.4447250
1785136072.4447250
1785136072.4447250
1785136072.4447250
1785136072.4447250
1785136072.4447250
1785136072.4447250
1785136072.4447250
1785136072.4447250
1785136072.4447250
1785136072.4447250
1785136072.4447250
1785136072.4447250
1785136072.4447250
1785136072.4447250
1785136072.4447250
1785136072.4447250
1785136072.4447250
1785136072.4447250
1785136072.4447250
1785136072.4447250
1785136072.4447250
1785136072.4447250
1785136072.4447250
1785136072.4447250
1785136072.4447250
1785136072.4447250
1785136072.4447250
1785136072.4447250
1785136072.4447250
1785136072.4447250
1785136072.4447250
1785136072.4447250
1785136072.4449470
1785136072.4449470
1785136072.4449470
1785136072.4449470
1785136072.4449470
1785136072.4449470
1785136072.4449470
1785136072.4449470
1785136072.4449470
1785136072.4449470
1785136072.4449470
1785136072.4449470
1785136072.4449470
1785136072.4449470
1785136072.4449470
1785136072.4449470
1785136072.4449470
1785136072.4449470
1785136072.4449470
1785136072.4449470
1785136072.4449470
1785136072.4449470
1785136072.4449470
1785136072.4449470
1785136072.4449470
1785136072.4449470
1785136072.4449470
1785136072.4449470
1785136072.4449470
1785136072.4449470
1785136072.4449470
1785136072.4449470
1785136072.4449470
1785136072.4449470
1785136072.4449470
1785136072.4449470
1785136072.4449470
1785136072.4449470
1785136072.4449470
1785136072.4449470
1785136072.4449470
1785136072.4449470
1785136072.4449470
1785136072.4449470
1785136072.4449470
1785136072.4449470
1785136072.4449470
1785136072.4449470
1785136072.4449470
1785136072.4449470
1785136072.4451690
1785136072.4451690
1785136072.4451690
1785136072.4451690
1785136072.4451690
1785136072.4451690
1785136072.4451690
1785136072.4451690
1785136072.4451690
1785136072.4451690
1785136072.4451690
1785136072.4451690
1785136072.4451690
1785136072.4451690
1785136072.4451690
1785136072.4451690
1785136072.4451690
1785136072.4451690
1785136072.4451690
1785136072.4451690
1785136072.4451690
1785136072.4451690
1785136072.4451690
1785136072.4451690
1785136072.4451690
1785136072.4451690
1785136072.4451690
1785136072.4451690
1785136072.4451690
1785136072.4451690
1785136072.4451690
1785136072.4451690
1785136072.4451690
1785136072.4451690
1785136072.4451690
1785136072.4451690
1785136072.4451690
1785136072.4451690
1785136072.4451690
1785136072.4451690
1785136072.4451690
1785136072.4451690
1785136072.4451690
1785136072.4451690
1785136072.4451690
1785136072.4451690
1785136072.4451690
1785136072.4451690
1785136072.4451690
1785136072.4451690
1785136072.4453919
1785136072.4453919
1785136072.4453919
1785136072.4453919
1785136072.4453919
1785136072.4453919
1785136072.4453919
1785136072.4453919
1785136072.4453919
1785136072.4453919
1785136072.4453919
1785136072.4453919
1785136072.4453919
1785136072.4453919
1785136072.4453919
1785136072.4453919
1785136072.4453919
1785136072.4453919
1785136072.4453919
1785136072.4453919
1785136072.4453919
1785136072.4453919
1785136072.4453919
1785136072.4453919
1785136072.4453919
1785136072.4453919
1785136072.4453919
1785136072.4453919
1785136072.4453919
1785136072.4453919
1785136072.4453919
1785136072.4453919
1785136072.4453919
1785136072.4453919
1785136072.4453919
1785136072.4453919
1785136072.4453919
1785136072.4453919
1785136072.4453919
1785136072.4453919
1785136072.4453919
1785136072.4453919
1785136072.4453919
1785136072.4453919
1785136072.4453919
1785136072.4453919
1785136072.4453919
1785136072.4453919
1785136072.4453919
1785136072.4453919
1785136072.4456141
1785136072.4456141
1785136072.4456141
1785136072.4456141
1785136072.4456141
1785136072.4456141
1785136072.4456141
1785136072.4456141
1785136072.4456141
1785136072.4456141
1785136072.4456141
1785136072.4456141
1785136072.4456141
1785136072.4456141
1785136072.4456141
1785136072.4456141
1785136072.4456141
1785136072.4456141
1785136072.4456141
1785136072.4456141
1785136072.4456141
1785136072.4456141
1785136072.4456141
1785136072.4456141
1785136072.4456141
1785136072.4456141
1785136072.4456141
1785136072.4456141
1785136072.4456141
1785136072.4456141
1785136072.4456141
1785136072.4456141
1785136072.4456141
1785136072.4456141
1785136072.4456141
1785136072.4456141
1785136072.4456141
1785136072.4456141
1785136072.4456141
1785136072.4456141
1785136072.4456141
1785136072.4456141
1785136072.4456141
1785136072.4456141
1785136072.4456141
1785136072.4456141
1785136072.4456141
1785136072.4456141
1785136072.4456141
1785136072.4456141
1785136072.4458361
1785136072.4458361
1785136072.4458361
1785136072.4458361
1785136072.4458361
1785136072.4458361
1785136072.4458361
1785136072.4458361
1785136072.4458361
1785136072.4458361
1785136072.4458361
1785136072.4458361
1785136072.4458361
1785136072.4458361
1785136072.4458361
1785136072.4458361
1785136072.4458361
1785136072.4458361
1785136072.4458361
1785136072.4458361
1785136072.4458361
1785136072.4458361
1785136072.4458361
1785136072.4458361
1785136072.4458361
1785136072.4458361
1785136072.4458361
1785136072.4458361
1785136072.4458361
1785136072.4458361
1785136072.4458361
1785136072.4458361
1785136072.4458361
1785136072.4458361
1785136072.4458361
1785136072.4458361
1785136072.4458361
1785136072.4458361
1785136072.4458361
1785136072.4458361
1785136072.4458361
1785136072.4458361
1785136072.4458361
1785136072.4458361
1785136072.4458361
1785136072.4458361
1785136072.4458361
1785136072.4458361
1785136072.4458361
1785136072.4458361
1785136072.4460580
1785136072.4460580
1785136072.4460580
1785136072.4460580
1785136072.4460580
1785136072.4460580
1785136072.4460580
1785136072.4460580
1785136072.4460580
1785136072.4460580
1785136072.4460580
1785136072.4460580
1785136072.4460580
1785136072.4460580
1785136072.4460580
1785136072.4460580
1785136072.4460580
1785136072.4460580
1785136072.4460580
1785136072.4460580
1785136072.4460580
1785136072.4460580
1785136072.4460580
1785136072.4460580
1785136072.4460580
1785136072.4460580
1785136072.4460580
1785136072.4460580
1785136072.4460580
1785136072.4460580
1785136072.4460580
1785136072.4460580
1785136072.4460580
1785136072.4460580
1785136072.4460580
1785136072.4460580
1785136072.4460580
1785136072.4460580
1785136072.4460580
1785136072.4460580
1785136072.4460580
1785136072.4460580
1785136072.4460580
1785136072.4460580
1785136072.4460580
1785136072.4460580
1785136072.4460580
1785136072.4460580
1785136072.4460580
1785136072.4460580
1785136072.4462800
1785136072.4462800
1785136072.4462800
1785136072.4462800
1785136072.4462800
1785136072.4462800
1785136072.4462800
1785136072.4462800
1785136072.4462800
1785136072.4462800
1785136072.4462800
1785136072.4462800
1785136072.4462800
1785136072.4462800
1785136072.4462800
1785136072.4462800
1785136072.4462800
1785136072.4462800
1785136072.4462800
1785136072.4462800
1785136072.4462800
1785136072.4462800
1785136072.4462800
1785136072.4462800
1785136072.4462800
1785136072.4462800
1785136072.4462800
1785136072.4462800
1785136072.4462800
1785136072.4462800
1785136072.4462800
1785136072.4462800
1785136072.4462800
1785136072.4462800
1785136072.4462800
1785136072.4462800
1785136072.4462800
1785136072.4462800
1785136072.4462800
1785136072.4462800
1785136072.4462800
1785136072.4462800
1785136072.4462800
1785136072.4462800
1785136072.4462800
1785136072.4462800
1785136072.4462800
1785136072.4462800
1785136072.4462800
1785136072.4462800
1785136072.4465029
1785136072.4465029
1785136072.4465029
1785136072.4465029
1785136072.4465029
1785136072.4465029
1785136072.4465029
1785136072.4465029
1785136072.4465029
1785136072.4465029
1785136072.4465029
1785136072.4465029
1785136072.4465029
1785136072.4465029
1785136072.4465029
1785136072.4465029
1785136072.4465029
1785136072.4465029
1785136072.4465029
1785136072.4465029
1785136072.4465029
1785136072.4465029
1785136072.4465029
1785136072.4465029
1785136072.4465029
1785136072.4465029
1785136072.4465029
1785136072.4465029
1785136072.4465029
1785136072.4465029
1785136072.4465029
1785136072.4465029
1785136072.4465029
1785136072.4465029
1785136072.4465029
1785136072.4465029
1785136072.4465029
1785136072.4465029
1785136072.4465029
1785136072.4465029
1785136072.4465029
1785136072.4465029
1785136072.4465029
1785136072.4465029
1785136072.4465029
1785136072.4465029
1785136072.4465029
1785136072.4465029
1785136072.4465029
1785136072.4467249
1785136072.4467249
1785136072.4467249
1785136072.4467249
1785136072.4467249
1785136072.4467249
1785136072.4467249
1785136072.4467249
1785136072.4467249
1785136072.4467249
1785136072.4467249
1785136072.4467249
1785136072.4467249
1785136072.4467249
1785136072.4467249
1785136072.4467249
1785136072.4467249
1785136072.4467249
1785136072.4467249
1785136072.4467249
1785136072.4467249
1785136072.4467249
1785136072.4467249
1785136072.4467249
1785136072.4467249
1785136072.4467249
1785136072.4467249
1785136072.4467249
1785136072.4467249
1785136072.4467249
1785136072.4467249
1785136072.4467249
1785136072.4467249
1785136072.4467249
1785136072.4467249
1785136072.4467249
1785136072.4467249
1785136072.4467249
1785136072.4467249
1785136072.4467249
1785136072.4467249
1785136072.4467249
1785136072.4467249
1785136072.4467249
1785136072.4467249
1785136072.4467249
1785136072.4467249
1785136072.4467249
1785136072.4467249
1785136072.4469471
1785136072.4469471
1785136072.4469471
1785136072.4469471
1785136072.4469471
1785136072.4469471
1785136072.4469471
1785136072.4469471
1785136072.4469471
1785136072.4469471
1785136072.4469471
1785136072.4469471
1785136072.4469471
1785136072.4469471
1785136072.4469471
1785136072.4469471
1785136072.4469471
1785136072.4469471
1785136072.4469471
1785136072.4469471
1785136072.4469471
1785136072.4469471
1785136072.4469471
1785136072.4469471
1785136072.4469471
1785136072.4469471
1785136072.4469471
1785136072.4469471
1785136072.4469471
1785136072.4469471
1785136072.4469471
1785136072.4469471
1785136072.4469471
1785136072.4469471
1785136072.4469471
1785136072.4469471
1785136072.4469471
1785136072.4469471
1785136072.4469471
1785136072.4469471
1785136072.4469471
1785136072.4469471
1785136072.4469471
1785136072.4469471
1785136072.4469471
1785136072.4469471
1785136072.4469471
1785136072.4469471
1785136072.4469471
1785136072.4471691
1785136072.4471691
1785136072.4471691
1785136072.4471691
1785136072.4471691
1785136072.4471691
1785136072.4471691
1785136072.4471691
1785136072.4471691
1785136072.4471691
1785136072.4471691
1785136072.4471691
1785136072.4471691
1785136072.4471691
1785136072.4471691
1785136072.4471691
1785136072.4471691
1785136072.4471691
1785136072.4471691
1785136072.4471691
1785136072.4471691
1785136072.4471691
1785136072.4471691
1785136072.4471691
1785136072.4471691
1785136072.4471691
1785136072.4471691
1785136072.4471691
1785136072.4471691
1785136072.4471691
1785136072.4471691
1785136072.4471691
1785136072.4471691
1785136072.4471691
1785136072.4471691
1785136072.4471691
1785136072.4471691
1785136072.4471691
1785136072.4471691
1785136072.4471691
1785136072.4471691
1785136072.4471691
1785136072.4471691
1785136072.4471691
1785136072.4471691
1785136072.4471691
1785136072.4471691
1785136072.4471691
1785136072.4471691
1785136072.4473910
1785136072.4473910
1785136072.4473910
1785136072.4473910
1785136072.4473910
1785136072.4473910
1785136072.4473910
1785136072.4473910
1785136072.4473910
1785136072.4473910
1785136072.4473910
1785136072.4473910
1785136072.4473910
1785136072.4473910
1785136072.4473910
1785136072.4473910
1785136072.4473910
1785136072.4473910
1785136072.4473910
1785136072.4473910
1785136072.4473910
1785136072.4473910
1785136072.4473910
1785136072.4473910
1785136072.4473910
1785136072.4473910
1785136072.4473910
1785136072.4473910
1785136072.4473910
1785136072.4473910
1785136072.4473910
1785136072.4473910
1785136072.4473910
1785136072.4473910
1785136072.4473910
1785136072.4473910
1785136072.4473910
1785136072.4473910
1785136072.4473910
1785136072.4473910
1785136072.4473910
1785136072.4473910
1785136072.4473910
1785136072.4473910
1785136072.4473910
1785136072.4473910
1785136072.4473910
1785136072.4473910
1785136072.4473910
1785136072.4476140
1785136072.4476140
1785136072.4476140
1785136072.4476140
1785136072.4476140
1785136072.4476140
1785136072.4476140
1785136072.4476140
1785136072.4476140
1785136072.4476140
1785136072.4476140
1785136072.4476140
1785136072.4476140
1785136072.4476140
1785136072.4476140
1785136072.4476140
1785136072.4476140
1785136072.4476140
1785136072.4476140
1785136072.4476140
1785136072.4476140
1785136072.4476140
1785136072.4476140
1785136072.4476140
1785136072.4476140
1785136072.4476140
1785136072.4476140
1785136072.4476140
1785136072.4476140
1785136072.4476140
1785136072.4476140
1785136072.4476140
1785136072.4476140
1785136072.4476140
1785136072.4476140
1785136072.4476140
1785136072.4476140
1785136072.4476140
1785136072.4476140
1785136072.4476140
1785136072.4476140
1785136072.4476140
1785136072.4476140
1785136072.4476140
1785136072.4476140
1785136072.4476140
1785136072.4476140
1785136072.4476140
1785136072.4476140
1785136072.4478359
1785136072.4478359
1785136072.4478359
1785136072.4478359
1785136072.4478359
1785136072.4478359
1785136072.4478359
1785136072.4478359
1785136072.4478359
1785136072.4478359
1785136072.4478359
1785136072.4478359
1785136072.4478359
1785136072.4478359
1785136072.4478359
1785136072.4478359
1785136072.4478359
1785136072.4478359
1785136072.4478359
1785136072.4478359
1785136072.4478359
1785136072.4478359
1785136072.4478359
1785136072.4478359
1785136072.4478359
1785136072.4478359
1785136072.4478359
1785136072.4478359
1785136072.4478359
1785136072.4478359
1785136072.4478359
1785136072.4478359
1785136072.4478359
1785136072.4478359
1785136072.4478359
1785136072.4478359
1785136072.4478359
1785136072.4478359
1785136072.4478359
1785136072.4478359
1785136072.4478359
1785136072.4478359
1785136072.4478359
1785136072.4478359
1785136072.4478359
1785136072.4478359
1785136072.4478359
1785136072.4478359
1785136072.4478359
1785136072.4480579
1785136072.4480579
1785136072.4480579
1785136072.4480579
1785136072.4480579
1785136072.4480579
1785136072.4480579
1785136072.4480579
1785136072.4480579
1785136072.4480579
1785136072.4480579
1785136072.4480579
1785136072.4480579
1785136072.4480579
1785136072.4480579
1785136072.4480579
1785136072.4480579
1785136072.4480579
1785136072.4480579
1785136072.4480579
1785136072.4480579
1785136072.4480579
1785136072.4480579
1785136072.4480579
1785136072.4480579
1785136072.4480579
1785136072.4480579
1785136072.4480579
1785136072.4480579
1785136072.4480579
1785136072.4480579
1785136072.4480579
1785136072.4480579
1785136072.4480579
1785136072.4480579
1785136072.4480579
1785136072.4480579
1785136072.4480579
1785136072.4480579
1785136072.4480579
1785136072.4480579
1785136072.4480579
1785136072.4480579
1785136072.4480579
1785136072.4480579
1785136072.4480579
1785136072.4480579
1785136072.4480579
1785136072.4482801
1785136072.4482801
1785136072.4482801
1785136072.4482801
1785136072.4482801
1785136072.4482801
1785136072.4482801
1785136072.4482801
1785136072.4482801
1785136072.4482801
1785136072.4482801
1785136072.4482801
1785136072.4482801
1785136072.4482801
1785136072.4482801
1785136072.4482801
1785136072.4482801
1785136072.4482801
1785136072.4482801
1785136072.4482801
1785136072.4482801
1785136072.4482801
1785136072.4482801
1785136072.4482801
1785136072.4482801
1785136072.4482801
1785136072.4482801
1785136072.4482801
1785136072.4482801
1785136072.4482801
1785136072.4482801
1785136072.4482801
1785136072.4482801
1785136072.4482801
1785136072.4482801
1785136072.4482801
1785136072.4482801
1785136072.4482801
1785136072.4482801
1785136072.4482801
1785136072.4482801
1785136072.4482801
1785136072.4482801
1785136072.4482801
1785136072.4482801
1785136072.4482801
1785136072.4482801
1785136072.4482801
1785136072.4485021
1785136072.4485021
1785136072.4485021
1785136072.4485021
1785136072.4485021
1785136072.4485021
1785136072.4485021
1785136072.4485021
1785136072.4485021
1785136072.4485021
1785136072.4485021
1785136072.4485021
1785136072.4485021
1785136072.4485021
1785136072.4485021
1785136072.4485021
1785136072.4485021
1785136072.4485021
1785136072.4485021
1785136072.4485021
1785136072.4485021
1785136072.4485021
1785136072.4485021
1785136072.4485021
1785136072.4485021
1785136072.4485021
1785136072.4485021
1785136072.4485021
1785136072.4485021
1785136072.4485021
1785136072.4485021
1785136072.4485021
1785136072.4485021
1785136072.4485021
1785136072.4485021
1785136072.4485021
1785136072.4485021
1785136072.4485021
1785136072.4485021
1785136072.4485021
1785136072.4485021
1785136072.4485021
1785136072.4485021
1785136072.4485021
1785136072.4485021
1785136072.4485021
1785136072.4485021
1785136072.4485021
1785136072.4487240
1785136072.4487240
1785136072.4487240
1785136072.4487240
1785136072.4487240
1785136072.4487240
1785136072.4487240
1785136072.4487240
1785136072.4487240
1785136072.4487240
1785136072.4487240
1785136072.4487240
1785136072.4487240
1785136072.4487240
1785136072.4487240
1785136072.4487240
1785136072.4487240
1785136072.4487240
1785136072.4487240
1785136072.4487240
1785136072.4487240
1785136072.4487240
1785136072.4487240
1785136072.4487240
1785136072.4487240
1785136072.4487240
1785136072.4487240
1785136072.4487240
1785136072.4487240
1785136072.4487240
1785136072.4487240
1785136072.4487240
1785136072.4487240
1785136072.4487240
1785136072.4487240
1785136072.4487240
1785136072.4487240
1785136072.4487240
1785136072.4487240
1785136072.4487240
1785136072.4487240
1785136072.4487240
1785136072.4487240
1785136072.4487240
1785136072.4487240
1785136072.4487240
1785136072.4487240
1785136072.4487240
1785136072.4489470
1785136072.4489470
1785136072.4489470
1785136072.4489470
1785136072.4489470
1785136072.4489470
1785136072.4489470
1785136072.4489470
1785136072.4489470
1785136072.4489470
1785136072.4489470
1785136072.4489470
1785136072.4489470
1785136072.4489470
1785136072.4489470
1785136072.4489470
1785136072.4489470
1785136072.4489470
1785136072.4489470
1785136072.4489470
1785136072.4489470
1785136072.4489470
1785136072.4489470
1785136072.4489470
1785136072.4489470
1785136072.4489470
1785136072.4489470
1785136072.4489470
1785136072.4489470
1785136072.4489470
1785136072.4489470
1785136072.4489470
1785136072.4489470
1785136072.4489470
1785136072.4489470
1785136072.4489470
1785136072.4489470
1785136072.4489470
1785136072.4489470
1785136072.4489470
1785136072.4489470
1785136072.4489470
1785136072.4489470
1785136072.4489470
1785136072.4489470
1785136072.4489470
1785136072.4489470
1785136072.4489470
1785136072.4491689
1785136072.4491689
1785136072.4491689
1785136072.4491689
1785136072.4491689
1785136072.4491689
1785136072.4491689
1785136072.4491689
1785136072.4491689
1785136072.4491689
1785136072.4491689
1785136072.4491689
1785136072.4491689
1785136072.4491689
1785136072.4491689
1785136072.4491689
1785136072.4491689
1785136072.4491689
1785136072.4491689
1785136072.4491689
1785136072.4491689
1785136072.4491689
1785136072.4491689
1785136072.4491689
1785136072.4491689
1785136072.4491689
1785136072.4491689
1785136072.4491689
1785136072.4491689
1785136072.4491689
1785136072.4491689
1785136072.4491689
1785136072.4491689
1785136072.4491689
1785136072.4491689
1785136072.4491689
1785136072.4491689
1785136072.4491689
1785136072.4491689
1785136072.4491689
1785136072.4491689
1785136072.4491689
1785136072.4491689
1785136072.4491689
1785136072.4491689
1785136072.4491689
1785136072.4491689
1785136072.4491689
1785136072.4493909
1785136072.4493909
1785136072.4493909
1785136072.4493909
1785136072.4493909
1785136072.4493909
1785136072.4493909
1785136072.4493909
1785136072.4493909
1785136072.4493909
1785136072.4493909
1785136072.4493909
1785136072.4493909
1785136072.4493909
1785136072.4493909
1785136072.4493909
1785136072.4493909
1785136072.4493909
1785136072.4493909
1785136072.4493909
1785136072.4493909
1785136072.4493909
1785136072.4493909
1785136072.4493909
1785136072.4493909
1785136072.4493909
1785136072.4493909
1785136072.4493909
1785136072.4493909
1785136072.4493909
1785136072.4493909
1785136072.4493909
1785136072.4493909
1785136072.4493909
1785136072.4493909
1785136072.4493909
1785136072.4493909
1785136072.4493909
1785136072.4493909
1785136072.4493909
1785136072.4493909
1785136072.4493909
1785136072.4493909
1785136072.4493909
1785136072.4493909
1785136072.4493909
1785136072.4493909
1785136072.4493909
1785136072.4493909
1785136072.4496131
1785136072.4496131
1785136072.4496131
1785136072.4496131
1785136072.4496131
1785136072.4496131
1785136072.4496131
1785136072.4496131
1785136072.4496131
1785136072.4496131
1785136072.4496131
1785136072.4496131
1785136072.4496131
1785136072.4496131
1785136072.4496131
1785136072.4496131
1785136072.4496131
1785136072.4496131
1785136072.4496131
1785136072.4496131
1785136072.4496131
1785136072.4496131
1785136072.4496131
1785136072.4496131
1785136072.4496131
1785136072.4496131
1785136072.4496131
1785136072.4496131
1785136072.4496131
1785136072.4496131
1785136072.4496131
1785136072.4496131
1785136072.4496131
1785136072.4496131
1785136072.4496131
1785136072.4496131
1785136072.4496131
1785136072.4496131
1785136072.4496131
1785136072.4496131
1785136072.4496131
1785136072.4496131
1785136072.4496131
1785136072.4496131
1785136072.4496131
1785136072.4496131
1785136072.4496131
1785136072.4496131
1785136072.4496131
1785136072.4498360
1785136072.4498360
1785136072.4498360
1785136072.4498360
1785136072.4498360
1785136072.4498360
1785136072.4498360
1785136072.4498360
1785136072.4498360
1785136072.4498360
1785136072.4498360
1785136072.4498360
1785136072.4498360
1785136072.4498360
1785136072.4498360
1785136072.4498360
1785136072.4498360
1785136072.4498360
1785136072.4498360
1785136072.4498360
1785136072.4498360
1785136072.4498360
1785136072.4498360
1785136072.4498360
1785136072.4498360
1785136072.4498360
1785136072.4498360
1785136072.4498360
1785136072.4498360
1785136072.4498360
1785136072.4498360
1785136072.4498360
1785136072.4498360
1785136072.4498360
1785136072.4498360
1785136072.4498360
1785136072.4498360
1785136072.4498360
1785136072.4498360
1785136072.4498360
1785136072.4498360
1785136072.4498360
1785136072.4498360
1785136072.4498360
1785136072.4498360
1785136072.4498360
1785136072.4498360
1785136072.4498360
1785136072.4498360
1785136072.4498360
1785136072.4498360
1785136072.4500580
1785136072.4500580
1785136072.4500580
1785136072.4500580
1785136072.4500580
1785136072.4500580
1785136072.4500580
1785136072.4500580
1785136072.4500580
1785136072.4500580
1785136072.4500580
1785136072.4500580
1785136072.4500580
1785136072.4500580
1785136072.4500580
1785136072.4500580
1785136072.4500580
1785136072.4500580
1785136072.4500580
1785136072.4500580
1785136072.4500580
1785136072.4500580
1785136072.4500580
1785136072.4500580
1785136072.4500580
1785136072.4500580
1785136072.4500580
1785136072.4500580
1785136072.4500580
1785136072.4500580
1785136072.4500580
1785136072.4500580
1785136072.4500580
1785136072.4500580
1785136072.4500580
1785136072.4500580
1785136072.4500580
1785136072.4500580
1785136072.4500580
1785136072.4500580
1785136072.4500580
1785136072.4500580
1785136072.4500580
1785136072.4500580
1785136072.4500580
1785136072.4500580
1785136072.4500580
1785136072.4500580
1785136072.4500580
1785136072.4500580
1785136072.4502800
1785136072.4502800
1785136072.4502800
1785136072.4502800
1785136072.4502800
1785136072.4502800
1785136072.4502800
1785136072.4502800
1785136072.4502800
1785136072.4502800
1785136072.4502800
1785136072.4502800
1785136072.4502800
1785136072.4502800
1785136072.4502800
1785136072.4502800
1785136072.4502800
1785136072.4502800
1785136072.4502800
1785136072.4502800
1785136072.4502800
1785136072.4502800
1785136072.4502800
1785136072.4502800
1785136072.4502800
1785136072.4502800
1785136072.4502800
1785136072.4502800
1785136072.4502800
1785136072.4502800
1785136072.4502800
1785136072.4502800
1785136072.4502800
1785136072.4502800
1785136072.4502800
1785136072.4502800
1785136072.4502800
1785136072.4502800
1785136072.4502800
1785136072.4502800
1785136072.4502800
1785136072.4502800
1785136072.4502800
1785136072.4502800
1785136072.4502800
1785136072.4502800
1785136072.4502800
1785136072.4502800
1785136072.4502800
1785136072.4502800
1785136072.4502800
1785136072.4502800
1785136072.4502800
1785136072.4502800
1785136072.4505019
1785136072.4505019
1785136072.4505019
1785136072.4505019
1785136072.4505019
1785136072.4505019
1785136072.4505019
1785136072.4505019
1785136072.4505019
1785136072.4505019
1785136072.4505019
1785136072.4505019
1785136072.4505019
1785136072.4505019
1785136072.4505019
1785136072.4505019
1785136072.4505019
1785136072.4505019
1785136072.4505019
1785136072.4505019
1785136072.4505019
1785136072.4505019
1785136072.4505019
1785136072.4505019
1785136072.4505019
1785136072.4505019
1785136072.4505019
1785136072.4505019
1785136072.4505019
1785136072.4505019
1785136072.4505019
1785136072.4505019
1785136072.4505019
1785136072.4505019
1785136072.4505019
1785136072.4505019
1785136072.4505019
1785136072.4505019
1785136072.4505019
1785136072.4505019
1785136072.4505019
1785136072.4505019
1785136072.4505019
1785136072.4505019
1785136072.4505019
1785136072.4505019
1785136072.4505019
1785136072.4505019
1785136072.4505019
1785136072.4505019
1785136072.4505019
1785136072.4505019
1785136072.4505019
1785136072.4505019
1785136072.4505019
1785136072.4505019
1785136072.4505019
1785136072.4505019
1785136072.4505019
1785136072.4505019
1785136072.4507239
1785136072.4507239
1785136072.4507239
1785136072.4507239
1785136072.4507239
1785136072.4507239
1785136072.4507239
1785136072.4507239
1785136072.4507239
1785136072.4507239
1785136072.4507239
1785136072.4507239
1785136072.4507239
1785136072.4507239
1785136072.4507239
1785136072.4507239
1785136072.4507239
1785136072.4507239
1785136072.4507239
1785136072.4507239
1785136072.4507239
1785136072.4507239
1785136072.4507239
1785136072.4507239
1785136072.4507239
1785136072.4507239
1785136072.4507239
1785136072.4507239
1785136072.4507239
1785136072.4507239
1785136072.4507239
1785136072.4507239
1785136072.4507239
1785136072.4507239
1785136072.4507239
1785136072.4507239
1785136072.4507239
1785136072.4507239
1785136072.4507239
1785136072.4507239
1785136072.4507239
1785136072.4507239
1785136072.4507239
1785136072.4507239
1785136072.4507239
1785136072.4507239
1785136072.4507239
1785136072.4507239
1785136072.4507239
1785136072.4507239
1785136072.4507239
1785136072.4507239
1785136072.4507239
1785136072.4507239
1785136072.4507239
1785136072.4507239
1785136072.4507239
1785136072.4507239
1785136072.4507239
1785136072.4507239
1785136072.4507239
1785136072.4507239
1785136072.4507239
1785136072.4507239
1785136072.4507239
1785136072.4507239
1785136072.4507239
1785136072.4507239
1785136072.4507239
1785136072.4509470
1785136072.4509470
1785136072.4509470
1785136072.4509470
1785136072.4509470
1785136072.4509470
1785136072.4509470
1785136072.4509470
1785136072.4509470
1785136072.4509470
1785136072.4509470
1785136072.4509470
1785136072.4509470
1785136072.4509470
1785136072.4509470
1785136072.4509470
1785136072.4509470
1785136072.4509470
1785136072.4509470
1785136072.4509470
1785136072.4509470
1785136072.4509470
1785136072.4509470
1785136072.4509470
1785136072.4509470
1785136072.4509470
1785136072.4509470
1785136072.4509470
1785136072.4509470
1785136072.4509470
1785136072.4509470
1785136072.4509470
1785136072.4509470
1785136072.4509470
1785136072.4509470
1785136072.4509470
1785136072.4509470
1785136072.4509470
1785136072.4509470
1785136072.4509470
1785136072.4509470
1785136072.4509470
1785136072.4509470
1785136072.4509470
1785136072.4509470
1785136072.4509470
1785136072.4509470
1785136072.4509470
1785136072.4509470
1785136072.4509470
1785136072.4509470
1785136072.4509470
1785136072.4509470
1785136072.4509470
1785136072.4509470
1785136072.4509470
1785136072.4509470
1785136072.4509470
1785136072.4509470
1785136072.4509470
1785136072.4509470
1785136072.4509470
1785136072.4509470
1785136072.4509470
1785136072.4509470
1785136072.4509470
1785136072.4509470
1785136072.4509470
1785136072.4509470
1785136072.4511690
1785136072.4511690
1785136072.4511690
1785136072.4511690
1785136072.4511690
1785136072.4511690
1785136072.4511690
1785136072.4511690
1785136072.4511690
1785136072.4511690
1785136072.4511690
1785136072.4511690
1785136072.4511690
1785136072.4511690
1785136072.4511690
1785136072.4511690
1785136072.4511690
1785136072.4511690
1785136072.4511690
1785136072.4511690
1785136072.4511690
1785136072.4511690
1785136072.4511690
1785136072.4511690
1785136072.4511690
1785136072.4511690
1785136072.4511690
1785136072.4511690
1785136072.4511690
1785136072.4511690
1785136072.4511690
1785136072.4511690
1785136072.4511690
1785136072.4511690
1785136072.4511690
1785136072.4511690
1785136072.4511690
1785136072.4511690
1785136072.4511690
1785136072.4511690
1785136072.4511690
1785136072.4511690
1785136072.4511690
1785136072.4511690
1785136072.4511690
1785136072.4511690
1785136072.4511690
1785136072.4511690
1785136072.4511690
1785136072.4511690
1785136072.4511690
1785136072.4511690
1785136072.4511690
1785136072.4511690
1785136072.4511690
1785136072.4511690
1785136072.4511690
1785136072.4511690
1785136072.4511690
1785136072.4511690
1785136072.4511690
1785136072.4511690
1785136072.4511690
1785136072.4511690
1785136072.4511690
1785136072.4511690
1785136072.4511690
1785136072.4511690
1785136072.4511690
1785136072.4513910
1785136072.4513910
1785136072.4513910
1785136072.4513910
1785136072.4513910
1785136072.4513910
1785136072.4513910
1785136072.4513910
1785136072.4513910
1785136072.4513910
1785136072.4513910
1785136072.4513910
1785136072.4513910
1785136072.4513910
1785136072.4513910
1785136072.4513910
1785136072.4513910
1785136072.4513910
1785136072.4513910
1785136072.4513910
1785136072.4513910
1785136072.4513910
1785136072.4513910
1785136072.4513910
1785136072.4513910
1785136072.4513910
1785136072.4513910
1785136072.4513910
1785136072.4513910
1785136072.4513910
1785136072.4513910
1785136072.4513910
1785136072.4513910
1785136072.4513910
1785136072.4513910
1785136072.4513910
1785136072.4513910
1785136072.4513910
1785136072.4513910
1785136072.4513910
1785136072.4513910
1785136072.4513910
1785136072.4513910
1785136072.4513910
1785136072.4513910
1785136072.4513910
1785136072.4513910
1785136072.4513910
1785136072.4513910
1785136072.4513910
1785136072.4513910
1785136072.4513910
1785136072.4513910
1785136072.4513910
1785136072.4513910
1785136072.4513910
1785136072.4513910
1785136072.4513910
1785136072.4513910
1785136072.4513910
1785136072.4513910
1785136072.4513910
1785136072.4513910
1785136072.4513910
1785136072.4513910
1785136072.4513910
1785136072.4513910
1785136072.4513910
1785136072.4513910
1785136072.4513910
1785136072.4513910
1785136072.4513910
1785136072.4513910
1785136072.4513910
1785136072.4513910
1785136072.4513910
1785136072.4513910
1785136072.4513910
1785136072.4516129
1785136072.4516129
1785136072.4516129
1785136072.4516129
1785136072.4516129
1785136072.4516129
1785136072.4516129
1785136072.4516129
1785136072.4516129
1785136072.4516129
1785136072.4516129
1785136072.4516129
1785136072.4516129
1785136072.4516129
1785136072.4516129
1785136072.4516129
1785136072.4516129
1785136072.4516129
1785136072.4516129
1785136072.4516129
1785136072.4516129
1785136072.4516129
1785136072.4516129
1785136072.4516129
1785136072.4516129
1785136072.4516129
1785136072.4516129
1785136072.4516129
1785136072.4516129
1785136072.4516129
1785136072.4516129
1785136072.4516129
1785136072.4516129
1785136072.4516129
1785136072.4516129
1785136072.4516129
1785136072.4516129
1785136072.4516129
1785136072.4516129
1785136072.4516129
1785136072.4516129
1785136072.4516129
1785136072.4516129
1785136072.4516129
1785136072.4516129
1785136072.4516129
1785136072.4516129
1785136072.4516129
1785136072.4516129
1785136072.4516129
1785136072.4516129
1785136072.4516129
1785136072.4516129
1785136072.4516129
1785136072.4516129
1785136072.4516129
1785136072.4516129
1785136072.4516129
1785136072.4516129
1785136072.4516129
1785136072.4516129
1785136072.4516129
1785136072.4516129
1785136072.4516129
1785136072.4516129
1785136072.4516129
1785136072.4516129
1785136072.4516129
1785136072.4516129
1785136072.4516129
1785136072.4516129
1785136072.4516129
1785136072.4516129
1785136072.4516129
1785136072.4516129
1785136072.4516129
1785136072.4516129
1785136072.4516129
1785136072.4516129
1785136072.4516129
1785136072.4518349
1785136072.4518349
1785136072.4518349
1785136072.4518349
1785136072.4518349
1785136072.4518349
1785136072.4518349
1785136072.4518349
1785136072.4518349
1785136072.4518349
1785136072.4518349
1785136072.4518349
1785136072.4518349
1785136072.4518349
1785136072.4518349
1785136072.4518349
1785136072.4518349
1785136072.4518349
1785136072.4518349
1785136072.4518349
1785136072.4518349
1785136072.4518349
1785136072.4518349
1785136072.4518349
1785136072.4518349
1785136072.4518349
1785136072.4518349
1785136072.4518349
1785136072.4518349
1785136072.4518349
1785136072.4518349
1785136072.4518349
1785136072.4518349
1785136072.4518349
1785136072.4518349
1785136072.4518349
1785136072.4518349
1785136072.4518349
1785136072.4518349
1785136072.4518349
1785136072.4518349
1785136072.4518349
1785136072.4518349
1785136072.4518349
1785136072.4518349
1785136072.4518349
1785136072.4518349
1785136072.4518349
1785136072.4518349
1785136072.4518349
1785136072.4518349
1785136072.4518349
1785136072.4518349
1785136072.4518349
1785136072.4518349
1785136072.4518349
1785136072.4518349
1785136072.4518349
1785136072.4518349
1785136072.4518349
1785136072.4518349
1785136072.4518349
1785136072.4518349
1785136072.4518349
1785136072.4518349
1785136072.4518349
1785136072.4518349
1785136072.4518349
1785136072.4518349
1785136072.4518349
1785136072.4518349
1785136072.4520569
1785136072.4520569
1785136072.4520569
1785136072.4520569
1785136072.4520569
1785136072.4520569
1785136072.4520569
1785136072.4520569
1785136072.4520569
1785136072.4520569
1785136072.4520569
1785136072.4520569
1785136072.4520569
1785136072.4520569
1785136072.4520569
1785136072.4520569
1785136072.4520569
1785136072.4520569
1785136072.4520569
1785136072.4520569
1785136072.4520569
1785136072.4520569
1785136072.4520569
1785136072.4520569
1785136072.4520569
1785136072.4520569
1785136072.4520569
1785136072.4520569
1785136072.4520569
1785136072.4520569
1785136072.4520569
1785136072.4520569
1785136072.4520569
1785136072.4520569
1785136072.4520569
1785136072.4520569
1785136072.4520569
1785136072.4520569
1785136072.4520569
1785136072.4520569
1785136072.4520569
1785136072.4520569
1785136072.4520569
1785136072.4520569
1785136072.4520569
1785136072.4520569
1785136072.4520569
1785136072.4520569
1785136072.4520569
1785136072.4520569
1785136072.4520569
1785136072.4520569
1785136072.4520569
1785136072.4520569
1785136072.4520569
1785136072.4520569
1785136072.4520569
1785136072.4520569
1785136072.4520569
1785136072.4520569
1785136072.4520569
1785136072.4520569
1785136072.4520569
1785136072.4520569
1785136072.4522800
1785136072.4522800
1785136072.4522800
1785136072.4522800
1785136072.4522800
1785136072.4522800
1785136072.4522800
1785136072.4522800
1785136072.4522800
1785136072.4522800
1785136072.4522800
1785136072.4522800
1785136072.4522800
1785136072.4522800
1785136072.4522800
1785136072.4522800
1785136072.4522800
1785136072.4522800
1785136072.4522800
1785136072.4522800
1785136072.4522800
1785136072.4522800
1785136072.4522800
1785136072.4522800
1785136072.4522800
1785136072.4522800
1785136072.4522800
1785136072.4522800
1785136072.4522800
1785136072.4522800
1785136072.4522800
1785136072.4522800
1785136072.4522800
1785136072.4522800
1785136072.4522800
1785136072.4522800
1785136072.4522800
1785136072.4522800
1785136072.4522800
1785136072.4522800
1785136072.4522800
1785136072.4522800
1785136072.4522800
1785136072.4522800
1785136072.4522800
1785136072.4522800
1785136072.4522800
1785136072.4522800
1785136072.4522800
1785136072.4522800
1785136072.4522800
1785136072.4522800
1785136072.4522800
1785136072.4522800
1785136072.4522800
1785136072.4522800
1785136072.4522800
1785136072.4522800
1785136072.4522800
1785136072.4522800
1785136072.4522800
1785136072.4522800
1785136072.4522800
1785136072.4522800
1785136072.4525020
1785136072.4525020
1785136072.4525020
1785136072.4525020
1785136072.4525020
1785136072.4525020
1785136072.4525020
1785136072.4525020
1785136072.4525020
1785136072.4525020
1785136072.4525020
1785136072.4525020
1785136072.4525020
1785136072.4525020
1785136072.4525020
1785136072.4525020
1785136072.4525020
1785136072.4525020
1785136072.4525020
1785136072.4525020
1785136072.4525020
1785136072.4525020
1785136072.4525020
1785136072.4525020
1785136072.4525020
1785136072.4525020
1785136072.4525020
1785136072.4525020
1785136072.4525020
1785136072.4525020
1785136072.4525020
1785136072.4525020
1785136072.4525020
1785136072.4525020
1785136072.4525020
1785136072.4525020
1785136072.4525020
1785136072.4525020
1785136072.4525020
1785136072.4525020
1785136072.4525020
1785136072.4525020
1785136072.4525020
1785136072.4525020
1785136072.4525020
1785136072.4525020
1785136072.4525020
1785136072.4525020
1785136072.4525020
1785136072.4525020
1785136072.4525020
1785136072.4525020
1785136072.4525020
1785136072.4525020
1785136072.4525020
1785136072.4525020
1785136072.4525020
1785136072.4525020
1785136072.4525020
1785136072.4525020
1785136072.4525020
1785136072.4525020
1785136072.4525020
1785136072.4525020
1785136072.4525020
1785136072.4525020
1785136072.4525020
1785136072.4525020
1785136072.4525020
1785136072.4527240
1785136072.4527240
1785136072.4527240
1785136072.4527240
1785136072.4527240
1785136072.4527240
1785136072.4527240
1785136072.4527240
1785136072.4527240
1785136072.4527240
1785136072.4527240
1785136072.4527240
1785136072.4527240
1785136072.4527240
1785136072.4527240
1785136072.4527240
1785136072.4527240
1785136072.4527240
1785136072.4527240
1785136072.4527240
1785136072.4527240
1785136072.4527240
1785136072.4527240
1785136072.4527240
1785136072.4527240
1785136072.4527240
1785136072.4527240
1785136072.4527240
1785136072.4527240
1785136072.4527240
1785136072.4527240
1785136072.4527240
1785136072.4527240
1785136072.4527240
1785136072.4527240
1785136072.4527240
1785136072.4527240
1785136072.4527240
1785136072.4527240
1785136072.4527240
1785136072.4527240
1785136072.4527240
1785136072.4527240
1785136072.4527240
1785136072.4527240
1785136072.4527240
1785136072.4527240
1785136072.4527240
1785136072.4527240
1785136072.4527240
1785136072.4527240
1785136072.4527240
1785136072.4527240
1785136072.4527240
1785136072.4527240
1785136072.4527240
1785136072.4527240
1785136072.4527240
1785136072.4527240
1785136072.4527240
1785136072.4527240
1785136072.4527240
1785136072.4527240
1785136072.4527240
1785136072.4527240
1785136072.4527240
1785136072.4527240
1785136072.4527240
1785136072.4527240
1785136072.4527240
1785136072.4527240
1785136072.4527240
1785136072.4527240
1785136072.4527240
1785136072.4527240
1785136072.4527240
1785136072.4527240
1785136072.4527240
1785136072.4527240
1785136072.4527240
1785136072.4527240
1785136072.4527240
1785136072.4527240
1785136072.4529459
1785136072.4529459
1785136072.4529459
1785136072.4529459
1785136072.4529459
1785136072.4529459
1785136072.4529459
1785136072.4529459
1785136072.4529459
1785136072.4529459
1785136072.4529459
1785136072.4529459
1785136072.4529459
1785136072.4529459
1785136072.4529459
1785136072.4529459
1785136072.4529459
1785136072.4529459
1785136072.4529459
1785136072.4529459
1785136072.4529459
1785136072.4529459
1785136072.4529459
1785136072.4529459
1785136072.4529459
1785136072.4529459
1785136072.4529459
1785136072.4529459
1785136072.4529459
1785136072.4529459
1785136072.4529459
1785136072.4529459
1785136072.4529459
1785136072.4529459
1785136072.4529459
1785136072.4529459
1785136072.4529459
1785136072.4529459
1785136072.4529459
1785136072.4529459
1785136072.4529459
1785136072.4529459
1785136072.4529459
1785136072.4529459
1785136072.4529459
1785136072.4529459
1785136072.4529459
1785136072.4529459
1785136072.4529459
1785136072.4529459
1785136072.4529459
1785136072.4529459
1785136072.4529459
1785136072.4529459
1785136072.4529459
1785136072.4529459
1785136072.4529459
1785136072.4529459
1785136072.4529459
1785136072.4529459
1785136072.4529459
1785136072.4529459
1785136072.4529459
1785136072.4529459
1785136072.4529459
1785136072.4529459
1785136072.4529459
1785136072.4529459
1785136072.4529459
1785136072.4529459
1785136072.4529459
1785136072.4529459
1785136072.4529459
1785136072.4529459
1785136072.4529459
1785136072.4529459
1785136072.4529459
1785136072.4529459
1785136072.4529459
1785136072.4529459
1785136072.4529459
1785136072.4531691
1785136072.4531691
1785136072.4531691
1785136072.4531691
1785136072.4531691
1785136072.4531691
1785136072.4531691
1785136072.4531691
1785136072.4531691
1785136072.4531691
1785136072.4531691
1785136072.4531691
1785136072.4531691
1785136072.4531691
1785136072.4531691
1785136072.4531691
1785136072.4531691
1785136072.4531691
1785136072.4531691
1785136072.4531691
1785136072.4531691
1785136072.4531691
1785136072.4531691
1785136072.4531691
1785136072.4531691
1785136072.4531691
1785136072.4531691
1785136072.4531691
1785136072.4531691
1785136072.4531691
1785136072.4531691
1785136072.4531691
1785136072.4531691
1785136072.4531691
1785136072.4531691
1785136072.4531691
1785136072.4531691
1785136072.4531691
1785136072.4531691
1785136072.4531691
1785136072.4531691
1785136072.4531691
1785136072.4531691
1785136072.4531691
1785136072.4531691
1785136072.4531691
1785136072.4531691
1785136072.4531691
1785136072.4531691
1785136072.4531691
1785136072.4531691
1785136072.4531691
1785136072.4531691
1785136072.4531691
1785136072.4533911
1785136072.4533911
1785136072.4533911
1785136072.4533911
1785136072.4533911
1785136072.4533911
1785136072.4533911
1785136072.4533911
1785136072.4533911
1785136072.4533911
1785136072.4533911
1785136072.4533911
1785136072.4533911
1785136072.4533911
1785136072.4533911
1785136072.4533911
1785136072.4533911
1785136072.4533911
1785136072.4533911
1785136072.4533911
1785136072.4533911
1785136072.4533911
1785136072.4533911
1785136072.4533911
1785136072.4533911
1785136072.4533911
1785136072.4533911
1785136072.4533911
1785136072.4533911
1785136072.4533911
1785136072.4533911
1785136072.4533911
1785136072.4533911
1785136072.4533911
1785136072.4533911
1785136072.4533911
1785136072.4533911
1785136072.4533911
1785136072.4533911
1785136072.4533911
1785136072.4533911
1785136072.4533911
1785136072.4533911
1785136072.4533911
1785136072.4533911
1785136072.4533911
1785136072.4533911
1785136072.4533911
1785136072.4533911
1785136072.4533911
1785136072.4533911
1785136072.4533911
1785136072.4533911
1785136072.4533911
1785136072.4533911
1785136072.4536130
1785136072.4536130
1785136072.4536130
1785136072.4536130
1785136072.4536130
1785136072.4536130
1785136072.4536130
1785136072.4536130
1785136072.4536130
1785136072.4536130
1785136072.4536130
1785136072.4536130
1785136072.4536130
1785136072.4536130
1785136072.4536130
1785136072.4536130
1785136072.4536130
1785136072.4536130
1785136072.4536130
1785136072.4536130
1785136072.4536130
1785136072.4536130
1785136072.4536130
1785136072.4536130
1785136072.4536130
1785136072.4536130
1785136072.4536130
1785136072.4536130
1785136072.4536130
1785136072.4536130
1785136072.4536130
1785136072.4536130
1785136072.4536130
1785136072.4536130
1785136072.4536130
1785136072.4536130
1785136072.4536130
1785136072.4536130
1785136072.4536130
1785136072.4536130
1785136072.4536130
1785136072.4536130
1785136072.4536130
1785136072.4536130
1785136072.4536130
1785136072.4536130
1785136072.4536130
1785136072.4536130
1785136072.4538350
1785136072.4538350
1785136072.4538350
1785136072.4538350
1785136072.4538350
1785136072.4538350
1785136072.4538350
1785136072.4538350
1785136072.4538350
1785136072.4538350
1785136072.4538350
1785136072.4538350
1785136072.4538350
1785136072.4538350
1785136072.4538350
1785136072.4538350
1785136072.4538350
1785136072.4538350
1785136072.4538350
1785136072.4538350
1785136072.4538350
1785136072.4538350
1785136072.4538350
1785136072.4538350
1785136072.4538350
1785136072.4538350
1785136072.4538350
1785136072.4538350
1785136072.4538350
1785136072.4538350
1785136072.4538350
1785136072.4538350
1785136072.4538350
1785136072.4538350
1785136072.4538350
1785136072.4538350
1785136072.4538350
1785136072.4538350
1785136072.4538350
1785136072.4538350
1785136072.4538350
1785136072.4538350
1785136072.4538350
1785136072.4538350
1785136072.4538350
1785136072.4538350
1785136072.4538350
1785136072.4538350
1785136072.4538350
1785136072.4538350
1785136072.4538350
1785136072.4538350
1785136072.4538350
1785136072.4538350
1785136072.4540579
1785136072.4540579
1785136072.4540579
1785136072.4540579
1785136072.4540579
1785136072.4540579
1785136072.4540579
1785136072.4540579
1785136072.4540579
1785136072.4540579
1785136072.4540579
1785136072.4540579
1785136072.4540579
1785136072.4540579
1785136072.4540579
1785136072.4540579
1785136072.4540579
1785136072.4540579
1785136072.4540579
1785136072.4540579
1785136072.4540579
1785136072.4540579
1785136072.4540579
1785136072.4540579
1785136072.4540579
1785136072.4540579
1785136072.4540579
1785136072.4540579
1785136072.4540579
1785136072.4540579
1785136072.4540579
1785136072.4540579
1785136072.4540579
1785136072.4540579
1785136072.4540579
1785136072.4540579
1785136072.4540579
1785136072.4540579
1785136072.4540579
1785136072.4540579
1785136072.4540579
1785136072.4540579
1785136072.4540579
1785136072.4540579
1785136072.4540579
1785136072.4540579
1785136072.4540579
1785136072.4540579
1785136072.4540579
1785136072.4540579
1785136072.4540579
1785136072.4540579
1785136072.4540579
1785136072.4542799
1785136072.4542799
1785136072.4542799
1785136072.4542799
1785136072.4542799
1785136072.4542799
1785136072.4542799
1785136072.4542799
1785136072.4542799
1785136072.4542799
1785136072.4542799
1785136072.4542799
1785136072.4542799
1785136072.4542799
1785136072.4542799
1785136072.4542799
1785136072.4542799
1785136072.4542799
1785136072.4542799
1785136072.4542799
1785136072.4542799
1785136072.4542799
1785136072.4542799
1785136072.4542799
1785136072.4542799
1785136072.4542799
1785136072.4542799
1785136072.4542799
1785136072.4542799
1785136072.4542799
1785136072.4542799
1785136072.4542799
1785136072.4542799
1785136072.4542799
1785136072.4542799
1785136072.4542799
1785136072.4542799
1785136072.4542799
1785136072.4542799
1785136072.4542799
1785136072.4542799
1785136072.4542799
1785136072.4545021
1785136072.4545021
1785136072.4545021
1785136072.4545021
1785136072.4545021
1785136072.4545021
1785136072.4545021
1785136072.4545021
1785136072.4545021
1785136072.4545021
1785136072.4545021
1785136072.4545021
1785136072.4545021
1785136072.4545021
1785136072.4545021
1785136072.4545021
1785136072.4545021
1785136072.4545021
1785136072.4545021
1785136072.4545021
1785136072.4545021
1785136072.4545021
1785136072.4545021
1785136072.4545021
1785136072.4545021
1785136072.4545021
1785136072.4545021
1785136072.4545021
1785136072.4545021
1785136072.4545021
1785136072.4545021
1785136072.4545021
1785136072.4545021
1785136072.4545021
1785136072.4545021
1785136072.4545021
1785136072.4545021
1785136072.4545021
1785136072.4545021
1785136072.4545021
1785136072.4545021
1785136072.4545021
1785136072.4545021
1785136072.4545021
1785136072.4545021
1785136072.4545021
1785136072.4545021
1785136072.4545021
1785136072.4545021
1785136072.4545021
1785136072.4545021
1785136072.4545021
1785136072.4547241
1785136072.4547241
1785136072.4547241
1785136072.4547241
1785136072.4547241
1785136072.4547241
1785136072.4547241
1785136072.4547241
1785136072.4547241
1785136072.4547241
1785136072.4547241
1785136072.4547241
1785136072.4547241
1785136072.4547241
1785136072.4547241
1785136072.4547241
1785136072.4547241
1785136072.4547241
1785136072.4547241
1785136072.4547241
1785136072.4547241
1785136072.4547241
1785136072.4547241
1785136072.4547241
1785136072.4547241
1785136072.4547241
1785136072.4547241
1785136072.4547241
1785136072.4547241
1785136072.4547241
1785136072.4547241
1785136072.4547241
1785136072.4547241
1785136072.4547241
1785136072.4547241
1785136072.4547241
1785136072.4547241
1785136072.4547241
1785136072.4547241
1785136072.4547241
1785136072.4547241
1785136072.4547241
1785136072.4547241
1785136072.4547241
1785136072.4547241
1785136072.4547241
1785136072.4547241
1785136072.4547241
1785136072.4547241
1785136072.4547241
1785136072.4547241
1785136072.4547241
1785136072.4547241
1785136072.4547241
1785136072.4547241
1785136072.4549470
1785136072.4549470
1785136072.4549470
1785136072.4549470
1785136072.4549470
1785136072.4549470
1785136072.4549470
1785136072.4549470
1785136072.4549470
1785136072.4549470
1785136072.4549470
1785136072.4549470
1785136072.4549470
1785136072.4549470
1785136072.4549470
1785136072.4549470
1785136072.4549470
1785136072.4549470
1785136072.4549470
1785136072.4549470
1785136072.4549470
1785136072.4549470
1785136072.4549470
1785136072.4549470
1785136072.4549470
1785136072.4549470
1785136072.4549470
1785136072.4549470
1785136072.4549470
1785136072.4549470
1785136072.4549470
1785136072.4549470
1785136072.4549470
1785136072.4549470
1785136072.4551690
1785136072.4551690
1785136072.4551690
1785136072.4551690
1785136072.4551690
1785136072.4551690
1785136072.4551690
1785136072.4551690
1785136072.4551690
1785136072.4551690
1785136072.4551690
1785136072.4551690
1785136072.4551690
1785136072.4551690
1785136072.4551690
1785136072.4551690
1785136072.4551690
1785136072.4551690
1785136072.4551690
1785136072.4551690
1785136072.4553909
1785136072.4553909
1785136072.4553909
1785136072.4553909
1785136072.4553909
1785136072.4553909
1785136072.4553909
1785136072.4553909
1785136072.4553909
1785136072.4553909
1785136072.4553909
1785136072.4553909
1785136072.4553909
1785136072.4553909
1785136072.4553909
1785136072.4553909
1785136072.4553909
1785136072.4553909
1785136072.4553909
1785136072.4553909
1785136072.4553909
1785136072.4553909
1785136072.4553909
1785136072.4553909
1785136072.4556129
1785136072.4556129
1785136072.4556129
1785136072.4556129
1785136072.4556129
1785136072.4556129
1785136072.4556129
1785136072.4556129
1785136072.4556129
1785136072.4556129
1785136072.4556129
1785136072.4556129
1785136072.4556129
1785136072.4556129
1785136072.4556129
1785136072.4558351
1785136072.4558351
1785136072.4558351
1785136072.4558351
1785136072.4558351
1785136072.4558351
1785136072.4558351
1785136072.4558351
1785136072.4558351
1785136072.4558351
1785136072.4558351
1785136072.4558351
1785136072.4558351
1785136072.4560580
1785136072.4560580
1785136072.4560580
1785136072.4560580
1785136072.4560580
1785136072.4560580
1785136072.4560580
1785136072.4560580
1785136072.4560580
1785136072.4560580
1785136072.4560580
1785136072.4560580
1785136072.4562800
1785136072.4562800
1785136072.4562800
1785136072.4562800
1785136072.4562800
1785136072.4562800
1785136072.4562800
1785136072.4562800
1785136072.4562800
1785136072.4562800
1785136072.4562800
1785136072.4562800
1785136072.4562800
1785136072.4565020
1785136072.4565020
1785136072.4565020
1785136072.4565020
1785136072.4565020
1785136072.4565020
1785136072.4565020
1785136072.4565020
1785136072.4565020
1785136072.4565020
1785136072.4565020
1785136072.4565020
1785136072.4565020
1785136072.4565020
1785136072.4565020
1785136072.4565020
1785136072.4565020
1785136072.4565020
1785136072.4565020
1785136072.4565020
1785136072.4567249
1785136072.4567249
1785136072.4567249
1785136072.4567249
1785136072.4605031
1785136072.4605031
1785136072.4605031
1785136072.4605031
1785136072.4605031
1785136072.4605031
1785136072.4605031
1785136072.4605031
1785136072.4605031
1785136072.4605031
1785136072.4605031
1785136072.4605031
1785136072.4607251
1785136072.4607251
1785136072.4607251
1785136072.4607251
1785136072.4607251
1785136072.4607251
1785136072.4607251
1785136072.4607251
1785136072.4607251
1785136072.4607251
1785136072.4607251
1785136072.4607251
1785136072.4607251
1785136072.4607251
1785136072.4607251
1785136072.4609480
1785136072.4609480
1785136072.4609480
1785136072.4609480
1785136072.4609480
1785136072.4609480
1785136072.4609480
1785136072.4609480
1785136072.4609480
1785136072.4609480
1785136072.4609480
1785136072.4609480
1785136072.4609480
1785136072.4609480
1785136072.4609480
1785136072.4609480
1785136072.4609480
1785136072.4609480
1785136072.4611700
1785136072.4611700
1785136072.4611700
1785136072.4611700
1785136072.4611700
1785136072.4611700
1785136072.4611700
1785136072.4611700
1785136072.4611700
1785136072.4611700
1785136072.4611700
1785136072.4611700
1785136072.4611700
1785136072.4611700
1785136072.4611700
1785136072.4611700
1785136072.4611700
1785136072.4613919
1785136072.4613919
1785136072.4613919
1785136072.4613919
1785136072.4613919
1785136072.4613919
1785136072.4613919
1785136072.4613919
1785136072.4613919
1785136072.4613919
1785136072.4613919
1785136072.4613919
1785136072.4613919
1785136072.4613919
1785136072.4613919
1785136072.4613919
1785136072.4613919
1785136072.4613919
1785136072.4613919
1785136072.4616139
1785136072.4616139
1785136072.4616139
1785136072.4616139
1785136072.4616139
1785136072.4616139
1785136072.4616139
1785136072.4616139
1785136072.4616139
1785136072.4616139
1785136072.4616139
1785136072.4616139
1785136072.4616139
1785136072.4620590
1785136072.4620590
1785136072.4620590
1785136072.4620590
1785136072.4620590
1785136072.4622810
1785136072.4622810
1785136072.4622810
1785136072.4622810
1785136072.4622810
1785136072.4622810
