1785136071.7124951
1785136071.7138290
1785136071.7138290
1785136071.7140510
1785136071.7140510
1785136071.7140510
1785136071.7142739
1785136071.7142739
1785136071.7142739
1785136071.7142739
1785136071.7142739
1785136071.7142739
1785136071.7142739
1785136071.7142739
1785136071.7142739
1785136071.7142739
1785136071.7142739
1785136071.7142739
1785136071.7142739
1785136071.7142739
1785136071.7142739
1785136071.7142739
1785136071.7144959
1785136071.7144959
1785136071.7144959
1785136071.7144959
1785136071.7144959
1785136071.7144959
1785136071.7144959
1785136071.7144959
1785136071.7151630
1785136071.7151630
1785136071.7151630
1785136071.7167189
1785136071.7169411
1785136071.7169411
1785136071.7169411
1785136071.7169411
1785136071.7169411
1785136071.7171631
1785136071.7171631
1785136071.7171631
1785136071.7171631
1785136071.7171631
1785136071.7171631
1785136071.7171631
1785136071.7171631
1785136071.7173860
1785136071.7173860
1785136071.7173860
1785136071.7173860
1785136071.7173860
1785136071.7173860
1785136071.7173860
1785136071.7173860
1785136071.7173860
1785136071.7176080
1785136071.7176080
1785136071.7176080
1785136071.7176080
1785136071.7176080
1785136071.7176080
1785136071.7176080
1785136071.7176080
1785136071.7176080
1785136071.7176080
1785136071.7176080
1785136071.7176080
1785136071.7176080
1785136071.7176080
1785136071.7176080
1785136071.7176080
1785136071.7176080
1785136071.7176080
1785136071.7176080
1785136071.7176080
1785136071.7178299
1785136071.7178299
1785136071.7178299
1785136071.7178299
1785136071.7178299
1785136071.7178299
1785136071.7178299
1785136071.7178299
1785136071.7178299
1785136071.7178299
1785136071.7178299
1785136071.7178299
1785136071.7178299
1785136071.7178299
1785136071.7178299
1785136071.7178299
1785136071.7178299
1785136071.7178299
1785136071.7178299
1785136071.7178299
1785136071.7178299
1785136071.7178299
1785136071.7178299
1785136071.7178299
1785136071.7178299
1785136071.7178299
1785136071.7178299
1785136071.7178299
1785136071.7178299
1785136071.7178299
1785136071.7178299
1785136071.7178299
1785136071.7178299
1785136071.7178299
1785136071.7178299
1785136071.7178299
1785136071.7178299
1785136071.7178299
1785136071.7178299
1785136071.7178299
1785136071.7178299
1785136071.7178299
1785136071.7180519
1785136071.7180519
1785136071.7180519
1785136071.7180519
1785136071.7180519
1785136071.7180519
1785136071.7180519
1785136071.7180519
1785136071.7180519
1785136071.7180519
1785136071.7180519
1785136071.7180519
1785136071.7180519
1785136071.7180519
1785136071.7180519
1785136071.7180519
1785136071.7180519
1785136071.7180519
1785136071.7180519
1785136071.7180519
1785136071.7180519
1785136071.7180519
1785136071.7180519
1785136071.7180519
1785136071.7180519
1785136071.7180519
1785136071.7180519
1785136071.7180519
1785136071.7180519
1785136071.7180519
1785136071.7180519
1785136071.7180519
1785136071.7180519
1785136071.7180519
1785136071.7180519
1785136071.7180519
1785136071.7180519
1785136071.7180519
1785136071.7180519
1785136071.7180519
1785136071.7182751
1785136071.7182751
1785136071.7182751
1785136071.7182751
1785136071.7182751
1785136071.7182751
1785136071.7182751
1785136071.7182751
1785136071.7182751
1785136071.7182751
1785136071.7182751
1785136071.7182751
1785136071.7182751
1785136071.7182751
1785136071.7182751
1785136071.7182751
1785136071.7182751
1785136071.7182751
1785136071.7182751
1785136071.7182751
1785136071.7182751
1785136071.7182751
1785136071.7182751
1785136071.7182751
1785136071.7182751
1785136071.7182751
1785136071.7182751
1785136071.7182751
1785136071.7182751
1785136071.7182751
1785136071.7182751
1785136071.7182751
1785136071.7182751
1785136071.7182751
1785136071.7182751
1785136071.7182751
1785136071.7184970
1785136071.7184970
1785136071.7184970
1785136071.7184970
1785136071.7184970
1785136071.7184970
1785136071.7184970
1785136071.7184970
1785136071.7184970
1785136071.7184970
1785136071.7184970
1785136071.7184970
1785136071.7184970
1785136071.7184970
1785136071.7184970
1785136071.7184970
1785136071.7184970
1785136071.7184970
1785136071.7184970
1785136071.7184970
1785136071.7184970
1785136071.7184970
1785136071.7184970
1785136071.7184970
1785136071.7184970
1785136071.7184970
1785136071.7184970
1785136071.7184970
1785136071.7184970
1785136071.7184970
1785136071.7184970
1785136071.7184970
1785136071.7187190
1785136071.7187190
1785136071.7187190
1785136071.7187190
1785136071.7187190
1785136071.7187190
1785136071.7187190
1785136071.7187190
1785136071.7187190
1785136071.7187190
1785136071.7187190
1785136071.7187190
1785136071.7187190
1785136071.7187190
1785136071.7187190
1785136071.7187190
1785136071.7187190
1785136071.7187190
1785136071.7187190
1785136071.7187190
1785136071.7187190
1785136071.7187190
1785136071.7187190
1785136071.7187190
1785136071.7187190
1785136071.7187190
1785136071.7187190
1785136071.7187190
1785136071.7187190
1785136071.7187190
1785136071.7187190
1785136071.7187190
1785136071.7189419
1785136071.7189419
1785136071.7189419
1785136071.7189419
1785136071.7189419
1785136071.7189419
1785136071.7189419
1785136071.7189419
1785136071.7189419
1785136071.7189419
1785136071.7189419
1785136071.7189419
1785136071.7189419
1785136071.7189419
1785136071.7189419
1785136071.7189419
1785136071.7189419
1785136071.7189419
1785136071.7189419
1785136071.7189419
1785136071.7189419
1785136071.7189419
1785136071.7189419
1785136071.7189419
1785136071.7189419
1785136071.7189419
1785136071.7189419
1785136071.7189419
1785136071.7189419
1785136071.7189419
1785136071.7189419
1785136071.7189419
1785136071.7191639
1785136071.7191639
1785136071.7191639
1785136071.7191639
1785136071.7191639
1785136071.7191639
1785136071.7191639
1785136071.7191639
1785136071.7191639
1785136071.7191639
1785136071.7191639
1785136071.7191639
1785136071.7191639
1785136071.7191639
1785136071.7191639
1785136071.7191639
1785136071.7191639
1785136071.7191639
1785136071.7191639
1785136071.7191639
1785136071.7191639
1785136071.7191639
1785136071.7191639
1785136071.7191639
1785136071.7191639
1785136071.7191639
1785136071.7191639
1785136071.7191639
1785136071.7191639
1785136071.7191639
1785136071.7191639
1785136071.7191639
1785136071.7191639
1785136071.7191639
1785136071.7191639
1785136071.7191639
1785136071.7191639
1785136071.7191639
1785136071.7191639
1785136071.7191639
1785136071.7191639
1785136071.7191639
1785136071.7193861
1785136071.7193861
1785136071.7193861
1785136071.7193861
1785136071.7193861
1785136071.7193861
1785136071.7193861
1785136071.7193861
1785136071.7193861
1785136071.7193861
1785136071.7193861
1785136071.7193861
1785136071.7193861
1785136071.7193861
1785136071.7193861
1785136071.7193861
1785136071.7193861
1785136071.7193861
1785136071.7193861
1785136071.7193861
1785136071.7193861
1785136071.7193861
1785136071.7193861
1785136071.7193861
1785136071.7193861
1785136071.7193861
1785136071.7193861
1785136071.7193861
1785136071.7193861
1785136071.7193861
1785136071.7193861
1785136071.7193861
1785136071.7193861
1785136071.7193861
1785136071.7193861
1785136071.7193861
1785136071.7193861
1785136071.7193861
1785136071.7193861
1785136071.7193861
1785136071.7193861
1785136071.7193861
1785136071.7196081
1785136071.7196081
1785136071.7196081
1785136071.7196081
1785136071.7196081
1785136071.7196081
1785136071.7196081
1785136071.7196081
1785136071.7196081
1785136071.7196081
1785136071.7196081
1785136071.7196081
1785136071.7196081
1785136071.7196081
1785136071.7196081
1785136071.7196081
1785136071.7196081
1785136071.7196081
1785136071.7196081
1785136071.7196081
1785136071.7196081
1785136071.7196081
1785136071.7196081
1785136071.7196081
1785136071.7196081
1785136071.7196081
1785136071.7196081
1785136071.7196081
1785136071.7196081
1785136071.7196081
1785136071.7196081
1785136071.7196081
1785136071.7196081
1785136071.7196081
1785136071.7196081
1785136071.7196081
1785136071.7196081
1785136071.7196081
1785136071.7196081
1785136071.7196081
1785136071.7196081
1785136071.7196081
1785136071.7198310
1785136071.7198310
1785136071.7198310
1785136071.7198310
1785136071.7198310
1785136071.7198310
1785136071.7198310
1785136071.7198310
1785136071.7198310
1785136071.7198310
1785136071.7198310
1785136071.7198310
1785136071.7198310
1785136071.7198310
1785136071.7198310
1785136071.7198310
1785136071.7198310
1785136071.7198310
1785136071.7198310
1785136071.7198310
1785136071.7198310
1785136071.7198310
1785136071.7198310
1785136071.7198310
1785136071.7198310
1785136071.7198310
1785136071.7198310
1785136071.7198310
1785136071.7198310
1785136071.7198310
1785136071.7198310
1785136071.7198310
1785136071.7198310
1785136071.7198310
1785136071.7198310
1785136071.7198310
1785136071.7198310
1785136071.7198310
1785136071.7198310
1785136071.7198310
1785136071.7198310
1785136071.7198310
1785136071.7200530
1785136071.7200530
1785136071.7200530
1785136071.7200530
1785136071.7200530
1785136071.7200530
1785136071.7200530
1785136071.7200530
1785136071.7200530
1785136071.7200530
1785136071.7200530
1785136071.7200530
1785136071.7200530
1785136071.7200530
1785136071.7200530
1785136071.7200530
1785136071.7200530
1785136071.7200530
1785136071.7200530
1785136071.7200530
1785136071.7200530
1785136071.7200530
1785136071.7200530
1785136071.7200530
1785136071.7200530
1785136071.7200530
1785136071.7200530
1785136071.7200530
1785136071.7200530
1785136071.7200530
1785136071.7200530
1785136071.7200530
1785136071.7200530
1785136071.7200530
1785136071.7200530
1785136071.7200530
1785136071.7200530
1785136071.7200530
1785136071.7200530
1785136071.7200530
1785136071.7200530
1785136071.7200530
1785136071.7202749
1785136071.7202749
1785136071.7202749
1785136071.7202749
1785136071.7202749
1785136071.7202749
1785136071.7202749
1785136071.7202749
1785136071.7202749
1785136071.7202749
1785136071.7202749
1785136071.7202749
1785136071.7202749
1785136071.7202749
1785136071.7202749
1785136071.7202749
1785136071.7202749
1785136071.7202749
1785136071.7202749
1785136071.7202749
1785136071.7202749
1785136071.7202749
1785136071.7202749
1785136071.7202749
1785136071.7202749
1785136071.7202749
1785136071.7202749
1785136071.7202749
1785136071.7202749
1785136071.7202749
1785136071.7202749
1785136071.7202749
1785136071.7202749
1785136071.7202749
1785136071.7202749
1785136071.7202749
1785136071.7202749
1785136071.7202749
1785136071.7202749
1785136071.7202749
1785136071.7202749
1785136071.7202749
1785136071.7202749
1785136071.7204981
1785136071.7204981
1785136071.7204981
1785136071.7204981
1785136071.7204981
1785136071.7204981
1785136071.7204981
1785136071.7204981
1785136071.7204981
1785136071.7204981
1785136071.7204981
1785136071.7204981
1785136071.7204981
1785136071.7204981
1785136071.7204981
1785136071.7204981
1785136071.7204981
1785136071.7204981
1785136071.7204981
1785136071.7204981
1785136071.7204981
1785136071.7204981
1785136071.7204981
1785136071.7204981
1785136071.7204981
1785136071.7204981
1785136071.7204981
1785136071.7204981
1785136071.7204981
1785136071.7204981
1785136071.7204981
1785136071.7204981
1785136071.7204981
1785136071.7204981
1785136071.7204981
1785136071.7204981
1785136071.7204981
1785136071.7204981
1785136071.7204981
1785136071.7204981
1785136071.7204981
1785136071.7204981
1785136071.7204981
1785136071.7207201
1785136071.7207201
1785136071.7207201
1785136071.7207201
1785136071.7207201
1785136071.7207201
1785136071.7207201
1785136071.7207201
1785136071.7207201
1785136071.7207201
1785136071.7207201
1785136071.7207201
1785136071.7207201
1785136071.7207201
1785136071.7207201
1785136071.7207201
1785136071.7207201
1785136071.7207201
1785136071.7207201
1785136071.7207201
1785136071.7207201
1785136071.7207201
1785136071.7207201
1785136071.7207201
1785136071.7207201
1785136071.7207201
1785136071.7207201
1785136071.7207201
1785136071.7207201
1785136071.7207201
1785136071.7207201
1785136071.7207201
1785136071.7207201
1785136071.7207201
1785136071.7207201
1785136071.7207201
1785136071.7207201
1785136071.7207201
1785136071.7207201
1785136071.7207201
1785136071.7207201
1785136071.7207201
1785136071.7207201
1785136071.7209420
1785136071.7209420
1785136071.7209420
1785136071.7209420
1785136071.7209420
1785136071.7209420
1785136071.7209420
1785136071.7209420
1785136071.7209420
1785136071.7209420
1785136071.7209420
1785136071.7209420
1785136071.7209420
1785136071.7209420
1785136071.7209420
1785136071.7209420
1785136071.7209420
1785136071.7209420
1785136071.7209420
1785136071.7209420
1785136071.7209420
1785136071.7209420
1785136071.7209420
1785136071.7209420
1785136071.7209420
1785136071.7209420
1785136071.7209420
1785136071.7209420
1785136071.7209420
1785136071.7209420
1785136071.7209420
1785136071.7209420
1785136071.7209420
1785136071.7209420
1785136071.7209420
1785136071.7209420
1785136071.7209420
1785136071.7209420
1785136071.7209420
1785136071.7209420
1785136071.7209420
1785136071.7209420
1785136071.7209420
1785136071.7211640
1785136071.7211640
1785136071.7211640
1785136071.7211640
1785136071.7211640
1785136071.7211640
1785136071.7211640
1785136071.7211640
1785136071.7211640
1785136071.7211640
1785136071.7211640
1785136071.7211640
1785136071.7211640
1785136071.7211640
1785136071.7211640
1785136071.7211640
1785136071.7211640
1785136071.7211640
1785136071.7211640
1785136071.7211640
1785136071.7211640
1785136071.7211640
1785136071.7211640
1785136071.7211640
1785136071.7211640
1785136071.7211640
1785136071.7211640
1785136071.7211640
1785136071.7211640
1785136071.7211640
1785136071.7211640
1785136071.7211640
1785136071.7211640
1785136071.7211640
1785136071.7211640
1785136071.7211640
1785136071.7211640
1785136071.7211640
1785136071.7211640
1785136071.7211640
1785136071.7211640
1785136071.7211640
1785136071.7211640
1785136071.7213869
1785136071.7213869
1785136071.7213869
1785136071.7213869
1785136071.7213869
1785136071.7213869
1785136071.7213869
1785136071.7213869
1785136071.7213869
1785136071.7213869
1785136071.7213869
1785136071.7213869
1785136071.7213869
1785136071.7213869
1785136071.7213869
1785136071.7213869
1785136071.7213869
1785136071.7213869
1785136071.7213869
1785136071.7213869
1785136071.7213869
1785136071.7213869
1785136071.7213869
1785136071.7213869
1785136071.7213869
1785136071.7213869
1785136071.7213869
1785136071.7213869
1785136071.7213869
1785136071.7213869
1785136071.7213869
1785136071.7213869
1785136071.7213869
1785136071.7213869
1785136071.7213869
1785136071.7213869
1785136071.7213869
1785136071.7213869
1785136071.7213869
1785136071.7213869
1785136071.7213869
1785136071.7213869
1785136071.7216091
1785136071.7216091
1785136071.7216091
1785136071.7216091
1785136071.7216091
1785136071.7216091
1785136071.7216091
1785136071.7216091
1785136071.7216091
1785136071.7216091
1785136071.7216091
1785136071.7216091
1785136071.7216091
1785136071.7216091
1785136071.7216091
1785136071.7216091
1785136071.7216091
1785136071.7216091
1785136071.7216091
1785136071.7216091
1785136071.7216091
1785136071.7216091
1785136071.7216091
1785136071.7216091
1785136071.7216091
1785136071.7216091
1785136071.7216091
1785136071.7216091
1785136071.7216091
1785136071.7216091
1785136071.7216091
1785136071.7216091
1785136071.7216091
1785136071.7216091
1785136071.7216091
1785136071.7216091
1785136071.7216091
1785136071.7216091
1785136071.7216091
1785136071.7216091
1785136071.7216091
1785136071.7216091
1785136071.7216091
1785136071.7216091
1785136071.7218311
1785136071.7218311
1785136071.7218311
1785136071.7218311
1785136071.7218311
1785136071.7218311
1785136071.7218311
1785136071.7218311
1785136071.7218311
1785136071.7218311
1785136071.7218311
1785136071.7218311
1785136071.7218311
1785136071.7218311
1785136071.7218311
1785136071.7218311
1785136071.7218311
1785136071.7218311
1785136071.7218311
1785136071.7218311
1785136071.7218311
1785136071.7218311
1785136071.7218311
1785136071.7218311
1785136071.7218311
1785136071.7218311
1785136071.7218311
1785136071.7218311
1785136071.7218311
1785136071.7218311
1785136071.7218311
1785136071.7218311
1785136071.7218311
1785136071.7218311
1785136071.7218311
1785136071.7218311
1785136071.7218311
1785136071.7218311
1785136071.7218311
1785136071.7218311
1785136071.7218311
1785136071.7218311
1785136071.7218311
1785136071.7220531
1785136071.7220531
1785136071.7220531
1785136071.7220531
1785136071.7220531
1785136071.7220531
1785136071.7220531
1785136071.7220531
1785136071.7220531
1785136071.7220531
1785136071.7220531
1785136071.7220531
1785136071.7220531
1785136071.7220531
1785136071.7220531
1785136071.7220531
1785136071.7220531
1785136071.7220531
1785136071.7220531
1785136071.7220531
1785136071.7220531
1785136071.7220531
1785136071.7220531
1785136071.7220531
1785136071.7220531
1785136071.7220531
1785136071.7220531
1785136071.7220531
1785136071.7220531
1785136071.7220531
1785136071.7220531
1785136071.7220531
1785136071.7220531
1785136071.7220531
1785136071.7220531
1785136071.7220531
1785136071.7220531
1785136071.7220531
1785136071.7220531
1785136071.7220531
1785136071.7220531
1785136071.7222760
1785136071.7222760
1785136071.7222760
1785136071.7222760
1785136071.7222760
1785136071.7222760
1785136071.7222760
1785136071.7222760
1785136071.7222760
1785136071.7222760
1785136071.7222760
1785136071.7222760
1785136071.7222760
1785136071.7222760
1785136071.7222760
1785136071.7222760
1785136071.7222760
1785136071.7222760
1785136071.7222760
1785136071.7222760
1785136071.7222760
1785136071.7222760
1785136071.7222760
1785136071.7222760
1785136071.7222760
1785136071.7222760
1785136071.7222760
1785136071.7222760
1785136071.7222760
1785136071.7222760
1785136071.7222760
1785136071.7222760
1785136071.7222760
1785136071.7222760
1785136071.7222760
1785136071.7222760
1785136071.7222760
1785136071.7222760
1785136071.7222760
1785136071.7222760
1785136071.7222760
1785136071.7222760
1785136071.7224979
1785136071.7224979
1785136071.7224979
1785136071.7224979
1785136071.7224979
1785136071.7224979
1785136071.7224979
1785136071.7224979
1785136071.7224979
1785136071.7224979
1785136071.7224979
1785136071.7224979
1785136071.7224979
1785136071.7224979
1785136071.7224979
1785136071.7224979
1785136071.7224979
1785136071.7224979
1785136071.7224979
1785136071.7224979
1785136071.7224979
1785136071.7224979
1785136071.7224979
1785136071.7224979
1785136071.7224979
1785136071.7224979
1785136071.7224979
1785136071.7224979
1785136071.7224979
1785136071.7224979
1785136071.7224979
1785136071.7224979
1785136071.7224979
1785136071.7224979
1785136071.7224979
1785136071.7224979
1785136071.7224979
1785136071.7224979
1785136071.7224979
1785136071.7224979
1785136071.7224979
1785136071.7227199
1785136071.7227199
1785136071.7227199
1785136071.7227199
1785136071.7227199
1785136071.7227199
1785136071.7227199
1785136071.7227199
1785136071.7227199
1785136071.7227199
1785136071.7227199
1785136071.7227199
1785136071.7227199
1785136071.7227199
1785136071.7227199
1785136071.7227199
1785136071.7227199
1785136071.7227199
1785136071.7227199
1785136071.7227199
1785136071.7227199
1785136071.7227199
1785136071.7227199
1785136071.7227199
1785136071.7227199
1785136071.7227199
1785136071.7227199
1785136071.7227199
1785136071.7227199
1785136071.7227199
1785136071.7227199
1785136071.7227199
1785136071.7227199
1785136071.7227199
1785136071.7227199
1785136071.7227199
1785136071.7227199
1785136071.7227199
1785136071.7227199
1785136071.7227199
1785136071.7227199
1785136071.7229421
1785136071.7229421
1785136071.7229421
1785136071.7229421
1785136071.7229421
1785136071.7229421
1785136071.7229421
1785136071.7229421
1785136071.7229421
1785136071.7229421
1785136071.7229421
1785136071.7229421
1785136071.7229421
1785136071.7229421
1785136071.7229421
1785136071.7229421
1785136071.7229421
1785136071.7229421
1785136071.7229421
1785136071.7229421
1785136071.7229421
1785136071.7229421
1785136071.7229421
1785136071.7229421
1785136071.7229421
1785136071.7229421
1785136071.7229421
1785136071.7229421
1785136071.7229421
1785136071.7229421
1785136071.7229421
1785136071.7229421
1785136071.7229421
1785136071.7229421
1785136071.7229421
1785136071.7229421
1785136071.7229421
1785136071.7229421
1785136071.7229421
1785136071.7229421
1785136071.7229421
1785136071.7229421
1785136071.7231641
1785136071.7231641
1785136071.7231641
1785136071.7231641
1785136071.7231641
1785136071.7231641
1785136071.7231641
1785136071.7231641
1785136071.7231641
1785136071.7231641
1785136071.7231641
1785136071.7231641
1785136071.7231641
1785136071.7231641
1785136071.7231641
1785136071.7231641
1785136071.7231641
1785136071.7231641
1785136071.7231641
1785136071.7231641
1785136071.7231641
1785136071.7231641
1785136071.7231641
1785136071.7231641
1785136071.7231641
1785136071.7231641
1785136071.7231641
1785136071.7231641
1785136071.7231641
1785136071.7231641
1785136071.7231641
1785136071.7231641
1785136071.7231641
1785136071.7231641
1785136071.7231641
1785136071.7231641
1785136071.7231641
1785136071.7231641
1785136071.7231641
1785136071.7231641
1785136071.7231641
1785136071.7231641
1785136071.7233870
1785136071.7233870
1785136071.7233870
1785136071.7233870
1785136071.7233870
1785136071.7233870
1785136071.7233870
1785136071.7233870
1785136071.7233870
1785136071.7233870
1785136071.7233870
1785136071.7233870
1785136071.7233870
1785136071.7233870
1785136071.7233870
1785136071.7233870
1785136071.7233870
1785136071.7233870
1785136071.7233870
1785136071.7233870
1785136071.7233870
1785136071.7233870
1785136071.7233870
1785136071.7233870
1785136071.7233870
1785136071.7233870
1785136071.7233870
1785136071.7233870
1785136071.7233870
1785136071.7233870
1785136071.7233870
1785136071.7233870
1785136071.7233870
1785136071.7233870
1785136071.7233870
1785136071.7233870
1785136071.7233870
1785136071.7233870
1785136071.7233870
1785136071.7233870
1785136071.7233870
1785136071.7233870
1785136071.7233870
1785136071.7236090
1785136071.7236090
1785136071.7236090
1785136071.7236090
1785136071.7236090
1785136071.7236090
1785136071.7236090
1785136071.7236090
1785136071.7236090
1785136071.7236090
1785136071.7236090
1785136071.7236090
1785136071.7236090
1785136071.7236090
1785136071.7236090
1785136071.7236090
1785136071.7236090
1785136071.7236090
1785136071.7236090
1785136071.7236090
1785136071.7236090
1785136071.7236090
1785136071.7236090
1785136071.7236090
1785136071.7236090
1785136071.7236090
1785136071.7236090
1785136071.7236090
1785136071.7236090
1785136071.7236090
1785136071.7236090
1785136071.7236090
1785136071.7236090
1785136071.7236090
1785136071.7236090
1785136071.7236090
1785136071.7236090
1785136071.7236090
1785136071.7236090
1785136071.7236090
1785136071.7236090
1785136071.7236090
1785136071.7236090
1785136071.7238309
1785136071.7238309
1785136071.7238309
1785136071.7238309
1785136071.7238309
1785136071.7238309
1785136071.7238309
1785136071.7238309
1785136071.7238309
1785136071.7238309
1785136071.7238309
1785136071.7238309
1785136071.7238309
1785136071.7238309
1785136071.7238309
1785136071.7238309
1785136071.7238309
1785136071.7238309
1785136071.7238309
1785136071.7238309
1785136071.7238309
1785136071.7238309
1785136071.7238309
1785136071.7238309
1785136071.7238309
1785136071.7238309
1785136071.7238309
1785136071.7238309
1785136071.7238309
1785136071.7238309
1785136071.7238309
1785136071.7238309
1785136071.7238309
1785136071.7238309
1785136071.7238309
1785136071.7238309
1785136071.7238309
1785136071.7238309
1785136071.7238309
1785136071.7238309
1785136071.7238309
1785136071.7238309
1785136071.7238309
1785136071.7240529
1785136071.7240529
1785136071.7240529
1785136071.7240529
1785136071.7240529
1785136071.7240529
1785136071.7240529
1785136071.7240529
1785136071.7240529
1785136071.7240529
1785136071.7240529
1785136071.7240529
1785136071.7240529
1785136071.7240529
1785136071.7240529
1785136071.7240529
1785136071.7240529
1785136071.7240529
1785136071.7240529
1785136071.7240529
1785136071.7240529
1785136071.7240529
1785136071.7240529
1785136071.7240529
1785136071.7240529
1785136071.7240529
1785136071.7240529
1785136071.7240529
1785136071.7240529
1785136071.7240529
1785136071.7240529
1785136071.7240529
1785136071.7240529
1785136071.7240529
1785136071.7240529
1785136071.7240529
1785136071.7240529
1785136071.7240529
1785136071.7240529
1785136071.7240529
1785136071.7240529
1785136071.7240529
1785136071.7240529
1785136071.7242761
1785136071.7242761
1785136071.7242761
1785136071.7242761
1785136071.7242761
1785136071.7242761
1785136071.7242761
1785136071.7242761
1785136071.7242761
1785136071.7242761
1785136071.7242761
1785136071.7242761
1785136071.7242761
1785136071.7242761
1785136071.7242761
1785136071.7242761
1785136071.7242761
1785136071.7242761
1785136071.7242761
1785136071.7242761
1785136071.7242761
1785136071.7242761
1785136071.7242761
1785136071.7242761
1785136071.7242761
1785136071.7242761
1785136071.7242761
1785136071.7242761
1785136071.7242761
1785136071.7242761
1785136071.7242761
1785136071.7242761
1785136071.7242761
1785136071.7242761
1785136071.7242761
1785136071.7242761
1785136071.7242761
1785136071.7242761
1785136071.7242761
1785136071.7242761
1785136071.7242761
1785136071.7242761
1785136071.7242761
1785136071.7242761
1785136071.7244990
1785136071.7244990
1785136071.7244990
1785136071.7244990
1785136071.7244990
1785136071.7244990
1785136071.7244990
1785136071.7244990
1785136071.7244990
1785136071.7244990
1785136071.7244990
1785136071.7244990
1785136071.7244990
1785136071.7244990
1785136071.7244990
1785136071.7244990
1785136071.7244990
1785136071.7244990
1785136071.7244990
1785136071.7244990
1785136071.7244990
1785136071.7244990
1785136071.7244990
1785136071.7244990
1785136071.7244990
1785136071.7244990
1785136071.7244990
1785136071.7244990
1785136071.7244990
1785136071.7244990
1785136071.7244990
1785136071.7244990
1785136071.7244990
1785136071.7244990
1785136071.7244990
1785136071.7244990
1785136071.7244990
1785136071.7244990
1785136071.7244990
1785136071.7244990
1785136071.7244990
1785136071.7244990
1785136071.7244990
1785136071.7244990
1785136071.7247200
1785136071.7247200
1785136071.7247200
1785136071.7247200
1785136071.7247200
1785136071.7247200
1785136071.7247200
1785136071.7247200
1785136071.7247200
1785136071.7247200
1785136071.7247200
1785136071.7247200
1785136071.7247200
1785136071.7247200
1785136071.7247200
1785136071.7247200
1785136071.7247200
1785136071.7247200
1785136071.7247200
1785136071.7247200
1785136071.7247200
1785136071.7247200
1785136071.7247200
1785136071.7247200
1785136071.7247200
1785136071.7247200
1785136071.7247200
1785136071.7247200
1785136071.7247200
1785136071.7247200
1785136071.7247200
1785136071.7247200
1785136071.7247200
1785136071.7247200
1785136071.7247200
1785136071.7247200
1785136071.7247200
1785136071.7247200
1785136071.7247200
1785136071.7247200
1785136071.7247200
1785136071.7247200
1785136071.7247200
1785136071.7247200
1785136071.7247200
1785136071.7249420
1785136071.7249420
1785136071.7249420
1785136071.7249420
1785136071.7249420
1785136071.7249420
1785136071.7249420
1785136071.7249420
1785136071.7249420
1785136071.7249420
1785136071.7249420
1785136071.7249420
1785136071.7249420
1785136071.7249420
1785136071.7249420
1785136071.7249420
1785136071.7249420
1785136071.7249420
1785136071.7249420
1785136071.7249420
1785136071.7249420
1785136071.7249420
1785136071.7249420
1785136071.7249420
1785136071.7249420
1785136071.7249420
1785136071.7249420
1785136071.7249420
1785136071.7249420
1785136071.7249420
1785136071.7249420
1785136071.7249420
1785136071.7249420
1785136071.7249420
1785136071.7249420
1785136071.7249420
1785136071.7249420
1785136071.7249420
1785136071.7249420
1785136071.7249420
1785136071.7249420
1785136071.7249420
1785136071.7249420
1785136071.7249420
1785136071.7249420
1785136071.7251639
1785136071.7251639
1785136071.7251639
1785136071.7251639
1785136071.7251639
1785136071.7251639
1785136071.7251639
1785136071.7251639
1785136071.7251639
1785136071.7251639
1785136071.7251639
1785136071.7251639
1785136071.7251639
1785136071.7251639
1785136071.7251639
1785136071.7251639
1785136071.7251639
1785136071.7251639
1785136071.7251639
1785136071.7251639
1785136071.7251639
1785136071.7251639
1785136071.7251639
1785136071.7251639
1785136071.7251639
1785136071.7251639
1785136071.7251639
1785136071.7251639
1785136071.7251639
1785136071.7251639
1785136071.7251639
1785136071.7251639
1785136071.7251639
1785136071.7251639
1785136071.7251639
1785136071.7251639
1785136071.7251639
1785136071.7251639
1785136071.7251639
1785136071.7251639
1785136071.7251639
1785136071.7251639
1785136071.7251639
1785136071.7251639
1785136071.7251639
1785136071.7251639
1785136071.7253871
1785136071.7253871
1785136071.7253871
1785136071.7253871
1785136071.7253871
1785136071.7253871
1785136071.7253871
1785136071.7253871
1785136071.7253871
1785136071.7253871
1785136071.7253871
1785136071.7253871
1785136071.7253871
1785136071.7253871
1785136071.7253871
1785136071.7253871
1785136071.7253871
1785136071.7253871
1785136071.7253871
1785136071.7253871
1785136071.7253871
1785136071.7253871
1785136071.7253871
1785136071.7253871
1785136071.7253871
1785136071.7253871
1785136071.7253871
1785136071.7253871
1785136071.7253871
1785136071.7253871
1785136071.7253871
1785136071.7253871
1785136071.7253871
1785136071.7253871
1785136071.7253871
1785136071.7253871
1785136071.7253871
1785136071.7253871
1785136071.7253871
1785136071.7253871
1785136071.7253871
1785136071.7253871
1785136071.7253871
1785136071.7253871
1785136071.7253871
1785136071.7253871
1785136071.7256091
1785136071.7256091
1785136071.7256091
1785136071.7256091
1785136071.7256091
1785136071.7256091
1785136071.7256091
1785136071.7256091
1785136071.7256091
1785136071.7256091
1785136071.7256091
1785136071.7256091
1785136071.7256091
1785136071.7256091
1785136071.7256091
1785136071.7256091
1785136071.7256091
1785136071.7256091
1785136071.7256091
1785136071.7256091
1785136071.7256091
1785136071.7256091
1785136071.7256091
1785136071.7256091
1785136071.7256091
1785136071.7256091
1785136071.7256091
1785136071.7256091
1785136071.7256091
1785136071.7256091
1785136071.7256091
1785136071.7256091
1785136071.7256091
1785136071.7256091
1785136071.7256091
1785136071.7256091
1785136071.7256091
1785136071.7256091
1785136071.7256091
1785136071.7256091
1785136071.7256091
1785136071.7256091
1785136071.7256091
1785136071.7256091
1785136071.7256091
1785136071.7256091
1785136071.7258310
1785136071.7258310
1785136071.7258310
1785136071.7258310
1785136071.7258310
1785136071.7258310
1785136071.7258310
1785136071.7258310
1785136071.7258310
1785136071.7258310
1785136071.7258310
1785136071.7258310
1785136071.7258310
1785136071.7258310
1785136071.7258310
1785136071.7258310
1785136071.7258310
1785136071.7258310
1785136071.7258310
1785136071.7258310
1785136071.7258310
1785136071.7258310
1785136071.7258310
1785136071.7258310
1785136071.7258310
1785136071.7258310
1785136071.7258310
1785136071.7258310
1785136071.7258310
1785136071.7258310
1785136071.7258310
1785136071.7258310
1785136071.7258310
1785136071.7258310
1785136071.7258310
1785136071.7258310
1785136071.7258310
1785136071.7258310
1785136071.7258310
1785136071.7258310
1785136071.7258310
1785136071.7258310
1785136071.7258310
1785136071.7258310
1785136071.7258310
1785136071.7258310
1785136071.7260530
1785136071.7260530
1785136071.7260530
1785136071.7260530
1785136071.7260530
1785136071.7260530
1785136071.7260530
1785136071.7260530
1785136071.7260530
1785136071.7260530
1785136071.7260530
1785136071.7260530
1785136071.7260530
1785136071.7260530
1785136071.7260530
1785136071.7260530
1785136071.7260530
1785136071.7260530
1785136071.7260530
1785136071.7260530
1785136071.7260530
1785136071.7260530
1785136071.7260530
1785136071.7260530
1785136071.7260530
1785136071.7260530
1785136071.7260530
1785136071.7260530
1785136071.7260530
1785136071.7260530
1785136071.7260530
1785136071.7260530
1785136071.7260530
1785136071.7260530
1785136071.7260530
1785136071.7260530
1785136071.7260530
1785136071.7260530
1785136071.7260530
1785136071.7260530
1785136071.7260530
1785136071.7260530
1785136071.7260530
1785136071.7260530
1785136071.7260530
1785136071.7260530
1785136071.7260530
1785136071.7262759
1785136071.7262759
1785136071.7262759
1785136071.7262759
1785136071.7262759
1785136071.7262759
1785136071.7262759
1785136071.7262759
1785136071.7262759
1785136071.7262759
1785136071.7262759
1785136071.7262759
1785136071.7262759
1785136071.7262759
1785136071.7262759
1785136071.7262759
1785136071.7262759
1785136071.7262759
1785136071.7262759
1785136071.7262759
1785136071.7262759
1785136071.7262759
1785136071.7262759
1785136071.7262759
1785136071.7262759
1785136071.7262759
1785136071.7262759
1785136071.7262759
1785136071.7262759
1785136071.7262759
1785136071.7262759
1785136071.7262759
1785136071.7262759
1785136071.7262759
1785136071.7262759
1785136071.7262759
1785136071.7262759
1785136071.7262759
1785136071.7262759
1785136071.7262759
1785136071.7262759
1785136071.7262759
1785136071.7262759
1785136071.7262759
1785136071.7262759
1785136071.7262759
1785136071.7262759
1785136071.7264979
1785136071.7264979
1785136071.7264979
1785136071.7264979
1785136071.7264979
1785136071.7264979
1785136071.7264979
1785136071.7264979
1785136071.7264979
1785136071.7264979
1785136071.7264979
1785136071.7264979
1785136071.7264979
1785136071.7264979
1785136071.7264979
1785136071.7264979
1785136071.7264979
1785136071.7264979
1785136071.7264979
1785136071.7264979
1785136071.7264979
1785136071.7264979
1785136071.7264979
1785136071.7264979
1785136071.7264979
1785136071.7264979
1785136071.7264979
1785136071.7264979
1785136071.7264979
1785136071.7264979
1785136071.7264979
1785136071.7264979
1785136071.7264979
1785136071.7264979
1785136071.7264979
1785136071.7264979
1785136071.7264979
1785136071.7264979
1785136071.7264979
1785136071.7264979
1785136071.7264979
1785136071.7264979
1785136071.7264979
1785136071.7264979
1785136071.7264979
1785136071.7264979
1785136071.7264979
1785136071.7267201
1785136071.7267201
1785136071.7267201
1785136071.7267201
1785136071.7267201
1785136071.7267201
1785136071.7267201
1785136071.7267201
1785136071.7267201
1785136071.7267201
1785136071.7267201
1785136071.7267201
1785136071.7267201
1785136071.7267201
1785136071.7267201
1785136071.7267201
1785136071.7267201
1785136071.7267201
1785136071.7267201
1785136071.7267201
1785136071.7267201
1785136071.7267201
1785136071.7267201
1785136071.7267201
1785136071.7267201
1785136071.7267201
1785136071.7267201
1785136071.7267201
1785136071.7267201
1785136071.7267201
1785136071.7267201
1785136071.7267201
1785136071.7267201
1785136071.7267201
1785136071.7267201
1785136071.7267201
1785136071.7267201
1785136071.7267201
1785136071.7267201
1785136071.7267201
1785136071.7267201
1785136071.7267201
1785136071.7267201
1785136071.7267201
1785136071.7267201
1785136071.7267201
1785136071.7267201
1785136071.7269421
1785136071.7269421
1785136071.7269421
1785136071.7269421
1785136071.7269421
1785136071.7269421
1785136071.7269421
1785136071.7269421
1785136071.7269421
1785136071.7269421
1785136071.7269421
1785136071.7269421
1785136071.7269421
1785136071.7269421
1785136071.7269421
1785136071.7269421
1785136071.7269421
1785136071.7269421
1785136071.7269421
1785136071.7269421
1785136071.7269421
1785136071.7269421
1785136071.7269421
1785136071.7269421
1785136071.7269421
1785136071.7269421
1785136071.7269421
1785136071.7269421
1785136071.7269421
1785136071.7269421
1785136071.7269421
1785136071.7269421
1785136071.7269421
1785136071.7269421
1785136071.7269421
1785136071.7269421
1785136071.7269421
1785136071.7269421
1785136071.7269421
1785136071.7269421
1785136071.7269421
1785136071.7269421
1785136071.7269421
1785136071.7269421
1785136071.7269421
1785136071.7269421
1785136071.7269421
1785136071.7271640
1785136071.7271640
1785136071.7271640
1785136071.7271640
1785136071.7271640
1785136071.7271640
1785136071.7271640
1785136071.7271640
1785136071.7271640
1785136071.7271640
1785136071.7271640
1785136071.7271640
1785136071.7271640
1785136071.7271640
1785136071.7271640
1785136071.7271640
1785136071.7271640
1785136071.7271640
1785136071.7271640
1785136071.7271640
1785136071.7271640
1785136071.7271640
1785136071.7271640
1785136071.7271640
1785136071.7271640
1785136071.7271640
1785136071.7271640
1785136071.7271640
1785136071.7271640
1785136071.7271640
1785136071.7271640
1785136071.7271640
1785136071.7271640
1785136071.7271640
1785136071.7271640
1785136071.7271640
1785136071.7271640
1785136071.7271640
1785136071.7271640
1785136071.7271640
1785136071.7271640
1785136071.7271640
1785136071.7271640
1785136071.7271640
1785136071.7271640
1785136071.7271640
1785136071.7271640
1785136071.7271640
1785136071.7273870
1785136071.7273870
1785136071.7273870
1785136071.7273870
1785136071.7273870
1785136071.7273870
1785136071.7273870
1785136071.7273870
1785136071.7273870
1785136071.7273870
1785136071.7273870
1785136071.7273870
1785136071.7273870
1785136071.7273870
1785136071.7273870
1785136071.7273870
1785136071.7273870
1785136071.7273870
1785136071.7273870
1785136071.7273870
1785136071.7273870
1785136071.7273870
1785136071.7273870
1785136071.7273870
1785136071.7273870
1785136071.7273870
1785136071.7273870
1785136071.7273870
1785136071.7273870
1785136071.7273870
1785136071.7273870
1785136071.7273870
1785136071.7273870
1785136071.7273870
1785136071.7273870
1785136071.7273870
1785136071.7273870
1785136071.7273870
1785136071.7273870
1785136071.7273870
1785136071.7273870
1785136071.7273870
1785136071.7273870
1785136071.7273870
1785136071.7273870
1785136071.7273870
1785136071.7273870
1785136071.7276089
1785136071.7276089
1785136071.7276089
1785136071.7276089
1785136071.7276089
1785136071.7276089
1785136071.7276089
1785136071.7276089
1785136071.7276089
1785136071.7276089
1785136071.7276089
1785136071.7276089
1785136071.7276089
1785136071.7276089
1785136071.7276089
1785136071.7276089
1785136071.7276089
1785136071.7276089
1785136071.7276089
1785136071.7276089
1785136071.7276089
1785136071.7276089
1785136071.7276089
1785136071.7276089
1785136071.7276089
1785136071.7276089
1785136071.7276089
1785136071.7276089
1785136071.7276089
1785136071.7276089
1785136071.7276089
1785136071.7276089
1785136071.7276089
1785136071.7276089
1785136071.7276089
1785136071.7276089
1785136071.7276089
1785136071.7276089
1785136071.7276089
1785136071.7276089
1785136071.7276089
1785136071.7276089
1785136071.7276089
1785136071.7276089
1785136071.7276089
1785136071.7276089
1785136071.7276089
1785136071.7276089
1785136071.7278309
1785136071.7278309
1785136071.7278309
1785136071.7278309
1785136071.7278309
1785136071.7278309
1785136071.7278309
1785136071.7278309
1785136071.7278309
1785136071.7278309
1785136071.7278309
1785136071.7278309
1785136071.7278309
1785136071.7278309
1785136071.7278309
1785136071.7278309
1785136071.7278309
1785136071.7278309
1785136071.7278309
1785136071.7278309
1785136071.7278309
1785136071.7278309
1785136071.7278309
1785136071.7278309
1785136071.7278309
1785136071.7278309
1785136071.7278309
1785136071.7278309
1785136071.7278309
1785136071.7278309
1785136071.7278309
1785136071.7278309
1785136071.7278309
1785136071.7278309
1785136071.7278309
1785136071.7278309
1785136071.7278309
1785136071.7278309
1785136071.7278309
1785136071.7278309
1785136071.7278309
1785136071.7278309
1785136071.7278309
1785136071.7278309
1785136071.7278309
1785136071.7278309
1785136071.7278309
1785136071.7278309
1785136071.7280531
1785136071.7280531
1785136071.7280531
1785136071.7280531
1785136071.7280531
1785136071.7280531
1785136071.7280531
1785136071.7280531
1785136071.7280531
1785136071.7280531
1785136071.7280531
1785136071.7280531
1785136071.7280531
1785136071.7280531
1785136071.7280531
1785136071.7280531
1785136071.7280531
1785136071.7280531
1785136071.7280531
1785136071.7280531
1785136071.7280531
1785136071.7280531
1785136071.7280531
1785136071.7280531
1785136071.7280531
1785136071.7280531
1785136071.7280531
1785136071.7280531
1785136071.7280531
1785136071.7280531
1785136071.7280531
1785136071.7280531
1785136071.7280531
1785136071.7280531
1785136071.7280531
1785136071.7280531
1785136071.7280531
1785136071.7280531
1785136071.7280531
1785136071.7280531
1785136071.7280531
1785136071.7280531
1785136071.7280531
1785136071.7280531
1785136071.7280531
1785136071.7280531
1785136071.7280531
1785136071.7280531
1785136071.7282751
1785136071.7282751
1785136071.7282751
1785136071.7282751
1785136071.7282751
1785136071.7282751
1785136071.7282751
1785136071.7282751
1785136071.7282751
1785136071.7282751
1785136071.7282751
1785136071.7282751
1785136071.7282751
1785136071.7282751
1785136071.7282751
1785136071.7282751
1785136071.7282751
1785136071.7282751
1785136071.7282751
1785136071.7282751
1785136071.7282751
1785136071.7282751
1785136071.7282751
1785136071.7282751
1785136071.7282751
1785136071.7282751
1785136071.7282751
1785136071.7282751
1785136071.7282751
1785136071.7282751
1785136071.7282751
1785136071.7282751
1785136071.7282751
1785136071.7282751
1785136071.7282751
1785136071.7282751
1785136071.7282751
1785136071.7282751
1785136071.7282751
1785136071.7282751
1785136071.7282751
1785136071.7282751
1785136071.7282751
1785136071.7282751
1785136071.7282751
1785136071.7282751
1785136071.7282751
1785136071.7282751
1785136071.7284980
1785136071.7284980
1785136071.7284980
1785136071.7284980
1785136071.7284980
1785136071.7284980
1785136071.7284980
1785136071.7284980
1785136071.7284980
1785136071.7284980
1785136071.7284980
1785136071.7284980
1785136071.7284980
1785136071.7284980
1785136071.7284980
1785136071.7284980
1785136071.7284980
1785136071.7284980
1785136071.7284980
1785136071.7284980
1785136071.7284980
1785136071.7284980
1785136071.7284980
1785136071.7284980
1785136071.7284980
1785136071.7284980
1785136071.7284980
1785136071.7284980
1785136071.7284980
1785136071.7284980
1785136071.7284980
1785136071.7284980
1785136071.7284980
1785136071.7284980
1785136071.7284980
1785136071.7284980
1785136071.7284980
1785136071.7284980
1785136071.7284980
1785136071.7284980
1785136071.7284980
1785136071.7284980
1785136071.7284980
1785136071.7284980
1785136071.7284980
1785136071.7284980
1785136071.7284980
1785136071.7284980
1785136071.7287199
1785136071.7287199
1785136071.7287199
1785136071.7287199
1785136071.7287199
1785136071.7287199
1785136071.7287199
1785136071.7287199
1785136071.7287199
1785136071.7287199
1785136071.7287199
1785136071.7287199
1785136071.7287199
1785136071.7287199
1785136071.7287199
1785136071.7287199
1785136071.7287199
1785136071.7287199
1785136071.7287199
1785136071.7287199
1785136071.7287199
1785136071.7287199
1785136071.7287199
1785136071.7287199
1785136071.7287199
1785136071.7287199
1785136071.7287199
1785136071.7287199
1785136071.7287199
1785136071.7287199
1785136071.7287199
1785136071.7287199
1785136071.7287199
1785136071.7287199
1785136071.7287199
1785136071.7287199
1785136071.7287199
1785136071.7287199
1785136071.7287199
1785136071.7287199
1785136071.7287199
1785136071.7287199
1785136071.7287199
1785136071.7287199
1785136071.7287199
1785136071.7287199
1785136071.7287199
1785136071.7287199
1785136071.7287199
1785136071.7289419
1785136071.7289419
1785136071.7289419
1785136071.7289419
1785136071.7289419
1785136071.7289419
1785136071.7289419
1785136071.7289419
1785136071.7289419
1785136071.7289419
1785136071.7289419
1785136071.7289419
1785136071.7289419
1785136071.7289419
1785136071.7289419
1785136071.7289419
1785136071.7289419
1785136071.7289419
1785136071.7289419
1785136071.7289419
1785136071.7289419
1785136071.7289419
1785136071.7289419
1785136071.7289419
1785136071.7289419
1785136071.7289419
1785136071.7289419
1785136071.7289419
1785136071.7289419
1785136071.7289419
1785136071.7289419
1785136071.7289419
1785136071.7289419
1785136071.7289419
1785136071.7289419
1785136071.7289419
1785136071.7289419
1785136071.7289419
1785136071.7289419
1785136071.7289419
1785136071.7289419
1785136071.7289419
1785136071.7289419
1785136071.7289419
1785136071.7289419
1785136071.7289419
1785136071.7289419
1785136071.7289419
1785136071.7289419
1785136071.7291639
1785136071.7291639
1785136071.7291639
1785136071.7291639
1785136071.7291639
1785136071.7291639
1785136071.7291639
1785136071.7291639
1785136071.7291639
1785136071.7291639
1785136071.7291639
1785136071.7291639
1785136071.7291639
1785136071.7291639
1785136071.7291639
1785136071.7291639
1785136071.7291639
1785136071.7291639
1785136071.7291639
1785136071.7291639
1785136071.7291639
1785136071.7291639
1785136071.7291639
1785136071.7291639
1785136071.7291639
1785136071.7291639
1785136071.7291639
1785136071.7291639
1785136071.7291639
1785136071.7291639
1785136071.7291639
1785136071.7291639
1785136071.7291639
1785136071.7291639
1785136071.7291639
1785136071.7291639
1785136071.7291639
1785136071.7291639
1785136071.7291639
1785136071.7291639
1785136071.7291639
1785136071.7291639
1785136071.7291639
1785136071.7291639
1785136071.7291639
1785136071.7291639
1785136071.7291639
1785136071.7291639
1785136071.7291639
1785136071.7293870
1785136071.7293870
1785136071.7293870
1785136071.7293870
1785136071.7293870
1785136071.7293870
1785136071.7293870
1785136071.7293870
1785136071.7293870
1785136071.7293870
1785136071.7293870
1785136071.7293870
1785136071.7293870
1785136071.7293870
1785136071.7293870
1785136071.7293870
1785136071.7293870
1785136071.7293870
1785136071.7293870
1785136071.7293870
1785136071.7293870
1785136071.7293870
1785136071.7293870
1785136071.7293870
1785136071.7293870
1785136071.7293870
1785136071.7293870
1785136071.7293870
1785136071.7293870
1785136071.7293870
1785136071.7293870
1785136071.7293870
1785136071.7293870
1785136071.7293870
1785136071.7293870
1785136071.7293870
1785136071.7293870
1785136071.7293870
1785136071.7293870
1785136071.7293870
1785136071.7293870
1785136071.7293870
1785136071.7293870
1785136071.7293870
1785136071.7293870
1785136071.7293870
1785136071.7293870
1785136071.7293870
1785136071.7293870
1785136071.7296090
1785136071.7296090
1785136071.7296090
1785136071.7296090
1785136071.7296090
1785136071.7296090
1785136071.7296090
1785136071.7296090
1785136071.7296090
1785136071.7296090
1785136071.7296090
1785136071.7296090
1785136071.7296090
1785136071.7296090
1785136071.7296090
1785136071.7296090
1785136071.7296090
1785136071.7296090
1785136071.7296090
1785136071.7296090
1785136071.7296090
1785136071.7296090
1785136071.7296090
1785136071.7296090
1785136071.7296090
1785136071.7296090
1785136071.7296090
1785136071.7296090
1785136071.7296090
1785136071.7296090
1785136071.7296090
1785136071.7296090
1785136071.7296090
1785136071.7296090
1785136071.7296090
1785136071.7296090
1785136071.7296090
1785136071.7296090
1785136071.7296090
1785136071.7296090
1785136071.7296090
1785136071.7296090
1785136071.7296090
1785136071.7296090
1785136071.7296090
1785136071.7296090
1785136071.7296090
1785136071.7296090
1785136071.7296090
1785136071.7298310
1785136071.7298310
1785136071.7298310
1785136071.7298310
1785136071.7298310
1785136071.7298310
1785136071.7298310
1785136071.7298310
1785136071.7298310
1785136071.7298310
1785136071.7298310
1785136071.7298310
1785136071.7298310
1785136071.7298310
1785136071.7298310
1785136071.7298310
1785136071.7298310
1785136071.7298310
1785136071.7298310
1785136071.7298310
1785136071.7298310
1785136071.7298310
1785136071.7298310
1785136071.7298310
1785136071.7298310
1785136071.7298310
1785136071.7298310
1785136071.7298310
1785136071.7298310
1785136071.7298310
1785136071.7298310
1785136071.7298310
1785136071.7298310
1785136071.7298310
1785136071.7298310
1785136071.7298310
1785136071.7298310
1785136071.7298310
1785136071.7298310
1785136071.7298310
1785136071.7298310
1785136071.7298310
1785136071.7298310
1785136071.7298310
1785136071.7298310
1785136071.7298310
1785136071.7298310
1785136071.7298310
1785136071.7298310
1785136071.7300529
1785136071.7300529
1785136071.7300529
1785136071.7300529
1785136071.7300529
1785136071.7300529
1785136071.7300529
1785136071.7300529
1785136071.7300529
1785136071.7300529
1785136071.7300529
1785136071.7300529
1785136071.7300529
1785136071.7300529
1785136071.7300529
1785136071.7300529
1785136071.7300529
1785136071.7300529
1785136071.7300529
1785136071.7300529
1785136071.7300529
1785136071.7300529
1785136071.7300529
1785136071.7300529
1785136071.7300529
1785136071.7300529
1785136071.7300529
1785136071.7300529
1785136071.7300529
1785136071.7300529
1785136071.7300529
1785136071.7300529
1785136071.7300529
1785136071.7300529
1785136071.7300529
1785136071.7300529
1785136071.7300529
1785136071.7300529
1785136071.7300529
1785136071.7300529
1785136071.7300529
1785136071.7300529
1785136071.7300529
1785136071.7300529
1785136071.7300529
1785136071.7300529
1785136071.7300529
1785136071.7300529
1785136071.7300529
1785136071.7300529
1785136071.7302761
1785136071.7302761
1785136071.7302761
1785136071.7302761
1785136071.7302761
1785136071.7302761
1785136071.7302761
1785136071.7302761
1785136071.7302761
1785136071.7302761
1785136071.7302761
1785136071.7302761
1785136071.7302761
1785136071.7302761
1785136071.7302761
1785136071.7302761
1785136071.7302761
1785136071.7302761
1785136071.7302761
1785136071.7302761
1785136071.7302761
1785136071.7302761
1785136071.7302761
1785136071.7302761
1785136071.7302761
1785136071.7302761
1785136071.7302761
1785136071.7302761
1785136071.7302761
1785136071.7302761
1785136071.7302761
1785136071.7302761
1785136071.7302761
1785136071.7302761
1785136071.7302761
1785136071.7302761
1785136071.7302761
1785136071.7302761
1785136071.7302761
1785136071.7302761
1785136071.7302761
1785136071.7302761
1785136071.7302761
1785136071.7302761
1785136071.7302761
1785136071.7302761
1785136071.7302761
1785136071.7302761
1785136071.7302761
1785136071.7302761
1785136071.7304981
1785136071.7304981
1785136071.7304981
1785136071.7304981
1785136071.7304981
1785136071.7304981
1785136071.7304981
1785136071.7304981
1785136071.7304981
1785136071.7304981
1785136071.7304981
1785136071.7304981
1785136071.7304981
1785136071.7304981
1785136071.7304981
1785136071.7304981
1785136071.7304981
1785136071.7304981
1785136071.7304981
1785136071.7304981
1785136071.7304981
1785136071.7304981
1785136071.7304981
1785136071.7304981
1785136071.7304981
1785136071.7304981
1785136071.7304981
1785136071.7304981
1785136071.7304981
1785136071.7304981
1785136071.7304981
1785136071.7304981
1785136071.7304981
1785136071.7304981
1785136071.7304981
1785136071.7304981
1785136071.7304981
1785136071.7304981
1785136071.7304981
1785136071.7304981
1785136071.7304981
1785136071.7304981
1785136071.7304981
1785136071.7304981
1785136071.7304981
1785136071.7304981
1785136071.7304981
1785136071.7304981
1785136071.7304981
1785136071.7304981
1785136071.7307200
1785136071.7307200
1785136071.7307200
1785136071.7307200
1785136071.7307200
1785136071.7307200
1785136071.7307200
1785136071.7307200
1785136071.7307200
1785136071.7307200
1785136071.7307200
1785136071.7307200
1785136071.7307200
1785136071.7307200
1785136071.7307200
1785136071.7307200
1785136071.7307200
1785136071.7307200
1785136071.7307200
1785136071.7307200
1785136071.7307200
1785136071.7307200
1785136071.7307200
1785136071.7307200
1785136071.7307200
1785136071.7307200
1785136071.7307200
1785136071.7307200
1785136071.7307200
1785136071.7307200
1785136071.7307200
1785136071.7307200
1785136071.7307200
1785136071.7307200
1785136071.7307200
1785136071.7307200
1785136071.7307200
1785136071.7307200
1785136071.7307200
1785136071.7307200
1785136071.7307200
1785136071.7307200
1785136071.7307200
1785136071.7307200
1785136071.7307200
1785136071.7307200
1785136071.7307200
1785136071.7307200
1785136071.7307200
1785136071.7307200
1785136071.7309420
1785136071.7309420
1785136071.7309420
1785136071.7309420
1785136071.7309420
1785136071.7309420
1785136071.7309420
1785136071.7309420
1785136071.7309420
1785136071.7309420
1785136071.7309420
1785136071.7309420
1785136071.7309420
1785136071.7309420
1785136071.7309420
1785136071.7309420
1785136071.7309420
1785136071.7309420
1785136071.7309420
1785136071.7309420
1785136071.7309420
1785136071.7309420
1785136071.7309420
1785136071.7309420
1785136071.7309420
1785136071.7309420
1785136071.7309420
1785136071.7309420
1785136071.7309420
1785136071.7309420
1785136071.7309420
1785136071.7309420
1785136071.7309420
1785136071.7309420
1785136071.7309420
1785136071.7309420
1785136071.7309420
1785136071.7309420
1785136071.7309420
1785136071.7309420
1785136071.7309420
1785136071.7309420
1785136071.7309420
1785136071.7309420
1785136071.7309420
1785136071.7309420
1785136071.7309420
1785136071.7309420
1785136071.7309420
1785136071.7309420
1785136071.7311640
1785136071.7311640
1785136071.7311640
1785136071.7311640
1785136071.7311640
1785136071.7311640
1785136071.7311640
1785136071.7311640
1785136071.7311640
1785136071.7311640
1785136071.7311640
1785136071.7311640
1785136071.7311640
1785136071.7311640
1785136071.7311640
1785136071.7311640
1785136071.7311640
1785136071.7311640
1785136071.7311640
1785136071.7311640
1785136071.7311640
1785136071.7311640
1785136071.7311640
1785136071.7311640
1785136071.7311640
1785136071.7311640
1785136071.7311640
1785136071.7311640
1785136071.7311640
1785136071.7311640
1785136071.7311640
1785136071.7311640
1785136071.7311640
1785136071.7311640
1785136071.7311640
1785136071.7311640
1785136071.7311640
1785136071.7311640
1785136071.7311640
1785136071.7311640
1785136071.7311640
1785136071.7311640
1785136071.7311640
1785136071.7311640
1785136071.7311640
1785136071.7311640
1785136071.7311640
1785136071.7311640
1785136071.7311640
1785136071.7311640
1785136071.7313869
1785136071.7313869
1785136071.7313869
1785136071.7313869
1785136071.7313869
1785136071.7313869
1785136071.7313869
1785136071.7313869
1785136071.7313869
1785136071.7313869
1785136071.7313869
1785136071.7313869
1785136071.7313869
1785136071.7313869
1785136071.7313869
1785136071.7313869
1785136071.7313869
1785136071.7313869
1785136071.7313869
1785136071.7313869
1785136071.7313869
1785136071.7313869
1785136071.7313869
1785136071.7313869
1785136071.7313869
1785136071.7313869
1785136071.7313869
1785136071.7313869
1785136071.7313869
1785136071.7313869
1785136071.7313869
1785136071.7313869
1785136071.7313869
1785136071.7313869
1785136071.7313869
1785136071.7313869
1785136071.7313869
1785136071.7313869
1785136071.7313869
1785136071.7313869
1785136071.7313869
1785136071.7313869
1785136071.7313869
1785136071.7313869
1785136071.7313869
1785136071.7313869
1785136071.7313869
1785136071.7313869
1785136071.7313869
1785136071.7313869
1785136071.7316091
1785136071.7316091
1785136071.7316091
1785136071.7316091
1785136071.7316091
1785136071.7316091
1785136071.7316091
1785136071.7316091
1785136071.7316091
1785136071.7316091
1785136071.7316091
1785136071.7316091
1785136071.7316091
1785136071.7316091
1785136071.7316091
1785136071.7316091
1785136071.7316091
1785136071.7316091
1785136071.7316091
1785136071.7316091
1785136071.7316091
1785136071.7316091
1785136071.7316091
1785136071.7316091
1785136071.7316091
1785136071.7316091
1785136071.7316091
1785136071.7316091
1785136071.7316091
1785136071.7316091
1785136071.7316091
1785136071.7316091
1785136071.7316091
1785136071.7316091
1785136071.7316091
1785136071.7316091
1785136071.7316091
1785136071.7316091
1785136071.7316091
1785136071.7316091
1785136071.7316091
1785136071.7316091
1785136071.7316091
1785136071.7316091
1785136071.7316091
1785136071.7316091
1785136071.7316091
1785136071.7316091
1785136071.7316091
1785136071.7316091
1785136071.7318311
1785136071.7318311
1785136071.7318311
1785136071.7318311
1785136071.7318311
1785136071.7318311
1785136071.7318311
1785136071.7318311
1785136071.7318311
1785136071.7318311
1785136071.7318311
1785136071.7318311
1785136071.7318311
1785136071.7318311
1785136071.7318311
1785136071.7318311
1785136071.7318311
1785136071.7318311
1785136071.7318311
1785136071.7318311
1785136071.7318311
1785136071.7318311
1785136071.7318311
1785136071.7318311
1785136071.7318311
1785136071.7318311
1785136071.7318311
1785136071.7318311
1785136071.7318311
1785136071.7318311
1785136071.7318311
1785136071.7318311
1785136071.7318311
1785136071.7318311
1785136071.7318311
1785136071.7318311
1785136071.7318311
1785136071.7318311
1785136071.7318311
1785136071.7318311
1785136071.7318311
1785136071.7318311
1785136071.7318311
1785136071.7318311
1785136071.7318311
1785136071.7318311
1785136071.7318311
1785136071.7318311
1785136071.7318311
1785136071.7318311
1785136071.7318311
1785136071.7320540
1785136071.7320540
1785136071.7320540
1785136071.7320540
1785136071.7320540
1785136071.7320540
1785136071.7320540
1785136071.7320540
1785136071.7320540
1785136071.7320540
1785136071.7320540
1785136071.7320540
1785136071.7320540
1785136071.7320540
1785136071.7320540
1785136071.7320540
1785136071.7320540
1785136071.7320540
1785136071.7320540
1785136071.7320540
1785136071.7320540
1785136071.7320540
1785136071.7320540
1785136071.7320540
1785136071.7320540
1785136071.7320540
1785136071.7320540
1785136071.7320540
1785136071.7320540
1785136071.7320540
1785136071.7320540
1785136071.7320540
1785136071.7320540
1785136071.7320540
1785136071.7320540
1785136071.7320540
1785136071.7320540
1785136071.7320540
1785136071.7320540
1785136071.7320540
1785136071.7320540
1785136071.7320540
1785136071.7320540
1785136071.7320540
1785136071.7320540
1785136071.7320540
1785136071.7320540
1785136071.7320540
1785136071.7320540
1785136071.7320540
1785136071.7320540
1785136071.7322760
1785136071.7322760
1785136071.7322760
1785136071.7322760
1785136071.7322760
1785136071.7322760
1785136071.7322760
1785136071.7322760
1785136071.7322760
1785136071.7322760
1785136071.7322760
1785136071.7322760
1785136071.7322760
1785136071.7322760
1785136071.7322760
1785136071.7322760
1785136071.7322760
1785136071.7322760
1785136071.7322760
1785136071.7322760
1785136071.7322760
1785136071.7322760
1785136071.7322760
1785136071.7322760
1785136071.7322760
1785136071.7322760
1785136071.7322760
1785136071.7322760
1785136071.7322760
1785136071.7322760
1785136071.7322760
1785136071.7322760
1785136071.7322760
1785136071.7322760
1785136071.7322760
1785136071.7322760
1785136071.7322760
1785136071.7322760
1785136071.7322760
1785136071.7322760
1785136071.7322760
1785136071.7322760
1785136071.7322760
1785136071.7322760
1785136071.7322760
1785136071.7322760
1785136071.7322760
1785136071.7322760
1785136071.7322760
1785136071.7322760
1785136071.7322760
1785136071.7324979
1785136071.7324979
1785136071.7324979
1785136071.7324979
1785136071.7324979
1785136071.7324979
1785136071.7324979
1785136071.7324979
1785136071.7324979
1785136071.7324979
1785136071.7324979
1785136071.7324979
1785136071.7324979
1785136071.7324979
1785136071.7324979
1785136071.7324979
1785136071.7324979
1785136071.7324979
1785136071.7324979
1785136071.7324979
1785136071.7324979
1785136071.7324979
1785136071.7324979
1785136071.7324979
1785136071.7324979
1785136071.7324979
1785136071.7324979
1785136071.7324979
1785136071.7324979
1785136071.7324979
1785136071.7324979
1785136071.7324979
1785136071.7324979
1785136071.7324979
1785136071.7324979
1785136071.7324979
1785136071.7324979
1785136071.7324979
1785136071.7324979
1785136071.7324979
1785136071.7324979
1785136071.7324979
1785136071.7324979
1785136071.7324979
1785136071.7324979
1785136071.7324979
1785136071.7324979
1785136071.7324979
1785136071.7324979
1785136071.7324979
1785136071.7324979
1785136071.7327199
1785136071.7327199
1785136071.7327199
1785136071.7327199
1785136071.7327199
1785136071.7327199
1785136071.7327199
1785136071.7327199
1785136071.7327199
1785136071.7327199
1785136071.7327199
1785136071.7327199
1785136071.7327199
1785136071.7327199
1785136071.7327199
1785136071.7327199
1785136071.7327199
1785136071.7327199
1785136071.7327199
1785136071.7327199
1785136071.7327199
1785136071.7327199
1785136071.7327199
1785136071.7327199
1785136071.7327199
1785136071.7327199
1785136071.7327199
1785136071.7327199
1785136071.7327199
1785136071.7327199
1785136071.7327199
1785136071.7327199
1785136071.7327199
1785136071.7327199
1785136071.7327199
1785136071.7327199
1785136071.7327199
1785136071.7327199
1785136071.7327199
1785136071.7327199
1785136071.7327199
1785136071.7327199
1785136071.7327199
1785136071.7327199
1785136071.7327199
1785136071.7327199
1785136071.7327199
1785136071.7327199
1785136071.7327199
1785136071.7327199
1785136071.7327199
1785136071.7329421
1785136071.7329421
1785136071.7329421
1785136071.7329421
1785136071.7329421
1785136071.7329421
1785136071.7329421
1785136071.7329421
1785136071.7329421
1785136071.7329421
1785136071.7329421
1785136071.7329421
1785136071.7329421
1785136071.7329421
1785136071.7329421
1785136071.7329421
1785136071.7329421
1785136071.7329421
1785136071.7329421
1785136071.7329421
1785136071.7329421
1785136071.7329421
1785136071.7329421
1785136071.7329421
1785136071.7329421
1785136071.7329421
1785136071.7329421
1785136071.7329421
1785136071.7329421
1785136071.7329421
1785136071.7329421
1785136071.7329421
1785136071.7329421
1785136071.7329421
1785136071.7329421
1785136071.7329421
1785136071.7329421
1785136071.7329421
1785136071.7329421
1785136071.7329421
1785136071.7329421
1785136071.7329421
1785136071.7329421
1785136071.7329421
1785136071.7329421
1785136071.7329421
1785136071.7329421
1785136071.7329421
1785136071.7329421
1785136071.7329421
1785136071.7329421
1785136071.7331650
1785136071.7331650
1785136071.7331650
1785136071.7331650
1785136071.7331650
1785136071.7331650
1785136071.7331650
1785136071.7331650
1785136071.7331650
1785136071.7331650
1785136071.7331650
1785136071.7331650
1785136071.7331650
1785136071.7331650
1785136071.7331650
1785136071.7331650
1785136071.7331650
1785136071.7331650
1785136071.7331650
1785136071.7331650
1785136071.7331650
1785136071.7331650
1785136071.7331650
1785136071.7331650
1785136071.7331650
1785136071.7331650
1785136071.7331650
1785136071.7331650
1785136071.7331650
1785136071.7331650
1785136071.7331650
1785136071.7331650
1785136071.7331650
1785136071.7331650
1785136071.7331650
1785136071.7331650
1785136071.7331650
1785136071.7331650
1785136071.7331650
1785136071.7331650
1785136071.7331650
1785136071.7331650
1785136071.7331650
1785136071.7331650
1785136071.7331650
1785136071.7331650
1785136071.7331650
1785136071.7331650
1785136071.7331650
1785136071.7331650
1785136071.7331650
1785136071.7333870
1785136071.7333870
1785136071.7333870
1785136071.7333870
1785136071.7333870
1785136071.7333870
1785136071.7333870
1785136071.7333870
1785136071.7333870
1785136071.7333870
1785136071.7333870
1785136071.7333870
1785136071.7333870
1785136071.7333870
1785136071.7333870
1785136071.7333870
1785136071.7333870
1785136071.7333870
1785136071.7333870
1785136071.7333870
1785136071.7333870
1785136071.7333870
1785136071.7333870
1785136071.7333870
1785136071.7333870
1785136071.7333870
1785136071.7333870
1785136071.7333870
1785136071.7333870
1785136071.7333870
1785136071.7333870
1785136071.7333870
1785136071.7333870
1785136071.7333870
1785136071.7333870
1785136071.7333870
1785136071.7333870
1785136071.7333870
1785136071.7333870
1785136071.7333870
1785136071.7333870
1785136071.7333870
1785136071.7333870
1785136071.7333870
1785136071.7333870
1785136071.7333870
1785136071.7333870
1785136071.7333870
1785136071.7333870
1785136071.7333870
1785136071.7333870
1785136071.7336090
1785136071.7336090
1785136071.7336090
1785136071.7336090
1785136071.7336090
1785136071.7336090
1785136071.7336090
1785136071.7336090
1785136071.7336090
1785136071.7336090
1785136071.7336090
1785136071.7336090
1785136071.7336090
1785136071.7336090
1785136071.7336090
1785136071.7336090
1785136071.7336090
1785136071.7336090
1785136071.7336090
1785136071.7336090
1785136071.7336090
1785136071.7336090
1785136071.7336090
1785136071.7336090
1785136071.7336090
1785136071.7336090
1785136071.7336090
1785136071.7336090
1785136071.7336090
1785136071.7336090
1785136071.7336090
1785136071.7336090
1785136071.7336090
1785136071.7336090
1785136071.7336090
1785136071.7336090
1785136071.7336090
1785136071.7336090
1785136071.7336090
1785136071.7336090
1785136071.7336090
1785136071.7336090
1785136071.7336090
1785136071.7336090
1785136071.7336090
1785136071.7336090
1785136071.7336090
1785136071.7336090
1785136071.7336090
1785136071.7336090
1785136071.7336090
1785136071.7338309
1785136071.7338309
1785136071.7338309
1785136071.7338309
1785136071.7338309
1785136071.7338309
1785136071.7338309
1785136071.7338309
1785136071.7338309
1785136071.7338309
1785136071.7338309
1785136071.7338309
1785136071.7338309
1785136071.7338309
1785136071.7338309
1785136071.7338309
1785136071.7338309
1785136071.7338309
1785136071.7338309
1785136071.7338309
1785136071.7338309
1785136071.7338309
1785136071.7338309
1785136071.7338309
1785136071.7338309
1785136071.7338309
1785136071.7338309
1785136071.7338309
1785136071.7338309
1785136071.7338309
1785136071.7338309
1785136071.7338309
1785136071.7338309
1785136071.7338309
1785136071.7338309
1785136071.7338309
1785136071.7338309
1785136071.7338309
1785136071.7338309
1785136071.7338309
1785136071.7338309
1785136071.7338309
1785136071.7338309
1785136071.7338309
1785136071.7338309
1785136071.7338309
1785136071.7338309
1785136071.7338309
1785136071.7338309
1785136071.7338309
1785136071.7338309
1785136071.7338309
1785136071.7340541
1785136071.7340541
1785136071.7340541
1785136071.7340541
1785136071.7340541
1785136071.7340541
1785136071.7340541
1785136071.7340541
1785136071.7340541
1785136071.7340541
1785136071.7340541
1785136071.7340541
1785136071.7340541
1785136071.7340541
1785136071.7340541
1785136071.7340541
1785136071.7340541
1785136071.7340541
1785136071.7340541
1785136071.7340541
1785136071.7340541
1785136071.7340541
1785136071.7340541
1785136071.7340541
1785136071.7340541
1785136071.7340541
1785136071.7340541
1785136071.7340541
1785136071.7340541
1785136071.7340541
1785136071.7340541
1785136071.7340541
1785136071.7340541
1785136071.7340541
1785136071.7340541
1785136071.7340541
1785136071.7340541
1785136071.7340541
1785136071.7340541
1785136071.7340541
1785136071.7340541
1785136071.7340541
1785136071.7340541
1785136071.7340541
1785136071.7340541
1785136071.7340541
1785136071.7340541
1785136071.7340541
1785136071.7340541
1785136071.7340541
1785136071.7340541
1785136071.7340541
1785136071.7342761
1785136071.7342761
1785136071.7342761
1785136071.7342761
1785136071.7342761
1785136071.7342761
1785136071.7342761
1785136071.7342761
1785136071.7342761
1785136071.7342761
1785136071.7342761
1785136071.7342761
1785136071.7342761
1785136071.7342761
1785136071.7342761
1785136071.7342761
1785136071.7342761
1785136071.7342761
1785136071.7342761
1785136071.7342761
1785136071.7342761
1785136071.7342761
1785136071.7342761
1785136071.7342761
1785136071.7342761
1785136071.7342761
1785136071.7342761
1785136071.7342761
1785136071.7342761
1785136071.7342761
1785136071.7342761
1785136071.7342761
1785136071.7342761
1785136071.7342761
1785136071.7342761
1785136071.7342761
1785136071.7342761
1785136071.7342761
1785136071.7342761
1785136071.7342761
1785136071.7342761
1785136071.7342761
1785136071.7342761
1785136071.7342761
1785136071.7342761
1785136071.7342761
1785136071.7342761
1785136071.7342761
1785136071.7342761
1785136071.7342761
1785136071.7342761
1785136071.7342761
1785136071.7344980
1785136071.7344980
1785136071.7344980
1785136071.7344980
1785136071.7344980
1785136071.7344980
1785136071.7344980
1785136071.7344980
1785136071.7344980
1785136071.7344980
1785136071.7344980
1785136071.7344980
1785136071.7344980
1785136071.7344980
1785136071.7344980
1785136071.7344980
1785136071.7344980
1785136071.7344980
1785136071.7344980
1785136071.7344980
1785136071.7344980
1785136071.7344980
1785136071.7344980
1785136071.7344980
1785136071.7344980
1785136071.7344980
1785136071.7344980
1785136071.7344980
1785136071.7344980
1785136071.7344980
1785136071.7344980
1785136071.7344980
1785136071.7344980
1785136071.7344980
1785136071.7344980
1785136071.7344980
1785136071.7344980
1785136071.7344980
1785136071.7344980
1785136071.7344980
1785136071.7344980
1785136071.7344980
1785136071.7344980
1785136071.7344980
1785136071.7344980
1785136071.7344980
1785136071.7344980
1785136071.7344980
1785136071.7344980
1785136071.7344980
1785136071.7344980
1785136071.7344980
1785136071.7347200
1785136071.7347200
1785136071.7347200
1785136071.7347200
1785136071.7347200
1785136071.7347200
1785136071.7347200
1785136071.7347200
1785136071.7347200
1785136071.7347200
1785136071.7347200
1785136071.7347200
1785136071.7347200
1785136071.7347200
1785136071.7347200
1785136071.7347200
1785136071.7347200
1785136071.7347200
1785136071.7347200
1785136071.7347200
1785136071.7347200
1785136071.7347200
1785136071.7347200
1785136071.7347200
1785136071.7347200
1785136071.7347200
1785136071.7347200
1785136071.7347200
1785136071.7347200
1785136071.7347200
1785136071.7347200
1785136071.7347200
1785136071.7347200
1785136071.7347200
1785136071.7347200
1785136071.7347200
1785136071.7347200
1785136071.7347200
1785136071.7347200
1785136071.7347200
1785136071.7347200
1785136071.7347200
1785136071.7347200
1785136071.7347200
1785136071.7347200
1785136071.7347200
1785136071.7347200
1785136071.7347200
1785136071.7347200
1785136071.7347200
1785136071.7347200
1785136071.7347200
1785136071.7349429
1785136071.7349429
1785136071.7349429
1785136071.7349429
1785136071.7349429
1785136071.7349429
1785136071.7349429
1785136071.7349429
1785136071.7349429
1785136071.7349429
1785136071.7349429
1785136071.7349429
1785136071.7349429
1785136071.7349429
1785136071.7349429
1785136071.7349429
1785136071.7349429
1785136071.7349429
1785136071.7349429
1785136071.7349429
1785136071.7349429
1785136071.7349429
1785136071.7349429
1785136071.7349429
1785136071.7349429
1785136071.7349429
1785136071.7349429
1785136071.7349429
1785136071.7349429
1785136071.7349429
1785136071.7349429
1785136071.7349429
1785136071.7349429
1785136071.7349429
1785136071.7349429
1785136071.7349429
1785136071.7349429
1785136071.7349429
1785136071.7349429
1785136071.7349429
1785136071.7349429
1785136071.7349429
1785136071.7349429
1785136071.7349429
1785136071.7349429
1785136071.7349429
1785136071.7349429
1785136071.7349429
1785136071.7349429
1785136071.7349429
1785136071.7349429
1785136071.7349429
1785136071.7351651
1785136071.7351651
1785136071.7351651
1785136071.7351651
1785136071.7351651
1785136071.7351651
1785136071.7351651
1785136071.7351651
1785136071.7351651
1785136071.7351651
1785136071.7351651
1785136071.7351651
1785136071.7351651
1785136071.7351651
1785136071.7351651
1785136071.7351651
1785136071.7351651
1785136071.7351651
1785136071.7351651
1785136071.7351651
1785136071.7351651
1785136071.7351651
1785136071.7351651
1785136071.7351651
1785136071.7351651
1785136071.7351651
1785136071.7351651
1785136071.7351651
1785136071.7351651
1785136071.7351651
1785136071.7351651
1785136071.7351651
1785136071.7351651
1785136071.7351651
1785136071.7351651
1785136071.7351651
1785136071.7351651
1785136071.7351651
1785136071.7351651
1785136071.7351651
1785136071.7351651
1785136071.7351651
1785136071.7351651
1785136071.7351651
1785136071.7351651
1785136071.7351651
1785136071.7351651
1785136071.7351651
1785136071.7351651
1785136071.7351651
1785136071.7351651
1785136071.7351651
1785136071.7353871
1785136071.7353871
1785136071.7353871
1785136071.7353871
1785136071.7353871
1785136071.7353871
1785136071.7353871
1785136071.7353871
1785136071.7353871
1785136071.7353871
1785136071.7353871
1785136071.7353871
1785136071.7353871
1785136071.7353871
1785136071.7353871
1785136071.7353871
1785136071.7353871
1785136071.7353871
1785136071.7353871
1785136071.7353871
1785136071.7353871
1785136071.7353871
1785136071.7353871
1785136071.7353871
1785136071.7353871
1785136071.7353871
1785136071.7353871
1785136071.7353871
1785136071.7353871
1785136071.7353871
1785136071.7353871
1785136071.7353871
1785136071.7353871
1785136071.7353871
1785136071.7353871
1785136071.7353871
1785136071.7353871
1785136071.7353871
1785136071.7353871
1785136071.7353871
1785136071.7353871
1785136071.7353871
1785136071.7353871
1785136071.7353871
1785136071.7353871
1785136071.7353871
1785136071.7353871
1785136071.7353871
1785136071.7353871
1785136071.7353871
1785136071.7353871
1785136071.7353871
1785136071.7356091
1785136071.7356091
1785136071.7356091
1785136071.7356091
1785136071.7356091
1785136071.7356091
1785136071.7356091
1785136071.7356091
1785136071.7356091
1785136071.7356091
1785136071.7356091
1785136071.7356091
1785136071.7356091
1785136071.7356091
1785136071.7356091
1785136071.7356091
1785136071.7356091
1785136071.7356091
1785136071.7356091
1785136071.7356091
1785136071.7356091
1785136071.7356091
1785136071.7356091
1785136071.7356091
1785136071.7356091
1785136071.7356091
1785136071.7356091
1785136071.7356091
1785136071.7356091
1785136071.7356091
1785136071.7356091
1785136071.7356091
1785136071.7356091
1785136071.7356091
1785136071.7356091
1785136071.7356091
1785136071.7356091
1785136071.7356091
1785136071.7356091
1785136071.7356091
1785136071.7356091
1785136071.7356091
1785136071.7356091
1785136071.7356091
1785136071.7356091
1785136071.7356091
1785136071.7356091
1785136071.7356091
1785136071.7356091
1785136071.7356091
1785136071.7356091
1785136071.7356091
1785136071.7358320
1785136071.7358320
1785136071.7358320
1785136071.7358320
1785136071.7358320
1785136071.7358320
1785136071.7358320
1785136071.7358320
1785136071.7358320
1785136071.7358320
1785136071.7358320
1785136071.7358320
1785136071.7358320
1785136071.7358320
1785136071.7358320
1785136071.7358320
1785136071.7358320
1785136071.7358320
1785136071.7358320
1785136071.7358320
1785136071.7358320
1785136071.7358320
1785136071.7358320
1785136071.7358320
1785136071.7358320
1785136071.7358320
1785136071.7358320
1785136071.7358320
1785136071.7358320
1785136071.7358320
1785136071.7358320
1785136071.7358320
1785136071.7358320
1785136071.7358320
1785136071.7358320
1785136071.7358320
1785136071.7358320
1785136071.7358320
1785136071.7358320
1785136071.7358320
1785136071.7358320
1785136071.7358320
1785136071.7358320
1785136071.7358320
1785136071.7358320
1785136071.7358320
1785136071.7358320
1785136071.7358320
1785136071.7358320
1785136071.7358320
1785136071.7358320
1785136071.7358320
1785136071.7360539
1785136071.7360539
1785136071.7360539
1785136071.7360539
1785136071.7360539
1785136071.7360539
1785136071.7360539
1785136071.7360539
1785136071.7360539
1785136071.7360539
1785136071.7360539
1785136071.7360539
1785136071.7360539
1785136071.7360539
1785136071.7360539
1785136071.7360539
1785136071.7360539
1785136071.7360539
1785136071.7360539
1785136071.7360539
1785136071.7360539
1785136071.7360539
1785136071.7360539
1785136071.7360539
1785136071.7360539
1785136071.7360539
1785136071.7360539
1785136071.7360539
1785136071.7360539
1785136071.7360539
1785136071.7360539
1785136071.7360539
1785136071.7360539
1785136071.7360539
1785136071.7360539
1785136071.7360539
1785136071.7360539
1785136071.7360539
1785136071.7360539
1785136071.7360539
1785136071.7360539
1785136071.7360539
1785136071.7360539
1785136071.7360539
1785136071.7360539
1785136071.7360539
1785136071.7360539
1785136071.7360539
1785136071.7360539
1785136071.7360539
1785136071.7360539
1785136071.7360539
1785136071.7362759
1785136071.7362759
1785136071.7362759
1785136071.7362759
1785136071.7362759
1785136071.7362759
1785136071.7362759
1785136071.7362759
1785136071.7362759
1785136071.7362759
1785136071.7362759
1785136071.7362759
1785136071.7362759
1785136071.7362759
1785136071.7362759
1785136071.7362759
1785136071.7362759
1785136071.7362759
1785136071.7362759
1785136071.7362759
1785136071.7362759
1785136071.7362759
1785136071.7362759
1785136071.7362759
1785136071.7362759
1785136071.7362759
1785136071.7362759
1785136071.7362759
1785136071.7362759
1785136071.7362759
1785136071.7362759
1785136071.7362759
1785136071.7362759
1785136071.7362759
1785136071.7362759
1785136071.7362759
1785136071.7362759
1785136071.7362759
1785136071.7362759
1785136071.7362759
1785136071.7362759
1785136071.7362759
1785136071.7362759
1785136071.7362759
1785136071.7362759
1785136071.7362759
1785136071.7362759
1785136071.7362759
1785136071.7362759
1785136071.7362759
1785136071.7362759
1785136071.7362759
1785136071.7364981
1785136071.7364981
1785136071.7364981
1785136071.7364981
1785136071.7364981
1785136071.7364981
1785136071.7364981
1785136071.7364981
1785136071.7364981
1785136071.7364981
1785136071.7364981
1785136071.7364981
1785136071.7364981
1785136071.7364981
1785136071.7364981
1785136071.7364981
1785136071.7364981
1785136071.7364981
1785136071.7364981
1785136071.7364981
1785136071.7364981
1785136071.7364981
1785136071.7364981
1785136071.7364981
1785136071.7364981
1785136071.7364981
1785136071.7364981
1785136071.7364981
1785136071.7364981
1785136071.7364981
1785136071.7364981
1785136071.7364981
1785136071.7364981
1785136071.7364981
1785136071.7364981
1785136071.7364981
1785136071.7364981
1785136071.7364981
1785136071.7364981
1785136071.7364981
1785136071.7364981
1785136071.7364981
1785136071.7364981
1785136071.7364981
1785136071.7364981
1785136071.7364981
1785136071.7364981
1785136071.7364981
1785136071.7364981
1785136071.7364981
1785136071.7364981
1785136071.7364981
1785136071.7367210
1785136071.7367210
1785136071.7367210
1785136071.7367210
1785136071.7367210
1785136071.7367210
1785136071.7367210
1785136071.7367210
1785136071.7367210
1785136071.7367210
1785136071.7367210
1785136071.7367210
1785136071.7367210
1785136071.7367210
1785136071.7367210
1785136071.7367210
1785136071.7367210
1785136071.7367210
1785136071.7367210
1785136071.7367210
1785136071.7367210
1785136071.7367210
1785136071.7367210
1785136071.7367210
1785136071.7367210
1785136071.7367210
1785136071.7367210
1785136071.7367210
1785136071.7367210
1785136071.7367210
1785136071.7367210
1785136071.7367210
1785136071.7367210
1785136071.7367210
1785136071.7367210
1785136071.7367210
1785136071.7367210
1785136071.7367210
1785136071.7367210
1785136071.7367210
1785136071.7367210
1785136071.7367210
1785136071.7367210
1785136071.7367210
1785136071.7367210
1785136071.7367210
1785136071.7367210
1785136071.7367210
1785136071.7367210
1785136071.7367210
1785136071.7367210
1785136071.7367210
1785136071.7369430
1785136071.7369430
1785136071.7369430
1785136071.7369430
1785136071.7369430
1785136071.7369430
1785136071.7369430
1785136071.7369430
1785136071.7369430
1785136071.7369430
1785136071.7369430
1785136071.7369430
1785136071.7369430
1785136071.7369430
1785136071.7369430
1785136071.7369430
1785136071.7369430
1785136071.7369430
1785136071.7369430
1785136071.7369430
1785136071.7369430
1785136071.7369430
1785136071.7369430
1785136071.7369430
1785136071.7369430
1785136071.7369430
1785136071.7369430
1785136071.7369430
1785136071.7369430
1785136071.7369430
1785136071.7369430
1785136071.7369430
1785136071.7369430
1785136071.7369430
1785136071.7369430
1785136071.7369430
1785136071.7369430
1785136071.7369430
1785136071.7369430
1785136071.7369430
1785136071.7369430
1785136071.7369430
1785136071.7369430
1785136071.7369430
1785136071.7369430
1785136071.7369430
1785136071.7369430
1785136071.7369430
1785136071.7369430
1785136071.7369430
1785136071.7369430
1785136071.7369430
1785136071.7371650
1785136071.7371650
1785136071.7371650
1785136071.7371650
1785136071.7371650
1785136071.7371650
1785136071.7371650
1785136071.7371650
1785136071.7371650
1785136071.7371650
1785136071.7371650
1785136071.7371650
1785136071.7371650
1785136071.7371650
1785136071.7371650
1785136071.7371650
1785136071.7371650
1785136071.7371650
1785136071.7371650
1785136071.7371650
1785136071.7371650
1785136071.7371650
1785136071.7371650
1785136071.7371650
1785136071.7371650
1785136071.7371650
1785136071.7371650
1785136071.7371650
1785136071.7371650
1785136071.7371650
1785136071.7371650
1785136071.7371650
1785136071.7371650
1785136071.7371650
1785136071.7371650
1785136071.7371650
1785136071.7371650
1785136071.7371650
1785136071.7371650
1785136071.7371650
1785136071.7371650
1785136071.7371650
1785136071.7371650
1785136071.7371650
1785136071.7371650
1785136071.7371650
1785136071.7371650
1785136071.7371650
1785136071.7371650
1785136071.7371650
1785136071.7371650
1785136071.7371650
1785136071.7373869
1785136071.7373869
1785136071.7373869
1785136071.7373869
1785136071.7373869
1785136071.7373869
1785136071.7373869
1785136071.7373869
1785136071.7373869
1785136071.7373869
1785136071.7373869
1785136071.7373869
1785136071.7373869
1785136071.7373869
1785136071.7373869
1785136071.7373869
1785136071.7373869
1785136071.7373869
1785136071.7373869
1785136071.7373869
1785136071.7373869
1785136071.7373869
1785136071.7373869
1785136071.7373869
1785136071.7373869
1785136071.7373869
1785136071.7373869
1785136071.7373869
1785136071.7373869
1785136071.7373869
1785136071.7373869
1785136071.7373869
1785136071.7373869
1785136071.7373869
1785136071.7373869
1785136071.7373869
1785136071.7373869
1785136071.7373869
1785136071.7373869
1785136071.7373869
1785136071.7373869
1785136071.7373869
1785136071.7373869
1785136071.7373869
1785136071.7373869
1785136071.7373869
1785136071.7373869
1785136071.7373869
1785136071.7373869
1785136071.7373869
1785136071.7373869
1785136071.7373869
1785136071.7376101
1785136071.7376101
1785136071.7376101
1785136071.7376101
1785136071.7376101
1785136071.7376101
1785136071.7376101
1785136071.7376101
1785136071.7376101
1785136071.7376101
1785136071.7376101
1785136071.7376101
1785136071.7376101
1785136071.7376101
1785136071.7376101
1785136071.7376101
1785136071.7376101
1785136071.7376101
1785136071.7376101
1785136071.7376101
1785136071.7376101
1785136071.7376101
1785136071.7376101
1785136071.7376101
1785136071.7376101
1785136071.7376101
1785136071.7376101
1785136071.7376101
1785136071.7376101
1785136071.7376101
1785136071.7376101
1785136071.7376101
1785136071.7376101
1785136071.7376101
1785136071.7376101
1785136071.7376101
1785136071.7376101
1785136071.7376101
1785136071.7376101
1785136071.7376101
1785136071.7376101
1785136071.7376101
1785136071.7376101
1785136071.7376101
1785136071.7376101
1785136071.7376101
1785136071.7376101
1785136071.7376101
1785136071.7376101
1785136071.7376101
1785136071.7376101
1785136071.7376101
1785136071.7378321
1785136071.7378321
1785136071.7378321
1785136071.7378321
1785136071.7378321
1785136071.7378321
1785136071.7378321
1785136071.7378321
1785136071.7378321
1785136071.7378321
1785136071.7378321
1785136071.7378321
1785136071.7378321
1785136071.7378321
1785136071.7378321
1785136071.7378321
1785136071.7378321
1785136071.7378321
1785136071.7378321
1785136071.7378321
1785136071.7378321
1785136071.7378321
1785136071.7378321
1785136071.7378321
1785136071.7378321
1785136071.7378321
1785136071.7378321
1785136071.7378321
1785136071.7378321
1785136071.7378321
1785136071.7378321
1785136071.7378321
1785136071.7378321
1785136071.7378321
1785136071.7378321
1785136071.7378321
1785136071.7378321
1785136071.7378321
1785136071.7378321
1785136071.7378321
1785136071.7378321
1785136071.7378321
1785136071.7378321
1785136071.7378321
1785136071.7378321
1785136071.7378321
1785136071.7378321
1785136071.7378321
1785136071.7378321
1785136071.7378321
1785136071.7378321
1785136071.7378321
1785136071.7380540
1785136071.7380540
1785136071.7380540
1785136071.7380540
1785136071.7380540
1785136071.7380540
1785136071.7380540
1785136071.7380540
1785136071.7380540
1785136071.7380540
1785136071.7380540
1785136071.7380540
1785136071.7380540
1785136071.7380540
1785136071.7380540
1785136071.7380540
1785136071.7380540
1785136071.7380540
1785136071.7380540
1785136071.7380540
1785136071.7380540
1785136071.7380540
1785136071.7380540
1785136071.7380540
1785136071.7380540
1785136071.7380540
1785136071.7380540
1785136071.7380540
1785136071.7380540
1785136071.7380540
1785136071.7380540
1785136071.7380540
1785136071.7380540
1785136071.7380540
1785136071.7380540
1785136071.7380540
1785136071.7380540
1785136071.7380540
1785136071.7380540
1785136071.7380540
1785136071.7380540
1785136071.7380540
1785136071.7380540
1785136071.7380540
1785136071.7380540
1785136071.7380540
1785136071.7380540
1785136071.7380540
1785136071.7380540
1785136071.7380540
1785136071.7380540
1785136071.7380540
1785136071.7382760
1785136071.7382760
1785136071.7382760
1785136071.7382760
1785136071.7382760
1785136071.7382760
1785136071.7382760
1785136071.7382760
1785136071.7382760
1785136071.7382760
1785136071.7382760
1785136071.7382760
1785136071.7382760
1785136071.7382760
1785136071.7382760
1785136071.7382760
1785136071.7382760
1785136071.7382760
1785136071.7382760
1785136071.7382760
1785136071.7382760
1785136071.7382760
1785136071.7382760
1785136071.7382760
1785136071.7382760
1785136071.7382760
1785136071.7382760
1785136071.7382760
1785136071.7382760
1785136071.7382760
1785136071.7382760
1785136071.7382760
1785136071.7382760
1785136071.7382760
1785136071.7382760
1785136071.7382760
1785136071.7382760
1785136071.7382760
1785136071.7382760
1785136071.7382760
1785136071.7382760
1785136071.7382760
1785136071.7382760
1785136071.7382760
1785136071.7382760
1785136071.7382760
1785136071.7382760
1785136071.7382760
1785136071.7382760
1785136071.7382760
1785136071.7382760
1785136071.7382760
1785136071.7384980
1785136071.7384980
1785136071.7384980
1785136071.7384980
1785136071.7384980
1785136071.7384980
1785136071.7384980
1785136071.7384980
1785136071.7384980
1785136071.7384980
1785136071.7384980
1785136071.7384980
1785136071.7384980
1785136071.7384980
1785136071.7384980
1785136071.7384980
1785136071.7384980
1785136071.7384980
1785136071.7384980
1785136071.7384980
1785136071.7384980
1785136071.7384980
1785136071.7384980
1785136071.7384980
1785136071.7384980
1785136071.7384980
1785136071.7384980
1785136071.7384980
1785136071.7384980
1785136071.7384980
1785136071.7384980
1785136071.7384980
1785136071.7384980
1785136071.7384980
1785136071.7384980
1785136071.7384980
1785136071.7384980
1785136071.7384980
1785136071.7384980
1785136071.7384980
1785136071.7384980
1785136071.7384980
1785136071.7384980
1785136071.7384980
1785136071.7384980
1785136071.7384980
1785136071.7384980
1785136071.7384980
1785136071.7384980
1785136071.7384980
1785136071.7384980
1785136071.7384980
1785136071.7387209
1785136071.7387209
1785136071.7387209
1785136071.7387209
1785136071.7387209
1785136071.7387209
1785136071.7387209
1785136071.7387209
1785136071.7387209
1785136071.7387209
1785136071.7387209
1785136071.7387209
1785136071.7387209
1785136071.7387209
1785136071.7387209
1785136071.7387209
1785136071.7387209
1785136071.7387209
1785136071.7387209
1785136071.7387209
1785136071.7387209
1785136071.7387209
1785136071.7387209
1785136071.7387209
1785136071.7387209
1785136071.7387209
1785136071.7387209
1785136071.7387209
1785136071.7387209
1785136071.7387209
1785136071.7387209
1785136071.7387209
1785136071.7387209
1785136071.7387209
1785136071.7387209
1785136071.7387209
1785136071.7387209
1785136071.7387209
1785136071.7387209
1785136071.7387209
1785136071.7387209
1785136071.7387209
1785136071.7387209
1785136071.7387209
1785136071.7387209
1785136071.7387209
1785136071.7387209
1785136071.7387209
1785136071.7387209
1785136071.7387209
1785136071.7387209
1785136071.7387209
1785136071.7389431
1785136071.7389431
1785136071.7389431
1785136071.7389431
1785136071.7389431
1785136071.7389431
1785136071.7389431
1785136071.7389431
1785136071.7389431
1785136071.7389431
1785136071.7389431
1785136071.7389431
1785136071.7389431
1785136071.7389431
1785136071.7389431
1785136071.7389431
1785136071.7389431
1785136071.7389431
1785136071.7389431
1785136071.7389431
1785136071.7389431
1785136071.7389431
1785136071.7389431
1785136071.7389431
1785136071.7389431
1785136071.7389431
1785136071.7389431
1785136071.7389431
1785136071.7389431
1785136071.7389431
1785136071.7389431
1785136071.7389431
1785136071.7389431
1785136071.7389431
1785136071.7389431
1785136071.7389431
1785136071.7389431
1785136071.7389431
1785136071.7389431
1785136071.7389431
1785136071.7389431
1785136071.7389431
1785136071.7389431
1785136071.7389431
1785136071.7389431
1785136071.7389431
1785136071.7389431
1785136071.7389431
1785136071.7389431
1785136071.7389431
1785136071.7389431
1785136071.7389431
1785136071.7391651
1785136071.7391651
1785136071.7391651
1785136071.7391651
1785136071.7391651
1785136071.7391651
1785136071.7391651
1785136071.7391651
1785136071.7391651
1785136071.7391651
1785136071.7391651
1785136071.7391651
1785136071.7391651
1785136071.7391651
1785136071.7391651
1785136071.7391651
1785136071.7391651
1785136071.7391651
1785136071.7391651
1785136071.7391651
1785136071.7391651
1785136071.7391651
1785136071.7391651
1785136071.7391651
1785136071.7391651
1785136071.7391651
1785136071.7391651
1785136071.7391651
1785136071.7391651
1785136071.7391651
1785136071.7391651
1785136071.7391651
1785136071.7391651
1785136071.7391651
1785136071.7391651
1785136071.7391651
1785136071.7391651
1785136071.7391651
1785136071.7391651
1785136071.7391651
1785136071.7391651
1785136071.7391651
1785136071.7391651
1785136071.7391651
1785136071.7391651
1785136071.7391651
1785136071.7391651
1785136071.7391651
1785136071.7391651
1785136071.7391651
1785136071.7391651
1785136071.7391651
1785136071.7393870
1785136071.7393870
1785136071.7393870
1785136071.7393870
1785136071.7393870
1785136071.7393870
1785136071.7393870
1785136071.7393870
1785136071.7393870
1785136071.7393870
1785136071.7393870
1785136071.7393870
1785136071.7393870
1785136071.7393870
1785136071.7393870
1785136071.7393870
1785136071.7393870
1785136071.7393870
1785136071.7393870
1785136071.7393870
1785136071.7393870
1785136071.7393870
1785136071.7393870
1785136071.7393870
1785136071.7393870
1785136071.7393870
1785136071.7393870
1785136071.7393870
1785136071.7393870
1785136071.7393870
1785136071.7393870
1785136071.7393870
1785136071.7393870
1785136071.7393870
1785136071.7393870
1785136071.7393870
1785136071.7393870
1785136071.7393870
1785136071.7393870
1785136071.7393870
1785136071.7393870
1785136071.7393870
1785136071.7393870
1785136071.7393870
1785136071.7393870
1785136071.7393870
1785136071.7393870
1785136071.7393870
1785136071.7393870
1785136071.7393870
1785136071.7393870
1785136071.7393870
1785136071.7396100
1785136071.7396100
1785136071.7396100
1785136071.7396100
1785136071.7396100
1785136071.7396100
1785136071.7396100
1785136071.7396100
1785136071.7396100
1785136071.7396100
1785136071.7396100
1785136071.7396100
1785136071.7396100
1785136071.7396100
1785136071.7396100
1785136071.7396100
1785136071.7396100
1785136071.7396100
1785136071.7396100
1785136071.7396100
1785136071.7396100
1785136071.7396100
1785136071.7396100
1785136071.7396100
1785136071.7396100
1785136071.7396100
1785136071.7396100
1785136071.7396100
1785136071.7396100
1785136071.7396100
1785136071.7396100
1785136071.7396100
1785136071.7396100
1785136071.7396100
1785136071.7396100
1785136071.7396100
1785136071.7396100
1785136071.7396100
1785136071.7396100
1785136071.7396100
1785136071.7396100
1785136071.7396100
1785136071.7396100
1785136071.7396100
1785136071.7396100
1785136071.7396100
1785136071.7396100
1785136071.7396100
1785136071.7396100
1785136071.7396100
1785136071.7396100
1785136071.7396100
1785136071.7398319
1785136071.7398319
1785136071.7398319
1785136071.7398319
1785136071.7398319
1785136071.7398319
1785136071.7398319
1785136071.7398319
1785136071.7398319
1785136071.7398319
1785136071.7398319
1785136071.7398319
1785136071.7398319
1785136071.7398319
1785136071.7398319
1785136071.7398319
1785136071.7398319
1785136071.7398319
1785136071.7398319
1785136071.7398319
1785136071.7398319
1785136071.7398319
1785136071.7398319
1785136071.7398319
1785136071.7398319
1785136071.7398319
1785136071.7398319
1785136071.7398319
1785136071.7398319
1785136071.7398319
1785136071.7398319
1785136071.7398319
1785136071.7398319
1785136071.7398319
1785136071.7398319
1785136071.7398319
1785136071.7398319
1785136071.7398319
1785136071.7398319
1785136071.7398319
1785136071.7398319
1785136071.7398319
1785136071.7398319
1785136071.7398319
1785136071.7398319
1785136071.7398319
1785136071.7398319
1785136071.7398319
1785136071.7398319
1785136071.7398319
1785136071.7398319
1785136071.7398319
1785136071.7400539
1785136071.7400539
1785136071.7400539
1785136071.7400539
1785136071.7400539
1785136071.7400539
1785136071.7400539
1785136071.7400539
1785136071.7400539
1785136071.7400539
1785136071.7400539
1785136071.7400539
1785136071.7400539
1785136071.7400539
1785136071.7400539
1785136071.7400539
1785136071.7400539
1785136071.7400539
1785136071.7400539
1785136071.7400539
1785136071.7400539
1785136071.7400539
1785136071.7400539
1785136071.7400539
1785136071.7400539
1785136071.7400539
1785136071.7400539
1785136071.7400539
1785136071.7400539
1785136071.7400539
1785136071.7400539
1785136071.7400539
1785136071.7400539
1785136071.7400539
1785136071.7400539
1785136071.7400539
1785136071.7400539
1785136071.7400539
1785136071.7400539
1785136071.7400539
1785136071.7400539
1785136071.7400539
1785136071.7400539
1785136071.7400539
1785136071.7400539
1785136071.7400539
1785136071.7400539
1785136071.7400539
1785136071.7400539
1785136071.7400539
1785136071.7400539
1785136071.7400539
1785136071.7402761
1785136071.7402761
1785136071.7402761
1785136071.7402761
1785136071.7402761
1785136071.7402761
1785136071.7402761
1785136071.7402761
1785136071.7402761
1785136071.7402761
1785136071.7402761
1785136071.7402761
1785136071.7402761
1785136071.7402761
1785136071.7402761
1785136071.7402761
1785136071.7402761
1785136071.7402761
1785136071.7402761
1785136071.7402761
1785136071.7402761
1785136071.7402761
1785136071.7402761
1785136071.7402761
1785136071.7402761
1785136071.7402761
1785136071.7402761
1785136071.7402761
1785136071.7402761
1785136071.7402761
1785136071.7402761
1785136071.7402761
1785136071.7402761
1785136071.7402761
1785136071.7402761
1785136071.7402761
1785136071.7402761
1785136071.7402761
1785136071.7402761
1785136071.7402761
1785136071.7402761
1785136071.7402761
1785136071.7402761
1785136071.7402761
1785136071.7402761
1785136071.7402761
1785136071.7402761
1785136071.7402761
1785136071.7402761
1785136071.7402761
1785136071.7402761
1785136071.7402761
1785136071.7404981
1785136071.7404981
1785136071.7404981
1785136071.7404981
1785136071.7404981
1785136071.7404981
1785136071.7404981
1785136071.7404981
1785136071.7404981
1785136071.7404981
1785136071.7404981
1785136071.7404981
1785136071.7404981
1785136071.7404981
1785136071.7404981
1785136071.7404981
1785136071.7404981
1785136071.7404981
1785136071.7404981
1785136071.7404981
1785136071.7404981
1785136071.7404981
1785136071.7404981
1785136071.7404981
1785136071.7404981
1785136071.7404981
1785136071.7404981
1785136071.7404981
1785136071.7404981
1785136071.7404981
1785136071.7404981
1785136071.7404981
1785136071.7404981
1785136071.7404981
1785136071.7404981
1785136071.7404981
1785136071.7404981
1785136071.7404981
1785136071.7404981
1785136071.7404981
1785136071.7404981
1785136071.7404981
1785136071.7404981
1785136071.7404981
1785136071.7404981
1785136071.7404981
1785136071.7404981
1785136071.7404981
1785136071.7404981
1785136071.7404981
1785136071.7404981
1785136071.7404981
1785136071.7407210
1785136071.7407210
1785136071.7407210
1785136071.7407210
1785136071.7407210
1785136071.7407210
1785136071.7407210
1785136071.7407210
1785136071.7407210
1785136071.7407210
1785136071.7407210
1785136071.7407210
1785136071.7407210
1785136071.7407210
1785136071.7407210
1785136071.7407210
1785136071.7407210
1785136071.7407210
1785136071.7407210
1785136071.7407210
1785136071.7407210
1785136071.7407210
1785136071.7407210
1785136071.7407210
1785136071.7407210
1785136071.7407210
1785136071.7407210
1785136071.7407210
1785136071.7407210
1785136071.7407210
1785136071.7407210
1785136071.7407210
1785136071.7407210
1785136071.7407210
1785136071.7407210
1785136071.7407210
1785136071.7407210
1785136071.7407210
1785136071.7407210
1785136071.7407210
1785136071.7407210
1785136071.7407210
1785136071.7407210
1785136071.7407210
1785136071.7407210
1785136071.7407210
1785136071.7407210
1785136071.7407210
1785136071.7407210
1785136071.7407210
1785136071.7407210
1785136071.7407210
1785136071.7409430
1785136071.7409430
1785136071.7409430
1785136071.7409430
1785136071.7409430
1785136071.7409430
1785136071.7409430
1785136071.7409430
1785136071.7409430
1785136071.7409430
1785136071.7409430
1785136071.7409430
1785136071.7409430
1785136071.7409430
1785136071.7409430
1785136071.7409430
1785136071.7409430
1785136071.7409430
1785136071.7409430
1785136071.7409430
1785136071.7409430
1785136071.7409430
1785136071.7409430
1785136071.7409430
1785136071.7409430
1785136071.7409430
1785136071.7409430
1785136071.7409430
1785136071.7409430
1785136071.7409430
1785136071.7409430
1785136071.7409430
1785136071.7409430
1785136071.7409430
1785136071.7409430
1785136071.7409430
1785136071.7409430
1785136071.7409430
1785136071.7409430
1785136071.7409430
1785136071.7409430
1785136071.7409430
1785136071.7409430
1785136071.7409430
1785136071.7409430
1785136071.7409430
1785136071.7409430
1785136071.7409430
1785136071.7409430
1785136071.7409430
1785136071.7409430
1785136071.7409430
1785136071.7411649
1785136071.7411649
1785136071.7411649
1785136071.7411649
1785136071.7411649
1785136071.7411649
1785136071.7411649
1785136071.7411649
1785136071.7411649
1785136071.7411649
1785136071.7411649
1785136071.7411649
1785136071.7411649
1785136071.7411649
1785136071.7411649
1785136071.7411649
1785136071.7411649
1785136071.7411649
1785136071.7411649
1785136071.7411649
1785136071.7411649
1785136071.7411649
1785136071.7411649
1785136071.7411649
1785136071.7411649
1785136071.7411649
1785136071.7411649
1785136071.7411649
1785136071.7411649
1785136071.7411649
1785136071.7411649
1785136071.7411649
1785136071.7411649
1785136071.7411649
1785136071.7411649
1785136071.7411649
1785136071.7411649
1785136071.7411649
1785136071.7411649
1785136071.7411649
1785136071.7411649
1785136071.7411649
1785136071.7411649
1785136071.7411649
1785136071.7411649
1785136071.7411649
1785136071.7411649
1785136071.7411649
1785136071.7411649
1785136071.7411649
1785136071.7411649
1785136071.7411649
1785136071.7413869
1785136071.7413869
1785136071.7413869
1785136071.7413869
1785136071.7413869
1785136071.7413869
1785136071.7413869
1785136071.7413869
1785136071.7413869
1785136071.7413869
1785136071.7413869
1785136071.7413869
1785136071.7413869
1785136071.7413869
1785136071.7413869
1785136071.7413869
1785136071.7413869
1785136071.7413869
1785136071.7413869
1785136071.7413869
1785136071.7413869
1785136071.7413869
1785136071.7413869
1785136071.7413869
1785136071.7413869
1785136071.7413869
1785136071.7413869
1785136071.7413869
1785136071.7413869
1785136071.7413869
1785136071.7413869
1785136071.7413869
1785136071.7413869
1785136071.7413869
1785136071.7413869
1785136071.7413869
1785136071.7413869
1785136071.7413869
1785136071.7413869
1785136071.7413869
1785136071.7413869
1785136071.7413869
1785136071.7413869
1785136071.7413869
1785136071.7413869
1785136071.7413869
1785136071.7413869
1785136071.7413869
1785136071.7413869
1785136071.7413869
1785136071.7413869
1785136071.7413869
1785136071.7416091
1785136071.7416091
1785136071.7416091
1785136071.7416091
1785136071.7416091
1785136071.7416091
1785136071.7416091
1785136071.7416091
1785136071.7416091
1785136071.7416091
1785136071.7416091
1785136071.7416091
1785136071.7416091
1785136071.7416091
1785136071.7416091
1785136071.7416091
1785136071.7416091
1785136071.7416091
1785136071.7416091
1785136071.7416091
1785136071.7416091
1785136071.7416091
1785136071.7416091
1785136071.7416091
1785136071.7416091
1785136071.7416091
1785136071.7416091
1785136071.7416091
1785136071.7416091
1785136071.7416091
1785136071.7416091
1785136071.7416091
1785136071.7416091
1785136071.7416091
1785136071.7416091
1785136071.7416091
1785136071.7416091
1785136071.7416091
1785136071.7416091
1785136071.7416091
1785136071.7416091
1785136071.7416091
1785136071.7416091
1785136071.7416091
1785136071.7416091
1785136071.7416091
1785136071.7416091
1785136071.7416091
1785136071.7416091
1785136071.7416091
1785136071.7416091
1785136071.7416091
1785136071.7418320
1785136071.7418320
1785136071.7418320
1785136071.7418320
1785136071.7418320
1785136071.7418320
1785136071.7418320
1785136071.7418320
1785136071.7418320
1785136071.7418320
1785136071.7418320
1785136071.7418320
1785136071.7418320
1785136071.7418320
1785136071.7418320
1785136071.7418320
1785136071.7418320
1785136071.7418320
1785136071.7418320
1785136071.7418320
1785136071.7418320
1785136071.7418320
1785136071.7418320
1785136071.7418320
1785136071.7418320
1785136071.7418320
1785136071.7418320
1785136071.7418320
1785136071.7418320
1785136071.7418320
1785136071.7418320
1785136071.7418320
1785136071.7418320
1785136071.7418320
1785136071.7418320
1785136071.7418320
1785136071.7418320
1785136071.7418320
1785136071.7418320
1785136071.7418320
1785136071.7418320
1785136071.7418320
1785136071.7418320
1785136071.7418320
1785136071.7418320
1785136071.7418320
1785136071.7418320
1785136071.7418320
1785136071.7418320
1785136071.7418320
1785136071.7418320
1785136071.7418320
1785136071.7420540
1785136071.7420540
1785136071.7420540
1785136071.7420540
1785136071.7420540
1785136071.7420540
1785136071.7420540
1785136071.7420540
1785136071.7420540
1785136071.7420540
1785136071.7420540
1785136071.7420540
1785136071.7420540
1785136071.7420540
1785136071.7420540
1785136071.7420540
1785136071.7420540
1785136071.7420540
1785136071.7420540
1785136071.7420540
1785136071.7420540
1785136071.7420540
1785136071.7420540
1785136071.7420540
1785136071.7420540
1785136071.7420540
1785136071.7420540
1785136071.7420540
1785136071.7420540
1785136071.7420540
1785136071.7420540
1785136071.7420540
1785136071.7420540
1785136071.7420540
1785136071.7420540
1785136071.7420540
1785136071.7420540
1785136071.7420540
1785136071.7420540
1785136071.7420540
1785136071.7420540
1785136071.7420540
1785136071.7420540
1785136071.7420540
1785136071.7420540
1785136071.7420540
1785136071.7420540
1785136071.7420540
1785136071.7420540
1785136071.7420540
1785136071.7420540
1785136071.7420540
1785136071.7422760
1785136071.7422760
1785136071.7422760
1785136071.7422760
1785136071.7422760
1785136071.7422760
1785136071.7422760
1785136071.7422760
1785136071.7422760
1785136071.7422760
1785136071.7422760
1785136071.7422760
1785136071.7422760
1785136071.7422760
1785136071.7422760
1785136071.7422760
1785136071.7422760
1785136071.7422760
1785136071.7422760
1785136071.7422760
1785136071.7422760
1785136071.7422760
1785136071.7422760
1785136071.7422760
1785136071.7422760
1785136071.7422760
1785136071.7422760
1785136071.7422760
1785136071.7422760
1785136071.7422760
1785136071.7422760
1785136071.7422760
1785136071.7422760
1785136071.7422760
1785136071.7422760
1785136071.7422760
1785136071.7422760
1785136071.7422760
1785136071.7422760
1785136071.7422760
1785136071.7422760
1785136071.7422760
1785136071.7422760
1785136071.7422760
1785136071.7422760
1785136071.7422760
1785136071.7422760
1785136071.7422760
1785136071.7422760
1785136071.7422760
1785136071.7422760
1785136071.7422760
1785136071.7424979
1785136071.7424979
1785136071.7424979
1785136071.7424979
1785136071.7424979
1785136071.7424979
1785136071.7424979
1785136071.7424979
1785136071.7424979
1785136071.7424979
1785136071.7424979
1785136071.7424979
1785136071.7424979
1785136071.7424979
1785136071.7424979
1785136071.7424979
1785136071.7424979
1785136071.7424979
1785136071.7424979
1785136071.7424979
1785136071.7424979
1785136071.7424979
1785136071.7424979
1785136071.7424979
1785136071.7424979
1785136071.7424979
1785136071.7424979
1785136071.7424979
1785136071.7424979
1785136071.7424979
1785136071.7424979
1785136071.7424979
1785136071.7424979
1785136071.7424979
1785136071.7424979
1785136071.7424979
1785136071.7424979
1785136071.7424979
1785136071.7424979
1785136071.7424979
1785136071.7424979
1785136071.7424979
1785136071.7424979
1785136071.7424979
1785136071.7424979
1785136071.7424979
1785136071.7424979
1785136071.7424979
1785136071.7424979
1785136071.7424979
1785136071.7424979
1785136071.7424979
1785136071.7427211
1785136071.7427211
1785136071.7427211
1785136071.7427211
1785136071.7427211
1785136071.7427211
1785136071.7427211
1785136071.7427211
1785136071.7427211
1785136071.7427211
1785136071.7427211
1785136071.7427211
1785136071.7427211
1785136071.7427211
1785136071.7427211
1785136071.7427211
1785136071.7427211
1785136071.7427211
1785136071.7427211
1785136071.7427211
1785136071.7427211
1785136071.7427211
1785136071.7427211
1785136071.7427211
1785136071.7427211
1785136071.7427211
1785136071.7427211
1785136071.7427211
1785136071.7427211
1785136071.7427211
1785136071.7427211
1785136071.7427211
1785136071.7427211
1785136071.7427211
1785136071.7427211
1785136071.7427211
1785136071.7427211
1785136071.7427211
1785136071.7427211
1785136071.7427211
1785136071.7427211
1785136071.7427211
1785136071.7427211
1785136071.7427211
1785136071.7427211
1785136071.7427211
1785136071.7427211
1785136071.7427211
1785136071.7427211
1785136071.7427211
1785136071.7427211
1785136071.7429430
1785136071.7429430
1785136071.7429430
1785136071.7429430
1785136071.7429430
1785136071.7429430
1785136071.7429430
1785136071.7429430
1785136071.7429430
1785136071.7429430
1785136071.7429430
1785136071.7429430
1785136071.7429430
1785136071.7429430
1785136071.7429430
1785136071.7429430
1785136071.7429430
1785136071.7429430
1785136071.7429430
1785136071.7429430
1785136071.7429430
1785136071.7429430
1785136071.7429430
1785136071.7429430
1785136071.7429430
1785136071.7429430
1785136071.7429430
1785136071.7429430
1785136071.7429430
1785136071.7429430
1785136071.7429430
1785136071.7429430
1785136071.7429430
1785136071.7429430
1785136071.7429430
1785136071.7429430
1785136071.7429430
1785136071.7429430
1785136071.7429430
1785136071.7429430
1785136071.7429430
1785136071.7429430
1785136071.7429430
1785136071.7429430
1785136071.7429430
1785136071.7429430
1785136071.7429430
1785136071.7429430
1785136071.7429430
1785136071.7429430
1785136071.7429430
1785136071.7431650
1785136071.7431650
1785136071.7431650
1785136071.7431650
1785136071.7431650
1785136071.7431650
1785136071.7431650
1785136071.7431650
1785136071.7431650
1785136071.7431650
1785136071.7431650
1785136071.7431650
1785136071.7431650
1785136071.7431650
1785136071.7431650
1785136071.7431650
1785136071.7431650
1785136071.7431650
1785136071.7431650
1785136071.7431650
1785136071.7431650
1785136071.7431650
1785136071.7431650
1785136071.7431650
1785136071.7431650
1785136071.7431650
1785136071.7431650
1785136071.7431650
1785136071.7431650
1785136071.7431650
1785136071.7431650
1785136071.7431650
1785136071.7431650
1785136071.7431650
1785136071.7431650
1785136071.7431650
1785136071.7431650
1785136071.7431650
1785136071.7431650
1785136071.7431650
1785136071.7431650
1785136071.7431650
1785136071.7431650
1785136071.7431650
1785136071.7431650
1785136071.7431650
1785136071.7431650
1785136071.7431650
1785136071.7431650
1785136071.7431650
1785136071.7431650
1785136071.7433870
1785136071.7433870
1785136071.7433870
1785136071.7433870
1785136071.7433870
1785136071.7433870
1785136071.7433870
1785136071.7433870
1785136071.7433870
1785136071.7433870
1785136071.7433870
1785136071.7433870
1785136071.7433870
1785136071.7433870
1785136071.7433870
1785136071.7433870
1785136071.7433870
1785136071.7433870
1785136071.7433870
1785136071.7433870
1785136071.7433870
1785136071.7433870
1785136071.7433870
1785136071.7433870
1785136071.7433870
1785136071.7433870
1785136071.7433870
1785136071.7433870
1785136071.7433870
1785136071.7433870
1785136071.7433870
1785136071.7433870
1785136071.7433870
1785136071.7433870
1785136071.7433870
1785136071.7433870
1785136071.7433870
1785136071.7433870
1785136071.7433870
1785136071.7433870
1785136071.7433870
1785136071.7433870
1785136071.7433870
1785136071.7433870
1785136071.7433870
1785136071.7433870
1785136071.7433870
1785136071.7433870
1785136071.7433870
1785136071.7433870
1785136071.7433870
1785136071.7436090
1785136071.7436090
1785136071.7436090
1785136071.7436090
1785136071.7436090
1785136071.7436090
1785136071.7436090
1785136071.7436090
1785136071.7436090
1785136071.7436090
1785136071.7436090
1785136071.7436090
1785136071.7436090
1785136071.7436090
1785136071.7436090
1785136071.7436090
1785136071.7436090
1785136071.7436090
1785136071.7436090
1785136071.7436090
1785136071.7436090
1785136071.7436090
1785136071.7436090
1785136071.7436090
1785136071.7436090
1785136071.7436090
1785136071.7436090
1785136071.7436090
1785136071.7436090
1785136071.7436090
1785136071.7436090
1785136071.7436090
1785136071.7436090
1785136071.7436090
1785136071.7436090
1785136071.7436090
1785136071.7436090
1785136071.7436090
1785136071.7436090
1785136071.7436090
1785136071.7436090
1785136071.7436090
1785136071.7436090
1785136071.7436090
1785136071.7436090
1785136071.7436090
1785136071.7436090
1785136071.7436090
1785136071.7436090
1785136071.7436090
1785136071.7436090
1785136071.7438321
1785136071.7438321
1785136071.7438321
1785136071.7438321
1785136071.7438321
1785136071.7438321
1785136071.7438321
1785136071.7438321
1785136071.7438321
1785136071.7438321
1785136071.7438321
1785136071.7438321
1785136071.7438321
1785136071.7438321
1785136071.7438321
1785136071.7438321
1785136071.7438321
1785136071.7438321
1785136071.7438321
1785136071.7438321
1785136071.7438321
1785136071.7438321
1785136071.7438321
1785136071.7438321
1785136071.7438321
1785136071.7438321
1785136071.7438321
1785136071.7438321
1785136071.7438321
1785136071.7438321
1785136071.7438321
1785136071.7438321
1785136071.7438321
1785136071.7438321
1785136071.7438321
1785136071.7438321
1785136071.7438321
1785136071.7438321
1785136071.7438321
1785136071.7438321
1785136071.7438321
1785136071.7438321
1785136071.7438321
1785136071.7438321
1785136071.7438321
1785136071.7438321
1785136071.7438321
1785136071.7438321
1785136071.7438321
1785136071.7438321
1785136071.7438321
1785136071.7440541
1785136071.7440541
1785136071.7440541
1785136071.7440541
1785136071.7440541
1785136071.7440541
1785136071.7440541
1785136071.7440541
1785136071.7440541
1785136071.7440541
1785136071.7440541
1785136071.7440541
1785136071.7440541
1785136071.7440541
1785136071.7440541
1785136071.7440541
1785136071.7440541
1785136071.7440541
1785136071.7440541
1785136071.7440541
1785136071.7440541
1785136071.7440541
1785136071.7440541
1785136071.7440541
1785136071.7440541
1785136071.7440541
1785136071.7440541
1785136071.7440541
1785136071.7440541
1785136071.7440541
1785136071.7440541
1785136071.7440541
1785136071.7440541
1785136071.7440541
1785136071.7440541
1785136071.7440541
1785136071.7440541
1785136071.7440541
1785136071.7440541
1785136071.7440541
1785136071.7440541
1785136071.7440541
1785136071.7440541
1785136071.7440541
1785136071.7440541
1785136071.7440541
1785136071.7440541
1785136071.7440541
1785136071.7440541
1785136071.7440541
1785136071.7440541
1785136071.7442760
1785136071.7442760
1785136071.7442760
1785136071.7442760
1785136071.7442760
1785136071.7442760
1785136071.7442760
1785136071.7442760
1785136071.7442760
1785136071.7442760
1785136071.7442760
1785136071.7442760
1785136071.7442760
1785136071.7442760
1785136071.7442760
1785136071.7442760
1785136071.7442760
1785136071.7442760
1785136071.7442760
1785136071.7442760
1785136071.7442760
1785136071.7442760
1785136071.7442760
1785136071.7442760
1785136071.7442760
1785136071.7442760
1785136071.7442760
1785136071.7442760
1785136071.7442760
1785136071.7442760
1785136071.7442760
1785136071.7442760
1785136071.7442760
1785136071.7442760
1785136071.7442760
1785136071.7442760
1785136071.7442760
1785136071.7442760
1785136071.7442760
1785136071.7442760
1785136071.7442760
1785136071.7442760
1785136071.7442760
1785136071.7442760
1785136071.7442760
1785136071.7442760
1785136071.7442760
1785136071.7442760
1785136071.7442760
1785136071.7442760
1785136071.7442760
1785136071.7444980
1785136071.7444980
1785136071.7444980
1785136071.7444980
1785136071.7444980
1785136071.7444980
1785136071.7444980
1785136071.7444980
1785136071.7444980
1785136071.7444980
1785136071.7444980
1785136071.7444980
1785136071.7444980
1785136071.7444980
1785136071.7444980
1785136071.7444980
1785136071.7444980
1785136071.7444980
1785136071.7444980
1785136071.7444980
1785136071.7444980
1785136071.7444980
1785136071.7444980
1785136071.7444980
1785136071.7444980
1785136071.7444980
1785136071.7444980
1785136071.7444980
1785136071.7444980
1785136071.7444980
1785136071.7444980
1785136071.7444980
1785136071.7444980
1785136071.7444980
1785136071.7444980
1785136071.7444980
1785136071.7444980
1785136071.7444980
1785136071.7444980
1785136071.7444980
1785136071.7444980
1785136071.7444980
1785136071.7444980
1785136071.7444980
1785136071.7444980
1785136071.7444980
1785136071.7444980
1785136071.7444980
1785136071.7444980
1785136071.7444980
1785136071.7444980
1785136071.7447200
1785136071.7447200
1785136071.7447200
1785136071.7447200
1785136071.7447200
1785136071.7447200
1785136071.7447200
1785136071.7447200
1785136071.7447200
1785136071.7447200
1785136071.7447200
1785136071.7447200
1785136071.7447200
1785136071.7447200
1785136071.7447200
1785136071.7447200
1785136071.7447200
1785136071.7447200
1785136071.7447200
1785136071.7447200
1785136071.7447200
1785136071.7447200
1785136071.7447200
1785136071.7447200
1785136071.7447200
1785136071.7447200
1785136071.7447200
1785136071.7447200
1785136071.7447200
1785136071.7447200
1785136071.7447200
1785136071.7447200
1785136071.7447200
1785136071.7447200
1785136071.7447200
1785136071.7447200
1785136071.7447200
1785136071.7447200
1785136071.7447200
1785136071.7447200
1785136071.7447200
1785136071.7447200
1785136071.7447200
1785136071.7447200
1785136071.7447200
1785136071.7447200
1785136071.7447200
1785136071.7447200
1785136071.7447200
1785136071.7447200
1785136071.7449429
1785136071.7449429
1785136071.7449429
1785136071.7449429
1785136071.7449429
1785136071.7449429
1785136071.7449429
1785136071.7449429
1785136071.7449429
1785136071.7449429
1785136071.7449429
1785136071.7449429
1785136071.7449429
1785136071.7449429
1785136071.7449429
1785136071.7449429
1785136071.7449429
1785136071.7449429
1785136071.7449429
1785136071.7449429
1785136071.7449429
1785136071.7449429
1785136071.7449429
1785136071.7449429
1785136071.7449429
1785136071.7449429
1785136071.7449429
1785136071.7449429
1785136071.7449429
1785136071.7449429
1785136071.7449429
1785136071.7449429
1785136071.7449429
1785136071.7449429
1785136071.7449429
1785136071.7449429
1785136071.7449429
1785136071.7449429
1785136071.7449429
1785136071.7449429
1785136071.7449429
1785136071.7449429
1785136071.7449429
1785136071.7449429
1785136071.7449429
1785136071.7449429
1785136071.7449429
1785136071.7449429
1785136071.7449429
1785136071.7449429
1785136071.7451651
1785136071.7451651
1785136071.7451651
1785136071.7451651
1785136071.7451651
1785136071.7451651
1785136071.7451651
1785136071.7451651
1785136071.7451651
1785136071.7451651
1785136071.7451651
1785136071.7451651
1785136071.7451651
1785136071.7451651
1785136071.7451651
1785136071.7451651
1785136071.7451651
1785136071.7451651
1785136071.7451651
1785136071.7451651
1785136071.7451651
1785136071.7451651
1785136071.7451651
1785136071.7451651
1785136071.7451651
1785136071.7451651
1785136071.7451651
1785136071.7451651
1785136071.7451651
1785136071.7451651
1785136071.7451651
1785136071.7451651
1785136071.7451651
1785136071.7451651
1785136071.7451651
1785136071.7451651
1785136071.7451651
1785136071.7451651
1785136071.7451651
1785136071.7451651
1785136071.7451651
1785136071.7451651
1785136071.7451651
1785136071.7451651
1785136071.7451651
1785136071.7451651
1785136071.7451651
1785136071.7451651
1785136071.7451651
1785136071.7451651
1785136071.7453871
1785136071.7453871
1785136071.7453871
1785136071.7453871
1785136071.7453871
1785136071.7453871
1785136071.7453871
1785136071.7453871
1785136071.7453871
1785136071.7453871
1785136071.7453871
1785136071.7453871
1785136071.7453871
1785136071.7453871
1785136071.7453871
1785136071.7453871
1785136071.7453871
1785136071.7453871
1785136071.7453871
1785136071.7453871
1785136071.7453871
1785136071.7453871
1785136071.7453871
1785136071.7453871
1785136071.7453871
1785136071.7453871
1785136071.7453871
1785136071.7453871
1785136071.7453871
1785136071.7453871
1785136071.7453871
1785136071.7453871
1785136071.7453871
1785136071.7453871
1785136071.7453871
1785136071.7453871
1785136071.7453871
1785136071.7453871
1785136071.7453871
1785136071.7453871
1785136071.7453871
1785136071.7453871
1785136071.7453871
1785136071.7453871
1785136071.7453871
1785136071.7453871
1785136071.7453871
1785136071.7453871
1785136071.7453871
1785136071.7453871
1785136071.7456090
1785136071.7456090
1785136071.7456090
1785136071.7456090
1785136071.7456090
1785136071.7456090
1785136071.7456090
1785136071.7456090
1785136071.7456090
1785136071.7456090
1785136071.7456090
1785136071.7456090
1785136071.7456090
1785136071.7456090
1785136071.7456090
1785136071.7456090
1785136071.7456090
1785136071.7456090
1785136071.7456090
1785136071.7456090
1785136071.7456090
1785136071.7456090
1785136071.7456090
1785136071.7456090
1785136071.7456090
1785136071.7456090
1785136071.7456090
1785136071.7456090
1785136071.7456090
1785136071.7456090
1785136071.7456090
1785136071.7456090
1785136071.7456090
1785136071.7456090
1785136071.7456090
1785136071.7456090
1785136071.7456090
1785136071.7456090
1785136071.7456090
1785136071.7456090
1785136071.7456090
1785136071.7456090
1785136071.7456090
1785136071.7456090
1785136071.7456090
1785136071.7456090
1785136071.7456090
1785136071.7456090
1785136071.7456090
1785136071.7456090
1785136071.7458320
1785136071.7458320
1785136071.7458320
1785136071.7458320
1785136071.7458320
1785136071.7458320
1785136071.7458320
1785136071.7458320
1785136071.7458320
1785136071.7458320
1785136071.7458320
1785136071.7458320
1785136071.7458320
1785136071.7458320
1785136071.7458320
1785136071.7458320
1785136071.7458320
1785136071.7458320
1785136071.7458320
1785136071.7458320
1785136071.7458320
1785136071.7458320
1785136071.7458320
1785136071.7458320
1785136071.7458320
1785136071.7458320
1785136071.7458320
1785136071.7458320
1785136071.7458320
1785136071.7458320
1785136071.7458320
1785136071.7458320
1785136071.7458320
1785136071.7458320
1785136071.7458320
1785136071.7458320
1785136071.7458320
1785136071.7458320
1785136071.7458320
1785136071.7458320
1785136071.7458320
1785136071.7458320
1785136071.7458320
1785136071.7458320
1785136071.7458320
1785136071.7458320
1785136071.7458320
1785136071.7458320
1785136071.7458320
1785136071.7458320
1785136071.7460539
1785136071.7460539
1785136071.7460539
1785136071.7460539
1785136071.7460539
1785136071.7460539
1785136071.7460539
1785136071.7460539
1785136071.7460539
1785136071.7460539
1785136071.7460539
1785136071.7460539
1785136071.7460539
1785136071.7460539
1785136071.7460539
1785136071.7460539
1785136071.7460539
1785136071.7460539
1785136071.7460539
1785136071.7460539
1785136071.7460539
1785136071.7460539
1785136071.7460539
1785136071.7460539
1785136071.7460539
1785136071.7460539
1785136071.7460539
1785136071.7460539
1785136071.7460539
1785136071.7460539
1785136071.7460539
1785136071.7460539
1785136071.7460539
1785136071.7460539
1785136071.7460539
1785136071.7460539
1785136071.7460539
1785136071.7460539
1785136071.7460539
1785136071.7460539
1785136071.7460539
1785136071.7460539
1785136071.7460539
1785136071.7460539
1785136071.7460539
1785136071.7460539
1785136071.7460539
1785136071.7460539
1785136071.7460539
1785136071.7460539
1785136071.7460539
1785136071.7460539
1785136071.7460539
1785136071.7460539
1785136071.7460539
1785136071.7460539
1785136071.7462759
1785136071.7462759
1785136071.7462759
1785136071.7462759
1785136071.7462759
1785136071.7462759
1785136071.7462759
1785136071.7462759
1785136071.7462759
1785136071.7462759
1785136071.7462759
1785136071.7462759
1785136071.7462759
1785136071.7462759
1785136071.7462759
1785136071.7462759
1785136071.7462759
1785136071.7462759
1785136071.7462759
1785136071.7462759
1785136071.7462759
1785136071.7462759
1785136071.7462759
1785136071.7462759
1785136071.7462759
1785136071.7462759
1785136071.7462759
1785136071.7462759
1785136071.7462759
1785136071.7462759
1785136071.7462759
1785136071.7462759
1785136071.7462759
1785136071.7462759
1785136071.7462759
1785136071.7462759
1785136071.7462759
1785136071.7462759
1785136071.7462759
1785136071.7462759
1785136071.7462759
1785136071.7462759
1785136071.7462759
1785136071.7462759
1785136071.7462759
1785136071.7462759
1785136071.7462759
1785136071.7462759
1785136071.7462759
1785136071.7462759
1785136071.7462759
1785136071.7462759
1785136071.7462759
1785136071.7462759
1785136071.7462759
1785136071.7462759
1785136071.7462759
1785136071.7462759
1785136071.7462759
1785136071.7462759
1785136071.7462759
1785136071.7464981
1785136071.7464981
1785136071.7464981
1785136071.7464981
1785136071.7464981
1785136071.7464981
1785136071.7464981
1785136071.7464981
1785136071.7464981
1785136071.7464981
1785136071.7464981
1785136071.7464981
1785136071.7464981
1785136071.7464981
1785136071.7464981
1785136071.7464981
1785136071.7464981
1785136071.7464981
1785136071.7464981
1785136071.7464981
1785136071.7464981
1785136071.7464981
1785136071.7464981
1785136071.7464981
1785136071.7464981
1785136071.7464981
1785136071.7464981
1785136071.7464981
1785136071.7464981
1785136071.7464981
1785136071.7464981
1785136071.7464981
1785136071.7464981
1785136071.7464981
1785136071.7464981
1785136071.7464981
1785136071.7464981
1785136071.7464981
1785136071.7464981
1785136071.7464981
1785136071.7464981
1785136071.7464981
1785136071.7464981
1785136071.7464981
1785136071.7464981
1785136071.7464981
1785136071.7464981
1785136071.7464981
1785136071.7464981
1785136071.7464981
1785136071.7464981
1785136071.7464981
1785136071.7464981
1785136071.7464981
1785136071.7464981
1785136071.7464981
1785136071.7464981
1785136071.7464981
1785136071.7464981
1785136071.7464981
1785136071.7464981
1785136071.7464981
1785136071.7464981
1785136071.7467201
1785136071.7467201
1785136071.7467201
1785136071.7467201
1785136071.7467201
1785136071.7467201
1785136071.7467201
1785136071.7467201
1785136071.7467201
1785136071.7467201
1785136071.7467201
1785136071.7467201
1785136071.7467201
1785136071.7467201
1785136071.7467201
1785136071.7467201
1785136071.7467201
1785136071.7467201
1785136071.7467201
1785136071.7467201
1785136071.7467201
1785136071.7467201
1785136071.7467201
1785136071.7467201
1785136071.7467201
1785136071.7467201
1785136071.7467201
1785136071.7467201
1785136071.7467201
1785136071.7467201
1785136071.7467201
1785136071.7467201
1785136071.7467201
1785136071.7467201
1785136071.7467201
1785136071.7467201
1785136071.7467201
1785136071.7467201
1785136071.7467201
1785136071.7467201
1785136071.7467201
1785136071.7467201
1785136071.7467201
1785136071.7467201
1785136071.7467201
1785136071.7467201
1785136071.7467201
1785136071.7467201
1785136071.7467201
1785136071.7467201
1785136071.7467201
1785136071.7467201
1785136071.7467201
1785136071.7467201
1785136071.7467201
1785136071.7467201
1785136071.7467201
1785136071.7467201
1785136071.7467201
1785136071.7467201
1785136071.7467201
1785136071.7467201
1785136071.7467201
1785136071.7467201
1785136071.7467201
1785136071.7469430
1785136071.7469430
1785136071.7469430
1785136071.7469430
1785136071.7469430
1785136071.7469430
1785136071.7469430
1785136071.7469430
1785136071.7469430
1785136071.7469430
1785136071.7469430
1785136071.7469430
1785136071.7469430
1785136071.7469430
1785136071.7469430
1785136071.7469430
1785136071.7469430
1785136071.7469430
1785136071.7469430
1785136071.7469430
1785136071.7469430
1785136071.7469430
1785136071.7469430
1785136071.7469430
1785136071.7469430
1785136071.7469430
1785136071.7469430
1785136071.7469430
1785136071.7469430
1785136071.7469430
1785136071.7469430
1785136071.7469430
1785136071.7469430
1785136071.7469430
1785136071.7469430
1785136071.7469430
1785136071.7469430
1785136071.7469430
1785136071.7469430
1785136071.7469430
1785136071.7469430
1785136071.7469430
1785136071.7469430
1785136071.7469430
1785136071.7469430
1785136071.7469430
1785136071.7469430
1785136071.7469430
1785136071.7469430
1785136071.7469430
1785136071.7469430
1785136071.7469430
1785136071.7469430
1785136071.7469430
1785136071.7469430
1785136071.7469430
1785136071.7469430
1785136071.7469430
1785136071.7469430
1785136071.7469430
1785136071.7469430
1785136071.7469430
1785136071.7469430
1785136071.7469430
1785136071.7469430
1785136071.7469430
1785136071.7469430
1785136071.7469430
1785136071.7469430
1785136071.7471650
1785136071.7471650
1785136071.7471650
1785136071.7471650
1785136071.7471650
1785136071.7471650
1785136071.7471650
1785136071.7471650
1785136071.7471650
1785136071.7471650
1785136071.7471650
1785136071.7471650
1785136071.7471650
1785136071.7471650
1785136071.7471650
1785136071.7471650
1785136071.7471650
1785136071.7471650
1785136071.7471650
1785136071.7471650
1785136071.7471650
1785136071.7471650
1785136071.7471650
1785136071.7471650
1785136071.7471650
1785136071.7471650
1785136071.7471650
1785136071.7471650
1785136071.7471650
1785136071.7471650
1785136071.7471650
1785136071.7471650
1785136071.7471650
1785136071.7471650
1785136071.7471650
1785136071.7471650
1785136071.7471650
1785136071.7471650
1785136071.7471650
1785136071.7471650
1785136071.7471650
1785136071.7471650
1785136071.7471650
1785136071.7471650
1785136071.7471650
1785136071.7471650
1785136071.7471650
1785136071.7471650
1785136071.7471650
1785136071.7471650
1785136071.7471650
1785136071.7471650
1785136071.7471650
1785136071.7471650
1785136071.7471650
1785136071.7471650
1785136071.7471650
1785136071.7471650
1785136071.7471650
1785136071.7471650
1785136071.7471650
1785136071.7471650
1785136071.7471650
1785136071.7471650
1785136071.7471650
1785136071.7471650
1785136071.7471650
1785136071.7471650
1785136071.7471650
1785136071.7471650
1785136071.7471650
1785136071.7471650
1785136071.7471650
1785136071.7471650
1785136071.7473869
1785136071.7473869
1785136071.7473869
1785136071.7473869
1785136071.7473869
1785136071.7473869
1785136071.7473869
1785136071.7473869
1785136071.7473869
1785136071.7473869
1785136071.7473869
1785136071.7473869
1785136071.7473869
1785136071.7473869
1785136071.7473869
1785136071.7473869
1785136071.7473869
1785136071.7473869
1785136071.7473869
1785136071.7473869
1785136071.7473869
1785136071.7473869
1785136071.7473869
1785136071.7473869
1785136071.7473869
1785136071.7473869
1785136071.7473869
1785136071.7473869
1785136071.7473869
1785136071.7473869
1785136071.7473869
1785136071.7473869
1785136071.7473869
1785136071.7473869
1785136071.7473869
1785136071.7473869
1785136071.7473869
1785136071.7473869
1785136071.7473869
1785136071.7473869
1785136071.7473869
1785136071.7473869
1785136071.7473869
1785136071.7473869
1785136071.7473869
1785136071.7473869
1785136071.7473869
1785136071.7473869
1785136071.7473869
1785136071.7473869
1785136071.7473869
1785136071.7473869
1785136071.7473869
1785136071.7473869
1785136071.7473869
1785136071.7473869
1785136071.7473869
1785136071.7473869
1785136071.7473869
1785136071.7473869
1785136071.7473869
1785136071.7473869
1785136071.7473869
1785136071.7473869
1785136071.7473869
1785136071.7473869
1785136071.7473869
1785136071.7473869
1785136071.7473869
1785136071.7473869
1785136071.7473869
1785136071.7473869
1785136071.7473869
1785136071.7473869
1785136071.7473869
1785136071.7473869
1785136071.7473869
1785136071.7473869
1785136071.7473869
1785136071.7473869
1785136071.7473869
1785136071.7473869
1785136071.7473869
1785136071.7473869
1785136071.7473869
1785136071.7473869
1785136071.7473869
1785136071.7473869
1785136071.7473869
1785136071.7473869
1785136071.7473869
1785136071.7473869
1785136071.7476089
1785136071.7476089
1785136071.7476089
1785136071.7476089
1785136071.7476089
1785136071.7476089
1785136071.7476089
1785136071.7476089
1785136071.7476089
1785136071.7476089
1785136071.7476089
1785136071.7476089
1785136071.7476089
1785136071.7476089
1785136071.7476089
1785136071.7476089
1785136071.7476089
1785136071.7476089
1785136071.7476089
1785136071.7476089
1785136071.7476089
1785136071.7476089
1785136071.7476089
1785136071.7476089
1785136071.7476089
1785136071.7476089
1785136071.7476089
1785136071.7476089
1785136071.7476089
1785136071.7476089
1785136071.7476089
1785136071.7476089
1785136071.7476089
1785136071.7476089
1785136071.7476089
1785136071.7476089
1785136071.7476089
1785136071.7476089
1785136071.7476089
1785136071.7476089
1785136071.7476089
1785136071.7476089
1785136071.7476089
1785136071.7476089
1785136071.7476089
1785136071.7476089
1785136071.7476089
1785136071.7476089
1785136071.7476089
1785136071.7476089
1785136071.7476089
1785136071.7476089
1785136071.7476089
1785136071.7476089
1785136071.7476089
1785136071.7476089
1785136071.7476089
1785136071.7476089
1785136071.7476089
1785136071.7476089
1785136071.7476089
1785136071.7476089
1785136071.7476089
1785136071.7476089
1785136071.7476089
1785136071.7476089
1785136071.7476089
1785136071.7476089
1785136071.7476089
1785136071.7476089
1785136071.7476089
1785136071.7476089
1785136071.7476089
1785136071.7476089
1785136071.7476089
1785136071.7476089
1785136071.7476089
1785136071.7476089
1785136071.7476089
1785136071.7476089
1785136071.7476089
1785136071.7476089
1785136071.7476089
1785136071.7476089
1785136071.7476089
1785136071.7476089
1785136071.7476089
1785136071.7476089
1785136071.7476089
1785136071.7476089
1785136071.7476089
1785136071.7476089
1785136071.7476089
1785136071.7476089
1785136071.7476089
1785136071.7476089
1785136071.7476089
1785136071.7476089
1785136071.7476089
1785136071.7476089
1785136071.7476089
1785136071.7476089
1785136071.7476089
1785136071.7476089
1785136071.7476089
1785136071.7476089
1785136071.7476089
1785136071.7476089
1785136071.7478321
1785136071.7478321
1785136071.7478321
1785136071.7478321
1785136071.7478321
1785136071.7478321
1785136071.7478321
1785136071.7478321
1785136071.7478321
1785136071.7478321
1785136071.7478321
1785136071.7478321
1785136071.7478321
1785136071.7478321
1785136071.7478321
1785136071.7478321
1785136071.7478321
1785136071.7478321
1785136071.7478321
1785136071.7478321
1785136071.7478321
1785136071.7478321
1785136071.7478321
1785136071.7478321
1785136071.7478321
1785136071.7478321
1785136071.7478321
1785136071.7478321
1785136071.7478321
1785136071.7478321
1785136071.7478321
1785136071.7478321
1785136071.7478321
1785136071.7478321
1785136071.7478321
1785136071.7478321
1785136071.7478321
1785136071.7478321
1785136071.7478321
1785136071.7478321
1785136071.7478321
1785136071.7478321
1785136071.7478321
1785136071.7478321
1785136071.7478321
1785136071.7478321
1785136071.7478321
1785136071.7478321
1785136071.7478321
1785136071.7478321
1785136071.7478321
1785136071.7478321
1785136071.7478321
1785136071.7478321
1785136071.7478321
1785136071.7478321
1785136071.7478321
1785136071.7478321
1785136071.7478321
1785136071.7478321
1785136071.7478321
1785136071.7478321
1785136071.7478321
1785136071.7478321
1785136071.7478321
1785136071.7478321
1785136071.7478321
1785136071.7478321
1785136071.7478321
1785136071.7478321
1785136071.7478321
1785136071.7478321
1785136071.7478321
1785136071.7478321
1785136071.7478321
1785136071.7478321
1785136071.7478321
1785136071.7478321
1785136071.7478321
1785136071.7478321
1785136071.7478321
1785136071.7478321
1785136071.7478321
1785136071.7478321
1785136071.7478321
1785136071.7478321
1785136071.7478321
1785136071.7478321
1785136071.7478321
1785136071.7478321
1785136071.7478321
1785136071.7478321
1785136071.7478321
1785136071.7478321
1785136071.7478321
1785136071.7478321
1785136071.7478321
1785136071.7478321
1785136071.7478321
1785136071.7478321
1785136071.7478321
1785136071.7478321
1785136071.7478321
1785136071.7478321
1785136071.7478321
1785136071.7478321
1785136071.7478321
1785136071.7478321
1785136071.7478321
1785136071.7478321
1785136071.7478321
1785136071.7480540
1785136071.7480540
1785136071.7480540
1785136071.7480540
1785136071.7480540
1785136071.7480540
1785136071.7480540
1785136071.7480540
1785136071.7480540
1785136071.7480540
1785136071.7480540
1785136071.7480540
1785136071.7480540
1785136071.7480540
1785136071.7480540
1785136071.7480540
1785136071.7480540
1785136071.7480540
1785136071.7480540
1785136071.7480540
1785136071.7480540
1785136071.7480540
1785136071.7480540
1785136071.7480540
1785136071.7480540
1785136071.7480540
1785136071.7480540
1785136071.7480540
1785136071.7480540
1785136071.7480540
1785136071.7480540
1785136071.7480540
1785136071.7480540
1785136071.7480540
1785136071.7480540
1785136071.7480540
1785136071.7480540
1785136071.7480540
1785136071.7480540
1785136071.7480540
1785136071.7480540
1785136071.7480540
1785136071.7480540
1785136071.7480540
1785136071.7480540
1785136071.7480540
1785136071.7480540
1785136071.7480540
1785136071.7480540
1785136071.7480540
1785136071.7480540
1785136071.7480540
1785136071.7480540
1785136071.7480540
1785136071.7480540
1785136071.7480540
1785136071.7480540
1785136071.7480540
1785136071.7480540
1785136071.7480540
1785136071.7480540
1785136071.7480540
1785136071.7480540
1785136071.7480540
1785136071.7480540
1785136071.7480540
1785136071.7480540
1785136071.7480540
1785136071.7480540
1785136071.7480540
1785136071.7480540
1785136071.7480540
1785136071.7480540
1785136071.7480540
1785136071.7480540
1785136071.7480540
1785136071.7480540
1785136071.7480540
1785136071.7480540
1785136071.7480540
1785136071.7480540
1785136071.7480540
1785136071.7480540
1785136071.7480540
1785136071.7480540
1785136071.7480540
1785136071.7480540
1785136071.7480540
1785136071.7480540
1785136071.7480540
1785136071.7480540
1785136071.7480540
1785136071.7480540
1785136071.7480540
1785136071.7480540
1785136071.7480540
1785136071.7480540
1785136071.7480540
1785136071.7480540
1785136071.7480540
1785136071.7480540
1785136071.7480540
1785136071.7480540
1785136071.7480540
1785136071.7480540
1785136071.7480540
1785136071.7480540
1785136071.7480540
1785136071.7480540
1785136071.7480540
1785136071.7480540
1785136071.7480540
1785136071.7482760
1785136071.7482760
1785136071.7482760
1785136071.7482760
1785136071.7482760
1785136071.7482760
1785136071.7482760
1785136071.7482760
1785136071.7482760
1785136071.7482760
1785136071.7482760
1785136071.7482760
1785136071.7482760
1785136071.7482760
1785136071.7482760
1785136071.7482760
1785136071.7482760
1785136071.7482760
1785136071.7482760
1785136071.7482760
1785136071.7482760
1785136071.7482760
1785136071.7482760
1785136071.7482760
1785136071.7482760
1785136071.7482760
1785136071.7482760
1785136071.7482760
1785136071.7482760
1785136071.7482760
1785136071.7482760
1785136071.7482760
1785136071.7482760
1785136071.7482760
1785136071.7482760
1785136071.7482760
1785136071.7482760
1785136071.7482760
1785136071.7482760
1785136071.7482760
1785136071.7482760
1785136071.7482760
1785136071.7482760
1785136071.7482760
1785136071.7482760
1785136071.7482760
1785136071.7482760
1785136071.7482760
1785136071.7482760
1785136071.7482760
1785136071.7482760
1785136071.7482760
1785136071.7482760
1785136071.7482760
1785136071.7482760
1785136071.7482760
1785136071.7482760
1785136071.7482760
1785136071.7482760
1785136071.7482760
1785136071.7482760
1785136071.7482760
1785136071.7482760
1785136071.7482760
1785136071.7482760
1785136071.7482760
1785136071.7482760
1785136071.7482760
1785136071.7482760
1785136071.7482760
1785136071.7482760
1785136071.7482760
1785136071.7482760
1785136071.7482760
1785136071.7482760
1785136071.7482760
1785136071.7482760
1785136071.7482760
1785136071.7482760
1785136071.7482760
1785136071.7482760
1785136071.7482760
1785136071.7482760
1785136071.7482760
1785136071.7482760
1785136071.7482760
1785136071.7482760
1785136071.7482760
1785136071.7482760
1785136071.7482760
1785136071.7482760
1785136071.7482760
1785136071.7482760
1785136071.7482760
1785136071.7482760
1785136071.7482760
1785136071.7482760
1785136071.7482760
1785136071.7482760
1785136071.7482760
1785136071.7482760
1785136071.7482760
1785136071.7482760
1785136071.7482760
1785136071.7482760
1785136071.7482760
1785136071.7482760
1785136071.7482760
1785136071.7482760
1785136071.7482760
1785136071.7482760
1785136071.7482760
1785136071.7484980
1785136071.7484980
1785136071.7484980
1785136071.7484980
1785136071.7484980
1785136071.7484980
1785136071.7484980
1785136071.7484980
1785136071.7484980
1785136071.7484980
1785136071.7484980
1785136071.7484980
1785136071.7484980
1785136071.7484980
1785136071.7484980
1785136071.7484980
1785136071.7484980
1785136071.7484980
1785136071.7484980
1785136071.7484980
1785136071.7484980
1785136071.7484980
1785136071.7484980
1785136071.7484980
1785136071.7484980
1785136071.7484980
1785136071.7484980
1785136071.7484980
1785136071.7484980
1785136071.7484980
1785136071.7484980
1785136071.7484980
1785136071.7484980
1785136071.7484980
1785136071.7484980
1785136071.7484980
1785136071.7484980
1785136071.7484980
1785136071.7484980
1785136071.7484980
1785136071.7484980
1785136071.7484980
1785136071.7484980
1785136071.7484980
1785136071.7484980
1785136071.7484980
1785136071.7484980
1785136071.7484980
1785136071.7484980
1785136071.7484980
1785136071.7484980
1785136071.7484980
1785136071.7484980
1785136071.7484980
1785136071.7484980
1785136071.7484980
1785136071.7484980
1785136071.7484980
1785136071.7484980
1785136071.7484980
1785136071.7484980
1785136071.7484980
1785136071.7484980
1785136071.7484980
1785136071.7484980
1785136071.7484980
1785136071.7484980
1785136071.7484980
1785136071.7484980
1785136071.7484980
1785136071.7484980
1785136071.7484980
1785136071.7484980
1785136071.7484980
1785136071.7484980
1785136071.7484980
1785136071.7484980
1785136071.7484980
1785136071.7484980
1785136071.7484980
1785136071.7484980
1785136071.7484980
1785136071.7484980
1785136071.7484980
1785136071.7484980
1785136071.7484980
1785136071.7484980
1785136071.7484980
1785136071.7484980
1785136071.7484980
1785136071.7484980
1785136071.7484980
1785136071.7484980
1785136071.7484980
1785136071.7484980
1785136071.7484980
1785136071.7484980
1785136071.7484980
1785136071.7484980
1785136071.7484980
1785136071.7484980
1785136071.7484980
1785136071.7484980
1785136071.7484980
1785136071.7484980
1785136071.7484980
1785136071.7484980
1785136071.7484980
1785136071.7484980
1785136071.7484980
1785136071.7487199
1785136071.7487199
1785136071.7487199
1785136071.7487199
1785136071.7487199
1785136071.7487199
1785136071.7487199
1785136071.7487199
1785136071.7487199
1785136071.7487199
1785136071.7487199
1785136071.7487199
1785136071.7487199
1785136071.7487199
1785136071.7487199
1785136071.7487199
1785136071.7487199
1785136071.7487199
1785136071.7487199
1785136071.7487199
1785136071.7487199
1785136071.7487199
1785136071.7487199
1785136071.7487199
1785136071.7487199
1785136071.7487199
1785136071.7487199
1785136071.7487199
1785136071.7487199
1785136071.7487199
1785136071.7487199
1785136071.7487199
1785136071.7487199
1785136071.7487199
1785136071.7487199
1785136071.7487199
1785136071.7487199
1785136071.7487199
1785136071.7487199
1785136071.7487199
1785136071.7487199
1785136071.7487199
1785136071.7487199
1785136071.7487199
1785136071.7487199
1785136071.7487199
1785136071.7487199
1785136071.7487199
1785136071.7487199
1785136071.7487199
1785136071.7487199
1785136071.7487199
1785136071.7487199
1785136071.7487199
1785136071.7487199
1785136071.7487199
1785136071.7487199
1785136071.7487199
1785136071.7487199
1785136071.7487199
1785136071.7487199
1785136071.7487199
1785136071.7487199
1785136071.7487199
1785136071.7487199
1785136071.7487199
1785136071.7487199
1785136071.7487199
1785136071.7487199
1785136071.7487199
1785136071.7487199
1785136071.7487199
1785136071.7487199
1785136071.7487199
1785136071.7487199
1785136071.7487199
1785136071.7487199
1785136071.7487199
1785136071.7487199
1785136071.7487199
1785136071.7487199
1785136071.7487199
1785136071.7487199
1785136071.7487199
1785136071.7487199
1785136071.7487199
1785136071.7487199
1785136071.7487199
1785136071.7487199
1785136071.7487199
1785136071.7487199
1785136071.7487199
1785136071.7487199
1785136071.7487199
1785136071.7487199
1785136071.7487199
1785136071.7487199
1785136071.7487199
1785136071.7487199
1785136071.7487199
1785136071.7487199
1785136071.7487199
1785136071.7487199
1785136071.7487199
1785136071.7487199
1785136071.7487199
1785136071.7487199
1785136071.7489431
1785136071.7489431
1785136071.7489431
1785136071.7489431
1785136071.7489431
1785136071.7489431
1785136071.7489431
1785136071.7489431
1785136071.7489431
1785136071.7489431
1785136071.7489431
1785136071.7489431
1785136071.7489431
1785136071.7489431
1785136071.7489431
1785136071.7489431
1785136071.7489431
1785136071.7489431
1785136071.7489431
1785136071.7489431
1785136071.7489431
1785136071.7489431
1785136071.7489431
1785136071.7489431
1785136071.7489431
1785136071.7489431
1785136071.7489431
1785136071.7489431
1785136071.7489431
1785136071.7489431
1785136071.7489431
1785136071.7489431
1785136071.7489431
1785136071.7489431
1785136071.7489431
1785136071.7489431
1785136071.7489431
1785136071.7489431
1785136071.7489431
1785136071.7489431
1785136071.7489431
1785136071.7489431
1785136071.7489431
1785136071.7489431
1785136071.7489431
1785136071.7489431
1785136071.7489431
1785136071.7489431
1785136071.7489431
1785136071.7489431
1785136071.7489431
1785136071.7489431
1785136071.7489431
1785136071.7489431
1785136071.7489431
1785136071.7489431
1785136071.7489431
1785136071.7489431
1785136071.7489431
1785136071.7489431
1785136071.7489431
1785136071.7489431
1785136071.7489431
1785136071.7489431
1785136071.7489431
1785136071.7489431
1785136071.7489431
1785136071.7489431
1785136071.7489431
1785136071.7489431
1785136071.7489431
1785136071.7489431
1785136071.7489431
1785136071.7489431
1785136071.7489431
1785136071.7489431
1785136071.7489431
1785136071.7489431
1785136071.7489431
1785136071.7489431
1785136071.7489431
1785136071.7489431
1785136071.7489431
1785136071.7489431
1785136071.7489431
1785136071.7489431
1785136071.7489431
1785136071.7489431
1785136071.7489431
1785136071.7489431
1785136071.7489431
1785136071.7489431
1785136071.7489431
1785136071.7489431
1785136071.7489431
1785136071.7489431
1785136071.7489431
1785136071.7489431
1785136071.7489431
1785136071.7489431
1785136071.7489431
1785136071.7491651
1785136071.7491651
1785136071.7491651
1785136071.7491651
1785136071.7491651
1785136071.7491651
1785136071.7491651
1785136071.7491651
1785136071.7491651
1785136071.7491651
1785136071.7491651
1785136071.7491651
1785136071.7491651
1785136071.7491651
1785136071.7491651
1785136071.7491651
1785136071.7491651
1785136071.7491651
1785136071.7491651
1785136071.7491651
1785136071.7491651
1785136071.7491651
1785136071.7491651
1785136071.7491651
1785136071.7491651
1785136071.7491651
1785136071.7491651
1785136071.7491651
1785136071.7491651
1785136071.7491651
1785136071.7491651
1785136071.7491651
1785136071.7491651
1785136071.7491651
1785136071.7491651
1785136071.7491651
1785136071.7491651
1785136071.7491651
1785136071.7491651
1785136071.7491651
1785136071.7491651
1785136071.7491651
1785136071.7491651
1785136071.7491651
1785136071.7491651
1785136071.7491651
1785136071.7491651
1785136071.7491651
1785136071.7491651
1785136071.7491651
1785136071.7491651
1785136071.7491651
1785136071.7491651
1785136071.7491651
1785136071.7491651
1785136071.7491651
1785136071.7491651
1785136071.7491651
1785136071.7491651
1785136071.7491651
1785136071.7491651
1785136071.7491651
1785136071.7491651
1785136071.7491651
1785136071.7491651
1785136071.7491651
1785136071.7491651
1785136071.7491651
1785136071.7491651
1785136071.7491651
1785136071.7491651
1785136071.7491651
1785136071.7491651
1785136071.7491651
1785136071.7491651
1785136071.7491651
1785136071.7491651
1785136071.7491651
1785136071.7491651
1785136071.7491651
1785136071.7491651
1785136071.7491651
1785136071.7491651
1785136071.7491651
1785136071.7491651
1785136071.7491651
1785136071.7491651
1785136071.7491651
1785136071.7491651
1785136071.7491651
1785136071.7491651
1785136071.7491651
1785136071.7491651
1785136071.7491651
1785136071.7491651
1785136071.7491651
1785136071.7493870
1785136071.7493870
1785136071.7493870
1785136071.7493870
1785136071.7493870
1785136071.7493870
1785136071.7493870
1785136071.7493870
1785136071.7493870
1785136071.7493870
1785136071.7493870
1785136071.7493870
1785136071.7493870
1785136071.7493870
1785136071.7493870
1785136071.7493870
1785136071.7493870
1785136071.7493870
1785136071.7493870
1785136071.7493870
1785136071.7493870
1785136071.7493870
1785136071.7493870
1785136071.7493870
1785136071.7493870
1785136071.7493870
1785136071.7493870
1785136071.7493870
1785136071.7493870
1785136071.7493870
1785136071.7493870
1785136071.7493870
1785136071.7493870
1785136071.7493870
1785136071.7493870
1785136071.7493870
1785136071.7493870
1785136071.7493870
1785136071.7493870
1785136071.7493870
1785136071.7493870
1785136071.7493870
1785136071.7493870
1785136071.7493870
1785136071.7493870
1785136071.7493870
1785136071.7493870
1785136071.7493870
1785136071.7493870
1785136071.7493870
1785136071.7493870
1785136071.7493870
1785136071.7493870
1785136071.7493870
1785136071.7493870
1785136071.7493870
1785136071.7493870
1785136071.7493870
1785136071.7493870
1785136071.7493870
1785136071.7493870
1785136071.7493870
1785136071.7493870
1785136071.7493870
1785136071.7493870
1785136071.7493870
1785136071.7493870
1785136071.7493870
1785136071.7493870
1785136071.7493870
1785136071.7493870
1785136071.7493870
1785136071.7493870
1785136071.7493870
1785136071.7493870
1785136071.7493870
1785136071.7493870
1785136071.7493870
1785136071.7493870
1785136071.7493870
1785136071.7493870
1785136071.7493870
1785136071.7493870
1785136071.7493870
1785136071.7493870
1785136071.7493870
1785136071.7493870
1785136071.7493870
1785136071.7493870
1785136071.7496090
1785136071.7496090
1785136071.7496090
1785136071.7496090
1785136071.7496090
1785136071.7496090
1785136071.7496090
1785136071.7496090
1785136071.7496090
1785136071.7496090
1785136071.7496090
1785136071.7496090
1785136071.7496090
1785136071.7496090
1785136071.7496090
1785136071.7496090
1785136071.7496090
1785136071.7496090
1785136071.7496090
1785136071.7496090
1785136071.7496090
1785136071.7496090
1785136071.7496090
1785136071.7496090
1785136071.7496090
1785136071.7496090
1785136071.7496090
1785136071.7496090
1785136071.7496090
1785136071.7496090
1785136071.7496090
1785136071.7496090
1785136071.7496090
1785136071.7496090
1785136071.7496090
1785136071.7496090
1785136071.7496090
1785136071.7496090
1785136071.7496090
1785136071.7496090
1785136071.7496090
1785136071.7496090
1785136071.7496090
1785136071.7496090
1785136071.7496090
1785136071.7496090
1785136071.7496090
1785136071.7496090
1785136071.7496090
1785136071.7496090
1785136071.7496090
1785136071.7496090
1785136071.7496090
1785136071.7496090
1785136071.7496090
1785136071.7496090
1785136071.7496090
1785136071.7496090
1785136071.7496090
1785136071.7496090
1785136071.7496090
1785136071.7496090
1785136071.7496090
1785136071.7496090
1785136071.7496090
1785136071.7496090
1785136071.7496090
1785136071.7496090
1785136071.7496090
1785136071.7496090
1785136071.7496090
1785136071.7496090
1785136071.7496090
1785136071.7496090
1785136071.7496090
1785136071.7496090
1785136071.7496090
1785136071.7496090
1785136071.7496090
1785136071.7496090
1785136071.7496090
1785136071.7496090
1785136071.7496090
1785136071.7496090
1785136071.7496090
1785136071.7496090
1785136071.7498319
1785136071.7498319
1785136071.7498319
1785136071.7498319
1785136071.7498319
1785136071.7498319
1785136071.7498319
1785136071.7498319
1785136071.7498319
1785136071.7498319
1785136071.7498319
1785136071.7498319
1785136071.7498319
1785136071.7498319
1785136071.7498319
1785136071.7498319
1785136071.7498319
1785136071.7498319
1785136071.7498319
1785136071.7498319
1785136071.7498319
1785136071.7498319
1785136071.7498319
1785136071.7498319
1785136071.7498319
1785136071.7498319
1785136071.7498319
1785136071.7498319
1785136071.7498319
1785136071.7498319
1785136071.7498319
1785136071.7498319
1785136071.7498319
1785136071.7498319
1785136071.7498319
1785136071.7498319
1785136071.7498319
1785136071.7498319
1785136071.7498319
1785136071.7498319
1785136071.7498319
1785136071.7498319
1785136071.7498319
1785136071.7498319
1785136071.7498319
1785136071.7498319
1785136071.7498319
1785136071.7498319
1785136071.7498319
1785136071.7498319
1785136071.7498319
1785136071.7498319
1785136071.7498319
1785136071.7498319
1785136071.7498319
1785136071.7498319
1785136071.7498319
1785136071.7498319
1785136071.7498319
1785136071.7498319
1785136071.7498319
1785136071.7498319
1785136071.7498319
1785136071.7498319
1785136071.7498319
1785136071.7498319
1785136071.7498319
1785136071.7498319
1785136071.7498319
1785136071.7498319
1785136071.7498319
1785136071.7498319
1785136071.7498319
1785136071.7498319
1785136071.7498319
1785136071.7498319
1785136071.7498319
1785136071.7498319
1785136071.7498319
1785136071.7498319
1785136071.7498319
1785136071.7498319
1785136071.7498319
1785136071.7498319
1785136071.7498319
1785136071.7498319
1785136071.7498319
1785136071.7500539
1785136071.7500539
1785136071.7500539
1785136071.7500539
1785136071.7500539
1785136071.7500539
1785136071.7500539
1785136071.7500539
1785136071.7500539
1785136071.7500539
1785136071.7500539
1785136071.7500539
1785136071.7500539
1785136071.7500539
1785136071.7500539
1785136071.7500539
1785136071.7500539
1785136071.7500539
1785136071.7500539
1785136071.7500539
1785136071.7500539
1785136071.7500539
1785136071.7500539
1785136071.7500539
1785136071.7500539
1785136071.7500539
1785136071.7500539
1785136071.7500539
1785136071.7500539
1785136071.7500539
1785136071.7500539
1785136071.7500539
1785136071.7500539
1785136071.7500539
1785136071.7500539
1785136071.7500539
1785136071.7500539
1785136071.7500539
1785136071.7500539
1785136071.7500539
1785136071.7500539
1785136071.7500539
1785136071.7500539
1785136071.7500539
1785136071.7500539
1785136071.7500539
1785136071.7500539
1785136071.7500539
1785136071.7500539
1785136071.7500539
1785136071.7500539
1785136071.7500539
1785136071.7500539
1785136071.7500539
1785136071.7500539
1785136071.7500539
1785136071.7500539
1785136071.7500539
1785136071.7500539
1785136071.7500539
1785136071.7500539
1785136071.7500539
1785136071.7500539
1785136071.7500539
1785136071.7500539
1785136071.7500539
1785136071.7500539
1785136071.7500539
1785136071.7500539
1785136071.7500539
1785136071.7500539
1785136071.7500539
1785136071.7500539
1785136071.7500539
1785136071.7500539
1785136071.7500539
1785136071.7500539
1785136071.7500539
1785136071.7500539
1785136071.7500539
1785136071.7500539
1785136071.7500539
1785136071.7500539
1785136071.7500539
1785136071.7500539
1785136071.7500539
1785136071.7500539
1785136071.7500539
1785136071.7502761
1785136071.7502761
1785136071.7502761
1785136071.7502761
1785136071.7502761
1785136071.7502761
1785136071.7502761
1785136071.7502761
1785136071.7502761
1785136071.7502761
1785136071.7502761
1785136071.7502761
1785136071.7502761
1785136071.7502761
1785136071.7502761
1785136071.7502761
1785136071.7502761
1785136071.7502761
1785136071.7502761
1785136071.7502761
1785136071.7502761
1785136071.7502761
1785136071.7502761
1785136071.7502761
1785136071.7502761
1785136071.7502761
1785136071.7502761
1785136071.7502761
1785136071.7502761
1785136071.7502761
1785136071.7502761
1785136071.7502761
1785136071.7502761
1785136071.7502761
1785136071.7502761
1785136071.7502761
1785136071.7502761
1785136071.7502761
1785136071.7502761
1785136071.7502761
1785136071.7502761
1785136071.7502761
1785136071.7502761
1785136071.7502761
1785136071.7502761
1785136071.7502761
1785136071.7502761
1785136071.7502761
1785136071.7502761
1785136071.7502761
1785136071.7502761
1785136071.7502761
1785136071.7502761
1785136071.7502761
1785136071.7502761
1785136071.7502761
1785136071.7502761
1785136071.7502761
1785136071.7502761
1785136071.7502761
1785136071.7502761
1785136071.7502761
1785136071.7502761
1785136071.7502761
1785136071.7502761
1785136071.7502761
1785136071.7502761
1785136071.7502761
1785136071.7502761
1785136071.7502761
1785136071.7502761
1785136071.7502761
1785136071.7502761
1785136071.7502761
1785136071.7502761
1785136071.7502761
1785136071.7502761
1785136071.7502761
1785136071.7502761
1785136071.7502761
1785136071.7502761
1785136071.7502761
1785136071.7502761
1785136071.7502761
1785136071.7502761
1785136071.7504981
1785136071.7504981
1785136071.7504981
1785136071.7504981
1785136071.7504981
1785136071.7504981
1785136071.7504981
1785136071.7504981
1785136071.7504981
1785136071.7504981
1785136071.7504981
1785136071.7504981
1785136071.7504981
1785136071.7504981
1785136071.7504981
1785136071.7504981
1785136071.7504981
1785136071.7504981
1785136071.7504981
1785136071.7504981
1785136071.7504981
1785136071.7504981
1785136071.7504981
1785136071.7504981
1785136071.7504981
1785136071.7504981
1785136071.7504981
1785136071.7504981
1785136071.7504981
1785136071.7504981
1785136071.7504981
1785136071.7504981
1785136071.7504981
1785136071.7504981
1785136071.7504981
1785136071.7504981
1785136071.7504981
1785136071.7504981
1785136071.7504981
1785136071.7504981
1785136071.7504981
1785136071.7504981
1785136071.7504981
1785136071.7504981
1785136071.7504981
1785136071.7504981
1785136071.7504981
1785136071.7504981
1785136071.7504981
1785136071.7504981
1785136071.7504981
1785136071.7504981
1785136071.7504981
1785136071.7504981
1785136071.7504981
1785136071.7504981
1785136071.7504981
1785136071.7504981
1785136071.7504981
1785136071.7504981
1785136071.7504981
1785136071.7504981
1785136071.7504981
1785136071.7504981
1785136071.7504981
1785136071.7504981
1785136071.7504981
1785136071.7504981
1785136071.7504981
1785136071.7504981
1785136071.7504981
1785136071.7504981
1785136071.7504981
1785136071.7504981
1785136071.7507200
1785136071.7507200
1785136071.7507200
1785136071.7507200
1785136071.7507200
1785136071.7507200
1785136071.7507200
1785136071.7507200
1785136071.7507200
1785136071.7507200
1785136071.7507200
1785136071.7507200
1785136071.7507200
1785136071.7507200
1785136071.7507200
1785136071.7507200
1785136071.7507200
1785136071.7507200
1785136071.7507200
1785136071.7507200
1785136071.7507200
1785136071.7507200
1785136071.7507200
1785136071.7507200
1785136071.7507200
1785136071.7507200
1785136071.7507200
1785136071.7507200
1785136071.7507200
1785136071.7507200
1785136071.7507200
1785136071.7507200
1785136071.7507200
1785136071.7507200
1785136071.7507200
1785136071.7507200
1785136071.7507200
1785136071.7507200
1785136071.7507200
1785136071.7507200
1785136071.7507200
1785136071.7507200
1785136071.7507200
1785136071.7507200
1785136071.7507200
1785136071.7507200
1785136071.7507200
1785136071.7507200
1785136071.7507200
1785136071.7507200
1785136071.7507200
1785136071.7507200
1785136071.7507200
1785136071.7507200
1785136071.7507200
1785136071.7507200
1785136071.7507200
1785136071.7507200
1785136071.7507200
1785136071.7507200
1785136071.7507200
1785136071.7507200
1785136071.7507200
1785136071.7507200
1785136071.7507200
1785136071.7507200
1785136071.7507200
1785136071.7507200
1785136071.7507200
1785136071.7507200
1785136071.7507200
1785136071.7509429
1785136071.7509429
1785136071.7509429
1785136071.7509429
1785136071.7509429
1785136071.7509429
1785136071.7509429
1785136071.7509429
1785136071.7509429
1785136071.7509429
1785136071.7509429
1785136071.7509429
1785136071.7509429
1785136071.7509429
1785136071.7509429
1785136071.7509429
1785136071.7509429
1785136071.7509429
1785136071.7509429
1785136071.7509429
1785136071.7509429
1785136071.7509429
1785136071.7509429
1785136071.7509429
1785136071.7509429
1785136071.7509429
1785136071.7509429
1785136071.7509429
1785136071.7509429
1785136071.7509429
1785136071.7509429
1785136071.7509429
1785136071.7509429
1785136071.7509429
1785136071.7509429
1785136071.7509429
1785136071.7509429
1785136071.7509429
1785136071.7509429
1785136071.7509429
1785136071.7509429
1785136071.7509429
1785136071.7509429
1785136071.7509429
1785136071.7509429
1785136071.7509429
1785136071.7509429
1785136071.7509429
1785136071.7509429
1785136071.7509429
1785136071.7509429
1785136071.7509429
1785136071.7509429
1785136071.7509429
1785136071.7509429
1785136071.7509429
1785136071.7509429
1785136071.7509429
1785136071.7509429
1785136071.7509429
1785136071.7511649
1785136071.7511649
1785136071.7511649
1785136071.7511649
1785136071.7511649
1785136071.7511649
1785136071.7511649
1785136071.7511649
1785136071.7511649
1785136071.7511649
1785136071.7511649
1785136071.7511649
1785136071.7511649
1785136071.7511649
1785136071.7511649
1785136071.7511649
1785136071.7511649
1785136071.7511649
1785136071.7511649
1785136071.7511649
1785136071.7511649
1785136071.7511649
1785136071.7511649
1785136071.7511649
1785136071.7511649
1785136071.7511649
1785136071.7511649
1785136071.7511649
1785136071.7511649
1785136071.7511649
1785136071.7511649
1785136071.7511649
1785136071.7511649
1785136071.7511649
1785136071.7511649
1785136071.7511649
1785136071.7511649
1785136071.7511649
1785136071.7511649
1785136071.7511649
1785136071.7511649
1785136071.7511649
1785136071.7511649
1785136071.7511649
1785136071.7511649
1785136071.7511649
1785136071.7511649
1785136071.7511649
1785136071.7511649
1785136071.7511649
1785136071.7511649
1785136071.7511649
1785136071.7511649
1785136071.7511649
1785136071.7511649
1785136071.7513869
1785136071.7513869
1785136071.7513869
1785136071.7513869
1785136071.7513869
1785136071.7513869
1785136071.7513869
1785136071.7513869
1785136071.7513869
1785136071.7513869
1785136071.7513869
1785136071.7513869
1785136071.7513869
1785136071.7513869
1785136071.7513869
1785136071.7513869
1785136071.7513869
1785136071.7513869
1785136071.7513869
1785136071.7513869
1785136071.7513869
1785136071.7513869
1785136071.7513869
1785136071.7513869
1785136071.7513869
1785136071.7513869
1785136071.7513869
1785136071.7513869
1785136071.7513869
1785136071.7513869
1785136071.7513869
1785136071.7513869
1785136071.7513869
1785136071.7513869
1785136071.7513869
1785136071.7513869
1785136071.7513869
1785136071.7513869
1785136071.7513869
1785136071.7513869
1785136071.7513869
1785136071.7513869
1785136071.7513869
1785136071.7513869
1785136071.7513869
1785136071.7513869
1785136071.7513869
1785136071.7513869
1785136071.7513869
1785136071.7513869
1785136071.7513869
1785136071.7516091
1785136071.7516091
1785136071.7516091
1785136071.7516091
1785136071.7516091
1785136071.7516091
1785136071.7516091
1785136071.7516091
1785136071.7516091
1785136071.7516091
1785136071.7516091
1785136071.7516091
1785136071.7516091
1785136071.7516091
1785136071.7516091
1785136071.7516091
1785136071.7516091
1785136071.7516091
1785136071.7516091
1785136071.7516091
1785136071.7516091
1785136071.7516091
1785136071.7516091
1785136071.7516091
1785136071.7516091
1785136071.7516091
1785136071.7516091
1785136071.7516091
1785136071.7516091
1785136071.7516091
1785136071.7516091
1785136071.7516091
1785136071.7516091
1785136071.7516091
1785136071.7516091
1785136071.7516091
1785136071.7516091
1785136071.7516091
1785136071.7516091
1785136071.7516091
1785136071.7516091
1785136071.7516091
1785136071.7516091
1785136071.7516091
1785136071.7516091
1785136071.7516091
1785136071.7516091
1785136071.7516091
1785136071.7516091
1785136071.7516091
1785136071.7518311
1785136071.7518311
1785136071.7518311
1785136071.7518311
1785136071.7518311
1785136071.7518311
1785136071.7518311
1785136071.7518311
1785136071.7518311
1785136071.7518311
1785136071.7518311
1785136071.7518311
1785136071.7518311
1785136071.7518311
1785136071.7518311
1785136071.7518311
1785136071.7518311
1785136071.7518311
1785136071.7518311
1785136071.7518311
1785136071.7518311
1785136071.7518311
1785136071.7518311
1785136071.7518311
1785136071.7518311
1785136071.7518311
1785136071.7518311
1785136071.7518311
1785136071.7518311
1785136071.7518311
1785136071.7518311
1785136071.7518311
1785136071.7518311
1785136071.7518311
1785136071.7518311
1785136071.7518311
1785136071.7518311
1785136071.7518311
1785136071.7518311
1785136071.7518311
1785136071.7518311
1785136071.7518311
1785136071.7518311
1785136071.7518311
1785136071.7518311
1785136071.7518311
1785136071.7518311
1785136071.7518311
1785136071.7520540
1785136071.7520540
1785136071.7520540
1785136071.7520540
1785136071.7520540
1785136071.7520540
1785136071.7520540
1785136071.7520540
1785136071.7520540
1785136071.7520540
1785136071.7520540
1785136071.7520540
1785136071.7520540
1785136071.7520540
1785136071.7520540
1785136071.7520540
1785136071.7520540
1785136071.7520540
1785136071.7520540
1785136071.7520540
1785136071.7520540
1785136071.7520540
1785136071.7520540
1785136071.7520540
1785136071.7520540
1785136071.7520540
1785136071.7520540
1785136071.7520540
1785136071.7520540
1785136071.7520540
1785136071.7520540
1785136071.7520540
1785136071.7520540
1785136071.7520540
1785136071.7520540
1785136071.7520540
1785136071.7520540
1785136071.7520540
1785136071.7520540
1785136071.7520540
1785136071.7520540
1785136071.7520540
1785136071.7520540
1785136071.7520540
1785136071.7520540
1785136071.7522759
1785136071.7522759
1785136071.7522759
1785136071.7522759
1785136071.7522759
1785136071.7522759
1785136071.7522759
1785136071.7522759
1785136071.7522759
1785136071.7522759
1785136071.7522759
1785136071.7522759
1785136071.7522759
1785136071.7522759
1785136071.7522759
1785136071.7522759
1785136071.7522759
1785136071.7522759
1785136071.7522759
1785136071.7522759
1785136071.7522759
1785136071.7522759
1785136071.7522759
1785136071.7522759
1785136071.7522759
1785136071.7522759
1785136071.7522759
1785136071.7522759
1785136071.7522759
1785136071.7522759
1785136071.7522759
1785136071.7522759
1785136071.7522759
1785136071.7522759
1785136071.7522759
1785136071.7522759
1785136071.7522759
1785136071.7522759
1785136071.7522759
1785136071.7522759
1785136071.7522759
1785136071.7522759
1785136071.7522759
1785136071.7522759
1785136071.7522759
1785136071.7524979
1785136071.7524979
1785136071.7524979
1785136071.7524979
1785136071.7524979
1785136071.7524979
1785136071.7524979
1785136071.7524979
1785136071.7524979
1785136071.7524979
1785136071.7524979
1785136071.7524979
1785136071.7524979
1785136071.7524979
1785136071.7524979
1785136071.7524979
1785136071.7524979
1785136071.7524979
1785136071.7524979
1785136071.7524979
1785136071.7524979
1785136071.7524979
1785136071.7524979
1785136071.7524979
1785136071.7524979
1785136071.7524979
1785136071.7524979
1785136071.7524979
1785136071.7524979
1785136071.7524979
1785136071.7524979
1785136071.7524979
1785136071.7524979
1785136071.7524979
1785136071.7524979
1785136071.7524979
1785136071.7524979
1785136071.7524979
1785136071.7524979
1785136071.7524979
1785136071.7524979
1785136071.7524979
1785136071.7524979
1785136071.7524979
1785136071.7524979
1785136071.7524979
1785136071.7524979
1785136071.7524979
1785136071.7524979
1785136071.7524979
1785136071.7527201
1785136071.7527201
1785136071.7527201
1785136071.7527201
1785136071.7527201
1785136071.7527201
1785136071.7527201
1785136071.7527201
1785136071.7527201
1785136071.7527201
1785136071.7527201
1785136071.7527201
1785136071.7527201
1785136071.7527201
1785136071.7527201
1785136071.7527201
1785136071.7527201
1785136071.7527201
1785136071.7527201
1785136071.7527201
1785136071.7527201
1785136071.7527201
1785136071.7527201
1785136071.7527201
1785136071.7527201
1785136071.7527201
1785136071.7527201
1785136071.7527201
1785136071.7527201
1785136071.7527201
1785136071.7527201
1785136071.7527201
1785136071.7527201
1785136071.7527201
1785136071.7527201
1785136071.7527201
1785136071.7527201
1785136071.7527201
1785136071.7527201
1785136071.7527201
1785136071.7527201
1785136071.7527201
1785136071.7527201
1785136071.7527201
1785136071.7527201
1785136071.7527201
1785136071.7527201
1785136071.7527201
1785136071.7527201
1785136071.7527201
1785136071.7527201
1785136071.7527201
1785136071.7527201
1785136071.7527201
1785136071.7527201
1785136071.7527201
1785136071.7527201
1785136071.7527201
1785136071.7527201
1785136071.7527201
1785136071.7527201
1785136071.7527201
1785136071.7527201
1785136071.7529430
1785136071.7529430
1785136071.7529430
1785136071.7529430
1785136071.7529430
1785136071.7529430
1785136071.7529430
1785136071.7529430
1785136071.7529430
1785136071.7529430
1785136071.7529430
1785136071.7529430
1785136071.7529430
1785136071.7529430
1785136071.7529430
1785136071.7529430
1785136071.7529430
1785136071.7529430
1785136071.7529430
1785136071.7529430
1785136071.7529430
1785136071.7529430
1785136071.7529430
1785136071.7529430
1785136071.7529430
1785136071.7529430
1785136071.7529430
1785136071.7529430
1785136071.7529430
1785136071.7529430
1785136071.7529430
1785136071.7529430
1785136071.7529430
1785136071.7529430
1785136071.7529430
1785136071.7529430
1785136071.7529430
1785136071.7529430
1785136071.7529430
1785136071.7529430
1785136071.7529430
1785136071.7529430
1785136071.7529430
1785136071.7529430
1785136071.7529430
1785136071.7529430
1785136071.7529430
1785136071.7529430
1785136071.7529430
1785136071.7529430
1785136071.7529430
1785136071.7529430
1785136071.7529430
1785136071.7529430
1785136071.7529430
1785136071.7529430
1785136071.7529430
1785136071.7529430
1785136071.7529430
1785136071.7529430
1785136071.7529430
1785136071.7529430
1785136071.7529430
1785136071.7531650
1785136071.7531650
1785136071.7531650
1785136071.7531650
1785136071.7531650
1785136071.7531650
1785136071.7531650
1785136071.7531650
1785136071.7531650
1785136071.7531650
1785136071.7531650
1785136071.7531650
1785136071.7531650
1785136071.7531650
1785136071.7531650
1785136071.7531650
1785136071.7531650
1785136071.7531650
1785136071.7531650
1785136071.7531650
1785136071.7531650
1785136071.7531650
1785136071.7531650
1785136071.7531650
1785136071.7531650
1785136071.7531650
1785136071.7531650
1785136071.7531650
1785136071.7531650
1785136071.7531650
1785136071.7531650
1785136071.7531650
1785136071.7531650
1785136071.7531650
1785136071.7531650
1785136071.7531650
1785136071.7531650
1785136071.7531650
1785136071.7531650
1785136071.7531650
1785136071.7531650
1785136071.7531650
1785136071.7531650
1785136071.7531650
1785136071.7531650
1785136071.7531650
1785136071.7531650
1785136071.7531650
1785136071.7531650
1785136071.7531650
1785136071.7531650
1785136071.7531650
1785136071.7531650
1785136071.7531650
1785136071.7533870
1785136071.7533870
1785136071.7533870
1785136071.7533870
1785136071.7533870
1785136071.7533870
1785136071.7533870
1785136071.7533870
1785136071.7533870
1785136071.7533870
1785136071.7533870
1785136071.7533870
1785136071.7533870
1785136071.7533870
1785136071.7533870
1785136071.7533870
1785136071.7533870
1785136071.7533870
1785136071.7533870
1785136071.7533870
1785136071.7533870
1785136071.7533870
1785136071.7533870
1785136071.7533870
1785136071.7533870
1785136071.7533870
1785136071.7533870
1785136071.7533870
1785136071.7533870
1785136071.7533870
1785136071.7533870
1785136071.7533870
1785136071.7533870
1785136071.7533870
1785136071.7533870
1785136071.7533870
1785136071.7533870
1785136071.7533870
1785136071.7533870
1785136071.7533870
1785136071.7533870
1785136071.7533870
1785136071.7533870
1785136071.7533870
1785136071.7533870
1785136071.7533870
1785136071.7533870
1785136071.7533870
1785136071.7533870
1785136071.7533870
1785136071.7533870
1785136071.7533870
1785136071.7533870
1785136071.7533870
1785136071.7533870
1785136071.7533870
1785136071.7533870
1785136071.7536089
1785136071.7536089
1785136071.7536089
1785136071.7536089
1785136071.7536089
1785136071.7536089
1785136071.7536089
1785136071.7536089
1785136071.7536089
1785136071.7536089
1785136071.7536089
1785136071.7536089
1785136071.7536089
1785136071.7536089
1785136071.7536089
1785136071.7536089
1785136071.7536089
1785136071.7536089
1785136071.7536089
1785136071.7536089
1785136071.7536089
1785136071.7536089
1785136071.7536089
1785136071.7536089
1785136071.7536089
1785136071.7536089
1785136071.7536089
1785136071.7536089
1785136071.7536089
1785136071.7536089
1785136071.7536089
1785136071.7536089
1785136071.7536089
1785136071.7536089
1785136071.7536089
1785136071.7536089
1785136071.7536089
1785136071.7536089
1785136071.7536089
1785136071.7536089
1785136071.7536089
1785136071.7536089
1785136071.7536089
1785136071.7536089
1785136071.7536089
1785136071.7536089
1785136071.7536089
1785136071.7538321
1785136071.7538321
1785136071.7538321
1785136071.7538321
1785136071.7538321
1785136071.7538321
1785136071.7538321
1785136071.7538321
1785136071.7538321
1785136071.7538321
1785136071.7538321
1785136071.7538321
1785136071.7538321
1785136071.7538321
1785136071.7538321
1785136071.7538321
1785136071.7538321
1785136071.7538321
1785136071.7538321
1785136071.7538321
1785136071.7538321
1785136071.7538321
1785136071.7538321
1785136071.7538321
1785136071.7538321
1785136071.7538321
1785136071.7538321
1785136071.7538321
1785136071.7538321
1785136071.7538321
1785136071.7538321
1785136071.7538321
1785136071.7538321
1785136071.7538321
1785136071.7538321
1785136071.7538321
1785136071.7538321
1785136071.7538321
1785136071.7538321
1785136071.7538321
1785136071.7538321
1785136071.7538321
1785136071.7538321
1785136071.7538321
1785136071.7538321
1785136071.7538321
1785136071.7538321
1785136071.7538321
1785136071.7538321
1785136071.7538321
1785136071.7538321
1785136071.7538321
1785136071.7538321
1785136071.7538321
1785136071.7538321
1785136071.7540541
1785136071.7540541
1785136071.7540541
1785136071.7540541
1785136071.7540541
1785136071.7540541
1785136071.7540541
1785136071.7540541
1785136071.7540541
1785136071.7540541
1785136071.7540541
1785136071.7540541
1785136071.7540541
1785136071.7540541
1785136071.7540541
1785136071.7540541
1785136071.7540541
1785136071.7540541
1785136071.7540541
1785136071.7540541
1785136071.7540541
1785136071.7540541
1785136071.7540541
1785136071.7540541
1785136071.7540541
1785136071.7540541
1785136071.7540541
1785136071.7540541
1785136071.7540541
1785136071.7540541
1785136071.7540541
1785136071.7540541
1785136071.7540541
1785136071.7540541
1785136071.7540541
1785136071.7540541
1785136071.7540541
1785136071.7540541
1785136071.7540541
1785136071.7540541
1785136071.7540541
1785136071.7540541
1785136071.7540541
1785136071.7540541
1785136071.7540541
1785136071.7540541
1785136071.7540541
1785136071.7540541
1785136071.7540541
1785136071.7540541
1785136071.7540541
1785136071.7540541
1785136071.7540541
1785136071.7540541
1785136071.7540541
1785136071.7540541
1785136071.7540541
1785136071.7540541
1785136071.7540541
1785136071.7540541
1785136071.7542760
1785136071.7542760
1785136071.7542760
1785136071.7542760
1785136071.7542760
1785136071.7542760
1785136071.7542760
1785136071.7542760
1785136071.7542760
1785136071.7542760
1785136071.7542760
1785136071.7542760
1785136071.7542760
1785136071.7542760
1785136071.7542760
1785136071.7542760
1785136071.7542760
1785136071.7542760
1785136071.7542760
1785136071.7542760
1785136071.7542760
1785136071.7542760
1785136071.7542760
1785136071.7542760
1785136071.7542760
1785136071.7542760
1785136071.7542760
1785136071.7542760
1785136071.7542760
1785136071.7542760
1785136071.7542760
1785136071.7542760
1785136071.7542760
1785136071.7542760
1785136071.7542760
1785136071.7542760
1785136071.7542760
1785136071.7542760
1785136071.7542760
1785136071.7542760
1785136071.7542760
1785136071.7542760
1785136071.7542760
1785136071.7542760
1785136071.7542760
1785136071.7542760
1785136071.7542760
1785136071.7542760
1785136071.7542760
1785136071.7542760
1785136071.7542760
1785136071.7542760
1785136071.7542760
1785136071.7542760
1785136071.7542760
1785136071.7542760
1785136071.7542760
1785136071.7542760
1785136071.7542760
1785136071.7542760
1785136071.7542760
1785136071.7542760
1785136071.7542760
1785136071.7544980
1785136071.7544980
1785136071.7544980
1785136071.7544980
1785136071.7544980
1785136071.7544980
1785136071.7544980
1785136071.7544980
1785136071.7544980
1785136071.7544980
1785136071.7544980
1785136071.7544980
1785136071.7544980
1785136071.7544980
1785136071.7544980
1785136071.7544980
1785136071.7544980
1785136071.7544980
1785136071.7544980
1785136071.7544980
1785136071.7544980
1785136071.7544980
1785136071.7544980
1785136071.7544980
1785136071.7544980
1785136071.7544980
1785136071.7544980
1785136071.7544980
1785136071.7544980
1785136071.7544980
1785136071.7544980
1785136071.7544980
1785136071.7544980
1785136071.7544980
1785136071.7544980
1785136071.7544980
1785136071.7544980
1785136071.7544980
1785136071.7544980
1785136071.7544980
1785136071.7544980
1785136071.7544980
1785136071.7544980
1785136071.7544980
1785136071.7544980
1785136071.7544980
1785136071.7544980
1785136071.7544980
1785136071.7544980
1785136071.7544980
1785136071.7544980
1785136071.7544980
1785136071.7544980
1785136071.7544980
1785136071.7544980
1785136071.7544980
1785136071.7544980
1785136071.7544980
1785136071.7544980
1785136071.7544980
1785136071.7544980
1785136071.7544980
1785136071.7544980
1785136071.7544980
1785136071.7544980
1785136071.7544980
1785136071.7544980
1785136071.7544980
1785136071.7544980
1785136071.7544980
1785136071.7544980
1785136071.7544980
1785136071.7544980
1785136071.7547209
1785136071.7547209
1785136071.7547209
1785136071.7547209
1785136071.7547209
1785136071.7547209
1785136071.7547209
1785136071.7547209
1785136071.7547209
1785136071.7547209
1785136071.7547209
1785136071.7547209
1785136071.7547209
1785136071.7547209
1785136071.7547209
1785136071.7547209
1785136071.7547209
1785136071.7547209
1785136071.7547209
1785136071.7547209
1785136071.7547209
1785136071.7547209
1785136071.7547209
1785136071.7547209
1785136071.7547209
1785136071.7547209
1785136071.7547209
1785136071.7547209
1785136071.7547209
1785136071.7547209
1785136071.7547209
1785136071.7547209
1785136071.7547209
1785136071.7547209
1785136071.7547209
1785136071.7547209
1785136071.7547209
1785136071.7547209
1785136071.7547209
1785136071.7547209
1785136071.7547209
1785136071.7547209
1785136071.7547209
1785136071.7547209
1785136071.7547209
1785136071.7547209
1785136071.7547209
1785136071.7547209
1785136071.7547209
1785136071.7547209
1785136071.7547209
1785136071.7547209
1785136071.7547209
1785136071.7547209
1785136071.7547209
1785136071.7547209
1785136071.7547209
1785136071.7547209
1785136071.7547209
1785136071.7547209
1785136071.7547209
1785136071.7547209
1785136071.7547209
1785136071.7547209
1785136071.7547209
1785136071.7547209
1785136071.7547209
1785136071.7547209
1785136071.7547209
1785136071.7547209
1785136071.7547209
1785136071.7547209
1785136071.7547209
1785136071.7547209
1785136071.7547209
1785136071.7547209
1785136071.7547209
1785136071.7547209
1785136071.7547209
1785136071.7549429
1785136071.7549429
1785136071.7549429
1785136071.7549429
1785136071.7549429
1785136071.7549429
1785136071.7549429
1785136071.7549429
1785136071.7549429
1785136071.7549429
1785136071.7549429
1785136071.7549429
1785136071.7549429
1785136071.7549429
1785136071.7549429
1785136071.7549429
1785136071.7549429
1785136071.7549429
1785136071.7549429
1785136071.7549429
1785136071.7549429
1785136071.7549429
1785136071.7549429
1785136071.7549429
1785136071.7549429
1785136071.7549429
1785136071.7549429
1785136071.7549429
1785136071.7549429
1785136071.7549429
1785136071.7549429
1785136071.7549429
1785136071.7549429
1785136071.7549429
1785136071.7549429
1785136071.7549429
1785136071.7549429
1785136071.7549429
1785136071.7549429
1785136071.7549429
1785136071.7549429
1785136071.7549429
1785136071.7549429
1785136071.7549429
1785136071.7549429
1785136071.7549429
1785136071.7549429
1785136071.7549429
1785136071.7549429
1785136071.7549429
1785136071.7549429
1785136071.7549429
1785136071.7549429
1785136071.7549429
1785136071.7549429
1785136071.7549429
1785136071.7549429
1785136071.7549429
1785136071.7549429
1785136071.7549429
1785136071.7549429
1785136071.7551651
1785136071.7551651
1785136071.7551651
1785136071.7551651
1785136071.7551651
1785136071.7551651
1785136071.7551651
1785136071.7551651
1785136071.7551651
1785136071.7551651
1785136071.7551651
1785136071.7551651
1785136071.7551651
1785136071.7551651
1785136071.7551651
1785136071.7551651
1785136071.7551651
1785136071.7551651
1785136071.7551651
1785136071.7551651
1785136071.7551651
1785136071.7551651
1785136071.7551651
1785136071.7551651
1785136071.7551651
1785136071.7551651
1785136071.7551651
1785136071.7551651
1785136071.7551651
1785136071.7551651
1785136071.7551651
1785136071.7551651
1785136071.7551651
1785136071.7551651
1785136071.7553880
1785136071.7553880
1785136071.7553880
1785136071.7553880
1785136071.7553880
1785136071.7553880
1785136071.7553880
1785136071.7553880
1785136071.7553880
1785136071.7553880
1785136071.7553880
1785136071.7553880
1785136071.7553880
1785136071.7553880
1785136071.7553880
1785136071.7553880
1785136071.7553880
1785136071.7553880
1785136071.7553880
1785136071.7553880
1785136071.7553880
1785136071.7553880
1785136071.7553880
1785136071.7553880
1785136071.7553880
1785136071.7553880
1785136071.7553880
1785136071.7553880
1785136071.7553880
1785136071.7553880
1785136071.7553880
1785136071.7553880
1785136071.7556100
1785136071.7556100
1785136071.7556100
1785136071.7556100
1785136071.7556100
1785136071.7556100
1785136071.7556100
1785136071.7556100
1785136071.7556100
1785136071.7556100
1785136071.7556100
1785136071.7556100
1785136071.7556100
1785136071.7556100
1785136071.7556100
1785136071.7556100
1785136071.7556100
1785136071.7556100
1785136071.7556100
1785136071.7556100
1785136071.7556100
1785136071.7556100
1785136071.7556100
1785136071.7556100
1785136071.7556100
1785136071.7556100
1785136071.7556100
1785136071.7556100
1785136071.7556100
1785136071.7556100
1785136071.7556100
1785136071.7556100
1785136071.7558320
1785136071.7558320
1785136071.7558320
1785136071.7558320
1785136071.7558320
1785136071.7558320
1785136071.7558320
1785136071.7558320
1785136071.7558320
1785136071.7558320
1785136071.7558320
1785136071.7558320
1785136071.7558320
1785136071.7558320
1785136071.7558320
1785136071.7558320
1785136071.7558320
1785136071.7558320
1785136071.7558320
1785136071.7558320
1785136071.7558320
1785136071.7558320
1785136071.7558320
1785136071.7558320
1785136071.7558320
1785136071.7558320
1785136071.7558320
1785136071.7558320
1785136071.7558320
1785136071.7558320
1785136071.7558320
1785136071.7558320
1785136071.7560539
1785136071.7560539
1785136071.7560539
1785136071.7560539
1785136071.7560539
1785136071.7560539
1785136071.7560539
1785136071.7560539
1785136071.7560539
1785136071.7560539
1785136071.7560539
1785136071.7560539
1785136071.7560539
1785136071.7560539
1785136071.7560539
1785136071.7560539
1785136071.7560539
1785136071.7560539
1785136071.7560539
1785136071.7560539
1785136071.7560539
1785136071.7560539
1785136071.7560539
1785136071.7560539
1785136071.7560539
1785136071.7560539
1785136071.7560539
1785136071.7560539
1785136071.7560539
1785136071.7560539
1785136071.7560539
1785136071.7560539
1785136071.7562771
1785136071.7562771
1785136071.7562771
1785136071.7562771
1785136071.7562771
1785136071.7562771
1785136071.7562771
1785136071.7562771
1785136071.7562771
1785136071.7562771
1785136071.7562771
1785136071.7562771
1785136071.7562771
1785136071.7562771
1785136071.7562771
1785136071.7564991
1785136071.7564991
1785136071.7564991
1785136071.7564991
1785136071.7564991
1785136071.7564991
1785136071.7564991
1785136071.7564991
1785136071.7564991
1785136071.7564991
1785136071.7564991
1785136071.7564991
1785136071.7564991
1785136071.7564991
1785136071.7567210
1785136071.7605000
1785136071.7605000
1785136071.7605000
1785136071.7605000
1785136071.7605000
1785136071.7605000
1785136071.7605000
1785136071.7605000
1785136071.7605000
1785136071.7605000
1785136071.7605000
1785136071.7605000
1785136071.7607219
1785136071.7607219
1785136071.7607219
1785136071.7607219
1785136071.7607219
1785136071.7607219
1785136071.7607219
1785136071.7607219
1785136071.7607219
1785136071.7607219
1785136071.7607219
1785136071.7607219
1785136071.7607219
1785136071.7607219
1785136071.7607219
1785136071.7609451
1785136071.7609451
1785136071.7609451
1785136071.7609451
1785136071.7609451
1785136071.7609451
1785136071.7609451
1785136071.7609451
1785136071.7609451
1785136071.7609451
1785136071.7609451
1785136071.7609451
1785136071.7609451
1785136071.7609451
1785136071.7609451
1785136071.7609451
1785136071.7609451
1785136071.7609451
1785136071.7611670
1785136071.7611670
1785136071.7611670
1785136071.7611670
1785136071.7611670
1785136071.7611670
1785136071.7611670
1785136071.7611670
1785136071.7611670
1785136071.7611670
1785136071.7611670
1785136071.7611670
1785136071.7611670
1785136071.7611670
1785136071.7611670
1785136071.7611670
1785136071.7611670
1785136071.7613890
1785136071.7613890
1785136071.7613890
1785136071.7613890
1785136071.7613890
1785136071.7613890
1785136071.7613890
1785136071.7613890
1785136071.7613890
1785136071.7613890
1785136071.7613890
1785136071.7613890
1785136071.7613890
1785136071.7613890
1785136071.7613890
1785136071.7613890
1785136071.7613890
1785136071.7613890
1785136071.7613890
1785136071.7616119
1785136071.7616119
1785136071.7616119
1785136071.7616119
1785136071.7616119
1785136071.7616119
1785136071.7616119
1785136071.7616119
1785136071.7616119
1785136071.7616119
1785136071.7616119
1785136071.7616119
1785136071.7616119
1785136071.7620561
1785136071.7620561
1785136071.7620561
1785136071.7620561
1785136071.7620561
1785136071.7622781
1785136071.7622781
1785136071.7622781
1785136071.7622781
1785136071.7622781
1785136071.7622781
