ply
format ascii 1.0
element vertex 15385
property float x
property float y
property float z
end_header
-2.247302 -4.832706 -1.410480
-2.247302 -4.832706 -1.410480
-2.315057 -4.758239 -1.405400
-2.315057 -4.758239 -1.405400
-2.387349 -4.697481 -1.403559
-2.387349 -4.697481 -1.403559
-2.477436 -4.678839 -1.411565
-2.753221 -5.286031 -1.443818
-2.477436 -4.678839 -1.411565
-2.753221 -5.286031 -1.443818
-2.544642 -4.609022 -1.408051
-2.835349 -5.226474 -1.444292
-2.544642 -4.609022 -1.408051
-2.835349 -5.226474 -1.444292
-2.635654 -4.591493 -1.416912
-2.923152 -5.180067 -1.447831
-3.122808 -5.581236 -1.424846
-2.635654 -4.591493 -1.416912
-2.923152 -5.180067 -1.447831
-3.122808 -5.581236 -1.424846
-2.726702 -4.572546 -1.425807
-3.057204 -5.227455 -1.472241
-3.159570 -5.417979 -1.405762
-2.726702 -4.572546 -1.425807
-3.057204 -5.227455 -1.472241
-3.159570 -5.417979 -1.405762
-2.812428 -4.541724 -1.432239
-3.132378 -5.153535 -1.470419
-3.188855 -5.248061 -1.385087
-3.525163 -5.885485 -1.397602
-2.812428 -4.541724 -1.432239
-3.132378 -5.153535 -1.470419
-3.188855 -5.248061 -1.385087
-3.525163 -5.885485 -1.397602
-2.894203 -4.502711 -1.437020
-3.158392 -4.988622 -1.448345
-3.219612 -5.089089 -1.366416
-3.610828 -5.808584 -1.397818
-3.829707 -6.205214 -1.352721
-2.894203 -4.502711 -1.437020
-3.158392 -4.988622 -1.448345
-3.219612 -5.089089 -1.366416
-3.610828 -5.808584 -1.397818
-3.829707 -6.205214 -1.352721
-2.967972 -4.448802 -1.438462
-3.235115 -4.924066 -1.448734
-3.252294 -4.940904 -1.349768
-3.655155 -5.658114 -1.383986
-3.909889 -6.106889 -1.350510
-3.995392 -6.147444 -0.396999
-4.013476 -6.164916 -0.276199
-4.019572 -6.151142 -0.037217
-3.988417 -6.084942 0.077643
-4.038993 -6.163433 0.202347
-4.042518 -6.161142 0.318791
-4.013883 -6.092323 0.435664
-4.054685 -6.161468 0.558033
-4.056183 -6.154103 0.680894
-4.045457 -6.124773 0.796132
-4.060589 -6.142282 0.922071
-2.967972 -4.448802 -1.438462
-3.235115 -4.924066 -1.448734
-3.252294 -4.940904 -1.349768
-3.655155 -5.658114 -1.383986
-3.909889 -6.106889 -1.350510
-4.042518 -6.161142 0.318791
-4.013883 -6.092323 0.435664
-4.054685 -6.161468 0.558033
-4.056183 -6.154103 0.680894
-4.045457 -6.124773 0.796132
-4.060589 -6.142282 0.922071
-3.008156 -4.336049 -1.425624
-3.273992 -4.793711 -1.434235
-3.289290 -4.806760 -1.335892
-3.651225 -5.428956 -1.354613
-4.009633 -6.045563 -1.355005
-4.058788 -6.115747 -1.243076
-4.075440 -6.128947 -1.125693
-4.081091 -6.124105 -1.002324
-4.091608 -6.127785 -0.883790
-4.099469 -6.126825 -0.761310
-4.104715 -6.124992 -0.643137
-4.106287 -6.114401 -0.520819
-4.085957 -6.068088 -0.401163
-4.100290 -6.078449 -0.280503
-4.124570 -6.108704 -0.164745
-4.096176 -6.047435 -0.042436
-4.116424 -6.071631 0.073282
-4.125866 -6.076902 0.196234
-4.124017 -6.047691 0.431440
-3.008156 -4.336049 -1.425624
-3.273992 -4.793711 -1.434235
-3.289290 -4.806760 -1.335892
-3.651225 -5.428956 -1.354613
-4.009633 -6.045563 -1.355005
-4.058788 -6.115747 -1.243076
-4.075440 -6.128947 -1.125693
-4.081091 -6.124105 -1.002324
-4.091608 -6.127785 -0.883790
-4.099469 -6.126825 -0.761310
-4.104715 -6.124992 -0.643137
-4.124570 -6.108704 -0.164745
-3.091126 -4.301005 -1.432051
-3.313878 -4.670270 -1.421193
-3.357020 -4.730509 -1.334294
-3.745489 -5.378137 -1.359960
-4.060378 -5.901118 -1.344690
-4.601046 -6.803082 -1.370831
-3.091126 -4.301005 -1.432051
-3.313878 -4.670270 -1.421193
-3.357020 -4.730509 -1.334294
-3.745489 -5.378137 -1.359960
-4.060378 -5.901118 -1.344690
-4.601046 -6.803082 -1.370831
-3.151560 -4.227869 -1.429209
-3.332783 -4.516692 -1.400962
-3.431442 -4.667011 -1.335586
-3.804346 -5.268654 -1.353842
-4.107930 -5.756700 -1.334255
-4.704150 -6.721938 -1.374273
-4.918329 -7.024533 -1.012644
-4.898770 -6.976717 -0.868321
-4.882341 -6.938120 -0.731271
-4.895415 -6.945024 -0.594401
-4.874907 -6.899685 -0.459239
-3.151560 -4.227869 -1.429209
-3.332783 -4.516692 -1.400962
-3.431442 -4.667011 -1.335586
-3.804346 -5.268654 -1.353842
-4.107930 -5.756700 -1.334255
-4.704150 -6.721938 -1.374273
-4.918329 -7.024533 -1.012644
-4.898770 -6.976717 -0.868321
-4.882341 -6.938120 -0.731271
-4.895415 -6.945024 -0.594401
-4.874907 -6.899685 -0.459239
-2.979968 -3.796547 -1.422514
-3.220910 -4.170735 -1.430561
-3.368832 -4.397066 -1.388479
-3.506866 -4.605933 -1.337593
-3.844208 -5.132087 -1.342230
-4.219412 -5.719530 -1.343599
-4.740668 -6.535503 -1.360194
-5.266172 -7.354986 -1.355213
-4.920667 -6.790251 -1.132382
-4.926602 -6.784378 -0.998681
-4.925314 -6.767096 -0.860243
-4.982932 -6.846679 -0.735410
-4.953328 -6.786023 -0.594326
-4.908561 -6.703918 -0.458664
-5.132082 -7.002611 0.074806
-2.979968 -3.796547 -1.422514
-3.220910 -4.170735 -1.430561
-3.368832 -4.397066 -1.388479
-3.506866 -4.605933 -1.337593
-3.844208 -5.132087 -1.342230
-4.219412 -5.719530 -1.343599
-4.740668 -6.535503 -1.360194
-5.266172 -7.354986 -1.355213
-4.920667 -6.790251 -1.132382
-4.926602 -6.784378 -0.998681
-4.925314 -6.767096 -0.860243
-4.982932 -6.846679 -0.735410
-4.953328 -6.786023 -0.594326
-4.908561 -6.703918 -0.458664
-5.132082 -7.002611 0.074806
-3.289319 -4.112728 -1.431898
-3.402247 -4.277578 -1.375895
-3.560022 -4.510831 -1.332220
-3.923776 -5.061960 -1.344094
-3.582554 -4.522297 -1.135123
-4.826748 -6.432736 -1.360121
-4.953420 -6.612372 -1.259017
-4.979905 -6.638331 -1.127245
-4.972627 -6.612357 -0.992471
-4.964438 -6.585074 -0.854707
-4.964147 -6.573648 -0.723987
-5.110558 -6.784076 -0.604965
-4.974981 -6.565646 -0.460891
-5.134065 -6.768624 -0.064662
-3.289319 -4.112728 -1.431898
-3.402247 -4.277578 -1.375895
-3.560022 -4.510831 -1.332220
-3.923776 -5.061960 -1.344094
-4.307106 -5.644087 -1.346108
-4.826748 -6.432736 -1.360121
-4.953420 -6.612372 -1.259017
-4.979905 -6.638331 -1.127245
-4.972627 -6.612357 -0.992471
-4.964438 -6.585074 -0.854707
-4.964147 -6.573648 -0.723987
-5.110558 -6.784076 -0.604965
-4.974981 -6.565646 -0.460891
-5.134065 -6.768624 -0.064662
-3.354622 -4.050600 -1.432369
-3.417894 -4.135392 -1.357649
-3.619944 -4.428499 -1.329739
-3.653095 -4.465648 -1.236820
-3.625031 -4.413335 -1.128652
-3.638616 -4.422154 -1.030292
-5.020210 -6.477267 -1.254949
-5.004954 -6.440118 -1.115585
-5.025951 -6.457162 -0.988125
-5.106217 -6.562290 -0.865579
-5.007848 -6.405357 -0.721262
-5.206201 -6.686580 -0.609177
-5.000519 -6.370782 -0.459994
-5.007530 -6.367152 -0.328253
-5.467663 -7.021926 -0.071316
-5.298627 -6.750777 0.201640
-3.354622 -4.050600 -1.432369
-3.417894 -4.135392 -1.357649
-3.619944 -4.428499 -1.329739
-3.653095 -4.465648 -1.236820
-3.625031 -4.413335 -1.128652
-3.638616 -4.422154 -1.030292
-5.020210 -6.477267 -1.254949
-5.004954 -6.440118 -1.115585
-5.025951 -6.457162 -0.988125
-5.106217 -6.562290 -0.865579
-5.007848 -6.405357 -0.721262
-5.206201 -6.686580 -0.609177
-5.000519 -6.370782 -0.459994
-5.007530 -6.367152 -0.328253
-5.467663 -7.021926 -0.071316
-5.298627 -6.750777 0.201640
-3.156051 -3.614338 -1.420622
-3.418871 -3.987690 -1.432819
-3.461220 -4.039215 -1.350422
-3.671653 -4.335884 -1.324990
-3.698557 -4.362786 -1.230729
-3.674153 -4.317354 -1.124613
-3.703489 -4.348804 -1.031008
-3.752065 -4.408157 -0.944861
-5.045817 -6.272206 -1.107877
-5.046540 -6.259474 -0.978394
-5.053199 -6.255345 -0.846623
-5.072881 -6.273445 -0.721611
-5.058629 -6.240388 -0.588384
-5.037614 -6.199711 -0.460176
-5.046782 -6.199336 -0.330276
-5.176691 -6.362644 -0.075516
-5.208716 -6.398171 0.051855
-5.267353 -6.471254 0.189430
-4.388188 -5.193750 0.478513
-4.393944 -5.194001 0.592798
-4.341801 -5.111802 0.692954
-4.398161 -5.184467 0.816166
-3.156051 -3.614338 -1.420622
-3.418871 -3.987690 -1.432819
-3.461220 -4.039215 -1.350422
-3.671653 -4.335884 -1.324990
-3.698557 -4.362786 -1.230729
-3.674153 -4.317354 -1.124613
-3.703489 -4.348804 -1.031008
-3.752065 -4.408157 -0.944861
-5.045817 -6.272206 -1.107877
-5.046540 -6.259474 -0.978394
-5.053199 -6.255345 -0.846623
-5.072881 -6.273445 -0.721611
-5.058629 -6.240388 -0.588384
-5.037614 -6.199711 -0.460176
-5.046782 -6.199336 -0.330276
-5.176691 -6.362644 -0.075516
-5.208716 -6.398171 0.051855
-5.267353 -6.471254 0.189430
-4.388188 -5.193750 0.478513
-4.393944 -5.194001 0.592798
-4.341801 -5.111802 0.692954
-4.398161 -5.184467 0.816166
-3.216336 -3.557594 -1.421462
-3.455138 -3.885625 -1.422975
-3.486804 -3.920439 -1.337531
-3.739630 -4.268647 -1.326128
-3.766901 -4.295197 -1.232117
-3.760107 -4.275943 -1.131243
-3.776214 -4.287667 -1.033990
-3.827921 -4.349608 -0.948518
-4.380813 -5.117044 -0.958995
-4.395464 -5.126073 -0.850821
-4.418685 -5.147072 -0.740500
-4.434848 -5.161029 -0.632793
-5.106552 -6.088927 -0.588217
-4.447109 -5.158705 -0.411210
-4.466763 -5.174564 -0.299001
-4.459419 -5.145178 -0.076564
-4.446845 -5.119254 0.030742
-4.440435 -5.101683 0.143975
-4.493084 -5.167939 0.254364
-4.471069 -5.123294 0.364403
-4.437884 -5.075281 0.469203
-4.453056 -5.088499 0.583804
-4.439606 -5.061923 0.689738
-4.450230 -5.069522 0.804409
-4.448557 -5.059993 0.913444
-3.216336 -3.557594 -1.421462
-3.455138 -3.885625 -1.422975
-3.486804 -3.920439 -1.337531
-3.739630 -4.268647 -1.326128
-3.766901 -4.295197 -1.232117
-3.760107 -4.275943 -1.131243
-3.776214 -4.287667 -1.033990
-3.827921 -4.349608 -0.948518
-5.154395 -6.205055 -1.114359
-5.099590 -6.114602 -0.974989
-5.094530 -6.094177 -0.842722
-4.434848 -5.161029 -0.632793
-5.106552 -6.088927 -0.588217
-4.447109 -5.158705 -0.411210
-4.466763 -5.174564 -0.299001
-4.459419 -5.145178 -0.076564
-4.446845 -5.119254 0.030742
-5.313638 -6.310897 0.181110
-4.493084 -5.167939 0.254364
-4.471069 -5.123294 0.364403
-4.437884 -5.075281 0.469203
-4.453056 -5.088499 0.583804
-4.439606 -5.061923 0.689738
-4.450230 -5.069522 0.804409
-4.448557 -5.059993 0.913444
-3.298455 -3.531707 -1.431422
-3.505287 -3.805753 -1.419060
-3.516695 -3.811525 -1.326942
-3.785721 -4.171966 -1.320530
-3.878129 -4.287348 -1.246577
-3.875871 -4.274713 -1.146129
-3.871315 -4.257563 -1.042724
-4.497318 -5.103289 -1.084651
-4.496953 -5.091348 -0.969317
-4.502425 -5.087428 -0.858852
-4.518942 -5.098545 -0.747036
-4.525900 -5.099491 -0.637875
-4.542457 -5.111583 -0.526143
-4.500244 -5.045673 -0.413219
-4.501078 -5.035601 -0.300859
-4.554587 -5.098866 -0.195046
-4.509943 -5.028966 -0.081101
-4.568550 -5.099640 0.026524
-4.564338 -5.085393 0.140676
-4.560672 -5.073974 0.248191
-4.585825 -5.093776 0.361920
-4.611668 -5.126221 0.473951
-4.622263 -5.132726 0.589966
-4.596519 -5.090271 0.695907
-4.626302 -5.123071 0.815697
-3.298455 -3.531707 -1.431422
-3.505287 -3.805753 -1.419060
-3.516695 -3.811525 -1.326942
-3.785721 -4.171966 -1.320530
-3.878129 -4.287348 -1.246577
-3.875871 -4.274713 -1.146129
-4.498816 -5.117770 -1.197848
-4.497318 -5.103289 -1.084651
-4.496953 -5.091348 -0.969317
-4.502425 -5.087428 -0.858852
-4.518942 -5.098545 -0.747036
-4.525900 -5.099491 -0.637875
-4.542457 -5.111583 -0.526143
-4.500244 -5.045673 -0.413219
-4.501078 -5.035601 -0.300859
-4.554587 -5.098866 -0.195046
-5.844217 -6.828197 -0.089778
-4.568550 -5.099640 0.026524
-4.564338 -5.085393 0.140676
-5.427013 -6.237899 0.303294
-4.585825 -5.093776 0.361920
-4.611668 -5.126221 0.473951
-4.622263 -5.132726 0.589966
-4.596519 -5.090271 0.695907
-4.626302 -5.123071 0.815697
-3.341069 -3.451282 -1.425838
-3.530614 -3.694139 -1.406490
-3.527890 -3.680805 -1.310634
-3.836942 -4.084526 -1.317111
-4.207058 -4.567645 -1.324729
-4.567935 -5.039141 -1.315697
-5.147661 -5.798696 -1.339292
-5.689055 -6.504482 -1.332038
-5.266118 -5.929631 -1.107244
-5.172685 -5.793149 -0.963722
-5.183646 -5.795126 -0.836995
-5.174936 -5.774271 -0.712510
-5.190407 -5.783288 -0.587274
-5.162719 -5.737303 -0.462634
-5.839694 -6.591295 -0.095018
-5.460427 -6.067672 0.293302
-4.752673 -5.112307 0.701568
-3.341069 -3.451282 -1.425838
-3.530614 -3.694139 -1.406490
-3.527890 -3.680805 -1.310634
-3.836942 -4.084526 -1.317111
-4.207058 -4.567645 -1.324729
-4.567935 -5.039141 -1.315697
-5.147661 -5.798696 -1.339292
-5.689055 -6.504482 -1.332038
-6.339880 -7.353935 -1.317026
-5.172685 -5.793149 -0.963722
-5.183646 -5.795126 -0.836995
-5.174936 -5.774271 -0.712510
-5.190407 -5.783288 -0.587274
-5.162719 -5.737303 -0.462634
-5.839694 -6.591295 -0.095018
-5.460427 -6.067672 0.293302
-4.752673 -5.112307 0.701568
-3.563062 -3.595227 -1.397279
-3.576722 -3.603631 -1.307910
-3.903268 -4.018523 -1.318894
-4.256014 -4.465202 -1.320111
-4.625741 -4.934679 -1.312797
-5.211057 -5.679743 -1.336494
-5.762138 -6.377858 -1.330551
-5.243527 -5.696052 -1.089212
-5.226060 -5.661335 -0.961612
-5.236978 -5.663182 -0.835915
-5.208311 -5.617316 -0.709992
-5.223820 -5.626152 -0.586246
-5.207740 -5.596338 -0.463958
-6.118893 -6.724103 -0.102397
-6.278414 -6.905716 0.188503
-5.495133 -5.904258 0.283751
-3.563062 -3.595227 -1.397279
-3.576722 -3.603631 -1.307910
-3.903268 -4.018523 -1.318894
-4.256014 -4.465202 -1.320111
-4.625741 -4.934679 -1.312797
-5.211057 -5.679743 -1.336494
-5.762138 -6.377858 -1.330551
-6.412479 -7.202418 -1.314635
-5.226060 -5.661335 -0.961612
-5.236978 -5.663182 -0.835915
-5.208311 -5.617316 -0.709992
-5.223820 -5.626152 -0.586246
-5.207740 -5.596338 -0.463958
-6.118893 -6.724103 -0.102397
-6.278414 -6.905716 0.188503
-5.495133 -5.904258 0.283751
-3.460123 -3.338668 -1.429245
-3.586238 -3.487183 -1.385394
-3.645978 -3.553728 -1.312421
-3.949036 -3.927054 -1.314631
-4.315214 -4.377966 -1.318907
-4.681567 -4.829834 -1.309833
-5.262326 -5.548013 -1.331286
-5.867444 -6.294114 -1.336390
-5.262612 -5.523517 -1.079899
-5.266869 -5.516987 -0.957740
-5.252805 -5.487612 -0.829705
-5.268317 -5.498143 -0.710996
-5.266413 -5.485026 -0.586323
-5.239855 -5.443036 -0.464402
-5.278807 -5.479735 -0.343065
-5.376827 -5.581558 -0.100812
-5.431359 -5.640164 0.019782
-6.351234 -6.765799 0.180787
-5.513782 -5.725789 0.273617
-3.460123 -3.338668 -1.429245
-3.586238 -3.487183 -1.385394
-3.645978 -3.553728 -1.312421
-3.949036 -3.927054 -1.314631
-4.315214 -4.377966 -1.318907
-4.681567 -4.829834 -1.309833
-5.262326 -5.548013 -1.331286
-5.867444 -6.294114 -1.336390
-6.459824 -7.022624 -1.307893
-5.266869 -5.516987 -0.957740
-5.252805 -5.487612 -0.829705
-5.268317 -5.498143 -0.710996
-5.266413 -5.485026 -0.586323
-5.239855 -5.443036 -0.464402
-5.278807 -5.479735 -0.343065
-5.376827 -5.581558 -0.100812
-5.431359 -5.640164 0.019782
-6.351234 -6.765799 0.180787
-5.513782 -5.725789 0.273617
-3.503646 -3.263072 -1.425388
-3.607147 -3.379452 -1.373418
-3.704693 -3.490667 -1.313686
-3.995539 -3.838386 -1.311064
-4.400237 -4.323761 -1.325343
-4.727920 -4.715469 -1.304873
-5.336052 -5.446830 -1.331846
-5.961512 -6.196645 -1.340095
-5.295612 -5.373306 -1.073749
-5.299660 -5.366717 -0.952915
-5.287616 -5.340629 -0.826591
-5.290503 -5.335582 -0.707624
-5.303582 -5.340985 -0.586039
-5.299328 -5.327112 -0.467055
-5.251996 -5.258719 -0.341813
-5.397279 -5.414726 -0.105385
-5.439808 -5.457308 0.013428
-5.504414 -5.525998 0.141856
-5.572109 -5.600370 0.266063
-3.503646 -3.263072 -1.425388
-3.607147 -3.379452 -1.373418
-3.704693 -3.490667 -1.313686
-3.995539 -3.838386 -1.311064
-4.400237 -4.323761 -1.325343
-4.727920 -4.715469 -1.304873
-5.336052 -5.446830 -1.331846
-5.961512 -6.196645 -1.340095
-6.495894 -6.833970 -1.299583
-5.299660 -5.366717 -0.952915
-5.287616 -5.340629 -0.826591
-5.290503 -5.335582 -0.707624
-5.303582 -5.340985 -0.586039
-5.299328 -5.327112 -0.467055
-5.251996 -5.258719 -0.341813
-5.397279 -5.414726 -0.105385
-5.439808 -5.457308 0.013428
-5.504414 -5.525998 0.141856
-5.572109 -5.600370 0.266063
-3.530842 -3.169211 -1.415933
-3.648314 -3.299057 -1.369182
-3.769932 -3.435912 -1.317371
-4.045425 -3.755455 -1.308959
-4.449175 -4.226037 -1.321969
-4.794904 -4.628197 -1.305644
-5.379982 -5.311625 -1.325881
-6.036143 -6.076808 -1.340035
-5.333190 -5.232608 -1.068905
-5.339617 -5.229009 -0.949650
-5.337434 -5.215263 -0.825907
-5.337628 -5.207167 -0.707511
-5.353324 -5.215473 -0.587155
-5.309990 -5.156093 -0.466084
-5.336873 -5.176628 -0.346628
-5.416110 -5.260506 -0.233067
-5.845882 -5.753140 -0.114390
-6.481111 -6.475586 0.165364
-5.599391 -5.441326 0.257055
-3.530842 -3.169211 -1.415933
-3.648314 -3.299057 -1.369182
-3.769932 -3.435912 -1.317371
-4.045425 -3.755455 -1.308959
-4.449175 -4.226037 -1.321969
-4.794904 -4.628197 -1.305644
-5.379982 -5.311625 -1.325881
-6.036143 -6.076808 -1.340035
-6.617756 -6.752094 -1.307800
-5.339617 -5.229009 -0.949650
-5.337434 -5.215263 -0.825907
-5.337628 -5.207167 -0.707511
-5.353324 -5.215473 -0.587155
-5.309990 -5.156093 -0.466084
-5.336873 -5.176628 -0.346628
-5.416110 -5.260506 -0.233067
-5.845882 -5.753140 -0.114390
-6.481111 -6.475586 0.165364
-5.599391 -5.441326 0.257055
-3.591580 -3.116860 -1.419395
-3.670188 -3.197684 -1.358788
-3.785888 -3.323837 -1.305547
-4.101509 -3.681048 -1.309088
-4.478275 -4.107174 -1.313610
-4.865578 -4.546187 -1.307674
-5.449729 -5.209400 -1.326317
-6.069657 -5.911439 -1.331870
-5.375742 -5.101156 -1.065387
-5.379424 -5.094483 -0.946703
-5.340306 -5.038779 -0.818898
-5.382243 -5.078729 -0.707306
-5.392750 -5.080852 -0.587417
-5.348554 -5.022132 -0.467350
-5.367770 -5.033344 -0.348573
-6.006290 -5.740974 -0.120652
-5.633940 -5.294848 0.248733
-3.591580 -3.116860 -1.419395
-3.670188 -3.197684 -1.358788
-3.785888 -3.323837 -1.305547
-4.101509 -3.681048 -1.309088
-4.478275 -4.107174 -1.313610
-4.865578 -4.546187 -1.307674
-5.449729 -5.209400 -1.326317
-6.069657 -5.911439 -1.331870
-5.375742 -5.101156 -1.065387
-5.379424 -5.094483 -0.946703
-5.340306 -5.038779 -0.818898
-5.382243 -5.078729 -0.707306
-5.392750 -5.080852 -0.587417
-5.348554 -5.022132 -0.467350
-5.367770 -5.033344 -0.348573
-6.006290 -5.740974 -0.120652
-5.633940 -5.294848 0.248733
-3.656724 -3.069504 -1.424709
-3.702913 -3.111230 -1.352685
-3.841012 -3.259172 -1.306716
-4.153739 -3.603110 -1.308421
-4.544195 -4.032737 -1.315743
-4.874603 -4.395521 -1.294711
-5.425594 -5.003146 -1.305933
-5.967793 -5.598754 -1.296649
-5.410418 -4.963869 -1.060807
-5.413909 -4.957157 -0.943227
-5.389896 -4.919814 -0.818737
-5.381709 -4.902854 -0.701980
-5.405471 -4.919695 -0.585261
-5.400502 -4.906155 -0.469725
-5.455781 -4.948509 -0.238674
-6.830109 -6.447955 0.006927
-5.665526 -5.148715 0.240529
-3.656724 -3.069504 -1.424709
-3.702913 -3.111230 -1.352685
-3.841012 -3.259172 -1.306716
-4.153739 -3.603110 -1.308421
-4.544195 -4.032737 -1.315743
-4.874603 -4.395521 -1.294711
-5.425594 -5.003146 -1.305933
-5.967793 -5.598754 -1.296649
-5.410418 -4.963869 -1.060807
-5.413909 -4.957157 -0.943227
-5.389896 -4.919814 -0.818737
-5.381709 -4.902854 -0.701980
-5.405471 -4.919695 -0.585261
-5.400502 -4.906155 -0.469725
-5.455781 -4.948509 -0.238674
-6.830109 -6.447955 0.006927
-5.665526 -5.148715 0.240529
-3.703000 -3.000988 -1.423496
-3.733988 -3.024736 -1.346522
-3.884569 -3.182271 -1.304580
-4.220504 -3.542084 -1.312307
-4.595672 -3.942965 -1.314311
-4.971003 -4.344750 -1.303809
-5.549183 -4.965065 -1.319292
-6.022011 -5.468447 -1.294038
-5.445046 -4.829785 -1.056604
-5.426794 -4.799643 -0.936641
-5.407534 -4.768505 -0.814407
-5.436912 -4.792673 -0.703449
-5.460888 -4.809230 -0.587373
-5.420422 -4.757726 -0.469776
-5.331933 -4.635759 -0.120743
-5.641400 -4.952493 0.114052
-5.724185 -5.035115 0.233901
-3.703000 -3.000988 -1.423496
-3.733988 -3.024736 -1.346522
-3.884569 -3.182271 -1.304580
-4.220504 -3.542084 -1.312307
-4.595672 -3.942965 -1.314311
-4.971003 -4.344750 -1.303809
-5.549183 -4.965065 -1.319292
-6.022011 -5.468447 -1.294038
-5.445046 -4.829785 -1.056604
-5.426794 -4.799643 -0.936641
-5.407534 -4.768505 -0.814407
-5.436912 -4.792673 -0.703449
-5.460888 -4.809230 -0.587373
-5.420422 -4.757726 -0.469776
-5.331933 -4.635759 -0.120743
-5.641400 -4.952493 0.114052
-5.724185 -5.035115 0.233901
-3.747438 -2.921118 -1.335020
-3.921422 -3.099315 -1.300755
-4.251507 -3.442897 -1.306207
-4.632096 -3.838439 -1.309276
-5.018291 -4.240641 -1.301132
-5.613103 -4.861411 -1.319544
-6.179923 -5.450335 -1.312522
-5.482494 -4.701724 -1.053270
-5.488364 -4.697842 -0.938105
-5.452209 -4.649693 -0.814060
-5.451669 -4.641689 -0.700385
-5.484042 -4.666622 -0.586536
-5.453834 -4.627302 -0.470940
-5.435506 -4.590338 -0.242119
-5.413374 -4.558809 -0.125541
-5.922065 -5.068155 0.233976
-3.747438 -2.921118 -1.335020
-3.921422 -3.099315 -1.300755
-4.251507 -3.442897 -1.306207
-4.632096 -3.838439 -1.309276
-5.018291 -4.240641 -1.301132
-5.613103 -4.861411 -1.319544
-6.179923 -5.450335 -1.312522
-5.482494 -4.701724 -1.053270
-5.488364 -4.697842 -0.938105
-5.452209 -4.649693 -0.814060
-5.451669 -4.641689 -0.700385
-5.484042 -4.666622 -0.586536
-5.453834 -4.627302 -0.470940
-5.435506 -4.590338 -0.242119
-5.413374 -4.558809 -0.125541
-5.922065 -5.068155 0.233976
-3.978471 -3.038762 -1.303480
-4.288785 -3.352265 -1.302343
-4.710301 -3.779209 -1.315575
-5.085636 -4.158990 -1.303651
-5.661491 -4.742986 -1.316742
-6.263973 -5.352335 -1.316376
-5.500866 -4.556738 -1.046909
-5.506560 -4.552781 -0.933014
-5.508572 -4.545059 -0.815514
-5.482831 -4.511445 -0.699439
-5.487572 -4.507445 -0.583993
-5.487498 -4.499974 -0.472213
-5.541495 -4.537550 -0.247801
-5.530212 -4.517782 -0.130839
-5.657557 -4.639861 -0.019674
-5.871066 -4.848723 0.105480
-6.079839 -5.054217 0.231959
-3.978471 -3.038762 -1.303480
-4.288785 -3.352265 -1.302343
-4.710301 -3.779209 -1.315575
-5.085636 -4.158990 -1.303651
-5.661491 -4.742986 -1.316742
-6.263973 -5.352335 -1.316376
-5.500866 -4.556738 -1.046909
-5.506560 -4.552781 -0.933014
-5.508572 -4.545059 -0.815514
-5.482831 -4.511445 -0.699439
-5.487572 -4.507445 -0.583993
-5.487498 -4.499974 -0.472213
-5.541495 -4.537550 -0.247801
-5.530212 -4.517782 -0.130839
-5.657557 -4.639861 -0.019674
-5.871066 -4.848723 0.105480
-6.079839 -5.054217 0.231959
-3.998848 -2.941291 -1.295431
-4.338224 -3.275445 -1.302281
-4.743409 -3.674102 -1.310431
-5.154500 -4.079319 -1.306802
-5.635129 -4.551593 -1.298188
-6.245732 -5.152358 -1.300477
-5.538773 -4.434865 -1.044352
-5.507757 -4.394342 -0.925620
-5.509517 -4.386605 -0.809712
-5.514290 -4.384299 -0.698716
-5.513262 -4.374653 -0.583704
-5.544232 -4.398179 -0.475296
-5.630033 -4.466057 -0.252912
-5.672587 -4.499910 -0.136561
-5.796006 -4.614606 -0.024322
-5.992533 -4.800840 0.101319
-6.343809 -5.140867 0.234479
-3.998848 -2.941291 -1.295431
-4.338224 -3.275445 -1.302281
-4.743409 -3.674102 -1.310431
-5.154500 -4.079319 -1.306802
-5.635129 -4.551593 -1.298188
-6.245732 -5.152358 -1.300477
-5.538773 -4.434865 -1.044352
-5.507757 -4.394342 -0.925620
-5.509517 -4.386605 -0.809712
-5.514290 -4.384299 -0.698716
-5.513262 -4.374653 -0.583704
-5.544232 -4.398179 -0.475296
-5.630033 -4.466057 -0.252912
-5.672587 -4.499910 -0.136561
-5.796006 -4.614606 -0.024322
-5.992533 -4.800840 0.101319
-6.343809 -5.140867 0.234479
-4.025702 -2.852326 -1.289795
-4.377990 -3.189896 -1.299861
-4.771737 -3.566304 -1.304494
-5.188314 -3.965686 -1.301981
-5.797063 -4.549884 -1.320589
-6.379324 -5.106227 -1.314637
-5.571551 -4.310305 -1.041216
-5.568432 -4.297935 -0.927719
-5.555783 -4.276370 -0.810243
-5.554771 -4.268494 -0.699200
-5.550709 -4.256140 -0.584654
-5.550363 -4.248774 -0.474686
-5.697507 -4.373808 -0.257309
-6.686464 -5.293235 0.239921
-8.709261 -7.212051 0.499878
-8.649321 -7.152295 0.663985
-4.025702 -2.852326 -1.289795
-4.377990 -3.189896 -1.299861
-4.771737 -3.566304 -1.304494
-5.188314 -3.965686 -1.301981
-5.797063 -4.549884 -1.320589
-6.379324 -5.106227 -1.314637
-5.571551 -4.310305 -1.041216
-5.568432 -4.297935 -0.927719
-5.555783 -4.276370 -0.810243
-5.554771 -4.268494 -0.699200
-5.550709 -4.256140 -0.584654
-5.550363 -4.248774 -0.474686
-5.697507 -4.373808 -0.257309
-8.713896 -7.234094 0.326269
-8.709261 -7.212051 0.499878
-8.649321 -7.152295 0.663985
-4.093327 -2.803980 -1.296578
-4.404900 -3.093287 -1.294283
-4.832230 -3.491237 -1.307118
-5.234306 -3.865742 -1.300403
-5.779346 -4.373325 -1.304833
-6.412180 -4.962253 -1.309514
-5.567365 -4.153226 -1.032038
-5.587046 -4.162731 -0.923604
-5.658047 -4.220550 -0.818377
-5.668623 -4.223687 -0.708148
-5.574330 -4.126751 -0.584436
-5.579665 -4.124904 -0.475889
-8.875293 -7.150809 0.320854
-8.685984 -6.957510 0.484149
-8.885764 -7.140645 0.666356
-4.093327 -2.803980 -1.296578
-4.404900 -3.093287 -1.294283
-4.832230 -3.491237 -1.307118
-5.234306 -3.865742 -1.300403
-5.779346 -4.373325 -1.304833
-6.412180 -4.962253 -1.309514
-5.567365 -4.153226 -1.032038
-5.587046 -4.162731 -0.923604
-5.658047 -4.220550 -0.818377
-5.668623 -4.223687 -0.708148
-5.574330 -4.126751 -0.584436
-5.579665 -4.124904 -0.475889
-8.875293 -7.150809 0.320854
-8.685984 -6.957510 0.484149
-8.885764 -7.140645 0.666356
-4.137492 -2.733228 -1.296691
-4.461657 -3.026146 -1.297204
-4.868496 -3.394034 -1.303938
-5.284356 -3.770884 -1.300100
-5.612607 -4.064402 -1.258407
-5.626325 -4.067326 -1.148922
-5.618379 -4.051083 -1.032674
-5.635241 -4.057665 -0.924251
-5.645366 -4.058052 -0.811485
-5.617627 -4.026070 -0.698613
-5.660281 -4.056997 -0.590142
-5.594831 -3.990526 -0.476125
-5.656276 -4.037770 -0.367774
-5.765989 -4.130514 -0.263754
-6.815121 -5.060152 0.098433
-8.813766 -6.863423 0.306524
-8.796715 -6.831182 0.476902
-8.788670 -6.821580 0.642555
-4.137492 -2.733228 -1.296691
-4.461657 -3.026146 -1.297204
-4.868496 -3.394034 -1.303938
-5.284356 -3.770884 -1.300100
-5.612607 -4.064402 -1.258407
-5.626325 -4.067326 -1.148922
-5.618379 -4.051083 -1.032674
-5.635241 -4.057665 -0.924251
-5.645366 -4.058052 -0.811485
-5.617627 -4.026070 -0.698613
-5.660281 -4.056997 -0.590142
-5.594831 -3.990526 -0.476125
-5.656276 -4.037770 -0.367774
-5.765989 -4.130514 -0.263754
-6.815121 -5.060152 0.098433
-8.813766 -6.863423 0.306524
-8.796715 -6.831182 0.476902
-8.788670 -6.821580 0.642555
-4.154399 -2.638428 -1.289241
-4.464995 -2.910969 -1.286044
-4.926428 -3.317796 -1.306493
-5.344553 -3.686166 -1.302424
-5.626826 -3.930222 -1.250752
-5.640450 -3.932956 -1.142373
-5.655832 -3.937990 -1.031253
-5.657902 -3.931137 -0.921275
-5.647146 -3.912879 -0.806764
-5.648653 -3.907806 -0.698520
-5.858770 -4.086583 -0.606344
-5.628290 -3.875333 -0.477796
-8.908637 -6.705996 0.469860
-4.154399 -2.638428 -1.289241
-4.464995 -2.910969 -1.286044
-4.926428 -3.317796 -1.306493
-5.344553 -3.686166 -1.302424
-5.626826 -3.930222 -1.250752
-5.640450 -3.932956 -1.142373
-5.655832 -3.937990 -1.031253
-5.657902 -3.931137 -0.921275
-5.647146 -3.912879 -0.806764
-5.648653 -3.907806 -0.698520
-5.858770 -4.086583 -0.606344
-5.628290 -3.875333 -0.477796
-8.908637 -6.705996 0.469860
-4.187147 -2.559428 -1.286752
-4.542729 -2.863781 -1.295153
-4.950656 -3.212348 -1.301028
-5.388605 -3.587770 -1.301359
-5.653343 -3.809681 -1.246059
-5.747576 -3.882447 -1.153617
-5.703248 -3.835299 -1.031768
-5.705201 -3.828460 -0.922230
-5.772418 -3.878158 -0.818316
-5.683544 -3.794922 -0.699014
-5.841740 -3.923847 -0.602667
-5.647566 -3.749797 -0.478494
-6.364969 -4.343719 -0.165979
-6.973162 -4.858481 -0.048555
-4.187147 -2.559428 -1.286752
-4.542729 -2.863781 -1.295153
-4.950656 -3.212348 -1.301028
-5.388605 -3.587770 -1.301359
-5.653343 -3.809681 -1.246059
-5.747576 -3.882447 -1.153617
-5.703248 -3.835299 -1.031768
-5.705201 -3.828460 -0.922230
-5.772418 -3.878158 -0.818316
-5.683544 -3.794922 -0.699014
-5.841740 -3.923847 -0.602667
-5.647566 -3.749797 -0.478494
-6.364969 -4.343719 -0.165979
-6.973162 -4.858481 -0.048555
-4.237031 -2.494737 -1.289306
-4.581934 -2.781311 -1.294108
-4.997673 -3.126602 -1.301367
-5.425804 -3.483023 -1.298944
-5.702619 -3.708833 -1.246267
-5.704102 -3.701010 -1.136863
-5.761931 -3.741501 -1.034303
-5.739482 -3.714192 -0.921383
-5.725113 -3.693771 -0.807593
-5.735589 -3.696433 -0.701515
-5.913928 -3.838547 -0.607314
-5.708175 -3.659626 -0.482309
-5.860482 -3.772165 -0.273113
-6.277347 -4.112844 -0.167989
-4.237031 -2.494737 -1.289306
-4.581934 -2.781311 -1.294108
-4.997673 -3.126602 -1.301367
-5.425804 -3.483023 -1.298944
-5.702619 -3.708833 -1.246267
-5.704102 -3.701010 -1.136863
-5.761931 -3.741501 -1.034303
-5.739482 -3.714192 -0.921383
-5.725113 -3.693771 -0.807593
-5.735589 -3.696433 -0.701515
-5.913928 -3.838547 -0.607314
-5.708175 -3.659626 -0.482309
-5.860482 -3.772165 -0.273113
-6.277347 -4.112844 -0.167989
-4.260620 -2.410971 -1.285008
-4.618395 -2.700229 -1.292929
-5.063029 -3.059780 -1.306687
-5.471725 -3.390201 -1.299062
-5.965083 -3.788084 -1.290267
-5.749885 -3.601867 -1.137289
-5.746910 -3.591240 -1.025018
-5.736224 -3.574332 -0.915376
-5.749181 -3.576825 -0.806438
-5.747306 -3.569290 -0.699775
-5.745125 -3.560147 -0.590020
-5.731666 -3.543053 -0.483471
-5.801795 -3.592095 -0.378327
-5.947537 -3.704036 -0.278268
-6.539932 -4.177577 -0.176313
-4.260620 -2.410971 -1.285008
-4.618395 -2.700229 -1.292929
-5.063029 -3.059780 -1.306687
-5.471725 -3.390201 -1.299062
-5.965083 -3.788084 -1.290267
-5.749885 -3.601867 -1.137289
-5.746910 -3.591240 -1.025018
-5.736224 -3.574332 -0.915376
-5.749181 -3.576825 -0.806438
-5.747306 -3.569290 -0.699775
-5.745125 -3.560147 -0.590020
-5.731666 -3.543053 -0.483471
-5.801795 -3.592095 -0.378327
-5.947537 -3.704036 -0.278268
-6.539932 -4.177577 -0.176313
-4.322925 -2.358400 -1.291691
-4.648092 -2.613144 -1.290170
-5.070018 -2.944254 -1.298107
-5.513870 -3.293548 -1.298507
-6.065102 -3.726480 -1.301039
-5.869117 -3.560689 -1.151310
-5.853763 -3.540304 -1.036030
-5.808779 -3.496389 -0.920659
-5.784434 -3.469033 -0.806843
-5.766829 -3.449174 -0.699014
-5.798865 -3.467381 -0.593248
-5.775795 -3.443093 -0.486215
-5.871684 -3.511039 -0.382904
-6.683943 -4.138271 -0.182590
-4.322925 -2.358400 -1.291691
-4.648092 -2.613144 -1.290170
-5.070018 -2.944254 -1.298107
-5.513870 -3.293548 -1.298507
-6.065102 -3.726480 -1.301039
-5.869117 -3.560689 -1.151310
-5.853763 -3.540304 -1.036030
-5.808779 -3.496389 -0.920659
-5.784434 -3.469033 -0.806843
-5.766829 -3.449174 -0.699014
-5.798865 -3.467381 -0.593248
-5.775795 -3.443093 -0.486215
-5.871684 -3.511039 -0.382904
-6.683943 -4.138271 -0.182590
-4.339082 -2.267826 -1.285696
-4.714015 -2.554136 -1.296913
-5.094125 -2.842980 -1.293894
-5.580070 -3.215002 -1.303397
-6.193510 -3.683768 -1.317503
-5.920354 -3.462614 -1.152930
-5.820048 -3.376886 -1.024095
-5.830826 -3.377390 -0.918676
-5.834388 -3.372317 -0.809233
-5.838600 -3.369798 -0.704076
-5.851971 -3.373000 -0.596490
-5.844403 -3.361267 -0.490821
-5.928602 -3.418170 -0.386817
-6.093352 -3.538246 -0.287681
-4.339082 -2.267826 -1.285696
-4.714015 -2.554136 -1.296913
-5.094125 -2.842980 -1.293894
-5.580070 -3.215002 -1.303397
-6.193510 -3.683768 -1.317503
-6.724151 -4.086583 -1.299078
-5.820048 -3.376886 -1.024095
-5.830826 -3.377390 -0.918676
-5.834388 -3.372317 -0.809233
-5.838600 -3.369798 -0.704076
-5.851971 -3.373000 -0.596490
-5.844403 -3.361267 -0.490821
-5.928602 -3.418170 -0.386817
-6.093352 -3.538246 -0.287681
-4.384101 -2.201989 -1.288096
-4.747369 -2.471173 -1.295662
-5.241048 -2.837796 -1.319091
-5.553293 -3.067517 -1.288411
-6.150870 -3.510921 -1.300172
-6.743676 -3.949136 -1.294327
-5.883588 -3.292784 -1.028394
-5.907112 -3.302741 -0.924814
-5.904299 -3.292904 -0.814337
-5.946789 -3.319057 -0.713234
-5.915593 -3.288674 -0.600796
-5.959076 -3.315345 -0.498877
-6.021742 -3.354383 -0.392771
-6.226687 -3.500854 -0.294729
-4.384101 -2.201989 -1.288096
-4.747369 -2.471173 -1.295662
-5.241048 -2.837796 -1.319091
-5.553293 -3.067517 -1.288411
-6.150870 -3.510921 -1.300172
-6.743676 -3.949136 -1.294327
-5.883588 -3.292784 -1.028394
-5.907112 -3.302741 -0.924814
-5.904299 -3.292904 -0.814337
-5.946789 -3.319057 -0.713234
-5.915593 -3.288674 -0.600796
-5.959076 -3.315345 -0.498877
-6.021742 -3.354383 -0.392771
-6.226687 -3.500854 -0.294729
-4.769904 -2.381036 -1.291974
-5.195740 -2.687086 -1.299231
-5.628333 -2.998702 -1.295889
-6.209788 -3.417376 -1.303389
-6.802245 -3.842598 -1.296923
-6.006783 -3.252283 -1.042481
-5.972851 -3.219826 -0.929562
-5.995674 -3.228835 -0.822257
-6.038608 -3.254456 -0.720686
-6.087758 -3.283196 -0.615017
-6.057464 -3.255378 -0.505797
-6.127223 -3.298271 -0.399461
-6.369895 -3.467687 -0.302222
-4.769904 -2.381036 -1.291974
-5.195740 -2.687086 -1.299231
-5.628333 -2.998702 -1.295889
-6.209788 -3.417376 -1.303389
-6.802245 -3.842598 -1.296923
-6.006783 -3.252283 -1.042481
-5.972851 -3.219826 -0.929562
-5.995674 -3.228835 -0.822257
-6.038608 -3.254456 -0.720686
-6.087758 -3.283196 -0.615017
-6.057464 -3.255378 -0.505797
-6.127223 -3.298271 -0.399461
-6.369895 -3.467687 -0.302222
-4.810010 -2.304694 -1.293022
-5.201670 -2.577328 -1.291832
-5.651249 -2.891988 -1.292368
-6.222292 -3.291017 -1.297746
-6.820482 -3.707906 -1.292569
-6.126776 -3.206907 -1.056111
-6.082839 -3.168116 -0.940780
-6.102677 -3.174578 -0.832226
-6.142821 -3.197365 -0.729559
-6.166397 -3.207078 -0.620825
-6.168415 -3.202740 -0.513699
-6.245401 -3.249295 -0.406914
-6.526487 -3.440623 -0.310307
-4.810010 -2.304694 -1.293022
-5.201670 -2.577328 -1.291832
-5.651249 -2.891988 -1.292368
-6.222292 -3.291017 -1.297746
-6.820482 -3.707906 -1.292569
-6.126776 -3.206907 -1.056111
-6.082839 -3.168116 -0.940780
-6.102677 -3.174578 -0.832226
-6.142821 -3.197365 -0.729559
-6.166397 -3.207078 -0.620825
-6.168415 -3.202740 -0.513699
-6.245401 -3.249295 -0.406914
-6.526487 -3.440623 -0.310307
-4.852171 -2.230172 -1.294838
-5.237887 -2.490588 -1.291793
-5.678807 -2.789954 -1.290153
-6.352724 -3.248352 -1.315412
-6.862396 -3.591691 -1.292737
-6.282609 -3.183787 -1.075525
-6.244936 -3.150211 -0.959491
-6.225752 -3.129450 -0.844275
-6.272923 -3.156254 -0.741294
-6.286909 -3.158937 -0.630487
-6.302164 -3.163644 -0.523335
-6.459123 -3.263226 -0.419766
-6.766153 -3.466388 -0.321729
-4.852171 -2.230172 -1.294838
-5.237887 -2.490588 -1.291793
-5.678807 -2.789954 -1.290153
-6.352724 -3.248352 -1.315412
-6.862396 -3.591691 -1.292737
-7.765221 -4.205444 -1.312027
-6.244936 -3.150211 -0.959491
-6.225752 -3.129450 -0.844275
-6.272923 -3.156254 -0.741294
-6.286909 -3.158937 -0.630487
-6.302164 -3.163644 -0.523335
-6.459123 -3.263226 -0.419766
-6.766153 -3.466388 -0.321729
-4.860747 -2.133238 -1.288587
-5.285774 -2.412359 -1.294698
-5.734087 -2.707742 -1.294101
-6.279873 -3.066451 -1.293786
-7.001084 -3.541347 -1.310235
-7.714765 -4.010217 -1.297495
-6.609268 -3.263142 -1.006856
-6.722923 -3.331040 -0.902824
-6.519174 -3.189612 -0.765554
-6.467094 -3.148017 -0.645585
-6.542490 -3.192303 -0.540846
-6.704421 -3.291895 -0.434476
-7.047807 -3.512811 -0.334940
-4.860747 -2.133238 -1.288587
-5.285774 -2.412359 -1.294698
-5.734087 -2.707742 -1.294101
-6.279873 -3.066451 -1.293786
-7.001084 -3.541347 -1.310235
-7.714765 -4.010217 -1.297495
-6.609268 -3.263142 -1.006856
-6.722923 -3.331040 -0.902824
-6.519174 -3.189612 -0.765554
-6.467094 -3.148017 -0.645585
-6.542490 -3.192303 -0.540846
-6.704421 -3.291895 -0.434476
-7.047807 -3.512811 -0.334940
-4.913503 -2.066795 -1.293545
-5.325956 -2.329218 -1.296077
-5.732123 -2.588179 -1.286226
-6.325713 -2.967209 -1.295521
-6.957202 -3.369454 -1.295787
-7.880018 -3.959903 -1.317435
-6.704495 -3.189642 -1.016048
-6.825871 -3.260327 -0.912343
-6.687227 -3.165050 -0.781437
-6.715251 -3.176110 -0.666838
-6.784828 -3.215074 -0.558567
-7.015631 -3.355595 -0.452989
-4.913503 -2.066795 -1.293545
-5.325956 -2.329218 -1.296077
-5.732123 -2.588179 -1.286226
-6.325713 -2.967209 -1.295521
-6.957202 -3.369454 -1.295787
-7.880018 -3.959903 -1.317435
-8.311658 -4.230246 -1.242654
-6.825871 -3.260327 -0.912343
-6.687227 -3.165050 -0.781437
-6.715251 -3.176110 -0.666838
-6.784828 -3.215074 -0.558567
-7.015631 -3.355595 -0.452989
-4.922390 -1.972229 -1.287985
-5.344973 -2.233046 -1.292911
-5.804558 -2.517880 -1.294263
-6.353350 -2.856984 -1.294015
-7.084050 -3.309429 -1.311543
-7.807068 -3.756088 -1.300008
-8.386787 -4.111194 -1.248189
-7.278768 -3.407334 -0.965084
-7.017954 -3.238082 -0.814726
-7.083816 -3.272066 -0.698926
-4.922390 -1.972229 -1.287985
-5.344973 -2.233046 -1.292911
-5.804558 -2.517880 -1.294263
-6.353350 -2.856984 -1.294015
-7.084050 -3.309429 -1.311543
-7.807068 -3.756088 -1.300008
-8.386787 -4.111194 -1.248189
-4.939651 -1.884226 -1.284786
-5.389169 -2.153489 -1.295709
-5.809021 -2.405118 -1.288333
-6.358980 -2.734444 -1.288592
-7.021487 -3.131253 -1.294513
-7.851916 -3.629645 -1.301428
-4.939651 -1.884226 -1.284786
-5.389169 -2.153489 -1.295709
-5.809021 -2.405118 -1.288333
-6.358980 -2.734444 -1.288592
-7.021487 -3.131253 -1.294513
-7.851916 -3.629645 -1.301428
-4.992462 -1.818433 -1.290465
-5.408592 -2.059309 -1.293189
-5.869079 -2.327163 -1.294223
-6.440589 -2.658857 -1.297876
-7.067775 -3.022220 -1.296712
-4.992462 -1.818433 -1.290465
-5.408592 -2.059309 -1.293189
-5.869079 -2.327163 -1.294223
-6.440589 -2.658857 -1.297876
-7.067775 -3.022220 -1.296712
-5.027475 -1.741974 -1.292061
-5.440094 -1.973094 -1.293640
-5.893990 -2.228597 -1.293073
-6.469999 -2.552272 -1.297479
-5.027475 -1.741974 -1.292061
-5.440094 -1.973094 -1.293640
-5.893990 -2.228597 -1.293073
-6.469999 -2.552272 -1.297479
-5.027183 -1.646023 -1.285458
-5.456563 -1.878988 -1.291008
-5.913895 -2.128115 -1.291160
-6.477028 -2.434123 -1.293135
-5.027183 -1.646023 -1.285458
-5.456563 -1.878988 -1.291008
-5.913895 -2.128115 -1.291160
-6.477028 -2.434123 -1.293135
-5.083792 -1.582326 -1.292697
-5.502613 -1.801829 -1.295174
-5.935656 -2.029623 -1.289891
-5.083792 -1.582326 -1.292697
-5.502613 -1.801829 -1.295174
-5.935656 -2.029623 -1.289891
-5.066772 -1.479515 -1.282697
-5.533682 -1.716723 -1.296260
-5.066772 -1.479515 -1.282697
-5.533682 -1.716723 -1.296260
-5.131789 -1.420089 -1.292351
-5.521412 -1.610141 -1.288112
-5.131789 -1.420089 -1.292351
-5.521412 -1.610141 -1.288112
-5.157459 -1.340494 -1.292938
-5.157459 -1.340494 -1.292938
-2.508101 -4.161398 -1.366211
-2.508101 -4.161398 -1.366211
-2.582896 -4.131388 -1.370645
-2.582896 -4.131388 -1.370645
-2.640799 -4.069369 -1.366960
-2.871221 -4.485520 -1.384664
-2.640799 -4.069369 -1.366960
-2.871221 -4.485520 -1.384664
-2.708824 -4.027186 -1.368678
-2.963990 -4.474239 -1.395147
-2.708824 -4.027186 -1.368678
-2.963990 -4.474239 -1.395147
-2.791686 -4.011136 -1.377643
-3.041460 -4.434294 -1.398853
-3.291507 -4.859718 -1.404181
-3.323325 -4.903759 -1.315255
-2.791686 -4.011136 -1.377643
-3.041460 -4.434294 -1.398853
-3.291507 -4.859718 -1.404181
-3.323325 -4.903759 -1.315255
-2.856806 -3.963550 -1.378456
-3.080572 -4.329355 -1.386356
-3.338374 -4.754460 -1.393728
-3.354610 -4.770926 -1.299850
-2.856806 -3.963550 -1.378456
-3.080572 -4.329355 -1.386356
-3.338374 -4.754460 -1.393728
-3.354610 -4.770926 -1.299850
-2.711870 -3.582525 -1.370568
-2.911023 -3.898489 -1.374710
-3.162218 -4.297746 -1.392595
-3.366600 -4.622307 -1.376829
-3.395205 -4.658494 -1.288805
-3.755924 -5.234280 -1.308245
-2.711870 -3.582525 -1.370568
-2.911023 -3.898489 -1.374710
-3.162218 -4.297746 -1.392595
-3.366600 -4.622307 -1.376829
-3.395205 -4.658494 -1.288805
-3.755924 -5.234280 -1.308245
-2.964005 -3.832881 -1.370937
-3.201914 -4.198784 -1.381716
-3.391825 -4.490509 -1.359838
-3.483792 -4.625772 -1.295545
-3.831446 -5.163216 -1.308139
-2.964005 -3.832881 -1.370937
-3.201914 -4.198784 -1.381716
-3.391825 -4.490509 -1.359838
-3.483792 -4.625772 -1.295545
-3.831446 -5.163216 -1.308139
-2.826989 -3.485919 -1.370589
-3.028466 -3.786352 -1.372617
-3.273576 -4.152161 -1.384509
-3.433318 -4.388679 -1.349966
-3.533481 -4.532425 -1.288875
-3.935927 -5.137424 -1.317657
-4.211214 -5.548973 -1.291609
-2.826989 -3.485919 -1.370589
-3.028466 -3.786352 -1.372617
-3.273576 -4.152161 -1.384509
-3.433318 -4.388679 -1.349966
-3.533481 -4.532425 -1.288875
-3.935927 -5.137424 -1.317657
-4.211214 -5.548973 -1.291609
-2.882280 -3.434920 -1.370095
-3.087896 -3.732483 -1.372459
-3.357630 -4.124010 -1.392457
-3.444262 -4.244481 -1.329591
-3.579079 -4.435535 -1.281406
-3.936953 -4.956341 -1.294737
-4.272916 -5.445617 -1.286902
-4.773065 -6.174594 -1.301233
-2.882280 -3.434920 -1.370095
-3.087896 -3.732483 -1.372459
-3.357630 -4.124010 -1.392457
-3.444262 -4.244481 -1.329591
-3.579079 -4.435535 -1.281406
-3.936953 -4.956341 -1.294737
-4.272916 -5.445617 -1.286902
-4.773065 -6.174594 -1.301233
-2.943315 -3.392837 -1.372510
-3.172950 -3.716351 -1.383292
-3.421570 -4.065576 -1.392667
-3.485336 -4.149385 -1.321183
-3.662983 -4.396582 -1.287372
-3.983177 -4.847649 -1.286911
-3.667444 -4.385441 -1.094174
-3.684476 -4.400985 -1.000667
-5.080134 -6.392222 -1.229530
-5.069492 -6.366007 -1.095590
-5.114516 -6.419359 -0.976587
-5.083403 -6.363991 -0.840302
-5.063070 -6.327396 -0.712271
-5.041069 -6.278630 -0.458034
-5.069753 -6.308658 -0.331995
-2.943315 -3.392837 -1.372510
-3.172950 -3.716351 -1.383292
-3.421570 -4.065576 -1.392667
-3.485336 -4.149385 -1.321183
-3.662983 -4.396582 -1.287372
-3.983177 -4.847649 -1.286911
-3.667444 -4.385441 -1.094174
-3.684476 -4.400985 -1.000667
-5.080134 -6.392222 -1.229530
-5.069492 -6.366007 -1.095590
-5.114516 -6.419359 -0.976587
-5.083403 -6.363991 -0.840302
-5.063070 -6.327396 -0.712271
-5.041069 -6.278630 -0.458034
-5.069753 -6.308658 -0.331995
-2.987311 -3.328288 -1.368057
-3.201020 -3.619968 -1.371147
-3.467840 -3.984697 -1.386781
-3.505392 -4.029280 -1.306231
-3.715911 -4.315433 -1.283544
-3.732863 -4.329415 -1.190110
-3.717813 -4.300985 -1.090713
-3.732694 -4.313061 -0.997206
-3.785846 -4.378385 -0.915985
-5.114328 -6.216761 -1.088329
-5.129729 -6.227492 -0.965295
-5.130323 -6.217737 -0.836097
-5.142117 -6.226681 -0.713549
-5.140014 -6.214327 -0.585284
-5.095996 -6.145936 -0.458395
-5.108621 -6.152956 -0.332532
-5.239247 -6.316085 -0.085468
-5.273205 -6.355418 0.038325
-5.377103 -6.485215 0.300177
-4.418313 -5.152633 0.563060
-4.373413 -5.085456 0.661130
-4.416208 -5.139237 0.777808
-4.409076 -5.124521 0.882833
-2.987311 -3.328288 -1.368057
-3.201020 -3.619968 -1.371147
-3.467840 -3.984697 -1.386781
-3.505392 -4.029280 -1.306231
-3.715911 -4.315433 -1.283544
-3.732863 -4.329415 -1.190110
-3.717813 -4.300985 -1.090713
-3.732694 -4.313061 -0.997206
-3.785846 -4.378385 -0.915985
-5.114328 -6.216761 -1.088329
-5.129729 -6.227492 -0.965295
-5.130323 -6.217737 -0.836097
-5.142117 -6.226681 -0.713549
-5.140014 -6.214327 -0.585284
-5.095996 -6.145936 -0.458395
-5.108621 -6.152956 -0.332532
-5.239247 -6.316085 -0.085468
-5.273205 -6.355418 0.038325
-5.377103 -6.485215 0.300177
-4.418313 -5.152633 0.563060
-4.373413 -5.085456 0.661130
-4.416208 -5.139237 0.777808
-4.409076 -5.124521 0.882833
-3.053706 -3.294150 -1.373384
-3.282984 -3.598557 -1.381069
-3.515715 -3.906030 -1.381754
-3.526003 -3.912145 -1.292039
-3.782190 -4.252170 -1.284233
-3.804002 -4.272276 -1.192371
-3.788569 -4.244092 -1.093015
-3.803630 -4.255993 -0.999573
-3.838833 -4.295098 -0.914217
-4.436025 -5.093376 -0.937173
-4.466249 -5.125219 -0.835256
-4.441189 -5.082627 -0.720834
-4.473132 -5.119418 -0.619334
-5.168238 -6.044729 -0.581888
-4.464038 -5.092937 -0.403630
-4.492423 -5.122188 -0.296244
-5.186958 -6.044516 -0.214527
-4.465730 -5.072482 -0.081469
-4.523699 -5.143837 0.022660
-4.518456 -5.130640 0.133291
-4.504284 -5.107439 0.236889
-4.532158 -5.132998 0.452928
-4.474812 -5.051493 0.555849
-4.472151 -5.042312 0.659948
-4.472611 -5.038339 0.769256
-4.474894 -5.036518 0.875553
-3.053706 -3.294150 -1.373384
-3.282984 -3.598557 -1.381069
-3.515715 -3.906030 -1.381754
-3.526003 -3.912145 -1.292039
-3.782190 -4.252170 -1.284233
-3.804002 -4.272276 -1.192371
-3.788569 -4.244092 -1.093015
-3.803630 -4.255993 -0.999573
-3.838833 -4.295098 -0.914217
-5.249498 -6.191244 -1.099419
-5.167965 -6.070874 -0.958493
-5.135040 -6.016324 -0.825745
-4.473132 -5.119418 -0.619334
-5.168238 -6.044729 -0.581888
-4.464038 -5.092937 -0.403630
-4.492423 -5.122188 -0.296244
-5.186958 -6.044516 -0.214527
-4.465730 -5.072482 -0.081469
-5.526152 -6.481927 0.036271
-5.350992 -6.240794 0.164707
-4.504284 -5.107439 0.236889
-4.532158 -5.132998 0.452928
-4.474812 -5.051493 0.555849
-4.472151 -5.042312 0.659948
-4.472611 -5.038339 0.769256
-4.474894 -5.036518 0.875553
-3.110431 -3.246586 -1.374798
-3.343922 -3.547752 -1.382712
-3.543282 -3.802060 -1.369752
-3.555871 -3.811059 -1.281818
-3.809519 -4.137972 -1.272829
-3.898087 -4.245566 -1.201600
-3.899067 -4.239705 -1.106229
-3.916832 -4.254665 -1.012466
-3.933497 -4.268152 -0.921955
-4.544235 -5.061203 -0.945322
-4.553248 -5.064244 -0.839109
-4.559093 -5.063186 -0.729301
-4.567380 -5.067939 -0.623992
-4.575739 -5.071069 -0.515140
-4.577457 -5.067042 -0.409377
-4.577078 -5.057904 -0.299682
-4.589346 -5.067206 -0.195243
-4.593681 -5.065698 -0.085313
-4.603836 -5.072910 0.019144
-4.598432 -5.059835 0.129666
-4.601065 -5.059025 0.234170
-4.615849 -5.066946 0.343654
-4.648883 -5.109500 0.452795
-4.636810 -5.088690 0.562451
-4.614473 -5.054253 0.665372
-4.636788 -5.078469 0.779882
-4.631674 -5.067055 0.886564
-3.110431 -3.246586 -1.374798
-3.343922 -3.547752 -1.382712
-3.543282 -3.802060 -1.369752
-3.555871 -3.811059 -1.281818
-3.809519 -4.137972 -1.272829
-3.898087 -4.245566 -1.201600
-3.899067 -4.239705 -1.106229
-3.916832 -4.254665 -1.012466
-4.524487 -5.044021 -1.052395
-4.544235 -5.061203 -0.945322
-4.553248 -5.064244 -0.839109
-4.559093 -5.063186 -0.729301
-4.567380 -5.067939 -0.623992
-4.575739 -5.071069 -0.515140
-4.577457 -5.067042 -0.409377
-4.577078 -5.057904 -0.299682
-4.589346 -5.067206 -0.195243
-4.593681 -5.065698 -0.085313
-4.603836 -5.072910 0.019144
-4.598432 -5.059835 0.129666
-4.601065 -5.059025 0.234170
-4.615849 -5.066946 0.343654
-4.648883 -5.109500 0.452795
-4.636810 -5.088690 0.562451
-4.614473 -5.054253 0.665372
-4.636788 -5.078469 0.779882
-4.631674 -5.067055 0.886564
-3.164071 -3.195199 -1.375221
-3.411251 -3.505363 -1.387118
-3.585430 -3.719878 -1.363766
-3.583636 -3.710108 -1.271534
-3.875468 -4.076723 -1.274211
-4.195721 -4.478033 -1.269626
-4.544995 -4.917544 -1.261241
-5.064817 -5.572213 -1.274352
-4.605439 -4.975873 -1.055276
-6.300623 -7.126413 -1.272854
-5.236898 -5.761897 -0.945000
-5.239198 -5.755201 -0.820547
-5.221478 -5.726019 -0.698513
-5.248234 -5.751382 -0.578256
-5.221026 -5.710037 -0.457014
-5.228809 -5.710393 -0.334786
-5.926201 -6.567451 0.030122
-6.291789 -7.020113 0.182473
-4.785326 -5.097635 0.674744
-4.740905 -5.037476 0.779817
-4.745551 -5.038540 0.888861
-3.164071 -3.195199 -1.375221
-3.411251 -3.505363 -1.387118
-3.585430 -3.719878 -1.363766
-3.583636 -3.710108 -1.271534
-3.875468 -4.076723 -1.274211
-4.195721 -4.478033 -1.269626
-4.544995 -4.917544 -1.261241
-5.064817 -5.572213 -1.274352
-5.517819 -6.139594 -1.253723
-6.300623 -7.126413 -1.272854
-5.236898 -5.761897 -0.945000
-5.239198 -5.755201 -0.820547
-5.221478 -5.726019 -0.698513
-5.248234 -5.751382 -0.578256
-5.221026 -5.710037 -0.457014
-5.228809 -5.710393 -0.334786
-5.926201 -6.567451 0.030122
-6.291789 -7.020113 0.182473
-4.785326 -5.097635 0.674744
-3.216904 -3.143136 -1.375631
-3.444101 -3.419374 -1.378561
-3.601629 -3.606960 -1.349032
-3.616649 -3.618501 -1.263628
-3.910988 -3.977857 -1.266480
-4.263808 -4.408348 -1.270636
-4.609263 -4.830625 -1.260085
-5.138111 -5.477935 -1.273972
-5.549156 -5.977214 -1.243378
-6.415356 -7.039397 -1.277965
-5.270219 -5.612686 -0.938734
-5.279838 -5.615230 -0.816742
-5.239038 -5.558421 -0.693065
-5.286171 -5.608202 -0.576553
-5.260857 -5.570363 -0.456700
-5.255974 -5.555156 -0.334976
-5.385135 -5.698831 -0.098981
-6.187822 -6.675228 0.027478
-6.415512 -6.946209 0.178310
-5.560392 -5.882933 0.397153
-3.216904 -3.143136 -1.375631
-3.444101 -3.419374 -1.378561
-3.601629 -3.606960 -1.349032
-3.616649 -3.618501 -1.263628
-3.910988 -3.977857 -1.266480
-4.263808 -4.408348 -1.270636
-4.609263 -4.830625 -1.260085
-5.138111 -5.477935 -1.273972
-5.549156 -5.977214 -1.243378
-6.415356 -7.039397 -1.277965
-5.270219 -5.612686 -0.938734
-5.279838 -5.615230 -0.816742
-5.239038 -5.558421 -0.693065
-5.286171 -5.608202 -0.576553
-5.260857 -5.570363 -0.456700
-5.255974 -5.555156 -0.334976
-5.385135 -5.698831 -0.098981
-6.187822 -6.675228 0.027478
-6.415512 -6.946209 0.178310
-5.560392 -5.882933 0.397153
-3.261553 -3.081411 -1.373073
-3.524608 -3.393512 -1.388508
-3.635246 -3.518648 -1.341199
-3.657792 -3.538991 -1.258931
-3.974524 -3.915348 -1.267811
-4.323263 -4.328719 -1.269517
-4.654400 -4.721777 -1.254360
-5.116375 -5.270192 -1.251701
-5.592265 -5.833669 -1.236139
-6.467976 -6.877458 -1.271575
-5.313152 -5.479161 -0.934489
-5.325275 -5.484630 -0.813950
-5.281076 -5.425341 -0.690923
-5.305802 -5.446907 -0.573235
-5.285017 -5.415572 -0.455304
-5.308087 -5.434191 -0.336623
-5.354699 -5.482907 -0.223002
-5.413501 -5.545523 -0.102109
-5.437210 -5.567475 0.014604
-6.677406 -7.035679 0.178643
-5.532049 -5.669326 0.260471
-5.604201 -5.742863 0.389283
-3.261553 -3.081411 -1.373073
-3.524608 -3.393512 -1.388508
-3.635246 -3.518648 -1.341199
-3.657792 -3.538991 -1.258931
-3.974524 -3.915348 -1.267811
-4.323263 -4.328719 -1.269517
-4.654400 -4.721777 -1.254360
-5.116375 -5.270192 -1.251701
-5.592265 -5.833669 -1.236139
-6.467976 -6.877458 -1.271575
-5.313152 -5.479161 -0.934489
-5.325275 -5.484630 -0.813950
-5.281076 -5.425341 -0.690923
-5.305802 -5.446907 -0.573235
-5.285017 -5.415572 -0.455304
-5.308087 -5.434191 -0.336623
-5.354699 -5.482907 -0.223002
-5.413501 -5.545523 -0.102109
-5.437210 -5.567475 0.014604
-6.677406 -7.035679 0.178643
-5.532049 -5.669326 0.260471
-3.305130 -3.019245 -1.370490
-3.569941 -3.324624 -1.385464
-3.649482 -3.409441 -1.327197
-3.740478 -3.510019 -1.268089
-4.006606 -3.816103 -1.259985
-4.363496 -4.227484 -1.263433
-4.715334 -4.633848 -1.253122
-5.256731 -5.260014 -1.267772
-5.701984 -5.771673 -1.243322
-5.368834 -5.372666 -1.051235
-5.348241 -5.339692 -0.929314
-5.352564 -5.335918 -0.808873
-5.336033 -5.310529 -0.690580
-5.358422 -5.328749 -0.573391
-5.324150 -5.282596 -0.455210
-5.321341 -5.270655 -0.336193
-5.446504 -5.401819 -0.105228
-5.462663 -5.414434 0.010196
-5.519627 -5.474074 0.134412
-5.543244 -5.497013 0.252368
-5.629495 -5.584806 0.380338
-3.305130 -3.019245 -1.370490
-3.569941 -3.324624 -1.385464
-3.649482 -3.409441 -1.327197
-3.740478 -3.510019 -1.268089
-4.006606 -3.816103 -1.259985
-4.363496 -4.227484 -1.263433
-4.715334 -4.633848 -1.253122
-5.256731 -5.260014 -1.267772
-5.701984 -5.771673 -1.243322
-6.470903 -6.661307 -1.256439
-5.348241 -5.339692 -0.929314
-5.352564 -5.335918 -0.808873
-5.336033 -5.310529 -0.690580
-5.358422 -5.328749 -0.573391
-5.324150 -5.282596 -0.455210
-5.321341 -5.270655 -0.336193
-5.446504 -5.401819 -0.105228
-5.462663 -5.414434 0.010196
-5.519627 -5.474074 0.134412
-5.543244 -5.497013 0.252368
-3.360324 -2.971301 -1.372824
-3.603859 -3.243578 -1.378666
-3.692161 -3.336062 -1.323631
-3.776774 -3.426479 -1.262523
-4.083204 -3.770168 -1.265845
-4.432879 -4.161733 -1.265774
-4.785147 -4.557208 -1.254455
-5.322158 -5.160868 -1.266674
-5.852928 -5.755574 -1.259140
-5.414772 -5.248120 -1.047242
-5.375245 -5.194551 -0.923199
-5.368868 -5.178760 -0.802589
-5.370361 -5.174514 -0.687974
-5.406157 -5.207391 -0.573227
-5.373863 -5.164745 -0.456050
-5.347001 -5.125966 -0.336520
-5.408134 -5.188419 -0.226268
-5.856400 -5.686141 -0.112962
-5.833070 -5.653589 0.008746
-6.866662 -6.808745 0.168349
-5.635803 -5.421236 0.248690
-5.664788 -5.442271 0.372455
-3.360324 -2.971301 -1.372824
-3.603859 -3.243578 -1.378666
-3.692161 -3.336062 -1.323631
-3.776774 -3.426479 -1.262523
-4.083204 -3.770168 -1.265845
-4.432879 -4.161733 -1.265774
-4.785147 -4.557208 -1.254455
-5.322158 -5.160868 -1.266674
-5.852928 -5.755574 -1.259140
-6.576636 -6.568877 -1.260919
-5.375245 -5.194551 -0.923199
-5.368868 -5.178760 -0.802589
-5.370361 -5.174514 -0.687974
-5.406157 -5.207391 -0.573227
-5.373863 -5.164745 -0.456050
-5.347001 -5.125966 -0.336520
-5.408134 -5.188419 -0.226268
-5.856400 -5.686141 -0.112962
-5.833070 -5.653589 0.008746
-6.866662 -6.808745 0.168349
-5.635803 -5.421236 0.248690
-5.664788 -5.442271 0.372455
-3.407106 -2.913912 -1.372180
-3.618101 -3.142125 -1.365294
-3.707499 -3.233274 -1.311256
-3.832401 -3.366127 -1.263480
-4.106851 -3.664597 -1.256403
-4.464435 -4.054080 -1.258182
-4.790371 -4.409339 -1.240091
-5.364672 -5.037620 -1.260767
-5.815889 -5.527760 -1.236618
-5.421014 -5.082321 -1.036402
-5.417965 -5.070533 -0.919991
-5.403271 -5.045994 -0.799171
-5.393919 -5.029924 -0.684336
-5.411293 -5.041640 -0.569102
-5.405213 -5.029007 -0.455601
-5.399304 -5.014288 -0.338373
-6.029758 -5.691441 -0.117956
-6.022241 -5.676944 0.005531
-6.918022 -6.649399 0.162088
-5.643638 -5.252739 0.240909
-5.686413 -5.288261 0.363902
-3.407106 -2.913912 -1.372180
-3.618101 -3.142125 -1.365294
-3.707499 -3.233274 -1.311256
-3.832401 -3.366127 -1.263480
-4.106851 -3.664597 -1.256403
-4.464435 -4.054080 -1.258182
-4.790371 -4.409339 -1.240091
-5.364672 -5.037620 -1.260767
-5.815889 -5.527760 -1.236618
-6.625126 -6.413148 -1.255217
-5.417965 -5.070533 -0.919991
-5.403271 -5.045994 -0.799171
-5.393919 -5.029924 -0.684336
-5.411293 -5.041640 -0.569102
-5.405213 -5.029007 -0.455601
-5.399304 -5.014288 -0.338373
-6.029758 -5.691441 -0.117956
-6.022241 -5.676944 0.005531
-6.918022 -6.649399 0.162088
-5.643638 -5.252739 0.240909
-5.686413 -5.288261 0.363902
-3.471294 -2.875979 -1.378459
-3.701293 -3.118444 -1.377090
-3.731294 -3.142399 -1.302331
-3.873832 -3.290689 -1.260308
-4.181651 -3.616985 -1.262236
-4.504575 -3.958119 -1.253368
-4.875574 -4.352165 -1.245921
-5.434404 -4.946287 -1.261365
-5.870802 -5.406848 -1.233445
-5.450769 -4.946651 -1.030302
-5.442032 -4.929080 -0.914130
-5.454063 -4.933863 -0.798287
-5.428127 -4.900461 -0.682194
-5.459234 -4.926531 -0.569302
-5.420198 -4.879021 -0.454036
-5.435885 -4.887765 -0.339425
-6.958069 -6.481406 0.155690
-5.729541 -5.161065 0.357141
-3.471294 -2.875979 -1.378459
-3.701293 -3.118444 -1.377090
-3.731294 -3.142399 -1.302331
-3.873832 -3.290689 -1.260308
-4.181651 -3.616985 -1.262236
-4.504575 -3.958119 -1.253368
-4.875574 -4.352165 -1.245921
-5.434404 -4.946287 -1.261365
-5.870802 -5.406848 -1.233445
-6.681402 -6.269177 -1.251369
-5.442032 -4.929080 -0.914130
-5.454063 -4.933863 -0.798287
-5.428127 -4.900461 -0.682194
-5.459234 -4.926531 -0.569302
-5.420198 -4.879021 -0.454036
-5.435885 -4.887765 -0.339425
-6.958069 -6.481406 0.155690
-5.729541 -5.161065 0.357141
-3.503205 -2.803174 -1.372822
-3.739135 -3.045173 -1.372993
-3.753305 -3.051691 -1.293351
-3.924702 -3.226307 -1.260398
-4.209980 -3.519794 -1.255003
-4.567352 -3.887689 -1.254912
-4.951963 -4.285083 -1.249783
-5.483543 -4.834150 -1.257736
-5.945405 -5.308599 -1.234567
-5.488805 -4.822820 -1.026069
-5.479746 -4.805375 -0.910772
-5.464199 -4.781266 -0.792093
-5.465322 -4.776976 -0.680616
-5.496741 -4.802635 -0.568652
-5.459781 -4.758581 -0.454450
-5.470010 -4.761397 -0.340403
-5.360394 -4.635536 -0.114199
-7.033735 -6.354027 0.150436
-5.676409 -4.947655 0.226998
-5.892661 -5.160079 0.358635
-3.503205 -2.803174 -1.372822
-3.739135 -3.045173 -1.372993
-3.753305 -3.051691 -1.293351
-3.924702 -3.226307 -1.260398
-4.209980 -3.519794 -1.255003
-4.567352 -3.887689 -1.254912
-4.951963 -4.285083 -1.249783
-5.483543 -4.834150 -1.257736
-5.945405 -5.308599 -1.234567
-6.682828 -6.070587 -1.238179
-5.479746 -4.805375 -0.910772
-5.464199 -4.781266 -0.792093
-5.465322 -4.776976 -0.680616
-5.496741 -4.802635 -0.568652
-5.459781 -4.758581 -0.454450
-5.470010 -4.761397 -0.340403
-5.360394 -4.635536 -0.114199
-7.033735 -6.354027 0.150436
-5.676409 -4.947655 0.226998
-5.892661 -5.160079 0.358635
-3.536484 -2.733017 -1.368144
-3.775680 -2.971648 -1.368862
-3.787150 -2.975159 -1.288729
-3.966353 -3.152929 -1.257991
-4.261125 -3.447989 -1.254649
-4.645576 -3.833346 -1.260718
-4.983269 -4.171809 -1.243103
-5.525100 -4.716158 -1.252849
-5.996211 -5.186901 -1.231286
-5.532829 -4.707582 -1.023233
-5.515095 -4.681779 -0.907344
-5.515926 -4.674910 -0.791827
-5.497353 -4.650771 -0.678646
-5.509426 -4.656147 -0.565813
-5.483032 -4.623993 -0.453748
-5.512946 -4.646584 -0.341917
-5.583042 -4.711398 -0.235254
-5.429756 -4.550748 -0.117502
-5.682549 -4.794433 0.108510
-6.124594 -5.223616 0.364469
-3.536484 -2.733017 -1.368144
-3.775680 -2.971648 -1.368862
-3.787150 -2.975159 -1.288729
-3.966353 -3.152929 -1.257991
-4.261125 -3.447989 -1.254649
-4.645576 -3.833346 -1.260718
-4.983269 -4.171809 -1.243103
-5.525100 -4.716158 -1.252849
-5.996211 -5.186901 -1.231286
-6.713472 -5.907352 -1.230719
-5.515095 -4.681779 -0.907344
-5.515926 -4.674910 -0.791827
-5.497353 -4.650771 -0.678646
-5.509426 -4.656147 -0.565813
-5.483032 -4.623993 -0.453748
-5.512946 -4.646584 -0.341917
-5.583042 -4.711398 -0.235254
-5.429756 -4.550748 -0.117502
-5.682549 -4.794433 0.108510
-6.124594 -5.223616 0.364469
-3.612281 -2.706561 -1.379381
-3.802681 -2.889639 -1.361877
-3.805815 -2.884691 -1.279648
-3.990118 -3.062631 -1.250585
-4.305544 -3.370096 -1.252724
-4.664569 -3.719500 -1.251503
-5.043211 -4.089270 -1.243617
-5.530758 -4.564746 -1.240663
-6.070155 -5.090100 -1.232875
-5.569086 -4.586672 -1.019354
-5.550921 -4.561128 -0.904280
-5.531736 -4.534695 -0.786965
-5.535475 -4.533196 -0.677572
-5.550427 -4.541229 -0.565808
-5.526412 -4.512279 -0.454653
-5.539498 -4.517702 -0.342600
-5.616178 -4.587175 -0.237166
-5.523533 -4.490301 -0.121155
-5.637854 -4.597071 -0.013708
-5.739718 -4.691375 0.104387
-5.962704 -4.905472 0.225186
-6.227814 -5.153549 0.361742
-3.612281 -2.706561 -1.379381
-3.802681 -2.889639 -1.361877
-3.805815 -2.884691 -1.279648
-3.990118 -3.062631 -1.250585
-4.305544 -3.370096 -1.252724
-4.664569 -3.719500 -1.251503
-5.043211 -4.089270 -1.243617
-5.530758 -4.564746 -1.240663
-6.070155 -5.090100 -1.232875
-6.738076 -5.741862 -1.222665
-5.550921 -4.561128 -0.904280
-5.531736 -4.534695 -0.786965
-5.535475 -4.533196 -0.677572
-5.550427 -4.541229 -0.565808
-5.526412 -4.512279 -0.454653
-5.539498 -4.517702 -0.342600
-5.616178 -4.587175 -0.237166
-5.523533 -4.490301 -0.121155
-5.637854 -4.597071 -0.013708
-5.739718 -4.691375 0.104387
-5.962704 -4.905472 0.225186
-3.640893 -2.632724 -1.373664
-3.817013 -2.796810 -1.351082
-3.836716 -2.808070 -1.274943
-4.034639 -2.994277 -1.249762
-4.343005 -3.286368 -1.249220
-4.718109 -3.641626 -1.251538
-5.033718 -3.940309 -1.228220
-5.618717 -4.496621 -1.246511
-6.102618 -4.953975 -1.226739
-5.600212 -4.463117 -1.014916
-5.561532 -4.418564 -0.897649
-5.559113 -4.408931 -0.783913
-5.551255 -4.396361 -0.674156
-5.583548 -4.420755 -0.565206
-5.556210 -4.389415 -0.454648
-5.572226 -4.397461 -0.343672
-5.639864 -4.450373 -0.125161
-5.735418 -4.536266 -0.017094
-6.134176 -4.906251 0.225369
-8.574365 -7.209300 0.663369
-3.640893 -2.632724 -1.373664
-3.817013 -2.796810 -1.351082
-3.836716 -2.808070 -1.274943
-4.034639 -2.994277 -1.249762
-4.343005 -3.286368 -1.249220
-4.718109 -3.641626 -1.251538
-5.033718 -3.940309 -1.228220
-5.618717 -4.496621 -1.246511
-6.102618 -4.953975 -1.226739
-6.782303 -5.599050 -1.218449
-5.561532 -4.418564 -0.897649
-5.559113 -4.408931 -0.783913
-5.551255 -4.396361 -0.674156
-5.583548 -4.420755 -0.565206
-5.556210 -4.389415 -0.454648
-5.572226 -4.397461 -0.343672
-5.639864 -4.450373 -0.125161
-5.735418 -4.536266 -0.017094
-6.134176 -4.906251 0.225369
-3.665366 -2.556148 -1.366909
-3.871881 -2.744424 -1.354376
-3.866245 -2.731345 -1.270200
-4.066665 -2.914730 -1.245590
-4.396136 -3.218584 -1.250329
-4.776141 -3.568563 -1.252984
-5.150523 -3.914102 -1.242571
-5.625089 -4.351412 -1.235378
-6.248212 -4.926414 -1.242575
-5.620304 -4.331658 -1.008922
-5.595439 -4.301212 -0.894876
-5.586999 -4.286202 -0.781170
-5.575994 -4.271039 -0.671960
-5.579342 -4.267828 -0.561294
-5.589534 -4.272234 -0.455002
-5.664233 -4.334471 -0.347988
-5.688653 -4.345757 -0.128160
-5.817708 -4.460238 -0.020536
-6.775714 -5.325286 0.377229
-8.696761 -7.096360 0.658927
-3.665366 -2.556148 -1.366909
-3.871881 -2.744424 -1.354376
-3.866245 -2.731345 -1.270200
-4.066665 -2.914730 -1.245590
-4.396136 -3.218584 -1.250329
-4.776141 -3.568563 -1.252984
-5.150523 -3.914102 -1.242571
-5.625089 -4.351412 -1.235378
-6.248212 -4.926414 -1.242575
-5.620304 -4.331658 -1.008922
-5.595439 -4.301212 -0.894876
-5.586999 -4.286202 -0.781170
-5.575994 -4.271039 -0.671960
-5.579342 -4.267828 -0.561294
-5.589534 -4.272234 -0.455002
-5.664233 -4.334471 -0.347988
-5.688653 -4.345757 -0.128160
-5.817708 -4.460238 -0.020536
-8.750089 -7.145370 0.497560
-8.696761 -7.096360 0.658927
-3.714063 -2.503223 -1.369130
-3.874563 -2.643865 -1.340655
-3.888662 -2.649264 -1.263639
-4.097282 -2.835069 -1.241378
-4.436665 -3.139549 -1.248309
-4.815645 -3.478852 -1.250086
-5.206398 -3.829735 -1.242995
-5.701598 -4.273681 -1.239348
-6.197899 -4.717294 -1.221416
-5.705415 -4.262101 -1.014261
-5.703733 -4.253433 -0.903503
-5.662727 -4.209203 -0.784881
-5.639719 -4.183540 -0.674293
-5.631191 -4.169617 -0.562709
-5.579198 -4.117693 -0.452256
-8.728831 -6.901769 0.484424
-8.874177 -7.032238 0.658916
-3.714063 -2.503223 -1.369130
-3.874563 -2.643865 -1.340655
-3.888662 -2.649264 -1.263639
-4.097282 -2.835069 -1.241378
-4.436665 -3.139549 -1.248309
-4.815645 -3.478852 -1.250086
-5.206398 -3.829735 -1.242995
-5.701598 -4.273681 -1.239348
-6.197899 -4.717294 -1.221416
-6.868716 -5.319064 -1.210774
-5.703733 -4.253433 -0.903503
-5.662727 -4.209203 -0.784881
-5.639719 -4.183540 -0.674293
-5.631191 -4.169617 -0.562709
-5.579198 -4.117693 -0.452256
-8.728831 -6.901769 0.484424
-8.874177 -7.032238 0.658916
-3.753366 -2.441870 -1.368329
-3.901296 -2.567294 -1.335383
-3.903751 -2.562094 -1.255250
-4.149856 -2.776141 -1.243803
-4.440697 -3.028903 -1.236907
-4.862425 -3.396768 -1.249312
-5.240292 -3.726438 -1.238721
-5.741542 -4.163389 -1.235988
-5.617849 -4.046204 -1.101902
-5.637994 -4.057186 -0.994200
-5.656769 -4.066887 -0.889135
-5.656751 -4.060052 -0.778167
-5.729036 -4.118988 -0.679574
-5.687399 -4.076254 -0.564631
-5.622687 -4.014559 -0.453548
-5.638906 -4.022072 -0.345512
-5.831987 -4.180435 -0.134841
-6.890303 -5.091643 0.234653
-8.844100 -6.783762 0.479725
-8.828723 -6.770574 0.641786
-8.817400 -6.754610 0.811128
-3.753366 -2.441870 -1.368329
-3.901296 -2.567294 -1.335383
-3.903751 -2.562094 -1.255250
-4.149856 -2.776141 -1.243803
-4.440697 -3.028903 -1.236907
-4.862425 -3.396768 -1.249312
-5.240292 -3.726438 -1.238721
-5.741542 -4.163389 -1.235988
-6.261703 -4.615754 -1.222274
-5.637994 -4.057186 -0.994200
-5.656769 -4.066887 -0.889135
-5.656751 -4.060052 -0.778167
-5.729036 -4.118988 -0.679574
-5.687399 -4.076254 -0.564631
-5.622687 -4.014559 -0.453548
-5.638906 -4.022072 -0.345512
-5.831987 -4.180435 -0.134841
-8.860061 -6.811374 0.312341
-8.844100 -6.783762 0.479725
-8.828723 -6.770574 0.641786
-8.817400 -6.754610 0.811128
-3.812135 -2.397903 -1.374542
-3.923742 -2.488138 -1.329125
-3.934863 -2.490554 -1.252165
-4.157261 -2.678059 -1.233673
-4.498911 -2.967732 -1.240264
-4.890012 -3.298819 -1.244163
-5.269359 -3.620563 -1.233726
-5.680704 -3.967881 -1.212394
-5.699219 -3.976327 -1.107364
-5.749677 -4.012937 -1.004440
-5.693264 -3.957752 -0.887500
-5.735439 -3.987199 -0.782579
-5.684398 -3.938909 -0.670238
-5.899860 -4.117143 -0.580833
-5.673517 -3.918987 -0.455452
-5.668551 -3.908166 -0.346626
-5.918635 -4.110575 -0.138428
-6.369396 -4.489121 -0.030348
-8.963880 -6.669237 0.475393
-3.812135 -2.397903 -1.374542
-3.923742 -2.488138 -1.329125
-3.934863 -2.490554 -1.252165
-4.157261 -2.678059 -1.233673
-4.498911 -2.967732 -1.240264
-4.890012 -3.298819 -1.244163
-5.269359 -3.620563 -1.233726
-5.680704 -3.967881 -1.212394
-5.699219 -3.976327 -1.107364
-5.749677 -4.012937 -1.004440
-5.693264 -3.957752 -0.887500
-5.735439 -3.987199 -0.782579
-5.684398 -3.938909 -0.670238
-5.899860 -4.117143 -0.580833
-5.673517 -3.918987 -0.455452
-5.668551 -3.908166 -0.346626
-5.918635 -4.110575 -0.138428
-6.369396 -4.489121 -0.030348
-8.963880 -6.669237 0.475393
-3.849746 -2.335435 -1.373709
-3.938833 -2.404036 -1.320924
-3.931985 -2.391184 -1.239209
-4.216614 -2.625872 -1.238560
-4.490251 -2.850166 -1.226398
-4.918853 -3.203489 -1.239688
-5.353934 -3.562941 -1.241408
-5.697416 -3.843622 -1.205189
-5.718969 -3.854341 -1.101660
-5.721091 -3.849548 -0.991648
-5.721734 -3.843495 -0.884918
-5.724482 -3.839257 -0.775701
-5.724763 -3.835015 -0.670439
-5.887419 -3.964353 -0.576679
-5.701281 -3.805116 -0.455765
-5.726908 -3.819916 -0.349324
-6.019889 -4.052044 -0.142274
-3.849746 -2.335435 -1.373709
-3.938833 -2.404036 -1.320924
-3.931985 -2.391184 -1.239209
-4.216614 -2.625872 -1.238560
-4.490251 -2.850166 -1.226398
-4.918853 -3.203489 -1.239688
-5.353934 -3.562941 -1.241408
-5.697416 -3.843622 -1.205189
-5.718969 -3.854341 -1.101660
-5.721091 -3.849548 -0.991648
-5.721734 -3.843495 -0.884918
-5.724482 -3.839257 -0.775701
-5.724763 -3.835015 -0.670439
-5.887419 -3.964353 -0.576679
-5.701281 -3.805116 -0.455765
-5.726908 -3.819916 -0.349324
-6.019889 -4.052044 -0.142274
-3.901320 -2.284877 -1.377895
-3.970381 -2.334996 -1.318383
-3.984410 -2.339550 -1.243211
-4.226918 -2.533092 -1.230011
-4.561223 -2.800653 -1.233615
-4.973442 -3.130574 -1.241708
-5.376807 -3.454022 -1.235657
-5.745521 -3.747313 -1.204671
-5.825601 -3.805207 -1.112117
-5.741495 -3.730459 -0.987281
-5.748150 -3.729414 -0.882273
-5.750781 -3.725159 -0.773797
-5.744760 -3.715922 -0.668578
-5.918465 -3.850522 -0.576595
-5.708343 -3.676385 -0.454675
-6.101963 -3.976635 -0.145812
-7.012274 -4.703204 -0.037315
-3.901320 -2.284877 -1.377895
-3.970381 -2.334996 -1.318383
-3.984410 -2.339550 -1.243211
-4.226918 -2.533092 -1.230011
-4.561223 -2.800653 -1.233615
-4.973442 -3.130574 -1.241708
-5.376807 -3.454022 -1.235657
-5.745521 -3.747313 -1.204671
-6.483425 -4.339672 -1.231904
-5.741495 -3.730459 -0.987281
-5.748150 -3.729414 -0.882273
-5.750781 -3.725159 -0.773797
-5.744760 -3.715922 -0.668578
-5.918465 -3.850522 -0.576595
-5.708343 -3.676385 -0.454675
-6.101963 -3.976635 -0.145812
-7.012274 -4.703204 -0.037315
-3.937140 -2.221429 -1.377025
-3.988651 -2.256041 -1.312000
-4.002644 -2.260383 -1.237330
-4.281388 -2.477258 -1.234023
-4.616344 -2.737697 -1.236909
-5.005400 -3.039841 -1.238606
-5.428621 -3.369837 -1.236581
-5.795172 -3.653053 -1.204730
-5.767237 -3.623953 -1.092842
-5.762835 -3.614207 -0.983350
-5.806876 -3.642589 -0.884509
-5.765648 -3.603891 -0.770652
-5.790783 -3.619376 -0.669683
-5.994593 -3.773738 -0.580656
-5.741239 -3.570573 -0.455528
-5.779792 -3.594602 -0.351442
-6.170508 -3.890064 -0.149122
-3.937140 -2.221429 -1.377025
-3.988651 -2.256041 -1.312000
-4.002644 -2.260383 -1.237330
-4.281388 -2.477258 -1.234023
-4.616344 -2.737697 -1.236909
-5.005400 -3.039841 -1.238606
-5.428621 -3.369837 -1.236581
-5.795172 -3.653053 -1.204730
-5.767237 -3.623953 -1.092842
-5.762835 -3.614207 -0.983350
-5.806876 -3.642589 -0.884509
-5.765648 -3.603891 -0.770652
-5.790783 -3.619376 -0.669683
-5.994593 -3.773738 -0.580656
-5.741239 -3.570573 -0.455528
-5.779792 -3.594602 -0.351442
-6.170508 -3.890064 -0.149122
-3.971972 -2.157614 -1.376131
-4.017795 -2.186751 -1.309393
-4.025635 -2.186132 -1.233205
-4.332047 -2.418190 -1.237183
-4.639567 -2.649972 -1.232318
-5.079436 -2.982622 -1.245687
-5.466656 -3.275451 -1.234776
-6.043904 -3.712415 -1.244312
-5.799266 -3.517601 -1.090307
-5.788376 -3.503110 -0.980365
-5.804337 -3.509158 -0.878149
-5.809910 -3.507298 -0.771375
-5.809905 -3.503117 -0.668037
-5.806366 -3.494996 -0.561302
-5.804086 -3.488950 -0.458597
-5.823907 -3.497965 -0.353511
-5.883129 -3.538352 -0.253759
-6.247396 -3.809797 -0.152582
-3.971972 -2.157614 -1.376131
-4.017795 -2.186751 -1.309393
-4.025635 -2.186132 -1.233205
-4.332047 -2.418190 -1.237183
-4.639567 -2.649972 -1.232318
-5.079436 -2.982622 -1.245687
-5.466656 -3.275451 -1.234776
-6.043904 -3.712415 -1.244312
-5.799266 -3.517601 -1.090307
-5.788376 -3.503110 -0.980365
-5.804337 -3.509158 -0.878149
-5.809910 -3.507298 -0.771375
-5.809905 -3.503117 -0.668037
-5.806366 -3.494996 -0.561302
-5.804086 -3.488950 -0.458597
-5.823907 -3.497965 -0.353511
-5.883129 -3.538352 -0.253759
-6.247396 -3.809797 -0.152582
-4.005811 -2.093451 -1.375214
-4.036500 -2.110267 -1.303886
-4.044244 -2.109531 -1.228142
-4.381908 -2.358376 -1.240332
-4.689508 -2.583498 -1.234781
-5.071004 -2.862850 -1.233735
-5.487350 -3.169052 -1.229545
-6.032521 -3.569514 -1.232628
-6.562998 -3.957799 -1.218166
-5.948841 -3.494046 -0.999163
-5.834329 -3.402786 -0.876679
-5.843031 -3.403248 -0.770872
-5.839741 -3.396722 -0.667687
-5.874543 -3.417177 -0.564921
-5.868997 -3.408831 -0.461874
-5.879326 -3.410488 -0.356225
-5.926253 -3.440588 -0.256147
-6.377985 -3.768672 -0.157028
-4.005811 -2.093451 -1.375214
-4.036500 -2.110267 -1.303886
-4.044244 -2.109531 -1.228142
-4.381908 -2.358376 -1.240332
-4.689508 -2.583498 -1.234781
-5.071004 -2.862850 -1.233735
-5.487350 -3.169052 -1.229545
-6.032521 -3.569514 -1.232628
-6.562998 -3.957799 -1.218166
-5.948841 -3.494046 -0.999163
-5.834329 -3.402786 -0.876679
-5.843031 -3.403248 -0.770872
-5.839741 -3.396722 -0.667687
-5.874543 -3.417177 -0.564921
-5.868997 -3.408831 -0.461874
-5.879326 -3.410488 -0.356225
-5.926253 -3.440588 -0.256147
-6.377985 -3.768672 -0.157028
-4.038657 -2.028952 -1.374273
-4.069551 -2.045351 -1.303130
-4.070967 -2.039927 -1.225747
-4.402532 -2.277095 -1.235854
-4.706815 -2.493255 -1.229322
-5.082521 -2.760282 -1.226837
-5.531691 -3.081436 -1.229683
-6.034365 -3.439457 -1.223951
-6.614964 -3.852756 -1.218733
-5.901147 -3.330311 -0.984918
-5.865730 -3.298780 -0.875610
-5.884090 -3.306132 -0.771510
-5.864528 -3.288042 -0.666941
-5.902819 -3.310373 -0.565102
-5.887410 -3.295151 -0.461912
-5.930205 -3.320005 -0.358739
-6.029560 -3.386752 -0.260734
-6.537912 -3.745776 -0.162060
-4.038657 -2.028952 -1.374273
-4.069551 -2.045351 -1.303130
-4.070967 -2.039927 -1.225747
-4.402532 -2.277095 -1.235854
-4.706815 -2.493255 -1.229322
-5.082521 -2.760282 -1.226837
-5.531691 -3.081436 -1.229683
-6.034365 -3.439457 -1.223951
-6.614964 -3.852756 -1.218733
-5.901147 -3.330311 -0.984918
-5.865730 -3.298780 -0.875610
-5.884090 -3.306132 -0.771510
-5.864528 -3.288042 -0.666941
-5.902819 -3.310373 -0.565102
-5.887410 -3.295151 -0.461912
-5.930205 -3.320005 -0.358739
-6.029560 -3.386752 -0.260734
-6.537912 -3.745776 -0.162060
-4.088936 -1.971117 -1.298511
-4.099737 -1.972435 -1.224226
-4.399434 -2.180081 -1.225402
-4.748158 -2.421332 -1.230152
-5.085769 -2.653617 -1.218407
-5.568233 -2.988848 -1.228429
-6.121040 -3.371634 -1.232012
-6.668539 -3.749500 -1.219828
-5.976750 -3.257657 -0.990479
-5.976758 -3.251757 -0.885889
-5.956209 -3.231539 -0.776096
-5.985438 -3.248016 -0.676454
-5.988166 -3.244744 -0.570394
-6.051213 -3.284607 -0.472316
-6.028909 -3.263213 -0.363839
-6.106266 -3.312619 -0.264387
-6.622895 -3.666831 -0.165738
-4.088936 -1.971117 -1.298511
-4.099737 -1.972435 -1.224226
-4.399434 -2.180081 -1.225402
-4.748158 -2.421332 -1.230152
-5.085769 -2.653617 -1.218407
-5.568233 -2.988848 -1.228429
-6.121040 -3.371634 -1.232012
-6.668539 -3.749500 -1.219828
-5.976750 -3.257657 -0.990479
-5.976758 -3.251757 -0.885889
-5.956209 -3.231539 -0.776096
-5.985438 -3.248016 -0.676454
-5.988166 -3.244744 -0.570394
-6.051213 -3.284607 -0.472316
-6.028909 -3.263213 -0.363839
-6.106266 -3.312619 -0.264387
-6.622895 -3.666831 -0.165738
-4.433177 -2.110366 -1.225076
-4.801364 -2.357802 -1.234132
-5.197352 -2.623128 -1.234967
-5.600039 -2.893808 -1.226452
-6.115651 -3.239856 -1.222588
-6.714001 -3.641228 -1.219746
-6.090837 -3.210515 -1.002187
-6.015323 -3.153300 -0.886132
-6.017528 -3.149055 -0.779473
-6.099777 -3.200956 -0.685315
-6.138902 -3.222316 -0.581461
-6.205937 -3.263587 -0.482101
-6.156987 -3.224634 -0.370542
-6.879383 -3.702715 -0.172717
-4.433177 -2.110366 -1.225076
-4.801364 -2.357802 -1.234132
-5.197352 -2.623128 -1.234967
-5.600039 -2.893808 -1.226452
-6.115651 -3.239856 -1.222588
-6.714001 -3.641228 -1.219746
-7.359860 -4.074517 -1.200647
-6.015323 -3.153300 -0.886132
-6.017528 -3.149055 -0.779473
-6.099777 -3.200956 -0.685315
-6.138902 -3.222316 -0.581461
-6.205937 -3.263587 -0.482101
-6.156987 -3.224634 -0.370542
-6.879383 -3.702715 -0.172717
-4.465853 -2.040323 -1.224724
-4.814578 -2.267376 -1.228557
-5.210845 -2.524940 -1.229413
-5.653289 -2.813910 -1.229216
-6.173681 -3.152730 -1.225600
-6.704932 -3.497663 -1.210482
-7.614773 -4.092393 -1.233067
-6.141883 -3.113665 -0.898731
-6.164130 -3.122595 -0.793286
-6.184012 -3.131798 -0.691085
-6.230161 -3.157038 -0.587372
-6.214382 -3.142622 -0.481617
-6.258426 -3.165763 -0.375867
-6.404159 -3.256870 -0.277074
-7.084588 -3.697280 -0.178815
-4.465853 -2.040323 -1.224724
-4.814578 -2.267376 -1.228557
-5.210845 -2.524940 -1.229413
-5.653289 -2.813910 -1.229216
-6.173681 -3.152730 -1.225600
-6.704932 -3.497663 -1.210482
-7.614773 -4.092393 -1.233067
-6.141883 -3.113665 -0.898731
-6.164130 -3.122595 -0.793286
-6.184012 -3.131798 -0.691085
-6.230161 -3.157038 -0.587372
-6.214382 -3.142622 -0.481617
-6.258426 -3.165763 -0.375867
-6.404159 -3.256870 -0.277074
-7.084588 -3.697280 -0.178815
-4.507304 -1.976335 -1.226903
-4.842697 -2.187868 -1.226917
-5.262290 -2.452637 -1.232685
-5.659025 -2.703416 -1.222370
-6.286988 -3.101107 -1.239261
-6.789829 -3.417257 -1.217733
-7.707931 -3.999239 -1.240353
-6.278548 -3.077707 -0.912756
-6.301099 -3.086397 -0.805951
-6.354846 -3.116834 -0.705923
-6.330893 -3.096456 -0.594167
-6.368878 -3.116627 -0.491471
-6.436980 -3.154189 -0.385334
-6.617839 -3.264713 -0.285875
-7.243687 -3.657008 -0.184086
-4.507304 -1.976335 -1.226903
-4.842697 -2.187868 -1.226917
-5.262290 -2.452637 -1.232685
-5.659025 -2.703416 -1.222370
-6.286988 -3.101107 -1.239261
-6.789829 -3.417257 -1.217733
-7.707931 -3.999239 -1.240353
-6.278548 -3.077707 -0.912756
-6.301099 -3.086397 -0.805951
-6.354846 -3.116834 -0.705923
-6.330893 -3.096456 -0.594167
-6.368878 -3.116627 -0.491471
-6.436980 -3.154189 -0.385334
-6.617839 -3.264713 -0.285875
-7.243687 -3.657008 -0.184086
-4.524683 -1.897243 -1.223087
-4.842980 -2.091572 -1.218856
-5.252748 -2.342084 -1.222590
-5.709614 -2.622714 -1.225069
-6.232421 -2.942668 -1.221486
-6.809932 -3.295618 -1.214067
-7.749444 -3.873069 -1.239868
-6.509945 -3.097346 -0.939777
-6.837461 -3.294399 -0.866497
-6.573893 -3.127227 -0.725747
-6.509203 -3.082090 -0.607725
-6.605394 -3.137445 -0.507108
-6.660636 -3.165676 -0.397243
-6.907859 -3.313514 -0.297567
-4.524683 -1.897243 -1.223087
-4.842980 -2.091572 -1.218856
-5.252748 -2.342084 -1.222590
-5.709614 -2.622714 -1.225069
-6.232421 -2.942668 -1.221486
-6.809932 -3.295618 -1.214067
-7.749444 -3.873069 -1.239868
-8.208320 -4.150714 -1.172326
-6.837461 -3.294399 -0.866497
-6.573893 -3.127227 -0.725747
-6.509203 -3.082090 -0.607725
-6.605394 -3.137445 -0.507108
-6.660636 -3.165676 -0.397243
-6.907859 -3.313514 -0.297567
-4.560793 -1.830421 -1.224364
-4.898514 -2.030450 -1.224334
-5.305058 -2.271159 -1.226542
-5.728724 -2.522962 -1.221553
-6.269385 -2.843735 -1.221247
-6.838164 -3.180411 -1.212065
-7.778769 -3.740578 -1.237770
-8.295894 -4.044551 -1.178468
-6.981557 -3.248532 -0.879855
-6.804697 -3.138416 -0.746751
-6.780738 -3.118851 -0.629331
-6.970485 -3.228267 -0.531756
-7.012767 -3.247519 -0.416030
-4.560793 -1.830421 -1.224364
-4.898514 -2.030450 -1.224334
-5.305058 -2.271159 -1.226542
-5.728724 -2.522962 -1.221553
-6.269385 -2.843735 -1.221247
-6.838164 -3.180411 -1.212065
-7.778769 -3.740578 -1.237770
-8.295894 -4.044551 -1.178468
-6.981557 -3.248532 -0.879855
-6.804697 -3.138416 -0.746751
-6.780738 -3.118851 -0.629331
-6.970485 -3.228267 -0.531756
-7.012767 -3.247519 -0.416030
-4.595464 -1.763966 -1.225594
-4.949411 -1.967264 -1.228975
-5.332150 -2.186443 -1.225237
-5.759197 -2.432371 -1.220713
-6.300769 -2.743656 -1.220301
-6.877502 -3.074451 -1.212279
-7.822265 -3.619586 -1.238166
-8.281704 -3.880431 -1.171047
-7.307279 -3.306731 -0.914869
-9.344594 -4.486199 -1.004580
-9.551806 -4.599440 -0.865648
-9.770461 -4.720564 -0.726450
-10.179234 -4.948951 -0.584597
-4.595464 -1.763966 -1.225594
-4.949411 -1.967264 -1.228975
-5.332150 -2.186443 -1.225237
-5.759197 -2.432371 -1.220713
-6.300769 -2.743656 -1.220301
-6.877502 -3.074451 -1.212279
-7.822265 -3.619586 -1.238166
-8.281704 -3.880431 -1.171047
-8.889561 -4.226889 -1.102741
-9.344594 -4.486199 -1.004580
-9.551806 -4.599440 -0.865648
-9.770461 -4.720564 -0.726450
-10.179234 -4.948951 -0.584597
-4.619933 -1.689633 -1.224280
-4.946017 -1.870455 -1.220814
-5.362422 -2.101635 -1.224701
-5.782582 -2.335664 -1.218517
-6.321557 -2.635358 -1.217480
-6.930394 -2.973540 -1.214843
-7.716975 -3.411694 -1.216147
-8.325072 -3.747911 -1.171552
-8.878782 -4.052593 -1.096947
-9.382473 -4.330843 -1.004925
-9.622541 -4.458775 -0.869391
-9.916035 -4.617871 -0.735499
-4.619933 -1.689633 -1.224280
-4.946017 -1.870455 -1.220814
-5.362422 -2.101635 -1.224701
-5.782582 -2.335664 -1.218517
-6.321557 -2.635358 -1.217480
-6.930394 -2.973540 -1.214843
-7.716975 -3.411694 -1.216147
-8.325072 -3.747911 -1.171552
-8.878782 -4.052593 -1.096947
-9.382473 -4.330843 -1.004925
-9.622541 -4.458775 -0.869391
-9.916035 -4.617871 -0.735499
-4.656476 -1.623530 -1.226348
-4.988484 -1.801675 -1.223829
-5.404643 -2.025130 -1.227092
-5.793490 -2.234323 -1.214166
-6.371132 -2.545420 -1.220289
-7.043659 -2.907358 -1.227785
-7.867739 -3.351626 -1.233182
-8.351623 -3.609005 -1.170081
-8.902485 -3.902146 -1.095520
-9.451956 -4.196208 -1.008710
-5.379073 -0.639259 0.708686
-5.482884 -0.666518 0.808413
-4.656476 -1.623530 -1.226348
-4.988484 -1.801675 -1.223829
-5.404643 -2.025130 -1.227092
-5.793490 -2.234323 -1.214166
-6.371132 -2.545420 -1.220289
-7.043659 -2.907358 -1.227785
-7.867739 -3.351626 -1.233182
-8.351623 -3.609005 -1.170081
-8.902485 -3.902146 -1.095520
-9.451956 -4.196208 -1.008710
-5.379073 -0.639259 0.708686
-5.329968 -0.588118 0.620288
-5.348145 -0.590184 0.702064
-5.345778 -0.585991 0.784918
-5.329968 -0.588118 0.620288
-5.348145 -0.590184 0.702064
-5.345778 -0.585991 0.784918
-4.698985 -1.560599 -1.230119
-5.026555 -1.730418 -1.226020
-5.424972 -1.936980 -1.224966
-5.830563 -2.148102 -1.215314
-6.377574 -2.432613 -1.215429
-6.946530 -2.727755 -1.205834
-7.895598 -3.223369 -1.231880
-8.411085 -3.488809 -1.173242
-8.888541 -3.733486 -1.089887
-5.337295 -0.548556 0.618913
-4.698985 -1.560599 -1.230119
-5.026555 -1.730418 -1.226020
-5.424972 -1.936980 -1.224966
-5.830563 -2.148102 -1.215314
-6.377574 -2.432613 -1.215429
-6.946530 -2.727755 -1.205834
-7.895598 -3.223369 -1.231880
-8.411085 -3.488809 -1.173242
-8.888541 -3.733486 -1.089887
-5.337295 -0.548556 0.618913
-4.699002 -1.475506 -1.223522
-5.035759 -1.644295 -1.221730
-5.464887 -1.859618 -1.227303
-5.876892 -2.066861 -1.218518
-6.389167 -2.323919 -1.211784
-7.004384 -2.632692 -1.209979
-7.790759 -3.028493 -1.211030
-8.440524 -3.353417 -1.172594
-4.699002 -1.475506 -1.223522
-5.035759 -1.644295 -1.221730
-5.464887 -1.859618 -1.227303
-5.876892 -2.066861 -1.218518
-6.389167 -2.323919 -1.211784
-7.004384 -2.632692 -1.209979
-7.790759 -3.028493 -1.211030
-8.440524 -3.353417 -1.172594
-4.704169 -1.395232 -1.218580
-5.085218 -1.580273 -1.227076
-5.471568 -1.766966 -1.222819
-5.900418 -1.975488 -1.217487
-6.458607 -2.246464 -1.218926
-7.049700 -2.532725 -1.212308
-7.948131 -2.970249 -1.229583
-4.704169 -1.395232 -1.218580
-5.085218 -1.580273 -1.227076
-5.471568 -1.766966 -1.222819
-5.900418 -1.975488 -1.217487
-6.458607 -2.246464 -1.218926
-7.049700 -2.532725 -1.212308
-7.948131 -2.970249 -1.229583
-4.747155 -1.333061 -1.223143
-5.070747 -1.483962 -1.217852
-5.516193 -1.692366 -1.226604
-5.937273 -1.889792 -1.219241
-6.474238 -2.141044 -1.216476
-7.069198 -2.419021 -1.210538
-7.984319 -2.849059 -1.230222
-4.747155 -1.333061 -1.223143
-5.070747 -1.483962 -1.217852
-5.516193 -1.692366 -1.226604
-5.937273 -1.889792 -1.219241
-6.474238 -2.141044 -1.216476
-7.069198 -2.419021 -1.210538
-7.984319 -2.849059 -1.230222
-4.768082 -1.260290 -1.222491
-5.090158 -1.405011 -1.216684
-5.524156 -1.600580 -1.222821
-5.958600 -1.797043 -1.218168
-6.484624 -2.034168 -1.213331
-7.119278 -2.320325 -1.214004
-4.768082 -1.260290 -1.222491
-5.090158 -1.405011 -1.216684
-5.524156 -1.600580 -1.222821
-5.958600 -1.797043 -1.218168
-6.484624 -2.034168 -1.213331
-7.119278 -2.320325 -1.214004
-4.795430 -1.189716 -1.223571
-5.144550 -1.341031 -1.223639
-5.527502 -1.506517 -1.218261
-5.982581 -1.704795 -1.217784
-6.540738 -1.947257 -1.218539
-7.117900 -2.197212 -1.209228
-4.795430 -1.189716 -1.223571
-5.144550 -1.341031 -1.223639
-5.527502 -1.506517 -1.218261
-5.982581 -1.704795 -1.217784
-6.540738 -1.947257 -1.218539
-7.117900 -2.197212 -1.209228
-4.832154 -1.124296 -1.227212
-5.150983 -1.256835 -1.219973
-5.557791 -1.426223 -1.219687
-6.004721 -1.613489 -1.217333
-6.577059 -1.852778 -1.220469
-4.832154 -1.124296 -1.227212
-5.150983 -1.256835 -1.219973
-5.557791 -1.426223 -1.219687
-6.004721 -1.613489 -1.217333
-6.577059 -1.852778 -1.220469
-5.152103 -1.172337 -1.215423
-5.579270 -1.343567 -1.219539
-6.021424 -1.521657 -1.216111
-6.593302 -1.751530 -1.219100
-5.152103 -1.172337 -1.215423
-5.579270 -1.343567 -1.219539
-6.021424 -1.521657 -1.216111
-6.593302 -1.751530 -1.219100
-5.214138 -1.111845 -1.224748
-5.530551 -1.232343 -1.204933
-6.040839 -1.430232 -1.215583
-5.214138 -1.111845 -1.224748
-5.530551 -1.232343 -1.204933
-6.040839 -1.430232 -1.215583
-5.220949 -1.028230 -1.221818
-5.597715 -1.166517 -1.214652
-6.029842 -1.326529 -1.209389
-5.220949 -1.028230 -1.221818
-5.597715 -1.166517 -1.214652
-6.029842 -1.326529 -1.209389
-5.229810 -0.947109 -1.219642
-5.604720 -1.078782 -1.212131
-6.042679 -1.234083 -1.208064
-5.229810 -0.947109 -1.219642
-5.604720 -1.078782 -1.212131
-6.042679 -1.234083 -1.208064
-5.248538 -0.869995 -1.219893
-5.617810 -0.993848 -1.211099
-5.248538 -0.869995 -1.219893
-5.617810 -0.993848 -1.211099
-5.262133 -0.792430 -1.219268
-5.621865 -0.907473 -1.208472
-5.262133 -0.792430 -1.219268
-5.621865 -0.907473 -1.208472
-5.278925 -0.714150 -1.219480
-5.278925 -0.714150 -1.219480
-5.252217 -0.606051 -0.802089
-5.293212 -0.614969 -0.728714
-5.276338 -0.606696 -0.645477
-5.330236 -0.620634 -0.572867
-5.291891 -0.606427 -0.488578
-5.336186 -0.617378 -0.414003
-5.349327 -0.617997 -0.333641
-5.337273 -0.609535 -0.174136
-5.327572 -0.604650 -0.096986
-5.339867 -0.606224 -0.015451
-5.343211 -0.605986 0.061676
-5.307950 -0.591208 0.140679
-5.316370 -0.594381 0.218325
-5.331840 -0.597285 0.300305
-5.338808 -0.597468 0.378752
-5.348121 -0.598862 0.461158
-5.326016 -0.590946 0.537980
-5.349327 -0.617997 -0.333641
-5.337273 -0.609535 -0.174136
-5.327572 -0.604650 -0.096986
-5.307950 -0.591208 0.140679
-5.316370 -0.594381 0.218325
-5.331840 -0.597285 0.300305
-5.338808 -0.597468 0.378752
-5.348121 -0.598862 0.461158
-5.326016 -0.590946 0.537980
-2.541287 -3.016151 -1.330470
-2.541287 -3.016151 -1.330470
-2.572637 -2.955189 -1.322521
-2.720790 -3.150767 -1.323740
-2.572637 -2.955189 -1.322521
-2.720790 -3.150767 -1.323740
-2.621889 -2.918061 -1.323694
-2.768142 -3.105386 -1.322807
-2.969449 -3.364571 -1.336038
-3.164192 -3.614676 -1.340452
-2.621889 -2.918061 -1.323694
-2.768142 -3.105386 -1.322807
-2.969449 -3.364571 -1.336038
-3.164192 -3.614676 -1.340452
-2.670013 -2.880711 -1.324849
-2.811767 -3.056869 -1.320765
-3.002360 -3.294904 -1.328083
-3.198084 -3.539124 -1.332105
-3.438654 -3.839293 -1.341535
-3.564554 -3.991943 -1.301609
-3.636305 -4.077949 -1.236714
-2.670013 -2.880711 -1.324849
-2.811767 -3.056869 -1.320765
-3.002360 -3.294904 -1.328083
-3.198084 -3.539124 -1.332105
-3.438654 -3.839293 -1.341535
-3.564554 -3.991943 -1.301609
-3.636305 -4.077949 -1.236714
-2.707435 -2.831203 -1.321416
-2.851555 -3.005349 -1.317611
-3.057464 -3.255756 -1.330388
-3.263843 -3.506331 -1.337361
-3.486584 -3.775906 -1.338406
-3.567909 -3.869032 -1.282430
-3.692345 -4.017856 -1.235836
-3.871244 -4.233036 -1.202481
-3.859930 -4.212553 -1.106300
-3.861369 -4.209794 -1.017394
-3.895211 -4.245849 -0.933610
-3.920605 -4.271366 -0.850514
-2.707435 -2.831203 -1.321416
-2.851555 -3.005349 -1.317611
-3.057464 -3.255756 -1.330388
-3.263843 -3.506331 -1.337361
-3.486584 -3.775906 -1.338406
-3.567909 -3.869032 -1.282430
-3.692345 -4.017856 -1.235836
-3.871244 -4.233036 -1.202481
-3.859930 -4.212553 -1.106300
-3.861369 -4.209794 -1.017394
-3.895211 -4.245849 -0.933610
-3.920605 -4.271366 -0.850514
-2.762235 -2.801056 -1.326006
-2.908840 -2.973179 -1.322096
-3.123229 -3.226636 -1.336848
-3.313391 -3.450412 -1.335825
-3.537400 -3.713789 -1.336217
-3.610013 -3.793723 -1.277043
-3.723941 -3.925661 -1.226925
-3.958560 -4.201606 -1.210129
-3.936946 -4.169258 -1.110712
-3.958632 -4.190773 -1.026689
-3.988003 -4.220357 -0.941070
-4.644958 -4.999724 -0.987853
-4.630595 -4.976927 -0.879255
-4.643147 -4.986172 -0.779056
-4.654937 -4.994596 -0.675563
-4.651653 -4.987340 -0.573962
-4.614901 -4.938820 -0.466253
-4.618755 -4.930505 -0.164638
-4.764530 -5.082189 0.561814
-4.726858 -5.034685 0.658900
-4.759477 -5.071304 0.770784
-4.755507 -5.064381 0.873926
-2.762235 -2.801056 -1.326006
-2.908840 -2.973179 -1.322096
-3.123229 -3.226636 -1.336848
-3.313391 -3.450412 -1.335825
-3.537400 -3.713789 -1.336217
-3.610013 -3.793723 -1.277043
-3.723941 -3.925661 -1.226925
-3.958560 -4.201606 -1.210129
-3.936946 -4.169258 -1.110712
-3.958632 -4.190773 -1.026689
-3.988003 -4.220357 -0.941070
-4.644958 -4.999724 -0.987853
-4.630595 -4.976927 -0.879255
-4.643147 -4.986172 -0.779056
-4.654937 -4.994596 -0.675563
-4.651653 -4.987340 -0.573962
-4.614901 -4.938820 -0.466253
-4.618755 -4.930505 -0.164638
-4.764530 -5.082189 0.561814
-4.726858 -5.034685 0.658900
-4.759477 -5.071304 0.770784
-4.755507 -5.064381 0.873926
-2.798797 -2.750065 -1.322570
-2.955214 -2.928885 -1.322210
-3.168098 -3.173424 -1.335042
-3.351269 -3.382686 -1.330356
-3.586433 -3.651734 -1.333996
-3.627127 -3.692038 -1.263840
-3.783488 -3.869876 -1.227648
-4.057718 -4.184281 -1.221525
-4.387221 -4.561900 -1.216531
-4.713921 -4.937474 -1.199646
-5.256602 -5.562187 -1.213949
-5.642956 -6.003777 -1.177342
-5.333307 -5.631467 -0.878834
-5.330811 -5.622342 -0.759725
-5.302253 -5.585595 -0.642411
-5.351869 -5.637680 -0.530241
-5.292485 -5.565147 -0.412224
-5.295981 -5.563045 -0.295920
-5.575257 -5.857455 0.407662
-2.798797 -2.750065 -1.322570
-2.955214 -2.928885 -1.322210
-3.168098 -3.173424 -1.335042
-3.351269 -3.382686 -1.330356
-3.586433 -3.651734 -1.333996
-3.627127 -3.692038 -1.263840
-3.783488 -3.869876 -1.227648
-4.057718 -4.184281 -1.221525
-4.387221 -4.561900 -1.216531
-4.713921 -4.937474 -1.199646
-5.256602 -5.562187 -1.213949
-5.642956 -6.003777 -1.177342
-5.333307 -5.631467 -0.878834
-5.330811 -5.622342 -0.759725
-5.302253 -5.585595 -0.642411
-5.351869 -5.637680 -0.530241
-5.292485 -5.565147 -0.412224
-5.295981 -5.563045 -0.295920
-5.575257 -5.857455 0.407662
-2.834482 -2.698710 -1.319123
-3.008521 -2.892678 -1.325589
-3.194285 -3.099341 -1.325995
-3.408363 -3.338025 -1.332688
-3.636999 -3.592069 -1.332683
-3.660175 -3.611267 -1.256652
-3.826677 -3.795659 -1.223515
-4.100011 -4.100265 -1.216385
-4.445099 -4.485006 -1.214816
-4.750833 -4.826368 -1.191935
-5.241766 -5.375188 -1.193901
-5.697077 -5.882431 -1.172213
-6.532664 -6.818614 -1.195865
-5.361009 -5.490643 -0.871822
-5.358287 -5.481520 -0.753967
-5.331797 -5.448127 -0.638157
-5.363493 -5.478622 -0.525479
-5.350849 -5.460633 -0.412425
-5.341003 -5.443583 -0.296025
-6.420725 -6.640831 0.053888
-6.717055 -6.968396 0.203965
-6.446456 -6.663268 0.327301
-5.619052 -5.728398 0.401994
-2.834482 -2.698710 -1.319123
-3.008521 -2.892678 -1.325589
-3.194285 -3.099341 -1.325995
-3.408363 -3.338025 -1.332688
-3.636999 -3.592069 -1.332683
-3.660175 -3.611267 -1.256652
-3.826677 -3.795659 -1.223515
-4.100011 -4.100265 -1.216385
-4.445099 -4.485006 -1.214816
-4.750833 -4.826368 -1.191935
-5.241766 -5.375188 -1.193901
-5.697077 -5.882431 -1.172213
-6.532664 -6.818614 -1.195865
-5.361009 -5.490643 -0.871822
-5.358287 -5.481520 -0.753967
-5.331797 -5.448127 -0.638157
-5.363493 -5.478622 -0.525479
-5.350849 -5.460633 -0.412425
-5.341003 -5.443583 -0.296025
-6.420725 -6.640831 0.053888
-6.717055 -6.968396 0.203965
-6.446456 -6.663268 0.327301
-5.619052 -5.728398 0.401994
-2.884642 -2.664119 -1.322544
-3.035676 -2.827035 -1.318050
-3.247468 -3.056855 -1.328297
-3.446691 -3.272368 -1.328167
-3.660521 -3.502923 -1.322143
-3.683830 -3.521722 -1.246840
-3.860654 -3.712391 -1.216934
-4.164507 -4.042192 -1.218003
-4.477868 -4.381250 -1.206814
-4.828060 -4.762067 -1.194448
-5.289334 -5.263005 -1.188370
-5.786301 -5.801900 -1.174453
-5.419953 -5.393702 -0.984069
-5.385837 -5.350268 -0.864757
-5.388260 -5.347033 -0.748875
-5.361242 -5.313988 -0.634157
-5.398686 -5.349921 -0.523125
-5.374961 -5.320324 -0.410290
-5.375629 -5.315222 -0.295685
-5.492637 -5.430817 0.039111
-5.547242 -5.486808 0.158819
-5.554028 -5.492369 0.271572
-5.646813 -5.584680 0.395359
-2.884642 -2.664119 -1.322544
-3.035676 -2.827035 -1.318050
-3.247468 -3.056855 -1.328297
-3.446691 -3.272368 -1.328167
-3.660521 -3.502923 -1.322143
-3.683830 -3.521722 -1.246840
-3.860654 -3.712391 -1.216934
-4.164507 -4.042192 -1.218003
-4.477868 -4.381250 -1.206814
-4.828060 -4.762067 -1.194448
-5.289334 -5.263005 -1.188370
-5.786301 -5.801900 -1.174453
-6.538535 -6.620652 -1.181434
-5.385837 -5.350268 -0.864757
-5.388260 -5.347033 -0.748875
-5.361242 -5.313988 -0.634157
-5.398686 -5.349921 -0.523125
-5.374961 -5.320324 -0.410290
-5.375629 -5.315222 -0.295685
-5.492637 -5.430817 0.039111
-5.547242 -5.486808 0.158819
-5.554028 -5.492369 0.271572
-5.646813 -5.584680 0.395359
-2.916203 -2.609046 -1.317930
-3.087713 -2.789570 -1.321419
-3.302717 -3.016428 -1.331630
-3.494407 -3.217781 -1.327547
-3.682279 -3.413940 -1.311571
-3.703053 -3.429479 -1.236128
-3.906411 -3.643364 -1.214378
-4.177288 -3.928636 -1.205276
-4.522059 -4.291966 -1.202265
-4.861292 -4.650502 -1.186677
-5.329398 -5.144879 -1.181634
-5.971965 -5.824303 -1.195765
-5.448070 -5.259182 -0.976694
-5.418696 -5.221995 -0.859310
-5.429178 -5.227416 -0.745537
-5.404386 -5.197648 -0.631941
-5.412194 -5.201072 -0.518985
-5.368828 -5.151438 -0.406167
-5.391273 -5.169618 -0.294483
-5.428174 -5.204825 -0.187208
-5.570234 -5.347659 0.036942
-5.635968 -5.403702 0.386169
-2.916203 -2.609046 -1.317930
-3.087713 -2.789570 -1.321419
-3.302717 -3.016428 -1.331630
-3.494407 -3.217781 -1.327547
-3.682279 -3.413940 -1.311571
-3.703053 -3.429479 -1.236128
-3.906411 -3.643364 -1.214378
-4.177288 -3.928636 -1.205276
-4.522059 -4.291966 -1.202265
-4.861292 -4.650502 -1.186677
-5.329398 -5.144879 -1.181634
-5.971965 -5.824303 -1.195765
-6.632547 -6.522505 -1.183006
-5.418696 -5.221995 -0.859310
-5.429178 -5.227416 -0.745537
-5.404386 -5.197648 -0.631941
-5.412194 -5.201072 -0.518985
-5.368828 -5.151438 -0.406167
-5.391273 -5.169618 -0.294483
-5.428174 -5.204825 -0.187208
-5.570234 -5.347659 0.036942
-5.635968 -5.403702 0.386169
-2.959985 -2.567619 -1.319045
-3.120745 -2.731787 -1.317130
-3.344155 -2.961168 -1.329783
-3.538601 -3.159801 -1.325937
-3.710344 -3.333596 -1.303738
-3.733929 -3.351614 -1.229724
-3.934748 -3.556922 -1.206938
-4.223071 -3.852492 -1.202328
-4.591920 -4.230828 -1.204679
-4.878687 -4.524825 -1.175651
-5.380928 -5.041038 -1.177789
-5.922828 -5.597165 -1.171471
-5.484533 -5.136487 -0.971166
-5.446277 -5.091106 -0.853398
-5.459514 -5.099223 -0.741074
-5.412075 -5.046845 -0.626007
-5.464256 -5.096050 -0.518530
-5.428521 -5.055652 -0.406829
-5.434519 -5.056316 -0.294732
-5.457974 -5.076674 -0.187773
-6.017174 -5.645170 0.038805
-6.875925 -6.525548 0.191359
-5.688057 -5.292953 0.381854
-2.959985 -2.567619 -1.319045
-3.120745 -2.731787 -1.317130
-3.344155 -2.961168 -1.329783
-3.538601 -3.159801 -1.325937
-3.710344 -3.333596 -1.303738
-3.733929 -3.351614 -1.229724
-3.934748 -3.556922 -1.206938
-4.223071 -3.852492 -1.202328
-4.591920 -4.230828 -1.204679
-4.878687 -4.524825 -1.175651
-5.380928 -5.041038 -1.177789
-5.922828 -5.597165 -1.171471
-6.719587 -6.417413 -1.183616
-5.446277 -5.091106 -0.853398
-5.459514 -5.099223 -0.741074
-5.412075 -5.046845 -0.626007
-5.464256 -5.096050 -0.518530
-5.428521 -5.055652 -0.406829
-5.434519 -5.056316 -0.294732
-5.457974 -5.076674 -0.187773
-6.017174 -5.645170 0.038805
-6.875925 -6.525548 0.191359
-5.688057 -5.292953 0.381854
-2.995158 -2.517360 -1.316707
-3.158153 -2.679239 -1.315015
-3.376594 -2.897167 -1.324813
-3.568292 -3.087479 -1.319407
-3.731443 -3.247697 -1.294030
-3.744198 -3.254187 -1.217211
-3.969690 -3.478886 -1.201907
-4.284098 -3.792729 -1.203900
-4.638823 -4.146261 -1.201488
-4.968463 -4.475506 -1.181975
-5.500179 -5.007191 -1.188596
-5.941089 -5.445913 -1.160899
-5.499072 -4.994177 -0.962269
-5.482486 -4.971881 -0.849118
-5.484538 -4.968495 -0.736202
-5.455990 -4.936565 -0.624319
-5.497555 -4.973722 -0.516542
-5.461224 -4.933833 -0.405710
-5.461552 -4.928771 -0.294254
-6.097549 -5.554824 0.036526
-6.926130 -6.380733 0.187341
-5.695768 -5.139558 0.374590
-2.995158 -2.517360 -1.316707
-3.158153 -2.679239 -1.315015
-3.376594 -2.897167 -1.324813
-3.568292 -3.087479 -1.319407
-3.731443 -3.247697 -1.294030
-3.744198 -3.254187 -1.217211
-3.969690 -3.478886 -1.201907
-4.284098 -3.792729 -1.203900
-4.638823 -4.146261 -1.201488
-4.968463 -4.475506 -1.181975
-5.500179 -5.007191 -1.188596
-5.941089 -5.445913 -1.160899
-6.760250 -6.266148 -1.176602
-5.482486 -4.971881 -0.849118
-5.484538 -4.968495 -0.736202
-5.455990 -4.936565 -0.624319
-5.497555 -4.973722 -0.516542
-5.461224 -4.933833 -0.405710
-5.461552 -4.928771 -0.294254
-6.097549 -5.554824 0.036526
-6.926130 -6.380733 0.187341
-5.695768 -5.139558 0.374590
-3.026798 -2.464024 -1.313206
-3.211074 -2.642568 -1.319464
-3.424353 -2.849283 -1.326053
-3.618689 -3.036903 -1.320716
-3.761942 -3.172929 -1.287993
-3.774705 -3.179205 -1.211621
-4.033887 -3.430951 -1.205798
-4.324709 -3.712814 -1.200162
-4.681464 -4.058557 -1.197575
-4.981841 -4.349907 -1.170879
-5.481263 -4.835195 -1.170601
-5.984592 -5.323139 -1.155599
-5.522068 -4.863710 -0.955222
-5.527805 -4.863890 -0.846481
-5.501297 -4.832611 -0.730555
-5.509294 -4.837313 -0.623832
-5.514242 -4.837625 -0.513253
-5.485880 -4.806621 -0.404155
-5.500400 -4.815537 -0.294425
-5.587626 -4.892942 -0.078382
-6.996565 -6.258218 0.184058
-5.760486 -5.045568 0.371541
-3.026798 -2.464024 -1.313206
-3.211074 -2.642568 -1.319464
-3.424353 -2.849283 -1.326053
-3.618689 -3.036903 -1.320716
-3.761942 -3.172929 -1.287993
-3.774705 -3.179205 -1.211621
-4.033887 -3.430951 -1.205798
-4.324709 -3.712814 -1.200162
-4.681464 -4.058557 -1.197575
-4.981841 -4.349907 -1.170879
-5.481263 -4.835195 -1.170601
-5.984592 -5.323139 -1.155599
-6.755487 -6.073406 -1.162393
-5.527805 -4.863890 -0.846481
-5.501297 -4.832611 -0.730555
-5.509294 -4.837313 -0.623832
-5.514242 -4.837625 -0.513253
-5.485880 -4.806621 -0.404155
-5.500400 -4.815537 -0.294425
-5.587626 -4.892942 -0.078382
-6.996565 -6.258218 0.184058
-5.760486 -5.045568 0.371541
-3.071297 -2.423734 -1.315452
-3.230412 -2.572950 -1.310753
-3.451990 -2.781953 -1.320015
-3.651631 -2.969479 -1.316117
-3.777078 -3.084561 -1.277302
-3.781343 -3.082477 -1.199039
-4.072098 -3.357595 -1.202361
-4.355430 -3.624462 -1.194126
-4.708351 -3.956967 -1.190129
-5.061149 -4.290425 -1.175248
-5.507267 -4.711308 -1.162545
-6.068851 -5.241392 -1.158272
-5.594242 -4.783034 -0.956717
-5.545270 -4.731023 -0.840016
-5.526891 -4.708335 -0.726315
-5.517557 -4.696418 -0.618673
-5.548470 -4.721403 -0.511680
-5.490684 -4.663291 -0.401370
-5.540062 -4.705046 -0.294701
-5.442528 -4.605197 -0.078274
-5.744955 -4.884058 0.250534
-5.800462 -4.928933 0.366939
-3.071297 -2.423734 -1.315452
-3.230412 -2.572950 -1.310753
-3.451990 -2.781953 -1.320015
-3.651631 -2.969479 -1.316117
-3.777078 -3.084561 -1.277302
-3.781343 -3.082477 -1.199039
-4.072098 -3.357595 -1.202361
-4.355430 -3.624462 -1.194126
-4.708351 -3.956967 -1.190129
-5.061149 -4.290425 -1.175248
-5.507267 -4.711308 -1.162545
-6.068851 -5.241392 -1.158272
-6.781174 -5.915042 -1.153828
-5.545270 -4.731023 -0.840016
-5.526891 -4.708335 -0.726315
-5.517557 -4.696418 -0.618673
-5.548470 -4.721403 -0.511680
-5.490684 -4.663291 -0.401370
-5.540062 -4.705046 -0.294701
-5.442528 -4.605197 -0.078274
-5.744955 -4.884058 0.250534
-5.800462 -4.928933 0.366939
-3.287669 -2.540319 -1.317385
-3.486871 -2.722452 -1.317077
-3.683406 -2.901839 -1.311500
-3.807537 -3.012465 -1.272143
-3.814553 -3.012961 -1.195140
-4.114782 -3.289297 -1.200534
-4.407518 -3.557519 -1.194140
-4.767909 -3.887738 -1.191081
-5.128212 -4.218927 -1.177027
-5.585958 -4.638930 -1.165659
-6.096798 -5.107192 -1.150769
-5.601182 -4.641988 -0.947678
-5.571792 -4.609552 -0.835192
-5.567639 -4.600640 -0.724226
-5.549326 -4.580730 -0.616254
-5.580540 -4.605286 -0.510069
-5.557134 -4.580524 -0.402893
-5.548341 -4.567391 -0.293531
-5.487608 -4.504213 -0.079917
-5.503771 -4.516232 0.022432
-5.805704 -4.789764 0.247836
-5.944215 -4.909598 0.369419
-3.287669 -2.540319 -1.317385
-3.486871 -2.722452 -1.317077
-3.683406 -2.901839 -1.311500
-3.807537 -3.012465 -1.272143
-3.814553 -3.012961 -1.195140
-4.114782 -3.289297 -1.200534
-4.407518 -3.557519 -1.194140
-4.767909 -3.887738 -1.191081
-5.128212 -4.218927 -1.177027
-5.585958 -4.638930 -1.165659
-6.096798 -5.107192 -1.150769
-6.789218 -5.743767 -1.142814
-5.571792 -4.609552 -0.835192
-5.567639 -4.600640 -0.724226
-5.549326 -4.580730 -0.616254
-5.580540 -4.605286 -0.510069
-5.557134 -4.580524 -0.402893
-5.548341 -4.567391 -0.293531
-5.487608 -4.504213 -0.079917
-5.503771 -4.516232 0.022432
-5.805704 -4.789764 0.247836
-5.944215 -4.909598 0.369419
-3.313428 -2.478139 -1.311937
-3.523625 -2.665235 -1.315165
-3.754117 -2.870571 -1.320663
-3.825221 -2.929756 -1.263249
-3.843679 -2.940606 -1.190349
-4.153461 -3.217941 -1.197876
-4.444046 -3.476747 -1.190338
-4.803107 -3.796582 -1.186393
-5.144510 -4.101482 -1.167773
-5.619678 -4.525592 -1.159898
-6.169279 -5.015851 -1.151797
-5.637737 -4.531058 -0.943855
-5.613749 -4.504354 -0.832869
-5.594627 -4.482181 -0.720637
-5.626391 -4.507856 -0.618785
-5.577801 -4.459959 -0.505619
-5.565876 -4.446201 -0.400611
-5.571725 -4.446563 -0.293159
-5.593496 -4.459034 -0.082153
-5.588988 -4.452163 0.020671
-5.765098 -4.606979 0.134494
-5.888776 -4.716162 0.246261
-6.121319 -4.916590 0.374006
-3.313428 -2.478139 -1.311937
-3.523625 -2.665235 -1.315165
-3.754117 -2.870571 -1.320663
-3.825221 -2.929756 -1.263249
-3.843679 -2.940606 -1.190349
-4.153461 -3.217941 -1.197876
-4.444046 -3.476747 -1.190338
-4.803107 -3.796582 -1.186393
-5.144510 -4.101482 -1.167773
-5.619678 -4.525592 -1.159898
-6.169279 -5.015851 -1.151797
-6.808572 -5.586845 -1.134127
-5.613749 -4.504354 -0.832869
-5.594627 -4.482181 -0.720637
-5.626391 -4.507856 -0.618785
-5.577801 -4.459959 -0.505619
-5.565876 -4.446201 -0.400611
-5.571725 -4.446563 -0.293159
-5.593496 -4.459034 -0.082153
-5.588988 -4.452163 0.020671
-5.765098 -4.606979 0.134494
-5.888776 -4.716162 0.246261
-6.121319 -4.916590 0.374006
-3.352471 -2.428626 -1.311969
-3.565245 -2.612760 -1.315325
-3.786966 -2.804564 -1.317009
-3.847179 -2.852414 -1.256186
-3.862765 -2.860385 -1.182914
-4.176281 -3.133300 -1.191114
-4.470351 -3.387971 -1.184230
-4.833746 -3.702713 -1.180974
-5.197072 -4.018412 -1.166918
-5.660252 -4.420167 -1.155878
-6.186777 -4.876526 -1.143141
-5.657368 -4.407039 -0.937596
-5.617961 -4.367551 -0.825417
-5.619406 -4.363984 -0.717007
-5.600442 -4.344577 -0.610676
-5.629226 -4.365633 -0.505966
-5.602056 -4.338923 -0.400282
-5.604877 -4.336599 -0.293318
-5.684106 -4.398741 -0.084250
-5.739855 -4.444483 0.019442
-6.079503 -4.735738 0.249617
-6.357066 -4.969471 0.382216
-3.352471 -2.428626 -1.311969
-3.565245 -2.612760 -1.315325
-3.786966 -2.804564 -1.317009
-3.847179 -2.852414 -1.256186
-3.862765 -2.860385 -1.182914
-4.176281 -3.133300 -1.191114
-4.470351 -3.387971 -1.184230
-4.833746 -3.702713 -1.180974
-5.197072 -4.018412 -1.166918
-5.660252 -4.420167 -1.155878
-6.186777 -4.876526 -1.143141
-6.845790 -5.448950 -1.128743
-5.617961 -4.367551 -0.825417
-5.619406 -4.363984 -0.717007
-5.600442 -4.344577 -0.610676
-5.629226 -4.365633 -0.505966
-5.602056 -4.338923 -0.400282
-5.604877 -4.336599 -0.293318
-5.684106 -4.398741 -0.084250
-5.739855 -4.444483 0.019442
-6.079503 -4.735738 0.249617
-6.357066 -4.969471 0.382216
-3.411147 -2.396218 -1.319696
-3.594400 -2.549657 -1.311305
-3.839265 -2.756024 -1.320251
-3.870685 -2.777683 -1.250028
-3.886295 -2.785406 -1.177204
-4.224302 -3.071713 -1.191689
-4.486112 -3.291588 -1.175805
-4.886642 -3.629323 -1.181171
-5.266325 -3.950175 -1.169947
-5.735085 -4.345435 -1.158946
-6.237792 -4.768685 -1.140891
-5.674652 -4.283473 -0.931292
-5.643692 -4.252257 -0.821317
-5.648057 -4.251246 -0.714075
-5.634856 -4.237270 -0.609082
-5.642602 -4.239842 -0.503210
-5.627201 -4.223860 -0.399315
-5.636054 -4.226692 -0.293442
-5.707025 -4.283620 -0.193647
-5.728334 -4.298118 -0.085877
-5.824414 -4.376703 0.017661
-6.766391 -5.161175 0.401125
-3.411147 -2.396218 -1.319696
-3.594400 -2.549657 -1.311305
-3.839265 -2.756024 -1.320251
-3.870685 -2.777683 -1.250028
-3.886295 -2.785406 -1.177204
-4.224302 -3.071713 -1.191689
-4.486112 -3.291588 -1.175805
-4.886642 -3.629323 -1.181171
-5.266325 -3.950175 -1.169947
-5.735085 -4.345435 -1.158946
-6.237792 -4.768685 -1.140891
-5.674652 -4.283473 -0.931292
-5.643692 -4.252257 -0.821317
-5.648057 -4.251246 -0.714075
-5.634856 -4.237270 -0.609082
-5.642602 -4.239842 -0.503210
-5.627201 -4.223860 -0.399315
-5.636054 -4.226692 -0.293442
-5.707025 -4.283620 -0.193647
-5.728334 -4.298118 -0.085877
-5.824414 -4.376703 0.017661
-3.451910 -2.347903 -1.320819
-3.657995 -2.516144 -1.319794
-3.864211 -2.684273 -1.314592
-3.895849 -2.705461 -1.244779
-3.911491 -2.712943 -1.172345
-4.241358 -2.984425 -1.184061
-4.539286 -3.228214 -1.177273
-4.938439 -3.555288 -1.181355
-5.298266 -3.850618 -1.165154
-5.757200 -4.226626 -1.151906
-6.277860 -4.652892 -1.136996
-5.729356 -4.193336 -0.931213
-5.719400 -4.180323 -0.824436
-5.711501 -4.169131 -0.715544
-5.691968 -4.150283 -0.609972
-5.659734 -4.119730 -0.500922
-5.631747 -4.093801 -0.397095
-5.643674 -4.099076 -0.292515
-6.506041 -4.794906 0.257885
-3.451910 -2.347903 -1.320819
-3.657995 -2.516144 -1.319794
-3.864211 -2.684273 -1.314592
-3.895849 -2.705461 -1.244779
-3.911491 -2.712943 -1.172345
-4.241358 -2.984425 -1.184061
-4.539286 -3.228214 -1.177273
-4.938439 -3.555288 -1.181355
-5.298266 -3.850618 -1.165154
-5.757200 -4.226626 -1.151906
-6.277860 -4.652892 -1.136996
-6.928007 -5.186375 -1.120253
-5.719400 -4.180323 -0.824436
-5.711501 -4.169131 -0.715544
-5.691968 -4.150283 -0.609972
-5.659734 -4.119730 -0.500922
-5.631747 -4.093801 -0.397095
-5.643674 -4.099076 -0.292515
-6.506041 -4.794906 0.257885
-3.483061 -2.291725 -1.318628
-3.691430 -2.457050 -1.317841
-3.887914 -2.612475 -1.308913
-3.916745 -2.630738 -1.238576
-3.941492 -2.645351 -1.169220
-4.268979 -2.907238 -1.179685
-4.585468 -3.159161 -1.177203
-4.964637 -3.460819 -1.175864
-5.328468 -3.751056 -1.160331
-5.820228 -4.142939 -1.153157
-5.689489 -4.032140 -1.023439
-5.686779 -4.025420 -0.916135
-5.695034 -4.027443 -0.813858
-5.705457 -4.031296 -0.708842
-5.772627 -4.082612 -0.613370
-5.743117 -4.055043 -0.504283
-5.677406 -3.999548 -0.397673
-5.676920 -3.994683 -0.292855
-5.867924 -4.141082 -0.089652
-6.275471 -4.464299 0.016029
-6.883148 -4.945576 0.268798
-3.483061 -2.291725 -1.318628
-3.691430 -2.457050 -1.317841
-3.887914 -2.612475 -1.308913
-3.916745 -2.630738 -1.238576
-3.941492 -2.645351 -1.169220
-4.268979 -2.907238 -1.179685
-4.585468 -3.159161 -1.177203
-4.964637 -3.460819 -1.175864
-5.328468 -3.751056 -1.160331
-5.820228 -4.142939 -1.153157
-6.386898 -4.594227 -1.145488
-5.686779 -4.025420 -0.916135
-5.695034 -4.027443 -0.813858
-5.705457 -4.031296 -0.708842
-5.772627 -4.082612 -0.613370
-5.743117 -4.055043 -0.504283
-5.677406 -3.999548 -0.397673
-5.676920 -3.994683 -0.292855
-5.867924 -4.141082 -0.089652
-6.275471 -4.464299 0.016029
-6.883148 -4.945576 0.268798
-3.528381 -2.247197 -1.321941
-3.726964 -2.400020 -1.316921
-3.928611 -2.555081 -1.309155
-3.942429 -2.560894 -1.234216
-3.964249 -2.572728 -1.164321
-4.298358 -2.832397 -1.176107
-4.605928 -3.070137 -1.170996
-4.998458 -3.373723 -1.172469
-5.372456 -3.663698 -1.158744
-5.723303 -3.933955 -1.123991
-5.734182 -3.937270 -1.021984
-5.787639 -3.974636 -0.923734
-5.727073 -3.922717 -0.811359
-5.778313 -3.958294 -0.711750
-5.729907 -3.917929 -0.604417
-5.926524 -4.067476 -0.515952
-5.705781 -3.892652 -0.397206
-5.705205 -3.887818 -0.293017
-6.354465 -4.383480 0.014124
-3.528381 -2.247197 -1.321941
-3.726964 -2.400020 -1.316921
-3.928611 -2.555081 -1.309155
-3.942429 -2.560894 -1.234216
-3.964249 -2.572728 -1.164321
-4.298358 -2.832397 -1.176107
-4.605928 -3.070137 -1.170996
-4.998458 -3.373723 -1.172469
-5.372456 -3.663698 -1.158744
-5.723303 -3.933955 -1.123991
-5.734182 -3.937270 -1.021984
-5.787639 -3.974636 -0.923734
-5.727073 -3.922717 -0.811359
-5.778313 -3.958294 -0.711750
-5.729907 -3.917929 -0.604417
-5.926524 -4.067476 -0.515952
-5.705781 -3.892652 -0.397206
-5.705205 -3.887818 -0.293017
-6.354465 -4.383480 0.014124
-3.545741 -2.180824 -1.315312
-3.737159 -2.323744 -1.307616
-3.943892 -2.478272 -1.301455
-3.957681 -2.483854 -1.227034
-4.010539 -2.519085 -1.166432
-4.351357 -2.776446 -1.179086
-4.646643 -2.997961 -1.170125
-5.033955 -3.288858 -1.169760
-5.424465 -3.583133 -1.159099
-5.747575 -3.824500 -1.118597
-5.764728 -3.832450 -1.018337
-5.745941 -3.813799 -0.909513
-5.766812 -3.825211 -0.810119
-5.761402 -3.816754 -0.704214
-5.756822 -3.810770 -0.602691
-5.758206 -3.808135 -0.498755
-5.703622 -3.764157 -0.394856
-5.715682 -3.769002 -0.292405
-5.789653 -3.821977 -0.195776
-6.547357 -4.388185 0.012918
-7.000899 -4.727566 0.142953
-3.545741 -2.180824 -1.315312
-3.737159 -2.323744 -1.307616
-3.943892 -2.478272 -1.301455
-3.957681 -2.483854 -1.227034
-4.010539 -2.519085 -1.166432
-4.351357 -2.776446 -1.179086
-4.646643 -2.997961 -1.170125
-5.033955 -3.288858 -1.169760
-5.424465 -3.583133 -1.159099
-5.747575 -3.824500 -1.118597
-5.764728 -3.832450 -1.018337
-5.745941 -3.813799 -0.909513
-5.766812 -3.825211 -0.810119
-5.761402 -3.816754 -0.704214
-5.756822 -3.810770 -0.602691
-5.758206 -3.808135 -0.498755
-5.703622 -3.764157 -0.394856
-5.715682 -3.769002 -0.292405
-5.789653 -3.821977 -0.195776
-6.547357 -4.388185 0.012918
-7.000899 -4.727566 0.142953
-3.577331 -2.126042 -1.314188
-3.792337 -2.282447 -1.313998
-3.988855 -2.424835 -1.303654
-3.977799 -2.411652 -1.221697
-4.012284 -2.432142 -1.156218
-4.372221 -2.696320 -1.173829
-4.683096 -2.923015 -1.168471
-5.058580 -3.196738 -1.164898
-5.443570 -3.478450 -1.152887
-5.779458 -3.722306 -1.114962
-5.873153 -3.786542 -1.028233
-5.783956 -3.716344 -0.907854
-5.801752 -3.725111 -0.808423
-5.847491 -3.754538 -0.708951
-5.765819 -3.691917 -0.599339
-5.812120 -3.722385 -0.499977
-5.740844 -3.667364 -0.395139
-5.798060 -3.705193 -0.295179
-5.946651 -3.808140 -0.093854
-6.767403 -4.407368 0.011796
-3.577331 -2.126042 -1.314188
-3.792337 -2.282447 -1.313998
-3.988855 -2.424835 -1.303654
-3.977799 -2.411652 -1.221697
-4.012284 -2.432142 -1.156218
-4.372221 -2.696320 -1.173829
-4.683096 -2.923015 -1.168471
-5.058580 -3.196738 -1.164898
-5.443570 -3.478450 -1.152887
-5.779458 -3.722306 -1.114962
-5.873153 -3.786542 -1.028233
-5.783956 -3.716344 -0.907854
-5.801752 -3.725111 -0.808423
-5.847491 -3.754538 -0.708951
-5.765819 -3.691917 -0.599339
-5.812120 -3.722385 -0.499977
-5.740844 -3.667364 -0.395139
-5.798060 -3.705193 -0.295179
-5.946651 -3.808140 -0.093854
-6.767403 -4.407368 0.011796
-3.608090 -2.070911 -1.313053
-3.800243 -2.206139 -1.304654
-4.014280 -2.357082 -1.299887
-3.999834 -2.341765 -1.217275
-4.053509 -2.375471 -1.157422
-4.388534 -2.613975 -1.167723
-4.708817 -2.840859 -1.164495
-5.068849 -3.095485 -1.157161
-5.505669 -3.406306 -1.155827
-5.809621 -3.620081 -1.111298
-5.775360 -3.590579 -1.003336
-5.817153 -3.616369 -0.905684
-5.844730 -3.631840 -0.807994
-5.816365 -3.607344 -0.700203
-5.811554 -3.601500 -0.599778
-5.858271 -3.631339 -0.500657
-5.792734 -3.581982 -0.396433
-5.801668 -3.584217 -0.294352
-6.471109 -4.052518 0.007850
-3.608090 -2.070911 -1.313053
-3.800243 -2.206139 -1.304654
-4.014280 -2.357082 -1.299887
-3.999834 -2.341765 -1.217275
-4.053509 -2.375471 -1.157422
-4.388534 -2.613975 -1.167723
-4.708817 -2.840859 -1.164495
-5.068849 -3.095485 -1.157161
-5.505669 -3.406306 -1.155827
-5.809621 -3.620081 -1.111298
-5.775360 -3.590579 -1.003336
-5.817153 -3.616369 -0.905684
-5.844730 -3.631840 -0.807994
-5.816365 -3.607344 -0.700203
-5.811554 -3.601500 -0.599778
-5.858271 -3.631339 -0.500657
-5.792734 -3.581982 -0.396433
-5.801668 -3.584217 -0.294352
-6.471109 -4.052518 0.007850
-3.619177 -2.002140 -1.305264
-3.854088 -2.163535 -1.311025
-4.000582 -2.262438 -1.284171
-4.017521 -2.269609 -1.211896
-4.074776 -2.304784 -1.153326
-4.384181 -2.518337 -1.156642
-4.752464 -2.772171 -1.165111
-5.135362 -3.035274 -1.162213
-5.524764 -3.303843 -1.150215
-5.935377 -3.585726 -1.125602
-5.842359 -3.516015 -1.006664
-5.819368 -3.495894 -0.899093
-5.814413 -3.488267 -0.798024
-5.837897 -3.500495 -0.697774
-5.865722 -3.517458 -0.601159
-6.037488 -3.633101 -0.512120
-5.817101 -3.477772 -0.396044
-5.829331 -3.482182 -0.294689
-5.862702 -3.502505 -0.197922
-6.010301 -3.601527 -0.096723
-6.699393 -4.075344 0.006778
-3.619177 -2.002140 -1.305264
-3.854088 -2.163535 -1.311025
-4.000582 -2.262438 -1.284171
-4.017521 -2.269609 -1.211896
-4.074776 -2.304784 -1.153326
-4.384181 -2.518337 -1.156642
-4.752464 -2.772171 -1.165111
-5.135362 -3.035274 -1.162213
-5.524764 -3.303843 -1.150215
-5.935377 -3.585726 -1.125602
-5.842359 -3.516015 -1.006664
-5.819368 -3.495894 -0.899093
-5.814413 -3.488267 -0.798024
-5.837897 -3.500495 -0.697774
-5.865722 -3.517458 -0.601159
-6.037488 -3.633101 -0.512120
-5.817101 -3.477772 -0.396044
-5.829331 -3.482182 -0.294689
-5.862702 -3.502505 -0.197922
-6.010301 -3.601527 -0.096723
-6.699393 -4.075344 0.006778
-3.644909 -1.944443 -1.302992
-3.875635 -2.098162 -1.306892
-4.052220 -2.214659 -1.289312
-4.043622 -2.204101 -1.209309
-4.117443 -2.249449 -1.155389
-4.442755 -2.467471 -1.162040
-4.782129 -2.694104 -1.162634
-5.171869 -2.954026 -1.160843
-5.578011 -3.225974 -1.151810
-6.061295 -3.548656 -1.139932
-5.934665 -3.458140 -1.014352
-5.921357 -3.445062 -0.907614
-5.899916 -3.426438 -0.803600
-5.930239 -3.442828 -0.703596
-5.852543 -3.388163 -0.596096
-5.853648 -3.385511 -0.494553
-5.856268 -3.384840 -0.396670
-5.861919 -3.384645 -0.295300
-5.918806 -3.420129 -0.199605
-6.117607 -3.550535 -0.099038
-3.644909 -1.944443 -1.302992
-3.875635 -2.098162 -1.306892
-4.052220 -2.214659 -1.289312
-4.043622 -2.204101 -1.209309
-4.117443 -2.249449 -1.155389
-4.442755 -2.467471 -1.162040
-4.782129 -2.694104 -1.162634
-5.171869 -2.954026 -1.160843
-5.578011 -3.225974 -1.151810
-6.061295 -3.548656 -1.139932
-5.934665 -3.458140 -1.014352
-5.921357 -3.445062 -0.907614
-5.899916 -3.426438 -0.803600
-5.930239 -3.442828 -0.703596
-5.852543 -3.388163 -0.596096
-5.853648 -3.385511 -0.494553
-5.856268 -3.384840 -0.396670
-5.861919 -3.384645 -0.295300
-5.918806 -3.420129 -0.199605
-6.117607 -3.550535 -0.099038
-3.679345 -1.892912 -1.304034
-3.892903 -2.030585 -1.301691
-4.083932 -2.153138 -1.288476
-4.068684 -2.138418 -1.206705
-4.149598 -2.187027 -1.154794
-4.494230 -2.411252 -1.165783
-4.807272 -2.613700 -1.159366
-5.174240 -2.850825 -1.152311
-5.603794 -3.130029 -1.148121
-6.081549 -3.439399 -1.135031
-6.649391 -3.807048 -1.124824
-5.946682 -3.342120 -0.904882
-5.914958 -3.317271 -0.800055
-5.922117 -3.317985 -0.698100
-5.860279 -3.275308 -0.593237
-5.898058 -3.296655 -0.495410
-5.890635 -3.289419 -0.397063
-5.916367 -3.302267 -0.296955
-5.993859 -3.350073 -0.201862
-6.234708 -3.503896 -0.101488
-3.679345 -1.892912 -1.304034
-3.892903 -2.030585 -1.301691
-4.083932 -2.153138 -1.288476
-4.068684 -2.138418 -1.206705
-4.149598 -2.187027 -1.154794
-4.494230 -2.411252 -1.165783
-4.807272 -2.613700 -1.159366
-5.174240 -2.850825 -1.152311
-5.603794 -3.130029 -1.148121
-6.081549 -3.439399 -1.135031
-6.649391 -3.807048 -1.124824
-5.946682 -3.342120 -0.904882
-5.914958 -3.317271 -0.800055
-5.922117 -3.317985 -0.698100
-5.860279 -3.275308 -0.593237
-5.898058 -3.296655 -0.495410
-5.890635 -3.289419 -0.397063
-5.916367 -3.302267 -0.296955
-5.993859 -3.350073 -0.201862
-6.234708 -3.503896 -0.101488
-3.703370 -1.834655 -1.301737
-3.925272 -1.973495 -1.301731
-4.095173 -2.078701 -1.281645
-4.095982 -2.074675 -1.205024
-4.184105 -2.126358 -1.155070
-4.512043 -2.333086 -1.161245
-4.837726 -2.537457 -1.157619
-5.178071 -2.750368 -1.144456
-5.627996 -3.034106 -1.144404
-6.106618 -3.334630 -1.131300
-6.659408 -3.681538 -1.118461
-5.993753 -3.254159 -0.905555
-5.954970 -3.225515 -0.799958
-5.985668 -3.241075 -0.700881
-5.963677 -3.224906 -0.599714
-5.961365 -3.220139 -0.497847
-5.997743 -3.240801 -0.402076
-6.013580 -3.246902 -0.300595
-6.081630 -3.287236 -0.204513
-6.331395 -3.441970 -0.103710
-3.703370 -1.834655 -1.301737
-3.925272 -1.973495 -1.301731
-4.095173 -2.078701 -1.281645
-4.095982 -2.074675 -1.205024
-4.184105 -2.126358 -1.155070
-4.512043 -2.333086 -1.161245
-4.837726 -2.537457 -1.157619
-5.178071 -2.750368 -1.144456
-5.627996 -3.034106 -1.144404
-6.106618 -3.334630 -1.131300
-6.659408 -3.681538 -1.118461
-5.993753 -3.254159 -0.905555
-5.954970 -3.225515 -0.799958
-5.985668 -3.241075 -0.700881
-5.963677 -3.224906 -0.599714
-5.961365 -3.220139 -0.497847
-5.997743 -3.240801 -0.402076
-6.013580 -3.246902 -0.300595
-6.081630 -3.287236 -0.204513
-6.331395 -3.441970 -0.103710
-3.713462 -1.768055 -1.294984
-3.933901 -1.901697 -1.294389
-4.115006 -2.010630 -1.277784
-4.105797 -2.000425 -1.198626
-4.217732 -2.065260 -1.155334
-4.518585 -2.248816 -1.154199
-4.846980 -2.448582 -1.151217
-5.233666 -2.683606 -1.148024
-5.647268 -2.936156 -1.139998
-6.163606 -3.250717 -1.133576
-6.704331 -3.579482 -1.118088
-6.083469 -3.192709 -0.912602
-6.034216 -3.158403 -0.805076
-6.024481 -3.148545 -0.700998
-6.097376 -3.191137 -0.609123
-6.088313 -3.182272 -0.505352
-6.121658 -3.200375 -0.408164
-6.079722 -3.170774 -0.302853
-6.182449 -3.231058 -0.207566
-6.475328 -3.407356 -0.106529
-3.713462 -1.768055 -1.294984
-3.933901 -1.901697 -1.294389
-4.115006 -2.010630 -1.277784
-4.105797 -2.000425 -1.198626
-4.217732 -2.065260 -1.155334
-4.518585 -2.248816 -1.154199
-4.846980 -2.448582 -1.151217
-5.233666 -2.683606 -1.148024
-5.647268 -2.936156 -1.139998
-6.163606 -3.250717 -1.133576
-6.704331 -3.579482 -1.118088
-7.327258 -3.958886 -1.093555
-6.034216 -3.158403 -0.805076
-6.024481 -3.148545 -0.700998
-6.097376 -3.191137 -0.609123
-6.088313 -3.182272 -0.505352
-6.121658 -3.200375 -0.408164
-6.079722 -3.170774 -0.302853
-6.182449 -3.231058 -0.207566
-6.475328 -3.407356 -0.106529
-3.961109 -1.842143 -1.293346
-4.133746 -1.942523 -1.273904
-4.130995 -1.936457 -1.196911
-4.237107 -1.995698 -1.152042
-4.573971 -2.195176 -1.159566
-4.861438 -2.364097 -1.146333
-5.274909 -2.607839 -1.148716
-5.685219 -2.850534 -1.139533
-6.205873 -3.157851 -1.133420
-6.744309 -3.474967 -1.117143
-6.199902 -3.145765 -0.923597
-6.102501 -3.083700 -0.808883
-6.120040 -3.090313 -0.707558
-6.162764 -3.113573 -0.612060
-6.184481 -3.123224 -0.510470
-6.218131 -3.140893 -0.412573
-6.175840 -3.111902 -0.306505
-6.286317 -3.174848 -0.210732
-6.719287 -3.428646 -0.110629
-3.961109 -1.842143 -1.293346
-4.133746 -1.942523 -1.273904
-4.130995 -1.936457 -1.196911
-4.237107 -1.995698 -1.152042
-4.573971 -2.195176 -1.159566
-4.861438 -2.364097 -1.146333
-5.274909 -2.607839 -1.148716
-5.685219 -2.850534 -1.139533
-6.205873 -3.157851 -1.133420
-6.744309 -3.474967 -1.117143
-7.522415 -3.935151 -1.114736
-6.102501 -3.083700 -0.808883
-6.120040 -3.090313 -0.707558
-6.162764 -3.113573 -0.612060
-6.184481 -3.123224 -0.510470
-6.218131 -3.140893 -0.412573
-6.175840 -3.111902 -0.306505
-6.286317 -3.174848 -0.210732
-6.719287 -3.428646 -0.110629
-3.927513 -1.747188 -1.273305
-4.148053 -1.872438 -1.269005
-4.151858 -1.870324 -1.194239
-4.238524 -1.916286 -1.144295
-4.578020 -2.110995 -1.152475
-4.898241 -2.293608 -1.146846
-5.318465 -2.533527 -1.150113
-5.715064 -2.760575 -1.137724
-6.195437 -3.034811 -1.124163
-6.758681 -3.356252 -1.112321
-7.611777 -3.845236 -1.120670
-6.218080 -3.035647 -0.818819
-6.208243 -3.026147 -0.713365
-6.285891 -3.068760 -0.620531
-6.269804 -3.056237 -0.514790
-6.331439 -3.089406 -0.418060
-6.333863 -3.086929 -0.312984
-6.410615 -3.128422 -0.214519
-6.992817 -3.459804 -0.115164
-3.927513 -1.747188 -1.273305
-4.148053 -1.872438 -1.269005
-4.151858 -1.870324 -1.194239
-4.238524 -1.916286 -1.144295
-4.578020 -2.110995 -1.152475
-4.898241 -2.293608 -1.146846
-5.318465 -2.533527 -1.150113
-5.715064 -2.760575 -1.137724
-6.195437 -3.034811 -1.124163
-6.758681 -3.356252 -1.112321
-7.611777 -3.845236 -1.120670
-6.218080 -3.035647 -0.818819
-6.208243 -3.026147 -0.713365
-6.285891 -3.068760 -0.620531
-6.269804 -3.056237 -0.514790
-6.331439 -3.089406 -0.418060
-6.333863 -3.086929 -0.312984
-6.410615 -3.128422 -0.214519
-6.992817 -3.459804 -0.115164
-4.036746 -1.734826 -1.298626
-4.175111 -1.809347 -1.268102
-4.168715 -1.801450 -1.190620
-4.289931 -1.865342 -1.149855
-4.591300 -2.032202 -1.147864
-4.893474 -2.198700 -1.138054
-5.320340 -2.434541 -1.142888
-5.723438 -2.657856 -1.131930
-6.217888 -2.931050 -1.120942
-6.785555 -3.244484 -1.109687
-7.652346 -3.725218 -1.119703
-6.379233 -3.009165 -0.834504
-6.546788 -3.098838 -0.746705
-6.437431 -3.035626 -0.631661
-6.424798 -3.025322 -0.524531
-6.473053 -3.049887 -0.425303
-6.503481 -3.062939 -0.319996
-6.640311 -3.136389 -0.221424
-4.036746 -1.734826 -1.298626
-4.175111 -1.809347 -1.268102
-4.168715 -1.801450 -1.190620
-4.289931 -1.865342 -1.149855
-4.591300 -2.032202 -1.147864
-4.893474 -2.198700 -1.138054
-5.320340 -2.434541 -1.142888
-5.723438 -2.657856 -1.131930
-6.217888 -2.931050 -1.120942
-6.785555 -3.244484 -1.109687
-7.652346 -3.725218 -1.119703
-6.379233 -3.009165 -0.834504
-6.546788 -3.098838 -0.746705
-6.437431 -3.035626 -0.631661
-6.424798 -3.025322 -0.524531
-6.473053 -3.049887 -0.425303
-6.503481 -3.062939 -0.319996
-6.640311 -3.136389 -0.221424
-4.054690 -1.670421 -1.295437
-4.197425 -1.744853 -1.266170
-4.201117 -1.742648 -1.191689
-4.323219 -1.804852 -1.150954
-4.606276 -1.956252 -1.144047
-4.931357 -2.129754 -1.139306
-5.347646 -2.352095 -1.141369
-5.764184 -2.575398 -1.132728
-6.262392 -2.841664 -1.121922
-6.809990 -3.133934 -1.107001
-7.683345 -3.602503 -1.117691
-8.254009 -3.906317 -1.065811
-6.793322 -3.112756 -0.769817
-6.662326 -3.039826 -0.649690
-6.639250 -3.024077 -0.538894
-6.768894 -3.091593 -0.442043
-6.785661 -3.096645 -0.332099
-6.987049 -3.202278 -0.231793
-4.054690 -1.670421 -1.295437
-4.197425 -1.744853 -1.266170
-4.201117 -1.742648 -1.191689
-4.323219 -1.804852 -1.150954
-4.606276 -1.956252 -1.144047
-4.931357 -2.129754 -1.139306
-5.347646 -2.352095 -1.141369
-5.764184 -2.575398 -1.132728
-6.262392 -2.841664 -1.121922
-6.809990 -3.133934 -1.107001
-7.683345 -3.602503 -1.117691
-8.254009 -3.906317 -1.065811
-6.793322 -3.112756 -0.769817
-6.662326 -3.039826 -0.649690
-6.639250 -3.024077 -0.538894
-6.768894 -3.091593 -0.442043
-6.785661 -3.096645 -0.332099
-6.987049 -3.202278 -0.231793
-4.051187 -1.595112 -1.285887
-4.218760 -1.680198 -1.264223
-4.225824 -1.679765 -1.190858
-4.345312 -1.738441 -1.149373
-4.640803 -1.891338 -1.145206
-4.968275 -2.060287 -1.140545
-5.366730 -2.265809 -1.138389
-5.765337 -2.472257 -1.126192
-6.302117 -2.749877 -1.122276
-6.850217 -3.032637 -1.107049
-7.705388 -3.476080 -1.114653
-8.262559 -3.762690 -1.061264
-7.214429 -3.210754 -0.811818
-7.146569 -3.173025 -0.691785
-6.946899 -3.065477 -0.560387
-9.769958 -4.533559 -0.624087
-10.342608 -4.825892 -0.491251
-4.051187 -1.595112 -1.285887
-4.218760 -1.680198 -1.264223
-4.225824 -1.679765 -1.190858
-4.345312 -1.738441 -1.149373
-4.640803 -1.891338 -1.145206
-4.968275 -2.060287 -1.140545
-5.366730 -2.265809 -1.138389
-5.765337 -2.472257 -1.126192
-6.302117 -2.749877 -1.122276
-6.850217 -3.032637 -1.107049
-7.705388 -3.476080 -1.114653
-8.262559 -3.762690 -1.061264
-7.214429 -3.210754 -0.811818
-9.334360 -4.314408 -0.895242
-6.946899 -3.065477 -0.560387
-9.769958 -4.533559 -0.624087
-10.342608 -4.825892 -0.491251
-4.087573 -1.541469 -1.289009
-4.239116 -1.615397 -1.262259
-4.228836 -1.606027 -1.184337
-4.359453 -1.668330 -1.145995
-4.667448 -1.822396 -1.144686
-5.000721 -1.988531 -1.140994
-5.391473 -2.183124 -1.136827
-5.810473 -2.392902 -1.128280
-6.319348 -2.646921 -1.118958
-6.867743 -2.920203 -1.103752
-7.721868 -3.348066 -1.111082
-8.282919 -3.626868 -1.058437
-8.812629 -3.889337 -0.980931
-9.301701 -4.133081 -0.888308
-9.780449 -4.369738 -0.774960
-9.914945 -4.434140 -0.631051
-10.434569 -4.689753 -0.494589
-4.087573 -1.541469 -1.289009
-4.239116 -1.615397 -1.262259
-4.228836 -1.606027 -1.184337
-4.359453 -1.668330 -1.145995
-4.667448 -1.822396 -1.144686
-5.000721 -1.988531 -1.140994
-5.391473 -2.183124 -1.136827
-5.810473 -2.392902 -1.128280
-6.319348 -2.646921 -1.118958
-6.867743 -2.920203 -1.103752
-7.721868 -3.348066 -1.111082
-8.282919 -3.626868 -1.058437
-8.812629 -3.889337 -0.980931
-9.301701 -4.133081 -0.888308
-9.780449 -4.369738 -0.774960
-9.914945 -4.434140 -0.631051
-10.434569 -4.689753 -0.494589
-4.112885 -1.482089 -1.288946
-4.272376 -1.557330 -1.264296
-4.258505 -1.546406 -1.185366
-4.375992 -1.599996 -1.143490
-4.682548 -1.748007 -1.141646
-5.021574 -1.911189 -1.139092
-5.429090 -2.107228 -1.138135
-5.819104 -2.295521 -1.123685
-6.334945 -2.544133 -1.115610
-6.908392 -2.820158 -1.104304
-7.543687 -3.126375 -1.080586
-8.304685 -3.493067 -1.056013
-8.837956 -3.748125 -0.979204
-9.387695 -4.012936 -0.892536
-10.361428 -4.481969 -0.816418
-4.112885 -1.482089 -1.288946
-4.272376 -1.557330 -1.264296
-4.258505 -1.546406 -1.185366
-4.375992 -1.599996 -1.143490
-4.682548 -1.748007 -1.141646
-5.021574 -1.911189 -1.139092
-5.429090 -2.107228 -1.138135
-5.819104 -2.295521 -1.123685
-6.334945 -2.544133 -1.115610
-6.908392 -2.820158 -1.104304
-7.543687 -3.126375 -1.080586
-8.304685 -3.493067 -1.056013
-8.837956 -3.748125 -0.979204
-9.387695 -4.012936 -0.892536
-10.361428 -4.481969 -0.816418
-4.147782 -1.427401 -1.292051
-4.269903 -1.482078 -1.256276
-4.283830 -1.484705 -1.185437
-4.395002 -1.533310 -1.141858
-4.707093 -1.678694 -1.141093
-5.027070 -1.827040 -1.134050
-5.433640 -2.015669 -1.132920
-5.819030 -2.195107 -1.117725
-6.366788 -2.449974 -1.115286
-6.918929 -2.706140 -1.100391
-7.766618 -3.101516 -1.106318
-8.371106 -3.381471 -1.059315
-8.850258 -3.601996 -0.976278
-9.378330 -3.847254 -0.888138
-4.147782 -1.427401 -1.292051
-4.269903 -1.482078 -1.256276
-4.283830 -1.484705 -1.185437
-4.395002 -1.533310 -1.141858
-4.707093 -1.678694 -1.141093
-5.027070 -1.827040 -1.134050
-5.433640 -2.015669 -1.132920
-5.819030 -2.195107 -1.117725
-6.366788 -2.449974 -1.115286
-6.918929 -2.706140 -1.100391
-7.766618 -3.101516 -1.106318
-8.371106 -3.381471 -1.059315
-8.850258 -3.601996 -0.976278
-9.378330 -3.847254 -0.888138
-4.160942 -1.362445 -1.288785
-4.294311 -1.420261 -1.256275
-4.304737 -1.421085 -1.184546
-4.434279 -1.476260 -1.145569
-4.712836 -1.601006 -1.136342
-5.052616 -1.753006 -1.133666
-5.447442 -1.929405 -1.129848
-5.867541 -2.118153 -1.121092
-6.386450 -2.350618 -1.113105
-6.934854 -2.595769 -1.097556
-7.791531 -2.980899 -1.104634
-8.414310 -3.258959 -1.059935
-8.889232 -3.469505 -0.976405
-9.402502 -3.699167 -0.887003
-10.217931 -4.063594 -0.800121
-5.488308 -0.658278 0.847319
-4.160942 -1.362445 -1.288785
-4.294311 -1.420261 -1.256275
-4.304737 -1.421085 -1.184546
-4.434279 -1.476260 -1.145569
-4.712836 -1.601006 -1.136342
-5.052616 -1.753006 -1.133666
-5.447442 -1.929405 -1.129848
-5.867541 -2.118153 -1.121092
-6.386450 -2.350618 -1.113105
-6.934854 -2.595769 -1.097556
-7.791531 -2.980899 -1.104634
-8.414310 -3.258959 -1.059935
-8.889232 -3.469505 -0.976405
-9.402502 -3.699167 -0.887003
-10.217931 -4.063594 -0.800121
-5.306627 -0.581723 0.736138
-5.469670 -0.614200 0.842549
-5.306627 -0.581723 0.736138
-4.331989 -1.364434 -1.260286
-4.317603 -1.354135 -1.181743
-4.444287 -1.405921 -1.142121
-4.756711 -1.540952 -1.140776
-5.084263 -1.681884 -1.134829
-5.452702 -1.840095 -1.125303
-5.889763 -2.029282 -1.119763
-6.353905 -2.229085 -1.102326
-6.956313 -2.488768 -1.095805
-7.618243 -2.774461 -1.075896
-8.430230 -3.124874 -1.057412
-8.893397 -3.322417 -0.973008
-9.358607 -3.522600 -0.879833
-5.320057 -0.548055 0.659434
-5.341658 -0.550329 0.739570
-5.342303 -0.548012 0.820624
-4.331989 -1.364434 -1.260286
-4.317603 -1.354135 -1.181743
-4.444287 -1.405921 -1.142121
-4.756711 -1.540952 -1.140776
-5.084263 -1.681884 -1.134829
-5.452702 -1.840095 -1.125303
-5.889763 -2.029282 -1.119763
-6.353905 -2.229085 -1.102326
-6.956313 -2.488768 -1.095805
-7.618243 -2.774461 -1.075896
-8.430230 -3.124874 -1.057412
-8.893397 -3.322417 -0.973008
-9.358607 -3.522600 -0.879833
-5.320057 -0.548055 0.659434
-5.341658 -0.550329 0.739570
-5.342303 -0.548012 0.820624
-5.343262 -0.514049 0.660981
-5.306591 -0.504509 0.733007
-5.322817 -0.505330 0.815880
-5.343262 -0.514049 0.660981
-5.306591 -0.504509 0.733007
-5.322817 -0.505330 0.815880
-4.351146 -1.300340 -1.259254
-4.336597 -1.290256 -1.180821
-4.467559 -1.341798 -1.142233
-4.753019 -1.460232 -1.134311
-5.086017 -1.598087 -1.129719
-5.496396 -1.767977 -1.128711
-5.903390 -1.937244 -1.117071
-6.410285 -2.147438 -1.106825
-6.987099 -2.386397 -1.095698
-7.663906 -2.667437 -1.077612
-8.466047 -3.000327 -1.057526
-8.902544 -3.179081 -0.970342
-9.337371 -3.358889 -0.874929
-9.555152 -3.446069 -0.745544
-5.311698 -0.469227 0.655533
-5.313931 -0.467486 0.732560
-5.306879 -0.463721 0.811758
-5.303079 -0.460331 0.888729
-4.351146 -1.300340 -1.259254
-4.336597 -1.290256 -1.180821
-4.467559 -1.341798 -1.142233
-4.753019 -1.460232 -1.134311
-5.086017 -1.598087 -1.129719
-5.496396 -1.767977 -1.128711
-5.903390 -1.937244 -1.117071
-6.410285 -2.147438 -1.106825
-6.987099 -2.386397 -1.095698
-7.663906 -2.667437 -1.077612
-8.466047 -3.000327 -1.057526
-8.902544 -3.179081 -0.970342
-9.337371 -3.358889 -0.874929
-9.555152 -3.446069 -0.745544
-5.311698 -0.469227 0.655533
-5.313931 -0.467486 0.732560
-5.306879 -0.463721 0.811758
-5.303079 -0.460331 0.888729
-5.299279 -0.428529 0.652593
-5.305433 -0.427519 0.729898
-5.302279 -0.424546 0.809479
-5.306242 -0.422635 0.887620
-5.299279 -0.428529 0.652593
-5.305433 -0.427519 0.729898
-5.302279 -0.424546 0.809479
-5.306242 -0.422635 0.887620
-4.358619 -1.231679 -1.255184
-4.365444 -1.230634 -1.182738
-4.475476 -1.271511 -1.138749
-4.798715 -1.400704 -1.139561
-5.104599 -1.522077 -1.128499
-5.499056 -1.678810 -1.124119
-5.922913 -1.848298 -1.115696
-6.469287 -2.066241 -1.111929
-7.012718 -2.282273 -1.095010
-7.652882 -2.537477 -1.071776
-8.518470 -2.882940 -1.059845
-8.953742 -3.054116 -0.972309
-5.306084 -0.391549 0.652155
-5.320036 -0.391897 0.730568
-5.320741 -0.389643 0.810877
-5.320787 -0.387014 0.888516
-4.358619 -1.231679 -1.255184
-4.365444 -1.230634 -1.182738
-4.475476 -1.271511 -1.138749
-4.798715 -1.400704 -1.139561
-5.104599 -1.522077 -1.128499
-5.499056 -1.678810 -1.124119
-5.922913 -1.848298 -1.115696
-6.469287 -2.066241 -1.111929
-7.012718 -2.282273 -1.095010
-7.652882 -2.537477 -1.071776
-8.518470 -2.882940 -1.059845
-8.953742 -3.054116 -0.972309
-5.306084 -0.391549 0.652155
-5.320036 -0.391897 0.730568
-5.320741 -0.389643 0.810877
-5.320787 -0.387014 0.888516
-5.324365 -0.356537 0.653217
-5.338304 -0.356789 0.731796
-5.342870 -0.355196 0.812888
-5.319540 -0.348588 0.886749
-5.324365 -0.356537 0.653217
-5.338304 -0.356789 0.731796
-5.342870 -0.355196 0.812888
-5.319540 -0.348588 0.886749
-4.404649 -1.178777 -1.262190
-4.382628 -1.166301 -1.181789
-4.493198 -1.205645 -1.137934
-4.803618 -1.324604 -1.135571
-5.129364 -1.448824 -1.128828
-5.525962 -1.600036 -1.124590
-5.941111 -1.759294 -1.114298
-6.453604 -1.955248 -1.104730
-7.040491 -2.179442 -1.094856
-7.680436 -2.424252 -1.071428
-8.424722 -2.708759 -1.044688
-8.988343 -2.922699 -0.972690
-5.361997 -0.324540 0.656774
-5.379794 -0.325324 0.736347
-5.376480 -0.322404 0.816734
-4.404649 -1.178777 -1.262190
-4.382628 -1.166301 -1.181789
-4.493198 -1.205645 -1.137934
-4.803618 -1.324604 -1.135571
-5.129364 -1.448824 -1.128828
-5.525962 -1.600036 -1.124590
-5.941111 -1.759294 -1.114298
-6.453604 -1.955248 -1.104730
-7.040491 -2.179442 -1.094856
-7.680436 -2.424252 -1.071428
-8.424722 -2.708759 -1.044688
-8.988343 -2.922699 -0.972690
-5.361997 -0.324540 0.656774
-5.379794 -0.325324 0.736347
-5.376480 -0.322404 0.816734
-5.383758 -0.289594 0.658337
-5.358488 -0.283493 0.732043
-5.359120 -0.281238 0.812639
-5.383758 -0.289594 0.658337
-5.358488 -0.283493 0.732043
-5.359120 -0.281238 0.812639
-4.424707 -1.115358 -1.262128
-4.420684 -1.110059 -1.186539
-4.502663 -1.136895 -1.135309
-4.803680 -1.247375 -1.130718
-5.123704 -1.364271 -1.122863
-5.529641 -1.512674 -1.120677
-5.932133 -1.660588 -1.108169
-6.487941 -1.864556 -1.106109
-7.063057 -2.075007 -1.094117
-7.702610 -2.309477 -1.070548
-8.480571 -2.594645 -1.047829
-5.603398 -0.279510 0.849452
-4.424707 -1.115358 -1.262128
-4.420684 -1.110059 -1.186539
-4.502663 -1.136895 -1.135309
-4.803680 -1.247375 -1.130718
-5.123704 -1.364271 -1.122863
-5.529641 -1.512674 -1.120677
-5.932133 -1.660588 -1.108169
-6.487941 -1.864556 -1.106109
-7.063057 -2.075007 -1.094117
-7.702610 -2.309477 -1.070548
-8.480571 -2.594645 -1.047829
-5.603398 -0.279510 0.849452
-5.573944 -0.235420 0.843523
-5.573944 -0.235420 0.843523
-4.447498 -1.053032 -1.263061
-4.443411 -1.047808 -1.187471
-4.492757 -1.061622 -1.128177
-4.846693 -1.186394 -1.135935
-5.157301 -1.294847 -1.125512
-5.554185 -1.433592 -1.121109
-5.951270 -1.573218 -1.107394
-6.483790 -1.760095 -1.101307
-7.054245 -1.959830 -1.088863
-7.745511 -2.202654 -1.072666
-8.508664 -2.470280 -1.047808
-4.447498 -1.053032 -1.263061
-4.443411 -1.047808 -1.187471
-4.492757 -1.061622 -1.128177
-4.846693 -1.186394 -1.135935
-5.157301 -1.294847 -1.125512
-5.554185 -1.433592 -1.121109
-5.951270 -1.573218 -1.107394
-6.483790 -1.760095 -1.101307
-7.054245 -1.959830 -1.088863
-7.745511 -2.202654 -1.072666
-8.508664 -2.470280 -1.047808
-4.473073 -0.991659 -1.264993
-4.522178 -1.000923 -1.130903
-4.855658 -1.113114 -1.133568
-5.197381 -1.227403 -1.129721
-5.536679 -1.340206 -1.113501
-5.972861 -1.487021 -1.107272
-6.511660 -1.667723 -1.102025
-7.066099 -1.853087 -1.086943
-7.756888 -2.084957 -1.070723
-8.395714 -2.298398 -1.031111
-4.473073 -0.991659 -1.264993
-4.522178 -1.000923 -1.130903
-4.855658 -1.113114 -1.133568
-5.197381 -1.227403 -1.129721
-5.536679 -1.340206 -1.113501
-5.972861 -1.487021 -1.107272
-6.511660 -1.667723 -1.102025
-7.066099 -1.853087 -1.086943
-7.756888 -2.084957 -1.070723
-8.395714 -2.298398 -1.031111
-4.878391 -1.044804 -1.134553
-5.206769 -1.149427 -1.127626
-5.588684 -1.270928 -1.119733
-5.989465 -1.399413 -1.106455
-6.489376 -1.559098 -1.094692
-7.080124 -1.747729 -1.085557
-7.755177 -1.963802 -1.067229
-8.215396 -2.109419 -1.006667
-8.160893 -2.087904 -0.875504
-8.092252 -2.063657 -0.749497
-4.878391 -1.044804 -1.134553
-5.206769 -1.149427 -1.127626
-5.588684 -1.270928 -1.119733
-5.989465 -1.399413 -1.106455
-6.489376 -1.559098 -1.094692
-7.080124 -1.747729 -1.085557
-7.755177 -1.963802 -1.067229
-8.215396 -2.109419 -1.006667
-8.160893 -2.087904 -0.875504
-8.092252 -2.063657 -0.749497
-4.903901 -0.977350 -1.136367
-5.211259 -1.070368 -1.124722
-5.572250 -1.179503 -1.112802
-5.982208 -1.304710 -1.101563
-6.521954 -1.469120 -1.096598
-7.066115 -1.634241 -1.080198
-7.800882 -1.858469 -1.070285
-4.903901 -0.977350 -1.136367
-5.211259 -1.070368 -1.124722
-5.572250 -1.179503 -1.112802
-5.982208 -1.304710 -1.101563
-6.521954 -1.469120 -1.096598
-7.066115 -1.634241 -1.080198
-7.800882 -1.858469 -1.070285
-4.898501 -0.900573 -1.131416
-5.222084 -0.993751 -1.123373
-5.576990 -1.095602 -1.110229
-5.958365 -1.206121 -1.093934
-6.538130 -1.374164 -1.096010
-7.054133 -1.522718 -1.075366
-7.803290 -1.740023 -1.067742
-4.898501 -0.900573 -1.131416
-5.222084 -0.993751 -1.123373
-5.576990 -1.095602 -1.110229
-5.958365 -1.206121 -1.093934
-6.538130 -1.374164 -1.096010
-7.054133 -1.522718 -1.075366
-7.803290 -1.740023 -1.067742
-4.888162 -0.823186 -1.125595
-5.243117 -0.920339 -1.124372
-5.572913 -1.009779 -1.106168
-6.008862 -1.129876 -1.099813
-6.530101 -1.272754 -1.091678
-7.086191 -1.424758 -1.077277
-4.888162 -0.823186 -1.125595
-5.243117 -0.920339 -1.124372
-5.572913 -1.009779 -1.106168
-6.008862 -1.129876 -1.099813
-6.530101 -1.272754 -1.091678
-7.086191 -1.424758 -1.077277
-4.903069 -0.753442 -1.125668
-5.247967 -0.842599 -1.122196
-5.597936 -0.932483 -1.107946
-6.016482 -1.041425 -1.098227
-6.535807 -1.175999 -1.089797
-7.105407 -1.323267 -1.077471
-4.903069 -0.753442 -1.125668
-5.247967 -0.842599 -1.122196
-5.597936 -0.932483 -1.107946
-6.016482 -1.041425 -1.098227
-6.535807 -1.175999 -1.089797
-7.105407 -1.323267 -1.077471
-4.909406 -0.681637 -1.124032
-5.232666 -0.760224 -1.116046
-5.557061 -0.838508 -1.097234
-6.018988 -0.952130 -1.095940
-6.563094 -1.085199 -1.091618
-7.138546 -1.225463 -1.079907
-4.909406 -0.681637 -1.124032
-5.232666 -0.760224 -1.116046
-5.557061 -0.838508 -1.097234
-6.018988 -0.952130 -1.095940
-6.563094 -1.085199 -1.091618
-7.138546 -1.225463 -1.079907
-4.910898 -0.609007 -1.121531
-5.261884 -0.689401 -1.119364
-5.606510 -0.767677 -1.104112
-6.027855 -0.864889 -1.094986
-6.554507 -0.985821 -1.087823
-7.108666 -1.112608 -1.073253
-4.910898 -0.609007 -1.121531
-5.261884 -0.689401 -1.119364
-5.606510 -0.767677 -1.104112
-6.027855 -0.864889 -1.094986
-6.554507 -0.985821 -1.087823
-7.108666 -1.112608 -1.073253
-4.945859 -0.543359 -1.126649
-5.244420 -0.606891 -1.113177
-5.582340 -0.678589 -1.097026
-5.274944 -0.582589 0.268394
-5.270380 -0.580924 0.346262
-4.945859 -0.543359 -1.126649
-5.244420 -0.606891 -1.113177
-5.582340 -0.678589 -1.097026
-6.590989 -0.896071 -1.091484
-5.270380 -0.580924 0.346262
-5.209456 -0.512435 -0.790994
-5.359986 -0.541109 -0.733049
-5.365664 -0.539960 -0.656243
-5.370501 -0.538707 -0.577126
-5.334720 -0.530283 -0.497334
-5.372401 -0.536127 -0.421672
-5.322693 -0.524797 -0.342513
-5.311353 -0.520284 -0.263776
-5.349585 -0.526641 -0.190208
-5.328121 -0.520753 -0.111042
-5.340731 -0.522204 -0.036584
-5.336595 -0.520312 0.042486
-5.331314 -0.518919 0.116972
-5.360768 -0.521483 0.195780
-5.298233 -0.510393 0.267923
-5.313209 -0.512748 0.347281
-5.346900 -0.518614 0.425463
-5.312717 -0.511356 0.501341
-5.336279 -0.515550 0.580406
-5.359986 -0.541109 -0.733049
-5.365664 -0.539960 -0.656243
-5.370501 -0.538707 -0.577126
-5.334720 -0.530283 -0.497334
-5.372401 -0.536127 -0.421672
-5.322693 -0.524797 -0.342513
-5.311353 -0.520284 -0.263776
-5.349585 -0.526641 -0.190208
-5.328121 -0.520753 -0.111042
-5.340731 -0.522204 -0.036584
-5.336595 -0.520312 0.042486
-5.331314 -0.518919 0.116972
-5.360768 -0.521483 0.195780
-5.298233 -0.510393 0.267923
-5.313209 -0.512748 0.347281
-5.346900 -0.518614 0.425463
-5.312717 -0.511356 0.501341
-5.336279 -0.515550 0.580406
-5.312382 -0.454035 -0.725759
-5.321846 -0.453573 -0.650294
-5.318759 -0.450794 -0.571234
-5.310194 -0.448078 -0.494787
-5.293033 -0.443041 -0.415670
-5.305874 -0.444286 -0.341549
-5.318019 -0.444399 -0.264321
-5.324907 -0.444325 -0.189905
-5.319080 -0.441719 -0.111563
-5.315989 -0.440064 -0.037403
-5.303976 -0.436784 0.040989
-5.318348 -0.439170 0.115342
-5.304638 -0.433286 0.191969
-5.300903 -0.434097 0.266382
-5.304163 -0.434064 0.344742
-5.314454 -0.435094 0.420613
-5.299811 -0.432001 0.497742
-5.307845 -0.432977 0.574647
-5.312382 -0.454035 -0.725759
-5.321846 -0.453573 -0.650294
-5.318759 -0.450794 -0.571234
-5.310194 -0.448078 -0.494787
-5.293033 -0.443041 -0.415670
-5.305874 -0.444286 -0.341549
-5.318019 -0.444399 -0.264321
-5.324907 -0.444325 -0.189905
-5.319080 -0.441719 -0.111563
-5.315989 -0.440064 -0.037403
-5.303976 -0.436784 0.040989
-5.318348 -0.439170 0.115342
-5.304638 -0.433286 0.191969
-5.300903 -0.434097 0.266382
-5.304163 -0.434064 0.344742
-5.314454 -0.435094 0.420613
-5.299811 -0.432001 0.497742
-5.307845 -0.432977 0.574647
-5.325920 -0.379511 -0.726638
-5.319731 -0.376187 -0.649344
-5.320510 -0.374159 -0.570912
-5.327603 -0.374328 -0.496010
-5.326108 -0.372295 -0.417987
-5.319324 -0.369947 -0.342425
-5.327541 -0.369223 -0.265022
-5.318678 -0.366334 -0.190178
-5.328580 -0.366567 -0.112376
-5.313650 -0.362925 -0.038245
-5.329193 -0.364609 0.040262
-5.316021 -0.362039 0.114049
-5.310122 -0.357735 0.190774
-5.330029 -0.362693 0.266373
-5.341149 -0.363987 0.345510
-5.327868 -0.360819 0.419738
-5.301422 -0.355921 0.495711
-5.333003 -0.360856 0.575097
-5.325920 -0.379511 -0.726638
-5.319731 -0.376187 -0.649344
-5.320510 -0.374159 -0.570912
-5.327603 -0.374328 -0.496010
-5.326108 -0.372295 -0.417987
-5.319324 -0.369947 -0.342425
-5.327541 -0.369223 -0.265022
-5.318678 -0.366334 -0.190178
-5.328580 -0.366567 -0.112376
-5.313650 -0.362925 -0.038245
-5.329193 -0.364609 0.040262
-5.316021 -0.362039 0.114049
-5.310122 -0.357735 0.190774
-5.330029 -0.362693 0.266373
-5.341149 -0.363987 0.345510
-5.327868 -0.360819 0.419738
-5.301422 -0.355921 0.495711
-5.333003 -0.360856 0.575097
-5.369746 -0.309868 -0.731609
-5.371421 -0.307910 -0.654788
-5.380103 -0.307148 -0.576587
-5.359727 -0.302814 -0.498602
-5.385813 -0.305237 -0.422317
-5.379050 -0.302999 -0.346092
-5.383358 -0.301537 -0.267826
-5.366592 -0.297524 -0.192132
-5.392319 -0.300144 -0.114069
-5.373407 -0.296092 -0.039214
-5.377126 -0.295688 0.039841
-5.379718 -0.295823 0.114536
-5.389541 -0.294082 0.192644
-5.318742 -0.284421 0.264221
-5.314142 -0.283089 0.341920
-5.387495 -0.293834 0.422815
-5.298012 -0.279367 0.493316
-5.372887 -0.290709 0.577324
-5.369746 -0.309868 -0.731609
-5.371421 -0.307910 -0.654788
-5.380103 -0.307148 -0.576587
-5.385813 -0.305237 -0.422317
-5.383358 -0.301537 -0.267826
-5.366592 -0.297524 -0.192132
-5.392319 -0.300144 -0.114069
-5.373407 -0.296092 -0.039214
-5.377126 -0.295688 0.039841
-5.379718 -0.295823 0.114536
-5.389541 -0.294082 0.192644
-5.318742 -0.284421 0.264221
-5.387495 -0.293834 0.422815
-5.298012 -0.279367 0.493316
-5.372887 -0.290709 0.577324
-5.354733 -0.232779 -0.808124
-5.482337 -0.180442 -1.067827
-6.023865 -0.251243 -1.082228
-5.482337 -0.180442 -1.067827
-6.023865 -0.251243 -1.082228
-5.593471 -0.115716 -1.087891
-6.046197 -0.168132 -1.085195
-5.593471 -0.115716 -1.087891
-6.046197 -0.168132 -1.085195
-5.629576 -0.040123 -1.093903
-6.024278 -0.079983 -1.080614
-5.629576 -0.040123 -1.093903
-6.024278 -0.079983 -1.080614
-5.621604 0.040320 -1.091757
-6.020708 0.005608 -1.079430
-5.621604 0.040320 -1.091757
-6.020708 0.005608 -1.079430
-5.651679 0.117365 -1.097001
-5.651679 0.117365 -1.097001
-2.928189 -2.512465 -1.288976
-3.092213 -2.667440 -1.290101
-3.271468 -2.834426 -1.293101
-3.466184 -3.015651 -1.291581
-3.677876 -3.212826 -1.291760
-3.752799 -3.279214 -1.236371
-3.778982 -3.298867 -1.166231
-4.076670 -3.577805 -1.171564
-4.366867 -3.848629 -1.165105
-4.735631 -4.192867 -1.164667
-5.038297 -4.475812 -1.138003
-5.523652 -4.929737 -1.133597
-6.007008 -5.380834 -1.114240
-5.514163 -4.912136 -0.913099
-5.507400 -4.901756 -0.805091
-5.490947 -4.882410 -0.693351
-5.498203 -4.887429 -0.589034
-5.519761 -4.904581 -0.482431
-5.481304 -4.866452 -0.374866
-5.477713 -4.859254 -0.266630
-5.536320 -4.911944 -0.164908
-7.138147 -6.407160 0.341099
-5.734981 -5.085531 0.383675
-5.810439 -5.159430 0.498930
-2.928189 -2.512465 -1.288976
-3.092213 -2.667440 -1.290101
-3.271468 -2.834426 -1.293101
-3.466184 -3.015651 -1.291581
-3.677876 -3.212826 -1.291760
-3.752799 -3.279214 -1.236371
-3.778982 -3.298867 -1.166231
-4.076670 -3.577805 -1.171564
-4.366867 -3.848629 -1.165105
-4.735631 -4.192867 -1.164667
-5.038297 -4.475812 -1.138003
-5.523652 -4.929737 -1.133597
-6.007008 -5.380834 -1.114240
-6.783110 -6.108015 -1.120901
-5.507400 -4.901756 -0.805091
-5.490947 -4.882410 -0.693351
-5.498203 -4.887429 -0.589034
-5.519761 -4.904581 -0.482431
-5.481304 -4.866452 -0.374866
-5.477713 -4.859254 -0.266630
-5.536320 -4.911944 -0.164908
-7.138147 -6.407160 0.341099
-5.734981 -5.085531 0.383675
-2.952855 -2.458207 -1.283511
-3.127383 -2.618640 -1.288401
-3.325853 -2.798784 -1.298107
-3.506124 -2.961560 -1.290178
-3.720524 -3.155744 -1.290508
-3.764892 -3.192029 -1.225090
-3.817039 -3.235062 -1.163486
-4.101267 -3.493865 -1.164237
-4.392233 -3.757890 -1.157635
-4.748269 -4.080891 -1.153701
-5.101240 -4.402231 -1.138327
-5.560812 -4.819898 -1.127626
-6.067869 -5.280237 -1.112208
-5.574357 -4.823840 -0.912260
-5.552763 -4.800128 -0.802379
-5.530124 -4.775629 -0.690426
-5.534468 -4.777842 -0.586410
-5.559170 -4.797379 -0.480745
-5.520159 -4.759791 -0.373779
-5.525300 -4.760741 -0.266583
-5.563951 -4.793748 -0.164740
-5.637194 -4.858032 -0.056818
-7.233784 -6.309663 0.339879
-5.753226 -4.953965 0.378777
-2.952855 -2.458207 -1.283511
-3.127383 -2.618640 -1.288401
-3.325853 -2.798784 -1.298107
-3.506124 -2.961560 -1.290178
-3.720524 -3.155744 -1.290508
-3.764892 -3.192029 -1.225090
-3.817039 -3.235062 -1.163486
-4.101267 -3.493865 -1.164237
-4.392233 -3.757890 -1.157635
-4.748269 -4.080891 -1.153701
-5.101240 -4.402231 -1.138327
-5.560812 -4.819898 -1.127626
-6.067869 -5.280237 -1.112208
-6.780802 -5.929403 -1.107510
-5.552763 -4.800128 -0.802379
-5.530124 -4.775629 -0.690426
-5.534468 -4.777842 -0.586410
-5.559170 -4.797379 -0.480745
-5.520159 -4.759791 -0.373779
-5.525300 -4.760741 -0.266583
-5.563951 -4.793748 -0.164740
-5.637194 -4.858032 -0.056818
-7.233784 -6.309663 0.339879
-5.753226 -4.953965 0.378777
-2.987903 -2.414031 -1.282863
-3.158951 -2.566867 -1.285545
-3.339871 -2.726161 -1.287795
-3.536618 -2.899242 -1.285659
-3.701739 -3.043709 -1.268646
-3.786876 -3.115611 -1.217486
-3.859870 -3.176108 -1.162469
-4.159333 -3.441356 -1.166633
-4.439341 -3.688210 -1.156194
-4.796888 -4.003569 -1.151798
-5.136614 -4.304150 -1.132849
-5.587135 -4.702142 -1.119874
-6.088630 -5.144748 -1.103252
-5.615371 -4.719026 -0.908562
-5.578541 -4.682378 -0.797133
-5.576324 -4.676710 -0.688567
-5.562792 -4.662955 -0.583152
-5.569813 -4.666223 -0.476790
-5.530231 -4.629171 -0.370921
-5.544303 -4.638018 -0.265283
-5.595352 -4.681110 -0.164711
-5.519853 -4.611674 -0.056319
-5.457782 -4.554967 0.043913
-5.766504 -4.826733 0.264132
-5.831740 -4.878555 0.378101
-2.987903 -2.414031 -1.282863
-3.158951 -2.566867 -1.285545
-3.339871 -2.726161 -1.287795
-3.536618 -2.899242 -1.285659
-3.701739 -3.043709 -1.268646
-3.786876 -3.115611 -1.217486
-3.859870 -3.176108 -1.162469
-4.159333 -3.441356 -1.166633
-4.439341 -3.688210 -1.156194
-4.796888 -4.003569 -1.151798
-5.136614 -4.304150 -1.132849
-5.587135 -4.702142 -1.119874
-6.088630 -5.144748 -1.103252
-6.816367 -5.789112 -1.100717
-5.578541 -4.682378 -0.797133
-5.576324 -4.676710 -0.688567
-5.562792 -4.662955 -0.583152
-5.569813 -4.666223 -0.476790
-5.530231 -4.629171 -0.370921
-5.544303 -4.638018 -0.265283
-5.595352 -4.681110 -0.164711
-5.519853 -4.611674 -0.056319
-5.457782 -4.554967 0.043913
-5.766504 -4.826733 0.264132
-5.831740 -4.878555 0.378101
-3.013699 -2.361863 -1.278588
-3.192566 -2.517305 -1.283831
-3.384346 -2.681648 -1.289508
-3.577690 -2.846886 -1.285277
-3.797352 -3.034962 -1.286018
-3.816262 -3.046938 -1.212639
-3.887085 -3.103815 -1.157098
-4.175382 -3.351948 -1.157654
-4.482398 -3.615425 -1.153986
-4.841305 -3.923157 -1.149183
-5.206020 -4.237063 -1.135084
-5.662070 -4.628738 -1.122076
-6.160723 -5.056518 -1.103840
-5.639542 -4.601065 -0.902469
-5.614155 -4.575321 -0.793542
-5.593730 -4.554037 -0.683427
-5.588995 -4.548271 -0.579869
-5.611117 -4.564484 -0.475558
-5.574025 -4.530602 -0.370374
-5.567018 -4.520980 -0.264232
-5.645895 -4.586877 -0.165239
-5.569432 -4.518521 -0.057179
-5.506578 -4.462703 0.042736
-5.776686 -4.693647 0.260231
-5.966798 -4.851488 0.381217
-3.013699 -2.361863 -1.278588
-3.192566 -2.517305 -1.283831
-3.384346 -2.681648 -1.289508
-3.577690 -2.846886 -1.285277
-3.797352 -3.034962 -1.286018
-3.816262 -3.046938 -1.212639
-3.887085 -3.103815 -1.157098
-4.175382 -3.351948 -1.157654
-4.482398 -3.615425 -1.153986
-4.841305 -3.923157 -1.149183
-5.206020 -4.237063 -1.135084
-5.662070 -4.628738 -1.122076
-6.160723 -5.056518 -1.103840
-6.810321 -5.615244 -1.087720
-5.614155 -4.575321 -0.793542
-5.593730 -4.554037 -0.683427
-5.588995 -4.548271 -0.579869
-5.611117 -4.564484 -0.475558
-5.574025 -4.530602 -0.370374
-5.567018 -4.520980 -0.264232
-5.645895 -4.586877 -0.165239
-5.569432 -4.518521 -0.057179
-5.506578 -4.462703 0.042736
-5.776686 -4.693647 0.260231
-5.966798 -4.851488 0.381217
-3.044425 -2.314452 -1.276720
-3.205015 -2.449957 -1.274057
-3.401872 -2.614023 -1.281360
-3.617991 -2.794001 -1.284888
-3.816607 -2.958899 -1.277867
-3.820737 -2.957968 -1.200380
-3.939850 -3.054157 -1.159540
-4.216656 -3.285601 -1.155970
-4.515297 -3.534604 -1.149496
-4.875391 -3.834718 -1.144456
-5.241373 -4.140915 -1.130220
-5.669507 -4.498086 -1.111346
-6.273983 -5.003098 -1.111871
-5.673677 -4.493644 -0.898253
-5.614394 -4.440071 -0.785308
-5.624053 -4.444671 -0.680076
-5.606984 -4.428694 -0.575947
-5.626217 -4.442019 -0.472301
-5.588612 -4.408649 -0.368048
-5.621242 -4.432539 -0.264678
-5.710221 -4.505052 -0.166169
-5.645076 -4.448065 -0.058256
-5.612113 -4.418835 0.042125
-5.771083 -4.550501 0.152736
-5.912993 -4.669094 0.262313
-6.181888 -4.888302 0.389481
-3.044425 -2.314452 -1.276720
-3.205015 -2.449957 -1.274057
-3.401872 -2.614023 -1.281360
-3.617991 -2.794001 -1.284888
-3.816607 -2.958899 -1.277867
-3.820737 -2.957968 -1.200380
-3.939850 -3.054157 -1.159540
-4.216656 -3.285601 -1.155970
-4.515297 -3.534604 -1.149496
-4.875391 -3.834718 -1.144456
-5.241373 -4.140915 -1.130220
-5.669507 -4.498086 -1.111346
-6.273983 -5.003098 -1.111871
-6.852416 -5.486234 -1.082764
-5.614394 -4.440071 -0.785308
-5.624053 -4.444671 -0.680076
-5.606984 -4.428694 -0.575947
-5.626217 -4.442019 -0.472301
-5.588612 -4.408649 -0.368048
-5.621242 -4.432539 -0.264678
-5.710221 -4.505052 -0.166169
-5.645076 -4.448065 -0.058256
-5.612113 -4.418835 0.042125
-5.771083 -4.550501 0.152736
-5.912993 -4.669094 0.262313
-6.181888 -4.888302 0.389481
-3.086157 -2.276439 -1.279679
-3.257499 -2.417045 -1.280382
-3.444845 -2.568573 -1.283061
-3.660492 -2.743062 -1.285530
-3.858401 -2.902703 -1.277561
-3.859508 -2.899244 -1.199206
-3.961848 -2.978863 -1.153277
-4.247824 -3.211345 -1.151837
-4.546819 -3.453628 -1.144991
-4.895784 -3.736154 -1.136909
-5.256753 -4.029643 -1.121466
-5.698892 -4.388265 -1.105290
-6.264270 -4.847064 -1.098589
-5.690552 -4.373651 -0.891636
-5.651995 -4.338512 -0.782511
-5.646253 -4.330367 -0.675976
-5.641264 -4.324704 -0.573850
-5.611171 -4.297362 -0.466754
-5.607082 -4.292289 -0.366088
-5.640005 -4.315731 -0.263583
-5.722938 -4.378958 -0.059353
-5.757806 -4.405777 0.041879
-5.847273 -4.477125 0.151982
-6.052825 -4.644217 0.264521
-6.374345 -4.899924 0.396121
-3.086157 -2.276439 -1.279679
-3.257499 -2.417045 -1.280382
-3.444845 -2.568573 -1.283061
-3.660492 -2.743062 -1.285530
-3.858401 -2.902703 -1.277561
-3.859508 -2.899244 -1.199206
-3.961848 -2.978863 -1.153277
-4.247824 -3.211345 -1.151837
-4.546819 -3.453628 -1.144991
-4.895784 -3.736154 -1.136909
-5.256753 -4.029643 -1.121466
-5.698892 -4.388265 -1.105290
-6.264270 -4.847064 -1.098589
-6.901465 -5.364752 -1.079212
-5.651995 -4.338512 -0.782511
-5.646253 -4.330367 -0.675976
-5.641264 -4.324704 -0.573850
-5.611171 -4.297362 -0.466754
-5.607082 -4.292289 -0.366088
-5.640005 -4.315731 -0.263583
-5.722938 -4.378958 -0.059353
-5.757806 -4.405777 0.041879
-5.847273 -4.477125 0.151982
-6.052825 -4.644217 0.264521
-6.374345 -4.899924 0.396121
-3.112580 -2.225797 -1.276590
-3.291790 -2.368773 -1.279798
-3.457244 -2.498368 -1.273794
-3.690235 -2.681857 -1.282013
-3.878207 -2.828983 -1.270366
-3.882205 -2.827900 -1.193394
-3.982519 -2.903609 -1.146999
-4.286922 -3.144255 -1.150132
-4.573897 -3.370068 -1.139714
-4.932853 -3.652569 -1.133549
-5.313267 -3.953268 -1.121729
-5.788212 -4.327870 -1.110984
-6.294865 -4.726913 -1.092737
-5.695869 -4.246710 -0.883563
-5.678518 -4.229402 -0.778431
-5.691320 -4.236190 -0.674765
-5.658124 -4.208281 -0.570188
-5.671381 -4.216094 -0.467469
-5.645312 -4.193713 -0.365480
-5.659744 -4.201808 -0.262602
-5.684844 -4.219682 -0.163944
-5.746656 -4.266384 -0.059989
-5.819531 -4.322526 0.040860
-6.725027 -5.031021 0.412604
-3.112580 -2.225797 -1.276590
-3.291790 -2.368773 -1.279798
-3.457244 -2.498368 -1.273794
-3.690235 -2.681857 -1.282013
-3.878207 -2.828983 -1.270366
-3.882205 -2.827900 -1.193394
-3.982519 -2.903609 -1.146999
-4.286922 -3.144255 -1.150132
-4.573897 -3.370068 -1.139714
-4.932853 -3.652569 -1.133549
-5.313267 -3.953268 -1.121729
-5.788212 -4.327870 -1.110984
-6.294865 -4.726913 -1.092737
-5.695869 -4.246710 -0.883563
-5.678518 -4.229402 -0.778431
-5.691320 -4.236190 -0.674765
-5.658124 -4.208281 -0.570188
-5.671381 -4.216094 -0.467469
-5.645312 -4.193713 -0.365480
-5.659744 -4.201808 -0.262602
-5.684844 -4.219682 -0.163944
-5.746656 -4.266384 -0.059989
-5.819531 -4.322526 0.040860
-6.725027 -5.031021 0.412604
-3.141195 -2.177269 -1.274702
-3.331402 -2.324793 -1.281512
-3.498664 -2.452074 -1.275480
-3.700719 -2.606147 -1.272252
-3.893657 -2.752951 -1.262173
-3.909808 -2.761328 -1.189422
-4.017277 -2.840402 -1.145063
-4.331161 -3.081561 -1.150046
-4.615048 -3.298525 -1.138214
-5.002781 -3.595278 -1.137894
-5.349954 -3.861649 -1.118105
-5.842540 -4.239243 -1.110198
-6.335879 -4.616615 -1.088996
-5.783608 -4.186109 -0.888344
-5.759772 -4.164220 -0.781922
-5.731710 -4.139223 -0.673174
-5.717049 -4.126396 -0.570834
-5.679830 -4.095038 -0.464135
-5.666065 -4.082772 -0.363868
-5.645738 -4.063847 -0.260197
-5.737597 -4.132601 -0.164648
-5.847610 -4.215038 -0.061287
-5.918101 -4.267727 0.040180
-3.141195 -2.177269 -1.274702
-3.331402 -2.324793 -1.281512
-3.498664 -2.452074 -1.275480
-3.700719 -2.606147 -1.272252
-3.893657 -2.752951 -1.262173
-3.909808 -2.761328 -1.189422
-4.017277 -2.840402 -1.145063
-4.331161 -3.081561 -1.150046
-4.615048 -3.298525 -1.138214
-5.002781 -3.595278 -1.137894
-5.349954 -3.861649 -1.118105
-5.842540 -4.239243 -1.110198
-6.335879 -4.616615 -1.088996
-6.933715 -5.074959 -1.062977
-5.759772 -4.164220 -0.781922
-5.731710 -4.139223 -0.673174
-5.717049 -4.126396 -0.570834
-5.679830 -4.095038 -0.464135
-5.666065 -4.082772 -0.363868
-5.645738 -4.063847 -0.260197
-5.737597 -4.132601 -0.164648
-5.847610 -4.215038 -0.061287
-5.918101 -4.267727 0.040180
-3.156930 -2.119193 -1.267968
-3.342992 -2.259349 -1.272849
-3.502711 -2.377241 -1.263994
-3.737513 -2.551739 -1.271830
-3.904657 -2.674758 -1.252980
-3.930109 -2.689899 -1.183584
-4.038589 -2.767433 -1.139630
-4.311975 -2.971113 -1.133656
-4.658232 -3.228910 -1.137463
-5.034323 -3.508366 -1.133809
-5.416662 -3.793573 -1.120934
-5.876553 -4.135732 -1.105860
-5.709498 -4.006108 -0.972991
-5.718316 -4.009486 -0.870196
-5.716219 -4.004554 -0.768940
-5.722697 -4.006175 -0.666088
-5.701390 -3.988735 -0.564339
-5.804241 -4.063170 -0.470135
-5.694423 -3.979312 -0.362827
-5.715423 -3.991814 -0.261552
-5.773014 -4.032953 -0.164912
-5.842511 -4.082735 -0.061667
-6.077152 -4.256553 0.040008
-6.955201 -4.910620 0.291993
-3.156930 -2.119193 -1.267968
-3.342992 -2.259349 -1.272849
-3.502711 -2.377241 -1.263994
-3.737513 -2.551739 -1.271830
-3.904657 -2.674758 -1.252980
-3.930109 -2.689899 -1.183584
-4.038589 -2.767433 -1.139630
-4.311975 -2.971113 -1.133656
-4.658232 -3.228910 -1.137463
-5.034323 -3.508366 -1.133809
-5.416662 -3.793573 -1.120934
-5.876553 -4.135732 -1.105860
-6.381386 -4.510916 -1.086306
-5.718316 -4.009486 -0.870196
-5.716219 -4.004554 -0.768940
-5.722697 -4.006175 -0.666088
-5.701390 -3.988735 -0.564339
-5.804241 -4.063170 -0.470135
-5.694423 -3.979312 -0.362827
-5.715423 -3.991814 -0.261552
-5.773014 -4.032953 -0.164912
-5.842511 -4.082735 -0.061667
-6.077152 -4.256553 0.040008
-6.955201 -4.910620 0.291993
-3.199253 -2.081559 -1.272117
-3.384218 -2.216856 -1.275702
-3.582738 -2.359927 -1.279937
-3.776621 -2.499158 -1.272441
-3.936100 -2.612940 -1.250663
-3.952319 -2.620804 -1.178660
-4.064949 -2.699101 -1.135928
-4.372681 -2.922068 -1.138435
-4.703542 -3.161108 -1.137462
-5.051708 -3.412032 -1.126898
-5.431526 -3.687167 -1.113399
-5.726717 -3.899152 -1.067865
-5.759128 -3.918889 -0.972313
-5.800065 -3.945547 -0.874472
-5.756153 -3.910229 -0.767330
-5.833472 -3.963338 -0.672868
-5.737834 -3.892277 -0.563089
-5.928856 -4.028670 -0.476147
-5.827637 -3.953443 -0.368312
-5.722748 -3.874039 -0.260221
-6.123711 -4.159595 0.038893
-3.199253 -2.081559 -1.272117
-3.384218 -2.216856 -1.275702
-3.582738 -2.359927 -1.279937
-3.776621 -2.499158 -1.272441
-3.936100 -2.612940 -1.250663
-3.952319 -2.620804 -1.178660
-4.064949 -2.699101 -1.135928
-4.372681 -2.922068 -1.138435
-4.703542 -3.161108 -1.137462
-5.051708 -3.412032 -1.126898
-5.431526 -3.687167 -1.113399
-5.726717 -3.899152 -1.067865
-5.759128 -3.918889 -0.972313
-5.800065 -3.945547 -0.874472
-5.756153 -3.910229 -0.767330
-5.833472 -3.963338 -0.672868
-5.737834 -3.892277 -0.563089
-5.928856 -4.028670 -0.476147
-5.827637 -3.953443 -0.368312
-5.722748 -3.874039 -0.260221
-6.123711 -4.159595 0.038893
-3.234946 -2.038762 -1.273841
-3.431133 -2.178170 -1.280859
-3.594170 -2.291603 -1.271725
-3.805568 -2.439293 -1.269924
-3.950809 -2.539552 -1.243411
-3.967037 -2.547152 -1.171867
-4.093372 -2.632893 -1.133086
-4.388191 -2.840165 -1.131791
-4.712665 -3.067691 -1.129090
-5.080234 -3.325079 -1.122780
-5.463797 -3.594855 -1.109729
-5.768317 -3.807256 -1.065824
-5.778328 -3.810497 -0.966804
-5.770938 -3.802139 -0.862470
-5.784831 -3.808736 -0.764435
-5.794533 -3.812474 -0.662807
-5.762929 -3.788733 -0.560890
-5.763413 -3.786585 -0.459558
-5.860045 -3.853250 -0.367646
-5.750774 -3.773029 -0.259855
-5.750625 -3.771089 -0.163050
-5.890104 -3.867341 -0.062913
-6.162209 -4.057618 0.037742
-7.031374 -4.668329 0.169262
-3.234946 -2.038762 -1.273841
-3.431133 -2.178170 -1.280859
-3.594170 -2.291603 -1.271725
-3.805568 -2.439293 -1.269924
-3.950809 -2.539552 -1.243411
-3.967037 -2.547152 -1.171867
-4.093372 -2.632893 -1.133086
-4.388191 -2.840165 -1.131791
-4.712665 -3.067691 -1.129090
-5.080234 -3.325079 -1.122780
-5.463797 -3.594855 -1.109729
-5.768317 -3.807256 -1.065824
-5.778328 -3.810497 -0.966804
-5.770938 -3.802139 -0.862470
-5.784831 -3.808736 -0.764435
-5.794533 -3.812474 -0.662807
-5.762929 -3.788733 -0.560890
-5.763413 -3.786585 -0.459558
-5.860045 -3.853250 -0.367646
-5.750774 -3.773029 -0.259855
-5.750625 -3.771089 -0.163050
-5.890104 -3.867341 -0.062913
-6.162209 -4.057618 0.037742
-7.031374 -4.668329 0.169262
-3.235665 -1.971451 -1.262236
-3.468198 -2.132089 -1.282552
-3.617030 -2.232264 -1.267894
-3.852616 -2.392382 -1.273644
-3.989727 -2.483998 -1.244031
-3.986872 -2.478089 -1.166917
-4.107901 -2.557594 -1.126742
-4.405497 -2.760685 -1.125946
-4.733034 -2.983621 -1.123741
-5.130015 -3.253699 -1.123573
-5.507558 -3.511378 -1.108637
-5.795438 -3.706043 -1.061403
-5.906680 -3.778761 -0.979497
-5.794596 -3.698618 -0.858577
-5.824920 -3.716269 -0.763217
-5.897054 -3.762692 -0.668844
-5.759949 -3.667261 -0.556178
-5.809727 -3.698952 -0.459691
-5.880910 -3.746207 -0.366364
-5.777101 -3.672050 -0.259471
-5.911114 -3.759922 -0.063504
-6.337735 -4.050256 0.037671
-3.235665 -1.971451 -1.262236
-3.468198 -2.132089 -1.282552
-3.617030 -2.232264 -1.267894
-3.852616 -2.392382 -1.273644
-3.989727 -2.483998 -1.244031
-3.986872 -2.478089 -1.166917
-4.107901 -2.557594 -1.126742
-4.405497 -2.760685 -1.125946
-4.733034 -2.983621 -1.123741
-5.130015 -3.253699 -1.123573
-5.507558 -3.511378 -1.108637
-5.795438 -3.706043 -1.061403
-5.906680 -3.778761 -0.979497
-5.794596 -3.698618 -0.858577
-5.824920 -3.716269 -0.763217
-5.897054 -3.762692 -0.668844
-5.759949 -3.667261 -0.556178
-5.809727 -3.698952 -0.459691
-5.880910 -3.746207 -0.366364
-5.777101 -3.672050 -0.259471
-5.911114 -3.759922 -0.063504
-6.337735 -4.050256 0.037671
-3.504646 -2.085452 -1.284241
-3.658065 -2.185700 -1.270649
-3.886285 -2.336050 -1.273195
-3.998924 -2.408425 -1.235767
-3.992643 -2.400346 -1.158239
-4.121132 -2.482462 -1.120382
-4.460474 -2.707502 -1.129888
-4.784607 -2.921492 -1.125988
-5.136251 -3.153167 -1.115202
-5.523805 -3.409883 -1.102341
-5.827445 -3.609268 -1.058147
-5.830836 -3.607811 -0.958938
-5.826408 -3.601847 -0.856104
-5.883417 -3.636714 -0.764530
-5.826897 -3.596056 -0.655787
-5.821109 -3.590862 -0.557680
-5.824803 -3.590923 -0.457515
-5.780169 -3.559765 -0.357866
-5.811724 -3.577766 -0.259495
-5.844818 -3.597979 -0.164390
-5.926946 -3.650518 -0.064045
-6.404242 -3.965848 0.036756
-3.504646 -2.085452 -1.284241
-3.658065 -2.185700 -1.270649
-3.886285 -2.336050 -1.273195
-3.998924 -2.408425 -1.235767
-3.992643 -2.400346 -1.158239
-4.121132 -2.482462 -1.120382
-4.460474 -2.707502 -1.129888
-4.784607 -2.921492 -1.125988
-5.136251 -3.153167 -1.115202
-5.523805 -3.409883 -1.102341
-5.827445 -3.609268 -1.058147
-5.830836 -3.607811 -0.958938
-5.826408 -3.601847 -0.856104
-5.883417 -3.636714 -0.764530
-5.826897 -3.596056 -0.655787
-5.821109 -3.590862 -0.557680
-5.824803 -3.590923 -0.457515
-5.780169 -3.559765 -0.357866
-5.811724 -3.577766 -0.259495
-5.844818 -3.597979 -0.164390
-5.926946 -3.650518 -0.064045
-6.404242 -3.965848 0.036756
-3.309887 -1.888351 -1.268077
-3.527658 -2.029865 -1.281305
-3.704941 -2.142690 -1.275599
-3.899741 -2.266619 -1.266486
-4.023024 -2.343736 -1.232422
-4.032877 -2.346360 -1.159768
-4.155971 -2.422424 -1.120127
-4.445892 -2.608540 -1.116664
-4.809026 -2.841441 -1.122136
-5.160507 -3.066018 -1.111039
-5.571418 -3.330158 -1.102519
-5.937563 -3.564006 -1.069086
-5.854552 -3.506564 -0.954977
-5.853319 -3.502809 -0.853133
-5.857318 -3.502331 -0.755213
-5.867028 -3.505653 -0.655186
-5.844404 -3.489734 -0.555736
-5.965470 -3.565488 -0.465029
-5.833197 -3.478707 -0.358729
-5.865005 -3.496280 -0.260362
-5.888296 -3.509548 -0.164997
-6.014873 -3.589098 -0.065232
-6.560442 -3.938872 0.036507
-3.309887 -1.888351 -1.268077
-3.527658 -2.029865 -1.281305
-3.704941 -2.142690 -1.275599
-3.899741 -2.266619 -1.266486
-4.023024 -2.343736 -1.232422
-4.032877 -2.346360 -1.159768
-4.155971 -2.422424 -1.120127
-4.445892 -2.608540 -1.116664
-4.809026 -2.841441 -1.122136
-5.160507 -3.066018 -1.111039
-5.571418 -3.330158 -1.102519
-5.937563 -3.564006 -1.069086
-5.854552 -3.506564 -0.954977
-5.853319 -3.502809 -0.853133
-5.857318 -3.502331 -0.755213
-5.867028 -3.505653 -0.655186
-5.844404 -3.489734 -0.555736
-5.965470 -3.565488 -0.465029
-5.833197 -3.478707 -0.358729
-5.865005 -3.496280 -0.260362
-5.888296 -3.509548 -0.164997
-6.014873 -3.589098 -0.065232
-6.560442 -3.938872 0.036507
-3.523953 -1.957660 -1.269116
-3.712369 -2.074111 -1.267344
-3.941376 -2.215936 -1.269146
-4.036278 -2.272679 -1.226105
-4.039500 -2.270981 -1.151992
-4.173437 -2.351535 -1.115491
-4.489044 -2.548175 -1.118135
-4.815536 -2.750870 -1.114458
-5.196668 -2.987253 -1.109680
-5.584470 -3.228811 -1.096188
-6.084389 -3.539566 -1.086551
-5.930301 -3.439131 -0.959598
-5.915613 -3.426989 -0.855433
-5.889295 -3.407468 -0.753518
-5.939533 -3.436025 -0.658254
-5.832215 -3.367556 -0.550643
-5.866264 -3.386563 -0.454379
-5.844441 -3.371499 -0.357171
-5.873071 -3.386522 -0.259353
-5.944014 -3.429132 -0.165946
-6.544049 -3.800358 0.035025
-3.523953 -1.957660 -1.269116
-3.712369 -2.074111 -1.267344
-3.941376 -2.215936 -1.269146
-4.036278 -2.272679 -1.226105
-4.039500 -2.270981 -1.151992
-4.173437 -2.351535 -1.115491
-4.489044 -2.548175 -1.118135
-4.815536 -2.750870 -1.114458
-5.196668 -2.987253 -1.109680
-5.584470 -3.228811 -1.096188
-6.084389 -3.539566 -1.086551
-5.930301 -3.439131 -0.959598
-5.915613 -3.426989 -0.855433
-5.889295 -3.407468 -0.753518
-5.939533 -3.436025 -0.658254
-5.832215 -3.367556 -0.550643
-5.866264 -3.386563 -0.454379
-5.844441 -3.371499 -0.357171
-5.873071 -3.386522 -0.259353
-5.944014 -3.429132 -0.165946
-6.544049 -3.800358 0.035025
-3.541748 -1.900081 -1.265003
-3.725161 -2.009834 -1.261277
-3.956036 -2.148410 -1.263458
-4.074767 -2.217988 -1.227675
-4.054763 -2.202032 -1.146992
-4.203057 -2.288837 -1.114342
-4.538058 -2.491252 -1.121236
-4.833868 -2.668917 -1.109813
-5.214831 -2.897879 -1.104782
-5.609269 -3.136025 -1.092438
-6.086389 -3.423290 -1.078528
-6.641927 -3.757595 -1.065358
-5.949783 -3.333663 -0.853876
-5.929967 -3.318647 -0.753085
-5.915891 -3.307247 -0.650993
-5.926866 -3.312648 -0.555555
-5.920274 -3.306374 -0.455476
-5.911917 -3.299914 -0.359015
-5.930514 -3.308339 -0.260481
-5.991790 -3.343757 -0.166707
-6.120549 -3.419772 -0.066979
-6.709908 -3.774908 0.034836
-3.541748 -1.900081 -1.265003
-3.725161 -2.009834 -1.261277
-3.956036 -2.148410 -1.263458
-4.074767 -2.217988 -1.227675
-4.054763 -2.202032 -1.146992
-4.203057 -2.288837 -1.114342
-4.538058 -2.491252 -1.121236
-4.833868 -2.668917 -1.109813
-5.214831 -2.897879 -1.104782
-5.609269 -3.136025 -1.092438
-6.086389 -3.423290 -1.078528
-6.641927 -3.757595 -1.065358
-5.949783 -3.333663 -0.853876
-5.929967 -3.318647 -0.753085
-5.915891 -3.307247 -0.650993
-5.926866 -3.312648 -0.555555
-5.920274 -3.306374 -0.455476
-5.911917 -3.299914 -0.359015
-5.930514 -3.308339 -0.260481
-5.991790 -3.343757 -0.166707
-6.120549 -3.419772 -0.066979
-6.709908 -3.774908 0.034836
-3.561915 -1.844407 -1.262036
-3.753402 -1.955509 -1.260703
-3.989492 -2.092818 -1.264018
-4.075869 -2.140926 -1.218370
-4.082274 -2.141102 -1.145702
-4.231742 -2.225824 -1.113184
-4.539194 -2.405575 -1.112870
-4.888031 -2.609040 -1.113546
-5.234909 -2.810644 -1.100573
-5.646165 -3.051261 -1.091275
-6.134039 -3.335850 -1.078791
-6.683939 -3.656328 -1.064138
-6.013298 -3.258243 -0.856638
-5.986450 -3.239494 -0.754771
-5.975667 -3.230329 -0.652932
-5.983295 -3.233576 -0.557014
-5.980071 -3.229434 -0.457077
-5.975083 -3.225132 -0.360651
-5.997261 -3.235334 -0.262035
-6.069389 -3.275976 -0.168263
-6.240622 -3.374467 -0.068473
-6.862505 -3.737520 0.034536
-3.561915 -1.844407 -1.262036
-3.753402 -1.955509 -1.260703
-3.989492 -2.092818 -1.264018
-4.075869 -2.140926 -1.218370
-4.082274 -2.141102 -1.145702
-4.231742 -2.225824 -1.113184
-4.539194 -2.405575 -1.112870
-4.888031 -2.609040 -1.113546
-5.234909 -2.810644 -1.100573
-5.646165 -3.051261 -1.091275
-6.134039 -3.335850 -1.078791
-6.683939 -3.656328 -1.064138
-7.228003 -3.973548 -1.027619
-5.986450 -3.239494 -0.754771
-5.975667 -3.230329 -0.652932
-5.983295 -3.233576 -0.557014
-5.980071 -3.229434 -0.457077
-5.975083 -3.225132 -0.360651
-5.997261 -3.235334 -0.262035
-6.069389 -3.275976 -0.168263
-6.240622 -3.374467 -0.068473
-6.862505 -3.737520 0.034536
-3.584536 -1.790513 -1.260217
-3.770865 -1.895073 -1.256817
-4.012134 -2.030977 -1.261439
-4.109211 -2.083668 -1.218934
-4.075154 -2.060497 -1.135090
-4.279799 -2.174171 -1.117272
-4.576192 -2.341839 -1.113497
-4.883544 -2.515040 -1.104295
-5.243323 -2.717604 -1.094228
-5.661236 -2.954380 -1.086192
-6.180436 -3.247801 -1.079042
-6.707209 -3.544855 -1.060208
-6.086217 -3.187651 -0.860841
-6.021144 -3.147651 -0.753887
-6.006755 -3.136676 -0.651905
-6.073328 -3.173349 -0.561611
-6.111739 -3.192960 -0.464079
-6.162339 -3.220354 -0.369564
-6.080502 -3.171033 -0.264308
-6.118436 -3.190936 -0.169096
-6.416270 -3.358107 -0.070494
-3.584536 -1.790513 -1.260217
-3.770865 -1.895073 -1.256817
-4.012134 -2.030977 -1.261439
-4.109211 -2.083668 -1.218934
-4.075154 -2.060497 -1.135090
-4.279799 -2.174171 -1.117272
-4.576192 -2.341839 -1.113497
-4.883544 -2.515040 -1.104295
-5.243323 -2.717604 -1.094228
-5.661236 -2.954380 -1.086192
-6.180436 -3.247801 -1.079042
-6.707209 -3.544855 -1.060208
-7.283184 -3.870166 -1.028132
-6.021144 -3.147651 -0.753887
-6.006755 -3.136676 -0.651905
-6.073328 -3.173349 -0.561611
-6.111739 -3.192960 -0.464079
-6.162339 -3.220354 -0.369564
-6.080502 -3.171033 -0.264308
-6.118436 -3.190936 -0.169096
-6.416270 -3.358107 -0.070494
-3.599669 -1.732662 -1.256075
-3.790734 -1.836463 -1.254023
-4.037202 -1.970850 -1.259895
-4.107897 -2.007081 -1.209601
-4.124373 -2.012728 -1.140301
-4.276064 -2.093228 -1.108210
-4.602026 -2.271892 -1.111657
-4.918602 -2.444584 -1.104191
-5.315605 -2.661176 -1.101300
-5.681616 -2.861553 -1.082394
-6.218648 -3.155333 -1.078092
-6.742556 -3.441167 -1.058416
-6.213955 -3.146405 -0.872760
-6.131065 -3.097773 -0.762388
-6.116632 -3.087043 -0.659376
-6.166331 -3.113211 -0.566523
-6.194579 -3.126537 -0.467481
-6.235091 -3.147470 -0.371812
-6.177120 -3.112791 -0.267162
-6.243397 -3.147583 -0.171908
-6.557592 -3.318287 -0.072209
-3.599669 -1.732662 -1.256075
-3.790734 -1.836463 -1.254023
-4.037202 -1.970850 -1.259895
-4.107897 -2.007081 -1.209601
-4.124373 -2.012728 -1.140301
-4.276064 -2.093228 -1.108210
-4.602026 -2.271892 -1.111657
-4.918602 -2.444584 -1.104191
-5.315605 -2.661176 -1.101300
-5.681616 -2.861553 -1.082394
-6.218648 -3.155333 -1.078092
-6.742556 -3.441167 -1.058416
-7.500287 -3.856241 -1.051312
-6.131065 -3.097773 -0.762388
-6.116632 -3.087043 -0.659376
-6.166331 -3.113211 -0.566523
-6.194579 -3.126537 -0.467481
-6.235091 -3.147470 -0.371812
-6.177120 -3.112791 -0.267162
-6.243397 -3.147583 -0.171908
-6.557592 -3.318287 -0.072209
-3.623988 -1.680263 -1.255397
-3.813088 -1.779553 -1.252322
-4.051185 -1.904970 -1.255207
-4.139368 -1.949391 -1.210146
-4.138799 -1.945599 -1.136187
-4.305288 -2.031349 -1.107900
-4.623354 -2.199884 -1.108986
-4.935348 -2.364414 -1.100255
-5.352625 -2.584719 -1.101296
-5.724869 -2.781828 -1.083145
-6.213629 -3.040104 -1.069989
-6.769328 -3.333504 -1.055527
-7.389108 -3.661288 -1.029116
-6.212682 -3.030512 -0.767474
-6.229796 -3.036872 -0.667224
-6.272907 -3.058641 -0.572699
-6.276748 -3.058474 -0.470881
-6.317585 -3.078862 -0.374665
-6.283876 -3.058147 -0.270455
-6.354198 -3.093902 -0.174366
-6.843870 -3.352141 -0.075301
-3.623988 -1.680263 -1.255397
-3.813088 -1.779553 -1.252322
-4.051185 -1.904970 -1.255207
-4.139368 -1.949391 -1.210146
-4.138799 -1.945599 -1.136187
-4.305288 -2.031349 -1.107900
-4.623354 -2.199884 -1.108986
-4.935348 -2.364414 -1.100255
-5.352625 -2.584719 -1.101296
-5.724869 -2.781828 -1.083145
-6.213629 -3.040104 -1.069989
-6.769328 -3.333504 -1.055527
-7.389108 -3.661288 -1.029116
-6.212682 -3.030512 -0.767474
-6.229796 -3.036872 -0.667224
-6.272907 -3.058641 -0.572699
-6.276748 -3.058474 -0.470881
-6.317585 -3.078862 -0.374665
-6.283876 -3.058147 -0.270455
-6.354198 -3.093902 -0.174366
-6.843870 -3.352141 -0.075301
-3.647550 -1.627578 -1.254711
-3.820964 -1.715305 -1.246201
-4.070965 -1.842714 -1.252599
-4.166594 -1.889476 -1.209694
-4.159061 -1.882107 -1.133926
-4.319768 -1.961920 -1.104072
-4.633148 -2.122369 -1.103842
-4.947333 -2.282504 -1.095540
-5.315134 -2.469785 -1.086412
-5.738965 -2.686998 -1.078664
-6.231213 -2.938406 -1.066029
-6.762721 -3.209458 -1.047757
-7.415133 -3.543090 -1.026203
-6.353704 -2.992603 -0.779836
-6.448961 -3.038894 -0.686209
-6.414601 -3.020000 -0.582037
-6.404360 -3.012515 -0.477645
-6.442001 -3.030539 -0.379961
-6.482738 -3.048676 -0.277559
-6.578536 -3.096251 -0.179754
-7.128765 -3.376849 -0.078409
-3.647550 -1.627578 -1.254711
-3.820964 -1.715305 -1.246201
-4.070965 -1.842714 -1.252599
-4.166594 -1.889476 -1.209694
-4.159061 -1.882107 -1.133926
-4.319768 -1.961920 -1.104072
-4.633148 -2.122369 -1.103842
-4.947333 -2.282504 -1.095540
-5.315134 -2.469785 -1.086412
-5.738965 -2.686998 -1.078664
-6.231213 -2.938406 -1.066029
-6.762721 -3.209458 -1.047757
-7.415133 -3.543090 -1.026203
-8.170709 -3.929193 -0.999903
-6.448961 -3.038894 -0.686209
-6.414601 -3.020000 -0.582037
-6.404360 -3.012515 -0.477645
-6.442001 -3.030539 -0.379961
-6.482738 -3.048676 -0.277559
-6.578536 -3.096251 -0.179754
-7.128765 -3.376849 -0.078409
-3.666933 -1.572888 -1.252859
-3.841525 -1.658177 -1.244481
-4.107037 -1.789027 -1.255208
-4.179111 -1.822262 -1.205273
-4.178361 -1.818485 -1.131655
-4.347106 -1.899542 -1.103742
-4.641685 -2.045068 -1.098683
-4.975552 -2.209568 -1.094637
-5.342391 -2.389931 -1.084960
-5.762126 -2.597669 -1.076126
-6.247177 -2.836867 -1.062050
-6.807181 -3.112842 -1.048072
-7.449966 -3.430250 -1.024721
-8.228628 -3.814625 -1.000936
-6.790601 -3.095733 -0.717859
-6.663531 -3.031306 -0.600880
-6.646280 -3.020476 -0.492716
-6.745168 -3.068247 -0.395472
-6.768463 -3.076936 -0.288213
-6.900867 -3.140956 -0.187654
-3.666933 -1.572888 -1.252859
-3.841525 -1.658177 -1.244481
-4.107037 -1.789027 -1.255208
-4.179111 -1.822262 -1.205273
-4.178361 -1.818485 -1.131655
-4.347106 -1.899542 -1.103742
-4.641685 -2.045068 -1.098683
-4.975552 -2.209568 -1.094637
-5.342391 -2.389931 -1.084960
-5.762126 -2.597669 -1.076126
-6.247177 -2.836867 -1.062050
-6.807181 -3.112842 -1.048072
-7.449966 -3.430250 -1.024721
-8.228628 -3.814625 -1.000936
-6.790601 -3.095733 -0.717859
-6.663531 -3.031306 -0.600880
-6.646280 -3.020476 -0.492716
-6.745168 -3.068247 -0.395472
-6.768463 -3.076936 -0.288213
-6.900867 -3.140956 -0.187654
-3.706142 -1.528112 -1.257953
-3.864693 -1.602549 -1.243857
-4.125048 -1.726292 -1.252582
-4.201024 -1.760207 -1.203812
-4.203697 -1.758143 -1.131241
-4.355986 -1.828329 -1.099013
-4.656022 -1.971411 -1.095153
-5.002702 -2.136345 -1.093723
-5.375548 -2.313275 -1.084913
-5.787471 -2.509987 -1.074226
-6.268653 -2.738948 -1.059247
-6.810984 -2.996753 -1.042420
-7.479521 -3.315463 -1.022737
-8.234761 -3.675144 -0.995948
-7.163746 -3.157431 -0.752546
-7.370524 -3.255407 -0.659993
-6.922021 -3.037837 -0.510163
-9.835052 -4.433111 -0.569171
-10.174526 -4.591617 -0.426290
-3.706142 -1.528112 -1.257953
-3.864693 -1.602549 -1.243857
-4.125048 -1.726292 -1.252582
-4.201024 -1.760207 -1.203812
-4.203697 -1.758143 -1.131241
-4.355986 -1.828329 -1.099013
-4.656022 -1.971411 -1.095153
-5.002702 -2.136345 -1.093723
-5.375548 -2.313275 -1.084913
-5.787471 -2.509987 -1.074226
-6.268653 -2.738948 -1.059247
-6.810984 -2.996753 -1.042420
-7.479521 -3.315463 -1.022737
-8.234761 -3.675144 -0.995948
-8.678831 -3.884911 -0.909507
-9.297333 -4.180237 -0.829794
-6.922021 -3.037837 -0.510163
-9.835052 -4.433111 -0.569171
-10.174526 -4.591617 -0.426290
-3.717111 -1.469542 -1.253768
-3.887059 -1.546652 -1.243224
-4.152595 -1.668384 -1.253085
-4.229040 -1.701242 -1.204324
-4.224642 -1.695853 -1.129885
-4.384943 -1.767209 -1.099543
-4.690495 -1.907745 -1.096540
-5.028780 -2.062849 -1.092798
-5.396902 -2.231229 -1.082729
-5.804340 -2.418830 -1.071004
-6.310139 -2.651043 -1.060007
-6.841638 -2.894577 -1.041079
-7.478514 -3.187209 -1.016856
-8.267480 -3.549674 -0.994368
-8.797525 -3.791717 -0.916888
-9.300761 -4.023141 -0.825843
-9.960003 -4.325064 -0.725930
-10.247954 -4.456273 -0.590042
-3.717111 -1.469542 -1.253768
-3.887059 -1.546652 -1.243224
-4.152595 -1.668384 -1.253085
-4.229040 -1.701242 -1.204324
-4.224642 -1.695853 -1.129885
-4.384943 -1.767209 -1.099543
-4.690495 -1.907745 -1.096540
-5.028780 -2.062849 -1.092798
-5.396902 -2.231229 -1.082729
-5.804340 -2.418830 -1.071004
-6.310139 -2.651043 -1.060007
-6.841638 -2.894577 -1.041079
-7.478514 -3.187209 -1.016856
-8.267480 -3.549674 -0.994368
-8.797525 -3.791717 -0.916888
-9.300761 -4.023141 -0.825843
-9.960003 -4.325064 -0.725930
-10.247954 -4.456273 -0.590042
-3.912122 -1.492085 -1.243689
-4.147678 -1.595765 -1.244159
-4.245636 -1.637102 -1.201853
-4.244671 -1.633376 -1.128519
-4.395254 -1.697679 -1.095670
-4.716958 -1.840342 -1.096276
-5.035880 -1.981049 -1.088029
-5.431383 -2.155540 -1.083370
-5.823398 -2.329363 -1.068422
-6.346784 -2.560950 -1.060158
-6.885242 -2.798660 -1.041891
-7.497145 -3.069412 -1.013861
-8.291044 -3.420819 -0.991909
-8.809825 -3.648950 -0.913456
-9.348968 -3.887942 -0.825992
-10.493590 -4.395144 -0.760730
-3.912122 -1.492085 -1.243689
-4.147678 -1.595765 -1.244159
-4.245636 -1.637102 -1.201853
-4.244671 -1.633376 -1.128519
-4.395254 -1.697679 -1.095670
-4.716958 -1.840342 -1.096276
-5.035880 -1.981049 -1.088029
-5.431383 -2.155540 -1.083370
-5.823398 -2.329363 -1.068422
-6.346784 -2.560950 -1.060158
-6.885242 -2.798660 -1.041891
-7.497145 -3.069412 -1.013861
-8.291044 -3.420819 -0.991909
-8.809825 -3.648950 -0.913456
-9.348968 -3.887942 -0.825992
-10.493590 -4.395144 -0.760730
-3.925851 -1.432557 -1.240831
-4.148630 -1.526754 -1.237312
-4.254163 -1.569793 -1.197388
-4.260213 -1.569175 -1.126209
-4.429542 -1.639130 -1.097940
-4.720904 -1.763289 -1.091066
-5.048888 -1.902629 -1.084780
-5.432282 -2.065324 -1.077609
-5.812112 -2.227378 -1.060585
-6.338563 -2.451609 -1.053126
-6.891104 -2.686464 -1.037265
-7.513950 -2.951773 -1.010845
-8.334548 -3.301481 -0.992009
-8.838161 -3.514497 -0.911864
-9.332929 -3.725489 -0.820713
-10.356057 -4.161572 -0.747587
-3.925851 -1.432557 -1.240831
-4.148630 -1.526754 -1.237312
-4.254163 -1.569793 -1.197388
-4.260213 -1.569175 -1.126209
-4.429542 -1.639130 -1.097940
-4.720904 -1.763289 -1.091066
-5.048888 -1.902629 -1.084780
-5.432282 -2.065324 -1.077609
-5.812112 -2.227378 -1.060585
-6.338563 -2.451609 -1.053126
-6.891104 -2.686464 -1.037265
-7.513950 -2.951773 -1.010845
-8.334548 -3.301481 -0.992009
-8.838161 -3.514497 -0.911864
-9.332929 -3.725489 -0.820713
-10.356057 -4.161572 -0.747587
-3.942230 -1.374481 -1.239069
-4.198309 -1.478990 -1.245120
-4.272367 -1.507112 -1.195888
-4.281972 -1.507914 -1.125760
-4.430642 -1.566485 -1.092285
-4.730851 -1.689553 -1.087488
-5.053445 -1.821272 -1.079981
-5.453539 -1.984626 -1.076094
-5.861077 -2.151950 -1.063866
-6.357765 -2.355180 -1.050856
-6.920814 -2.585326 -1.036418
-7.576631 -2.854061 -1.014127
-8.376339 -3.181649 -0.992092
-8.860786 -3.378501 -0.909876
-9.351046 -3.579524 -0.818585
-10.254677 -3.949520 -0.737255
-3.942230 -1.374481 -1.239069
-4.198309 -1.478990 -1.245120
-4.272367 -1.507112 -1.195888
-4.281972 -1.507914 -1.125760
-4.430642 -1.566485 -1.092285
-4.730851 -1.689553 -1.087488
-5.053445 -1.821272 -1.079981
-5.453539 -1.984626 -1.076094
-5.861077 -2.151950 -1.063866
-6.357765 -2.355180 -1.050856
-6.920814 -2.585326 -1.036418
-7.576631 -2.854061 -1.014127
-8.376339 -3.181649 -0.992092
-8.860786 -3.378501 -0.909876
-9.351046 -3.579524 -0.818585
-10.254677 -3.949520 -0.737255
-3.954190 -1.314843 -1.236192
-4.222396 -1.420084 -1.245588
-4.289653 -1.444283 -1.194379
-4.310070 -1.449304 -1.127173
-4.445071 -1.499994 -1.090138
-4.761468 -1.624671 -1.088838
-5.085881 -1.751876 -1.081311
-5.455327 -1.896494 -1.071012
-5.872417 -2.061018 -1.060583
-6.360818 -2.252892 -1.046176
-6.871725 -2.453162 -1.024146
-7.571637 -2.728819 -1.008643
-8.364671 -3.040795 -0.986122
-8.855430 -3.232332 -0.905247
-9.348385 -3.426486 -0.814837
-9.566872 -3.510265 -0.685752
-3.954190 -1.314843 -1.236192
-4.222396 -1.420084 -1.245588
-4.289653 -1.444283 -1.194379
-4.310070 -1.449304 -1.127173
-4.445071 -1.499994 -1.090138
-4.761468 -1.624671 -1.088838
-5.085881 -1.751876 -1.081311
-5.455327 -1.896494 -1.071012
-5.872417 -2.061018 -1.060583
-6.360818 -2.252892 -1.046176
-6.871725 -2.453162 -1.024146
-7.571637 -2.728819 -1.008643
-8.364671 -3.040795 -0.986122
-8.855430 -3.232332 -0.905247
-9.348385 -3.426486 -0.814837
-9.566872 -3.510265 -0.685752
-5.544540 -0.644898 0.888625
-3.961673 -1.253805 -1.232199
-4.231259 -1.355275 -1.241855
-4.331322 -1.391094 -1.199813
-4.330109 -1.387460 -1.126706
-4.462152 -1.434862 -1.088860
-4.761966 -1.548083 -1.083589
-5.106371 -1.677764 -1.080328
-5.499832 -1.825657 -1.074451
-5.878681 -1.968835 -1.056629
-6.388121 -2.160924 -1.045668
-6.953588 -2.373837 -1.031416
-7.623985 -2.626977 -1.010925
-8.413886 -2.925025 -0.987460
-8.866341 -3.094116 -0.902461
-9.335832 -3.271443 -0.810421
-9.536748 -3.345080 -0.681017
-9.746678 -3.423228 -0.551182
-5.324464 -0.571936 0.771706
-5.453379 -0.590691 0.872611
-3.961673 -1.253805 -1.232199
-4.231259 -1.355275 -1.241855
-4.331322 -1.391094 -1.199813
-4.330109 -1.387460 -1.126706
-4.462152 -1.434862 -1.088860
-4.761966 -1.548083 -1.083589
-5.106371 -1.677764 -1.080328
-5.499832 -1.825657 -1.074451
-5.878681 -1.968835 -1.056629
-6.388121 -2.160924 -1.045668
-6.953588 -2.373837 -1.031416
-7.623985 -2.626977 -1.010925
-8.413886 -2.925025 -0.987460
-8.866341 -3.094116 -0.902461
-9.335832 -3.271443 -0.810421
-9.536748 -3.345080 -0.681017
-5.359912 -0.541010 0.699009
-5.338126 -0.536037 0.772662
-5.350020 -0.536012 0.854709
-5.349523 -0.533818 0.932361
-5.338126 -0.536037 0.772662
-5.350020 -0.536012 0.854709
-5.349523 -0.533818 0.932361
-3.989589 -1.201602 -1.234830
-4.231629 -1.288608 -1.236008
-4.346625 -1.328415 -1.198282
-4.352631 -1.327501 -1.127162
-4.481657 -1.371734 -1.088448
-4.790338 -1.483515 -1.084913
-5.107037 -1.597593 -1.075483
-5.513509 -1.744108 -1.072180
-5.923892 -1.892921 -1.059871
-6.428542 -2.075254 -1.047536
-6.937368 -2.258553 -1.024527
-7.622275 -2.506502 -1.006363
-8.412405 -2.792261 -0.983157
-8.885786 -2.961930 -0.900764
-9.395106 -3.146440 -0.812356
-9.608286 -3.221423 -0.683589
-9.830558 -3.300795 -0.554067
-5.333998 -0.500000 0.694665
-5.312240 -0.495199 0.767878
-5.328112 -0.495689 0.850098
-5.319865 -0.492392 0.925988
-3.989589 -1.201602 -1.234830
-4.231629 -1.288608 -1.236008
-4.346625 -1.328415 -1.198282
-4.352631 -1.327501 -1.127162
-4.481657 -1.371734 -1.088448
-4.790338 -1.483515 -1.084913
-5.107037 -1.597593 -1.075483
-5.513509 -1.744108 -1.072180
-5.923892 -1.892921 -1.059871
-6.428542 -2.075254 -1.047536
-6.937368 -2.258553 -1.024527
-7.622275 -2.506502 -1.006363
-8.412405 -2.792261 -0.983157
-8.885786 -2.961930 -0.900764
-9.395106 -3.146440 -0.812356
-9.608286 -3.221423 -0.683589
-5.333998 -0.500000 0.694665
-5.312240 -0.495199 0.767878
-5.328112 -0.495689 0.850098
-5.319865 -0.492392 0.925988
-5.319819 -0.459172 0.691876
-5.298066 -0.454543 0.764814
-5.298336 -0.452772 0.844218
-5.282341 -0.448487 0.918237
-5.319819 -0.459172 0.691876
-5.298066 -0.454543 0.764814
-5.298336 -0.452772 0.844218
-5.282341 -0.448487 0.918237
-4.242144 -1.225380 -1.233301
-4.372250 -1.268755 -1.199729
-4.370929 -1.265176 -1.126678
-4.467437 -1.295914 -1.080099
-4.810747 -1.415066 -1.084586
-5.114188 -1.519494 -1.072168
-5.489194 -1.648561 -1.062782
-5.942431 -1.805987 -1.058514
-6.412234 -1.968161 -1.040407
-6.979564 -2.163985 -1.026334
-7.630409 -2.389237 -1.003251
-8.360587 -2.641620 -0.973219
-8.930138 -2.837489 -0.901683
-9.423166 -3.008312 -0.811727
-9.705192 -3.103993 -0.688002
-9.883340 -3.164499 -0.555291
-5.309016 -0.420953 0.689619
-5.314735 -0.420109 0.766358
-5.287557 -0.414730 0.841511
-5.287199 -0.412619 0.918059
-4.242144 -1.225380 -1.233301
-4.372250 -1.268755 -1.199729
-4.370929 -1.265176 -1.126678
-4.467437 -1.295914 -1.080099
-4.810747 -1.415066 -1.084586
-5.114188 -1.519494 -1.072168
-5.489194 -1.648561 -1.062782
-5.942431 -1.805987 -1.058514
-6.412234 -1.968161 -1.040407
-6.979564 -2.163985 -1.026334
-7.630409 -2.389237 -1.003251
-8.360587 -2.641620 -0.973219
-8.930138 -2.837489 -0.901683
-9.423166 -3.008312 -0.811727
-9.705192 -3.103993 -0.688002
-5.309016 -0.420953 0.689619
-5.314735 -0.420109 0.766358
-5.287557 -0.414730 0.841511
-5.287199 -0.412619 0.918059
-5.313797 -0.383961 0.689438
-5.307728 -0.381613 0.764454
-5.323655 -0.381802 0.846385
-5.311481 -0.378222 0.921314
-5.313797 -0.383961 0.689438
-5.307728 -0.381613 0.764454
-5.323655 -0.381802 0.846385
-5.311481 -0.378222 0.921314
-4.259032 -1.164647 -1.232684
-4.397056 -1.208691 -1.201168
-4.388338 -1.202653 -1.126185
-4.503737 -1.238284 -1.084080
-4.804219 -1.337639 -1.078474
-5.149921 -1.451579 -1.074995
-5.530456 -1.576658 -1.066188
-5.911075 -1.702638 -1.048601
-6.454194 -1.882100 -1.042856
-6.997923 -2.061183 -1.024861
-7.655586 -2.278584 -1.002558
-8.400513 -2.524532 -0.974064
-8.927417 -2.697314 -0.898078
-9.490810 -2.883946 -0.814601
-9.766605 -2.973178 -0.690036
-10.051713 -3.066559 -0.562953
-5.318320 -0.346938 0.689259
-5.351551 -0.349264 0.770017
-5.328167 -0.344721 0.846206
-5.347281 -0.344895 0.926630
-4.259032 -1.164647 -1.232684
-4.397056 -1.208691 -1.201168
-4.388338 -1.202653 -1.126185
-4.503737 -1.238284 -1.084080
-4.804219 -1.337639 -1.078474
-5.149921 -1.451579 -1.074995
-5.530456 -1.576658 -1.066188
-5.911075 -1.702638 -1.048601
-6.454194 -1.882100 -1.042856
-6.997923 -2.061183 -1.024861
-7.655586 -2.278584 -1.002558
-8.400513 -2.524532 -0.974064
-8.927417 -2.697314 -0.898078
-9.490810 -2.883946 -0.814601
-9.766605 -2.973178 -0.690036
-5.318320 -0.346938 0.689259
-5.351551 -0.349264 0.770017
-5.328167 -0.344721 0.846206
-5.347281 -0.344895 0.926630
-5.362005 -0.314256 0.694272
-5.371571 -0.313725 0.772137
-5.379532 -0.312806 0.853608
-5.359370 -0.308517 0.927827
-5.362005 -0.314256 0.694272
-5.371571 -0.313725 0.772137
-5.379532 -0.312806 0.853608
-5.359370 -0.308517 0.927827
-4.286069 -1.107305 -1.235207
-4.421039 -1.148235 -1.202600
-4.434459 -1.149498 -1.133184
-4.517015 -1.172770 -1.082762
-4.833734 -1.272709 -1.080601
-5.098794 -1.355419 -1.060109
-5.544541 -1.495567 -1.064596
-5.945643 -1.622233 -1.050501
-6.461099 -1.784464 -1.039892
-7.014778 -1.958346 -1.023371
-7.705641 -2.176195 -1.005267
-8.416069 -2.399654 -0.972295
-8.937712 -2.562657 -0.895950
-9.480825 -2.734159 -0.811046
-9.875702 -2.857021 -0.695483
-5.381820 -0.278537 0.696172
-5.532861 -0.290752 0.877424
-4.286069 -1.107305 -1.235207
-4.421039 -1.148235 -1.202600
-4.434459 -1.149498 -1.133184
-4.517015 -1.172770 -1.082762
-4.833734 -1.272709 -1.080601
-5.098794 -1.355419 -1.060109
-5.544541 -1.495567 -1.064596
-5.945643 -1.622233 -1.050501
-6.461099 -1.784464 -1.039892
-7.014778 -1.958346 -1.023371
-7.705641 -2.176195 -1.005267
-8.416069 -2.399654 -0.972295
-8.937712 -2.562657 -0.895950
-9.480825 -2.734159 -0.811046
-9.875702 -2.857021 -0.695483
-5.381820 -0.278537 0.696172
-5.532861 -0.290752 0.877424
-5.686138 -0.266589 0.901234
-5.686138 -0.266589 0.901234
-4.279144 -1.039243 -1.228271
-4.447895 -1.088539 -1.205019
-4.446494 -1.085059 -1.131737
-4.529345 -1.107182 -1.081434
-4.843661 -1.201539 -1.078591
-5.166122 -1.297750 -1.069844
-5.553680 -1.413296 -1.062279
-5.964022 -1.536647 -1.049759
-6.470325 -1.688209 -1.037512
-6.992215 -1.843971 -1.016409
-7.693548 -2.054450 -1.000145
-8.418365 -2.271429 -0.969205
-8.945995 -2.428294 -0.893800
-9.476152 -2.587582 -0.808104
-4.279144 -1.039243 -1.228271
-4.447895 -1.088539 -1.205019
-4.446494 -1.085059 -1.131737
-4.529345 -1.107182 -1.081434
-4.843661 -1.201539 -1.078591
-5.166122 -1.297750 -1.069844
-5.553680 -1.413296 -1.062279
-5.964022 -1.536647 -1.049759
-6.470325 -1.688209 -1.037512
-6.992215 -1.843971 -1.016409
-7.693548 -2.054450 -1.000145
-8.418365 -2.271429 -0.969205
-8.945995 -2.428294 -0.893800
-9.476152 -2.587582 -0.808104
-4.285974 -0.975994 -1.225524
-4.459072 -1.024016 -1.203449
-4.457599 -1.020564 -1.130281
-4.551963 -1.044806 -1.082745
-4.860062 -1.132582 -1.078222
-5.176287 -1.222092 -1.068019
-5.523805 -1.320158 -1.052811
-5.954644 -1.443235 -1.044396
-6.497123 -1.597594 -1.038121
-7.040172 -1.751554 -1.019797
-7.710083 -1.942326 -0.998912
-8.242962 -2.093034 -0.946137
-8.179224 -2.071845 -0.815532
-8.093640 -2.046139 -0.689695
-4.285974 -0.975994 -1.225524
-4.459072 -1.024016 -1.203449
-4.457599 -1.020564 -1.130281
-4.551963 -1.044806 -1.082745
-4.860062 -1.132582 -1.078222
-5.176287 -1.222092 -1.068019
-5.523805 -1.320158 -1.052811
-5.954644 -1.443235 -1.044396
-6.497123 -1.597594 -1.038121
-7.040172 -1.751554 -1.019797
-7.710083 -1.942326 -0.998912
-8.242962 -2.093034 -0.946137
-8.179224 -2.071845 -0.815532
-8.093640 -2.046139 -0.689695
-4.291877 -0.912813 -1.222767
-4.487984 -0.964628 -1.206849
-4.479014 -0.959137 -1.131631
-4.539879 -0.972719 -1.076098
-4.860393 -1.059293 -1.074537
-5.196701 -1.149584 -1.068495
-5.560736 -1.246963 -1.056175
-5.951439 -1.352531 -1.040333
-6.465445 -1.490932 -1.029696
-7.044868 -1.646704 -1.017165
-7.713502 -1.827056 -0.996192
-8.382650 -2.006964 -0.959049
-8.257325 -1.969937 -0.820806
-8.190688 -1.950699 -0.695909
-8.296126 -1.977235 -0.581195
-8.145224 -1.934939 -0.453770
-8.143504 -1.931703 -0.332406
-4.291877 -0.912813 -1.222767
-4.487984 -0.964628 -1.206849
-4.479014 -0.959137 -1.131631
-4.539879 -0.972719 -1.076098
-4.860393 -1.059293 -1.074537
-5.196701 -1.149584 -1.068495
-5.560736 -1.246963 -1.056175
-5.951439 -1.352531 -1.040333
-6.465445 -1.490932 -1.029696
-7.044868 -1.646704 -1.017165
-7.713502 -1.827056 -0.996192
-8.382650 -2.006964 -0.959049
-8.257325 -1.969937 -0.820806
-8.190688 -1.950699 -0.695909
-8.145224 -1.934939 -0.453770
-8.143504 -1.931703 -0.332406
-4.315517 -0.854623 -1.225257
-4.512357 -0.903702 -1.209245
-4.507106 -0.899336 -1.134851
-4.534226 -0.903204 -1.071204
-4.886139 -0.993185 -1.076627
-5.193311 -1.070864 -1.064334
-5.577651 -1.168096 -1.055959
-5.969782 -1.268201 -1.040207
-6.451208 -1.390486 -1.024257
-7.051850 -1.543112 -1.015062
-7.749807 -1.721064 -0.997862
-8.509971 -1.914467 -0.970660
-8.989720 -2.035224 -0.890230
-8.302081 -1.856974 -0.703407
-8.148999 -1.815424 -0.569734
-8.121171 -1.807078 -0.451556
-8.103886 -1.799915 -0.330383
-8.231678 -1.831232 -0.218487
-4.315517 -0.854623 -1.225257
-4.512357 -0.903702 -1.209245
-4.507106 -0.899336 -1.134851
-4.534226 -0.903204 -1.071204
-4.886139 -0.993185 -1.076627
-5.193311 -1.070864 -1.064334
-5.577651 -1.168096 -1.055959
-5.969782 -1.268201 -1.040207
-6.451208 -1.390486 -1.024257
-7.051850 -1.543112 -1.015062
-7.749807 -1.721064 -0.997862
-8.509971 -1.914467 -0.970660
-8.989720 -2.035224 -0.890230
-8.148999 -1.815424 -0.569734
-8.121171 -1.807078 -0.451556
-8.103886 -1.799915 -0.330383
-8.231678 -1.831232 -0.218487
-4.513343 -0.836747 -1.205655
-4.526851 -0.837124 -1.136185
-4.538887 -0.836891 -1.068949
-4.895785 -0.922880 -1.075400
-5.203989 -0.996263 -1.063245
-5.574338 -1.084373 -1.052158
-5.921783 -1.167737 -1.028860
-6.485376 -1.302983 -1.026626
-7.030370 -1.433131 -1.009113
-7.730654 -1.601317 -0.992655
-8.516550 -1.789727 -0.968792
-8.258799 -1.724310 -0.816598
-8.218712 -1.713549 -0.694774
-8.181311 -1.702372 -0.570708
-8.159314 -1.693171 -0.332158
-8.167059 -1.693582 -0.216848
-8.309438 -1.726330 -0.097235
-8.286714 -1.719821 0.019582
-4.513343 -0.836747 -1.205655
-4.526851 -0.837124 -1.136185
-4.538887 -0.836891 -1.068949
-4.895785 -0.922880 -1.075400
-5.203989 -0.996263 -1.063245
-5.574338 -1.084373 -1.052158
-5.921783 -1.167737 -1.028860
-6.485376 -1.302983 -1.026626
-7.030370 -1.433131 -1.009113
-7.730654 -1.601317 -0.992655
-8.516550 -1.789727 -0.968792
-8.258799 -1.724310 -0.816598
-8.218712 -1.713549 -0.694774
-8.181311 -1.702372 -0.570708
-8.159314 -1.693171 -0.332158
-8.167059 -1.693582 -0.216848
-8.309438 -1.726330 -0.097235
-8.286714 -1.719821 0.019582
-4.543527 -0.777026 -1.210027
-4.545737 -0.774589 -1.137511
-4.561586 -0.775079 -1.071105
-4.889171 -0.849028 -1.070852
-5.209774 -0.920744 -1.061372
-5.592791 -1.006324 -1.052632
-5.968282 -1.091019 -1.033981
-6.479815 -1.206006 -1.022960
-7.041967 -1.332072 -1.008068
-7.759988 -1.494007 -0.993801
-8.556198 -1.673201 -0.970819
-8.301466 -1.612297 -0.818810
-8.307906 -1.612752 -0.700637
-8.345857 -1.615396 -0.339138
-8.170409 -1.574090 -0.216948
-8.223515 -1.584515 -0.096756
-4.543527 -0.777026 -1.210027
-4.545737 -0.774589 -1.137511
-4.561586 -0.775079 -1.071105
-4.889171 -0.849028 -1.070852
-5.209774 -0.920744 -1.061372
-5.592791 -1.006324 -1.052632
-5.968282 -1.091019 -1.033981
-6.479815 -1.206006 -1.022960
-7.041967 -1.332072 -1.008068
-7.759988 -1.494007 -0.993801
-8.556198 -1.673201 -0.970819
-8.301466 -1.612297 -0.818810
-8.307906 -1.612752 -0.700637
-8.170409 -1.574090 -0.216948
-8.223515 -1.584515 -0.096756
-4.569137 -0.715851 -1.213397
-4.563762 -0.711744 -1.138828
-4.579632 -0.712023 -1.072368
-4.904405 -0.780564 -1.071258
-5.241324 -0.851113 -1.064893
-5.575529 -0.920562 -1.046657
-5.990648 -1.008302 -1.035135
-6.472817 -1.109493 -1.019276
-7.040492 -1.228531 -1.005364
-7.772305 -1.382919 -0.992970
-8.524261 -1.541009 -0.964993
-8.350403 -1.501145 -0.821765
-8.325688 -1.494877 -0.700676
-8.256567 -1.471238 -0.097515
-4.569137 -0.715851 -1.213397
-4.563762 -0.711744 -1.138828
-4.579632 -0.712023 -1.072368
-4.904405 -0.780564 -1.071258
-5.241324 -0.851113 -1.064893
-5.575529 -0.920562 -1.046657
-5.990648 -1.008302 -1.035135
-6.472817 -1.109493 -1.019276
-7.040492 -1.228531 -1.005364
-7.772305 -1.382919 -0.992970
-8.524261 -1.541009 -0.964993
-8.350403 -1.501145 -0.821765
-8.325688 -1.494877 -0.700676
-8.256567 -1.471238 -0.097515
-4.563556 -0.647983 -1.208779
-4.603779 -0.653239 -1.145779
-4.608278 -0.650987 -1.076277
-4.914846 -0.711120 -1.070825
-5.221926 -0.770760 -1.058363
-5.518387 -0.827784 -1.033509
-5.961584 -0.915138 -1.027694
-6.468271 -1.014244 -1.016179
-7.053047 -1.128452 -1.004834
-7.767464 -1.268726 -0.990156
-8.388727 -1.386200 -0.704579
-8.214075 -1.341832 0.017023
-4.563556 -0.647983 -1.208779
-4.603779 -0.653239 -1.145779
-4.608278 -0.650987 -1.076277
-4.914846 -0.711120 -1.070825
-5.221926 -0.770760 -1.058363
-5.518387 -0.827784 -1.033509
-5.961584 -0.915138 -1.027694
-6.468271 -1.014244 -1.016179
-7.053047 -1.128452 -1.004834
-7.767464 -1.268726 -0.990156
-8.388727 -1.386200 -0.704579
-8.214075 -1.341832 0.017023
-4.587427 -0.586223 -1.212132
-4.623945 -0.590207 -1.148022
-4.632275 -0.588622 -1.079294
-4.920459 -0.640870 -1.069554
-5.216746 -0.694055 -1.054908
-5.587427 -0.760640 -1.043964
-5.985395 -0.833146 -1.029482
-6.473997 -0.921560 -1.014875
-7.048598 -1.025429 -1.002096
-7.749247 -1.152827 -0.985849
-4.587427 -0.586223 -1.212132
-4.623945 -0.590207 -1.148022
-4.632275 -0.588622 -1.079294
-4.920459 -0.640870 -1.069554
-5.216746 -0.694055 -1.054908
-5.587427 -0.760640 -1.043964
-5.985395 -0.833146 -1.029482
-6.473997 -0.921560 -1.014875
-7.048598 -1.025429 -1.002096
-7.749247 -1.152827 -0.985849
-4.631757 -0.524794 -1.147434
-4.647741 -0.524435 -1.080533
-4.909647 -0.567990 -1.064957
-5.229785 -0.621036 -1.055305
-5.566455 -0.676438 -1.037943
-5.961421 -0.742710 -1.023328
-6.466708 -0.826966 -1.011745
-7.042654 -0.922805 -0.999340
-7.881928 -1.063775 -1.000696
-4.631757 -0.524794 -1.147434
-4.647741 -0.524435 -1.080533
-4.909647 -0.567990 -1.064957
-5.229785 -0.621036 -1.055305
-5.566455 -0.676438 -1.037943
-5.961421 -0.742710 -1.023328
-6.466708 -0.826966 -1.011745
-7.042654 -0.922805 -0.999340
-7.881928 -1.063775 -1.000696
-4.913226 -0.498044 -1.063662
-5.179781 -0.538037 -1.043318
-5.283778 -0.551979 -0.983900
-4.852719 -0.482717 -0.833357
-4.887701 -0.486353 -0.765813
-7.035225 -0.820603 -0.996566
-5.362308 -0.557054 -0.682955
-5.316300 -0.548142 -0.601262
-5.367651 -0.554492 -0.528265
-5.366423 -0.553718 -0.452452
-5.289484 -0.540506 -0.369236
-5.365024 -0.551556 -0.299102
-5.364858 -0.549880 -0.221107
-5.335725 -0.544509 -0.145696
-5.368862 -0.548652 -0.068262
-5.365269 -0.547522 0.005994
-5.360586 -0.546298 0.084583
-5.370619 -0.548034 0.159104
-5.364155 -0.544244 0.236210
-5.348142 -0.543780 0.310156
-5.350916 -0.544090 0.388650
-5.360766 -0.545218 0.464686
-5.349485 -0.543647 0.542260
-5.368843 -0.546615 0.620760
-4.913226 -0.498044 -1.063662
-5.179781 -0.538037 -1.043318
-5.283778 -0.551979 -0.983900
-4.852719 -0.482717 -0.833357
-4.887701 -0.486353 -0.765813
-7.035225 -0.820603 -0.996566
-7.852808 -0.946165 -0.995373
-5.364858 -0.549880 -0.221107
-5.348142 -0.543780 0.310156
-5.350916 -0.544090 0.388650
-5.349485 -0.543647 0.542260
-4.834478 -0.416435 -1.044943
-4.872114 -0.419757 -0.980252
-4.796211 -0.406598 -0.892530
-4.819897 -0.408690 -0.826429
-4.843084 -0.410174 -0.757704
-4.915940 -0.418634 -0.698359
-5.334137 -0.476493 -0.678415
-5.346999 -0.476604 -0.603827
-5.331440 -0.472774 -0.524090
-5.338041 -0.473140 -0.449588
-5.343878 -0.472720 -0.372558
-5.320722 -0.468796 -0.296509
-5.312582 -0.466033 -0.219006
-5.315030 -0.465533 -0.145274
-5.324450 -0.465897 -0.068049
-5.328765 -0.465945 0.005466
-5.316155 -0.463695 0.083219
-5.322274 -0.464748 0.156848
-5.323705 -0.462199 0.233466
-5.307730 -0.461956 0.306697
-5.314512 -0.462799 0.384737
-5.328380 -0.464364 0.460462
-5.321082 -0.463521 0.537812
-5.316933 -0.462937 0.612984
-4.834478 -0.416435 -1.044943
-4.872114 -0.419757 -0.980252
-4.796211 -0.406598 -0.892530
-4.819897 -0.408690 -0.826429
-4.843084 -0.410174 -0.757704
-4.915940 -0.418634 -0.698359
-5.334137 -0.476493 -0.678415
-5.346999 -0.476604 -0.603827
-5.331440 -0.472774 -0.524090
-5.338041 -0.473140 -0.449588
-5.343878 -0.472720 -0.372558
-5.320722 -0.468796 -0.296509
-5.312582 -0.466033 -0.219006
-5.315030 -0.465533 -0.145274
-5.324450 -0.465897 -0.068049
-5.328765 -0.465945 0.005466
-5.316155 -0.463695 0.083219
-5.322274 -0.464748 0.156848
-5.323705 -0.462199 0.233466
-5.307730 -0.461956 0.306697
-5.314512 -0.462799 0.384737
-5.328380 -0.464364 0.460462
-5.321082 -0.463521 0.537812
-5.316933 -0.462937 0.612984
-4.832037 -0.347268 -1.042791
-4.838550 -0.346042 -0.972078
-4.836524 -0.340430 -0.755622
-4.897670 -0.346374 -0.694854
-5.340208 -0.401411 -0.678292
-5.313625 -0.396329 -0.599387
-5.325605 -0.396247 -0.522938
-5.312419 -0.394020 -0.447032
-5.338011 -0.396043 -0.371855
-5.322719 -0.393459 -0.296451
-5.314539 -0.390823 -0.219062
-5.313013 -0.389801 -0.145340
-5.318469 -0.389547 -0.068245
-5.330724 -0.390545 0.005075
-5.322056 -0.388984 0.082782
-5.324228 -0.389464 0.156232
-5.317701 -0.385917 0.232373
-5.313626 -0.387399 0.306094
-5.328342 -0.389154 0.384664
-5.322462 -0.388053 0.458698
-5.319127 -0.387821 0.536225
-5.318934 -0.387805 0.611694
-4.832037 -0.347268 -1.042791
-4.838550 -0.346042 -0.972078
-4.836524 -0.340430 -0.755622
-4.897670 -0.346374 -0.694854
-5.340208 -0.401411 -0.678292
-5.313625 -0.396329 -0.599387
-5.325605 -0.396247 -0.522938
-5.312419 -0.394020 -0.447032
-5.338011 -0.396043 -0.371855
-5.322719 -0.393459 -0.296451
-5.314539 -0.390823 -0.219062
-5.313013 -0.389801 -0.145340
-5.318469 -0.389547 -0.068245
-5.330724 -0.390545 0.005075
-5.322056 -0.388984 0.082782
-5.324228 -0.389464 0.156232
-5.317701 -0.385917 0.232373
-5.313626 -0.387399 0.306094
-5.328342 -0.389154 0.384664
-5.322462 -0.388053 0.458698
-5.319127 -0.387821 0.536225
-5.318934 -0.387805 0.611694
-4.898031 -0.277002 -0.694083
-5.321559 -0.323619 -0.675201
-5.346226 -0.324739 -0.602369
-5.350329 -0.323605 -0.524816
-5.364869 -0.324703 -0.450966
-5.346912 -0.321464 -0.372213
-5.379220 -0.324462 -0.299364
-5.378985 -0.322833 -0.221598
-5.361579 -0.320057 -0.146703
-5.394871 -0.322845 -0.069333
-5.363419 -0.318791 0.004788
-5.378579 -0.320023 0.083262
-5.376772 -0.320040 0.157244
-5.354292 -0.314805 0.233287
-5.378000 -0.319462 0.309047
-5.380796 -0.319690 0.387540
-5.359016 -0.316908 0.460784
-5.359598 -0.317173 0.539120
-5.394900 -0.321129 0.619186
-4.898031 -0.277002 -0.694083
-5.321559 -0.323619 -0.675201
-5.346226 -0.324739 -0.602369
-5.350329 -0.323605 -0.524816
-5.364869 -0.324703 -0.450966
-5.346912 -0.321464 -0.372213
-5.379220 -0.324462 -0.299364
-5.378985 -0.322833 -0.221598
-5.361579 -0.320057 -0.146703
-5.394871 -0.322845 -0.069333
-5.363419 -0.318791 0.004788
-5.378579 -0.320023 0.083262
-5.376772 -0.320040 0.157244
-5.354292 -0.314805 0.233287
-5.378000 -0.319462 0.309047
-5.380796 -0.319690 0.387540
-5.359016 -0.316908 0.460784
-5.359598 -0.317173 0.539120
-5.394900 -0.321129 0.619186
-4.956549 -0.213637 -0.701550
-5.388685 -0.255119 -0.682942
-5.385771 -0.253153 -0.606217
-5.366135 -0.249620 -0.525925
-5.337060 -0.246220 -0.448384
-5.394487 -0.250678 -0.375244
-5.321671 -0.240515 -0.145838
-4.956549 -0.213637 -0.701550
-5.145767 -0.167494 -1.029577
-6.485127 -0.277093 -1.006540
-7.059075 -0.323752 -0.993986
-5.145767 -0.167494 -1.029577
-5.955028 -0.233696 -1.013861
-6.485127 -0.277093 -1.006540
-7.059075 -0.323752 -0.993986
-5.225826 -0.100947 -1.044613
-5.542568 -0.121560 -1.024066
-5.941897 -0.148999 -1.010910
-6.437011 -0.182444 -0.998457
-7.066768 -0.225056 -0.994415
-5.225826 -0.100947 -1.044613
-5.542568 -0.121560 -1.024066
-5.941897 -0.148999 -1.010910
-6.437011 -0.182444 -0.998457
-7.066768 -0.225056 -0.994415
-5.218831 -0.027167 -1.042595
-5.567225 -0.045201 -1.027983
-5.943320 -0.065686 -1.010595
-6.454633 -0.093132 -1.000651
-7.017707 -0.123080 -0.987120
-5.218831 -0.027167 -1.042595
-5.567225 -0.045201 -1.027983
-5.943320 -0.065686 -1.010595
-6.454633 -0.093132 -1.000651
-7.017707 -0.123080 -0.987120
-5.218641 0.045990 -1.042115
-5.563310 0.032994 -1.026860
-5.967223 0.016539 -1.014247
-6.439414 -0.002031 -0.997986
-5.218641 0.045990 -1.042115
-5.563310 0.032994 -1.026860
-5.967223 0.016539 -1.014247
-6.439414 -0.002031 -0.997986
-5.585832 0.110178 -1.030757
-5.970270 0.099960 -1.014571
-6.446628 0.087864 -0.998941
-5.585832 0.110178 -1.030757
-5.970270 0.099960 -1.014571
-6.446628 0.087864 -0.998941
-5.571871 0.188527 -1.028173
-5.960319 0.183608 -1.012892
-6.440726 0.178095 -0.998065
-5.571871 0.188527 -1.028173
-5.960319 0.183608 -1.012892
-6.440726 0.178095 -0.998065
-5.568618 0.265451 -1.027729
-5.961033 0.265875 -1.013187
-6.401934 0.267064 -0.992317
-5.568618 0.265451 -1.027729
-5.961033 0.265875 -1.013187
-6.401934 0.267064 -0.992317
-5.556424 0.343151 -1.025839
-5.964544 0.349232 -1.014137
-6.440976 0.357000 -0.998692
-5.556424 0.343151 -1.025839
-5.964544 0.349232 -1.014137
-6.440976 0.357000 -0.998692
-5.566752 0.421107 -1.028252
-5.947174 0.432180 -1.011753
-6.419462 0.446487 -0.995952
-5.566752 0.421107 -1.028252
-5.947174 0.432180 -1.011753
-6.419462 0.446487 -0.995952
-2.990676 -1.903219 -1.217011
-2.990676 -1.903219 -1.217011
-3.007299 -1.855318 -1.213114
-3.007299 -1.855318 -1.213114
-6.846737 -5.711979 0.248745
-6.750161 -5.645003 -0.998994
-6.846737 -5.711979 0.248745
-6.165742 -5.013974 -1.017760
-5.767252 -4.677394 0.308886
-5.917335 -4.794837 0.425536
-6.269634 -5.084839 0.562637
-6.165742 -5.013974 -1.017760
-6.800563 -5.527646 -0.994933
-5.767252 -4.677394 0.308886
-5.917335 -4.794837 0.425536
-6.269634 -5.084839 0.562637
-5.258705 -4.160974 -1.053214
-5.668958 -4.482856 -1.028072
-6.169776 -4.875738 -1.007089
-5.651367 -4.463975 -0.817605
-5.651474 -4.461820 -0.716037
-5.647453 -4.456565 -0.611310
-5.628651 -4.441410 -0.509417
-5.634490 -4.444583 -0.406877
-5.622911 -4.434972 -0.306785
-5.633076 -4.440914 -0.204244
-5.647701 -4.451645 -0.105809
-5.727322 -4.513430 -0.002163
-5.579316 -4.396478 0.095095
-5.759876 -4.538599 0.204573
-5.831996 -4.596415 0.308886
-6.121766 -4.820464 0.435355
-6.665951 -5.253686 0.591561
-5.258705 -4.160974 -1.053214
-5.668958 -4.482856 -1.028072
-6.169776 -4.875738 -1.007089
-6.814701 -5.382885 -0.985909
-5.651474 -4.461820 -0.716037
-5.647453 -4.456565 -0.611310
-5.628651 -4.441410 -0.509417
-5.634490 -4.444583 -0.406877
-5.622911 -4.434972 -0.306785
-5.633076 -4.440914 -0.204244
-5.647701 -4.451645 -0.105809
-5.727322 -4.513430 -0.002163
-5.579316 -4.396478 0.095095
-5.759876 -4.538599 0.204573
-5.831996 -4.596415 0.308886
-6.121766 -4.820464 0.435355
-4.596206 -3.537763 -1.081260
-4.912614 -3.778306 -1.062812
-5.259900 -4.043794 -1.042043
-5.699593 -4.379140 -1.022438
-6.221516 -4.777038 -1.004549
-5.728908 -4.396734 -0.819861
-5.691112 -4.365520 -0.713266
-5.655356 -4.336053 -0.605553
-5.655284 -4.335686 -0.506298
-5.680148 -4.353334 -0.405745
-5.662082 -4.339016 -0.305587
-5.662789 -4.337518 -0.203105
-5.716733 -4.377094 -0.002135
-5.757659 -4.408112 0.097076
-5.800458 -4.440722 0.203792
-5.952720 -4.558276 0.311879
-6.245568 -4.778202 0.439371
-6.821026 -5.223178 0.598792
-4.596206 -3.537763 -1.081260
-4.912614 -3.778306 -1.062812
-5.259900 -4.043794 -1.042043
-5.699593 -4.379140 -1.022438
-6.221516 -4.777038 -1.004549
-6.838746 -5.248495 -0.978690
-5.691112 -4.365520 -0.713266
-5.655356 -4.336053 -0.605553
-5.655284 -4.335686 -0.506298
-5.680148 -4.353334 -0.405745
-5.662082 -4.339016 -0.305587
-5.662789 -4.337518 -0.203105
-5.716733 -4.377094 -0.002135
-5.757659 -4.408112 0.097076
-5.800458 -4.440722 0.203792
-5.952720 -4.558276 0.311879
-6.245568 -4.778202 0.439371
-4.320350 -3.232738 -1.085360
-4.588466 -3.430860 -1.068065
-4.958572 -3.704627 -1.061460
-5.331677 -3.981783 -1.045146
-5.737964 -4.282554 -1.018495
-6.268525 -4.675473 -1.001500
-5.713264 -4.259305 -0.809032
-5.690866 -4.240447 -0.705745
-5.683381 -4.232863 -0.602166
-5.686468 -4.234855 -0.503747
-5.695529 -4.240215 -0.402575
-5.661204 -4.214198 -0.302334
-5.668265 -4.217455 -0.201170
-5.724870 -4.258795 -0.104985
-5.748404 -4.275365 -0.002125
-5.792969 -4.308198 0.096648
-5.903605 -4.390321 0.205242
-6.459127 -4.800115 0.449636
-4.320350 -3.232738 -1.085360
-4.588466 -3.430860 -1.068065
-4.958572 -3.704627 -1.061460
-5.331677 -3.981783 -1.045146
-5.737964 -4.282554 -1.018495
-6.268525 -4.675473 -1.001500
-6.838072 -5.097863 -0.968312
-5.690866 -4.240447 -0.705745
-5.683381 -4.232863 -0.602166
-5.686468 -4.234855 -0.503747
-5.695529 -4.240215 -0.402575
-5.661204 -4.214198 -0.302334
-5.668265 -4.217455 -0.201170
-5.724870 -4.258795 -0.104985
-5.748404 -4.275365 -0.002125
-5.792969 -4.308198 0.096648
-5.903605 -4.390321 0.205242
-6.459127 -4.800115 0.449636
-3.901020 -2.843105 -1.191462
-3.903671 -2.841908 -1.116625
-4.034751 -2.933785 -1.079122
-4.339686 -3.153658 -1.079050
-4.629558 -3.361840 -1.066599
-4.971523 -3.607250 -1.053347
-5.345168 -3.876792 -1.037078
-5.806818 -4.208994 -1.020185
-6.297849 -4.561893 -0.995911
-5.772176 -4.179120 -0.809032
-5.743069 -4.155910 -0.704954
-5.741927 -4.153098 -0.602166
-5.706245 -4.126987 -0.500345
-5.705633 -4.125182 -0.399178
-5.700060 -4.120697 -0.301307
-5.681226 -4.105118 -0.199576
-5.872011 -4.240946 0.096969
-6.404883 -4.626653 0.328669
-6.901180 -4.980579 0.475521
-3.901020 -2.843105 -1.191462
-3.903671 -2.841908 -1.116625
-4.034751 -2.933785 -1.079122
-4.339686 -3.153658 -1.079050
-4.629558 -3.361840 -1.066599
-4.971523 -3.607250 -1.053347
-5.345168 -3.876792 -1.037078
-5.806818 -4.208994 -1.020185
-6.297849 -4.561893 -0.995911
-6.889267 -4.987907 -0.965604
-5.743069 -4.155910 -0.704954
-5.741927 -4.153098 -0.602166
-5.706245 -4.126987 -0.500345
-5.705633 -4.125182 -0.399178
-5.700060 -4.120697 -0.301307
-5.681226 -4.105118 -0.199576
-5.872011 -4.240946 0.096969
-6.404883 -4.626653 0.328669
-6.901180 -4.980579 0.475521
-3.773162 -2.672734 -1.211671
-3.927656 -2.779388 -1.187628
-3.923875 -2.773630 -1.111218
-4.052963 -2.861382 -1.073202
-4.360867 -3.076934 -1.073529
-4.650334 -3.278746 -1.060735
-5.034295 -3.546567 -1.056051
-5.402006 -3.804059 -1.037699
-5.855303 -4.120671 -1.018495
-6.373910 -4.482646 -0.997943
-5.729166 -4.027267 -0.795044
-5.741910 -4.034131 -0.697829
-5.747166 -4.035875 -0.596747
-5.822086 -4.088185 -0.505448
-5.785553 -4.061178 -0.400763
-5.711243 -4.008568 -0.298910
-5.731441 -4.020802 -0.199348
-5.782610 -4.055947 -0.103926
-5.803313 -4.069558 -0.002102
-5.914278 -4.147066 0.096701
-6.348001 -4.451028 0.216285
-3.773162 -2.672734 -1.211671
-3.927656 -2.779388 -1.187628
-3.923875 -2.773630 -1.111218
-4.052963 -2.861382 -1.073202
-4.360867 -3.076934 -1.073529
-4.650334 -3.278746 -1.060735
-5.034295 -3.546567 -1.056051
-5.402006 -3.804059 -1.037699
-5.855303 -4.120671 -1.018495
-6.373910 -4.482646 -0.997943
-5.729166 -4.027267 -0.795044
-5.741910 -4.034131 -0.697829
-5.747166 -4.035875 -0.596747
-5.822086 -4.088185 -0.505448
-5.785553 -4.061178 -0.400763
-5.711243 -4.008568 -0.298910
-5.731441 -4.020802 -0.199348
-5.782610 -4.055947 -0.103926
-5.803313 -4.069558 -0.002102
-5.914278 -4.147066 0.096701
-6.348001 -4.451028 0.216285
-3.409923 -2.349711 -1.216200
-3.580710 -2.464726 -1.209040
-3.803735 -2.615407 -1.209643
-3.930868 -2.700092 -1.177084
-3.946151 -2.707550 -1.106712
-4.082844 -2.797884 -1.070665
-4.354870 -2.982509 -1.061697
-4.689169 -3.209056 -1.059268
-5.060542 -3.460355 -1.051319
-5.412182 -3.699277 -1.029630
-5.814164 -3.971506 -1.001595
-5.767385 -3.936894 -0.894287
-5.788120 -3.949122 -0.795495
-5.774655 -3.937870 -0.695058
-5.783195 -3.941770 -0.594715
-5.766500 -3.930098 -0.495810
-5.884598 -4.009234 -0.403707
-5.809591 -3.957685 -0.301136
-5.727532 -3.899881 -0.197299
-5.739493 -3.907292 -0.102160
-5.803352 -3.949874 -0.002082
-5.968297 -4.061835 0.096648
-6.518611 -4.436199 0.219966
-7.033745 -4.787843 0.353939
-3.409923 -2.349711 -1.216200
-3.580710 -2.464726 -1.209040
-3.803735 -2.615407 -1.209643
-3.930868 -2.700092 -1.177084
-3.946151 -2.707550 -1.106712
-4.082844 -2.797884 -1.070665
-4.354870 -2.982509 -1.061697
-4.689169 -3.209056 -1.059268
-5.060542 -3.460355 -1.051319
-5.412182 -3.699277 -1.029630
-5.814164 -3.971506 -1.001595
-5.767385 -3.936894 -0.894287
-5.788120 -3.949122 -0.795495
-5.774655 -3.937870 -0.695058
-5.783195 -3.941770 -0.594715
-5.766500 -3.930098 -0.495810
-5.884598 -4.009234 -0.403707
-5.809591 -3.957685 -0.301136
-5.727532 -3.899881 -0.197299
-5.739493 -3.907292 -0.102160
-5.803352 -3.949874 -0.002082
-5.968297 -4.061835 0.096648
-6.518611 -4.436199 0.219966
-7.033745 -4.787843 0.353939
-3.274105 -2.189919 -1.221423
-3.442397 -2.301872 -1.216200
-3.630798 -2.425195 -1.214399
-3.839881 -2.562043 -1.209643
-3.968184 -2.644945 -1.177084
-3.970594 -2.643550 -1.103107
-4.111744 -2.734112 -1.068128
-4.405887 -2.927926 -1.064063
-4.704036 -3.123695 -1.052671
-5.095222 -3.380643 -1.048614
-5.456718 -3.618982 -1.028389
-5.799728 -3.843996 -0.989765
-5.811866 -3.849412 -0.892763
-5.836066 -3.863534 -0.794593
-5.805838 -3.841485 -0.692288
-5.804422 -3.838655 -0.591328
-5.787530 -3.827193 -0.492975
-5.783422 -3.823174 -0.393065
-6.027643 -3.984163 -0.309525
-5.761409 -3.806308 -0.196616
-5.793487 -3.826775 -0.102160
-5.857935 -3.868461 -0.002082
-6.061141 -4.002351 0.097237
-6.906909 -4.560668 0.230898
-3.274105 -2.189919 -1.221423
-3.442397 -2.301872 -1.216200
-3.630798 -2.425195 -1.214399
-3.839881 -2.562043 -1.209643
-3.968184 -2.644945 -1.177084
-3.970594 -2.643550 -1.103107
-4.111744 -2.734112 -1.068128
-4.405887 -2.927926 -1.064063
-4.704036 -3.123695 -1.052671
-5.095222 -3.380643 -1.048614
-5.456718 -3.618982 -1.028389
-5.799728 -3.843996 -0.989765
-5.811866 -3.849412 -0.892763
-5.836066 -3.863534 -0.794593
-5.805838 -3.841485 -0.692288
-5.804422 -3.838655 -0.591328
-5.787530 -3.827193 -0.492975
-5.783422 -3.823174 -0.393065
-6.027643 -3.984163 -0.309525
-5.761409 -3.806308 -0.196616
-5.793487 -3.826775 -0.102160
-5.857935 -3.868461 -0.002082
-6.061141 -4.002351 0.097237
-6.906909 -4.560668 0.230898
-3.127530 -2.033914 -1.216358
-3.285131 -2.131515 -1.214315
-3.490300 -2.264027 -1.221836
-3.631963 -2.353308 -1.203681
-3.859036 -2.497669 -1.204573
-3.985159 -2.576631 -1.171333
-3.977652 -2.568825 -1.094996
-4.119949 -2.657365 -1.060517
-4.429857 -2.855502 -1.060120
-4.737273 -3.051324 -1.050472
-5.108774 -3.287837 -1.041853
-5.476806 -3.523201 -1.022803
-5.819522 -3.741229 -0.984132
-5.828327 -3.744301 -0.887174
-5.835930 -3.747314 -0.787374
-5.828758 -3.740700 -0.688725
-5.844034 -3.748631 -0.589974
-5.884062 -3.774018 -0.496660
-5.819429 -3.731275 -0.391933
-5.975025 -3.830596 -0.304046
-5.776959 -3.701766 -0.195364
-5.795837 -3.713149 -0.101278
-5.874325 -3.762563 -0.002069
-6.183793 -3.960477 0.098308
-3.127530 -2.033914 -1.216358
-3.285131 -2.131515 -1.214315
-3.490300 -2.264027 -1.221836
-3.631963 -2.353308 -1.203681
-3.859036 -2.497669 -1.204573
-3.985159 -2.576631 -1.171333
-3.977652 -2.568825 -1.094996
-4.119949 -2.657365 -1.060517
-4.429857 -2.855502 -1.060120
-4.737273 -3.051324 -1.050472
-5.108774 -3.287837 -1.041853
-5.476806 -3.523201 -1.022803
-5.819522 -3.741229 -0.984132
-5.828327 -3.744301 -0.887174
-5.835930 -3.747314 -0.787374
-5.828758 -3.740700 -0.688725
-5.844034 -3.748631 -0.589974
-5.884062 -3.774018 -0.496660
-5.819429 -3.731275 -0.391933
-5.975025 -3.830596 -0.304046
-5.776959 -3.701766 -0.195364
-5.795837 -3.713149 -0.101278
-5.874325 -3.762563 -0.002069
-6.183793 -3.960477 0.098308
-3.149189 -1.985991 -1.213878
-3.321039 -2.089508 -1.216684
-3.537815 -2.225291 -1.227472
-3.657940 -2.298269 -1.201537
-3.903365 -2.449715 -1.207615
-4.001005 -2.508362 -1.165582
-3.986707 -2.496492 -1.087786
-4.156650 -2.599582 -1.060517
-4.442691 -2.776746 -1.053809
-4.789421 -2.991132 -1.052671
-5.147492 -3.212013 -1.040501
-5.515405 -3.440116 -1.020941
-5.857748 -3.651232 -0.981879
-5.869934 -3.656267 -0.885649
-5.840446 -3.636059 -0.781057
-5.866900 -3.650542 -0.687142
-5.851804 -3.639307 -0.585571
-5.827758 -3.624071 -0.487589
-5.840434 -3.630683 -0.389895
-5.997378 -3.727811 -0.302505
-5.804307 -3.605976 -0.194567
-6.221498 -3.863202 0.098040
-3.149189 -1.985991 -1.213878
-3.321039 -2.089508 -1.216684
-3.537815 -2.225291 -1.227472
-3.657940 -2.298269 -1.201537
-3.903365 -2.449715 -1.207615
-4.001005 -2.508362 -1.165582
-3.986707 -2.496492 -1.087786
-4.156650 -2.599582 -1.060517
-4.442691 -2.776746 -1.053809
-4.789421 -2.991132 -1.052671
-5.147492 -3.212013 -1.040501
-5.515405 -3.440116 -1.020941
-5.857748 -3.651232 -0.981879
-6.620935 -4.124051 -0.998960
-5.840446 -3.636059 -0.781057
-5.866900 -3.650542 -0.687142
-5.851804 -3.639307 -0.585571
-5.827758 -3.624071 -0.487589
-5.840434 -3.630683 -0.389895
-5.997378 -3.727811 -0.302505
-5.804307 -3.605976 -0.194567
-6.221498 -3.863202 0.098040
-3.189591 -1.949762 -1.218838
-3.336842 -2.034978 -1.211945
-3.552155 -2.165689 -1.221836
-3.706130 -2.256994 -1.206896
-3.953717 -2.405031 -1.212685
-4.022362 -2.444188 -1.161747
-4.011181 -2.434520 -1.085082
-4.185854 -2.537240 -1.058825
-4.487736 -2.718509 -1.055387
-4.800440 -2.905644 -1.046073
-5.144608 -3.111267 -1.031036
-5.545990 -3.352552 -1.017838
-5.901377 -3.564994 -0.980752
-5.862668 -3.539095 -0.877011
-5.863419 -3.537733 -0.777447
-5.910480 -3.564161 -0.686350
-5.861084 -3.532559 -0.581507
-5.853869 -3.527933 -0.485604
-5.890557 -3.548784 -0.389895
-5.846871 -3.522048 -0.292405
-5.854088 -3.524584 -0.194567
-5.873268 -3.535433 -0.100866
-5.956528 -3.584700 -0.002062
-6.350224 -3.821329 0.099218
-3.189591 -1.949762 -1.218838
-3.336842 -2.034978 -1.211945
-3.552155 -2.165689 -1.221836
-3.706130 -2.256994 -1.206896
-3.953717 -2.405031 -1.212685
-4.022362 -2.444188 -1.161747
-4.011181 -2.434520 -1.085082
-4.185854 -2.537240 -1.058825
-4.487736 -2.718509 -1.055387
-4.800440 -2.905644 -1.046073
-5.144608 -3.111267 -1.031036
-5.545990 -3.352552 -1.017838
-5.901377 -3.564994 -0.980752
-5.862668 -3.539095 -0.877011
-5.863419 -3.537733 -0.777447
-5.910480 -3.564161 -0.686350
-5.861084 -3.532559 -0.581507
-5.853869 -3.527933 -0.485604
-5.890557 -3.548784 -0.389895
-5.846871 -3.522048 -0.292405
-5.854088 -3.524584 -0.194567
-5.873268 -3.535433 -0.100866
-5.956528 -3.584700 -0.002062
-6.350224 -3.821329 0.099218
-3.196870 -1.893411 -1.211398
-3.351773 -1.980417 -1.207207
-3.555611 -2.100267 -1.212819
-3.730643 -2.201112 -1.204753
-3.973577 -2.341736 -1.208629
-4.022630 -2.368088 -1.152162
-4.034703 -2.372351 -1.082379
-4.193901 -2.462711 -1.052060
-4.498198 -2.639708 -1.049077
-4.820189 -2.826403 -1.041675
-5.177341 -3.033155 -1.029008
-5.568389 -3.260813 -1.013494
-6.070203 -3.552255 -1.000468
-5.897810 -3.448884 -0.874979
-5.895086 -3.445495 -0.775191
-5.890929 -3.441137 -0.678434
-5.889183 -3.438323 -0.579475
-5.964580 -3.482065 -0.490707
-6.091296 -3.554760 -0.399858
-5.878219 -3.429999 -0.291549
-5.857828 -3.416318 -0.193087
-5.870231 -3.422865 -0.099983
-5.978353 -3.485068 -0.002052
-6.440969 -3.754450 0.099807
-3.196870 -1.893411 -1.211398
-3.351773 -1.980417 -1.207207
-3.555611 -2.100267 -1.212819
-3.730643 -2.201112 -1.204753
-3.973577 -2.341736 -1.208629
-4.022630 -2.368088 -1.152162
-4.034703 -2.372351 -1.082379
-4.193901 -2.462711 -1.052060
-4.498198 -2.639708 -1.049077
-4.820189 -2.826403 -1.041675
-5.177341 -3.033155 -1.029008
-5.568389 -3.260813 -1.013494
-6.070203 -3.552255 -1.000468
-5.897810 -3.448884 -0.874979
-5.895086 -3.445495 -0.775191
-5.890929 -3.441137 -0.678434
-5.889183 -3.438323 -0.579475
-5.964580 -3.482065 -0.490707
-6.091296 -3.554760 -0.399858
-5.878219 -3.429999 -0.291549
-5.857828 -3.416318 -0.193087
-5.870231 -3.422865 -0.099983
-5.978353 -3.485068 -0.002052
-6.440969 -3.754450 0.099807
-3.219695 -1.846699 -1.210158
-3.382413 -1.935323 -1.208391
-3.607908 -2.063757 -1.220709
-3.777742 -2.158368 -1.210112
-4.002525 -2.284110 -1.207615
-4.051928 -2.309769 -1.151204
-4.057272 -2.310002 -1.079675
-4.193891 -2.384591 -1.043602
-4.527797 -2.572771 -1.047499
-4.818147 -2.735529 -1.032878
-5.219185 -2.960572 -1.029008
-5.623687 -3.188596 -1.015356
-6.029626 -3.416398 -0.985822
-6.580669 -3.725888 -0.968473
-6.101733 -3.452892 -0.795947
-5.997299 -3.391862 -0.685163
-5.926207 -3.349879 -0.578459
-5.918831 -3.345438 -0.483053
-5.917808 -3.343636 -0.385367
-5.894221 -3.329901 -0.290008
-5.929328 -3.347958 -0.193884
-5.941830 -3.354334 -0.100395
-6.043847 -3.411088 -0.002058
-6.503211 -3.670051 0.099968
-3.219695 -1.846699 -1.210158
-3.382413 -1.935323 -1.208391
-3.607908 -2.063757 -1.220709
-3.777742 -2.158368 -1.210112
-4.002525 -2.284110 -1.207615
-4.051928 -2.309769 -1.151204
-4.057272 -2.310002 -1.079675
-4.193891 -2.384591 -1.043602
-4.527797 -2.572771 -1.047499
-4.818147 -2.735529 -1.032878
-5.219185 -2.960572 -1.029008
-5.623687 -3.188596 -1.015356
-6.029626 -3.416398 -0.985822
-6.580669 -3.725888 -0.968473
-7.177492 -4.061650 -0.936275
-5.997299 -3.391862 -0.685163
-5.926207 -3.349879 -0.578459
-5.918831 -3.345438 -0.483053
-5.917808 -3.343636 -0.385367
-5.894221 -3.329901 -0.290008
-5.929328 -3.347958 -0.193884
-5.941830 -3.354334 -0.100395
-6.043847 -3.411088 -0.002058
-6.503211 -3.670051 0.099968
-3.231866 -1.794181 -1.205199
-3.389051 -1.876803 -1.201283
-3.629656 -2.009464 -1.218455
-3.797392 -2.099818 -1.206896
-3.993380 -2.205555 -1.195447
-4.073581 -2.247343 -1.148328
-4.078889 -2.247486 -1.076971
-4.216500 -2.320149 -1.041065
-4.559840 -2.507413 -1.046710
-4.848979 -2.664203 -1.031412
-5.235821 -2.874133 -1.024275
-5.643408 -3.096460 -1.011011
-6.094100 -3.341398 -0.988639
-6.611172 -3.622206 -0.965424
-6.006421 -3.289095 -0.777447
-5.953290 -3.258112 -0.674872
-5.968904 -3.264897 -0.578120
-5.954462 -3.256729 -0.482203
-5.949900 -3.253021 -0.384461
-5.957672 -3.256865 -0.290864
-5.964969 -3.259094 -0.193542
-6.019675 -3.288302 -0.100925
-6.669661 -3.642153 0.101735
-3.231866 -1.794181 -1.205199
-3.389051 -1.876803 -1.201283
-3.629656 -2.009464 -1.218455
-3.797392 -2.099818 -1.206896
-3.993380 -2.205555 -1.195447
-4.073581 -2.247343 -1.148328
-4.078889 -2.247486 -1.076971
-4.216500 -2.320149 -1.041065
-4.559840 -2.507413 -1.046710
-4.848979 -2.664203 -1.031412
-5.235821 -2.874133 -1.024275
-5.643408 -3.096460 -1.011011
-6.094100 -3.341398 -0.988639
-6.611172 -3.622206 -0.965424
-7.177725 -3.930498 -0.929056
-5.953290 -3.258112 -0.674872
-5.968904 -3.264897 -0.578120
-5.954462 -3.256729 -0.482203
-5.949900 -3.253021 -0.384461
-5.957672 -3.256865 -0.290864
-5.964969 -3.259094 -0.193542
-6.019675 -3.288302 -0.100925
-6.669661 -3.642153 0.101735
-3.249901 -1.745284 -1.202719
-3.418293 -1.831106 -1.202468
-3.603225 -1.929601 -1.200420
-3.795756 -2.030235 -1.197250
-4.037437 -2.156877 -1.199503
-4.090857 -2.182934 -1.144494
-4.092676 -2.181153 -1.072465
-4.258837 -2.266561 -1.043602
-4.570169 -2.430614 -1.041189
-4.878759 -2.592551 -1.029946
-5.237137 -2.780413 -1.016838
-5.633733 -2.989580 -1.001702
-6.143658 -3.257840 -0.989202
-6.647078 -3.522116 -0.963391
-6.065808 -3.212353 -0.779252
-5.994682 -3.172812 -0.674476
-6.038568 -3.194285 -0.580491
-6.009934 -3.178871 -0.483053
-6.030044 -3.188298 -0.386725
-6.016696 -3.180836 -0.291549
-6.052314 -3.197908 -0.194908
-6.118046 -3.231957 -0.101807
-6.235770 -3.293308 -0.002091
-6.670349 -3.522527 0.100985
-3.249901 -1.745284 -1.202719
-3.418293 -1.831106 -1.202468
-3.603225 -1.929601 -1.200420
-3.795756 -2.030235 -1.197250
-4.037437 -2.156877 -1.199503
-4.090857 -2.182934 -1.144494
-4.092676 -2.181153 -1.072465
-4.258837 -2.266561 -1.043602
-4.570169 -2.430614 -1.041189
-4.878759 -2.592551 -1.029946
-5.237137 -2.780413 -1.016838
-5.633733 -2.989580 -1.001702
-6.143658 -3.257840 -0.989202
-6.647078 -3.522116 -0.963391
-7.295126 -3.863379 -0.937178
-5.994682 -3.172812 -0.674476
-6.038568 -3.194285 -0.580491
-6.009934 -3.178871 -0.483053
-6.030044 -3.188298 -0.386725
-6.016696 -3.180836 -0.291549
-6.052314 -3.197908 -0.194908
-6.118046 -3.231957 -0.101807
-6.235770 -3.293308 -0.002091
-6.670349 -3.522527 0.100985
-3.280702 -1.703243 -1.205199
-3.433348 -1.777930 -1.198914
-3.646857 -1.887926 -1.206056
-3.816886 -1.973500 -1.195106
-4.049968 -2.091418 -1.194433
-4.110582 -2.120264 -1.141618
-4.126195 -2.125582 -1.073366
-4.286592 -2.205089 -1.042757
-4.600173 -2.364774 -1.040400
-4.907486 -2.520587 -1.028480
-5.278954 -2.708821 -1.017514
-5.671409 -2.908826 -1.001081
-6.149780 -3.151875 -0.983005
-6.677948 -3.419922 -0.960851
-7.284673 -3.728551 -0.929056
-6.091551 -3.115994 -0.680413
-6.086128 -3.111477 -0.580829
-6.124785 -3.130971 -0.488723
-6.137983 -3.136504 -0.390801
-6.199312 -3.167432 -0.298226
-6.149788 -3.140369 -0.196616
-6.208883 -3.169862 -0.102572
-6.363087 -3.247747 -0.002119
-6.993193 -3.569049 0.105108
-3.280702 -1.703243 -1.205199
-3.433348 -1.777930 -1.198914
-3.646857 -1.887926 -1.206056
-3.816886 -1.973500 -1.195106
-4.049968 -2.091418 -1.194433
-4.110582 -2.120264 -1.141618
-4.126195 -2.125582 -1.073366
-4.286592 -2.205089 -1.042757
-4.600173 -2.364774 -1.040400
-4.907486 -2.520587 -1.028480
-5.278954 -2.708821 -1.017514
-5.671409 -2.908826 -1.001081
-6.149780 -3.151875 -0.983005
-6.677948 -3.419922 -0.960851
-7.284673 -3.728551 -0.929056
-6.091551 -3.115994 -0.680413
-6.086128 -3.111477 -0.580829
-6.124785 -3.130971 -0.488723
-6.137983 -3.136504 -0.390801
-6.199312 -3.167432 -0.298226
-6.149788 -3.140369 -0.196616
-6.208883 -3.169862 -0.102572
-6.363087 -3.247747 -0.002119
-3.276969 -1.643631 -1.195279
-3.444170 -1.722982 -1.194175
-3.648833 -1.824807 -1.198166
-3.823383 -1.909684 -1.188675
-4.078774 -2.034668 -1.194433
-4.132833 -2.059201 -1.139701
-4.127558 -2.053875 -1.066156
-4.313460 -2.143285 -1.041911
-4.608155 -2.288107 -1.034879
-4.921065 -2.441337 -1.024082
-5.305664 -2.629599 -1.015486
-5.700847 -2.824095 -0.999219
-6.175442 -3.056920 -0.980189
-6.700153 -3.314037 -0.957294
-7.307518 -3.612388 -0.925446
-6.198699 -3.062373 -0.687538
-6.179010 -3.050901 -0.585571
-6.228724 -3.075178 -0.493542
-6.252801 -3.085846 -0.395329
-6.318191 -3.117704 -0.301821
-6.243239 -3.078957 -0.198210
-6.295583 -3.104089 -0.103279
-6.562088 -3.234634 -0.002170
-7.243245 -3.570082 0.108106
-3.276969 -1.643631 -1.195279
-3.444170 -1.722982 -1.194175
-3.648833 -1.824807 -1.198166
-3.823383 -1.909684 -1.188675
-4.078774 -2.034668 -1.194433
-4.132833 -2.059201 -1.139701
-4.127558 -2.053875 -1.066156
-4.313460 -2.143285 -1.041911
-4.608155 -2.288107 -1.034879
-4.921065 -2.441337 -1.024082
-5.305664 -2.629599 -1.015486
-5.700847 -2.824095 -0.999219
-6.175442 -3.056920 -0.980189
-6.700153 -3.314037 -0.957294
-7.307518 -3.612388 -0.925446
-6.198699 -3.062373 -0.687538
-6.179010 -3.050901 -0.585571
-6.228724 -3.075178 -0.493542
-6.252801 -3.085846 -0.395329
-6.318191 -3.117704 -0.301821
-6.243239 -3.078957 -0.198210
-6.295583 -3.104089 -0.103279
-6.562088 -3.234634 -0.002170
-3.299598 -1.597717 -1.195279
-3.478211 -1.679710 -1.197729
-3.656675 -1.765341 -1.192530
-3.863559 -1.862810 -1.192962
-4.092840 -1.970806 -1.190378
-4.168181 -2.004663 -1.141618
-4.166371 -2.001107 -1.068860
-4.314764 -2.069325 -1.035145
-4.639654 -2.223545 -1.034879
-4.951125 -2.370692 -1.023349
-5.348974 -2.558666 -1.016838
-5.714766 -2.732292 -0.994875
-6.163921 -2.944792 -0.971739
-6.727868 -3.211619 -0.954753
-7.332134 -3.498028 -0.922287
-6.312710 -3.009788 -0.695454
-6.314554 -3.008908 -0.594377
-6.353898 -3.027385 -0.500062
-6.370994 -3.034304 -0.400084
-6.397186 -3.046367 -0.303533
-6.411982 -3.051627 -0.202195
-6.439434 -3.064003 -0.104926
-6.895582 -3.280159 -0.002265
-3.299598 -1.597717 -1.195279
-3.478211 -1.679710 -1.197729
-3.656675 -1.765341 -1.192530
-3.863559 -1.862810 -1.192962
-4.092840 -1.970806 -1.190378
-4.168181 -2.004663 -1.141618
-4.166371 -2.001107 -1.068860
-4.314764 -2.069325 -1.035145
-4.639654 -2.223545 -1.034879
-4.951125 -2.370692 -1.023349
-5.348974 -2.558666 -1.016838
-5.714766 -2.732292 -0.994875
-6.163921 -2.944792 -0.971739
-6.727868 -3.211619 -0.954753
-7.332134 -3.498028 -0.922287
-8.073227 -3.849171 -0.889406
-6.314554 -3.008908 -0.594377
-6.353898 -3.027385 -0.500062
-6.370994 -3.034304 -0.400084
-6.397186 -3.046367 -0.303533
-6.411982 -3.051627 -0.202195
-6.439434 -3.064003 -0.104926
-6.895582 -3.280159 -0.002265
-3.480545 -1.621304 -1.190621
-3.660091 -1.704393 -1.185767
-3.861236 -1.795684 -1.184387
-4.105921 -1.906950 -1.186322
-4.174627 -1.936466 -1.135867
-4.169151 -1.931274 -1.062551
-4.329042 -2.002315 -1.031763
-4.634650 -2.142096 -1.026991
-4.969462 -2.294738 -1.020416
-5.319739 -2.454008 -1.004668
-5.741592 -2.647271 -0.993013
-6.215227 -2.863414 -0.973429
-6.721597 -3.094143 -0.947640
-7.383869 -3.396975 -0.922739
-6.542174 -3.007816 -0.716037
-6.681896 -3.070216 -0.624857
-6.638463 -3.049980 -0.519055
-6.539759 -3.003390 -0.408009
-6.646106 -3.051807 -0.313291
-6.639298 -3.046856 -0.208001
-6.706969 -3.077203 -0.108575
-7.180670 -3.293627 -0.002343
-3.480545 -1.621304 -1.190621
-3.660091 -1.704393 -1.185767
-3.861236 -1.795684 -1.184387
-4.105921 -1.906950 -1.186322
-4.174627 -1.936466 -1.135867
-4.169151 -1.931274 -1.062551
-4.329042 -2.002315 -1.031763
-4.634650 -2.142096 -1.026991
-4.969462 -2.294738 -1.020416
-5.319739 -2.454008 -1.004668
-5.741592 -2.647271 -0.993013
-6.215227 -2.863414 -0.973429
-6.721597 -3.094143 -0.947640
-7.383869 -3.396975 -0.922739
-8.158731 -3.751040 -0.892968
-6.681896 -3.070216 -0.624857
-6.638463 -3.049980 -0.519055
-6.539759 -3.003390 -0.408009
-6.646106 -3.051807 -0.313291
-6.639298 -3.046856 -0.208001
-6.706969 -3.077203 -0.108575
-3.502843 -1.572550 -1.190621
-3.694036 -1.657838 -1.189149
-3.868348 -1.733717 -1.179028
-4.125082 -1.846275 -1.184294
-4.194167 -1.874820 -1.133950
-4.185033 -1.868109 -1.059848
-4.342293 -1.935311 -1.028380
-4.660525 -2.075582 -1.026202
-4.983054 -2.217137 -1.016751
-5.357087 -2.381095 -1.005345
-5.749105 -2.554014 -0.988048
-6.229264 -2.765110 -0.969486
-6.742382 -2.990342 -0.944591
-7.379709 -3.271002 -0.916422
-8.159357 -3.614192 -0.887426
-7.012027 -3.104078 -0.651613
-7.296996 -3.229924 -0.566964
-6.683313 -2.957032 -0.414348
-7.060846 -3.123628 -0.330753
-7.035913 -3.110688 -0.219044
-7.038274 -3.110998 -0.113224
-3.502843 -1.572550 -1.190621
-3.694036 -1.657838 -1.189149
-3.868348 -1.733717 -1.179028
-4.125082 -1.846275 -1.184294
-4.194167 -1.874820 -1.133950
-4.185033 -1.868109 -1.059848
-4.342293 -1.935311 -1.028380
-4.660525 -2.075582 -1.026202
-4.983054 -2.217137 -1.016751
-5.357087 -2.381095 -1.005345
-5.749105 -2.554014 -0.988048
-6.229264 -2.765110 -0.969486
-6.742382 -2.990342 -0.944591
-7.379709 -3.271002 -0.916422
-8.159357 -3.614192 -0.887426
-7.012027 -3.104078 -0.651613
-9.208810 -4.076164 -0.715508
-6.683313 -2.957032 -0.414348
-10.057685 -4.449391 -0.471135
-3.520951 -1.521973 -1.189436
-3.706254 -1.601533 -1.185767
-3.881562 -1.674957 -1.175813
-4.157565 -1.791562 -1.186322
-4.216367 -1.814543 -1.132991
-4.217870 -1.812572 -1.061650
-4.350926 -1.866787 -1.024151
-4.689050 -2.010308 -1.026202
-5.013524 -2.147347 -1.016751
-5.375311 -2.299863 -1.002640
-5.747870 -2.457958 -0.981842
-6.259980 -2.674755 -0.968359
-6.772529 -2.891239 -0.943067
-7.417348 -3.164526 -0.915519
-8.176070 -3.485868 -0.883864
-8.701021 -3.707346 -0.803678
-9.213433 -3.925297 -0.711539
-10.174105 -4.332698 -0.626957
-3.520951 -1.521973 -1.189436
-3.706254 -1.601533 -1.185767
-3.881562 -1.674957 -1.175813
-4.157565 -1.791562 -1.186322
-4.216367 -1.814543 -1.132991
-4.217870 -1.812572 -1.061650
-4.350926 -1.866787 -1.024151
-4.689050 -2.010308 -1.026202
-5.013524 -2.147347 -1.016751
-5.375311 -2.299863 -1.002640
-5.747870 -2.457958 -0.981842
-6.259980 -2.674755 -0.968359
-6.772529 -2.891239 -0.943067
-7.417348 -3.164526 -0.915519
-8.176070 -3.485868 -0.883864
-8.701021 -3.707346 -0.803678
-9.213433 -3.925297 -0.711539
-10.174105 -4.332698 -0.626957
-3.534803 -1.469731 -1.187067
-3.745973 -1.556994 -1.191403
-3.908130 -1.622076 -1.176885
-4.164301 -1.725931 -1.181252
-4.230526 -1.751041 -1.130116
-4.239165 -1.752017 -1.060749
-4.387409 -1.810330 -1.026688
-4.694909 -1.935675 -1.021469
-5.003022 -2.060664 -1.008687
-5.392314 -2.218587 -0.999936
-5.785284 -2.378968 -0.982462
-6.289390 -2.584081 -0.967232
-6.790214 -2.787358 -0.940018
-7.413007 -3.041045 -0.909653
-8.187115 -3.356274 -0.879906
-8.744558 -3.582478 -0.803001
-9.289494 -3.805350 -0.713240
-9.945338 -4.072189 -0.609296
-3.534803 -1.469731 -1.187067
-3.745973 -1.556994 -1.191403
-3.908130 -1.622076 -1.176885
-4.164301 -1.725931 -1.181252
-4.230526 -1.751041 -1.130116
-4.239165 -1.752017 -1.060749
-4.387409 -1.810330 -1.026688
-4.694909 -1.935675 -1.021469
-5.003022 -2.060664 -1.008687
-5.392314 -2.218587 -0.999936
-5.785284 -2.378968 -0.982462
-6.289390 -2.584081 -0.967232
-6.790214 -2.787358 -0.940018
-7.413007 -3.041045 -0.909653
-8.187115 -3.356274 -0.879906
-8.744558 -3.582478 -0.803001
-9.289494 -3.805350 -0.713240
-9.945338 -4.072189 -0.609296
-3.554979 -1.420234 -1.187067
-3.745961 -1.496000 -1.184640
-3.916078 -1.561642 -1.172597
-4.184398 -1.666189 -1.180238
-4.258171 -1.693238 -1.131074
-4.248724 -1.686905 -1.057144
-4.415892 -1.750336 -1.027534
-4.725123 -1.871379 -1.022258
-5.009367 -1.981931 -1.004289
-5.415432 -2.140185 -0.998584
-5.825285 -2.300864 -0.983704
-6.299069 -2.485840 -0.963289
-6.821087 -2.689369 -0.939002
-7.473233 -2.944532 -0.911909
-8.192438 -3.225597 -0.875552
-8.775182 -3.452739 -0.801308
-9.271174 -3.647523 -0.707854
-10.131304 -3.984086 -0.617221
-3.554979 -1.420234 -1.187067
-3.745961 -1.496000 -1.184640
-3.916078 -1.561642 -1.172597
-4.184398 -1.666189 -1.180238
-4.258171 -1.693238 -1.131074
-4.248724 -1.686905 -1.057144
-4.415892 -1.750336 -1.027534
-4.725123 -1.871379 -1.022258
-5.009367 -1.981931 -1.004289
-5.415432 -2.140185 -0.998584
-5.825285 -2.300864 -0.983704
-6.299069 -2.485840 -0.963289
-6.821087 -2.689369 -0.939002
-7.473233 -2.944532 -0.911909
-8.192438 -3.225597 -0.875552
-8.775182 -3.452739 -0.801308
-9.271174 -3.647523 -0.707854
-10.131304 -3.984086 -0.617221
-3.560192 -1.364990 -1.182328
-3.773652 -1.446300 -1.186894
-3.959095 -1.515077 -1.179028
-4.196410 -1.603460 -1.177196
-4.285026 -1.635004 -1.132033
-4.275505 -1.628807 -1.058045
-4.425283 -1.682951 -1.024151
-4.725131 -1.795473 -1.016737
-5.036551 -1.911796 -1.004289
-5.400549 -2.047593 -0.990470
-5.779245 -2.189902 -0.970670
-6.310942 -2.389236 -0.959909
-6.846839 -2.589659 -0.937477
-7.457850 -2.818825 -0.905141
-8.184546 -3.091209 -0.870010
-8.770329 -3.310178 -0.796566
-9.298800 -3.509269 -0.706153
-9.875806 -3.725256 -0.598428
-3.560192 -1.364990 -1.182328
-3.773652 -1.446300 -1.186894
-3.959095 -1.515077 -1.179028
-4.196410 -1.603460 -1.177196
-4.285026 -1.635004 -1.132033
-4.275505 -1.628807 -1.058045
-4.425283 -1.682951 -1.024151
-4.725131 -1.795473 -1.016737
-5.036551 -1.911796 -1.004289
-5.400549 -2.047593 -0.990470
-5.779245 -2.189902 -0.970670
-6.310942 -2.389236 -0.959909
-6.846839 -2.589659 -0.937477
-7.457850 -2.818825 -0.905141
-8.184546 -3.091209 -0.870010
-8.770329 -3.310178 -0.796566
-9.298800 -3.509269 -0.706153
-9.875806 -3.725256 -0.598428
-3.575317 -1.313831 -1.181143
-3.771862 -1.385530 -1.180131
-3.947301 -1.447709 -1.169382
-4.207489 -1.540721 -1.174155
-4.274611 -1.563013 -1.123406
-4.286848 -1.564943 -1.055342
-4.448349 -1.621001 -1.024151
-4.742369 -1.726642 -1.015159
-5.062753 -1.841288 -1.004289
-5.417495 -1.967951 -0.988442
-5.824114 -2.114392 -0.973153
-6.343686 -2.300889 -0.959909
-6.845026 -2.480293 -0.932396
-7.500217 -2.715775 -0.905592
-8.219421 -2.973925 -0.869219
-8.770714 -3.171140 -0.792502
-9.301864 -3.362817 -0.702751
-9.539997 -3.447216 -0.575107
-3.575317 -1.313831 -1.181143
-3.771862 -1.385530 -1.180131
-3.947301 -1.447709 -1.169382
-4.207489 -1.540721 -1.174155
-4.274611 -1.563013 -1.123406
-4.286848 -1.564943 -1.055342
-4.448349 -1.621001 -1.024151
-4.742369 -1.726642 -1.015159
-5.062753 -1.841288 -1.004289
-5.417495 -1.967951 -0.988442
-5.824114 -2.114392 -0.973153
-6.343686 -2.300889 -0.959909
-6.845026 -2.480293 -0.932396
-7.500217 -2.715775 -0.905592
-8.219421 -2.973925 -0.869219
-8.770714 -3.171140 -0.792502
-9.301864 -3.362817 -0.702751
-9.539997 -3.447216 -0.575107
-3.779976 -1.328916 -1.176750
-3.974401 -1.395010 -1.171525
-4.224938 -1.480548 -1.173141
-4.307013 -1.507029 -1.126282
-4.315637 -1.507511 -1.057144
-4.455781 -1.553588 -1.020768
-4.743794 -1.652522 -1.010426
-5.047114 -1.756210 -0.996225
-5.463063 -1.898594 -0.991823
-5.841868 -2.028983 -0.971291
-6.367708 -2.209500 -0.958782
-6.863993 -2.379287 -0.930364
-7.541158 -2.612097 -0.906044
-8.241334 -2.852371 -0.867240
-8.787766 -3.039260 -0.790131
-9.310199 -3.219581 -0.699917
-9.507932 -3.286291 -0.570352
-9.801711 -3.387256 -0.444257
-3.779976 -1.328916 -1.176750
-3.974401 -1.395010 -1.171525
-4.224938 -1.480548 -1.173141
-4.307013 -1.507029 -1.126282
-4.315637 -1.507511 -1.057144
-4.455781 -1.553588 -1.020768
-4.743794 -1.652522 -1.010426
-5.047114 -1.756210 -0.996225
-5.463063 -1.898594 -0.991823
-5.841868 -2.028983 -0.971291
-6.367708 -2.209500 -0.958782
-6.863993 -2.379287 -0.930364
-7.541158 -2.612097 -0.906044
-8.241334 -2.852371 -0.867240
-8.787766 -3.039260 -0.790131
-9.310199 -3.219581 -0.699917
-9.507932 -3.286291 -0.570352
-3.801802 -1.277229 -1.177877
-3.986184 -1.336929 -1.169382
-4.252537 -1.423869 -1.175168
-4.331318 -1.447975 -1.127240
-4.317782 -1.440937 -1.052638
-4.473330 -1.489986 -1.019923
-4.766406 -1.586124 -1.010426
-5.082338 -1.689287 -0.998425
-5.459106 -1.812193 -0.986414
-5.854627 -1.942239 -0.968808
-6.352829 -2.105424 -0.952022
-6.900312 -2.284461 -0.930872
-7.580668 -2.507795 -0.906495
-8.261461 -2.730774 -0.865261
-8.814207 -2.911261 -0.788777
-9.369401 -3.094275 -0.701050
-9.583230 -3.163227 -0.572163
-9.844257 -3.248813 -0.444086
-5.628566 -0.651049 0.966893
-3.801802 -1.277229 -1.177877
-3.986184 -1.336929 -1.169382
-4.252537 -1.423869 -1.175168
-4.331318 -1.447975 -1.127240
-4.317782 -1.440937 -1.052638
-4.473330 -1.489986 -1.019923
-4.766406 -1.586124 -1.010426
-5.082338 -1.689287 -0.998425
-5.459106 -1.812193 -0.986414
-5.854627 -1.942239 -0.968808
-6.352829 -2.105424 -0.952022
-6.900312 -2.284461 -0.930872
-7.580668 -2.507795 -0.906495
-8.261461 -2.730774 -0.865261
-8.814207 -2.911261 -0.788777
-9.369401 -3.094275 -0.701050
-9.583230 -3.163227 -0.572163
-9.844257 -3.248813 -0.444086
-5.280768 -0.574888 0.827273
-5.542815 -0.601947 0.951418
-5.280768 -0.574888 0.827273
-5.542815 -0.601947 0.951418
-3.804644 -1.219338 -1.173368
-4.000792 -1.279969 -1.168310
-4.268317 -1.363178 -1.174155
-4.343713 -1.384999 -1.125323
-4.344907 -1.382874 -1.054440
-4.478793 -1.422649 -1.016540
-4.761923 -1.511118 -1.004905
-5.090435 -1.613410 -0.995492
-5.472600 -1.732226 -0.984386
-5.884942 -1.861498 -0.969429
-6.374055 -2.014133 -0.950896
-6.916401 -2.183118 -0.928839
-7.595992 -2.395730 -0.904239
-8.313969 -2.619945 -0.866844
-8.842591 -2.784321 -0.787761
-9.373631 -2.951174 -0.698216
-9.721697 -3.059083 -0.577824
-9.877221 -3.107451 -0.443572
-5.327000 -0.543541 0.757694
-5.351496 -0.544813 0.837737
-5.354663 -0.543719 0.918448
-5.357172 -0.542273 0.996604
-3.804644 -1.219338 -1.173368
-4.000792 -1.279969 -1.168310
-4.268317 -1.363178 -1.174155
-4.343713 -1.384999 -1.125323
-4.344907 -1.382874 -1.054440
-4.478793 -1.422649 -1.016540
-4.761923 -1.511118 -1.004905
-5.090435 -1.613410 -0.995492
-5.472600 -1.732226 -0.984386
-5.884942 -1.861498 -0.969429
-6.374055 -2.014133 -0.950896
-6.916401 -2.183118 -0.928839
-7.595992 -2.395730 -0.904239
-8.313969 -2.619945 -0.866844
-8.842591 -2.784321 -0.787761
-9.373631 -2.951174 -0.698216
-9.721697 -3.059083 -0.577824
-9.877221 -3.107451 -0.443572
-5.327000 -0.543541 0.757694
-5.351496 -0.544813 0.837737
-5.354663 -0.543719 0.918448
-5.357172 -0.542273 0.996604
-5.346436 -0.507840 0.759935
-5.323691 -0.504460 0.832812
-5.326925 -0.503359 0.913065
-5.321669 -0.501175 0.989324
-5.346436 -0.507840 0.759935
-5.323691 -0.504460 0.832812
-5.326925 -0.503359 0.913065
-5.321669 -0.501175 0.989324
-3.817628 -1.164978 -1.172241
-4.014586 -1.222861 -1.167238
-4.275828 -1.300074 -1.171113
-4.358912 -1.323089 -1.124364
-4.371251 -1.324335 -1.056243
-4.490735 -1.357714 -1.014848
-4.808835 -1.452420 -1.010426
-5.112465 -1.542179 -0.995492
-5.481153 -1.651099 -0.981681
-5.868737 -1.766621 -0.962602
-6.378800 -1.918099 -0.947516
-6.942408 -2.085196 -0.928331
-7.636314 -2.291725 -0.905141
-8.334488 -2.499035 -0.865261
-8.861515 -2.654868 -0.786067
-9.368058 -2.806271 -0.694814
-9.801720 -2.934503 -0.580088
-10.137870 -3.034562 -0.453330
-5.310398 -0.467029 0.754331
-5.331021 -0.467623 0.833428
-5.314598 -0.464781 0.910373
-5.297610 -0.461618 0.984228
-3.817628 -1.164978 -1.172241
-4.014586 -1.222861 -1.167238
-4.275828 -1.300074 -1.171113
-4.358912 -1.323089 -1.124364
-4.371251 -1.324335 -1.056243
-4.490735 -1.357714 -1.014848
-4.808835 -1.452420 -1.010426
-5.112465 -1.542179 -0.995492
-5.481153 -1.651099 -0.981681
-5.868737 -1.766621 -0.962602
-6.378800 -1.918099 -0.947516
-6.942408 -2.085196 -0.928331
-7.636314 -2.291725 -0.905141
-8.334488 -2.499035 -0.865261
-8.861515 -2.654868 -0.786067
-9.368058 -2.806271 -0.694814
-9.801720 -2.934503 -0.580088
-5.310398 -0.467029 0.754331
-5.331021 -0.467623 0.833428
-5.314598 -0.464781 0.910373
-5.297610 -0.461618 0.984228
-5.325372 -0.430903 0.756012
-5.302639 -0.427852 0.828504
-5.294131 -0.425770 0.906336
-5.304624 -0.424936 0.984956
-5.325372 -0.430903 0.756012
-5.302639 -0.427852 0.828504
-5.294131 -0.425770 0.906336
-5.304624 -0.424936 0.984956
-3.826149 -1.109424 -1.169987
-4.027567 -1.165618 -1.166166
-4.286128 -1.238099 -1.169085
-4.395617 -1.267480 -1.129157
-4.393061 -1.264252 -1.057144
-4.501738 -1.292723 -1.013157
-4.817337 -1.381893 -1.008060
-5.114598 -1.465233 -0.991827
-5.484720 -1.568988 -0.978301
-5.877633 -1.680164 -0.960119
-6.423999 -1.834286 -0.950332
-6.921244 -1.973915 -0.921726
-7.636990 -2.176168 -0.901531
-8.326456 -2.370436 -0.860907
-8.882384 -2.526522 -0.784712
-9.360272 -2.662101 -0.691412
-9.876308 -2.807190 -0.582126
-5.363799 -0.396341 0.761056
-5.313380 -0.391403 0.829735
-5.300907 -0.389089 0.907009
-5.307461 -0.387893 0.984956
-3.826149 -1.109424 -1.169987
-4.027567 -1.165618 -1.166166
-4.286128 -1.238099 -1.169085
-4.395617 -1.267480 -1.129157
-4.393061 -1.264252 -1.057144
-4.501738 -1.292723 -1.013157
-4.817337 -1.381893 -1.008060
-5.114598 -1.465233 -0.991827
-5.484720 -1.568988 -0.978301
-5.877633 -1.680164 -0.960119
-6.423999 -1.834286 -0.950332
-6.921244 -1.973915 -0.921726
-7.636990 -2.176168 -0.901531
-8.326456 -2.370436 -0.860907
-8.882384 -2.526522 -0.784712
-9.360272 -2.662101 -0.691412
-9.876308 -2.807190 -0.582126
-5.363799 -0.396341 0.761056
-5.313380 -0.391403 0.829735
-5.300907 -0.389089 0.907009
-5.307461 -0.387893 0.984956
-5.319014 -0.355714 0.754331
-5.319927 -0.354562 0.830350
-5.331034 -0.353901 0.911719
-5.321815 -0.351609 0.987140
-5.319014 -0.355714 0.754331
-5.319927 -0.354562 0.830350
-5.331034 -0.353901 0.911719
-5.321815 -0.351609 0.987140
-3.815360 -1.048776 -1.162097
-4.032299 -1.106215 -1.162951
-4.284336 -1.173029 -1.164015
-4.420376 -1.208034 -1.131074
-4.410283 -1.202795 -1.057144
-4.504258 -1.225640 -1.009774
-4.813456 -1.308330 -1.003327
-5.142147 -1.395743 -0.993293
-5.494676 -1.489166 -0.976273
-5.915774 -1.602071 -0.962602
-6.403110 -1.732010 -0.943572
-6.932807 -1.872953 -0.919693
-7.616744 -2.055868 -0.895666
-8.362583 -2.254992 -0.861302
-8.912944 -2.401227 -0.784374
-9.431201 -2.540498 -0.693963
-9.972383 -2.684600 -0.585522
-5.349041 -0.320233 0.758254
-5.373562 -0.320476 0.838352
-5.356991 -0.318081 0.915756
-5.367329 -0.317002 0.995148
-3.815360 -1.048776 -1.162097
-4.032299 -1.106215 -1.162951
-4.284336 -1.173029 -1.164015
-4.420376 -1.208034 -1.131074
-4.410283 -1.202795 -1.057144
-4.504258 -1.225640 -1.009774
-4.813456 -1.308330 -1.003327
-5.142147 -1.395743 -0.993293
-5.494676 -1.489166 -0.976273
-5.915774 -1.602071 -0.962602
-6.403110 -1.732010 -0.943572
-6.932807 -1.872953 -0.919693
-7.616744 -2.055868 -0.895666
-8.362583 -2.254992 -0.861302
-8.912944 -2.401227 -0.784374
-9.431201 -2.540498 -0.693963
-9.972383 -2.684600 -0.585522
-5.349041 -0.320233 0.758254
-5.373562 -0.320476 0.838352
-5.356991 -0.318081 0.915756
-5.367329 -0.317002 0.995148
-5.386743 -0.284760 0.763298
-5.316465 -0.279834 0.829119
-5.370894 -0.281289 0.917775
-5.334060 -0.277679 0.988596
-5.386743 -0.284760 0.763298
-5.316465 -0.279834 0.829119
-5.370894 -0.281289 0.917775
-5.334060 -0.277679 0.988596
-4.032431 -1.045935 -1.158663
-4.270331 -1.105336 -1.155903
-4.436813 -1.146196 -1.131074
-4.430421 -1.142070 -1.058045
-4.502000 -1.157759 -1.005546
-4.838851 -1.242944 -1.004905
-5.126853 -1.315015 -0.986696
-5.507294 -1.410343 -0.974920
-5.876316 -1.503641 -0.952672
-6.415159 -1.639494 -0.941882
-6.954439 -1.774987 -0.919185
-7.633154 -1.946370 -0.894312
-8.265966 -2.105582 -0.848240
-8.180822 -2.081916 -0.717316
-8.100799 -2.061251 -0.593894
-10.090175 -2.565763 -0.590277
-4.032431 -1.045935 -1.158663
-4.270331 -1.105336 -1.155903
-4.436813 -1.146196 -1.131074
-4.430421 -1.142070 -1.058045
-4.502000 -1.157759 -1.005546
-4.838851 -1.242944 -1.004905
-5.126853 -1.315015 -0.986696
-5.507294 -1.410343 -0.974920
-5.876316 -1.503641 -0.952672
-6.415159 -1.639494 -0.941882
-6.954439 -1.774987 -0.919185
-7.633154 -1.946370 -0.894312
-8.265966 -2.105582 -0.848240
-8.180822 -2.081916 -0.717316
-8.100799 -2.061251 -0.593894
-10.090175 -2.565763 -0.590277
-4.042898 -0.988616 -1.157591
-4.292865 -1.047440 -1.157931
-4.475023 -1.089649 -1.136826
-4.468657 -1.085621 -1.063453
-4.510127 -1.092947 -1.003854
-4.829053 -1.168804 -0.999384
-5.167648 -1.248847 -0.991094
-5.518784 -1.331463 -0.973568
-5.904420 -1.423300 -0.953913
-6.422024 -1.546057 -0.939629
-6.955398 -1.672150 -0.916136
-7.655721 -1.838677 -0.893861
-8.337135 -2.000180 -0.852594
-8.267232 -1.981425 -0.722396
-8.221911 -1.970261 -0.600698
-8.280219 -1.982860 -0.482727
-8.258816 -1.977276 -0.363794
-8.216825 -1.965251 -0.240561
-4.042898 -0.988616 -1.157591
-4.292865 -1.047440 -1.157931
-4.475023 -1.089649 -1.136826
-4.468657 -1.085621 -1.063453
-4.510127 -1.092947 -1.003854
-4.829053 -1.168804 -0.999384
-5.167648 -1.248847 -0.991094
-5.518784 -1.331463 -0.973568
-5.904420 -1.423300 -0.953913
-6.422024 -1.546057 -0.939629
-6.955398 -1.672150 -0.916136
-7.655721 -1.838677 -0.893861
-8.337135 -2.000180 -0.852594
-8.267232 -1.981425 -0.722396
-8.221911 -1.970261 -0.600698
-8.280219 -1.982860 -0.482727
-8.258816 -1.977276 -0.363794
-8.216825 -1.965251 -0.240561
-4.090110 -0.939839 -1.167238
-4.280671 -0.981348 -1.150834
-4.486015 -1.026196 -1.135867
-4.494778 -1.025724 -1.066156
-4.494451 -1.022929 -0.997089
-4.844902 -1.101266 -0.999384
-5.173076 -1.173963 -0.988895
-5.509921 -1.248181 -0.968836
-5.916009 -1.338978 -0.952672
-6.404358 -1.447510 -0.933996
-6.950975 -1.568761 -0.912580
-7.630243 -1.720244 -0.887995
-8.383665 -1.887953 -0.854573
-8.373184 -1.883290 -0.609769
-8.260341 -1.856548 -0.480010
-8.129653 -1.826728 -0.356946
-8.145931 -1.828443 -0.237715
-8.214853 -1.843160 -0.123875
-4.090110 -0.939839 -1.167238
-4.280671 -0.981348 -1.150834
-4.486015 -1.026196 -1.135867
-4.494778 -1.025724 -1.066156
-4.494451 -1.022929 -0.997089
-4.844902 -1.101266 -0.999384
-5.173076 -1.173963 -0.988895
-5.509921 -1.248181 -0.968836
-5.916009 -1.338978 -0.952672
-6.404358 -1.447510 -0.933996
-6.950975 -1.568761 -0.912580
-7.630243 -1.720244 -0.887995
-8.383665 -1.887953 -0.854573
-9.521529 -2.141575 -0.693396
-8.260341 -1.856548 -0.480010
-8.129653 -1.826728 -0.356946
-8.145931 -1.828443 -0.237715
-8.214853 -1.843160 -0.123875
-4.076460 -0.876967 -1.159735
-4.312871 -0.925544 -1.155903
-4.511298 -0.965900 -1.138743
-4.504849 -0.962053 -1.065255
-4.515943 -0.961705 -0.998780
-4.855970 -1.032698 -0.998595
-5.200503 -1.104071 -0.991094
-5.522954 -1.170312 -0.968160
-5.918663 -1.252974 -0.950189
-6.412320 -1.355494 -0.932306
-6.960555 -1.469099 -0.911055
-7.634073 -1.609442 -0.885739
-8.409208 -1.770715 -0.854573
-8.334935 -1.753099 -0.723751
-8.242481 -1.733354 -0.598430
-8.195568 -1.722147 -0.474803
-8.279517 -1.739333 -0.362425
-8.213712 -1.723562 -0.238968
-8.173243 -1.714325 -0.122875
-8.240860 -1.727605 -0.002497
-8.287158 -1.737010 0.113354
-4.076460 -0.876967 -1.159735
-4.312871 -0.925544 -1.155903
-4.511298 -0.965900 -1.138743
-4.504849 -0.962053 -1.065255
-4.515943 -0.961705 -0.998780
-4.855970 -1.032698 -0.998595
-5.200503 -1.104071 -0.991094
-5.522954 -1.170312 -0.968160
-5.918663 -1.252974 -0.950189
-6.412320 -1.355494 -0.932306
-6.960555 -1.469099 -0.911055
-7.634073 -1.609442 -0.885739
-8.409208 -1.770715 -0.854573
-8.334935 -1.753099 -0.723751
-8.242481 -1.733354 -0.598430
-8.195568 -1.722147 -0.474803
-8.213712 -1.723562 -0.238968
-8.173243 -1.714325 -0.122875
-8.240860 -1.727605 -0.002497
-8.287158 -1.737010 0.113354
-4.084528 -0.819210 -1.158663
-4.306402 -0.861445 -1.150834
-4.524344 -0.902821 -1.138743
-4.533131 -0.902107 -1.068860
-4.544269 -0.901606 -1.002163
-4.850681 -0.960990 -0.994651
-5.180692 -1.024491 -0.984496
-5.534887 -1.092326 -0.967484
-5.904565 -1.164104 -0.945224
-6.411192 -1.262012 -0.929489
-6.960921 -1.367951 -0.908515
-7.620699 -1.495812 -0.881678
-8.390142 -1.644714 -0.850219
-8.342953 -1.633497 -0.722396
-8.297204 -1.624240 -0.600698
-8.366474 -1.634010 -0.242725
-8.168902 -1.594683 -0.122463
-8.189584 -1.597828 -0.002475
-4.084528 -0.819210 -1.158663
-4.306402 -0.861445 -1.150834
-4.524344 -0.902821 -1.138743
-4.533131 -0.902107 -1.068860
-4.544269 -0.901606 -1.002163
-4.850681 -0.960990 -0.994651
-5.180692 -1.024491 -0.984496
-5.534887 -1.092326 -0.967484
-5.904565 -1.164104 -0.945224
-6.411192 -1.262012 -0.929489
-6.960921 -1.367951 -0.908515
-7.620699 -1.495812 -0.881678
-8.390142 -1.644714 -0.850219
-8.342953 -1.633497 -0.722396
-8.297204 -1.624240 -0.600698
-8.168902 -1.594683 -0.122463
-8.189584 -1.597828 -0.002475
-4.318011 -0.801231 -1.150834
-4.547965 -0.841681 -1.141618
-4.556782 -0.840845 -1.071564
-4.560260 -0.838774 -1.003009
-4.840485 -0.888917 -0.989918
-5.190624 -0.951345 -0.983763
-5.541843 -1.013518 -0.966131
-5.935792 -1.084386 -0.947707
-6.420397 -1.170949 -0.928363
-6.979343 -1.270623 -0.908515
-7.629111 -1.387127 -0.880324
-8.424040 -1.529537 -0.851407
-8.419850 -1.526802 -0.727138
-8.338703 -1.511788 -0.602115
-8.601984 -1.558127 -0.495633
-8.372735 -1.514185 -0.242269
-8.395034 -1.517461 -0.125523
-8.226840 -1.486166 -0.002479
-4.318011 -0.801231 -1.150834
-4.547965 -0.841681 -1.141618
-4.556782 -0.840845 -1.071564
-4.560260 -0.838774 -1.003009
-4.840485 -0.888917 -0.989918
-5.190624 -0.951345 -0.983763
-5.541843 -1.013518 -0.966131
-5.935792 -1.084386 -0.947707
-6.420397 -1.170949 -0.928363
-6.979343 -1.270623 -0.908515
-7.629111 -1.387127 -0.880324
-8.424040 -1.529537 -0.851407
-8.419850 -1.526802 -0.727138
-8.338703 -1.511788 -0.602115
-4.298137 -0.736392 -1.142722
-4.570621 -0.780857 -1.144494
-4.583311 -0.780555 -1.075169
-4.582954 -0.777781 -1.005546
-4.863880 -0.824059 -0.992284
-5.211002 -0.880999 -0.985230
-5.543628 -0.935046 -0.964103
-5.919005 -0.997190 -0.942742
-6.400783 -1.076404 -0.923293
-6.937506 -1.164422 -0.900893
-7.659270 -1.283778 -0.881678
-8.318703 -1.392219 -0.838741
-8.467620 -1.415166 -0.729508
-8.382367 -1.400618 -0.603816
-8.555685 -1.428199 -0.491784
-4.298137 -0.736392 -1.142722
-4.570621 -0.780857 -1.144494
-4.583311 -0.780555 -1.075169
-4.582954 -0.777781 -1.005546
-4.863880 -0.824059 -0.992284
-5.211002 -0.880999 -0.985230
-5.543628 -0.935046 -0.964103
-5.919005 -0.997190 -0.942742
-6.400783 -1.076404 -0.923293
-6.937506 -1.164422 -0.900893
-7.659270 -1.283778 -0.881678
-8.318703 -1.392219 -0.838741
-8.467620 -1.415166 -0.729508
-8.382367 -1.400618 -0.603816
-4.319467 -0.678109 -1.145764
-4.546547 -0.711561 -1.135867
-4.593762 -0.716486 -1.075169
-4.612683 -0.716719 -1.009774
-4.874911 -0.756068 -0.992284
-5.203365 -0.805149 -0.981564
-5.517180 -0.851540 -0.957342
-5.916730 -0.912043 -0.940259
-6.415188 -0.986931 -0.923293
-6.972695 -1.070456 -0.903434
-7.625376 -1.168884 -0.875812
-8.360938 -1.279549 -0.841116
-8.498373 -1.298608 -0.730524
-8.487878 -1.296702 -0.610053
-8.480042 -1.294144 -0.486350
-8.458292 -1.290370 -0.366533
-8.435243 -1.284894 -0.242952
-4.319467 -0.678109 -1.145764
-4.546547 -0.711561 -1.135867
-4.593762 -0.716486 -1.075169
-4.612683 -0.716719 -1.009774
-4.874911 -0.756068 -0.992284
-5.203365 -0.805149 -0.981564
-5.517180 -0.851540 -0.957342
-5.916730 -0.912043 -0.940259
-6.415188 -0.986931 -0.923293
-6.972695 -1.070456 -0.903434
-7.625376 -1.168884 -0.875812
-8.360938 -1.279549 -0.841116
-8.498373 -1.298608 -0.730524
-8.487878 -1.296702 -0.610053
-8.480042 -1.294144 -0.486350
-8.458292 -1.290370 -0.366533
-8.435243 -1.284894 -0.242952
-4.309361 -0.615001 -1.140694
-4.571418 -0.650199 -1.139701
-4.622611 -0.655011 -1.079675
-4.633854 -0.653884 -1.012311
-4.865577 -0.685196 -0.988341
-5.194629 -0.729686 -0.977899
-5.532436 -0.774972 -0.958018
-5.897580 -0.824964 -0.935294
-6.408731 -0.894527 -0.920476
-6.912298 -0.962600 -0.893779
-7.648827 -1.063398 -0.876714
-8.334620 -1.156669 -0.836762
-8.544677 -1.183540 -0.612888
-8.481462 -1.173429 -0.485444
-8.439857 -1.167221 -0.364992
-8.464243 -1.168635 -0.243294
-4.309361 -0.615001 -1.140694
-4.571418 -0.650199 -1.139701
-4.622611 -0.655011 -1.079675
-4.633854 -0.653884 -1.012311
-4.865577 -0.685196 -0.988341
-5.194629 -0.729686 -0.977899
-5.532436 -0.774972 -0.958018
-5.897580 -0.824964 -0.935294
-6.408731 -0.894527 -0.920476
-6.912298 -0.962600 -0.893779
-7.648827 -1.063398 -0.876714
-8.334620 -1.156669 -0.836762
-8.544677 -1.183540 -0.612888
-8.481462 -1.173429 -0.485444
-8.439857 -1.167221 -0.364992
-8.464243 -1.168635 -0.243294
-4.306014 -0.553293 -1.137652
-4.564642 -0.584336 -1.135867
-4.639037 -0.591391 -1.081477
-4.658047 -0.591091 -1.015694
-4.878560 -0.617688 -0.989129
-5.212113 -0.658071 -0.979365
-5.511424 -0.693712 -0.952609
-5.896761 -0.741062 -0.933432
-6.404880 -0.802990 -0.918223
-6.952622 -0.869442 -0.897336
-7.639265 -0.953547 -0.874007
-8.353907 -1.040679 -0.837157
-8.610422 -1.070649 -0.737298
-8.592045 -1.068060 -0.615155
-8.528725 -1.058831 -0.487256
-8.498956 -1.054682 -0.366876
-8.491639 -1.051817 -0.243635
-8.633179 -1.068584 -0.127995
-4.306014 -0.553293 -1.137652
-4.564642 -0.584336 -1.135867
-4.639037 -0.591391 -1.081477
-4.658047 -0.591091 -1.015694
-4.878560 -0.617688 -0.989129
-5.212113 -0.658071 -0.979365
-5.511424 -0.693712 -0.952609
-5.896761 -0.741062 -0.933432
-6.404880 -0.802990 -0.918223
-6.952622 -0.869442 -0.897336
-7.639265 -0.953547 -0.874007
-8.353907 -1.040679 -0.837157
-8.610422 -1.070649 -0.737298
-8.592045 -1.068060 -0.615155
-8.528725 -1.058831 -0.487256
-8.498956 -1.054682 -0.366876
-8.491639 -1.051817 -0.243635
-8.633179 -1.068584 -0.127995
-4.545347 -0.517472 -1.129157
-4.670076 -0.529195 -1.086885
-4.669730 -0.526435 -1.016540
-4.875018 -0.548197 -0.986763
-5.181715 -0.580854 -0.972035
-5.477474 -0.611879 -0.945173
-5.415631 -0.603916 -0.855853
-6.411530 -0.713048 -0.917659
-6.952254 -0.770971 -0.895812
-7.632082 -0.844607 -0.871751
-8.339929 -0.920881 -0.834387
-8.545242 -0.937513 -0.244774
-8.547862 -0.937046 -0.126524
-5.352878 -0.586801 0.453414
-4.545347 -0.517472 -1.129157
-4.670076 -0.529195 -1.086885
-4.669730 -0.526435 -1.016540
-4.875018 -0.548197 -0.986763
-5.181715 -0.580854 -0.972035
-5.477474 -0.611879 -0.945173
-5.415631 -0.603916 -0.855853
-6.411530 -0.713048 -0.917659
-6.952254 -0.770971 -0.895812
-7.632082 -0.844607 -0.871751
-8.339929 -0.920881 -0.834387
-8.545242 -0.937513 -0.244774
-8.547862 -0.937046 -0.126524
-5.352878 -0.586801 0.453414
-4.579178 -0.456656 -1.135867
-4.696400 -0.465863 -1.091391
-4.703860 -0.463869 -1.022460
-4.890002 -0.480846 -0.988341
-4.938855 -0.483909 -0.925119
-4.892988 -0.477519 -0.843083
-4.876855 -0.474998 -0.769585
-4.895463 -0.475345 -0.699652
-5.378734 -0.520563 -0.692056
-5.388170 -0.520242 -0.614558
-5.396294 -0.519697 -0.539106
-5.399587 -0.518777 -0.460938
-5.385580 -0.517242 -0.384401
-5.390581 -0.516869 -0.307025
-5.366471 -0.514273 -0.230945
-5.365353 -0.512937 -0.153467
-5.386898 -0.514522 -0.079622
-5.359662 -0.511353 -0.001597
-5.375125 -0.512640 0.072285
-5.373526 -0.512395 0.150585
-5.355004 -0.511192 0.223768
-5.371391 -0.510392 0.301468
-5.346664 -0.510396 0.374350
-5.340710 -0.510111 0.451736
-5.361732 -0.512119 0.528493
-5.337721 -0.510391 0.604199
-5.352492 -0.512179 0.681839
-4.579178 -0.456656 -1.135867
-4.696400 -0.465863 -1.091391
-4.703860 -0.463869 -1.022460
-4.890002 -0.480846 -0.988341
-4.938855 -0.483909 -0.925119
-4.892988 -0.477519 -0.843083
-4.876855 -0.474998 -0.769585
-4.895463 -0.475345 -0.699652
-7.005781 -0.678032 -0.901401
-5.388170 -0.520242 -0.614558
-5.396294 -0.519697 -0.539106
-5.399587 -0.518777 -0.460938
-5.385580 -0.517242 -0.384401
-5.390581 -0.516869 -0.307025
-5.366471 -0.514273 -0.230945
-5.365353 -0.512937 -0.153467
-5.386898 -0.514522 -0.079622
-5.359662 -0.511353 -0.001597
-5.375125 -0.512640 0.072285
-5.373526 -0.512395 0.150585
-5.355004 -0.511192 0.223768
-5.371391 -0.510392 0.301468
-5.346664 -0.510396 0.374350
-5.340710 -0.510111 0.451736
-5.361732 -0.512119 0.528493
-5.337721 -0.510391 0.604199
-5.352492 -0.512179 0.681839
-4.538677 -0.388700 -1.124364
-4.725746 -0.402228 -1.096798
-4.702087 -0.397489 -1.020768
-4.868886 -0.410219 -0.982819
-4.890272 -0.410302 -0.914856
-4.859891 -0.405874 -0.836322
-4.847571 -0.403907 -0.763999
-4.850318 -0.402687 -0.692329
-4.918895 -0.406824 -0.632099
-5.347376 -0.441040 -0.609143
-5.359387 -0.440714 -0.534752
-5.350692 -0.438776 -0.456197
-5.344558 -0.438086 -0.381000
-5.353488 -0.437973 -0.304535
-5.337280 -0.436365 -0.229404
-5.324170 -0.434076 -0.152101
-5.337748 -0.434714 -0.078798
-5.334384 -0.433876 -0.001587
-5.329935 -0.433328 0.071589
-5.328347 -0.433107 0.149135
-5.321786 -0.433133 0.222105
-5.326244 -0.431156 0.298567
-5.321452 -0.433106 0.372125
-5.323475 -0.433552 0.449722
-5.312812 -0.432683 0.523025
-5.308671 -0.432907 0.600168
-5.315616 -0.433845 0.676304
-4.538677 -0.388700 -1.124364
-4.725746 -0.402228 -1.096798
-4.702087 -0.397489 -1.020768
-4.868886 -0.410219 -0.982819
-4.890272 -0.410302 -0.914856
-4.859891 -0.405874 -0.836322
-4.847571 -0.403907 -0.763999
-4.850318 -0.402687 -0.692329
-4.918895 -0.406824 -0.632099
-5.347376 -0.441040 -0.609143
-5.359387 -0.440714 -0.534752
-5.350692 -0.438776 -0.456197
-5.344558 -0.438086 -0.381000
-5.353488 -0.437973 -0.304535
-5.337280 -0.436365 -0.229404
-5.324170 -0.434076 -0.152101
-5.337748 -0.434714 -0.078798
-5.334384 -0.433876 -0.001587
-5.329935 -0.433328 0.071589
-5.328347 -0.433107 0.149135
-5.321786 -0.433133 0.222105
-5.326244 -0.431156 0.298567
-5.321452 -0.433106 0.372125
-5.323475 -0.433552 0.449722
-5.312812 -0.432683 0.523025
-5.308671 -0.432907 0.600168
-5.315616 -0.433845 0.676304
-4.555282 -0.326124 -1.127240
-4.750338 -0.337589 -1.101304
-4.746177 -0.334548 -1.029225
-4.850667 -0.340551 -0.978086
-4.864142 -0.339791 -0.908992
-4.825754 -0.335248 -0.829561
-4.813317 -0.333454 -0.757793
-4.851517 -0.334655 -0.691765
-4.892429 -0.335932 -0.628034
-5.317326 -0.363894 -0.605082
-5.345162 -0.364488 -0.532772
-5.340391 -0.362945 -0.454842
-5.354134 -0.363692 -0.381283
-5.355098 -0.362914 -0.304308
-5.338866 -0.361532 -0.229233
-5.345668 -0.360773 -0.152557
-5.335316 -0.359607 -0.078680
-5.335931 -0.359086 -0.001586
-5.331475 -0.358600 0.071536
-5.325896 -0.358133 0.148912
-5.347252 -0.360130 0.222937
-5.331744 -0.356748 0.298567
-5.342905 -0.359837 0.373237
-5.340940 -0.359986 0.450729
-5.330250 -0.359266 0.524197
-5.337993 -0.360351 0.602855
-5.329073 -0.360121 0.677311
-4.555282 -0.326124 -1.127240
-4.750338 -0.337589 -1.101304
-4.746177 -0.334548 -1.029225
-4.850667 -0.340551 -0.978086
-4.864142 -0.339791 -0.908992
-4.825754 -0.335248 -0.829561
-4.813317 -0.333454 -0.757793
-4.851517 -0.334655 -0.691765
-4.892429 -0.335932 -0.628034
-5.317326 -0.363894 -0.605082
-5.345162 -0.364488 -0.532772
-5.340391 -0.362945 -0.454842
-5.354134 -0.363692 -0.381283
-5.355098 -0.362914 -0.304308
-5.338866 -0.361532 -0.229233
-5.345668 -0.360773 -0.152557
-5.335316 -0.359607 -0.078680
-5.335931 -0.359086 -0.001586
-5.331475 -0.358600 0.071536
-5.325896 -0.358133 0.148912
-5.347252 -0.360130 0.222937
-5.331744 -0.356748 0.298567
-5.342905 -0.359837 0.373237
-5.340940 -0.359986 0.450729
-5.330250 -0.359266 0.524197
-5.337993 -0.360351 0.602855
-5.329073 -0.360121 0.677311
-4.785715 -0.273006 -1.108514
-4.773806 -0.269571 -1.034300
-4.851035 -0.272572 -0.977298
-4.876265 -0.272282 -0.910458
-4.829965 -0.267837 -0.829561
-4.829340 -0.266871 -0.759655
-4.867579 -0.267536 -0.693455
-4.880796 -0.266724 -0.626001
-5.401260 -0.293936 -0.614106
-5.405374 -0.292837 -0.538314
-5.404636 -0.291566 -0.459922
-5.398532 -0.291049 -0.384118
-5.387557 -0.289610 -0.305893
-5.415224 -0.290812 -0.232315
-5.406082 -0.289090 -0.154151
-5.391737 -0.287851 -0.079445
-5.396345 -0.287529 -0.001603
-5.411848 -0.288166 0.072553
-5.398255 -0.287350 0.150809
-5.395659 -0.287777 0.224765
-5.404005 -0.285857 0.302361
-5.371317 -0.286478 0.374906
-5.353406 -0.285805 0.451400
-5.366549 -0.286507 0.527321
-5.366320 -0.287059 0.605543
-5.381132 -0.288227 0.683349
-4.785715 -0.273006 -1.108514
-4.773806 -0.269571 -1.034300
-4.851035 -0.272572 -0.977298
-4.876265 -0.272282 -0.910458
-4.829965 -0.267837 -0.829561
-4.829340 -0.266871 -0.759655
-4.867579 -0.267536 -0.693455
-4.880796 -0.266724 -0.626001
-5.401260 -0.293936 -0.614106
-5.405374 -0.292837 -0.538314
-5.404636 -0.291566 -0.459922
-5.398532 -0.291049 -0.384118
-5.387557 -0.289610 -0.305893
-5.391737 -0.287851 -0.079445
-5.411848 -0.288166 0.072553
-5.398255 -0.287350 0.150809
-5.404005 -0.285857 0.302361
-5.371317 -0.286478 0.374906
-5.353406 -0.285805 0.451400
-5.366549 -0.286507 0.527321
-5.366320 -0.287059 0.605543
-5.381132 -0.288227 0.683349
-4.789060 -0.206161 -1.108514
-4.808353 -0.204219 -1.041065
-4.854367 -0.204814 -0.977298
-4.934594 -0.206474 -0.920720
-4.884441 -0.202497 -0.838350
-4.864181 -0.200720 -0.764620
-4.886667 -0.200197 -0.695709
-4.935580 -0.200647 -0.632607
-7.612839 -0.307754 -0.864983
-4.789060 -0.206161 -1.108514
-4.808353 -0.204219 -1.041065
-4.854367 -0.204814 -0.977298
-4.934594 -0.206474 -0.920720
-4.884441 -0.202497 -0.838350
-4.864181 -0.200720 -0.764620
-4.886667 -0.200197 -0.695709
-4.935580 -0.200647 -0.632607
-7.612839 -0.307754 -0.864983
-4.830426 -0.140407 -1.117527
-4.838091 -0.137844 -1.046985
-4.848914 -0.136796 -0.975720
-5.133533 -0.143032 -0.957373
-5.371531 -0.147600 -0.921509
-4.917860 -0.134187 -0.772688
-6.401207 -0.172762 -0.910900
-6.913061 -0.184402 -0.885649
-7.608448 -0.201222 -0.864080
-4.830426 -0.140407 -1.117527
-4.838091 -0.137844 -1.046985
-4.848914 -0.136796 -0.975720
-5.133533 -0.143032 -0.957373
-5.371531 -0.147600 -0.921509
-5.921183 -0.161564 -0.930329
-6.401207 -0.172762 -0.910900
-6.913061 -0.184402 -0.885649
-7.608448 -0.201222 -0.864080
-4.828020 -0.072891 -1.116625
-4.874727 -0.070791 -1.054597
-4.858193 -0.069193 -0.977298
-5.170416 -0.071834 -0.963971
-5.491330 -0.074185 -0.941792
-5.891252 -0.078454 -0.925364
-6.359437 -0.082803 -0.904703
-6.895125 -0.087610 -0.883109
-7.590645 -0.094724 -0.861824
-4.828020 -0.072891 -1.116625
-4.874727 -0.070791 -1.054597
-4.858193 -0.069193 -0.977298
-5.170416 -0.071834 -0.963971
-5.491330 -0.074185 -0.941792
-5.891252 -0.078454 -0.925364
-6.359437 -0.082803 -0.904703
-6.895125 -0.087610 -0.883109
-7.590645 -0.094724 -0.861824
-4.902607 -0.002737 -1.060517
-4.878293 -0.001360 -0.981242
-5.151254 0.000362 -0.960306
-5.483946 0.002490 -0.940440
-5.907579 0.003818 -0.927847
-6.356013 0.005993 -0.904140
-6.895677 0.008669 -0.883109
-4.902607 -0.002737 -1.060517
-4.878293 -0.001360 -0.981242
-5.151254 0.000362 -0.960306
-5.483946 0.002490 -0.940440
-5.907579 0.003818 -0.927847
-6.356013 0.005993 -0.904140
-6.895677 0.008669 -0.883109
-4.944495 0.067664 -0.994651
-5.150746 0.072284 -0.960306
-5.495203 0.079228 -0.942468
-5.891146 0.086070 -0.925364
-6.351350 0.094677 -0.903576
-6.839344 0.104102 -0.875995
-4.944495 0.067664 -0.994651
-5.150746 0.072284 -0.960306
-5.495203 0.079228 -0.942468
-5.891146 0.086070 -0.925364
-6.351350 0.094677 -0.903576
-6.839344 0.104102 -0.875995
-5.129581 0.143643 -0.956640
-5.493561 0.155945 -0.942468
-5.873570 0.167863 -0.922882
-6.377119 0.184147 -0.907520
-6.884814 0.200973 -0.882093
-5.129581 0.143643 -0.956640
-5.493561 0.155945 -0.942468
-5.873570 0.167863 -0.922882
-6.377119 0.184147 -0.907520
-6.884814 0.200973 -0.882093
-5.127076 0.215249 -0.956640
-5.475093 0.231965 -0.939764
-5.846966 0.248846 -0.919158
-6.334361 0.271472 -0.901886
-6.877373 0.296909 -0.881584
-5.127076 0.215249 -0.956640
-5.475093 0.231965 -0.939764
-5.846966 0.248846 -0.919158
-6.334361 0.271472 -0.901886
-6.877373 0.296909 -0.881584
-5.487064 0.309274 -0.942468
-5.850812 0.330905 -0.920399
-6.329953 0.359887 -0.901886
-6.872557 0.392903 -0.881584
-5.487064 0.309274 -0.942468
-5.850812 0.330905 -0.920399
-6.329953 0.359887 -0.901886
-6.872557 0.392903 -0.881584
-5.474347 0.385302 -0.941116
-5.861388 0.413675 -0.922882
-6.344062 0.449631 -0.904703
-6.866401 0.488821 -0.881584
-5.474347 0.385302 -0.941116
-5.861388 0.413675 -0.922882
-6.344062 0.449631 -0.904703
-6.866401 0.488821 -0.881584
-5.476371 0.461405 -0.942468
-5.607062 0.473502 -0.883782
-6.285962 0.532711 -0.897380
-6.847149 0.582437 -0.880060
-5.476371 0.461405 -0.942468
-5.607062 0.473502 -0.883782
-6.285962 0.532711 -0.897380
-6.847149 0.582437 -0.880060
-5.485089 0.539362 -0.945173
-5.525187 0.544377 -0.871990
-5.517311 0.545254 -0.788658
-5.527535 0.548018 -0.711365
-5.513256 0.547867 -0.628996
-5.549029 0.552789 -0.554543
-5.485089 0.539362 -0.945173
-5.525187 0.544377 -0.871990
-5.517311 0.545254 -0.788658
-5.527535 0.548018 -0.711365
-5.513256 0.547867 -0.628996
-5.481707 0.617491 -0.866404
-5.540770 0.630216 -0.554543
-5.481707 0.617491 -0.866404
-5.540770 0.630216 -0.554543
-6.198272 0.964420 -0.892310
-6.198272 0.964420 -0.892310
-6.192012 1.052190 -0.893436
-6.192012 1.052190 -0.893436
-6.161138 1.135674 -0.891183
-6.161138 1.135674 -0.891183
-6.140797 1.220815 -0.890620
-6.140797 1.220815 -0.890620
-3.155401 -1.702189 -1.152582
-3.155401 -1.702189 -1.152582
-6.789746 -5.159483 -0.886567
-3.168039 -1.654832 -1.149765
-3.168039 -1.654832 -1.149765
-6.261956 -4.651084 -0.919032
-6.331496 -4.698204 0.383203
-6.836150 -5.045819 0.531694
-6.261956 -4.651084 -0.919032
-6.857255 -5.064020 -0.885752
-6.331496 -4.698204 0.383203
-6.836150 -5.045819 0.531694
-5.824048 -4.228331 -0.945028
-6.305967 -4.551932 -0.915877
-5.680740 -4.128647 -0.723947
-5.699189 -4.139872 -0.629154
-5.683615 -4.128298 -0.527862
-5.675828 -4.123544 -0.431517
-5.793353 -4.202356 -0.340087
-5.680728 -4.126715 -0.237947
-5.650492 -4.105248 -0.138326
-5.681518 -4.126235 -0.044519
-5.701556 -4.139699 0.054803
-5.809743 -4.213181 0.151832
-6.290971 -4.538617 0.273674
-6.720405 -4.830348 0.402810
-5.824048 -4.228331 -0.945028
-6.305967 -4.551932 -0.915877
-5.680740 -4.128647 -0.723947
-5.699189 -4.139872 -0.629154
-5.683615 -4.128298 -0.527862
-5.675828 -4.123544 -0.431517
-5.793353 -4.202356 -0.340087
-5.680728 -4.126715 -0.237947
-5.650492 -4.105248 -0.138326
-5.681518 -4.126235 -0.044519
-5.701556 -4.139699 0.054803
-5.809743 -4.213181 0.151832
-6.290971 -4.538617 0.273674
-6.720405 -4.830348 0.402810
-5.412520 -3.842423 -0.964781
-5.742744 -4.057360 -0.922264
-5.707430 -4.032423 -0.819394
-5.740614 -4.053105 -0.724147
-5.702581 -4.026975 -0.622930
-5.773523 -4.072358 -0.530664
-5.698911 -4.023999 -0.428535
-5.894373 -4.151461 -0.342247
-5.877713 -4.140901 -0.243595
-5.676600 -4.008180 -0.136964
-5.687828 -4.015574 -0.043389
-5.768290 -4.068173 0.055552
-5.874141 -4.137935 0.152734
-6.500332 -4.548569 0.280527
-5.412520 -3.842423 -0.964781
-5.742744 -4.057360 -0.922264
-5.707430 -4.032423 -0.819394
-5.740614 -4.053105 -0.724147
-5.702581 -4.026975 -0.622930
-5.773523 -4.072358 -0.530664
-5.698911 -4.023999 -0.428535
-5.894373 -4.151461 -0.342247
-5.877713 -4.140901 -0.243595
-5.676600 -4.008180 -0.136964
-5.687828 -4.015574 -0.043389
-5.768290 -4.068173 0.055552
-5.874141 -4.137935 0.152734
-6.500332 -4.548569 0.280527
-5.035823 -3.497332 -0.974618
-5.397763 -3.726938 -0.952858
-5.737466 -3.941479 -0.912471
-5.738559 -3.940399 -0.815861
-5.768631 -3.958457 -0.720526
-5.767182 -3.956317 -0.623781
-5.731041 -3.932303 -0.521240
-5.719693 -3.925565 -0.425577
-5.724644 -3.928216 -0.328301
-5.964151 -4.080660 -0.244404
-5.693722 -3.907845 -0.135447
-5.721924 -3.925787 -0.042589
-5.779463 -3.962251 0.055905
-5.953791 -4.073415 0.154015
-6.875778 -4.659684 0.294089
-5.035823 -3.497332 -0.974618
-5.397763 -3.726938 -0.952858
-5.737466 -3.941479 -0.912471
-5.738559 -3.940399 -0.815861
-5.768631 -3.958457 -0.720526
-5.767182 -3.956317 -0.623781
-5.731041 -3.932303 -0.521240
-5.719693 -3.925565 -0.425577
-5.724644 -3.928216 -0.328301
-5.964151 -4.080660 -0.244404
-5.693722 -3.907845 -0.135447
-5.721924 -3.925787 -0.042589
-5.779463 -3.962251 0.055905
-5.953791 -4.073415 0.154015
-6.875778 -4.659684 0.294089
-4.731704 -3.213327 -0.989901
-5.087017 -3.430673 -0.975365
-5.468974 -3.665592 -0.956432
-5.777951 -3.854588 -0.910226
-5.779007 -3.853472 -0.813781
-5.782217 -3.854399 -0.715206
-5.780680 -3.852241 -0.619071
-5.781507 -3.851695 -0.520610
-5.838043 -3.886963 -0.430110
-5.758039 -3.837202 -0.326667
-5.938369 -3.948544 -0.240396
-5.726811 -3.817231 -0.134379
-5.768878 -3.843151 -0.041927
-5.830324 -3.880892 0.056540
-5.975534 -3.970731 0.153958
-4.731704 -3.213327 -0.989901
-5.087017 -3.430673 -0.975365
-5.468974 -3.665592 -0.956432
-5.777951 -3.854588 -0.910226
-5.779007 -3.853472 -0.813781
-5.782217 -3.854399 -0.715206
-5.780680 -3.852241 -0.619071
-5.781507 -3.851695 -0.520610
-5.838043 -3.886963 -0.430110
-5.758039 -3.837202 -0.326667
-5.938369 -3.948544 -0.240396
-5.726811 -3.817231 -0.134379
-5.768878 -3.843151 -0.041927
-5.830324 -3.880892 0.056540
-5.975534 -3.970731 0.153958
-4.452232 -2.956884 -0.999088
-4.758732 -3.138714 -0.986560
-5.103459 -3.342959 -0.969612
-5.481805 -3.568428 -0.949892
-5.789913 -3.751018 -0.903688
-5.831787 -3.774274 -0.813642
-5.790618 -3.748643 -0.709477
-5.833448 -3.773001 -0.618820
-5.789748 -3.745873 -0.516233
-5.767889 -3.733267 -0.420461
-5.786584 -3.743921 -0.324844
-5.899781 -3.811753 -0.235977
-5.748183 -3.720257 -0.133059
-5.773424 -3.735327 -0.040877
-5.855998 -3.784488 0.056995
-6.057403 -3.905061 0.155315
-4.452232 -2.956884 -0.999088
-4.758732 -3.138714 -0.986560
-5.103459 -3.342959 -0.969612
-5.481805 -3.568428 -0.949892
-5.789913 -3.751018 -0.903688
-6.547713 -4.201804 -0.914973
-5.790618 -3.748643 -0.709477
-5.833448 -3.773001 -0.618820
-5.789748 -3.745873 -0.516233
-5.767889 -3.733267 -0.420461
-5.786584 -3.743921 -0.324844
-5.899781 -3.811753 -0.235977
-5.748183 -3.720257 -0.133059
-5.773424 -3.735327 -0.040877
-5.855998 -3.784488 0.056995
-6.057403 -3.905061 0.155315
-4.170736 -2.710639 -1.000512
-4.441665 -2.866710 -0.987934
-4.777791 -3.059972 -0.981814
-5.132111 -3.263314 -0.966473
-5.530654 -3.493370 -0.949909
-5.858439 -3.681565 -0.906303
-5.828487 -3.662488 -0.805796
-5.800645 -3.645344 -0.704191
-5.860994 -3.679031 -0.615988
-5.813437 -3.650496 -0.513436
-5.808657 -3.648157 -0.419340
-5.837868 -3.664530 -0.324436
-5.792792 -3.638764 -0.228829
-5.799137 -3.641382 -0.132542
-5.859219 -3.676096 -0.040630
-5.893980 -3.696076 0.057535
-6.159378 -3.849825 0.157147
-4.170736 -2.710639 -1.000512
-4.441665 -2.866710 -0.987934
-4.777791 -3.059972 -0.981814
-5.132111 -3.263314 -0.966473
-5.530654 -3.493370 -0.949909
-5.858439 -3.681565 -0.906303
-5.828487 -3.662488 -0.805796
-5.800645 -3.645344 -0.704191
-5.860994 -3.679031 -0.615988
-5.813437 -3.650496 -0.513436
-5.808657 -3.648157 -0.419340
-5.837868 -3.664530 -0.324436
-5.792792 -3.638764 -0.228829
-5.799137 -3.641382 -0.132542
-5.859219 -3.676096 -0.040630
-5.893980 -3.696076 0.057535
-6.159378 -3.849825 0.157147
-3.984953 -2.533576 -1.087767
-3.982624 -2.530027 -1.015534
-4.180419 -2.638574 -0.994342
-4.501364 -2.817720 -0.992815
-4.781850 -2.973552 -0.974251
-5.152654 -3.179608 -0.962045
-5.547420 -3.400183 -0.944584
-6.019522 -3.663181 -0.923424
-5.854399 -3.568941 -0.802305
-5.847105 -3.563815 -0.703594
-5.831448 -3.553858 -0.607258
-5.825158 -3.549296 -0.509716
-5.896950 -3.589867 -0.421827
-6.069371 -3.685795 -0.334433
-5.800770 -3.535819 -0.226642
-5.828072 -3.550044 -0.131510
-5.839751 -3.556571 -0.039414
-5.927149 -3.605336 0.058040
-6.260985 -3.792441 0.158981
-3.984953 -2.533576 -1.087767
-3.982624 -2.530027 -1.015534
-4.180419 -2.638574 -0.994342
-4.501364 -2.817720 -0.992815
-4.781850 -2.973552 -0.974251
-5.152654 -3.179608 -0.962045
-5.547420 -3.400183 -0.944584
-6.019522 -3.663181 -0.923424
-5.854399 -3.568941 -0.802305
-5.847105 -3.563815 -0.703594
-5.831448 -3.553858 -0.607258
-5.825158 -3.549296 -0.509716
-5.896950 -3.589867 -0.421827
-6.069371 -3.685795 -0.334433
-5.800770 -3.535819 -0.226642
-5.828072 -3.550044 -0.131510
-5.839751 -3.556571 -0.039414
-5.927149 -3.605336 0.058040
-6.260985 -3.792441 0.158981
-3.977180 -2.458320 -1.146068
-4.012664 -2.475692 -1.086432
-3.999985 -2.466567 -1.011632
-4.206109 -2.576061 -0.992281
-4.512250 -2.741328 -0.987024
-4.815578 -2.904468 -0.973063
-5.203091 -3.112848 -0.963475
-5.576581 -3.314701 -0.941650
-6.003490 -3.544621 -0.913158
-6.517782 -3.821475 -0.886937
-6.000842 -3.540362 -0.716167
-5.932665 -3.502234 -0.612577
-5.880789 -3.473104 -0.510066
-5.861874 -3.463261 -0.415331
-5.838789 -3.450253 -0.318055
-5.856232 -3.459948 -0.226492
-5.880214 -3.471876 -0.131098
-5.877908 -3.470615 -0.038763
-5.930796 -3.499110 0.058327
-6.348116 -3.725299 0.160494
-3.977180 -2.458320 -1.146068
-4.012664 -2.475692 -1.086432
-3.999985 -2.466567 -1.011632
-4.206109 -2.576061 -0.992281
-4.512250 -2.741328 -0.987024
-4.815578 -2.904468 -0.973063
-5.203091 -3.112848 -0.963475
-5.576581 -3.314701 -0.941650
-6.003490 -3.544621 -0.913158
-6.517782 -3.821475 -0.886937
-7.161995 -4.169206 -0.857108
-5.932665 -3.502234 -0.612577
-5.880789 -3.473104 -0.510066
-5.861874 -3.463261 -0.415331
-5.838789 -3.450253 -0.318055
-5.856232 -3.459948 -0.226492
-5.880214 -3.471876 -0.131098
-5.877908 -3.470615 -0.038763
-5.930796 -3.499110 0.058327
-6.348116 -3.725299 0.160494
-3.775424 -2.282190 -1.147957
-4.007258 -2.402419 -1.145675
-4.029213 -2.412036 -1.082306
-4.033627 -2.412147 -1.012111
-4.220475 -2.507828 -0.987771
-4.535794 -2.672432 -0.984293
-4.848313 -2.834967 -0.971882
-5.235192 -3.036079 -0.961664
-5.600938 -3.227175 -0.938132
-6.062573 -3.467656 -0.914713
-6.559601 -3.726254 -0.885335
-5.961251 -3.411765 -0.705397
-5.917122 -3.387463 -0.605726
-5.921296 -3.388600 -0.509177
-5.888093 -3.371604 -0.413474
-5.896667 -3.375572 -0.318279
-5.921333 -3.388722 -0.226781
-5.917138 -3.385475 -0.130347
-5.957342 -3.406483 -0.038502
-6.038974 -3.449056 0.059378
-6.466481 -3.673088 0.162733
-3.775424 -2.282190 -1.147957
-4.007258 -2.402419 -1.145675
-4.029213 -2.412036 -1.082306
-4.033627 -2.412147 -1.012111
-4.220475 -2.507828 -0.987771
-4.535794 -2.672432 -0.984293
-4.848313 -2.834967 -0.971882
-5.235192 -3.036079 -0.961664
-5.600938 -3.227175 -0.938132
-6.062573 -3.467656 -0.914713
-6.559601 -3.726254 -0.885335
-7.116979 -4.016973 -0.844528
-5.917122 -3.387463 -0.605726
-5.921296 -3.388600 -0.509177
-5.888093 -3.371604 -0.413474
-5.896667 -3.375572 -0.318279
-5.921333 -3.388722 -0.226781
-5.917138 -3.385475 -0.130347
-5.957342 -3.406483 -0.038502
-6.038974 -3.449056 0.059378
-6.466481 -3.673088 0.162733
-3.632842 -2.144215 -1.159692
-3.782425 -2.218600 -1.141319
-4.022738 -2.339066 -1.141338
-4.055172 -2.353642 -1.080985
-4.049134 -2.348371 -1.008224
-4.230270 -2.437870 -0.982451
-4.547793 -2.598028 -0.979285
-4.869513 -2.759721 -0.968591
-5.230961 -2.941122 -0.953373
-5.616886 -3.135988 -0.933440
-6.088852 -3.373557 -0.911450
-6.589407 -3.625176 -0.882301
-6.007983 -3.329812 -0.705248
-5.956412 -3.302522 -0.604789
-5.967712 -3.307186 -0.508920
-5.969897 -3.308660 -0.415724
-5.974990 -3.310706 -0.319702
-5.982018 -3.314493 -0.226931
-5.984923 -3.314902 -0.130384
-5.996860 -3.320902 -0.037899
-6.118343 -3.382167 0.060221
-6.473975 -3.562306 0.162461
-3.632842 -2.144215 -1.159692
-3.782425 -2.218600 -1.141319
-4.022738 -2.339066 -1.141338
-4.055172 -2.353642 -1.080985
-4.049134 -2.348371 -1.008224
-4.230270 -2.437870 -0.982451
-4.547793 -2.598028 -0.979285
-4.869513 -2.759721 -0.968591
-5.230961 -2.941122 -0.953373
-5.616886 -3.135988 -0.933440
-6.088852 -3.373557 -0.911450
-6.589407 -3.625176 -0.882301
-7.246582 -3.956555 -0.853169
-5.956412 -3.302522 -0.604789
-5.967712 -3.307186 -0.508920
-5.969897 -3.308660 -0.415724
-5.974990 -3.310706 -0.319702
-5.982018 -3.314493 -0.226931
-5.984923 -3.314902 -0.130384
-5.996860 -3.320902 -0.037899
-6.118343 -3.382167 0.060221
-6.473975 -3.562306 0.162461
-3.436245 -1.983653 -1.151387
-3.655121 -2.091454 -1.158248
-3.819568 -2.170559 -1.144097
-4.047670 -2.280829 -1.139971
-4.066324 -2.288075 -1.075945
-4.063651 -2.284578 -1.004346
-4.267064 -2.381865 -0.983690
-4.583288 -2.535854 -0.979618
-4.889564 -2.684383 -0.965311
-5.228655 -2.848558 -0.945747
-5.659812 -3.058841 -0.933505
-6.110130 -3.277607 -0.907664
-6.631947 -3.530914 -0.881202
-7.222203 -3.818157 -0.843596
-6.044593 -3.241563 -0.609015
-6.045264 -3.240830 -0.511469
-6.033152 -3.235274 -0.416698
-6.117270 -3.275803 -0.324701
-6.124405 -3.279512 -0.230383
-6.102204 -3.267596 -0.131628
-6.125019 -3.278687 -0.038080
-6.250939 -3.339991 0.061462
-6.864198 -3.639677 0.170886
-3.436245 -1.983653 -1.151387
-3.655121 -2.091454 -1.158248
-3.819568 -2.170559 -1.144097
-4.047670 -2.280829 -1.139971
-4.066324 -2.288075 -1.075945
-4.063651 -2.284578 -1.004346
-4.267064 -2.381865 -0.983690
-4.583288 -2.535854 -0.979618
-4.889564 -2.684383 -0.965311
-5.228655 -2.848558 -0.945747
-5.659812 -3.058841 -0.933505
-6.110130 -3.277607 -0.907664
-6.631947 -3.530914 -0.881202
-7.222203 -3.818157 -0.843596
-6.044593 -3.241563 -0.609015
-6.045264 -3.240830 -0.511469
-6.033152 -3.235274 -0.416698
-6.117270 -3.275803 -0.324701
-6.124405 -3.279512 -0.230383
-6.102204 -3.267596 -0.131628
-6.125019 -3.278687 -0.038080
-6.250939 -3.339991 0.061462
-3.298066 -1.862293 -1.155866
-3.442463 -1.927126 -1.145280
-3.648855 -2.025216 -1.148009
-3.817746 -2.103627 -1.135386
-4.064758 -2.218973 -1.136638
-4.079956 -2.224269 -1.071846
-4.084236 -2.224127 -1.002224
-4.299582 -2.323579 -0.984115
-4.596635 -2.463068 -0.975391
-4.919145 -2.614017 -0.964156
-5.292607 -2.788607 -0.950453
-5.676641 -2.969229 -0.929429
-6.137092 -3.185051 -0.904962
-6.651591 -3.425954 -0.877233
-7.256549 -3.709996 -0.841241
-6.132228 -3.178728 -0.613242
-6.122122 -3.172895 -0.514021
-6.146077 -3.184529 -0.421252
-6.172984 -3.196652 -0.324934
-6.252502 -3.234324 -0.233254
-6.208465 -3.212489 -0.132610
-6.238682 -3.226663 -0.038131
-6.481244 -3.340716 0.063440
-7.094968 -3.630085 0.175684
-3.298066 -1.862293 -1.155866
-3.442463 -1.927126 -1.145280
-3.648855 -2.025216 -1.148009
-3.817746 -2.103627 -1.135386
-4.064758 -2.218973 -1.136638
-4.079956 -2.224269 -1.071846
-4.084236 -2.224127 -1.002224
-4.299582 -2.323579 -0.984115
-4.596635 -2.463068 -0.975391
-4.919145 -2.614017 -0.964156
-5.292607 -2.788607 -0.950453
-5.676641 -2.969229 -0.929429
-6.137092 -3.185051 -0.904962
-6.651591 -3.425954 -0.877233
-7.256549 -3.709996 -0.841241
-6.132228 -3.178728 -0.613242
-6.122122 -3.172895 -0.514021
-6.146077 -3.184529 -0.421252
-6.172984 -3.196652 -0.324934
-6.252502 -3.234324 -0.233254
-6.208465 -3.212489 -0.132610
-6.238682 -3.226663 -0.038131
-6.481244 -3.340716 0.063440
-3.306038 -1.809561 -1.150716
-3.468658 -1.880340 -1.146126
-3.672919 -1.973942 -1.147679
-3.849908 -2.053203 -1.137131
-4.077388 -2.155417 -1.132326
-4.099679 -2.163711 -1.069616
-4.107479 -2.165115 -1.000983
-4.306369 -2.253419 -0.978821
-4.630287 -2.400127 -0.975739
-4.936969 -2.538397 -0.960894
-5.302016 -2.702835 -0.945442
-5.688478 -2.878052 -0.924773
-6.141017 -3.082479 -0.899061
-6.676835 -3.324369 -0.874239
-7.282048 -3.598276 -0.838055
-6.251919 -3.128848 -0.620776
-6.263618 -3.133071 -0.522159
-6.280559 -3.141106 -0.427333
-6.296796 -3.147913 -0.328934
-6.315001 -3.156385 -0.233551
-6.343501 -3.168216 -0.134273
-6.366644 -3.178657 -0.038301
-6.818382 -3.383533 0.066236
-3.306038 -1.809561 -1.150716
-3.468658 -1.880340 -1.146126
-3.672919 -1.973942 -1.147679
-3.849908 -2.053203 -1.137131
-4.077388 -2.155417 -1.132326
-4.099679 -2.163711 -1.069616
-4.107479 -2.165115 -1.000983
-4.306369 -2.253419 -0.978821
-4.630287 -2.400127 -0.975739
-4.936969 -2.538397 -0.960894
-5.302016 -2.702835 -0.945442
-5.688478 -2.878052 -0.924773
-6.141017 -3.082479 -0.899061
-6.676835 -3.324369 -0.874239
-7.282048 -3.598276 -0.838055
-8.007098 -3.926229 -0.798608
-6.263618 -3.133071 -0.522159
-6.280559 -3.141106 -0.427333
-6.296796 -3.147913 -0.328934
-6.315001 -3.156385 -0.233551
-6.343501 -3.168216 -0.134273
-6.366644 -3.178657 -0.038301
-6.818382 -3.383533 0.066236
-3.320156 -1.760005 -1.147999
-3.480211 -1.826950 -1.142349
-3.675159 -1.913006 -1.140758
-3.853149 -1.989759 -1.130527
-4.103228 -2.098145 -1.131967
-4.129191 -2.107687 -1.070186
-4.119156 -2.101116 -0.997130
-4.329965 -2.191346 -0.977626
-4.627125 -2.320878 -0.968488
-4.953644 -2.462735 -0.957643
-5.299225 -2.612534 -0.938501
-5.691636 -2.783893 -0.918945
-6.165069 -2.989912 -0.896385
-6.696908 -3.221100 -0.870778
-7.302203 -3.484919 -0.834461
-8.079162 -3.823459 -0.800111
-6.675556 -3.208117 -0.553224
-6.641761 -3.193681 -0.449197
-6.555870 -3.155512 -0.340240
-6.629253 -3.187808 -0.243676
-6.617735 -3.181615 -0.139159
-6.608082 -3.177316 -0.039394
-7.069965 -3.379053 0.068409
-3.320156 -1.760005 -1.147999
-3.480211 -1.826950 -1.142349
-3.675159 -1.913006 -1.140758
-3.853149 -1.989759 -1.130527
-4.103228 -2.098145 -1.131967
-4.129191 -2.107687 -1.070186
-4.119156 -2.101116 -0.997130
-4.329965 -2.191346 -0.977626
-4.627125 -2.320878 -0.968488
-4.953644 -2.462735 -0.957643
-5.299225 -2.612534 -0.938501
-5.691636 -2.783893 -0.918945
-6.165069 -2.989912 -0.896385
-6.696908 -3.221100 -0.870778
-7.302203 -3.484919 -0.834461
-8.079162 -3.823459 -0.800111
-6.675556 -3.208117 -0.553224
-6.641761 -3.193681 -0.449197
-6.555870 -3.155512 -0.340240
-6.629253 -3.187808 -0.243676
-6.617735 -3.181615 -0.139159
-6.608082 -3.177316 -0.039394
-3.333536 -1.710356 -1.145288
-3.490952 -1.773554 -1.138579
-3.672881 -1.850836 -1.132747
-3.869589 -1.932615 -1.128108
-4.103285 -2.029917 -1.124714
-4.140029 -2.043617 -1.066111
-4.155011 -2.047820 -0.999395
-4.341850 -2.124427 -0.973986
-4.644364 -2.251310 -0.965811
-4.947411 -2.377859 -0.950175
-5.327684 -2.536603 -0.937401
-5.711505 -2.697849 -0.916092
-6.220609 -2.911088 -0.898531
-6.686127 -3.105533 -0.863498
-7.320619 -3.371653 -0.830882
-8.109532 -3.702390 -0.797589
-6.980471 -3.225787 -0.574947
-7.380878 -3.394676 -0.496964
-6.739015 -3.123882 -0.347376
-7.008198 -3.237363 -0.256180
-6.990789 -3.228725 -0.041591
-3.333536 -1.710356 -1.145288
-3.490952 -1.773554 -1.138579
-3.672881 -1.850836 -1.132747
-3.869589 -1.932615 -1.128108
-4.103285 -2.029917 -1.124714
-4.140029 -2.043617 -1.066111
-4.155011 -2.047820 -0.999395
-4.341850 -2.124427 -0.973986
-4.644364 -2.251310 -0.965811
-4.947411 -2.377859 -0.950175
-5.327684 -2.536603 -0.937401
-5.711505 -2.697849 -0.916092
-6.220609 -2.911088 -0.898531
-6.686127 -3.105533 -0.863498
-7.320619 -3.371653 -0.830882
-8.109532 -3.702390 -0.797589
-8.612487 -3.912665 -0.712414
-9.139556 -4.134952 -0.618561
-6.739015 -3.123882 -0.347376
-3.342656 -1.659171 -1.141371
-3.515063 -1.725955 -1.139442
-3.694509 -1.799239 -1.132439
-3.881616 -1.873881 -1.124653
-4.138139 -1.976687 -1.127326
-4.164300 -1.985470 -1.065764
-4.172107 -1.986511 -0.997302
-4.345464 -2.054593 -0.968721
-4.667844 -2.184610 -0.964663
-4.987211 -2.312837 -0.951874
-5.336772 -2.452906 -0.933074
-5.726424 -2.610244 -0.912658
-6.209025 -2.804426 -0.891068
-6.736013 -3.016182 -0.864378
-7.348368 -3.262968 -0.828585
-8.075339 -3.555750 -0.788851
-8.677195 -3.797829 -0.712935
-9.140719 -3.985780 -0.614244
-9.829878 -4.263705 -0.509136
-3.342656 -1.659171 -1.141371
-3.515063 -1.725955 -1.139442
-3.694509 -1.799239 -1.132439
-3.881616 -1.873881 -1.124653
-4.138139 -1.976687 -1.127326
-4.164300 -1.985470 -1.065764
-4.172107 -1.986511 -0.997302
-4.345464 -2.054593 -0.968721
-4.667844 -2.184610 -0.964663
-4.987211 -2.312837 -0.951874
-5.336772 -2.452906 -0.933074
-5.726424 -2.610244 -0.912658
-6.209025 -2.804426 -0.891068
-6.736013 -3.016182 -0.864378
-7.348368 -3.262968 -0.828585
-8.075339 -3.555750 -0.788851
-8.677195 -3.797829 -0.712935
-9.140719 -3.985780 -0.614244
-9.829878 -4.263705 -0.509136
-3.336813 -1.602422 -1.132614
-3.520706 -1.670974 -1.134528
-3.722572 -1.750161 -1.134333
-3.889165 -1.813725 -1.120162
-4.157868 -1.917169 -1.126003
-4.176889 -1.922738 -1.062635
-4.202846 -1.930760 -0.998706
-4.351626 -1.986446 -0.964284
-4.683053 -2.114788 -0.962004
-4.974800 -2.227089 -0.943726
-5.366636 -2.377997 -0.932640
-5.758446 -2.529877 -0.912192
-6.240016 -2.715862 -0.890030
-6.747694 -2.911598 -0.860480
-7.370805 -3.152676 -0.825880
-8.079488 -3.426612 -0.784168
-8.688328 -3.661686 -0.709141
-9.154393 -3.843120 -0.610965
-9.713261 -4.059307 -0.499291
-3.336813 -1.602422 -1.132614
-3.520706 -1.670974 -1.134528
-3.722572 -1.750161 -1.134333
-3.889165 -1.813725 -1.120162
-4.157868 -1.917169 -1.126003
-4.176889 -1.922738 -1.062635
-4.202846 -1.930760 -0.998706
-4.351626 -1.986446 -0.964284
-4.683053 -2.114788 -0.962004
-4.974800 -2.227089 -0.943726
-5.366636 -2.377997 -0.932640
-5.758446 -2.529877 -0.912192
-6.240016 -2.715862 -0.890030
-6.747694 -2.911598 -0.860480
-7.370805 -3.152676 -0.825880
-8.079488 -3.426612 -0.784168
-8.688328 -3.661686 -0.709141
-9.154393 -3.843120 -0.610965
-9.713261 -4.059307 -0.499291
-3.383530 -1.566330 -1.142038
-3.543420 -1.622873 -1.135403
-3.721195 -1.689742 -1.127445
-3.924708 -1.764556 -1.124023
-4.158600 -1.850609 -1.119762
-4.199468 -1.864091 -1.062302
-4.196292 -1.860774 -0.991395
-4.367741 -1.922595 -0.962305
-4.686193 -2.040784 -0.957076
-4.997858 -2.155878 -0.942627
-5.388055 -2.299916 -0.930921
-5.767106 -2.440766 -0.908189
-6.247463 -2.618609 -0.885800
-6.746613 -2.803059 -0.855162
-7.410237 -3.049288 -0.825297
-8.096546 -3.303562 -0.780967
-8.663727 -3.513394 -0.702588
-9.188321 -3.709163 -0.609226
-9.839992 -3.950969 -0.502451
-3.383530 -1.566330 -1.142038
-3.543420 -1.622873 -1.135403
-3.721195 -1.689742 -1.127445
-3.924708 -1.764556 -1.124023
-4.158600 -1.850609 -1.119762
-4.199468 -1.864091 -1.062302
-4.196292 -1.860774 -0.991395
-4.367741 -1.922595 -0.962305
-4.686193 -2.040784 -0.957076
-4.997858 -2.155878 -0.942627
-5.388055 -2.299916 -0.930921
-5.767106 -2.440766 -0.908189
-6.247463 -2.618609 -0.885800
-6.746613 -2.803059 -0.855162
-7.410237 -3.049288 -0.825297
-8.096546 -3.303562 -0.780967
-8.663727 -3.513394 -0.702588
-9.188321 -3.709163 -0.609226
-9.839992 -3.950969 -0.502451
-3.383292 -1.512312 -1.135718
-3.561876 -1.573108 -1.135126
-3.740567 -1.637488 -1.127155
-3.930575 -1.704212 -1.119547
-4.202061 -1.800114 -1.125346
-4.232209 -1.809085 -1.064763
-4.229023 -1.805813 -0.993684
-4.390296 -1.861271 -0.961966
-4.706669 -1.973676 -0.955953
-5.016194 -2.083076 -0.940833
-5.371178 -2.208348 -0.922749
-5.763232 -2.347857 -0.902427
-6.264618 -2.525627 -0.883184
-6.803665 -2.716437 -0.857509
-7.433237 -2.940010 -0.823040
-8.130509 -3.187344 -0.779611
-8.662987 -3.375829 -0.698219
-9.224058 -3.576294 -0.607758
-9.476374 -3.665392 -0.480120
-3.383292 -1.512312 -1.135718
-3.561876 -1.573108 -1.135126
-3.740567 -1.637488 -1.127155
-3.930575 -1.704212 -1.119547
-4.202061 -1.800114 -1.125346
-4.232209 -1.809085 -1.064763
-4.229023 -1.805813 -0.993684
-4.390296 -1.861271 -0.961966
-4.706669 -1.973676 -0.955953
-5.016194 -2.083076 -0.940833
-5.371178 -2.208348 -0.922749
-5.763232 -2.347857 -0.902427
-6.264618 -2.525627 -0.883184
-6.803665 -2.716437 -0.857509
-7.433237 -2.940010 -0.823040
-8.130509 -3.187344 -0.779611
-8.662987 -3.375829 -0.698219
-9.224058 -3.576294 -0.607758
-9.476374 -3.665392 -0.480120
-3.396618 -1.463547 -1.134250
-3.572396 -1.520592 -1.132545
-3.751936 -1.582459 -1.124676
-3.935525 -1.643997 -1.115079
-4.197268 -1.732298 -1.118137
-4.242158 -1.745883 -1.061655
-4.242577 -1.743907 -0.991621
-4.423104 -1.803453 -0.964081
-4.715043 -1.902523 -0.952563
-5.014848 -2.003752 -0.935534
-5.408827 -2.136819 -0.924282
-5.784099 -2.264444 -0.900812
-6.295404 -2.437755 -0.882712
-6.791962 -2.605617 -0.851264
-7.462163 -2.833206 -0.821639
-8.166578 -3.072059 -0.778634
-8.682754 -3.246645 -0.695719
-9.254100 -3.441816 -0.606053
-9.405519 -3.492557 -0.473337
-9.698512 -3.592623 -0.346302
-3.396618 -1.463547 -1.134250
-3.572396 -1.520592 -1.132545
-3.751936 -1.582459 -1.124676
-3.935525 -1.643997 -1.115079
-4.197268 -1.732298 -1.118137
-4.242158 -1.745883 -1.061655
-4.242577 -1.743907 -0.991621
-4.423104 -1.803453 -0.964081
-4.715043 -1.902523 -0.952563
-5.014848 -2.003752 -0.935534
-5.408827 -2.136819 -0.924282
-5.784099 -2.264444 -0.900812
-6.295404 -2.437755 -0.882712
-6.791962 -2.605617 -0.851264
-7.462163 -2.833206 -0.821639
-8.166578 -3.072059 -0.778634
-8.682754 -3.246645 -0.695719
-9.254100 -3.441816 -0.606053
-9.405519 -3.492557 -0.473337
-9.698512 -3.592623 -0.346302
-3.409246 -1.414647 -1.132787
-3.585786 -1.469230 -1.131125
-3.751545 -1.523757 -1.118910
-3.972579 -1.594793 -1.119998
-4.209823 -1.670966 -1.115859
-4.265959 -1.687553 -1.062271
-4.277490 -1.689217 -0.994793
-4.429105 -1.736489 -0.960493
-4.722354 -1.831461 -0.949182
-5.034731 -1.932155 -0.934462
-5.430519 -2.059705 -0.923239
-5.803767 -2.180844 -0.899207
-6.302350 -2.342075 -0.879054
-6.801160 -2.502977 -0.847902
-7.485780 -2.724870 -0.819831
-8.204808 -2.957557 -0.778036
-8.730953 -3.127378 -0.695699
-9.259421 -3.299717 -0.602849
-9.495079 -3.375513 -0.474996
-9.770455 -3.465287 -0.346575
-3.409246 -1.414647 -1.132787
-3.585786 -1.469230 -1.131125
-3.751545 -1.523757 -1.118910
-3.972579 -1.594793 -1.119998
-4.209823 -1.670966 -1.115859
-4.265959 -1.687553 -1.062271
-4.277490 -1.689217 -0.994793
-4.429105 -1.736489 -0.960493
-4.722354 -1.831461 -0.949182
-5.034731 -1.932155 -0.934462
-5.430519 -2.059705 -0.923239
-5.803767 -2.180844 -0.899207
-6.302350 -2.342075 -0.879054
-6.801160 -2.502977 -0.847902
-7.485780 -2.724870 -0.819831
-8.204808 -2.957557 -0.778036
-8.730953 -3.127378 -0.695699
-9.259421 -3.299717 -0.602849
-9.495079 -3.375513 -0.474996
-9.770455 -3.465287 -0.346575
-3.587481 -1.414291 -1.126246
-3.783274 -1.475712 -1.123029
-3.957441 -1.528622 -1.110336
-4.217787 -1.608409 -1.112604
-4.300097 -1.632337 -1.065678
-4.285618 -1.625684 -0.991873
-4.437842 -1.670825 -0.957730
-4.743602 -1.765193 -0.948843
-5.031037 -1.853314 -0.929185
-5.432268 -1.976485 -0.918978
-5.803342 -2.091210 -0.894663
-6.319213 -2.250159 -0.877006
-6.846748 -2.412320 -0.849325
-7.496434 -2.612841 -0.816775
-8.260454 -2.848440 -0.779275
-8.754658 -3.000261 -0.693846
-9.308340 -3.172283 -0.602694
-9.632805 -3.271979 -0.479201
-9.840730 -3.336593 -0.346859
-3.587481 -1.414291 -1.126246
-3.783274 -1.475712 -1.123029
-3.957441 -1.528622 -1.110336
-4.217787 -1.608409 -1.112604
-4.300097 -1.632337 -1.065678
-4.285618 -1.625684 -0.991873
-4.437842 -1.670825 -0.957730
-4.743602 -1.765193 -0.948843
-5.031037 -1.853314 -0.929185
-5.432268 -1.976485 -0.918978
-5.803342 -2.091210 -0.894663
-6.319213 -2.250159 -0.877006
-6.846748 -2.412320 -0.849325
-7.496434 -2.612841 -0.816775
-8.260454 -2.848440 -0.779275
-8.754658 -3.000261 -0.693846
-9.308340 -3.172283 -0.602694
-9.632805 -3.271979 -0.479201
-9.840730 -3.336593 -0.346859
-3.625033 -1.370521 -1.132923
-3.799652 -1.422611 -1.122763
-3.970839 -1.471977 -1.109017
-4.232261 -1.548119 -1.111325
-4.307424 -1.568665 -1.062593
-4.311521 -1.567766 -0.993315
-4.453121 -1.607432 -0.956605
-4.778984 -1.703104 -0.951544
-5.052560 -1.782732 -0.928834
-5.459257 -1.901408 -0.919245
-5.805347 -2.003082 -0.890722
-6.300528 -2.148058 -0.870180
-6.856852 -2.310698 -0.846464
-7.524501 -2.506624 -0.815835
-8.238242 -2.715746 -0.773234
-8.776522 -2.873039 -0.692009
-9.290415 -3.024877 -0.598267
-9.734984 -3.155031 -0.481653
-10.055020 -3.249513 -0.352466
-3.625033 -1.370521 -1.132923
-3.799652 -1.422611 -1.122763
-3.970839 -1.471977 -1.109017
-4.232261 -1.548119 -1.111325
-4.307424 -1.568665 -1.062593
-4.311521 -1.567766 -0.993315
-4.453121 -1.607432 -0.956605
-4.778984 -1.703104 -0.951544
-5.052560 -1.782732 -0.928834
-5.459257 -1.901408 -0.919245
-5.805347 -2.003082 -0.890722
-6.300528 -2.148058 -0.870180
-6.856852 -2.310698 -0.846464
-7.524501 -2.506624 -0.815835
-8.238242 -2.715746 -0.773234
-8.776522 -2.873039 -0.692009
-9.290415 -3.024877 -0.598267
-9.734984 -3.155031 -0.481653
-10.055020 -3.249513 -0.352466
-5.259244 -0.686248 0.886828
-5.446347 -0.699486 0.999708
-5.259244 -0.686248 0.886828
-5.446347 -0.699486 0.999708
-3.647327 -1.321736 -1.134984
-3.789387 -1.361926 -1.114826
-3.987147 -1.416257 -1.108746
-4.249606 -1.488742 -1.111037
-4.336279 -1.511408 -1.065083
-4.325371 -1.506204 -0.992151
-4.452421 -1.539635 -0.952229
-4.779532 -1.630736 -0.947431
-5.073094 -1.711856 -0.928492
-5.443403 -1.814164 -0.912427
-5.813647 -1.917392 -0.887972
-6.348942 -2.066142 -0.872945
-6.865459 -2.209210 -0.843617
-7.547237 -2.399005 -0.814487
-8.248472 -2.593841 -0.770492
-8.811908 -2.750035 -0.691417
-9.270201 -2.878537 -0.593862
-9.824227 -3.032582 -0.483528
-10.803892 -3.306716 -0.377459
-5.328722 -0.655002 0.821406
-5.340690 -0.654840 0.899933
-5.350951 -0.654377 0.982142
-5.340936 -0.652204 1.058199
-3.647327 -1.321736 -1.134984
-3.789387 -1.361926 -1.114826
-3.987147 -1.416257 -1.108746
-4.249606 -1.488742 -1.111037
-4.336279 -1.511408 -1.065083
-4.325371 -1.506204 -0.992151
-4.452421 -1.539635 -0.952229
-4.779532 -1.630736 -0.947431
-5.073094 -1.711856 -0.928492
-5.443403 -1.814164 -0.912427
-5.813647 -1.917392 -0.887972
-6.348942 -2.066142 -0.872945
-6.865459 -2.209210 -0.843617
-7.547237 -2.399005 -0.814487
-8.248472 -2.593841 -0.770492
-8.811908 -2.750035 -0.691417
-9.270201 -2.878537 -0.593862
-9.824227 -3.032582 -0.483528
-10.803892 -3.306716 -0.377459
-5.328722 -0.655002 0.821406
-5.340690 -0.654840 0.899933
-5.350951 -0.654377 0.982142
-5.340936 -0.652204 1.058199
-5.331205 -0.617592 0.821513
-5.315597 -0.615601 0.895490
-5.333781 -0.615565 0.978713
-5.300287 -0.611994 1.049922
-5.331205 -0.617592 0.821513
-5.315597 -0.615601 0.895490
-5.333781 -0.615565 0.978713
-5.300287 -0.611994 1.049922
-3.624587 -1.260594 -1.123200
-3.815318 -1.311753 -1.117864
-3.995214 -1.358312 -1.106399
-4.262374 -1.428126 -1.109773
-4.338065 -1.446551 -1.061086
-4.349661 -1.447536 -0.993606
-4.469619 -1.477167 -0.951935
-4.782790 -1.559645 -0.944086
-5.085025 -1.638677 -0.926754
-5.460521 -1.736815 -0.911424
-5.816868 -1.830794 -0.884644
-6.361809 -1.974083 -0.870933
-6.853380 -2.102792 -0.838402
-7.537677 -2.283036 -0.809797
-8.276163 -2.477232 -0.769586
-8.822440 -2.620430 -0.688998
-9.336485 -2.756810 -0.595266
-9.900352 -2.905139 -0.484829
-10.876040 -3.163517 -0.377864
-5.317631 -0.579279 0.819238
-5.298102 -0.577177 0.892344
-5.292747 -0.575698 0.971038
-5.290706 -0.574119 1.047739
-3.624587 -1.260594 -1.123200
-3.815318 -1.311753 -1.117864
-3.995214 -1.358312 -1.106399
-4.262374 -1.428126 -1.109773
-4.338065 -1.446551 -1.061086
-4.349661 -1.447536 -0.993606
-4.469619 -1.477167 -0.951935
-4.782790 -1.559645 -0.944086
-5.085025 -1.638677 -0.926754
-5.460521 -1.736815 -0.911424
-5.816868 -1.830794 -0.884644
-6.361809 -1.974083 -0.870933
-6.853380 -2.102792 -0.838402
-7.537677 -2.283036 -0.809797
-8.276163 -2.477232 -0.769586
-8.822440 -2.620430 -0.688998
-9.336485 -2.756810 -0.595266
-9.900352 -2.905139 -0.484829
-10.876040 -3.163517 -0.377864
-5.317631 -0.579279 0.819238
-5.298102 -0.577177 0.892344
-5.292747 -0.575698 0.971038
-5.290706 -0.574119 1.047739
-5.295882 -0.540776 0.815769
-5.300042 -0.539974 0.892446
-5.290743 -0.538335 0.970432
-5.288701 -0.536767 1.047078
-5.295882 -0.540776 0.815769
-5.300042 -0.539974 0.892446
-5.290743 -0.538335 0.970432
-5.288701 -0.536767 1.047078
-3.608284 -1.202174 -1.113734
-3.821948 -1.256321 -1.115426
-4.017420 -1.304160 -1.108224
-4.263007 -1.364527 -1.105567
-4.384158 -1.393332 -1.068225
-4.361802 -1.385556 -0.992457
-4.497340 -1.417331 -0.954091
-4.785003 -1.488721 -0.940751
-5.107366 -1.568319 -0.927130
-5.476547 -1.659281 -0.910430
-5.841836 -1.750196 -0.884860
-6.369505 -1.881042 -0.868400
-6.885911 -2.008656 -0.838917
-7.549516 -2.173532 -0.807639
-8.228787 -2.341929 -0.761783
-8.099793 -2.308256 -0.628652
-9.428287 -2.640500 -0.598442
-9.990339 -2.779967 -0.486918
-10.849336 -2.994654 -0.374808
-5.309425 -0.504099 0.817654
-5.313552 -0.503260 0.894495
-5.300278 -0.501513 0.971946
-5.302126 -0.500114 1.049464
-3.608284 -1.202174 -1.113734
-3.821948 -1.256321 -1.115426
-4.017420 -1.304160 -1.108224
-4.263007 -1.364527 -1.105567
-4.384158 -1.393332 -1.068225
-4.361802 -1.385556 -0.992457
-4.497340 -1.417331 -0.954091
-4.785003 -1.488721 -0.940751
-5.107366 -1.568319 -0.927130
-5.476547 -1.659281 -0.910430
-5.841836 -1.750196 -0.884860
-6.369505 -1.881042 -0.868400
-6.885911 -2.008656 -0.838917
-7.549516 -2.173532 -0.807639
-8.228787 -2.341929 -0.761783
-8.796257 -2.482300 -0.683837
-9.428287 -2.640500 -0.598442
-9.990339 -2.779967 -0.486918
-10.849336 -2.994654 -0.374808
-5.309425 -0.504099 0.817654
-5.313552 -0.503260 0.894495
-5.300278 -0.501513 0.971946
-5.302126 -0.500114 1.049464
-5.306903 -0.466688 0.817156
-5.322864 -0.466231 0.895893
-5.313492 -0.464707 0.974165
-5.303524 -0.462879 1.049560
-5.306903 -0.466688 0.817156
-5.322864 -0.466231 0.895893
-5.313492 -0.464707 0.974165
-5.303524 -0.462879 1.049560
-3.824036 -1.200012 -1.111898
-4.016354 -1.244212 -1.103810
-4.240070 -1.295737 -1.095475
-4.391755 -1.330040 -1.066097
-4.403450 -1.330692 -0.998272
-4.482343 -1.347015 -0.947299
-4.778528 -1.416177 -0.935911
-5.109573 -1.493071 -0.924007
-5.464580 -1.575232 -0.904937
-5.869540 -1.670118 -0.885675
-6.375848 -1.788121 -0.865880
-6.874627 -1.903952 -0.834206
-7.555900 -2.063183 -0.805076
-8.283957 -2.233019 -0.763818
-8.189475 -2.209353 -0.633052
-8.100220 -2.188574 -0.509968
-8.145768 -2.198457 -0.392587
-10.858967 -2.836257 -0.373166
-5.343657 -0.430441 0.822608
-5.363481 -0.429969 0.902491
-5.350063 -0.428385 0.980628
-5.355691 -0.427043 1.059568
-3.824036 -1.200012 -1.111898
-4.016354 -1.244212 -1.103810
-4.240070 -1.295737 -1.095475
-4.391755 -1.330040 -1.066097
-4.403450 -1.330692 -0.998272
-4.482343 -1.347015 -0.947299
-4.778528 -1.416177 -0.935911
-5.109573 -1.493071 -0.924007
-5.464580 -1.575232 -0.904937
-5.869540 -1.670118 -0.885675
-6.375848 -1.788121 -0.865880
-6.874627 -1.903952 -0.834206
-7.555900 -2.063183 -0.805076
-8.283957 -2.233019 -0.763818
-8.189475 -2.209353 -0.633052
-8.100220 -2.188574 -0.509968
-10.249880 -2.693022 -0.497553
-10.858967 -2.836257 -0.373166
-5.343657 -0.430441 0.822608
-5.363481 -0.429969 0.902491
-5.350063 -0.428385 0.980628
-5.355691 -0.427043 1.059568
-5.372254 -0.393524 0.826868
-5.339154 -0.390578 0.978598
-5.372254 -0.393524 0.826868
-3.821548 -1.142992 -1.107282
-4.021940 -1.186187 -1.101485
-4.257674 -1.237120 -1.096200
-4.406039 -1.268451 -1.065831
-4.429171 -1.271481 -1.000614
-4.477736 -1.279892 -0.942959
-4.809309 -1.352573 -0.938649
-5.110679 -1.418013 -0.920895
-5.478322 -1.497767 -0.903963
-5.838203 -1.576718 -0.877672
-6.380842 -1.695336 -0.863372
-6.881161 -1.804186 -0.831890
-7.537373 -1.947879 -0.800015
-8.263779 -2.106666 -0.758961
-8.277967 -2.108340 -0.637458
-8.262557 -2.105139 -0.518262
-8.234217 -2.098046 -0.395198
-8.074990 -2.062996 -0.272483
-8.129255 -2.073521 -0.154560
-3.821548 -1.142992 -1.107282
-4.021940 -1.186187 -1.101485
-4.257674 -1.237120 -1.096200
-4.406039 -1.268451 -1.065831
-4.429171 -1.271481 -1.000614
-4.477736 -1.279892 -0.942959
-4.809309 -1.352573 -0.938649
-5.110679 -1.418013 -0.920895
-5.478322 -1.497767 -0.903963
-5.838203 -1.576718 -0.877672
-6.380842 -1.695336 -0.863372
-6.881161 -1.804186 -0.831890
-7.537373 -1.947879 -0.800015
-8.263779 -2.106666 -0.758961
-8.277967 -2.108340 -0.637458
-8.262557 -2.105139 -0.518262
-8.234217 -2.098046 -0.395198
-8.074990 -2.062996 -0.272483
-8.129255 -2.073521 -0.154560
-3.840806 -1.090971 -1.109248
-4.026692 -1.128193 -1.099168
-4.263084 -1.175827 -1.093985
-4.442314 -1.211444 -1.071132
-4.431165 -1.206977 -0.997746
-4.483638 -1.215498 -0.941069
-4.808479 -1.281942 -0.935341
-5.110691 -1.343162 -0.917793
-5.475507 -1.416969 -0.900425
-5.840286 -1.491680 -0.874979
-6.345670 -1.594682 -0.855569
-6.921262 -1.711780 -0.833866
-7.540486 -1.838262 -0.797483
-8.280714 -1.989296 -0.757753
-8.951183 -2.125855 -0.687752
-8.388930 -2.010295 -0.524298
-8.164905 -1.963326 -0.390073
-8.126530 -1.955455 -0.272981
-8.102600 -1.949095 -0.153034
-8.139409 -1.956390 -0.039179
-8.256942 -1.980143 0.081888
-3.840806 -1.090971 -1.109248
-4.026692 -1.128193 -1.099168
-4.263084 -1.175827 -1.093985
-4.442314 -1.211444 -1.071132
-4.431165 -1.206977 -0.997746
-4.483638 -1.215498 -0.941069
-4.808479 -1.281942 -0.935341
-5.110691 -1.343162 -0.917793
-5.475507 -1.416969 -0.900425
-5.840286 -1.491680 -0.874979
-6.345670 -1.594682 -0.855569
-6.921262 -1.711780 -0.833866
-7.540486 -1.838262 -0.797483
-8.280714 -1.989296 -0.757753
-8.951183 -2.125855 -0.687752
-8.388930 -2.010295 -0.524298
-8.164905 -1.963326 -0.390073
-8.126530 -1.955455 -0.272981
-8.102600 -1.949095 -0.153034
-8.139409 -1.956390 -0.039179
-8.256942 -1.980143 0.081888
-3.851806 -1.037106 -1.109028
-4.023030 -1.068766 -1.094778
-4.286645 -1.118281 -1.096688
-4.462575 -1.150650 -1.072732
-4.482053 -1.152280 -1.006184
-4.488618 -1.151138 -0.939188
-4.829757 -1.216017 -0.936581
-5.125082 -1.271520 -0.917503
-5.487016 -1.339478 -0.899471
-5.845022 -1.407590 -0.872884
-6.355662 -1.504270 -0.854149
-6.901615 -1.607329 -0.828722
-7.713918 -1.761848 -0.813371
-8.198178 -1.853082 -0.747489
-8.286687 -1.868565 -0.633450
-8.231937 -1.858254 -0.512305
-8.246502 -1.860177 -0.392512
-8.207623 -1.851293 -0.154272
-8.134535 -1.837041 -0.038540
-8.150235 -1.839626 0.081300
-8.215325 -1.852216 0.196604
-3.851806 -1.037106 -1.109028
-4.023030 -1.068766 -1.094778
-4.286645 -1.118281 -1.096688
-4.462575 -1.150650 -1.072732
-4.482053 -1.152280 -1.006184
-4.488618 -1.151138 -0.939188
-4.829757 -1.216017 -0.936581
-5.125082 -1.271520 -0.917503
-5.487016 -1.339478 -0.899471
-5.845022 -1.407590 -0.872884
-6.355662 -1.504270 -0.854149
-6.901615 -1.607329 -0.828722
-7.713918 -1.761848 -0.813371
-8.198178 -1.853082 -0.747489
-8.286687 -1.868565 -0.633450
-8.231937 -1.858254 -0.512305
-10.102643 -2.215201 -0.483964
-8.207623 -1.851293 -0.154272
-8.134535 -1.837041 -0.038540
-8.150235 -1.839626 0.081300
-8.215325 -1.852216 0.196604
-3.835556 -0.978281 -1.101149
-4.060308 -1.017165 -1.101834
-4.282719 -1.055427 -1.092524
-4.493497 -1.091535 -1.077117
-4.490001 -1.088747 -1.005068
-4.500391 -1.088196 -0.938941
-4.846269 -1.148996 -0.937072
-5.134596 -1.198984 -0.916522
-5.477998 -1.258418 -0.895311
-5.856345 -1.324982 -0.871976
-6.356566 -1.412439 -0.851680
-6.903875 -1.507861 -0.826444
-7.690812 -1.646158 -0.808350
-8.203692 -1.735475 -0.745590
-8.359150 -1.761518 -0.636969
-8.292514 -1.749881 -0.514357
-8.558928 -1.796114 -0.406354
-8.421756 -1.770350 -0.157770
-8.332752 -1.754322 -0.039244
-8.175169 -1.726061 0.081777
-8.220735 -1.734250 0.196705
-3.835556 -0.978281 -1.101149
-4.060308 -1.017165 -1.101834
-4.282719 -1.055427 -1.092524
-4.493497 -1.091535 -1.077117
-4.490001 -1.088747 -1.005068
-4.500391 -1.088196 -0.938941
-4.846269 -1.148996 -0.937072
-5.134596 -1.198984 -0.916522
-5.477998 -1.258418 -0.895311
-5.856345 -1.324982 -0.871976
-6.356566 -1.412439 -0.851680
-6.903875 -1.507861 -0.826444
-7.690812 -1.646158 -0.808350
-8.203692 -1.735475 -0.745590
-8.359150 -1.761518 -0.636969
-8.292514 -1.749881 -0.514357
-8.332752 -1.754322 -0.039244
-8.220735 -1.734250 0.196705
-4.047396 -0.956431 -1.095380
-4.297005 -0.996026 -1.093277
-4.519797 -1.031095 -1.080581
-4.524018 -1.029621 -1.010040
-4.522876 -1.027007 -0.941140
-4.826969 -1.075965 -0.930767
-5.131427 -1.124467 -0.913449
-5.483378 -1.180374 -0.893734
-5.870408 -1.242922 -0.871665
-6.344411 -1.318908 -0.847632
-6.873351 -1.403479 -0.820380
-7.540347 -1.510936 -0.789975
-8.270436 -1.628265 -0.749506
-8.410551 -1.649564 -0.638969
-8.320142 -1.635004 -0.514419
-8.571404 -1.674937 -0.405516
-9.697082 -1.856080 -0.182864
-8.249851 -1.620436 0.082662
-9.655183 -1.850437 0.505070
-9.586501 -1.840295 0.775417
-9.633486 -1.848978 0.921196
-4.047396 -0.956431 -1.095380
-4.297005 -0.996026 -1.093277
-4.519797 -1.031095 -1.080581
-4.524018 -1.029621 -1.010040
-4.522876 -1.027007 -0.941140
-4.826969 -1.075965 -0.930767
-5.131427 -1.124467 -0.913449
-5.483378 -1.180374 -0.893734
-5.870408 -1.242922 -0.871665
-6.344411 -1.318908 -0.847632
-6.873351 -1.403479 -0.820380
-7.540347 -1.510936 -0.789975
-8.270436 -1.628265 -0.749506
-8.410551 -1.649564 -0.638969
-8.320142 -1.635004 -0.514419
-9.655183 -1.850437 0.505070
-9.633486 -1.848978 0.921196
-4.067954 -0.901435 -1.098288
-4.298968 -0.934632 -1.091093
-4.533742 -0.968332 -1.081274
-4.537953 -0.966791 -1.010676
-4.540658 -0.964767 -0.942533
-4.853196 -1.010641 -0.933542
-5.146658 -1.053137 -0.913885
-5.495460 -1.103538 -0.893453
-5.887239 -1.161258 -0.871952
-6.350500 -1.228862 -0.846248
-6.892338 -1.307791 -0.820503
-7.564710 -1.406506 -0.790425
-8.272732 -1.510116 -0.747634
-8.484123 -1.539972 -0.642810
-8.425161 -1.531355 -0.519490
-8.562409 -1.550778 -0.403729
-8.519863 -1.544444 -0.282089
-8.440343 -1.531137 -0.156494
-9.696240 -1.716632 -0.046786
-9.656618 -1.710236 0.094512
-9.611100 -1.703638 0.227412
-8.207161 -1.496250 0.317184
-9.620840 -1.706922 0.502763
-9.656977 -1.708457 0.644371
-9.593849 -1.705409 1.051556
-4.067954 -0.901435 -1.098288
-4.298968 -0.934632 -1.091093
-4.533742 -0.968332 -1.081274
-4.537953 -0.966791 -1.010676
-4.540658 -0.964767 -0.942533
-4.853196 -1.010641 -0.933542
-5.146658 -1.053137 -0.913885
-5.495460 -1.103538 -0.893453
-5.887239 -1.161258 -0.871952
-6.350500 -1.228862 -0.846248
-6.892338 -1.307791 -0.820503
-7.564710 -1.406506 -0.790425
-8.272732 -1.510116 -0.747634
-8.484123 -1.539972 -0.642810
-8.425161 -1.531355 -0.519490
-8.562409 -1.550778 -0.403729
-9.650837 -1.712037 -0.321407
-8.440343 -1.531137 -0.156494
-9.696240 -1.716632 -0.046786
-9.611100 -1.703638 0.227412
-9.618851 -1.705122 0.369049
-4.072459 -0.843884 -1.097046
-4.303898 -0.873852 -1.089897
-4.535251 -0.903740 -1.079197
-4.554886 -0.904247 -1.012186
-4.584750 -0.905875 -0.949621
-4.835725 -0.938922 -0.928012
-5.145289 -0.979429 -0.911531
-5.498642 -1.025482 -0.891895
-5.851960 -1.072424 -0.864616
-6.339597 -1.136729 -0.842755
-6.898186 -1.210202 -0.819214
-7.674367 -1.313297 -0.800071
-8.289142 -1.394286 -0.747226
-9.133406 -1.505959 -0.691168
-8.524937 -1.424506 -0.524317
-8.464506 -1.415474 -0.397724
-8.453505 -1.413957 -0.278786
-8.433226 -1.409710 -0.155599
-4.072459 -0.843884 -1.097046
-4.303898 -0.873852 -1.089897
-4.535251 -0.903740 -1.079197
-4.554886 -0.904247 -1.012186
-4.584750 -0.905875 -0.949621
-4.835725 -0.938922 -0.928012
-5.145289 -0.979429 -0.911531
-5.498642 -1.025482 -0.891895
-5.851960 -1.072424 -0.864616
-6.339597 -1.136729 -0.842755
-6.898186 -1.210202 -0.819214
-7.674367 -1.313297 -0.800071
-8.289142 -1.394286 -0.747226
-9.133406 -1.505959 -0.691168
-8.524937 -1.424506 -0.524317
-8.464506 -1.415474 -0.397724
-8.453505 -1.413957 -0.278786
-8.433226 -1.409710 -0.155599
-4.068487 -0.785383 -1.093733
-4.269486 -0.808316 -1.078900
-4.547431 -0.840670 -1.079905
-4.594213 -0.844217 -1.018912
-4.604752 -0.843044 -0.951838
-4.825003 -0.868785 -0.924004
-5.135049 -0.904964 -0.907788
-5.508559 -0.948451 -0.891633
-5.866425 -0.990928 -0.864923
-6.362792 -1.049366 -0.844042
-6.808017 -1.101258 -0.806555
-7.589344 -1.193977 -0.789274
-8.280200 -1.275394 -0.744661
-8.931869 -1.352004 -0.673978
-8.575793 -1.309418 -0.526157
-8.511299 -1.300740 -0.398861
-8.448691 -1.293183 -0.277699
-8.456139 -1.292531 -0.155358
-8.521250 -1.299955 -0.038309
-4.068487 -0.785383 -1.093733
-4.269486 -0.808316 -1.078900
-4.547431 -0.840670 -1.079905
-4.594213 -0.844217 -1.018912
-4.604752 -0.843044 -0.951838
-4.825003 -0.868785 -0.924004
-5.135049 -0.904964 -0.907788
-5.508559 -0.948451 -0.891633
-5.866425 -0.990928 -0.864923
-6.362792 -1.049366 -0.844042
-6.808017 -1.101258 -0.806555
-7.589344 -1.193977 -0.789274
-8.280200 -1.275394 -0.744661
-8.931869 -1.352004 -0.673978
-8.575793 -1.309418 -0.526157
-8.511299 -1.300740 -0.398861
-8.448691 -1.293183 -0.277699
-8.456139 -1.292531 -0.155358
-4.291917 -0.750169 -1.082625
-4.539392 -0.775269 -1.075993
-4.624984 -0.782365 -1.023907
-4.623894 -0.779772 -0.954062
-4.832801 -0.801172 -0.923782
-5.151153 -0.833857 -0.908950
-5.493848 -0.868762 -0.887526
-5.844350 -0.905392 -0.859960
-6.313821 -0.953952 -0.835810
-6.889955 -1.013477 -0.814777
-7.557892 -1.083101 -0.784338
-8.273524 -1.157379 -0.742474
-8.636633 -1.194258 -0.649820
-8.660824 -1.196900 -0.530251
-8.624081 -1.192043 -0.403276
-8.497819 -1.178633 -0.278545
-8.493336 -1.176599 -0.155449
-8.566502 -1.183936 -0.038116
-4.291917 -0.750169 -1.082625
-4.539392 -0.775269 -1.075993
-4.624984 -0.782365 -1.023907
-4.623894 -0.779772 -0.954062
-4.832801 -0.801172 -0.923782
-5.151153 -0.833857 -0.908950
-5.493848 -0.868762 -0.887526
-5.844350 -0.905392 -0.859960
-6.313821 -0.953952 -0.835810
-6.889955 -1.013477 -0.814777
-7.557892 -1.083101 -0.784338
-8.273524 -1.157379 -0.742474
-8.636633 -1.194258 -0.649820
-8.660824 -1.196900 -0.530251
-8.624081 -1.192043 -0.403276
-8.497819 -1.178633 -0.278545
-8.493336 -1.176599 -0.155449
-8.566502 -1.183936 -0.038116
-4.286534 -0.688930 -1.079492
-4.538168 -0.710940 -1.073942
-4.635484 -0.717935 -1.024569
-4.649966 -0.716811 -0.957917
-4.843563 -0.733825 -0.924323
-5.150586 -0.760963 -0.907324
-5.489784 -0.790714 -0.885357
-5.868316 -0.825001 -0.862048
-6.338450 -0.866997 -0.837648
-6.907477 -0.917739 -0.815421
-7.548602 -0.975474 -0.781920
-8.269141 -1.040114 -0.740664
-8.747888 -1.082466 -0.657048
-8.708596 -1.078934 -0.532112
-8.711601 -1.078217 -0.406544
-8.672784 -1.074575 -0.283778
-8.556822 -1.062378 -0.156107
-8.538471 -1.060312 -0.037496
-4.286534 -0.688930 -1.079492
-4.538168 -0.710940 -1.073942
-4.635484 -0.717935 -1.024569
-4.649966 -0.716811 -0.957917
-4.843563 -0.733825 -0.924323
-5.150586 -0.760963 -0.907324
-5.489784 -0.790714 -0.885357
-5.868316 -0.825001 -0.862048
-6.338450 -0.866997 -0.837648
-6.907477 -0.917739 -0.815421
-7.548602 -0.975474 -0.781920
-8.269141 -1.040114 -0.740664
-8.747888 -1.082466 -0.657048
-8.708596 -1.078934 -0.532112
-8.711601 -1.078217 -0.406544
-8.672784 -1.074575 -0.283778
-8.556822 -1.062378 -0.156107
-8.538471 -1.060312 -0.037496
-4.299607 -0.629502 -1.081270
-4.512762 -0.644863 -1.066349
-4.660658 -0.654560 -1.028709
-4.663467 -0.652286 -0.959343
-4.829895 -0.664413 -0.920343
-5.141141 -0.687572 -0.904309
-5.445257 -0.709790 -0.876779
-5.496717 -0.713018 -0.805505
-5.397419 -0.703826 -0.710416
-6.876153 -0.817941 -0.810391
-7.525889 -0.867336 -0.778267
-8.298845 -0.925923 -0.742121
-8.849735 -0.967130 -0.663673
-8.798540 -0.963212 -0.536722
-8.745826 -0.958111 -0.407327
-5.323093 -0.692819 -0.168282
-5.317265 -0.691375 -0.091194
-8.592419 -0.944116 -0.037402
-8.680053 -0.950338 0.087890
-8.765956 -0.957016 0.209242
-5.323496 -0.692214 0.284421
-5.345645 -0.694374 0.436978
-5.299271 -0.691292 0.510837
-5.334598 -0.695050 0.667416
-4.299607 -0.629502 -1.081270
-4.512762 -0.644863 -1.066349
-4.660658 -0.654560 -1.028709
-4.663467 -0.652286 -0.959343
-4.829895 -0.664413 -0.920343
-5.141141 -0.687572 -0.904309
-5.445257 -0.709790 -0.876779
-5.496717 -0.713018 -0.805505
-6.365835 -0.779796 -0.840024
-6.876153 -0.817941 -0.810391
-7.525889 -0.867336 -0.778267
-8.298845 -0.925923 -0.742121
-8.849735 -0.967130 -0.663673
-8.798540 -0.963212 -0.536722
-8.745826 -0.958111 -0.407327
-8.830530 -0.964571 -0.288465
-8.734401 -0.955496 -0.159073
-8.592419 -0.944116 -0.037402
-8.765956 -0.957016 0.209242
-5.323496 -0.692214 0.284421
-5.345645 -0.694374 0.436978
-5.299271 -0.691292 0.510837
-5.334598 -0.695050 0.667416
-4.277034 -0.567451 -1.074232
-4.521350 -0.581911 -1.067088
-4.696653 -0.591344 -1.035456
-4.699525 -0.589012 -0.965646
-4.850516 -0.597781 -0.923164
-4.961659 -0.603524 -0.871254
-5.308935 -0.624334 -0.853454
-4.882345 -0.595930 -0.713243
-4.892438 -0.595328 -0.641975
-5.392678 -0.626070 -0.632046
-5.373646 -0.623843 -0.551322
-5.392990 -0.623971 -0.477049
-5.383618 -0.622363 -0.397942
-5.376848 -0.621957 -0.322193
-5.385132 -0.621853 -0.245024
-5.348309 -0.619444 -0.168748
-5.346457 -0.618322 -0.091453
-5.371376 -0.619636 -0.017610
-5.347354 -0.617770 0.060093
-5.366187 -0.618980 0.134141
-5.355907 -0.618460 0.212131
-5.344688 -0.618521 0.285440
-5.348399 -0.616620 0.362512
-5.327033 -0.617829 0.435317
-5.320396 -0.617910 0.512533
-5.336833 -0.619165 0.588936
-5.335905 -0.619893 0.667150
-5.338148 -0.620625 0.743468
-4.277034 -0.567451 -1.074232
-4.521350 -0.581911 -1.067088
-4.696653 -0.591344 -1.035456
-4.699525 -0.589012 -0.965646
-4.850516 -0.597781 -0.923164
-4.961659 -0.603524 -0.871254
-5.308935 -0.624334 -0.853454
-4.882345 -0.595930 -0.713243
-4.892438 -0.595328 -0.641975
-5.392678 -0.626070 -0.632046
-5.373646 -0.623843 -0.551322
-5.392990 -0.623971 -0.477049
-5.383618 -0.622363 -0.397942
-5.376848 -0.621957 -0.322193
-5.385132 -0.621853 -0.245024
-5.348309 -0.619444 -0.168748
-5.346457 -0.618322 -0.091453
-5.371376 -0.619636 -0.017610
-5.347354 -0.617770 0.060093
-5.366187 -0.618980 0.134141
-5.355907 -0.618460 0.212131
-5.344688 -0.618521 0.285440
-5.348399 -0.616620 0.362512
-5.327033 -0.617829 0.435317
-5.320396 -0.617910 0.512533
-5.336833 -0.619165 0.588936
-5.335905 -0.619893 0.667150
-5.338148 -0.620625 0.743468
-4.288427 -0.507954 -1.076024
-4.509630 -0.517769 -1.063213
-4.720090 -0.526589 -1.039608
-4.726899 -0.524403 -0.970331
-4.854526 -0.529844 -0.922975
-4.883137 -0.529800 -0.856389
-4.859811 -0.526928 -0.779461
-4.842851 -0.525320 -0.706606
-4.864721 -0.525174 -0.637555
-4.920993 -0.526647 -0.575026
-5.354117 -0.547363 -0.548614
-5.349553 -0.546027 -0.472508
-5.340100 -0.544547 -0.394087
-5.353213 -0.545212 -0.320245
-5.345508 -0.544195 -0.242709
-5.336577 -0.543673 -0.167995
-5.334701 -0.542569 -0.090930
-5.339655 -0.542544 -0.017187
-5.335582 -0.541989 0.060165
-5.330467 -0.541749 0.133464
-5.328180 -0.541755 0.211167
-5.332940 -0.542747 0.284843
-5.328660 -0.540402 0.361170
-5.299369 -0.541497 0.433020
-5.332551 -0.543628 0.513480
-5.317211 -0.543070 0.586590
-5.324261 -0.544193 0.665427
-5.310706 -0.544097 0.739373
-4.288427 -0.507954 -1.076024
-4.509630 -0.517769 -1.063213
-4.720090 -0.526589 -1.039608
-4.726899 -0.524403 -0.970331
-4.854526 -0.529844 -0.922975
-4.883137 -0.529800 -0.856389
-4.859811 -0.526928 -0.779461
-4.842851 -0.525320 -0.706606
-4.864721 -0.525174 -0.637555
-4.920993 -0.526647 -0.575026
-5.354117 -0.547363 -0.548614
-5.349553 -0.546027 -0.472508
-5.340100 -0.544547 -0.394087
-5.353213 -0.545212 -0.320245
-5.345508 -0.544195 -0.242709
-5.336577 -0.543673 -0.167995
-5.334701 -0.542569 -0.090930
-5.339655 -0.542544 -0.017187
-5.335582 -0.541989 0.060165
-5.330467 -0.541749 0.133464
-5.328180 -0.541755 0.211167
-5.332940 -0.542747 0.284843
-5.328660 -0.540402 0.361170
-5.299369 -0.541497 0.433020
-5.332551 -0.543628 0.513480
-5.317211 -0.543070 0.586590
-5.324261 -0.544193 0.665427
-5.310706 -0.544097 0.739373
-4.512561 -0.454610 -1.063044
-4.746535 -0.461385 -1.044634
-4.745555 -0.458790 -0.973400
-4.849737 -0.461557 -0.921285
-4.898000 -0.461839 -0.858302
-4.858881 -0.458699 -0.778639
-4.833981 -0.457028 -0.704668
-4.847896 -0.456282 -0.634731
-4.900176 -0.456822 -0.572003
-5.301704 -0.470343 -0.542587
-5.356759 -0.471207 -0.472670
-5.363232 -0.470417 -0.395408
-5.372380 -0.470749 -0.321040
-5.360679 -0.469687 -0.243085
-5.363731 -0.469705 -0.168614
-5.361847 -0.468614 -0.091205
-5.346816 -0.467805 -0.017013
-5.358722 -0.467859 0.060532
-5.345604 -0.467401 0.133927
-5.351299 -0.467710 0.212097
-5.352066 -0.468488 0.285846
-5.339761 -0.465908 0.361884
-5.358299 -0.469099 0.437600
-5.351235 -0.470294 0.668521
-5.329712 -0.470095 0.741722
-4.512561 -0.454610 -1.063044
-4.746535 -0.461385 -1.044634
-4.745555 -0.458790 -0.973400
-4.849737 -0.461557 -0.921285
-4.898000 -0.461839 -0.858302
-4.858881 -0.458699 -0.778639
-4.833981 -0.457028 -0.704668
-4.847896 -0.456282 -0.634731
-4.900176 -0.456822 -0.572003
-5.301704 -0.470343 -0.542587
-5.356759 -0.471207 -0.472670
-5.363232 -0.470417 -0.395408
-5.372380 -0.470749 -0.321040
-5.360679 -0.469687 -0.243085
-5.363731 -0.469705 -0.168614
-5.361847 -0.468614 -0.091205
-5.346816 -0.467805 -0.017013
-5.358722 -0.467859 0.060532
-5.345604 -0.467401 0.133927
-5.351299 -0.467710 0.212097
-5.352066 -0.468488 0.285846
-5.339761 -0.465908 0.361884
-5.358299 -0.469099 0.437600
-5.351633 -0.469347 0.515160
-5.344211 -0.469276 0.589340
-5.351235 -0.470294 0.668521
-5.329712 -0.470095 0.741722
-4.483486 -0.390646 -1.055488
-4.760367 -0.395210 -1.047065
-4.775047 -0.392989 -0.978910
-4.828283 -0.393085 -0.916587
-4.884356 -0.392875 -0.855335
-4.864891 -0.390728 -0.779107
-4.836021 -0.389306 -0.704496
-4.865777 -0.388713 -0.636673
-4.898232 -0.388070 -0.571357
-5.347628 -0.397033 -0.546977
-5.422663 -0.397547 -0.478252
-5.409260 -0.396215 -0.398557
-5.414460 -0.396324 -0.323333
-5.394785 -0.395240 -0.244425
-5.405846 -0.395378 -0.169785
-5.407959 -0.394382 -0.091881
-5.404920 -0.394027 -0.017155
-5.384831 -0.393223 0.060925
-5.347712 -0.392430 0.134115
-5.401365 -0.393667 0.214048
-5.334213 -0.392983 0.285027
-5.413675 -0.392495 0.366722
-5.374165 -0.394869 0.592509
-5.296175 -0.394494 0.737067
-4.483486 -0.390646 -1.055488
-4.760367 -0.395210 -1.047065
-4.775047 -0.392989 -0.978910
-4.828283 -0.393085 -0.916587
-4.884356 -0.392875 -0.855335
-4.864891 -0.390728 -0.779107
-4.836021 -0.389306 -0.704496
-4.865777 -0.388713 -0.636673
-4.898232 -0.388070 -0.571357
-5.347628 -0.397033 -0.546977
-5.422663 -0.397547 -0.478252
-5.409260 -0.396215 -0.398557
-5.394785 -0.395240 -0.244425
-5.374165 -0.394869 0.592509
-5.296175 -0.394494 0.737067
-4.507994 -0.328122 -1.060880
-4.788895 -0.328849 -1.052971
-4.807540 -0.326439 -0.985237
-4.813725 -0.325323 -0.913408
-4.920946 -0.324805 -0.861454
-4.873901 -0.322661 -0.780226
-4.884595 -0.321980 -0.711361
-4.886682 -0.320715 -0.639150
-4.911214 -0.319540 -0.572611
-7.652139 -0.340749 -0.787687
-8.276057 -0.344042 -0.736255
-4.507994 -0.328122 -1.060880
-4.788895 -0.328849 -1.052971
-4.807540 -0.326439 -0.985237
-4.813725 -0.325323 -0.913408
-4.920946 -0.324805 -0.861454
-4.873901 -0.322661 -0.780226
-4.884595 -0.321980 -0.711361
-4.886682 -0.320715 -0.639150
-4.911214 -0.319540 -0.572611
-7.652139 -0.340749 -0.787687
-8.276057 -0.344042 -0.736255
-4.785256 -0.261825 -1.051950
-4.835187 -0.259022 -0.990760
-4.841433 -0.257804 -0.918531
-5.047170 -0.255319 -0.883636
-5.324164 -0.252169 -0.853152
-4.892659 -0.253525 -0.712376
-4.922496 -0.252070 -0.643747
-6.885350 -0.239544 -0.807475
-7.592609 -0.234052 -0.781204
-8.220414 -0.228617 -0.730945
-4.785256 -0.261825 -1.051950
-4.835187 -0.259022 -0.990760
-4.841433 -0.257804 -0.918531
-5.047170 -0.255319 -0.883636
-5.324164 -0.252169 -0.853152
-5.834391 -0.248700 -0.851734
-6.361762 -0.244316 -0.835467
-6.885350 -0.239544 -0.807475
-7.592609 -0.234052 -0.781204
-8.220414 -0.228617 -0.730945
-4.792395 -0.194712 -1.053537
-4.869719 -0.190707 -0.997911
-4.872118 -0.189453 -0.924414
-5.097573 -0.183715 -0.892557
-5.445676 -0.175331 -0.872860
-5.833430 -0.167052 -0.851557
-6.305188 -0.156378 -0.827883
-6.836502 -0.144155 -0.801594
-7.507741 -0.129506 -0.772244
-4.792395 -0.194712 -1.053537
-4.869719 -0.190707 -0.997911
-4.872118 -0.189453 -0.924414
-5.097573 -0.183715 -0.892557
-5.445676 -0.175331 -0.872860
-5.833430 -0.167052 -0.851557
-6.305188 -0.156378 -0.827883
-6.836502 -0.144155 -0.801594
-7.507741 -0.129506 -0.772244
-4.775175 -0.128126 -1.049934
-4.918941 -0.120919 -1.008311
-4.913616 -0.119858 -0.932566
-5.103650 -0.112103 -0.893808
-5.439782 -0.099243 -0.872064
-5.799691 -0.086463 -0.846708
-6.298928 -0.068287 -0.827175
-6.814133 -0.049178 -0.799037
-7.508925 -0.024354 -0.772446
-4.775175 -0.128126 -1.049934
-4.918941 -0.120919 -1.008311
-4.913616 -0.119858 -0.932566
-5.103650 -0.112103 -0.893808
-5.439782 -0.099243 -0.872064
-5.799691 -0.086463 -0.846708
-6.298928 -0.068287 -0.827175
-6.814133 -0.049178 -0.799037
-7.508925 -0.024354 -0.772446
-4.737530 -0.062891 -1.042008
-4.928028 -0.051542 -1.010610
-4.938416 -0.049818 -0.937709
-5.108722 -0.040307 -0.895066
-5.432829 -0.023303 -0.871278
-5.812277 -0.004569 -0.848894
-6.291441 0.019648 -0.826479
-6.822190 0.046705 -0.800272
-7.611960 0.085787 -0.783467
-4.737530 -0.062891 -1.042008
-4.928028 -0.051542 -1.010610
-4.938416 -0.049818 -0.937709
-5.108722 -0.040307 -0.895066
-5.432829 -0.023303 -0.871278
-5.812277 -0.004569 -0.848894
-6.291441 0.019648 -0.826479
-6.822190 0.046705 -0.800272
-7.611960 0.085787 -0.783467
-4.971327 0.020226 -1.020213
-4.977903 0.021888 -0.945874
-5.077403 0.029523 -0.890054
-5.440584 0.053437 -0.873063
-5.811859 0.076991 -0.849334
-6.266899 0.106446 -0.823683
-6.809077 0.141637 -0.799157
-7.594240 0.191496 -0.782031
-4.971327 0.020226 -1.020213
-4.977903 0.021888 -0.945874
-5.077403 0.029523 -0.890054
-5.440584 0.053437 -0.873063
-5.811859 0.076991 -0.849334
-6.266899 0.106446 -0.823683
-6.809077 0.141637 -0.799157
-7.594240 0.191496 -0.782031
-4.986232 0.091223 -1.024149
-5.000674 0.093576 -0.951031
-5.049064 0.098819 -0.885750
-5.407882 0.127496 -0.868453
-5.822136 0.159480 -0.851538
-6.280705 0.195592 -0.826176
-6.755041 0.233274 -0.793331
-7.598860 0.298585 -0.783101
-4.986232 0.091223 -1.024149
-5.000674 0.093576 -0.951031
-5.049064 0.098819 -0.885750
-5.407882 0.127496 -0.868453
-5.822136 0.159480 -0.851538
-6.280705 0.195592 -0.826176
-6.755041 0.233274 -0.793331
-7.598860 0.298585 -0.783101
-5.015732 0.164061 -1.031334
-5.041976 0.167678 -0.959963
-5.043329 0.169465 -0.885640
-5.417441 0.204547 -0.870898
-5.783945 0.238109 -0.846733
-6.277446 0.283783 -0.826568
-6.759128 0.328798 -0.794603
-7.554421 0.401619 -0.779200
-5.015732 0.164061 -1.031334
-5.041976 0.167678 -0.959963
-5.043329 0.169465 -0.885640
-5.417441 0.204547 -0.870898
-5.783945 0.238109 -0.846733
-6.277446 0.283783 -0.826568
-6.759128 0.328798 -0.794603
-7.554421 0.401619 -0.779200
-5.016887 0.235018 -1.032854
-5.082179 0.243009 -0.968902
-5.083626 0.244852 -0.893910
-5.418048 0.281143 -0.872071
-5.756510 0.316985 -0.843695
-6.245341 0.369129 -0.823280
-6.761864 0.424544 -0.795886
-7.433411 0.495725 -0.767425
-5.016887 0.235018 -1.032854
-5.082179 0.243009 -0.968902
-5.083626 0.244852 -0.893910
-5.418048 0.281143 -0.872071
-5.756510 0.316985 -0.843695
-6.245341 0.369129 -0.823280
-6.761864 0.424544 -0.795886
-7.433411 0.495725 -0.767425
-5.105647 0.317727 -0.974835
-5.114970 0.320532 -0.900791
-5.409730 0.356927 -0.871973
-5.606175 0.380912 -0.822539
-5.570192 0.378272 -0.734038
-5.571924 0.380158 -0.654602
-5.572836 0.381452 -0.572999
-5.105647 0.317727 -0.974835
-5.114970 0.320532 -0.900791
-5.409730 0.356927 -0.871973
-5.606175 0.380912 -0.822539
-5.570192 0.378272 -0.734038
-5.571924 0.380158 -0.654602
-5.572836 0.381452 -0.572999
-5.380781 0.430020 -0.868684
-5.521901 0.449527 -0.811338
-5.521187 0.451012 -0.728674
-5.487381 0.448235 -0.645542
-5.519708 0.453690 -0.568343
-5.562599 0.460658 -0.493672
-5.380781 0.430020 -0.868684
-5.521901 0.449527 -0.811338
-5.521187 0.451012 -0.728674
-5.487381 0.448235 -0.645542
-5.519708 0.453690 -0.568343
-5.562599 0.460658 -0.493672
-5.382110 0.506974 -0.870526
-5.483810 0.522762 -0.807165
-5.502636 0.527093 -0.727539
-5.468856 0.523850 -0.644519
-5.477469 0.526305 -0.564943
-5.535982 0.536178 -0.492154
-5.382110 0.506974 -0.870526
-5.483810 0.522762 -0.807165
-5.502636 0.527093 -0.727539
-5.468856 0.523850 -0.644519
-5.477469 0.526305 -0.564943
-5.535982 0.536178 -0.492154
-5.351148 0.579119 -0.867256
-5.491647 0.602568 -0.810018
-5.483041 0.602794 -0.726415
-5.441450 0.597827 -0.642562
-5.489282 0.606715 -0.567364
-5.524080 0.613627 -0.492084
-5.351148 0.579119 -0.867256
-5.491647 0.602568 -0.810018
-5.483041 0.602794 -0.726415
-5.441450 0.597827 -0.642562
-5.489282 0.606715 -0.567364
-5.524080 0.613627 -0.492084
-5.521714 0.686829 -0.816388
-5.536625 0.691062 -0.735317
-5.487392 0.684198 -0.649581
-5.519508 0.691048 -0.571868
-5.530717 0.694349 -0.493821
-5.521714 0.686829 -0.816388
-5.536625 0.691062 -0.735317
-5.487392 0.684198 -0.649581
-5.519508 0.691048 -0.571868
-5.659373 0.792626 -0.839134
-6.114794 0.880335 -0.815392
-6.648187 0.983192 -0.791563
-5.659373 0.792626 -0.839134
-6.114794 0.880335 -0.815392
-6.648187 0.983192 -0.791563
-5.643889 0.871734 -0.839092
-6.101927 0.966586 -0.815874
-6.598807 1.069750 -0.787740
-5.643889 0.871734 -0.839092
-6.101927 0.966586 -0.815874
-6.598807 1.069750 -0.787740
-6.072348 1.049326 -0.814259
-6.575481 1.161106 -0.787232
-6.072348 1.049326 -0.814259
-6.575481 1.161106 -0.787232
-6.053240 1.134173 -0.814236
-6.531551 1.247565 -0.784376
-6.053240 1.134173 -0.814236
-6.531551 1.247565 -0.784376
-6.013962 1.212942 -0.811589
-6.440506 1.320502 -0.775872
-6.102925 1.238429 -0.643069
-6.103122 1.240057 -0.554407
-6.013962 1.212942 -0.811589
-6.440506 1.320502 -0.775872
-6.098681 1.326820 -0.736712
-6.098681 1.326820 -0.736712
-6.796492 -4.647758 0.329739
-6.796492 -4.647758 0.329739
-6.520258 -4.234483 -0.858057
-5.846134 -3.745972 -0.568193
-5.936441 -3.795576 -0.192740
-5.976430 -3.817881 0.190849
-5.846134 -3.745972 -0.568193
-5.936441 -3.795576 -0.192740
-5.976430 -3.817881 0.190849
-5.994827 -3.721694 -0.869329
-5.819660 -3.627950 -0.749430
-5.822198 -3.628581 -0.653633
-5.805742 -3.619048 -0.558802
-5.802326 -3.616539 -0.463071
-5.825191 -3.629271 -0.372873
-6.041888 -3.743219 -0.289244
-5.786778 -3.609393 -0.184679
-5.778590 -3.604366 -0.089967
-5.790006 -3.610663 0.000415
-5.856941 -3.646121 0.096137
-6.113577 -3.782022 0.194175
-5.994827 -3.721694 -0.869329
-5.819660 -3.627950 -0.749430
-5.822198 -3.628581 -0.653633
-5.805742 -3.619048 -0.558802
-5.802326 -3.616539 -0.463071
-5.825191 -3.629271 -0.372873
-6.041888 -3.743219 -0.289244
-5.786778 -3.609393 -0.184679
-5.778590 -3.604366 -0.089967
-5.790006 -3.610663 0.000415
-5.856941 -3.646121 0.096137
-6.113577 -3.782022 0.194175
-5.560522 -3.394796 -0.890622
-6.006897 -3.621111 -0.863762
-6.513567 -3.877762 -0.834594
-5.900230 -3.564637 -0.656900
-5.883688 -3.555338 -0.561517
-5.915827 -3.570971 -0.468192
-5.810833 -3.518197 -0.368156
-5.818958 -3.522128 -0.274470
-5.818379 -3.522363 -0.183457
-5.820805 -3.522874 -0.089136
-5.850127 -3.538068 0.001158
-5.881900 -3.554424 0.096779
-6.183171 -3.708486 0.195715
-5.560522 -3.394796 -0.890622
-6.006897 -3.621111 -0.863762
-6.513567 -3.877762 -0.834594
-7.102202 -4.176718 -0.796033
-5.883688 -3.555338 -0.561517
-5.915827 -3.570971 -0.468192
-5.810833 -3.518197 -0.368156
-5.818958 -3.522128 -0.274470
-5.818379 -3.522363 -0.183457
-5.820805 -3.522874 -0.089136
-5.850127 -3.538068 0.001158
-5.881900 -3.554424 0.096779
-6.183171 -3.708486 0.195715
-5.564364 -3.299035 -0.884044
-6.031570 -3.527817 -0.860307
-6.541739 -3.777353 -0.831345
-5.913342 -3.467509 -0.652792
-5.885901 -3.453134 -0.556792
-5.878823 -3.448926 -0.460822
-5.887686 -3.453931 -0.369760
-5.877960 -3.448929 -0.274577
-5.873801 -3.447397 -0.183159
-5.876235 -3.447859 -0.088608
-5.873457 -3.446745 0.002066
-5.959294 -3.489108 0.098009
-6.284203 -3.649517 0.198105
-5.564364 -3.299035 -0.884044
-6.031570 -3.527817 -0.860307
-6.541739 -3.777353 -0.831345
-5.913342 -3.467509 -0.652792
-5.885901 -3.453134 -0.556792
-5.878823 -3.448926 -0.460822
-5.887686 -3.453931 -0.369760
-5.877960 -3.448929 -0.274577
-5.873801 -3.447397 -0.183159
-5.876235 -3.447859 -0.088608
-5.873457 -3.446745 0.002066
-5.959294 -3.489108 0.098009
-6.284203 -3.649517 0.198105
-5.233340 -3.045795 -0.907476
-5.602375 -3.220711 -0.883280
-6.058399 -3.436138 -0.857393
-6.579153 -3.681920 -0.829515
-5.978823 -3.396195 -0.654847
-5.918817 -3.366830 -0.555276
-5.954917 -3.383214 -0.462983
-5.938626 -3.376117 -0.369677
-5.921614 -3.367812 -0.273955
-5.939104 -3.376606 -0.183257
-5.937937 -3.375303 -0.088233
-5.953212 -3.382786 0.002687
-6.050466 -3.429072 0.099399
-6.348662 -3.571195 0.199540
-5.233340 -3.045795 -0.907476
-5.602375 -3.220711 -0.883280
-6.058399 -3.436138 -0.857393
-6.579153 -3.681920 -0.829515
-7.240565 -3.995002 -0.798560
-5.918817 -3.366830 -0.555276
-5.954917 -3.383214 -0.462983
-5.938626 -3.376117 -0.369677
-5.921614 -3.367812 -0.273955
-5.939104 -3.376606 -0.183257
-5.937937 -3.375303 -0.088233
-5.953212 -3.382786 0.002687
-6.050466 -3.429072 0.099399
-6.348662 -3.571195 0.199540
-5.235536 -2.957313 -0.901066
-5.621298 -3.133620 -0.879635
-6.083853 -3.344293 -0.854496
-6.586285 -3.572846 -0.823974
-7.168725 -3.838554 -0.784095
-5.979464 -3.293435 -0.556604
-5.968653 -3.287738 -0.460111
-5.988545 -3.297448 -0.369605
-6.058632 -3.329256 -0.278129
-6.065381 -3.332829 -0.185550
-6.064227 -3.331531 -0.089150
-6.068700 -3.333800 0.003142
-6.162945 -3.377042 0.101036
-6.648525 -3.599815 0.207211
-5.235536 -2.957313 -0.901066
-5.621298 -3.133620 -0.879635
-6.083853 -3.344293 -0.854496
-6.586285 -3.572846 -0.823974
-7.168725 -3.838554 -0.784095
-5.979464 -3.293435 -0.556604
-5.968653 -3.287738 -0.460111
-5.988545 -3.297448 -0.369605
-6.058632 -3.329256 -0.278129
-6.065381 -3.332829 -0.185550
-6.064227 -3.331531 -0.089150
-6.068700 -3.333800 0.003142
-6.162945 -3.377042 0.101036
-6.648525 -3.599815 0.207211
-4.880528 -2.713706 -0.912395
-5.229067 -2.866069 -0.893409
-5.631649 -3.043328 -0.874852
-6.115187 -3.255505 -0.852658
-6.638922 -3.485026 -0.824509
-7.195903 -3.729735 -0.781116
-6.097554 -3.244606 -0.563589
-6.090407 -3.240683 -0.466135
-6.088581 -3.240479 -0.372911
-6.144523 -3.264862 -0.279722
-6.198902 -3.289298 -0.188091
-6.157503 -3.270266 -0.089419
-6.165672 -3.274073 0.003682
-6.330047 -3.346620 0.103305
-6.924768 -3.609338 0.214258
-4.880528 -2.713706 -0.912395
-5.229067 -2.866069 -0.893409
-5.631649 -3.043328 -0.874852
-6.115187 -3.255505 -0.852658
-6.638922 -3.485026 -0.824509
-7.195903 -3.729735 -0.781116
-6.097554 -3.244606 -0.563589
-6.090407 -3.240683 -0.466135
-6.088581 -3.240479 -0.372911
-6.144523 -3.264862 -0.279722
-6.198902 -3.289298 -0.188091
-6.157503 -3.270266 -0.089419
-6.165672 -3.274073 0.003682
-6.330047 -3.346620 0.103305
-4.604256 -2.516035 -0.927556
-4.910434 -2.644994 -0.911770
-5.279240 -2.800197 -0.895906
-5.636938 -2.951709 -0.869510
-6.137931 -3.163292 -0.849795
-6.624564 -3.368393 -0.816686
-7.228772 -3.623914 -0.778974
-6.175086 -3.175902 -0.566688
-6.200983 -3.186093 -0.471264
-6.235974 -3.201521 -0.379338
-6.262902 -3.212655 -0.282964
-6.295570 -3.226969 -0.189344
-6.264975 -3.213185 -0.089971
-6.273200 -3.216867 0.004176
-6.644776 -3.374539 0.107284
-4.604256 -2.516035 -0.927556
-4.910434 -2.644994 -0.911770
-5.279240 -2.800197 -0.895906
-5.636938 -2.951709 -0.869510
-6.137931 -3.163292 -0.849795
-6.624564 -3.368393 -0.816686
-7.228772 -3.623914 -0.778974
-6.175086 -3.175902 -0.566688
-6.200983 -3.186093 -0.471264
-6.235974 -3.201521 -0.379338
-6.262902 -3.212655 -0.282964
-6.295570 -3.226969 -0.189344
-6.264975 -3.213185 -0.089971
-6.273200 -3.216867 0.004176
-6.644776 -3.374539 0.107284
-4.635070 -2.452684 -0.927726
-4.924793 -2.569900 -0.908396
-5.321286 -2.730382 -0.897145
-5.692080 -2.881380 -0.872270
-6.082197 -3.039483 -0.836034
-6.626654 -3.260233 -0.811216
-7.289576 -3.529812 -0.780111
-6.344128 -3.143163 -0.578595
-6.584570 -3.240362 -0.498213
-6.608989 -3.250920 -0.400371
-6.473519 -3.195373 -0.290764
-6.524978 -3.216809 -0.195180
-6.523894 -3.215518 -0.093387
-6.509971 -3.210027 0.004151
-4.635070 -2.452684 -0.927726
-4.924793 -2.569900 -0.908396
-5.321286 -2.730382 -0.897145
-5.692080 -2.881380 -0.872270
-6.082197 -3.039483 -0.836034
-6.626654 -3.260233 -0.811216
-7.289576 -3.529812 -0.780111
-7.978578 -3.809665 -0.734579
-6.584570 -3.240362 -0.498213
-6.608989 -3.250920 -0.400371
-6.473519 -3.195373 -0.290764
-6.524978 -3.216809 -0.195180
-6.523894 -3.215518 -0.093387
-6.509971 -3.210027 0.004151
-4.635755 -2.377363 -0.921943
-4.945355 -2.497699 -0.906417
-5.303585 -2.636752 -0.888276
-5.691084 -2.788301 -0.866386
-6.134994 -2.961185 -0.837891
-6.664017 -3.167068 -0.810410
-7.300996 -3.415749 -0.775969
-8.008636 -3.691747 -0.732204
-6.903957 -3.258249 -0.519792
-9.059168 -4.102760 -0.554823
-6.636474 -3.153787 -0.296170
-6.967494 -3.283850 -0.208217
-6.874382 -3.246662 0.003668
-4.635755 -2.377363 -0.921943
-4.945355 -2.497699 -0.906417
-5.303585 -2.636752 -0.888276
-5.691084 -2.788301 -0.866386
-6.134994 -2.961185 -0.837891
-6.664017 -3.167068 -0.810410
-7.300996 -3.415749 -0.775969
-8.008636 -3.691747 -0.732204
-8.608979 -3.925727 -0.654949
-9.059168 -4.102760 -0.554823
-6.636474 -3.153787 -0.296170
-4.335882 -2.189470 -0.926148
-4.639235 -2.302967 -0.916916
-4.961508 -2.423062 -0.903754
-5.321639 -2.557026 -0.885743
-5.692693 -2.696102 -0.861091
-6.172352 -2.875233 -0.837673
-6.689360 -3.068025 -0.808220
-7.303694 -3.297872 -0.771027
-8.026303 -3.568019 -0.728786
-8.629858 -3.793467 -0.651860
-9.089953 -3.966895 -0.552544
-9.665621 -4.182479 -0.440715
-4.335882 -2.189470 -0.926148
-4.639235 -2.302967 -0.916916
-4.961508 -2.423062 -0.903754
-5.321639 -2.557026 -0.885743
-5.692693 -2.696102 -0.861091
-6.172352 -2.875233 -0.837673
-6.689360 -3.068025 -0.808220
-7.303694 -3.297872 -0.771027
-8.026303 -3.568019 -0.728786
-8.629858 -3.793467 -0.651860
-9.089953 -3.966895 -0.552544
-9.665621 -4.182479 -0.440715
-4.123891 -2.049408 -1.076485
-4.146205 -2.055820 -1.014897
-4.160846 -2.059205 -0.949207
-4.354839 -2.127081 -0.924843
-4.667129 -2.238996 -0.917122
-4.968817 -2.346558 -0.899736
-5.323304 -2.472789 -0.880706
-5.692481 -2.605307 -0.855824
-6.204385 -2.788454 -0.836959
-6.697864 -2.964586 -0.804204
-7.349003 -3.197938 -0.770996
-8.049074 -3.448528 -0.726106
-8.606890 -3.647966 -0.645581
-9.084325 -3.820312 -0.548159
-9.617777 -4.011584 -0.434889
-4.123891 -2.049408 -1.076485
-4.146205 -2.055820 -1.014897
-4.160846 -2.059205 -0.949207
-4.354839 -2.127081 -0.924843
-4.667129 -2.238996 -0.917122
-4.968817 -2.346558 -0.899736
-5.323304 -2.472789 -0.880706
-5.692481 -2.605307 -0.855824
-6.204385 -2.788454 -0.836959
-6.697864 -2.964586 -0.804204
-7.349003 -3.197938 -0.770996
-8.049074 -3.448528 -0.726106
-8.606890 -3.647966 -0.645581
-9.084325 -3.820312 -0.548159
-9.617777 -4.011584 -0.434889
-4.162938 -1.997710 -1.080866
-4.178043 -2.001264 -1.017169
-4.159535 -1.992943 -0.943595
-4.361792 -2.060645 -0.921146
-4.679285 -2.169459 -0.914362
-4.989865 -2.275358 -0.898487
-5.353539 -2.399197 -0.880737
-5.739505 -2.531705 -0.858060
-6.208954 -2.692194 -0.832634
-6.704795 -2.861404 -0.800210
-7.381662 -3.093393 -0.769764
-8.096459 -3.338063 -0.725902
-8.630602 -3.520603 -0.643148
-9.140583 -3.696628 -0.547852
-9.457484 -3.805066 -0.423863
-4.162938 -1.997710 -1.080866
-4.178043 -2.001264 -1.017169
-4.159535 -1.992943 -0.943595
-4.361792 -2.060645 -0.921146
-4.679285 -2.169459 -0.914362
-4.989865 -2.275358 -0.898487
-5.353539 -2.399197 -0.880737
-5.739505 -2.531705 -0.858060
-6.208954 -2.692194 -0.832634
-6.704795 -2.861404 -0.800210
-7.381662 -3.093393 -0.769764
-8.096459 -3.338063 -0.725902
-8.630602 -3.520603 -0.643148
-9.140583 -3.696628 -0.547852
-9.457484 -3.805066 -0.423863
-3.923939 -1.855003 -1.079153
-4.197664 -1.943996 -1.084284
-4.198078 -1.942445 -1.016708
-4.183162 -1.935596 -0.943992
-4.360304 -1.991869 -0.915861
-4.675487 -2.094990 -0.908641
-4.991187 -2.197758 -0.893811
-5.371504 -2.321433 -0.878887
-5.751746 -2.446056 -0.855129
-6.227124 -2.601203 -0.830399
-6.774327 -2.779591 -0.804099
-7.443084 -2.998391 -0.771793
-8.115832 -3.218139 -0.723266
-8.641075 -3.389452 -0.639861
-9.195161 -3.572012 -0.547565
-9.373075 -3.629883 -0.416695
-9.621007 -3.711790 -0.287738
-3.923939 -1.855003 -1.079153
-4.197664 -1.943996 -1.084284
-4.198078 -1.942445 -1.016708
-4.183162 -1.935596 -0.943992
-4.360304 -1.991869 -0.915861
-4.675487 -2.094990 -0.908641
-4.991187 -2.197758 -0.893811
-5.371504 -2.321433 -0.878887
-5.751746 -2.446056 -0.855129
-6.227124 -2.601203 -0.830399
-6.774327 -2.779591 -0.804099
-7.443084 -2.998391 -0.771793
-8.115832 -3.218139 -0.723266
-8.641075 -3.389452 -0.639861
-9.195161 -3.572012 -0.547565
-9.373075 -3.629883 -0.416695
-9.621007 -3.711790 -0.287738
-3.945646 -1.800924 -1.079757
-4.209499 -1.882583 -1.081894
-4.239573 -1.890383 -1.021737
-4.198549 -1.875524 -0.942687
-4.387662 -1.932840 -0.916994
-4.693027 -2.028018 -0.907397
-5.010120 -2.126364 -0.892589
-5.361967 -2.235251 -0.872639
-5.758944 -2.359268 -0.851640
-6.247757 -2.511310 -0.828699
-6.748092 -2.666593 -0.796446
-7.419746 -2.876008 -0.764923
-8.156261 -3.105363 -0.722750
-8.649577 -3.258591 -0.636602
-9.213750 -3.435755 -0.545162
-9.434380 -3.504233 -0.416596
-9.687250 -3.583845 -0.287462
-3.945646 -1.800924 -1.079757
-4.209499 -1.882583 -1.081894
-4.239573 -1.890383 -1.021737
-4.198549 -1.875524 -0.942687
-4.387662 -1.932840 -0.916994
-4.693027 -2.028018 -0.907397
-5.010120 -2.126364 -0.892589
-5.361967 -2.235251 -0.872639
-5.758944 -2.359268 -0.851640
-6.247757 -2.511310 -0.828699
-6.748092 -2.666593 -0.796446
-7.419746 -2.876008 -0.764923
-8.156261 -3.105363 -0.722750
-8.649577 -3.258591 -0.636602
-9.213750 -3.435755 -0.545162
-9.434380 -3.504233 -0.416596
-9.687250 -3.583845 -0.287462
-3.762392 -1.686637 -1.085232
-3.936996 -1.737577 -1.072156
-4.224161 -1.822230 -1.080484
-4.246865 -1.827356 -1.018554
-4.198110 -1.810805 -0.937970
-4.387943 -1.865463 -0.912536
-4.705850 -1.959734 -0.905421
-5.009161 -2.049122 -0.887945
-5.404071 -2.165504 -0.875230
-5.730711 -2.262462 -0.843000
-6.251896 -2.416709 -0.824948
-6.773347 -2.570653 -0.795283
-7.463107 -2.775209 -0.765367
-8.176031 -2.986294 -0.720507
-8.667595 -3.131463 -0.634245
-9.215028 -3.295014 -0.541840
-9.509326 -3.382033 -0.417235
-9.744135 -3.452386 -0.286956
-3.762392 -1.686637 -1.085232
-3.936996 -1.737577 -1.072156
-4.224161 -1.822230 -1.080484
-4.246865 -1.827356 -1.018554
-4.198110 -1.810805 -0.937970
-4.387943 -1.865463 -0.912536
-4.705850 -1.959734 -0.905421
-5.009161 -2.049122 -0.887945
-5.404071 -2.165504 -0.875230
-5.730711 -2.262462 -0.843000
-6.251896 -2.416709 -0.824948
-6.773347 -2.570653 -0.795283
-7.463107 -2.775209 -0.765367
-8.176031 -2.986294 -0.720507
-8.667595 -3.131463 -0.634245
-9.215028 -3.295014 -0.541840
-9.509326 -3.382033 -0.417235
-9.744135 -3.452386 -0.286956
-3.763270 -1.629422 -1.080520
-3.964528 -1.685348 -1.074833
-4.241695 -1.762797 -1.080054
-4.283191 -1.772934 -1.022685
-4.226754 -1.754920 -0.940108
-4.421137 -1.807994 -0.915288
-4.706343 -1.888160 -0.901231
-5.044941 -1.982975 -0.890183
-5.384468 -2.077676 -0.867758
-5.761851 -2.184067 -0.843568
-6.258437 -2.323458 -0.821732
-6.801067 -2.475505 -0.794598
-7.474467 -2.664991 -0.762592
-8.186408 -2.865006 -0.717589
-8.733664 -3.018461 -0.635703
-9.248767 -3.164575 -0.540674
-9.624999 -3.270265 -0.419861
-9.803088 -3.321019 -0.286593
-3.763270 -1.629422 -1.080520
-3.964528 -1.685348 -1.074833
-4.241695 -1.762797 -1.080054
-4.283191 -1.772934 -1.022685
-4.226754 -1.754920 -0.940108
-4.421137 -1.807994 -0.915288
-4.706343 -1.888160 -0.901231
-5.044941 -1.982975 -0.890183
-5.384468 -2.077676 -0.867758
-5.761851 -2.184067 -0.843568
-6.258437 -2.323458 -0.821732
-6.801067 -2.475505 -0.794598
-7.474467 -2.664991 -0.762592
-8.186408 -2.865006 -0.717589
-8.733664 -3.018461 -0.635703
-9.248767 -3.164575 -0.540674
-9.624999 -3.270265 -0.419861
-9.803088 -3.321019 -0.286593
-3.598788 -1.527802 -1.089324
-3.781874 -1.577450 -1.081227
-3.972712 -1.627529 -1.072388
-4.228426 -1.695014 -1.071890
-4.266191 -1.703528 -1.014050
-4.265978 -1.701537 -0.944819
-4.419522 -1.740686 -0.910855
-4.717151 -1.819912 -0.899282
-5.037991 -1.904871 -0.884882
-5.420706 -2.006076 -0.869744
-5.814861 -2.111296 -0.847589
-6.290420 -2.237582 -0.822149
-6.827456 -2.379979 -0.793930
-7.476526 -2.552834 -0.759031
-8.206548 -2.746997 -0.715741
-8.721191 -2.883502 -0.631353
-9.222809 -3.018250 -0.535992
-9.727816 -3.152722 -0.421958
-3.598788 -1.527802 -1.089324
-3.781874 -1.577450 -1.081227
-3.972712 -1.627529 -1.072388
-4.228426 -1.695014 -1.071890
-4.266191 -1.703528 -1.014050
-4.265978 -1.701537 -0.944819
-4.419522 -1.740686 -0.910855
-4.717151 -1.819912 -0.899282
-5.037991 -1.904871 -0.884882
-5.420706 -2.006076 -0.869744
-5.814861 -2.111296 -0.847589
-6.290420 -2.237582 -0.822149
-6.827456 -2.379979 -0.793930
-7.476526 -2.552834 -0.759031
-8.206548 -2.746997 -0.715741
-8.721191 -2.883502 -0.631353
-9.222809 -3.018250 -0.535992
-9.727816 -3.152722 -0.421958
-3.604845 -1.475223 -1.086699
-3.799764 -1.525172 -1.081943
-3.983807 -1.570664 -1.070979
-4.236663 -1.633608 -1.069548
-4.278286 -1.642543 -1.012728
-4.293176 -1.644402 -0.946972
-4.439689 -1.679468 -0.911230
-4.719358 -1.749690 -0.895863
-5.056590 -1.834032 -0.884399
-5.421534 -1.925026 -0.866082
-5.794054 -2.018883 -0.840728
-6.313539 -2.149213 -0.821548
-6.840954 -2.281170 -0.791897
-7.473063 -2.440058 -0.755090
-8.209543 -2.624973 -0.712522
-8.784026 -2.768915 -0.632848
-9.279756 -2.894683 -0.536527
-9.817598 -3.029902 -0.423531
-10.780100 -3.273444 -0.313410
-3.604845 -1.475223 -1.086699
-3.799764 -1.525172 -1.081943
-3.983807 -1.570664 -1.070979
-4.236663 -1.633608 -1.069548
-4.278286 -1.642543 -1.012728
-4.293176 -1.644402 -0.946972
-4.439689 -1.679468 -0.911230
-4.719358 -1.749690 -0.895863
-5.056590 -1.834032 -0.884399
-5.421534 -1.925026 -0.866082
-5.794054 -2.018883 -0.840728
-6.313539 -2.149213 -0.821548
-6.840954 -2.281170 -0.791897
-7.473063 -2.440058 -0.755090
-8.209543 -2.624973 -0.712522
-8.784026 -2.768915 -0.632848
-9.279756 -2.894683 -0.536527
-9.817598 -3.029902 -0.423531
-10.780100 -3.273444 -0.313410
-5.441174 -0.747449 1.040355
-5.441174 -0.747449 1.040355
-3.610140 -1.422668 -1.084084
-3.794476 -1.467167 -1.076183
-3.990336 -1.512794 -1.068555
-4.259109 -1.575835 -1.071086
-4.304664 -1.585091 -1.015063
-4.296815 -1.581260 -0.944009
-4.443765 -1.614268 -0.908421
-4.735822 -1.683316 -0.895423
-5.058867 -1.759273 -0.881187
-5.413481 -1.842403 -0.861179
-5.818019 -1.938388 -0.840763
-6.308414 -2.054089 -0.817354
-6.795052 -2.168529 -0.782980
-7.491147 -2.333303 -0.753591
-8.206865 -2.502374 -0.708981
-8.825954 -2.648416 -0.632907
-9.261243 -2.752451 -0.532611
-9.863078 -2.894913 -0.423157
-10.754985 -3.107399 -0.310448
-5.310858 -0.707083 0.859605
-5.342188 -0.707122 0.941410
-5.344163 -0.706071 1.022388
-5.325879 -0.704108 1.096897
-3.610140 -1.422668 -1.084084
-3.794476 -1.467167 -1.076183
-3.990336 -1.512794 -1.068555
-4.259109 -1.575835 -1.071086
-4.304664 -1.585091 -1.015063
-4.296815 -1.581260 -0.944009
-4.443765 -1.614268 -0.908421
-4.735822 -1.683316 -0.895423
-5.058867 -1.759273 -0.881187
-5.413481 -1.842403 -0.861179
-5.818019 -1.938388 -0.840763
-6.308414 -2.054089 -0.817354
-6.795052 -2.168529 -0.782980
-7.491147 -2.333303 -0.753591
-8.206865 -2.502374 -0.708981
-8.825954 -2.648416 -0.632907
-9.261243 -2.752451 -0.532611
-9.863078 -2.894913 -0.423157
-10.754985 -3.107399 -0.310448
-5.310858 -0.707083 0.859605
-5.342188 -0.707122 0.941410
-5.344163 -0.706071 1.022388
-5.325879 -0.704108 1.096897
-5.347437 -0.670518 0.865255
-5.315601 -0.668810 0.936878
-5.337300 -0.668213 1.021078
-5.315100 -0.666281 1.094696
-5.347437 -0.670518 0.865255
-5.315601 -0.668810 0.936878
-5.337300 -0.668213 1.021078
-5.315100 -0.666281 1.094696
-3.445190 -1.335114 -1.086715
-3.595981 -1.365901 -1.075787
-3.822117 -1.417178 -1.080159
-3.988489 -1.453233 -1.064093
-4.261842 -1.513365 -1.067799
-4.307479 -1.521970 -1.011939
-4.326220 -1.524248 -0.947035
-4.458367 -1.551757 -0.908019
-4.759028 -1.618442 -0.896478
-5.060051 -1.684703 -0.877989
-5.438879 -1.768051 -0.861947
-5.809967 -1.850589 -0.836231
-6.336710 -1.967219 -0.817817
-6.805523 -2.070514 -0.780990
-7.488295 -2.222075 -0.750098
-8.214044 -2.382862 -0.706508
-8.095275 -2.355168 -0.575539
-8.094797 -2.355494 -0.459668
-9.937908 -2.766100 -0.424228
-10.735158 -2.944333 -0.307768
-5.328434 -0.632500 0.862328
-5.292686 -0.630945 0.933008
-5.294772 -0.629864 1.013242
-5.292287 -0.628418 1.090153
-3.445190 -1.335114 -1.086715
-3.595981 -1.365901 -1.075787
-3.822117 -1.417178 -1.080159
-3.988489 -1.453233 -1.064093
-4.261842 -1.513365 -1.067799
-4.307479 -1.521970 -1.011939
-4.326220 -1.524248 -0.947035
-4.458367 -1.551757 -0.908019
-4.759028 -1.618442 -0.896478
-5.060051 -1.684703 -0.877989
-5.438879 -1.768051 -0.861947
-5.809967 -1.850589 -0.836231
-6.336710 -1.967219 -0.817817
-6.805523 -2.070514 -0.780990
-7.488295 -2.222075 -0.750098
-8.214044 -2.382862 -0.706508
-8.095275 -2.355168 -0.575539
-9.419855 -2.651205 -0.539531
-9.937908 -2.766100 -0.424228
-10.735158 -2.944333 -0.307768
-5.328434 -0.632500 0.862328
-5.292686 -0.630945 0.933008
-5.294772 -0.629864 1.013242
-5.292287 -0.628418 1.090153
-5.301258 -0.594674 0.858172
-5.301054 -0.593722 0.934474
-5.287376 -0.592464 1.011923
-5.292747 -0.591104 1.090284
-5.301258 -0.594674 0.858172
-5.301054 -0.593722 0.934474
-5.287376 -0.592464 1.011923
-5.292747 -0.591104 1.090284
-3.444798 -1.284212 -1.082829
-3.633462 -1.320862 -1.083435
-3.815199 -1.359393 -1.074421
-3.997111 -1.396321 -1.062717
-4.248478 -1.447807 -1.060658
-4.339863 -1.465416 -1.016115
-4.362521 -1.468231 -0.951776
-4.460587 -1.486628 -0.905234
-4.758269 -1.548294 -0.893098
-5.064003 -1.611148 -0.875492
-5.443929 -1.689193 -0.859588
-5.823856 -1.768157 -0.835151
-6.332754 -1.873356 -0.814175
-6.764025 -1.961957 -0.773045
-7.514973 -2.117784 -0.749848
-8.227295 -2.265161 -0.704751
-8.213581 -2.261089 -0.581789
-8.131096 -2.244302 -0.459667
-8.172450 -2.252318 -0.341914
-8.215795 -2.261616 -0.227161
-8.230553 -2.263474 -0.106354
-5.289629 -0.557282 0.856462
-5.289443 -0.556327 0.932599
-5.299389 -0.555225 1.014225
-5.289023 -0.553778 1.089631
-3.444798 -1.284212 -1.082829
-3.633462 -1.320862 -1.083435
-3.815199 -1.359393 -1.074421
-3.997111 -1.396321 -1.062717
-4.248478 -1.447807 -1.060658
-4.339863 -1.465416 -1.016115
-4.362521 -1.468231 -0.951776
-4.460587 -1.486628 -0.905234
-4.758269 -1.548294 -0.893098
-5.064003 -1.611148 -0.875492
-5.443929 -1.689193 -0.859588
-5.823856 -1.768157 -0.835151
-6.332754 -1.873356 -0.814175
-6.764025 -1.961957 -0.773045
-7.514973 -2.117784 -0.749848
-8.227295 -2.265161 -0.704751
-8.213581 -2.261089 -0.581789
-8.131096 -2.244302 -0.459667
-8.172450 -2.252318 -0.341914
-10.869448 -2.814968 -0.310011
-5.289629 -0.557282 0.856462
-5.289443 -0.556327 0.932599
-5.299389 -0.555225 1.014225
-5.289023 -0.553778 1.089631
-5.293551 -0.519995 0.857199
-5.313067 -0.518955 0.936730
-5.311140 -0.517821 1.016524
-5.292885 -0.516472 1.090535
-5.293551 -0.519995 0.857199
-5.313067 -0.518955 0.936730
-5.311140 -0.517821 1.016524
-5.292885 -0.516472 1.090535
-3.613960 -1.263764 -1.074023
-3.818755 -1.304216 -1.071935
-4.020100 -1.342343 -1.065448
-4.264590 -1.388817 -1.061262
-4.382975 -1.410405 -1.023030
-4.378927 -1.407629 -0.952258
-4.477251 -1.424647 -0.905652
-4.768060 -1.480641 -0.891953
-5.105573 -1.545261 -0.879854
-5.436211 -1.608165 -0.855362
-5.840468 -1.686350 -0.834658
-6.335209 -1.781398 -0.811581
-6.841755 -1.878372 -0.779360
-7.508950 -2.007004 -0.746399
-8.219308 -2.143651 -0.701284
-8.319074 -2.161781 -0.587176
-8.299154 -2.158314 -0.467647
-8.219106 -2.142151 -0.342288
-8.093808 -2.118081 -0.221959
-8.132092 -2.124290 -0.103661
-8.278437 -2.152595 0.010468
-5.324879 -0.482355 0.862223
-5.338364 -0.480077 1.021721
-3.613960 -1.263764 -1.074023
-3.818755 -1.304216 -1.071935
-4.020100 -1.342343 -1.065448
-4.264590 -1.388817 -1.061262
-4.382975 -1.410405 -1.023030
-4.378927 -1.407629 -0.952258
-4.477251 -1.424647 -0.905652
-4.768060 -1.480641 -0.891953
-5.105573 -1.545261 -0.879854
-5.436211 -1.608165 -0.855362
-5.840468 -1.686350 -0.834658
-6.335209 -1.781398 -0.811581
-6.841755 -1.878372 -0.779360
-7.508950 -2.007004 -0.746399
-8.219308 -2.143651 -0.701284
-8.319074 -2.161781 -0.587176
-8.299154 -2.158314 -0.467647
-8.219106 -2.142151 -0.342288
-8.093808 -2.118081 -0.221959
-8.132092 -2.124290 -0.103661
-8.278437 -2.152595 0.010468
-5.324879 -0.482355 0.862223
-5.344314 -0.481166 0.942194
-5.338364 -0.480077 1.021721
-5.344068 -0.443546 0.865409
-5.344068 -0.443546 0.865409
-5.357437 -0.441150 1.025468
-3.631418 -1.213649 -1.075995
-3.833009 -1.250514 -1.072695
-4.034888 -1.285791 -1.066136
-4.245658 -1.322530 -1.053178
-4.410211 -1.350805 -1.026305
-4.402329 -1.347377 -0.954451
-4.458489 -1.355307 -0.898902
-4.796387 -1.415574 -0.894516
-5.096040 -1.468408 -0.875324
-5.454689 -1.531535 -0.855538
-5.801576 -1.593457 -0.826172
-6.297499 -1.681489 -0.803859
-6.836555 -1.776911 -0.776041
-7.521131 -1.898905 -0.744974
-8.201960 -2.019855 -0.697141
-8.926291 -2.148553 -0.629571
-8.199374 -2.018524 -0.459710
-8.158341 -2.010518 -0.337896
-8.111374 -2.002308 -0.221169
-8.106430 -2.000192 -0.102219
-8.131095 -2.004529 0.011545
-8.205353 -2.017634 0.132120
-8.415474 -2.056218 0.376986
-3.631418 -1.213649 -1.075995
-3.833009 -1.250514 -1.072695
-4.034888 -1.285791 -1.066136
-4.245658 -1.322530 -1.053178
-4.410211 -1.350805 -1.026305
-4.402329 -1.347377 -0.954451
-4.458489 -1.355307 -0.898902
-4.796387 -1.415574 -0.894516
-5.096040 -1.468408 -0.875324
-5.454689 -1.531535 -0.855538
-5.801576 -1.593457 -0.826172
-6.297499 -1.681489 -0.803859
-6.836555 -1.776911 -0.776041
-7.521131 -1.898905 -0.744974
-8.201960 -2.019855 -0.697141
-8.926291 -2.148553 -0.629571
-8.199374 -2.018524 -0.459710
-8.158341 -2.010518 -0.337896
-8.111374 -2.002308 -0.221169
-8.106430 -2.000192 -0.102219
-8.131095 -2.004529 0.011545
-8.205353 -2.017634 0.132120
-8.415474 -2.056218 0.376986
-3.614044 -1.158073 -1.067745
-3.827408 -1.194027 -1.068071
-4.018259 -1.224548 -1.058647
-4.252385 -1.262196 -1.051874
-4.424984 -1.289454 -1.026863
-4.428627 -1.288059 -0.957510
-4.465607 -1.291969 -0.897751
-4.784915 -1.344279 -0.889697
-5.096876 -1.394858 -0.872868
-5.475829 -1.456203 -0.856359
-5.839184 -1.515866 -0.829139
-6.312853 -1.593073 -0.803360
-6.853187 -1.680954 -0.775500
-7.507986 -1.788180 -0.741167
-8.269028 -1.912591 -0.700646
-8.286598 -1.914228 -0.580342
-8.234989 -1.906060 -0.459998
-8.355511 -1.925277 -0.345194
-10.774031 -2.324555 -0.301757
-8.193110 -1.897421 -0.102665
-8.138901 -1.888381 0.012214
-8.138347 -1.888067 0.131694
-8.207182 -1.899749 0.246942
-3.614044 -1.158073 -1.067745
-3.827408 -1.194027 -1.068071
-4.018259 -1.224548 -1.058647
-4.252385 -1.262196 -1.051874
-4.424984 -1.289454 -1.026863
-4.428627 -1.288059 -0.957510
-4.465607 -1.291969 -0.897751
-4.784915 -1.344279 -0.889697
-5.096876 -1.394858 -0.872868
-5.475829 -1.456203 -0.856359
-5.839184 -1.515866 -0.829139
-6.312853 -1.593073 -0.803360
-6.853187 -1.680954 -0.775500
-7.507986 -1.788180 -0.741167
-8.269028 -1.912591 -0.700646
-8.286598 -1.914228 -0.580342
-8.234989 -1.906060 -0.459998
-10.137658 -2.219307 -0.424968
-10.774031 -2.324555 -0.301757
-8.138901 -1.888381 0.012214
-8.138347 -1.888067 0.131694
-8.207182 -1.899749 0.246942
-3.622365 -1.107219 -1.067465
-3.828597 -1.139012 -1.065617
-4.008361 -1.165093 -1.053220
-4.258259 -1.201827 -1.050580
-4.450458 -1.229624 -1.030161
-4.446405 -1.226983 -0.958874
-4.464080 -1.227409 -0.895018
-4.795713 -1.277028 -0.889329
-5.104452 -1.322651 -0.871793
-5.488120 -1.379290 -0.855939
-5.813128 -1.427931 -0.822983
-6.311283 -1.502074 -0.800823
-6.864549 -1.584180 -0.774518
-7.528644 -1.683436 -0.740995
-8.184960 -1.781150 -0.691025
-8.372063 -1.808086 -0.584615
-8.280913 -1.794676 -0.461003
-8.540008 -1.833029 -0.351957
-10.770227 -2.169316 -0.300090
-8.405050 -1.811565 -0.105155
-8.330964 -1.800285 0.012458
-8.193712 -1.779695 0.246736
-3.622365 -1.107219 -1.067465
-3.828597 -1.139012 -1.065617
-4.008361 -1.165093 -1.053220
-4.258259 -1.201827 -1.050580
-4.450458 -1.229624 -1.030161
-4.446405 -1.226983 -0.958874
-4.464080 -1.227409 -0.895018
-4.795713 -1.277028 -0.889329
-5.104452 -1.322651 -0.871793
-5.488120 -1.379290 -0.855939
-5.813128 -1.427931 -0.822983
-6.311283 -1.502074 -0.800823
-6.864549 -1.584180 -0.774518
-7.528644 -1.683436 -0.740995
-8.184960 -1.781150 -0.691025
-8.372063 -1.808086 -0.584615
-8.280913 -1.794676 -0.461003
-10.187788 -2.081324 -0.425429
-10.770227 -2.169316 -0.300090
-8.330964 -1.800285 0.012458
-8.193712 -1.779695 0.246736
-3.825187 -1.083559 -1.062095
-4.024399 -1.109807 -1.054967
-4.263282 -1.141438 -1.049298
-4.478984 -1.169770 -1.034377
-4.463343 -1.165560 -0.960247
-4.469395 -1.164115 -0.893890
-4.813358 -1.210712 -0.890452
-5.111010 -1.250403 -0.870732
-5.468025 -1.297908 -0.850524
-5.836756 -1.347926 -0.824265
-6.339850 -1.415643 -0.802410
-6.858802 -1.485160 -0.771722
-7.508413 -1.572969 -0.736832
-8.205463 -1.666898 -0.690768
-8.404782 -1.692818 -0.585152
-8.356984 -1.686604 -0.463888
-8.557237 -1.713212 -0.351329
-9.694604 -1.868579 -0.265879
-9.701983 -1.868061 -0.124974
-9.612047 -1.855634 0.010435
-8.216371 -1.665154 0.133458
-9.680109 -1.864944 0.285969
-9.663460 -1.863238 0.427708
-9.664853 -1.865150 0.562084
-9.637078 -1.857773 0.700152
-9.650055 -1.864546 0.836508
-9.617647 -1.861362 0.975457
-9.619465 -1.862311 1.111680
-3.825187 -1.083559 -1.062095
-4.024399 -1.109807 -1.054967
-4.263282 -1.141438 -1.049298
-4.478984 -1.169770 -1.034377
-4.463343 -1.165560 -0.960247
-4.469395 -1.164115 -0.893890
-4.813358 -1.210712 -0.890452
-5.111010 -1.250403 -0.870732
-5.468025 -1.297908 -0.850524
-5.836756 -1.347926 -0.824265
-6.339850 -1.415643 -0.802410
-6.858802 -1.485160 -0.771722
-7.508413 -1.572969 -0.736832
-8.205463 -1.666898 -0.690768
-8.404782 -1.692818 -0.585152
-8.356984 -1.686604 -0.463888
-10.208325 -1.938493 -0.424680
-9.694604 -1.868579 -0.265879
-9.701983 -1.868061 -0.124974
-9.635152 -1.858472 0.151143
-9.680109 -1.864944 0.285969
-9.663460 -1.863238 0.427708
-9.664853 -1.865150 0.562084
-9.637078 -1.857773 0.700152
-9.619465 -1.862311 1.111680
-3.824804 -1.028795 -1.059662
-4.024332 -1.052258 -1.052631
-4.279010 -1.082483 -1.050921
-4.495113 -1.107798 -1.035874
-4.487194 -1.104761 -0.963334
-4.489379 -1.102734 -0.895958
-4.802782 -1.140655 -0.886413
-5.081351 -1.173763 -0.863537
-5.450660 -1.217727 -0.845752
-5.835712 -1.264521 -0.822138
-6.312116 -1.321812 -0.796829
-6.843751 -1.385525 -0.768031
-7.530032 -1.468609 -0.737100
-8.220422 -1.551819 -0.690186
-8.475521 -1.581716 -0.588587
-8.491104 -1.583914 -0.470277
-8.505360 -1.584911 -0.347736
-8.505750 -1.585095 -0.228600
-8.437264 -1.575377 -0.103939
-8.201195 -1.546828 0.367824
-3.824804 -1.028795 -1.059662
-4.024332 -1.052258 -1.052631
-4.279010 -1.082483 -1.050921
-4.495113 -1.107798 -1.035874
-4.487194 -1.104761 -0.963334
-4.489379 -1.102734 -0.895958
-4.802782 -1.140655 -0.886413
-5.081351 -1.173763 -0.863537
-5.450660 -1.217727 -0.845752
-5.835712 -1.264521 -0.822138
-6.312116 -1.321812 -0.796829
-6.843751 -1.385525 -0.768031
-7.530032 -1.468609 -0.737100
-8.220422 -1.551819 -0.690186
-8.475521 -1.581716 -0.588587
-8.491104 -1.583914 -0.470277
-8.505360 -1.584911 -0.347736
-8.505750 -1.585095 -0.228600
-8.437264 -1.575377 -0.103939
-3.850439 -0.977159 -1.064787
-4.046508 -0.997403 -1.056442
-4.286210 -1.022350 -1.050625
-4.518130 -1.046362 -1.039198
-4.541295 -1.046858 -0.973241
-4.543591 -1.044781 -0.905197
-4.814643 -1.073604 -0.886821
-5.113245 -1.104962 -0.867284
-5.471407 -1.142473 -0.847255
-5.837419 -1.181736 -0.820597
-6.310616 -1.231936 -0.794858
-6.850967 -1.289075 -0.767105
-7.486897 -1.356983 -0.730979
-8.233773 -1.436548 -0.689624
-9.131831 -1.532372 -0.634616
-8.508834 -1.465250 -0.469929
-8.491318 -1.462590 -0.345928
-8.451940 -1.458446 -0.225977
-8.431013 -1.454822 -0.103050
-8.511596 -1.463332 0.013971
-3.850439 -0.977159 -1.064787
-4.046508 -0.997403 -1.056442
-4.286210 -1.022350 -1.050625
-4.518130 -1.046362 -1.039198
-4.541295 -1.046858 -0.973241
-4.543591 -1.044781 -0.905197
-4.814643 -1.073604 -0.886821
-5.113245 -1.104962 -0.867284
-5.471407 -1.142473 -0.847255
-5.837419 -1.181736 -0.820597
-6.310616 -1.231936 -0.794858
-6.850967 -1.289075 -0.767105
-7.486897 -1.356983 -0.730979
-8.233773 -1.436548 -0.689624
-9.131831 -1.532372 -0.634616
-8.508834 -1.465250 -0.469929
-8.491318 -1.462590 -0.345928
-8.451940 -1.458446 -0.225977
-8.431013 -1.454822 -0.103050
-3.837043 -0.921139 -1.059140
-4.033299 -0.938644 -1.051061
-4.265523 -0.959489 -1.043590
-4.520925 -0.982516 -1.037989
-4.551859 -0.983428 -0.973790
-4.554134 -0.981305 -0.905691
-4.802092 -1.004089 -0.882810
-5.124593 -1.033521 -0.867628
-5.471451 -1.064901 -0.845642
-5.849782 -1.100169 -0.820782
-6.311793 -1.142630 -0.793418
-6.805401 -1.187724 -0.760254
-7.529300 -1.254973 -0.733688
-8.237579 -1.320355 -0.688394
-8.938269 -1.384936 -0.619070
-8.600452 -1.353404 -0.474014
-8.515316 -1.344604 -0.345896
-8.467922 -1.340241 -0.225542
-8.442961 -1.336513 -0.102496
-8.499755 -1.341633 0.014575
-3.837043 -0.921139 -1.059140
-4.033299 -0.938644 -1.051061
-4.265523 -0.959489 -1.043590
-4.520925 -0.982516 -1.037989
-4.551859 -0.983428 -0.973790
-4.554134 -0.981305 -0.905691
-4.802092 -1.004089 -0.882810
-5.124593 -1.033521 -0.867628
-5.471451 -1.064901 -0.845642
-5.849782 -1.100169 -0.820782
-6.311793 -1.142630 -0.793418
-6.805401 -1.187724 -0.760254
-7.529300 -1.254973 -0.733688
-8.237579 -1.320355 -0.688394
-8.938269 -1.384936 -0.619070
-8.600452 -1.353404 -0.474014
-8.515316 -1.344604 -0.345896
-8.467922 -1.340241 -0.225542
-8.442961 -1.336513 -0.102496
-8.499755 -1.341633 0.014575
-4.034660 -0.881632 -1.049780
-4.259401 -0.898587 -1.040425
-4.530587 -0.919336 -1.038609
-4.584912 -0.921731 -0.979456
-4.571609 -0.918275 -0.907787
-4.808139 -0.936630 -0.882505
-5.111376 -0.959953 -0.863891
-5.497969 -0.989683 -0.848421
-5.849173 -1.017423 -0.819272
-6.299851 -1.052467 -0.790457
-6.813810 -1.092257 -0.759824
-7.502871 -1.146518 -0.729613
-8.243724 -1.204548 -0.687529
-8.674807 -1.237686 -0.598690
-8.638849 -1.235038 -0.475096
-8.625316 -1.233137 -0.349730
-8.514142 -1.224318 -0.226084
-8.481163 -1.220275 -0.102400
-8.518084 -1.222990 0.015096
-4.034660 -0.881632 -1.049780
-4.259401 -0.898587 -1.040425
-4.530587 -0.919336 -1.038609
-4.584912 -0.921731 -0.979456
-4.571609 -0.918275 -0.907787
-4.808139 -0.936630 -0.882505
-5.111376 -0.959953 -0.863891
-5.497969 -0.989683 -0.848421
-5.849173 -1.017423 -0.819272
-6.299851 -1.052467 -0.790457
-6.813810 -1.092257 -0.759824
-7.502871 -1.146518 -0.729613
-8.243724 -1.204548 -0.687529
-8.674807 -1.237686 -0.598690
-8.638849 -1.235038 -0.475096
-8.625316 -1.233137 -0.349730
-8.514142 -1.224318 -0.226084
-8.481163 -1.220275 -0.102400
-8.518084 -1.222990 0.015096
-4.027506 -0.824125 -1.046467
-4.279526 -0.839822 -1.044019
-4.508280 -0.853832 -1.031975
-4.605432 -0.858401 -0.982578
-4.607770 -0.856177 -0.913867
-4.805397 -0.868565 -0.880736
-5.116774 -0.888181 -0.863580
-5.460383 -0.909596 -0.841213
-5.807894 -0.932160 -0.812084
-6.298505 -0.963552 -0.789051
-6.828815 -0.997213 -0.760324
-7.486807 -1.039735 -0.726761
-8.260177 -1.089518 -0.687719
-8.791210 -1.123186 -0.605913
-8.739371 -1.119974 -0.479903
-8.761761 -1.120601 -0.354796
-8.706390 -1.117001 -0.231060
-8.553687 -1.105494 -0.102879
-8.534763 -1.103996 0.015596
-4.027506 -0.824125 -1.046467
-4.279526 -0.839822 -1.044019
-4.508280 -0.853832 -1.031975
-4.605432 -0.858401 -0.982578
-4.607770 -0.856177 -0.913867
-4.805397 -0.868565 -0.880736
-5.116774 -0.888181 -0.863580
-5.460383 -0.909596 -0.841213
-5.807894 -0.932160 -0.812084
-6.298505 -0.963552 -0.789051
-6.828815 -0.997213 -0.760324
-7.486807 -1.039735 -0.726761
-8.260177 -1.089518 -0.687719
-8.791210 -1.123186 -0.605913
-8.739371 -1.119974 -0.479903
-8.761761 -1.120601 -0.354796
-8.553687 -1.105494 -0.102879
-8.534763 -1.103996 0.015596
-4.027261 -0.767309 -1.045208
-4.263957 -0.778628 -1.038950
-4.492816 -0.789445 -1.027171
-4.632885 -0.794994 -0.987411
-4.639174 -0.792928 -0.919161
-4.797774 -0.800436 -0.878242
-5.132979 -0.816965 -0.865327
-5.461098 -0.832735 -0.840270
-5.800974 -0.850021 -0.810039
-6.276104 -0.873720 -0.785103
-6.830594 -0.901225 -0.759472
-7.485133 -0.934342 -0.725528
-8.255130 -0.973108 -0.686209
-8.858282 -1.003075 -0.609705
-8.846330 -1.002643 -0.485184
-8.713152 -0.994845 -0.351848
-8.809429 -0.999874 -0.233415
-8.728500 -0.994184 -0.104978
-8.573755 -0.985898 0.016036
-8.728870 -0.993509 0.142346
-8.770438 -0.995836 0.263622
-4.027261 -0.767309 -1.045208
-4.263957 -0.778628 -1.038950
-4.492816 -0.789445 -1.027171
-4.632885 -0.794994 -0.987411
-4.639174 -0.792928 -0.919161
-4.797774 -0.800436 -0.878242
-5.132979 -0.816965 -0.865327
-5.461098 -0.832735 -0.840270
-5.800974 -0.850021 -0.810039
-6.276104 -0.873720 -0.785103
-6.830594 -0.901225 -0.759472
-7.485133 -0.934342 -0.725528
-8.255130 -0.973108 -0.686209
-8.858282 -1.003075 -0.609705
-8.846330 -1.002643 -0.485184
-8.713152 -0.994845 -0.351848
-8.728500 -0.994184 -0.104978
-8.573755 -0.985898 0.016036
-8.770438 -0.995836 0.263622
-4.033950 -0.710883 -1.046003
-4.266915 -0.718732 -1.038710
-4.523149 -0.727469 -1.033273
-4.651655 -0.730570 -0.990553
-4.657958 -0.728398 -0.922080
-4.797049 -0.732900 -0.877237
-5.116687 -0.744123 -0.861633
-5.433103 -0.754846 -0.834971
-5.504088 -0.756872 -0.766480
-5.372386 -0.750432 -0.667625
-6.850884 -0.806046 -0.760918
-7.513799 -0.830319 -0.727509
-8.260398 -0.857408 -0.685752
-9.162920 -0.890311 -0.630704
-8.866416 -0.878295 -0.357810
-8.714005 -0.871012 -0.104188
-8.774997 -0.873012 0.016190
-5.350908 -0.745240 0.477453
-5.308085 -0.744192 0.551665
-4.033950 -0.710883 -1.046003
-4.266915 -0.718732 -1.038710
-4.523149 -0.727469 -1.033273
-4.651655 -0.730570 -0.990553
-4.657958 -0.728398 -0.922080
-4.797049 -0.732900 -0.877237
-5.116687 -0.744123 -0.861633
-5.433103 -0.754846 -0.834971
-5.504088 -0.756872 -0.766480
-6.351538 -0.788447 -0.793962
-6.850884 -0.806046 -0.760918
-7.513799 -0.830319 -0.727509
-8.260398 -0.857408 -0.685752
-9.162920 -0.890311 -0.630704
-8.714005 -0.871012 -0.104188
-8.774997 -0.873012 0.016190
-5.350908 -0.745240 0.477453
-5.308085 -0.744192 0.551665
-4.245752 -0.658161 -1.032703
-4.463059 -0.662271 -1.018511
-4.681253 -0.665986 -0.996255
-4.675847 -0.663395 -0.925010
-4.803240 -0.665639 -0.877720
-5.091491 -0.671588 -0.856592
-5.332913 -0.676000 -0.818452
-4.908933 -0.664605 -0.680316
-4.930637 -0.663948 -0.610077
-5.407889 -0.674392 -0.594583
-5.396413 -0.673166 -0.514456
-5.395532 -0.672099 -0.437992
-5.385761 -0.670919 -0.358812
-5.374659 -0.670739 -0.282753
-5.390581 -0.670557 -0.205838
-5.369347 -0.670038 -0.130035
-5.363119 -0.668946 -0.052285
-5.367751 -0.668856 0.022029
-5.355323 -0.668278 0.099837
-5.369858 -0.668706 0.174080
-5.355218 -0.668553 0.252034
-5.355656 -0.669397 0.326058
-5.362919 -0.667493 0.403706
-5.341266 -0.669606 0.476744
-5.346204 -0.670295 0.555437
-5.358311 -0.670862 0.631964
-5.345107 -0.671397 0.709130
-5.350962 -0.672195 0.786289
-4.245752 -0.658161 -1.032703
-4.463059 -0.662271 -1.018511
-4.681253 -0.665986 -0.996255
-4.675847 -0.663395 -0.925010
-4.803240 -0.665639 -0.877720
-5.091491 -0.671588 -0.856592
-5.332913 -0.676000 -0.818452
-4.908933 -0.664605 -0.680316
-4.930637 -0.663948 -0.610077
-5.407889 -0.674392 -0.594583
-5.396413 -0.673166 -0.514456
-5.395532 -0.672099 -0.437992
-5.385761 -0.670919 -0.358812
-5.374659 -0.670739 -0.282753
-5.390581 -0.670557 -0.205838
-5.369347 -0.670038 -0.130035
-5.363119 -0.668946 -0.052285
-5.367751 -0.668856 0.022029
-5.355323 -0.668278 0.099837
-5.369858 -0.668706 0.174080
-5.355218 -0.668553 0.252034
-5.355656 -0.669397 0.326058
-5.362919 -0.667493 0.403706
-5.341266 -0.669606 0.476744
-5.346204 -0.670295 0.555437
-5.358311 -0.670862 0.631964
-5.345107 -0.671397 0.709130
-5.350962 -0.672195 0.786289
-4.254794 -0.598636 -1.034413
-4.476059 -0.599758 -1.021006
-4.702139 -0.600516 -1.000267
-4.696752 -0.597978 -0.928744
-4.808491 -0.598243 -0.878214
-4.911566 -0.598005 -0.825001
-4.903690 -0.596277 -0.750159
-4.870628 -0.595208 -0.674383
-4.872404 -0.594027 -0.602163
-4.928438 -0.593326 -0.539162
-5.365925 -0.597040 -0.510994
-5.353028 -0.595855 -0.433944
-5.347179 -0.594844 -0.355680
-5.356000 -0.595006 -0.281329
-5.347925 -0.594349 -0.203656
-5.346650 -0.594313 -0.129054
-5.348395 -0.593376 -0.051772
-5.341020 -0.593091 0.022341
-5.340582 -0.592792 0.099899
-5.331133 -0.592768 0.173287
-5.324499 -0.592882 0.250989
-5.336948 -0.593821 0.325232
-5.328236 -0.591657 0.401492
-5.322594 -0.594202 0.475358
-5.319602 -0.594724 0.552989
-5.323802 -0.595027 0.628245
-5.310664 -0.595727 0.704896
-5.304709 -0.596300 0.779892
-4.254794 -0.598636 -1.034413
-4.476059 -0.599758 -1.021006
-4.702139 -0.600516 -1.000267
-4.696752 -0.597978 -0.928744
-4.808491 -0.598243 -0.878214
-4.911566 -0.598005 -0.825001
-4.903690 -0.596277 -0.750159
-4.870628 -0.595208 -0.674383
-4.872404 -0.594027 -0.602163
-4.928438 -0.593326 -0.539162
-5.365925 -0.597040 -0.510994
-5.353028 -0.595855 -0.433944
-5.347179 -0.594844 -0.355680
-5.356000 -0.595006 -0.281329
-5.347925 -0.594349 -0.203656
-5.346650 -0.594313 -0.129054
-5.348395 -0.593376 -0.051772
-5.341020 -0.593091 0.022341
-5.340582 -0.592792 0.099899
-5.331133 -0.592768 0.173287
-5.324499 -0.592882 0.250989
-5.336948 -0.593821 0.325232
-5.328236 -0.591657 0.401492
-5.322594 -0.594202 0.475358
-5.319602 -0.594724 0.552989
-5.323802 -0.595027 0.628245
-5.310664 -0.595727 0.704896
-5.304709 -0.596300 0.779892
-4.239711 -0.538894 -1.030356
-4.495978 -0.536904 -1.025326
-4.737744 -0.534474 -1.007687
-4.740266 -0.531965 -0.937251
-4.785282 -0.530784 -0.873562
-4.876455 -0.529131 -0.818637
-4.868468 -0.527512 -0.744309
-4.847193 -0.526863 -0.670740
-4.852869 -0.525638 -0.599375
-4.888982 -0.524213 -0.534371
-4.964229 -0.523073 -0.470480
-5.361271 -0.520636 -0.434375
-5.359402 -0.519675 -0.356284
-5.364239 -0.519717 -0.281535
-5.352162 -0.519173 -0.203575
-5.354883 -0.519125 -0.129037
-5.352614 -0.518165 -0.051579
-5.345232 -0.517969 0.022589
-5.356785 -0.517610 0.100360
-5.339331 -0.517739 0.173753
-5.352676 -0.517848 0.252393
-5.345145 -0.518684 0.325924
-5.338748 -0.519207 0.476935
-5.347681 -0.519713 0.555960
-5.339915 -0.519989 0.630271
-5.342632 -0.520803 0.709153
-5.320778 -0.521506 0.782367
-4.239711 -0.538894 -1.030356
-4.495978 -0.536904 -1.025326
-4.737744 -0.534474 -1.007687
-4.740266 -0.531965 -0.937251
-4.785282 -0.530784 -0.873562
-4.876455 -0.529131 -0.818637
-4.868468 -0.527512 -0.744309
-4.847193 -0.526863 -0.670740
-4.852869 -0.525638 -0.599375
-4.888982 -0.524213 -0.534371
-4.964229 -0.523073 -0.470480
-5.361271 -0.520636 -0.434375
-5.359402 -0.519675 -0.356284
-5.364239 -0.519717 -0.281535
-5.352162 -0.519173 -0.203575
-5.354883 -0.519125 -0.129037
-5.352614 -0.518165 -0.051579
-5.345232 -0.517969 0.022589
-5.356785 -0.517610 0.100360
-5.339331 -0.517739 0.173753
-5.352676 -0.517848 0.252393
-5.345145 -0.518684 0.325924
-5.332403 -0.516642 0.402021
-5.338748 -0.519207 0.476935
-5.347681 -0.519713 0.555960
-5.339915 -0.519989 0.630271
-5.342632 -0.520803 0.709153
-5.320778 -0.521506 0.782367
-4.247089 -0.479245 -1.032087
-4.452689 -0.474416 -1.015145
-4.745063 -0.467860 -1.009170
-4.778930 -0.464808 -0.944974
-4.788653 -0.463538 -0.874081
-4.867977 -0.460793 -0.817054
-4.855996 -0.459340 -0.742218
-4.834686 -0.458976 -0.668817
-4.852217 -0.457461 -0.599156
-4.880357 -0.455658 -0.533240
-4.943627 -0.453664 -0.468264
-5.388385 -0.444840 -0.436535
-5.426422 -0.443177 -0.360900
-5.419338 -0.443349 -0.284520
-5.407290 -0.442952 -0.205762
-5.418030 -0.442709 -0.130686
-5.399769 -0.442043 -0.052067
-5.412384 -0.441572 0.022732
-5.399927 -0.441470 0.101172
-5.406449 -0.441393 0.175806
-5.391785 -0.441812 0.254280
-5.368264 -0.443033 0.327480
-5.403346 -0.440266 0.407232
-5.306023 -0.444620 0.474527
-5.335104 -0.444857 0.630068
-5.306091 -0.446177 0.704888
-5.355602 -0.445918 0.787610
-4.247089 -0.479245 -1.032087
-4.452689 -0.474416 -1.015145
-4.745063 -0.467860 -1.009170
-4.778930 -0.464808 -0.944974
-4.788653 -0.463538 -0.874081
-4.867977 -0.460793 -0.817054
-4.855996 -0.459340 -0.742218
-4.834686 -0.458976 -0.668817
-4.852217 -0.457461 -0.599156
-4.880357 -0.455658 -0.533240
-4.943627 -0.453664 -0.468264
-5.388385 -0.444840 -0.436535
-5.426422 -0.443177 -0.360900
-5.407290 -0.442952 -0.205762
-5.412384 -0.441572 0.022732
-5.406449 -0.441393 0.175806
-5.335104 -0.444857 0.630068
-5.355602 -0.445918 0.787610
-4.470831 -0.410570 -1.019485
-4.763147 -0.399869 -1.013210
-4.812696 -0.395847 -0.951909
-4.802848 -0.395006 -0.876820
-4.878223 -0.391242 -0.818885
-4.866248 -0.389940 -0.743879
-4.856828 -0.389496 -0.672016
-4.878345 -0.387589 -0.602521
-4.906500 -0.385367 -0.536216
-7.495900 -0.302828 -0.723726
-8.278377 -0.276474 -0.685156
-4.470831 -0.410570 -1.019485
-4.763147 -0.399869 -1.013210
-4.812696 -0.395847 -0.951909
-4.802848 -0.395006 -0.876820
-4.878223 -0.391242 -0.818885
-4.866248 -0.389940 -0.743879
-4.856828 -0.389496 -0.672016
-4.878345 -0.387589 -0.602521
-4.906500 -0.385367 -0.536216
-7.495900 -0.302828 -0.723726
-8.278377 -0.276474 -0.685156
-4.449167 -0.348650 -1.014771
-4.760768 -0.333037 -1.013019
-4.818087 -0.327970 -0.953302
-4.831813 -0.326213 -0.882518
-4.942646 -0.319805 -0.830258
-4.915020 -0.319330 -0.751788
-4.909656 -0.318815 -0.679771
-4.931250 -0.316576 -0.609471
-4.947551 -0.314469 -0.541026
-7.475982 -0.198523 -0.721836
-8.281880 -0.160154 -0.685513
-4.449167 -0.348650 -1.014771
-4.760768 -0.333037 -1.013019
-4.818087 -0.327970 -0.953302
-4.831813 -0.326213 -0.882518
-4.942646 -0.319805 -0.830258
-4.915020 -0.319330 -0.751788
-4.909656 -0.318815 -0.679771
-4.931250 -0.316576 -0.609471
-6.904740 -0.225808 -0.765380
-7.475982 -0.198523 -0.721836
-8.281880 -0.160154 -0.685513
-4.446104 -0.286206 -1.014602
-4.749651 -0.266691 -1.011141
-4.861664 -0.257657 -0.962640
-4.859793 -0.256586 -0.888226
-5.068980 -0.242878 -0.852524
-5.396648 -0.221914 -0.828262
-5.763852 -0.199500 -0.802769
-6.258379 -0.168819 -0.780727
-6.768797 -0.136809 -0.750111
-7.514218 -0.091184 -0.725935
-8.164405 -0.050808 -0.675616
-4.446104 -0.286206 -1.014602
-4.749651 -0.266691 -1.011141
-4.861664 -0.257657 -0.962640
-4.859793 -0.256586 -0.888226
-5.068980 -0.242878 -0.852524
-5.396648 -0.221914 -0.828262
-5.763852 -0.199500 -0.802769
-6.258379 -0.168819 -0.780727
-6.768797 -0.136809 -0.750111
-7.514218 -0.091184 -0.725935
-8.164405 -0.050808 -0.675616
-4.733717 -0.200891 -1.008428
-4.888572 -0.187212 -0.968815
-4.914222 -0.184166 -0.899097
-5.064372 -0.171761 -0.852347
-5.387774 -0.146507 -0.827451
-5.778313 -0.117241 -0.805406
-6.272401 -0.079648 -0.783061
-6.774428 -0.041082 -0.751241
-7.475492 0.011745 -0.722493
-8.136933 0.062073 -0.673623
-4.733717 -0.200891 -1.008428
-4.888572 -0.187212 -0.968815
-4.914222 -0.184166 -0.899097
-5.064372 -0.171761 -0.852347
-5.387774 -0.146507 -0.827451
-5.778313 -0.117241 -0.805406
-6.272401 -0.079648 -0.783061
-6.774428 -0.041082 -0.751241
-7.475492 0.011745 -0.722493
-8.136933 0.062073 -0.673623
-4.724668 -0.134820 -1.007425
-4.941804 -0.113621 -0.980552
-4.932315 -0.113205 -0.903354
-5.050916 -0.101394 -0.850823
-5.385724 -0.070604 -0.827900
-5.767935 -0.036568 -0.804653
-6.241679 0.006202 -0.779800
-6.778708 0.054880 -0.752388
-7.451227 0.115070 -0.720663
-8.111878 0.174631 -0.671994
-4.724668 -0.134820 -1.007425
-4.941804 -0.113621 -0.980552
-4.932315 -0.113205 -0.903354
-5.050916 -0.101394 -0.850823
-5.385724 -0.070604 -0.827900
-5.767935 -0.036568 -0.804653
-6.241679 0.006202 -0.779800
-6.778708 0.054880 -0.752388
-7.451227 0.115070 -0.720663
-8.111878 0.174631 -0.671994
-4.687472 -0.071636 -1.000495
-4.962718 -0.041593 -0.985956
-4.988508 -0.037760 -0.914980
-5.012958 -0.033690 -0.845234
-5.390472 0.006109 -0.829609
-5.776135 0.045884 -0.806752
-6.257159 0.096074 -0.782675
-6.746048 0.147450 -0.749461
-7.417624 0.217020 -0.718059
-8.140785 0.292257 -0.675177
-4.687472 -0.071636 -1.000495
-4.962718 -0.041593 -0.985956
-4.988508 -0.037760 -0.914980
-5.012958 -0.033690 -0.845234
-5.390472 0.006109 -0.829609
-5.776135 0.045884 -0.806752
-6.257159 0.096074 -0.782675
-6.746048 0.147450 -0.749461
-7.417624 0.217020 -0.718059
-8.140785 0.292257 -0.675177
-4.688286 -0.005010 -1.002064
-4.978690 0.030656 -0.990578
-5.000579 0.034429 -0.918524
-5.017183 0.037969 -0.847138
-5.374505 0.080793 -0.828219
-5.759556 0.125949 -0.805462
-6.216169 0.180126 -0.778429
-6.716082 0.239681 -0.747008
-7.548699 0.337371 -0.732169
-4.688286 -0.005010 -1.002064
-4.978690 0.030656 -0.990578
-5.000579 0.034429 -0.918524
-5.017183 0.037969 -0.847138
-5.374505 0.080793 -0.828219
-5.759556 0.125949 -0.805462
-6.216169 0.180126 -0.778429
-6.716082 0.239681 -0.747008
-7.548699 0.337371 -0.732169
-4.978056 0.101454 -0.992041
-5.042807 0.111050 -0.927964
-5.039936 0.112355 -0.852453
-5.400616 0.160693 -0.833692
-5.749729 0.206679 -0.805322
-6.217344 0.268757 -0.779807
-6.740042 0.338363 -0.750935
-7.512059 0.439998 -0.729603
-4.978056 0.101454 -0.992041
-5.042807 0.111050 -0.927964
-5.039936 0.112355 -0.852453
-5.400616 0.160693 -0.833692
-5.749729 0.206679 -0.805322
-6.217344 0.268757 -0.779807
-6.740042 0.338363 -0.750935
-7.512059 0.439998 -0.729603
-4.949248 0.168484 -0.987969
-5.087759 0.189511 -0.938152
-5.077198 0.189714 -0.860500
-5.362960 0.232486 -0.829216
-5.691740 0.280526 -0.798393
-6.213331 0.356996 -0.780692
-6.707483 0.429942 -0.748518
-7.497673 0.545177 -0.729442
-4.949248 0.168484 -0.987969
-5.087759 0.189511 -0.938152
-5.077198 0.189714 -0.860500
-5.362960 0.232486 -0.829216
-5.691740 0.280526 -0.798393
-6.213331 0.356996 -0.780692
-6.707483 0.429942 -0.748518
-7.497673 0.545177 -0.729442
-4.938914 0.237863 -0.987873
-5.112078 0.266306 -0.944673
-5.124963 0.270069 -0.870596
-5.359492 0.308892 -0.830359
-5.578065 0.344279 -0.783545
-5.592798 0.348201 -0.701601
-5.578508 0.347652 -0.619400
-5.567288 0.347078 -0.535861
-5.609760 0.355112 -0.459831
-4.938914 0.237863 -0.987873
-5.112078 0.266306 -0.944673
-5.124963 0.270069 -0.870596
-5.359492 0.308892 -0.830359
-5.578065 0.344279 -0.783545
-5.592798 0.348201 -0.701601
-5.578508 0.347652 -0.619400
-5.567288 0.347078 -0.535861
-5.162370 0.348556 -0.956355
-5.171468 0.351894 -0.880705
-5.323786 0.380005 -0.826537
-5.518377 0.414412 -0.776652
-5.532960 0.418526 -0.695397
-5.510766 0.416414 -0.612952
-5.515157 0.418381 -0.531800
-5.561388 0.427683 -0.456665
-5.162370 0.348556 -0.956355
-5.171468 0.351894 -0.880705
-5.323786 0.380005 -0.826537
-5.518377 0.414412 -0.776652
-5.532960 0.418526 -0.695397
-5.510766 0.416414 -0.612952
-5.515157 0.418381 -0.531800
-5.561388 0.427683 -0.456665
-5.192027 0.428778 -0.964372
-5.197304 0.431572 -0.887428
-5.298801 0.452455 -0.824596
-5.473403 0.485954 -0.772041
-5.511265 0.494630 -0.694302
-5.465645 0.487840 -0.609244
-5.493433 0.494258 -0.530931
-5.535599 0.503480 -0.455565
-5.192027 0.428778 -0.964372
-5.197304 0.431572 -0.887428
-5.298801 0.452455 -0.824596
-5.473403 0.485954 -0.772041
-5.511265 0.494630 -0.694302
-5.465645 0.487840 -0.609244
-5.493433 0.494258 -0.530931
-5.535599 0.503480 -0.455565
-5.220448 0.509996 -0.972402
-5.260575 0.519874 -0.900959
-5.245720 0.518951 -0.818314
-5.489634 0.568892 -0.776515
-5.519647 0.576568 -0.697298
-5.478058 0.569957 -0.612362
-5.497986 0.575218 -0.532856
-5.536133 0.584264 -0.456871
-5.220448 0.509996 -0.972402
-5.260575 0.519874 -0.900959
-5.245720 0.518951 -0.818314
-5.489634 0.568892 -0.776515
-5.519647 0.576568 -0.697298
-5.478058 0.569957 -0.612362
-5.497986 0.575218 -0.532856
-5.536133 0.584264 -0.456871
-5.283843 0.601852 -0.907709
-5.539456 0.659976 -0.786104
-5.999985 0.760899 -0.762444
-5.520321 0.659324 -0.619128
-5.528586 0.662389 -0.537575
-5.527703 0.663579 -0.457509
-5.283843 0.601852 -0.907709
-5.539456 0.659976 -0.786104
-5.999985 0.760899 -0.762444
-5.520321 0.659324 -0.619128
-5.528586 0.662389 -0.537575
-5.583714 0.752754 -0.795139
-6.085415 0.870021 -0.776161
-6.579395 0.985941 -0.745304
-7.236875 1.139276 -0.714207
-5.583714 0.752754 -0.795139
-6.085415 0.870021 -0.776161
-6.579395 0.985941 -0.745304
-7.236875 1.139276 -0.714207
-5.580537 0.834734 -0.797390
-6.042046 0.949568 -0.773088
-6.545900 1.075203 -0.743924
-7.301657 1.262383 -0.723318
-5.580537 0.834734 -0.797390
-6.042046 0.949568 -0.773088
-6.545900 1.075203 -0.743924
-7.301657 1.262383 -0.723318
-6.005332 1.030176 -0.771050
-6.488127 1.157824 -0.739838
-6.005332 1.030176 -0.771050
-6.488127 1.157824 -0.739838
-5.986681 1.115307 -0.771576
-6.452324 1.245474 -0.738494
-5.986681 1.115307 -0.771576
-6.452324 1.245474 -0.738494
-5.982072 1.204640 -0.774155
-6.129093 1.249393 -0.703117
-6.084624 1.238040 -0.605465
-6.084437 1.239649 -0.515915
-6.136890 1.256463 -0.427792
-5.982072 1.204640 -0.774155
-6.129093 1.249393 -0.703117
-6.084624 1.238040 -0.605465
-6.084437 1.239649 -0.515915
-6.136890 1.256463 -0.427792
-6.038926 1.315461 -0.695449
-6.017360 1.310441 -0.601148
-6.013283 1.310870 -0.511867
-6.050184 1.323732 -0.423294
-6.120438 1.345537 -0.339014
-6.038926 1.315461 -0.695449
-6.017360 1.310441 -0.601148
-6.013283 1.310870 -0.511867
-6.050184 1.323732 -0.423294
-7.102366 -4.046591 -0.743310
-6.593929 -3.703528 -0.786773
-6.593929 -3.703528 -0.786773
-7.165934 -3.953230 -0.744268
-6.597359 -3.595150 -0.781275
-6.532247 -3.566872 0.236926
-6.597359 -3.595150 -0.781275
-7.202076 -3.849175 -0.742457
-6.532247 -3.566872 0.236926
-6.613796 -3.493214 -0.777630
-7.210897 -3.734270 -0.737874
-6.205331 -3.326137 0.134911
-6.789016 -3.563126 0.244078
-6.613796 -3.493214 -0.777630
-7.210897 -3.734270 -0.737874
-6.205331 -3.326137 0.134911
-6.789016 -3.563126 0.244078
-6.139936 -3.202627 -0.807940
-6.654609 -3.401455 -0.777198
-7.243892 -3.629818 -0.736110
-6.150500 -3.203804 -0.525022
-6.165209 -3.208802 -0.429990
-6.155685 -3.205721 -0.336642
-6.167705 -3.210169 -0.241675
-6.256393 -3.245135 -0.152067
-6.228848 -3.233693 -0.054383
-6.203392 -3.224038 0.038408
-6.471239 -3.328293 0.138952
-6.139936 -3.202627 -0.807940
-6.654609 -3.401455 -0.777198
-7.243892 -3.629818 -0.736110
-6.150500 -3.203804 -0.525022
-6.165209 -3.208802 -0.429990
-6.155685 -3.205721 -0.336642
-6.167705 -3.210169 -0.241675
-6.256393 -3.245135 -0.152067
-6.228848 -3.233693 -0.054383
-6.203392 -3.224038 0.038408
-6.471239 -3.328293 0.138952
-6.147021 -3.106358 -0.803563
-6.664374 -3.297963 -0.773143
-7.305225 -3.536133 -0.737553
-6.247089 -3.140699 -0.530043
-6.362881 -3.183104 -0.441744
-6.353452 -3.180205 -0.345965
-6.335693 -3.173338 -0.247100
-6.402441 -3.198699 -0.154784
-6.416001 -3.202986 -0.056047
-6.382927 -3.190884 0.039007
-6.809595 -3.350029 0.144028
-6.147021 -3.106358 -0.803563
-6.664374 -3.297963 -0.773143
-7.305225 -3.536133 -0.737553
-8.061973 -3.817161 -0.696568
-6.362881 -3.183104 -0.441744
-6.353452 -3.180205 -0.345965
-6.335693 -3.173338 -0.247100
-6.402441 -3.198699 -0.154784
-6.416001 -3.202986 -0.056047
-6.382927 -3.190884 0.039007
-5.711273 -2.853743 -0.829401
-6.167571 -3.015708 -0.801251
-6.702497 -3.205407 -0.772750
-7.305383 -3.419879 -0.732648
-8.017133 -3.672877 -0.687675
-6.756419 -3.222078 -0.468291
-9.124234 -4.067783 -0.512388
-6.628042 -3.176610 -0.258204
-6.876007 -3.265594 -0.167700
-6.791837 -3.234726 -0.060689
-6.736023 -3.215025 0.039397
-5.711273 -2.853743 -0.829401
-6.167571 -3.015708 -0.801251
-6.702497 -3.205407 -0.772750
-7.305383 -3.419879 -0.732648
-8.017133 -3.672877 -0.687675
-6.756419 -3.222078 -0.468291
-9.124234 -4.067783 -0.512388
-6.628042 -3.176610 -0.258204
-6.876007 -3.265594 -0.167700
-6.736023 -3.215025 0.039397
-5.728308 -2.769367 -0.826993
-6.171781 -2.919803 -0.796921
-6.694212 -3.096862 -0.766925
-7.318801 -3.309300 -0.729362
-8.018894 -3.547172 -0.683268
-8.636258 -3.756815 -0.606575
-9.055726 -3.900725 -0.504385
-9.667546 -4.109082 -0.394237
-5.728308 -2.769367 -0.826993
-6.171781 -2.919803 -0.796921
-6.694212 -3.096862 -0.766925
-7.318801 -3.309300 -0.729362
-8.018894 -3.547172 -0.683268
-8.636258 -3.756815 -0.606575
-9.055726 -3.900725 -0.504385
-9.667546 -4.109082 -0.394237
-5.702705 -2.671401 -0.818371
-6.212247 -2.836521 -0.797705
-6.725781 -3.002571 -0.766120
-7.345704 -3.203794 -0.727689
-8.049039 -3.431857 -0.681623
-8.619938 -3.616781 -0.601278
-9.117262 -3.779517 -0.504443
-9.579944 -3.929786 -0.387069
-5.702705 -2.671401 -0.818371
-6.212247 -2.836521 -0.797705
-6.725781 -3.002571 -0.766120
-7.345704 -3.203794 -0.727689
-8.049039 -3.431857 -0.681623
-8.619938 -3.616781 -0.601278
-9.117262 -3.779517 -0.504443
-9.579944 -3.929786 -0.387069
-5.342581 -2.471431 -0.841201
-5.728433 -2.591009 -0.817703
-6.175824 -2.728969 -0.788331
-6.744644 -2.904315 -0.763974
-7.397706 -3.106297 -0.728813
-8.092759 -3.320969 -0.681365
-8.612840 -3.481335 -0.596870
-9.123785 -3.640627 -0.501325
-9.428186 -3.734643 -0.377219
-9.757315 -3.837382 -0.249769
-5.342581 -2.471431 -0.841201
-5.728433 -2.591009 -0.817703
-6.175824 -2.728969 -0.788331
-6.744644 -2.904315 -0.763974
-7.397706 -3.106297 -0.728813
-8.092759 -3.320969 -0.681365
-8.612840 -3.481335 -0.596870
-9.123785 -3.640627 -0.501325
-9.428186 -3.734643 -0.377219
-5.365556 -2.396083 -0.840592
-5.753038 -2.510257 -0.817051
-6.194700 -2.639701 -0.786613
-6.746844 -2.801451 -0.760038
-7.394983 -2.992024 -0.724411
-8.146431 -3.212751 -0.682150
-8.638103 -3.356792 -0.595045
-9.216320 -3.528129 -0.503483
-9.384051 -3.577147 -0.372394
-9.653180 -3.657126 -0.244273
-5.365556 -2.396083 -0.840592
-5.753038 -2.510257 -0.817051
-6.194700 -2.639701 -0.786613
-6.746844 -2.801451 -0.760038
-7.394983 -2.992024 -0.724411
-8.146431 -3.212751 -0.682150
-8.638103 -3.356792 -0.595045
-9.216320 -3.528129 -0.503483
-9.384051 -3.577147 -0.372394
-9.653180 -3.657126 -0.244273
-5.387476 -2.320425 -0.839999
-5.772700 -2.428103 -0.815851
-6.246678 -2.559936 -0.789484
-6.739843 -2.696795 -0.755222
-7.386691 -2.877209 -0.719642
-8.156447 -3.091706 -0.679214
-8.680789 -3.237453 -0.594661
-9.203660 -3.384529 -0.499512
-9.448984 -3.452716 -0.372556
-9.723059 -3.529986 -0.244134
-5.387476 -2.320425 -0.839999
-5.772700 -2.428103 -0.815851
-6.246678 -2.559936 -0.789484
-6.739843 -2.696795 -0.755222
-7.386691 -2.877209 -0.719642
-8.156447 -3.091706 -0.679214
-8.680789 -3.237453 -0.594661
-9.203660 -3.384529 -0.499512
-9.448984 -3.452716 -0.372556
-9.723059 -3.529986 -0.244134
-5.025428 -2.144136 -0.855438
-5.393061 -2.240405 -0.836940
-5.787373 -2.344718 -0.814103
-6.263128 -2.469913 -0.787800
-6.785029 -2.607002 -0.756762
-7.449752 -2.782448 -0.722409
-8.172388 -2.972898 -0.676986
-8.690977 -3.109245 -0.592042
-9.211966 -3.247957 -0.496942
-9.547042 -3.336228 -0.374268
-9.768085 -3.395304 -0.243327
-5.025428 -2.144136 -0.855438
-5.393061 -2.240405 -0.836940
-5.787373 -2.344718 -0.814103
-6.263128 -2.469913 -0.787800
-6.785029 -2.607002 -0.756762
-7.449752 -2.782448 -0.722409
-8.172388 -2.972898 -0.676986
-8.690977 -3.109245 -0.592042
-9.211966 -3.247957 -0.496942
-9.547042 -3.336228 -0.374268
-9.768085 -3.395304 -0.243327
-5.028571 -2.069410 -0.852206
-5.397474 -2.160529 -0.833899
-5.766283 -2.252566 -0.807293
-6.282139 -2.380741 -0.786644
-6.782764 -2.504727 -0.752897
-7.461412 -2.673763 -0.720059
-8.221410 -2.862802 -0.677836
-8.730260 -2.988976 -0.591707
-9.229890 -3.114567 -0.495083
-9.647564 -3.218487 -0.376166
-9.908224 -3.284160 -0.245406
-5.028571 -2.069410 -0.852206
-5.397474 -2.160529 -0.833899
-5.766283 -2.252566 -0.807293
-6.282139 -2.380741 -0.786644
-6.782764 -2.504727 -0.752897
-7.461412 -2.673763 -0.720059
-8.221410 -2.862802 -0.677836
-8.730260 -2.988976 -0.591707
-9.229890 -3.114567 -0.495083
-9.647564 -3.218487 -0.376166
-9.908224 -3.284160 -0.245406
-5.038290 -1.996679 -0.850346
-5.416101 -2.084450 -0.833356
-5.797719 -2.174056 -0.808405
-6.284443 -2.287724 -0.783479
-6.821531 -2.412908 -0.754021
-7.467624 -2.564233 -0.717339
-8.175849 -2.729842 -0.670576
-8.729042 -2.858926 -0.588581
-9.269221 -2.986653 -0.494612
-9.727207 -3.093864 -0.377231
-10.728251 -3.329947 -0.267434
-5.038290 -1.996679 -0.850346
-5.416101 -2.084450 -0.833356
-5.797719 -2.174056 -0.808405
-6.284443 -2.287724 -0.783479
-6.821531 -2.412908 -0.754021
-7.467624 -2.564233 -0.717339
-8.175849 -2.729842 -0.670576
-8.729042 -2.858926 -0.588581
-9.269221 -2.986653 -0.494612
-9.727207 -3.093864 -0.377231
-10.728251 -3.329947 -0.267434
-4.734323 -1.855785 -0.865483
-5.062364 -1.927336 -0.851206
-5.387367 -1.997849 -0.825397
-5.785566 -2.085522 -0.803331
-6.289263 -2.195802 -0.780843
-6.831898 -2.314324 -0.752006
-7.468361 -2.454027 -0.714251
-8.225497 -2.620032 -0.671813
-8.768775 -2.738786 -0.588579
-9.240493 -2.843446 -0.490325
-9.813056 -2.969198 -0.378653
-10.782181 -3.183510 -0.266963
-4.734323 -1.855785 -0.865483
-5.062364 -1.927336 -0.851206
-5.387367 -1.997849 -0.825397
-5.785566 -2.085522 -0.803331
-6.289263 -2.195802 -0.780843
-6.831898 -2.314324 -0.752006
-7.468361 -2.454027 -0.714251
-8.225497 -2.620032 -0.671813
-8.768775 -2.738786 -0.588579
-9.240493 -2.843446 -0.490325
-9.813056 -2.969198 -0.378653
-10.782181 -3.183510 -0.266963
-4.741237 -1.786564 -0.863566
-5.070235 -1.853465 -0.849371
-5.434882 -1.927378 -0.829834
-5.807198 -2.003805 -0.803343
-6.285208 -2.101330 -0.777209
-6.837208 -2.213768 -0.749554
-7.475556 -2.344449 -0.711967
-8.227135 -2.498116 -0.669005
-8.803270 -2.615597 -0.588309
-9.276422 -2.713559 -0.489900
-9.882021 -2.837629 -0.379408
-10.720940 -3.010780 -0.263225
-4.741237 -1.786564 -0.863566
-5.070235 -1.853465 -0.849371
-5.434882 -1.927378 -0.829834
-5.807198 -2.003805 -0.803343
-6.285208 -2.101330 -0.777209
-6.837208 -2.213768 -0.749554
-7.475556 -2.344449 -0.711967
-8.227135 -2.498116 -0.669005
-8.803270 -2.615597 -0.588309
-9.276422 -2.713559 -0.489900
-9.882021 -2.837629 -0.379408
-10.720940 -3.010780 -0.263225
-4.743125 -1.717450 -0.860939
-5.069125 -1.779000 -0.846206
-5.454132 -1.851542 -0.829958
-5.827485 -1.922759 -0.803377
-6.314611 -2.015094 -0.778155
-6.793981 -2.105580 -0.741731
-7.492634 -2.238563 -0.710897
-8.242362 -2.380962 -0.667584
-8.134244 -2.359086 -0.537867
-8.094277 -2.351871 -0.419690
-9.952820 -2.707041 -0.380364
-10.684132 -2.847393 -0.260337
-5.288831 -0.719229 0.966204
-5.455783 -0.715793 1.077501
-4.743125 -1.717450 -0.860939
-5.069125 -1.779000 -0.846206
-5.454132 -1.851542 -0.829958
-5.827485 -1.922759 -0.803377
-6.314611 -2.015094 -0.778155
-6.793981 -2.105580 -0.741731
-7.492634 -2.238563 -0.710897
-8.242362 -2.380962 -0.667584
-8.134244 -2.359086 -0.537867
-9.431815 -2.607982 -0.496493
-9.952820 -2.707041 -0.380364
-10.684132 -2.847393 -0.260337
-5.288831 -0.719229 0.966204
-5.455783 -0.715793 1.077501
-5.336016 -0.681834 0.897372
-5.351240 -0.680529 0.977151
-5.352886 -0.679319 1.058532
-5.336016 -0.681834 0.897372
-5.351240 -0.680529 0.977151
-5.352886 -0.679319 1.058532
-4.467870 -1.600037 -0.875529
-4.751761 -1.649861 -0.859790
-5.047526 -1.701313 -0.839682
-5.433423 -1.768464 -0.823915
-5.815457 -1.835835 -0.798928
-6.315489 -1.923433 -0.775581
-6.784306 -2.005126 -0.737987
-7.484704 -2.128332 -0.707491
-8.263782 -2.265107 -0.666864
-8.206441 -2.253755 -0.540798
-8.111362 -2.237336 -0.418758
-8.148687 -2.243347 -0.301478
-8.258924 -2.263120 -0.189305
-8.234063 -2.257515 -0.067738
-5.291202 -0.644306 0.967107
-5.348019 -0.641562 1.057910
-5.325482 -0.640716 1.131913
-4.467870 -1.600037 -0.875529
-4.751761 -1.649861 -0.859790
-5.047526 -1.701313 -0.839682
-5.433423 -1.768464 -0.823915
-5.815457 -1.835835 -0.798928
-6.315489 -1.923433 -0.775581
-6.784306 -2.005126 -0.737987
-7.484704 -2.128332 -0.707491
-8.263782 -2.265107 -0.666864
-8.206441 -2.253755 -0.540798
-8.111362 -2.237336 -0.418758
-8.148687 -2.243347 -0.301478
-10.885043 -2.727981 -0.264357
-5.335101 -0.644104 0.897484
-5.291202 -0.644306 0.967107
-5.348019 -0.641562 1.057910
-5.325482 -0.640716 1.131913
-5.310229 -0.607192 0.893860
-5.305784 -0.606339 0.969923
-5.295733 -0.605504 1.048472
-5.310229 -0.607192 0.893860
-5.305784 -0.606339 0.969923
-5.295733 -0.605504 1.048472
-5.289005 -0.604268 1.124917
-4.349826 -1.519948 -0.984420
-4.326095 -1.514081 -0.910073
-4.451678 -1.532542 -0.869634
-4.767205 -1.583486 -0.860117
-5.075340 -1.632714 -0.841954
-5.438774 -1.690640 -0.822219
-5.802151 -1.749467 -0.794500
-6.322883 -1.833266 -0.774037
-6.843776 -1.916716 -0.742359
-7.483029 -2.019886 -0.704898
-8.208836 -2.136795 -0.659765
-8.312728 -2.152480 -0.546263
-8.241150 -2.141228 -0.424362
-8.191845 -2.132583 -0.301797
-8.097133 -2.117413 -0.183449
-8.131350 -2.121770 -0.065346
-8.238730 -2.139156 0.048756
-5.300898 -0.569970 0.892719
-5.300402 -0.568976 0.969349
-4.349826 -1.519948 -0.984420
-4.326095 -1.514081 -0.910073
-4.451678 -1.532542 -0.869634
-4.767205 -1.583486 -0.860117
-5.075340 -1.632714 -0.841954
-5.438774 -1.690640 -0.822219
-5.802151 -1.749467 -0.794500
-6.322883 -1.833266 -0.774037
-6.843776 -1.916716 -0.742359
-7.483029 -2.019886 -0.704898
-8.208836 -2.136795 -0.659765
-8.312728 -2.152480 -0.546263
-8.241150 -2.141228 -0.424362
-8.191845 -2.132583 -0.301797
-8.097133 -2.117413 -0.183449
-8.131350 -2.121770 -0.065346
-5.300898 -0.569970 0.892719
-5.300402 -0.568976 0.969349
-5.298212 -0.567876 1.049310
-5.311051 -0.565856 1.129756
-5.307097 -0.532106 0.894062
-5.306575 -0.531107 0.970803
-5.307097 -0.532106 0.894062
-5.306575 -0.531107 0.970803
-5.292572 -0.530587 1.048674
-5.317156 -0.527893 1.131434
-4.275197 -1.447532 -1.030592
-4.363475 -1.459169 -0.984963
-4.355139 -1.455949 -0.913935
-4.473267 -1.471480 -0.871632
-4.766172 -1.514515 -0.857535
-5.067135 -1.558263 -0.838166
-5.443020 -1.612856 -0.820540
-5.830667 -1.670106 -0.796275
-6.336849 -1.744284 -0.773523
-6.862787 -1.821032 -0.742252
-7.491609 -1.913503 -0.703506
-8.155884 -2.010889 -0.653038
-8.930893 -2.124654 -0.588073
-8.282913 -2.028878 -0.425040
-8.166299 -2.010927 -0.299295
-8.130685 -2.005853 -0.183240
-8.089786 -1.998564 -0.063870
-8.126166 -2.003868 0.049406
-8.259846 -2.023472 0.170632
-8.399270 -2.045045 0.413839
-5.313028 -0.494145 0.895403
-5.294524 -0.492928 1.049504
-5.311246 -0.490492 1.130739
-4.275197 -1.447532 -1.030592
-4.363475 -1.459169 -0.984963
-4.355139 -1.455949 -0.913935
-4.473267 -1.471480 -0.871632
-4.766172 -1.514515 -0.857535
-5.067135 -1.558263 -0.838166
-5.443020 -1.612856 -0.820540
-5.830667 -1.670106 -0.796275
-6.336849 -1.744284 -0.773523
-6.862787 -1.821032 -0.742252
-7.491609 -1.913503 -0.703506
-8.155884 -2.010889 -0.653038
-8.930893 -2.124654 -0.588073
-8.282913 -2.028878 -0.425040
-8.166299 -2.010927 -0.299295
-8.130685 -2.005853 -0.183240
-8.089786 -1.998564 -0.063870
-8.126166 -2.003868 0.049406
-8.259846 -2.023472 0.170632
-5.313028 -0.494145 0.895403
-5.328223 -0.492267 0.974962
-5.294524 -0.492928 1.049504
-5.311246 -0.490492 1.130739
-5.350239 -0.454121 0.901718
-5.365329 -0.452126 0.981828
-5.350239 -0.454121 0.901718
-5.365329 -0.452126 0.981828
-5.355076 -0.451534 1.061348
-4.257054 -1.383530 -1.023560
-4.376280 -1.398152 -0.985519
-4.387281 -1.397677 -0.918650
-4.466823 -1.406262 -0.868130
-4.787535 -1.448901 -0.859351
-5.081294 -1.487382 -0.838442
-5.465747 -1.537778 -0.821965
-5.826705 -1.585895 -0.793571
-6.310246 -1.649812 -0.767985
-6.856832 -1.721855 -0.739471
-7.518414 -1.809774 -0.704097
-8.144493 -1.892560 -0.650047
-8.311937 -1.913779 -0.542428
-8.236071 -1.903940 -0.420811
-8.340986 -1.917339 -0.305331
-10.738628 -2.239124 -0.255572
-8.212887 -1.899085 -0.064703
-8.138334 -1.888986 0.050038
-8.141452 -1.889174 0.169287
-8.214300 -1.899258 0.284598
-5.321170 -0.415849 1.055558
-4.257054 -1.383530 -1.023560
-4.376280 -1.398152 -0.985519
-4.387281 -1.397677 -0.918650
-4.466823 -1.406262 -0.868130
-4.787535 -1.448901 -0.859351
-5.081294 -1.487382 -0.838442
-5.465747 -1.537778 -0.821965
-5.826705 -1.585895 -0.793571
-6.310246 -1.649812 -0.767985
-6.856832 -1.721855 -0.739471
-7.518414 -1.809774 -0.704097
-8.144493 -1.892560 -0.650047
-8.311937 -1.913779 -0.542428
-8.236071 -1.903940 -0.420811
-10.111579 -2.154789 -0.379902
-10.738628 -2.239124 -0.255572
-8.138334 -1.888986 0.050038
-8.141452 -1.889174 0.169287
-8.214300 -1.899258 0.284598
-4.261100 -1.323011 -1.022281
-4.392108 -1.337383 -0.986988
-4.403124 -1.336740 -0.920003
-4.467228 -1.342304 -0.866218
-4.780673 -1.379510 -0.856069
-5.074900 -1.413881 -0.835362
-5.456056 -1.458426 -0.818468
-5.797949 -1.499114 -0.787519
-6.301954 -1.558645 -0.764991
-6.857350 -1.623996 -0.737611
-7.516123 -1.702187 -0.701967
-8.155147 -1.777640 -0.649101
-8.358516 -1.800773 -0.544037
-8.274612 -1.791021 -0.421537
-8.534470 -1.821489 -0.312201
-10.769715 -2.089773 -0.255103
-8.430087 -1.807820 -0.066837
-8.303781 -1.792553 0.050690
-8.132149 -1.771742 0.169543
-8.201160 -1.780307 0.284418
-4.261100 -1.323011 -1.022281
-4.392108 -1.337383 -0.986988
-4.403124 -1.336740 -0.920003
-4.467228 -1.342304 -0.866218
-4.780673 -1.379510 -0.856069
-5.074900 -1.413881 -0.835362
-5.456056 -1.458426 -0.818468
-5.797949 -1.499114 -0.787519
-6.301954 -1.558645 -0.764991
-6.857350 -1.623996 -0.737611
-7.516123 -1.702187 -0.701967
-8.155147 -1.777640 -0.649101
-8.358516 -1.800773 -0.544037
-8.274612 -1.791021 -0.421537
-10.209006 -2.022316 -0.382477
-10.769715 -2.089773 -0.255103
-8.303781 -1.792553 0.050690
-8.132149 -1.771742 0.169543
-8.201160 -1.780307 0.284418
-4.264295 -1.262494 -1.021014
-4.422598 -1.277976 -0.992068
-4.429791 -1.276742 -0.923895
-4.443331 -1.275935 -0.859600
-4.780638 -1.311278 -0.854264
-5.110578 -1.345318 -0.839712
-5.468805 -1.382011 -0.818691
-5.826993 -1.419598 -0.789906
-6.331817 -1.472083 -0.767055
-6.852530 -1.525884 -0.735324
-7.500429 -1.593601 -0.698687
-8.235533 -1.670200 -0.654225
-8.395629 -1.685846 -0.545109
-8.343382 -1.680607 -0.424070
-8.579829 -1.704897 -0.312919
-9.717189 -1.825391 -0.224475
-9.708304 -1.822913 -0.083282
-9.701243 -1.821979 0.051772
-8.200718 -1.663184 0.170953
-8.218130 -1.665300 0.285119
-9.684241 -1.820720 0.469316
-9.673452 -1.821276 0.603071
-9.668952 -1.817202 0.742656
-9.614405 -1.816390 0.873515
-9.613318 -1.817494 1.014804
-9.650438 -1.822113 1.154812
-4.264295 -1.262494 -1.021014
-4.422598 -1.277976 -0.992068
-4.429791 -1.276742 -0.923895
-4.443331 -1.275935 -0.859600
-4.780638 -1.311278 -0.854264
-5.110578 -1.345318 -0.839712
-5.468805 -1.382011 -0.818691
-5.826993 -1.419598 -0.789906
-6.331817 -1.472083 -0.767055
-6.852530 -1.525884 -0.735324
-7.500429 -1.593601 -0.698687
-8.235533 -1.670200 -0.654225
-8.395629 -1.685846 -0.545109
-8.343382 -1.680607 -0.424070
-8.579829 -1.704897 -0.312919
-9.717189 -1.825391 -0.224475
-9.708304 -1.822913 -0.083282
-9.701243 -1.821979 0.051772
-9.628621 -1.813979 0.192157
-9.717178 -1.823658 0.328015
-9.684241 -1.820720 0.469316
-9.668952 -1.817202 0.742656
-9.650438 -1.822113 1.154812
-4.011212 -1.179472 -1.021916
-4.278238 -1.203095 -1.022627
-4.456169 -1.218194 -0.998058
-4.451752 -1.215741 -0.926956
-4.449704 -1.213265 -0.859291
-4.779639 -1.243163 -0.852473
-5.113927 -1.272956 -0.838684
-5.452945 -1.302813 -0.814614
-5.780023 -1.332463 -0.781652
-6.313081 -1.380451 -0.763095
-6.822571 -1.425877 -0.730372
-7.629853 -1.499140 -0.709903
-8.211308 -1.551222 -0.650639
-8.482822 -1.574821 -0.549821
-8.458407 -1.572850 -0.429297
-8.508184 -1.576655 -0.308845
-8.516253 -1.577510 -0.190039
-8.415344 -1.566898 -0.065120
-8.205279 -1.547860 0.405470
-4.011212 -1.179472 -1.021916
-4.278238 -1.203095 -1.022627
-4.456169 -1.218194 -0.998058
-4.451752 -1.215741 -0.926956
-4.449704 -1.213265 -0.859291
-4.779639 -1.243163 -0.852473
-5.113927 -1.272956 -0.838684
-5.452945 -1.302813 -0.814614
-5.780023 -1.332463 -0.781652
-6.313081 -1.380451 -0.763095
-6.822571 -1.425877 -0.730372
-7.629853 -1.499140 -0.709903
-8.211308 -1.551222 -0.650639
-8.482822 -1.574821 -0.549821
-8.458407 -1.572850 -0.429297
-8.508184 -1.576655 -0.308845
-8.516253 -1.577510 -0.190039
-8.415344 -1.566898 -0.065120
-4.004718 -1.121937 -1.018608
-4.264260 -1.141204 -1.017566
-4.473396 -1.156320 -1.000460
-4.488469 -1.155473 -0.933395
-4.494297 -1.153626 -0.866858
-4.781600 -1.175488 -0.851427
-5.069094 -1.196875 -0.829593
-5.451713 -1.225415 -0.813022
-5.806792 -1.252663 -0.784074
-6.296989 -1.289784 -0.759660
-6.834763 -1.330259 -0.730371
-7.508054 -1.381707 -0.696506
-8.185383 -1.433092 -0.647083
-9.117555 -1.504207 -0.592924
-8.492403 -1.455863 -0.430080
-8.486455 -1.454614 -0.306961
-8.446677 -1.451614 -0.187272
-8.433329 -1.449195 -0.064675
-8.541769 -1.457385 0.052500
-4.004718 -1.121937 -1.018608
-4.264260 -1.141204 -1.017566
-4.473396 -1.156320 -1.000460
-4.488469 -1.155473 -0.933395
-4.494297 -1.153626 -0.866858
-4.781600 -1.175488 -0.851427
-5.069094 -1.196875 -0.829593
-5.451713 -1.225415 -0.813022
-5.806792 -1.252663 -0.784074
-6.296989 -1.289784 -0.759660
-6.834763 -1.330259 -0.730371
-7.508054 -1.381707 -0.696506
-8.185383 -1.433092 -0.647083
-9.117555 -1.504207 -0.592924
-8.492403 -1.455863 -0.430080
-8.486455 -1.454614 -0.306961
-8.446677 -1.451614 -0.187272
-8.433329 -1.449195 -0.064675
-8.541769 -1.457385 0.052500
-4.036017 -1.067262 -1.025443
-4.264902 -1.080821 -1.016340
-4.478103 -1.093272 -1.000175
-4.512669 -1.093492 -0.937319
-4.510698 -1.091028 -0.868932
-4.790462 -1.108360 -0.851854
-5.101843 -1.127265 -0.833985
-5.461223 -1.148918 -0.813294
-5.824561 -1.171712 -0.785389
-6.295449 -1.200703 -0.758259
-6.829754 -1.233406 -0.728599
-7.519569 -1.276461 -0.696426
-8.181640 -1.317358 -0.645565
-8.975320 -1.366563 -0.581797
-8.612472 -1.343668 -0.435781
-8.538776 -1.338155 -0.308251
-8.467052 -1.333655 -0.187075
-8.429717 -1.329874 -0.063989
-8.518295 -1.335258 0.053016
-4.036017 -1.067262 -1.025443
-4.264902 -1.080821 -1.016340
-4.478103 -1.093272 -1.000175
-4.512669 -1.093492 -0.937319
-4.510698 -1.091028 -0.868932
-4.790462 -1.108360 -0.851854
-5.101843 -1.127265 -0.833985
-5.461223 -1.148918 -0.813294
-5.824561 -1.171712 -0.785389
-6.295449 -1.200703 -0.758259
-6.829754 -1.233406 -0.728599
-7.519569 -1.276461 -0.696426
-8.181640 -1.317358 -0.645565
-8.975320 -1.366563 -0.581797
-8.612472 -1.343668 -0.435781
-8.538776 -1.338155 -0.308251
-8.467052 -1.333655 -0.187075
-8.429717 -1.329874 -0.063989
-8.518295 -1.335258 0.053016
-3.827282 -1.000688 -1.029601
-4.004747 -1.008474 -1.016083
-4.264696 -1.020489 -1.015127
-4.505282 -1.031395 -1.005299
-4.536017 -1.030908 -0.941255
-4.541901 -1.028855 -0.874160
-4.790533 -1.040657 -0.850837
-5.102137 -1.055209 -0.833006
-5.453880 -1.071438 -0.811120
-5.797696 -1.088148 -0.780560
-6.292660 -1.111761 -0.756877
-6.803535 -1.135801 -0.724613
-7.473955 -1.168222 -0.690904
-8.196179 -1.202846 -0.645748
-8.695552 -1.226289 -0.561276
-8.655263 -1.224483 -0.437270
-8.645382 -1.223139 -0.311874
-8.533709 -1.217635 -0.188221
-8.508323 -1.214933 -0.064435
-8.513070 -1.214904 0.053514
-3.827282 -1.000688 -1.029601
-4.004747 -1.008474 -1.016083
-4.264696 -1.020489 -1.015127
-4.505282 -1.031395 -1.005299
-4.536017 -1.030908 -0.941255
-4.541901 -1.028855 -0.874160
-4.790533 -1.040657 -0.850837
-5.102137 -1.055209 -0.833006
-5.453880 -1.071438 -0.811120
-5.797696 -1.088148 -0.780560
-6.292660 -1.111761 -0.756877
-6.803535 -1.135801 -0.724613
-7.473955 -1.168222 -0.690904
-8.196179 -1.202846 -0.645748
-8.695552 -1.226289 -0.561276
-8.655263 -1.224483 -0.437270
-8.645382 -1.223139 -0.311874
-8.533709 -1.217635 -0.188221
-8.508323 -1.214933 -0.064435
-8.513070 -1.214904 0.053514
-3.814473 -0.946066 -1.025107
-4.026770 -0.952752 -1.020915
-4.244239 -0.959460 -1.009155
-4.512137 -0.968066 -1.005939
-4.542873 -0.967135 -0.941836
-4.564412 -0.965576 -0.877828
-4.766075 -0.972128 -0.845465
-5.097482 -0.983064 -0.831370
-5.469146 -0.995107 -0.812656
-5.813185 -1.007008 -0.781910
-6.284658 -1.022833 -0.755013
-6.843466 -1.041463 -0.728252
-7.506369 -1.064222 -0.693212
-8.237005 -1.089033 -0.648297
-8.808474 -1.108045 -0.568275
-8.728340 -1.105353 -0.440558
-8.770404 -1.105967 -0.316337
-8.718654 -1.104135 -0.192679
-8.549384 -1.096625 -0.064427
-8.538137 -1.095936 0.054007
-8.840952 -1.106239 0.182565
-3.814473 -0.946066 -1.025107
-4.026770 -0.952752 -1.020915
-4.244239 -0.959460 -1.009155
-4.512137 -0.968066 -1.005939
-4.542873 -0.967135 -0.941836
-4.564412 -0.965576 -0.877828
-4.766075 -0.972128 -0.845465
-5.097482 -0.983064 -0.831370
-5.469146 -0.995107 -0.812656
-5.813185 -1.007008 -0.781910
-6.284658 -1.022833 -0.755013
-6.843466 -1.041463 -0.728252
-7.506369 -1.064222 -0.693212
-8.237005 -1.089033 -0.648297
-8.808474 -1.108045 -0.568275
-8.728340 -1.105353 -0.440558
-8.770404 -1.105967 -0.316337
-8.549384 -1.096625 -0.064427
-8.538137 -1.095936 0.054007
-3.831724 -0.892645 -1.029170
-4.020942 -0.895765 -1.018671
-4.230687 -0.899241 -1.005107
-4.498626 -0.904110 -1.002100
-4.584023 -0.904074 -0.950000
-4.574283 -0.901436 -0.879152
-4.772106 -0.905072 -0.845935
-5.091817 -0.911101 -0.829750
-5.443836 -0.917498 -0.808056
-5.803787 -0.924953 -0.779919
-6.295248 -0.934639 -0.755680
-6.798637 -0.944216 -0.722523
-7.473660 -0.957982 -0.689302
-8.236405 -0.973287 -0.647523
-8.867916 -0.985606 -0.571685
-8.855673 -0.985487 -0.446972
-8.702035 -0.981227 -0.312903
-8.790139 -0.983127 -0.194076
-8.724760 -0.980179 -0.066215
-8.573545 -0.976608 0.054485
-8.704525 -0.978967 0.180918
-8.709884 -0.979219 0.301038
-3.831724 -0.892645 -1.029170
-4.020942 -0.895765 -1.018671
-4.230687 -0.899241 -1.005107
-4.498626 -0.904110 -1.002100
-4.584023 -0.904074 -0.950000
-4.574283 -0.901436 -0.879152
-4.772106 -0.905072 -0.845935
-5.091817 -0.911101 -0.829750
-5.443836 -0.917498 -0.808056
-5.803787 -0.924953 -0.779919
-6.295248 -0.934639 -0.755680
-6.798637 -0.944216 -0.722523
-7.473660 -0.957982 -0.689302
-8.236405 -0.973287 -0.647523
-8.867916 -0.985606 -0.571685
-8.855673 -0.985487 -0.446972
-8.702035 -0.981227 -0.312903
-8.724760 -0.980179 -0.066215
-8.573545 -0.976608 0.054485
-8.709884 -0.979219 0.301038
-3.805832 -0.838258 -1.021499
-4.010448 -0.838927 -1.015427
-4.255135 -0.839871 -1.010614
-4.476424 -0.840481 -0.996479
-4.616478 -0.839821 -0.956493
-4.610714 -0.837328 -0.885985
-4.761470 -0.837731 -0.843508
-5.073318 -0.839222 -0.826131
-5.449057 -0.840920 -0.808394
-5.809085 -0.843342 -0.780184
-6.264925 -0.845851 -0.751346
-6.816042 -0.848801 -0.723966
-7.467328 -0.852936 -0.688145
-8.210272 -0.857424 -0.644769
-9.121178 -0.863103 -0.588688
-9.760124 -0.868244 -0.496634
-8.855718 -0.860191 -0.318721
-8.738547 -0.857686 -0.065932
-8.787289 -0.857705 0.055077
-3.805832 -0.838258 -1.021499
-4.010448 -0.838927 -1.015427
-4.255135 -0.839871 -1.010614
-4.476424 -0.840481 -0.996479
-4.616478 -0.839821 -0.956493
-4.610714 -0.837328 -0.885985
-4.761470 -0.837731 -0.843508
-5.073318 -0.839222 -0.826131
-5.449057 -0.840920 -0.808394
-5.809085 -0.843342 -0.780184
-6.264925 -0.845851 -0.751346
-6.816042 -0.848801 -0.723966
-7.467328 -0.852936 -0.688145
-8.210272 -0.857424 -0.644769
-9.121178 -0.863103 -0.588688
-9.760124 -0.868244 -0.496634
-10.274472 -0.871177 -0.377154
-8.738547 -0.857686 -0.065932
-8.787289 -0.857705 0.055077
-3.821583 -0.783865 -1.025581
-4.006899 -0.781678 -1.014218
-4.243790 -0.779186 -1.007544
-4.496208 -0.776570 -1.000751
-4.640212 -0.773898 -0.961312
-4.642323 -0.771426 -0.892041
-4.777423 -0.769751 -0.846188
-5.085356 -0.766844 -0.827901
-5.433443 -0.763362 -0.805672
-5.472620 -0.762364 -0.732368
-6.257169 -0.756712 -0.750041
-6.804283 -0.751890 -0.722299
-7.479428 -0.746672 -0.688956
-8.186499 -0.740865 -0.642371
-9.165202 -0.733234 -0.591297
-9.800196 -0.729348 -0.498383
-3.821583 -0.783865 -1.025581
-4.006899 -0.781678 -1.014218
-4.243790 -0.779186 -1.007544
-4.496208 -0.776570 -1.000751
-4.640212 -0.773898 -0.961312
-4.642323 -0.771426 -0.892041
-4.777423 -0.769751 -0.846188
-5.085356 -0.766844 -0.827901
-5.433443 -0.763362 -0.805672
-5.472620 -0.762364 -0.732368
-6.257169 -0.756712 -0.750041
-6.804283 -0.751890 -0.722299
-7.479428 -0.746672 -0.688956
-8.186499 -0.740865 -0.642371
-9.165202 -0.733234 -0.591297
-9.800196 -0.729348 -0.498383
-3.786465 -0.730507 -1.015801
-3.987075 -0.725497 -1.008978
-4.235486 -0.719512 -1.005445
-4.448843 -0.714042 -0.989772
-4.655202 -0.708275 -0.964465
-4.661243 -0.705678 -0.895757
-4.760965 -0.702752 -0.843064
-5.088500 -0.695180 -0.828345
-5.357477 -0.688334 -0.793751
-5.360837 -0.687469 -0.716470
-5.410996 -0.685137 -0.642914
-5.412114 -0.683635 -0.565788
-5.400430 -0.682869 -0.485404
-5.411297 -0.681554 -0.409667
-5.409304 -0.680594 -0.330608
-5.394060 -0.680943 -0.253802
-5.385821 -0.680494 -0.175349
-5.380396 -0.680548 -0.099868
-5.381942 -0.679518 -0.021837
-5.402383 -0.678850 0.052998
-5.381748 -0.678941 0.131402
-5.380104 -0.679011 0.205819
-5.373256 -0.679298 0.284491
-5.377519 -0.680004 0.359236
-5.364519 -0.678136 0.436042
-5.358721 -0.680850 0.510665
-5.351506 -0.681520 0.588694
-5.363404 -0.681508 0.665579
-5.350007 -0.682588 0.743057
-5.351699 -0.683163 0.819996
-3.786465 -0.730507 -1.015801
-3.987075 -0.725497 -1.008978
-4.235486 -0.719512 -1.005445
-4.448843 -0.714042 -0.989772
-4.655202 -0.708275 -0.964465
-4.661243 -0.705678 -0.895757
-4.760965 -0.702752 -0.843064
-5.088500 -0.695180 -0.828345
-5.357477 -0.688334 -0.793751
-5.360837 -0.687469 -0.716470
-5.410996 -0.685137 -0.642914
-5.412114 -0.683635 -0.565788
-5.400430 -0.682869 -0.485404
-5.411297 -0.681554 -0.409667
-5.409304 -0.680594 -0.330608
-5.394060 -0.680943 -0.253802
-5.385821 -0.680494 -0.175349
-5.380396 -0.680548 -0.099868
-5.381942 -0.679518 -0.021837
-5.402383 -0.678850 0.052998
-5.381748 -0.678941 0.131402
-5.380104 -0.679011 0.205819
-5.373256 -0.679298 0.284491
-5.377519 -0.680004 0.359236
-5.364519 -0.678136 0.436042
-5.358721 -0.680850 0.510665
-5.351506 -0.681520 0.588694
-5.363404 -0.681508 0.665579
-5.350007 -0.682588 0.743057
-5.351699 -0.683163 0.819996
-3.789148 -0.676979 -1.016708
-4.001287 -0.668815 -1.012855
-4.226353 -0.660067 -1.003359
-4.462961 -0.650894 -0.993176
-4.716175 -0.640754 -0.977716
-4.687077 -0.639150 -0.901054
-4.767167 -0.635446 -0.844320
-4.952703 -0.627920 -0.805298
-5.331852 -0.613726 -0.789841
-4.895742 -0.627340 -0.650855
-4.909271 -0.625629 -0.579504
-5.183660 -0.615046 -0.540133
-5.358625 -0.608159 -0.481289
-5.357467 -0.607093 -0.405106
-5.355401 -0.606155 -0.326791
-5.360072 -0.606019 -0.251810
-5.351802 -0.605673 -0.173815
-5.350355 -0.605649 -0.098885
-5.343881 -0.604863 -0.021152
-5.348314 -0.604447 0.053174
-5.343673 -0.604259 0.131072
-5.334046 -0.604612 0.204766
-5.327221 -0.604976 0.282799
-5.335512 -0.605461 0.357172
-5.326507 -0.603634 0.433694
-5.324766 -0.606258 0.508163
-5.329533 -0.606598 0.586926
-5.333512 -0.606674 0.662632
-5.324141 -0.607782 0.740219
-3.789148 -0.676979 -1.016708
-4.001287 -0.668815 -1.012855
-4.226353 -0.660067 -1.003359
-4.462961 -0.650894 -0.993176
-4.716175 -0.640754 -0.977716
-4.687077 -0.639150 -0.901054
-4.767167 -0.635446 -0.844320
-4.952703 -0.627920 -0.805298
-5.331852 -0.613726 -0.789841
-4.895742 -0.627340 -0.650855
-4.909271 -0.625629 -0.579504
-5.183660 -0.615046 -0.540133
-5.358625 -0.608159 -0.481289
-5.357467 -0.607093 -0.405106
-5.355401 -0.606155 -0.326791
-5.360072 -0.606019 -0.251810
-5.351802 -0.605673 -0.173815
-5.350355 -0.605649 -0.098885
-5.343881 -0.604863 -0.021152
-5.348314 -0.604447 0.053174
-5.343673 -0.604259 0.131072
-5.334046 -0.604612 0.204766
-5.327221 -0.604976 0.282799
-5.335512 -0.605461 0.357172
-5.326507 -0.603634 0.433694
-5.324766 -0.606258 0.508163
-5.329533 -0.606598 0.586926
-5.333512 -0.606674 0.662632
-5.324141 -0.607782 0.740219
-5.333796 -0.608045 0.817958
-3.987636 -0.612920 -1.009664
-4.212513 -0.601035 -1.000334
-4.445037 -0.588740 -0.989411
-4.713659 -0.574363 -0.977532
-4.719802 -0.571526 -0.907932
-4.733133 -0.569767 -0.838316
-4.898770 -0.560573 -0.796377
-4.902484 -0.558692 -0.723286
-4.853442 -0.560233 -0.645079
-4.854973 -0.558895 -0.572798
-4.902779 -0.555258 -0.508714
-5.303873 -0.535163 -0.476027
-5.346429 -0.532010 -0.404234
-5.368251 -0.529934 -0.327691
-5.345006 -0.531062 -0.250941
-5.364664 -0.529466 -0.174266
-5.355234 -0.529832 -0.098898
-5.344752 -0.529311 -0.020999
-5.341185 -0.529205 0.053374
-5.340533 -0.528871 0.131276
-5.342889 -0.528761 0.205317
-5.340053 -0.529010 0.283699
-5.336368 -0.529945 0.357605
-5.331316 -0.528032 0.434468
-5.338332 -0.530733 0.588324
-5.305172 -0.533298 0.738383
-5.318811 -0.533216 0.816466
-3.987636 -0.612920 -1.009664
-4.212513 -0.601035 -1.000334
-4.445037 -0.588740 -0.989411
-4.713659 -0.574363 -0.977532
-4.719802 -0.571526 -0.907932
-4.733133 -0.569767 -0.838316
-4.898770 -0.560573 -0.796377
-4.902484 -0.558692 -0.723286
-4.853442 -0.560233 -0.645079
-4.854973 -0.558895 -0.572798
-4.902779 -0.555258 -0.508714
-5.303873 -0.535163 -0.476027
-5.346429 -0.532010 -0.404234
-5.368251 -0.529934 -0.327691
-5.345006 -0.531062 -0.250941
-5.364664 -0.529466 -0.174266
-5.355234 -0.529832 -0.098898
-5.344752 -0.529311 -0.020999
-5.341185 -0.529205 0.053374
-5.340533 -0.528871 0.131276
-5.342889 -0.528761 0.205317
-5.340053 -0.529010 0.283699
-5.336368 -0.529945 0.357605
-5.331316 -0.528032 0.434468
-5.329599 -0.530667 0.509047
-5.338332 -0.530733 0.588324
-5.322442 -0.531696 0.661930
-5.305172 -0.533298 0.738383
-5.318811 -0.533216 0.816466
-3.984805 -0.556709 -1.009519
-4.201738 -0.542137 -0.998275
-4.441822 -0.526141 -0.989252
-4.729737 -0.506853 -0.981563
-4.751554 -0.502964 -0.914823
-4.749250 -0.501934 -0.841784
-4.883301 -0.492316 -0.794189
-4.851449 -0.492533 -0.715741
-4.837913 -0.492584 -0.643231
-4.847321 -0.490728 -0.572125
-4.883159 -0.487145 -0.506757
-4.926294 -0.483530 -0.439287
-5.386068 -0.453995 -0.407713
-5.387991 -0.452825 -0.329159
-5.392684 -0.452524 -0.253625
-5.368470 -0.453362 -0.174405
-5.406936 -0.450859 -0.100229
-5.424403 -0.448711 -0.021886
-5.368939 -0.451879 0.053593
-5.396218 -0.449786 0.132387
-5.386578 -0.450377 0.206900
-5.391692 -0.450152 0.286325
-5.387979 -0.451133 0.360996
-5.350990 -0.451256 0.436369
-5.389059 -0.451431 0.514685
-5.397703 -0.451368 0.594880
-5.373798 -0.453039 0.668459
-5.372290 -0.453895 0.747752
-5.389742 -0.453376 0.827395
-3.984805 -0.556709 -1.009519
-4.201738 -0.542137 -0.998275
-4.441822 -0.526141 -0.989252
-4.729737 -0.506853 -0.981563
-4.751554 -0.502964 -0.914823
-4.749250 -0.501934 -0.841784
-4.883301 -0.492316 -0.794189
-4.851449 -0.492533 -0.715741
-4.837913 -0.492584 -0.643231
-4.847321 -0.490728 -0.572125
-4.883159 -0.487145 -0.506757
-4.926294 -0.483530 -0.439287
-5.386068 -0.453995 -0.407713
-5.387991 -0.452825 -0.329159
-5.392684 -0.452524 -0.253625
-5.368470 -0.453362 -0.174405
-5.368939 -0.451879 0.053593
-5.396218 -0.449786 0.132387
-5.386578 -0.450377 0.206900
-5.391692 -0.450152 0.286325
-5.387979 -0.451133 0.360996
-5.350990 -0.451256 0.436369
-5.389059 -0.451431 0.514685
-5.373798 -0.453039 0.668459
-5.372290 -0.453895 0.747752
-5.389742 -0.453376 0.827395
-3.969608 -0.501376 -1.006354
-4.209520 -0.482099 -1.000996
-4.426070 -0.464444 -0.986413
-4.717550 -0.440858 -0.979729
-4.786226 -0.433186 -0.922510
-4.795780 -0.431282 -0.851081
-4.874755 -0.423858 -0.793359
-4.866547 -0.422736 -0.718654
-4.841200 -0.423843 -0.644191
-4.854551 -0.421539 -0.573471
-4.886388 -0.417737 -0.507491
-4.961234 -0.411097 -0.443016
-8.218748 -0.162574 -0.645477
-9.266202 -0.081174 -0.598386
-3.969608 -0.501376 -1.006354
-4.209520 -0.482099 -1.000996
-4.426070 -0.464444 -0.986413
-4.717550 -0.440858 -0.979729
-4.786226 -0.433186 -0.922510
-4.795780 -0.431282 -0.851081
-4.874755 -0.423858 -0.793359
-4.866547 -0.422736 -0.718654
-4.841200 -0.423843 -0.644191
-4.854551 -0.421539 -0.573471
-4.886388 -0.417737 -0.507491
-7.589172 -0.212037 -0.700356
-8.218748 -0.162574 -0.645477
-9.266202 -0.081174 -0.598386
-4.193229 -0.423805 -0.998011
-4.417240 -0.402458 -0.985384
-4.692764 -0.376169 -0.975390
-4.812061 -0.363076 -0.928641
-4.817753 -0.361354 -0.856029
-4.912395 -0.351410 -0.800598
-4.884583 -0.352111 -0.722195
-4.867190 -0.352845 -0.648516
-4.884516 -0.349973 -0.577838
-4.920312 -0.345342 -0.511805
-7.560552 -0.107299 -0.698192
-8.197290 -0.048331 -0.644239
-9.259388 0.049124 -0.598394
-4.193229 -0.423805 -0.998011
-4.417240 -0.402458 -0.985384
-4.692764 -0.376169 -0.975390
-4.812061 -0.363076 -0.928641
-4.817753 -0.361354 -0.856029
-4.912395 -0.351410 -0.800598
-4.884583 -0.352111 -0.722195
-4.867190 -0.352845 -0.648516
-4.884516 -0.349973 -0.577838
-4.920312 -0.345342 -0.511805
-7.560552 -0.107299 -0.698192
-8.197290 -0.048331 -0.644239
-9.259388 0.049124 -0.598394
-4.172276 -0.366293 -0.994087
-4.415305 -0.339874 -0.986163
-4.690448 -0.309735 -0.976104
-4.848582 -0.290985 -0.937137
-4.862190 -0.288345 -0.865351
-5.023495 -0.270200 -0.820598
-5.369490 -0.232760 -0.798800
-5.735298 -0.194137 -0.772326
-6.239791 -0.140413 -0.750499
-6.779885 -0.082592 -0.721960
-7.439425 -0.012705 -0.687117
-8.118748 0.059658 -0.638365
-9.040394 0.157434 -0.583812
-4.172276 -0.366293 -0.994087
-4.415305 -0.339874 -0.986163
-4.690448 -0.309735 -0.976104
-4.848582 -0.290985 -0.937137
-4.862190 -0.288345 -0.865351
-5.023495 -0.270200 -0.820598
-5.369490 -0.232760 -0.798800
-5.735298 -0.194137 -0.772326
-6.239791 -0.140413 -0.750499
-6.779885 -0.082592 -0.721960
-7.439425 -0.012705 -0.687117
-8.118748 0.059658 -0.638365
-9.040394 0.157434 -0.583812
-4.185280 -0.305314 -0.998751
-4.397001 -0.279049 -0.983367
-4.656118 -0.246876 -0.970116
-4.907405 -0.215083 -0.950350
-4.882085 -0.216744 -0.870324
-5.027519 -0.198150 -0.822494
-5.353354 -0.158168 -0.797448
-5.738240 -0.112134 -0.773868
-6.171009 -0.059695 -0.742844
-6.733833 0.008426 -0.717796
-7.502981 0.100567 -0.694327
-8.121941 0.175427 -0.639511
-9.046109 0.286547 -0.584985
-4.185280 -0.305314 -0.998751
-4.397001 -0.279049 -0.983367
-4.656118 -0.246876 -0.970116
-4.907405 -0.215083 -0.950350
-4.882085 -0.216744 -0.870324
-5.027519 -0.198150 -0.822494
-5.353354 -0.158168 -0.797448
-5.738240 -0.112134 -0.773868
-6.171009 -0.059695 -0.742844
-6.733833 0.008426 -0.717796
-7.502981 0.100567 -0.694327
-8.121941 0.175427 -0.639511
-9.046109 0.286547 -0.584985
-4.178135 -0.246371 -0.998665
-4.385601 -0.217649 -0.982379
-4.651988 -0.180857 -0.970861
-4.914486 -0.144032 -0.953386
-4.916533 -0.142457 -0.878219
-4.983596 -0.132024 -0.816355
-5.359708 -0.080833 -0.799796
-5.708600 -0.034061 -0.770962
-6.175967 0.029072 -0.744724
-6.702341 0.100379 -0.715435
-7.375374 0.190731 -0.682916
-8.190669 0.300342 -0.646341
-4.178135 -0.246371 -0.998665
-4.385601 -0.217649 -0.982379
-4.651988 -0.180857 -0.970861
-4.914486 -0.144032 -0.953386
-4.916533 -0.142457 -0.878219
-4.983596 -0.132024 -0.816355
-5.359708 -0.080833 -0.799796
-5.708600 -0.034061 -0.770962
-6.175967 0.029072 -0.744724
-6.702341 0.100379 -0.715435
-7.375374 0.190731 -0.682916
-8.190669 0.300342 -0.646341
-4.373352 -0.156467 -0.981405
-4.619832 -0.118744 -0.965743
-4.928308 -0.071552 -0.958003
-4.945966 -0.067665 -0.885401
-4.970042 -0.062479 -0.815599
-5.333657 -0.007748 -0.797250
-5.709267 0.047883 -0.772539
-6.195364 0.120409 -0.748624
-6.681406 0.193333 -0.714432
-7.471274 0.310369 -0.693664
-8.158884 0.412906 -0.644873
-4.373352 -0.156467 -0.981405
-4.619832 -0.118744 -0.965743
-4.928308 -0.071552 -0.958003
-4.945966 -0.067665 -0.885401
-4.970042 -0.062479 -0.815599
-5.333657 -0.007748 -0.797250
-5.709267 0.047883 -0.772539
-6.195364 0.120409 -0.748624
-6.681406 0.193333 -0.714432
-7.471274 0.310369 -0.693664
-8.158884 0.412906 -0.644873
-4.364109 -0.094910 -0.981343
-4.594585 -0.056188 -0.962319
-4.917825 -0.002250 -0.957934
-4.989809 0.010539 -0.895504
-5.013941 0.016116 -0.824919
-5.326140 0.067865 -0.797789
-5.724410 0.132490 -0.776366
-6.166392 0.204917 -0.746537
-6.647417 0.283989 -0.712114
-7.447337 0.413929 -0.692786
-8.157050 0.529861 -0.646093
-4.364109 -0.094910 -0.981343
-4.594585 -0.056188 -0.962319
-4.917825 -0.002250 -0.957934
-4.989809 0.010539 -0.895504
-5.013941 0.016116 -0.824919
-5.326140 0.067865 -0.797789
-5.724410 0.132490 -0.776366
-6.166392 0.204917 -0.746537
-6.647417 0.283989 -0.712114
-7.447337 0.413929 -0.692786
-8.157050 0.529861 -0.646093
-4.583920 0.008453 -0.962268
-4.898645 0.065562 -0.956312
-5.013053 0.086746 -0.901988
-5.029416 0.091353 -0.829559
-5.298086 0.140032 -0.795278
-5.687579 0.208849 -0.772957
-6.144099 0.290158 -0.745470
-6.647454 0.380045 -0.713824
-7.308249 0.497141 -0.680674
-8.000418 0.620173 -0.634363
-4.583920 0.008453 -0.962268
-4.898645 0.065562 -0.956312
-5.013053 0.086746 -0.901988
-5.029416 0.091353 -0.829559
-5.298086 0.140032 -0.795278
-5.687579 0.208849 -0.772957
-6.144099 0.290158 -0.745470
-6.647454 0.380045 -0.713824
-7.308249 0.497141 -0.680674
-8.000418 0.620173 -0.634363
-4.591576 0.076527 -0.966428
-4.882395 0.133715 -0.955490
-5.058340 0.168104 -0.912847
-5.063149 0.170817 -0.837568
-5.307911 0.218899 -0.798918
-5.665313 0.287296 -0.771798
-6.140136 0.378653 -0.746925
-6.638299 0.474833 -0.714665
-7.375637 0.615966 -0.689159
-8.081788 0.751670 -0.642954
-4.591576 0.076527 -0.966428
-4.882395 0.133715 -0.955490
-5.058340 0.168104 -0.912847
-5.063149 0.170817 -0.837568
-5.307911 0.218899 -0.798918
-5.665313 0.287296 -0.771798
-6.140136 0.378653 -0.746925
-6.638299 0.474833 -0.714665
-7.375637 0.615966 -0.689159
-8.081788 0.751670 -0.642954
-4.579059 0.141112 -0.966406
-4.869050 0.202356 -0.955467
-5.090763 0.248553 -0.921541
-5.118834 0.256082 -0.849616
-5.301076 0.295078 -0.800121
-5.630330 0.362953 -0.768983
-5.613774 0.361323 -0.681337
-5.572185 0.354692 -0.594893
-5.572579 0.356085 -0.511748
-5.598928 0.362876 -0.433347
-4.579059 0.141112 -0.966406
-4.869050 0.202356 -0.955467
-5.090763 0.248553 -0.921541
-5.118834 0.256082 -0.849616
-5.301076 0.295078 -0.800121
-5.630330 0.362953 -0.768983
-5.613774 0.361323 -0.681337
-5.572185 0.354692 -0.594893
-5.572579 0.356085 -0.511748
-8.157132 0.884909 -0.651237
-4.873732 0.275807 -0.959378
-5.129419 0.332656 -0.931705
-5.165216 0.342317 -0.860338
-5.273642 0.367992 -0.798274
-5.543823 0.427877 -0.758934
-5.538790 0.428518 -0.673824
-5.508853 0.423823 -0.589545
-5.513045 0.426064 -0.507472
-5.547028 0.434925 -0.430347
-4.873732 0.275807 -0.959378
-5.129419 0.332656 -0.931705
-5.165216 0.342317 -0.860338
-5.273642 0.367992 -0.798274
-5.543823 0.427877 -0.758934
-5.538790 0.428518 -0.673824
-5.508853 0.423823 -0.589545
-5.513045 0.426064 -0.507472
-5.547028 0.434925 -0.430347
-4.831652 0.338133 -0.953900
-5.159259 0.415370 -0.940432
-5.198868 0.426479 -0.869066
-5.195375 0.427808 -0.788468
-5.499291 0.499492 -0.755039
-5.536713 0.509952 -0.675837
-5.487508 0.500359 -0.589111
-5.464520 0.496344 -0.504379
-5.521625 0.511117 -0.429694
-5.554629 0.520186 -0.349398
-4.831652 0.338133 -0.953900
-5.159259 0.415370 -0.940432
-5.198868 0.426479 -0.869066
-5.195375 0.427808 -0.788468
-5.499291 0.499492 -0.755039
-5.536713 0.509952 -0.675837
-5.487508 0.500359 -0.589111
-5.464520 0.496344 -0.504379
-5.521625 0.511117 -0.429694
-4.834504 0.410726 -0.957842
-5.191608 0.500070 -0.949902
-5.242663 0.514625 -0.879822
-5.239287 0.515981 -0.798311
-5.496151 0.580553 -0.757300
-5.560416 0.598234 -0.681371
-5.480544 0.580359 -0.590476
-5.496267 0.585630 -0.509454
-5.522267 0.593560 -0.431387
-4.834504 0.410726 -0.957842
-5.191608 0.500070 -0.949902
-5.242663 0.514625 -0.879822
-5.239287 0.515981 -0.798311
-5.496151 0.580553 -0.757300
-5.560416 0.598234 -0.681371
-5.480544 0.580359 -0.590476
-5.496267 0.585630 -0.509454
-5.522267 0.593560 -0.431387
-5.131253 0.562068 -0.941952
-5.281193 0.603222 -0.889925
-5.277923 0.604607 -0.807558
-5.530144 0.671806 -0.765157
-5.916710 0.774991 -0.730469
-5.518562 0.672524 -0.597200
-5.526588 0.676045 -0.514548
-5.517836 0.675256 -0.432766
-5.131253 0.562068 -0.941952
-5.281193 0.603222 -0.889925
-5.277923 0.604607 -0.807558
-5.530144 0.671806 -0.765157
-5.916710 0.774991 -0.730469
-5.518562 0.672524 -0.597200
-5.526588 0.676045 -0.514548
-8.008150 1.330384 -0.647699
-5.089151 0.627874 -0.937651
-5.329670 0.696298 -0.902059
-5.330340 0.698780 -0.819277
-5.551205 0.761107 -0.771359
-5.997559 0.886680 -0.744053
-6.489687 1.025375 -0.712584
-7.224068 1.231047 -0.688546
-7.904811 1.422330 -0.641472
-5.089151 0.627874 -0.937651
-5.329670 0.696298 -0.902059
-5.330340 0.698780 -0.819277
-5.551205 0.761107 -0.771359
-5.997559 0.886680 -0.744053
-6.489687 1.025375 -0.712584
-7.224068 1.231047 -0.688546
-7.904811 1.422330 -0.641472
-5.384147 0.793191 -0.915553
-5.373564 0.792463 -0.829788
-5.513817 0.834624 -0.769209
-5.977393 0.971975 -0.744644
-6.410314 1.100794 -0.706447
-7.210445 1.336805 -0.690208
-5.384147 0.793191 -0.915553
-5.373564 0.792463 -0.829788
-5.513817 0.834624 -0.769209
-5.977393 0.971975 -0.744644
-6.410314 1.100794 -0.706447
-7.210445 1.336805 -0.690208
-5.410559 0.883799 -0.924371
-5.411430 0.886475 -0.839705
-5.448968 0.899264 -0.763170
-5.929469 1.048871 -0.741748
-6.436497 1.207095 -0.712800
-7.176262 1.436715 -0.689952
-5.410559 0.883799 -0.924371
-5.411430 0.886475 -0.839705
-5.448968 0.899264 -0.763170
-5.929469 1.048871 -0.741748
-6.436497 1.207095 -0.712800
-7.176262 1.436715 -0.689952
-5.360413 0.951294 -0.919790
-5.466526 0.987903 -0.852711
-5.515347 1.004948 -0.776685
-5.907012 1.133306 -0.742377
-6.222657 1.237497 -0.691112
-6.121735 1.206594 -0.585225
-6.125207 1.209533 -0.494401
-5.360413 0.951294 -0.919790
-5.466526 0.987903 -0.852711
-5.515347 1.004948 -0.776685
-5.907012 1.133306 -0.742377
-6.222657 1.237497 -0.691112
-7.042214 1.504239 -0.679619
-5.531076 1.094975 -0.867580
-5.579831 1.112798 -0.790221
-5.857048 1.208568 -0.739519
-6.069509 1.282730 -0.676564
-6.070652 1.284843 -0.583048
-6.055177 1.281434 -0.490891
-6.091579 1.295512 -0.400463
-6.164822 1.320787 -0.314534
-5.531076 1.094975 -0.867580
-5.579831 1.112798 -0.790221
-5.857048 1.208568 -0.739519
-6.069509 1.282730 -0.676564
-6.070652 1.284843 -0.583048
-6.055177 1.281434 -0.490891
-6.091579 1.295512 -0.400463
-5.593691 1.204190 -0.882471
-5.623695 1.216196 -0.800988
-5.824850 1.289439 -0.739184
-6.032500 1.365243 -0.675845
-6.011084 1.359406 -0.580111
-5.984347 1.351781 -0.487399
-6.043066 1.374369 -0.399257
-6.093348 1.392657 -0.312282
-5.593691 1.204190 -0.882471
-5.623695 1.216196 -0.800988
-5.824850 1.289439 -0.739184
-6.032500 1.365243 -0.675845
-6.011084 1.359406 -0.580111
-5.984347 1.351781 -0.487399
-6.043066 1.374369 -0.399257
-5.772933 1.362918 -0.736362
-5.998108 1.448501 -0.675591
-5.991700 1.447913 -0.581469
-5.983770 1.446868 -0.490256
-6.012262 1.459213 -0.399451
-6.051044 1.474053 -0.311815
-5.772933 1.362918 -0.736362
-5.998108 1.448501 -0.675591
-5.991700 1.447913 -0.581469
-5.983770 1.446868 -0.490256
-6.012262 1.459213 -0.399451
-5.999664 1.545530 -0.679816
-5.982165 1.540598 -0.584014
-5.996580 1.548100 -0.494469
-5.983997 1.545059 -0.399940
-5.999664 1.545530 -0.679816
-6.906899 1.897677 -0.680850
-5.996580 1.548100 -0.494469
-6.191472 1.720121 -0.707257
-6.964747 2.033097 -0.691233
-6.191472 1.720121 -0.707257
-6.964747 2.033097 -0.691233
-6.913655 2.126065 -0.690360
-6.913655 2.126065 -0.690360
-6.784151 2.186010 -0.681336
-6.776712 2.187320 -0.468487
-6.786043 2.192024 -0.365494
-6.784151 2.186010 -0.681336
-6.709308 2.266306 -0.678166
-6.731509 2.278714 -0.576034
-6.701772 2.267504 -0.466331
-6.740111 2.285521 -0.365609
-6.709308 2.266306 -0.678166
-6.731509 2.278714 -0.576034
-6.701772 2.267504 -0.466331
-6.740111 2.285521 -0.365609
-7.077304 -4.067601 -0.718963
-7.140967 -3.976679 -0.720421
-7.196062 -3.881672 -0.721092
-6.598253 -3.542499 -0.755098
-7.205180 -3.768951 -0.716978
-6.659180 -3.563618 0.252630
-6.598253 -3.542499 -0.755098
-7.205180 -3.768951 -0.716978
-6.659180 -3.563618 0.252630
-6.595108 -3.435910 -0.749716
-7.231301 -3.663248 -0.714888
-6.420815 -3.371011 0.151414
-6.595108 -3.435910 -0.749716
-7.231301 -3.663248 -0.714888
-6.420815 -3.371011 0.151414
-6.631639 -3.344083 -0.749378
-7.255888 -3.557346 -0.712821
-6.210189 -3.197777 -0.508640
-6.323233 -3.235730 -0.421345
-6.404360 -3.264079 -0.332383
-6.314643 -3.233021 -0.230148
-6.397178 -3.261723 -0.139320
-6.380603 -3.255227 -0.040899
-6.351036 -3.245253 0.052948
-6.774266 -3.390364 0.156540
-6.631639 -3.344083 -0.749378
-7.255888 -3.557346 -0.712821
-8.000860 -3.811657 -0.671877
-6.323233 -3.235730 -0.421345
-6.404360 -3.264079 -0.332383
-6.314643 -3.233021 -0.230148
-6.397178 -3.261723 -0.139320
-6.380603 -3.255227 -0.040899
-6.351036 -3.245253 0.052948
-6.093331 -3.065200 -0.771592
-6.640466 -3.243042 -0.745867
-7.282724 -3.452508 -0.711175
-7.974349 -3.677787 -0.665108
-6.770337 -3.282833 -0.452065
-9.064851 -4.034299 -0.491551
-6.591460 -3.224511 -0.240696
-6.913898 -3.330442 -0.153726
-6.685267 -3.254898 0.053211
-6.093331 -3.065200 -0.771592
-6.640466 -3.243042 -0.745867
-7.282724 -3.452508 -0.711175
-7.974349 -3.677787 -0.665108
-8.533598 -3.859742 -0.585059
-9.064851 -4.034299 -0.491551
-6.591460 -3.224511 -0.240696
-6.139911 -2.985045 -0.773451
-6.647780 -3.142204 -0.742380
-7.292862 -3.342667 -0.707957
-8.010359 -3.565374 -0.664202
-8.549235 -3.732361 -0.582377
-9.048540 -3.888756 -0.487068
-9.555036 -4.046218 -0.373157
-6.139911 -2.985045 -0.773451
-6.647780 -3.142204 -0.742380
-7.292862 -3.342667 -0.707957
-8.010359 -3.565374 -0.664202
-8.549235 -3.732361 -0.582377
-9.048540 -3.888756 -0.487068
-9.555036 -4.046218 -0.373157
-6.151222 -2.893810 -0.770730
-6.672636 -3.047247 -0.741190
-7.316631 -3.237544 -0.706356
-8.037156 -3.450202 -0.662634
-8.585948 -3.611900 -0.581435
-9.091210 -3.762425 -0.486301
-9.400626 -3.853688 -0.363292
-9.681231 -3.937441 -0.235166
-6.151222 -2.893810 -0.770730
-6.672636 -3.047247 -0.741190
-7.316631 -3.237544 -0.706356
-8.037156 -3.450202 -0.662634
-8.585948 -3.611900 -0.581435
-9.091210 -3.762425 -0.486301
-9.400626 -3.853688 -0.363292
-5.695144 -2.672342 -0.794251
-6.199380 -2.813411 -0.773128
-6.684673 -2.948771 -0.738656
-7.338899 -3.132206 -0.704777
-8.073818 -3.338014 -0.662115
-8.601772 -3.485533 -0.579092
-9.120597 -3.632210 -0.484870
-9.358156 -3.698545 -0.358666
-9.574429 -3.759911 -0.229680
-5.695144 -2.672342 -0.794251
-6.199380 -2.813411 -0.773128
-6.684673 -2.948771 -0.738656
-7.338899 -3.132206 -0.704777
-8.073818 -3.338014 -0.662115
-8.601772 -3.485533 -0.579092
-9.120597 -3.632210 -0.484870
-9.358156 -3.698545 -0.358666
-9.574429 -3.759911 -0.229680
-5.709695 -2.589828 -0.792523
-6.185170 -2.715645 -0.767388
-6.695276 -2.850350 -0.736144
-7.367356 -3.028726 -0.704014
-8.093523 -3.221165 -0.660252
-8.588767 -3.352033 -0.574787
-9.144274 -3.500676 -0.483236
-9.386582 -3.564689 -0.357351
-9.630727 -3.630210 -0.229270
-5.709695 -2.589828 -0.792523
-6.185170 -2.715645 -0.767388
-6.695276 -2.850350 -0.736144
-7.367356 -3.028726 -0.704014
-8.093523 -3.221165 -0.660252
-8.588767 -3.352033 -0.574787
-9.144274 -3.500676 -0.483236
-9.386582 -3.564689 -0.357351
-9.630727 -3.630210 -0.229270
-5.707708 -2.503348 -0.788547
-6.227162 -2.633177 -0.769307
-6.685179 -2.747148 -0.731385
-7.363487 -2.917080 -0.700097
-8.119281 -3.106159 -0.659095
-8.639513 -3.235923 -0.575342
-9.158326 -3.367037 -0.481172
-9.478996 -3.447133 -0.358982
-9.727929 -3.510198 -0.230163
-5.707708 -2.503348 -0.788547
-6.227162 -2.633177 -0.769307
-6.685179 -2.747148 -0.731385
-7.363487 -2.917080 -0.700097
-8.119281 -3.106159 -0.659095
-8.639513 -3.235923 -0.575342
-9.158326 -3.367037 -0.481172
-9.478996 -3.447133 -0.358982
-9.727929 -3.510198 -0.230163
-5.342309 -2.331706 -0.811338
-5.715991 -2.419971 -0.786289
-6.206302 -2.535196 -0.763103
-6.739261 -2.660176 -0.734357
-7.396685 -2.815113 -0.700170
-8.135662 -2.989020 -0.657280
-8.645990 -3.108732 -0.572798
-9.170443 -3.233484 -0.479138
-9.589399 -3.332090 -0.361483
-9.808096 -3.384287 -0.230608
-5.342309 -2.331706 -0.811338
-5.715991 -2.419971 -0.786289
-6.206302 -2.535196 -0.763103
-6.739261 -2.660176 -0.734357
-7.396685 -2.815113 -0.700170
-8.135662 -2.989020 -0.657280
-8.645990 -3.108732 -0.572798
-9.170443 -3.233484 -0.479138
-9.589399 -3.332090 -0.361483
-9.808096 -3.384287 -0.230608
-5.348221 -2.253618 -0.808967
-5.711478 -2.334063 -0.782352
-6.226538 -2.447598 -0.762514
-6.726274 -2.557349 -0.729642
-7.397396 -2.705671 -0.697095
-8.099791 -2.860585 -0.651065
-8.677880 -2.987844 -0.572266
-9.165039 -3.096582 -0.476220
-9.694535 -3.213564 -0.363825
-9.921777 -3.264420 -0.232111
-5.348221 -2.253618 -0.808967
-5.711478 -2.334063 -0.782352
-6.226538 -2.447598 -0.762514
-6.726274 -2.557349 -0.729642
-7.397396 -2.705671 -0.697095
-8.099791 -2.860585 -0.651065
-8.677880 -2.987844 -0.572266
-9.165039 -3.096582 -0.476220
-9.694535 -3.213564 -0.363825
-5.352808 -2.176560 -0.806618
-5.736496 -2.256023 -0.782964
-6.229782 -2.357587 -0.759918
-6.750410 -2.464480 -0.729486
-7.407931 -2.600287 -0.695240
-8.116278 -2.746304 -0.649653
-8.703867 -2.867186 -0.571483
-9.200294 -2.970803 -0.475850
-9.747005 -3.083703 -0.363975
-5.352808 -2.176560 -0.806618
-5.736496 -2.256023 -0.782964
-6.229782 -2.357587 -0.759918
-6.750410 -2.464480 -0.729486
-7.407931 -2.600287 -0.695240
-8.116278 -2.746304 -0.649653
-8.703867 -2.867186 -0.571483
-9.200294 -2.970803 -0.475850
-9.747005 -3.083703 -0.363975
-5.014357 -2.033758 -0.826581
-5.360364 -2.099414 -0.804901
-5.752881 -2.175015 -0.782455
-6.224165 -2.265146 -0.756321
-6.753996 -2.366263 -0.727080
-7.393783 -2.489087 -0.691028
-8.107964 -2.625944 -0.646219
-8.740238 -2.746919 -0.571563
-9.218464 -2.839790 -0.474583
-9.821621 -2.955634 -0.365158
-10.631216 -3.112380 -0.249419
-5.014357 -2.033758 -0.826581
-5.360364 -2.099414 -0.804901
-5.752881 -2.175015 -0.782455
-6.224165 -2.265146 -0.756321
-6.753996 -2.366263 -0.727080
-7.393783 -2.489087 -0.691028
-8.107964 -2.625944 -0.646219
-8.740238 -2.746919 -0.571563
-9.218464 -2.839790 -0.474583
-9.821621 -2.955634 -0.365158
-10.631216 -3.112380 -0.249419
-5.016072 -1.960765 -0.824118
-5.386268 -2.025774 -0.806302
-5.775929 -2.095187 -0.783091
-6.283587 -2.185034 -0.761367
-6.756170 -2.268223 -0.724695
-7.397584 -2.382093 -0.688817
-8.137123 -2.513168 -0.646206
-8.774957 -2.625992 -0.571665
-9.270164 -2.714971 -0.475387
-9.886695 -2.824472 -0.366021
-10.619695 -2.955808 -0.247369
-5.016072 -1.960765 -0.824118
-5.386268 -2.025774 -0.806302
-5.775929 -2.095187 -0.783091
-6.283587 -2.185034 -0.761367
-6.756170 -2.268223 -0.724695
-7.397584 -2.382093 -0.688817
-8.137123 -2.513168 -0.646206
-8.774957 -2.625992 -0.571665
-9.270164 -2.714971 -0.475387
-9.886695 -2.824472 -0.366021
-10.619695 -2.955808 -0.247369
-5.005072 -1.885984 -0.819640
-5.383879 -1.947103 -0.803376
-5.766623 -2.009768 -0.779228
-6.255864 -2.089279 -0.755273
-6.749095 -2.169086 -0.721428
-7.380214 -2.272040 -0.684657
-8.090001 -2.387590 -0.639772
-8.142628 -2.395026 -0.524149
-8.110406 -2.390096 -0.406631
-9.965801 -2.694458 -0.367583
-10.637457 -2.805150 -0.246269
-5.005072 -1.885984 -0.819640
-5.383879 -1.947103 -0.803376
-5.766623 -2.009768 -0.779228
-6.255864 -2.089279 -0.755273
-6.749095 -2.169086 -0.721428
-7.380214 -2.272040 -0.684657
-8.090001 -2.387590 -0.639772
-8.142628 -2.395026 -0.524149
-8.110406 -2.390096 -0.406631
-9.965801 -2.694458 -0.367583
-10.637457 -2.805150 -0.246269
-5.503549 -0.782610 1.103065
-5.008568 -1.814050 -0.817887
-5.392080 -1.870461 -0.802328
-5.783482 -1.928953 -0.779332
-6.238482 -1.996297 -0.750722
-6.736653 -2.069794 -0.717734
-7.392721 -2.167471 -0.683677
-8.021277 -2.260653 -0.631678
-8.247514 -2.293392 -0.529699
-8.175805 -2.282972 -0.408705
-8.122458 -2.274303 -0.286920
-8.264834 -2.295867 -0.176361
-8.251751 -2.292638 -0.055186
-5.343492 -0.754412 0.914860
-5.352347 -0.751662 1.075332
-5.008568 -1.814050 -0.817887
-5.392080 -1.870461 -0.802328
-5.783482 -1.928953 -0.779332
-6.238482 -1.996297 -0.750722
-6.736653 -2.069794 -0.717734
-7.392721 -2.167471 -0.683677
-8.021277 -2.260653 -0.631678
-8.247514 -2.293392 -0.529699
-8.175805 -2.282972 -0.408705
-8.122458 -2.274303 -0.286920
-8.264834 -2.295867 -0.176361
-8.251751 -2.292638 -0.055186
-5.350760 -0.752976 0.993666
-5.352347 -0.751662 1.075332
-5.341314 -0.716539 0.914951
-5.336765 -0.715762 0.991731
-5.354072 -0.713471 1.076155
-4.709688 -1.702134 -0.834655
-5.018856 -1.743254 -0.817502
-5.387455 -1.792157 -0.799437
-5.779602 -1.845173 -0.776634
-6.262985 -1.909910 -0.751764
-6.758214 -1.975902 -0.718121
-7.391928 -2.061179 -0.681537
-8.073040 -2.152551 -0.634113
-8.829552 -2.254104 -0.569296
-8.370386 -2.192035 -0.418255
-8.218045 -2.170640 -0.289680
-8.107176 -2.155746 -0.170731
-8.066241 -2.148928 -0.051686
-8.142372 -2.159134 0.061230
-5.330987 -0.679216 0.913797
-4.709688 -1.702134 -0.834655
-5.018856 -1.743254 -0.817502
-5.387455 -1.792157 -0.799437
-5.779602 -1.845173 -0.776634
-6.262985 -1.909910 -0.751764
-6.758214 -1.975902 -0.718121
-7.391928 -2.061179 -0.681537
-8.073040 -2.152551 -0.634113
-8.829552 -2.254104 -0.569296
-9.308247 -2.319520 -0.471827
-8.218045 -2.170640 -0.289680
-8.107176 -2.155746 -0.170731
-8.066241 -2.148928 -0.051686
-8.142372 -2.159134 0.061230
-5.330987 -0.679216 0.913797
-5.322515 -0.678730 0.989792
-5.328065 -0.677111 1.071847
-5.308582 -0.642904 0.910778
-5.304082 -0.642175 0.987173
-5.286131 -0.642277 1.064603
-5.291077 -0.640372 1.143632
-4.726249 -1.636489 -0.835770
-5.028154 -1.672322 -0.817131
-5.397399 -1.716071 -0.799040
-5.762733 -1.760226 -0.772265
-6.258732 -1.819650 -0.749280
-6.750860 -1.878233 -0.715372
-7.397524 -1.956094 -0.680208
-8.071921 -2.036974 -0.632170
-8.196014 -2.050807 -0.522566
-8.219100 -2.053915 -0.408161
-8.173463 -2.047653 -0.286549
-8.117931 -2.041041 -0.170024
-8.076899 -2.034771 -0.051041
-8.109482 -2.038582 0.061837
-8.144426 -2.042559 0.181134
-8.352023 -2.068549 0.423448
-4.726249 -1.636489 -0.835770
-5.028154 -1.672322 -0.817131
-5.397399 -1.716071 -0.799040
-5.762733 -1.760226 -0.772265
-6.258732 -1.819650 -0.749280
-6.750860 -1.878233 -0.715372
-7.397524 -1.956094 -0.680208
-8.071921 -2.036974 -0.632170
-8.833716 -2.128424 -0.567808
-8.219100 -2.053915 -0.408161
-8.173463 -2.047653 -0.286549
-10.717702 -2.357387 -0.244293
-8.076899 -2.034771 -0.051041
-8.109482 -2.038582 0.061837
-8.144426 -2.042559 0.181134
-8.352023 -2.068549 0.423448
-5.309565 -0.604956 0.911477
-5.305049 -0.604251 0.987926
-5.310602 -0.602538 1.069810
-5.318153 -0.566276 0.913413
-5.329311 -0.564196 0.992729
-5.307362 -0.564882 1.069884
-4.722358 -1.568374 -0.833240
-5.024702 -1.599985 -0.814748
-5.370922 -1.636010 -0.793090
-5.760382 -1.677616 -0.770169
-6.249248 -1.729250 -0.746310
-6.761868 -1.783086 -0.714897
-7.381852 -1.848915 -0.676935
-8.077086 -1.922498 -0.630927
-8.312430 -1.946525 -0.529290
-8.244317 -1.939471 -0.408261
-8.504562 -1.966722 -0.299446
-10.639581 -2.196455 -0.240828
-8.130514 -1.925144 0.062404
-8.157551 -1.927754 0.181705
-8.175029 -1.929892 0.295478
-4.722358 -1.568374 -0.833240
-5.024702 -1.599985 -0.814748
-5.370922 -1.636010 -0.793090
-5.760382 -1.677616 -0.770169
-6.249248 -1.729250 -0.746310
-6.761868 -1.783086 -0.714897
-7.381852 -1.848915 -0.676935
-8.077086 -1.922498 -0.630927
-8.312430 -1.946525 -0.529290
-8.244317 -1.939471 -0.408261
-10.141666 -2.142757 -0.368813
-10.639581 -2.196455 -0.240828
-8.130514 -1.925144 0.062404
-8.157551 -1.927754 0.181705
-8.175029 -1.929892 0.295478
-5.318597 -0.528208 0.914104
-5.341502 -0.524911 0.995502
-5.331258 -0.524612 1.075084
-5.354148 -0.486469 0.920378
-5.318112 -0.489071 0.992191
-5.307915 -0.488835 1.071486
-4.721415 -1.500856 -0.831456
-5.051624 -1.530847 -0.817785
-5.406227 -1.562773 -0.797056
-5.760804 -1.595583 -0.768653
-6.250326 -1.640383 -0.744877
-6.731977 -1.684076 -0.709939
-7.416167 -1.747185 -0.678797
-8.052865 -1.805469 -0.627345
-8.375879 -1.834361 -0.532378
-8.295784 -1.827124 -0.409959
-8.528554 -1.848112 -0.299379
-9.687232 -1.956489 -0.212693
-8.372175 -1.832236 -0.053704
-8.349108 -1.829885 0.062926
-9.670409 -1.952736 0.203819
-8.158705 -1.812049 0.295244
-9.634688 -1.950179 0.478284
-9.635936 -1.951940 0.612063
-9.607647 -1.945679 0.749448
-9.644502 -1.954020 0.887246
-9.627602 -1.953611 1.027420
-9.573801 -1.949199 1.157311
-4.721415 -1.500856 -0.831456
-5.051624 -1.530847 -0.817785
-5.406227 -1.562773 -0.797056
-5.760804 -1.595583 -0.768653
-6.250326 -1.640383 -0.744877
-6.731977 -1.684076 -0.709939
-7.416167 -1.747185 -0.678797
-8.052865 -1.805469 -0.627345
-8.375879 -1.834361 -0.532378
-8.295784 -1.827124 -0.409959
-8.528554 -1.848112 -0.299379
-9.687232 -1.956489 -0.212693
-9.690324 -1.955200 -0.072064
-8.349108 -1.829885 0.062926
-8.158705 -1.812049 0.295244
-9.644502 -1.954020 0.887246
-9.627602 -1.953611 1.027420
-4.380625 -1.411204 -0.969298
-4.403271 -1.411031 -0.905080
-4.405017 -1.408890 -0.838761
-4.723438 -1.433784 -0.830418
-5.038305 -1.457889 -0.814081
-5.416906 -1.486764 -0.797324
-5.728491 -1.511121 -0.762655
-6.242244 -1.550984 -0.742453
-6.752162 -1.590161 -0.710856
-7.393536 -1.640223 -0.675177
-8.102459 -1.695298 -0.630203
-8.668519 -1.738931 -0.551736
-8.385536 -1.716679 -0.413926
-8.523014 -1.726799 -0.298161
-10.779195 -1.905989 -0.242585
-4.380625 -1.411204 -0.969298
-4.403271 -1.411031 -0.905080
-4.405017 -1.408890 -0.838761
-4.723438 -1.433784 -0.830418
-5.038305 -1.457889 -0.814081
-5.416906 -1.486764 -0.797324
-5.728491 -1.511121 -0.762655
-6.242244 -1.550984 -0.742453
-6.752162 -1.590161 -0.710856
-7.393536 -1.640223 -0.675177
-8.102459 -1.695298 -0.630203
-8.668519 -1.738931 -0.551736
-8.385536 -1.716679 -0.413926
-8.523014 -1.726799 -0.298161
-10.779195 -1.905989 -0.242585
-4.400909 -1.350308 -0.972630
-4.415797 -1.349273 -0.906494
-4.421446 -1.347355 -0.840851
-4.732370 -1.367273 -0.830856
-5.031816 -1.385922 -0.811744
-5.391038 -1.408195 -0.792046
-5.754234 -1.431606 -0.765113
-6.232898 -1.461927 -0.740049
-6.731387 -1.493193 -0.707293
-7.405129 -1.536380 -0.675116
-8.067029 -1.578413 -0.625997
-8.820730 -1.626370 -0.561284
-8.469834 -1.603620 -0.417682
-8.459933 -1.602149 -0.294622
-8.440120 -1.600906 -0.175752
-8.414829 -1.597837 -0.052984
-8.236451 -1.586160 0.418829
-4.400909 -1.350308 -0.972630
-4.415797 -1.349273 -0.906494
-4.421446 -1.347355 -0.840851
-4.732370 -1.367273 -0.830856
-5.031816 -1.385922 -0.811744
-5.391038 -1.408195 -0.792046
-5.754234 -1.431606 -0.765113
-6.232898 -1.461927 -0.740049
-6.731387 -1.493193 -0.707293
-7.405129 -1.536380 -0.675116
-8.067029 -1.578413 -0.625997
-8.820730 -1.626370 -0.561284
-8.469834 -1.603620 -0.417682
-8.459933 -1.602149 -0.294622
-8.440120 -1.600906 -0.175752
-8.414829 -1.597837 -0.052984
-8.236451 -1.586160 0.418829
-4.412571 -1.288497 -0.974171
-4.431371 -1.287448 -0.908763
-4.440941 -1.285643 -0.843742
-4.720738 -1.299543 -0.827654
-5.040061 -1.315051 -0.812122
-5.415353 -1.333132 -0.794818
-5.604868 -1.342337 -0.742850
-6.218333 -1.373023 -0.737160
-6.725114 -1.397735 -0.705551
-7.403349 -1.431713 -0.673898
-8.105563 -1.466545 -0.628223
-8.951547 -1.508673 -0.569443
-8.576538 -1.489570 -0.422801
-8.482866 -1.483902 -0.294799
-8.439080 -1.481681 -0.175036
-8.405753 -1.478532 -0.052275
-8.470477 -1.481572 0.064466
-4.412571 -1.288497 -0.974171
-4.431371 -1.287448 -0.908763
-4.440941 -1.285643 -0.843742
-4.720738 -1.299543 -0.827654
-5.040061 -1.315051 -0.812122
-5.415353 -1.333132 -0.794818
-5.604868 -1.342337 -0.742850
-6.218333 -1.373023 -0.737160
-6.725114 -1.397735 -0.705551
-7.403349 -1.431713 -0.673898
-8.105563 -1.466545 -0.628223
-8.951547 -1.508673 -0.569443
-8.576538 -1.489570 -0.422801
-8.482866 -1.483902 -0.294799
-8.439080 -1.481681 -0.175036
-8.405753 -1.478532 -0.052275
-8.470477 -1.481572 0.064466
-4.206193 -1.219399 -0.990174
-4.458422 -1.227838 -0.983833
-4.461716 -1.225874 -0.914418
-4.463501 -1.223602 -0.847431
-4.727802 -1.232972 -0.828120
-5.043378 -1.243863 -0.811840
-5.367548 -1.254716 -0.786487
-5.750975 -1.268730 -0.762769
-6.214411 -1.285061 -0.735805
-6.753248 -1.303898 -0.707873
-7.372258 -1.326138 -0.669958
-8.142553 -1.353707 -0.630468
-9.104710 -1.388335 -0.579291
-8.653765 -1.371605 -0.426364
-8.576043 -1.367810 -0.298008
-8.508294 -1.365281 -0.176360
-8.454954 -1.361818 -0.052411
-8.495730 -1.363037 0.064936
-4.206193 -1.219399 -0.990174
-4.458422 -1.227838 -0.983833
-4.461716 -1.225874 -0.914418
-4.463501 -1.223602 -0.847431
-4.727802 -1.232972 -0.828120
-5.043378 -1.243863 -0.811840
-5.367548 -1.254716 -0.786487
-5.750975 -1.268730 -0.762769
-6.214411 -1.285061 -0.735805
-6.753248 -1.303898 -0.707873
-7.372258 -1.326138 -0.669958
-8.142553 -1.353707 -0.630468
-9.104710 -1.388335 -0.579291
-8.653765 -1.371605 -0.426364
-8.576043 -1.367810 -0.298008
-8.508294 -1.365281 -0.176360
-8.454954 -1.361818 -0.052411
-8.495730 -1.363037 0.064936
-4.227678 -1.160422 -0.994731
-4.456691 -1.164711 -0.982694
-4.487302 -1.163401 -0.919239
-4.477362 -1.160779 -0.849556
-4.733936 -1.166255 -0.828600
-5.029936 -1.172242 -0.808875
-5.381843 -1.179250 -0.788056
-5.725860 -1.186932 -0.758533
-6.205292 -1.197177 -0.733965
-6.744317 -1.208486 -0.706171
-7.379476 -1.222456 -0.669963
-8.146099 -1.239165 -0.630041
-8.793502 -1.252942 -0.556748
-8.665488 -1.250070 -0.426359
-8.647651 -1.248735 -0.300397
-8.623871 -1.248157 -0.179043
-8.526533 -1.244373 -0.052892
-8.511336 -1.243697 0.065382
-4.227678 -1.160422 -0.994731
-4.456691 -1.164711 -0.982694
-4.487302 -1.163401 -0.919239
-4.477362 -1.160779 -0.849556
-4.733936 -1.166255 -0.828600
-5.029936 -1.172242 -0.808875
-5.381843 -1.179250 -0.788056
-5.725860 -1.186932 -0.758533
-6.205292 -1.197177 -0.733965
-6.744317 -1.208486 -0.706171
-7.379476 -1.222456 -0.669963
-8.146099 -1.239165 -0.630041
-8.793502 -1.252942 -0.556748
-8.665488 -1.250070 -0.426359
-8.647651 -1.248735 -0.300397
-8.623871 -1.248157 -0.179043
-8.526533 -1.244373 -0.052892
-8.511336 -1.243697 0.065382
-4.197856 -1.100224 -0.986868
-4.461872 -1.101767 -0.983370
-4.508111 -1.100205 -0.923228
-4.513875 -1.097880 -0.856416
-4.703747 -1.099001 -0.822521
-5.027318 -1.101165 -0.807950
-5.375326 -1.103214 -0.786553
-5.731280 -1.106213 -0.758810
-6.222718 -1.109881 -0.735673
-6.714180 -1.113173 -0.702246
-7.484761 -1.119615 -0.679785
-8.080291 -1.123926 -0.623921
-8.839465 -1.129726 -0.559385
-8.751392 -1.128996 -0.430633
-8.721601 -1.127763 -0.302972
-8.789804 -1.128360 -0.183188
-8.700465 -1.125954 -0.054799
-8.541278 -1.124130 0.065808
-8.756326 -1.125620 0.193119
-4.197856 -1.100224 -0.986868
-4.461872 -1.101767 -0.983370
-4.508111 -1.100205 -0.923228
-4.513875 -1.097880 -0.856416
-4.703747 -1.099001 -0.822521
-5.027318 -1.101165 -0.807950
-5.375326 -1.103214 -0.786553
-5.731280 -1.106213 -0.758810
-6.222718 -1.109881 -0.735673
-6.714180 -1.113173 -0.702246
-7.484761 -1.119615 -0.679785
-8.080291 -1.123926 -0.623921
-8.839465 -1.129726 -0.559385
-8.751392 -1.128996 -0.430633
-8.721601 -1.127763 -0.302972
-8.789804 -1.128360 -0.183188
-8.700465 -1.125954 -0.054799
-8.541278 -1.124130 0.065808
-4.202148 -1.040848 -0.987625
-4.446687 -1.038728 -0.979557
-4.543679 -1.036424 -0.930600
-4.533824 -1.034023 -0.860139
-4.711947 -1.032511 -0.823760
-5.027651 -1.030175 -0.807713
-5.387509 -1.027323 -0.788152
-5.711810 -1.025450 -0.755734
-6.195276 -1.022286 -0.731855
-6.694637 -1.018687 -0.699689
-7.377626 -1.014721 -0.668862
-8.056719 -1.010375 -0.621528
-8.999423 -1.004759 -0.570132
-8.843587 -1.005531 -0.435371
-8.785865 -1.004803 -0.305232
-8.732747 -1.003375 -0.054827
-8.773545 -1.002800 0.066267
-8.638040 -1.003005 0.311000
-4.202148 -1.040848 -0.987625
-4.446687 -1.038728 -0.979557
-4.543679 -1.036424 -0.930600
-4.533824 -1.034023 -0.860139
-4.711947 -1.032511 -0.823760
-5.027651 -1.030175 -0.807713
-5.387509 -1.027323 -0.788152
-5.711810 -1.025450 -0.755734
-6.195276 -1.022286 -0.731855
-6.694637 -1.018687 -0.699689
-7.377626 -1.014721 -0.668862
-8.056719 -1.010375 -0.621528
-8.999423 -1.004759 -0.570132
-9.630347 -1.002077 -0.479437
-8.785865 -1.004803 -0.305232
-8.732747 -1.003375 -0.054827
-8.773545 -1.002800 0.066267
-8.638040 -1.003005 0.311000
-3.953377 -0.986930 -0.990544
-4.201728 -0.981421 -0.987437
-4.372171 -0.977013 -0.962257
-4.558800 -0.971973 -0.933769
-4.584247 -0.969112 -0.870168
-4.703488 -0.966063 -0.822092
-5.019108 -0.959319 -0.806144
-5.382824 -0.951375 -0.787298
-5.699137 -0.945106 -0.753800
-6.162650 -0.935538 -0.727553
-6.697625 -0.924335 -0.699845
-7.480001 -0.909040 -0.678718
-8.035555 -0.897425 -0.619497
-9.157595 -0.875348 -0.580891
-9.744632 -0.864643 -0.485500
-10.242951 -0.854328 -0.365587
-8.815296 -0.878942 -0.055577
-8.748103 -0.879787 0.066640
-3.953377 -0.986930 -0.990544
-4.201728 -0.981421 -0.987437
-4.372171 -0.977013 -0.962257
-4.558800 -0.971973 -0.933769
-4.584247 -0.969112 -0.870168
-4.703488 -0.966063 -0.822092
-5.019108 -0.959319 -0.806144
-5.382824 -0.951375 -0.787298
-5.699137 -0.945106 -0.753800
-6.162650 -0.935538 -0.727553
-6.697625 -0.924335 -0.699845
-7.480001 -0.909040 -0.678718
-8.035555 -0.897425 -0.619497
-9.157595 -0.875348 -0.580891
-9.744632 -0.864643 -0.485500
-10.242951 -0.854328 -0.365587
-8.748103 -0.879787 0.066640
-3.956096 -0.930873 -0.991393
-4.181065 -0.922563 -0.982484
-4.394215 -0.914533 -0.967475
-4.612100 -0.905941 -0.945374
-4.594542 -0.903979 -0.872339
-4.701968 -0.899610 -0.821898
-5.009580 -0.888699 -0.804590
-5.369179 -0.875801 -0.785227
-5.661597 -0.865853 -0.748517
-6.180387 -0.848074 -0.729819
-6.707240 -0.829643 -0.700917
-7.326212 -0.808626 -0.663544
-8.136321 -0.781092 -0.627902
-9.150374 -0.746801 -0.580241
-9.813038 -0.725432 -0.489126
-3.956096 -0.930873 -0.991393
-4.181065 -0.922563 -0.982484
-4.394215 -0.914533 -0.967475
-4.612100 -0.905941 -0.945374
-4.594542 -0.903979 -0.872339
-4.701968 -0.899610 -0.821898
-5.009580 -0.888699 -0.804590
-5.369179 -0.875801 -0.785227
-5.661597 -0.865853 -0.748517
-6.180387 -0.848074 -0.729819
-6.707240 -0.829643 -0.700917
-7.326212 -0.808626 -0.663544
-8.136321 -0.781092 -0.627902
-9.150374 -0.746801 -0.580241
-9.813038 -0.725432 -0.489126
-3.958031 -0.874729 -0.992253
-4.175115 -0.863607 -0.981367
-4.399800 -0.852097 -0.969105
-4.617568 -0.840455 -0.946882
-4.611758 -0.838199 -0.876096
-4.675944 -0.834230 -0.817341
-4.991192 -0.818681 -0.801704
-5.338694 -0.801299 -0.780707
-5.492409 -0.793521 -0.724743
-5.471460 -0.793035 -0.639966
-6.604347 -0.739740 -0.689459
-7.453460 -0.699521 -0.676176
-8.044278 -0.670729 -0.620211
-9.109474 -0.619898 -0.577391
-5.459089 -0.788816 -0.245466
-5.413632 -0.790167 -0.088280
-5.399219 -0.789794 -0.009290
-5.399078 -0.789142 0.144962
-5.386947 -0.790583 0.373852
-5.352263 -0.792589 0.524719
-5.345087 -0.793410 0.602924
-3.958031 -0.874729 -0.992253
-4.175115 -0.863607 -0.981367
-4.399800 -0.852097 -0.969105
-4.617568 -0.840455 -0.946882
-4.611758 -0.838199 -0.876096
-4.675944 -0.834230 -0.817341
-4.991192 -0.818681 -0.801704
-5.338694 -0.801299 -0.780707
-5.492409 -0.793521 -0.724743
-5.471460 -0.793035 -0.639966
-6.604347 -0.739740 -0.689459
-7.453460 -0.699521 -0.676176
-8.044278 -0.670729 -0.620211
-9.109474 -0.619898 -0.577391
-9.835570 -0.586309 -0.490319
-5.352263 -0.792589 0.524719
-5.345087 -0.793410 0.602924
-3.935998 -0.819812 -0.987044
-4.179978 -0.804135 -0.983128
-4.392834 -0.790147 -0.968048
-4.653346 -0.772995 -0.955140
-4.655447 -0.770323 -0.885370
-4.688290 -0.767258 -0.820093
-4.991521 -0.747990 -0.802202
-5.315082 -0.727149 -0.777438
-5.361883 -0.723530 -0.706606
-5.404061 -0.719603 -0.631721
-5.409142 -0.717761 -0.554823
-5.401471 -0.717162 -0.474541
-5.400399 -0.716070 -0.397470
-5.406380 -0.714652 -0.318795
-5.387223 -0.715795 -0.241484
-5.398960 -0.714413 -0.163630
-5.369640 -0.716075 -0.086985
-5.363194 -0.715411 -0.008676
-5.383621 -0.713872 0.066205
-5.347067 -0.715703 0.144438
-5.357432 -0.715059 0.219034
-5.362599 -0.714838 0.298225
-5.358935 -0.715805 0.372679
-5.377757 -0.712460 0.451815
-5.336259 -0.717537 0.523889
-5.348972 -0.717239 0.603902
-5.376730 -0.715742 0.682860
-5.351474 -0.718026 0.759335
-5.349219 -0.718722 0.836042
-3.935998 -0.819812 -0.987044
-4.179978 -0.804135 -0.983128
-4.392834 -0.790147 -0.968048
-4.653346 -0.772995 -0.955140
-4.655447 -0.770323 -0.885370
-4.688290 -0.767258 -0.820093
-4.991521 -0.747990 -0.802202
-5.315082 -0.727149 -0.777438
-5.361883 -0.723530 -0.706606
-5.404061 -0.719603 -0.631721
-5.409142 -0.717761 -0.554823
-5.401471 -0.717162 -0.474541
-5.400399 -0.716070 -0.397470
-5.406380 -0.714652 -0.318795
-5.387223 -0.715795 -0.241484
-5.398960 -0.714413 -0.163630
-5.369640 -0.716075 -0.086985
-5.363194 -0.715411 -0.008676
-5.383621 -0.713872 0.066205
-5.347067 -0.715703 0.144438
-5.357432 -0.715059 0.219034
-5.362599 -0.714838 0.298225
-5.358935 -0.715805 0.372679
-5.377757 -0.712460 0.451815
-5.336259 -0.717537 0.523889
-5.348972 -0.717239 0.603902
-5.376730 -0.715742 0.682860
-5.351474 -0.718026 0.759335
-5.349219 -0.718722 0.836042
-3.928658 -0.764393 -0.985901
-4.168506 -0.745586 -0.981081
-4.404444 -0.726975 -0.971503
-4.660842 -0.706452 -0.957514
-4.674672 -0.702883 -0.889937
-4.676150 -0.701603 -0.818483
-4.951533 -0.680103 -0.795981
-5.310163 -0.652171 -0.777267
-4.910559 -0.680517 -0.643081
-4.916197 -0.678782 -0.570156
-4.940273 -0.675588 -0.502246
-5.352720 -0.644142 -0.470069
-5.347600 -0.643357 -0.393273
-5.349525 -0.642148 -0.315007
-5.346268 -0.642363 -0.239306
-5.349986 -0.641400 -0.161634
-5.344593 -0.641677 -0.086261
-5.346105 -0.640496 -0.008346
-5.346560 -0.640147 0.066361
-5.325989 -0.641280 0.144370
-5.332359 -0.640774 0.218633
-5.333543 -0.640761 0.297362
-5.333888 -0.641462 0.371716
-5.320847 -0.640233 0.448298
-5.335117 -0.641697 0.524398
-5.324000 -0.642980 0.602092
-5.316089 -0.643731 0.676718
-5.322613 -0.643985 0.756457
-5.320408 -0.644691 0.832832
-3.928658 -0.764393 -0.985901
-4.168506 -0.745586 -0.981081
-4.404444 -0.726975 -0.971503
-4.660842 -0.706452 -0.957514
-4.674672 -0.702883 -0.889937
-4.676150 -0.701603 -0.818483
-4.951533 -0.680103 -0.795981
-5.310163 -0.652171 -0.777267
-4.910559 -0.680517 -0.643081
-4.916197 -0.678782 -0.570156
-4.940273 -0.675588 -0.502246
-5.352720 -0.644142 -0.470069
-5.347600 -0.643357 -0.393273
-5.349525 -0.642148 -0.315007
-5.346268 -0.642363 -0.239306
-5.349986 -0.641400 -0.161634
-5.344593 -0.641677 -0.086261
-5.346105 -0.640496 -0.008346
-5.346560 -0.640147 0.066361
-5.325989 -0.641280 0.144370
-5.332359 -0.640774 0.218633
-5.333543 -0.640761 0.297362
-5.333888 -0.641462 0.371716
-5.320847 -0.640233 0.448298
-5.335117 -0.641697 0.524398
-5.324000 -0.642980 0.602092
-5.316089 -0.643731 0.676718
-5.322613 -0.643985 0.756457
-5.320408 -0.644691 0.832832
-3.717046 -0.728048 -0.989894
-3.928261 -0.708486 -0.986796
-4.133003 -0.689275 -0.973316
-4.384088 -0.666072 -0.967775
-4.667396 -0.639648 -0.959903
-4.692928 -0.634855 -0.894517
-4.714042 -0.631838 -0.826366
-4.910640 -0.613272 -0.789776
-4.922271 -0.610485 -0.717349
-4.853730 -0.615633 -0.635651
-4.859241 -0.613826 -0.563472
-4.899022 -0.608916 -0.498073
-4.942136 -0.604133 -0.430054
-5.365315 -0.565755 -0.395130
-5.383144 -0.563091 -0.317633
-5.364008 -0.564738 -0.240488
-5.351801 -0.565111 -0.161811
-5.350395 -0.565095 -0.086438
-5.355874 -0.563520 -0.008404
-5.340384 -0.564563 0.066515
-5.327796 -0.565259 0.144642
-5.342117 -0.563941 0.219244
-5.331347 -0.564957 0.297688
-5.355564 -0.563522 0.373458
-5.358373 -0.561034 0.451572
-5.324974 -0.566529 0.524213
-5.329736 -0.566545 0.603434
-5.321815 -0.567393 0.678224
-5.320413 -0.568241 0.757119
-5.306374 -0.570008 0.831859
-3.717046 -0.728048 -0.989894
-3.928261 -0.708486 -0.986796
-4.133003 -0.689275 -0.973316
-4.384088 -0.666072 -0.967775
-4.667396 -0.639648 -0.959903
-4.692928 -0.634855 -0.894517
-4.714042 -0.631838 -0.826366
-4.910640 -0.613272 -0.789776
-4.922271 -0.610485 -0.717349
-4.853730 -0.615633 -0.635651
-4.859241 -0.613826 -0.563472
-4.899022 -0.608916 -0.498073
-4.942136 -0.604133 -0.430054
-5.365315 -0.565755 -0.395130
-5.383144 -0.563091 -0.317633
-5.364008 -0.564738 -0.240488
-5.351801 -0.565111 -0.161811
-5.350395 -0.565095 -0.086438
-5.355874 -0.563520 -0.008404
-5.340384 -0.564563 0.066515
-5.327796 -0.565259 0.144642
-5.342117 -0.563941 0.219244
-5.331347 -0.564957 0.297688
-5.355564 -0.563522 0.373458
-5.358373 -0.561034 0.451572
-5.324974 -0.566529 0.524213
-5.329736 -0.566545 0.603434
-5.321815 -0.567393 0.678224
-5.320413 -0.568241 0.757119
-5.306374 -0.570008 0.831859
-3.716143 -0.675050 -0.990862
-3.903971 -0.654804 -0.981625
-4.135412 -0.630082 -0.975115
-4.355144 -0.606442 -0.962262
-4.626307 -0.577245 -0.952202
-4.741423 -0.563129 -0.905399
-4.758728 -0.560167 -0.835719
-4.861018 -0.548298 -0.782243
-4.892166 -0.543374 -0.713523
-4.843354 -0.547477 -0.634963
-4.840932 -0.546381 -0.561836
-4.860845 -0.542920 -0.494363
-4.923640 -0.535513 -0.428753
-5.433460 -0.482314 -0.401360
-5.431481 -0.481394 -0.321385
-5.408442 -0.483693 -0.243244
-5.400248 -0.483802 -0.163991
-5.410798 -0.482562 -0.088176
-5.328738 -0.489874 -0.008000
-5.396818 -0.482526 0.066686
-5.384229 -0.483378 0.145735
-5.398508 -0.481846 0.221213
-5.371816 -0.484635 0.299894
-5.332412 -0.489388 0.372688
-5.394731 -0.480707 0.454833
-5.362042 -0.487164 0.683776
-5.348725 -0.489244 0.761831
-5.303127 -0.494428 0.832560
-3.716143 -0.675050 -0.990862
-3.903971 -0.654804 -0.981625
-4.135412 -0.630082 -0.975115
-4.355144 -0.606442 -0.962262
-4.626307 -0.577245 -0.952202
-4.741423 -0.563129 -0.905399
-4.758728 -0.560167 -0.835719
-4.861018 -0.548298 -0.782243
-4.892166 -0.543374 -0.713523
-4.843354 -0.547477 -0.634963
-4.840932 -0.546381 -0.561836
-4.860845 -0.542920 -0.494363
-4.923640 -0.535513 -0.428753
-5.433460 -0.482314 -0.401360
-5.431481 -0.481394 -0.321385
-5.396818 -0.482526 0.066686
-5.371816 -0.484635 0.299894
-5.394731 -0.480707 0.454833
-5.348725 -0.489244 0.761831
-3.706832 -0.622872 -0.989704
-3.894345 -0.600008 -0.980518
-4.117683 -0.572929 -0.972152
-4.340898 -0.545792 -0.960360
-4.615486 -0.512376 -0.951251
-4.769348 -0.492199 -0.912362
-4.778888 -0.489856 -0.840710
-4.877151 -0.476981 -0.786168
-4.876868 -0.475209 -0.712178
-4.843836 -0.478166 -0.635971
-4.861120 -0.474807 -0.565244
-4.869179 -0.472413 -0.496041
-4.923977 -0.465029 -0.429421
-7.962980 -0.110510 -0.616038
-8.891191 -0.000711 -0.564413
-3.706832 -0.622872 -0.989704
-3.894345 -0.600008 -0.980518
-4.117683 -0.572929 -0.972152
-4.340898 -0.545792 -0.960360
-4.615486 -0.512376 -0.951251
-4.769348 -0.492199 -0.912362
-4.778888 -0.489856 -0.840710
-4.877151 -0.476981 -0.786168
-4.876868 -0.475209 -0.712178
-4.843836 -0.478166 -0.635971
-4.861120 -0.474807 -0.565244
-4.869179 -0.472413 -0.496041
-4.923977 -0.465029 -0.429421
-7.962980 -0.110510 -0.616038
-8.891191 -0.000711 -0.564413
-3.696801 -0.570882 -0.988558
-3.876282 -0.546374 -0.977398
-4.110737 -0.514724 -0.972066
-4.341284 -0.483487 -0.962068
-4.588252 -0.449700 -0.946948
-4.811780 -0.418405 -0.922481
-4.813623 -0.416885 -0.848630
-4.896158 -0.404616 -0.790779
-4.931187 -0.398255 -0.721932
-4.894398 -0.402137 -0.644277
-4.888131 -0.401554 -0.569672
-4.892269 -0.399528 -0.499524
-7.370808 -0.075744 -0.672220
-8.040095 0.013265 -0.623585
-8.931167 0.131402 -0.568126
-3.696801 -0.570882 -0.988558
-3.876282 -0.546374 -0.977398
-4.110737 -0.514724 -0.972066
-4.341284 -0.483487 -0.962068
-4.588252 -0.449700 -0.946948
-4.811780 -0.418405 -0.922481
-4.813623 -0.416885 -0.848630
-4.896158 -0.404616 -0.790779
-4.931187 -0.398255 -0.721932
-4.894398 -0.402137 -0.644277
-4.888131 -0.401554 -0.569672
-4.892269 -0.399528 -0.499524
-7.370808 -0.075744 -0.672220
-8.040095 0.013265 -0.623585
-8.931167 0.131402 -0.568126
-3.693686 -0.518022 -0.989559
-3.865158 -0.492081 -0.976315
-4.110673 -0.455537 -0.973902
-4.317632 -0.424349 -0.958395
-4.579539 -0.384932 -0.946867
-4.837554 -0.345536 -0.929470
-4.870616 -0.339507 -0.860935
-4.906295 -0.332730 -0.794059
-5.254256 -0.280961 -0.774189
-5.598482 -0.230570 -0.746148
-6.080613 -0.159575 -0.723433
-6.621723 -0.079675 -0.697210
-7.273850 0.015942 -0.663895
-8.024567 0.126245 -0.623449
-9.063967 0.278561 -0.578529
-3.693686 -0.518022 -0.989559
-3.865158 -0.492081 -0.976315
-4.110673 -0.455537 -0.973902
-4.317632 -0.424349 -0.958395
-4.579539 -0.384932 -0.946867
-4.837554 -0.345536 -0.929470
-4.870616 -0.339507 -0.860935
-4.906295 -0.332730 -0.794059
-5.254256 -0.280961 -0.774189
-5.598482 -0.230570 -0.746148
-6.080613 -0.159575 -0.723433
-6.621723 -0.079675 -0.697210
-7.273850 0.015942 -0.663895
-8.024567 0.126245 -0.623449
-9.063967 0.278561 -0.578529
-3.666968 -0.468681 -0.984162
-3.857109 -0.437410 -0.976258
-4.079059 -0.401014 -0.968113
-4.304740 -0.363964 -0.957432
-4.573786 -0.319689 -0.947641
-4.854484 -0.273045 -0.934901
-4.871991 -0.268960 -0.863051
-4.892016 -0.264114 -0.793315
-5.266540 -0.203182 -0.777808
-5.606163 -0.148591 -0.748869
-6.055935 -0.075815 -0.721839
-6.544820 0.003544 -0.689959
-7.329132 0.129446 -0.670821
-7.916923 0.224609 -0.615634
-9.028870 0.403310 -0.577293
-3.666968 -0.468681 -0.984162
-3.857109 -0.437410 -0.976258
-4.079059 -0.401014 -0.968113
-4.304740 -0.363964 -0.957432
-4.573786 -0.319689 -0.947641
-4.854484 -0.273045 -0.934901
-4.871991 -0.268960 -0.863051
-4.892016 -0.264114 -0.793315
-5.266540 -0.203182 -0.777808
-5.606163 -0.148591 -0.748869
-6.055935 -0.075815 -0.721839
-6.544820 0.003544 -0.689959
-7.329132 0.129446 -0.670821
-7.916923 0.224609 -0.615634
-9.028870 0.403310 -0.577293
-3.836851 -0.384790 -0.973173
-4.054398 -0.345959 -0.964246
-4.279488 -0.305775 -0.953786
-4.578681 -0.252509 -0.950954
-4.847146 -0.203914 -0.935631
-4.938256 -0.186954 -0.877569
-4.935083 -0.185755 -0.802679
-5.234836 -0.132283 -0.774671
-5.573623 -0.072960 -0.746006
-6.057491 0.012151 -0.723783
-6.545244 0.098343 -0.691676
-7.284596 0.227728 -0.668008
-7.929876 0.341293 -0.618227
-3.836851 -0.384790 -0.973173
-4.054398 -0.345959 -0.964246
-4.279488 -0.305775 -0.953786
-4.578681 -0.252509 -0.950954
-4.847146 -0.203914 -0.935631
-4.938256 -0.186954 -0.877569
-4.935083 -0.185755 -0.802679
-5.234836 -0.132283 -0.774671
-5.573623 -0.072960 -0.746006
-6.057491 0.012151 -0.723783
-6.545244 0.098343 -0.691676
-7.284596 0.227728 -0.668008
-7.929876 0.341293 -0.618227
-3.831113 -0.329826 -0.974152
-4.048110 -0.287956 -0.965165
-4.287963 -0.241803 -0.958243
-4.555680 -0.190026 -0.948391
-4.838832 -0.134839 -0.936376
-4.960641 -0.110851 -0.884086
-4.973040 -0.106769 -0.811385
-5.202194 -0.062104 -0.771550
-5.567332 0.007022 -0.747081
-6.030476 0.095245 -0.722226
-6.532585 0.191162 -0.692071
-7.156592 0.309601 -0.657021
-7.968544 0.463730 -0.623187
-3.831113 -0.329826 -0.974152
-4.048110 -0.287956 -0.965165
-4.287963 -0.241803 -0.958243
-4.555680 -0.190026 -0.948391
-4.838832 -0.134839 -0.936376
-4.960641 -0.110851 -0.884086
-4.973040 -0.106769 -0.811385
-5.202194 -0.062104 -0.771550
-5.567332 0.007022 -0.747081
-6.030476 0.095245 -0.722226
-6.532585 0.191162 -0.692071
-7.156592 0.309601 -0.657021
-7.968544 0.463730 -0.623187
-4.033382 -0.231504 -0.964188
-4.253439 -0.185806 -0.952826
-4.547180 -0.124974 -0.949207
-4.802623 -0.071211 -0.931636
-5.008865 -0.028560 -0.895718
-4.998157 -0.028887 -0.818086
-5.199626 0.013568 -0.773370
-5.575437 0.090138 -0.750413
-5.978991 0.173093 -0.717672
-6.499138 0.279922 -0.690250
-7.238472 0.430691 -0.667134
-7.915479 0.569350 -0.620470
-4.033382 -0.231504 -0.964188
-4.253439 -0.185806 -0.952826
-4.547180 -0.124974 -0.949207
-4.802623 -0.071211 -0.931636
-5.008865 -0.028560 -0.895718
-4.998157 -0.028887 -0.818086
-5.199626 0.013568 -0.773370
-5.575437 0.090138 -0.750413
-5.978991 0.173093 -0.717672
-6.499138 0.279922 -0.690250
-7.238472 0.430691 -0.667134
-7.915479 0.569350 -0.620470
-4.010280 -0.176931 -0.961313
-4.252512 -0.123302 -0.955512
-4.499520 -0.068166 -0.941623
-4.765594 -0.008415 -0.926910
-5.032685 0.050301 -0.902993
-5.041349 0.054018 -0.828167
-5.199834 0.090190 -0.775822
-5.551338 0.167007 -0.749282
-6.019622 0.269822 -0.725199
-6.483926 0.372189 -0.690685
-7.127708 0.513063 -0.658144
-7.892200 0.680536 -0.620456
-4.010280 -0.176931 -0.961313
-4.252512 -0.123302 -0.955512
-4.499520 -0.068166 -0.941623
-4.765594 -0.008415 -0.926910
-5.032685 0.050301 -0.902993
-5.041349 0.054018 -0.828167
-5.199834 0.090190 -0.775822
-5.551338 0.167007 -0.749282
-6.019622 0.269822 -0.725199
-6.483926 0.372189 -0.690685
-7.127708 0.513063 -0.658144
-7.892200 0.680536 -0.620456
-3.986453 -0.122844 -0.958451
-4.216474 -0.068447 -0.950120
-4.470240 -0.008155 -0.938261
-4.773642 0.064040 -0.931628
-5.070619 0.133535 -0.913198
-5.083200 0.138320 -0.838262
-5.141147 0.153736 -0.769055
-5.530053 0.244313 -0.748727
-5.660426 0.276121 -0.680976
-5.626956 0.270305 -0.594077
-5.615862 0.269119 -0.508279
-5.630516 0.273985 -0.427613
-3.986453 -0.122844 -0.958451
-4.216474 -0.068447 -0.950120
-4.470240 -0.008155 -0.938261
-4.773642 0.064040 -0.931628
-5.070619 0.133535 -0.913198
-5.083200 0.138320 -0.838262
-5.141147 0.153736 -0.769055
-5.530053 0.244313 -0.748727
-5.660426 0.276121 -0.680976
-6.475162 0.466077 -0.692034
-5.615862 0.269119 -0.508279
-7.933389 0.806658 -0.626158
-4.221415 -0.004316 -0.954630
-4.474374 0.059541 -0.942485
-4.746307 0.128565 -0.929290
-5.114852 0.219897 -0.924876
-5.131342 0.225868 -0.849720
-5.131625 0.228079 -0.770307
-5.534632 0.327854 -0.752111
-5.587506 0.342612 -0.673963
-5.561751 0.338204 -0.588733
-5.546737 0.335902 -0.503230
-5.584481 0.346674 -0.425294
-5.590390 0.349525 -0.341701
-4.221415 -0.004316 -0.954630
-4.474374 0.059541 -0.942485
-4.746307 0.128565 -0.929290
-5.114852 0.219897 -0.924876
-5.131342 0.225868 -0.849720
-5.131625 0.228079 -0.770307
-5.534632 0.327854 -0.752111
-5.587506 0.342612 -0.673963
-5.561751 0.338204 -0.588733
-5.546737 0.335902 -0.503230
-5.584481 0.346674 -0.425294
-4.183871 0.049460 -0.949265
-4.428270 0.114862 -0.935784
-4.710518 0.190581 -0.925394
-5.077701 0.287031 -0.921269
-5.174213 0.313993 -0.860521
-5.166949 0.314301 -0.778964
-5.491963 0.399826 -0.748790
-5.536896 0.413320 -0.669983
-5.499614 0.405543 -0.583854
-5.519238 0.412059 -0.502490
-5.518247 0.413307 -0.421318
-5.593559 0.434381 -0.343409
-4.183871 0.049460 -0.949265
-4.428270 0.114862 -0.935784
-4.710518 0.190581 -0.925394
-5.077701 0.287031 -0.921269
-5.174213 0.313993 -0.860521
-5.166949 0.314301 -0.778964
-5.491963 0.399826 -0.748790
-5.536896 0.413320 -0.669983
-5.499614 0.405543 -0.583854
-5.519238 0.412059 -0.502490
-5.518247 0.413307 -0.421318
-5.593559 0.434381 -0.343409
-4.434326 0.183515 -0.940877
-4.681504 0.253896 -0.923085
-4.982781 0.337807 -0.906746
-5.215623 0.403555 -0.871339
-5.212300 0.404888 -0.789485
-5.482751 0.480315 -0.750528
-5.535161 0.496566 -0.672555
-5.498017 0.488302 -0.586149
-5.486869 0.486660 -0.501378
-5.512741 0.495323 -0.422716
-5.583917 0.516409 -0.344302
-4.434326 0.183515 -0.940877
-4.681504 0.253896 -0.923085
-4.982781 0.337807 -0.906746
-5.215623 0.403555 -0.871339
-5.212300 0.404888 -0.789485
-5.482751 0.480315 -0.750528
-5.535161 0.496566 -0.672555
-5.498017 0.488302 -0.586149
-5.486869 0.486660 -0.501378
-5.512741 0.495323 -0.422716
-4.397998 0.240669 -0.936728
-4.674264 0.323161 -0.925504
-5.019716 0.424374 -0.917745
-5.282058 0.502193 -0.886886
-5.267519 0.500294 -0.801870
-5.468566 0.559725 -0.751723
-5.555058 0.586676 -0.678160
-5.506642 0.574621 -0.589803
-5.510849 0.577306 -0.506139
-5.555784 0.591942 -0.428487
-4.397998 0.240669 -0.936728
-4.674264 0.323161 -0.925504
-5.019716 0.424374 -0.917745
-5.282058 0.502193 -0.886886
-5.267519 0.500294 -0.801870
-5.468566 0.559725 -0.751723
-5.555058 0.586676 -0.678160
-5.506642 0.574621 -0.589803
-5.510849 0.577306 -0.506139
-5.555784 0.591942 -0.428487
-4.658505 0.390198 -0.926367
-4.983704 0.490513 -0.914912
-5.305254 0.590335 -0.895049
-5.294621 0.589454 -0.809964
-5.385051 0.618248 -0.742850
-5.861976 0.765663 -0.721998
-6.316035 0.906539 -0.687898
-7.033282 1.127579 -0.664774
-7.723970 1.341016 -0.621216
-4.658505 0.390198 -0.926367
-4.983704 0.490513 -0.914912
-5.305254 0.590335 -0.895049
-5.294621 0.589454 -0.809964
-5.385051 0.618248 -0.742850
-5.861976 0.765663 -0.721998
-6.316035 0.906539 -0.687898
-7.033282 1.127579 -0.664774
-7.723970 1.341016 -0.621216
-4.638060 0.455869 -0.926459
-4.931850 0.551154 -0.909180
-5.315753 0.675820 -0.901211
-5.354144 0.690501 -0.823619
-5.395290 0.704945 -0.748001
-5.828604 0.845719 -0.721110
-6.318487 1.005064 -0.691605
-6.911331 1.197176 -0.655541
-7.689938 1.449454 -0.621371
-4.638060 0.455869 -0.926459
-4.931850 0.551154 -0.909180
-5.315753 0.675820 -0.901211
-5.354144 0.690501 -0.823619
-5.395290 0.704945 -0.748001
-5.828604 0.845719 -0.721110
-6.318487 1.005064 -0.691605
-6.911331 1.197176 -0.655541
-7.689938 1.449454 -0.621371
-4.961349 0.638093 -0.919499
-5.280038 0.746888 -0.899315
-5.404377 0.791005 -0.836063
-5.456731 0.809886 -0.761015
-5.782866 0.921406 -0.718731
-6.281748 1.091364 -0.690857
-6.947300 1.317132 -0.662735
-7.635508 1.551044 -0.619875
-4.961349 0.638093 -0.919499
-5.280038 0.746888 -0.899315
-5.404377 0.791005 -0.836063
-5.456731 0.809886 -0.761015
-5.782866 0.921406 -0.718731
-6.281748 1.091364 -0.690857
-6.947300 1.317132 -0.662735
-7.635508 1.551044 -0.619875
-4.896578 0.693678 -0.911609
-5.284320 0.831638 -0.904839
-5.464034 0.897165 -0.850376
-5.508814 0.914248 -0.772930
-5.762372 1.005397 -0.719890
-6.195102 1.159888 -0.684308
-6.894904 1.408109 -0.660966
-6.158751 1.150770 -0.491667
-6.146252 1.148141 -0.395472
-4.896578 0.693678 -0.911609
-5.284320 0.831638 -0.904839
-5.464034 0.897165 -0.850376
-5.508814 0.914248 -0.772930
-5.762372 1.005397 -0.719890
-6.195102 1.159888 -0.684308
-6.894904 1.408109 -0.660966
-6.158751 1.150770 -0.491667
-4.860791 0.758593 -0.909567
-5.242839 0.900585 -0.902303
-5.532909 1.009416 -0.866560
-5.573918 1.025871 -0.787109
-5.740671 1.089197 -0.721069
-6.081673 1.216815 -0.674640
-6.075447 1.216320 -0.579089
-6.078894 1.219498 -0.487491
-6.088845 1.224961 -0.393709
-6.139021 1.243903 -0.305493
-4.860791 0.758593 -0.909567
-5.242839 0.900585 -0.902303
-5.532909 1.009416 -0.866560
-5.573918 1.025871 -0.787109
-5.740671 1.089197 -0.721069
-6.081673 1.216815 -0.674640
-6.075447 1.216320 -0.579089
-6.078894 1.219498 -0.487491
-6.088845 1.224961 -0.393709
-5.222576 0.977183 -0.903822
-5.555410 1.107012 -0.875371
-5.629576 1.136848 -0.800191
-5.662179 1.151495 -0.714716
-6.038403 1.298056 -0.673498
-6.039596 1.300338 -0.578901
-6.020666 1.295004 -0.485346
-6.034234 1.302039 -0.392243
-6.099028 1.327422 -0.305253
-5.222576 0.977183 -0.903822
-5.555410 1.107012 -0.875371
-5.629576 1.136848 -0.800191
-5.662179 1.151495 -0.714716
-6.038403 1.298056 -0.673498
-6.039596 1.300338 -0.578901
-6.020666 1.295004 -0.485346
-6.034234 1.302039 -0.392243
-6.099028 1.327422 -0.305253
-5.146256 1.031720 -0.895256
-5.517525 1.182219 -0.874340
-5.708969 1.260040 -0.817222
-5.726818 1.269398 -0.728012
-5.990372 1.377056 -0.671927
-6.028471 1.394142 -0.581469
-5.994836 1.382657 -0.486238
-6.026828 1.397324 -0.394414
-6.087573 1.422153 -0.306816
-5.146256 1.031720 -0.895256
-5.517525 1.182219 -0.874340
-5.708969 1.260040 -0.817222
-5.726818 1.269398 -0.728012
-5.990372 1.377056 -0.671927
-6.028471 1.394142 -0.581469
-5.994836 1.382657 -0.486238
-6.026828 1.397324 -0.394414
-5.507840 1.268901 -0.878260
-5.771378 1.379786 -0.832036
-5.800257 1.394086 -0.742845
-6.011059 1.484170 -0.678891
-6.784045 1.807744 -0.665835
-6.015577 1.489966 -0.491516
-6.003214 1.486716 -0.395492
-5.507840 1.268901 -0.878260
-5.771378 1.379786 -0.832036
-5.800257 1.394086 -0.742845
-6.011059 1.484170 -0.678891
-6.784045 1.807744 -0.665835
-6.015577 1.489966 -0.491516
-5.493188 1.354178 -0.881582
-5.853370 1.511123 -0.850243
-5.878609 1.524407 -0.758713
-6.037222 1.595480 -0.686775
-6.743590 1.903004 -0.666129
-5.493188 1.354178 -0.881582
-5.853370 1.511123 -0.850243
-5.878609 1.524407 -0.758713
-6.037222 1.595480 -0.686775
-6.743590 1.903004 -0.666129
-5.853297 1.609576 -0.856130
-5.965304 1.662245 -0.776121
-5.938160 1.652658 -0.679432
-6.705441 1.999322 -0.666838
-5.853297 1.609576 -0.856130
-5.965304 1.662245 -0.776121
-5.938160 1.652658 -0.679432
-6.705441 1.999322 -0.666838
-5.822890 1.695161 -0.857547
-6.031298 1.794617 -0.791040
-6.011648 1.788146 -0.693644
-6.597373 2.063196 -0.660124
-6.810854 2.165139 -0.576773
-6.792280 2.158777 -0.465831
-6.776291 2.151995 -0.359620
-5.822890 1.695161 -0.857547
-6.031298 1.794617 -0.791040
-6.011648 1.788146 -0.693644
-6.597373 2.063196 -0.660124
-6.810854 2.165139 -0.576773
-6.792280 2.158777 -0.465831
-6.776291 2.151995 -0.359620
-6.116195 1.939686 -0.809015
-6.093241 1.931381 -0.709234
-6.492438 2.126385 -0.653817
-6.733108 2.245142 -0.574113
-6.700220 2.231566 -0.462568
-6.713043 2.238478 -0.358867
-6.774657 2.270058 -0.253777
-6.116195 1.939686 -0.809015
-6.093241 1.931381 -0.709234
-6.492438 2.126385 -0.653817
-6.733108 2.245142 -0.574113
-6.700220 2.231566 -0.462568
-6.713043 2.238478 -0.358867
-6.774657 2.270058 -0.253777
-6.208853 2.092981 -0.828537
-6.493839 2.240708 -0.659289
-6.686548 2.339668 -0.574502
-6.646713 2.322081 -0.462396
-6.641575 2.320241 -0.357686
-6.731301 2.367020 -0.254336
-6.208853 2.092981 -0.828537
-6.493839 2.240708 -0.659289
-6.686548 2.339668 -0.574502
-6.646713 2.322081 -0.462396
-6.641575 2.320241 -0.357686
-6.574612 2.397797 -0.673814
-6.688211 2.459218 -0.579629
-6.666378 2.450330 -0.468119
-6.668407 2.452156 -0.362808
-6.574612 2.397797 -0.673814
-6.688211 2.459218 -0.579629
-6.666378 2.450330 -0.468119
-6.668407 2.452156 -0.362808
