ply
format ascii 1.0
element vertex 15385
property float x
property float y
property float z
end_header
-3.328733 2.305347 -0.928333
-3.328733 2.305347 -0.928333
-3.327114 2.204984 -0.919030
-3.327114 2.204984 -0.919030
-3.312994 2.111782 -0.913110
-3.312994 2.111782 -0.913110
-3.257574 2.038039 -0.917339
-2.649088 2.310491 -0.953329
-3.257574 2.038039 -0.917339
-2.649088 2.310491 -0.953329
-3.253275 1.941462 -0.909728
-2.626761 2.211607 -0.949385
-3.253275 1.941462 -0.909728
-2.626761 2.211607 -0.949385
-3.196415 1.867910 -0.914802
-2.591450 2.118719 -0.948597
-2.176887 2.289071 -0.927476
-3.196415 1.867910 -0.914802
-2.591450 2.118719 -0.948597
-2.176887 2.289071 -0.927476
-3.140463 1.793268 -0.919876
-2.459204 2.064849 -0.969105
-2.257357 2.143099 -0.903286
-3.140463 1.793268 -0.919876
-2.459204 2.064849 -0.969105
-2.257357 2.143099 -0.903286
-3.096380 1.713327 -0.922413
-2.451613 1.959867 -0.962795
-2.347859 1.997125 -0.877629
-1.674217 2.253172 -0.892353
-3.096380 1.713327 -0.922413
-2.451613 1.959867 -0.962795
-2.347859 1.997125 -0.877629
-1.674217 2.253172 -0.892353
-3.060695 1.629912 -0.923259
-2.541283 1.819866 -0.935976
-2.430001 1.858311 -0.854171
-1.660694 2.138949 -0.887620
-1.234977 2.294140 -0.843591
-3.060695 1.629912 -0.923259
-2.541283 1.819866 -0.935976
-2.430001 1.858311 -0.854171
-1.660694 2.138949 -0.887620
-1.234977 2.294140 -0.843591
-3.040901 1.540739 -0.920722
-2.526316 1.720798 -0.932032
-2.503547 1.726240 -0.832912
-1.726972 1.997363 -0.868689
-1.239751 2.167555 -0.836144
-1.160812 2.181444 0.118693
-1.137222 2.187678 0.239647
-1.144759 2.183307 0.478944
-1.213322 2.158973 0.594065
-1.125086 2.189733 0.718716
-1.125422 2.190556 0.835233
-1.193848 2.162678 0.952518
-1.119094 2.192773 1.074690
-1.124385 2.191392 1.197660
-1.153263 2.181270 1.313066
-1.131929 2.189693 1.439042
-3.040901 1.540739 -0.920722
-2.526316 1.720798 -0.932032
-2.503547 1.726240 -0.832912
-1.726972 1.997363 -0.868689
-1.239751 2.167555 -0.836144
-1.125422 2.190556 0.835233
-1.193848 2.162678 0.952518
-1.119094 2.192773 1.074690
-1.124385 2.191392 1.197660
-1.153263 2.181270 1.313066
-1.131929 2.189693 1.439042
-3.085366 1.430152 -0.903808
-2.583409 1.597931 -0.913102
-2.564547 1.601745 -0.814586
-1.881646 1.829201 -0.834209
-1.205316 2.055557 -0.835523
-1.123472 2.080486 -0.723496
-1.103734 2.084315 -0.605912
-1.104247 2.082109 -0.482339
-1.095417 2.082888 -0.363613
-1.091696 2.082102 -0.240936
-1.090461 2.082204 -0.122639
-1.097819 2.078331 -0.000135
-1.145182 2.061982 0.119721
-1.129102 2.065347 0.240557
-1.092352 2.076876 0.356408
-1.155679 2.054734 0.478960
-1.125958 2.064374 0.594761
-1.116941 2.067240 0.717824
-1.140591 2.056366 0.953411
-3.085366 1.430152 -0.903808
-2.583409 1.597931 -0.913102
-2.564547 1.601745 -0.814586
-1.881646 1.829201 -0.834209
-1.205316 2.055557 -0.835523
-1.123472 2.080486 -0.723496
-1.103734 2.084315 -0.605912
-1.104247 2.082109 -0.482339
-1.095417 2.082888 -0.363613
-1.091696 2.082102 -0.240936
-1.090461 2.082204 -0.122639
-1.092352 2.076876 0.356408
-3.046141 1.348859 -0.906345
-2.635159 1.479528 -0.895748
-2.564081 1.499914 -0.808721
-1.844375 1.728667 -0.834885
-1.262752 1.914113 -0.820007
-0.260795 2.233340 -0.846864
-3.046141 1.348859 -0.906345
-2.635159 1.479528 -0.895748
-2.564081 1.499914 -0.808721
-1.844375 1.728667 -0.834885
-1.262752 1.914113 -0.820007
-0.260795 2.233340 -0.846864
-3.049111 1.254231 -0.899579
-2.722656 1.352645 -0.871296
-2.550132 1.403119 -0.805789
-1.872576 1.607936 -0.824068
-1.322569 1.774801 -0.804491
-0.236940 2.104296 -0.844611
0.119143 2.205241 -0.482359
0.071056 2.188287 -0.337797
0.031499 2.175884 -0.200597
0.044147 2.178162 -0.063532
-0.002901 2.163309 0.071785
-3.049111 1.254231 -0.899579
-2.722656 1.352645 -0.871296
-2.550132 1.403119 -0.805789
-1.872576 1.607936 -0.824068
-1.322569 1.774801 -0.804491
-0.236940 2.104296 -0.844611
0.119143 2.205241 -0.482359
0.071056 2.188287 -0.337797
0.031499 2.175884 -0.200597
0.044147 2.178162 -0.063532
-0.002901 2.163309 0.071785
-3.462894 1.043980 -0.889312
-3.034765 1.165555 -0.897042
-2.774760 1.239612 -0.854732
-2.533823 1.307451 -0.803590
-1.932996 1.479638 -0.807841
-1.263306 1.672986 -0.808836
-0.332839 1.940880 -0.824894
0.602864 2.209509 -0.819321
-0.032327 2.022868 -0.596497
-0.033438 2.020133 -0.462568
-0.047568 2.013799 -0.323911
0.046675 2.040740 -0.198896
-0.017393 2.020639 -0.057645
-0.106942 1.994215 0.078120
0.251408 2.093252 0.612484
-3.462894 1.043980 -0.889312
-3.034765 1.165555 -0.897042
-2.774760 1.239612 -0.854732
-2.533823 1.307451 -0.803590
-1.932996 1.479638 -0.807841
-1.263306 1.672986 -0.808836
-0.332839 1.940880 -0.824894
0.602864 2.209509 -0.819321
-0.032327 2.022868 -0.596497
-0.033438 2.020133 -0.462568
-0.047568 2.013799 -0.323911
0.046675 2.040740 -0.198896
-0.017393 2.020639 -0.057645
-0.106942 1.994215 0.078120
0.251408 2.093252 0.612484
-3.021703 1.076845 -0.894505
-2.828751 1.128424 -0.838168
-2.556797 1.201242 -0.794060
-1.919554 1.374450 -0.805137
-2.534796 1.203223 -0.596579
-0.336091 1.806983 -0.819261
-0.123624 1.862477 -0.717698
-0.088258 1.869997 -0.585668
-0.112580 1.860936 -0.450694
-0.138487 1.851619 -0.312735
-0.147902 1.848698 -0.181887
0.099495 1.915032 -0.062400
-0.148375 1.846542 0.081544
0.100115 1.910510 0.478616
-3.021703 1.076845 -0.894505
-2.828751 1.128424 -0.838168
-2.556797 1.201242 -0.794060
-1.919554 1.374450 -0.805137
-1.247267 1.558423 -0.806353
-0.336091 1.806983 -0.819261
-0.123624 1.862477 -0.717698
-0.088258 1.869997 -0.585668
-0.112580 1.860936 -0.450694
-0.138487 1.851619 -0.312735
-0.147902 1.848698 -0.181887
0.099495 1.915032 -0.062400
-0.148375 1.846542 0.081544
0.100115 1.910510 0.478616
-3.013706 0.987129 -0.891122
-2.911144 1.012156 -0.816082
-2.566220 1.100034 -0.787462
-2.517969 1.109933 -0.694258
-2.574955 1.093702 -0.586029
-2.560173 1.095472 -0.487462
-0.162766 1.717200 -0.708043
-0.200515 1.705205 -0.568521
-0.175104 1.709474 -0.440798
-0.046958 1.740554 -0.317815
-0.226280 1.693687 -0.173666
0.106958 1.778604 -0.060815
-0.257917 1.683491 0.087878
-0.256713 1.681648 0.219837
0.517945 1.880307 0.478498
0.208509 1.799707 0.751176
-3.013706 0.987129 -0.891122
-2.911144 1.012156 -0.816082
-2.566220 1.100034 -0.787462
-2.517969 1.109933 -0.694258
-2.574955 1.093702 -0.586029
-2.560173 1.095472 -0.487462
-0.162766 1.717200 -0.708043
-0.200515 1.705205 -0.568521
-0.175104 1.709474 -0.440798
-0.046958 1.740554 -0.317815
-0.226280 1.693687 -0.173666
0.106958 1.778604 -0.060815
-0.257917 1.683491 0.087878
-0.256713 1.681648 0.219837
0.517945 1.880307 0.478498
0.208509 1.799707 0.751176
-3.451070 0.791175 -0.876695
-3.007015 0.897521 -0.887739
-2.942232 0.911702 -0.805039
-2.588630 0.996621 -0.778666
-2.551853 1.003005 -0.684117
-2.601521 0.989439 -0.577960
-2.559908 0.997605 -0.484082
-2.485326 1.013711 -0.397583
-0.280837 1.552559 -0.555436
-0.290337 1.547938 -0.425757
-0.289729 1.545954 -0.293769
-0.264577 1.551781 -0.168563
-0.298792 1.541940 -0.035230
-0.343053 1.530629 0.093014
-0.338058 1.529730 0.223139
-0.135885 1.577256 0.478708
-0.089987 1.588120 0.606326
0.000568 1.610043 0.744260
-1.506868 1.243219 1.029913
-1.503824 1.244388 1.144297
-1.598525 1.221274 1.244319
-1.509775 1.243785 1.367828
-3.451070 0.791175 -0.876695
-3.007015 0.897521 -0.887739
-2.942232 0.911702 -0.805039
-2.588630 0.996621 -0.778666
-2.551853 1.003005 -0.684117
-2.601521 0.989439 -0.577960
-2.559908 0.997605 -0.484082
-2.485326 1.013711 -0.397583
-0.280837 1.552559 -0.555436
-0.290337 1.547938 -0.425757
-0.289729 1.545954 -0.293769
-0.264577 1.551781 -0.168563
-0.298792 1.541940 -0.035230
-0.343053 1.530629 0.093014
-0.338058 1.529730 0.223139
-0.135885 1.577256 0.478708
-0.089987 1.588120 0.606326
0.000568 1.610043 0.744260
-1.506868 1.243219 1.029913
-1.503824 1.244388 1.144297
-1.598525 1.221274 1.244319
-1.509775 1.243785 1.367828
-3.443278 0.708792 -0.873991
-3.047324 0.797413 -0.874208
-3.001636 0.806226 -0.788474
-2.581990 0.901279 -0.775733
-2.545169 0.907146 -0.681413
-2.564259 0.901392 -0.580443
-2.545652 0.903632 -0.482955
-2.467001 0.919586 -0.397075
-1.544918 1.130443 -0.404730
-1.529321 1.132077 -0.296324
-1.499412 1.137132 -0.185731
-1.479419 1.141448 -0.077849
-0.362852 1.396668 -0.029796
-1.474547 1.140876 0.144031
-1.450733 1.144504 0.256496
-1.478464 1.136590 0.479126
-1.506380 1.129911 0.586461
-1.524228 1.125684 0.699754
-1.442335 1.145297 0.810462
-1.489739 1.130910 0.920609
-1.547687 1.121143 1.025185
-1.529014 1.125846 1.139934
-1.558001 1.119198 1.245881
-1.546454 1.122687 1.360662
-1.555380 1.121195 1.469750
-3.443278 0.708792 -0.873991
-3.047324 0.797413 -0.874208
-3.001636 0.806226 -0.788474
-2.581990 0.901279 -0.775733
-2.545169 0.907146 -0.681413
-2.564259 0.901392 -0.580443
-2.545652 0.903632 -0.482955
-2.467001 0.919586 -0.397075
-0.243592 1.430279 -0.556339
-0.346238 1.404365 -0.417049
-0.365197 1.397901 -0.284625
-1.479419 1.141448 -0.077849
-0.362852 1.396668 -0.029796
-1.474547 1.140876 0.144031
-1.450733 1.144504 0.256496
-1.478464 1.136590 0.479126
-1.506380 1.129911 0.586461
-0.070491 1.458821 0.741360
-1.442335 1.145297 0.810462
-1.489739 1.130910 0.920609
-1.547687 1.121143 1.025185
-1.529014 1.125846 1.139934
-1.558001 1.119198 1.245881
-1.546454 1.122687 1.360662
-1.555380 1.121195 1.469750
-3.398600 0.634787 -0.880300
-3.062478 0.704556 -0.866597
-3.051264 0.705214 -0.774276
-2.611314 0.798554 -0.766204
-2.466666 0.827290 -0.691554
-2.477975 0.823494 -0.590994
-2.494028 0.817950 -0.487462
-1.464951 1.038028 -0.525629
-1.474568 1.034126 -0.410144
-1.474443 1.032192 -0.299491
-1.456112 1.034314 -0.187425
-1.451642 1.034996 -0.078133
-1.432636 1.037821 0.033828
-1.509285 1.020917 0.146599
-1.516730 1.017503 0.259115
-1.436109 1.034113 0.365353
-1.517231 1.015860 0.479145
-1.427912 1.034744 0.587211
-1.441925 1.031600 0.701427
-1.453577 1.029941 0.808966
-1.423051 1.032965 0.923063
-1.383635 1.044951 1.035197
-1.372849 1.047694 1.151345
-1.421554 1.037238 1.257209
-1.379044 1.047217 1.377234
-3.398600 0.634787 -0.880300
-3.062478 0.704556 -0.866597
-3.051264 0.705214 -0.774276
-2.611314 0.798554 -0.766204
-2.466666 0.827290 -0.691554
-2.477975 0.823494 -0.590994
-1.452833 1.043178 -0.638997
-1.464951 1.038028 -0.525629
-1.474568 1.034126 -0.410144
-1.474443 1.032192 -0.299491
-1.456112 1.034314 -0.187425
-1.451642 1.034996 -0.078133
-1.432636 1.037821 0.033828
-1.509285 1.020917 0.146599
-1.516730 1.017503 0.259115
-1.436109 1.034113 0.365353
0.672921 1.485786 0.478481
-1.427912 1.034744 0.587211
-1.441925 1.031600 0.701427
-0.035131 1.334365 0.869314
-1.423051 1.032965 0.923063
-1.383635 1.044951 1.035197
-1.372849 1.047694 1.151345
-1.421554 1.037238 1.257209
-1.379044 1.047217 1.377234
-3.419797 0.546555 -0.871287
-3.117341 0.604612 -0.850528
-3.129402 0.600407 -0.754557
-2.630655 0.699291 -0.758873
-2.033610 0.817439 -0.763896
-1.451386 0.933654 -0.752358
-0.514198 1.120350 -0.771942
0.358312 1.293263 -0.760888
-0.341717 1.150184 -0.538741
-0.503816 1.115377 -0.395675
-0.495881 1.114927 -0.268707
-0.517767 1.110223 -0.144184
-0.501777 1.112020 -0.018701
-0.554509 1.100978 0.105854
0.513124 1.310756 0.478537
-0.122351 1.184154 0.864492
-1.289841 0.951021 1.268146
-3.419797 0.546555 -0.871287
-3.117341 0.604612 -0.850528
-3.129402 0.600407 -0.754557
-2.630655 0.699291 -0.758873
-2.033610 0.817439 -0.763896
-1.451386 0.933654 -0.752358
-0.514198 1.120350 -0.771942
0.358312 1.293263 -0.760888
1.407766 1.502146 -0.741337
-0.503816 1.115377 -0.395675
-0.495881 1.114927 -0.268707
-0.517767 1.110223 -0.144184
-0.501777 1.112020 -0.018701
-0.554509 1.100978 0.105854
0.513124 1.310756 0.478537
-0.122351 1.184154 0.864492
-1.289841 0.951021 1.268146
-3.158426 0.509363 -0.837842
-3.143748 0.510395 -0.748247
-2.624433 0.605936 -0.756674
-2.064576 0.708460 -0.755106
-1.477020 0.817251 -0.744911
-0.545205 0.989381 -0.764055
0.329528 1.150092 -0.753774
-0.513178 0.990538 -0.516180
-0.550831 0.981336 -0.388550
-0.543002 0.980774 -0.262611
-0.596407 0.970522 -0.136813
-0.580490 0.972095 -0.012814
-0.613797 0.965435 0.109449
0.810539 1.225973 0.478456
1.046577 1.269216 0.770808
-0.204106 1.038223 0.860004
-3.158426 0.509363 -0.837842
-3.143748 0.510395 -0.748247
-2.624433 0.605936 -0.756674
-2.064576 0.708460 -0.755106
-1.477020 0.817251 -0.744911
-0.545205 0.989381 -0.764055
0.329528 1.150092 -0.753774
1.362166 1.340651 -0.732764
-0.550831 0.981336 -0.388550
-0.543002 0.980774 -0.262611
-0.596407 0.970522 -0.136813
-0.580490 0.972095 -0.012814
-0.613797 0.965435 0.109449
0.810539 1.225973 0.478456
1.046577 1.269216 0.770808
-0.204106 1.038223 0.860004
-3.404754 0.383375 -0.867683
-3.212537 0.413487 -0.822620
-3.124658 0.427076 -0.749035
-2.650539 0.507280 -0.748610
-2.077764 0.603995 -0.749698
-1.504395 0.701869 -0.737463
-0.593784 0.856921 -0.753915
0.353349 1.017544 -0.753774
-0.612923 0.848853 -0.502192
-0.615582 0.846250 -0.379842
-0.647158 0.838830 -0.251773
-0.630056 0.841463 -0.132845
-0.641722 0.838085 -0.008059
-0.690934 0.829184 0.113729
-0.638984 0.836106 0.235548
-0.501203 0.857997 0.478858
-0.423078 0.871053 0.600008
1.008932 1.115858 0.769023
-0.307851 0.891560 0.854684
-3.404754 0.383375 -0.867683
-3.212537 0.413487 -0.822620
-3.124658 0.427076 -0.749035
-2.650539 0.507280 -0.748610
-2.077764 0.603995 -0.749698
-1.504395 0.701869 -0.737463
-0.593784 0.856921 -0.753915
0.353349 1.017544 -0.753774
1.278876 1.174772 -0.720130
-0.615582 0.846250 -0.379842
-0.647158 0.838830 -0.251773
-0.630056 0.841463 -0.132845
-0.641722 0.838085 -0.008059
-0.690934 0.829184 0.113729
-0.638984 0.836106 0.235548
-0.501203 0.857997 0.478858
-0.423078 0.871053 0.600008
1.008932 1.115858 0.769023
-0.307851 0.891560 0.854684
-3.422057 0.298096 -0.860473
-3.268144 0.319345 -0.807397
-3.122212 0.340970 -0.746669
-2.674235 0.410213 -0.741280
-2.049653 0.506968 -0.751726
-1.545193 0.585674 -0.728154
-0.605257 0.732333 -0.749409
0.359640 0.882197 -0.751741
-0.687436 0.714612 -0.491363
-0.690274 0.712047 -0.370342
-0.718142 0.705691 -0.243984
-0.720810 0.704970 -0.124907
-0.708957 0.705480 -0.003078
-0.722816 0.702847 0.115954
-0.805103 0.687969 0.240899
-0.595979 0.719110 0.478892
-0.537427 0.727983 0.598188
-0.445177 0.742290 0.727305
-0.346804 0.758648 0.852190
-3.422057 0.298096 -0.860473
-3.268144 0.319345 -0.807397
-3.122212 0.340970 -0.746669
-2.674235 0.410213 -0.741280
-2.049653 0.506968 -0.751726
-1.545193 0.585674 -0.728154
-0.605257 0.732333 -0.749409
0.359640 0.882197 -0.751741
1.181249 1.009746 -0.706143
-0.690274 0.712047 -0.370342
-0.718142 0.705691 -0.243984
-0.720810 0.704970 -0.124907
-0.708957 0.705480 -0.003078
-0.722816 0.702847 0.115954
-0.805103 0.687969 0.240899
-0.595979 0.719110 0.478892
-0.537427 0.727983 0.598188
-0.445177 0.742290 0.727305
-0.346804 0.758648 0.852190
-3.463752 0.210111 -0.847855
-3.290391 0.232035 -0.799786
-3.109353 0.256695 -0.746669
-2.691584 0.315159 -0.735415
-2.077500 0.401490 -0.744289
-1.552536 0.475965 -0.724430
-0.661651 0.602138 -0.738706
0.336519 0.743038 -0.746152
-0.752213 0.584437 -0.481888
-0.751271 0.582480 -0.362426
-0.763551 0.578775 -0.238565
-0.770247 0.577519 -0.120088
-0.754497 0.578430 0.000545
-0.827778 0.567506 0.121261
-0.795541 0.570178 0.241127
-0.682088 0.585613 0.355584
-0.035567 0.676834 0.478730
0.914952 0.811749 0.765119
-0.431252 0.620917 0.847868
-3.463752 0.210111 -0.847855
-3.290391 0.232035 -0.799786
-3.109353 0.256695 -0.746669
-2.691584 0.315159 -0.735415
-2.077500 0.401490 -0.744289
-1.552536 0.475965 -0.724430
-0.661651 0.602138 -0.738706
0.336519 0.743038 -0.746152
1.218763 0.867580 -0.707947
-0.751271 0.582480 -0.362426
-0.763551 0.578775 -0.238565
-0.770247 0.577519 -0.120088
-0.754497 0.578430 0.000545
-0.827778 0.567506 0.121261
-0.795541 0.570178 0.241127
-0.682088 0.585613 0.355584
-0.035567 0.676834 0.478730
0.914952 0.811749 0.765119
-0.431252 0.620917 0.847868
-3.452686 0.130617 -0.847855
-3.341054 0.141962 -0.786254
-3.171545 0.162554 -0.731682
-2.698622 0.222322 -0.731750
-2.134265 0.293440 -0.732119
-1.553618 0.367718 -0.721947
-0.676801 0.479398 -0.734199
0.252354 0.597168 -0.732941
-0.807133 0.457864 -0.473766
-0.810274 0.455388 -0.354905
-0.878046 0.444723 -0.227389
-0.821586 0.451709 -0.115269
-0.813809 0.451383 0.004846
-0.887288 0.441481 0.124514
-0.866956 0.442186 0.243631
0.076902 0.561645 0.478701
-0.501955 0.487850 0.844210
-3.452686 0.130617 -0.847855
-3.341054 0.141962 -0.786254
-3.171545 0.162554 -0.731682
-2.698622 0.222322 -0.731750
-2.134265 0.293440 -0.732119
-1.553618 0.367718 -0.721947
-0.676801 0.479398 -0.734199
0.252354 0.597168 -0.732941
-0.807133 0.457864 -0.473766
-0.810274 0.455388 -0.354905
-0.878046 0.444723 -0.227389
-0.821586 0.451709 -0.115269
-0.813809 0.451383 0.004846
-0.887288 0.441481 0.124514
-0.866956 0.442186 0.243631
0.076902 0.561645 0.478701
-0.501955 0.487850 0.844210
-3.434990 0.051889 -0.849658
-3.373664 0.055750 -0.776952
-3.172856 0.077616 -0.729316
-2.710895 0.129409 -0.727352
-2.133913 0.194009 -0.730091
-1.646518 0.249233 -0.705190
-0.831402 0.341376 -0.709976
-0.031085 0.431156 -0.694324
-0.871833 0.332152 -0.464741
-0.875129 0.329725 -0.346989
-0.919392 0.322741 -0.222647
-0.938214 0.320291 -0.105914
-0.910726 0.322136 0.011186
-0.924858 0.320079 0.126740
-0.858301 0.325062 0.358644
1.160710 0.554209 0.620409
-0.574656 0.357003 0.840553
-3.434990 0.051889 -0.849658
-3.373664 0.055750 -0.776952
-3.172856 0.077616 -0.729316
-2.710895 0.129409 -0.727352
-2.133913 0.194009 -0.730091
-1.646518 0.249233 -0.705190
-0.831402 0.341376 -0.709976
-0.031085 0.431156 -0.694324
-0.871833 0.332152 -0.464741
-0.875129 0.329725 -0.346989
-0.919392 0.322741 -0.222647
-0.938214 0.320291 -0.105914
-0.910726 0.322136 0.011186
-0.924858 0.320079 0.126740
-0.858301 0.325062 0.358644
1.160710 0.554209 0.620409
-0.574656 0.357003 0.840553
-3.445517 -0.030003 -0.845152
-3.407540 -0.029402 -0.767649
-3.190974 -0.008737 -0.723795
-2.701029 0.039411 -0.727352
-2.154578 0.092744 -0.724682
-1.607564 0.147169 -0.709535
-0.763602 0.230725 -0.717863
-0.076478 0.297711 -0.686702
-0.934448 0.208859 -0.456168
-0.969573 0.203289 -0.336302
-1.006142 0.197732 -0.214180
-0.969525 0.201130 -0.102796
-0.942055 0.202594 0.013677
-1.007936 0.195543 0.130849
-1.159331 0.176957 0.479078
-0.720770 0.220366 0.717824
-0.605564 0.232780 0.838724
-3.445517 -0.030003 -0.845152
-3.407540 -0.029402 -0.767649
-3.190974 -0.008737 -0.723795
-2.701029 0.039411 -0.727352
-2.154578 0.092744 -0.724682
-1.607564 0.147169 -0.709535
-0.763602 0.230725 -0.717863
-0.076478 0.297711 -0.686702
-0.934448 0.208859 -0.456168
-0.969573 0.203289 -0.336302
-1.006142 0.197732 -0.214180
-0.969525 0.201130 -0.102796
-0.942055 0.202594 0.013677
-1.007936 0.195543 0.130849
-1.159331 0.176957 0.479078
-0.720770 0.220366 0.717824
-0.605564 0.232780 0.838724
-3.466025 -0.115557 -0.753272
-3.218145 -0.095141 -0.716695
-2.743341 -0.055221 -0.717822
-2.196332 -0.009515 -0.715893
-1.640858 0.037959 -0.702708
-0.784072 0.110764 -0.713356
0.030344 0.179194 -0.698897
-0.990957 0.088191 -0.448498
-0.990568 0.086218 -0.333135
-1.051079 0.079112 -0.209439
-1.058205 0.078212 -0.095708
-1.018872 0.080331 0.018658
-1.068980 0.075575 0.133930
-1.110042 0.069484 0.362705
-1.148952 0.065291 0.479078
-0.435186 0.127068 0.845374
-3.466025 -0.115557 -0.753272
-3.218145 -0.095141 -0.716695
-2.743341 -0.055221 -0.717822
-2.196332 -0.009515 -0.715893
-1.640858 0.037959 -0.702708
-0.784072 0.110764 -0.713356
0.030344 0.179194 -0.698897
-0.990957 0.088191 -0.448498
-0.990568 0.086218 -0.333135
-1.051079 0.079112 -0.209439
-1.058205 0.078212 -0.095708
-1.018872 0.080331 0.018658
-1.068980 0.075575 0.133930
-1.110042 0.069484 0.362705
-1.148952 0.065291 0.479078
-0.435186 0.127068 0.845374
-3.215275 -0.178327 -0.715907
-2.775264 -0.147666 -0.710491
-2.176661 -0.105811 -0.717922
-1.644196 -0.067843 -0.700846
-0.825998 -0.009911 -0.706033
0.028766 0.050048 -0.697373
-1.073004 -0.032472 -0.438120
-1.072781 -0.034438 -0.324031
-1.077854 -0.036650 -0.206391
-1.120845 -0.040049 -0.090606
-1.121386 -0.041354 0.024998
-1.127787 -0.042240 0.136840
-1.065265 -0.040276 0.362175
-1.088268 -0.042782 0.479063
-0.913438 -0.030507 0.592030
-0.616780 -0.009347 0.720166
-0.325919 0.012463 0.849530
-3.215275 -0.178327 -0.715907
-2.775264 -0.147666 -0.710491
-2.176661 -0.105811 -0.717922
-1.644196 -0.067843 -0.700846
-0.825998 -0.009911 -0.706033
0.028766 0.050048 -0.697373
-1.073004 -0.032472 -0.438120
-1.072781 -0.034438 -0.324031
-1.077854 -0.036650 -0.206391
-1.120845 -0.040049 -0.090606
-1.121386 -0.041354 0.024998
-1.127787 -0.042240 0.136840
-1.065265 -0.040276 0.362175
-1.088268 -0.042782 0.479063
-0.913438 -0.030507 0.592030
-0.616780 -0.009347 0.720166
-0.325919 0.012463 0.849530
-3.264457 -0.264581 -0.704864
-2.788886 -0.237923 -0.706826
-2.221291 -0.206315 -0.709132
-1.645078 -0.173187 -0.699605
-0.972433 -0.135388 -0.684063
-0.117209 -0.087338 -0.677556
-1.125072 -0.148833 -0.431351
-1.176620 -0.153826 -0.312949
-1.181873 -0.155950 -0.196908
-1.181214 -0.156189 -0.085787
-1.189808 -0.157944 0.029300
-1.152388 -0.156184 0.138210
-1.045950 -0.152540 0.361999
-0.993112 -0.150338 0.479037
-0.826120 -0.140970 0.593101
-0.557162 -0.125572 0.721616
-0.070546 -0.096504 0.859838
-3.264457 -0.264581 -0.704864
-2.788886 -0.237923 -0.706826
-2.221291 -0.206315 -0.709132
-1.645078 -0.173187 -0.699605
-0.972433 -0.135388 -0.684063
-0.117209 -0.087338 -0.677556
-1.125072 -0.148833 -0.431351
-1.176620 -0.153826 -0.312949
-1.181873 -0.155950 -0.196908
-1.181214 -0.156189 -0.085787
-1.189808 -0.157944 0.029300
-1.152388 -0.156184 0.138210
-1.045950 -0.152540 0.361999
-0.993112 -0.150338 0.479037
-0.826120 -0.140970 0.593101
-0.557162 -0.125572 0.721616
-0.070546 -0.096504 0.859838
-3.303127 -0.348825 -0.696187
-2.815565 -0.328254 -0.700962
-2.271297 -0.305652 -0.699667
-1.694805 -0.280568 -0.690916
-0.851708 -0.244411 -0.700399
-0.047205 -0.210662 -0.685686
-1.182772 -0.263802 -0.424132
-1.194717 -0.266285 -0.310574
-1.219939 -0.269217 -0.193182
-1.227303 -0.269821 -0.082101
-1.239958 -0.271627 0.032470
-1.246472 -0.272331 0.142490
-1.056167 -0.266458 0.362234
0.287266 -0.207924 0.874467
3.069912 -0.091143 1.164952
2.983373 -0.089598 1.328058
-3.303127 -0.348825 -0.696187
-2.815565 -0.328254 -0.700962
-2.271297 -0.305652 -0.699667
-1.694805 -0.280568 -0.690916
-0.851708 -0.244411 -0.700399
-0.047205 -0.210662 -0.685686
-1.182772 -0.263802 -0.424132
-1.194717 -0.266285 -0.310574
-1.219939 -0.269217 -0.193182
-1.227303 -0.269821 -0.082101
-1.239958 -0.271627 0.032470
-1.246472 -0.272331 0.142490
-1.056167 -0.266458 0.362234
3.090142 -0.084912 0.991172
3.069912 -0.091143 1.164952
2.983373 -0.089598 1.328058
-3.284203 -0.429994 -0.699342
-2.859241 -0.418274 -0.692165
-2.275429 -0.401998 -0.698315
-1.726307 -0.385844 -0.685330
-0.981820 -0.364574 -0.681246
-0.117694 -0.340170 -0.676032
-1.289778 -0.378544 -0.411498
-1.270094 -0.379860 -0.302657
-1.179930 -0.378899 -0.196230
-1.171310 -0.378914 -0.085787
-1.307686 -0.384302 0.036545
-1.306271 -0.384671 0.145229
3.156370 -0.254093 0.993666
2.884517 -0.267479 1.154241
3.153156 -0.254189 1.339461
-3.284203 -0.429994 -0.699342
-2.859241 -0.418274 -0.692165
-2.275429 -0.401998 -0.698315
-1.726307 -0.385844 -0.685330
-0.981820 -0.364574 -0.681246
-0.117694 -0.340170 -0.676032
-1.289778 -0.378544 -0.411498
-1.270094 -0.379860 -0.302657
-1.179930 -0.378899 -0.196230
-1.171310 -0.378914 -0.085787
-1.307686 -0.384302 0.036545
-1.306271 -0.384671 0.145229
3.156370 -0.254093 0.993666
2.884517 -0.267479 1.154241
3.153156 -0.254189 1.339461
-3.297775 -0.512227 -0.696187
-2.860939 -0.506220 -0.691432
-2.312443 -0.498735 -0.691554
-1.751388 -0.490032 -0.680985
-1.311620 -0.484506 -0.633927
-1.300773 -0.486784 -0.524105
-1.318934 -0.488875 -0.407888
-1.303297 -0.490525 -0.299095
-1.296863 -0.492201 -0.186070
-1.340236 -0.493191 -0.073597
-1.289158 -0.493580 0.035640
-1.383635 -0.495533 0.148653
-1.307671 -0.496076 0.258090
-1.165363 -0.494486 0.363941
0.231694 -0.473621 0.743256
2.920549 -0.429793 0.983691
2.884303 -0.435624 1.154018
2.869830 -0.430601 1.319436
-3.297775 -0.512227 -0.696187
-2.860939 -0.506220 -0.691432
-2.312443 -0.498735 -0.691554
-1.751388 -0.490032 -0.680985
-1.311620 -0.484506 -0.633927
-1.300773 -0.486784 -0.524105
-1.318934 -0.488875 -0.407888
-1.303297 -0.490525 -0.299095
-1.296863 -0.492201 -0.186070
-1.340236 -0.493191 -0.073597
-1.289158 -0.493580 0.035640
-1.383635 -0.495533 0.148653
-1.307671 -0.496076 0.258090
-1.165363 -0.494486 0.363941
0.231694 -0.473621 0.743256
2.920549 -0.429793 0.983691
2.884303 -0.435624 1.154018
2.869830 -0.430601 1.319436
-3.347789 -0.594214 -0.685933
-2.934646 -0.594395 -0.677504
-2.319271 -0.594268 -0.690202
-1.762119 -0.593413 -0.679124
-1.389665 -0.594265 -0.622660
-1.379000 -0.596670 -0.513942
-1.365530 -0.598393 -0.402474
-1.369890 -0.600306 -0.292366
-1.391470 -0.602129 -0.177942
-1.395056 -0.602407 -0.069628
-1.120398 -0.602967 0.026130
-1.434577 -0.604123 0.150879
2.885734 -0.603688 1.154018
-3.347789 -0.594214 -0.685933
-2.934646 -0.594395 -0.677504
-2.319271 -0.594268 -0.690202
-1.762119 -0.593413 -0.679124
-1.389665 -0.594265 -0.622660
-1.379000 -0.596670 -0.513942
-1.365530 -0.598393 -0.402474
-1.369890 -0.600306 -0.292366
-1.391470 -0.602129 -0.177942
-1.395056 -0.602407 -0.069628
-1.120398 -0.602967 0.026130
-1.434577 -0.604123 0.150879
2.885734 -0.603688 1.154018
-3.375413 -0.674998 -0.680412
-2.907339 -0.681459 -0.682635
-2.370797 -0.689156 -0.681413
-1.794049 -0.696269 -0.674158
-1.449431 -0.702024 -0.614210
-1.331793 -0.705702 -0.520040
-1.397750 -0.706758 -0.398864
-1.402184 -0.708601 -0.289199
-1.320210 -0.711294 -0.184038
-1.443413 -0.710159 -0.066226
-1.240713 -0.713714 0.032923
-1.503010 -0.711080 0.153789
-0.576101 -0.725451 0.478917
0.219000 -0.735353 0.606915
-3.375413 -0.674998 -0.680412
-2.907339 -0.681459 -0.682635
-2.370797 -0.689156 -0.681413
-1.794049 -0.696269 -0.674158
-1.449431 -0.702024 -0.614210
-1.331793 -0.705702 -0.520040
-1.397750 -0.706758 -0.398864
-1.402184 -0.708601 -0.289199
-1.320210 -0.711294 -0.184038
-1.443413 -0.710159 -0.066226
-1.240713 -0.713714 0.032923
-1.503010 -0.711080 0.153789
-0.576101 -0.725451 0.478917
0.219000 -0.735353 0.606915
-3.380657 -0.756556 -0.679623
-2.932388 -0.769167 -0.678237
-2.392128 -0.784533 -0.678032
-1.835336 -0.799314 -0.667952
-1.479042 -0.810218 -0.610267
-1.484477 -0.812496 -0.500731
-1.415614 -0.815963 -0.397059
-1.451930 -0.816934 -0.284449
-1.477641 -0.818027 -0.170830
-1.469358 -0.818505 -0.064525
-1.242797 -0.825537 0.032923
-1.517016 -0.818887 0.154303
-1.330984 -0.826140 0.366353
-0.794344 -0.841014 0.478981
-3.380657 -0.756556 -0.679623
-2.932388 -0.769167 -0.678237
-2.392128 -0.784533 -0.678032
-1.835336 -0.799314 -0.667952
-1.479042 -0.810218 -0.610267
-1.484477 -0.812496 -0.500731
-1.415614 -0.815963 -0.397059
-1.451930 -0.816934 -0.284449
-1.477641 -0.818027 -0.170830
-1.469358 -0.818505 -0.064525
-1.242797 -0.825537 0.032923
-1.517016 -0.818887 0.154303
-1.330984 -0.826140 0.366353
-0.794344 -0.841014 0.478981
-3.418328 -0.834801 -0.672524
-2.958583 -0.854017 -0.673839
-2.387130 -0.878011 -0.679385
-1.862166 -0.899270 -0.664228
-1.229101 -0.925689 -0.646320
-1.515582 -0.917116 -0.497175
-1.526251 -0.918438 -0.384876
-1.546825 -0.919497 -0.275346
-1.536827 -0.921620 -0.166088
-1.544558 -0.921581 -0.059423
-1.553620 -0.922417 0.050357
-1.576359 -0.921917 0.156699
-1.492647 -0.926971 0.263213
-1.310561 -0.934903 0.366000
-0.554351 -0.965968 0.478909
-3.418328 -0.834801 -0.672524
-2.958583 -0.854017 -0.673839
-2.387130 -0.878011 -0.679385
-1.862166 -0.899270 -0.664228
-1.229101 -0.925689 -0.646320
-1.515582 -0.917116 -0.497175
-1.526251 -0.918438 -0.384876
-1.546825 -0.919497 -0.275346
-1.536827 -0.921620 -0.166088
-1.544558 -0.921581 -0.059423
-1.553620 -0.922417 0.050357
-1.576359 -0.921917 0.156699
-1.492647 -0.926971 0.263213
-1.310561 -0.934903 0.366000
-0.554351 -0.965968 0.478909
-3.406189 -0.915628 -0.675679
-2.993841 -0.938845 -0.667974
-2.458294 -0.968963 -0.667891
-1.894369 -0.999581 -0.659884
-1.194564 -1.038341 -0.651953
-1.453089 -1.027246 -0.505812
-1.479535 -1.027601 -0.390742
-1.543768 -1.026068 -0.276137
-1.581550 -1.025786 -0.162701
-1.609245 -1.024572 -0.055171
-1.574503 -1.027617 0.051263
-1.609217 -1.026157 0.157898
-1.493656 -1.034090 0.263099
-0.472116 -1.090713 0.478883
-3.406189 -0.915628 -0.675679
-2.993841 -0.938845 -0.667974
-2.458294 -0.968963 -0.667891
-1.894369 -0.999581 -0.659884
-1.194564 -1.038341 -0.651953
-1.453089 -1.027246 -0.505812
-1.479535 -1.027601 -0.390742
-1.543768 -1.026068 -0.276137
-1.581550 -1.025786 -0.162701
-1.609245 -1.024572 -0.055171
-1.574503 -1.027617 0.051263
-1.609217 -1.026157 0.157898
-1.493656 -1.034090 0.263099
-0.472116 -1.090713 0.478883
-3.453957 -0.994009 -0.667002
-2.983237 -1.026892 -0.670906
-2.507137 -1.060692 -0.660454
-1.896487 -1.102396 -0.660504
-1.126165 -1.155776 -0.662656
-1.479379 -1.134712 -0.503272
-1.612931 -1.127510 -0.376303
-1.605838 -1.129835 -0.270596
-1.607895 -1.131417 -0.161008
-1.607725 -1.131692 -0.055738
-1.596930 -1.133611 0.052168
-1.611695 -1.133009 0.157726
-1.512213 -1.141491 0.263441
-1.310472 -1.155894 0.365824
-3.453957 -0.994009 -0.667002
-2.983237 -1.026892 -0.670906
-2.507137 -1.060692 -0.660454
-1.896487 -1.102396 -0.660504
-1.126165 -1.155776 -0.662656
-0.461974 -1.202681 -0.633858
-1.612931 -1.127510 -0.376303
-1.605838 -1.129835 -0.270596
-1.607895 -1.131417 -0.161008
-1.607725 -1.131692 -0.055738
-1.596930 -1.133611 0.052168
-1.611695 -1.133009 0.157726
-1.512213 -1.141491 0.263441
-1.310472 -1.155894 0.365824
-3.463613 -1.073212 -0.666214
-3.013008 -1.111101 -0.666508
-2.399941 -1.162540 -0.680061
-2.014188 -1.194796 -0.643127
-1.272556 -1.256649 -0.642940
-0.538156 -1.318514 -0.625220
-1.620721 -1.232715 -0.376303
-1.597792 -1.236430 -0.272179
-1.607796 -1.237340 -0.161685
-1.559901 -1.241511 -0.059706
-1.604807 -1.239040 0.052168
-1.555833 -1.243444 0.154987
-1.484343 -1.251044 0.262416
-1.234980 -1.272192 0.364588
-3.463613 -1.073212 -0.666214
-3.013008 -1.111101 -0.666508
-2.399941 -1.162540 -0.680061
-2.014188 -1.194796 -0.643127
-1.272556 -1.256649 -0.642940
-0.538156 -1.318514 -0.625220
-1.620721 -1.232715 -0.376303
-1.597792 -1.236430 -0.272179
-1.607796 -1.237340 -0.161685
-1.559901 -1.241511 -0.059706
-1.604807 -1.239040 0.052168
-1.555833 -1.243444 0.154987
-1.484343 -1.251044 0.262416
-1.234980 -1.272192 0.364588
-3.055669 -1.193458 -0.659910
-2.533747 -1.244934 -0.658426
-2.003208 -1.296247 -0.646230
-1.290067 -1.365848 -0.641813
-0.564518 -1.437207 -0.623188
-1.554805 -1.344954 -0.384876
-1.603143 -1.342214 -0.272575
-1.581413 -1.346021 -0.164734
-1.533541 -1.350865 -0.062258
-1.478993 -1.357297 0.044470
-1.521489 -1.353630 0.153104
-1.442131 -1.363004 0.260936
-1.149279 -1.391851 0.363176
-3.055669 -1.193458 -0.659910
-2.533747 -1.244934 -0.658426
-2.003208 -1.296247 -0.646230
-1.290067 -1.365848 -0.641813
-0.564518 -1.437207 -0.623188
-1.554805 -1.344954 -0.384876
-1.603143 -1.342214 -0.272575
-1.581413 -1.346021 -0.164734
-1.533541 -1.350865 -0.062258
-1.478993 -1.357297 0.044470
-1.521489 -1.353630 0.153104
-1.442131 -1.363004 0.260936
-1.149279 -1.391851 0.363176
-3.075969 -1.277248 -0.657711
-2.601881 -1.330909 -0.648284
-2.056531 -1.391302 -0.639403
-1.364208 -1.468690 -0.632800
-0.639843 -1.550140 -0.615058
-1.494520 -1.458719 -0.392998
-1.554581 -1.454033 -0.278512
-1.536790 -1.457731 -0.169475
-1.492899 -1.462817 -0.065943
-1.470157 -1.466532 0.043338
-1.472860 -1.466643 0.150536
-1.385663 -1.478017 0.259001
-1.049492 -1.515781 0.361528
-3.075969 -1.277248 -0.657711
-2.601881 -1.330909 -0.648284
-2.056531 -1.391302 -0.639403
-1.364208 -1.468690 -0.632800
-0.639843 -1.550140 -0.615058
-1.494520 -1.458719 -0.392998
-1.554581 -1.454033 -0.278512
-1.536790 -1.457731 -0.169475
-1.492899 -1.462817 -0.065943
-1.470157 -1.466532 0.043338
-1.472860 -1.466643 0.150536
-1.385663 -1.478017 0.259001
-1.049492 -1.515781 0.361528
-3.093514 -1.361059 -0.656245
-2.631981 -1.419892 -0.644904
-2.103261 -1.485962 -0.633817
-1.294244 -1.587476 -0.644630
-0.685131 -1.665010 -0.610993
-1.392554 -1.579662 -0.406083
-1.444478 -1.575164 -0.290783
-1.474047 -1.573278 -0.175910
-1.422230 -1.579970 -0.071896
-1.411357 -1.582550 0.039262
-1.398149 -1.584601 0.146770
-1.215850 -1.609060 0.253764
-0.852404 -1.654994 0.358409
-3.093514 -1.361059 -0.656245
-2.631981 -1.419892 -0.644904
-2.103261 -1.485962 -0.633817
-1.294244 -1.587476 -0.644630
-0.685131 -1.665010 -0.610993
0.398270 -1.800659 -0.610936
-1.444478 -1.575164 -0.290783
-1.474047 -1.573278 -0.175910
-1.422230 -1.579970 -0.071896
-1.411357 -1.582550 0.039262
-1.398149 -1.584601 0.146770
-1.215850 -1.609060 0.253764
-0.852404 -1.654994 0.358409
-3.151177 -1.439203 -0.647448
-2.647662 -1.510308 -0.644228
-2.116008 -1.584286 -0.633817
-1.469350 -1.675039 -0.621534
-0.614042 -1.794997 -0.622172
0.231265 -1.913291 -0.593789
-1.095772 -1.732687 -0.327198
-0.966916 -1.752343 -0.220615
-1.215020 -1.718364 -0.087771
-1.283107 -1.710218 0.031111
-1.198576 -1.722332 0.137525
-1.012573 -1.749946 0.247502
-0.610125 -1.806472 0.354584
-3.151177 -1.439203 -0.647448
-2.647662 -1.510308 -0.644228
-2.116008 -1.584286 -0.633817
-1.469350 -1.675039 -0.621534
-0.614042 -1.794997 -0.622172
0.231265 -1.913291 -0.593789
-1.095772 -1.732687 -0.327198
-0.966916 -1.752343 -0.220615
-1.215020 -1.718364 -0.087771
-1.283107 -1.710218 0.031111
-1.198576 -1.722332 0.137525
-1.012573 -1.749946 0.247502
-0.610125 -1.806472 0.354584
-3.155392 -1.524071 -0.648915
-2.672391 -1.599265 -0.642200
-2.196551 -1.672393 -0.623267
-1.500461 -1.779826 -0.619280
-0.760700 -1.894455 -0.605404
0.322347 -2.060877 -0.606424
-1.072710 -1.851039 -0.331156
-0.936212 -1.873711 -0.224679
-1.104878 -1.848302 -0.096842
-1.077982 -1.853696 0.018432
-1.001379 -1.865818 0.128281
-0.736628 -1.908173 0.239077
-3.155392 -1.524071 -0.648915
-2.672391 -1.599265 -0.642200
-2.196551 -1.672393 -0.623267
-1.500461 -1.779826 -0.619280
-0.760700 -1.894455 -0.605404
0.322347 -2.060877 -0.606424
0.824009 -2.139551 -0.521941
-0.936212 -1.873711 -0.224679
-1.104878 -1.848302 -0.096842
-1.077982 -1.853696 0.018432
-1.001379 -1.865818 0.128281
-0.736628 -1.908173 0.239077
-3.211249 -1.600671 -0.640851
-2.721672 -1.683852 -0.636115
-2.188500 -1.773263 -0.626990
-1.552533 -1.880715 -0.614210
-0.704915 -2.023826 -0.615058
0.132746 -2.164996 -0.587021
0.801850 -2.278682 -0.521941
-0.498442 -2.064297 -0.263966
-0.807932 -2.013015 -0.119521
-0.737503 -2.026111 -0.002173
-3.211249 -1.600671 -0.640851
-2.721672 -1.683852 -0.636115
-2.188500 -1.773263 -0.626990
-1.552533 -1.880715 -0.614210
-0.704915 -2.023826 -0.615058
0.132746 -2.164996 -0.587021
0.801850 -2.278682 -0.521941
-3.256455 -1.677968 -0.634987
-2.741003 -1.772825 -0.635439
-2.259701 -1.860586 -0.618302
-1.629308 -1.976167 -0.605760
-0.869779 -2.115570 -0.596257
0.082921 -2.289531 -0.583863
-3.256455 -1.677968 -0.634987
-2.741003 -1.772825 -0.635439
-2.259701 -1.860586 -0.618302
-1.629308 -1.976167 -0.605760
-0.869779 -2.115570 -0.596257
0.082921 -2.289531 -0.583863
-3.260190 -1.762414 -0.637186
-2.788656 -1.856213 -0.630030
-2.266026 -1.958948 -0.620163
-1.617848 -2.087108 -0.610267
-0.907015 -2.228020 -0.594225
-3.260190 -1.762414 -0.637186
-2.788656 -1.856213 -0.630030
-2.266026 -1.958948 -0.620163
-1.617848 -2.087108 -0.610267
-0.907015 -2.228020 -0.594225
-3.284383 -1.842956 -0.635720
-2.821944 -1.941712 -0.627326
-2.312439 -2.049304 -0.615819
-1.666170 -2.186480 -0.606324
-3.284383 -1.842956 -0.635720
-2.821944 -1.941712 -0.627326
-2.312439 -2.049304 -0.615819
-1.666170 -2.186480 -0.606324
-3.348059 -1.914498 -0.626923
-2.871768 -2.023091 -0.621917
-2.363885 -2.137763 -0.610854
-1.738982 -2.279605 -0.599000
-3.348059 -1.914498 -0.626923
-2.871768 -2.023091 -0.621917
-2.363885 -2.137763 -0.610854
-1.738982 -2.279605 -0.599000
-3.347539 -1.999942 -0.630588
-2.888104 -2.111544 -0.622593
-2.412616 -2.225981 -0.606509
-3.347539 -1.999942 -0.630588
-2.888104 -2.111544 -0.622593
-2.412616 -2.225981 -0.606509
-3.428347 -2.065458 -0.618859
-2.920977 -2.195954 -0.620565
-3.428347 -2.065458 -0.618859
-2.920977 -2.195954 -0.620565
-3.418664 -2.153342 -0.624724
-3.000686 -2.267510 -0.610423
-3.418664 -2.153342 -0.624724
-3.000686 -2.267510 -0.610423
-3.451955 -2.230033 -0.622525
-3.451955 -2.230033 -0.622525
-3.240168 2.230616 -1.078692
-3.240168 2.230616 -1.078692
-3.202428 2.159279 -1.079791
-3.202428 2.159279 -1.079791
-3.198447 2.074711 -1.073068
-2.753299 2.242793 -1.086542
-3.198447 2.074711 -1.073068
-2.753299 2.242793 -1.086542
-3.173799 1.998553 -1.071577
-2.689607 2.173928 -1.093193
-3.173799 1.998553 -1.071577
-2.689607 2.173928 -1.093193
-3.120780 1.932500 -1.077047
-2.656266 2.093310 -1.093339
-2.190437 2.256226 -1.093778
-2.139717 2.272374 -1.004188
-3.120780 1.932500 -1.077047
-2.656266 2.093310 -1.093339
-2.190437 2.256226 -1.093778
-2.139717 2.272374 -1.004188
-3.101863 1.854127 -1.074704
-2.694560 1.988440 -1.078049
-2.222978 2.146035 -1.080218
-2.202078 2.151379 -0.985970
-3.101863 1.854127 -1.074704
-2.694560 1.988440 -1.078049
-2.222978 2.146035 -1.080218
-2.202078 2.151379 -0.985970
-3.458887 1.657307 -1.068054
-3.102660 1.769620 -1.068031
-2.652587 1.911396 -1.080659
-2.287266 2.027585 -1.060639
-2.244052 2.039784 -0.971983
-1.596303 2.245461 -0.983909
-3.458887 1.657307 -1.068054
-3.102660 1.769620 -1.068031
-2.652587 1.911396 -1.080659
-2.287266 2.027585 -1.060639
-2.244052 2.039784 -0.971983
-1.596303 2.245461 -0.983909
-3.104753 1.685495 -1.061372
-2.686535 1.810652 -1.067033
-2.353615 1.911346 -1.041091
-2.197496 1.957393 -0.974805
-1.584651 2.142494 -0.979954
-3.104753 1.685495 -1.061372
-2.686535 1.810652 -1.067033
-2.353615 1.911346 -1.041091
-2.197496 1.957393 -0.974805
-1.584651 2.142494 -0.979954
-3.433547 1.509286 -1.062347
-3.085635 1.608323 -1.059934
-2.661962 1.728721 -1.066418
-2.388024 1.807219 -1.028366
-2.220097 1.854334 -0.965053
-1.521429 2.055031 -0.985001
-1.046033 2.192158 -0.952922
-3.433547 1.509286 -1.062347
-3.085635 1.608323 -1.059934
-2.661962 1.728721 -1.066418
-2.388024 1.807219 -1.028366
-2.220097 1.854334 -0.965053
-1.521429 2.055031 -0.985001
-1.046033 2.192158 -0.952922
-3.424361 1.434700 -1.059048
-3.075140 1.528864 -1.056771
-2.615879 1.652701 -1.070682
-2.473357 1.690859 -1.005858
-2.248128 1.751240 -0.954625
-1.638229 1.917025 -0.959905
-1.065900 2.073639 -0.944536
-0.212903 2.306338 -0.947634
-3.424361 1.434700 -1.059048
-3.075140 1.528864 -1.056771
-2.615879 1.652701 -1.070682
-2.473357 1.690859 -1.005858
-2.248128 1.751240 -0.954625
-1.638229 1.917025 -0.959905
-1.065900 2.073639 -0.944536
-0.212903 2.306338 -0.947634
-3.404964 1.363106 -1.058532
-3.020460 1.461269 -1.064020
-2.604887 1.566835 -1.067653
-2.503700 1.592088 -0.994692
-2.209188 1.667147 -0.956784
-1.673419 1.804538 -0.948955
-2.217366 1.662487 -0.763443
-2.196447 1.666602 -0.669524
0.160334 2.276599 -0.866369
0.132236 2.268130 -0.732655
0.198365 2.283902 -0.612598
0.135756 2.266492 -0.477010
0.093692 2.256156 -0.349463
0.039627 2.242002 -0.095739
0.078057 2.250775 0.030974
-3.404964 1.363106 -1.058532
-3.020460 1.461269 -1.064020
-2.604887 1.566835 -1.067653
-2.503700 1.592088 -0.994692
-2.209188 1.667147 -0.956784
-1.673419 1.804538 -0.948955
-2.217366 1.662487 -0.763443
-2.196447 1.666602 -0.669524
0.160334 2.276599 -0.866369
0.132236 2.268130 -0.732655
0.198365 2.283902 -0.612598
0.135756 2.266492 -0.477010
0.093692 2.256156 -0.349463
0.039627 2.242002 -0.095739
0.078057 2.250775 0.030974
-3.413242 1.285614 -1.051565
-3.061635 1.370041 -1.049623
-2.622019 1.475468 -1.058969
-2.566386 1.488036 -0.977526
-2.221370 1.571203 -0.949889
-2.201521 1.574174 -0.856028
-2.233629 1.565661 -0.756977
-2.216593 1.568518 -0.663103
-2.135671 1.586860 -0.580615
0.069784 2.125582 -0.721842
0.085678 2.128105 -0.598429
0.076897 2.124773 -0.469203
0.088896 2.128245 -0.346397
0.076399 2.124641 -0.218179
-0.004257 2.105301 -0.092337
0.007057 2.106883 0.033836
0.206531 2.155586 0.283942
0.255050 2.167973 0.408510
0.412258 2.209019 0.672726
-1.186342 1.820613 0.913100
-1.266232 1.801766 1.010099
-1.201473 1.819223 1.127739
-1.218806 1.816254 1.232564
-3.413242 1.285614 -1.051565
-3.061635 1.370041 -1.049623
-2.622019 1.475468 -1.058969
-2.566386 1.488036 -0.977526
-2.221370 1.571203 -0.949889
-2.201521 1.574174 -0.856028
-2.233629 1.565661 -0.756977
-2.216593 1.568518 -0.663103
-2.135671 1.586860 -0.580615
0.069784 2.125582 -0.721842
0.085678 2.128105 -0.598429
0.076897 2.124773 -0.469203
0.088896 2.128245 -0.346397
0.076399 2.124641 -0.218179
-0.004257 2.105301 -0.092337
0.007057 2.106883 0.033836
0.206531 2.155586 0.283942
0.255050 2.167973 0.408510
0.412258 2.209019 0.672726
-1.186342 1.820613 0.913100
-1.266232 1.801766 1.010099
-1.201473 1.819223 1.127739
-1.218806 1.816254 1.232564
-3.384555 1.216520 -1.053841
-3.012745 1.300444 -1.056021
-2.636478 1.384722 -1.051107
-2.626712 1.385865 -0.961133
-2.211706 1.480126 -0.947189
-2.184156 1.484578 -0.854777
-2.216396 1.476497 -0.755786
-2.199335 1.479103 -0.661967
-2.149143 1.489176 -0.575750
-1.177144 1.711786 -0.584430
-1.135819 1.720110 -0.481778
-1.185057 1.707778 -0.367944
-1.139213 1.718752 -0.265699
-0.011791 1.977157 -0.211646
-1.168155 1.711925 -0.050228
-1.130033 1.719649 0.057847
-0.005978 1.977687 0.156146
-1.187389 1.706436 0.271966
-1.099413 1.727065 0.377463
-1.114449 1.724230 0.487947
-1.142603 1.719286 0.591167
-1.109719 1.728301 0.807825
-1.208474 1.706730 0.909346
-1.218797 1.705065 1.013358
-1.223492 1.705539 1.122638
-1.225337 1.706374 1.228955
-3.384555 1.216520 -1.053841
-3.012745 1.300444 -1.056021
-2.636478 1.384722 -1.051107
-2.626712 1.385865 -0.961133
-2.211706 1.480126 -0.947189
-2.184156 1.484578 -0.854777
-2.216396 1.476497 -0.755786
-2.199335 1.479103 -0.661967
-2.149143 1.489176 -0.575750
0.156622 2.018461 -0.727242
0.013436 1.984177 -0.588248
-0.049946 1.968438 -0.456275
-1.139213 1.718752 -0.265699
-0.011791 1.977157 -0.211646
-1.168155 1.711925 -0.050228
-1.130033 1.719649 0.057847
-0.005978 1.977687 0.156146
-1.187389 1.706436 0.271966
0.529780 2.101101 0.415015
0.237408 2.034707 0.539241
-1.142603 1.719286 0.591167
-1.109719 1.728301 0.807825
-1.208474 1.706730 0.909346
-1.218797 1.705065 1.013358
-1.223492 1.705539 1.122638
-1.225337 1.706374 1.228955
-3.372012 1.143563 -1.052431
-2.999079 1.222287 -1.054634
-2.682938 1.288027 -1.036782
-2.669514 1.289823 -0.948530
-2.264947 1.375761 -0.933349
-2.129462 1.403137 -0.859939
-2.134666 1.401351 -0.764541
-2.113571 1.404554 -0.670330
-2.094195 1.407232 -0.579395
-1.115236 1.617096 -0.587886
-1.108803 1.617292 -0.481441
-1.107518 1.616531 -0.371483
-1.100512 1.618469 -0.265992
-1.094581 1.619247 -0.156939
-1.098270 1.618744 -0.051150
-1.106952 1.615834 0.058543
-1.093950 1.618643 0.163270
-1.094110 1.618518 0.273295
-1.084071 1.621096 0.377981
-1.099149 1.618456 0.488348
-1.100033 1.619773 0.592877
-1.086119 1.620079 0.702760
-1.035890 1.635011 0.812614
-1.061035 1.630744 0.921943
-1.102664 1.622475 1.024296
-1.072586 1.630525 1.139308
-1.086283 1.628830 1.245829
-3.372012 1.143563 -1.052431
-2.999079 1.222287 -1.054634
-2.682938 1.288027 -1.036782
-2.669514 1.289823 -0.948530
-2.264947 1.375761 -0.933349
-2.129462 1.403137 -0.859939
-2.134666 1.401351 -0.764541
-2.113571 1.404554 -0.670330
-1.138976 1.613015 -0.695446
-1.115236 1.617096 -0.587886
-1.108803 1.617292 -0.481441
-1.107518 1.616531 -0.371483
-1.100512 1.618469 -0.265992
-1.094581 1.619247 -0.156939
-1.098270 1.618744 -0.051150
-1.106952 1.615834 0.058543
-1.093950 1.618643 0.163270
-1.094110 1.618518 0.273295
-1.084071 1.621096 0.377981
-1.099149 1.618456 0.488348
-1.100033 1.619773 0.592877
-1.086119 1.620079 0.702760
-1.035890 1.635011 0.812614
-1.061035 1.630744 0.921943
-1.102664 1.622475 1.024296
-1.072586 1.630525 1.139308
-1.086283 1.628830 1.245829
-3.364316 1.069716 -1.050109
-2.975035 1.146327 -1.055854
-2.704058 1.198330 -1.028147
-2.713833 1.195243 -0.935949
-2.254216 1.286410 -0.931379
-1.750662 1.385949 -0.918833
-1.200366 1.496025 -0.901793
-0.380431 1.659377 -0.902005
-1.121231 1.508662 -0.694295
1.566701 2.047195 -0.869846
-0.134040 1.704436 -0.568349
-0.139435 1.702172 -0.443832
-0.174578 1.695596 -0.322262
-0.140503 1.701853 -0.201345
-0.190727 1.692096 -0.080798
-0.187332 1.691595 0.041629
0.890290 1.907847 0.423765
1.458267 2.022430 0.585141
-0.944536 1.545589 1.039940
-1.019684 1.532030 1.143871
-1.017924 1.533635 1.252993
-3.364316 1.069716 -1.050109
-2.975035 1.146327 -1.055854
-2.704058 1.198330 -1.028147
-2.713833 1.195243 -0.935949
-2.254216 1.286410 -0.931379
-1.750662 1.385949 -0.918833
-1.200366 1.496025 -0.901793
-0.380431 1.659377 -0.902005
0.331355 1.800456 -0.870126
1.566701 2.047195 -0.869846
-0.134040 1.704436 -0.568349
-0.139435 1.702172 -0.443832
-0.174578 1.695596 -0.322262
-0.140503 1.701853 -0.201345
-0.190727 1.692096 -0.080798
-0.187332 1.691595 0.041629
0.890290 1.907847 0.423765
1.458267 2.022430 0.585141
-0.944536 1.545589 1.039940
-3.357671 0.995875 -1.047798
-3.005765 1.059819 -1.044975
-2.765036 1.102243 -1.011438
-2.748055 1.104321 -0.925647
-2.291216 1.188325 -0.921065
-1.743762 1.288795 -0.916305
-1.207569 1.388265 -0.897048
-0.385490 1.540149 -0.897589
0.250047 1.656711 -0.856612
1.598062 1.906561 -0.869353
-0.205229 1.569314 -0.558988
-0.199013 1.569288 -0.436749
-0.269655 1.556595 -0.314125
-0.204170 1.568193 -0.196432
-0.250652 1.559840 -0.077238
-0.266965 1.555625 0.044367
-0.080933 1.590049 0.283586
1.159539 1.821064 0.430247
1.504939 1.886028 0.586782
0.160491 1.634600 0.784074
-3.357671 0.995875 -1.047798
-3.005765 1.059819 -1.044975
-2.765036 1.102243 -1.011438
-2.748055 1.104321 -0.925647
-2.291216 1.188325 -0.921065
-1.743762 1.288795 -0.916305
-1.207569 1.388265 -0.897048
-0.385490 1.540149 -0.897589
0.250047 1.656711 -0.856612
1.598062 1.906561 -0.869353
-0.205229 1.569314 -0.558988
-0.199013 1.569288 -0.436749
-0.269655 1.556595 -0.314125
-0.204170 1.568193 -0.196432
-0.250652 1.559840 -0.077238
-0.266965 1.555625 0.044367
-0.080933 1.590049 0.283586
1.159539 1.821064 0.430247
1.504939 1.886028 0.586782
0.160491 1.634600 0.784074
-3.363581 0.920050 -1.042731
-2.960863 0.987766 -1.051404
-2.796666 1.013441 -1.001224
-2.768185 1.017266 -0.918372
-2.283141 1.099573 -0.919124
-1.749923 1.189702 -0.911875
-1.243642 1.276287 -0.888237
-0.536867 1.396478 -0.873730
0.189964 1.519625 -0.845957
1.533360 1.749274 -0.858949
-0.258901 1.439882 -0.551451
-0.248852 1.440420 -0.430599
-0.323675 1.428007 -0.308730
-0.293543 1.432588 -0.190417
-0.332324 1.426205 -0.073041
-0.305384 1.429643 0.046234
-0.240919 1.440665 0.161031
-0.158337 1.454673 0.283414
-0.128710 1.460173 0.400708
1.762494 1.785207 0.596466
0.003886 1.485192 0.648923
0.103530 1.499188 0.779619
-3.363581 0.920050 -1.042731
-2.960863 0.987766 -1.051404
-2.796666 1.013441 -1.001224
-2.768185 1.017266 -0.918372
-2.283141 1.099573 -0.919124
-1.749923 1.189702 -0.911875
-1.243642 1.276287 -0.888237
-0.536867 1.396478 -0.873730
0.189964 1.519625 -0.845957
1.533360 1.749274 -0.858949
-0.258901 1.439882 -0.551451
-0.248852 1.440420 -0.430599
-0.323675 1.428007 -0.308730
-0.293543 1.432588 -0.190417
-0.332324 1.426205 -0.073041
-0.305384 1.429643 0.046234
-0.240919 1.440665 0.161031
-0.158337 1.454673 0.283414
-0.128710 1.460173 0.400708
1.762494 1.785207 0.596466
0.003886 1.485192 0.648923
-3.370595 0.844581 -1.037678
-2.970893 0.906052 -1.045739
-2.856724 0.921428 -0.985369
-2.723649 0.941461 -0.923888
-2.323010 1.003423 -0.908848
-1.784822 1.086710 -0.902992
-1.254043 1.169911 -0.883531
-0.436046 1.297537 -0.884084
0.233722 1.401244 -0.848032
-0.282636 1.318631 -0.664614
-0.322420 1.311013 -0.543226
-0.324293 1.309532 -0.422672
-0.355993 1.304952 -0.304835
-0.329795 1.308472 -0.187074
-0.388446 1.299502 -0.069809
-0.401004 1.296346 0.049136
-0.225995 1.323631 0.283319
-0.208133 1.326837 0.399137
-0.128952 1.339878 0.524802
-0.098785 1.346232 0.643322
0.020846 1.361971 0.773569
-3.370595 0.844581 -1.037678
-2.970893 0.906052 -1.045739
-2.856724 0.921428 -0.985369
-2.723649 0.941461 -0.923888
-2.323010 1.003423 -0.908848
-1.784822 1.086710 -0.902992
-1.254043 1.169911 -0.883531
-0.436046 1.297537 -0.884084
0.233722 1.401244 -0.848032
1.395518 1.583018 -0.841138
-0.322420 1.311013 -0.543226
-0.324293 1.309532 -0.422672
-0.355993 1.304952 -0.304835
-0.329795 1.308472 -0.187074
-0.388446 1.299502 -0.069809
-0.401004 1.296346 0.049136
-0.225995 1.323631 0.283319
-0.208133 1.326837 0.399137
-0.128952 1.339878 0.524802
-0.098785 1.346232 0.643322
-3.359444 0.772290 -1.037244
-2.997573 0.822563 -1.036634
-2.871693 0.838020 -0.979235
-2.750100 0.854492 -0.915890
-2.294157 0.918723 -0.911109
-1.774362 0.991675 -0.901789
-1.250316 1.066327 -0.881174
-0.450268 1.179699 -0.879204
0.338785 1.290958 -0.857641
-0.328207 1.194100 -0.657316
-0.395792 1.183068 -0.534315
-0.413596 1.179335 -0.413875
-0.417800 1.179118 -0.299249
-0.371848 1.185080 -0.183567
-0.426700 1.177473 -0.067269
-0.474963 1.169390 0.051551
-0.390468 1.181399 0.163396
0.270574 1.275620 0.288513
0.228981 1.270083 0.409575
1.760353 1.489541 0.596409
-0.077101 1.228538 0.644231
-0.044204 1.230177 0.768792
-3.359444 0.772290 -1.037244
-2.997573 0.822563 -1.036634
-2.871693 0.838020 -0.979235
-2.750100 0.854492 -0.915890
-2.294157 0.918723 -0.911109
-1.774362 0.991675 -0.901789
-1.250316 1.066327 -0.881174
-0.450268 1.179699 -0.879204
0.338785 1.290958 -0.857641
1.416501 1.444086 -0.840309
-0.395792 1.183068 -0.534315
-0.413596 1.179335 -0.413875
-0.417800 1.179118 -0.299249
-0.371848 1.185080 -0.183567
-0.426700 1.177473 -0.067269
-0.474963 1.169390 0.051551
-0.390468 1.181399 0.163396
0.270574 1.275620 0.288513
0.228981 1.270083 0.409575
1.760353 1.489541 0.596409
-0.077101 1.228538 0.644231
-0.044204 1.230177 0.768792
-3.360882 0.698329 -1.034057
-3.052599 0.736439 -1.021500
-2.926724 0.750135 -0.965038
-2.746671 0.772504 -0.913915
-2.344584 0.823249 -0.899479
-1.820062 0.889441 -0.891668
-1.342249 0.950649 -0.864854
-0.497654 1.058436 -0.870145
0.162757 1.141866 -0.833901
-0.430873 1.063965 -0.644265
-0.443457 1.060990 -0.527935
-0.473264 1.055960 -0.407512
-0.493388 1.053733 -0.292956
-0.475176 1.055462 -0.177270
-0.490551 1.053699 -0.063958
-0.507229 1.050363 0.053109
0.406319 1.167564 0.290355
0.388417 1.165654 0.413609
1.696654 1.334605 0.594092
-0.179875 1.094669 0.638773
-0.127078 1.098429 0.762938
-3.360882 0.698329 -1.034057
-3.052599 0.736439 -1.021500
-2.926724 0.750135 -0.965038
-2.746671 0.772504 -0.913915
-2.344584 0.823249 -0.899479
-1.820062 0.889441 -0.891668
-1.342249 0.950649 -0.864854
-0.497654 1.058436 -0.870145
0.162757 1.141866 -0.833901
1.352679 1.294179 -0.830831
-0.443457 1.060990 -0.527935
-0.473264 1.055960 -0.407512
-0.493388 1.053733 -0.292956
-0.475176 1.055462 -0.177270
-0.490551 1.053699 -0.063958
-0.507229 1.050363 0.053109
0.406319 1.167564 0.290355
0.388417 1.165654 0.413609
1.696654 1.334605 0.594092
-0.179875 1.094669 0.638773
-0.127078 1.098429 0.762938
-3.336310 0.627732 -1.037327
-3.004197 0.664252 -1.029695
-2.967527 0.665758 -0.954092
-2.763914 0.688317 -0.908200
-2.318188 0.738431 -0.901765
-1.851594 0.790489 -0.884120
-1.314100 0.851822 -0.866611
-0.503505 0.943720 -0.866883
0.126399 1.014284 -0.827108
-0.496025 0.941469 -0.635372
-0.516680 0.937747 -0.519439
-0.507038 0.937658 -0.403274
-0.551041 0.932961 -0.287916
-0.513023 0.936691 -0.174193
-0.576118 0.929661 -0.060015
-0.561099 0.930189 0.055018
1.618740 1.180372 0.591290
-0.176261 0.973317 0.759411
-3.336310 0.627732 -1.037327
-3.004197 0.664252 -1.029695
-2.967527 0.665758 -0.954092
-2.763914 0.688317 -0.908200
-2.318188 0.738431 -0.901765
-1.851594 0.790489 -0.884120
-1.314100 0.851822 -0.866611
-0.503505 0.943720 -0.866883
0.126399 1.014284 -0.827108
1.302437 1.148150 -0.823035
-0.516680 0.937747 -0.519439
-0.507038 0.937658 -0.403274
-0.551041 0.932961 -0.287916
-0.513023 0.936691 -0.174193
-0.576118 0.929661 -0.060015
-0.561099 0.930189 0.055018
1.618740 1.180372 0.591290
-0.176261 0.973317 0.759411
-3.359167 0.551785 -1.029559
-3.022798 0.584067 -1.023225
-3.009583 0.582662 -0.943165
-2.766738 0.606357 -0.905502
-2.359577 0.646250 -0.892256
-1.849214 0.696176 -0.882327
-1.299123 0.751194 -0.866633
-0.538604 0.826576 -0.859968
0.119804 0.891129 -0.824093
-0.547165 0.822594 -0.628156
-0.567964 0.819146 -0.513112
-0.598095 0.814920 -0.394867
-0.602538 0.814800 -0.283390
-0.564528 0.817983 -0.170579
-0.623781 0.812212 -0.057421
-0.616744 0.811723 0.056901
-0.786828 0.794348 0.280048
1.594218 1.034165 0.590566
-0.351792 0.840292 0.629806
-0.052535 0.867302 0.767404
-3.359167 0.551785 -1.029559
-3.022798 0.584067 -1.023225
-3.009583 0.582662 -0.943165
-2.766738 0.606357 -0.905502
-2.359577 0.646250 -0.892256
-1.849214 0.696176 -0.882327
-1.299123 0.751194 -0.866633
-0.538604 0.826576 -0.859968
0.119804 0.891129 -0.824093
1.174847 0.996191 -0.807437
-0.567964 0.819146 -0.513112
-0.598095 0.814920 -0.394867
-0.602538 0.814800 -0.283390
-0.564528 0.817983 -0.170579
-0.623781 0.812212 -0.057421
-0.616744 0.811723 0.056901
-0.786828 0.794348 0.280048
1.594218 1.034165 0.590566
-0.351792 0.840292 0.629806
-0.052535 0.867302 0.767404
-3.379247 0.476942 -1.022726
-3.042553 0.504527 -1.016769
-3.033352 0.502588 -0.936291
-2.782464 0.523572 -0.900566
-2.367000 0.558465 -0.889013
-1.824558 0.604014 -0.884371
-1.348626 0.644803 -0.857365
-0.583299 0.709904 -0.852028
0.079802 0.765602 -0.817347
-0.588152 0.706359 -0.622201
-0.620983 0.702156 -0.506810
-0.627409 0.700398 -0.391278
-0.659742 0.697912 -0.278646
-0.649616 0.698142 -0.165494
-0.693070 0.694552 -0.054193
-0.658188 0.696363 0.058462
-0.565249 0.704261 0.167050
-0.788669 0.684770 0.280515
-0.443475 0.715318 0.513487
0.165282 0.766232 0.781703
-3.379247 0.476942 -1.022726
-3.042553 0.504527 -1.016769
-3.033352 0.502588 -0.936291
-2.782464 0.523572 -0.900566
-2.367000 0.558465 -0.889013
-1.824558 0.604014 -0.884371
-1.348626 0.644803 -0.857365
-0.583299 0.709904 -0.852028
0.079802 0.765602 -0.817347
1.092524 0.852141 -0.796822
-0.620983 0.702156 -0.506810
-0.627409 0.700398 -0.391278
-0.659742 0.697912 -0.278646
-0.649616 0.698142 -0.165494
-0.693070 0.694552 -0.054193
-0.658188 0.696363 0.058462
-0.565249 0.704261 0.167050
-0.788669 0.684770 0.280515
-0.443475 0.715318 0.513487
0.165282 0.766232 0.781703
-3.338292 0.407432 -1.030625
-3.075134 0.424777 -1.007741
-3.077806 0.421838 -0.925400
-2.822882 0.439602 -0.891147
-2.383523 0.470432 -0.884397
-1.883879 0.505224 -0.873054
-1.356260 0.543119 -0.854513
-0.677142 0.591169 -0.837826
0.073652 0.643961 -0.814841
-0.638753 0.590848 -0.615445
-0.671727 0.587092 -0.500889
-0.706104 0.583395 -0.384123
-0.706700 0.583643 -0.274658
-0.692637 0.584005 -0.162492
-0.732186 0.581292 -0.052043
-0.721240 0.580878 0.060370
-0.620240 0.588037 0.167936
-0.756147 0.577985 0.281315
-0.602377 0.589364 0.391946
-0.466406 0.599647 0.512868
-0.160687 0.623209 0.639885
0.198766 0.646044 0.783917
-3.338292 0.407432 -1.030625
-3.075134 0.424777 -1.007741
-3.077806 0.421838 -0.925400
-2.822882 0.439602 -0.891147
-2.383523 0.470432 -0.884397
-1.883879 0.505224 -0.873054
-1.356260 0.543119 -0.854513
-0.677142 0.591169 -0.837826
0.073652 0.643961 -0.814841
1.004123 0.710291 -0.785828
-0.671727 0.587092 -0.500889
-0.706104 0.583395 -0.384123
-0.706700 0.583643 -0.274658
-0.692637 0.584005 -0.162492
-0.732186 0.581292 -0.052043
-0.721240 0.580878 0.060370
-0.620240 0.588037 0.167936
-0.756147 0.577985 0.281315
-0.602377 0.589364 0.391946
-0.466406 0.599647 0.512868
-0.160687 0.623209 0.639885
-3.364333 0.332831 -1.022896
-3.124459 0.345083 -0.995281
-3.103880 0.343601 -0.918558
-2.833136 0.358742 -0.887741
-2.409161 0.382495 -0.878409
-1.893389 0.411249 -0.870033
-1.460144 0.436147 -0.837735
-0.653970 0.482207 -0.839360
0.010271 0.519371 -0.805800
-0.694989 0.476652 -0.608302
-0.755946 0.471716 -0.492146
-0.766596 0.469886 -0.378489
-0.783202 0.469188 -0.268990
-0.745274 0.470737 -0.159139
-0.788887 0.468325 -0.049391
-0.773987 0.467983 0.062031
-0.693152 0.472280 0.282414
-0.567203 0.479871 0.393166
-0.029420 0.513102 0.646879
3.310398 0.709787 1.154159
-3.364333 0.332831 -1.022896
-3.124459 0.345083 -0.995281
-3.103880 0.343601 -0.918558
-2.833136 0.358742 -0.887741
-2.409161 0.382495 -0.878409
-1.893389 0.411249 -0.870033
-1.460144 0.436147 -0.837735
-0.653970 0.482207 -0.839360
0.010271 0.519371 -0.805800
0.945433 0.572938 -0.778157
-0.755946 0.471716 -0.492146
-0.766596 0.469886 -0.378489
-0.783202 0.469188 -0.268990
-0.745274 0.470737 -0.159139
-0.788887 0.468325 -0.049391
-0.773987 0.467983 0.062031
-0.693152 0.472280 0.282414
-0.567203 0.479871 0.393166
-0.029420 0.513102 0.646879
-3.395326 0.258849 -1.014262
-3.116406 0.269581 -0.995766
-3.131067 0.266171 -0.911731
-2.860231 0.277527 -0.881353
-2.412436 0.296444 -0.876598
-1.896333 0.317995 -0.868300
-1.387684 0.340243 -0.847116
-0.743234 0.367706 -0.826256
0.103845 0.403795 -0.815504
-0.764785 0.363604 -0.599951
-0.806013 0.360398 -0.486630
-0.824730 0.358352 -0.373179
-0.845400 0.357689 -0.264321
-0.847430 0.356927 -0.153578
-0.839218 0.357406 -0.047025
-0.744443 0.360378 0.062127
-0.723506 0.360869 0.282603
-0.553518 0.368624 0.393905
0.727273 0.423855 0.819139
3.330828 0.544452 1.155933
-3.395326 0.258849 -1.014262
-3.116406 0.269581 -0.995766
-3.131067 0.266171 -0.911731
-2.860231 0.277527 -0.881353
-2.412436 0.296444 -0.876598
-1.896333 0.317995 -0.868300
-1.387684 0.340243 -0.847116
-0.743234 0.367706 -0.826256
0.103845 0.403795 -0.815504
-0.764785 0.363604 -0.599951
-0.806013 0.360398 -0.486630
-0.824730 0.358352 -0.373179
-0.845400 0.357689 -0.264321
-0.847430 0.356927 -0.153578
-0.839218 0.357406 -0.047025
-0.744443 0.360378 0.062127
-0.723506 0.360869 0.282603
-0.553518 0.368624 0.393905
3.406837 0.541797 0.996243
3.330828 0.544452 1.155933
-3.392352 0.186958 -1.013915
-3.179679 0.191615 -0.980754
-3.167182 0.189310 -0.903307
-2.888474 0.197136 -0.874979
-2.432667 0.210055 -0.872027
-1.924266 0.224154 -0.862766
-1.399603 0.239794 -0.844313
-0.735047 0.258874 -0.826255
-0.070190 0.277487 -0.793876
-0.744722 0.255406 -0.601072
-0.754119 0.253732 -0.490374
-0.816671 0.250591 -0.372959
-0.853314 0.249716 -0.263076
-0.871346 0.248482 -0.151762
-0.947067 0.246282 -0.042855
3.233446 0.369231 0.985171
3.424677 0.380991 1.163742
-3.392352 0.186958 -1.013915
-3.179679 0.191615 -0.980754
-3.167182 0.189310 -0.903307
-2.888474 0.197136 -0.874979
-2.432667 0.210055 -0.872027
-1.924266 0.224154 -0.862766
-1.399603 0.239794 -0.844313
-0.735047 0.258874 -0.826255
-0.070190 0.277487 -0.793876
0.830161 0.303824 -0.763721
-0.754119 0.253732 -0.490374
-0.816671 0.250591 -0.372959
-0.853314 0.249716 -0.263076
-0.871346 0.248482 -0.151762
-0.947067 0.246282 -0.042855
3.233446 0.369231 0.985171
3.424677 0.380991 1.163742
-3.402059 0.114806 -1.010821
-3.208911 0.116126 -0.973512
-3.212216 0.113361 -0.893288
-2.886420 0.118155 -0.874610
-2.501377 0.123441 -0.859159
-1.941672 0.131359 -0.859156
-1.440628 0.139258 -0.837466
-0.775959 0.149065 -0.819997
-0.949084 0.144193 -0.689552
-0.929062 0.143310 -0.581272
-0.910853 0.142244 -0.475667
-0.917800 0.140902 -0.364713
-0.826809 0.142622 -0.264032
-0.888793 0.140902 -0.150336
-0.980544 0.139482 -0.041189
-0.965766 0.138500 0.067310
-0.720919 0.141978 0.283596
0.666851 0.166676 0.684024
3.245172 0.204624 0.986464
3.221247 0.210129 1.147932
3.198455 0.211151 1.316867
-3.402059 0.114806 -1.010821
-3.208911 0.116126 -0.973512
-3.212216 0.113361 -0.893288
-2.886420 0.118155 -0.874610
-2.501377 0.123441 -0.859159
-1.941672 0.131359 -0.859156
-1.440628 0.139258 -0.837466
-0.775959 0.149065 -0.819997
-0.087154 0.158802 -0.790988
-0.929062 0.143310 -0.581272
-0.910853 0.142244 -0.475667
-0.917800 0.140902 -0.364713
-0.826809 0.142622 -0.264032
-0.888793 0.140902 -0.150336
-0.980544 0.139482 -0.041189
-0.965766 0.138500 0.067310
-0.720919 0.141978 0.283596
3.278987 0.209560 0.819531
3.245172 0.204624 0.986464
3.221247 0.210129 1.147932
3.198455 0.211151 1.316867
-3.385523 0.043107 -1.014169
-3.243106 0.041467 -0.965425
-3.234807 0.038806 -0.888118
-2.944409 0.038904 -0.863026
-2.496451 0.039075 -0.859469
-1.984070 0.039007 -0.851749
-1.487017 0.039898 -0.830059
-0.949277 0.040019 -0.796517
-0.932078 0.038162 -0.690942
-0.872264 0.037094 -0.586535
-0.953609 0.035484 -0.471283
-0.904788 0.034368 -0.365126
-0.977476 0.034392 -0.254337
-0.699966 0.034361 -0.158559
-1.003519 0.033690 -0.039932
-1.016768 0.032427 0.068731
-0.699920 0.032618 0.284289
-0.113898 0.034131 0.405701
3.262582 0.039774 0.988263
-3.385523 0.043107 -1.014169
-3.243106 0.041467 -0.965425
-3.234807 0.038806 -0.888118
-2.944409 0.038904 -0.863026
-2.496451 0.039075 -0.859469
-1.984070 0.039007 -0.851749
-1.487017 0.039898 -0.830059
-0.949277 0.040019 -0.796517
-0.932078 0.038162 -0.690942
-0.872264 0.037094 -0.586535
-0.953609 0.035484 -0.471283
-0.904788 0.034368 -0.365126
-0.977476 0.034392 -0.254337
-0.699966 0.034361 -0.158559
-1.003519 0.033690 -0.039932
-1.016768 0.032427 0.068731
-0.699920 0.032618 0.284289
-0.113898 0.034131 0.405701
3.262582 0.039774 0.988263
-3.397242 -0.028801 -1.011097
-3.286151 -0.032149 -0.955630
-3.301534 -0.034690 -0.874105
-2.932771 -0.039398 -0.864928
-2.579370 -0.044538 -0.844561
-2.023803 -0.052182 -0.844996
-1.459595 -0.058931 -0.833685
-1.017024 -0.065312 -0.787175
-0.996004 -0.067449 -0.683006
-0.999977 -0.068648 -0.572947
-1.005818 -0.069969 -0.466211
-1.008937 -0.071177 -0.356929
-1.013850 -0.070933 -0.251696
-0.808320 -0.074019 -0.153086
-1.055952 -0.071113 -0.037786
-1.029252 -0.072666 0.069407
-0.660453 -0.077539 0.285170
-3.397242 -0.028801 -1.011097
-3.286151 -0.032149 -0.955630
-3.301534 -0.034690 -0.874105
-2.932771 -0.039398 -0.864928
-2.579370 -0.044538 -0.844561
-2.023803 -0.052182 -0.844996
-1.459595 -0.058931 -0.833685
-1.017024 -0.065312 -0.787175
-0.996004 -0.067449 -0.683006
-0.999977 -0.068648 -0.572947
-1.005818 -0.069969 -0.466211
-1.008937 -0.071177 -0.356929
-1.013850 -0.070933 -0.251696
-0.808320 -0.074019 -0.153086
-1.055952 -0.071113 -0.037786
-1.029252 -0.072666 0.069407
-0.660453 -0.077539 0.285170
-3.390499 -0.100813 -1.012627
-3.306781 -0.105097 -0.951015
-3.294842 -0.108066 -0.875404
-2.985084 -0.116531 -0.854873
-2.557091 -0.128382 -0.848360
-2.029264 -0.143120 -0.843975
-1.512693 -0.156588 -0.825734
-1.042610 -0.169823 -0.783598
-0.946211 -0.174140 -0.688628
-1.061501 -0.172518 -0.566356
-1.059481 -0.173960 -0.461161
-1.062684 -0.175130 -0.352623
-1.075631 -0.174630 -0.247625
-0.858233 -0.180898 -0.150413
-1.133809 -0.173839 -0.034884
-0.646530 -0.188178 0.285796
0.514923 -0.217856 0.421763
-3.390499 -0.100813 -1.012627
-3.306781 -0.105097 -0.951015
-3.294842 -0.108066 -0.875404
-2.985084 -0.116531 -0.854873
-2.557091 -0.128382 -0.848360
-2.029264 -0.143120 -0.843975
-1.512693 -0.156588 -0.825734
-1.042610 -0.169823 -0.783598
-0.096321 -0.195294 -0.788505
-1.061501 -0.172518 -0.566356
-1.059481 -0.173960 -0.461161
-1.062684 -0.175130 -0.352623
-1.075631 -0.174630 -0.247625
-0.858233 -0.180898 -0.150413
-1.133809 -0.173839 -0.034884
-0.646530 -0.188178 0.285796
0.514923 -0.217856 0.421763
-3.404218 -0.172312 -1.009578
-3.344034 -0.176903 -0.942972
-3.332248 -0.180027 -0.867861
-2.979548 -0.194432 -0.856050
-2.555678 -0.212111 -0.848710
-2.063617 -0.232861 -0.838525
-1.527580 -0.254294 -0.823595
-1.065678 -0.273787 -0.780561
-1.108330 -0.274059 -0.669535
-1.120468 -0.274843 -0.560196
-1.070774 -0.278188 -0.460026
-1.129812 -0.277130 -0.347447
-1.102921 -0.278033 -0.245750
-0.849721 -0.288765 -0.150529
-1.177105 -0.275826 -0.033169
-1.134530 -0.278766 0.072075
-0.650146 -0.298590 0.286246
-3.404218 -0.172312 -1.009578
-3.344034 -0.176903 -0.942972
-3.332248 -0.180027 -0.867861
-2.979548 -0.194432 -0.856050
-2.555678 -0.212111 -0.848710
-2.063617 -0.232861 -0.838525
-1.527580 -0.254294 -0.823595
-1.065678 -0.273787 -0.780561
-1.108330 -0.274059 -0.669535
-1.120468 -0.274843 -0.560196
-1.070774 -0.278188 -0.460026
-1.129812 -0.277130 -0.347447
-1.102921 -0.278033 -0.245750
-0.849721 -0.288765 -0.150529
-1.177105 -0.275826 -0.033169
-1.134530 -0.278766 0.072075
-0.650146 -0.298590 0.286246
-3.418929 -0.243450 -1.006540
-3.366660 -0.248486 -0.938383
-3.362808 -0.251370 -0.861942
-2.979028 -0.272309 -0.856490
-2.594782 -0.293867 -0.842155
-2.043985 -0.324558 -0.841975
-1.559631 -0.350791 -0.819156
-0.836719 -0.390468 -0.810922
-1.152712 -0.375782 -0.664463
-1.172877 -0.375981 -0.554876
-1.159111 -0.378117 -0.452185
-1.158483 -0.379419 -0.345260
-1.163532 -0.379010 -0.241961
-1.173899 -0.379208 -0.135362
-1.181874 -0.378776 -0.032764
-1.163312 -0.381041 0.072912
-1.094300 -0.384997 0.174453
-0.643320 -0.409583 0.286802
-3.418929 -0.243450 -1.006540
-3.366660 -0.248486 -0.938383
-3.362808 -0.251370 -0.861942
-2.979028 -0.272309 -0.856490
-2.594782 -0.293867 -0.842155
-2.043985 -0.324558 -0.841975
-1.559631 -0.350791 -0.819156
-0.836719 -0.390468 -0.810922
-1.152712 -0.375782 -0.664463
-1.172877 -0.375981 -0.554876
-1.159111 -0.378117 -0.452185
-1.158483 -0.379419 -0.345260
-1.163532 -0.379010 -0.241961
-1.173899 -0.379208 -0.135362
-1.181874 -0.378776 -0.032764
-1.163312 -0.381041 0.072912
-1.094300 -0.384997 0.174453
-0.643320 -0.409583 0.286802
-3.434622 -0.314214 -1.003514
-3.401963 -0.318718 -0.931228
-3.398250 -0.321644 -0.855232
-2.979599 -0.350240 -0.856941
-2.599613 -0.376906 -0.841839
-2.128114 -0.410068 -0.828944
-1.612750 -0.445137 -0.811840
-0.938044 -0.491725 -0.798001
-0.282814 -0.537507 -0.767071
-1.055937 -0.487150 -0.567168
-1.205037 -0.478576 -0.448258
-1.200500 -0.480161 -0.342201
-1.209566 -0.479426 -0.239159
-1.172130 -0.482716 -0.135341
-1.184091 -0.481917 -0.032504
-1.177537 -0.483648 0.073445
-1.124559 -0.487502 0.174946
-0.570216 -0.525422 0.288043
-3.434622 -0.314214 -1.003514
-3.401963 -0.318718 -0.931228
-3.398250 -0.321644 -0.855232
-2.979599 -0.350240 -0.856941
-2.599613 -0.376906 -0.841839
-2.128114 -0.410068 -0.828944
-1.612750 -0.445137 -0.811840
-0.938044 -0.491725 -0.798001
-0.282814 -0.537507 -0.767071
-1.055937 -0.487150 -0.567168
-1.205037 -0.478576 -0.448258
-1.200500 -0.480161 -0.342201
-1.209566 -0.479426 -0.239159
-1.172130 -0.482716 -0.135341
-1.184091 -0.481917 -0.032504
-1.177537 -0.483648 0.073445
-1.124559 -0.487502 0.174946
-0.570216 -0.525422 0.288043
-3.451290 -0.384590 -1.000500
-3.418740 -0.389552 -0.928385
-3.422921 -0.391912 -0.850948
-3.016517 -0.425406 -0.850680
-2.644877 -0.456732 -0.834623
-2.185792 -0.495508 -0.820373
-1.635572 -0.540608 -0.809172
-1.020910 -0.591830 -0.787711
-0.311076 -0.651210 -0.764321
-1.198480 -0.580769 -0.552884
-1.248349 -0.578154 -0.444703
-1.231954 -0.580777 -0.340050
-1.260936 -0.578311 -0.236135
-1.219608 -0.582455 -0.133127
-1.243537 -0.580529 -0.030457
-1.197172 -0.585610 0.074034
-1.080474 -0.595428 0.175111
-0.462940 -0.646317 0.289649
-3.451290 -0.384590 -1.000500
-3.418740 -0.389552 -0.928385
-3.422921 -0.391912 -0.850948
-3.016517 -0.425406 -0.850680
-2.644877 -0.456732 -0.834623
-2.185792 -0.495508 -0.820373
-1.635572 -0.540608 -0.809172
-1.020910 -0.591830 -0.787711
-0.311076 -0.651210 -0.764321
-1.198480 -0.580769 -0.552884
-1.248349 -0.578154 -0.444703
-1.231954 -0.580777 -0.340050
-1.260936 -0.578311 -0.236135
-1.219608 -0.582455 -0.133127
-1.243537 -0.580529 -0.030457
-1.197172 -0.585610 0.074034
-1.080474 -0.595428 0.175111
-0.462940 -0.646317 0.289649
-3.452051 -0.458537 -0.922116
-3.444645 -0.461921 -0.847481
-3.081831 -0.497049 -0.839207
-2.659823 -0.538320 -0.832951
-2.252460 -0.578683 -0.810552
-1.667587 -0.634788 -0.805364
-0.998472 -0.699809 -0.791510
-0.336944 -0.764608 -0.762056
-1.187665 -0.685198 -0.554569
-1.193843 -0.686066 -0.449999
-1.225072 -0.684404 -0.340877
-1.194388 -0.687238 -0.240354
-1.196826 -0.687807 -0.134238
-1.125199 -0.694690 -0.034211
-1.158496 -0.692837 0.073539
-1.069817 -0.701632 0.175395
-0.449082 -0.761537 0.290293
-3.452051 -0.458537 -0.922116
-3.444645 -0.461921 -0.847481
-3.081831 -0.497049 -0.839207
-2.659823 -0.538320 -0.832951
-2.252460 -0.578683 -0.810552
-1.667587 -0.634788 -0.805364
-0.998472 -0.699809 -0.791510
-0.336944 -0.764608 -0.762056
-1.187665 -0.685198 -0.554569
-1.193843 -0.686066 -0.449999
-1.225072 -0.684404 -0.340877
-1.194388 -0.687238 -0.240354
-1.196826 -0.687807 -0.134238
-1.125199 -0.694690 -0.034211
-1.158496 -0.692837 0.073539
-1.069817 -0.701632 0.175395
-0.449082 -0.761537 0.290293
-3.101174 -0.572007 -0.836709
-2.660227 -0.621275 -0.834056
-2.186700 -0.674558 -0.822297
-1.704815 -0.727757 -0.800993
-1.087985 -0.796530 -0.780741
-0.372269 -0.876552 -0.758878
-1.130870 -0.795226 -0.561168
-1.228075 -0.786083 -0.447536
-1.231555 -0.787034 -0.340830
-1.137412 -0.797268 -0.244100
-1.096121 -0.802621 -0.139033
-1.020571 -0.810960 -0.037583
-1.085610 -0.805191 0.072396
-0.230124 -0.900001 0.293095
-3.101174 -0.572007 -0.836709
-2.660227 -0.621275 -0.834056
-2.186700 -0.674558 -0.822297
-1.704815 -0.727757 -0.800993
-1.087985 -0.796530 -0.780741
-0.372269 -0.876552 -0.758878
0.399942 -0.962334 -0.719262
-1.228075 -0.786083 -0.447536
-1.231555 -0.787034 -0.340830
-1.137412 -0.797268 -0.244100
-1.096121 -0.802621 -0.139033
-1.020571 -0.810960 -0.037583
-1.085610 -0.805191 0.072396
-0.230124 -0.900001 0.293095
-3.121542 -0.646524 -0.834225
-2.708732 -0.698594 -0.826885
-2.240010 -0.757980 -0.815043
-1.715793 -0.823184 -0.800686
-1.099984 -0.900566 -0.780406
-0.472204 -0.979895 -0.748275
0.606634 -1.114404 -0.741727
-1.156895 -0.898467 -0.454619
-1.136546 -0.902350 -0.348486
-1.117751 -0.904610 -0.245692
-1.068590 -0.911543 -0.140533
-1.092340 -0.908675 -0.035325
-1.046188 -0.915779 0.071810
-0.878392 -0.936930 0.175230
-0.077007 -1.036845 0.295229
-3.121542 -0.646524 -0.834225
-2.708732 -0.698594 -0.826885
-2.240010 -0.757980 -0.815043
-1.715793 -0.823184 -0.800686
-1.099984 -0.900566 -0.780406
-0.472204 -0.979895 -0.748275
0.606634 -1.114404 -0.741727
-1.156895 -0.898467 -0.454619
-1.136546 -0.902350 -0.348486
-1.117751 -0.904610 -0.245692
-1.068590 -0.911543 -0.140533
-1.092340 -0.908675 -0.035325
-1.046188 -0.915779 0.071810
-0.878392 -0.936930 0.175230
-0.077007 -1.036845 0.295229
-3.131246 -0.722175 -0.833991
-2.738723 -0.777345 -0.823182
-2.247444 -0.846465 -0.815405
-1.783004 -0.910941 -0.792304
-1.046637 -1.013576 -0.788934
-0.459275 -1.096297 -0.751185
0.617622 -1.245866 -0.744193
-1.075600 -1.014621 -0.462768
-1.055205 -1.018835 -0.355262
-0.996807 -1.026838 -0.253544
-1.030780 -1.023031 -0.142595
-0.991099 -1.028595 -0.038717
-0.917287 -1.040217 0.069591
-0.710166 -1.069211 0.174843
0.018409 -1.170469 0.296770
-3.131246 -0.722175 -0.833991
-2.738723 -0.777345 -0.823182
-2.247444 -0.846465 -0.815405
-1.783004 -0.910941 -0.792304
-1.046637 -1.013576 -0.788934
-0.459275 -1.096297 -0.751185
0.617622 -1.245866 -0.744193
-1.075600 -1.014621 -0.462768
-1.055205 -1.018835 -0.355262
-0.996807 -1.026838 -0.253544
-1.030780 -1.023031 -0.142595
-0.991099 -1.028595 -0.038717
-0.917287 -1.040217 0.069591
-0.710166 -1.069211 0.174843
0.018409 -1.170469 0.296770
-3.169209 -0.793599 -0.828546
-2.800942 -0.850708 -0.813971
-2.326417 -0.924289 -0.804383
-1.796533 -1.005260 -0.792028
-1.191078 -1.098594 -0.771460
-0.522660 -1.201943 -0.745276
0.567707 -1.368901 -0.740556
-0.885825 -1.149975 -0.480796
-0.510331 -1.208556 -0.396896
-0.822590 -1.161021 -0.264762
-0.903778 -1.149583 -0.148878
-0.796917 -1.165960 -0.045181
-0.739028 -1.176266 0.066451
-0.457180 -1.219634 0.174116
-3.169209 -0.793599 -0.828546
-2.800942 -0.850708 -0.813971
-2.326417 -0.924289 -0.804383
-1.796533 -1.005260 -0.792028
-1.191078 -1.098594 -0.771460
-0.522660 -1.201943 -0.745276
0.567707 -1.368901 -0.740556
1.095607 -1.451011 -0.658124
-0.510331 -1.208556 -0.396896
-0.822590 -1.161021 -0.264762
-0.903778 -1.149583 -0.148878
-0.796917 -1.165960 -0.045181
-0.739028 -1.176266 0.066451
-0.457180 -1.219634 0.174116
-3.184839 -0.867933 -0.827591
-2.797978 -0.933380 -0.816508
-2.332285 -1.012306 -0.805408
-1.846524 -1.093573 -0.786568
-1.226849 -1.197923 -0.768574
-0.575652 -1.307988 -0.740782
0.504373 -1.488833 -0.735717
1.093902 -1.588753 -0.659514
-0.429789 -1.337043 -0.403966
-0.638867 -1.302230 -0.276701
-0.672448 -1.297602 -0.160103
-0.459221 -1.333245 -0.056366
-0.417154 -1.341832 0.060712
-3.184839 -0.867933 -0.827591
-2.797978 -0.933380 -0.816508
-2.332285 -1.012306 -0.805408
-1.846524 -1.093573 -0.786568
-1.226849 -1.197923 -0.768574
-0.575652 -1.307988 -0.740782
0.504373 -1.488833 -0.735717
1.093902 -1.588753 -0.659514
-0.429789 -1.337043 -0.403966
-0.638867 -1.302230 -0.276701
-0.672448 -1.297602 -0.160103
-0.459221 -1.333245 -0.056366
-0.417154 -1.341832 0.060712
-3.201331 -0.941056 -0.826650
-2.799906 -1.014604 -0.818369
-2.366419 -1.094378 -0.802018
-1.881867 -1.182326 -0.783438
-1.267633 -1.294499 -0.765189
-0.614145 -1.414224 -0.738171
0.459337 -1.609229 -0.732944
0.976816 -1.704533 -0.650712
-0.142972 -1.504159 -0.426687
2.175222 -1.922858 -0.449320
2.403302 -1.965420 -0.303612
2.645198 -2.009347 -0.157279
3.101362 -2.094101 -0.002007
-3.201331 -0.941056 -0.826650
-2.799906 -1.014604 -0.818369
-2.366419 -1.094378 -0.802018
-1.881867 -1.182326 -0.783438
-1.267633 -1.294499 -0.765189
-0.614145 -1.414224 -0.738171
0.459337 -1.609229 -0.732944
0.976816 -1.704533 -0.650712
1.662799 -1.830308 -0.562409
2.175222 -1.922858 -0.449320
2.403302 -1.965420 -0.303612
2.645198 -2.009347 -0.157279
3.101362 -2.094101 -0.002007
-3.230753 -1.013514 -0.823479
-2.865262 -1.085981 -0.809199
-2.398169 -1.178601 -0.799270
-1.926599 -1.271121 -0.779164
-1.321854 -1.390438 -0.760256
-0.638986 -1.525444 -0.737429
0.244149 -1.699078 -0.712658
0.924232 -1.833644 -0.647915
1.541773 -1.956111 -0.554975
2.103686 -2.065841 -0.446309
2.366397 -2.118527 -0.302865
2.690034 -2.181989 -0.159308
-3.230753 -1.013514 -0.823479
-2.865262 -1.085981 -0.809199
-2.398169 -1.178601 -0.799270
-1.926599 -1.271121 -0.779164
-1.321854 -1.390438 -0.760256
-0.638986 -1.525444 -0.737429
0.244149 -1.699078 -0.712658
0.924232 -1.833644 -0.647915
1.541773 -1.956111 -0.554975
2.103686 -2.065841 -0.446309
2.366397 -2.118527 -0.302865
2.690034 -2.181989 -0.159308
-3.245571 -1.087606 -0.823306
-2.877271 -1.165973 -0.809703
-2.415374 -1.264305 -0.799070
-1.983892 -1.355321 -0.773178
-1.342124 -1.491153 -0.760021
-0.595098 -1.649509 -0.745067
0.320679 -1.842831 -0.722967
0.854651 -1.956702 -0.643736
1.462559 -2.086134 -0.550817
2.069726 -2.213541 -0.445725
-3.374645 -2.237685 1.150510
-3.280115 -2.280445 1.253956
-3.245571 -1.087606 -0.823306
-2.877271 -1.165973 -0.809703
-2.415374 -1.264305 -0.799070
-1.983892 -1.355321 -0.773178
-1.342124 -1.491153 -0.760021
-0.595098 -1.649509 -0.745067
0.320679 -1.842831 -0.722967
0.854651 -1.956702 -0.643736
1.462559 -2.086134 -0.550817
2.069726 -2.213541 -0.445725
-3.374645 -2.237685 1.150510
-3.443149 -2.248069 1.060844
-3.429805 -2.255385 1.143248
-3.436198 -2.254173 1.225986
-3.443149 -2.248069 1.060844
-3.429805 -2.255385 1.143248
-3.436198 -2.254173 1.225986
-3.253750 -1.163190 -0.824635
-2.894252 -1.244988 -0.809530
-2.456904 -1.344602 -0.795088
-2.011332 -1.445072 -0.771824
-1.410246 -1.581198 -0.753567
-0.785773 -1.723048 -0.724861
0.258983 -1.958614 -0.719032
0.822368 -2.086894 -0.643100
1.342767 -2.205599 -0.543737
-3.463106 -2.283028 1.060232
-3.253750 -1.163190 -0.824635
-2.894252 -1.244988 -0.809530
-2.456904 -1.344602 -0.795088
-2.011332 -1.445072 -0.771824
-1.410246 -1.581198 -0.753567
-0.785773 -1.723048 -0.724861
0.258983 -1.958614 -0.719032
0.822368 -2.086894 -0.643100
1.342767 -2.205599 -0.543737
-3.463106 -2.283028 1.060232
-3.308895 -1.227886 -0.817031
-2.943005 -1.316480 -0.803854
-2.476422 -1.429471 -0.794915
-2.028446 -1.537070 -0.772216
-1.471754 -1.671475 -0.748170
-0.803013 -1.833063 -0.725570
0.052580 -2.038865 -0.700052
0.757279 -2.209164 -0.639670
-3.308895 -1.227886 -0.817031
-2.943005 -1.316480 -0.803854
-2.476422 -1.429471 -0.794915
-2.028446 -1.537070 -0.772216
-1.471754 -1.671475 -0.748170
-0.803013 -1.833063 -0.725570
0.052580 -2.038865 -0.700052
0.757279 -2.209164 -0.639670
-3.356960 -1.292287 -0.810932
-2.946553 -1.397438 -0.806466
-2.531324 -1.504308 -0.789067
-2.069597 -1.621927 -0.769163
-1.468707 -1.775643 -0.751623
-0.833026 -1.938663 -0.724906
0.135363 -2.185547 -0.711637
-3.356960 -1.292287 -0.810932
-2.946553 -1.397438 -0.806466
-2.531324 -1.504308 -0.789067
-2.069597 -1.621927 -0.769163
-1.468707 -1.775643 -0.751623
-0.833026 -1.938663 -0.724906
0.135363 -2.185547 -0.711637
-3.364266 -1.367627 -0.813042
-3.020058 -1.461247 -0.796680
-2.545432 -1.590161 -0.790186
-2.096849 -1.711157 -0.768430
-1.524992 -1.866070 -0.747299
-0.891701 -2.037930 -0.721009
0.084631 -2.301384 -0.709394
-3.364266 -1.367627 -0.813042
-3.020058 -1.461247 -0.796680
-2.545432 -1.590161 -0.790186
-2.096849 -1.711157 -0.768430
-1.524992 -1.866070 -0.747299
-0.891701 -2.037930 -0.721009
0.084631 -2.301384 -0.709394
-3.395364 -1.436630 -0.810692
-3.056320 -1.533967 -0.793801
-2.598781 -1.665190 -0.784997
-2.140568 -1.795643 -0.765406
-1.586233 -1.954198 -0.742472
-0.917232 -2.145674 -0.721306
-3.395364 -1.436630 -0.810692
-3.056320 -1.533967 -0.793801
-2.598781 -1.665190 -0.784997
-2.140568 -1.795643 -0.765406
-1.586233 -1.954198 -0.742472
-0.917232 -2.145674 -0.721306
-3.420107 -1.508161 -0.809843
-3.056043 -1.618133 -0.797826
-2.657140 -1.738948 -0.779189
-2.181922 -1.881485 -0.762972
-1.599505 -2.056909 -0.744410
-0.997979 -2.238537 -0.715124
-3.420107 -1.508161 -0.809843
-3.056043 -1.618133 -0.797826
-2.657140 -1.738948 -0.779189
-2.181922 -1.881485 -0.762972
-1.599505 -2.056909 -0.744410
-0.997979 -2.238537 -0.715124
-3.434309 -1.581904 -0.811243
-3.105648 -1.686389 -0.792905
-2.685915 -1.819806 -0.778454
-2.224074 -1.965418 -0.760554
-1.632839 -2.152500 -0.743769
-3.434309 -1.581904 -0.811243
-3.105648 -1.686389 -0.792905
-2.685915 -1.819806 -0.778454
-2.224074 -1.965418 -0.760554
-1.632839 -2.152500 -0.743769
-3.159522 -1.751414 -0.787310
-2.722971 -1.896724 -0.776469
-2.270729 -2.046214 -0.757576
-1.685935 -2.240178 -0.740551
-3.159522 -1.751414 -0.787310
-2.722971 -1.896724 -0.776469
-2.270729 -2.046214 -0.757576
-1.685935 -2.240178 -0.740551
-3.151106 -1.837937 -0.793440
-2.832358 -1.949610 -0.762490
-2.315036 -2.128474 -0.755188
-3.151106 -1.837937 -0.793440
-2.832358 -1.949610 -0.762490
-2.315036 -2.128474 -0.755188
-3.200032 -1.906018 -0.789246
-2.823471 -2.043526 -0.768746
-2.390603 -2.200270 -0.748204
-3.200032 -1.906018 -0.789246
-2.823471 -2.043526 -0.768746
-2.390603 -2.200270 -0.748204
-3.245765 -1.973547 -0.785755
-2.874902 -2.114891 -0.764905
-2.440605 -2.279035 -0.745269
-3.245765 -1.973547 -0.785755
-2.874902 -2.114891 -0.764905
-2.440605 -2.279035 -0.745269
-3.281328 -2.044475 -0.784343
-2.919849 -2.188099 -0.762342
-3.281328 -2.044475 -0.784343
-2.919849 -2.188099 -0.762342
-3.321116 -2.112402 -0.782255
-2.972654 -2.256518 -0.758529
-3.321116 -2.112402 -0.782255
-2.972654 -2.256518 -0.758529
-3.358910 -2.182967 -0.780868
-3.358910 -2.182967 -0.780868
-3.458618 -2.233669 -0.363612
-3.423252 -2.250780 -0.288777
-3.443355 -2.243302 -0.206184
-3.394887 -2.264942 -0.131658
-3.435224 -2.248091 -0.048798
-3.396054 -2.265741 0.027344
-3.387453 -2.270958 0.108152
-3.405730 -2.264082 0.267141
-3.418036 -2.258862 0.343896
-3.409490 -2.262763 0.425831
-3.408841 -2.262420 0.503028
-3.447075 -2.248180 0.580736
-3.440362 -2.248495 0.658612
-3.428545 -2.253416 0.741102
-3.424890 -2.255046 0.819757
-3.418754 -2.257128 0.902445
-3.442470 -2.246224 0.978416
-3.387453 -2.270958 0.108152
-3.405730 -2.264082 0.267141
-3.418036 -2.258862 0.343896
-3.447075 -2.248180 0.580736
-3.440362 -2.248495 0.658612
-3.428545 -2.253416 0.741102
-3.424890 -2.255046 0.819757
-3.418754 -2.257128 0.902445
-3.442470 -2.246224 0.978416
-3.424525 2.296896 -1.135136
-3.424525 2.296896 -1.135136
-3.445051 2.231629 -1.126123
-3.202409 2.267687 -1.121025
-3.445051 2.231629 -1.126123
-3.202409 2.267687 -1.121025
-3.435849 2.170632 -1.125462
-3.200401 2.202178 -1.118356
-2.874951 2.246191 -1.123012
-2.560803 2.288534 -1.119140
-3.435849 2.170632 -1.125462
-3.200401 2.202178 -1.118356
-2.874951 2.246191 -1.123012
-2.560803 2.288534 -1.119140
-3.427607 2.110268 -1.124828
-3.203280 2.137065 -1.114733
-2.900455 2.173614 -1.113955
-2.589737 2.211077 -1.109668
-2.207697 2.257003 -1.108882
-2.012205 2.279012 -1.063655
-1.902742 2.291927 -0.995774
-3.427607 2.110268 -1.124828
-3.203280 2.137065 -1.114733
-2.900455 2.173614 -1.113955
-2.589737 2.211077 -1.109668
-2.207697 2.257003 -1.108882
-2.012205 2.279012 -1.063655
-1.902742 2.291927 -0.995774
-3.435648 2.048819 -1.120059
-3.211033 2.072517 -1.110156
-2.888455 2.107054 -1.114202
-2.565598 2.141529 -1.112428
-2.217943 2.178285 -1.104042
-2.096399 2.189360 -1.044680
-1.904829 2.209832 -0.992858
-1.627556 2.239274 -0.951957
-1.652832 2.235014 -0.856347
-1.656387 2.234309 -0.767460
-1.609500 2.238538 -0.682321
-1.575996 2.241130 -0.598228
-3.435648 2.048819 -1.120059
-3.211033 2.072517 -1.110156
-2.888455 2.107054 -1.114202
-2.565598 2.141529 -1.112428
-2.217943 2.178285 -1.104042
-2.096399 2.189360 -1.044680
-1.904829 2.209832 -0.992858
-1.627556 2.239274 -0.951957
-1.652832 2.235014 -0.856347
-1.656387 2.234309 -0.767460
-1.609500 2.238538 -0.682321
-1.575996 2.241130 -0.598228
-3.417500 1.988843 -1.122577
-3.192529 2.009361 -1.112476
-2.861706 2.040094 -1.118155
-2.569416 2.066972 -1.109098
-2.225212 2.098431 -1.100025
-2.119213 2.106258 -1.037843
-1.947064 2.122107 -0.982955
-1.587007 2.155562 -0.956259
-1.628035 2.150113 -0.857850
-1.600005 2.152463 -0.772987
-1.560892 2.155243 -0.686205
-0.545214 2.251304 -0.705177
-0.574656 2.247841 -0.597285
-0.562215 2.248228 -0.496647
-0.550991 2.248646 -0.392750
-0.561442 2.248358 -0.291375
-0.624839 2.242155 -0.185316
-0.636899 2.241232 0.116195
-0.448367 2.266204 0.848195
-0.511392 2.261099 0.943606
-0.465821 2.267305 1.056778
-0.476574 2.267774 1.159667
-3.417500 1.988843 -1.122577
-3.192529 2.009361 -1.112476
-2.861706 2.040094 -1.118155
-2.569416 2.066972 -1.109098
-2.225212 2.098431 -1.100025
-2.119213 2.106258 -1.037843
-1.947064 2.122107 -0.982955
-1.587007 2.155562 -0.956259
-1.628035 2.150113 -0.857850
-1.600005 2.152463 -0.772987
-1.560892 2.155243 -0.686205
-0.545214 2.251304 -0.705177
-0.574656 2.247841 -0.597285
-0.562215 2.248228 -0.496647
-0.550991 2.248646 -0.392750
-0.561442 2.248358 -0.291375
-0.624839 2.242155 -0.185316
-0.636899 2.241232 0.116195
-0.448367 2.266204 0.848195
-0.511392 2.261099 0.943606
-0.465821 2.267305 1.056778
-0.476574 2.267774 1.159667
-3.427193 1.926937 -1.117844
-3.190427 1.945286 -1.110888
-2.866977 1.970751 -1.114731
-2.589942 1.992245 -1.102325
-2.233712 2.019869 -1.096046
-2.178555 2.021993 -1.024244
-1.943585 2.040596 -0.981490
-1.528023 2.073547 -0.963805
-1.028742 2.112969 -0.944919
-0.533245 2.153193 -0.914266
0.291678 2.219533 -0.905664
0.875360 2.265698 -0.852794
0.384915 2.223943 -0.567621
0.373196 2.222216 -0.448726
0.323600 2.218939 -0.332717
0.392117 2.224312 -0.218554
0.295456 2.217049 -0.103143
0.293013 2.216076 0.013202
0.677389 2.249048 0.727953
-3.427193 1.926937 -1.117844
-3.190427 1.945286 -1.110888
-2.866977 1.970751 -1.114731
-2.589942 1.992245 -1.102325
-2.233712 2.019869 -1.096046
-2.178555 2.021993 -1.024244
-1.943585 2.040596 -0.981490
-1.528023 2.073547 -0.963805
-1.028742 2.112969 -0.944919
-0.533245 2.153193 -0.914266
0.291678 2.219533 -0.905664
0.875360 2.265698 -0.852794
0.384915 2.223943 -0.567621
0.373196 2.222216 -0.448726
0.323600 2.218939 -0.332717
0.392117 2.224312 -0.218554
0.295456 2.217049 -0.103143
0.293013 2.216076 0.013202
0.677389 2.249048 0.727953
-3.437768 1.865385 -1.113134
-3.177620 1.882056 -1.112270
-2.900403 1.899750 -1.104858
-2.580380 1.920354 -1.102534
-2.239418 1.941920 -1.092907
-2.211708 1.941368 -1.015977
-1.964823 1.957482 -0.975860
-1.556789 1.984087 -0.957231
-1.041298 2.017608 -0.941138
-0.584886 2.048211 -0.905404
0.149625 2.096846 -0.886700
0.828912 2.141300 -0.845865
2.081133 2.225039 -0.834315
0.305924 2.104157 -0.559896
0.294083 2.102557 -0.442263
0.248355 2.100191 -0.327667
0.288958 2.102688 -0.213754
0.263974 2.101571 -0.101330
0.241544 2.099254 0.014550
1.839566 2.208284 0.409625
2.275818 2.238861 0.572051
1.865480 2.213305 0.683893
0.618496 2.126088 0.723668
-3.437768 1.865385 -1.113134
-3.177620 1.882056 -1.112270
-2.900403 1.899750 -1.104858
-2.580380 1.920354 -1.102534
-2.239418 1.941920 -1.092907
-2.211708 1.941368 -1.015977
-1.964823 1.957482 -0.975860
-1.556789 1.984087 -0.957231
-1.041298 2.017608 -0.941138
-0.584886 2.048211 -0.905404
0.149625 2.096846 -0.886700
0.828912 2.141300 -0.845865
2.081133 2.225039 -0.834315
0.305924 2.104157 -0.559896
0.294083 2.102557 -0.442263
0.248355 2.100191 -0.327667
0.288958 2.102688 -0.213754
0.263974 2.101571 -0.101330
0.241544 2.099254 0.014550
1.839566 2.208284 0.409625
2.275818 2.238861 0.572051
1.865480 2.213305 0.683893
0.618496 2.126088 0.723668
-3.426075 1.805509 -1.114677
-3.204404 1.816367 -1.103844
-2.892111 1.832148 -1.105184
-2.599109 1.846765 -1.096686
-2.285331 1.862061 -1.081686
-2.257785 1.861113 -1.005478
-1.999044 1.874410 -0.968170
-1.551352 1.897457 -0.956471
-1.090761 1.920782 -0.932128
-0.574695 1.948207 -0.905056
0.104900 1.983587 -0.879601
0.836299 2.021319 -0.844816
0.283495 1.990818 -0.669999
0.225194 1.986702 -0.552229
0.221205 1.985660 -0.436350
0.175376 1.983885 -0.322865
0.223936 1.986203 -0.210358
0.182927 1.984539 -0.098617
0.176416 1.983357 0.015912
0.330839 1.992656 0.355336
0.405425 1.997523 0.477238
0.410799 1.999631 0.590185
0.537928 2.003844 0.717753
-3.426075 1.805509 -1.114677
-3.204404 1.816367 -1.103844
-2.892111 1.832148 -1.105184
-2.599109 1.846765 -1.096686
-2.285331 1.862061 -1.081686
-2.257785 1.861113 -1.005478
-1.999044 1.874410 -0.968170
-1.551352 1.897457 -0.956471
-1.090761 1.920782 -0.932128
-0.574695 1.948207 -0.905056
0.104900 1.983587 -0.879601
0.836299 2.021319 -0.844816
1.946354 2.079895 -0.820180
0.225194 1.986702 -0.552229
0.221205 1.985660 -0.436350
0.175376 1.983885 -0.322865
0.223936 1.986203 -0.210358
0.182927 1.984539 -0.098617
0.176416 1.983357 0.015912
0.330839 1.992656 0.355336
0.405425 1.997523 0.477238
0.410799 1.999631 0.590185
0.537928 2.003844 0.717753
-3.442228 1.744215 -1.108973
-3.193384 1.753128 -1.105268
-2.880872 1.764547 -1.106455
-2.603275 1.774418 -1.094339
-2.332391 1.783554 -1.070502
-2.308939 1.782054 -0.994263
-2.014770 1.793168 -0.964003
-1.622079 1.807730 -0.943549
-1.121841 1.826216 -0.926083
-0.629286 1.845473 -0.896279
0.050626 1.871362 -0.871608
0.985119 1.906930 -0.858778
0.209203 1.875254 -0.661878
0.158714 1.872235 -0.545833
0.166597 1.871686 -0.431723
0.124683 1.870665 -0.319263
0.129285 1.870538 -0.206080
0.060236 1.868297 -0.095177
0.085648 1.868441 0.017347
0.133424 1.870525 0.126078
0.328088 1.878932 0.355994
0.403809 1.881920 0.707673
-3.442228 1.744215 -1.108973
-3.193384 1.753128 -1.105268
-2.880872 1.764547 -1.106455
-2.603275 1.774418 -1.094339
-2.332391 1.783554 -1.070502
-2.308939 1.782054 -0.994263
-2.014770 1.793168 -0.964003
-1.622079 1.807730 -0.943549
-1.121841 1.826216 -0.926083
-0.629286 1.845473 -0.896279
0.050626 1.871362 -0.871608
0.985119 1.906930 -0.858778
1.944810 1.943999 -0.818323
0.158714 1.872235 -0.545833
0.166597 1.871686 -0.431723
0.124683 1.870665 -0.319263
0.129285 1.870538 -0.206080
0.060236 1.868297 -0.095177
0.085648 1.868441 0.017347
0.133424 1.870525 0.126078
0.328088 1.878932 0.355994
0.403809 1.881920 0.707673
-3.439940 1.683976 -1.108480
-3.210376 1.688861 -1.099838
-2.890026 1.696141 -1.103129
-2.612358 1.702136 -1.091149
-2.368822 1.706736 -1.061784
-2.341587 1.705004 -0.986855
-2.055264 1.711794 -0.955683
-1.642780 1.721397 -0.939007
-1.114696 1.733625 -0.925916
-0.705151 1.743817 -0.884907
0.014616 1.761247 -0.866018
0.790369 1.779670 -0.837020
0.149196 1.762253 -0.655245
0.086623 1.759602 -0.539185
0.098402 1.759014 -0.426408
0.024458 1.757720 -0.313426
0.092930 1.759121 -0.203858
0.035824 1.758112 -0.093749
0.037228 1.757258 0.018499
0.065025 1.758130 0.126347
0.855215 1.778920 0.376145
2.079661 1.811101 0.564528
0.363608 1.766271 0.705114
-3.439940 1.683976 -1.108480
-3.210376 1.688861 -1.099838
-2.890026 1.696141 -1.103129
-2.612358 1.702136 -1.091149
-2.368822 1.706736 -1.061784
-2.341587 1.705004 -0.986855
-2.055264 1.711794 -0.955683
-1.642780 1.721397 -0.939007
-1.114696 1.733625 -0.925916
-0.705151 1.743817 -0.884907
0.014616 1.761247 -0.866018
0.790369 1.779670 -0.837020
1.933402 1.808044 -0.815795
0.086623 1.759602 -0.539185
0.098402 1.759014 -0.426408
0.024458 1.757720 -0.313426
0.092930 1.759121 -0.203858
0.035824 1.758112 -0.093749
0.037228 1.757258 0.018499
0.065025 1.758130 0.126347
0.855215 1.778920 0.376145
2.079661 1.811101 0.564528
0.363608 1.766271 0.705114
-3.450080 1.623536 -1.104896
-3.220515 1.625218 -1.096396
-2.911812 1.627864 -1.097059
-2.641975 1.629878 -1.083649
-2.414167 1.630870 -1.051480
-2.402813 1.628549 -0.974204
-2.085087 1.631743 -0.949489
-1.641002 1.635987 -0.938343
-1.140499 1.640497 -0.921111
-0.675406 1.645639 -0.887837
0.076360 1.653394 -0.872231
0.697236 1.659128 -0.826134
0.059715 1.650659 -0.646156
0.028900 1.649225 -0.533800
0.024629 1.648259 -0.420900
-0.021427 1.648276 -0.310305
0.031028 1.648505 -0.200885
-0.026121 1.648253 -0.091666
-0.032752 1.647258 0.019703
0.849419 1.658115 0.376782
2.014265 1.672444 0.562103
0.261978 1.651122 0.697759
-3.450080 1.623536 -1.104896
-3.220515 1.625218 -1.096396
-2.911812 1.627864 -1.097059
-2.641975 1.629878 -1.083649
-2.414167 1.630870 -1.051480
-2.402813 1.628549 -0.974204
-2.085087 1.631743 -0.949489
-1.641002 1.635987 -0.938343
-1.140499 1.640497 -0.921111
-0.675406 1.645639 -0.887837
0.076360 1.653394 -0.872231
0.697236 1.659128 -0.826134
1.856354 1.671735 -0.807587
0.028900 1.649225 -0.533800
0.024629 1.648259 -0.420900
-0.021427 1.648276 -0.310305
0.031028 1.648505 -0.200885
-0.026121 1.648253 -0.091666
-0.032752 1.647258 0.019703
0.849419 1.658115 0.376782
2.014265 1.672444 0.562103
0.261978 1.651122 0.697759
-3.464929 1.563400 -1.100297
-3.208277 1.561899 -1.098863
-2.911200 1.560229 -1.096551
-2.641363 1.558471 -1.083114
-2.444905 1.556286 -1.044448
-2.433681 1.553796 -0.967617
-2.072700 1.552507 -0.950987
-1.668056 1.550597 -0.933224
-1.171561 1.548129 -0.915758
-0.754087 1.546851 -0.876552
-0.058045 1.544225 -0.855439
0.642206 1.541141 -0.819453
-0.015388 1.541563 -0.638552
-0.014410 1.540459 -0.529671
-0.058674 1.539619 -0.414954
-0.052858 1.540113 -0.307987
-0.052405 1.539703 -0.197299
-0.097597 1.540180 -0.089478
-0.084266 1.539200 0.020759
0.025715 1.539011 0.240256
1.978894 1.535586 0.561264
0.242481 1.538645 0.697004
-3.464929 1.563400 -1.100297
-3.208277 1.561899 -1.098863
-2.911200 1.560229 -1.096551
-2.641363 1.558471 -1.083114
-2.444905 1.556286 -1.044448
-2.433681 1.553796 -0.967617
-2.072700 1.552507 -0.950987
-1.668056 1.550597 -0.933224
-1.171561 1.548129 -0.915758
-0.754087 1.546851 -0.876552
-0.058045 1.544225 -0.855439
0.642206 1.541141 -0.819453
1.717645 1.537752 -0.794078
-0.014410 1.540459 -0.529671
-0.058674 1.539619 -0.414954
-0.052858 1.540113 -0.307987
-0.052405 1.539703 -0.197299
-0.097597 1.540180 -0.089478
-0.084266 1.539200 0.020759
0.025715 1.539011 0.240256
1.978894 1.535586 0.561264
0.242481 1.538645 0.697004
-3.461300 1.503442 -1.100902
-3.243456 1.498868 -1.089582
-2.938776 1.492960 -1.089610
-2.665175 1.487389 -1.077403
-2.496264 1.482853 -1.033402
-2.497012 1.480382 -0.955037
-2.096869 1.473472 -0.946246
-1.708142 1.466156 -0.926219
-1.223689 1.456948 -0.907528
-0.738981 1.448786 -0.877965
-0.126425 1.437752 -0.846693
0.645211 1.423752 -0.819035
-0.020293 1.433421 -0.637428
-0.095122 1.433502 -0.522872
-0.127507 1.433057 -0.410038
-0.145717 1.433824 -0.302876
-0.109359 1.432787 -0.194689
-0.194558 1.434511 -0.086880
-0.133276 1.432531 0.021750
-0.279215 1.434952 0.233928
0.121976 1.431044 0.575060
0.189525 1.427256 0.693668
-3.461300 1.503442 -1.100902
-3.243456 1.498868 -1.089582
-2.938776 1.492960 -1.089610
-2.665175 1.487389 -1.077403
-2.496264 1.482853 -1.033402
-2.497012 1.480382 -0.955037
-2.096869 1.473472 -0.946246
-1.708142 1.466156 -0.926219
-1.223689 1.456948 -0.907528
-0.738981 1.448786 -0.877965
-0.126425 1.437752 -0.846693
0.645211 1.423752 -0.819035
1.624895 1.406886 -0.784925
-0.095122 1.433502 -0.522872
-0.127507 1.433057 -0.410038
-0.145717 1.433824 -0.302876
-0.109359 1.432787 -0.194689
-0.194558 1.434511 -0.086880
-0.133276 1.432531 0.021750
-0.279215 1.434952 0.233928
0.121976 1.431044 0.575060
0.189525 1.427256 0.693668
-3.225230 1.435347 -1.094051
-2.955609 1.426139 -1.085462
-2.689971 1.416969 -1.071720
-2.525134 1.410184 -1.027241
-2.522076 1.407600 -0.950021
-2.114257 1.394881 -0.942926
-1.717816 1.381908 -0.924366
-1.229604 1.365821 -0.906327
-0.741103 1.350767 -0.877301
-0.120823 1.330938 -0.846909
0.571016 1.308539 -0.810793
-0.114317 1.328048 -0.628492
-0.161346 1.328309 -0.517329
-0.173855 1.327684 -0.406634
-0.204077 1.329031 -0.299516
-0.167781 1.327456 -0.192125
-0.205010 1.328878 -0.086013
-0.223737 1.328443 0.022885
-0.317664 1.331249 0.233790
-0.300768 1.331148 0.336725
0.099422 1.321135 0.574499
0.278515 1.312972 0.701729
-3.225230 1.435347 -1.094051
-2.955609 1.426139 -1.085462
-2.689971 1.416969 -1.071720
-2.525134 1.410184 -1.027241
-2.522076 1.407600 -0.950021
-2.114257 1.394881 -0.942926
-1.717816 1.381908 -0.924366
-1.229604 1.365821 -0.906327
-0.741103 1.350767 -0.877301
-0.120823 1.330938 -0.846909
0.571016 1.308539 -0.810793
1.510444 1.279198 -0.774050
-0.161346 1.328309 -0.517329
-0.173855 1.327684 -0.406634
-0.204077 1.329031 -0.299516
-0.167781 1.327456 -0.192125
-0.205010 1.328878 -0.086013
-0.223737 1.328443 0.022885
-0.317664 1.331249 0.233790
-0.300768 1.331148 0.336725
0.099422 1.321135 0.574499
0.278515 1.312972 0.701729
-3.250524 1.373055 -1.087759
-2.969477 1.359612 -1.082260
-2.661113 1.344947 -1.078187
-2.570660 1.338964 -1.017877
-2.552067 1.335669 -0.944280
-2.136668 1.316928 -0.938940
-1.748386 1.298764 -0.919346
-1.268416 1.276210 -0.900500
-0.811938 1.255714 -0.867721
-0.176247 1.226545 -0.840127
0.558853 1.192576 -0.809217
-0.165975 1.223342 -0.623528
-0.205091 1.223881 -0.513637
-0.237601 1.224286 -0.402299
-0.200001 1.223015 -0.299214
-0.271572 1.225677 -0.188164
-0.292842 1.226874 -0.083740
-0.291619 1.225789 0.023858
-0.273644 1.224866 0.235587
-0.284735 1.225739 0.338138
-0.054096 1.216071 0.459177
0.107248 1.210423 0.575990
0.409669 1.194223 0.713271
-3.250524 1.373055 -1.087759
-2.969477 1.359612 -1.082260
-2.661113 1.344947 -1.078187
-2.570660 1.338964 -1.017877
-2.552067 1.335669 -0.944280
-2.136668 1.316928 -0.938940
-1.748386 1.298764 -0.919346
-1.268416 1.276210 -0.900500
-0.811938 1.255714 -0.867721
-0.176247 1.226545 -0.840127
0.558853 1.192576 -0.809217
1.414180 1.153794 -0.765020
-0.205091 1.223881 -0.513637
-0.237601 1.224286 -0.402299
-0.200001 1.223015 -0.299214
-0.271572 1.225677 -0.188164
-0.292842 1.226874 -0.083740
-0.291619 1.225789 0.023858
-0.273644 1.224866 0.235587
-0.284735 1.225739 0.338138
-0.054096 1.216071 0.459177
0.107248 1.210423 0.575990
0.409669 1.194223 0.713271
-3.257309 1.310381 -1.086390
-2.976492 1.293017 -1.080926
-2.683973 1.274918 -1.073420
-2.609325 1.268542 -1.010160
-2.594809 1.265208 -0.936313
-2.179817 1.240682 -0.931509
-1.791922 1.217109 -0.912443
-1.312403 1.187869 -0.894129
-0.832585 1.159638 -0.865023
-0.221188 1.122966 -0.834795
0.473580 1.081039 -0.800245
-0.238942 1.121185 -0.616827
-0.298045 1.123407 -0.506382
-0.302743 1.122620 -0.398009
-0.333029 1.124739 -0.292554
-0.300872 1.122326 -0.186741
-0.342107 1.124949 -0.082273
-0.344909 1.124052 0.024712
-0.251108 1.118376 0.236886
-0.182401 1.114712 0.342802
0.256969 1.091104 0.586869
0.614682 1.067334 0.730851
-3.257309 1.310381 -1.086390
-2.976492 1.293017 -1.080926
-2.683973 1.274918 -1.073420
-2.609325 1.268542 -1.010160
-2.594809 1.265208 -0.936313
-2.179817 1.240682 -0.931509
-1.791922 1.217109 -0.912443
-1.312403 1.187869 -0.894129
-0.832585 1.159638 -0.865023
-0.221188 1.122966 -0.834795
0.473580 1.081039 -0.800245
1.344079 1.029403 -0.758542
-0.298045 1.123407 -0.506382
-0.302743 1.122620 -0.398009
-0.333029 1.124739 -0.292554
-0.300872 1.122326 -0.186741
-0.342107 1.124949 -0.082273
-0.344909 1.124052 0.024712
-0.251108 1.118376 0.236886
-0.182401 1.114712 0.342802
0.256969 1.091104 0.586869
0.614682 1.067334 0.730851
-3.237881 1.245999 -1.091896
-2.999966 1.227655 -1.075930
-2.680520 1.203587 -1.074736
-2.645032 1.198879 -1.003280
-2.630658 1.195341 -0.929880
-2.188628 1.163091 -0.930362
-1.848377 1.137455 -0.903658
-1.326006 1.098448 -0.892444
-0.830824 1.062386 -0.865514
-0.219989 1.017170 -0.835122
0.434452 0.968386 -0.796279
-0.313269 1.020995 -0.610173
-0.360489 1.023161 -0.501578
-0.361279 1.022128 -0.394250
-0.383612 1.024061 -0.289891
-0.379440 1.023188 -0.183791
-0.404714 1.025199 -0.080622
-0.399570 1.023737 0.025524
-0.312054 1.017317 0.128171
-0.289913 1.015527 0.236732
-0.169433 1.007113 0.344160
1.040409 0.918485 0.766285
-3.237881 1.245999 -1.091896
-2.999966 1.227655 -1.075930
-2.680520 1.203587 -1.074736
-2.645032 1.198879 -1.003280
-2.630658 1.195341 -0.929880
-2.188628 1.163091 -0.930362
-1.848377 1.137455 -0.903658
-1.326006 1.098448 -0.892444
-0.830824 1.062386 -0.865514
-0.219989 1.017170 -0.835122
0.434452 0.968386 -0.796279
-0.313269 1.020995 -0.610173
-0.360489 1.023161 -0.501578
-0.361279 1.022128 -0.394250
-0.383612 1.024061 -0.289891
-0.379440 1.023188 -0.183791
-0.404714 1.025199 -0.080622
-0.399570 1.023737 0.025524
-0.312054 1.017317 0.128171
-0.289913 1.015527 0.236732
-0.169433 1.007113 0.344160
-3.242569 1.182950 -1.091547
-2.977779 1.159024 -1.082008
-2.713098 1.135032 -1.068291
-2.677772 1.129825 -0.997237
-2.663532 1.126083 -0.924227
-2.237769 1.089007 -0.922299
-1.854734 1.054960 -0.903206
-1.340845 1.009334 -0.890791
-0.877843 0.969055 -0.859732
-0.287561 0.917017 -0.827530
0.381897 0.857752 -0.791118
-0.337310 0.918354 -0.608185
-0.356706 0.918751 -0.501915
-0.373422 0.919064 -0.393446
-0.403701 0.921961 -0.288769
-0.451339 0.925468 -0.181147
-0.492554 0.929174 -0.078564
-0.483469 0.927274 0.026416
0.602545 0.835274 0.612000
-3.242569 1.182950 -1.091547
-2.977779 1.159024 -1.082008
-2.713098 1.135032 -1.068291
-2.677772 1.129825 -0.997237
-2.663532 1.126083 -0.924227
-2.237769 1.089007 -0.922299
-1.854734 1.054960 -0.903206
-1.340845 1.009334 -0.890791
-0.877843 0.969055 -0.859732
-0.287561 0.917017 -0.827530
0.381897 0.857752 -0.791118
1.218746 0.784561 -0.747520
-0.356706 0.918751 -0.501915
-0.373422 0.919064 -0.393446
-0.403701 0.921961 -0.288769
-0.451339 0.925468 -0.181147
-0.492554 0.929174 -0.078564
-0.483469 0.927274 0.026416
0.602545 0.835274 0.612000
-3.259717 1.121092 -1.088283
-2.995330 1.093479 -1.078900
-2.746597 1.067315 -1.061874
-2.715337 1.061995 -0.990414
-2.689516 1.056899 -0.920104
-2.272205 1.014667 -0.917045
-1.870101 0.973340 -0.901506
-1.388424 0.923673 -0.884524
-0.926109 0.876938 -0.853988
-0.301108 0.813127 -0.826528
-0.475822 0.828733 -0.702322
-0.485658 0.828572 -0.595225
-0.481400 0.826859 -0.492698
-0.474396 0.825006 -0.387344
-0.393392 0.817126 -0.289180
-0.436999 0.820861 -0.181405
-0.525912 0.829902 -0.077598
-0.532788 0.829446 0.027108
-0.300074 0.805634 0.238021
0.213833 0.754187 0.360433
0.976800 0.679443 0.638074
-3.259717 1.121092 -1.088283
-2.995330 1.093479 -1.078900
-2.746597 1.067315 -1.061874
-2.715337 1.061995 -0.990414
-2.689516 1.056899 -0.920104
-2.272205 1.014667 -0.917045
-1.870101 0.973340 -0.901506
-1.388424 0.923673 -0.884524
-0.926109 0.876938 -0.853988
-0.301108 0.813127 -0.826528
0.418914 0.739372 -0.795483
-0.485658 0.828572 -0.595225
-0.481400 0.826859 -0.492698
-0.474396 0.825006 -0.387344
-0.393392 0.817126 -0.289180
-0.436999 0.820861 -0.181405
-0.525912 0.829902 -0.077598
-0.532788 0.829446 0.027108
-0.300074 0.805634 0.238021
0.213833 0.754187 0.360433
0.976800 0.679443 0.638074
-3.258436 1.057505 -1.089934
-3.009909 1.027915 -1.076737
-2.757711 0.997850 -1.060671
-2.746015 0.994254 -0.985233
-2.724244 0.989234 -0.914506
-2.303720 0.940752 -0.912513
-1.917985 0.895599 -0.894734
-1.425339 0.837893 -0.880033
-0.955898 0.783815 -0.850906
-0.517404 0.732380 -0.801727
-0.510361 0.729747 -0.699364
-0.448989 0.721564 -0.598998
-0.531899 0.729709 -0.489218
-0.473402 0.721833 -0.387585
-0.539397 0.729598 -0.282337
-0.297054 0.701174 -0.185846
-0.580484 0.733713 -0.076297
-0.587383 0.733326 0.027776
0.213707 0.641164 0.361415
-3.258436 1.057505 -1.089934
-3.009909 1.027915 -1.076737
-2.757711 0.997850 -1.060671
-2.746015 0.994254 -0.985233
-2.724244 0.989234 -0.914506
-2.303720 0.940752 -0.912513
-1.917985 0.895599 -0.894734
-1.425339 0.837893 -0.880033
-0.955898 0.783815 -0.850906
-0.517404 0.732380 -0.801727
-0.510361 0.729747 -0.699364
-0.448989 0.721564 -0.598998
-0.531899 0.729709 -0.489218
-0.473402 0.721833 -0.387585
-0.539397 0.729598 -0.282337
-0.297054 0.701174 -0.185846
-0.580484 0.733713 -0.076297
-0.587383 0.733326 0.027776
0.213707 0.641164 0.361415
-3.292693 0.998123 -1.082802
-3.056290 0.966537 -1.067238
-2.800787 0.932494 -1.052578
-2.789259 0.928741 -0.977660
-2.728686 0.918489 -0.914941
-2.304962 0.863644 -0.913559
-1.939464 0.815590 -0.892456
-1.459477 0.752518 -0.876156
-0.975151 0.689884 -0.849433
-0.576842 0.637358 -0.795672
-0.562026 0.633604 -0.694796
-0.591731 0.636203 -0.586840
-0.571812 0.632299 -0.486676
-0.584749 0.632750 -0.381087
-0.595232 0.634274 -0.279837
-0.599188 0.634081 -0.175934
-0.672018 0.643497 -0.074369
-0.663075 0.641143 0.028489
-0.576090 0.629721 0.128080
0.354701 0.509592 0.367781
0.912020 0.438148 0.516373
-3.292693 0.998123 -1.082802
-3.056290 0.966537 -1.067238
-2.800787 0.932494 -1.052578
-2.789259 0.928741 -0.977660
-2.728686 0.918489 -0.914941
-2.304962 0.863644 -0.913559
-1.939464 0.815590 -0.892456
-1.459477 0.752518 -0.876156
-0.975151 0.689884 -0.849433
-0.576842 0.637358 -0.795672
-0.562026 0.633604 -0.694796
-0.591731 0.636203 -0.586840
-0.571812 0.632299 -0.486676
-0.584749 0.632750 -0.381087
-0.595232 0.634274 -0.279837
-0.599188 0.634081 -0.175934
-0.672018 0.643497 -0.074369
-0.663075 0.641143 0.028489
-0.576090 0.629721 0.128080
0.354701 0.509592 0.367781
0.912020 0.438148 0.516373
-3.308519 0.936928 -1.080584
-3.045620 0.898287 -1.071561
-2.806029 0.862821 -1.053153
-2.825589 0.863232 -0.971727
-2.788590 0.855426 -0.904894
-2.346302 0.791952 -0.907697
-1.965947 0.736604 -0.889570
-1.506515 0.669618 -0.870572
-1.034960 0.601906 -0.842749
-0.625714 0.542155 -0.791056
-0.516477 0.524730 -0.700554
-0.632851 0.540046 -0.583947
-0.616979 0.536405 -0.483872
-0.566708 0.527980 -0.382608
-0.672088 0.543169 -0.276444
-0.620684 0.535092 -0.175265
-0.713184 0.548318 -0.073445
-0.648855 0.537881 0.028779
-0.476765 0.512644 0.236040
0.525204 0.369374 0.375333
-3.308519 0.936928 -1.080584
-3.045620 0.898287 -1.071561
-2.806029 0.862821 -1.053153
-2.825589 0.863232 -0.971727
-2.788590 0.855426 -0.904894
-2.346302 0.791952 -0.907697
-1.965947 0.736604 -0.889570
-1.506515 0.669618 -0.870572
-1.034960 0.601906 -0.842749
-0.625714 0.542155 -0.791056
-0.516477 0.524730 -0.700554
-0.632851 0.540046 -0.583947
-0.616979 0.536405 -0.483872
-0.566708 0.527980 -0.382608
-0.672088 0.543169 -0.276444
-0.620684 0.535092 -0.175265
-0.713184 0.548318 -0.073445
-0.648855 0.537881 0.028779
-0.476765 0.512644 0.236040
0.525204 0.369374 0.375333
-3.325182 0.876065 -1.078388
-3.093659 0.838489 -1.062113
-2.835411 0.796741 -1.048568
-2.858904 0.798015 -0.966626
-2.798792 0.786082 -0.904628
-2.392469 0.721880 -0.901171
-2.005203 0.660032 -0.884803
-1.570276 0.590308 -0.862703
-1.041042 0.506867 -0.843441
-0.675836 0.448134 -0.786479
-0.724153 0.453781 -0.680019
-0.679188 0.445472 -0.580738
-0.651593 0.439734 -0.482003
-0.692193 0.444829 -0.375470
-0.702710 0.446587 -0.275326
-0.651442 0.437763 -0.174373
-0.735864 0.451006 -0.072927
-0.730967 0.448964 0.029431
0.065526 0.323018 0.358854
-3.325182 0.876065 -1.078388
-3.093659 0.838489 -1.062113
-2.835411 0.796741 -1.048568
-2.858904 0.798015 -0.966626
-2.798792 0.786082 -0.904628
-2.392469 0.721880 -0.901171
-2.005203 0.660032 -0.884803
-1.570276 0.590308 -0.862703
-1.041042 0.506867 -0.843441
-0.675836 0.448134 -0.786479
-0.724153 0.453781 -0.680019
-0.679188 0.445472 -0.580738
-0.651593 0.439734 -0.482003
-0.692193 0.444829 -0.375470
-0.702710 0.446587 -0.275326
-0.651442 0.437763 -0.174373
-0.735864 0.451006 -0.072927
-0.730967 0.448964 0.029431
0.065526 0.323018 0.358854
-3.365630 0.819386 -1.070349
-3.084855 0.770236 -1.066479
-2.911890 0.739117 -1.033648
-2.896937 0.734240 -0.960746
-2.833205 0.720822 -0.899887
-2.462836 0.656892 -0.890518
-2.022104 0.580428 -0.883887
-1.564793 0.500653 -0.865301
-1.099288 0.420467 -0.837353
-0.609702 0.335279 -0.795933
-0.728420 0.353578 -0.680914
-0.762116 0.358034 -0.574379
-0.774004 0.358636 -0.473602
-0.751674 0.353510 -0.372477
-0.722825 0.348637 -0.274802
-0.521962 0.313391 -0.178799
-0.791415 0.359537 -0.071855
-0.782621 0.356725 0.029913
-0.747467 0.350377 0.127966
-0.575846 0.320471 0.235129
0.244456 0.179642 0.366788
-3.365630 0.819386 -1.070349
-3.084855 0.770236 -1.066479
-2.911890 0.739117 -1.033648
-2.896937 0.734240 -0.960746
-2.833205 0.720822 -0.899887
-2.462836 0.656892 -0.890518
-2.022104 0.580428 -0.883887
-1.564793 0.500653 -0.865301
-1.099288 0.420467 -0.837353
-0.609702 0.335279 -0.795933
-0.728420 0.353578 -0.680914
-0.762116 0.358034 -0.574379
-0.774004 0.358636 -0.473602
-0.751674 0.353510 -0.372477
-0.722825 0.348637 -0.274802
-0.521962 0.313391 -0.178799
-0.791415 0.359537 -0.071855
-0.782621 0.356725 0.029913
-0.747467 0.350377 0.127966
-0.575846 0.320471 0.235129
0.244456 0.179642 0.366788
-3.387711 0.760234 -1.067221
-3.115351 0.708576 -1.061676
-2.908321 0.668743 -1.036886
-2.924231 0.669260 -0.957309
-2.841417 0.651403 -0.900420
-2.456470 0.579456 -0.893749
-2.055640 0.503981 -0.880453
-1.595639 0.417121 -0.862713
-1.115733 0.327565 -0.837063
-0.545350 0.220371 -0.805415
-0.702815 0.247486 -0.685129
-0.724646 0.250180 -0.579030
-0.756084 0.254530 -0.475985
-0.725953 0.247588 -0.374826
-0.822866 0.265627 -0.270596
-0.826961 0.265556 -0.169095
-0.828479 0.265746 -0.071187
-0.827604 0.264247 0.030326
-0.765025 0.252255 0.128269
-0.534880 0.208942 0.236888
-3.387711 0.760234 -1.067221
-3.115351 0.708576 -1.061676
-2.908321 0.668743 -1.036886
-2.924231 0.669260 -0.957309
-2.841417 0.651403 -0.900420
-2.456470 0.579456 -0.893749
-2.055640 0.503981 -0.880453
-1.595639 0.417121 -0.862713
-1.115733 0.327565 -0.837063
-0.545350 0.220371 -0.805415
-0.702815 0.247486 -0.685129
-0.724646 0.250180 -0.579030
-0.756084 0.254530 -0.475985
-0.725953 0.247588 -0.374826
-0.822866 0.265627 -0.270596
-0.826961 0.265556 -0.169095
-0.828479 0.265746 -0.071187
-0.827604 0.264247 0.030326
-0.765025 0.252255 0.128269
-0.534880 0.208942 0.236888
-3.399166 0.699316 -1.067047
-3.150474 0.648362 -1.055978
-2.928767 0.602641 -1.034968
-2.952388 0.604881 -0.953896
-2.862171 0.584341 -0.898727
-2.458964 0.503202 -0.895619
-2.094062 0.429047 -0.876411
-1.666424 0.341963 -0.854363
-1.164586 0.241093 -0.832616
-0.607502 0.128288 -0.800007
0.054747 -0.005965 -0.766599
-0.778695 0.159006 -0.575575
-0.821852 0.166123 -0.472137
-0.819282 0.164233 -0.369978
-0.896408 0.179676 -0.267731
-0.857424 0.171004 -0.168443
-0.870717 0.173541 -0.070481
-0.846346 0.167283 0.030591
-0.760420 0.149666 0.128772
-0.483872 0.093668 0.238908
-3.399166 0.699316 -1.067047
-3.150474 0.648362 -1.055978
-2.928767 0.602641 -1.034968
-2.952388 0.604881 -0.953896
-2.862171 0.584341 -0.898727
-2.458964 0.503202 -0.895619
-2.094062 0.429047 -0.876411
-1.666424 0.341963 -0.854363
-1.164586 0.241093 -0.832616
-0.607502 0.128288 -0.800007
0.054747 -0.005965 -0.766599
-0.778695 0.159006 -0.575575
-0.821852 0.166123 -0.472137
-0.819282 0.164233 -0.369978
-0.896408 0.179676 -0.267731
-0.857424 0.171004 -0.168443
-0.870717 0.173541 -0.070481
-0.846346 0.167283 0.030591
-0.760420 0.149666 0.128772
-0.483872 0.093668 0.238908
-3.422858 0.640959 -1.063962
-3.167325 0.584943 -1.054898
-2.973041 0.541783 -1.027896
-2.977565 0.540300 -0.951313
-2.879993 0.516865 -0.897809
-2.501089 0.435026 -0.890590
-2.125736 0.353332 -0.873671
-1.734227 0.267727 -0.846626
-1.214554 0.155744 -0.828203
-0.663042 0.036014 -0.795570
-0.026129 -0.102461 -0.760174
-0.806639 0.063238 -0.574632
-0.857512 0.072600 -0.470710
-0.827668 0.064779 -0.370467
-0.857694 0.071195 -0.270282
-0.865718 0.072011 -0.168596
-0.828150 0.063777 -0.071419
-0.815603 0.059654 0.030619
-0.741675 0.043330 0.129399
-0.458138 -0.018243 0.240315
-3.422858 0.640959 -1.063962
-3.167325 0.584943 -1.054898
-2.973041 0.541783 -1.027896
-2.977565 0.540300 -0.951313
-2.879993 0.516865 -0.897809
-2.501089 0.435026 -0.890590
-2.125736 0.353332 -0.873671
-1.734227 0.267727 -0.846626
-1.214554 0.155744 -0.828203
-0.663042 0.036014 -0.795570
-0.026129 -0.102461 -0.760174
-0.806639 0.063238 -0.574632
-0.857512 0.072600 -0.470710
-0.827668 0.064779 -0.370467
-0.857694 0.071195 -0.270282
-0.865718 0.072011 -0.168596
-0.828150 0.063777 -0.071419
-0.815603 0.059654 0.030619
-0.741675 0.043330 0.129399
-0.458138 -0.018243 0.240315
-3.462465 0.586500 -1.056992
-3.211631 0.527810 -1.047411
-3.006639 0.479389 -1.023437
-3.022713 0.480562 -0.944728
-2.898744 0.449699 -0.896915
-2.555605 0.370437 -0.883512
-2.181520 0.283539 -0.867143
-1.741164 0.181066 -0.848186
-1.269479 0.072411 -0.823301
-0.681027 -0.063839 -0.795829
-0.065500 -0.206768 -0.758308
-0.785404 -0.043580 -0.578318
-0.847769 -0.030891 -0.472894
-0.864719 -0.028463 -0.369304
-0.785627 -0.046671 -0.274532
-0.801392 -0.044012 -0.171219
-0.767823 -0.051916 -0.072752
-0.821608 -0.041040 0.030756
-0.708945 -0.067386 0.130153
-0.379555 -0.143700 0.243048
-3.462465 0.586500 -1.056992
-3.211631 0.527810 -1.047411
-3.006639 0.479389 -1.023437
-3.022713 0.480562 -0.944728
-2.898744 0.449699 -0.896915
-2.555605 0.370437 -0.883512
-2.181520 0.283539 -0.867143
-1.741164 0.181066 -0.848186
-1.269479 0.072411 -0.823301
-0.681027 -0.063839 -0.795829
-0.065500 -0.206768 -0.758308
0.643863 -0.370783 -0.708394
-0.847769 -0.030891 -0.472894
-0.864719 -0.028463 -0.369304
-0.785627 -0.046671 -0.274532
-0.801392 -0.044012 -0.171219
-0.767823 -0.051916 -0.072752
-0.821608 -0.041040 0.030756
-0.708945 -0.067386 0.130153
-0.379555 -0.143700 0.243048
-3.233922 0.466268 -1.045458
-3.041044 0.417732 -1.019003
-3.049548 0.417291 -0.942194
-2.933696 0.386544 -0.893047
-2.553455 0.293249 -0.886844
-2.230472 0.213204 -0.861916
-1.764733 0.098083 -0.847460
-1.302329 -0.015279 -0.821572
-0.715857 -0.159730 -0.794259
-0.110139 -0.309359 -0.756069
-0.734831 -0.158823 -0.584863
-0.851201 -0.132105 -0.474217
-0.837076 -0.137057 -0.372266
-0.793154 -0.147881 -0.275106
-0.773929 -0.153577 -0.172718
-0.740467 -0.161987 -0.073532
-0.794100 -0.150407 0.030721
-0.674059 -0.180260 0.130914
-0.190422 -0.299215 0.248568
-3.233922 0.466268 -1.045458
-3.041044 0.417732 -1.019003
-3.049548 0.417291 -0.942194
-2.933696 0.386544 -0.893047
-2.553455 0.293249 -0.886844
-2.230472 0.213204 -0.861916
-1.764733 0.098083 -0.847460
-1.302329 -0.015279 -0.821572
-0.715857 -0.159730 -0.794259
-0.110139 -0.309359 -0.756069
0.767165 -0.524764 -0.721972
-0.851201 -0.132105 -0.474217
-0.837076 -0.137057 -0.372266
-0.793154 -0.147881 -0.275106
-0.773929 -0.153577 -0.172718
-0.740467 -0.161987 -0.073532
-0.794100 -0.150407 0.030721
-0.674059 -0.180260 0.130914
-0.190422 -0.299215 0.248568
-3.324949 0.422450 -1.026996
-3.080026 0.357789 -1.013731
-3.081019 0.355529 -0.938878
-2.988490 0.329026 -0.885457
-2.609689 0.230468 -0.879819
-2.253521 0.137102 -0.861170
-1.785612 0.014504 -0.847342
-1.344039 -0.100363 -0.818829
-0.809687 -0.240084 -0.785739
-0.183106 -0.404086 -0.750996
0.768194 -0.651640 -0.724634
-0.802046 -0.247516 -0.479741
-0.818858 -0.244726 -0.374779
-0.736388 -0.266218 -0.278862
-0.759786 -0.261210 -0.173866
-0.695468 -0.278149 -0.074709
-0.698605 -0.278927 0.030375
-0.617726 -0.300448 0.131879
0.026734 -0.468371 0.254837
-3.324949 0.422450 -1.026996
-3.080026 0.357789 -1.013731
-3.081019 0.355529 -0.938878
-2.988490 0.329026 -0.885457
-2.609689 0.230468 -0.879819
-2.253521 0.137102 -0.861170
-1.785612 0.014504 -0.847342
-1.344039 -0.100363 -0.818829
-0.809687 -0.240084 -0.785739
-0.183106 -0.404086 -0.750996
0.768194 -0.651640 -0.724634
-0.802046 -0.247516 -0.479741
-0.818858 -0.244726 -0.374779
-0.736388 -0.266218 -0.278862
-0.759786 -0.261210 -0.173866
-0.695468 -0.278149 -0.074709
-0.698605 -0.278927 0.030375
-0.617726 -0.300448 0.131879
0.026734 -0.468371 0.254837
-3.254887 0.336578 -1.048049
-3.104895 0.293822 -1.011932
-3.117296 0.294635 -0.934781
-2.987287 0.256542 -0.889131
-2.655490 0.165016 -0.874897
-2.323604 0.072867 -0.852818
-1.853762 -0.057328 -0.840306
-1.410120 -0.179445 -0.812979
-0.866375 -0.329820 -0.781911
-0.242222 -0.502650 -0.747603
0.713127 -0.765717 -0.722390
-0.705098 -0.379538 -0.489167
-0.525377 -0.430421 -0.394637
-0.651092 -0.396152 -0.284131
-0.670513 -0.391939 -0.177606
-0.621840 -0.405603 -0.076500
-0.594130 -0.414867 0.029952
-0.448012 -0.455575 0.134002
-3.254887 0.336578 -1.048049
-3.104895 0.293822 -1.011932
-3.117296 0.294635 -0.934781
-2.987287 0.256542 -0.889131
-2.655490 0.165016 -0.874897
-2.323604 0.072867 -0.852818
-1.853762 -0.057328 -0.840306
-1.410120 -0.179445 -0.812979
-0.866375 -0.329820 -0.781911
-0.242222 -0.502650 -0.747603
0.713127 -0.765717 -0.722390
-0.705098 -0.379538 -0.489167
-0.525377 -0.430421 -0.394637
-0.651092 -0.396152 -0.284131
-0.670513 -0.391939 -0.177606
-0.621840 -0.405603 -0.076500
-0.594130 -0.414867 0.029952
-0.448012 -0.455575 0.134002
-3.287247 0.278106 -1.044327
-3.134162 0.232198 -1.009295
-3.135290 0.229945 -0.934732
-3.005830 0.190025 -0.889082
-2.698067 0.100387 -0.870694
-2.344779 -0.002907 -0.852764
-1.892017 -0.135278 -0.837933
-1.438722 -0.266862 -0.812394
-0.897138 -0.424819 -0.781379
-0.302230 -0.598637 -0.744249
0.649311 -0.875001 -0.719484
1.267659 -1.055761 -0.644490
-0.338999 -0.593487 -0.408033
-0.487109 -0.550897 -0.293322
-0.517903 -0.543175 -0.183557
-0.381016 -0.583140 -0.081525
-0.368792 -0.588447 0.029005
-0.154129 -0.651272 0.137401
-3.287247 0.278106 -1.044327
-3.134162 0.232198 -1.009295
-3.135290 0.229945 -0.934732
-3.005830 0.190025 -0.889082
-2.698067 0.100387 -0.870694
-2.344779 -0.002907 -0.852764
-1.892017 -0.135278 -0.837933
-1.438722 -0.266862 -0.812394
-0.897138 -0.424819 -0.781379
-0.302230 -0.598637 -0.744249
0.649311 -0.875001 -0.719484
1.267659 -1.055761 -0.644490
-0.338999 -0.593487 -0.408033
-0.487109 -0.550897 -0.293322
-0.517903 -0.543175 -0.183557
-0.381016 -0.583140 -0.081525
-0.368792 -0.588447 0.029005
-0.154129 -0.651272 0.137401
-3.342735 0.227006 -1.035118
-3.164240 0.171143 -1.006681
-3.161690 0.167769 -0.933097
-3.036586 0.127176 -0.886810
-2.718820 0.029843 -0.870668
-2.367010 -0.078379 -0.852737
-1.938871 -0.210183 -0.834432
-1.510275 -0.341176 -0.806086
-0.933011 -0.518174 -0.780415
-0.344408 -0.699129 -0.742984
0.576478 -0.980644 -0.715915
1.173111 -1.164218 -0.639985
0.031374 -0.819067 -0.433244
-0.047039 -0.795491 -0.316061
-0.268724 -0.729311 -0.192870
2.775368 -1.656625 -0.142066
3.384684 -1.844904 0.013870
-3.342735 0.227006 -1.035118
-3.164240 0.171143 -1.006681
-3.161690 0.167769 -0.933097
-3.036586 0.127176 -0.886810
-2.718820 0.029843 -0.870668
-2.367010 -0.078379 -0.852737
-1.938871 -0.210183 -0.834432
-1.510275 -0.341176 -0.806086
-0.933011 -0.518174 -0.780415
-0.344408 -0.699129 -0.742984
0.576478 -0.980644 -0.715915
1.173111 -1.164218 -0.639985
0.031374 -0.819067 -0.433244
2.319202 -1.515456 -0.430653
-0.268724 -0.729311 -0.192870
2.775368 -1.656625 -0.142066
3.384684 -1.844904 0.013870
-3.354215 0.163161 -1.036951
-3.195121 0.110669 -1.004091
-3.211338 0.113157 -0.926656
-3.075660 0.067292 -0.883063
-2.748067 -0.038025 -0.869283
-2.394057 -0.152338 -0.852102
-1.979125 -0.286510 -0.832118
-1.533535 -0.429480 -0.806611
-0.992864 -0.603682 -0.776693
-0.410683 -0.791614 -0.739295
0.498546 -1.083521 -0.712034
1.092506 -1.275403 -0.636717
1.651927 -1.456399 -0.537828
2.168789 -1.621962 -0.425476
2.672707 -1.784838 -0.292837
2.809475 -1.829217 -0.143601
3.355142 -2.006548 0.013784
-3.354215 0.163161 -1.036951
-3.195121 0.110669 -1.004091
-3.211338 0.113157 -0.926656
-3.075660 0.067292 -0.883063
-2.748067 -0.038025 -0.869283
-2.394057 -0.152338 -0.852102
-1.979125 -0.286510 -0.832118
-1.533535 -0.429480 -0.806611
-0.992864 -0.603682 -0.776693
-0.410683 -0.791614 -0.739295
0.498546 -1.083521 -0.712034
1.092506 -1.275403 -0.636717
1.651927 -1.456399 -0.537828
2.168789 -1.621962 -0.425476
2.672707 -1.784838 -0.292837
2.809475 -1.829217 -0.143601
3.355142 -2.006548 0.013784
-3.377707 0.103045 -1.036051
-3.211960 0.045878 -1.004974
-3.231858 0.049794 -0.926677
-3.111753 0.006978 -0.880089
-2.789440 -0.101644 -0.865848
-2.433357 -0.222119 -0.849585
-2.005352 -0.367065 -0.832148
-1.595662 -0.504958 -0.801935
-1.053767 -0.687927 -0.773004
-0.451670 -0.891520 -0.738515
0.215325 -1.116483 -0.689121
1.014330 -1.386139 -0.633790
1.571127 -1.574936 -0.535477
2.146209 -1.768032 -0.426644
3.167124 -2.112046 -0.311204
-3.377707 0.103045 -1.036051
-3.211960 0.045878 -1.004974
-3.231858 0.049794 -0.926677
-3.111753 0.006978 -0.880089
-2.789440 -0.101644 -0.865848
-2.433357 -0.222119 -0.849585
-2.005352 -0.367065 -0.832148
-1.595662 -0.504958 -0.801935
-1.053767 -0.687927 -0.773004
-0.451670 -0.891520 -0.738515
0.215325 -1.116483 -0.689121
1.014330 -1.386139 -0.633790
1.571127 -1.574936 -0.535477
2.146209 -1.768032 -0.426644
3.167124 -2.112046 -0.311204
-3.390981 0.039496 -1.037929
-3.266627 -0.005940 -0.997253
-3.256961 -0.011993 -0.925916
-3.144902 -0.053910 -0.877887
-2.820446 -0.168307 -0.864514
-2.488475 -0.285942 -0.844550
-2.066335 -0.435515 -0.826997
-1.666164 -0.576480 -0.796244
-1.096945 -0.777447 -0.771677
-0.524060 -0.980232 -0.734489
0.357799 -1.290808 -0.706162
0.983735 -1.512389 -0.634777
1.477555 -1.687846 -0.532452
2.023444 -1.879717 -0.423048
-3.390981 0.039496 -1.037929
-3.266627 -0.005940 -0.997253
-3.256961 -0.011993 -0.925916
-3.144902 -0.053910 -0.877887
-2.820446 -0.168307 -0.864514
-2.488475 -0.285942 -0.844550
-2.066335 -0.435515 -0.826997
-1.666164 -0.576480 -0.796244
-1.096945 -0.777447 -0.771677
-0.524060 -0.980232 -0.734489
0.357799 -1.290808 -0.706162
0.983735 -1.512389 -0.634777
1.477555 -1.687846 -0.532452
2.023444 -1.879717 -0.423048
-3.427145 -0.016023 -1.034318
-3.292468 -0.067167 -0.996456
-3.286589 -0.072036 -0.924372
-3.156686 -0.122224 -0.880204
-2.870857 -0.227695 -0.859744
-2.522065 -0.356682 -0.843359
-2.116947 -0.506708 -0.823612
-1.685296 -0.665462 -0.797908
-1.152509 -0.862113 -0.768986
-0.590020 -1.070137 -0.731320
0.291118 -1.394346 -0.703817
0.928851 -1.630132 -0.634023
1.412653 -1.809745 -0.531397
1.937027 -2.002374 -0.421352
2.771435 -2.310121 -0.301633
-3.036297 -1.392716 1.150320
-3.427145 -0.016023 -1.034318
-3.292468 -0.067167 -0.996456
-3.286589 -0.072036 -0.924372
-3.156686 -0.122224 -0.880204
-2.870857 -0.227695 -0.859744
-2.522065 -0.356682 -0.843359
-2.116947 -0.506708 -0.823612
-1.685296 -0.665462 -0.797908
-1.152509 -0.862113 -0.768986
-0.590020 -1.070137 -0.731320
0.291118 -1.394346 -0.703817
0.928851 -1.630132 -0.634023
1.412653 -1.809745 -0.531397
1.937027 -2.002374 -0.421352
2.771435 -2.310121 -0.301633
-3.216222 -1.323181 1.031906
-3.080304 -1.411288 1.144709
-3.216222 -1.323181 1.031906
-3.304527 -0.133498 -0.999133
-3.324344 -0.128785 -0.921241
-3.198871 -0.179380 -0.876551
-2.881439 -0.301390 -0.862612
-2.549218 -0.429647 -0.843466
-2.175830 -0.574065 -0.819096
-1.731671 -0.744451 -0.795940
-1.261110 -0.925889 -0.759807
-0.649638 -1.161531 -0.729007
0.022116 -1.419880 -0.682429
0.846301 -1.736980 -0.631227
1.312587 -1.917638 -0.528223
1.781919 -2.097615 -0.416368
-3.227912 -1.358584 0.955700
-3.213294 -1.370017 1.036626
-3.216871 -1.370051 1.117637
-3.304527 -0.133498 -0.999133
-3.324344 -0.128785 -0.921241
-3.198871 -0.179380 -0.876551
-2.881439 -0.301390 -0.862612
-2.549218 -0.429647 -0.843466
-2.175830 -0.574065 -0.819096
-1.731671 -0.744451 -0.795940
-1.261110 -0.925889 -0.759807
-0.649638 -1.161531 -0.729007
0.022116 -1.419880 -0.682429
0.846301 -1.736980 -0.631227
1.312587 -1.917638 -0.528223
1.781919 -2.097615 -0.416368
-3.227912 -1.358584 0.955700
-3.213294 -1.370017 1.036626
-3.216871 -1.370051 1.117637
-3.235196 -1.399063 0.958066
-3.270191 -1.378390 1.028575
-3.260506 -1.387033 1.112022
-3.235196 -1.399063 0.958066
-3.270191 -1.378390 1.028575
-3.260506 -1.387033 1.112022
-3.335741 -0.192652 -0.997518
-3.355520 -0.187675 -0.919742
-3.227134 -0.241461 -0.875917
-2.940757 -0.356301 -0.856506
-2.606761 -0.490600 -0.838509
-2.195015 -0.656225 -0.820978
-1.786436 -0.819656 -0.792956
-1.277876 -1.023755 -0.762306
-0.699312 -1.256184 -0.727961
-0.020141 -1.528307 -0.682633
0.784705 -1.850997 -0.630262
1.218726 -2.026353 -0.525574
1.652048 -2.199577 -0.412726
1.864629 -2.286305 -0.274679
-3.288928 -1.409144 0.951269
-3.290849 -1.409981 1.028319
-3.300878 -1.405713 1.107170
-3.308257 -1.403510 1.183925
-3.335741 -0.192652 -0.997518
-3.355520 -0.187675 -0.919742
-3.227134 -0.241461 -0.875917
-2.940757 -0.356301 -0.856506
-2.606761 -0.490600 -0.838509
-2.195015 -0.656225 -0.820978
-1.786436 -0.819656 -0.792956
-1.277876 -1.023755 -0.762306
-0.699312 -1.256184 -0.727961
-0.020141 -1.528307 -0.682633
0.784705 -1.850997 -0.630262
1.218726 -2.026353 -0.525574
1.652048 -2.199577 -0.412726
1.864629 -2.286305 -0.274679
-3.288928 -1.409144 0.951269
-3.290849 -1.409981 1.028319
-3.300878 -1.405713 1.107170
-3.308257 -1.403510 1.183925
-3.326185 -1.429605 0.947738
-3.324804 -1.432655 1.025223
-3.331509 -1.430538 1.104611
-3.332347 -1.432676 1.182842
-3.326185 -1.429605 0.947738
-3.324804 -1.432655 1.025223
-3.331509 -1.430538 1.104611
-3.332347 -1.432676 1.182842
-3.378579 -0.246820 -0.993338
-3.376600 -0.250487 -0.920682
-3.270776 -0.297115 -0.872309
-2.949646 -0.430915 -0.860117
-2.646730 -0.557859 -0.836760
-2.255654 -0.721661 -0.816517
-1.834791 -0.896809 -0.791048
-1.292439 -1.123149 -0.765305
-0.753918 -1.348460 -0.726541
-0.119132 -1.613279 -0.677573
0.740038 -1.971569 -0.630830
1.167870 -2.151473 -0.525858
-3.347195 -1.460791 0.947471
-3.339332 -1.468295 1.026372
-3.342800 -1.468345 1.106640
-3.346922 -1.468270 1.184215
-3.378579 -0.246820 -0.993338
-3.376600 -0.250487 -0.920682
-3.270776 -0.297115 -0.872309
-2.949646 -0.430915 -0.860117
-2.646730 -0.557859 -0.836760
-2.255654 -0.721661 -0.816517
-1.834791 -0.896809 -0.791048
-1.292439 -1.123149 -0.765305
-0.753918 -1.348460 -0.726541
-0.119132 -1.613279 -0.677573
0.740038 -1.971569 -0.630830
1.167870 -2.151473 -0.525858
-3.347195 -1.460791 0.947471
-3.339332 -1.468295 1.026372
-3.342800 -1.468345 1.106640
-3.346922 -1.468270 1.184215
-3.358681 -1.498558 0.949158
-3.350900 -1.506117 1.028223
-3.351174 -1.508375 1.109427
-3.374650 -1.494891 1.182300
-3.358681 -1.498558 0.949158
-3.350900 -1.506117 1.028223
-3.351174 -1.508375 1.109427
-3.374650 -1.494891 1.182300
-3.382541 -0.316978 -0.998672
-3.409386 -0.308434 -0.919228
-3.304247 -0.356538 -0.870971
-2.999523 -0.488601 -0.856136
-2.680310 -0.627512 -0.836309
-2.291567 -0.796759 -0.816139
-1.884132 -0.973077 -0.789170
-1.381522 -1.191280 -0.759016
-0.806064 -1.441332 -0.725566
-0.178716 -1.713419 -0.676440
0.550783 -2.030036 -0.619812
1.100607 -2.269553 -0.525225
-3.354322 -1.547641 0.954103
-3.343445 -1.557493 1.034314
-3.350250 -1.555207 1.114502
-3.382541 -0.316978 -0.998672
-3.409386 -0.308434 -0.919228
-3.304247 -0.356538 -0.870971
-2.999523 -0.488601 -0.856136
-2.680310 -0.627512 -0.836309
-2.291567 -0.796759 -0.816139
-1.884132 -0.973077 -0.789170
-1.381522 -1.191280 -0.759016
-0.806064 -1.441332 -0.725566
-0.178716 -1.713419 -0.676440
0.550783 -2.030036 -0.619812
1.100607 -2.269553 -0.525225
-3.354322 -1.547641 0.954103
-3.343445 -1.557493 1.034314
-3.350250 -1.555207 1.114502
-3.363295 -1.587783 0.956427
-3.387797 -1.572583 1.029070
-3.391326 -1.572575 1.109623
-3.363295 -1.587783 0.956427
-3.387797 -1.572583 1.029070
-3.391326 -1.572575 1.109623
-3.412611 -0.376306 -0.997989
-3.421444 -0.375345 -0.922630
-3.345683 -0.412198 -0.868157
-3.053670 -0.543686 -0.851486
-2.743700 -0.683799 -0.830791
-2.350195 -0.861635 -0.812311
-1.959800 -1.037147 -0.783655
-1.420444 -1.280111 -0.759284
-0.863068 -1.531694 -0.724216
-0.243239 -1.810888 -0.674991
0.510875 -2.150688 -0.621059
-3.219295 -1.743708 1.155976
-3.412611 -0.376306 -0.997989
-3.421444 -0.375345 -0.922630
-3.345683 -0.412198 -0.868157
-3.053670 -0.543686 -0.851486
-2.743700 -0.683799 -0.830791
-2.350195 -0.861635 -0.812311
-1.959800 -1.037147 -0.783655
-1.420444 -1.280111 -0.759284
-0.863068 -1.531694 -0.724216
-0.243239 -1.810888 -0.674991
0.510875 -2.150688 -0.621059
-3.219295 -1.743708 1.155976
-3.270994 -1.754755 1.148782
-3.270994 -1.754755 1.148782
-3.439935 -0.436789 -0.998191
-3.448762 -0.435729 -0.922833
-3.405644 -0.458856 -0.861614
-3.065493 -0.617460 -0.855171
-2.768228 -0.756953 -0.832301
-2.388009 -0.935300 -0.811988
-2.007309 -1.112921 -0.782358
-1.496654 -1.351703 -0.754921
-0.950117 -1.607669 -0.719611
-0.287316 -1.917250 -0.675705
0.443889 -2.259169 -0.620261
-3.439935 -0.436789 -0.998191
-3.448762 -0.435729 -0.922833
-3.405644 -0.458856 -0.861614
-3.065493 -0.617460 -0.855171
-2.768228 -0.756953 -0.832301
-2.388009 -0.935300 -0.811988
-2.007309 -1.112921 -0.782358
-1.496654 -1.351703 -0.754921
-0.950117 -1.607669 -0.719611
-0.287316 -1.917250 -0.675705
0.443889 -2.259169 -0.620261
-3.464575 -0.498563 -0.999279
-3.427044 -0.522860 -0.863343
-3.110448 -0.676013 -0.852646
-2.786697 -0.833266 -0.835113
-2.466084 -0.989569 -0.805314
-2.052226 -1.189589 -0.781615
-1.541387 -1.437194 -0.754787
-1.016416 -1.692157 -0.717506
-0.361622 -2.009229 -0.673623
0.242492 -2.302526 -0.608451
-3.464575 -0.498563 -0.999279
-3.427044 -0.522860 -0.863343
-3.110448 -0.676013 -0.852646
-2.786697 -0.833266 -0.835113
-2.466084 -0.989569 -0.805314
-2.052226 -1.189589 -0.781615
-1.541387 -1.437194 -0.754787
-1.016416 -1.692157 -0.717506
-0.361622 -2.009229 -0.673623
0.242492 -2.302526 -0.608451
-3.142000 -0.740732 -0.852917
-2.834629 -0.895478 -0.832854
-2.477265 -1.075584 -0.809684
-2.101710 -1.263759 -0.780376
-1.633528 -1.499014 -0.748616
-1.080180 -1.777188 -0.715845
-0.447734 -2.094485 -0.670515
-0.019179 -2.310783 -0.591585
-0.077045 -2.284679 -0.462715
-0.146759 -2.250773 -0.339558
-3.142000 -0.740732 -0.852917
-2.834629 -0.895478 -0.832854
-2.477265 -1.075584 -0.809684
-2.101710 -1.263759 -0.780376
-1.633528 -1.499014 -0.748616
-1.080180 -1.777188 -0.715845
-0.447734 -2.094485 -0.670515
-0.019179 -2.310783 -0.591585
-0.077045 -2.284679 -0.462715
-0.146759 -2.250773 -0.339558
-3.170946 -0.806802 -0.853906
-2.886838 -0.955016 -0.829983
-2.553182 -1.129219 -0.803641
-2.173311 -1.326205 -0.776018
-1.673190 -1.586119 -0.749478
-1.169760 -1.848319 -0.711336
-0.488739 -2.201768 -0.672052
-3.170946 -0.806802 -0.853906
-2.886838 -0.955016 -0.829983
-2.553182 -1.129219 -0.803641
-2.173311 -1.326205 -0.776018
-1.673190 -1.586119 -0.749478
-1.169760 -1.848319 -0.711336
-0.488739 -2.201768 -0.672052
-3.228679 -0.857741 -0.849370
-2.932772 -1.017280 -0.828410
-2.608593 -1.192400 -0.801103
-2.259551 -1.379759 -0.769587
-1.728115 -1.665244 -0.748503
-1.256503 -1.919478 -0.707267
-0.569987 -2.287994 -0.669725
-3.228679 -0.857741 -0.849370
-2.932772 -1.017280 -0.828410
-2.608593 -1.192400 -0.801103
-2.259551 -1.379759 -0.769587
-1.728115 -1.665244 -0.748503
-1.256503 -1.919478 -0.707267
-0.569987 -2.287994 -0.669725
-3.290388 -0.905640 -0.844161
-2.969106 -1.084454 -0.828775
-2.671685 -1.250749 -0.797428
-2.276694 -1.469687 -0.773681
-1.804944 -1.731956 -0.744753
-1.302121 -2.011920 -0.708175
-3.290388 -0.905640 -0.844161
-2.969106 -1.084454 -0.828775
-2.671685 -1.250749 -0.797428
-2.276694 -1.469687 -0.773681
-1.804944 -1.731956 -0.744753
-1.302121 -2.011920 -0.708175
-3.328556 -0.965886 -0.843831
-3.020115 -1.143321 -0.826613
-2.707866 -1.323507 -0.798426
-2.333204 -1.538158 -0.772028
-1.868639 -1.805012 -0.742902
-1.359427 -2.097860 -0.707881
-3.328556 -0.965886 -0.843831
-3.020115 -1.143321 -0.826613
-2.707866 -1.323507 -0.798426
-2.333204 -1.538158 -0.772028
-1.868639 -1.805012 -0.742902
-1.359427 -2.097860 -0.707881
-3.374333 -1.021566 -0.842135
-3.088866 -1.191303 -0.821282
-2.803124 -1.361774 -0.789568
-2.393974 -1.603635 -0.769877
-1.912655 -1.889001 -0.743889
-1.404150 -2.190961 -0.709271
-3.374333 -1.021566 -0.842135
-3.088866 -1.191303 -0.821282
-2.803124 -1.361774 -0.789568
-2.393974 -1.603635 -0.769877
-1.912655 -1.889001 -0.743889
-1.404150 -2.190961 -0.709271
-3.424171 -1.074426 -0.839767
-3.117478 -1.262412 -0.823637
-2.817198 -1.447128 -0.794687
-2.448728 -1.672129 -0.768804
-1.988444 -1.953885 -0.740692
-1.504652 -2.250507 -0.704087
-3.424171 -1.074426 -0.839767
-3.117478 -1.262412 -0.823637
-2.817198 -1.447128 -0.794687
-2.448728 -1.672129 -0.768804
-1.988444 -1.953885 -0.740692
-1.504652 -2.250507 -0.704087
-3.445009 -1.145900 -0.843681
-3.187870 -1.308978 -0.818355
-2.897005 -1.493679 -0.788787
-3.224283 -1.312362 0.563284
-3.231027 -1.308369 0.640909
-3.445009 -1.145900 -0.843681
-3.187870 -1.308978 -0.818355
-2.897005 -1.493679 -0.788787
-2.025108 -2.043602 -0.743155
-3.231027 -1.308369 0.640909
-3.288531 -1.343759 -0.498035
-3.162760 -1.427071 -0.434162
-3.161802 -1.429899 -0.357195
-3.161586 -1.432154 -0.277954
-3.195397 -1.411107 -0.199648
-3.166670 -1.431351 -0.122551
-3.212435 -1.402657 -0.045431
-3.226035 -1.395936 0.032789
-3.196493 -1.416253 0.107815
-3.218293 -1.403423 0.186063
-3.210497 -1.409302 0.260962
-3.217130 -1.405740 0.339804
-3.224095 -1.401137 0.414022
-3.203630 -1.417890 0.493930
-3.258172 -1.380232 0.563538
-3.248202 -1.386994 0.643428
-3.222383 -1.404368 0.722885
-3.254120 -1.383706 0.797346
-3.236726 -1.395167 0.877284
-3.162760 -1.427071 -0.434162
-3.161802 -1.429899 -0.357195
-3.161586 -1.432154 -0.277954
-3.195397 -1.411107 -0.199648
-3.166670 -1.431351 -0.122551
-3.212435 -1.402657 -0.045431
-3.226035 -1.395936 0.032789
-3.196493 -1.416253 0.107815
-3.218293 -1.403423 0.186063
-3.210497 -1.409302 0.260962
-3.217130 -1.405740 0.339804
-3.224095 -1.401137 0.414022
-3.203630 -1.417890 0.493930
-3.258172 -1.380232 0.563538
-3.248202 -1.386994 0.643428
-3.222383 -1.404368 0.722885
-3.254120 -1.383706 0.797346
-3.236726 -1.395167 0.877284
-3.257890 -1.455789 -0.428970
-3.253708 -1.460808 -0.353194
-3.260213 -1.458613 -0.274323
-3.270506 -1.452609 -0.198277
-3.288637 -1.442182 -0.119907
-3.280811 -1.448379 -0.045337
-3.274368 -1.454817 0.032308
-3.271721 -1.457785 0.106936
-3.280040 -1.453568 0.184983
-3.285615 -1.450692 0.258960
-3.298821 -1.442631 0.336812
-3.289110 -1.449076 0.411677
-3.305297 -1.441732 0.487693
-3.309615 -1.436638 0.561904
-3.309647 -1.436938 0.640331
-3.303844 -1.441460 0.716550
-3.318758 -1.431456 0.793037
-3.314634 -1.434411 0.870200
-3.257890 -1.455789 -0.428970
-3.253708 -1.460808 -0.353194
-3.260213 -1.458613 -0.274323
-3.270506 -1.452609 -0.198277
-3.288637 -1.442182 -0.119907
-3.280811 -1.448379 -0.045337
-3.274368 -1.454817 0.032308
-3.271721 -1.457785 0.106936
-3.280040 -1.453568 0.184983
-3.285615 -1.450692 0.258960
-3.298821 -1.442631 0.336812
-3.289110 -1.449076 0.411677
-3.305297 -1.441732 0.487693
-3.309615 -1.436638 0.561904
-3.309647 -1.436938 0.640331
-3.303844 -1.441460 0.716550
-3.318758 -1.431456 0.793037
-3.314634 -1.434411 0.870200
-3.300355 -1.518513 -0.429512
-3.309403 -1.514583 -0.352529
-3.312605 -1.514571 -0.274131
-3.309657 -1.517496 -0.199009
-3.314473 -1.515907 -0.121110
-3.323211 -1.510909 -0.045879
-3.320161 -1.515193 0.031785
-3.330739 -1.509145 0.106216
-3.325829 -1.513915 0.184346
-3.341242 -1.504180 0.257826
-3.331312 -1.511839 0.336886
-3.344711 -1.502577 0.410093
-3.354221 -1.499565 0.486517
-3.338798 -1.508013 0.562850
-3.332316 -1.512842 0.642366
-3.346224 -1.503919 0.716007
-3.370791 -1.486980 0.790873
-3.347165 -1.503511 0.871448
-3.300355 -1.518513 -0.429512
-3.309403 -1.514583 -0.352529
-3.312605 -1.514571 -0.274131
-3.309657 -1.517496 -0.199009
-3.314473 -1.515907 -0.121110
-3.323211 -1.510909 -0.045879
-3.320161 -1.515193 0.031785
-3.330739 -1.509145 0.106216
-3.325829 -1.513915 0.184346
-3.341242 -1.504180 0.257826
-3.331312 -1.511839 0.336886
-3.344711 -1.502577 0.410093
-3.354221 -1.499565 0.486517
-3.338798 -1.508013 0.562850
-3.332316 -1.512842 0.642366
-3.346224 -1.503919 0.716007
-3.370791 -1.486980 0.790873
-3.347165 -1.503511 0.871448
-3.317667 -1.599037 -0.432943
-3.320132 -1.599643 -0.356121
-3.316800 -1.604260 -0.277642
-3.336700 -1.591112 -0.200526
-3.318662 -1.605673 -0.123272
-3.327327 -1.600594 -0.047377
-3.327610 -1.602650 0.030994
-3.344641 -1.591856 0.105962
-3.326773 -1.605981 0.184980
-3.345338 -1.593735 0.259026
-3.345323 -1.594604 0.338164
-3.345605 -1.594410 0.412904
-3.342142 -1.600527 0.491332
-3.401566 -1.556084 0.560054
-3.408097 -1.551831 0.637509
-3.350638 -1.593389 0.721245
-3.426728 -1.539339 0.788146
-3.367858 -1.581454 0.875053
-3.317667 -1.599037 -0.432943
-3.320132 -1.599643 -0.356121
-3.316800 -1.604260 -0.277642
-3.318662 -1.605673 -0.123272
-3.327610 -1.602650 0.030994
-3.344641 -1.591856 0.105962
-3.326773 -1.605981 0.184980
-3.345338 -1.593735 0.259026
-3.345323 -1.594604 0.338164
-3.345605 -1.594410 0.412904
-3.342142 -1.600527 0.491332
-3.401566 -1.556084 0.560054
-3.350638 -1.593389 0.721245
-3.426728 -1.539339 0.788146
-3.367858 -1.581454 0.875053
-3.380048 -1.645559 -0.510188
-3.317863 -1.778825 -0.764827
-2.881402 -2.107344 -0.757810
-3.317863 -1.778825 -0.764827
-2.881402 -2.107344 -0.757810
-3.283247 -1.903295 -0.780688
-2.923539 -2.182406 -0.760117
-3.283247 -1.903295 -0.780688
-2.923539 -2.182406 -0.760117
-3.310202 -1.982697 -0.785478
-3.001008 -2.229924 -0.756627
-3.310202 -1.982697 -0.785478
-3.001008 -2.229924 -0.756627
-3.372252 -2.034527 -0.783855
-3.063490 -2.288536 -0.755808
-3.372252 -2.034527 -0.783855
-3.063490 -2.288536 -0.755808
-3.404549 -2.110728 -0.788118
-3.404549 -2.110728 -0.788118
-3.300165 2.296038 -1.155642
-3.074639 2.293250 -1.148401
-2.829761 2.288460 -1.142286
-2.564051 2.283229 -1.130870
-2.275005 2.277615 -1.120287
-2.177110 2.274244 -1.061177
-2.147237 2.271484 -0.989823
-1.739425 2.264689 -0.979998
-1.343067 2.257500 -0.958785
-0.839050 2.248284 -0.939591
-0.426058 2.241513 -0.897551
0.237763 2.230066 -0.868453
0.897633 2.218262 -0.824529
0.210590 2.228220 -0.648731
0.194539 2.227524 -0.541209
0.165162 2.227198 -0.430450
0.170017 2.227742 -0.325874
0.193488 2.227097 -0.218302
0.135411 2.228505 -0.112812
0.123842 2.227892 -0.004898
0.198795 2.226911 0.099693
2.369512 2.196416 0.686737
0.441872 2.223863 0.657767
0.543171 2.226654 0.776802
-3.300165 2.296038 -1.155642
-3.074639 2.293250 -1.148401
-2.829761 2.288460 -1.142286
-2.564051 2.283229 -1.130870
-2.275005 2.277615 -1.120287
-2.177110 2.274244 -1.061177
-2.147237 2.271484 -0.989823
-1.739425 2.264689 -0.979998
-1.343067 2.257500 -0.958785
-0.839050 2.248284 -0.939591
-0.426058 2.241513 -0.897551
0.237763 2.230066 -0.868453
0.897633 2.218262 -0.824529
1.960545 2.200657 -0.791678
0.194539 2.227524 -0.541209
0.165162 2.227198 -0.430450
0.170017 2.227742 -0.325874
0.193488 2.227097 -0.218302
0.135411 2.228505 -0.112812
0.123842 2.227892 -0.004898
0.198795 2.226911 0.099693
2.369512 2.196416 0.686737
0.441872 2.223863 0.657767
-3.320417 2.240015 -1.149852
-3.083419 2.233770 -1.145891
-2.815355 2.224938 -1.145556
-2.573079 2.216625 -1.128530
-2.284165 2.206977 -1.118027
-2.229501 2.203426 -1.050469
-2.164422 2.199239 -0.986334
-1.780443 2.187430 -0.972705
-1.388268 2.174826 -0.951400
-0.908285 2.159274 -0.929473
-0.432077 2.144879 -0.896257
0.187792 2.125441 -0.862326
0.871240 2.103716 -0.821286
0.192319 2.122951 -0.646560
0.156284 2.123030 -0.537914
0.118877 2.123309 -0.427250
0.119701 2.123857 -0.323124
0.147122 2.122720 -0.216335
0.089046 2.124890 -0.111460
0.089447 2.124037 -0.004140
0.136387 2.122801 0.099544
0.229678 2.120087 0.211050
2.370344 2.059847 0.688148
0.363615 2.116581 0.652023
-3.320417 2.240015 -1.149852
-3.083419 2.233770 -1.145891
-2.815355 2.224938 -1.145556
-2.573079 2.216625 -1.128530
-2.284165 2.206977 -1.118027
-2.229501 2.203426 -1.050469
-2.164422 2.199239 -0.986334
-1.780443 2.187430 -0.972705
-1.388268 2.174826 -0.951400
-0.908285 2.159274 -0.929473
-0.432077 2.144879 -0.896257
0.187792 2.125441 -0.862326
0.871240 2.103716 -0.821286
1.834142 2.074226 -0.780527
0.156284 2.123030 -0.537914
0.118877 2.123309 -0.427250
0.119701 2.123857 -0.323124
0.147122 2.122720 -0.216335
0.089046 2.124890 -0.111460
0.089447 2.124037 -0.004140
0.136387 2.122801 0.099544
0.229678 2.120087 0.211050
2.370344 2.059847 0.688148
0.363615 2.116581 0.652023
-3.326028 2.183922 -1.148342
-3.096894 2.174682 -1.142404
-2.856199 2.163223 -1.135564
-2.594721 2.150741 -1.123550
-2.376386 2.139987 -1.098269
-2.267171 2.133392 -1.042913
-2.174745 2.127124 -0.984322
-1.775226 2.109283 -0.973422
-1.402999 2.092041 -0.948924
-0.927265 2.069957 -0.926567
-0.475133 2.049932 -0.890553
0.124472 2.022701 -0.854945
0.791548 1.992130 -0.813135
0.148691 2.019211 -0.642491
0.092670 2.020624 -0.533059
0.083138 2.020161 -0.424741
0.059978 2.021700 -0.320119
0.063371 2.021188 -0.213530
0.005299 2.024119 -0.109767
0.017658 2.022697 -0.003555
0.080555 2.020058 0.099472
-0.025906 2.024758 0.203943
-0.113578 2.029106 0.300947
0.288852 2.013778 0.536482
0.367507 2.007796 0.653563
-3.326028 2.183922 -1.148342
-3.096894 2.174682 -1.142404
-2.856199 2.163223 -1.135564
-2.594721 2.150741 -1.123550
-2.376386 2.139987 -1.098269
-2.267171 2.133392 -1.042913
-2.174745 2.127124 -0.984322
-1.775226 2.109283 -0.973422
-1.402999 2.092041 -0.948924
-0.927265 2.069957 -0.926567
-0.475133 2.049932 -0.890553
0.124472 2.022701 -0.854945
0.791548 1.992130 -0.813135
1.761810 1.948854 -0.774007
0.092670 2.020624 -0.533059
0.083138 2.020161 -0.424741
0.059978 2.021700 -0.320119
0.063371 2.021188 -0.213530
0.005299 2.024119 -0.109767
0.017658 2.022697 -0.003555
0.080555 2.020058 0.099472
-0.025906 2.024758 0.203943
-0.113578 2.029106 0.300947
0.288852 2.013778 0.536482
0.367507 2.007796 0.653563
-3.343971 2.128591 -1.143671
-3.107319 2.115736 -1.139950
-2.855195 2.100285 -1.136043
-2.601692 2.084577 -1.122164
-2.313236 2.066874 -1.111935
-2.294041 2.063721 -1.037725
-2.205709 2.056373 -0.978741
-1.826242 2.034074 -0.964884
-1.422825 2.009857 -0.945880
-0.951435 1.981358 -0.923153
-0.471928 1.953431 -0.890833
0.127248 1.917817 -0.855048
0.781912 1.878605 -0.811916
0.083746 1.917789 -0.636855
0.043612 1.919028 -0.529338
0.010096 1.920041 -0.420383
-0.001126 1.921164 -0.317171
0.022182 1.919409 -0.211878
-0.031874 1.922873 -0.108661
-0.047504 1.922855 -0.003004
0.051280 1.917211 0.099823
-0.055109 1.923350 0.203937
-0.142713 1.928876 0.300604
0.203718 1.911031 0.531397
0.445457 1.894480 0.661713
-3.343971 2.128591 -1.143671
-3.107319 2.115736 -1.139950
-2.855195 2.100285 -1.136043
-2.601692 2.084577 -1.122164
-2.313236 2.066874 -1.111935
-2.294041 2.063721 -1.037725
-2.205709 2.056373 -0.978741
-1.826242 2.034074 -0.964884
-1.422825 2.009857 -0.945880
-0.951435 1.981358 -0.923153
-0.471928 1.953431 -0.890833
0.127248 1.917817 -0.855048
0.781912 1.878605 -0.811916
1.636040 1.828423 -0.763341
0.043612 1.919028 -0.529338
0.010096 1.920041 -0.420383
-0.001126 1.921164 -0.317171
0.022182 1.919409 -0.211878
-0.031874 1.922873 -0.108661
-0.047504 1.922855 -0.003004
0.051280 1.917211 0.099823
-0.055109 1.923350 0.203937
-0.142713 1.928876 0.300604
0.203718 1.911031 0.531397
0.445457 1.894480 0.661713
-3.354978 2.073203 -1.141152
-3.145600 2.058890 -1.130495
-2.889966 2.039678 -1.128016
-2.609583 2.018569 -1.120808
-2.352638 1.999004 -1.103936
-2.353176 1.996938 -1.026363
-2.202311 1.983960 -0.979680
-1.842848 1.957744 -0.962357
-1.455612 1.929010 -0.941054
-0.988680 1.894218 -0.918134
-0.513631 1.859876 -0.885720
0.041298 1.819006 -0.845595
0.826300 1.761309 -0.816084
0.033350 1.816971 -0.632573
-0.050609 1.821873 -0.522719
-0.044355 1.820462 -0.417139
-0.071551 1.822839 -0.313968
-0.052301 1.821006 -0.209489
-0.106333 1.825177 -0.107217
-0.070112 1.821609 -0.002355
0.040540 1.813682 0.100469
-0.049815 1.820113 0.205022
-0.097494 1.823954 0.303658
0.104075 1.810065 0.422060
0.284349 1.798632 0.538594
0.625072 1.771483 0.678949
-3.354978 2.073203 -1.141152
-3.145600 2.058890 -1.130495
-2.889966 2.039678 -1.128016
-2.609583 2.018569 -1.120808
-2.352638 1.999004 -1.103936
-2.353176 1.996938 -1.026363
-2.202311 1.983960 -0.979680
-1.842848 1.957744 -0.962357
-1.455612 1.929010 -0.941054
-0.988680 1.894218 -0.918134
-0.513631 1.859876 -0.885720
0.041298 1.819006 -0.845595
0.826300 1.761309 -0.816084
1.576309 1.706577 -0.758261
-0.050609 1.821873 -0.522719
-0.044355 1.820462 -0.417139
-0.071551 1.822839 -0.313968
-0.052301 1.821006 -0.209489
-0.106333 1.825177 -0.107217
-0.070112 1.821609 -0.002355
0.040540 1.813682 0.100469
-0.049815 1.820113 0.205022
-0.097494 1.823954 0.303658
0.104075 1.810065 0.422060
0.284349 1.798632 0.538594
0.625072 1.771483 0.678949
-3.351374 2.016818 -1.142906
-3.130610 1.998627 -1.135125
-2.890692 1.977112 -1.128552
-2.614505 1.952410 -1.120373
-2.361759 1.929578 -1.102644
-2.366257 1.927815 -1.024354
-2.239139 1.914698 -0.973450
-1.872297 1.882810 -0.957878
-1.489496 1.849009 -0.936271
-1.042896 1.809383 -0.910964
-0.580328 1.769422 -0.877694
-0.014243 1.719803 -0.839692
0.710295 1.656244 -0.805065
-0.038262 1.719174 -0.626727
-0.094388 1.722828 -0.519646
-0.108097 1.722999 -0.413528
-0.119377 1.724345 -0.311756
-0.163932 1.727674 -0.206274
-0.174103 1.728791 -0.105918
-0.137950 1.724681 -0.001913
-0.041991 1.716301 0.206190
-0.002047 1.713239 0.309039
0.107718 1.704357 0.423452
0.367281 1.683551 0.546053
0.770985 1.646101 0.693361
-3.351374 2.016818 -1.142906
-3.130610 1.998627 -1.135125
-2.890692 1.977112 -1.128552
-2.614505 1.952410 -1.120373
-2.361759 1.929578 -1.102644
-2.366257 1.927815 -1.024354
-2.239139 1.914698 -0.973450
-1.872297 1.882810 -0.957878
-1.489496 1.849009 -0.936271
-1.042896 1.809383 -0.910964
-0.580328 1.769422 -0.877694
-0.014243 1.719803 -0.839692
0.710295 1.656244 -0.805065
1.526856 1.585274 -0.754218
-0.094388 1.722828 -0.519646
-0.108097 1.722999 -0.413528
-0.119377 1.724345 -0.311756
-0.163932 1.727674 -0.206274
-0.174103 1.728791 -0.105918
-0.137950 1.724681 -0.001913
-0.041991 1.716301 0.206190
-0.002047 1.713239 0.309039
0.107718 1.704357 0.423452
0.367281 1.683551 0.546053
0.770985 1.646101 0.693361
-3.367762 1.962125 -1.139377
-3.139611 1.940117 -1.133758
-2.930977 1.918239 -1.119641
-2.635876 1.887829 -1.116410
-2.399099 1.862989 -1.095551
-2.399819 1.860896 -1.018500
-2.276892 1.846389 -0.967257
-1.890983 1.807462 -0.955425
-1.528394 1.770258 -0.930923
-1.074573 1.723629 -0.907135
-0.592905 1.675254 -0.876628
0.008032 1.614192 -0.842558
0.648444 1.548776 -0.799441
-0.123053 1.624452 -0.619969
-0.151414 1.626089 -0.515823
-0.141326 1.624034 -0.411656
-0.188408 1.629066 -0.308821
-0.177246 1.627412 -0.205571
-0.215274 1.631409 -0.104972
-0.203078 1.629144 -0.001512
-0.176270 1.626403 0.098271
-0.103265 1.618935 0.205148
-0.015642 1.610493 0.309475
1.113163 1.496674 0.725319
-3.367762 1.962125 -1.139377
-3.139611 1.940117 -1.133758
-2.930977 1.918239 -1.119641
-2.635876 1.887829 -1.116410
-2.399099 1.862989 -1.095551
-2.399819 1.860896 -1.018500
-2.276892 1.846389 -0.967257
-1.890983 1.807462 -0.955425
-1.528394 1.770258 -0.930923
-1.074573 1.723629 -0.907135
-0.592905 1.675254 -0.876628
0.008032 1.614192 -0.842558
0.648444 1.548776 -0.799441
-0.123053 1.624452 -0.619969
-0.151414 1.626089 -0.515823
-0.141326 1.624034 -0.411656
-0.188408 1.629066 -0.308821
-0.177246 1.627412 -0.205571
-0.215274 1.631409 -0.104972
-0.203078 1.629144 -0.001512
-0.176270 1.626403 0.098271
-0.103265 1.618935 0.205148
-0.015642 1.610493 0.309475
1.113163 1.496674 0.725319
-3.381062 1.907403 -1.136936
-3.141725 1.880944 -1.134424
-2.933405 1.856148 -1.120236
-2.681382 1.826343 -1.107146
-2.441210 1.797788 -1.087661
-2.426474 1.793957 -1.014231
-2.295999 1.776852 -0.964699
-1.902862 1.731663 -0.954333
-1.548697 1.690279 -0.928647
-1.064101 1.633761 -0.909386
-0.630455 1.584000 -0.872647
-0.014676 1.512765 -0.840675
0.601000 1.441099 -0.795395
-0.102089 1.519810 -0.621987
-0.138337 1.522692 -0.516865
-0.179864 1.526325 -0.409623
-0.203076 1.529255 -0.308107
-0.255522 1.534650 -0.203352
-0.277623 1.537321 -0.103865
-0.309190 1.539839 -0.001316
-0.198978 1.527152 0.098620
-0.066511 1.511816 0.207245
0.016978 1.502564 0.312053
-3.381062 1.907403 -1.136936
-3.141725 1.880944 -1.134424
-2.933405 1.856148 -1.120236
-2.681382 1.826343 -1.107146
-2.441210 1.797788 -1.087661
-2.426474 1.793957 -1.014231
-2.295999 1.776852 -0.964699
-1.902862 1.731663 -0.954333
-1.548697 1.690279 -0.928647
-1.064101 1.633761 -0.909386
-0.630455 1.584000 -0.872647
-0.014676 1.512765 -0.840675
0.601000 1.441099 -0.795395
1.347795 1.355005 -0.740183
-0.138337 1.522692 -0.516865
-0.179864 1.526325 -0.409623
-0.203076 1.529255 -0.308107
-0.255522 1.534650 -0.203352
-0.277623 1.537321 -0.103865
-0.309190 1.539839 -0.001316
-0.198978 1.527152 0.098620
-0.066511 1.511816 0.207245
0.016978 1.502564 0.312053
-3.410422 1.854874 -1.130278
-3.179256 1.826042 -1.126092
-2.982983 1.799801 -1.109494
-2.692851 1.761681 -1.105915
-2.488053 1.734149 -1.078975
-2.461816 1.728644 -1.008447
-2.331671 1.709721 -0.959297
-1.994065 1.665988 -0.940040
-1.566173 1.610257 -0.927015
-1.102084 1.549474 -0.905092
-0.629852 1.488654 -0.873640
-0.062443 1.414842 -0.836230
-0.277361 1.440455 -0.711657
-0.272471 1.438704 -0.608560
-0.281136 1.438548 -0.507533
-0.279149 1.437164 -0.404493
-0.310315 1.441393 -0.303886
-0.188216 1.425117 -0.204790
-0.329291 1.443306 -0.102937
-0.309257 1.439608 -0.000765
-0.242881 1.430941 0.098570
-0.162194 1.420327 0.205080
0.123317 1.383913 0.318061
1.198979 1.247811 0.612508
-3.410422 1.854874 -1.130278
-3.179256 1.826042 -1.126092
-2.982983 1.799801 -1.109494
-2.692851 1.761681 -1.105915
-2.488053 1.734149 -1.078975
-2.461816 1.728644 -1.008447
-2.331671 1.709721 -0.959297
-1.994065 1.665988 -0.940040
-1.566173 1.610257 -0.927015
-1.102084 1.549474 -0.905092
-0.629852 1.488654 -0.873640
-0.062443 1.414842 -0.836230
0.560016 1.333579 -0.792165
-0.272471 1.438704 -0.608560
-0.281136 1.438548 -0.507533
-0.279149 1.437164 -0.404493
-0.310315 1.441393 -0.303886
-0.188216 1.425117 -0.204790
-0.329291 1.443306 -0.102937
-0.309257 1.439608 -0.000765
-0.242881 1.430941 0.098570
-0.162194 1.420327 0.205080
0.123317 1.383913 0.318061
1.198979 1.247811 0.612508
-3.406087 1.798328 -1.133193
-3.179137 1.766793 -1.127814
-2.937029 1.731403 -1.122453
-2.701351 1.696702 -1.105602
-2.508585 1.667924 -1.076152
-2.494131 1.663662 -1.003472
-2.360433 1.642377 -0.955369
-1.984457 1.588449 -0.942992
-1.580834 1.530044 -0.926026
-1.156883 1.468322 -0.898649
-0.693489 1.402031 -0.866794
-0.335919 1.349851 -0.807045
-0.302456 1.343304 -0.710053
-0.258145 1.335841 -0.610352
-0.318165 1.343054 -0.505468
-0.229228 1.329222 -0.407382
-0.351318 1.346788 -0.302345
-0.122593 1.313551 -0.206262
-0.251515 1.331969 -0.103438
-0.385984 1.349945 -0.000554
0.089310 1.281869 0.317636
-3.406087 1.798328 -1.133193
-3.179137 1.766793 -1.127814
-2.937029 1.731403 -1.122453
-2.701351 1.696702 -1.105602
-2.508585 1.667924 -1.076152
-2.494131 1.663662 -1.003472
-2.360433 1.642377 -0.955369
-1.984457 1.588449 -0.942992
-1.580834 1.530044 -0.926026
-1.156883 1.468322 -0.898649
-0.693489 1.402031 -0.866794
-0.335919 1.349851 -0.807045
-0.302456 1.343304 -0.710053
-0.258145 1.335841 -0.610352
-0.318165 1.343054 -0.505468
-0.229228 1.329222 -0.407382
-0.351318 1.346788 -0.302345
-0.122593 1.313551 -0.206262
-0.251515 1.331969 -0.103438
-0.385984 1.349945 -0.000554
0.089310 1.281869 0.317636
-3.410189 1.742730 -1.134011
-3.172202 1.706278 -1.131567
-2.976660 1.674534 -1.114612
-2.722322 1.633619 -1.102655
-2.549353 1.605119 -1.069200
-2.535059 1.600653 -0.996982
-2.386205 1.575109 -0.952194
-2.030551 1.518960 -0.936717
-1.639584 1.456760 -0.918417
-1.197059 1.386105 -0.894443
-0.734690 1.313352 -0.862950
-0.370078 1.254950 -0.804454
-0.364290 1.252200 -0.705083
-0.379248 1.253322 -0.601232
-0.368302 1.250264 -0.502651
-0.362485 1.248136 -0.400680
-0.405428 1.255003 -0.300390
-0.410307 1.255053 -0.199151
-0.297990 1.237477 -0.102685
-0.436160 1.257907 -0.000284
-0.441182 1.258460 0.096409
-0.277846 1.232491 0.203148
0.046029 1.181824 0.316793
1.089592 1.018467 0.490008
-3.410189 1.742730 -1.134011
-3.172202 1.706278 -1.131567
-2.976660 1.674534 -1.114612
-2.722322 1.633619 -1.102655
-2.549353 1.605119 -1.069200
-2.535059 1.600653 -0.996982
-2.386205 1.575109 -0.952194
-2.030551 1.518960 -0.936717
-1.639584 1.456760 -0.918417
-1.197059 1.386105 -0.894443
-0.734690 1.313352 -0.862950
-0.370078 1.254950 -0.804454
-0.364290 1.252200 -0.705083
-0.379248 1.253322 -0.601232
-0.368302 1.250264 -0.502651
-0.362485 1.248136 -0.400680
-0.405428 1.255003 -0.300390
-0.410307 1.255053 -0.199151
-0.297990 1.237477 -0.102685
-0.436160 1.257907 -0.000284
-0.441182 1.258460 0.096409
-0.277846 1.232491 0.203148
0.046029 1.181824 0.316793
1.089592 1.018467 0.490008
-3.456928 1.694104 -1.123192
-3.177605 1.647369 -1.132339
-3.001681 1.616086 -1.110587
-2.721067 1.567131 -1.105065
-2.560057 1.538137 -1.068939
-2.569056 1.537346 -0.992075
-2.428398 1.511040 -0.946179
-2.073643 1.449946 -0.931142
-1.683654 1.382310 -0.913270
-1.210973 1.300197 -0.894113
-0.761408 1.222978 -0.861121
-0.421195 1.163474 -0.800171
-0.293817 1.139894 -0.713050
-0.434434 1.162587 -0.597642
-0.403913 1.155989 -0.500949
-0.323344 1.140960 -0.403238
-0.492243 1.169917 -0.297253
-0.438039 1.159895 -0.198494
-0.357534 1.146104 -0.101857
-0.487535 1.167074 -0.000063
-0.337479 1.140713 0.202106
0.166836 1.054455 0.323602
-3.456928 1.694104 -1.123192
-3.177605 1.647369 -1.132339
-3.001681 1.616086 -1.110587
-2.721067 1.567131 -1.105065
-2.560057 1.538137 -1.068939
-2.569056 1.537346 -0.992075
-2.428398 1.511040 -0.946179
-2.073643 1.449946 -0.931142
-1.683654 1.382310 -0.913270
-1.210973 1.300197 -0.894113
-0.761408 1.222978 -0.861121
-0.421195 1.163474 -0.800171
-0.293817 1.139894 -0.713050
-0.434434 1.162587 -0.597642
-0.403913 1.155989 -0.500949
-0.323344 1.140960 -0.403238
-0.492243 1.169917 -0.297253
-0.438039 1.159895 -0.198494
-0.357534 1.146104 -0.101857
-0.487535 1.167074 -0.000063
-0.337479 1.140713 0.202106
0.166836 1.054455 0.323602
-3.183838 1.588489 -1.133137
-3.004534 1.554048 -1.112268
-2.736117 1.503261 -1.103954
-2.606337 1.477616 -1.061221
-2.619319 1.477658 -0.984105
-2.471407 1.447993 -0.940199
-2.071054 1.373435 -0.933534
-1.689792 1.301773 -0.914211
-1.276745 1.223811 -0.886705
-0.820590 1.138897 -0.855399
-0.465676 1.071765 -0.796805
-0.467910 1.070248 -0.697564
-0.479024 1.071001 -0.595065
-0.417241 1.058137 -0.500890
-0.490079 1.070314 -0.394971
-0.501458 1.072476 -0.297240
-0.502455 1.071857 -0.197014
-0.559822 1.082418 -0.099595
-0.528285 1.075272 0.000159
-0.493984 1.068584 0.096739
-0.402210 1.051110 0.200886
0.155863 0.947555 0.324318
-3.183838 1.588489 -1.133137
-3.004534 1.554048 -1.112268
-2.736117 1.503261 -1.103954
-2.606337 1.477616 -1.061221
-2.619319 1.477658 -0.984105
-2.471407 1.447993 -0.940199
-2.071054 1.373435 -0.933534
-1.689792 1.301773 -0.914211
-1.276745 1.223811 -0.886705
-0.820590 1.138897 -0.855399
-0.465676 1.071765 -0.796805
-0.467910 1.070248 -0.697564
-0.479024 1.071001 -0.595065
-0.417241 1.058137 -0.500890
-0.490079 1.070314 -0.394971
-0.501458 1.072476 -0.297240
-0.502455 1.071857 -0.197014
-0.559822 1.082418 -0.099595
-0.528285 1.075272 0.000159
-0.493984 1.068584 0.096739
-0.402210 1.051110 0.200886
0.155863 0.947555 0.324318
-3.461274 1.582683 -1.127076
-3.206107 1.532614 -1.129955
-3.000643 1.490458 -1.115868
-2.775011 1.444160 -1.097547
-2.634172 1.414454 -1.057696
-2.627954 1.410869 -0.984682
-2.488188 1.380644 -0.939279
-2.150847 1.312748 -0.922084
-1.728105 1.227365 -0.910350
-1.320123 1.144423 -0.882624
-0.841888 1.048515 -0.854641
-0.417759 0.962458 -0.803905
-0.521476 0.981106 -0.693876
-0.528724 0.981205 -0.592214
-0.529794 0.979945 -0.494225
-0.524201 0.977481 -0.393859
-0.555170 0.983675 -0.295583
-0.418956 0.955610 -0.199242
-0.578137 0.987299 -0.099322
-0.546716 0.979670 0.000434
-0.524289 0.974815 0.096800
-0.381814 0.945816 0.202455
0.249167 0.819535 0.329947
-3.461274 1.582683 -1.127076
-3.206107 1.532614 -1.129955
-3.000643 1.490458 -1.115868
-2.775011 1.444160 -1.097547
-2.634172 1.414454 -1.057696
-2.627954 1.410869 -0.984682
-2.488188 1.380644 -0.939279
-2.150847 1.312748 -0.922084
-1.728105 1.227365 -0.910350
-1.320123 1.144423 -0.882624
-0.841888 1.048515 -0.854641
-0.417759 0.962458 -0.803905
-0.521476 0.981106 -0.693876
-0.528724 0.981205 -0.592214
-0.529794 0.979945 -0.494225
-0.524201 0.977481 -0.393859
-0.555170 0.983675 -0.295583
-0.418956 0.955610 -0.199242
-0.578137 0.987299 -0.099322
-0.546716 0.979670 0.000434
-0.524289 0.974815 0.096800
-0.381814 0.945816 0.202455
0.249167 0.819535 0.329947
-3.259444 1.483560 -1.118788
-3.043325 1.436192 -1.108145
-2.780302 1.378748 -1.099158
-2.674329 1.354319 -1.051708
-2.675928 1.352268 -0.977552
-2.525144 1.317668 -0.934801
-2.161829 1.239349 -0.922563
-1.786725 1.157929 -0.903505
-1.349025 1.062725 -0.880774
-0.903261 0.966763 -0.849010
-0.328782 0.842452 -0.815819
-0.513873 0.879900 -0.696293
-0.536694 0.883377 -0.592946
-0.572909 0.889600 -0.492397
-0.520510 0.876983 -0.394879
-0.649097 0.904493 -0.292439
-0.614992 0.896296 -0.194679
-0.644709 0.902504 -0.098602
-0.617321 0.895244 0.000449
-0.540223 0.878285 0.097102
0.141101 0.731419 0.326159
-3.259444 1.483560 -1.118788
-3.043325 1.436192 -1.108145
-2.780302 1.378748 -1.099158
-2.674329 1.354319 -1.051708
-2.675928 1.352268 -0.977552
-2.525144 1.317668 -0.934801
-2.161829 1.239349 -0.922563
-1.786725 1.157929 -0.903505
-1.349025 1.062725 -0.880774
-0.903261 0.966763 -0.849010
-0.328782 0.842452 -0.815819
-0.513873 0.879900 -0.696293
-0.536694 0.883377 -0.592946
-0.572909 0.889600 -0.492397
-0.520510 0.876983 -0.394879
-0.649097 0.904493 -0.292439
-0.614992 0.896296 -0.194679
-0.644709 0.902504 -0.098602
-0.617321 0.895244 0.000449
-0.540223 0.878285 0.097102
0.141101 0.731419 0.326159
-3.286885 1.429905 -1.114661
-3.079088 1.381242 -1.102344
-2.816969 1.320158 -1.093701
-2.684705 1.288237 -1.052404
-2.713128 1.292224 -0.972774
-2.547554 1.252054 -0.933227
-2.166150 1.164314 -0.924397
-1.830755 1.086404 -0.899116
-1.398349 0.985991 -0.876228
-0.950156 0.882942 -0.845389
-0.408532 0.757697 -0.809114
0.222101 0.611685 -0.769905
-0.577161 0.792609 -0.591150
-0.605536 0.797523 -0.491413
-0.627325 0.801068 -0.390104
-0.619210 0.799130 -0.294247
-0.631990 0.801114 -0.194590
-0.646032 0.804122 -0.098621
-0.630458 0.799114 0.000666
-0.565312 0.783720 0.097216
-0.423730 0.750664 0.202879
0.242394 0.597778 0.332249
-3.286885 1.429905 -1.114661
-3.079088 1.381242 -1.102344
-2.816969 1.320158 -1.093701
-2.684705 1.288237 -1.052404
-2.713128 1.292224 -0.972774
-2.547554 1.252054 -0.933227
-2.166150 1.164314 -0.924397
-1.830755 1.086404 -0.899116
-1.398349 0.985991 -0.876228
-0.950156 0.882942 -0.845389
-0.408532 0.757697 -0.809114
0.222101 0.611685 -0.769905
-0.577161 0.792609 -0.591150
-0.605536 0.797523 -0.491413
-0.627325 0.801068 -0.390104
-0.619210 0.799130 -0.294247
-0.631990 0.801114 -0.194590
-0.646032 0.804122 -0.098621
-0.630458 0.799114 0.000666
-0.565312 0.783720 0.097216
-0.423730 0.750664 0.202879
0.242394 0.597778 0.332249
-3.311257 1.375946 -1.111562
-3.096639 1.322591 -1.101300
-2.831620 1.256949 -1.093597
-2.737866 1.232296 -1.043984
-2.735825 1.229351 -0.971123
-2.570853 1.186866 -0.931686
-2.225246 1.102145 -0.917018
-1.833415 1.005654 -0.901412
-1.444787 0.909449 -0.872269
-0.982696 0.796420 -0.843776
-0.435167 0.661747 -0.808531
0.181748 0.509753 -0.768229
-0.583959 0.694208 -0.592291
-0.620016 0.701354 -0.491801
-0.637879 0.704209 -0.390587
-0.633680 0.703061 -0.294411
-0.642555 0.704230 -0.194737
-0.652678 0.706445 -0.098644
-0.633302 0.700224 0.000890
-0.556737 0.681035 0.097931
-0.369049 0.634583 0.205610
0.325871 0.464786 0.337560
-3.311257 1.375946 -1.111562
-3.096639 1.322591 -1.101300
-2.831620 1.256949 -1.093597
-2.737866 1.232296 -1.043984
-2.735825 1.229351 -0.971123
-2.570853 1.186866 -0.931686
-2.225246 1.102145 -0.917018
-1.833415 1.005654 -0.901412
-1.444787 0.909449 -0.872269
-0.982696 0.796420 -0.843776
-0.435167 0.661747 -0.808531
0.181748 0.509753 -0.768229
0.791404 0.359893 -0.706350
-0.620016 0.701354 -0.491801
-0.637879 0.704209 -0.390587
-0.633680 0.703061 -0.294411
-0.642555 0.704230 -0.194737
-0.652678 0.706445 -0.098644
-0.633302 0.700224 0.000890
-0.556737 0.681035 0.097931
-0.369049 0.634583 0.205610
0.325871 0.464786 0.337560
-3.332587 1.321538 -1.109491
-3.126298 1.267110 -1.097447
-2.858492 1.196833 -1.090862
-2.753757 1.167970 -1.043910
-2.797399 1.176609 -0.961767
-2.572159 1.116264 -0.934481
-2.243019 1.030621 -0.916938
-1.902368 0.941434 -0.893471
-1.503709 0.836890 -0.866708
-1.039468 0.716448 -0.839258
-0.463125 0.566229 -0.807994
0.120750 0.413575 -0.764713
-0.580600 0.592710 -0.594440
-0.659051 0.611273 -0.490640
-0.680765 0.615339 -0.389448
-0.610817 0.597096 -0.296150
-0.573210 0.586323 -0.196943
-0.521333 0.572605 -0.100173
-0.618232 0.596102 0.001154
-0.580678 0.585825 0.098029
-0.254343 0.500628 0.210368
-3.332587 1.321538 -1.109491
-3.126298 1.267110 -1.097447
-2.858492 1.196833 -1.090862
-2.753757 1.167970 -1.043910
-2.797399 1.176609 -0.961767
-2.572159 1.116264 -0.934481
-2.243019 1.030621 -0.916938
-1.902368 0.941434 -0.893471
-1.503709 0.836890 -0.866708
-1.039468 0.716448 -0.839258
-0.463125 0.566229 -0.807994
0.120750 0.413575 -0.764713
0.759092 0.247249 -0.705909
-0.659051 0.611273 -0.490640
-0.680765 0.615339 -0.389448
-0.610817 0.597096 -0.296150
-0.573210 0.586323 -0.196943
-0.521333 0.572605 -0.100173
-0.618232 0.596102 0.001154
-0.580678 0.585825 0.098029
-0.254343 0.500628 0.210368
-3.362129 1.269539 -1.105444
-3.152919 1.211247 -1.094568
-2.882393 1.136240 -1.089043
-2.808323 1.114051 -1.035553
-2.795127 1.107967 -0.965591
-2.631482 1.060896 -0.926544
-2.273213 0.962448 -0.914911
-1.926234 0.866446 -0.892819
-1.490847 0.745952 -0.871580
-1.089564 0.635672 -0.835764
-0.500073 0.473255 -0.806634
0.073910 0.314550 -0.762759
-0.517213 0.474014 -0.601772
-0.614576 0.498834 -0.495367
-0.636190 0.503126 -0.393145
-0.585751 0.489123 -0.298086
-0.559862 0.480933 -0.197848
-0.519760 0.469612 -0.100403
-0.589328 0.487015 0.001441
-0.521085 0.467721 0.099660
-0.180594 0.373704 0.213788
-3.362129 1.269539 -1.105444
-3.152919 1.211247 -1.094568
-2.882393 1.136240 -1.089043
-2.808323 1.114051 -1.035553
-2.795127 1.107967 -0.965591
-2.631482 1.060896 -0.926544
-2.273213 0.962448 -0.914911
-1.926234 0.866446 -0.892819
-1.490847 0.745952 -0.871580
-1.089564 0.635672 -0.835764
-0.500073 0.473255 -0.806634
0.073910 0.314550 -0.762759
0.906013 0.085809 -0.720618
-0.614576 0.498834 -0.495367
-0.636190 0.503126 -0.393145
-0.585751 0.489123 -0.298086
-0.559862 0.480933 -0.197848
-0.519760 0.469612 -0.100403
-0.589328 0.487015 0.001441
-0.521085 0.467721 0.099660
-0.180594 0.373704 0.213788
-3.381159 1.215001 -1.104428
-3.176536 1.154856 -1.092662
-2.918365 1.079285 -1.084593
-2.825858 1.050716 -1.035539
-2.831629 1.049795 -0.961711
-2.653574 0.996131 -0.925814
-2.308103 0.895945 -0.912257
-1.970137 0.797292 -0.889181
-1.517477 0.665288 -0.871021
-1.113967 0.548311 -0.835752
-0.584133 0.394134 -0.800115
0.018113 0.218654 -0.760098
0.689810 0.023530 -0.705186
-0.602627 0.393661 -0.498013
-0.589617 0.388234 -0.397094
-0.547026 0.375685 -0.300678
-0.548137 0.374831 -0.198798
-0.508200 0.362905 -0.100800
-0.550633 0.373453 0.001735
-0.478848 0.352054 0.100960
0.048452 0.198852 0.222467
-3.381159 1.215001 -1.104428
-3.176536 1.154856 -1.092662
-2.918365 1.079285 -1.084593
-2.825858 1.050716 -1.035539
-2.831629 1.049795 -0.961711
-2.653574 0.996131 -0.925814
-2.308103 0.895945 -0.912257
-1.970137 0.797292 -0.889181
-1.517477 0.665288 -0.871021
-1.113967 0.548311 -0.835752
-0.584133 0.394134 -0.800115
0.018113 0.218654 -0.760098
0.689810 0.023530 -0.705186
-0.602627 0.393661 -0.498013
-0.589617 0.388234 -0.397094
-0.547026 0.375685 -0.300678
-0.548137 0.374831 -0.198798
-0.508200 0.362905 -0.100800
-0.550633 0.373453 0.001735
-0.478848 0.352054 0.100960
0.048452 0.198852 0.222467
-3.400932 1.160785 -1.103437
-3.215805 1.103347 -1.087002
-2.947580 1.020861 -1.081946
-2.848024 0.988754 -1.034723
-2.861344 0.990142 -0.959407
-2.691627 0.936264 -0.922244
-2.355191 0.833554 -0.907656
-2.018694 0.730212 -0.884974
-1.624877 0.609094 -0.859013
-1.169990 0.470480 -0.831850
-0.642411 0.308934 -0.796678
-0.073209 0.134300 -0.754081
0.626148 -0.079413 -0.702657
-0.527372 0.268115 -0.505220
-0.430278 0.236894 -0.407339
-0.471909 0.249203 -0.304847
-0.488309 0.252937 -0.201040
-0.452363 0.241562 -0.101730
-0.414292 0.228205 0.002418
-0.316071 0.197609 0.104511
0.270145 0.018393 0.230967
-3.400932 1.160785 -1.103437
-3.215805 1.103347 -1.087002
-2.947580 1.020861 -1.081946
-2.848024 0.988754 -1.034723
-2.861344 0.990142 -0.959407
-2.691627 0.936264 -0.922244
-2.355191 0.833554 -0.907656
-2.018694 0.730212 -0.884974
-1.624877 0.609094 -0.859013
-1.169990 0.470480 -0.831850
-0.642411 0.308934 -0.796678
-0.073209 0.134300 -0.754081
0.626148 -0.079413 -0.702657
1.435843 -0.327099 -0.641768
-0.430278 0.236894 -0.407339
-0.471909 0.249203 -0.304847
-0.488309 0.252937 -0.201040
-0.452363 0.241562 -0.101730
-0.414292 0.228205 0.002418
-0.316071 0.197609 0.104511
0.270145 0.018393 0.230967
-3.425140 1.108058 -1.101472
-3.240861 1.048047 -1.085151
-2.958954 0.957161 -1.083764
-2.885965 0.931855 -1.030612
-2.891843 0.931065 -0.957133
-2.715421 0.872453 -0.921576
-2.403033 0.772192 -0.903087
-2.049222 0.658216 -0.883824
-1.660929 0.532808 -0.857435
-1.215611 0.390257 -0.829463
-0.701742 0.224975 -0.793284
-0.108513 0.033975 -0.753786
0.572584 -0.184660 -0.701143
1.397733 -0.449692 -0.641871
-0.144473 0.039503 -0.424720
-0.284763 0.083832 -0.313656
-0.308657 0.090111 -0.206400
-0.208062 0.057495 -0.104743
-0.189256 0.049576 0.003453
-0.053433 0.005385 0.109947
-3.425140 1.108058 -1.101472
-3.240861 1.048047 -1.085151
-2.958954 0.957161 -1.083764
-2.885965 0.931855 -1.030612
-2.891843 0.931065 -0.957133
-2.715421 0.872453 -0.921576
-2.403033 0.772192 -0.903087
-2.049222 0.658216 -0.883824
-1.660929 0.532808 -0.857435
-1.215611 0.390257 -0.829463
-0.701742 0.224975 -0.793284
-0.108513 0.033975 -0.753786
0.572584 -0.184660 -0.701143
1.397733 -0.449692 -0.641871
-0.144473 0.039503 -0.424720
-0.284763 0.083832 -0.313656
-0.308657 0.090111 -0.206400
-0.208062 0.057495 -0.104743
-0.189256 0.049576 0.003453
-0.053433 0.005385 0.109947
-3.427972 1.048529 -1.105541
-3.262960 0.991989 -1.084273
-2.989772 0.899624 -1.081175
-2.913467 0.872070 -1.029025
-2.915659 0.870110 -0.956436
-2.758765 0.815217 -0.917351
-2.444118 0.709382 -0.899872
-2.080717 0.586757 -0.882709
-1.690470 0.454689 -0.856990
-1.258495 0.309687 -0.827607
-0.754558 0.139760 -0.790801
-0.186752 -0.051944 -0.749378
0.513861 -0.287626 -0.699361
1.304916 -0.554047 -0.638312
0.167428 -0.176368 -0.443827
0.380524 -0.248050 -0.341974
-0.098115 -0.089533 -0.212678
2.964569 -1.114522 -0.139312
3.313119 -1.234061 0.018818
-3.427972 1.048529 -1.105541
-3.262960 0.991989 -1.084273
-2.989772 0.899624 -1.081175
-2.913467 0.872070 -1.029025
-2.915659 0.870110 -0.956436
-2.758765 0.815217 -0.917351
-2.444118 0.709382 -0.899872
-2.080717 0.586757 -0.882709
-1.690470 0.454689 -0.856990
-1.258495 0.309687 -0.827607
-0.754558 0.139760 -0.790801
-0.186752 -0.051944 -0.749378
0.513861 -0.287626 -0.699361
1.304916 -0.554047 -0.638312
1.766244 -0.710589 -0.531809
2.412482 -0.927124 -0.424080
-0.098115 -0.089533 -0.212678
2.964569 -1.114522 -0.139312
3.313119 -1.234061 0.018818
-3.461003 0.998911 -1.101625
-3.285823 0.936297 -1.083422
-3.010276 0.838862 -1.081277
-2.934370 0.810223 -1.029130
-2.944016 0.810827 -0.954994
-2.780490 0.751167 -0.917462
-2.463626 0.639651 -0.900652
-2.113170 0.515847 -0.881629
-1.732307 0.380948 -0.854941
-1.309927 0.232541 -0.824809
-0.785920 0.047752 -0.790966
-0.235890 -0.146629 -0.748043
0.423700 -0.378934 -0.695059
1.241045 -0.666894 -0.636936
1.786838 -0.860220 -0.535587
2.305510 -1.042269 -0.421876
2.984820 -1.282017 -0.292268
3.277675 -1.385460 -0.143497
-3.461003 0.998911 -1.101625
-3.285823 0.936297 -1.083422
-3.010276 0.838862 -1.081277
-2.934370 0.810223 -1.029130
-2.944016 0.810827 -0.954994
-2.780490 0.751167 -0.917462
-2.463626 0.639651 -0.900652
-2.113170 0.515847 -0.881629
-1.732307 0.380948 -0.854941
-1.309927 0.232541 -0.824809
-0.785920 0.047752 -0.790966
-0.235890 -0.146629 -0.748043
0.423700 -0.378934 -0.695059
1.241045 -0.666894 -0.636936
1.786838 -0.860220 -0.535587
2.305510 -1.042269 -0.421876
2.984820 -1.282017 -0.292268
3.277675 -1.385460 -0.143497
-3.305787 0.879663 -1.083544
-3.064650 0.790292 -1.073422
-2.967174 0.752658 -1.026770
-2.973160 0.752048 -0.953582
-2.821606 0.694128 -0.914014
-2.491540 0.572838 -0.900143
-2.165158 0.452246 -0.877561
-1.760201 0.302589 -0.855118
-1.358589 0.155074 -0.822542
-0.822299 -0.042448 -0.790740
-0.271305 -0.245865 -0.748270
0.355008 -0.476444 -0.692736
1.168220 -0.775788 -0.635085
1.696218 -0.971254 -0.533378
2.246046 -1.172910 -0.421728
3.417660 -1.603458 -0.305019
-3.305787 0.879663 -1.083544
-3.064650 0.790292 -1.073422
-2.967174 0.752658 -1.026770
-2.973160 0.752048 -0.953582
-2.821606 0.694128 -0.914014
-2.491540 0.572838 -0.900143
-2.165158 0.452246 -0.877561
-1.760201 0.302589 -0.855118
-1.358589 0.155074 -0.822542
-0.822299 -0.042448 -0.790740
-0.271305 -0.245865 -0.748270
0.355008 -0.476444 -0.692736
1.168220 -0.775788 -0.635085
1.696218 -0.971254 -0.533378
2.246046 -1.172910 -0.421728
3.417660 -1.603458 -0.305019
-3.337454 0.827411 -1.080855
-3.112228 0.740192 -1.067369
-3.008046 0.698466 -1.022776
-3.006757 0.695169 -0.951425
-2.837654 0.628183 -0.915622
-2.542505 0.514848 -0.895703
-2.210499 0.386934 -0.874736
-1.822528 0.237274 -0.850406
-1.437922 0.089821 -0.816381
-0.904520 -0.115133 -0.785348
-0.345320 -0.330441 -0.744758
0.285115 -0.572571 -0.690463
1.116415 -0.891764 -0.634886
1.622952 -1.087504 -0.532271
2.121332 -1.278337 -0.419034
3.156019 -1.675319 -0.300141
-3.337454 0.827411 -1.080855
-3.112228 0.740192 -1.067369
-3.008046 0.698466 -1.022776
-3.006757 0.695169 -0.951425
-2.837654 0.628183 -0.915622
-2.542505 0.514848 -0.895703
-2.210499 0.386934 -0.874736
-1.822528 0.237274 -0.850406
-1.437922 0.089821 -0.816381
-0.904520 -0.115133 -0.785348
-0.345320 -0.330441 -0.744758
0.285115 -0.572571 -0.690463
1.116415 -0.891764 -0.634886
1.622952 -1.087504 -0.532271
2.121332 -1.278337 -0.419034
3.156019 -1.675319 -0.300141
-3.366170 0.774340 -1.079139
-3.109528 0.671184 -1.073769
-3.038647 0.640812 -1.021304
-3.033781 0.636042 -0.950845
-2.887609 0.575347 -0.910797
-2.586795 0.455036 -0.892615
-2.264005 0.325420 -0.870734
-1.863473 0.164556 -0.849014
-1.455146 0.001525 -0.818618
-0.957911 -0.197706 -0.783471
-0.394395 -0.423731 -0.743942
0.262229 -0.686412 -0.692423
1.063036 -1.006903 -0.634744
1.544503 -1.200883 -0.531013
2.032708 -1.395739 -0.417935
2.935389 -1.756921 -0.296379
-3.366170 0.774340 -1.079139
-3.109528 0.671184 -1.073769
-3.038647 0.640812 -1.021304
-3.033781 0.636042 -0.950845
-2.887609 0.575347 -0.910797
-2.586795 0.455036 -0.892615
-2.264005 0.325420 -0.870734
-1.863473 0.164556 -0.849014
-1.455146 0.001525 -0.818618
-0.957911 -0.197706 -0.783471
-0.394395 -0.423731 -0.743942
0.262229 -0.686412 -0.692423
1.063036 -1.006903 -0.634744
1.544503 -1.200883 -0.531013
2.032708 -1.395739 -0.417935
2.935389 -1.756921 -0.296379
-3.399184 0.723240 -1.076503
-3.133209 0.612112 -1.073986
-3.070009 0.583691 -1.019862
-3.054344 0.574376 -0.951843
-2.923592 0.517595 -0.908874
-2.609917 0.387113 -0.893525
-2.288961 0.252991 -0.871605
-1.923688 0.100107 -0.844920
-1.510390 -0.071613 -0.815975
-1.027051 -0.273210 -0.779897
-0.522007 -0.484285 -0.735211
0.171318 -0.772791 -0.688641
0.956458 -1.099844 -0.630927
1.438805 -1.302058 -0.528349
1.924197 -1.503739 -0.416127
2.134472 -1.593067 -0.277477
-3.399184 0.723240 -1.076503
-3.133209 0.612112 -1.073986
-3.070009 0.583691 -1.019862
-3.054344 0.574376 -0.951843
-2.923592 0.517595 -0.908874
-2.609917 0.387113 -0.893525
-2.288961 0.252991 -0.871605
-1.923688 0.100107 -0.844920
-1.510390 -0.071613 -0.815975
-1.027051 -0.273210 -0.779897
-0.522007 -0.484285 -0.735211
0.171318 -0.772791 -0.688641
0.956458 -1.099844 -0.630927
1.438805 -1.302058 -0.528349
1.924197 -1.503739 -0.416127
2.134472 -1.593067 -0.277477
-2.802556 -0.823622 1.101602
-3.436424 0.674270 -1.072947
-3.172073 0.559469 -1.070680
-3.076917 0.516402 -1.024274
-3.083008 0.516027 -0.951321
-2.956695 0.458957 -0.907699
-2.663032 0.331856 -0.889176
-2.325856 0.185526 -0.870696
-1.940911 0.018209 -0.847436
-1.570170 -0.142106 -0.812878
-1.071461 -0.358247 -0.779407
-0.518192 -0.598336 -0.740174
0.138109 -0.882393 -0.690060
0.911277 -1.217253 -0.631695
1.350378 -1.408870 -0.526786
1.807170 -1.606286 -0.414067
1.997772 -1.690671 -0.275919
2.197963 -1.778078 -0.136927
-3.006894 -0.725188 0.975174
-2.905077 -0.799458 1.081334
-3.436424 0.674270 -1.072947
-3.172073 0.559469 -1.070680
-3.076917 0.516402 -1.024274
-3.083008 0.516027 -0.951321
-2.956695 0.458957 -0.907699
-2.663032 0.331856 -0.889176
-2.325856 0.185526 -0.870696
-1.940911 0.018209 -0.847436
-1.570170 -0.142106 -0.812878
-1.071461 -0.358247 -0.779407
-0.518192 -0.598336 -0.740174
0.138109 -0.882393 -0.690060
0.911277 -1.217253 -0.631695
1.350378 -1.408870 -0.526786
1.807170 -1.606286 -0.414067
1.997772 -1.690671 -0.275919
-3.000299 -0.773439 0.903577
-3.022101 -0.760457 0.976243
-3.016608 -0.767186 1.058691
-3.021350 -0.766937 1.136230
-3.022101 -0.760457 0.976243
-3.016608 -0.767186 1.058691
-3.021350 -0.766937 1.136230
-3.452616 0.617309 -1.075092
-3.218402 0.511438 -1.065620
-3.109598 0.460768 -1.022886
-3.108544 0.457287 -0.951599
-2.986633 0.400056 -0.907268
-2.687547 0.265722 -0.890146
-2.381329 0.127572 -0.866788
-1.987914 -0.049834 -0.845600
-1.590426 -0.228139 -0.815231
-1.101992 -0.447930 -0.780693
-0.610282 -0.669728 -0.735313
0.052904 -0.967649 -0.687011
0.817697 -1.311500 -0.629042
1.272308 -1.517306 -0.525900
1.762805 -1.737333 -0.415143
1.963165 -1.829294 -0.277128
2.173073 -1.924411 -0.137945
-3.047260 -0.784954 0.897718
-3.068906 -0.771876 0.969947
-3.060206 -0.780998 1.052731
-3.071212 -0.776186 1.128190
-3.452616 0.617309 -1.075092
-3.218402 0.511438 -1.065620
-3.109598 0.460768 -1.022886
-3.108544 0.457287 -0.951599
-2.986633 0.400056 -0.907268
-2.687547 0.265722 -0.890146
-2.381329 0.127572 -0.866788
-1.987914 -0.049834 -0.845600
-1.590426 -0.228139 -0.815231
-1.101992 -0.447930 -0.780693
-0.610282 -0.669728 -0.735313
0.052904 -0.967649 -0.687011
0.817697 -1.311500 -0.629042
1.272308 -1.517306 -0.525900
1.762805 -1.737333 -0.415143
1.963165 -1.829294 -0.277128
-3.047260 -0.784954 0.897718
-3.068906 -0.771876 0.969947
-3.060206 -0.780998 1.052731
-3.071212 -0.776186 1.128190
-3.085732 -0.804471 0.893879
-3.107244 -0.791278 0.965836
-3.111208 -0.791226 1.045161
-3.128390 -0.781771 1.118431
-3.085732 -0.804471 0.893879
-3.107244 -0.791278 0.965836
-3.111208 -0.791226 1.045161
-3.128390 -0.781771 1.118431
-3.254943 0.458762 -1.063255
-3.132665 0.400066 -1.024029
-3.138792 0.399804 -0.951135
-3.049888 0.355646 -0.900398
-2.720535 0.202368 -0.889828
-2.430651 0.066565 -0.864126
-2.072173 -0.101372 -0.838318
-1.637652 -0.303448 -0.814180
-1.188455 -0.513373 -0.775499
-0.645732 -0.767035 -0.736576
-0.022953 -1.057475 -0.684982
0.675360 -1.383471 -0.622973
1.217591 -1.637553 -0.526546
1.686822 -1.856050 -0.415053
1.951158 -1.981123 -0.279095
2.116168 -2.059041 -0.138703
-3.119987 -0.824452 0.890738
-3.119298 -0.827575 0.967629
-3.145306 -0.811106 1.041574
-3.149851 -0.810916 1.118016
-3.254943 0.458762 -1.063255
-3.132665 0.400066 -1.024029
-3.138792 0.399804 -0.951135
-3.049888 0.355646 -0.900398
-2.720535 0.202368 -0.889828
-2.430651 0.066565 -0.864126
-2.072173 -0.101372 -0.838318
-1.637652 -0.303448 -0.814180
-1.188455 -0.513373 -0.775499
-0.645732 -0.767035 -0.736576
-0.022953 -1.057475 -0.684982
0.675360 -1.383471 -0.622973
1.217591 -1.637553 -0.526546
1.686822 -1.856050 -0.415053
1.951158 -1.981123 -0.279095
-3.119987 -0.824452 0.890738
-3.119298 -0.827575 0.967629
-3.145306 -0.811106 1.041574
-3.149851 -0.810916 1.118016
-3.142284 -0.854350 0.890304
-3.151035 -0.850388 0.964987
-3.142495 -0.859771 1.047482
-3.156479 -0.852448 1.121821
-3.142284 -0.854350 0.890304
-3.151035 -0.850388 0.964987
-3.142495 -0.859771 1.047482
-3.156479 -0.852448 1.121821
-3.285100 0.403406 -1.062694
-3.156599 0.339644 -1.025200
-3.169817 0.342797 -0.950700
-3.063790 0.288930 -0.903624
-2.779308 0.151412 -0.884906
-2.452158 -0.007122 -0.866344
-2.092466 -0.181781 -0.840944
-1.732410 -0.355684 -0.806756
-1.218131 -0.604417 -0.777310
-0.704130 -0.853615 -0.735604
-0.081893 -1.154450 -0.684614
0.622580 -1.495357 -0.623633
1.117991 -1.736275 -0.524729
1.648940 -1.992480 -0.416728
1.904287 -2.117835 -0.280254
2.169111 -2.246640 -0.140846
-3.164789 -0.884092 0.889862
-3.142304 -0.903996 0.971899
-3.165047 -0.889546 1.047039
-3.154176 -0.901184 1.128155
-3.285100 0.403406 -1.062694
-3.156599 0.339644 -1.025200
-3.169817 0.342797 -0.950700
-3.063790 0.288930 -0.903624
-2.779308 0.151412 -0.884906
-2.452158 -0.007122 -0.866344
-2.092466 -0.181781 -0.840944
-1.732410 -0.355684 -0.806756
-1.218131 -0.604417 -0.777310
-0.704130 -0.853615 -0.735604
-0.081893 -1.154450 -0.684614
0.622580 -1.495357 -0.623633
1.117991 -1.736275 -0.524729
1.648940 -1.992480 -0.416728
1.904287 -2.117835 -0.280254
-3.164789 -0.884092 0.889862
-3.142304 -0.903996 0.971899
-3.165047 -0.889546 1.047039
-3.154176 -0.901184 1.128155
-3.156369 -0.937854 0.896214
-3.152743 -0.943407 0.974386
-3.150672 -0.948053 1.056092
-3.170853 -0.935698 1.129396
-3.156369 -0.937854 0.896214
-3.152743 -0.943407 0.974386
-3.150672 -0.948053 1.056092
-3.170853 -0.935698 1.129396
-3.305501 0.343366 -1.064828
-3.181398 0.279513 -1.026402
-3.173449 0.272408 -0.956497
-3.099889 0.232664 -0.902564
-2.803225 0.084206 -0.886637
-2.556281 -0.040348 -0.854651
-2.138832 -0.249792 -0.839764
-1.763475 -0.437514 -0.808244
-1.281209 -0.679292 -0.775242
-0.763634 -0.939173 -0.734677
-0.117112 -1.262858 -0.686559
0.546801 -1.595837 -0.622741
1.031622 -1.840113 -0.523806
1.537443 -2.093054 -0.415363
1.901950 -2.277248 -0.282756
-3.167072 -0.977255 0.898472
-3.056890 -1.070083 1.085710
-3.305501 0.343366 -1.064828
-3.181398 0.279513 -1.026402
-3.173449 0.272408 -0.956497
-3.099889 0.232664 -0.902564
-2.803225 0.084206 -0.886637
-2.556281 -0.040348 -0.854651
-2.138832 -0.249792 -0.839764
-1.763475 -0.437514 -0.808244
-1.281209 -0.679292 -0.775242
-0.763634 -0.939173 -0.734677
-0.117112 -1.262858 -0.686559
0.546801 -1.595837 -0.622741
1.031622 -1.840113 -0.523806
1.537443 -2.093054 -0.415363
1.901950 -2.277248 -0.282756
-3.167072 -0.977255 0.898472
-3.056890 -1.070083 1.085710
-2.964612 -1.193590 1.115295
-2.964612 -1.193590 1.115295
-3.358073 0.299429 -1.058987
-3.203571 0.217911 -1.028467
-3.209695 0.217780 -0.955346
-3.136720 0.177004 -0.901532
-2.845687 0.026221 -0.885086
-2.547738 -0.128782 -0.862395
-2.189594 -0.315196 -0.838070
-1.809857 -0.511756 -0.807797
-1.341639 -0.754800 -0.773649
-0.859644 -1.005500 -0.729985
-0.210670 -1.341795 -0.683377
0.459133 -1.689475 -0.621096
0.944013 -1.942341 -0.522936
1.432013 -2.195029 -0.414363
-3.358073 0.299429 -1.058987
-3.203571 0.217911 -1.028467
-3.209695 0.217780 -0.955346
-3.136720 0.177004 -0.901532
-2.845687 0.026221 -0.885086
-2.547738 -0.128782 -0.862395
-2.189594 -0.315196 -0.838070
-1.809857 -0.511756 -0.807797
-1.341639 -0.754800 -0.773649
-0.859644 -1.005500 -0.729985
-0.210670 -1.341795 -0.683377
0.459133 -1.689475 -0.621096
0.944013 -1.942341 -0.522936
1.432013 -2.195029 -0.414363
-3.397274 0.249301 -1.056728
-3.240497 0.163821 -1.027227
-3.246650 0.163759 -0.954221
-3.163838 0.116446 -0.902690
-2.881905 -0.034708 -0.884891
-2.593146 -0.190159 -0.861074
-2.276169 -0.361135 -0.830911
-1.881766 -0.572226 -0.803929
-1.385430 -0.838535 -0.774278
-0.889406 -1.105299 -0.732572
-0.276855 -1.433806 -0.682830
0.208342 -1.695176 -0.607146
0.143065 -1.663580 -0.479436
0.059147 -1.620124 -0.357412
-3.397274 0.249301 -1.056728
-3.240497 0.163821 -1.027227
-3.246650 0.163759 -0.954221
-3.163838 0.116446 -0.902690
-2.881905 -0.034708 -0.884891
-2.593146 -0.190159 -0.861074
-2.276169 -0.361135 -0.830911
-1.881766 -0.572226 -0.803929
-1.385430 -0.838535 -0.774278
-0.889406 -1.105299 -0.732572
-0.276855 -1.433806 -0.682830
0.208342 -1.695176 -0.607146
0.143065 -1.663580 -0.479436
0.059147 -1.620124 -0.357412
-3.437094 0.199867 -1.054495
-3.260944 0.100993 -1.030186
-3.273969 0.104719 -0.955455
-3.222900 0.073200 -0.897391
-2.932789 -0.087509 -0.882073
-2.628924 -0.256447 -0.861606
-2.300469 -0.439459 -0.833681
-1.947315 -0.635069 -0.801081
-1.482668 -0.892954 -0.768394
-0.959074 -1.183825 -0.731010
-0.354691 -1.518927 -0.681356
0.249157 -1.854397 -0.615530
0.128396 -1.791196 -0.482824
0.062606 -1.756291 -0.360910
0.152484 -1.808380 -0.241792
0.010107 -1.731382 -0.120973
0.002151 -1.730200 0.000180
-3.437094 0.199867 -1.054495
-3.260944 0.100993 -1.030186
-3.273969 0.104719 -0.955455
-3.222900 0.073200 -0.897391
-2.932789 -0.087509 -0.882073
-2.628924 -0.256447 -0.861606
-2.300469 -0.439459 -0.833681
-1.947315 -0.635069 -0.801081
-1.482668 -0.892954 -0.768394
-0.959074 -1.183825 -0.731010
-0.354691 -1.518927 -0.681356
0.249157 -1.854397 -0.615530
0.128396 -1.791196 -0.482824
0.062606 -1.756291 -0.360910
0.010107 -1.731382 -0.120973
0.002151 -1.730200 0.000180
-3.460524 0.141583 -1.056740
-3.285754 0.040234 -1.032341
-3.295299 0.042166 -0.958272
-3.275496 0.027294 -0.893557
-2.960230 -0.152938 -0.883930
-2.686273 -0.310551 -0.858525
-2.343207 -0.507866 -0.833737
-1.992826 -0.708396 -0.801236
-1.562959 -0.955096 -0.764726
-1.026208 -1.263047 -0.729871
-0.402319 -1.620339 -0.682851
0.276580 -2.009609 -0.623184
0.701805 -2.255013 -0.522335
0.077596 -1.901228 -0.365102
-0.066057 -1.822057 -0.238117
-0.096179 -1.806449 -0.121245
-0.118026 -1.797265 -0.000948
-0.008681 -1.861522 0.116300
-3.460524 0.141583 -1.056740
-3.285754 0.040234 -1.032341
-3.295299 0.042166 -0.958272
-3.275496 0.027294 -0.893557
-2.960230 -0.152938 -0.883930
-2.686273 -0.310551 -0.858525
-2.343207 -0.507866 -0.833737
-1.992826 -0.708396 -0.801236
-1.562959 -0.955096 -0.764726
-1.026208 -1.263047 -0.729871
-0.402319 -1.620339 -0.682851
0.276580 -2.009609 -0.623184
0.701805 -2.255013 -0.522335
-0.066057 -1.822057 -0.238117
-0.096179 -1.806449 -0.121245
-0.118026 -1.797265 -0.000948
-0.008681 -1.861522 0.116300
-3.331757 -0.008475 -1.029516
-3.324363 -0.016277 -0.959565
-3.318367 -0.023535 -0.891913
-3.002264 -0.210121 -0.883162
-2.730550 -0.371541 -0.857905
-2.403967 -0.565624 -0.831072
-2.097568 -0.746956 -0.793006
-1.599232 -1.041755 -0.766784
-1.118348 -1.326990 -0.726095
-0.499555 -1.692929 -0.679842
0.194453 -2.103745 -0.622549
-0.041577 -1.968567 -0.481500
-0.082308 -1.946097 -0.361501
-0.121486 -1.925751 -0.239160
-0.152454 -1.912520 -0.001798
-0.150859 -1.915417 0.113726
-0.030337 -1.988645 0.239279
-0.055471 -1.975292 0.355016
-3.331757 -0.008475 -1.029516
-3.324363 -0.016277 -0.959565
-3.318367 -0.023535 -0.891913
-3.002264 -0.210121 -0.883162
-2.730550 -0.371541 -0.857905
-2.403967 -0.565624 -0.831072
-2.097568 -0.746956 -0.793006
-1.599232 -1.041755 -0.766784
-1.118348 -1.326990 -0.726095
-0.499555 -1.692929 -0.679842
0.194453 -2.103745 -0.622549
-0.041577 -1.968567 -0.481500
-0.082308 -1.946097 -0.361501
-0.121486 -1.925751 -0.239160
-0.152454 -1.912520 -0.001798
-0.150859 -1.915417 0.113726
-0.030337 -1.988645 0.239279
-0.055471 -1.975292 0.355016
-3.351488 -0.072447 -1.033401
-3.354268 -0.074354 -0.960888
-3.345003 -0.083761 -0.893904
-3.058553 -0.258480 -0.879764
-2.779004 -0.429772 -0.856708
-2.445007 -0.634528 -0.831747
-2.117390 -0.834497 -0.797194
-1.670821 -1.107473 -0.764502
-1.180370 -1.407623 -0.725799
-0.553120 -1.790430 -0.681106
0.141908 -2.215056 -0.624394
-0.088809 -2.078739 -0.483356
-0.088224 -2.080643 -0.365024
-0.072473 -2.098259 -0.002297
-0.231579 -2.003576 0.112329
-0.190653 -2.030736 0.234651
-3.351488 -0.072447 -1.033401
-3.354268 -0.074354 -0.960888
-3.345003 -0.083761 -0.893904
-3.058553 -0.258480 -0.879764
-2.779004 -0.429772 -0.856708
-2.445007 -0.634528 -0.831747
-2.117390 -0.834497 -0.797194
-1.670821 -1.107473 -0.764502
-1.180370 -1.407623 -0.725799
-0.553120 -1.790430 -0.681106
0.141908 -2.215056 -0.624394
-0.088809 -2.078739 -0.483356
-0.088224 -2.080643 -0.365024
-0.231579 -2.003576 0.112329
-0.190653 -2.030736 0.234651
-3.375548 -0.134262 -1.036483
-3.385008 -0.132054 -0.962241
-3.375876 -0.141627 -0.895204
-3.095237 -0.318258 -0.880384
-2.804680 -0.501795 -0.859806
-2.517273 -0.684008 -0.827489
-2.158845 -0.909488 -0.798449
-1.743117 -1.171857 -0.762254
-1.253558 -1.480915 -0.724395
-0.621595 -1.878771 -0.681115
0.026820 -2.287681 -0.621423
-0.130917 -2.192668 -0.485696
-0.157467 -2.177676 -0.365767
-0.245717 -2.135102 0.233849
-3.375548 -0.134262 -1.036483
-3.385008 -0.132054 -0.962241
-3.375876 -0.141627 -0.895204
-3.095237 -0.318258 -0.880384
-2.804680 -0.501795 -0.859806
-2.517273 -0.684008 -0.827489
-2.158845 -0.909488 -0.798449
-1.743117 -1.171857 -0.762254
-1.253558 -1.480915 -0.724395
-0.621595 -1.878771 -0.681115
0.026820 -2.287681 -0.621423
-0.130917 -2.192668 -0.485696
-0.157467 -2.177676 -0.365767
-0.245717 -2.135102 0.233849
-3.426935 -0.179040 -1.032903
-3.396743 -0.202041 -0.968297
-3.397642 -0.205465 -0.898703
-3.136072 -0.375391 -0.880368
-2.874736 -0.545894 -0.855013
-2.623295 -0.710654 -0.817730
-2.244782 -0.956048 -0.793282
-1.812754 -1.237051 -0.760479
-1.314192 -1.561520 -0.724564
-0.704612 -1.957372 -0.679863
-0.187701 -2.299653 -0.368465
-0.370443 -2.196315 0.345054
-3.426935 -0.179040 -1.032903
-3.396743 -0.202041 -0.968297
-3.397642 -0.205465 -0.898703
-3.136072 -0.375391 -0.880368
-2.874736 -0.545894 -0.855013
-2.623295 -0.710654 -0.817730
-2.244782 -0.956048 -0.793282
-1.812754 -1.237051 -0.760479
-1.314192 -1.561520 -0.724564
-0.704612 -1.957372 -0.679863
-0.187701 -2.299653 -0.368465
-0.370443 -2.196315 0.345054
-3.452651 -0.240066 -1.036044
-3.426042 -0.261383 -0.970492
-3.423700 -0.267007 -0.901511
-3.180962 -0.429729 -0.879715
-2.931941 -0.597320 -0.852685
-2.620089 -0.807099 -0.826239
-2.284673 -1.031535 -0.795104
-1.873171 -1.307580 -0.760057
-1.389154 -1.632372 -0.723238
-0.798467 -2.027865 -0.677668
-3.452651 -0.240066 -1.036044
-3.426042 -0.261383 -0.970492
-3.423700 -0.267007 -0.901511
-3.180962 -0.429729 -0.879715
-2.931941 -0.597320 -0.852685
-2.620089 -0.807099 -0.826239
-2.284673 -1.031535 -0.795104
-1.873171 -1.307580 -0.760057
-1.389154 -1.632372 -0.723238
-0.798467 -2.027865 -0.677668
-3.465965 -0.313789 -0.970377
-3.457211 -0.323891 -0.902903
-3.239588 -0.474469 -0.876423
-2.973369 -0.658844 -0.853437
-2.693934 -0.852877 -0.822063
-2.365012 -1.079701 -0.790990
-1.944322 -1.370394 -0.758351
-1.464912 -1.701896 -0.721948
-0.764683 -2.184392 -0.688302
-3.465965 -0.313789 -0.970377
-3.457211 -0.323891 -0.902903
-3.239588 -0.474469 -0.876423
-2.973369 -0.658844 -0.853437
-2.693934 -0.852877 -0.822063
-2.365012 -1.079701 -0.790990
-1.944322 -1.370394 -0.758351
-1.464912 -1.701896 -0.721948
-0.764683 -2.184392 -0.688302
-3.285728 -0.527173 -0.875824
-3.067424 -0.683452 -0.844438
-2.985304 -0.744638 -0.780776
-3.348282 -0.491715 -0.648302
-3.323144 -0.512149 -0.579384
-1.541443 -1.770084 -0.720694
-2.936519 -0.789884 -0.476911
-2.978734 -0.762731 -0.397222
-2.940165 -0.792496 -0.322173
-2.944378 -0.790754 -0.246484
-3.011831 -0.745148 -0.166551
-2.952533 -0.788415 -0.093347
-2.956691 -0.788020 -0.015445
-2.984106 -0.770180 0.058680
-2.960302 -0.788778 0.137412
-2.966401 -0.785677 0.211448
-2.973506 -0.781803 0.289769
-2.967845 -0.786116 0.364645
-2.977960 -0.782875 0.441383
-2.992494 -0.770664 0.514624
-2.993180 -0.770877 0.593164
-2.988128 -0.775470 0.669540
-3.000172 -0.767276 0.746580
-2.987110 -0.777114 0.825817
-3.285728 -0.527173 -0.875824
-3.067424 -0.683452 -0.844438
-2.985304 -0.744638 -0.780776
-3.348282 -0.491715 -0.648302
-3.323144 -0.512149 -0.579384
-1.541443 -1.770084 -0.720694
-0.867588 -2.248512 -0.685546
-2.956691 -0.788020 -0.015445
-2.992494 -0.770664 0.514624
-2.993180 -0.770877 0.593164
-3.000172 -0.767276 0.746580
-3.399686 -0.530663 -0.861223
-3.372756 -0.553223 -0.795054
-3.439596 -0.508213 -0.710578
-3.423582 -0.521926 -0.643568
-3.408446 -0.535679 -0.573964
-3.352479 -0.579145 -0.511677
-3.012940 -0.828067 -0.474458
-3.006383 -0.835514 -0.399422
-3.023146 -0.825927 -0.320417
-3.020900 -0.828837 -0.245713
-3.019842 -0.831732 -0.168522
-3.041985 -0.816998 -0.093505
-3.052602 -0.811846 -0.016424
-3.053908 -0.812504 0.057335
-3.049741 -0.817324 0.134872
-3.049321 -0.818893 0.208496
-3.062797 -0.810258 0.285654
-3.060386 -0.812356 0.359476
-3.063955 -0.813724 0.436054
-3.078281 -0.801394 0.508585
-3.075703 -0.804020 0.586837
-3.067455 -0.811100 0.663066
-3.076126 -0.805158 0.740050
-3.082278 -0.801261 0.814986
-3.399686 -0.530663 -0.861223
-3.372756 -0.553223 -0.795054
-3.439596 -0.508213 -0.710578
-3.423582 -0.521926 -0.643568
-3.408446 -0.535679 -0.573964
-3.352479 -0.579145 -0.511677
-3.012940 -0.828067 -0.474458
-3.006383 -0.835514 -0.399422
-3.023146 -0.825927 -0.320417
-3.020900 -0.828837 -0.245713
-3.019842 -0.831732 -0.168522
-3.041985 -0.816998 -0.093505
-3.052602 -0.811846 -0.016424
-3.053908 -0.812504 0.057335
-3.049741 -0.817324 0.134872
-3.049321 -0.818893 0.208496
-3.062797 -0.810258 0.285654
-3.060386 -0.812356 0.359476
-3.063955 -0.813724 0.436054
-3.078281 -0.801394 0.508585
-3.075703 -0.804020 0.586837
-3.067455 -0.811100 0.663066
-3.076126 -0.805158 0.740050
-3.082278 -0.801261 0.814986
-3.449633 -0.578605 -0.859997
-3.448418 -0.582669 -0.789101
-3.461748 -0.581172 -0.572979
-3.415984 -0.618274 -0.509765
-3.060822 -0.886217 -0.474992
-3.086334 -0.869877 -0.397271
-3.080612 -0.876812 -0.320413
-3.094417 -0.867797 -0.245123
-3.077418 -0.882712 -0.168970
-3.092964 -0.872497 -0.094269
-3.103517 -0.867228 -0.017302
-3.108038 -0.865498 0.056283
-3.107140 -0.868008 0.133526
-3.100354 -0.874419 0.207280
-3.110520 -0.868033 0.284559
-3.111334 -0.867801 0.358037
-3.121289 -0.864359 0.433811
-3.125896 -0.859058 0.507325
-3.117011 -0.866537 0.586433
-3.124723 -0.861829 0.660156
-3.130132 -0.858201 0.737482
-3.133062 -0.856642 0.812878
-3.449633 -0.578605 -0.859997
-3.448418 -0.582669 -0.789101
-3.461748 -0.581172 -0.572979
-3.415984 -0.618274 -0.509765
-3.060822 -0.886217 -0.474992
-3.086334 -0.869877 -0.397271
-3.080612 -0.876812 -0.320413
-3.094417 -0.867797 -0.245123
-3.077418 -0.882712 -0.168970
-3.092964 -0.872497 -0.094269
-3.103517 -0.867228 -0.017302
-3.108038 -0.865498 0.056283
-3.107140 -0.868008 0.133526
-3.100354 -0.874419 0.207280
-3.110520 -0.868033 0.284559
-3.111334 -0.867801 0.358037
-3.121289 -0.864359 0.433811
-3.125896 -0.859058 0.507325
-3.117011 -0.866537 0.586433
-3.124723 -0.861829 0.660156
-3.130132 -0.858201 0.737482
-3.133062 -0.856642 0.812878
-3.464014 -0.668337 -0.509810
-3.128432 -0.929062 -0.473574
-3.112638 -0.944028 -0.399812
-3.113340 -0.946220 -0.322177
-3.104865 -0.954138 -0.247800
-3.122902 -0.942477 -0.169866
-3.100321 -0.961408 -0.095762
-3.104487 -0.960934 -0.018091
-3.121664 -0.949396 0.056015
-3.098690 -0.969077 0.134673
-3.126804 -0.948703 0.207434
-3.117962 -0.956868 0.286457
-3.121971 -0.954191 0.360303
-3.144541 -0.940869 0.435326
-3.127084 -0.952571 0.512018
-3.127809 -0.952858 0.590557
-3.148068 -0.938314 0.662840
-3.150351 -0.937038 0.741135
-3.125222 -0.957225 0.822581
-3.464014 -0.668337 -0.509810
-3.128432 -0.929062 -0.473574
-3.112638 -0.944028 -0.399812
-3.113340 -0.946220 -0.322177
-3.104865 -0.954138 -0.247800
-3.122902 -0.942477 -0.169866
-3.100321 -0.961408 -0.095762
-3.104487 -0.960934 -0.018091
-3.121664 -0.949396 0.056015
-3.098690 -0.969077 0.134673
-3.126804 -0.948703 0.207434
-3.117962 -0.956868 0.286457
-3.121971 -0.954191 0.360303
-3.144541 -0.940869 0.435326
-3.127084 -0.952571 0.512018
-3.127809 -0.952858 0.590557
-3.148068 -0.938314 0.662840
-3.150351 -0.937038 0.741135
-3.125222 -0.957225 0.822581
-3.465838 -0.754692 -0.515706
-3.127642 -1.025098 -0.479464
-3.133926 -1.023023 -0.402945
-3.153429 -1.010375 -0.323542
-3.179509 -0.991120 -0.247264
-3.137902 -1.026467 -0.171853
-3.205661 -0.978756 0.054344
-3.465838 -0.754692 -0.515706
-3.350106 -0.925681 -0.836491
-2.313828 -1.778060 -0.758997
-1.870070 -2.143494 -0.723113
-3.350106 -0.925681 -0.836491
-2.724052 -1.440680 -0.787874
-2.313828 -1.778060 -0.758997
-1.870070 -2.143494 -0.723113
-3.338412 -1.029448 -0.849133
-3.097592 -1.234548 -0.815784
-2.792502 -1.492327 -0.786459
-2.414490 -1.812423 -0.753963
-1.933195 -2.219742 -0.724417
-3.338412 -1.029448 -0.849133
-3.097592 -1.234548 -0.815784
-2.792502 -1.492327 -0.786459
-2.414490 -1.812423 -0.753963
-1.933195 -2.219742 -0.724417
-3.394830 -1.077538 -0.848277
-3.132879 -1.306618 -0.819632
-2.849451 -1.553151 -0.787085
-2.463898 -1.888871 -0.756525
-2.039602 -2.258727 -0.720295
-3.394830 -1.077538 -0.848277
-3.132879 -1.306618 -0.819632
-2.849451 -1.553151 -0.787085
-2.463898 -1.888871 -0.756525
-2.039602 -2.258727 -0.720295
-3.445878 -1.129942 -0.848680
-3.190126 -1.360038 -0.819601
-2.889369 -1.628904 -0.790769
-2.538291 -1.943670 -0.755555
-3.445878 -1.129942 -0.848680
-3.190126 -1.360038 -0.819601
-2.889369 -1.628904 -0.790769
-2.538291 -1.943670 -0.755555
-3.227520 -1.431215 -0.823524
-2.945205 -1.690948 -0.791970
-2.595617 -2.013274 -0.757299
-3.227520 -1.431215 -0.823524
-2.945205 -1.690948 -0.791970
-2.595617 -2.013274 -0.757299
-3.292136 -1.477731 -0.822433
-3.010596 -1.744077 -0.791687
-2.662654 -2.073962 -0.757737
-3.292136 -1.477731 -0.822433
-3.010596 -1.744077 -0.791687
-2.662654 -2.073962 -0.757737
-3.348000 -1.530712 -0.823040
-3.067304 -1.803668 -0.792938
-2.752589 -2.110776 -0.754599
-3.348000 -1.530712 -0.823040
-3.067304 -1.803668 -0.792938
-2.752589 -2.110776 -0.754599
-3.410870 -1.578005 -0.822564
-3.122739 -1.866000 -0.794745
-2.786910 -2.202649 -0.760494
-3.410870 -1.578005 -0.822564
-3.122739 -1.866000 -0.794745
-2.786910 -2.202649 -0.760494
-3.457604 -1.641226 -0.825498
-3.192992 -1.913452 -0.794045
-2.864699 -2.251909 -0.759681
-3.457604 -1.641226 -0.825498
-3.192992 -1.913452 -0.794045
-2.864699 -2.251909 -0.759681
-3.443875 2.274136 -1.165817
-3.443875 2.274136 -1.165817
-3.465887 2.228416 -1.162466
-3.465887 2.228416 -1.162466
1.907646 2.285793 0.532824
1.845928 2.295054 -0.718883
1.907646 2.285793 0.532824
0.988287 2.256826 -0.774440
0.411418 2.309187 0.528076
0.595493 2.288259 0.652989
1.043555 2.248116 0.809964
0.988287 2.256826 -0.774440
1.799112 2.176191 -0.715797
0.411418 2.309187 0.528076
0.595493 2.288259 0.652989
1.043555 2.248116 0.809964
-0.253744 2.287327 -0.863941
0.262722 2.228140 -0.815904
0.893580 2.155762 -0.766967
0.227864 2.228927 -0.606748
0.222035 2.228213 -0.505327
0.210961 2.228223 -0.400977
0.182553 2.231556 -0.300243
0.184497 2.230611 -0.197511
0.165194 2.232794 -0.098176
0.172156 2.230779 0.004784
0.185829 2.228998 0.103922
0.281312 2.217893 0.211899
0.089811 2.239593 0.300774
0.313182 2.214733 0.420243
0.400521 2.206083 0.528513
0.758291 2.162886 0.670966
1.442450 2.089908 0.857571
-0.253744 2.287327 -0.863941
0.262722 2.228140 -0.815904
0.893580 2.155762 -0.766967
1.707069 2.063370 -0.709753
0.222035 2.228213 -0.505327
0.210961 2.228223 -0.400977
0.182553 2.231556 -0.300243
0.184497 2.230611 -0.197511
0.165194 2.232794 -0.098176
0.172156 2.230779 0.004784
0.185829 2.228998 0.103922
0.281312 2.217893 0.211899
0.089811 2.239593 0.300774
0.313182 2.214733 0.420243
0.400521 2.206083 0.528513
0.758291 2.162886 0.670966
-1.160956 2.309458 -0.931463
-0.768006 2.258318 -0.895544
-0.335698 2.203240 -0.855564
0.211380 2.132888 -0.811648
0.860887 2.049216 -0.764900
0.235806 2.126580 -0.607761
0.182422 2.131882 -0.503419
0.131666 2.137003 -0.397842
0.127065 2.137665 -0.298696
0.152779 2.133627 -0.196896
0.125558 2.137022 -0.097848
0.120578 2.136362 0.004524
0.178013 2.128364 0.208245
0.224587 2.122534 0.309620
0.273285 2.116586 0.418600
0.459356 2.094129 0.535040
0.816373 2.045845 0.678531
1.530865 1.959276 0.869785
-1.160956 2.309458 -0.931463
-0.768006 2.258318 -0.895544
-0.335698 2.203240 -0.855564
0.211380 2.132888 -0.811648
0.860887 2.049216 -0.764900
1.629428 1.950946 -0.704895
0.182422 2.131882 -0.503419
0.131666 2.137003 -0.397842
0.127065 2.137665 -0.298696
0.152779 2.133627 -0.196896
0.125558 2.137022 -0.097848
0.120578 2.136362 0.004524
0.178013 2.128364 0.208245
0.224587 2.122534 0.309620
0.273285 2.116586 0.418600
0.459356 2.094129 0.535040
0.816373 2.045845 0.678531
-1.571020 2.286357 -0.953108
-1.242125 2.238977 -0.921147
-0.787177 2.173623 -0.894274
-0.328139 2.108656 -0.857510
0.170614 2.037254 -0.808622
0.822799 1.943961 -0.762570
0.127680 2.039922 -0.600837
0.094058 2.043160 -0.498933
0.078935 2.043939 -0.395914
0.078272 2.044052 -0.297429
0.084102 2.042386 -0.195891
0.037108 2.048889 -0.097643
0.040039 2.047133 0.003762
0.105133 2.037598 0.102941
0.129045 2.033747 0.206970
0.179498 2.026646 0.308085
0.311087 2.008251 0.422641
0.983028 1.911418 0.697201
-1.571020 2.286357 -0.953108
-1.242125 2.238977 -0.921147
-0.787177 2.173623 -0.894274
-0.328139 2.108656 -0.857510
0.170614 2.037254 -0.808622
0.822799 1.943961 -0.762570
1.522681 1.844371 -0.698187
0.094058 2.043160 -0.498933
0.078935 2.043939 -0.395914
0.078272 2.044052 -0.297429
0.084102 2.042386 -0.195891
0.037108 2.048889 -0.097643
0.040039 2.047133 0.003762
0.105133 2.037598 0.102941
0.129045 2.033747 0.206970
0.179498 2.026646 0.308085
0.311087 2.008251 0.422641
0.983028 1.911418 0.697201
-2.138029 2.303022 -1.083994
-2.140222 2.300966 -1.009161
-1.984184 2.274514 -0.964636
-1.613110 2.216575 -0.947998
-1.261486 2.161017 -0.919830
-0.846737 2.095330 -0.888040
-0.392661 2.024568 -0.851485
0.167922 1.936523 -0.809543
0.763596 1.842614 -0.758644
0.113199 1.941482 -0.600596
0.071718 1.946348 -0.498254
0.064488 1.946054 -0.395677
0.016397 1.953459 -0.295903
0.010321 1.953495 -0.194900
-0.001020 1.955083 -0.097439
-0.029741 1.958135 0.003122
0.188387 1.923259 0.309702
0.827866 1.825102 0.570163
1.422704 1.729300 0.743739
-2.138029 2.303022 -1.083994
-2.140222 2.300966 -1.009161
-1.984184 2.274514 -0.964636
-1.613110 2.216575 -0.947998
-1.261486 2.161017 -0.919830
-0.846737 2.095330 -0.888040
-0.392661 2.024568 -0.851485
0.167922 1.936523 -0.809543
0.763596 1.842614 -0.758644
1.481686 1.730203 -0.696246
0.071718 1.946348 -0.498254
0.064488 1.946054 -0.395677
0.016397 1.953459 -0.295903
0.010321 1.953495 -0.194900
-0.001020 1.955083 -0.097439
-0.029741 1.958135 0.003122
0.188387 1.923259 0.309702
0.827866 1.825102 0.570163
1.422704 1.729300 0.743739
-2.347668 2.271532 -1.113016
-2.164035 2.239015 -1.080717
-2.174069 2.238249 -1.004660
-2.022367 2.210267 -0.959797
-1.652203 2.147165 -0.943551
-1.305354 2.087363 -0.915209
-0.844659 2.008025 -0.889888
-0.403354 1.932880 -0.851761
0.140243 1.839638 -0.808196
0.762045 1.732770 -0.759778
-0.024636 1.863827 -0.591875
-0.014963 1.860607 -0.494118
-0.014374 1.859043 -0.392898
0.071648 1.844394 -0.297659
0.022198 1.851783 -0.195077
-0.071951 1.867490 -0.097337
-0.053311 1.862872 0.003169
0.003601 1.852744 0.101236
0.023468 1.848770 0.204054
0.152472 1.826774 0.308730
0.668939 1.739177 0.451549
-2.347668 2.271532 -1.113016
-2.164035 2.239015 -1.080717
-2.174069 2.238249 -1.004660
-2.022367 2.210267 -0.959797
-1.652203 2.147165 -0.943551
-1.305354 2.087363 -0.915209
-0.844659 2.008025 -0.889888
-0.403354 1.932880 -0.851761
0.140243 1.839638 -0.808196
0.762045 1.732770 -0.759778
-0.024636 1.863827 -0.591875
-0.014963 1.860607 -0.494118
-0.014374 1.859043 -0.392898
0.071648 1.844394 -0.297659
0.022198 1.851783 -0.195077
-0.071951 1.867490 -0.097337
-0.053311 1.862872 0.003169
0.003601 1.852744 0.101236
0.023468 1.848770 0.204054
0.152472 1.826774 0.308730
0.668939 1.739177 0.451549
-2.832430 2.297044 -1.138750
-2.630619 2.258874 -1.122514
-2.366310 2.209286 -1.111244
-2.217915 2.180449 -1.071979
-2.204862 2.175631 -1.000931
-2.045857 2.144123 -0.957691
-1.723307 2.084322 -0.934231
-1.326788 2.010512 -0.913992
-0.886784 1.928298 -0.886272
-0.470084 1.851271 -0.845853
0.005499 1.762606 -0.796431
-0.056684 1.771811 -0.691791
-0.037635 1.766804 -0.592034
-0.059446 1.769149 -0.492464
-0.054978 1.766804 -0.391809
-0.079312 1.771106 -0.293898
0.056193 1.745197 -0.195614
-0.037737 1.762154 -0.097156
-0.141125 1.779629 0.002154
-0.131535 1.777331 0.097821
-0.060584 1.763615 0.201188
0.130972 1.728184 0.308614
0.779558 1.608746 0.461169
1.386731 1.497968 0.622520
-2.832430 2.297044 -1.138750
-2.630619 2.258874 -1.122514
-2.366310 2.209286 -1.111244
-2.217915 2.180449 -1.071979
-2.204862 2.175631 -1.000931
-2.045857 2.144123 -0.957691
-1.723307 2.084322 -0.934231
-1.326788 2.010512 -0.913992
-0.886784 1.928298 -0.886272
-0.470084 1.851271 -0.845853
0.005499 1.762606 -0.796431
-0.056684 1.771811 -0.691791
-0.037635 1.766804 -0.592034
-0.059446 1.769149 -0.492464
-0.054978 1.766804 -0.391809
-0.079312 1.771106 -0.293898
0.056193 1.745197 -0.195614
-0.037737 1.762154 -0.097156
-0.141125 1.779629 0.002154
-0.131535 1.777331 0.097821
-0.060584 1.763615 0.201188
0.130972 1.728184 0.308614
0.779558 1.608746 0.461169
1.386731 1.497968 0.622520
-3.040939 2.278805 -1.152839
-2.842968 2.240192 -1.138705
-2.622578 2.195504 -1.126972
-2.378122 2.145925 -1.111197
-2.230148 2.114997 -1.071931
-2.232614 2.112962 -0.997971
-2.070238 2.078473 -0.955628
-1.725310 2.009621 -0.936028
-1.376479 1.939406 -0.908912
-0.918263 1.847250 -0.884213
-0.494908 1.762867 -0.844906
-0.094843 1.682163 -0.788223
-0.086609 1.678337 -0.690736
-0.063741 1.672237 -0.591427
-0.105126 1.678701 -0.490870
-0.112484 1.678570 -0.390130
-0.136787 1.683157 -0.292772
-0.146847 1.684065 -0.193208
0.136122 1.627652 -0.096846
-0.182825 1.689270 0.001829
-0.149743 1.682112 0.097871
-0.079003 1.667344 0.201239
0.155112 1.620623 0.311196
1.142358 1.424451 0.489433
-3.040939 2.278805 -1.152839
-2.842968 2.240192 -1.138705
-2.622578 2.195504 -1.126972
-2.378122 2.145925 -1.111197
-2.230148 2.114997 -1.071931
-2.232614 2.112962 -0.997971
-2.070238 2.078473 -0.955628
-1.725310 2.009621 -0.936028
-1.376479 1.939406 -0.908912
-0.918263 1.847250 -0.884213
-0.494908 1.762867 -0.844906
-0.094843 1.682163 -0.788223
-0.086609 1.678337 -0.690736
-0.063741 1.672237 -0.591427
-0.105126 1.678701 -0.490870
-0.112484 1.678570 -0.390130
-0.136787 1.683157 -0.292772
-0.146847 1.684065 -0.193208
0.136122 1.627652 -0.096846
-0.182825 1.689270 0.001829
-0.149743 1.682112 0.097871
-0.079003 1.667344 0.201239
0.155112 1.620623 0.311196
1.142358 1.424451 0.489433
-3.254873 2.270910 -1.156957
-3.074443 2.229576 -1.146740
-2.835282 2.179556 -1.143480
-2.672714 2.143649 -1.117956
-2.409957 2.086718 -1.106978
-2.266329 2.054527 -1.067207
-2.280445 2.054923 -0.991410
-2.118654 2.018186 -0.949573
-1.759331 1.941294 -0.932951
-1.403805 1.864589 -0.907234
-0.974125 1.771774 -0.879198
-0.548167 1.680672 -0.840896
-0.153219 1.595205 -0.784344
-0.148998 1.592055 -0.687081
-0.145794 1.589732 -0.587025
-0.159800 1.590937 -0.488897
-0.147647 1.586710 -0.389486
-0.105411 1.577453 -0.294172
-0.185878 1.593402 -0.192965
-0.009374 1.555456 -0.097022
-0.245275 1.603993 0.001132
-0.227935 1.599649 0.096098
-0.141755 1.580502 0.199301
0.212777 1.504641 0.315785
-3.254873 2.270910 -1.156957
-3.074443 2.229576 -1.146740
-2.835282 2.179556 -1.143480
-2.672714 2.143649 -1.117956
-2.409957 2.086718 -1.106978
-2.266329 2.054527 -1.067207
-2.280445 2.054923 -0.991410
-2.118654 2.018186 -0.949573
-1.759331 1.941294 -0.932951
-1.403805 1.864589 -0.907234
-0.974125 1.771774 -0.879198
-0.548167 1.680672 -0.840896
-0.153219 1.595205 -0.784344
-0.148998 1.592055 -0.687081
-0.145794 1.589732 -0.587025
-0.159800 1.590937 -0.488897
-0.147647 1.586710 -0.389486
-0.105411 1.577453 -0.294172
-0.185878 1.593402 -0.192965
-0.009374 1.555456 -0.097022
-0.245275 1.603993 0.001132
-0.227935 1.599649 0.096098
-0.141755 1.580502 0.199301
0.212777 1.504641 0.315785
-3.273261 2.221623 -1.154836
-3.078342 2.174439 -1.148795
-2.828498 2.118559 -1.148290
-2.693019 2.086261 -1.116183
-2.412024 2.021426 -1.109537
-2.303281 1.994882 -1.062524
-2.325139 1.997173 -0.985619
-2.133176 1.951291 -0.949612
-1.805813 1.876312 -0.928073
-1.408951 1.785105 -0.908958
-0.999947 1.690641 -0.878247
-0.579196 1.594462 -0.839615
-0.189387 1.504345 -0.782853
-0.181353 1.500208 -0.686146
-0.221017 1.507481 -0.583232
-0.196111 1.500015 -0.488082
-0.219118 1.503528 -0.387439
-0.251138 1.510455 -0.290808
-0.241711 1.507108 -0.192581
-0.065769 1.466650 -0.097137
-0.293175 1.516646 0.000627
0.171237 1.408949 0.314562
-3.273261 2.221623 -1.154836
-3.078342 2.174439 -1.148795
-2.828498 2.118559 -1.148290
-2.693019 2.086261 -1.116183
-2.412024 2.021426 -1.109537
-2.303281 1.994882 -1.062524
-2.325139 1.997173 -0.985619
-2.133176 1.951291 -0.949612
-1.805813 1.876312 -0.928073
-1.408951 1.785105 -0.908958
-0.999947 1.690641 -0.878247
-0.579196 1.594462 -0.839615
-0.189387 1.504345 -0.782853
0.685651 1.304078 -0.760324
-0.221017 1.507481 -0.583232
-0.196111 1.500015 -0.488082
-0.219118 1.503528 -0.387439
-0.251138 1.510455 -0.290808
-0.241711 1.507108 -0.192581
-0.065769 1.466650 -0.097137
-0.293175 1.516646 0.000627
0.171237 1.408949 0.314562
-3.269798 2.167414 -1.159173
-3.105629 2.124588 -1.144793
-2.860426 2.066136 -1.143569
-2.687552 2.022986 -1.120754
-2.407427 1.954209 -1.113821
-2.333358 1.934260 -1.059454
-2.351407 1.935916 -0.983509
-2.156299 1.886437 -0.948349
-1.814659 1.803216 -0.929391
-1.461464 1.716612 -0.904023
-1.073179 1.621094 -0.871328
-0.619118 1.510711 -0.837499
-0.219026 1.412351 -0.782198
-0.269202 1.422051 -0.680613
-0.273929 1.421430 -0.581150
-0.225870 1.407951 -0.487767
-0.287692 1.421115 -0.385612
-0.300213 1.423740 -0.290181
-0.263640 1.413627 -0.192707
-0.317670 1.426172 -0.097570
-0.314991 1.423765 0.000501
-0.297795 1.418826 0.095080
-0.208311 1.396216 0.198052
0.233212 1.288699 0.319482
-3.269798 2.167414 -1.159173
-3.105629 2.124588 -1.144793
-2.860426 2.066136 -1.143569
-2.687552 2.022986 -1.120754
-2.407427 1.954209 -1.113821
-2.333358 1.934260 -1.059454
-2.351407 1.935916 -0.983509
-2.156299 1.886437 -0.948349
-1.814659 1.803216 -0.929391
-1.461464 1.716612 -0.904023
-1.073179 1.621094 -0.871328
-0.619118 1.510711 -0.837499
-0.219026 1.412351 -0.782198
-0.269202 1.422051 -0.680613
-0.273929 1.421430 -0.581150
-0.225870 1.407951 -0.487767
-0.287692 1.421115 -0.385612
-0.300213 1.423740 -0.290181
-0.263640 1.413627 -0.192707
-0.317670 1.426172 -0.097570
-0.314991 1.423765 0.000501
-0.297795 1.418826 0.095080
-0.208311 1.396216 0.198052
0.233212 1.288699 0.319482
-3.304536 2.122282 -1.152832
-3.133558 2.075328 -1.140824
-2.904320 2.017254 -1.136011
-2.709488 1.966028 -1.119056
-2.437960 1.895266 -1.110563
-2.387043 1.880028 -1.051704
-2.378488 1.875189 -0.981440
-2.203232 1.827831 -0.943091
-1.862859 1.739870 -0.924602
-1.503293 1.646408 -0.900812
-1.104889 1.542546 -0.869978
-0.667841 1.429755 -0.834545
-0.107194 1.284455 -0.795968
-0.307700 1.333203 -0.679461
-0.316329 1.333586 -0.579953
-0.326526 1.334259 -0.483549
-0.334021 1.334357 -0.384818
-0.253570 1.313256 -0.292297
-0.116414 1.276697 -0.195102
-0.360103 1.338675 -0.097778
-0.388456 1.344143 -0.000495
-0.379070 1.340902 0.093134
-0.262800 1.310012 0.196463
0.250665 1.177354 0.321808
-3.304536 2.122282 -1.152832
-3.133558 2.075328 -1.140824
-2.904320 2.017254 -1.136011
-2.709488 1.966028 -1.119056
-2.437960 1.895266 -1.110563
-2.387043 1.880028 -1.051704
-2.378488 1.875189 -0.981440
-2.203232 1.827831 -0.943091
-1.862859 1.739870 -0.924602
-1.503293 1.646408 -0.900812
-1.104889 1.542546 -0.869978
-0.667841 1.429755 -0.834545
-0.107194 1.284455 -0.795968
-0.307700 1.333203 -0.679461
-0.316329 1.333586 -0.579953
-0.326526 1.334259 -0.483549
-0.334021 1.334357 -0.384818
-0.253570 1.313256 -0.292297
-0.116414 1.276697 -0.195102
-0.360103 1.338675 -0.097778
-0.388456 1.344143 -0.000495
-0.379070 1.340902 0.093134
-0.262800 1.310012 0.196463
0.250665 1.177354 0.321808
-3.321191 2.073025 -1.151877
-3.143419 2.021708 -1.141964
-2.892477 1.954458 -1.142844
-2.705827 1.902474 -1.123702
-2.457923 1.833941 -1.109872
-2.407242 1.817964 -1.051072
-2.406374 1.815003 -0.979410
-2.258485 1.772349 -0.936528
-1.888924 1.671469 -0.923549
-1.568964 1.583285 -0.894292
-1.126154 1.461510 -0.870185
-0.679213 1.339505 -0.836106
-0.232093 1.216473 -0.786113
0.376017 1.049447 -0.740962
-0.163441 1.193420 -0.592879
-0.285290 1.224389 -0.487532
-0.369897 1.245435 -0.384570
-0.382380 1.248300 -0.289637
-0.388596 1.248597 -0.192127
-0.419122 1.256245 -0.098064
-0.385653 1.245259 -0.000301
-0.376335 1.241830 0.093712
-0.268247 1.211359 0.197090
0.235582 1.073577 0.322230
-3.321191 2.073025 -1.151877
-3.143419 2.021708 -1.141964
-2.892477 1.954458 -1.142844
-2.705827 1.902474 -1.123702
-2.457923 1.833941 -1.109872
-2.407242 1.817964 -1.051072
-2.406374 1.815003 -0.979410
-2.258485 1.772349 -0.936528
-1.888924 1.671469 -0.923549
-1.568964 1.583285 -0.894292
-1.126154 1.461510 -0.870185
-0.679213 1.339505 -0.836106
-0.232093 1.216473 -0.786113
0.376017 1.049447 -0.740962
1.034462 0.869061 -0.678654
-0.285290 1.224389 -0.487532
-0.369897 1.245435 -0.384570
-0.382380 1.248300 -0.289637
-0.388596 1.248597 -0.192127
-0.419122 1.256245 -0.098064
-0.385653 1.245259 -0.000301
-0.376335 1.241830 0.093712
-0.268247 1.211359 0.197090
0.235582 1.073577 0.322230
-3.349654 2.027161 -1.147740
-3.180122 1.975481 -1.136030
-2.915268 1.900575 -1.141099
-2.733140 1.847047 -1.121177
-2.520130 1.784601 -1.099950
-2.435840 1.758368 -1.048906
-2.435052 1.755367 -0.977419
-2.287805 1.710643 -0.934713
-1.912110 1.602467 -0.923154
-1.597232 1.510896 -0.893410
-1.175265 1.388377 -0.866928
-0.730117 1.260149 -0.833261
-0.238859 1.117786 -0.788355
0.324716 0.954289 -0.739292
-0.347015 1.144071 -0.581869
-0.410958 1.160280 -0.482104
-0.399282 1.154982 -0.384706
-0.419425 1.160168 -0.289612
-0.429495 1.161597 -0.192224
-0.425321 1.159692 -0.098338
-0.422778 1.157006 -0.000788
-0.367402 1.140144 0.094465
0.334147 0.936758 0.329469
-3.349654 2.027161 -1.147740
-3.180122 1.975481 -1.136030
-2.915268 1.900575 -1.141099
-2.733140 1.847047 -1.121177
-2.520130 1.784601 -1.099950
-2.435840 1.758368 -1.048906
-2.435052 1.755367 -0.977419
-2.287805 1.710643 -0.934713
-1.912110 1.602467 -0.923154
-1.597232 1.510896 -0.893410
-1.175265 1.388377 -0.866928
-0.730117 1.260149 -0.833261
-0.238859 1.117786 -0.788355
0.324716 0.954289 -0.739292
0.942180 0.775676 -0.674598
-0.410958 1.160280 -0.482104
-0.399282 1.154982 -0.384706
-0.419425 1.160168 -0.289612
-0.429495 1.161597 -0.192224
-0.425321 1.159692 -0.098338
-0.422778 1.157006 -0.000788
-0.367402 1.140144 0.094465
0.334147 0.936758 0.329469
-3.371300 1.979727 -1.145777
-3.191401 1.922415 -1.137237
-2.990927 1.862506 -1.125985
-2.783601 1.798789 -1.113279
-2.522855 1.718976 -1.103549
-2.468980 1.700448 -1.045992
-2.472053 1.698536 -0.974009
-2.295266 1.642749 -0.936977
-1.958963 1.540631 -0.919110
-1.626476 1.439013 -0.892575
-1.240490 1.320858 -0.861711
-0.812477 1.191011 -0.826897
-0.262330 1.023517 -0.789105
0.279820 0.857879 -0.738351
-0.358663 1.047729 -0.583331
-0.441495 1.070519 -0.482238
-0.399297 1.055773 -0.386206
-0.434679 1.065793 -0.290292
-0.417935 1.059211 -0.193088
-0.436773 1.064123 -0.098677
-0.403655 1.052082 -0.000404
-0.337067 1.030918 0.095856
-0.214651 0.992689 0.201302
0.250630 0.851182 0.325858
-3.371300 1.979727 -1.145777
-3.191401 1.922415 -1.137237
-2.990927 1.862506 -1.125985
-2.783601 1.798789 -1.113279
-2.522855 1.718976 -1.103549
-2.468980 1.700448 -1.045992
-2.472053 1.698536 -0.974009
-2.295266 1.642749 -0.936977
-1.958963 1.540631 -0.919110
-1.626476 1.439013 -0.892575
-1.240490 1.320858 -0.861711
-0.812477 1.191011 -0.826897
-0.262330 1.023517 -0.789105
0.279820 0.857879 -0.738351
0.978777 0.645348 -0.679996
-0.441495 1.070519 -0.482238
-0.399297 1.055773 -0.386206
-0.434679 1.065793 -0.290292
-0.417935 1.059211 -0.193088
-0.436773 1.064123 -0.098677
-0.403655 1.052082 -0.000404
-0.337067 1.030918 0.095856
-0.214651 0.992689 0.201302
0.250630 0.851182 0.325858
-3.378847 1.928153 -1.148132
-3.218216 1.874042 -1.134413
-2.988966 1.802148 -1.131010
-2.808540 1.743603 -1.111726
-2.560158 1.663655 -1.099601
-2.499119 1.642033 -1.043903
-2.487242 1.635443 -0.975013
-2.318771 1.579526 -0.936591
-1.983937 1.472720 -0.918803
-1.656689 1.367649 -0.891786
-1.261050 1.240538 -0.862570
-0.842470 1.107097 -0.826834
-0.332690 0.943900 -0.785245
0.229848 0.763516 -0.737139
0.876283 0.556868 -0.675521
-0.412341 0.961968 -0.485963
-0.423672 0.963443 -0.386786
-0.386497 0.950948 -0.292871
-0.377468 0.946469 -0.194424
-0.316177 0.926177 -0.098927
-0.374761 0.942629 0.000101
-0.316128 0.922899 0.096947
-0.156216 0.870795 0.204877
0.512470 0.657391 0.343022
-3.378847 1.928153 -1.148132
-3.218216 1.874042 -1.134413
-2.988966 1.802148 -1.131010
-2.808540 1.743603 -1.111726
-2.560158 1.663655 -1.099601
-2.499119 1.642033 -1.043903
-2.487242 1.635443 -0.975013
-2.318771 1.579526 -0.936591
-1.983937 1.472720 -0.918803
-1.656689 1.367649 -0.891786
-1.261050 1.240538 -0.862570
-0.842470 1.107097 -0.826834
-0.332690 0.943900 -0.785245
0.229848 0.763516 -0.737139
0.876283 0.556868 -0.675521
-0.412341 0.961968 -0.485963
-0.423672 0.963443 -0.386786
-0.386497 0.950948 -0.292871
-0.377468 0.946469 -0.194424
-0.316177 0.926177 -0.098927
-0.374761 0.942629 0.000101
-0.316128 0.922899 0.096947
-0.156216 0.870795 0.204877
-3.423805 1.888465 -1.139798
-3.249335 1.827395 -1.130606
-3.032244 1.755934 -1.124577
-2.849034 1.693702 -1.106602
-2.579562 1.603043 -1.099907
-2.526293 1.582978 -1.042640
-2.536960 1.583545 -0.969490
-2.343139 1.516688 -0.936246
-2.032364 1.412627 -0.914842
-1.702907 1.301776 -0.888803
-1.297818 1.165435 -0.861469
-0.881163 1.026156 -0.825932
-0.381290 0.858348 -0.783775
0.171083 0.672628 -0.735321
0.810750 0.458219 -0.673875
-0.373588 0.848456 -0.490418
-0.400041 0.855032 -0.389555
-0.351650 0.838168 -0.295194
-0.331298 0.829696 -0.195930
-0.266508 0.807219 -0.099329
-0.351451 0.833252 0.000478
-0.300716 0.815172 0.097856
-0.024062 0.721598 0.211859
0.690695 0.482400 0.355277
-3.423805 1.888465 -1.139798
-3.249335 1.827395 -1.130606
-3.032244 1.755934 -1.124577
-2.849034 1.693702 -1.106602
-2.579562 1.603043 -1.099907
-2.526293 1.582978 -1.042640
-2.536960 1.583545 -0.969490
-2.343139 1.516688 -0.936246
-2.032364 1.412627 -0.914842
-1.702907 1.301776 -0.888803
-1.297818 1.165435 -0.861469
-0.881163 1.026156 -0.825932
-0.381290 0.858348 -0.783775
0.171083 0.672628 -0.735321
0.810750 0.458219 -0.673875
-0.373588 0.848456 -0.490418
-0.400041 0.855032 -0.389555
-0.351650 0.838168 -0.295194
-0.331298 0.829696 -0.195930
-0.266508 0.807219 -0.099329
-0.351451 0.833252 0.000478
-0.300716 0.815172 0.097856
-0.024062 0.721598 0.211859
-3.439985 1.839903 -1.140071
-3.255398 1.772659 -1.133943
-3.068693 1.708175 -1.120093
-2.853239 1.632086 -1.110532
-2.614609 1.547769 -1.096877
-2.539413 1.519325 -1.044566
-2.546342 1.518709 -0.972031
-2.394463 1.463226 -0.931223
-2.055344 1.344566 -0.915237
-1.731213 1.230407 -0.888665
-1.316824 1.084530 -0.862933
-0.935955 0.951115 -0.823293
-0.468609 0.786767 -0.778465
0.118712 0.580324 -0.734231
0.747760 0.359605 -0.672570
-0.329198 0.730849 -0.495386
-0.332875 0.729817 -0.394360
-0.296024 0.716135 -0.298238
-0.283341 0.709921 -0.197559
-0.260434 0.700941 -0.099844
-0.250609 0.695174 0.002069
-0.226619 0.685538 0.100555
0.244825 0.519575 0.225178
-3.439985 1.839903 -1.140071
-3.255398 1.772659 -1.133943
-3.068693 1.708175 -1.120093
-2.853239 1.632086 -1.110532
-2.614609 1.547769 -1.096877
-2.539413 1.519325 -1.044566
-2.546342 1.518709 -0.972031
-2.394463 1.463226 -0.931223
-2.055344 1.344566 -0.915237
-1.731213 1.230407 -0.888665
-1.316824 1.084530 -0.862933
-0.935955 0.951115 -0.823293
-0.468609 0.786767 -0.778465
0.118712 0.580324 -0.734231
0.747760 0.359605 -0.672570
1.519465 0.088763 -0.603879
-0.332875 0.729817 -0.394360
-0.296024 0.716135 -0.298238
-0.283341 0.709921 -0.197559
-0.260434 0.700941 -0.099844
-0.250609 0.695174 0.002069
-0.226619 0.685538 0.100555
0.244825 0.519575 0.225178
-3.295078 1.729538 -1.128165
-3.109375 1.662483 -1.114681
-2.902416 1.586050 -1.103671
-2.650352 1.493192 -1.093883
-2.582992 1.466339 -1.040228
-2.593698 1.467140 -0.967311
-2.431542 1.405559 -0.928933
-2.116458 1.290221 -0.909507
-1.771672 1.163520 -0.886892
-1.411641 1.030745 -0.854380
-0.976707 0.871803 -0.822494
-0.489259 0.692810 -0.780222
0.031422 0.501237 -0.730191
0.713541 0.251362 -0.673549
-0.166691 0.567983 -0.507522
-0.027542 0.514964 -0.409766
-0.077185 0.532029 -0.306159
-0.184831 0.569244 -0.199990
-0.079367 0.529767 -0.100269
-0.092233 0.531957 0.004548
-0.027141 0.506853 0.107108
0.456806 0.328776 0.235953
-3.295078 1.729538 -1.128165
-3.109375 1.662483 -1.114681
-2.902416 1.586050 -1.103671
-2.650352 1.493192 -1.093883
-2.582992 1.466339 -1.040228
-2.593698 1.467140 -0.967311
-2.431542 1.405559 -0.928933
-2.116458 1.290221 -0.909507
-1.771672 1.163520 -0.886892
-1.411641 1.030745 -0.854380
-0.976707 0.871803 -0.822494
-0.489259 0.692810 -0.780222
0.031422 0.501237 -0.730191
0.713541 0.251362 -0.673549
1.511420 -0.041164 -0.606648
-0.027542 0.514964 -0.409766
-0.077185 0.532029 -0.306159
-0.184831 0.569244 -0.199990
-0.079367 0.529767 -0.100269
-0.092233 0.531957 0.004548
-0.027141 0.506853 0.107108
-3.313489 1.679189 -1.128518
-3.117821 1.605482 -1.117929
-2.941127 1.537023 -1.099550
-2.679453 1.436586 -1.092614
-2.612500 1.408776 -1.039079
-2.626906 1.411074 -0.965548
-2.469346 1.348617 -0.926681
-2.144838 1.224732 -0.909369
-1.816691 1.098804 -0.884601
-1.436303 0.952628 -0.855436
-1.037098 0.800236 -0.819507
-0.548517 0.613058 -0.778137
-0.026866 0.412825 -0.728882
0.621815 0.164741 -0.670432
1.415489 -0.138891 -0.604392
0.231915 0.306775 -0.423487
0.519095 0.196735 -0.325360
-0.115148 0.435316 -0.202141
0.266458 0.289191 -0.100665
0.234827 0.298495 0.009702
0.232148 0.297987 0.115514
-3.313489 1.679189 -1.128518
-3.117821 1.605482 -1.117929
-2.941127 1.537023 -1.099550
-2.679453 1.436586 -1.092614
-2.612500 1.408776 -1.039079
-2.626906 1.411074 -0.965548
-2.469346 1.348617 -0.926681
-2.144838 1.224732 -0.909369
-1.816691 1.098804 -0.884601
-1.436303 0.952628 -0.855436
-1.037098 0.800236 -0.819507
-0.548517 0.613058 -0.778137
-0.026866 0.412825 -0.728882
0.621815 0.164741 -0.670432
1.415489 -0.138891 -0.604392
0.231915 0.306775 -0.423487
2.478089 -0.546416 -0.382737
-0.115148 0.435316 -0.202141
3.332729 -0.875446 -0.098248
-3.336207 1.630498 -1.127887
-3.148843 1.556876 -1.115458
-2.973159 1.485969 -1.097268
-2.694726 1.374822 -1.094760
-2.639117 1.350306 -1.038756
-2.642518 1.348477 -0.967476
-2.511534 1.293847 -0.923792
-2.170430 1.158255 -0.909891
-1.844074 1.027748 -0.885159
-1.480540 0.882064 -0.854021
-1.105724 0.732836 -0.815670
-0.590221 0.527212 -0.778057
-0.075137 0.321160 -0.728638
0.573714 0.062561 -0.670710
1.337059 -0.241880 -0.603312
1.862088 -0.452614 -0.498474
2.375216 -0.656938 -0.382243
3.340187 -1.041645 -0.252435
-3.336207 1.630498 -1.127887
-3.148843 1.556876 -1.115458
-2.973159 1.485969 -1.097268
-2.694726 1.374822 -1.094760
-2.639117 1.350306 -1.038756
-2.642518 1.348477 -0.967476
-2.511534 1.293847 -0.923792
-2.170430 1.158255 -0.909891
-1.844074 1.027748 -0.885159
-1.480540 0.882064 -0.854021
-1.105724 0.732836 -0.815670
-0.590221 0.527212 -0.778057
-0.075137 0.321160 -0.728638
0.573714 0.062561 -0.670710
1.337059 -0.241880 -0.603312
1.862088 -0.452614 -0.498474
2.375216 -0.656938 -0.382243
3.340187 -1.041645 -0.252435
-3.363170 1.583625 -1.126269
-3.151672 1.497230 -1.120697
-2.991389 1.429674 -1.098634
-2.736266 1.323451 -1.091031
-2.673794 1.295213 -1.036892
-2.669970 1.290446 -0.967251
-2.525170 1.228026 -0.926342
-2.218903 1.101095 -0.906747
-1.912778 0.973547 -0.879583
-1.525675 0.812329 -0.852653
-1.134611 0.650352 -0.816815
-0.633077 0.442057 -0.778034
-0.135683 0.234869 -0.727446
0.483631 -0.022164 -0.667990
1.253693 -0.341783 -0.602077
1.805265 -0.572023 -0.499203
2.345056 -0.795728 -0.384027
2.993907 -1.065989 -0.249526
-3.363170 1.583625 -1.126269
-3.151672 1.497230 -1.120697
-2.991389 1.429674 -1.098634
-2.736266 1.323451 -1.091031
-2.673794 1.295213 -1.036892
-2.669970 1.290446 -0.967251
-2.525170 1.228026 -0.926342
-2.218903 1.101095 -0.906747
-1.912778 0.973547 -0.879583
-1.525675 0.812329 -0.852653
-1.134611 0.650352 -0.816815
-0.633077 0.442057 -0.778034
-0.135683 0.234869 -0.727446
0.483631 -0.022164 -0.667990
1.253693 -0.341783 -0.602077
1.805265 -0.572023 -0.499203
2.345056 -0.795728 -0.384027
2.993907 -1.065989 -0.249526
-3.383610 1.534239 -1.126718
-3.194822 1.453915 -1.115413
-3.028383 1.381140 -1.095515
-2.764004 1.266841 -1.090717
-2.694721 1.234660 -1.038224
-2.709076 1.237447 -0.964868
-2.547046 1.165328 -0.927582
-2.242574 1.034120 -0.907971
-1.963771 0.913125 -0.876855
-1.564389 0.740326 -0.852341
-1.161010 0.566672 -0.818462
-0.695387 0.365412 -0.776107
-0.182633 0.143482 -0.727655
0.458710 -0.133161 -0.670349
1.165485 -0.438433 -0.600684
1.735803 -0.685812 -0.499511
2.220936 -0.895062 -0.383132
3.064460 -1.259433 -0.252701
-3.383610 1.534239 -1.126718
-3.194822 1.453915 -1.115413
-3.028383 1.381140 -1.095515
-2.764004 1.266841 -1.090717
-2.694721 1.234660 -1.038224
-2.709076 1.237447 -0.964868
-2.547046 1.165328 -0.927582
-2.242574 1.034120 -0.907971
-1.963771 0.913125 -0.876855
-1.564389 0.740326 -0.852341
-1.161010 0.566672 -0.818462
-0.695387 0.365412 -0.776107
-0.182633 0.143482 -0.727655
0.458710 -0.133161 -0.670349
1.165485 -0.438433 -0.600684
1.735803 -0.685812 -0.499511
2.220936 -0.895062 -0.383132
3.064460 -1.259433 -0.252701
-3.418921 1.491322 -1.123124
-3.209969 1.399082 -1.117842
-3.030260 1.317728 -1.101475
-2.799670 1.213808 -1.088748
-2.716513 1.174357 -1.039595
-2.730828 1.177292 -0.966181
-2.587859 1.110828 -0.925482
-2.296132 0.980173 -0.904286
-1.993731 0.844133 -0.877544
-1.640359 0.685001 -0.847019
-1.272230 0.520223 -0.809820
-0.754964 0.288386 -0.774624
-0.234453 0.054475 -0.727587
0.359179 -0.211701 -0.667188
1.065230 -0.528423 -0.598683
1.632001 -0.783758 -0.498394
2.143363 -1.012800 -0.383749
2.700322 -1.263784 -0.249608
-3.418921 1.491322 -1.123124
-3.209969 1.399082 -1.117842
-3.030260 1.317728 -1.101475
-2.799670 1.213808 -1.088748
-2.716513 1.174357 -1.039595
-2.730828 1.177292 -0.966181
-2.587859 1.110828 -0.925482
-2.296132 0.980173 -0.904286
-1.993731 0.844133 -0.877544
-1.640359 0.685001 -0.847019
-1.272230 0.520223 -0.809820
-0.754964 0.288386 -0.774624
-0.234453 0.054475 -0.727587
0.359179 -0.211701 -0.667188
1.065230 -0.528423 -0.598683
1.632001 -0.783758 -0.498394
2.143363 -1.012800 -0.383749
2.700322 -1.263784 -0.249608
-3.444167 1.444314 -1.122617
-3.254224 1.357176 -1.112618
-3.086382 1.278186 -1.093899
-2.836005 1.161423 -1.086815
-2.774858 1.130549 -1.033099
-2.767752 1.123919 -0.964602
-2.614995 1.050552 -0.926125
-2.332309 0.919113 -0.903735
-2.024650 0.775567 -0.878278
-1.684358 0.616462 -0.846289
-1.293296 0.434956 -0.812465
-0.793768 0.202533 -0.775546
-0.312791 -0.021995 -0.725217
0.316902 -0.314780 -0.668562
1.007578 -0.636350 -0.599434
1.534424 -0.882886 -0.497675
2.042508 -1.119089 -0.383771
2.265443 -1.225312 -0.245420
-3.444167 1.444314 -1.122617
-3.254224 1.357176 -1.112618
-3.086382 1.278186 -1.093899
-2.836005 1.161423 -1.086815
-2.774858 1.130549 -1.033099
-2.767752 1.123919 -0.964602
-2.614995 1.050552 -0.926125
-2.332309 0.919113 -0.903735
-2.024650 0.775567 -0.878278
-1.684358 0.616462 -0.846289
-1.293296 0.434956 -0.812465
-0.793768 0.202533 -0.775546
-0.312791 -0.021995 -0.725217
0.316902 -0.314780 -0.668562
1.007578 -0.636350 -0.599434
1.534424 -0.882886 -0.497675
2.042508 -1.119089 -0.383771
2.265443 -1.225312 -0.245420
-3.288378 1.311234 -1.110306
-3.104060 1.221637 -1.096312
-2.865926 1.106369 -1.086609
-2.791046 1.067929 -1.036126
-2.787570 1.062818 -0.966726
-2.657219 0.997410 -0.924098
-2.383570 0.865435 -0.900743
-2.095876 0.726116 -0.872852
-1.700565 0.535072 -0.849657
-1.340765 0.361745 -0.812010
-0.840953 0.120657 -0.775739
-0.370363 -0.107151 -0.724924
0.273170 -0.417302 -0.670002
0.937665 -0.738191 -0.599581
1.453788 -0.988652 -0.497859
1.947683 -1.226802 -0.384088
2.129408 -1.317193 -0.245737
2.403576 -1.450758 -0.106480
-3.288378 1.311234 -1.110306
-3.104060 1.221637 -1.096312
-2.865926 1.106369 -1.086609
-2.791046 1.067929 -1.036126
-2.787570 1.062818 -0.966726
-2.657219 0.997410 -0.924098
-2.383570 0.865435 -0.900743
-2.095876 0.726116 -0.872852
-1.700565 0.535072 -0.849657
-1.340765 0.361745 -0.812010
-0.840953 0.120657 -0.775739
-0.370363 -0.107151 -0.724924
0.273170 -0.417302 -0.670002
0.937665 -0.738191 -0.599581
1.453788 -0.988652 -0.497859
1.947683 -1.226802 -0.384088
2.129408 -1.317193 -0.245737
-3.309135 1.259121 -1.111874
-3.136584 1.172063 -1.095137
-2.886051 1.046639 -1.088984
-2.815225 1.008834 -1.037611
-2.833009 1.013998 -0.963751
-2.689471 0.939845 -0.924140
-2.414153 0.802315 -0.901510
-2.117772 0.653739 -0.875364
-1.764308 0.476446 -0.846485
-1.392746 0.291101 -0.811152
-0.924929 0.057148 -0.772047
-0.411157 -0.200129 -0.726379
0.227983 -0.519264 -0.671511
0.866455 -0.838809 -0.599795
1.382592 -1.098267 -0.498618
1.901758 -1.357549 -0.386058
2.096522 -1.457665 -0.247736
2.336535 -1.579130 -0.108079
-2.544077 -0.451356 1.083158
-3.309135 1.259121 -1.111874
-3.136584 1.172063 -1.095137
-2.886051 1.046639 -1.088984
-2.815225 1.008834 -1.037611
-2.833009 1.013998 -0.963751
-2.689471 0.939845 -0.924140
-2.414153 0.802315 -0.901510
-2.117772 0.653739 -0.875364
-1.764308 0.476446 -0.846485
-1.392746 0.291101 -0.811152
-0.924929 0.057148 -0.772047
-0.411157 -0.200129 -0.726379
0.227983 -0.519264 -0.671511
0.866455 -0.838809 -0.599795
1.382592 -1.098267 -0.498618
1.901758 -1.357549 -0.386058
2.096522 -1.457665 -0.247736
2.336535 -1.579130 -0.108079
-2.838608 -0.262301 0.928991
-2.638817 -0.426146 1.063346
-2.838608 -0.262301 0.928991
-2.638817 -0.426146 1.063346
-3.347980 1.215987 -1.108661
-3.166269 1.121291 -1.094901
-2.917520 0.992389 -1.088853
-2.850744 0.955347 -1.036758
-2.854452 0.953619 -0.965951
-2.733041 0.888140 -0.922184
-2.470269 0.752165 -0.897970
-2.165452 0.594105 -0.873966
-1.810987 0.410102 -0.845890
-1.427906 0.212360 -0.812601
-0.974033 -0.022693 -0.772340
-0.471010 -0.283502 -0.726199
0.160045 -0.609722 -0.671396
0.825965 -0.954557 -0.602112
1.313535 -1.208497 -0.499618
1.804112 -1.462281 -0.386523
2.121967 -1.629113 -0.250791
2.260621 -1.702841 -0.109759
-2.824781 -0.317704 0.860431
-2.809946 -0.333312 0.941331
-2.811954 -0.335606 1.022054
-2.814566 -0.337711 1.100192
-3.347980 1.215987 -1.108661
-3.166269 1.121291 -1.094901
-2.917520 0.992389 -1.088853
-2.850744 0.955347 -1.036758
-2.854452 0.953619 -0.965951
-2.733041 0.888140 -0.922184
-2.470269 0.752165 -0.897970
-2.165452 0.594105 -0.873966
-1.810987 0.410102 -0.845890
-1.427906 0.212360 -0.812601
-0.974033 -0.022693 -0.772340
-0.471010 -0.283502 -0.726199
0.160045 -0.609722 -0.671396
0.825965 -0.954557 -0.602112
1.313535 -1.208497 -0.499618
1.804112 -1.462281 -0.386523
2.121967 -1.629113 -0.250791
2.260621 -1.702841 -0.109759
-2.824781 -0.317704 0.860431
-2.809946 -0.333312 0.941331
-2.811954 -0.335606 1.022054
-2.814566 -0.337711 1.100192
-2.836151 -0.356738 0.862527
-2.857833 -0.342514 0.934411
-2.859778 -0.344864 1.014679
-2.868342 -0.342052 1.090617
-2.836151 -0.356738 0.862527
-2.857833 -0.342514 0.934411
-2.859778 -0.344864 1.014679
-2.868342 -0.342052 1.090617
-3.376994 1.168206 -1.108368
-3.196634 1.070986 -1.094699
-2.956648 0.942252 -1.087059
-2.883481 0.900637 -1.036733
-2.876785 0.893450 -0.968192
-2.770249 0.833575 -0.921620
-2.477941 0.677394 -0.903170
-2.199842 0.527956 -0.874872
-1.862020 0.346411 -0.844830
-1.506365 0.156327 -0.808669
-1.038272 -0.094305 -0.771106
-0.521349 -0.371426 -0.727094
0.115663 -0.712047 -0.673318
0.755533 -1.054965 -0.602691
1.235963 -1.313858 -0.500352
1.698210 -1.561399 -0.386828
2.091392 -1.773988 -0.253104
2.394993 -1.937972 -0.111642
-2.890178 -0.360485 0.854612
-2.878531 -0.373861 0.934408
-2.895520 -0.363663 1.010604
-2.913002 -0.353323 1.083683
-3.376994 1.168206 -1.108368
-3.196634 1.070986 -1.094699
-2.956648 0.942252 -1.087059
-2.883481 0.900637 -1.036733
-2.876785 0.893450 -0.968192
-2.770249 0.833575 -0.921620
-2.477941 0.677394 -0.903170
-2.199842 0.527956 -0.874872
-1.862020 0.346411 -0.844830
-1.506365 0.156327 -0.808669
-1.038272 -0.094305 -0.771106
-0.521349 -0.371426 -0.727094
0.115663 -0.712047 -0.673318
0.755533 -1.054965 -0.602691
1.235963 -1.313858 -0.500352
1.698210 -1.561399 -0.386828
2.091392 -1.773988 -0.253104
-2.890178 -0.360485 0.854612
-2.878531 -0.373861 0.934408
-2.895520 -0.363663 1.010604
-2.913002 -0.353323 1.083683
-2.904993 -0.396690 0.855973
-2.926419 -0.382245 0.927481
-2.937289 -0.377060 1.004873
-2.933820 -0.384336 1.083784
-2.904993 -0.396690 0.855973
-2.926419 -0.382245 0.927481
-2.937289 -0.377060 1.004873
-2.933820 -0.384336 1.083784
-3.410065 1.122723 -1.107142
-3.227673 1.021156 -1.094530
-2.992956 0.890950 -1.086148
-2.896265 0.835243 -1.041508
-2.903462 0.835378 -0.969737
-2.808162 0.779630 -0.921092
-2.521550 0.621275 -0.902194
-2.252541 0.471760 -0.872988
-1.917317 0.285531 -0.843303
-1.560889 0.088602 -0.807947
-1.064922 -0.185712 -0.774273
-0.614843 -0.435643 -0.723962
0.034807 -0.794682 -0.672475
0.659297 -1.140750 -0.601741
1.160566 -1.419803 -0.501325
1.591252 -1.658440 -0.387196
2.055027 -1.916985 -0.255458
-2.902194 -0.448237 0.861597
-2.944448 -0.415708 0.928228
-2.958274 -0.407907 1.004910
-2.957828 -0.412678 1.082995
-3.410065 1.122723 -1.107142
-3.227673 1.021156 -1.094530
-2.992956 0.890950 -1.086148
-2.896265 0.835243 -1.041508
-2.903462 0.835378 -0.969737
-2.808162 0.779630 -0.921092
-2.521550 0.621275 -0.902194
-2.252541 0.471760 -0.872988
-1.917317 0.285531 -0.843303
-1.560889 0.088602 -0.807947
-1.064922 -0.185712 -0.774273
-0.614843 -0.435643 -0.723962
0.034807 -0.794682 -0.672475
0.659297 -1.140750 -0.601741
1.160566 -1.419803 -0.501325
1.591252 -1.658440 -0.387196
2.055027 -1.916985 -0.255458
-2.902194 -0.448237 0.861597
-2.944448 -0.415708 0.928228
-2.958274 -0.407907 1.004910
-2.957828 -0.412678 1.082995
-2.962257 -0.445716 0.852244
-2.965704 -0.446508 0.928195
-2.961796 -0.454069 1.009879
-2.973216 -0.448555 1.084831
-2.962257 -0.445716 0.852244
-2.965704 -0.446508 0.928195
-2.961796 -0.454069 1.009879
-2.973216 -0.448555 1.084831
-3.460675 1.087239 -1.101121
-3.266182 0.975607 -1.092577
-3.040161 0.845972 -1.082720
-2.920355 0.775542 -1.043943
-2.934402 0.779560 -0.970584
-2.853644 0.730174 -0.919238
-2.576190 0.571721 -0.899384
-2.281726 0.402958 -0.875112
-1.966407 0.221776 -0.842835
-1.588548 0.006227 -0.810903
-1.151903 -0.243715 -0.770759
-0.677644 -0.515564 -0.723941
-0.064340 -0.865966 -0.670266
0.603877 -1.248258 -0.603588
1.094239 -1.530398 -0.502881
1.556321 -1.794808 -0.390060
2.037302 -2.071737 -0.258261
-2.966023 -0.492023 0.856416
-2.951896 -0.508380 0.937348
-2.968696 -0.497756 1.014007
-2.965543 -0.505090 1.093677
-3.460675 1.087239 -1.101121
-3.266182 0.975607 -1.092577
-3.040161 0.845972 -1.082720
-2.920355 0.775542 -1.043943
-2.934402 0.779560 -0.970584
-2.853644 0.730174 -0.919238
-2.576190 0.571721 -0.899384
-2.281726 0.402958 -0.875112
-1.966407 0.221776 -0.842835
-1.588548 0.006227 -0.810903
-1.151903 -0.243715 -0.770759
-0.677644 -0.515564 -0.723941
-0.064340 -0.865966 -0.670266
0.603877 -1.248258 -0.603588
1.094239 -1.530398 -0.502881
1.556321 -1.794808 -0.390060
2.037302 -2.071737 -0.258261
-2.966023 -0.492023 0.856416
-2.951896 -0.508380 0.937348
-2.968696 -0.497756 1.014007
-2.965543 -0.505090 1.093677
-2.964379 -0.543708 0.861991
-3.020607 -0.497237 0.925034
-2.984753 -0.533678 1.015649
-3.016516 -0.509733 1.084954
-2.964379 -0.543708 0.861991
-3.020607 -0.497237 0.925034
-2.984753 -0.533678 1.015649
-3.016516 -0.509733 1.084954
-3.308620 0.932677 -1.089743
-3.098015 0.807739 -1.076767
-2.952121 0.720005 -1.044828
-2.962717 0.722206 -0.972206
-2.903117 0.683517 -0.916735
-2.604016 0.507351 -0.901600
-2.349586 0.356346 -0.871034
-2.012876 0.156855 -0.842921
-1.686155 -0.035962 -0.804815
-1.208410 -0.317973 -0.770859
-0.731121 -0.600443 -0.724999
-0.129664 -0.955370 -0.670950
0.429718 -1.286504 -0.597712
0.346950 -1.242341 -0.470631
0.270251 -1.199707 -0.350783
2.037698 -2.239095 -0.261529
-3.308620 0.932677 -1.089743
-3.098015 0.807739 -1.076767
-2.952121 0.720005 -1.044828
-2.962717 0.722206 -0.972206
-2.903117 0.683517 -0.916735
-2.604016 0.507351 -0.901600
-2.349586 0.356346 -0.871034
-2.012876 0.156855 -0.842921
-1.686155 -0.035962 -0.804815
-1.208410 -0.317973 -0.770859
-0.731121 -0.600443 -0.724999
-0.129664 -0.955370 -0.670950
0.429718 -1.286504 -0.597712
0.346950 -1.242341 -0.470631
0.270251 -1.199707 -0.350783
2.037698 -2.239095 -0.261529
-3.341498 0.884560 -1.089669
-3.122592 0.750703 -1.079358
-2.964454 0.652878 -1.050527
-2.974978 0.655133 -0.977558
-2.942948 0.631721 -0.916310
-2.663298 0.461553 -0.898235
-2.366901 0.280571 -0.875518
-2.060186 0.092686 -0.843049
-1.722577 -0.112870 -0.806956
-1.269270 -0.389238 -0.770609
-0.802815 -0.674235 -0.724399
-0.189308 -1.047826 -0.672265
0.406417 -1.411534 -0.601977
0.337956 -1.374596 -0.474940
0.292658 -1.349611 -0.355303
0.337830 -1.380594 -0.234990
0.313562 -1.368475 -0.117098
0.269958 -1.346430 0.004174
-3.341498 0.884560 -1.089669
-3.122592 0.750703 -1.079358
-2.964454 0.652878 -1.050527
-2.974978 0.655133 -0.977558
-2.942948 0.631721 -0.916310
-2.663298 0.461553 -0.898235
-2.366901 0.280571 -0.875518
-2.060186 0.092686 -0.843049
-1.722577 -0.112870 -0.806956
-1.269270 -0.389238 -0.770609
-0.802815 -0.674235 -0.724399
-0.189308 -1.047826 -0.672265
0.406417 -1.411534 -0.601977
0.337956 -1.374596 -0.474940
0.292658 -1.349611 -0.355303
0.337830 -1.380594 -0.234990
0.313562 -1.368475 -0.117098
0.269958 -1.346430 0.004174
-3.341810 0.816598 -1.098740
-3.177991 0.712327 -1.074313
-3.001263 0.600028 -1.050695
-2.998383 0.594147 -0.980740
-3.003565 0.592997 -0.911819
-2.699486 0.402376 -0.899280
-2.415746 0.223512 -0.874928
-2.125192 0.039722 -0.840658
-1.773635 -0.180980 -0.807323
-1.351293 -0.446864 -0.768012
-0.878743 -0.744633 -0.723504
-0.290861 -1.114105 -0.670204
0.360715 -1.524079 -0.604945
0.339412 -1.517875 -0.360878
0.234856 -1.456440 -0.236058
0.115752 -1.384711 -0.118660
0.123366 -1.393884 0.001098
0.177743 -1.430857 0.117727
-3.341810 0.816598 -1.098740
-3.177991 0.712327 -1.074313
-3.001263 0.600028 -1.050695
-2.998383 0.594147 -0.980740
-3.003565 0.592997 -0.911819
-2.699486 0.402376 -0.899280
-2.415746 0.223512 -0.874928
-2.125192 0.039722 -0.840658
-1.773635 -0.180980 -0.807323
-1.351293 -0.446864 -0.768012
-0.878743 -0.744633 -0.723504
-0.290861 -1.114105 -0.670204
0.360715 -1.524079 -0.604945
1.340216 -2.142033 -0.395784
0.234856 -1.456440 -0.236058
0.115752 -1.384711 -0.118660
0.123366 -1.393884 0.001098
0.177743 -1.430857 0.117727
-3.395999 0.781539 -1.093266
-3.194101 0.649959 -1.079535
-3.025537 0.539346 -1.054089
-3.035997 0.541789 -0.981004
-3.031235 0.534330 -0.914193
-2.739827 0.345833 -0.899738
-2.445268 0.154504 -0.877799
-2.170667 -0.024819 -0.841380
-1.832276 -0.243996 -0.806820
-1.410352 -0.517894 -0.768250
-0.942017 -0.822239 -0.724033
-0.366076 -1.195587 -0.670482
0.296500 -1.625420 -0.606830
0.225708 -1.584595 -0.479303
0.140744 -1.532553 -0.357995
0.094201 -1.506463 -0.236491
0.161051 -1.552255 -0.120707
0.097889 -1.516134 -0.000181
0.057634 -1.493237 0.114081
0.109792 -1.530259 0.237159
0.144280 -1.555091 0.354834
-3.395999 0.781539 -1.093266
-3.194101 0.649959 -1.079535
-3.025537 0.539346 -1.054089
-3.035997 0.541789 -0.981004
-3.031235 0.534330 -0.914193
-2.739827 0.345833 -0.899738
-2.445268 0.154504 -0.877799
-2.170667 -0.024819 -0.841380
-1.832276 -0.243996 -0.806820
-1.410352 -0.517894 -0.768250
-0.942017 -0.822239 -0.724033
-0.366076 -1.195587 -0.670482
0.296500 -1.625420 -0.606830
0.225708 -1.584595 -0.479303
0.140744 -1.532553 -0.357995
0.094201 -1.506463 -0.236491
0.097889 -1.516134 -0.000181
0.057634 -1.493237 0.114081
0.109792 -1.530259 0.237159
0.144280 -1.555091 0.354834
-3.430888 0.734797 -1.093291
-3.243946 0.608958 -1.076256
-3.060583 0.485311 -1.055130
-3.057863 0.479242 -0.985008
-3.053187 0.471644 -0.917977
-2.794130 0.298582 -0.897723
-2.515531 0.111883 -0.873860
-2.217005 -0.088669 -0.842146
-1.904937 -0.297254 -0.804525
-1.476947 -0.583567 -0.767734
-1.012923 -0.894418 -0.723922
-0.455578 -1.266972 -0.669661
0.194251 -1.701602 -0.606225
0.147324 -1.675287 -0.480540
0.103062 -1.648645 -0.360873
0.143658 -1.687233 -0.000454
-0.029516 -1.575281 0.111445
-0.017802 -1.586524 0.232156
-3.430888 0.734797 -1.093291
-3.243946 0.608958 -1.076256
-3.060583 0.485311 -1.055130
-3.057863 0.479242 -0.985008
-3.053187 0.471644 -0.917977
-2.794130 0.298582 -0.897723
-2.515531 0.111883 -0.873860
-2.217005 -0.088669 -0.842146
-1.904937 -0.297254 -0.804525
-1.476947 -0.583567 -0.767734
-1.012923 -0.894418 -0.723922
-0.455578 -1.266972 -0.669661
0.194251 -1.701602 -0.606225
0.147324 -1.675287 -0.480540
0.103062 -1.648645 -0.360873
-0.029516 -1.575281 0.111445
-0.017802 -1.586524 0.232156
-3.278000 0.557971 -1.077280
-3.086631 0.425196 -1.058606
-3.083983 0.419021 -0.988314
-3.085930 0.415706 -0.919747
-2.852209 0.254527 -0.895111
-2.559893 0.052883 -0.874526
-2.267485 -0.149600 -0.842440
-1.938649 -0.375925 -0.807776
-1.534429 -0.654797 -0.768466
-1.068211 -0.976592 -0.725590
-0.526013 -1.350177 -0.670621
0.137470 -1.807359 -0.608939
0.127200 -1.805266 -0.485012
0.053604 -1.757810 -0.363470
0.268580 -1.908964 -0.246251
0.063908 -1.776858 -0.002660
0.077003 -1.789174 0.114875
-0.069779 -1.692132 0.230833
-3.278000 0.557971 -1.077280
-3.086631 0.425196 -1.058606
-3.083983 0.419021 -0.988314
-3.085930 0.415706 -0.919747
-2.852209 0.254527 -0.895111
-2.559893 0.052883 -0.874526
-2.267485 -0.149600 -0.842440
-1.938649 -0.375925 -0.807776
-1.534429 -0.654797 -0.768466
-1.068211 -0.976592 -0.725590
-0.526013 -1.350177 -0.670621
0.137470 -1.807359 -0.608939
0.127200 -1.805266 -0.485012
0.053604 -1.757810 -0.363470
-3.338017 0.525893 -1.071475
-3.113142 0.365984 -1.062110
-3.107336 0.357461 -0.992391
-3.112547 0.356351 -0.922916
-2.881051 0.191931 -0.898176
-2.594772 -0.011488 -0.876936
-2.321432 -0.206652 -0.842242
-2.012044 -0.426102 -0.805539
-1.614999 -0.708213 -0.766406
-1.172867 -1.022656 -0.722084
-0.577133 -1.444896 -0.673353
-0.034372 -1.830880 -0.603489
0.082811 -1.918266 -0.488310
0.006598 -1.867586 -0.366240
0.144249 -1.968802 -0.247251
-3.338017 0.525893 -1.071475
-3.113142 0.365984 -1.062110
-3.107336 0.357461 -0.992391
-3.112547 0.356351 -0.922916
-2.881051 0.191931 -0.898176
-2.594772 -0.011488 -0.876936
-2.321432 -0.206652 -0.842242
-2.012044 -0.426102 -0.805539
-1.614999 -0.708213 -0.766406
-1.172867 -1.022656 -0.722084
-0.577133 -1.444896 -0.673353
-0.034372 -1.830880 -0.603489
0.082811 -1.918266 -0.488310
0.006598 -1.867586 -0.366240
-3.363678 0.469420 -1.075133
-3.179297 0.333693 -1.056053
-3.144921 0.304545 -0.993551
-3.134143 0.291986 -0.927516
-2.920979 0.135818 -0.899410
-2.653641 -0.060037 -0.875386
-2.399176 -0.247398 -0.838479
-2.073584 -0.485044 -0.805198
-1.667622 -0.781978 -0.768034
-1.213771 -1.114247 -0.725590
-0.682178 -1.502742 -0.671518
-0.083419 -1.940725 -0.607021
0.022818 -2.022795 -0.491002
0.008816 -2.015713 -0.371082
-0.003894 -2.010937 -0.247850
-0.027175 -1.997279 -0.129044
-0.052737 -1.983885 -0.006567
-3.363678 0.469420 -1.075133
-3.179297 0.333693 -1.056053
-3.144921 0.304545 -0.993551
-3.134143 0.291986 -0.927516
-2.920979 0.135818 -0.899410
-2.653641 -0.060037 -0.875386
-2.399176 -0.247398 -0.838479
-2.073584 -0.485044 -0.805198
-1.667622 -0.781978 -0.768034
-1.213771 -1.114247 -0.725590
-0.682178 -1.502742 -0.671518
-0.083419 -1.940725 -0.607021
0.022818 -2.022795 -0.491002
0.008816 -2.015713 -0.371082
-0.003894 -2.010937 -0.247850
-0.027175 -1.997279 -0.129044
-0.052737 -1.983885 -0.006567
-3.415410 0.431680 -1.071964
-3.204571 0.272534 -1.060445
-3.167420 0.240503 -0.998471
-3.163136 0.232392 -0.930785
-2.977568 0.092004 -0.897525
-2.713019 -0.107540 -0.873868
-2.442099 -0.312587 -0.840439
-2.148576 -0.533476 -0.803047
-1.737245 -0.843139 -0.767688
-1.332862 -1.148425 -0.720778
-0.739585 -1.594261 -0.674099
-0.188627 -2.009589 -0.606609
-0.030210 -2.136148 -0.374547
-0.087728 -2.097787 -0.249806
-0.126851 -2.071900 -0.131158
-0.113795 -2.086963 -0.008643
-3.415410 0.431680 -1.071964
-3.204571 0.272534 -1.060445
-3.167420 0.240503 -0.998471
-3.163136 0.232392 -0.930785
-2.977568 0.092004 -0.897525
-2.713019 -0.107540 -0.873868
-2.442099 -0.312587 -0.840439
-2.148576 -0.533476 -0.803047
-1.737245 -0.843139 -0.767688
-1.332862 -1.148425 -0.720778
-0.739585 -1.594261 -0.674099
-0.188627 -2.009589 -0.606609
-0.030210 -2.136148 -0.374547
-0.087728 -2.097787 -0.249806
-0.126851 -2.071900 -0.131158
-0.113795 -2.086963 -0.008643
-3.461269 0.390169 -1.070538
-3.255818 0.230484 -1.058454
-3.200366 0.183691 -1.001200
-3.189917 0.170695 -0.934786
-3.015737 0.034855 -0.899462
-2.750845 -0.170778 -0.876415
-2.514344 -0.355568 -0.837773
-2.208180 -0.592561 -0.803241
-1.804384 -0.905519 -0.767788
-1.369507 -1.243060 -0.725091
-0.823666 -1.665650 -0.674398
-0.256393 -2.105649 -0.609091
-0.057436 -2.263750 -0.499132
-0.077589 -2.251599 -0.377850
-0.134582 -2.212532 -0.252636
-0.163847 -2.193500 -0.133573
-0.176384 -2.189311 -0.010791
-0.069060 -2.275851 0.110368
-3.461269 0.390169 -1.070538
-3.255818 0.230484 -1.058454
-3.200366 0.183691 -1.001200
-3.189917 0.170695 -0.934786
-3.015737 0.034855 -0.899462
-2.750845 -0.170778 -0.876415
-2.514344 -0.355568 -0.837773
-2.208180 -0.592561 -0.803241
-1.804384 -0.905519 -0.767788
-1.369507 -1.243060 -0.725091
-0.823666 -1.665650 -0.674398
-0.256393 -2.105649 -0.609091
-0.057436 -2.263750 -0.499132
-0.077589 -2.251599 -0.377850
-0.134582 -2.212532 -0.252636
-0.163847 -2.193500 -0.133573
-0.176384 -2.189311 -0.010791
-0.069060 -2.275851 0.110368
-3.316788 0.196547 -1.054077
-3.221776 0.117589 -1.006957
-3.227002 0.116488 -0.936760
-3.067172 -0.012061 -0.898906
-2.827001 -0.204271 -0.872078
-2.596271 -0.389846 -0.833571
-2.649656 -0.351256 -0.746815
-1.862869 -0.974162 -0.769150
-1.439011 -1.312826 -0.725958
-0.905397 -1.738068 -0.675038
-0.350601 -2.181009 -0.609730
-0.218557 -2.308298 -0.012708
-0.222136 -2.309431 0.105513
-2.762855 -0.307801 0.558447
-3.316788 0.196547 -1.054077
-3.221776 0.117589 -1.006957
-3.227002 0.116488 -0.936760
-3.067172 -0.012061 -0.898906
-2.827001 -0.204271 -0.872078
-2.596271 -0.389846 -0.833571
-2.649656 -0.351256 -0.746815
-1.862869 -0.974162 -0.769150
-1.439011 -1.312826 -0.725958
-0.905397 -1.738068 -0.675038
-0.350601 -2.181009 -0.609730
-0.218557 -2.308298 -0.012708
-0.222136 -2.309431 0.105513
-2.762855 -0.307801 0.558447
-3.335189 0.129452 -1.060999
-3.247374 0.054001 -1.012015
-3.246455 0.047946 -0.942924
-3.103775 -0.070512 -0.901554
-3.069652 -0.102114 -0.836516
-3.110270 -0.073699 -0.756408
-3.126678 -0.063506 -0.683638
-3.116239 -0.075723 -0.613078
-2.741503 -0.383167 -0.586552
-2.738376 -0.389346 -0.508787
-2.736250 -0.394780 -0.433122
-2.737936 -0.397061 -0.354931
-2.752272 -0.387634 -0.279023
-2.752327 -0.390733 -0.201547
-2.774566 -0.374964 -0.126494
-2.779649 -0.374447 -0.049165
-2.766422 -0.387813 0.025443
-2.791369 -0.370237 0.102309
-2.782674 -0.379540 0.176721
-2.787367 -0.377901 0.254881
-2.804532 -0.365094 0.327279
-2.796813 -0.376498 0.405489
-2.817526 -0.358473 0.477386
-2.825301 -0.353811 0.554471
-2.812275 -0.366483 0.631978
-2.833818 -0.350169 0.706682
-2.825425 -0.358596 0.784835
-3.335189 0.129452 -1.060999
-3.247374 0.054001 -1.012015
-3.246455 0.047946 -0.942924
-3.103775 -0.070512 -0.901554
-3.069652 -0.102114 -0.836516
-3.110270 -0.073699 -0.756408
-3.126678 -0.063506 -0.683638
-3.116239 -0.075723 -0.613078
-1.466036 -1.416603 -0.731808
-2.738376 -0.389346 -0.508787
-2.736250 -0.394780 -0.433122
-2.737936 -0.397061 -0.354931
-2.752272 -0.387634 -0.279023
-2.752327 -0.390733 -0.201547
-2.774566 -0.374964 -0.126494
-2.779649 -0.374447 -0.049165
-2.766422 -0.387813 0.025443
-2.791369 -0.370237 0.102309
-2.782674 -0.379540 0.176721
-2.787367 -0.377901 0.254881
-2.804532 -0.365094 0.327279
-2.796813 -0.376498 0.405489
-2.817526 -0.358473 0.477386
-2.825301 -0.353811 0.554471
-2.812275 -0.366483 0.631978
-2.833818 -0.350169 0.706682
-2.825425 -0.358596 0.784835
-3.412197 0.109685 -1.052643
-3.270997 -0.011934 -1.017869
-3.294419 0.001993 -0.942901
-3.168630 -0.105856 -0.898522
-3.156317 -0.120230 -0.829833
-3.184404 -0.101335 -0.752605
-3.197664 -0.093438 -0.680855
-3.199668 -0.095606 -0.609182
-3.150651 -0.140334 -0.546378
-2.823229 -0.416959 -0.506796
-2.818141 -0.424979 -0.432041
-2.829075 -0.419555 -0.353931
-2.837168 -0.415073 -0.279050
-2.834209 -0.420757 -0.202333
-2.850100 -0.409847 -0.127913
-2.864363 -0.401580 -0.051224
-2.857438 -0.410025 0.022525
-2.863753 -0.407577 0.099516
-2.870463 -0.404195 0.172443
-2.875098 -0.402554 0.249850
-2.882894 -0.397283 0.322507
-2.884422 -0.401149 0.399012
-2.889636 -0.395747 0.472368
-2.891240 -0.396168 0.549975
-2.902593 -0.388646 0.622792
-2.908712 -0.384898 0.699712
-2.906411 -0.388441 0.776053
-3.412197 0.109685 -1.052643
-3.270997 -0.011934 -1.017869
-3.294419 0.001993 -0.942901
-3.168630 -0.105856 -0.898522
-3.156317 -0.120230 -0.829833
-3.184404 -0.101335 -0.752605
-3.197664 -0.093438 -0.680855
-3.199668 -0.095606 -0.609182
-3.150651 -0.140334 -0.546378
-2.823229 -0.416959 -0.506796
-2.818141 -0.424979 -0.432041
-2.829075 -0.419555 -0.353931
-2.837168 -0.415073 -0.279050
-2.834209 -0.420757 -0.202333
-2.850100 -0.409847 -0.127913
-2.864363 -0.401580 -0.051224
-2.857438 -0.410025 0.022525
-2.863753 -0.407577 0.099516
-2.870463 -0.404195 0.172443
-2.875098 -0.402554 0.249850
-2.882894 -0.397283 0.322507
-2.884422 -0.401149 0.399012
-2.889636 -0.395747 0.472368
-2.891240 -0.396168 0.549975
-2.902593 -0.388646 0.622792
-2.908712 -0.384898 0.699712
-2.906411 -0.388441 0.776053
-3.444237 0.053481 -1.056413
-3.298743 -0.075235 -1.023022
-3.306951 -0.073838 -0.951241
-3.230718 -0.142562 -0.896148
-3.224667 -0.151965 -0.826641
-3.258561 -0.127516 -0.748816
-3.271759 -0.119419 -0.677620
-3.246634 -0.144833 -0.610217
-3.219429 -0.172120 -0.545005
-2.898946 -0.450674 -0.505710
-2.881881 -0.469180 -0.432429
-2.889723 -0.466239 -0.354788
-2.882615 -0.474720 -0.280775
-2.885805 -0.475273 -0.203858
-2.901551 -0.464186 -0.129489
-2.900567 -0.468832 -0.052654
-2.911934 -0.461735 0.020740
-2.915196 -0.461860 0.097769
-2.921863 -0.458431 0.170643
-2.929499 -0.454160 0.247727
-2.916125 -0.467099 0.322517
-2.932787 -0.457939 0.397419
-2.925916 -0.462929 0.472503
-2.930558 -0.460760 0.549851
-2.941833 -0.453112 0.622834
-2.938971 -0.457091 0.701729
-2.948687 -0.450330 0.775777
-3.444237 0.053481 -1.056413
-3.298743 -0.075235 -1.023022
-3.306951 -0.073838 -0.951241
-3.230718 -0.142562 -0.896148
-3.224667 -0.151965 -0.826641
-3.258561 -0.127516 -0.748816
-3.271759 -0.119419 -0.677620
-3.246634 -0.144833 -0.610217
-3.219429 -0.172120 -0.545005
-2.898946 -0.450674 -0.505710
-2.881881 -0.469180 -0.432429
-2.889723 -0.466239 -0.354788
-2.882615 -0.474720 -0.280775
-2.885805 -0.475273 -0.203858
-2.901551 -0.464186 -0.129489
-2.900567 -0.468832 -0.052654
-2.911934 -0.461735 0.020740
-2.915196 -0.461860 0.097769
-2.921863 -0.458431 0.170643
-2.929499 -0.454160 0.247727
-2.916125 -0.467099 0.322517
-2.932787 -0.457939 0.397419
-2.925916 -0.462929 0.472503
-2.930558 -0.460760 0.549851
-2.941833 -0.453112 0.622834
-2.938971 -0.457091 0.701729
-2.948687 -0.450330 0.775777
-3.318670 -0.146099 -1.030477
-3.332751 -0.139519 -0.956858
-3.278247 -0.191164 -0.896987
-3.263417 -0.208515 -0.829287
-3.302927 -0.178422 -0.750287
-3.307071 -0.178055 -0.680495
-3.282302 -0.203877 -0.612932
-3.276399 -0.213151 -0.545074
-2.888078 -0.559507 -0.513314
-2.889205 -0.562513 -0.437470
-2.894010 -0.562208 -0.359213
-2.901986 -0.557619 -0.283720
-2.914175 -0.550240 -0.206012
-2.896858 -0.568184 -0.131454
-2.907940 -0.562295 -0.053745
-2.922230 -0.552437 0.020328
-2.922548 -0.555219 0.098257
-2.914293 -0.565010 0.172928
-2.927905 -0.555347 0.250586
-2.932646 -0.552569 0.324385
-2.931421 -0.559117 0.402167
-2.957341 -0.535062 0.473449
-2.973844 -0.522279 0.549191
-2.967296 -0.530349 0.625541
-2.970452 -0.529107 0.703691
-2.962473 -0.538002 0.781997
-3.318670 -0.146099 -1.030477
-3.332751 -0.139519 -0.956858
-3.278247 -0.191164 -0.896987
-3.263417 -0.208515 -0.829287
-3.302927 -0.178422 -0.750287
-3.307071 -0.178055 -0.680495
-3.282302 -0.203877 -0.612932
-3.276399 -0.213151 -0.545074
-2.888078 -0.559507 -0.513314
-2.889205 -0.562513 -0.437470
-2.894010 -0.562208 -0.359213
-2.901986 -0.557619 -0.283720
-2.914175 -0.550240 -0.206012
-2.922230 -0.552437 0.020328
-2.914293 -0.565010 0.172928
-2.927905 -0.555347 0.250586
-2.931421 -0.559117 0.402167
-2.957341 -0.535062 0.473449
-2.973844 -0.522279 0.549191
-2.967296 -0.530349 0.625541
-2.970452 -0.529107 0.703691
-2.962473 -0.538002 0.781997
-3.363254 -0.195995 -1.031967
-3.353828 -0.210343 -0.963918
-3.323480 -0.241700 -0.898499
-3.267769 -0.296411 -0.838974
-3.309751 -0.263264 -0.758632
-3.328578 -0.249638 -0.685765
-3.315952 -0.265209 -0.616103
-3.283617 -0.298713 -0.551245
-1.296501 -2.106329 -0.681943
-3.363254 -0.195995 -1.031967
-3.353828 -0.210343 -0.963918
-3.323480 -0.241700 -0.898499
-3.267769 -0.296411 -0.838974
-3.309751 -0.263264 -0.758632
-3.328578 -0.249638 -0.685765
-3.315952 -0.265209 -0.616103
-3.283617 -0.298713 -0.551245
-1.296501 -2.106329 -0.681943
-3.379671 -0.271918 -1.041030
-3.379076 -0.278508 -0.970336
-3.375205 -0.286233 -0.898766
-3.169435 -0.481685 -0.869776
-2.998711 -0.645401 -0.825048
-3.336837 -0.334761 -0.693448
-2.250049 -1.351134 -0.775816
-1.879361 -1.702397 -0.731408
-1.374499 -2.179008 -0.683774
-3.379671 -0.271918 -1.041030
-3.379076 -0.278508 -0.970336
-3.375205 -0.286233 -0.898766
-3.169435 -0.481685 -0.869776
-2.998711 -0.645401 -0.825048
-2.598067 -1.021878 -0.813224
-2.250049 -1.351134 -0.775816
-1.879361 -1.702397 -0.731408
-1.374499 -2.179008 -0.683774
-3.428850 -0.318240 -1.041848
-3.399828 -0.352017 -0.978205
-3.416037 -0.340853 -0.901631
-3.192965 -0.558308 -0.876723
-2.964307 -0.782000 -0.842658
-2.677928 -1.059910 -0.811374
-2.343185 -1.385706 -0.773339
-1.960208 -1.758614 -0.731868
-1.462058 -2.242223 -0.684748
-3.428850 -0.318240 -1.041848
-3.399828 -0.352017 -0.978205
-3.416037 -0.340853 -0.901631
-3.192965 -0.558308 -0.876723
-2.964307 -0.782000 -0.842658
-2.677928 -1.059910 -0.811374
-2.343185 -1.385706 -0.773339
-1.960208 -1.758614 -0.731868
-1.462058 -2.242223 -0.684748
-3.427575 -0.420070 -0.984732
-3.449241 -0.403262 -0.906465
-3.257454 -0.596157 -0.875511
-3.023476 -0.831334 -0.843430
-2.724020 -1.129925 -0.815237
-2.408021 -1.446452 -0.775046
-2.027453 -1.827482 -0.734171
-3.427575 -0.420070 -0.984732
-3.449241 -0.403262 -0.906465
-3.257454 -0.596157 -0.875511
-3.023476 -0.831334 -0.843430
-2.724020 -1.129925 -0.815237
-2.408021 -1.446452 -0.775046
-2.027453 -1.827482 -0.734171
-3.450124 -0.499006 -0.919082
-3.308341 -0.646957 -0.877265
-3.069301 -0.893846 -0.846893
-2.793583 -1.176856 -0.815349
-2.473659 -1.506248 -0.776795
-2.134819 -1.855703 -0.731447
-3.450124 -0.499006 -0.919082
-3.308341 -0.646957 -0.877265
-3.069301 -0.893846 -0.846893
-2.793583 -1.176856 -0.815349
-2.473659 -1.506248 -0.776795
-2.134819 -1.855703 -0.731447
-3.373664 -0.682804 -0.876107
-3.124361 -0.947258 -0.848805
-2.863636 -1.222658 -0.815491
-2.518037 -1.588032 -0.781942
-2.170308 -1.956617 -0.738197
-3.373664 -0.682804 -0.876107
-3.124361 -0.947258 -0.848805
-2.863636 -1.222658 -0.815491
-2.518037 -1.588032 -0.781942
-2.170308 -1.956617 -0.738197
-3.425747 -0.731974 -0.877928
-3.191001 -0.988324 -0.848619
-2.939587 -1.261526 -0.814708
-2.610000 -1.620040 -0.780000
-2.243012 -2.019619 -0.740280
-3.425747 -0.731974 -0.877928
-3.191001 -0.988324 -0.848619
-2.939587 -1.261526 -0.814708
-2.610000 -1.620040 -0.780000
-2.243012 -2.019619 -0.740280
-3.236690 -1.051750 -0.852745
-2.994447 -1.322606 -0.817786
-2.675243 -1.679829 -0.782297
-2.313869 -2.084512 -0.742774
-3.236690 -1.051750 -0.852745
-2.994447 -1.322606 -0.817786
-2.675243 -1.679829 -0.782297
-2.313869 -2.084512 -0.742774
-3.299193 -1.096875 -0.853698
-3.044974 -1.388934 -0.821873
-2.728145 -1.753603 -0.786755
-2.385625 -2.148408 -0.745316
-3.299193 -1.096875 -0.853698
-3.044974 -1.388934 -0.821873
-2.728145 -1.753603 -0.786755
-2.385625 -2.148408 -0.745316
-3.351160 -1.152440 -0.856811
-3.269357 -1.252386 -0.793647
-2.828098 -1.771794 -0.783590
-2.465133 -2.201449 -0.746763
-3.351160 -1.152440 -0.856811
-3.269357 -1.252386 -0.793647
-2.828098 -1.771794 -0.783590
-2.465133 -2.201449 -0.746763
-3.399615 -1.214039 -0.861072
-3.377818 -1.245146 -0.786600
-3.387630 -1.239500 -0.703661
-3.385651 -1.247972 -0.626133
-3.399249 -1.237103 -0.544368
-3.380513 -1.265093 -0.468785
-3.399615 -1.214039 -0.861072
-3.377818 -1.245146 -0.786600
-3.387630 -1.239500 -0.703661
-3.385651 -1.247972 -0.626133
-3.399249 -1.237103 -0.544368
-3.460309 -1.266539 -0.784390
-3.440773 -1.314359 -0.470958
-3.460309 -1.266539 -0.784390
-3.440773 -1.314359 -0.470958
-3.193887 -2.017177 -0.792181
-3.193887 -2.017177 -0.792181
-3.259945 -2.075214 -0.795656
-3.259945 -2.075214 -0.795656
-3.340622 -2.112874 -0.796559
-3.340622 -2.112874 -0.796559
-3.414907 -2.159129 -0.798802
-3.414907 -2.159129 -0.798802
-3.433502 2.290703 -1.179560
-3.433502 2.290703 -1.179560
1.563756 2.234878 -0.673189
-3.457568 2.247942 -1.177922
-3.457568 2.247942 -1.177922
0.833341 2.238450 -0.740781
0.853458 2.222946 0.563913
1.449766 2.120178 0.741161
0.833341 2.238450 -0.740781
1.545574 2.119376 -0.673318
0.853458 2.222946 0.563913
1.449766 2.120178 0.741161
0.226621 2.240745 -0.795954
0.795653 2.136686 -0.739495
0.043977 2.269071 -0.583376
0.060455 2.264196 -0.487685
0.036383 2.266696 -0.387431
0.022873 2.268660 -0.291623
0.157523 2.243156 -0.193634
0.019301 2.267397 -0.098002
-0.022080 2.273030 -0.000251
0.010250 2.266385 0.095213
0.029208 2.262005 0.195559
0.153192 2.239188 0.298642
0.718558 2.136871 0.447724
1.223017 2.046500 0.601190
0.226621 2.240745 -0.795954
0.795653 2.136686 -0.739495
0.043977 2.269071 -0.583376
0.060455 2.264196 -0.487685
0.036383 2.266696 -0.387431
0.022873 2.268660 -0.291623
0.157523 2.243156 -0.193634
0.019301 2.267397 -0.098002
-0.022080 2.273030 -0.000251
0.010250 2.266385 0.095213
0.029208 2.262005 0.195559
0.153192 2.239188 0.298642
0.718558 2.136871 0.447724
1.223017 2.046500 0.601190
-0.335851 2.251053 -0.842747
0.048245 2.174860 -0.781774
0.000656 2.181543 -0.681068
0.034250 2.173173 -0.584102
-0.016037 2.180899 -0.485180
0.061937 2.163911 -0.389071
-0.030066 2.181206 -0.291234
0.194517 2.136240 -0.194084
0.170499 2.140226 -0.096470
-0.071050 2.185244 -0.001294
-0.062352 2.182659 0.092806
0.027145 2.164201 0.196150
0.146857 2.140348 0.299181
0.875071 1.998027 0.462019
-0.335851 2.251053 -0.842747
0.048245 2.174860 -0.781774
0.000656 2.181543 -0.681068
0.034250 2.173173 -0.584102
-0.016037 2.180899 -0.485180
0.061937 2.163911 -0.389071
-0.030066 2.181206 -0.291234
0.194517 2.136240 -0.194084
0.170499 2.140226 -0.096470
-0.071050 2.185244 -0.001294
-0.062352 2.182659 0.092806
0.027145 2.164201 0.196150
0.146857 2.140348 0.299181
0.875071 1.998027 0.462019
-0.845433 2.266330 -0.877068
-0.427415 2.178551 -0.835253
-0.036704 2.095465 -0.776100
-0.041310 2.093870 -0.679600
-0.011777 2.085790 -0.582741
-0.018947 2.085206 -0.486230
-0.066469 2.093129 -0.385849
-0.083878 2.096151 -0.290910
-0.083155 2.094541 -0.193488
0.190479 2.036775 -0.096384
-0.128738 2.101380 -0.002597
-0.100505 2.094522 0.091720
-0.038638 2.080482 0.193292
0.158896 2.038561 0.300979
1.220635 1.815896 0.492088
-0.845433 2.266330 -0.877068
-0.427415 2.178551 -0.835253
-0.036704 2.095465 -0.776100
-0.041310 2.093870 -0.679600
-0.011777 2.085790 -0.582741
-0.018947 2.085206 -0.486230
-0.066469 2.093129 -0.385849
-0.083878 2.096151 -0.290910
-0.083155 2.094541 -0.193488
0.190479 2.036775 -0.096384
-0.128738 2.101380 -0.002597
-0.100505 2.094522 0.091720
-0.038638 2.080482 0.193292
0.158896 2.038561 0.300979
1.220635 1.815896 0.492088
-1.260244 2.274796 -0.912291
-0.855163 2.182852 -0.878334
-0.418976 2.084927 -0.838483
-0.068335 2.004949 -0.775427
-0.072985 2.003354 -0.679095
-0.074771 2.001720 -0.580493
-0.081988 2.001186 -0.484595
-0.086501 2.000158 -0.386237
-0.025801 1.985965 -0.292725
-0.122705 2.006013 -0.193806
0.079818 1.960043 -0.097734
-0.168201 2.013353 -0.003478
-0.124464 2.002546 0.091176
-0.058909 1.986698 0.192896
0.102957 1.949793 0.298180
-1.260244 2.274796 -0.912291
-0.855163 2.182852 -0.878334
-0.418976 2.084927 -0.838483
-0.068335 2.004949 -0.775427
-0.072985 2.003354 -0.679095
-0.074771 2.001720 -0.580493
-0.081988 2.001186 -0.484595
-0.086501 2.000158 -0.386237
-0.025801 1.985965 -0.292725
-0.122705 2.006013 -0.193806
0.079818 1.960043 -0.097734
-0.168201 2.013353 -0.003478
-0.124464 2.002546 0.091176
-0.058909 1.986698 0.192896
0.102957 1.949793 0.298180
-1.638505 2.285830 -0.939655
-1.293013 2.202463 -0.910565
-0.904751 2.108508 -0.875002
-0.477768 2.006325 -0.834808
-0.132211 1.922362 -0.772001
-0.090354 1.909781 -0.679848
-0.142681 1.920049 -0.578070
-0.099400 1.907592 -0.485237
-0.154506 1.918551 -0.385172
-0.183532 1.924698 -0.290681
-0.167315 1.919241 -0.194177
-0.043287 1.888887 -0.099268
-0.220495 1.928935 -0.004720
-0.196350 1.922084 0.088724
-0.107683 1.899691 0.190955
0.115779 1.845636 0.300091
-1.638505 2.285830 -0.939655
-1.293013 2.202463 -0.910565
-0.904751 2.108508 -0.875002
-0.477768 2.006325 -0.834808
-0.132211 1.922362 -0.772001
0.724875 1.717145 -0.742247
-0.142681 1.920049 -0.578070
-0.099400 1.907592 -0.485237
-0.154506 1.918551 -0.385172
-0.183532 1.924698 -0.290681
-0.167315 1.919241 -0.194177
-0.043287 1.888887 -0.099268
-0.220495 1.928935 -0.004720
-0.196350 1.922084 0.088724
-0.107683 1.899691 0.190955
0.115779 1.845636 0.300091
-2.011487 2.305581 -0.958988
-1.709405 2.228550 -0.931930
-1.334431 2.132726 -0.907846
-0.939851 2.031436 -0.873593
-0.495061 1.918462 -0.835710
-0.131387 1.824797 -0.774639
-0.170942 1.831944 -0.675912
-0.207692 1.839005 -0.575951
-0.145253 1.821023 -0.484657
-0.204099 1.833663 -0.384806
-0.213666 1.835261 -0.291061
-0.185902 1.826574 -0.194719
-0.240709 1.839474 -0.101627
-0.238963 1.836867 -0.005147
-0.176178 1.819804 0.089878
-0.142084 1.809831 0.189788
0.150242 1.734938 0.303513
-2.011487 2.305581 -0.958988
-1.709405 2.228550 -0.931930
-1.334431 2.132726 -0.907846
-0.939851 2.031436 -0.873593
-0.495061 1.918462 -0.835710
-0.131387 1.824797 -0.774639
-0.170942 1.831944 -0.675912
-0.207692 1.839005 -0.575951
-0.145253 1.821023 -0.484657
-0.204099 1.833663 -0.384806
-0.213666 1.835261 -0.291061
-0.185902 1.826574 -0.194719
-0.240709 1.839474 -0.101627
-0.238963 1.836867 -0.005147
-0.176178 1.819804 0.089878
-0.142084 1.809831 0.189788
0.150242 1.734938 0.303513
-2.263635 2.308242 -1.058456
-2.271241 2.307279 -0.986506
-2.055037 2.247167 -0.954939
-1.700542 2.151811 -0.936438
-1.392071 2.067942 -0.903084
-0.983648 1.957106 -0.871309
-0.548207 1.839968 -0.832980
-0.028026 1.699317 -0.786891
-0.217703 1.746818 -0.674716
-0.231232 1.748168 -0.576540
-0.254000 1.751888 -0.481184
-0.266362 1.752945 -0.384123
-0.190920 1.731918 -0.292521
-0.004848 1.680412 -0.196118
-0.306794 1.760115 -0.102660
-0.281903 1.751218 -0.006228
-0.273415 1.747697 0.086380
-0.181551 1.721657 0.188343
0.182946 1.622958 0.306852
-2.263635 2.308242 -1.058456
-2.271241 2.307279 -0.986506
-2.055037 2.247167 -0.954939
-1.700542 2.151811 -0.936438
-1.392071 2.067942 -0.903084
-0.983648 1.957106 -0.871309
-0.548207 1.839968 -0.832980
-0.028026 1.699317 -0.786891
-0.217703 1.746818 -0.674716
-0.231232 1.748168 -0.576540
-0.254000 1.751888 -0.481184
-0.266362 1.752945 -0.384123
-0.190920 1.731918 -0.292521
-0.004848 1.680412 -0.196118
-0.306794 1.760115 -0.102660
-0.281903 1.751218 -0.006228
-0.273415 1.747697 0.086380
-0.181551 1.721657 0.188343
0.182946 1.622958 0.306852
-2.318813 2.259751 -1.119505
-2.284169 2.247427 -1.058143
-2.303191 2.249680 -0.984169
-2.080275 2.184442 -0.954127
-1.746225 2.089456 -0.932873
-1.416089 1.994902 -0.903092
-0.993957 1.874084 -0.873287
-0.587000 1.758357 -0.831956
-0.122565 1.625500 -0.781200
0.437233 1.465362 -0.728153
-0.136880 1.624172 -0.584670
-0.217221 1.644313 -0.484808
-0.279572 1.659539 -0.385165
-0.304517 1.665613 -0.291516
-0.334774 1.672325 -0.195577
-0.319926 1.667057 -0.103198
-0.299025 1.658828 -0.006695
-0.305985 1.659475 0.085413
-0.252930 1.642967 0.185153
0.198504 1.514076 0.309048
-2.318813 2.259751 -1.119505
-2.284169 2.247427 -1.058143
-2.303191 2.249680 -0.984169
-2.080275 2.184442 -0.954127
-1.746225 2.089456 -0.932873
-1.416089 1.994902 -0.903092
-0.993957 1.874084 -0.873287
-0.587000 1.758357 -0.831956
-0.122565 1.625500 -0.781200
0.437233 1.465362 -0.728153
1.139245 1.265443 -0.664684
-0.217221 1.644313 -0.484808
-0.279572 1.659539 -0.385165
-0.304517 1.665613 -0.291516
-0.334774 1.672325 -0.195577
-0.319926 1.667057 -0.103198
-0.299025 1.658828 -0.006695
-0.305985 1.659475 0.085413
-0.252930 1.642967 0.185153
0.198504 1.514076 0.309048
-2.585846 2.274167 -1.134216
-2.336224 2.198707 -1.119985
-2.316847 2.190255 -1.055618
-2.316978 2.187214 -0.985350
-2.117723 2.125510 -0.951446
-1.777478 2.023651 -0.931680
-1.441108 1.922257 -0.903157
-1.024522 1.796670 -0.872990
-0.630682 1.678631 -0.830582
-0.133785 1.529134 -0.783354
0.400786 1.367944 -0.728359
-0.255302 1.559587 -0.579616
-0.308608 1.572873 -0.482383
-0.309460 1.570719 -0.385765
-0.349663 1.581628 -0.291876
-0.345329 1.578436 -0.196365
-0.322900 1.570609 -0.103689
-0.332793 1.571147 -0.007619
-0.293783 1.558118 0.086198
-0.210380 1.531660 0.188181
0.246790 1.394119 0.313535
-2.585846 2.274167 -1.134216
-2.336224 2.198707 -1.119985
-2.316847 2.190255 -1.055618
-2.316978 2.187214 -0.985350
-2.117723 2.125510 -0.951446
-1.777478 2.023651 -0.931680
-1.441108 1.922257 -0.903157
-1.024522 1.796670 -0.872990
-0.630682 1.678631 -0.830582
-0.133785 1.529134 -0.783354
0.400786 1.367944 -0.728359
1.000392 1.187695 -0.658808
-0.308608 1.572873 -0.482383
-0.309460 1.570719 -0.385765
-0.349663 1.581628 -0.291876
-0.345329 1.578436 -0.196365
-0.322900 1.570609 -0.103689
-0.332793 1.571147 -0.007619
-0.293783 1.558118 0.086198
-0.210380 1.531660 0.188181
0.246790 1.394119 0.313535
-2.783464 2.274681 -1.155459
-2.625436 2.223697 -1.129504
-2.369468 2.142498 -1.117275
-2.338990 2.130295 -1.055396
-2.350476 2.130682 -0.983102
-2.159685 2.068529 -0.948171
-1.820942 1.961946 -0.928793
-1.478487 1.853534 -0.901700
-1.094078 1.731545 -0.868071
-0.682992 1.602141 -0.828444
-0.180655 1.443356 -0.782392
0.351591 1.274703 -0.727742
-0.278920 1.468256 -0.580658
-0.339673 1.484589 -0.482992
-0.332934 1.479995 -0.386691
-0.334816 1.479472 -0.293479
-0.334351 1.477328 -0.197324
-0.331134 1.475086 -0.104293
-0.333403 1.473295 -0.007745
-0.325114 1.469217 0.085242
-0.200171 1.428372 0.189453
0.175019 1.309482 0.309764
-2.783464 2.274681 -1.155459
-2.625436 2.223697 -1.129504
-2.369468 2.142498 -1.117275
-2.338990 2.130295 -1.055396
-2.350476 2.130682 -0.983102
-2.159685 2.068529 -0.948171
-1.820942 1.961946 -0.928793
-1.478487 1.853534 -0.901700
-1.094078 1.731545 -0.868071
-0.682992 1.602141 -0.828444
-0.180655 1.443356 -0.782392
0.351591 1.274703 -0.727742
1.051531 1.054026 -0.665084
-0.339673 1.484589 -0.482992
-0.332934 1.479995 -0.386691
-0.334816 1.479472 -0.293479
-0.334351 1.477328 -0.197324
-0.331134 1.475086 -0.104293
-0.333403 1.473295 -0.007745
-0.325114 1.469217 0.085242
-0.200171 1.428372 0.189453
0.175019 1.309482 0.309764
-3.036450 2.296653 -1.159285
-2.804324 2.221325 -1.155048
-2.632163 2.163364 -1.132645
-2.392239 2.083367 -1.117037
-2.376908 2.075515 -1.052205
-2.384693 2.074829 -0.980897
-2.172281 2.002729 -0.950056
-1.838809 1.892630 -0.930027
-1.516753 1.785546 -0.900296
-1.160558 1.666795 -0.863669
-0.705978 1.516909 -0.829665
-0.232422 1.359736 -0.781140
0.316353 1.177472 -0.728394
0.937234 0.971809 -0.661041
-0.318782 1.379411 -0.486284
-0.323493 1.378358 -0.388852
-0.340583 1.382762 -0.294790
-0.256541 1.353109 -0.198668
-0.253375 1.350735 -0.104090
-0.282310 1.357612 -0.006606
-0.262738 1.349598 0.087985
-0.134659 1.305687 0.193768
0.507911 1.092861 0.334058
-3.036450 2.296653 -1.159285
-2.804324 2.221325 -1.155048
-2.632163 2.163364 -1.132645
-2.392239 2.083367 -1.117037
-2.376908 2.075515 -1.052205
-2.384693 2.074829 -0.980897
-2.172281 2.002729 -0.950056
-1.838809 1.892630 -0.930027
-1.516753 1.785546 -0.900296
-1.160558 1.666795 -0.863669
-0.705978 1.516909 -0.829665
-0.232422 1.359736 -0.781140
0.316353 1.177472 -0.728394
0.937234 0.971809 -0.661041
-0.318782 1.379411 -0.486284
-0.323493 1.378358 -0.388852
-0.340583 1.382762 -0.294790
-0.256541 1.353109 -0.198668
-0.253375 1.350735 -0.104090
-0.282310 1.357612 -0.006606
-0.262738 1.349598 0.087985
-0.134659 1.305687 0.193768
-3.219693 2.306002 -1.172567
-3.071657 2.251793 -1.154890
-2.855431 2.178205 -1.147279
-2.680499 2.116649 -1.126275
-2.423240 2.027109 -1.115223
-2.411779 2.020269 -1.049810
-2.412154 2.017141 -0.980128
-2.189568 1.938275 -0.951352
-1.880144 1.831145 -0.927818
-1.544632 1.714479 -0.900522
-1.156291 1.579233 -0.868229
-0.756530 1.440935 -0.828060
-0.277703 1.274588 -0.780662
0.257134 1.088533 -0.727320
0.886389 0.870326 -0.661189
-0.299588 1.273268 -0.489658
-0.315648 1.276073 -0.391092
-0.294846 1.267654 -0.297222
-0.271758 1.257524 -0.199690
-0.192985 1.229031 -0.104137
-0.244552 1.244021 -0.005846
-0.217579 1.233056 0.090032
0.030658 1.145628 0.203593
0.666240 0.925081 0.346366
-3.219693 2.306002 -1.172567
-3.071657 2.251793 -1.154890
-2.855431 2.178205 -1.147279
-2.680499 2.116649 -1.126275
-2.423240 2.027109 -1.115223
-2.411779 2.020269 -1.049810
-2.412154 2.017141 -0.980128
-2.189568 1.938275 -0.951352
-1.880144 1.831145 -0.927818
-1.544632 1.714479 -0.900522
-1.156291 1.579233 -0.868229
-0.756530 1.440935 -0.828060
-0.277703 1.274588 -0.780662
0.257134 1.088533 -0.727320
0.886389 0.870326 -0.661189
-0.299588 1.273268 -0.489658
-0.315648 1.276073 -0.391092
-0.294846 1.267654 -0.297222
-0.271758 1.257524 -0.199690
-0.192985 1.229031 -0.104137
-0.244552 1.244021 -0.005846
-0.217579 1.233056 0.090032
0.030658 1.145628 0.203593
-3.250955 2.262640 -1.168939
-3.085443 2.199991 -1.156431
-2.873924 2.124671 -1.147870
-2.692501 2.058079 -1.128633
-2.458665 1.972741 -1.112641
-2.439937 1.963106 -1.048966
-2.436667 1.958632 -0.980099
-2.233823 1.883245 -0.948212
-1.899864 1.762563 -0.929156
-1.584689 1.647842 -0.899222
-1.209527 1.511184 -0.865812
-0.811774 1.367320 -0.826097
-0.346608 1.198319 -0.778112
0.204321 0.998110 -0.726915
0.826691 0.772460 -0.660927
-0.248261 1.154064 -0.494808
-0.241675 1.148874 -0.395764
-0.228500 1.142765 -0.300199
-0.216855 1.136262 -0.201131
-0.202496 1.129584 -0.104952
-0.178615 1.118134 -0.004419
-0.159378 1.109423 0.092583
0.301745 0.941255 0.219291
-3.250955 2.262640 -1.168939
-3.085443 2.199991 -1.156431
-2.873924 2.124671 -1.147870
-2.692501 2.058079 -1.128633
-2.458665 1.972741 -1.112641
-2.439937 1.963106 -1.048966
-2.436667 1.958632 -0.980099
-2.233823 1.883245 -0.948212
-1.899864 1.762563 -0.929156
-1.584689 1.647842 -0.899222
-1.209527 1.511184 -0.865812
-0.811774 1.367320 -0.826097
-0.346608 1.198319 -0.778112
0.204321 0.998110 -0.726915
0.826691 0.772460 -0.660927
1.572350 0.501996 -0.585776
-0.241675 1.148874 -0.395764
-0.228500 1.142765 -0.300199
-0.216855 1.136262 -0.201131
-0.202496 1.129584 -0.104952
-0.178615 1.118134 -0.004419
-0.159378 1.109423 0.092583
0.301745 0.941255 0.219291
-3.275488 2.217272 -1.167425
-3.114532 2.153662 -1.154075
-2.915088 2.079424 -1.142946
-2.734681 2.010337 -1.124078
-2.480064 1.913670 -1.113346
-2.457794 1.902370 -1.050431
-2.473061 1.904611 -0.978022
-2.260213 1.822296 -0.948321
-1.957666 1.707954 -0.924707
-1.625596 1.581975 -0.897972
-1.274744 1.448394 -0.862035
-0.875366 1.297617 -0.823361
-0.393980 1.115192 -0.777759
0.146610 0.910085 -0.726276
0.762007 0.677146 -0.660494
1.552452 0.378081 -0.588313
0.107041 0.915471 -0.410254
0.067797 0.928622 -0.307984
-0.025514 0.961081 -0.203365
0.044889 0.933009 -0.103324
0.027312 0.936536 0.000471
0.012620 0.940124 0.099648
0.478664 0.762630 0.229856
-3.275488 2.217272 -1.167425
-3.114532 2.153662 -1.154075
-2.915088 2.079424 -1.142946
-2.734681 2.010337 -1.124078
-2.480064 1.913670 -1.113346
-2.457794 1.902370 -1.050431
-2.473061 1.904611 -0.978022
-2.260213 1.822296 -0.948321
-1.957666 1.707954 -0.924707
-1.625596 1.581975 -0.897972
-1.274744 1.448394 -0.862035
-0.875366 1.297617 -0.823361
-0.393980 1.115192 -0.777759
0.146610 0.910085 -0.726276
0.762007 0.677146 -0.660494
1.552452 0.378081 -0.588313
0.107041 0.915471 -0.410254
0.067797 0.928622 -0.307984
-0.025514 0.961081 -0.203365
0.044889 0.933009 -0.103324
0.027312 0.936536 0.000471
0.012620 0.940124 0.099648
-3.300613 2.172351 -1.165946
-3.144208 2.107893 -1.151754
-2.960400 2.036442 -1.137129
-2.762820 1.957910 -1.123040
-2.527887 1.864716 -1.108412
-2.494848 1.848882 -1.048164
-2.484395 1.841408 -0.980873
-2.298481 1.766037 -0.946549
-1.993899 1.646064 -0.923806
-1.689526 1.525474 -0.893602
-1.307299 1.374122 -0.862542
-0.921198 1.222082 -0.822752
-0.409002 1.019964 -0.780687
0.058059 0.834754 -0.723288
0.696142 0.583110 -0.660134
1.489764 0.270117 -0.588865
0.338719 0.715553 -0.420993
0.739300 0.557395 -0.323773
0.083940 0.810717 -0.205342
0.351338 0.704325 -0.101260
0.322560 0.710140 0.112198
-3.300613 2.172351 -1.165946
-3.144208 2.107893 -1.151754
-2.960400 2.036442 -1.137129
-2.762820 1.957910 -1.123040
-2.527887 1.864716 -1.108412
-2.494848 1.848882 -1.048164
-2.484395 1.841408 -0.980873
-2.298481 1.766037 -0.946549
-1.993899 1.646064 -0.923806
-1.689526 1.525474 -0.893602
-1.307299 1.374122 -0.862542
-0.921198 1.222082 -0.822752
-0.409002 1.019964 -0.780687
0.058059 0.834754 -0.723288
0.696142 0.583110 -0.660134
1.489764 0.270117 -0.588865
1.992249 0.070121 -0.479573
2.519949 -0.138084 -0.360387
0.083940 0.810717 -0.205342
-3.329917 2.129298 -1.163459
-3.160051 2.056962 -1.153410
-2.980861 1.984375 -1.137835
-2.795278 1.907419 -1.121171
-2.539875 1.802259 -1.111642
-2.517979 1.790277 -1.048964
-2.514950 1.785538 -0.980280
-2.344778 1.713454 -0.943535
-2.023592 1.581879 -0.924122
-1.706229 1.451115 -0.896151
-1.359287 1.307784 -0.860749
-0.971690 1.148879 -0.821785
-0.491935 0.951578 -0.777242
0.031596 0.735922 -0.725501
0.640212 0.485851 -0.660580
1.362739 0.188834 -0.586270
1.958635 -0.057315 -0.481788
2.416690 -0.245829 -0.361092
3.098659 -0.527172 -0.223271
-3.329917 2.129298 -1.163459
-3.160051 2.056962 -1.153410
-2.980861 1.984375 -1.137835
-2.795278 1.907419 -1.121171
-2.539875 1.802259 -1.111642
-2.517979 1.790277 -1.048964
-2.514950 1.785538 -0.980280
-2.344778 1.713454 -0.943535
-2.023592 1.581879 -0.924122
-1.706229 1.451115 -0.896151
-1.359287 1.307784 -0.860749
-0.971690 1.148879 -0.821785
-0.491935 0.951578 -0.777242
0.031596 0.735922 -0.725501
0.640212 0.485851 -0.660580
1.362739 0.188834 -0.586270
1.958635 -0.057315 -0.481788
2.416690 -0.245829 -0.361092
3.098659 -0.527172 -0.223271
-3.374041 2.092687 -1.156834
-3.194535 2.013612 -1.150174
-2.994855 1.929628 -1.140437
-2.831981 1.859030 -1.118468
-2.567261 1.745838 -1.111667
-2.552803 1.736529 -1.047537
-2.531698 1.724142 -0.982528
-2.388037 1.660304 -0.941203
-2.061454 1.521222 -0.923316
-1.775222 1.398295 -0.891340
-1.390091 1.233264 -0.861839
-1.004752 1.068942 -0.822956
-0.531471 0.866483 -0.778154
-0.033061 0.652804 -0.724756
0.579339 0.391143 -0.660855
1.275552 0.093367 -0.585828
1.871612 -0.162672 -0.482235
2.326972 -0.357630 -0.362187
2.872339 -0.592389 -0.224328
-3.374041 2.092687 -1.156834
-3.194535 2.013612 -1.150174
-2.994855 1.929628 -1.140437
-2.831981 1.859030 -1.118468
-2.567261 1.745838 -1.111667
-2.552803 1.736529 -1.047537
-2.531698 1.724142 -0.982528
-2.388037 1.660304 -0.941203
-2.061454 1.521222 -0.923316
-1.775222 1.398295 -0.891340
-1.390091 1.233264 -0.861839
-1.004752 1.068942 -0.822956
-0.531471 0.866483 -0.778154
-0.033061 0.652804 -0.724756
0.579339 0.391143 -0.660855
1.275552 0.093367 -0.585828
1.871612 -0.162672 -0.482235
2.326972 -0.357630 -0.362187
2.872339 -0.592389 -0.224328
-3.365273 2.034247 -1.165883
-3.211728 1.963295 -1.151907
-3.038248 1.887274 -1.135652
-2.840588 1.799004 -1.122784
-2.613389 1.697610 -1.107664
-2.577494 1.678745 -1.048425
-2.585481 1.678539 -0.977820
-2.421061 1.603296 -0.940843
-2.110980 1.465980 -0.920795
-1.808357 1.331171 -0.891873
-1.429213 1.162357 -0.862041
-1.060800 0.999023 -0.821684
-0.594070 0.791572 -0.776973
-0.109678 0.575750 -0.723160
0.535545 0.289537 -0.662436
1.201919 -0.006735 -0.586222
1.750410 -0.251825 -0.481552
2.257894 -0.477313 -0.363839
2.887787 -0.758409 -0.226850
-3.365273 2.034247 -1.165883
-3.211728 1.963295 -1.151907
-3.038248 1.887274 -1.135652
-2.840588 1.799004 -1.122784
-2.613389 1.697610 -1.107664
-2.577494 1.678745 -1.048425
-2.585481 1.678539 -0.977820
-2.421061 1.603296 -0.940843
-2.110980 1.465980 -0.920795
-1.808357 1.331171 -0.891873
-1.429213 1.162357 -0.862041
-1.060800 0.999023 -0.821684
-0.594070 0.791572 -0.776973
-0.109678 0.575750 -0.723160
0.535545 0.289537 -0.662436
1.201919 -0.006735 -0.586222
1.750410 -0.251825 -0.481552
2.257894 -0.477313 -0.363839
2.887787 -0.758409 -0.226850
-3.403366 1.995687 -1.161410
-3.233182 1.914753 -1.152690
-3.060781 1.836309 -1.136475
-2.878626 1.751654 -1.120159
-2.617166 1.631115 -1.113477
-2.592239 1.616488 -1.051635
-2.600210 1.616320 -0.980858
-2.447633 1.543610 -0.941817
-2.143107 1.403596 -0.921253
-1.846013 1.266198 -0.891926
-1.505459 1.108479 -0.857557
-1.128554 0.935119 -0.819210
-0.646666 0.712956 -0.776928
-0.129038 0.473879 -0.726502
0.475803 0.195164 -0.663105
1.145238 -0.113726 -0.587653
1.653868 -0.349925 -0.481875
2.190881 -0.597476 -0.365662
2.427473 -0.709610 -0.226579
-3.403366 1.995687 -1.161410
-3.233182 1.914753 -1.152690
-3.060781 1.836309 -1.136475
-2.878626 1.751654 -1.120159
-2.617166 1.631115 -1.113477
-2.592239 1.616488 -1.051635
-2.600210 1.616320 -0.980858
-2.447633 1.543610 -0.941817
-2.143107 1.403596 -0.921253
-1.846013 1.266198 -0.891926
-1.505459 1.108479 -0.857557
-1.128554 0.935119 -0.819210
-0.646666 0.712956 -0.776928
-0.129038 0.473879 -0.726502
0.475803 0.195164 -0.663105
1.145238 -0.113726 -0.587653
1.653868 -0.349925 -0.481875
2.190881 -0.597476 -0.365662
2.427473 -0.709610 -0.226579
-3.427855 1.951438 -1.161143
-3.262346 1.869771 -1.151534
-3.091081 1.788933 -1.135478
-2.917230 1.705035 -1.117569
-2.668172 1.585839 -1.108738
-2.629279 1.564243 -1.050336
-2.633715 1.562492 -0.980435
-2.464305 1.479290 -0.944775
-2.186825 1.346751 -0.919993
-1.902474 1.210271 -0.889367
-1.528241 1.030955 -0.860233
-1.171780 0.860775 -0.819715
-0.685839 0.628501 -0.778390
-0.214894 0.402594 -0.724418
0.422068 0.098433 -0.664344
1.090732 -0.221516 -0.589360
1.577938 -0.456313 -0.483085
2.118659 -0.714824 -0.367497
2.256048 -0.784107 -0.228070
2.529433 -0.916737 -0.087835
-3.427855 1.951438 -1.161143
-3.262346 1.869771 -1.151534
-3.091081 1.788933 -1.135478
-2.917230 1.705035 -1.117569
-2.668172 1.585839 -1.108738
-2.629279 1.564243 -1.050336
-2.633715 1.562492 -0.980435
-2.464305 1.479290 -0.944775
-2.186825 1.346751 -0.919993
-1.902474 1.210271 -0.889367
-1.528241 1.030955 -0.860233
-1.171780 0.860775 -0.819715
-0.685839 0.628501 -0.778390
-0.214894 0.402594 -0.724418
0.422068 0.098433 -0.664344
1.090732 -0.221516 -0.589360
1.577938 -0.456313 -0.483085
2.118659 -0.714824 -0.367497
2.256048 -0.784107 -0.228070
2.529433 -0.916737 -0.087835
-3.452937 1.907579 -1.160911
-3.288596 1.823615 -1.151402
-3.132519 1.747122 -1.131722
-2.924728 1.643932 -1.122892
-2.702004 1.533118 -1.108114
-2.652829 1.505836 -1.052119
-2.646652 1.498947 -0.984271
-2.506814 1.427101 -0.943257
-2.231241 1.290711 -0.918777
-1.938149 1.145083 -0.890049
-1.566463 0.960552 -0.861068
-1.215994 0.787134 -0.820277
-0.747674 0.555068 -0.777743
-0.279949 0.322602 -0.724226
0.363446 0.004305 -0.665407
1.038337 -0.330252 -0.591345
1.529389 -0.575415 -0.485471
2.023355 -0.820398 -0.368932
2.238745 -0.930452 -0.230650
2.492282 -1.058178 -0.089979
-3.452937 1.907579 -1.160911
-3.288596 1.823615 -1.151402
-3.132519 1.747122 -1.131722
-2.924728 1.643932 -1.122892
-2.702004 1.533118 -1.108114
-2.652829 1.505836 -1.052119
-2.646652 1.498947 -0.984271
-2.506814 1.427101 -0.943257
-2.231241 1.290711 -0.918777
-1.938149 1.145083 -0.890049
-1.566463 0.960552 -0.861068
-1.215994 0.787134 -0.820277
-0.747674 0.555068 -0.777743
-0.279949 0.322602 -0.724226
0.363446 0.004305 -0.665407
1.038337 -0.330252 -0.591345
1.529389 -0.575415 -0.485471
2.023355 -0.820398 -0.368932
2.238745 -0.930452 -0.230650
2.492282 -1.058178 -0.089979
-3.325877 1.783048 -1.148334
-3.143062 1.690561 -1.136386
-2.982114 1.607046 -1.115997
-2.740023 1.482720 -1.106714
-2.666674 1.442454 -1.056234
-2.685217 1.447735 -0.983232
-2.546420 1.373938 -0.942426
-2.262192 1.228392 -0.919963
-1.995953 1.091138 -0.887575
-1.623370 0.899674 -0.859574
-1.278938 0.723173 -0.818791
-0.799709 0.477420 -0.778240
-0.310372 0.225830 -0.727171
0.292910 -0.083432 -0.665790
1.002250 -0.447269 -0.594390
1.457749 -0.683067 -0.487123
1.969629 -0.945856 -0.371435
2.265461 -1.100694 -0.233681
2.452990 -1.199429 -0.092237
-3.325877 1.783048 -1.148334
-3.143062 1.690561 -1.136386
-2.982114 1.607046 -1.115997
-2.740023 1.482720 -1.106714
-2.666674 1.442454 -1.056234
-2.685217 1.447735 -0.983232
-2.546420 1.373938 -0.942426
-2.262192 1.228392 -0.919963
-1.995953 1.091138 -0.887575
-1.623370 0.899674 -0.859574
-1.278938 0.723173 -0.818791
-0.799709 0.477420 -0.778240
-0.310372 0.225830 -0.727171
0.292910 -0.083432 -0.665790
1.002250 -0.447269 -0.594390
1.457749 -0.683067 -0.487123
1.969629 -0.945856 -0.371435
2.265461 -1.100694 -0.233681
2.452990 -1.199429 -0.092237
-3.329149 1.725493 -1.155211
-3.168327 1.641077 -1.137365
-3.012032 1.557098 -1.116145
-2.771707 1.429409 -1.106988
-2.705918 1.391701 -1.055061
-2.706935 1.388157 -0.985755
-2.579682 1.317841 -0.942932
-2.279967 1.159216 -0.923563
-2.029714 1.025536 -0.888886
-1.656316 0.827039 -0.861468
-1.339065 0.658599 -0.817773
-0.884520 0.417253 -0.775517
-0.374046 0.145937 -0.727416
0.238991 -0.179143 -0.667497
0.893646 -0.526906 -0.593608
1.384717 -0.789511 -0.488858
1.853926 -1.039029 -0.372618
2.257299 -1.255769 -0.236623
2.546056 -1.411259 -0.093509
-3.329149 1.725493 -1.155211
-3.168327 1.641077 -1.137365
-3.012032 1.557098 -1.116145
-2.771707 1.429409 -1.106988
-2.705918 1.391701 -1.055061
-2.706935 1.388157 -0.985755
-2.579682 1.317841 -0.942932
-2.279967 1.159216 -0.923563
-2.029714 1.025536 -0.888886
-1.656316 0.827039 -0.861468
-1.339065 0.658599 -0.817773
-0.884520 0.417253 -0.775517
-0.374046 0.145937 -0.727416
0.238991 -0.179143 -0.667497
0.893646 -0.526906 -0.593608
1.384717 -0.789511 -0.488858
1.853926 -1.039029 -0.372618
2.257299 -1.255769 -0.236623
2.546056 -1.411259 -0.093509
-2.732454 0.094314 0.894540
-2.594678 -0.026720 1.014095
-2.732454 0.094314 0.894540
-2.594678 -0.026720 1.014095
-3.347062 1.674979 -1.158166
-3.218321 1.604727 -1.131843
-3.039172 1.505785 -1.117209
-2.800653 1.374751 -1.108124
-2.725012 1.330539 -1.058509
-2.739946 1.334370 -0.986209
-2.627608 1.269726 -0.940883
-2.330170 1.106955 -0.921889
-2.064385 0.960412 -0.890249
-1.728753 0.775548 -0.858153
-1.392929 0.591384 -0.817649
-0.906769 0.324778 -0.779411
-0.438697 0.067184 -0.727720
0.180259 -0.272142 -0.669027
0.815943 -0.621428 -0.594654
1.324365 -0.902357 -0.491234
1.737328 -1.129839 -0.373865
2.236015 -1.405767 -0.239615
3.123311 -1.892379 -0.091092
-2.701325 0.023514 0.830495
-2.696636 0.015005 0.909332
-2.693557 0.007468 0.991780
-2.705890 0.012847 1.067335
-3.347062 1.674979 -1.158166
-3.218321 1.604727 -1.131843
-3.039172 1.505785 -1.117209
-2.800653 1.374751 -1.108124
-2.725012 1.330539 -1.058509
-2.739946 1.334370 -0.986209
-2.627608 1.269726 -0.940883
-2.330170 1.106955 -0.921889
-2.064385 0.960412 -0.890249
-1.728753 0.775548 -0.858153
-1.392929 0.591384 -0.817649
-0.906769 0.324778 -0.779411
-0.438697 0.067184 -0.727720
0.180259 -0.272142 -0.669027
0.815943 -0.621428 -0.594654
1.324365 -0.902357 -0.491234
1.737328 -1.129839 -0.373865
2.236015 -1.405767 -0.239615
3.123311 -1.892379 -0.091092
-2.701325 0.023514 0.830495
-2.696636 0.015005 0.909332
-2.693557 0.007468 0.991780
-2.705890 0.012847 1.067335
-2.725605 -0.005036 0.829418
-2.741717 0.004375 0.902712
-2.732716 -0.008380 0.986456
-2.762603 0.012370 1.056323
-2.725605 -0.005036 0.829418
-2.741717 0.004375 0.902712
-2.732716 -0.008380 0.986456
-2.762603 0.012370 1.056323
-3.406490 1.646998 -1.149240
-3.234548 1.550683 -1.135697
-3.073861 1.458621 -1.116555
-2.833784 1.322396 -1.108481
-2.769092 1.282800 -1.056655
-2.763341 1.275379 -0.988825
-2.658810 1.212956 -0.942123
-2.377506 1.053720 -0.920847
-2.106888 0.899634 -0.890588
-1.770411 0.708165 -0.859192
-1.451090 0.527059 -0.817150
-0.961762 0.249814 -0.780084
-0.521707 -0.000683 -0.726528
0.092426 -0.348610 -0.668597
0.754520 -0.724326 -0.596762
1.241532 -1.002608 -0.492853
1.700086 -1.263313 -0.377142
2.201834 -1.550200 -0.242647
3.075266 -2.045333 -0.093900
-2.761897 -0.023033 0.825385
-2.780853 -0.010969 0.897673
-2.789493 -0.008343 0.976044
-2.795735 -0.008099 1.052533
-3.406490 1.646998 -1.149240
-3.234548 1.550683 -1.135697
-3.073861 1.458621 -1.116555
-2.833784 1.322396 -1.108481
-2.769092 1.282800 -1.056655
-2.763341 1.275379 -0.988825
-2.658810 1.212956 -0.942123
-2.377506 1.053720 -0.920847
-2.106888 0.899634 -0.890588
-1.770411 0.708165 -0.859192
-1.451090 0.527059 -0.817150
-0.961762 0.249814 -0.780084
-0.521707 -0.000683 -0.726528
0.092426 -0.348610 -0.668597
0.754520 -0.724326 -0.596762
1.241532 -1.002608 -0.492853
1.700086 -1.263313 -0.377142
2.201834 -1.550200 -0.242647
3.075266 -2.045333 -0.093900
-2.761897 -0.023033 0.825385
-2.780853 -0.010969 0.897673
-2.789493 -0.008343 0.976044
-2.795735 -0.008099 1.052533
-2.804117 -0.035468 0.819877
-2.805377 -0.038991 0.896579
-2.816919 -0.033729 0.974104
-2.823151 -0.033476 1.050539
-2.804117 -0.035468 0.819877
-2.805377 -0.038991 0.896579
-2.816919 -0.033729 0.974104
-2.823151 -0.033476 1.050539
-3.459302 1.616481 -1.142319
-3.268521 1.506323 -1.134914
-3.095586 1.404322 -1.119458
-2.877824 1.276361 -1.106415
-2.772807 1.212517 -1.064024
-2.797866 1.222483 -0.989366
-2.680529 1.150736 -0.945363
-2.425475 1.001334 -0.919844
-2.139872 0.833622 -0.892589
-1.812979 0.641411 -0.860283
-1.489331 0.451875 -0.819250
-1.021169 0.177751 -0.780447
-0.563946 -0.090845 -0.729127
0.024541 -0.435363 -0.669751
0.625995 -0.788289 -0.595163
0.503793 -0.722569 -0.467709
1.684972 -1.410694 -0.381137
2.179196 -1.702670 -0.245919
2.938400 -2.147765 -0.097478
-2.820053 -0.071203 0.820976
-2.821370 -0.074730 0.897841
-2.835808 -0.066774 0.974692
-2.839178 -0.069112 1.052136
-3.459302 1.616481 -1.142319
-3.268521 1.506323 -1.134914
-3.095586 1.404322 -1.119458
-2.877824 1.276361 -1.106415
-2.772807 1.212517 -1.064024
-2.797866 1.222483 -0.989366
-2.680529 1.150736 -0.945363
-2.425475 1.001334 -0.919844
-2.139872 0.833622 -0.892589
-1.812979 0.641411 -0.860283
-1.489331 0.451875 -0.819250
-1.021169 0.177751 -0.780447
-0.563946 -0.090845 -0.729127
0.024541 -0.435363 -0.669751
0.625995 -0.788289 -0.595163
1.126341 -1.083373 -0.493269
1.684972 -1.410694 -0.381137
2.179196 -1.702670 -0.245919
2.938400 -2.147765 -0.097478
-2.820053 -0.071203 0.820976
-2.821370 -0.074730 0.897841
-2.835808 -0.066774 0.974692
-2.839178 -0.069112 1.052136
-2.847889 -0.096262 0.819125
-2.840556 -0.107767 0.898298
-2.852085 -0.102373 0.976110
-2.864112 -0.096779 1.051018
-2.847889 -0.096262 0.819125
-2.840556 -0.107767 0.898298
-2.852085 -0.102373 0.976110
-2.864112 -0.096779 1.051018
-3.306409 1.464501 -1.133229
-3.138309 1.362089 -1.117118
-2.942638 1.243036 -1.099445
-2.811547 1.161848 -1.063786
-2.805974 1.154119 -0.995619
-2.740561 1.110783 -0.941471
-2.480863 0.953843 -0.917689
-2.190845 0.778141 -0.891946
-1.880344 0.589502 -0.858051
-1.525223 0.375156 -0.821837
-1.081459 0.106717 -0.780864
-0.645169 -0.158036 -0.728355
-0.047860 -0.518918 -0.670715
0.589752 -0.904825 -0.599013
0.499342 -0.855994 -0.472410
0.415055 -0.808732 -0.353204
0.448920 -0.833477 -0.234076
2.834908 -2.268027 -0.100879
-2.847076 -0.147876 0.824591
-2.837042 -0.162085 0.905039
-2.851504 -0.153913 0.982576
-2.852196 -0.158847 1.061572
-3.306409 1.464501 -1.133229
-3.138309 1.362089 -1.117118
-2.942638 1.243036 -1.099445
-2.811547 1.161848 -1.063786
-2.805974 1.154119 -0.995619
-2.740561 1.110783 -0.941471
-2.480863 0.953843 -0.917689
-2.190845 0.778141 -0.891946
-1.880344 0.589502 -0.858051
-1.525223 0.375156 -0.821837
-1.081459 0.106717 -0.780864
-0.645169 -0.158036 -0.728355
-0.047860 -0.518918 -0.670715
0.589752 -0.904825 -0.599013
0.499342 -0.855994 -0.472410
0.415055 -0.808732 -0.353204
2.304998 -1.945950 -0.250672
2.834908 -2.268027 -0.100879
-2.847076 -0.147876 0.824591
-2.837042 -0.162085 0.905039
-2.851504 -0.153913 0.982576
-2.852196 -0.158847 1.061572
-2.852512 -0.194281 0.828566
-2.885546 -0.173407 0.978897
-2.852512 -0.194281 0.828566
-3.348122 1.425358 -1.130635
-3.174831 1.316598 -1.116573
-2.970820 1.188744 -1.101558
-2.844223 1.107740 -1.065122
-2.828679 1.093743 -0.999091
-2.790814 1.065876 -0.939568
-2.502986 0.886790 -0.921534
-2.242473 0.723563 -0.891344
-1.924498 0.524389 -0.859238
-1.613090 0.330047 -0.818074
-1.142620 0.036721 -0.781335
-0.710080 -0.234110 -0.729201
-0.141668 -0.588658 -0.670198
0.487076 -0.981335 -0.599130
0.492571 -0.990101 -0.477228
0.473587 -0.981724 -0.358802
0.442449 -0.967124 -0.237083
0.298139 -0.881305 -0.121107
0.338665 -0.911669 -0.001119
-3.348122 1.425358 -1.130635
-3.174831 1.316598 -1.116573
-2.970820 1.188744 -1.101558
-2.844223 1.107740 -1.065122
-2.828679 1.093743 -0.999091
-2.790814 1.065876 -0.939568
-2.502986 0.886790 -0.921534
-2.242473 0.723563 -0.891344
-1.924498 0.524389 -0.859238
-1.613090 0.330047 -0.818074
-1.142620 0.036721 -0.781335
-0.710080 -0.234110 -0.729201
-0.141668 -0.588658 -0.670198
0.487076 -0.981335 -0.599130
0.492571 -0.990101 -0.477228
0.473587 -0.981724 -0.358802
0.442449 -0.967124 -0.237083
0.298139 -0.881305 -0.121107
0.338665 -0.911669 -0.001119
-3.370466 1.374641 -1.133708
-3.211926 1.271711 -1.116062
-3.009737 1.141033 -1.101240
-2.857694 1.041585 -1.071117
-2.872310 1.046112 -0.998345
-2.831523 1.015599 -0.939662
-2.552928 0.836735 -0.920653
-2.294741 0.669896 -0.890782
-1.982952 0.468431 -0.858538
-1.670949 0.267635 -0.818195
-1.238276 -0.010913 -0.778147
-0.745623 -0.328309 -0.732944
-0.215899 -0.669409 -0.671279
0.417407 -1.077279 -0.601326
0.989229 -1.446905 -0.503999
0.498314 -1.137820 -0.363752
0.298753 -1.015374 -0.238885
0.260175 -0.994331 -0.123499
0.232855 -0.982278 -0.004718
0.258828 -1.002783 0.110504
0.353719 -1.067778 0.236230
-3.370466 1.374641 -1.133708
-3.211926 1.271711 -1.116062
-3.009737 1.141033 -1.101240
-2.857694 1.041585 -1.071117
-2.872310 1.046112 -0.998345
-2.831523 1.015599 -0.939662
-2.552928 0.836735 -0.920653
-2.294741 0.669896 -0.890782
-1.982952 0.468431 -0.858538
-1.670949 0.267635 -0.818195
-1.238276 -0.010913 -0.778147
-0.745623 -0.328309 -0.732944
-0.215899 -0.669409 -0.671279
0.417407 -1.077279 -0.601326
0.989229 -1.446905 -0.503999
0.498314 -1.137820 -0.363752
0.298753 -1.015374 -0.238885
0.260175 -0.994331 -0.123499
0.232855 -0.982278 -0.004718
0.258828 -1.002783 0.110504
0.353719 -1.067778 0.236230
-3.400113 1.328359 -1.134941
-3.256145 1.231662 -1.113816
-3.032813 1.083356 -1.105090
-2.885447 0.983880 -1.074087
-2.873560 0.971427 -1.006898
-2.872868 0.965989 -0.939796
-2.583543 0.774642 -0.923402
-2.334343 0.608506 -0.892432
-2.028723 0.404857 -0.859821
-1.726220 0.204052 -0.818793
-1.294153 -0.082693 -0.779454
-0.832679 -0.389489 -0.732014
-0.144169 -0.845099 -0.683846
0.262954 -1.117381 -0.598495
0.331640 -1.168064 -0.481056
0.279443 -1.137356 -0.362260
0.285463 -1.146206 -0.242045
0.240004 -1.125612 -0.005702
0.172192 -1.084940 0.106931
0.179483 -1.094106 0.227254
0.229325 -1.130535 0.345063
-3.400113 1.328359 -1.134941
-3.256145 1.231662 -1.113816
-3.032813 1.083356 -1.105090
-2.885447 0.983880 -1.074087
-2.873560 0.971427 -1.006898
-2.872868 0.965989 -0.939796
-2.583543 0.774642 -0.923402
-2.334343 0.608506 -0.892432
-2.028723 0.404857 -0.859821
-1.726220 0.204052 -0.818793
-1.294153 -0.082693 -0.779454
-0.832679 -0.389489 -0.732014
-0.144169 -0.845099 -0.683846
0.262954 -1.117381 -0.598495
0.331640 -1.168064 -0.481056
0.279443 -1.137356 -0.362260
1.866159 -2.185822 -0.258297
0.240004 -1.125612 -0.005702
0.172192 -1.084940 0.106931
0.179483 -1.094106 0.227254
0.229325 -1.130535 0.345063
-3.453092 1.297516 -1.129616
-3.265050 1.168685 -1.121347
-3.079596 1.041034 -1.103195
-2.904265 0.919947 -1.079420
-2.912167 0.920341 -1.007668
-2.908285 0.912662 -0.941282
-2.618370 0.715086 -0.925603
-2.378092 0.549875 -0.893587
-2.091830 0.353035 -0.858719
-1.775684 0.136939 -0.820301
-1.357576 -0.149152 -0.780069
-0.900440 -0.462368 -0.733034
-0.241522 -0.911923 -0.683538
0.184909 -1.205533 -0.600398
0.309147 -1.295322 -0.485737
0.247445 -1.257278 -0.365925
0.465221 -1.409955 -0.247428
0.337130 -1.332934 -0.004664
0.256550 -1.282439 0.110159
0.118226 -1.192899 0.224728
0.151040 -1.218869 0.341349
-3.453092 1.297516 -1.129616
-3.265050 1.168685 -1.121347
-3.079596 1.041034 -1.103195
-2.904265 0.919947 -1.079420
-2.912167 0.920341 -1.007668
-2.908285 0.912662 -0.941282
-2.618370 0.715086 -0.925603
-2.378092 0.549875 -0.893587
-2.091830 0.353035 -0.858719
-1.775684 0.136939 -0.820301
-1.357576 -0.149152 -0.780069
-0.900440 -0.462368 -0.733034
-0.241522 -0.911923 -0.683538
0.184909 -1.205533 -0.600398
0.309147 -1.295322 -0.485737
0.247445 -1.257278 -0.365925
0.256550 -1.282439 0.110159
0.151040 -1.218869 0.341349
-3.316901 1.134147 -1.117397
-3.110698 0.988493 -1.105475
-2.927358 0.858285 -1.084035
-2.928747 0.854242 -1.013482
-2.934691 0.853123 -0.944789
-2.683352 0.676187 -0.922437
-2.432403 0.498666 -0.893151
-2.142405 0.293337 -0.859607
-1.822777 0.068310 -0.822295
-1.431609 -0.207727 -0.779610
-0.995281 -0.515914 -0.731552
-0.444312 -0.903957 -0.674879
0.158226 -1.328920 -0.605675
0.268081 -1.411413 -0.489783
0.187228 -1.358889 -0.368942
0.389725 -1.505519 -0.250274
1.311217 -2.160667 0.016505
0.098100 -1.320687 0.224569
1.244274 -2.135919 0.702031
1.175059 -2.095466 0.969390
1.207753 -2.122091 1.116892
-3.316901 1.134147 -1.117397
-3.110698 0.988493 -1.105475
-2.927358 0.858285 -1.084035
-2.928747 0.854242 -1.013482
-2.934691 0.853123 -0.944789
-2.683352 0.676187 -0.922437
-2.432403 0.498666 -0.893151
-2.142405 0.293337 -0.859607
-1.822777 0.068310 -0.822295
-1.431609 -0.207727 -0.779610
-0.995281 -0.515914 -0.731552
-0.444312 -0.903957 -0.674879
0.158226 -1.328920 -0.605675
0.268081 -1.411413 -0.489783
0.187228 -1.358889 -0.368942
1.244274 -2.135919 0.702031
1.207753 -2.122091 1.116892
-3.340341 1.080391 -1.121468
-3.152153 0.943113 -1.105307
-2.961048 0.803572 -1.086381
-2.962494 0.799487 -1.015773
-2.965237 0.796109 -0.947686
-2.709932 0.611076 -0.926532
-2.471152 0.436914 -0.895487
-2.187277 0.229834 -0.861520
-1.867584 -0.001965 -0.824777
-1.490026 -0.276521 -0.781072
-1.048318 -0.597747 -0.734274
-0.499572 -0.995803 -0.678040
0.077499 -1.415216 -0.607733
0.244625 -1.541267 -0.494835
0.190487 -1.506410 -0.373953
0.296733 -1.588250 -0.253004
0.256020 -1.563201 -0.133164
0.183787 -1.517373 -0.010866
1.206972 -2.260125 0.147670
1.167366 -2.237171 0.287243
1.123800 -2.210245 0.418220
-0.030207 -1.380088 0.453161
1.119848 -2.214849 0.693696
1.139997 -2.239032 0.836421
1.073132 -2.197450 1.240888
-3.340341 1.080391 -1.121468
-3.152153 0.943113 -1.105307
-2.961048 0.803572 -1.086381
-2.962494 0.799487 -1.015773
-2.965237 0.796109 -0.947686
-2.709932 0.611076 -0.926532
-2.471152 0.436914 -0.895487
-2.187277 0.229834 -0.861520
-1.867584 -0.001965 -0.824777
-1.490026 -0.276521 -0.781072
-1.048318 -0.597747 -0.734274
-0.499572 -0.995803 -0.678040
0.077499 -1.415216 -0.607733
0.244625 -1.541267 -0.494835
0.190487 -1.506410 -0.373953
0.296733 -1.588250 -0.253004
1.184439 -2.231595 -0.128332
0.183787 -1.517373 -0.010866
1.206972 -2.260125 0.147670
1.123800 -2.210245 0.418220
1.123587 -2.214672 0.560007
-3.377254 1.035995 -1.122025
-3.191007 0.896105 -1.106006
-3.005050 0.756216 -1.086445
-2.993853 0.742848 -1.018827
-2.974338 0.723155 -0.955264
-2.772654 0.571842 -0.924033
-2.523576 0.385030 -0.895681
-2.239433 0.171660 -0.862502
-1.955061 -0.041052 -0.821659
-1.562162 -0.334967 -0.781077
-1.112154 -0.671781 -0.736095
-0.485503 -1.139070 -0.687109
0.008564 -1.509689 -0.610694
0.688168 -2.018323 -0.522231
0.187751 -1.652568 -0.379006
0.132115 -1.616984 -0.254918
0.117474 -1.610474 -0.136542
0.094084 -1.599455 -0.014330
-3.377254 1.035995 -1.122025
-3.191007 0.896105 -1.106006
-3.005050 0.756216 -1.086445
-2.993853 0.742848 -1.018827
-2.974338 0.723155 -0.955264
-2.772654 0.571842 -0.924033
-2.523576 0.385030 -0.895681
-2.239433 0.171660 -0.862502
-1.955061 -0.041052 -0.821659
-1.562162 -0.334967 -0.781077
-1.112154 -0.671781 -0.736095
-0.485503 -1.139070 -0.687109
0.008564 -1.509689 -0.610694
0.688168 -2.018323 -0.522231
0.187751 -1.652568 -0.379006
0.132115 -1.616984 -0.254918
0.117474 -1.610474 -0.136542
0.094084 -1.599455 -0.014330
-3.420998 0.996826 -1.120834
-3.261816 0.873113 -1.098412
-3.040217 0.702513 -1.088876
-3.007176 0.672400 -1.026244
-3.003665 0.664170 -0.958929
-2.829367 0.529038 -0.922772
-2.582946 0.338788 -0.894814
-2.285989 0.109527 -0.864514
-2.001444 -0.109557 -0.824237
-1.606332 -0.413764 -0.784535
-1.253196 -0.687015 -0.730207
-0.629996 -1.165329 -0.683257
-0.080759 -1.588683 -0.612466
0.435819 -1.988176 -0.517127
0.144105 -1.770525 -0.383017
0.085773 -1.731856 -0.258353
0.029867 -1.693694 -0.139714
0.028875 -1.699429 -0.017283
0.075050 -1.739577 0.102095
-3.420998 0.996826 -1.120834
-3.261816 0.873113 -1.098412
-3.040217 0.702513 -1.088876
-3.007176 0.672400 -1.026244
-3.003665 0.664170 -0.958929
-2.829367 0.529038 -0.922772
-2.582946 0.338788 -0.894814
-2.285989 0.109527 -0.864514
-2.001444 -0.109557 -0.824237
-1.606332 -0.413764 -0.784535
-1.253196 -0.687015 -0.730207
-0.629996 -1.165329 -0.683257
-0.080759 -1.588683 -0.612466
0.435819 -1.988176 -0.517127
0.144105 -1.770525 -0.383017
0.085773 -1.731856 -0.258353
0.029867 -1.693694 -0.139714
0.028875 -1.699429 -0.017283
-3.286070 0.815793 -1.103342
-3.091707 0.661233 -1.087459
-3.027978 0.606611 -1.032284
-3.033916 0.605469 -0.962645
-2.870881 0.475134 -0.924577
-2.620879 0.276588 -0.897838
-2.352217 0.062657 -0.863613
-2.077057 -0.155484 -0.822929
-1.708241 -0.448021 -0.781211
-1.255262 -0.807065 -0.738610
-0.729969 -1.222884 -0.683154
-0.167832 -1.668628 -0.614508
0.113404 -1.895421 -0.508374
0.126828 -1.910467 -0.388031
0.091044 -1.888407 -0.262615
-0.014690 -1.810062 -0.142773
-0.025223 -1.808470 -0.020039
0.026646 -1.854295 0.099893
-3.286070 0.815793 -1.103342
-3.091707 0.661233 -1.087459
-3.027978 0.606611 -1.032284
-3.033916 0.605469 -0.962645
-2.870881 0.475134 -0.924577
-2.620879 0.276588 -0.897838
-2.352217 0.062657 -0.863613
-2.077057 -0.155484 -0.822929
-1.708241 -0.448021 -0.781211
-1.255262 -0.807065 -0.738610
-0.729969 -1.222884 -0.683154
-0.167832 -1.668628 -0.614508
0.113404 -1.895421 -0.508374
0.126828 -1.910467 -0.388031
0.091044 -1.888407 -0.262615
-0.014690 -1.810062 -0.142773
-0.025223 -1.808470 -0.020039
0.026646 -1.854295 0.099893
-3.332722 0.775646 -1.102471
-3.137482 0.615972 -1.087631
-3.065298 0.553104 -1.034772
-3.058909 0.542159 -0.967744
-2.910049 0.419353 -0.927034
-2.672126 0.224729 -0.898704
-2.409584 0.009541 -0.864230
-2.115782 -0.229820 -0.826925
-1.751073 -0.527526 -0.785157
-1.309358 -0.887911 -0.741903
-0.811689 -1.293560 -0.684703
-0.252722 -1.749633 -0.616823
0.115561 -2.053124 -0.515603
0.078971 -2.028336 -0.392266
0.074598 -2.031023 -0.266765
0.038376 -2.006643 -0.145582
-0.059278 -1.934612 -0.022412
-0.079549 -1.923371 0.095369
-3.332722 0.775646 -1.102471
-3.137482 0.615972 -1.087631
-3.065298 0.553104 -1.034772
-3.058909 0.542159 -0.967744
-2.910049 0.419353 -0.927034
-2.672126 0.224729 -0.898704
-2.409584 0.009541 -0.864230
-2.115782 -0.229820 -0.826925
-1.751073 -0.527526 -0.785157
-1.309358 -0.887911 -0.741903
-0.811689 -1.293560 -0.684703
-0.252722 -1.749633 -0.616823
0.115561 -2.053124 -0.515603
0.078971 -2.028336 -0.392266
0.074598 -2.031023 -0.266765
0.038376 -2.006643 -0.145582
-0.059278 -1.934612 -0.022412
-0.079549 -1.923371 0.095369
-3.364662 0.723931 -1.105817
-3.202055 0.586314 -1.083150
-3.091209 0.490124 -1.040200
-3.094109 0.486493 -0.970896
-2.968367 0.379123 -0.925876
-2.730145 0.178703 -0.898501
-2.498235 -0.017428 -0.859917
-2.462560 -0.051037 -0.786868
-2.544625 0.011550 -0.695574
-1.401529 -0.937613 -0.741326
-0.903437 -1.355243 -0.685491
-0.310906 -1.852200 -0.621140
0.108483 -2.206810 -0.522670
0.063006 -2.174001 -0.397737
0.015499 -2.140982 -0.270455
-2.631527 0.055151 -0.156962
-2.640405 0.058133 -0.080210
-0.121845 -2.044279 0.093358
-0.060775 -2.100997 0.221693
-0.000437 -2.156179 0.346050
-2.653383 0.054159 0.295212
-2.643341 0.040172 0.448419
-2.682236 0.070251 0.520513
-2.661838 0.048218 0.678239
-3.364662 0.723931 -1.105817
-3.202055 0.586314 -1.083150
-3.091209 0.490124 -1.040200
-3.094109 0.486493 -0.970896
-2.968367 0.379123 -0.925876
-2.730145 0.178703 -0.898501
-2.498235 -0.017428 -0.859917
-2.462560 -0.051037 -0.786868
-1.792078 -0.609127 -0.789556
-1.401529 -0.937613 -0.741326
-0.903437 -1.355243 -0.685491
-0.310906 -1.852200 -0.621140
0.108483 -2.206810 -0.522670
0.063006 -2.174001 -0.397737
0.015499 -2.140982 -0.270455
0.074944 -2.195482 -0.148633
-0.006417 -2.135042 -0.022964
-0.121845 -2.044279 0.093358
-0.000437 -2.156179 0.346050
-2.653383 0.054159 0.295212
-2.643341 0.040172 0.448419
-2.682236 0.070251 0.520513
-2.661838 0.048218 0.678239
-3.424376 0.695184 -1.101657
-3.239710 0.535200 -1.085731
-3.109136 0.419715 -1.047860
-3.112053 0.415998 -0.978111
-2.999870 0.316982 -0.930252
-2.918779 0.243575 -0.874431
-2.656478 0.016348 -0.844147
-2.988441 0.293335 -0.719553
-2.985054 0.285823 -0.648045
-2.605931 -0.040931 -0.620091
-2.624983 -0.029308 -0.540181
-2.614608 -0.042749 -0.465333
-2.626234 -0.037414 -0.386689
-2.634999 -0.033031 -0.311272
-2.632843 -0.038929 -0.233914
-2.664548 -0.015028 -0.159058
-2.670365 -0.014589 -0.081953
-2.655150 -0.031067 -0.007304
-2.677379 -0.015702 0.069430
-2.666604 -0.028011 0.144073
-2.678070 -0.021264 0.221607
-2.689578 -0.013442 0.294452
-2.691944 -0.017440 0.371497
-2.709894 -0.001720 0.443533
-2.718296 0.002918 0.520437
-2.709319 -0.007689 0.597353
-2.713230 -0.006568 0.675471
-2.714776 -0.007654 0.751802
-3.424376 0.695184 -1.101657
-3.239710 0.535200 -1.085731
-3.109136 0.419715 -1.047860
-3.112053 0.415998 -0.978111
-2.999870 0.316982 -0.930252
-2.918779 0.243575 -0.874431
-2.656478 0.016348 -0.844147
-2.988441 0.293335 -0.719553
-2.985054 0.285823 -0.648045
-2.605931 -0.040931 -0.620091
-2.624983 -0.029308 -0.540181
-2.614608 -0.042749 -0.465333
-2.626234 -0.037414 -0.386689
-2.634999 -0.033031 -0.311272
-2.632843 -0.038929 -0.233914
-2.664548 -0.015028 -0.159058
-2.670365 -0.014589 -0.081953
-2.655150 -0.031067 -0.007304
-2.677379 -0.015702 0.069430
-2.666604 -0.028011 0.144073
-2.678070 -0.021264 0.221607
-2.689578 -0.013442 0.294452
-2.691944 -0.017440 0.371497
-2.709894 -0.001720 0.443533
-2.718296 0.002918 0.520437
-2.709319 -0.007689 0.597353
-2.713230 -0.006568 0.675471
-2.714776 -0.007654 0.751802
-3.457567 0.644592 -1.105076
-3.292957 0.497389 -1.084432
-3.137251 0.356958 -1.053406
-3.137222 0.350601 -0.984052
-3.044319 0.265486 -0.932229
-3.027059 0.245465 -0.864749
-3.049453 0.259624 -0.788800
-3.066213 0.270252 -0.716659
-3.053968 0.254856 -0.646950
-3.015650 0.216639 -0.582531
-2.692358 -0.070517 -0.540733
-2.700209 -0.068339 -0.464914
-2.711772 -0.062856 -0.386955
-2.705462 -0.071568 -0.312730
-2.715408 -0.066972 -0.235580
-2.725753 -0.061165 -0.161274
-2.731562 -0.060695 -0.084398
-2.731572 -0.064212 -0.010572
-2.738586 -0.061818 0.066533
-2.745934 -0.058468 0.139565
-2.751296 -0.056917 0.217102
-2.750732 -0.059569 0.290888
-2.759092 -0.058313 0.366903
-2.782751 -0.037149 0.437711
-2.761369 -0.058806 0.519278
-2.776250 -0.048555 0.591764
-2.774202 -0.052713 0.670788
-2.787524 -0.043377 0.744184
-3.457567 0.644592 -1.105076
-3.292957 0.497389 -1.084432
-3.137251 0.356958 -1.053406
-3.137222 0.350601 -0.984052
-3.044319 0.265486 -0.932229
-3.027059 0.245465 -0.864749
-3.049453 0.259624 -0.788800
-3.066213 0.270252 -0.716659
-3.053968 0.254856 -0.646950
-3.015650 0.216639 -0.582531
-2.692358 -0.070517 -0.540733
-2.700209 -0.068339 -0.464914
-2.711772 -0.062856 -0.386955
-2.705462 -0.071568 -0.312730
-2.715408 -0.066972 -0.235580
-2.725753 -0.061165 -0.161274
-2.731562 -0.060695 -0.084398
-2.731572 -0.064212 -0.010572
-2.738586 -0.061818 0.066533
-2.745934 -0.058468 0.139565
-2.751296 -0.056917 0.217102
-2.750732 -0.059569 0.290888
-2.759092 -0.058313 0.366903
-2.782751 -0.037149 0.437711
-2.761369 -0.058806 0.519278
-2.776250 -0.048555 0.591764
-2.774202 -0.052713 0.670788
-2.787524 -0.043377 0.744184
-3.334851 0.450071 -1.086304
-3.163483 0.291781 -1.059737
-3.169410 0.290562 -0.988707
-3.095386 0.219873 -0.933019
-3.063654 0.186387 -0.868459
-3.097674 0.211362 -0.790323
-3.120216 0.227480 -0.717340
-3.114128 0.217200 -0.647036
-3.079328 0.181097 -0.582586
-2.783815 -0.089187 -0.539104
-2.747147 -0.126997 -0.467368
-2.746770 -0.132124 -0.390001
-2.743557 -0.138310 -0.315397
-2.756416 -0.130960 -0.237965
-2.757791 -0.133121 -0.163476
-2.763615 -0.132636 -0.086257
-2.778501 -0.122781 -0.012689
-2.773660 -0.131091 0.065173
-2.786894 -0.122318 0.138022
-2.786352 -0.126115 0.216307
-2.788800 -0.126137 0.290022
-2.803057 -0.119453 0.365467
-2.791194 -0.130138 0.441834
-2.806501 -0.124497 0.672290
-2.825564 -0.109678 0.744668
-3.334851 0.450071 -1.086304
-3.163483 0.291781 -1.059737
-3.169410 0.290562 -0.988707
-3.095386 0.219873 -0.933019
-3.063654 0.186387 -0.868459
-3.097674 0.211362 -0.790323
-3.120216 0.227480 -0.717340
-3.114128 0.217200 -0.647036
-3.079328 0.181097 -0.582586
-2.783815 -0.089187 -0.539104
-2.747147 -0.126997 -0.467368
-2.746770 -0.132124 -0.390001
-2.743557 -0.138310 -0.315397
-2.756416 -0.130960 -0.237965
-2.757791 -0.133121 -0.163476
-2.763615 -0.132636 -0.086257
-2.778501 -0.122781 -0.012689
-2.773660 -0.131091 0.065173
-2.786894 -0.122318 0.138022
-2.786352 -0.126115 0.216307
-2.788800 -0.126137 0.290022
-2.803057 -0.119453 0.365467
-2.791194 -0.130138 0.441834
-2.799516 -0.125360 0.519087
-2.808439 -0.120281 0.592927
-2.806501 -0.124497 0.672290
-2.825564 -0.109678 0.744668
-3.400577 0.424486 -1.081913
-3.199547 0.234702 -1.063939
-3.193853 0.222833 -0.995439
-3.158658 0.185745 -0.931376
-3.121593 0.146461 -0.868296
-3.140683 0.158447 -0.792891
-3.165927 0.177512 -0.719395
-3.148287 0.156298 -0.650658
-3.128631 0.133169 -0.584337
-2.801774 -0.173756 -0.544414
-2.750987 -0.225746 -0.473201
-2.765336 -0.217405 -0.394098
-2.765146 -0.220998 -0.318781
-2.783776 -0.208105 -0.240669
-2.779341 -0.215765 -0.165734
-2.782261 -0.217999 -0.087882
-2.788270 -0.216181 -0.013357
-2.806961 -0.202797 0.063923
-2.837604 -0.177530 0.135741
-2.802160 -0.214101 0.217446
-2.854127 -0.167813 0.286039
-2.801489 -0.223617 0.370323
-2.838962 -0.194506 0.594588
-2.902003 -0.140485 0.736316
-3.400577 0.424486 -1.081913
-3.199547 0.234702 -1.063939
-3.193853 0.222833 -0.995439
-3.158658 0.185745 -0.931376
-3.121593 0.146461 -0.868296
-3.140683 0.158447 -0.792891
-3.165927 0.177512 -0.719395
-3.148287 0.156298 -0.650658
-3.128631 0.133169 -0.584337
-2.801774 -0.173756 -0.544414
-2.750987 -0.225746 -0.473201
-2.765336 -0.217405 -0.394098
-2.783776 -0.208105 -0.240669
-2.838962 -0.194506 0.594588
-2.902003 -0.140485 0.736316
-3.426313 0.362582 -1.088586
-3.225051 0.167244 -1.071118
-3.216629 0.152475 -1.002911
-3.216424 0.147319 -0.930991
-3.142504 0.072158 -0.875472
-3.181582 0.103373 -0.796009
-3.177702 0.095386 -0.726883
-3.180554 0.092980 -0.654728
-3.167000 0.074993 -0.587471
-1.179307 -1.820743 -0.708460
-0.732733 -2.253432 -0.635779
-3.426313 0.362582 -1.088586
-3.225051 0.167244 -1.071118
-3.216629 0.152475 -1.002911
-3.216424 0.147319 -0.930991
-3.142504 0.072158 -0.875472
-3.181582 0.103373 -0.796009
-3.177702 0.095386 -0.726883
-3.180554 0.092980 -0.654728
-3.167000 0.074993 -0.587471
-1.179307 -1.820743 -0.708460
-0.732733 -2.253432 -0.635779
-3.274382 0.121736 -1.072494
-3.243518 0.084875 -1.009773
-3.243360 0.079603 -0.937456
-3.099449 -0.065647 -0.895696
-2.904768 -0.261053 -0.855943
-3.219553 0.040693 -0.729943
-3.202495 0.018805 -0.660430
-1.797887 -1.358646 -0.757706
-1.296549 -1.855725 -0.707624
-0.853214 -2.297381 -0.636278
-3.274382 0.121736 -1.072494
-3.243518 0.084875 -1.009773
-3.243360 0.079603 -0.937456
-3.099449 -0.065647 -0.895696
-2.904768 -0.261053 -0.855943
-2.541911 -0.619290 -0.837309
-2.168128 -0.990144 -0.803294
-1.797887 -1.358646 -0.757706
-1.296549 -1.855725 -0.707624
-0.853214 -2.297381 -0.636278
-3.315932 0.068649 -1.076111
-3.266024 0.011831 -1.018058
-3.268706 0.009215 -0.944607
-3.112797 -0.152113 -0.905322
-2.870326 -0.400845 -0.874105
-2.599468 -0.677148 -0.839933
-2.270242 -1.013741 -0.800620
-1.899576 -1.392970 -0.756725
-1.430554 -1.871501 -0.705101
-3.315932 0.068649 -1.076111
-3.266024 0.011831 -1.018058
-3.268706 0.009215 -0.944607
-3.112797 -0.152113 -0.905322
-2.870326 -0.400845 -0.874105
-2.599468 -0.677148 -0.839933
-2.270242 -1.013741 -0.800620
-1.899576 -1.392970 -0.756725
-1.430554 -1.871501 -0.705101
-3.374806 0.032921 -1.075354
-3.278882 -0.072509 -1.029139
-3.287068 -0.069602 -0.953698
-3.158257 -0.207683 -0.908791
-2.927573 -0.451279 -0.876089
-2.679982 -0.711397 -0.838968
-2.336106 -1.072524 -0.803113
-1.981858 -1.445458 -0.758150
-1.502925 -1.947703 -0.708827
-3.374806 0.032921 -1.075354
-3.278882 -0.072509 -1.029139
-3.287068 -0.069602 -0.953698
-3.158257 -0.207683 -0.908791
-2.927573 -0.451279 -0.876089
-2.679982 -0.711397 -0.838968
-2.336106 -1.072524 -0.803113
-1.981858 -1.445458 -0.758150
-1.502925 -1.947703 -0.708827
-3.447572 0.012401 -1.070928
-3.320579 -0.128576 -1.033479
-3.317840 -0.137099 -0.960367
-3.204564 -0.262686 -0.912310
-2.985475 -0.500869 -0.878114
-2.727897 -0.778876 -0.843499
-2.402739 -1.130340 -0.805652
-2.042804 -1.519809 -0.762361
-1.505324 -2.098490 -0.720068
-3.447572 0.012401 -1.070928
-3.320579 -0.128576 -1.033479
-3.317840 -0.137099 -0.960367
-3.204564 -0.262686 -0.912310
-2.985475 -0.500869 -0.878114
-2.727897 -0.778876 -0.843499
-2.402739 -1.130340 -0.805652
-2.042804 -1.519809 -0.762361
-1.505324 -2.098490 -0.720068
-3.339094 -0.210205 -1.044032
-3.339111 -0.216027 -0.969611
-3.275861 -0.290909 -0.910734
-3.033279 -0.561285 -0.882235
-2.784975 -0.837050 -0.846717
-2.480893 -1.175450 -0.806635
-2.118358 -1.578718 -0.764910
-1.591698 -2.161912 -0.722818
-3.339094 -0.210205 -1.044032
-3.339111 -0.216027 -0.969611
-3.275861 -0.290909 -0.910734
-3.033279 -0.561285 -0.882235
-2.784975 -0.837050 -0.846717
-2.480893 -1.175450 -0.806635
-2.118358 -1.578718 -0.764910
-1.591698 -2.161912 -0.722818
-3.377676 -0.271489 -1.049863
-3.372483 -0.283289 -0.976419
-3.344618 -0.320828 -0.909747
-3.108492 -0.591575 -0.881251
-2.834957 -0.903346 -0.851366
-2.532970 -1.248979 -0.811678
-2.221147 -1.606735 -0.764033
-1.662916 -2.241899 -0.727360
-3.377676 -0.271489 -1.049863
-3.372483 -0.283289 -0.976419
-3.344618 -0.320828 -0.909747
-3.108492 -0.591575 -0.881251
-2.834957 -0.903346 -0.851366
-2.532970 -1.248979 -0.811678
-2.221147 -1.606735 -0.764033
-1.662916 -2.241899 -0.727360
-3.406934 -0.344266 -1.058507
-3.394085 -0.365201 -0.986449
-3.397928 -0.367470 -0.912227
-3.155189 -0.653473 -0.885980
-2.917292 -0.933086 -0.850530
-2.596702 -1.309925 -0.815170
-2.284684 -1.678059 -0.768402
-1.766677 -2.284776 -0.728466
-3.406934 -0.344266 -1.058507
-3.394085 -0.365201 -0.986449
-3.397928 -0.367470 -0.912227
-3.155189 -0.653473 -0.885980
-2.917292 -0.933086 -0.850530
-2.596702 -1.309925 -0.815170
-2.284684 -1.678059 -0.768402
-1.766677 -2.284776 -0.728466
-3.455449 -0.395936 -1.062391
-3.417331 -0.447227 -0.996565
-3.421178 -0.449602 -0.921673
-3.208041 -0.708802 -0.889728
-2.992011 -0.970500 -0.851100
-2.679284 -1.348722 -0.815868
-2.349342 -1.748601 -0.772836
-1.919427 -2.267870 -0.724006
-3.455449 -0.395936 -1.062391
-3.417331 -0.447227 -0.996565
-3.421178 -0.449602 -0.921673
-3.208041 -0.708802 -0.889728
-2.992011 -0.970500 -0.851100
-2.679284 -1.348722 -0.815868
-2.349342 -1.748601 -0.772836
-1.919427 -2.267870 -0.724006
-3.452277 -0.517146 -1.004227
-3.451108 -0.525703 -0.930047
-3.266778 -0.757328 -0.892482
-3.145192 -0.911519 -0.837243
-3.173365 -0.884592 -0.749977
-3.177251 -0.887200 -0.670637
-3.181415 -0.888813 -0.589142
-3.452277 -0.517146 -1.004227
-3.451108 -0.525703 -0.930047
-3.266778 -0.757328 -0.892482
-3.145192 -0.911519 -0.837243
-3.173365 -0.884592 -0.749977
-3.177251 -0.887200 -0.670637
-3.181415 -0.888813 -0.589142
-3.338568 -0.789542 -0.892657
-3.253857 -0.901953 -0.831244
-3.259369 -0.902571 -0.748750
-3.285631 -0.877060 -0.666768
-3.269987 -0.903557 -0.588745
-3.247712 -0.938503 -0.512939
-3.338568 -0.789542 -0.892657
-3.253857 -0.901953 -0.831244
-3.259369 -0.902571 -0.748750
-3.285631 -0.877060 -0.666768
-3.269987 -0.903557 -0.588745
-3.247712 -0.938503 -0.512939
-3.391119 -0.845631 -0.897060
-3.332334 -0.927895 -0.830852
-3.325690 -0.944175 -0.750825
-3.351604 -0.918348 -0.668938
-3.350965 -0.926162 -0.589245
-3.319436 -0.974081 -0.514886
-3.391119 -0.845631 -0.897060
-3.332334 -0.927895 -0.830852
-3.325690 -0.944175 -0.750825
-3.351604 -0.918348 -0.668938
-3.350965 -0.926162 -0.589245
-3.319436 -0.974081 -0.514886
-3.463688 -0.875761 -0.897292
-3.382163 -0.990566 -0.836141
-3.392495 -0.984780 -0.752934
-3.422840 -0.952271 -0.670422
-3.398389 -0.992039 -0.593987
-3.381898 -1.021302 -0.517846
-3.463688 -0.875761 -0.897292
-3.382163 -0.990566 -0.836141
-3.392495 -0.984780 -0.752934
-3.422840 -0.952271 -0.670422
-3.398389 -0.992039 -0.593987
-3.381898 -1.021302 -0.517846
-3.419008 -1.071928 -0.844338
-3.415170 -1.085409 -0.762997
-3.449757 -1.046213 -0.678800
-3.435260 -1.073564 -0.600318
-3.433278 -1.083793 -0.522092
-3.419008 -1.071928 -0.844338
-3.415170 -1.085409 -0.762997
-3.449757 -1.046213 -0.678800
-3.435260 -1.073564 -0.600318
-3.393026 -1.243735 -0.865967
-3.129149 -1.624159 -0.829753
-2.819995 -2.069805 -0.791317
-3.393026 -1.243735 -0.865967
-3.129149 -1.624159 -0.829753
-2.819995 -2.069805 -0.791317
-3.459207 -1.289647 -0.869133
-3.198405 -1.677015 -0.833595
-2.915816 -2.097427 -0.792109
-3.459207 -1.289647 -0.869133
-3.198405 -1.677015 -0.833595
-2.915816 -2.097427 -0.792109
-3.277284 -1.715704 -0.835791
-2.996164 -2.146651 -0.795490
-3.277284 -1.715704 -0.835791
-2.996164 -2.146651 -0.795490
-3.350055 -1.763204 -0.839293
-3.087967 -2.178001 -0.797062
-3.350055 -1.763204 -0.839293
-3.087967 -2.178001 -0.797062
-3.433162 -1.792284 -0.840654
-3.204362 -2.166811 -0.794132
-3.395298 -1.872685 -0.670170
-3.400545 -1.874044 -0.581659
-3.433162 -1.792284 -0.840654
-3.204362 -2.166811 -0.794132
-3.455399 -1.933031 -0.766845
-3.455399 -1.933031 -0.766845
1.232046 2.279367 0.484163
1.232046 2.279367 0.484163
0.805225 2.183039 -0.726831
-0.031286 2.307425 -0.478066
0.048951 2.278070 -0.098223
0.073851 2.264571 0.287050
-0.031286 2.307425 -0.478066
0.048951 2.278070 -0.098223
0.073851 2.264571 0.287050
0.072529 2.186775 -0.774794
-0.123794 2.242581 -0.664385
-0.126337 2.240922 -0.568601
-0.149469 2.245362 -0.474793
-0.158445 2.245647 -0.379390
-0.137765 2.238355 -0.288069
0.092085 2.167086 -0.193068
-0.188438 2.250524 -0.102133
-0.202524 2.252369 -0.008001
-0.194508 2.248531 0.082883
-0.126824 2.226464 0.182040
0.146108 2.142741 0.293582
0.072529 2.186775 -0.774794
-0.123794 2.242581 -0.664385
-0.126337 2.240922 -0.568601
-0.149469 2.245362 -0.474793
-0.158445 2.245647 -0.379390
-0.137765 2.238355 -0.288069
0.092085 2.167086 -0.193068
-0.188438 2.250524 -0.102133
-0.202524 2.252369 -0.008001
-0.194508 2.248531 0.082883
-0.126824 2.226464 0.182040
0.146108 2.142741 0.293582
-0.464524 2.258951 -0.822761
0.010325 2.106654 -0.772610
0.549216 1.933624 -0.717010
-0.115491 2.140616 -0.571671
-0.138548 2.145280 -0.477307
-0.109394 2.133533 -0.382444
-0.226082 2.169319 -0.288003
-0.222232 2.166094 -0.194017
-0.227031 2.166357 -0.103130
-0.229664 2.164697 -0.008828
-0.202670 2.154624 0.082898
-0.173384 2.143639 0.180068
0.143986 2.041511 0.294673
-0.464524 2.258951 -0.822761
0.010325 2.106654 -0.772610
0.549216 1.933624 -0.717010
1.175603 1.733145 -0.647719
-0.138548 2.145280 -0.477307
-0.109394 2.133533 -0.382444
-0.226082 2.169319 -0.288003
-0.222232 2.166094 -0.194017
-0.227031 2.166357 -0.103130
-0.229664 2.164697 -0.008828
-0.202670 2.154624 0.082898
-0.173384 2.143639 0.180068
0.143986 2.041511 0.294673
-0.529252 2.188037 -0.819659
-0.037699 2.022883 -0.771841
0.498703 1.842330 -0.716598
-0.174460 2.062228 -0.570779
-0.208859 2.070929 -0.476350
-0.221644 2.072573 -0.380894
-0.216385 2.069605 -0.289465
-0.231570 2.072546 -0.194912
-0.240174 2.074063 -0.103804
-0.242848 2.072360 -0.009274
-0.250140 2.073208 0.081152
-0.164179 2.042788 0.181416
0.174397 1.928581 0.298202
-0.529252 2.188037 -0.819659
-0.037699 2.022883 -0.771841
0.498703 1.842330 -0.716598
-0.174460 2.062228 -0.570779
-0.208859 2.070929 -0.476350
-0.221644 2.072573 -0.380894
-0.216385 2.069605 -0.289465
-0.231570 2.072546 -0.194912
-0.240174 2.074063 -0.103804
-0.242848 2.072360 -0.009274
-0.250140 2.073208 0.081152
-0.164179 2.042788 0.181416
0.174397 1.928581 0.298202
-0.941091 2.240166 -0.863565
-0.557159 2.105571 -0.820573
-0.083031 1.938751 -0.771480
0.458324 1.748097 -0.717110
-0.177770 1.965480 -0.573332
-0.246022 1.986355 -0.476983
-0.213472 1.972364 -0.382991
-0.234703 1.978429 -0.290610
-0.257413 1.984131 -0.195886
-0.243343 1.977805 -0.104390
-0.249839 1.977373 -0.009573
-0.238274 1.971667 0.082021
-0.141480 1.936023 0.183579
0.165272 1.827548 0.298837
-0.941091 2.240166 -0.863565
-0.557159 2.105571 -0.820573
-0.083031 1.938751 -0.771480
0.458324 1.748097 -0.717110
1.146766 1.506613 -0.652467
-0.246022 1.986355 -0.476983
-0.213472 1.972364 -0.382991
-0.234703 1.978429 -0.290610
-0.257413 1.984131 -0.195886
-0.243343 1.977805 -0.104390
-0.249839 1.977373 -0.009573
-0.238274 1.971667 0.082021
-0.141480 1.936023 0.183579
0.165272 1.827548 0.298837
-1.001879 2.175592 -0.860412
-0.604934 2.030254 -0.819573
-0.129456 1.855466 -0.771189
0.386656 1.665396 -0.715434
0.985261 1.445585 -0.646280
-0.254266 1.891516 -0.479049
-0.270777 1.894720 -0.383251
-0.254345 1.887361 -0.291832
-0.186764 1.860497 -0.196949
-0.184088 1.857987 -0.104129
-0.190641 1.857544 -0.007936
-0.190484 1.855705 0.084473
-0.098023 1.820001 0.186998
0.398265 1.637388 0.317535
-1.001879 2.175592 -0.860412
-0.604934 2.030254 -0.819573
-0.129456 1.855466 -0.771189
0.386656 1.665396 -0.715434
0.985261 1.445585 -0.646280
-0.254266 1.891516 -0.479049
-0.270777 1.894720 -0.383251
-0.254345 1.887361 -0.291832
-0.186764 1.860497 -0.196949
-0.184088 1.857987 -0.104129
-0.190641 1.857544 -0.007936
-0.190484 1.855705 0.084473
-0.098023 1.820001 0.186998
0.398265 1.637388 0.317535
-1.424631 2.251378 -0.892665
-1.070829 2.115130 -0.856404
-0.661109 1.958671 -0.817841
-0.169502 1.770232 -0.771645
0.362561 1.565905 -0.717516
0.928159 1.349002 -0.646486
-0.204143 1.773863 -0.483934
-0.216851 1.775755 -0.386988
-0.222955 1.776573 -0.293950
-0.170727 1.754346 -0.198104
-0.119496 1.733259 -0.103864
-0.167223 1.748432 -0.007406
-0.163400 1.745092 0.085992
-0.000592 1.681017 0.193675
0.601098 1.450214 0.334109
-1.424631 2.251378 -0.892665
-1.070829 2.115130 -0.856404
-0.661109 1.958671 -0.817841
-0.169502 1.770232 -0.771645
0.362561 1.565905 -0.717516
0.928159 1.349002 -0.646486
-0.204143 1.773863 -0.483934
-0.216851 1.775755 -0.386988
-0.222955 1.776573 -0.293950
-0.170727 1.754346 -0.198104
-0.119496 1.733259 -0.103864
-0.167223 1.748432 -0.007406
-0.163400 1.745092 0.085992
-0.000592 1.681017 0.193675
-1.758979 2.304616 -0.924407
-1.451558 2.181449 -0.893627
-1.081192 2.033005 -0.859704
-0.721842 1.889695 -0.815769
-0.218110 1.688588 -0.771492
0.270191 1.492900 -0.714558
0.877249 1.250561 -0.647227
-0.196998 1.670517 -0.487033
-0.176205 1.659269 -0.390486
-0.145095 1.645377 -0.296934
-0.122954 1.634073 -0.199368
-0.094363 1.621013 -0.104244
-0.130760 1.632336 -0.006530
-0.127036 1.628863 0.087911
0.242669 1.479935 0.209153
-1.758979 2.304616 -0.924407
-1.451558 2.181449 -0.893627
-1.081192 2.033005 -0.859704
-0.721842 1.889695 -0.815769
-0.218110 1.688588 -0.771492
0.270191 1.492900 -0.714558
0.877249 1.250561 -0.647227
-0.196998 1.670517 -0.487033
-0.176205 1.659269 -0.390486
-0.145095 1.645377 -0.296934
-0.122954 1.634073 -0.199368
-0.094363 1.621013 -0.104244
-0.130760 1.632336 -0.006530
-0.127036 1.628863 0.087911
0.242669 1.479935 0.209153
-1.781462 2.237870 -0.925931
-1.494156 2.117880 -0.892599
-1.100163 1.953774 -0.862165
-0.731781 1.800910 -0.819334
-0.345241 1.639500 -0.764247
0.195580 1.414390 -0.713085
0.854591 1.140865 -0.649875
-0.099104 1.528570 -0.494538
0.136059 1.428716 -0.402620
0.155937 1.418757 -0.303693
0.015147 1.473932 -0.200810
0.061999 1.452745 -0.102832
0.055233 1.452239 -0.001252
0.036601 1.457770 0.095496
-1.781462 2.237870 -0.925931
-1.494156 2.117880 -0.892599
-1.100163 1.953774 -0.862165
-0.731781 1.800910 -0.819334
-0.345241 1.639500 -0.764247
0.195580 1.414390 -0.713085
0.854591 1.140865 -0.649875
1.538634 0.856297 -0.571004
0.136059 1.428716 -0.402620
0.155937 1.418757 -0.303693
0.015147 1.473932 -0.200810
0.061999 1.452745 -0.102832
0.055233 1.452239 -0.001252
0.036601 1.457770 0.095496
-1.834067 2.183730 -0.922960
-1.530244 2.052022 -0.892649
-1.178837 1.899494 -0.857410
-0.798036 1.735303 -0.816984
-0.362480 1.546682 -0.767287
0.156806 1.321811 -0.714536
0.782544 1.051605 -0.649641
1.477232 0.751214 -0.572060
0.376879 1.217306 -0.412889
2.503810 0.305793 -0.344570
0.102184 1.329934 -0.202356
0.424441 1.189869 -0.098633
0.321537 1.228031 0.108495
-1.834067 2.183730 -0.922960
-1.530244 2.052022 -0.892649
-1.178837 1.899494 -0.857410
-0.798036 1.735303 -0.816984
-0.362480 1.546682 -0.767287
0.156806 1.321811 -0.714536
0.782544 1.051605 -0.649641
1.477232 0.751214 -0.572060
2.064462 0.496113 -0.466173
2.503810 0.305793 -0.344570
0.102184 1.329934 -0.202356
-2.178896 2.260461 -0.944175
-1.883998 2.128290 -0.920615
-1.571211 1.987521 -0.892255
-1.222011 1.830035 -0.857273
-0.861792 1.668498 -0.815103
-0.396172 1.459246 -0.769055
0.105293 1.233480 -0.715224
0.701580 0.965750 -0.649040
1.402890 0.650689 -0.572703
1.986440 0.387258 -0.467359
2.430349 0.187420 -0.346371
2.985399 -0.063578 -0.207465
-2.178896 2.260461 -0.944175
-1.883998 2.128290 -0.920615
-1.571211 1.987521 -0.892255
-1.222011 1.830035 -0.857273
-0.861792 1.668498 -0.815103
-0.396172 1.459246 -0.769055
0.105293 1.233480 -0.715224
0.701580 0.965750 -0.649040
1.402890 0.650689 -0.572703
1.986440 0.387258 -0.467359
2.430349 0.187420 -0.346371
2.985399 -0.063578 -0.207465
-2.420369 2.310057 -1.106624
-2.403082 2.298747 -1.044131
-2.393578 2.290655 -0.977911
-2.209214 2.202719 -0.944584
-1.908991 2.063152 -0.922296
-1.619844 1.927895 -0.890871
-1.280133 1.768861 -0.855349
-0.925857 1.603971 -0.813259
-0.434256 1.374956 -0.770535
0.038626 1.153834 -0.714814
0.663752 0.862775 -0.651255
1.335187 0.549600 -0.573756
1.867785 0.299745 -0.467312
2.323365 0.086969 -0.347682
2.831270 -0.151709 -0.209650
-2.420369 2.310057 -1.106624
-2.403082 2.298747 -1.044131
-2.393578 2.290655 -0.977911
-2.209214 2.202719 -0.944584
-1.908991 2.063152 -0.922296
-1.619844 1.927895 -0.890871
-1.280133 1.768861 -0.855349
-0.925857 1.603971 -0.813259
-0.434256 1.374956 -0.770535
0.038626 1.153834 -0.714814
0.663752 0.862775 -0.651255
1.335187 0.549600 -0.573756
1.867785 0.299745 -0.467312
2.323365 0.086969 -0.347682
2.831270 -0.151709 -0.209650
-2.428616 2.245843 -1.111643
-2.418565 2.237552 -1.047391
-2.441245 2.244369 -0.974837
-2.251026 2.150514 -0.943154
-1.949229 2.005088 -0.921746
-1.654848 1.862411 -0.891597
-1.310214 1.695228 -0.857138
-0.943891 1.518551 -0.816692
-0.498704 1.303184 -0.769676
-0.028979 1.075475 -0.714468
0.613633 0.765393 -0.652863
1.291445 0.437667 -0.576124
1.795245 0.192390 -0.468876
2.276662 -0.040607 -0.350149
2.571914 -0.186284 -0.211716
-2.428616 2.245843 -1.111643
-2.418565 2.237552 -1.047391
-2.441245 2.244369 -0.974837
-2.251026 2.150514 -0.943154
-1.949229 2.005088 -0.921746
-1.654848 1.862411 -0.891597
-1.310214 1.695228 -0.857138
-0.943891 1.518551 -0.816692
-0.498704 1.303184 -0.769676
-0.028979 1.075475 -0.714468
0.613633 0.765393 -0.652863
1.291445 0.437667 -0.576124
1.795245 0.192390 -0.468876
2.276662 -0.040607 -0.350149
2.571914 -0.186284 -0.211716
-2.698761 2.311997 -1.123229
-2.441398 2.183225 -1.115919
-2.445571 2.181599 -1.048472
-2.464620 2.186945 -0.976601
-2.300564 2.102563 -0.940507
-2.004423 1.954704 -0.918954
-1.708542 1.806205 -0.889796
-1.352043 1.627231 -0.857612
-0.995374 1.448954 -0.816573
-0.549679 1.225622 -0.770256
-0.036676 0.968413 -0.719113
0.590827 0.654626 -0.656416
1.221023 0.338656 -0.577349
1.710589 0.091630 -0.470168
2.228113 -0.167667 -0.352726
2.388699 -0.251803 -0.213937
2.616040 -0.367972 -0.073831
-2.698761 2.311997 -1.123229
-2.441398 2.183225 -1.115919
-2.445571 2.181599 -1.048472
-2.464620 2.186945 -0.976601
-2.300564 2.102563 -0.940507
-2.004423 1.954704 -0.918954
-1.708542 1.806205 -0.889796
-1.352043 1.627231 -0.857612
-0.995374 1.448954 -0.816573
-0.549679 1.225622 -0.770256
-0.036676 0.968413 -0.719113
0.590827 0.654626 -0.656416
1.221023 0.338656 -0.577349
1.710589 0.091630 -0.470168
2.228113 -0.167667 -0.352726
2.388699 -0.251803 -0.213937
2.616040 -0.367972 -0.073831
-2.721201 2.258248 -1.125141
-2.476152 2.131174 -1.115444
-2.452298 2.115410 -1.054071
-2.495852 2.133358 -0.977041
-2.322428 2.041324 -0.942945
-2.038958 1.894693 -0.919642
-1.745185 1.742067 -0.890627
-1.419557 1.572532 -0.854925
-1.051269 1.382084 -0.816108
-0.598105 1.147117 -0.771247
-0.134937 0.906335 -0.716583
0.488087 0.583834 -0.654924
1.170695 0.229960 -0.579725
1.624734 -0.007540 -0.471543
2.145694 -0.277758 -0.354824
2.344218 -0.384321 -0.216519
2.573455 -0.505592 -0.076157
-2.721201 2.258248 -1.125141
-2.476152 2.131174 -1.115444
-2.452298 2.115410 -1.054071
-2.495852 2.133358 -0.977041
-2.322428 2.041324 -0.942945
-2.038958 1.894693 -0.919642
-1.745185 1.742067 -0.890627
-1.419557 1.572532 -0.854925
-1.051269 1.382084 -0.816108
-0.598105 1.147117 -0.771247
-0.134937 0.906335 -0.716583
0.488087 0.583834 -0.654924
1.170695 0.229960 -0.579725
1.624734 -0.007540 -0.471543
2.145694 -0.277758 -0.354824
2.344218 -0.384321 -0.216519
2.573455 -0.505592 -0.076157
-2.931408 2.305530 -1.140987
-2.772143 2.219183 -1.120215
-2.508102 2.077896 -1.115814
-2.491455 2.065397 -1.053016
-2.541771 2.087563 -0.974774
-2.369684 1.993130 -0.941013
-2.077805 1.837057 -0.919806
-1.800249 1.687718 -0.888919
-1.438371 1.493313 -0.858732
-1.139651 1.332937 -0.812050
-0.661667 1.076829 -0.770914
-0.184288 0.820279 -0.718184
0.448290 0.481612 -0.657710
1.101175 0.131280 -0.581297
1.548312 -0.110730 -0.473362
2.047772 -0.378893 -0.356746
2.311897 -0.523957 -0.219254
2.521738 -0.639145 -0.078696
-2.931408 2.305530 -1.140987
-2.772143 2.219183 -1.120215
-2.508102 2.077896 -1.115814
-2.491455 2.065397 -1.053016
-2.541771 2.087563 -0.974774
-2.369684 1.993130 -0.941013
-2.077805 1.837057 -0.919806
-1.800249 1.687718 -0.888919
-1.438371 1.493313 -0.858732
-1.139651 1.332937 -0.812050
-0.661667 1.076829 -0.770914
-0.184288 0.820279 -0.718184
0.448290 0.481612 -0.657710
1.101175 0.131280 -0.581297
1.548312 -0.110730 -0.473362
2.047772 -0.378893 -0.356746
2.311897 -0.523957 -0.219254
2.521738 -0.639145 -0.078696
-2.971128 2.264153 -1.138400
-2.789039 2.162671 -1.123935
-2.537316 2.023261 -1.117033
-2.503559 2.001153 -1.057977
-2.560465 2.027663 -0.978056
-2.386222 1.928910 -0.944816
-2.127840 1.785726 -0.918292
-1.821056 1.615501 -0.892449
-1.514261 1.444504 -0.855217
-1.172429 1.255250 -0.814526
-0.722547 1.005819 -0.770987
-0.231305 0.733058 -0.720151
0.378966 0.395137 -0.658699
1.023383 0.037613 -0.582591
1.516166 -0.237580 -0.476866
1.980271 -0.495473 -0.359358
2.315960 -0.684748 -0.222229
2.471563 -0.774084 -0.081307
-2.971128 2.264153 -1.138400
-2.789039 2.162671 -1.123935
-2.537316 2.023261 -1.117033
-2.503559 2.001153 -1.057977
-2.560465 2.027663 -0.978056
-2.386222 1.928910 -0.944816
-2.127840 1.785726 -0.918292
-1.821056 1.615501 -0.892449
-1.514261 1.444504 -0.855217
-1.172429 1.255250 -0.814526
-0.722547 1.005819 -0.770987
-0.231305 0.733058 -0.720151
0.378966 0.395137 -0.658699
1.023383 0.037613 -0.582591
1.516166 -0.237580 -0.476866
1.980271 -0.495473 -0.359358
2.315960 -0.684748 -0.222229
2.471563 -0.774084 -0.081307
-3.158935 2.307289 -1.156473
-2.994293 2.214084 -1.140439
-2.823872 2.115741 -1.123391
-2.594682 1.984278 -1.111865
-2.564741 1.963631 -1.052523
-2.569751 1.962127 -0.983461
-2.434778 1.882097 -0.942969
-2.168093 1.729531 -0.918548
-1.881019 1.564742 -0.890318
-1.538577 1.368083 -0.858685
-1.185533 1.166225 -0.819512
-0.759978 0.922212 -0.773564
-0.279534 0.646502 -0.722193
0.301625 0.313808 -0.659284
0.954889 -0.060571 -0.584506
1.412463 -0.324948 -0.478001
1.858992 -0.581468 -0.361037
2.306804 -0.840629 -0.225320
-3.158935 2.307289 -1.156473
-2.994293 2.214084 -1.140439
-2.823872 2.115741 -1.123391
-2.594682 1.984278 -1.111865
-2.564741 1.963631 -1.052523
-2.569751 1.962127 -0.983461
-2.434778 1.882097 -0.942969
-2.168093 1.729531 -0.918548
-1.881019 1.564742 -0.890318
-1.538577 1.368083 -0.858685
-1.185533 1.166225 -0.819512
-0.759978 0.922212 -0.773564
-0.279534 0.646502 -0.722193
0.301625 0.313808 -0.659284
0.954889 -0.060571 -0.584506
1.412463 -0.324948 -0.478001
1.858992 -0.581468 -0.361037
2.306804 -0.840629 -0.225320
-3.191617 2.265585 -1.155623
-3.018180 2.164298 -1.142523
-2.855915 2.067452 -1.123750
-2.631987 1.934758 -1.111557
-2.598956 1.911706 -1.053090
-2.590350 1.902352 -0.986853
-2.463330 1.824345 -0.944971
-2.215923 1.677962 -0.917696
-1.917474 1.501236 -0.891877
-1.594991 1.309770 -0.858041
-1.265463 1.114999 -0.816820
-0.805511 0.843049 -0.775513
-0.339303 0.566654 -0.723423
0.219904 0.235915 -0.659696
0.871315 -0.149582 -0.585772
1.376907 -0.450655 -0.481709
1.812903 -0.709441 -0.364317
2.284648 -0.991118 -0.228518
3.134564 -1.493770 -0.077416
-3.191617 2.265585 -1.155623
-3.018180 2.164298 -1.142523
-2.855915 2.067452 -1.123750
-2.631987 1.934758 -1.111557
-2.598956 1.911706 -1.053090
-2.590350 1.902352 -0.986853
-2.463330 1.824345 -0.944971
-2.215923 1.677962 -0.917696
-1.917474 1.501236 -0.891877
-1.594991 1.309770 -0.858041
-1.265463 1.114999 -0.816820
-0.805511 0.843049 -0.775513
-0.339303 0.566654 -0.723423
0.219904 0.235915 -0.659696
0.871315 -0.149582 -0.585772
1.376907 -0.450655 -0.481709
1.812903 -0.709441 -0.364317
2.284648 -0.991118 -0.228518
3.134564 -1.493770 -0.077416
-2.501895 0.450886 1.002447
-2.501895 0.450886 1.002447
-3.224824 2.224432 -1.154808
-3.062894 2.126684 -1.139123
-2.891961 2.021650 -1.123285
-2.656444 1.877863 -1.114516
-2.620351 1.852283 -1.056702
-2.632174 1.854822 -0.986143
-2.506278 1.775042 -0.944477
-2.250764 1.619135 -0.919202
-1.968423 1.446388 -0.891399
-1.658887 1.256568 -0.856514
-1.304843 1.040852 -0.819080
-0.876053 0.778892 -0.775065
-0.451368 0.518633 -0.720270
0.157854 0.147190 -0.661606
0.783286 -0.235021 -0.586927
1.322261 -0.565902 -0.484898
1.699828 -0.797745 -0.366360
2.222349 -1.119177 -0.231701
3.000147 -1.594395 -0.081524
-2.613855 0.514243 0.816079
-2.595632 0.491997 0.898825
-2.599014 0.489586 0.979726
-2.617123 0.500769 1.053460
-3.224824 2.224432 -1.154808
-3.062894 2.126684 -1.139123
-2.891961 2.021650 -1.123285
-2.656444 1.877863 -1.114516
-2.620351 1.852283 -1.056702
-2.632174 1.854822 -0.986143
-2.506278 1.775042 -0.944477
-2.250764 1.619135 -0.919202
-1.968423 1.446388 -0.891399
-1.658887 1.256568 -0.856514
-1.304843 1.040852 -0.819080
-0.876053 0.778892 -0.775065
-0.451368 0.518633 -0.720270
0.157854 0.147190 -0.661606
0.783286 -0.235021 -0.586927
1.322261 -0.565902 -0.484898
1.699828 -0.797745 -0.366360
2.222349 -1.119177 -0.231701
3.000147 -1.594395 -0.081524
-2.613855 0.514243 0.816079
-2.595632 0.491997 0.898825
-2.599014 0.489586 0.979726
-2.617123 0.500769 1.053460
-2.613750 0.462505 0.821565
-2.641177 0.483394 0.891976
-2.630371 0.467448 0.976769
-2.651199 0.481406 1.049485
-2.613750 0.462505 0.821565
-2.641177 0.483394 0.891976
-2.630371 0.467448 0.976769
-2.651199 0.481406 1.049485
-3.403412 2.277892 -1.166203
-3.275108 2.193918 -1.149124
-3.078076 2.071693 -1.144052
-2.935252 1.980516 -1.121125
-2.698458 1.831447 -1.113487
-2.662755 1.805345 -1.055858
-2.651073 1.793589 -0.990328
-2.539734 1.720274 -0.945937
-2.279683 1.556648 -0.921919
-2.020018 1.392443 -0.890965
-1.692904 1.185792 -0.859228
-1.372349 0.983965 -0.818117
-0.916801 0.697165 -0.777847
-0.512731 0.441476 -0.721614
0.077675 0.069971 -0.662387
0.704486 -0.325177 -0.588704
0.594033 -0.261967 -0.462885
0.588126 -0.261794 -0.347164
2.185332 -1.263439 -0.235120
2.871592 -1.696609 -0.085628
-2.653774 0.448782 0.816584
-2.683830 0.472530 0.885929
-2.687115 0.470022 0.966090
-2.693744 0.470473 1.042768
-3.403412 2.277892 -1.166203
-3.275108 2.193918 -1.149124
-3.078076 2.071693 -1.144052
-2.935252 1.980516 -1.121125
-2.698458 1.831447 -1.113487
-2.662755 1.805345 -1.055858
-2.651073 1.793589 -0.990328
-2.539734 1.720274 -0.945937
-2.279683 1.556648 -0.921919
-2.020018 1.392443 -0.890965
-1.692904 1.185792 -0.859228
-1.372349 0.983965 -0.818117
-0.916801 0.697165 -0.777847
-0.512731 0.441476 -0.721614
0.077675 0.069971 -0.662387
0.704486 -0.325177 -0.588704
0.594033 -0.261967 -0.462885
1.742027 -0.981174 -0.371803
2.185332 -1.263439 -0.235120
2.871592 -1.696609 -0.085628
-2.653774 0.448782 0.816584
-2.683830 0.472530 0.885929
-2.687115 0.470022 0.966090
-2.693744 0.470473 1.042768
-2.699416 0.440937 0.810110
-2.704045 0.440142 0.886274
-2.718530 0.448584 0.963124
-2.719581 0.443578 1.041513
-2.699416 0.440937 0.810110
-2.704045 0.440142 0.886274
-2.718530 0.448584 0.963124
-2.719581 0.443578 1.041513
-3.439569 2.241904 -1.164246
-3.279637 2.135557 -1.157207
-3.123794 2.035380 -1.140720
-2.969086 1.933929 -1.121601
-2.754281 1.794118 -1.109261
-2.679156 1.742350 -1.061076
-2.664283 1.728229 -0.995959
-2.583952 1.672326 -0.945528
-2.329568 1.507215 -0.921201
-2.068897 1.337279 -0.891101
-1.744713 1.126081 -0.859664
-1.420311 0.915508 -0.819671
-0.985599 0.633087 -0.777865
-0.618751 0.393275 -0.719132
0.023528 -0.023027 -0.665166
0.631311 -0.418305 -0.590928
0.612552 -0.411996 -0.468729
0.535999 -0.366461 -0.350130
0.565147 -0.390186 -0.230851
0.596759 -0.414386 -0.114453
0.602519 -0.423835 0.006762
-2.733816 0.422479 0.806612
-2.738426 0.421669 0.882611
-2.736205 0.413624 0.964424
-2.748365 0.419614 1.039337
-3.439569 2.241904 -1.164246
-3.279637 2.135557 -1.157207
-3.123794 2.035380 -1.140720
-2.969086 1.933929 -1.121601
-2.754281 1.794118 -1.109261
-2.679156 1.742350 -1.061076
-2.664283 1.728229 -0.995959
-2.583952 1.672326 -0.945528
-2.329568 1.507215 -0.921201
-2.068897 1.337279 -0.891101
-1.744713 1.126081 -0.859664
-1.420311 0.915508 -0.819671
-0.985599 0.633087 -0.777865
-0.618751 0.393275 -0.719132
0.023528 -0.023027 -0.665166
0.631311 -0.418305 -0.590928
0.612552 -0.411996 -0.468729
0.535999 -0.366461 -0.350130
0.565147 -0.390186 -0.230851
2.876544 -1.883003 -0.088263
-2.733816 0.422479 0.806612
-2.738426 0.421669 0.882611
-2.736205 0.413624 0.964424
-2.748365 0.419614 1.039337
-2.757203 0.393170 0.806079
-2.748026 0.378456 0.886119
-2.754182 0.378730 0.965707
-2.771816 0.390332 1.038967
-2.757203 0.393170 0.806079
-2.748026 0.378456 0.886119
-2.754182 0.378730 0.965707
-2.771816 0.390332 1.038967
-3.334009 2.108555 -1.150599
-3.160070 1.993582 -1.140191
-2.990436 1.879360 -1.125591
-2.784143 1.740800 -1.111543
-2.686706 1.672933 -1.068615
-2.695072 1.673556 -0.998171
-2.615528 1.616490 -0.947718
-2.370088 1.452159 -0.922273
-2.085296 1.261189 -0.896549
-1.807218 1.073782 -0.858742
-1.465868 0.845587 -0.821698
-1.048449 0.565868 -0.778645
-0.621737 0.279204 -0.725995
-0.058590 -0.097701 -0.666079
0.540273 -0.499241 -0.592291
0.618246 -0.556759 -0.474331
0.595667 -0.545651 -0.355745
0.521123 -0.501393 -0.233810
0.409098 -0.430980 -0.118699
0.434769 -0.453839 0.000956
0.553009 -0.536811 0.120866
-2.761555 0.344354 0.810724
-2.761536 0.332721 0.970384
-3.334009 2.108555 -1.150599
-3.160070 1.993582 -1.140191
-2.990436 1.879360 -1.125591
-2.784143 1.740800 -1.111543
-2.686706 1.672933 -1.068615
-2.695072 1.673556 -0.998171
-2.615528 1.616490 -0.947718
-2.370088 1.452159 -0.922273
-2.085296 1.261189 -0.896549
-1.807218 1.073782 -0.858742
-1.465868 0.845587 -0.821698
-1.048449 0.565868 -0.778645
-0.621737 0.279204 -0.725995
-0.058590 -0.097701 -0.666079
0.540273 -0.499241 -0.592291
0.618246 -0.556759 -0.474331
0.595667 -0.545651 -0.355745
0.521123 -0.501393 -0.233810
0.409098 -0.430980 -0.118699
0.434769 -0.453839 0.000956
0.553009 -0.536811 0.120866
-2.761555 0.344354 0.810724
-2.752563 0.329591 0.891196
-2.761536 0.332721 0.970384
-2.775271 0.303235 0.813087
-2.775271 0.303235 0.813087
-2.775446 0.291597 0.973299
-3.356623 2.060617 -1.153869
-3.187540 1.945334 -1.142491
-3.019527 1.828707 -1.127909
-2.844485 1.706858 -1.106586
-2.708950 1.611380 -1.073218
-2.720554 1.614227 -1.001845
-2.677822 1.580259 -0.944203
-2.395423 1.385945 -0.926334
-2.146181 1.213138 -0.895227
-1.847786 1.006240 -0.861180
-1.559081 0.806709 -0.818002
-1.145700 0.521168 -0.775935
-0.696731 0.210589 -0.726661
-0.125778 -0.183238 -0.668309
0.440939 -0.575235 -0.593377
1.043046 -0.992322 -0.496996
0.426291 -0.575178 -0.356381
0.385398 -0.552489 -0.236383
0.340394 -0.525761 -0.121671
0.329444 -0.524202 -0.003115
0.344341 -0.538818 0.111489
0.400323 -0.582029 0.234871
0.564598 -0.702900 0.487858
-3.356623 2.060617 -1.153869
-3.187540 1.945334 -1.142491
-3.019527 1.828707 -1.127909
-2.844485 1.706858 -1.106586
-2.708950 1.611380 -1.073218
-2.720554 1.614227 -1.001845
-2.677822 1.580259 -0.944203
-2.395423 1.385945 -0.926334
-2.146181 1.213138 -0.895227
-1.847786 1.006240 -0.861180
-1.559081 0.806709 -0.818002
-1.145700 0.521168 -0.775935
-0.696731 0.210589 -0.726661
-0.125778 -0.183238 -0.668309
0.440939 -0.575235 -0.593377
1.043046 -0.992322 -0.496996
0.426291 -0.575178 -0.356381
0.385398 -0.552489 -0.236383
0.340394 -0.525761 -0.121671
0.329444 -0.524202 -0.003115
0.344341 -0.538818 0.111489
0.400323 -0.582029 0.234871
0.564598 -0.702900 0.487858
-3.408356 2.033209 -1.148293
-3.231355 1.909024 -1.140180
-3.074665 1.796743 -1.123281
-2.882062 1.659166 -1.107325
-2.741423 1.557321 -1.075588
-2.743278 1.553533 -1.006253
-2.717219 1.530153 -0.945194
-2.453805 1.343211 -0.924578
-2.197271 1.160165 -0.895507
-1.885517 0.937756 -0.864126
-1.586574 0.725062 -0.822629
-1.196786 0.447423 -0.778246
-0.752196 0.130577 -0.729171
-0.212942 -0.252874 -0.669101
0.413628 -0.698694 -0.598675
0.421257 -0.710274 -0.477878
0.372800 -0.680269 -0.359706
0.466266 -0.751587 -0.240321
2.464455 -2.165285 -0.101599
0.319080 -0.658240 -0.004538
0.268435 -0.627013 0.108055
0.261846 -0.627255 0.227355
0.313239 -0.667654 0.345184
-3.408356 2.033209 -1.148293
-3.231355 1.909024 -1.140180
-3.074665 1.796743 -1.123281
-2.882062 1.659166 -1.107325
-2.741423 1.557321 -1.075588
-2.743278 1.553533 -1.006253
-2.717219 1.530153 -0.945194
-2.453805 1.343211 -0.924578
-2.197271 1.160165 -0.895507
-1.885517 0.937756 -0.864126
-1.586574 0.725062 -0.822629
-1.196786 0.447423 -0.778246
-0.752196 0.130577 -0.729171
-0.212942 -0.252874 -0.669101
0.413628 -0.698694 -0.598675
0.421257 -0.710274 -0.477878
0.372800 -0.680269 -0.359706
1.944140 -1.793058 -0.249747
2.464455 -2.165285 -0.101599
0.268435 -0.627013 0.108055
0.261846 -0.627255 0.227355
0.313239 -0.667654 0.345184
-3.438102 1.991152 -1.149645
-3.269199 1.869004 -1.139754
-3.123658 1.761334 -1.120421
-2.920269 1.612046 -1.108104
-2.765080 1.496841 -1.080281
-2.773380 1.497563 -1.009317
-2.763701 1.485239 -0.944938
-2.493288 1.287738 -0.926376
-2.242555 1.103422 -0.896892
-1.930714 0.874353 -0.866185
-1.667063 0.680712 -0.820646
-1.261824 0.383713 -0.779181
-0.812005 0.053681 -0.731445
-0.271685 -0.341969 -0.672175
0.261199 -0.733311 -0.596794
0.407858 -0.845845 -0.483291
0.327434 -0.791826 -0.363365
0.533179 -0.946781 -0.244409
2.352837 -2.273171 -0.105887
0.409784 -0.868163 -0.003206
0.343292 -0.824585 0.111373
0.219504 -0.743692 0.340025
-3.438102 1.991152 -1.149645
-3.269199 1.869004 -1.139754
-3.123658 1.761334 -1.120421
-2.920269 1.612046 -1.108104
-2.765080 1.496841 -1.080281
-2.773380 1.497563 -1.009317
-2.763701 1.485239 -0.944938
-2.493288 1.287738 -0.926376
-2.242555 1.103422 -0.896892
-1.930714 0.874353 -0.866185
-1.667063 0.680712 -0.820646
-1.261824 0.383713 -0.779181
-0.812005 0.053681 -0.731445
-0.271685 -0.341969 -0.672175
0.261199 -0.733311 -0.596794
0.407858 -0.845845 -0.483291
0.327434 -0.791826 -0.363365
1.883092 -1.926512 -0.253722
2.352837 -2.273171 -0.105887
0.343292 -0.824585 0.111373
0.219504 -0.743692 0.340025
-3.310676 1.831895 -1.138432
-3.150919 1.710709 -1.123709
-2.959095 1.565510 -1.108923
-2.786537 1.434205 -1.085791
-2.804322 1.441935 -1.012432
-2.804349 1.436431 -0.946011
-2.527170 1.228128 -0.929401
-2.288592 1.047363 -0.898326
-2.002332 0.830487 -0.864499
-1.706277 0.607154 -0.824145
-1.302014 0.302113 -0.783061
-0.885650 -0.012810 -0.732561
-0.363726 -0.406447 -0.672835
0.195675 -0.829069 -0.600145
0.350353 -0.950900 -0.487067
0.305930 -0.922183 -0.367776
0.461407 -1.044203 -0.247707
1.375136 -1.732326 -0.118744
1.372975 -1.738356 0.022209
1.293514 -1.684529 0.153993
0.160991 -0.840780 0.223341
1.334677 -1.726621 0.431792
1.314548 -1.716631 0.572735
1.310160 -1.716706 0.707061
1.278324 -1.702932 0.843756
1.285485 -1.707684 0.980625
1.253250 -1.687674 1.118203
1.248395 -1.688739 1.254351
-3.310676 1.831895 -1.138432
-3.150919 1.710709 -1.123709
-2.959095 1.565510 -1.108923
-2.786537 1.434205 -1.085791
-2.804322 1.441935 -1.012432
-2.804349 1.436431 -0.946011
-2.527170 1.228128 -0.929401
-2.288592 1.047363 -0.898326
-2.002332 0.830487 -0.864499
-1.706277 0.607154 -0.824145
-1.302014 0.302113 -0.783061
-0.885650 -0.012810 -0.732561
-0.363726 -0.406447 -0.672835
0.195675 -0.829069 -0.600145
0.350353 -0.950900 -0.487067
0.305930 -0.922183 -0.367776
1.797535 -2.042647 -0.257653
1.375136 -1.732326 -0.118744
1.372975 -1.738356 0.022209
1.304902 -1.699208 0.295399
1.334677 -1.726621 0.431792
1.314548 -1.716631 0.572735
1.310160 -1.716706 0.707061
1.278324 -1.702932 0.843756
1.248395 -1.688739 1.254351
-3.349462 1.793156 -1.138070
-3.191428 1.669765 -1.123539
-2.989155 1.512491 -1.112235
-2.818433 1.378755 -1.089076
-2.829824 1.381904 -1.017005
-2.833060 1.378697 -0.949717
-2.584008 1.185649 -0.928348
-2.363778 1.013583 -0.895002
-2.071133 0.785561 -0.863320
-1.765597 0.548485 -0.825186
-1.387802 0.254744 -0.781931
-0.966390 -0.073209 -0.733114
-0.421494 -0.495942 -0.676302
0.125612 -0.921524 -0.603386
0.322959 -1.079669 -0.492318
0.329668 -1.089447 -0.373556
0.334380 -1.099163 -0.250658
0.328828 -1.099712 -0.131652
0.267062 -1.058979 -0.009788
0.055522 -0.915190 0.452467
-3.349462 1.793156 -1.138070
-3.191428 1.669765 -1.123539
-2.989155 1.512491 -1.112235
-2.818433 1.378755 -1.089076
-2.829824 1.381904 -1.017005
-2.833060 1.378697 -0.949717
-2.584008 1.185649 -0.928348
-2.363778 1.013583 -0.895002
-2.071133 0.785561 -0.863320
-1.765597 0.548485 -0.825186
-1.387802 0.254744 -0.781931
-0.966390 -0.073209 -0.733114
-0.421494 -0.495942 -0.676302
0.125612 -0.921524 -0.603386
0.322959 -1.079669 -0.492318
0.329668 -1.089447 -0.373556
0.334380 -1.099163 -0.250658
0.328828 -1.099712 -0.131652
0.267062 -1.058979 -0.009788
-3.367169 1.738406 -1.144275
-3.213918 1.615147 -1.128667
-3.026204 1.464613 -1.113957
-2.844962 1.318857 -1.093938
-2.831434 1.302722 -1.027275
-2.834661 1.299399 -0.959319
-2.622556 1.129574 -0.930879
-2.389135 0.942209 -0.900268
-2.109056 0.717411 -0.866956
-1.822495 0.488327 -0.826698
-1.451974 0.191787 -0.783386
-1.028918 -0.146964 -0.735570
-0.530740 -0.545173 -0.675813
0.054272 -1.012987 -0.606708
0.757546 -1.575405 -0.518336
0.259075 -1.186400 -0.377074
0.238548 -1.176420 -0.253910
0.201632 -1.152136 -0.135574
0.178057 -1.140445 -0.013633
0.235494 -1.191356 0.106238
-3.367169 1.738406 -1.144275
-3.213918 1.615147 -1.128667
-3.026204 1.464613 -1.113957
-2.844962 1.318857 -1.093938
-2.831434 1.302722 -1.027275
-2.834661 1.299399 -0.959319
-2.622556 1.129574 -0.930879
-2.389135 0.942209 -0.900268
-2.109056 0.717411 -0.866956
-1.822495 0.488327 -0.826698
-1.451974 0.191787 -0.783386
-1.028918 -0.146964 -0.735570
-0.530740 -0.545173 -0.675813
0.054272 -1.012987 -0.606708
0.757546 -1.575405 -0.518336
0.259075 -1.186400 -0.377074
0.238548 -1.176420 -0.253910
0.201632 -1.152136 -0.135574
0.178057 -1.140445 -0.013633
-3.416253 1.707898 -1.141184
-3.264776 1.582557 -1.125937
-3.085340 1.434346 -1.109978
-2.887793 1.271424 -1.095034
-2.868358 1.250138 -1.029854
-2.871634 1.246796 -0.961845
-2.680418 1.088868 -0.929899
-2.431128 0.883368 -0.902916
-2.163486 0.662133 -0.868257
-1.870873 0.421562 -0.829534
-1.513816 0.127357 -0.785260
-1.132726 -0.187173 -0.734046
-0.571954 -0.647577 -0.680938
-0.024538 -1.098409 -0.609715
0.515716 -1.544565 -0.514774
0.246045 -1.330354 -0.382309
0.172905 -1.277289 -0.257510
0.130113 -1.247535 -0.139046
0.103589 -1.233086 -0.017124
0.141724 -1.269711 0.101879
-3.416253 1.707898 -1.141184
-3.264776 1.582557 -1.125937
-3.085340 1.434346 -1.109978
-2.887793 1.271424 -1.095034
-2.868358 1.250138 -1.029854
-2.871634 1.246796 -0.961845
-2.680418 1.088868 -0.929899
-2.431128 0.883368 -0.902916
-2.163486 0.662133 -0.868257
-1.870873 0.421562 -0.829534
-1.513816 0.127357 -0.785260
-1.132726 -0.187173 -0.734046
-0.571954 -0.647577 -0.680938
-0.024538 -1.098409 -0.609715
0.515716 -1.544565 -0.514774
0.246045 -1.330354 -0.382309
0.172905 -1.277289 -0.257510
0.130113 -1.247535 -0.139046
0.103589 -1.233086 -0.017124
0.141724 -1.269711 0.101879
-3.303839 1.540997 -1.126753
-3.132548 1.395263 -1.109306
-2.925181 1.219650 -1.097704
-2.887815 1.183016 -1.036731
-2.903285 1.189650 -0.965723
-2.723423 1.036582 -0.931926
-2.492291 0.840245 -0.902385
-2.197214 0.589960 -0.872974
-1.929390 0.363058 -0.831152
-1.585667 0.071523 -0.786085
-1.193692 -0.261064 -0.736921
-0.666989 -0.706271 -0.681818
-0.101395 -1.185195 -0.612995
0.224051 -1.464536 -0.508701
0.190434 -1.441600 -0.386556
0.173204 -1.433880 -0.261869
0.081753 -1.362534 -0.142403
0.049272 -1.342683 -0.020122
0.071563 -1.367071 0.098555
-3.303839 1.540997 -1.126753
-3.132548 1.395263 -1.109306
-2.925181 1.219650 -1.097704
-2.887815 1.183016 -1.036731
-2.903285 1.189650 -0.965723
-2.723423 1.036582 -0.931926
-2.492291 0.840245 -0.902385
-2.197214 0.589960 -0.872974
-1.929390 0.363058 -0.831152
-1.585667 0.071523 -0.786085
-1.193692 -0.261064 -0.736921
-0.666989 -0.706271 -0.681818
-0.101395 -1.185195 -0.612995
0.224051 -1.464536 -0.508701
0.190434 -1.441600 -0.386556
0.173204 -1.433880 -0.261869
0.081753 -1.362534 -0.142403
0.049272 -1.342683 -0.020122
0.071563 -1.367071 0.098555
-3.349409 1.505056 -1.125840
-3.159249 1.339298 -1.114433
-2.987302 1.188641 -1.094278
-2.917458 1.123522 -1.041545
-2.920790 1.120062 -0.972926
-2.773178 0.990030 -0.932805
-2.538781 0.785342 -0.904589
-2.280456 0.559290 -0.870030
-2.018887 0.331294 -0.828546
-1.649028 0.009143 -0.788063
-1.249622 -0.339279 -0.740490
-0.753418 -0.771047 -0.683512
-0.170323 -1.278662 -0.616955
0.226948 -1.627769 -0.516346
0.181518 -1.594094 -0.392336
0.191627 -1.609793 -0.266619
0.143526 -1.573906 -0.145014
0.020421 -1.475335 -0.022499
-0.000016 -1.463521 0.095142
-3.349409 1.505056 -1.125840
-3.159249 1.339298 -1.114433
-2.987302 1.188641 -1.094278
-2.917458 1.123522 -1.041545
-2.920790 1.120062 -0.972926
-2.773178 0.990030 -0.932805
-2.538781 0.785342 -0.904589
-2.280456 0.559290 -0.870030
-2.018887 0.331294 -0.828546
-1.649028 0.009143 -0.788063
-1.249622 -0.339279 -0.740490
-0.753418 -0.771047 -0.683512
-0.170323 -1.278662 -0.616955
0.226948 -1.627769 -0.516346
0.181518 -1.594094 -0.392336
0.191627 -1.609793 -0.266619
0.020421 -1.475335 -0.022499
-0.000016 -1.463521 0.095142
-3.389476 1.464762 -1.126724
-3.213477 1.306633 -1.112185
-3.043681 1.153628 -1.092411
-2.942139 1.059111 -1.047840
-2.942527 1.052991 -0.979544
-2.826487 0.946856 -0.933125
-2.577092 0.723256 -0.908469
-2.333877 0.504049 -0.871950
-2.081494 0.277651 -0.829816
-1.728136 -0.039116 -0.788236
-1.315692 -0.408888 -0.743182
-0.828556 -0.844930 -0.686292
-0.255596 -1.358023 -0.619985
0.190648 -1.760378 -0.522413
0.175615 -1.752720 -0.398462
0.068742 -1.665232 -0.270011
0.134832 -1.729645 -0.148339
0.066849 -1.677320 -0.022966
-0.055092 -1.574998 0.092443
0.054270 -1.678904 0.224033
0.079406 -1.706843 0.346625
-3.389476 1.464762 -1.126724
-3.213477 1.306633 -1.112185
-3.043681 1.153628 -1.092411
-2.942139 1.059111 -1.047840
-2.942527 1.052991 -0.979544
-2.826487 0.946856 -0.933125
-2.577092 0.723256 -0.908469
-2.333877 0.504049 -0.871950
-2.081494 0.277651 -0.829816
-1.728136 -0.039116 -0.788236
-1.315692 -0.408888 -0.743182
-0.828556 -0.844930 -0.686292
-0.255596 -1.358023 -0.619985
0.190648 -1.760378 -0.522413
0.175615 -1.752720 -0.398462
0.068742 -1.665232 -0.270011
0.066849 -1.677320 -0.022966
-0.055092 -1.574998 0.092443
0.079406 -1.706843 0.346625
-3.424236 1.419886 -1.129414
-3.253374 1.261901 -1.114096
-3.065245 1.088219 -1.099824
-2.973793 1.000066 -1.052772
-2.974256 0.993860 -0.984257
-2.874398 0.899267 -0.934681
-2.639931 0.682808 -0.908055
-2.408660 0.468218 -0.870511
-2.360169 0.419593 -0.799672
-2.463316 0.507129 -0.705558
-1.367910 -0.490907 -0.747525
-0.880989 -0.939126 -0.691223
-0.332982 -1.444117 -0.623697
0.329355 -2.054477 -0.537497
0.096360 -1.855808 -0.275249
-0.029850 -1.754862 -0.027283
0.008920 -1.796667 0.095046
-2.539503 0.514603 0.437171
-2.574412 0.543667 0.509828
-3.424236 1.419886 -1.129414
-3.253374 1.261901 -1.114096
-3.065245 1.088219 -1.099824
-2.973793 1.000066 -1.052772
-2.974256 0.993860 -0.984257
-2.874398 0.899267 -0.934681
-2.639931 0.682808 -0.908055
-2.408660 0.468218 -0.870511
-2.360169 0.419593 -0.799672
-1.733812 -0.152768 -0.797778
-1.367910 -0.490907 -0.747525
-0.880989 -0.939126 -0.691223
-0.332982 -1.444117 -0.623697
0.329355 -2.054477 -0.537497
-0.029850 -1.754862 -0.027283
0.008920 -1.796667 0.095046
-2.539503 0.514603 0.437171
-2.574412 0.543667 0.509828
-3.311192 1.233604 -1.111073
-3.154435 1.083924 -1.089525
-2.997728 0.933314 -1.059908
-3.006954 0.935020 -0.989029
-2.917123 0.847023 -0.937481
-2.708957 0.648825 -0.906580
-2.536033 0.482350 -0.860301
-2.852534 0.771413 -0.736853
-2.841068 0.755469 -0.666006
-2.495021 0.427805 -0.634283
-2.508051 0.434715 -0.554684
-2.513250 0.434313 -0.478386
-2.524988 0.440062 -0.399674
-2.536816 0.447469 -0.324086
-2.529464 0.435898 -0.246746
-2.548724 0.450177 -0.171763
-2.557808 0.453506 -0.094360
-2.558293 0.449937 -0.019988
-2.571430 0.457985 0.057287
-2.564503 0.447832 0.131936
-2.578924 0.457735 0.209300
-2.581723 0.457776 0.283277
-2.581774 0.451056 0.360997
-2.599348 0.467513 0.433303
-2.599289 0.464268 0.512088
-2.594106 0.455912 0.588941
-2.606983 0.465299 0.665592
-2.606118 0.461494 0.742878
-3.311192 1.233604 -1.111073
-3.154435 1.083924 -1.089525
-2.997728 0.933314 -1.059908
-3.006954 0.935020 -0.989029
-2.917123 0.847023 -0.937481
-2.708957 0.648825 -0.906580
-2.536033 0.482350 -0.860301
-2.852534 0.771413 -0.736853
-2.841068 0.755469 -0.666006
-2.495021 0.427805 -0.634283
-2.508051 0.434715 -0.554684
-2.513250 0.434313 -0.478386
-2.524988 0.440062 -0.399674
-2.536816 0.447469 -0.324086
-2.529464 0.435898 -0.246746
-2.548724 0.450177 -0.171763
-2.557808 0.453506 -0.094360
-2.558293 0.449937 -0.019988
-2.571430 0.457985 0.057287
-2.564503 0.447832 0.131936
-2.578924 0.457735 0.209300
-2.581723 0.457776 0.283277
-2.581774 0.451056 0.360997
-2.599348 0.467513 0.433303
-2.599289 0.464268 0.512088
-2.594106 0.455912 0.588941
-2.606983 0.465299 0.665592
-2.606118 0.461494 0.742878
-3.346404 1.184872 -1.114714
-3.188887 1.030288 -1.093931
-3.028567 0.872042 -1.065678
-3.037756 0.873772 -0.994519
-2.960610 0.795343 -0.940330
-2.890115 0.722630 -0.883769
-2.900671 0.726673 -0.809348
-2.928729 0.748864 -0.734806
-2.931906 0.746530 -0.662661
-2.895687 0.706478 -0.597905
-2.583279 0.401895 -0.555098
-2.597138 0.409842 -0.478617
-2.605922 0.412962 -0.400684
-2.603252 0.406631 -0.326127
-2.613342 0.411567 -0.248845
-2.618005 0.412181 -0.174381
-2.621285 0.410026 -0.097173
-2.630438 0.414748 -0.023408
-2.634838 0.414577 0.054026
-2.645247 0.420943 0.127007
-2.653772 0.425416 0.204395
-2.647971 0.417092 0.278993
-2.659500 0.421407 0.354787
-2.665423 0.426928 0.428469
-2.671068 0.429136 0.505922
-2.671632 0.426146 0.581234
-2.684321 0.435606 0.657379
-2.691906 0.439940 0.732104
-3.346404 1.184872 -1.114714
-3.188887 1.030288 -1.093931
-3.028567 0.872042 -1.065678
-3.037756 0.873772 -0.994519
-2.960610 0.795343 -0.940330
-2.890115 0.722630 -0.883769
-2.900671 0.726673 -0.809348
-2.928729 0.748864 -0.734806
-2.931906 0.746530 -0.662661
-2.895687 0.706478 -0.597905
-2.583279 0.401895 -0.555098
-2.597138 0.409842 -0.478617
-2.605922 0.412962 -0.400684
-2.603252 0.406631 -0.326127
-2.613342 0.411567 -0.248845
-2.618005 0.412181 -0.174381
-2.621285 0.410026 -0.097173
-2.630438 0.414748 -0.023408
-2.634838 0.414577 0.054026
-2.645247 0.420943 0.127007
-2.653772 0.425416 0.204395
-2.647971 0.417092 0.278993
-2.659500 0.421407 0.354787
-2.665423 0.426928 0.428469
-2.671068 0.429136 0.505922
-2.671632 0.426146 0.581234
-2.684321 0.435606 0.657379
-2.691906 0.439940 0.732104
-3.399218 1.152902 -1.113407
-3.218565 0.971559 -1.099943
-3.049166 0.800040 -1.074385
-3.052654 0.796243 -1.004048
-3.024644 0.763581 -0.938988
-2.963693 0.698210 -0.881164
-2.974227 0.702410 -0.807257
-2.993495 0.716633 -0.734512
-2.993885 0.711532 -0.663094
-2.972446 0.684944 -0.597025
-2.922912 0.631087 -0.530757
-2.643985 0.350491 -0.481598
-2.649893 0.350852 -0.403702
-2.650161 0.347231 -0.328885
-2.663033 0.355057 -0.251445
-2.664859 0.352858 -0.176912
-2.671020 0.353503 -0.099663
-2.680118 0.358292 -0.025841
-2.676040 0.349661 0.052202
-2.692037 0.361755 0.124928
-2.686400 0.352196 0.203917
-2.694849 0.357828 0.277136
-2.706585 0.362176 0.427765
-2.703828 0.355995 0.507006
-2.712875 0.361390 0.580977
-2.714317 0.359794 0.659880
-2.733033 0.375387 0.732302
-3.399218 1.152902 -1.113407
-3.218565 0.971559 -1.099943
-3.049166 0.800040 -1.074385
-3.052654 0.796243 -1.004048
-3.024644 0.763581 -0.938988
-2.963693 0.698210 -0.881164
-2.974227 0.702410 -0.807257
-2.993495 0.716633 -0.734512
-2.993885 0.711532 -0.663094
-2.972446 0.684944 -0.597025
-2.922912 0.631087 -0.530757
-2.643985 0.350491 -0.481598
-2.649893 0.350852 -0.403702
-2.650161 0.347231 -0.328885
-2.663033 0.355057 -0.251445
-2.664859 0.352858 -0.176912
-2.671020 0.353503 -0.099663
-2.680118 0.358292 -0.025841
-2.676040 0.349661 0.052202
-2.692037 0.361755 0.124928
-2.686400 0.352196 0.203917
-2.694849 0.357828 0.277136
-2.709151 0.365060 0.352638
-2.706585 0.362176 0.427765
-2.703828 0.355995 0.507006
-2.712875 0.361390 0.580977
-2.714317 0.359794 0.659880
-2.733033 0.375387 0.732302
-3.435699 1.105251 -1.117130
-3.293675 0.957416 -1.093558
-3.090584 0.747469 -1.078124
-3.071844 0.721301 -1.012997
-3.069363 0.713329 -0.941919
-3.017710 0.655490 -0.882431
-3.030995 0.662612 -0.808141
-3.050080 0.677063 -0.735554
-3.042155 0.663438 -0.665455
-3.026699 0.642174 -0.598755
-2.986337 0.596115 -0.531834
-2.677724 0.277487 -0.485699
-2.655615 0.249341 -0.408958
-2.664353 0.254176 -0.332903
-2.677141 0.262083 -0.254659
-2.673427 0.254113 -0.179329
-2.690816 0.266192 -0.101441
-2.685913 0.256745 -0.026335
-2.698768 0.265149 0.051588
-2.697915 0.260261 0.126343
-2.711978 0.270586 0.204246
-2.731515 0.287719 0.276619
-2.712487 0.260847 0.357332
-2.782033 0.332043 0.421472
-2.768959 0.311265 0.577794
-2.792414 0.332318 0.651605
-2.761512 0.297093 0.735858
-3.435699 1.105251 -1.117130
-3.293675 0.957416 -1.093558
-3.090584 0.747469 -1.078124
-3.071844 0.721301 -1.012997
-3.069363 0.713329 -0.941919
-3.017710 0.655490 -0.882431
-3.030995 0.662612 -0.808141
-3.050080 0.677063 -0.735554
-3.042155 0.663438 -0.665455
-3.026699 0.642174 -0.598755
-2.986337 0.596115 -0.531834
-2.677724 0.277487 -0.485699
-2.655615 0.249341 -0.408958
-2.677141 0.262083 -0.254659
-2.685913 0.256745 -0.026335
-2.697915 0.260261 0.126343
-2.768959 0.311265 0.577794
-2.761512 0.297093 0.735858
-3.325311 0.899227 -1.099687
-3.125182 0.686369 -1.084110
-3.095821 0.648510 -1.021390
-3.107171 0.654568 -0.946755
-3.059088 0.598774 -0.886530
-3.072271 0.605999 -0.812065
-3.082877 0.612050 -0.740622
-3.072383 0.595350 -0.670571
-3.057229 0.573775 -0.603498
-1.263704 -1.302217 -0.707840
-0.727480 -1.870443 -0.644311
-3.325311 0.899227 -1.099687
-3.125182 0.686369 -1.084110
-3.095821 0.648510 -1.021390
-3.107171 0.654568 -0.946755
-3.059088 0.598774 -0.886530
-3.072271 0.605999 -0.812065
-3.082877 0.612050 -0.740622
-3.072383 0.595350 -0.670571
-3.057229 0.573775 -0.603498
-1.263704 -1.302217 -0.707840
-0.727480 -1.870443 -0.644311
-3.384366 0.870324 -1.098023
-3.173736 0.640445 -1.086507
-3.139501 0.596393 -1.025151
-3.134508 0.585264 -0.954066
-3.062772 0.502713 -0.898430
-3.086680 0.521502 -0.820994
-3.094460 0.524655 -0.749265
-3.084184 0.507661 -0.678420
-3.077488 0.494482 -0.609599
-1.351089 -1.362519 -0.710529
-0.806515 -1.955737 -0.648917
-3.384366 0.870324 -1.098023
-3.173736 0.640445 -1.086507
-3.139501 0.596393 -1.025151
-3.134508 0.585264 -0.954066
-3.062772 0.502713 -0.898430
-3.086680 0.521502 -0.820994
-3.094460 0.524655 -0.749265
-3.084184 0.507661 -0.678420
-1.736145 -0.941908 -0.771974
-1.351089 -1.362519 -0.710529
-0.806515 -1.955737 -0.648917
-3.430329 0.828006 -1.100301
-3.228250 0.600995 -1.087491
-3.157326 0.515760 -1.035669
-3.163129 0.516057 -0.961451
-3.025717 0.359316 -0.919358
-2.808535 0.114269 -0.885027
-2.564307 -0.159570 -0.848208
-2.235128 -0.528670 -0.810915
-1.896006 -0.909902 -0.764581
-1.398933 -1.465788 -0.717383
-0.967234 -1.951168 -0.647041
-3.430329 0.828006 -1.100301
-3.228250 0.600995 -1.087491
-3.157326 0.515760 -1.035669
-3.163129 0.516057 -0.961451
-3.025717 0.359316 -0.919358
-2.808535 0.114269 -0.885027
-2.564307 -0.159570 -0.848208
-2.235128 -0.528670 -0.810915
-1.896006 -0.909902 -0.764581
-1.398933 -1.465788 -0.717383
-0.967234 -1.951168 -0.647041
-3.285849 0.565315 -1.087781
-3.187261 0.446724 -1.043587
-3.174637 0.426309 -0.973218
-3.078860 0.311906 -0.922004
-2.867752 0.066797 -0.887342
-2.611555 -0.228292 -0.853449
-2.287549 -0.602008 -0.816127
-1.959053 -0.982022 -0.769116
-1.498811 -1.511912 -0.719095
-1.066011 -2.012274 -0.650200
-3.285849 0.565315 -1.087781
-3.187261 0.446724 -1.043587
-3.174637 0.426309 -0.973218
-3.078860 0.311906 -0.922004
-2.867752 0.066797 -0.887342
-2.611555 -0.228292 -0.853449
-2.287549 -0.602008 -0.816127
-1.959053 -0.982022 -0.769116
-1.498811 -1.511912 -0.719095
-1.066011 -2.012274 -0.650200
-3.338655 0.524613 -1.089560
-3.200397 0.356986 -1.056303
-3.211300 0.363088 -0.979532
-3.137838 0.271236 -0.923571
-2.922398 0.014184 -0.890709
-2.675530 -0.278459 -0.856070
-2.369751 -0.641588 -0.817114
-2.023223 -1.053360 -0.773721
-1.588598 -1.568464 -0.721952
-1.162822 -2.074847 -0.653631
-3.338655 0.524613 -1.089560
-3.200397 0.356986 -1.056303
-3.211300 0.363088 -0.979532
-3.137838 0.271236 -0.923571
-2.922398 0.014184 -0.890709
-2.675530 -0.278459 -0.856070
-2.369751 -0.641588 -0.817114
-2.023223 -1.053360 -0.773721
-1.588598 -1.568464 -0.721952
-1.162822 -2.074847 -0.653631
-3.409756 0.505706 -1.086246
-3.235744 0.291029 -1.063708
-3.223634 0.269952 -0.992109
-3.212583 0.249651 -0.921791
-2.972714 -0.043773 -0.895138
-2.727394 -0.342925 -0.860989
-2.421599 -0.716446 -0.822844
-2.111498 -1.096364 -0.775358
-1.684104 -1.617485 -0.724295
-1.224561 -2.178895 -0.660265
-3.409756 0.505706 -1.086246
-3.235744 0.291029 -1.063708
-3.223634 0.269952 -0.992109
-3.212583 0.249651 -0.921791
-2.972714 -0.043773 -0.895138
-2.727394 -0.342925 -0.860989
-2.421599 -0.716446 -0.822844
-2.111498 -1.096364 -0.775358
-1.684104 -1.617485 -0.724295
-1.224561 -2.178895 -0.660265
-3.455806 0.457694 -1.090288
-3.274800 0.228382 -1.070506
-3.265477 0.210082 -0.997957
-3.259718 0.195661 -0.926242
-3.036498 -0.085753 -0.897083
-2.795381 -0.388308 -0.863257
-2.509894 -0.747540 -0.823121
-2.197595 -1.141016 -0.777366
-1.674527 -1.795162 -0.738550
-3.455806 0.457694 -1.090288
-3.274800 0.228382 -1.070506
-3.265477 0.210082 -0.997957
-3.259718 0.195661 -0.926242
-3.036498 -0.085753 -0.897083
-2.795381 -0.388308 -0.863257
-2.509894 -0.747540 -0.823121
-2.197595 -1.141016 -0.777366
-1.674527 -1.795162 -0.738550
-3.324810 0.178414 -1.074646
-3.288680 0.125904 -1.008859
-3.295415 0.126733 -0.933587
-3.073664 -0.160965 -0.904680
-2.858974 -0.438900 -0.866474
-2.571124 -0.811477 -0.827785
-2.249535 -1.228097 -0.784196
-1.772665 -1.842532 -0.741057
-3.324810 0.178414 -1.074646
-3.288680 0.125904 -1.008859
-3.295415 0.126733 -0.933587
-3.073664 -0.160965 -0.904680
-2.858974 -0.438900 -0.866474
-2.571124 -0.811477 -0.827785
-2.249535 -1.228097 -0.784196
-1.772665 -1.842532 -0.741057
-3.392497 0.150890 -1.074052
-3.311197 0.038506 -1.020485
-3.322736 0.045510 -0.943289
-3.151004 -0.185671 -0.904157
-2.952341 -0.450802 -0.864253
-2.635793 -0.871496 -0.832115
-2.337017 -1.270465 -0.786302
-1.856642 -1.907335 -0.745322
-3.392497 0.150890 -1.074052
-3.311197 0.038506 -1.020485
-3.322736 0.045510 -0.943289
-3.151004 -0.185671 -0.904157
-2.952341 -0.450802 -0.864253
-2.635793 -0.871496 -0.832115
-2.337017 -1.270465 -0.786302
-1.856642 -1.907335 -0.745322
-3.448491 0.108737 -1.076905
-3.347409 -0.033233 -1.029073
-3.344585 -0.045211 -0.954803
-3.206978 -0.237644 -0.908282
-3.078642 -0.416449 -0.855593
-3.075010 -0.429865 -0.773410
-3.088901 -0.419723 -0.691766
-3.100658 -0.411722 -0.608684
-3.079879 -0.447520 -0.531639
-3.448491 0.108737 -1.076905
-3.347409 -0.033233 -1.029073
-3.344585 -0.045211 -0.954803
-3.206978 -0.237644 -0.908282
-3.078642 -0.416449 -0.855593
-3.075010 -0.429865 -0.773410
-3.088901 -0.419723 -0.691766
-3.100658 -0.411722 -0.608684
-3.368708 -0.127072 -1.042157
-3.368360 -0.136095 -0.966425
-3.282422 -0.263231 -0.908319
-3.170613 -0.424514 -0.853324
-3.167187 -0.437959 -0.771841
-3.185618 -0.421155 -0.690158
-3.187931 -0.425915 -0.609036
-3.165323 -0.465251 -0.532809
-3.368708 -0.127072 -1.042157
-3.368360 -0.136095 -0.966425
-3.282422 -0.263231 -0.908319
-3.170613 -0.424514 -0.853324
-3.167187 -0.437959 -0.771841
-3.185618 -0.421155 -0.690158
-3.187931 -0.425915 -0.609036
-3.165323 -0.465251 -0.532809
-3.403450 -0.204994 -1.052190
-3.405502 -0.210951 -0.975272
-3.351083 -0.297291 -0.909931
-3.252990 -0.443903 -0.852899
-3.236027 -0.476927 -0.774325
-3.267973 -0.440356 -0.690635
-3.256621 -0.464702 -0.611738
-3.236860 -0.501128 -0.535412
-3.403450 -0.204994 -1.052190
-3.405502 -0.210951 -0.975272
-3.351083 -0.297291 -0.909931
-3.252990 -0.443903 -0.852899
-3.236027 -0.476927 -0.774325
-3.267973 -0.440356 -0.690635
-3.256621 -0.464702 -0.611738
-3.236860 -0.501128 -0.535412
-3.439768 -0.282758 -1.062315
-3.421720 -0.318206 -0.989999
-3.435774 -0.307402 -0.907917
-3.299363 -0.514346 -0.859941
-3.287356 -0.541153 -0.780114
-3.316554 -0.507538 -0.696420
-3.310042 -0.525545 -0.616548
-3.293048 -0.559027 -0.539732
-3.439768 -0.282758 -1.062315
-3.421720 -0.318206 -0.989999
-3.435774 -0.307402 -0.907917
-3.299363 -0.514346 -0.859941
-3.287356 -0.541153 -0.780114
-3.316554 -0.507538 -0.696420
-3.310042 -0.525545 -0.616548
-3.293048 -0.559027 -0.539732
-3.462301 -0.392897 -0.999044
-3.327295 -0.614155 -0.871282
-3.071625 -1.009414 -0.836139
-3.348802 -0.600826 -0.705127
-3.349149 -0.609089 -0.623517
-3.354616 -0.609590 -0.543626
-3.462301 -0.392897 -0.999044
-3.327295 -0.614155 -0.871282
-3.071625 -1.009414 -0.836139
-3.348802 -0.600826 -0.705127
-3.349149 -0.609089 -0.623517
-3.360401 -0.711264 -0.882318
-3.086666 -1.147051 -0.851097
-2.818073 -1.576499 -0.808218
-2.459414 -2.147375 -0.761072
-3.360401 -0.711264 -0.882318
-3.086666 -1.147051 -0.851097
-2.818073 -1.576499 -0.808218
-2.459414 -2.147375 -0.761072
-3.420020 -0.767407 -0.887749
-3.173436 -1.173263 -0.852455
-2.904545 -1.616555 -0.811304
-2.499177 -2.280491 -0.772640
-3.420020 -0.767407 -0.887749
-3.173436 -1.173263 -0.852455
-2.904545 -1.616555 -0.811304
-2.499177 -2.280491 -0.772640
-3.256165 -1.204899 -0.854665
-3.003768 -1.634847 -0.812244
-3.256165 -1.204899 -0.854665
-3.003768 -1.634847 -0.812244
-3.329087 -1.252428 -0.859005
-3.090751 -1.672136 -0.815381
-3.329087 -1.252428 -0.859005
-3.090751 -1.672136 -0.815381
-3.394862 -1.312800 -0.865088
-3.325203 -1.448127 -0.790935
-3.353762 -1.409157 -0.694457
-3.359501 -1.410476 -0.605086
-3.338382 -1.459575 -0.515962
-3.394862 -1.312800 -0.865088
-3.325203 -1.448127 -0.790935
-3.353762 -1.409157 -0.694457
-3.359501 -1.410476 -0.605086
-3.338382 -1.459575 -0.515962
-3.436045 -1.431902 -0.788752
-3.452583 -1.413508 -0.695098
-3.460249 -1.411257 -0.606081
-3.447446 -1.446624 -0.516876
-3.416971 -1.511761 -0.431186
-3.436045 -1.431902 -0.788752
-3.452583 -1.413508 -0.695098
-3.460249 -1.411257 -0.606081
-3.447446 -1.446624 -0.516876
1.266859 2.199801 -0.661448
0.665846 2.306969 -0.734852
0.665846 2.306969 -0.734852
1.247741 2.088508 -0.663996
0.592797 2.226659 -0.733498
0.474845 2.245953 0.280153
0.592797 2.226659 -0.733498
1.201368 1.988582 -0.665089
0.474845 2.245953 0.280153
0.533652 2.141946 -0.733318
1.127705 1.899837 -0.664729
0.078167 2.300788 0.158193
0.656247 2.064699 0.295507
0.533652 2.141946 -0.733318
1.127705 1.899837 -0.664729
0.078167 2.300788 0.158193
0.656247 2.064699 0.295507
-0.006772 2.262717 -0.790403
0.499237 2.047617 -0.735155
1.078797 1.801814 -0.665988
-0.012699 2.254648 -0.507463
-0.003482 2.247486 -0.411880
-0.017186 2.251375 -0.319083
-0.010278 2.245687 -0.223675
0.073136 2.208660 -0.129925
0.040468 2.219045 -0.033713
0.010788 2.229289 0.057750
0.270386 2.117439 0.170969
-0.006772 2.262717 -0.790403
0.499237 2.047617 -0.735155
1.078797 1.801814 -0.665988
-0.012699 2.254648 -0.507463
-0.003482 2.247486 -0.411880
-0.017186 2.251375 -0.319083
-0.010278 2.245687 -0.223675
0.073136 2.208660 -0.129925
0.040468 2.219045 -0.033713
0.010788 2.229289 0.057750
0.270386 2.117439 0.170969
-0.068734 2.188575 -0.789576
0.434201 1.966422 -0.734844
1.057875 1.691845 -0.669105
0.013101 2.142165 -0.511807
0.121207 2.091647 -0.418191
0.107574 2.095587 -0.322958
0.085048 2.102451 -0.225068
0.145903 2.073758 -0.129705
0.153615 2.066863 -0.030488
0.116652 2.080633 0.062893
0.528163 1.897787 0.187903
-0.068734 2.188575 -0.789576
0.434201 1.966422 -0.734844
1.057875 1.691845 -0.669105
1.794241 1.367462 -0.592526
0.121207 2.091647 -0.418191
0.107574 2.095587 -0.322958
0.085048 2.102451 -0.225068
0.145903 2.073758 -0.129705
0.153615 2.066863 -0.030488
0.116652 2.080633 0.062893
-0.555661 2.310115 -0.839466
-0.117024 2.109121 -0.790151
0.397304 1.873392 -0.736839
0.977038 1.608152 -0.668759
1.661436 1.294887 -0.590760
0.432174 1.846194 -0.430367
2.721611 0.808019 -0.364185
0.297793 1.901604 -0.226514
0.533023 1.792657 -0.124568
0.445740 1.828397 -0.021646
0.386920 1.852487 0.075721
-0.555661 2.310115 -0.839466
-0.117024 2.109121 -0.790151
0.397304 1.873392 -0.736839
0.977038 1.608152 -0.668759
1.661436 1.294887 -0.590760
0.432174 1.846194 -0.430367
2.721611 0.808019 -0.364185
0.297793 1.901604 -0.226514
0.533023 1.792657 -0.124568
0.386920 1.852487 0.075721
-0.602123 2.237615 -0.839813
-0.180796 2.037240 -0.789448
0.315711 1.801104 -0.735546
0.909744 1.519329 -0.669375
1.575214 1.203290 -0.591228
2.160138 0.924311 -0.486323
2.556048 0.735536 -0.364971
3.134403 0.459302 -0.226884
-0.602123 2.237615 -0.839813
-0.180796 2.037240 -0.789448
0.315711 1.801104 -0.735546
0.909744 1.519329 -0.669375
1.575214 1.203290 -0.591228
2.160138 0.924311 -0.486323
2.556048 0.735536 -0.364971
3.134403 0.459302 -0.226884
-0.688949 2.184956 -0.835876
-0.209513 1.949252 -0.792179
0.272882 1.711381 -0.737410
0.855737 1.424783 -0.670964
1.516727 1.099441 -0.593124
2.050943 0.834981 -0.487053
2.516094 0.605636 -0.367777
2.946677 0.391302 -0.229605
-0.688949 2.184956 -0.835876
-0.209513 1.949252 -0.792179
0.272882 1.711381 -0.737410
0.855737 1.424783 -0.670964
1.516727 1.099441 -0.593124
2.050943 0.834981 -0.487053
2.516094 0.605636 -0.367777
2.946677 0.391302 -0.229605
-1.085183 2.291738 -0.878237
-0.726317 2.109284 -0.837523
-0.310801 1.897223 -0.788219
0.218111 1.627634 -0.738505
0.825452 1.318560 -0.674215
1.471129 0.989344 -0.595791
1.951600 0.742542 -0.488191
2.424205 0.501259 -0.369895
2.701749 0.356504 -0.232357
3.002934 0.200806 -0.090332
-1.085183 2.291738 -0.878237
-0.726317 2.109284 -0.837523
-0.310801 1.897223 -0.788219
0.218111 1.627634 -0.738505
0.825452 1.318560 -0.674215
1.471129 0.989344 -0.595791
1.951600 0.742542 -0.488191
2.424205 0.501259 -0.369895
2.701749 0.356504 -0.232357
-1.121023 2.221606 -0.879835
-0.764739 2.034134 -0.839237
-0.359302 1.819929 -0.789388
0.148084 1.552151 -0.738535
0.743947 1.238297 -0.674387
1.434584 0.874252 -0.599070
1.883191 0.635454 -0.490428
2.412662 0.356079 -0.373448
2.560484 0.273965 -0.235148
2.802755 0.143621 -0.095299
-1.121023 2.221606 -0.879835
-0.764739 2.034134 -0.839237
-0.359302 1.819929 -0.789388
0.148084 1.552151 -0.738535
0.743947 1.238297 -0.674387
1.434584 0.874252 -0.599070
1.883191 0.635454 -0.490428
2.412662 0.356079 -0.373448
2.560484 0.273965 -0.235148
2.802755 0.143621 -0.095299
-1.157834 2.151985 -0.881495
-0.807712 1.961410 -0.840618
-0.377207 1.726477 -0.793690
0.070164 1.481772 -0.738055
0.658050 1.161514 -0.674395
1.357600 0.780273 -0.600557
1.830978 0.520001 -0.493333
2.303687 0.261648 -0.375524
2.520738 0.139387 -0.238074
2.764663 0.003656 -0.097869
-1.157834 2.151985 -0.881495
-0.807712 1.961410 -0.840618
-0.377207 1.726477 -0.793690
0.070164 1.481772 -0.738055
0.658050 1.161514 -0.674395
1.357600 0.780273 -0.600557
1.830978 0.520001 -0.493333
2.303687 0.261648 -0.375524
2.520738 0.139387 -0.238074
2.764663 0.003656 -0.097869
-1.539385 2.277085 -0.915608
-1.209527 2.090572 -0.881394
-0.855150 1.891267 -0.841663
-0.427973 1.650328 -0.795002
0.040353 1.385827 -0.741642
0.637687 1.049578 -0.678820
1.286458 0.683787 -0.602469
1.749161 0.420755 -0.495411
2.214715 0.157700 -0.378039
2.510368 -0.012504 -0.241159
2.703459 -0.124453 -0.100877
-1.539385 2.277085 -0.915608
-1.209527 2.090572 -0.881394
-0.855150 1.891267 -0.841663
-0.427973 1.650328 -0.795002
0.040353 1.385827 -0.741642
0.637687 1.049578 -0.678820
1.286458 0.683787 -0.602469
1.749161 0.420755 -0.495411
2.214715 0.157700 -0.378039
2.510368 -0.012504 -0.241159
2.703459 -0.124453 -0.100877
-1.589165 2.221173 -0.915207
-1.261961 2.030077 -0.881345
-0.934607 1.839660 -0.839161
-0.476283 1.573013 -0.796723
-0.032466 1.313872 -0.741865
0.570493 0.963343 -0.680354
1.245274 0.570578 -0.606039
1.693862 0.307001 -0.498513
2.134894 0.049356 -0.380828
2.500908 -0.167007 -0.244397
2.727032 -0.301759 -0.102748
-1.589165 2.221173 -0.915207
-1.261961 2.030077 -0.881345
-0.934607 1.839660 -0.839161
-0.476283 1.573013 -0.796723
-0.032466 1.313872 -0.741865
0.570493 0.963343 -0.680354
1.245274 0.570578 -0.606039
1.693862 0.307001 -0.498513
2.134894 0.049356 -0.380828
2.500908 -0.167007 -0.244397
2.727032 -0.301759 -0.102748
-1.632770 2.162131 -0.915884
-1.301426 1.962443 -0.883178
-0.966479 1.761382 -0.842326
-0.539359 1.504539 -0.797134
-0.068313 1.220932 -0.745325
0.498782 0.880286 -0.681729
1.119894 0.506652 -0.605482
1.602551 0.214359 -0.500528
2.074315 -0.069928 -0.384092
2.471635 -0.311944 -0.247754
3.348726 -0.838862 -0.096261
-1.632770 2.162131 -0.915884
-1.301426 1.962443 -0.883178
-0.966479 1.761382 -0.842326
-0.539359 1.504539 -0.797134
-0.068313 1.220932 -0.745325
0.498782 0.880286 -0.681729
1.119894 0.506652 -0.605482
1.602551 0.214359 -0.500528
2.074315 -0.069928 -0.384092
2.471635 -0.311944 -0.247754
3.348726 -0.838862 -0.096261
-1.948062 2.272287 -0.946418
-1.663577 2.095559 -0.918678
-1.382577 1.920133 -0.879559
-1.036921 1.706171 -0.841124
-0.599842 1.435106 -0.797948
-0.129406 1.142857 -0.746839
0.422653 0.800548 -0.682941
1.079377 0.393216 -0.609407
1.547681 0.100386 -0.503942
1.954060 -0.152905 -0.386359
2.446808 -0.461226 -0.251266
3.285771 -0.981610 -0.099776
-1.948062 2.272287 -0.946418
-1.663577 2.095559 -0.918678
-1.382577 1.920133 -0.879559
-1.036921 1.706171 -0.841124
-0.599842 1.435106 -0.797948
-0.129406 1.142857 -0.746839
0.422653 0.800548 -0.682941
1.079377 0.393216 -0.609407
1.547681 0.100386 -0.503942
1.954060 -0.152905 -0.386359
2.446808 -0.461226 -0.251266
3.285771 -0.981610 -0.099776
-1.991247 2.217718 -0.946992
-1.709298 2.036983 -0.919484
-1.397156 1.836472 -0.885206
-1.078115 1.632399 -0.843635
-0.668519 1.370004 -0.798154
-0.195522 1.066878 -0.748160
0.351637 0.716775 -0.684721
0.995779 0.304436 -0.611327
1.486920 -0.012140 -0.507378
1.889671 -0.271243 -0.389856
2.405031 -0.603733 -0.254932
3.121704 -1.063199 -0.104807
-1.991247 2.217718 -0.946992
-1.709298 2.036983 -0.919484
-1.397156 1.836472 -0.885206
-1.078115 1.632399 -0.843635
-0.668519 1.370004 -0.798154
-0.195522 1.066878 -0.748160
0.351637 0.716775 -0.684721
0.995779 0.304436 -0.611327
1.486920 -0.012140 -0.507378
1.889671 -0.271243 -0.389856
2.405031 -0.603733 -0.254932
3.121704 -1.063199 -0.104807
-2.038002 2.166717 -0.947016
-1.761948 1.984217 -0.919279
-1.435972 1.768584 -0.887676
-1.119806 1.560043 -0.846186
-0.707222 1.287587 -0.801521
-0.302058 1.019131 -0.745994
0.290340 0.628791 -0.687247
0.925315 0.209639 -0.614006
0.825929 0.268367 -0.488834
0.786238 0.290313 -0.372393
2.365264 -0.746811 -0.258702
2.981709 -1.155055 -0.109526
-2.431662 1.059711 0.856387
-2.319810 0.940548 0.972839
-2.038002 2.166717 -0.947016
-1.761948 1.984217 -0.919279
-1.435972 1.768584 -0.887676
-1.119806 1.560043 -0.846186
-0.707222 1.287587 -0.801521
-0.302058 1.019131 -0.745994
0.290340 0.628791 -0.687247
0.925315 0.209639 -0.614006
0.825929 0.268367 -0.488834
1.928290 -0.455127 -0.395522
2.365264 -0.746811 -0.258702
2.981709 -1.155055 -0.109526
-2.431662 1.059711 0.856387
-2.319810 0.940548 0.972839
-2.420255 1.000410 0.787714
-2.414270 0.988444 0.867834
-2.418050 0.985979 0.949115
-2.420255 1.000410 0.787714
-2.414270 0.988444 0.867834
-2.418050 0.985979 0.949115
-2.316407 2.273784 -0.975150
-2.078778 2.112127 -0.948237
-1.831716 1.943361 -0.916512
-1.508818 1.723238 -0.885572
-1.189009 1.505906 -0.845541
-0.770351 1.221082 -0.802515
-0.378927 0.953637 -0.746508
0.207954 0.555059 -0.688425
0.860234 0.111474 -0.617131
0.804797 0.142483 -0.493540
0.718950 0.196109 -0.375396
0.743982 0.173828 -0.256819
0.831179 0.110773 -0.140428
0.803281 0.123355 -0.020048
-2.482015 1.004208 0.854429
-2.447723 0.962229 0.946856
-2.468240 0.976879 1.019995
-2.316407 2.273784 -0.975150
-2.078778 2.112127 -0.948237
-1.831716 1.943361 -0.916512
-1.508818 1.723238 -0.885572
-1.189009 1.505906 -0.845541
-0.770351 1.221082 -0.802515
-0.378927 0.953637 -0.746508
0.207954 0.555059 -0.688425
0.860234 0.111474 -0.617131
0.804797 0.142483 -0.493540
0.718950 0.196109 -0.375396
0.743982 0.173828 -0.256819
3.043277 -1.380544 -0.111681
-2.447109 0.973927 0.786317
-2.482015 1.004208 0.854429
-2.447723 0.962229 0.946856
-2.468240 0.976879 1.019995
-2.490407 0.964711 0.780441
-2.498043 0.966765 0.856227
-2.509818 0.972717 0.934315
-2.490407 0.964711 0.780441
-2.498043 0.966765 0.856227
-2.509818 0.972717 0.934315
-2.519379 0.976083 1.010393
-2.451245 2.298897 -1.090880
-2.476123 2.310767 -1.017633
-2.375185 2.236498 -0.972435
-2.113749 2.053686 -0.950663
-1.859250 1.874732 -0.920564
-1.559086 1.663573 -0.886754
-1.258742 1.453057 -0.844938
-0.827713 1.151127 -0.804267
-0.397377 0.848771 -0.752404
0.131339 0.478265 -0.690140
0.731351 0.057414 -0.616858
0.811086 -0.004174 -0.499508
0.745707 0.036828 -0.380536
0.698097 0.064213 -0.260074
0.613566 0.118503 -0.145557
0.635178 0.097189 -0.026323
0.718569 0.034395 0.091807
-2.522888 0.944452 0.777539
-2.527815 0.943657 0.854014
-2.451245 2.298897 -1.090880
-2.476123 2.310767 -1.017633
-2.375185 2.236498 -0.972435
-2.113749 2.053686 -0.950663
-1.859250 1.874732 -0.920564
-1.559086 1.663573 -0.886754
-1.258742 1.453057 -0.844938
-0.827713 1.151127 -0.804267
-0.397377 0.848771 -0.752404
0.131339 0.478265 -0.690140
0.731351 0.057414 -0.616858
0.811086 -0.004174 -0.499508
0.745707 0.036828 -0.380536
0.698097 0.064213 -0.260074
0.613566 0.118503 -0.145557
0.635178 0.097189 -0.026323
-2.522888 0.944452 0.777539
-2.527815 0.943657 0.854014
-2.534202 0.943945 0.933757
-2.530459 0.933120 1.014437
-2.544789 0.912920 0.777598
-2.549745 0.912140 0.854183
-2.544789 0.912920 0.777598
-2.549745 0.912140 0.854183
-2.564104 0.921069 0.931477
-2.552514 0.901581 1.014823
-2.552762 2.298992 -1.142260
-2.483609 2.245727 -1.093361
-2.495427 2.248813 -1.022823
-2.401971 2.177611 -0.976121
-2.162500 2.004818 -0.950822
-1.917015 1.826905 -0.919966
-1.610118 1.604706 -0.887989
-1.293269 1.376202 -0.848893
-0.879481 1.077460 -0.806787
-0.450155 0.766782 -0.755429
0.063580 0.395832 -0.692641
0.605589 0.003700 -0.616800
1.237741 -0.453730 -0.522233
0.697737 -0.072955 -0.384257
0.595177 -0.005477 -0.263175
0.560204 0.014993 -0.148629
0.519732 0.037526 -0.031031
0.543799 0.015417 0.083490
0.647252 -0.064109 0.209678
0.750019 -0.146890 0.457953
-2.566951 0.881506 0.777642
-2.588886 0.892640 0.930893
-2.582686 0.878813 1.012471
-2.552762 2.298992 -1.142260
-2.483609 2.245727 -1.093361
-2.495427 2.248813 -1.022823
-2.401971 2.177611 -0.976121
-2.162500 2.004818 -0.950822
-1.917015 1.826905 -0.919966
-1.610118 1.604706 -0.887989
-1.293269 1.376202 -0.848893
-0.879481 1.077460 -0.806787
-0.450155 0.766782 -0.755429
0.063580 0.395832 -0.692641
0.605589 0.003700 -0.616800
1.237741 -0.453730 -0.522233
0.697737 -0.072955 -0.384257
0.595177 -0.005477 -0.263175
0.560204 0.014993 -0.148629
0.519732 0.037526 -0.031031
0.543799 0.015417 0.083490
0.647252 -0.064109 0.209678
-2.566951 0.881506 0.777642
-2.561373 0.869149 0.857519
-2.588886 0.892640 0.930893
-2.582686 0.878813 1.012471
-2.568336 0.826832 0.783592
-2.562944 0.814463 0.864010
-2.568336 0.826832 0.783592
-2.562944 0.814463 0.864010
-2.574744 0.820724 0.943070
-2.610573 2.265567 -1.138337
-2.516744 2.192972 -1.095892
-2.512562 2.184611 -1.028769
-2.452048 2.135197 -0.975390
-2.192617 1.942816 -0.954512
-1.956039 1.766117 -0.922560
-1.645846 1.534951 -0.891615
-1.354707 1.318416 -0.849623
-0.964443 1.028025 -0.805825
-0.523418 0.699625 -0.756734
0.010849 0.302645 -0.696425
0.515116 -0.073444 -0.618822
0.644623 -0.175208 -0.505060
0.577160 -0.130208 -0.386456
0.655943 -0.194162 -0.267187
2.598348 -1.630154 -0.126836
0.539108 -0.119555 -0.031755
0.472755 -0.075616 0.080014
0.469084 -0.078310 0.199217
0.522550 -0.122351 0.317144
-2.623568 0.818681 0.934785
-2.610573 2.265567 -1.138337
-2.516744 2.192972 -1.095892
-2.512562 2.184611 -1.028769
-2.452048 2.135197 -0.975390
-2.192617 1.942816 -0.954512
-1.956039 1.766117 -0.922560
-1.645846 1.534951 -0.891615
-1.354707 1.318416 -0.849623
-0.964443 1.028025 -0.805825
-0.523418 0.699625 -0.756734
0.010849 0.302645 -0.696425
0.515116 -0.073444 -0.618822
0.644623 -0.175208 -0.505060
0.577160 -0.130208 -0.386456
2.095870 -1.254114 -0.274721
2.598348 -1.630154 -0.126836
0.472755 -0.075616 0.080014
0.469084 -0.078310 0.199217
0.522550 -0.122351 0.317144
-2.649744 2.219250 -1.139300
-2.547489 2.138298 -1.099225
-2.543419 2.129805 -1.031994
-2.496252 2.088937 -0.975974
-2.245880 1.897695 -0.954178
-2.011809 1.717718 -0.922574
-1.708066 1.484636 -0.891549
-1.435903 1.276002 -0.847917
-1.033834 0.968249 -0.806679
-0.591072 0.628920 -0.758695
-0.065589 0.226899 -0.698589
0.442942 -0.163453 -0.622035
0.599703 -0.288805 -0.509581
0.526484 -0.238159 -0.390353
0.728679 -0.397537 -0.271507
2.516969 -1.759114 -0.131211
0.631815 -0.336149 -0.030395
0.524574 -0.259959 0.082269
0.380872 -0.156247 0.194567
0.430552 -0.198709 0.311874
-2.649744 2.219250 -1.139300
-2.547489 2.138298 -1.099225
-2.543419 2.129805 -1.031994
-2.496252 2.088937 -0.975974
-2.245880 1.897695 -0.954178
-2.011809 1.717718 -0.922574
-1.708066 1.484636 -0.891549
-1.435903 1.276002 -0.847917
-1.033834 0.968249 -0.806679
-0.591072 0.628920 -0.758695
-0.065589 0.226899 -0.698589
0.442942 -0.163453 -0.622035
0.599703 -0.288805 -0.509581
0.526484 -0.238159 -0.390353
2.073995 -1.417050 -0.279315
2.516969 -1.759114 -0.131211
0.524574 -0.259959 0.082269
0.380872 -0.156247 0.194567
0.430552 -0.198709 0.311874
-2.689524 2.173526 -1.140303
-2.566579 2.074431 -1.105635
-2.565724 2.068164 -1.037365
-2.559818 2.057813 -0.972744
-2.293362 1.848669 -0.955050
-2.033566 1.643658 -0.928444
-1.751946 1.420852 -0.894351
-1.470126 1.198673 -0.852472
-1.072378 0.885282 -0.811161
-0.662756 0.561741 -0.760414
-0.152401 0.159748 -0.700082
0.426338 -0.296535 -0.628747
0.546625 -0.397204 -0.513948
0.499343 -0.365316 -0.394973
0.680348 -0.512868 -0.275318
1.576157 -1.217521 -0.145245
1.560906 -1.213908 -0.004621
1.548348 -1.210420 0.129990
0.354676 -0.281952 0.193951
0.362865 -0.293171 0.308619
1.514119 -1.201821 0.546389
1.499983 -1.194663 0.679642
1.486855 -1.195238 0.818739
1.440497 -1.158623 0.947621
1.433327 -1.157858 1.088734
1.456096 -1.181123 1.229949
-2.689524 2.173526 -1.140303
-2.566579 2.074431 -1.105635
-2.565724 2.068164 -1.037365
-2.559818 2.057813 -0.972744
-2.293362 1.848669 -0.955050
-2.033566 1.643658 -0.928444
-1.751946 1.420852 -0.894351
-1.470126 1.198673 -0.852472
-1.072378 0.885282 -0.811161
-0.662756 0.561741 -0.760414
-0.152401 0.159748 -0.700082
0.426338 -0.296535 -0.628747
0.546625 -0.397204 -0.513948
0.499343 -0.365316 -0.394973
0.680348 -0.512868 -0.275318
1.576157 -1.217521 -0.145245
1.560906 -1.213908 -0.004621
1.548348 -1.210420 0.129990
1.483541 -1.166457 0.267515
1.546964 -1.221825 0.406459
1.514119 -1.201821 0.546389
1.486855 -1.195238 0.818739
1.456096 -1.181123 1.229949
-2.928829 2.289819 -1.152696
-2.720665 2.121148 -1.143789
-2.583670 2.008156 -1.112868
-2.592146 2.009069 -1.042098
-2.598762 2.008338 -0.974685
-2.341454 1.800397 -0.955965
-2.081445 1.589315 -0.930145
-1.818518 1.374934 -0.893901
-1.564758 1.168656 -0.849173
-1.149640 0.832428 -0.811408
-0.753940 0.510665 -0.760363
-0.124477 0.001935 -0.710773
0.326171 -0.365226 -0.630618
0.532398 -0.537598 -0.520168
0.507395 -0.522708 -0.400673
0.539676 -0.555250 -0.278608
0.540046 -0.560905 -0.159661
0.453898 -0.499067 -0.038604
0.266018 -0.369312 0.423791
-2.928829 2.289819 -1.152696
-2.720665 2.121148 -1.143789
-2.583670 2.008156 -1.112868
-2.592146 2.009069 -1.042098
-2.598762 2.008338 -0.974685
-2.341454 1.800397 -0.955965
-2.081445 1.589315 -0.930145
-1.818518 1.374934 -0.893901
-1.564758 1.168656 -0.849173
-1.149640 0.832428 -0.811408
-0.753940 0.510665 -0.760363
-0.124477 0.001935 -0.710773
0.326171 -0.365226 -0.630618
0.532398 -0.537598 -0.520168
0.507395 -0.522708 -0.400673
0.539676 -0.555250 -0.278608
0.540046 -0.560905 -0.159661
0.453898 -0.499067 -0.038604
-2.973599 2.252964 -1.151859
-2.773921 2.086355 -1.141615
-2.614131 1.951721 -1.117131
-2.607293 1.940260 -1.049696
-2.607761 1.934511 -0.983128
-2.387077 1.750387 -0.957509
-2.166911 1.565754 -0.925507
-1.873212 1.320153 -0.895385
-1.600809 1.092703 -0.853848
-1.224307 0.778432 -0.812056
-0.811563 0.433465 -0.763713
-0.294129 0.002139 -0.705961
0.225372 -0.432124 -0.632541
0.941312 -1.029418 -0.545323
0.450635 -0.630423 -0.404934
0.439261 -0.627869 -0.282218
0.402554 -0.603033 -0.164096
0.385082 -0.596171 -0.042187
0.462695 -0.666329 0.078685
-2.973599 2.252964 -1.151859
-2.773921 2.086355 -1.141615
-2.614131 1.951721 -1.117131
-2.607293 1.940260 -1.049696
-2.607761 1.934511 -0.983128
-2.387077 1.750387 -0.957509
-2.166911 1.565754 -0.925507
-1.873212 1.320153 -0.895385
-1.600809 1.092703 -0.853848
-1.224307 0.778432 -0.812056
-0.811563 0.433465 -0.763713
-0.294129 0.002139 -0.705961
0.225372 -0.432124 -0.632541
0.941312 -1.029418 -0.545323
0.450635 -0.630423 -0.404934
0.439261 -0.627869 -0.282218
0.402554 -0.603033 -0.164096
0.385082 -0.596171 -0.042187
0.462695 -0.666329 0.078685
-2.988733 2.191944 -1.159810
-2.815439 2.042504 -1.142737
-2.654532 1.903132 -1.119165
-2.632744 1.878908 -1.055257
-2.639333 1.878129 -0.987119
-2.427291 1.695981 -0.960278
-2.191496 1.492978 -0.931556
-1.919472 1.258562 -0.898346
-1.644179 1.022174 -0.857757
-1.287322 0.715468 -0.814198
-0.882482 0.367326 -0.765904
-0.358925 -0.081511 -0.709632
0.142267 -0.512713 -0.635684
0.743071 -1.029518 -0.544235
0.459252 -0.794509 -0.411117
0.396050 -0.747941 -0.286368
0.335289 -0.701981 -0.167860
0.299624 -0.679424 -0.046298
0.361036 -0.737789 0.073649
-2.988733 2.191944 -1.159810
-2.815439 2.042504 -1.142737
-2.654532 1.903132 -1.119165
-2.632744 1.878908 -1.055257
-2.639333 1.878129 -0.987119
-2.427291 1.695981 -0.960278
-2.191496 1.492978 -0.931556
-1.919472 1.258562 -0.898346
-1.644179 1.022174 -0.857757
-1.287322 0.715468 -0.814198
-0.882482 0.367326 -0.765904
-0.358925 -0.081511 -0.709632
0.142267 -0.512713 -0.635684
0.743071 -1.029518 -0.544235
0.459252 -0.794509 -0.411117
0.396050 -0.747941 -0.286368
0.335289 -0.701981 -0.167860
0.299624 -0.679424 -0.046298
0.361036 -0.737789 0.073649
-3.184613 2.289245 -1.173366
-3.052470 2.171380 -1.153784
-2.857529 1.999277 -1.143897
-2.677712 1.839791 -1.125823
-2.659225 1.817716 -1.060881
-2.659823 1.811777 -0.993762
-2.474290 1.647265 -0.961914
-2.241354 1.440979 -0.933393
-1.978640 1.207967 -0.899451
-1.721722 0.980765 -0.857084
-1.351136 0.653475 -0.816396
-0.969265 0.315381 -0.766603
-0.467094 -0.127623 -0.709844
0.073224 -0.605123 -0.639882
0.443778 -0.935939 -0.538346
0.407315 -0.909914 -0.415884
0.392937 -0.904706 -0.291025
0.302669 -0.831706 -0.171383
0.276297 -0.816685 -0.048690
0.273712 -0.820661 0.069260
-3.184613 2.289245 -1.173366
-3.052470 2.171380 -1.153784
-2.857529 1.999277 -1.143897
-2.677712 1.839791 -1.125823
-2.659225 1.817716 -1.060881
-2.659823 1.811777 -0.993762
-2.474290 1.647265 -0.961914
-2.241354 1.440979 -0.933393
-1.978640 1.207967 -0.899451
-1.721722 0.980765 -0.857084
-1.351136 0.653475 -0.816396
-0.969265 0.315381 -0.766603
-0.467094 -0.127623 -0.709844
0.073224 -0.605123 -0.639882
0.443778 -0.935939 -0.538346
0.407315 -0.909914 -0.415884
0.392937 -0.904706 -0.291025
0.302669 -0.831706 -0.171383
0.276297 -0.816685 -0.048690
0.273712 -0.820661 0.069260
-3.231955 2.258866 -1.171436
-3.075094 2.116046 -1.160077
-2.914886 1.969604 -1.140991
-2.716719 1.789511 -1.128722
-2.698543 1.767117 -1.063738
-2.687401 1.750665 -0.999174
-2.539695 1.614987 -0.960031
-2.294861 1.392353 -0.934739
-2.020588 1.142500 -0.903480
-1.766857 0.911686 -0.861109
-1.418708 0.595112 -0.818280
-1.005897 0.219835 -0.772635
-0.515898 -0.224894 -0.715171
0.023661 -0.715296 -0.645560
0.443130 -1.099397 -0.546295
0.377255 -1.046326 -0.421459
0.401592 -1.075820 -0.296006
0.356900 -1.041843 -0.174264
0.223652 -0.930266 -0.051983
0.209100 -0.923598 0.065904
0.427167 -1.127443 0.204556
-3.231955 2.258866 -1.171436
-3.075094 2.116046 -1.160077
-2.914886 1.969604 -1.140991
-2.716719 1.789511 -1.128722
-2.698543 1.767117 -1.063738
-2.687401 1.750665 -0.999174
-2.539695 1.614987 -0.960031
-2.294861 1.392353 -0.934739
-2.020588 1.142500 -0.903480
-1.766857 0.911686 -0.861109
-1.418708 0.595112 -0.818280
-1.005897 0.219835 -0.772635
-0.515898 -0.224894 -0.715171
0.023661 -0.715296 -0.645560
0.443130 -1.099397 -0.546295
0.377255 -1.046326 -0.421459
0.401592 -1.075820 -0.296006
0.223652 -0.930266 -0.051983
0.209100 -0.923598 0.065904
-3.256446 2.208499 -1.177026
-3.118950 2.079127 -1.160259
-2.966624 1.935722 -1.139750
-2.771011 1.752917 -1.127834
-2.712359 1.693228 -1.073024
-2.724771 1.697711 -1.002689
-2.581890 1.562600 -0.962933
-2.348966 1.344560 -0.936127
-2.092868 1.104291 -0.902751
-1.830667 0.859233 -0.862643
-1.472294 0.524365 -0.822059
-1.105883 0.181076 -0.772184
-0.613331 -0.278532 -0.716495
-0.057158 -0.798073 -0.649343
0.400988 -1.228706 -0.552566
0.385798 -1.220972 -0.428418
0.265736 -1.117959 -0.299691
0.324297 -1.178509 -0.178076
0.268831 -1.135882 -0.052625
0.151665 -1.033984 0.062856
0.240945 -1.124056 0.193481
0.238883 -1.128267 0.313629
-3.256446 2.208499 -1.177026
-3.118950 2.079127 -1.160259
-2.966624 1.935722 -1.139750
-2.771011 1.752917 -1.127834
-2.712359 1.693228 -1.073024
-2.724771 1.697711 -1.002689
-2.581890 1.562600 -0.962933
-2.348966 1.344560 -0.936127
-2.092868 1.104291 -0.902751
-1.830667 0.859233 -0.862643
-1.472294 0.524365 -0.822059
-1.105883 0.181076 -0.772184
-0.613331 -0.278532 -0.716495
-0.057158 -0.798073 -0.649343
0.400988 -1.228706 -0.552566
0.385798 -1.220972 -0.428418
0.265736 -1.117959 -0.299691
0.268831 -1.135882 -0.052625
0.151665 -1.033984 0.062856
0.238883 -1.128267 0.313629
-3.313180 2.187369 -1.172339
-3.166106 2.045554 -1.159589
-2.990005 1.876083 -1.146781
-2.831408 1.722590 -1.125437
-2.733330 1.624519 -1.080971
-2.742770 1.626343 -1.010840
-2.636396 1.521582 -0.963495
-2.412329 1.305741 -0.935931
-2.142261 1.045624 -0.905921
-1.883503 0.796895 -0.865934
-1.555920 0.481609 -0.822198
-1.159548 0.100405 -0.776799
-0.690857 -0.349637 -0.719664
-0.156491 -0.863194 -0.651985
0.498657 -1.492743 -0.566106
0.956337 -1.933795 -0.453172
0.292357 -1.311770 -0.305243
0.193684 -1.233508 -0.056695
0.222566 -1.268055 0.065744
-3.313180 2.187369 -1.172339
-3.166106 2.045554 -1.159589
-2.990005 1.876083 -1.146781
-2.831408 1.722590 -1.125437
-2.733330 1.624519 -1.080971
-2.742770 1.626343 -1.010840
-2.636396 1.521582 -0.963495
-2.412329 1.305741 -0.935931
-2.142261 1.045624 -0.905921
-1.883503 0.796895 -0.865934
-1.555920 0.481609 -0.822198
-1.159548 0.100405 -0.776799
-0.690857 -0.349637 -0.719664
-0.156491 -0.863194 -0.651985
0.498657 -1.492743 -0.566106
0.956337 -1.933795 -0.453172
1.321633 -2.289957 -0.316990
0.193684 -1.233508 -0.056695
0.222566 -1.268055 0.065744
-3.339422 2.137346 -1.178036
-3.208456 2.006868 -1.160742
-3.040432 1.840338 -1.146463
-2.861351 1.662923 -1.131566
-2.761806 1.560663 -1.087595
-2.765516 1.557034 -1.018442
-2.671996 1.461645 -0.968317
-2.453840 1.245360 -0.940145
-2.207450 1.000722 -0.906751
-2.183725 0.972359 -0.832306
-1.623434 0.422927 -0.824641
-1.235349 0.038918 -0.779316
-0.755894 -0.434420 -0.724245
-0.254595 -0.930453 -0.654934
0.440247 -1.616678 -0.572369
0.888780 -2.061475 -0.459059
-3.339422 2.137346 -1.178036
-3.208456 2.006868 -1.160742
-3.040432 1.840338 -1.146463
-2.861351 1.662923 -1.131566
-2.761806 1.560663 -1.087595
-2.765516 1.557034 -1.018442
-2.671996 1.461645 -0.968317
-2.453840 1.245360 -0.940145
-2.207450 1.000722 -0.906751
-2.183725 0.972359 -0.832306
-1.623434 0.422927 -0.824641
-1.235349 0.038918 -0.779316
-0.755894 -0.434420 -0.724245
-0.254595 -0.930453 -0.654934
0.440247 -1.616678 -0.572369
0.888780 -2.061475 -0.459059
-3.402173 2.123358 -1.171504
-3.261956 1.980242 -1.158355
-3.087926 1.803210 -1.146976
-2.939322 1.650852 -1.124593
-2.796438 1.503093 -1.092829
-2.797383 1.496645 -1.024114
-2.730481 1.424916 -0.968359
-2.501307 1.191669 -0.943295
-2.314681 0.999547 -0.900259
-2.316783 0.996161 -0.823003
-2.286112 0.959202 -0.748001
-2.290258 0.956917 -0.670998
-2.303251 0.964044 -0.591129
-2.300197 0.955123 -0.515188
-2.306299 0.955380 -0.436334
-2.320892 0.965804 -0.360110
-2.331093 0.970773 -0.282046
-2.338774 0.974165 -0.206837
-2.342331 0.971917 -0.128897
-2.331908 0.956809 -0.053520
-2.350632 0.970786 0.024114
-2.355533 0.971566 0.098384
-2.364235 0.976097 0.176742
-2.364470 0.973226 0.251556
-2.378991 0.980495 0.327766
-2.385049 0.986063 0.402209
-2.393716 0.991128 0.479929
-2.389076 0.982420 0.557101
-2.401870 0.992081 0.634085
-2.404152 0.990891 0.711001
-3.402173 2.123358 -1.171504
-3.261956 1.980242 -1.158355
-3.087926 1.803210 -1.146976
-2.939322 1.650852 -1.124593
-2.796438 1.503093 -1.092829
-2.797383 1.496645 -1.024114
-2.730481 1.424916 -0.968359
-2.501307 1.191669 -0.943295
-2.314681 0.999547 -0.900259
-2.316783 0.996161 -0.823003
-2.286112 0.959202 -0.748001
-2.290258 0.956917 -0.670998
-2.303251 0.964044 -0.591129
-2.300197 0.955123 -0.515188
-2.306299 0.955380 -0.436334
-2.320892 0.965804 -0.360110
-2.331093 0.970773 -0.282046
-2.338774 0.974165 -0.206837
-2.342331 0.971917 -0.128897
-2.331908 0.956809 -0.053520
-2.350632 0.970786 0.024114
-2.355533 0.971566 0.098384
-2.364235 0.976097 0.176742
-2.364470 0.973226 0.251556
-2.378991 0.980495 0.327766
-2.385049 0.986063 0.402209
-2.393716 0.991128 0.479929
-2.389076 0.982420 0.557101
-2.401870 0.992081 0.634085
-2.404152 0.990891 0.711001
-3.437359 2.083025 -1.174420
-3.290901 1.929644 -1.163987
-3.135855 1.766823 -1.147521
-2.972849 1.595669 -1.130009
-2.798859 1.412245 -1.106724
-2.824748 1.430897 -1.031172
-2.772687 1.372236 -0.972050
-2.646670 1.237614 -0.927334
-2.385070 0.963718 -0.900113
-2.695793 1.275943 -0.774969
-2.690881 1.264911 -0.703337
-2.503205 1.066313 -0.655501
-2.385338 0.939390 -0.591309
-2.390769 0.939006 -0.515304
-2.396870 0.939334 -0.437194
-2.397407 0.935572 -0.362164
-2.407536 0.940640 -0.284553
-2.412386 0.941213 -0.209768
-2.421518 0.944718 -0.132378
-2.422388 0.940925 -0.058021
-2.429796 0.943584 0.019618
-2.440196 0.950122 0.092916
-2.448796 0.954695 0.170640
-2.446273 0.948867 0.245206
-2.457882 0.953390 0.321264
-2.461083 0.956073 0.395682
-2.461413 0.952566 0.474511
-2.462338 0.949434 0.550251
-2.472227 0.956315 0.627476
-3.437359 2.083025 -1.174420
-3.290901 1.929644 -1.163987
-3.135855 1.766823 -1.147521
-2.972849 1.595669 -1.130009
-2.798859 1.412245 -1.106724
-2.824748 1.430897 -1.031172
-2.772687 1.372236 -0.972050
-2.646670 1.237614 -0.927334
-2.385070 0.963718 -0.900113
-2.695793 1.275943 -0.774969
-2.690881 1.264911 -0.703337
-2.503205 1.066313 -0.655501
-2.385338 0.939390 -0.591309
-2.390769 0.939006 -0.515304
-2.396870 0.939334 -0.437194
-2.397407 0.935572 -0.362164
-2.407536 0.940640 -0.284553
-2.412386 0.941213 -0.209768
-2.421518 0.944718 -0.132378
-2.422388 0.940925 -0.058021
-2.429796 0.943584 0.019618
-2.440196 0.950122 0.092916
-2.448796 0.954695 0.170640
-2.446273 0.948867 0.245206
-2.457882 0.953390 0.321264
-2.461083 0.956073 0.395682
-2.461413 0.952566 0.474511
-2.462338 0.949434 0.550251
-2.472227 0.956315 0.627476
-2.469049 0.949359 0.705438
-3.339666 1.898943 -1.163435
-3.186923 1.734001 -1.147264
-3.029055 1.563438 -1.129269
-2.846762 1.366275 -1.109225
-2.847845 1.359579 -1.039627
-2.843021 1.348660 -0.969736
-2.732597 1.226658 -0.922821
-2.734938 1.222318 -0.849777
-2.773042 1.257088 -0.773208
-2.776533 1.254661 -0.701023
-2.747977 1.218454 -0.635609
-2.475590 0.924963 -0.590697
-2.450860 0.892711 -0.517735
-2.440508 0.875622 -0.440663
-2.460303 0.892168 -0.364725
-2.451180 0.876928 -0.287572
-2.461514 0.883329 -0.212594
-2.473347 0.889810 -0.135159
-2.479748 0.891801 -0.061002
-2.484394 0.891582 0.016764
-2.486529 0.889453 0.090782
-2.492363 0.891170 0.168979
-2.498102 0.893994 0.242705
-2.506951 0.895704 0.319230
-2.507830 0.891914 0.473220
-2.537460 0.915979 0.622105
-2.531678 0.906004 0.700527
-3.339666 1.898943 -1.163435
-3.186923 1.734001 -1.147264
-3.029055 1.563438 -1.129269
-2.846762 1.366275 -1.109225
-2.847845 1.359579 -1.039627
-2.843021 1.348660 -0.969736
-2.732597 1.226658 -0.922821
-2.734938 1.222318 -0.849777
-2.773042 1.257088 -0.773208
-2.776533 1.254661 -0.701023
-2.747977 1.218454 -0.635609
-2.475590 0.924963 -0.590697
-2.450860 0.892711 -0.517735
-2.440508 0.875622 -0.440663
-2.460303 0.892168 -0.364725
-2.451180 0.876928 -0.287572
-2.461514 0.883329 -0.212594
-2.473347 0.889810 -0.135159
-2.479748 0.891801 -0.061002
-2.484394 0.891582 0.016764
-2.486529 0.889453 0.090782
-2.492363 0.891170 0.168979
-2.498102 0.893994 0.242705
-2.506951 0.895704 0.319230
-2.510131 0.898378 0.393759
-2.507830 0.891914 0.473220
-2.522300 0.903245 0.546251
-2.537460 0.915979 0.622105
-2.531678 0.906004 0.700527
-3.380727 1.860510 -1.165587
-3.235650 1.699149 -1.147867
-3.074827 1.520680 -1.131668
-2.881878 1.306597 -1.115374
-2.872293 1.288263 -1.048162
-2.878362 1.288720 -0.975334
-2.791198 1.188342 -0.923815
-2.817890 1.210208 -0.846497
-2.831246 1.219254 -0.774519
-2.829381 1.210984 -0.703272
-2.809446 1.183129 -0.636963
-2.784401 1.150166 -0.568319
-2.476378 0.809098 -0.522978
-2.479788 0.806485 -0.444509
-2.480453 0.802587 -0.368932
-2.501269 0.819584 -0.290570
-2.479145 0.790630 -0.215336
-2.472063 0.776507 -0.136611
-2.513510 0.816927 -0.062912
-2.499367 0.796019 0.016586
-2.509652 0.802732 0.090712
-2.510159 0.798574 0.170191
-2.515926 0.801446 0.244683
-2.546217 0.826834 0.318759
-2.522728 0.800057 0.398219
-2.520626 0.793557 0.478589
-2.540358 0.810969 0.551360
-2.544862 0.812193 0.630534
-2.536726 0.799244 0.710621
-3.380727 1.860510 -1.165587
-3.235650 1.699149 -1.147867
-3.074827 1.520680 -1.131668
-2.881878 1.306597 -1.115374
-2.872293 1.288263 -1.048162
-2.878362 1.288720 -0.975334
-2.791198 1.188342 -0.923815
-2.817890 1.210208 -0.846497
-2.831246 1.219254 -0.774519
-2.829381 1.210984 -0.703272
-2.809446 1.183129 -0.636963
-2.784401 1.150166 -0.568319
-2.476378 0.809098 -0.522978
-2.479788 0.806485 -0.444509
-2.480453 0.802587 -0.368932
-2.501269 0.819584 -0.290570
-2.513510 0.816927 -0.062912
-2.499367 0.796019 0.016586
-2.509652 0.802732 0.090712
-2.510159 0.798574 0.170191
-2.515926 0.801446 0.244683
-2.546217 0.826834 0.318759
-2.522728 0.800057 0.398219
-2.540358 0.810969 0.551360
-2.544862 0.812193 0.630534
-2.536726 0.799244 0.710621
-3.430210 1.831288 -1.165089
-3.271602 1.650602 -1.152684
-3.129110 1.487272 -1.131764
-2.936533 1.267628 -1.116525
-2.895447 1.214049 -1.057446
-2.893526 1.205641 -0.985874
-2.844898 1.145076 -0.925947
-2.855354 1.149562 -0.851651
-2.876556 1.167567 -0.778066
-2.872151 1.156237 -0.707094
-2.855273 1.131002 -0.640312
-2.809407 1.073834 -0.573744
-0.632721 -1.368495 -0.679654
0.060479 -2.155518 -0.601721
-3.430210 1.831288 -1.165089
-3.271602 1.650602 -1.152684
-3.129110 1.487272 -1.131764
-2.936533 1.267628 -1.116525
-2.895447 1.214049 -1.057446
-2.893526 1.205641 -0.985874
-2.844898 1.145076 -0.925947
-2.855354 1.149562 -0.851651
-2.876556 1.167567 -0.778066
-2.872151 1.156237 -0.707094
-2.855273 1.131002 -0.640312
-1.047652 -0.894918 -0.753015
-0.632721 -1.368495 -0.679654
0.060479 -2.155518 -0.601721
-3.323917 1.620014 -1.152519
-3.178531 1.448855 -1.133453
-2.999455 1.238343 -1.115534
-2.925255 1.145730 -1.065477
-2.926041 1.140131 -0.992841
-2.867797 1.066876 -0.934791
-2.891251 1.086281 -0.857368
-2.906961 1.098493 -0.784322
-2.900094 1.083990 -0.713284
-2.880951 1.055407 -0.646353
-1.141018 -0.950311 -0.755892
-0.727496 -1.435693 -0.683595
-0.034864 -2.244429 -0.607058
-3.323917 1.620014 -1.152519
-3.178531 1.448855 -1.133453
-2.999455 1.238343 -1.115534
-2.925255 1.145730 -1.065477
-2.926041 1.140131 -0.992841
-2.867797 1.066876 -0.934791
-2.891251 1.086281 -0.857368
-2.906961 1.098493 -0.784322
-2.900094 1.083990 -0.713284
-2.880951 1.055407 -0.646353
-1.141018 -0.950311 -0.755892
-0.727496 -1.435693 -0.683595
-0.034864 -2.244429 -0.607058
-3.379084 1.593224 -1.151536
-3.223326 1.405223 -1.136747
-3.047200 1.192209 -1.118928
-2.948646 1.068571 -1.075599
-2.944344 1.056813 -1.003566
-2.843387 0.931375 -0.954333
-2.622050 0.663787 -0.922769
-2.387546 0.381547 -0.885936
-2.063711 -0.007943 -0.849823
-1.717497 -0.425167 -0.806008
-1.294215 -0.934145 -0.752482
-0.859151 -1.458734 -0.684518
-0.268031 -2.170098 -0.603870
-3.379084 1.593224 -1.151536
-3.223326 1.405223 -1.136747
-3.047200 1.192209 -1.118928
-2.948646 1.068571 -1.075599
-2.944344 1.056813 -1.003566
-2.843387 0.931375 -0.954333
-2.622050 0.663787 -0.922769
-2.387546 0.381547 -0.885936
-2.063711 -0.007943 -0.849823
-1.717497 -0.425167 -0.806008
-1.294215 -0.934145 -0.752482
-0.859151 -1.458734 -0.684518
-0.268031 -2.170098 -0.603870
-3.411841 1.540381 -1.158162
-3.278834 1.374217 -1.136935
-3.115788 1.170864 -1.116529
-2.958430 0.973193 -1.089855
-2.979511 0.991547 -1.010693
-2.890417 0.876803 -0.958919
-2.685485 0.621386 -0.924868
-2.442280 0.320572 -0.890594
-2.169518 -0.018179 -0.847580
-1.813958 -0.458590 -0.806915
-1.326847 -1.059706 -0.762053
-0.937166 -1.544154 -0.690097
-0.353495 -2.266863 -0.609916
-3.411841 1.540381 -1.158162
-3.278834 1.374217 -1.136935
-3.115788 1.170864 -1.116529
-2.958430 0.973193 -1.089855
-2.979511 0.991547 -1.010693
-2.890417 0.876803 -0.958919
-2.685485 0.621386 -0.924868
-2.442280 0.320572 -0.890594
-2.169518 -0.018179 -0.847580
-1.813958 -0.458590 -0.806915
-1.326847 -1.059706 -0.762053
-0.937166 -1.544154 -0.690097
-0.353495 -2.266863 -0.609916
-3.457893 1.502985 -1.160618
-3.329691 1.338007 -1.138727
-3.164545 1.126290 -1.119995
-3.002515 0.917220 -1.095442
-3.005946 0.914248 -1.020368
-2.968169 0.859780 -0.956810
-2.734489 0.561398 -0.930037
-2.517907 0.285049 -0.891718
-2.227483 -0.085416 -0.852776
-1.900521 -0.502797 -0.809187
-1.481639 -1.035852 -0.758345
-0.974185 -1.681681 -0.699577
-3.457893 1.502985 -1.160618
-3.329691 1.338007 -1.138727
-3.164545 1.126290 -1.119995
-3.002515 0.917220 -1.095442
-3.005946 0.914248 -1.020368
-2.968169 0.859780 -0.956810
-2.734489 0.561398 -0.930037
-2.517907 0.285049 -0.891718
-2.227483 -0.085416 -0.852776
-1.900521 -0.502797 -0.809187
-1.481639 -1.035852 -0.758345
-0.974185 -1.681681 -0.699577
-3.381007 1.302544 -1.140551
-3.231010 1.103976 -1.118365
-3.042670 0.855542 -1.102445
-3.036367 0.840069 -1.029514
-3.026216 0.819215 -0.959222
-2.804056 0.526967 -0.931207
-2.574231 0.225699 -0.896483
-2.276763 -0.164527 -0.859620
-1.980130 -0.555057 -0.812510
-1.495286 -1.188456 -0.770648
-1.075222 -1.740494 -0.703558
-3.381007 1.302544 -1.140551
-3.231010 1.103976 -1.118365
-3.042670 0.855542 -1.102445
-3.036367 0.840069 -1.029514
-3.026216 0.819215 -0.959222
-2.804056 0.526967 -0.931207
-2.574231 0.225699 -0.896483
-2.276763 -0.164527 -0.859620
-1.980130 -0.555057 -0.812510
-1.495286 -1.188456 -0.770648
-1.075222 -1.740494 -0.703558
-3.430379 1.264727 -1.143202
-3.292736 1.076549 -1.118220
-3.098309 0.813021 -1.105433
-3.058663 0.753434 -1.041242
-3.048782 0.732256 -0.970182
-2.861915 0.477852 -0.934954
-2.621897 0.154382 -0.903129
-2.356335 -0.205134 -0.861791
-2.067583 -0.596595 -0.814855
-1.584408 -1.246250 -0.774609
-1.157664 -1.823271 -0.709420
-3.430379 1.264727 -1.143202
-3.292736 1.076549 -1.118220
-3.098309 0.813021 -1.105433
-3.058663 0.753434 -1.041242
-3.048782 0.732256 -0.970182
-2.861915 0.477852 -0.934954
-2.621897 0.154382 -0.903129
-2.356335 -0.205134 -0.861791
-2.067583 -0.596595 -0.814855
-1.584408 -1.246250 -0.774609
-1.157664 -1.823271 -0.709420
-3.345269 1.037504 -1.121050
-3.159236 0.777608 -1.107096
-3.094547 0.682537 -1.049949
-3.089664 0.667448 -0.977262
-2.932283 0.445473 -0.936188
-2.701522 0.125088 -0.903916
-2.431568 -0.250906 -0.864793
-2.134151 -0.665650 -0.820328
-1.742653 -1.209422 -0.770302
-1.333416 -1.779347 -0.706344
-3.345269 1.037504 -1.121050
-3.159236 0.777608 -1.107096
-3.094547 0.682537 -1.049949
-3.089664 0.667448 -0.977262
-2.932283 0.445473 -0.936188
-2.701522 0.125088 -0.903916
-2.431568 -0.250906 -0.864793
-2.134151 -0.665650 -0.820328
-1.742653 -1.209422 -0.770302
-1.333416 -1.779347 -0.706344
-3.386816 0.983277 -1.127623
-3.218257 0.739918 -1.109475
-3.117957 0.592637 -1.062509
-3.120200 0.586925 -0.987277
-2.979792 0.381978 -0.942596
-2.772025 0.084180 -0.906558
-2.495771 -0.311746 -0.869844
-2.206481 -0.727408 -0.825181
-1.776324 -1.341630 -0.781240
-1.365838 -1.930384 -0.717430
-3.386816 0.983277 -1.127623
-3.218257 0.739918 -1.109475
-3.117957 0.592637 -1.062509
-3.120200 0.586925 -0.987277
-2.979792 0.381978 -0.942596
-2.772025 0.084180 -0.906558
-2.495771 -0.311746 -0.869844
-2.206481 -0.727408 -0.825181
-1.776324 -1.341630 -0.781240
-1.365838 -1.930384 -0.717430
-3.440639 0.945561 -1.130540
-3.275489 0.699861 -1.112577
-3.150083 0.512321 -1.073290
-3.138796 0.486993 -1.000839
-3.037520 0.331985 -0.947006
-2.849805 0.054110 -0.907852
-2.865000 0.066305 -0.820795
-2.894637 0.099506 -0.735556
-2.899532 0.097770 -0.652561
-2.889298 0.074135 -0.573670
-3.440639 0.945561 -1.130540
-3.275489 0.699861 -1.112577
-3.150083 0.512321 -1.073290
-3.138796 0.486993 -1.000839
-3.037520 0.331985 -0.947006
-2.849805 0.054110 -0.907852
-2.865000 0.066305 -0.820795
-2.894637 0.099506 -0.735556
-2.899532 0.097770 -0.652561
-1.403811 -2.078485 -0.728472
-3.322917 0.643836 -1.119210
-3.180195 0.425053 -1.085479
-3.164813 0.392825 -1.013419
-3.107928 0.298643 -0.948912
-2.957496 0.067536 -0.903176
-2.965866 0.070102 -0.818365
-2.988370 0.093822 -0.734986
-2.991073 0.088842 -0.652971
-2.976730 0.058419 -0.575188
-3.322917 0.643836 -1.119210
-3.180195 0.425053 -1.085479
-3.164813 0.392825 -1.013419
-3.107928 0.298643 -0.948912
-2.957496 0.067536 -0.903176
-2.965866 0.070102 -0.818365
-2.988370 0.093822 -0.734986
-2.991073 0.088842 -0.652971
-2.976730 0.058419 -0.575188
-3.396674 0.628267 -1.117552
-3.215746 0.344906 -1.096465
-3.198631 0.308987 -1.024338
-3.206144 0.310013 -0.944011
-3.039382 0.047004 -0.903543
-3.023784 0.013028 -0.823635
-3.056848 0.053652 -0.738248
-3.074859 0.072050 -0.654216
-3.047894 0.021315 -0.578349
-3.034559 -0.008596 -0.497439
-3.396674 0.628267 -1.117552
-3.215746 0.344906 -1.096465
-3.198631 0.308987 -1.024338
-3.206144 0.310013 -0.944011
-3.039382 0.047004 -0.903543
-3.023784 0.013028 -0.823635
-3.056848 0.053652 -0.738248
-3.074859 0.072050 -0.654216
-3.047894 0.021315 -0.578349
-3.444820 0.574130 -1.124242
-3.250835 0.261591 -1.108190
-3.227830 0.215244 -1.037110
-3.235325 0.216164 -0.955868
-3.097793 -0.009062 -0.909080
-3.067769 -0.066872 -0.831852
-3.117314 0.001003 -0.742974
-3.113787 -0.014167 -0.661752
-3.104577 -0.038377 -0.583251
-3.444820 0.574130 -1.124242
-3.250835 0.261591 -1.108190
-3.227830 0.215244 -1.037110
-3.235325 0.216164 -0.955868
-3.097793 -0.009062 -0.909080
-3.067769 -0.066872 -0.831852
-3.117314 0.001003 -0.742974
-3.113787 -0.014167 -0.661752
-3.104577 -0.038377 -0.583251
-3.337612 0.258949 -1.104646
-3.261156 0.124834 -1.049419
-3.268637 0.125655 -0.967319
-3.136334 -0.098239 -0.919398
-2.932158 -0.441360 -0.876217
-3.153655 -0.091635 -0.752065
-3.154522 -0.100204 -0.669396
-3.164400 -0.094006 -0.587974
-3.337612 0.258949 -1.104646
-3.261156 0.124834 -1.049419
-3.268637 0.125655 -0.967319
-3.136334 -0.098239 -0.919398
-2.932158 -0.441360 -0.876217
-3.153655 -0.091635 -0.752065
-3.154522 -0.100204 -0.669396
-1.820202 -2.295100 -0.747251
-3.413741 0.240900 -1.104300
-3.290345 0.024300 -1.063608
-3.295780 0.021591 -0.981009
-3.182888 -0.177030 -0.928407
-2.950952 -0.577770 -0.891530
-2.695468 -1.019788 -0.849520
-2.312160 -1.678333 -0.809672
-1.958544 -2.289371 -0.747999
-3.413741 0.240900 -1.104300
-3.290345 0.024300 -1.063608
-3.295780 0.021591 -0.981009
-3.182888 -0.177030 -0.928407
-2.950952 -0.577770 -0.891530
-2.695468 -1.019788 -0.849520
-2.312160 -1.678333 -0.809672
-1.958544 -2.289371 -0.747999
-3.317808 -0.083141 -1.079109
-3.329245 -0.075736 -0.993771
-3.260876 -0.203888 -0.930359
-3.024611 -0.625050 -0.896120
-2.805124 -1.018842 -0.848931
-2.395273 -1.744864 -0.815921
-3.317808 -0.083141 -1.079109
-3.329245 -0.075736 -0.993771
-3.260876 -0.203888 -0.930359
-3.024611 -0.625050 -0.896120
-2.805124 -1.018842 -0.848931
-2.395273 -1.744864 -0.815921
-3.361294 -0.166579 -1.090607
-3.366816 -0.169577 -1.006128
-3.352617 -0.205293 -0.928972
-3.112548 -0.647014 -0.897803
-2.859795 -1.113414 -0.858590
-2.489186 -1.792908 -0.820694
-3.361294 -0.166579 -1.090607
-3.366816 -0.169577 -1.006128
-3.352617 -0.205293 -0.928972
-3.112548 -0.647014 -0.897803
-2.859795 -1.113414 -0.858590
-2.489186 -1.792908 -0.820694
-3.444387 -0.180250 -1.090311
-3.397006 -0.280711 -1.021300
-3.377635 -0.327327 -0.944451
-3.187253 -0.692083 -0.902471
-3.035539 -0.986710 -0.845083
-3.091913 -0.894920 -0.741407
-3.096060 -0.899950 -0.650703
-3.444387 -0.180250 -1.090311
-3.397006 -0.280711 -1.021300
-3.377635 -0.327327 -0.944451
-3.187253 -0.692083 -0.902471
-3.035539 -0.986710 -0.845083
-2.632831 -1.748298 -0.817385
-3.424232 -0.402464 -1.038245
-3.405516 -0.449601 -0.960098
-3.275519 -0.711455 -0.904193
-3.177638 -0.912824 -0.837312
-3.183021 -0.915656 -0.743962
-3.196433 -0.902957 -0.652295
-3.184648 -0.938887 -0.561352
-3.153956 -1.008452 -0.474141
-3.424232 -0.402464 -1.038245
-3.405516 -0.449601 -0.960098
-3.275519 -0.711455 -0.904193
-3.177638 -0.912824 -0.837312
-3.183021 -0.915656 -0.743962
-3.196433 -0.902957 -0.652295
-3.184648 -0.938887 -0.561352
-3.454334 -0.524412 -1.055361
-3.445252 -0.554354 -0.973477
-3.354793 -0.747195 -0.908077
-3.261527 -0.946401 -0.841033
-3.277701 -0.927847 -0.745891
-3.296300 -0.904292 -0.653871
-3.274284 -0.961841 -0.564818
-3.255281 -1.010427 -0.477036
-3.454334 -0.524412 -1.055361
-3.445252 -0.554354 -0.973477
-3.354793 -0.747195 -0.908077
-3.261527 -0.946401 -0.841033
-3.277701 -0.927847 -0.745891
-3.296300 -0.904292 -0.653871
-3.274284 -0.961841 -0.564818
-3.443221 -0.763926 -0.909829
-3.344030 -0.982331 -0.845162
-3.352989 -0.977975 -0.751348
-3.362578 -0.972217 -0.660470
-3.355289 -1.001404 -0.569340
-3.342183 -1.039520 -0.481137
-3.443221 -0.763926 -0.909829
-3.344030 -0.982331 -0.845162
-3.352989 -0.977975 -0.751348
-3.362578 -0.972217 -0.660470
-3.355289 -1.001404 -0.569340
-3.410054 -1.053127 -0.853134
-3.424047 -1.037947 -0.757833
-3.423440 -1.053859 -0.668229
-3.435151 -1.043449 -0.574113
-3.410054 -1.053127 -0.853134
-3.003045 -1.936989 -0.838441
-3.423440 -1.053859 -0.668229
-3.392140 -1.311817 -0.881140
-3.054988 -2.074482 -0.852236
-3.392140 -1.311817 -0.881140
-3.054988 -2.074482 -0.852236
-3.156254 -2.105783 -0.856671
-3.156254 -2.105783 -0.856671
-3.291310 -2.058879 -0.854224
-3.308341 -2.055829 -0.641944
-3.310123 -2.066269 -0.538966
-3.291310 -2.058879 -0.854224
-3.400949 -2.064571 -0.856641
-3.398795 -2.089492 -0.754406
-3.417921 -2.061369 -0.645374
-3.408001 -2.101533 -0.544241
-3.400949 -2.064571 -0.856641
-3.398795 -2.089492 -0.754406
-3.417921 -2.061369 -0.645374
-3.408001 -2.101533 -0.544241
1.488236 2.305976 -0.706447
1.469763 2.196558 -0.709335
1.442295 2.090250 -0.711875
0.781146 2.269163 -0.778527
1.369478 2.003626 -0.711827
0.788408 2.236827 0.230718
0.781146 2.269163 -0.778527
1.369478 2.003626 -0.711827
0.788408 2.236827 0.230718
0.703852 2.195513 -0.777376
1.313772 1.910055 -0.712973
0.488960 2.267744 0.114380
0.703852 2.195513 -0.777376
1.313772 1.910055 -0.712973
0.488960 2.267744 0.114380
0.665369 2.104508 -0.779394
1.256838 1.817422 -0.714199
0.251023 2.295476 -0.558421
0.353592 2.242650 -0.466069
0.426653 2.205412 -0.373470
0.335936 2.245896 -0.275504
0.410152 2.207910 -0.180980
0.388847 2.214491 -0.083480
0.356097 2.227747 0.008893
0.753492 2.033123 0.131820
0.665369 2.104508 -0.779394
1.256838 1.817422 -0.714199
1.962689 1.474689 -0.639083
0.353592 2.242650 -0.466069
0.426653 2.205412 -0.373470
0.335936 2.245896 -0.275504
0.410152 2.207910 -0.180980
0.388847 2.214491 -0.083480
0.356097 2.227747 0.008893
0.088217 2.284453 -0.829989
0.600571 2.026401 -0.779506
1.202269 1.723966 -0.715731
1.849576 1.398042 -0.638367
0.705968 1.962126 -0.480291
2.866026 0.884624 -0.415544
0.527244 2.045372 -0.277305
0.826350 1.893773 -0.175793
0.600404 1.999747 0.020470
0.088217 2.284453 -0.829989
0.600571 2.026401 -0.779506
1.202269 1.723966 -0.715731
1.849576 1.398042 -0.638367
2.370685 1.134159 -0.533075
2.866026 0.884624 -0.415544
0.527244 2.045372 -0.277305
0.065177 2.194701 -0.833420
0.534841 1.949501 -0.779683
1.132244 1.638678 -0.716433
1.796251 1.292754 -0.640631
2.292288 1.032530 -0.534811
2.752088 0.792514 -0.417229
3.216809 0.548122 -0.280793
0.065177 2.194701 -0.833420
0.534841 1.949501 -0.779683
1.132244 1.638678 -0.716433
1.796251 1.292754 -0.640631
2.292288 1.032530 -0.534811
2.752088 0.792514 -0.417229
3.216809 0.548122 -0.280793
0.009065 2.121829 -0.833861
0.485822 1.864470 -0.781354
1.075298 1.547176 -0.718121
1.734409 1.191975 -0.642641
2.233813 0.921022 -0.537326
2.693737 0.672645 -0.419951
2.971478 0.519598 -0.283441
3.223214 0.381430 -0.143054
0.009065 2.121829 -0.833861
0.485822 1.864470 -0.781354
1.075298 1.547176 -0.718121
1.734409 1.191975 -0.642641
2.233813 0.921022 -0.537326
2.693737 0.672645 -0.419951
2.971478 0.519598 -0.283441
-0.469293 2.284846 -0.880848
-0.012998 2.030797 -0.837788
0.425155 1.785936 -0.782237
1.017135 1.456576 -0.719889
1.681724 1.086390 -0.645262
2.156278 0.819984 -0.539355
2.623187 0.559343 -0.422595
2.832205 0.439039 -0.286211
3.022467 0.330144 -0.147936
-0.469293 2.284846 -0.880848
-0.012998 2.030797 -0.837788
0.425155 1.785936 -0.782237
1.017135 1.456576 -0.719889
1.681724 1.086390 -0.645262
2.156278 0.819984 -0.539355
2.623187 0.559343 -0.422595
2.832205 0.439039 -0.286211
3.022467 0.330144 -0.147936
-0.516934 2.215906 -0.881837
-0.091983 1.971197 -0.836301
0.363508 1.708449 -0.783187
0.964717 1.362951 -0.722196
1.613649 0.989400 -0.647274
2.053149 0.734120 -0.540644
2.547643 0.449114 -0.425275
2.758423 0.323823 -0.289144
2.971455 0.198302 -0.150700
-0.516934 2.215906 -0.881837
-0.091983 1.971197 -0.836301
0.363508 1.708449 -0.783187
0.964717 1.362951 -0.722196
1.613649 0.989400 -0.647274
2.053149 0.734120 -0.540644
2.547643 0.449114 -0.425275
2.758423 0.323823 -0.289144
2.971455 0.198302 -0.150700
-0.579224 2.155756 -0.881275
-0.119904 1.883024 -0.840032
0.283681 1.642097 -0.782756
0.883435 1.286218 -0.722729
1.551205 0.889470 -0.649724
2.007776 0.615854 -0.544028
2.463760 0.344149 -0.427922
2.741706 0.175252 -0.292293
2.956380 0.044617 -0.153051
-0.579224 2.155756 -0.881275
-0.119904 1.883024 -0.840032
0.283681 1.642097 -0.782756
0.883435 1.286218 -0.722729
1.551205 0.889470 -0.649724
2.007776 0.615854 -0.544028
2.463760 0.344149 -0.427922
2.741706 0.175252 -0.292293
2.956380 0.044617 -0.153051
-0.958209 2.290501 -0.922638
-0.631951 2.090604 -0.881973
-0.203791 1.827943 -0.838308
0.261246 1.542229 -0.787317
0.835489 1.190344 -0.725659
1.480567 0.794609 -0.651905
1.923009 0.520797 -0.546194
2.378564 0.240605 -0.430659
2.739582 0.015834 -0.295625
2.925036 -0.101297 -0.155740
-0.958209 2.290501 -0.922638
-0.631951 2.090604 -0.881973
-0.203791 1.827943 -0.838308
0.261246 1.542229 -0.787317
0.835489 1.190344 -0.725659
1.480567 0.794609 -0.651905
1.923009 0.520797 -0.546194
2.378564 0.240605 -0.430659
2.739582 0.015834 -0.295625
2.925036 -0.101297 -0.155740
-1.008917 2.230778 -0.923096
-0.695635 2.032636 -0.881511
-0.250901 1.751396 -0.840445
0.179630 1.478173 -0.787010
0.759050 1.111963 -0.726797
1.364643 0.728408 -0.651838
1.860828 0.412376 -0.549293
2.278520 0.146986 -0.433216
2.731262 -0.142363 -0.299106
2.921807 -0.266455 -0.158154
-1.008917 2.230778 -0.923096
-0.695635 2.032636 -0.881511
-0.250901 1.751396 -0.840445
0.179630 1.478173 -0.787010
0.759050 1.111963 -0.726797
1.364643 0.728408 -0.651838
1.860828 0.412376 -0.549293
2.278520 0.146986 -0.433216
2.731262 -0.142363 -0.299106
-1.059842 2.172719 -0.923580
-0.732578 1.959535 -0.884322
-0.311881 1.685064 -0.841228
0.131616 1.395138 -0.789656
0.692502 1.029574 -0.728675
1.296105 0.635507 -0.654309
1.794600 0.308267 -0.552327
2.215307 0.032722 -0.436556
2.677446 -0.271626 -0.302560
-1.059842 2.172719 -0.923580
-0.732578 1.959535 -0.884322
-0.311881 1.685064 -0.841228
0.131616 1.395138 -0.789656
0.692502 1.029574 -0.728675
1.296105 0.635507 -0.654309
1.794600 0.308267 -0.552327
2.215307 0.032722 -0.436556
2.677446 -0.271626 -0.302560
-1.399582 2.309035 -0.960120
-1.108687 2.112514 -0.924601
-0.777797 1.890383 -0.886409
-0.380915 1.623225 -0.841393
0.065130 1.322728 -0.790933
0.604212 0.960380 -0.729231
1.205573 0.555700 -0.655805
1.736070 0.197141 -0.555866
2.136232 -0.073266 -0.439763
2.640680 -0.415171 -0.306252
3.320231 -0.873067 -0.158094
-1.399582 2.309035 -0.960120
-1.108687 2.112514 -0.924601
-0.777797 1.890383 -0.886409
-0.380915 1.623225 -0.841393
0.065130 1.322728 -0.790933
0.604212 0.960380 -0.729231
1.205573 0.555700 -0.655805
1.736070 0.197141 -0.555866
2.136232 -0.073266 -0.439763
2.640680 -0.415171 -0.306252
3.320231 -0.873067 -0.158094
-1.449701 2.255886 -0.960427
-1.141873 2.041924 -0.928000
-0.817395 1.817394 -0.889377
-0.394637 1.524494 -0.847586
-0.002234 1.251436 -0.792272
0.531731 0.881575 -0.731037
1.147169 0.454973 -0.659199
1.675904 0.086708 -0.559508
2.085441 -0.198397 -0.443700
2.594946 -0.554214 -0.310055
3.202081 -0.976379 -0.162478
-1.449701 2.255886 -0.960427
-1.141873 2.041924 -0.928000
-0.817395 1.817394 -0.889377
-0.394637 1.524494 -0.847586
-0.002234 1.251436 -0.792272
0.531731 0.881575 -0.731037
1.147169 0.454973 -0.659199
1.675904 0.086708 -0.559508
2.085441 -0.198397 -0.443700
2.594946 -0.554214 -0.310055
3.202081 -0.976379 -0.162478
-1.510215 2.210390 -0.959207
-1.198918 1.987616 -0.928199
-0.884137 1.763142 -0.889127
-0.481833 1.475819 -0.846110
-0.076986 1.185859 -0.793075
0.441958 0.815461 -0.731706
1.025242 0.398709 -0.659173
1.062028 0.366498 -0.541688
1.029737 0.385102 -0.425566
2.560025 -0.702296 -0.314054
3.108943 -1.096055 -0.166625
-1.510215 2.210390 -0.959207
-1.198918 1.987616 -0.928199
-0.884137 1.763142 -0.889127
-0.481833 1.475819 -0.846110
-0.076986 1.185859 -0.793075
0.441958 0.815461 -0.731706
1.025242 0.398709 -0.659173
1.062028 0.366498 -0.541688
1.029737 0.385102 -0.425566
2.560025 -0.702296 -0.314054
3.108943 -1.096055 -0.166625
-2.027134 1.066403 0.934678
-1.558291 2.156745 -0.960123
-1.246918 1.927320 -0.929847
-0.928851 1.693798 -0.891805
-0.559657 1.421857 -0.845731
-0.155683 1.123941 -0.793632
0.377427 0.732269 -0.734363
0.886924 0.356651 -0.658248
1.065545 0.220509 -0.547728
1.001161 0.262939 -0.429639
0.951016 0.293707 -0.310092
1.061760 0.208504 -0.194181
1.044079 0.214853 -0.073714
-2.151180 1.159662 0.740384
-2.154914 1.150758 0.900833
-1.558291 2.156745 -0.960123
-1.246918 1.927320 -0.929847
-0.928851 1.693798 -0.891805
-0.559657 1.421857 -0.845731
-0.155683 1.123941 -0.793632
0.377427 0.732269 -0.734363
0.886924 0.356651 -0.658248
1.065545 0.220509 -0.547728
1.001161 0.262939 -0.429639
0.951016 0.293707 -0.310092
1.061760 0.208504 -0.194181
1.044079 0.214853 -0.073714
-2.150999 1.153177 0.819271
-2.154914 1.150758 0.900833
-2.179305 1.134246 0.738939
-2.186959 1.136543 0.815441
-2.180527 1.122370 0.900235
-1.848395 2.287215 -0.990983
-1.600671 2.099144 -0.962140
-1.305292 1.874845 -0.930139
-0.990529 1.636904 -0.892477
-0.602802 1.343182 -0.849310
-0.206218 1.041989 -0.796944
0.302177 0.657193 -0.736362
0.847989 0.243376 -0.663166
1.453656 -0.216258 -0.569737
1.076134 0.061552 -0.436323
0.946358 0.152797 -0.313728
0.851106 0.219570 -0.199138
0.811220 0.242947 -0.081850
0.866792 0.196202 0.033808
-2.212774 1.114953 0.736005
-1.848395 2.287215 -0.990983
-1.600671 2.099144 -0.962140
-1.305292 1.874845 -0.930139
-0.990529 1.636904 -0.892477
-0.602802 1.343182 -0.849310
-0.206218 1.041989 -0.796944
0.302177 0.657193 -0.736362
0.847989 0.243376 -0.663166
1.453656 -0.216258 -0.569737
1.834863 -0.506530 -0.454191
0.946358 0.152797 -0.313728
0.851106 0.219570 -0.199138
0.811220 0.242947 -0.081850
0.866792 0.196202 0.033808
-2.212774 1.114953 0.736005
-2.222973 1.120218 0.811606
-2.224305 1.114795 0.893674
-2.254024 1.104876 0.730852
-2.261590 1.107174 0.806973
-2.278184 1.119511 0.883720
-2.279994 1.114324 0.962736
-1.882628 2.228878 -0.994094
-1.643851 2.042142 -0.964209
-1.351629 1.813722 -0.932360
-1.062342 1.588300 -0.891951
-0.669280 1.281941 -0.850459
-0.280112 0.977655 -0.798216
0.232356 0.578488 -0.738916
0.766001 0.161923 -0.665731
0.858374 0.084071 -0.551671
0.871189 0.069543 -0.436537
0.828222 0.096608 -0.316817
0.778233 0.130399 -0.202516
0.738665 0.154234 -0.085271
0.758801 0.133540 0.028676
0.780407 0.111276 0.149117
0.933961 -0.017204 0.398922
-1.882628 2.228878 -0.994094
-1.643851 2.042142 -0.964209
-1.351629 1.813722 -0.932360
-1.062342 1.588300 -0.891951
-0.669280 1.281941 -0.850459
-0.280112 0.977655 -0.798216
0.232356 0.578488 -0.738916
0.766001 0.161923 -0.665731
1.368358 -0.308609 -0.572975
0.871189 0.069543 -0.436537
0.828222 0.096608 -0.316817
2.851708 -1.471027 -0.179340
0.738665 0.154234 -0.085271
0.758801 0.133540 0.028676
0.780407 0.111276 0.149117
0.933961 -0.017204 0.398922
-2.279987 1.077183 0.730114
-2.287550 1.079509 0.806290
-2.288937 1.074018 0.888184
-2.301120 1.043618 0.730833
-2.298652 1.033940 0.810333
-2.317665 1.049503 0.886696
-1.933313 2.183138 -0.994328
-1.697178 1.993090 -0.964739
-1.426922 1.775339 -0.930380
-1.122081 1.531167 -0.893129
-0.739599 1.224274 -0.851299
-0.339070 0.902222 -0.801061
0.145850 0.513230 -0.740304
0.689289 0.076840 -0.668749
0.868287 -0.071898 -0.558608
0.808819 -0.029601 -0.440236
1.007414 -0.193575 -0.321987
2.683093 -1.530647 -0.184661
0.694128 0.038050 0.025544
0.709155 0.020369 0.145677
0.717336 0.009095 0.259960
-1.933313 2.183138 -0.994328
-1.697178 1.993090 -0.964739
-1.426922 1.775339 -0.930380
-1.122081 1.531167 -0.893129
-0.739599 1.224274 -0.851299
-0.339070 0.902222 -0.801061
0.145850 0.513230 -0.740304
0.689289 0.076840 -0.668749
0.868287 -0.071898 -0.558608
0.808819 -0.029601 -0.440236
2.297986 -1.218394 -0.330860
2.683093 -1.530647 -0.184661
0.694128 0.038050 0.025544
0.709155 0.020369 0.145677
0.717336 0.009095 0.259960
-2.327550 1.016219 0.730066
-2.317691 0.997410 0.811982
-2.329198 1.004037 0.891114
-2.331884 0.961513 0.735881
-2.359295 0.988362 0.806523
-2.370710 0.995001 0.885373
-1.981447 2.135755 -0.995189
-1.726401 1.924996 -0.969564
-1.453015 1.698441 -0.936018
-1.179415 1.472498 -0.894774
-0.801258 1.160282 -0.853270
-0.430035 0.852760 -0.800918
0.098956 0.416747 -0.744974
0.589781 0.010580 -0.670490
0.834840 -0.196271 -0.563952
0.766657 -0.145691 -0.444593
0.941241 -0.294823 -0.325722
1.836429 -1.032298 -0.197022
0.806558 -0.197342 -0.086096
0.782627 -0.183332 0.029538
1.800818 -1.025028 0.218259
0.623061 -0.063276 0.254633
1.759784 -1.002985 0.491104
1.755154 -1.003213 0.624819
1.723723 -0.988410 0.760860
1.748814 -1.008996 0.900010
1.729441 -0.998043 1.039435
1.681552 -0.963964 1.167227
-1.981447 2.135755 -0.995189
-1.726401 1.924996 -0.969564
-1.453015 1.698441 -0.936018
-1.179415 1.472498 -0.894774
-0.801258 1.160282 -0.853270
-0.430035 0.852760 -0.800918
0.098956 0.416747 -0.744974
0.589781 0.010580 -0.670490
0.834840 -0.196271 -0.563952
0.766657 -0.145691 -0.444593
0.941241 -0.294823 -0.325722
1.836429 -1.032298 -0.197022
1.830625 -1.036024 -0.056522
0.782627 -0.183332 0.029538
0.623061 -0.063276 0.254633
1.748814 -1.008996 0.900010
1.729441 -0.998043 1.039435
-2.279608 2.312061 -1.147478
-2.266875 2.295735 -1.082608
-2.270483 2.292685 -1.016399
-2.027122 2.086608 -0.996680
-1.787244 1.882430 -0.969122
-1.498743 1.636859 -0.938875
-1.261946 1.435085 -0.893107
-0.869851 1.102346 -0.854571
-0.481537 0.771762 -0.804804
0.007639 0.356531 -0.746236
0.547873 -0.102641 -0.675980
0.976850 -0.469716 -0.577395
0.753154 -0.287321 -0.449887
0.852125 -0.377247 -0.329378
2.578608 -1.835406 -0.193078
-2.279608 2.312061 -1.147478
-2.266875 2.295735 -1.082608
-2.270483 2.292685 -1.016399
-2.027122 2.086608 -0.996680
-1.787244 1.882430 -0.969122
-1.498743 1.636859 -0.938875
-1.261946 1.435085 -0.893107
-0.869851 1.102346 -0.854571
-0.481537 0.771762 -0.804804
0.007639 0.356531 -0.746236
0.547873 -0.102641 -0.675980
0.976850 -0.469716 -0.577395
0.753154 -0.287321 -0.449887
0.852125 -0.377247 -0.329378
2.578608 -1.835406 -0.193078
-2.307750 2.254497 -1.152497
-2.301232 2.243000 -1.085998
-2.301876 2.237369 -1.020329
-2.067419 2.033012 -0.999397
-1.842469 1.835777 -0.969784
-1.572522 1.599113 -0.937489
-1.299316 1.360432 -0.897795
-0.939100 1.045540 -0.855920
-0.564519 0.717353 -0.805676
-0.056984 0.274502 -0.749812
0.440468 -0.160925 -0.677461
1.006538 -0.656715 -0.586301
0.733932 -0.426979 -0.455251
0.719652 -0.421623 -0.332730
0.698699 -0.409121 -0.214709
0.672374 -0.394088 -0.093045
0.513588 -0.279181 0.371870
-2.307750 2.254497 -1.152497
-2.301232 2.243000 -1.085998
-2.301876 2.237369 -1.020329
-2.067419 2.033012 -0.999397
-1.842469 1.835777 -0.969784
-1.572522 1.599113 -0.937489
-1.299316 1.360432 -0.897795
-0.939100 1.045540 -0.855920
-0.564519 0.717353 -0.805676
-0.056984 0.274502 -0.749812
0.440468 -0.160925 -0.677461
1.006538 -0.656715 -0.586301
0.733932 -0.426979 -0.455251
0.719652 -0.421623 -0.332730
0.698699 -0.409121 -0.214709
0.672374 -0.394088 -0.093045
0.513588 -0.279181 0.371870
-2.342752 2.202331 -1.156045
-2.333428 2.188080 -1.090145
-2.331174 2.179777 -1.024964
-2.123369 1.992983 -0.999199
-1.886316 1.779561 -0.972633
-1.607767 1.528633 -0.942365
-1.469235 1.401777 -0.883903
-1.011977 0.992508 -0.856949
-0.636042 0.653837 -0.807833
-0.131750 0.201279 -0.752702
0.389477 -0.267584 -0.682748
1.017345 -0.832342 -0.594717
0.730007 -0.583080 -0.461281
0.652993 -0.521868 -0.336729
0.614271 -0.493221 -0.218639
0.582179 -0.472597 -0.097249
0.624421 -0.516442 0.021579
-2.342752 2.202331 -1.156045
-2.333428 2.188080 -1.090145
-2.331174 2.179777 -1.024964
-2.123369 1.992983 -0.999199
-1.886316 1.779561 -0.972633
-1.607767 1.528633 -0.942365
-1.469235 1.401777 -0.883903
-1.011977 0.992508 -0.856949
-0.636042 0.653837 -0.807833
-0.131750 0.201279 -0.752702
0.389477 -0.267584 -0.682748
1.017345 -0.832342 -0.594717
0.730007 -0.583080 -0.461281
0.652993 -0.521868 -0.336729
0.614271 -0.493221 -0.218639
0.582179 -0.472597 -0.097249
0.624421 -0.516442 0.021579
-2.537108 2.298261 -1.181456
-2.352237 2.126998 -1.166538
-2.354777 2.122973 -1.097180
-2.358484 2.119799 -1.030309
-2.165034 1.940658 -1.002008
-1.933921 1.726580 -0.974996
-1.697184 1.506396 -0.938643
-1.416031 1.246829 -0.901859
-1.076550 0.932674 -0.859126
-0.681769 0.567315 -0.812860
-0.228122 0.147994 -0.753868
0.336709 -0.373849 -0.688143
1.042268 -1.025542 -0.604192
0.702306 -0.721260 -0.466872
0.637925 -0.669925 -0.341372
0.581860 -0.624667 -0.222197
0.535263 -0.590209 -0.100287
0.559177 -0.618525 0.018291
-2.537108 2.298261 -1.181456
-2.352237 2.126998 -1.166538
-2.354777 2.122973 -1.097180
-2.358484 2.119799 -1.030309
-2.165034 1.940658 -1.002008
-1.933921 1.726580 -0.974996
-1.697184 1.506396 -0.938643
-1.416031 1.246829 -0.901859
-1.076550 0.932674 -0.859126
-0.681769 0.567315 -0.812860
-0.228122 0.147994 -0.753868
0.336709 -0.373849 -0.688143
1.042268 -1.025542 -0.604192
0.702306 -0.721260 -0.466872
0.637925 -0.669925 -0.341372
0.581860 -0.624667 -0.222197
0.535263 -0.590209 -0.100287
0.559177 -0.618525 0.018291
-2.562988 2.241224 -1.187584
-2.397817 2.083296 -1.167899
-2.380182 2.060568 -1.103574
-2.392604 2.065372 -1.034407
-2.207462 1.888881 -1.004866
-1.993877 1.685055 -0.975245
-1.739895 1.442665 -0.942659
-1.491488 1.206260 -0.901615
-1.144788 0.876546 -0.860986
-0.755148 0.505699 -0.815143
-0.295739 0.069154 -0.757646
0.258841 -0.457837 -0.692030
0.724945 -0.903290 -0.597103
0.625364 -0.815968 -0.471184
0.605393 -0.804952 -0.346019
0.581962 -0.789202 -0.225621
0.503757 -0.724065 -0.102966
0.486513 -0.714401 0.014633
-2.562988 2.241224 -1.187584
-2.397817 2.083296 -1.167899
-2.380182 2.060568 -1.103574
-2.392604 2.065372 -1.034407
-2.207462 1.888881 -1.004866
-1.993877 1.685055 -0.975245
-1.739895 1.442665 -0.942659
-1.491488 1.206260 -0.901615
-1.144788 0.876546 -0.860986
-0.755148 0.505699 -0.815143
-0.295739 0.069154 -0.757646
0.258841 -0.457837 -0.692030
0.724945 -0.903290 -0.597103
0.625364 -0.815968 -0.471184
0.605393 -0.804952 -0.346019
0.581962 -0.789202 -0.225621
0.503757 -0.724065 -0.102966
0.486513 -0.714401 0.014633
-2.626818 2.219314 -1.183036
-2.438265 2.034875 -1.170838
-2.409532 2.001000 -1.109321
-2.410439 1.994993 -1.042496
-2.276413 1.862217 -1.002385
-2.045655 1.636320 -0.977155
-1.797953 1.393140 -0.944312
-1.544258 1.145023 -0.904835
-1.193566 0.802199 -0.865497
-0.843641 0.459045 -0.815895
-0.292571 -0.077954 -0.767986
0.130903 -0.493612 -0.692529
0.671292 -1.023242 -0.602996
0.601685 -0.962454 -0.477321
0.573203 -0.942974 -0.350848
0.616052 -0.991016 -0.228962
0.544387 -0.930529 -0.103755
0.423880 -0.820512 0.011414
0.571343 -0.971139 0.145659
-2.626818 2.219314 -1.183036
-2.438265 2.034875 -1.170838
-2.409532 2.001000 -1.109321
-2.410439 1.994993 -1.042496
-2.276413 1.862217 -1.002385
-2.045655 1.636320 -0.977155
-1.797953 1.393140 -0.944312
-1.544258 1.145023 -0.904835
-1.193566 0.802199 -0.865497
-0.843641 0.459045 -0.815895
-0.292571 -0.077954 -0.767986
0.130903 -0.493612 -0.692529
0.671292 -1.023242 -0.602996
0.601685 -0.962454 -0.477321
0.573203 -0.942974 -0.350848
0.616052 -0.991016 -0.228962
0.544387 -0.930529 -0.103755
0.423880 -0.820512 0.011414
-2.665390 2.174057 -1.185947
-2.493481 2.000677 -1.169965
-2.428632 1.930662 -1.117985
-2.440877 1.935560 -1.048030
-2.317174 1.809154 -1.005924
-2.095239 1.585577 -0.979653
-1.842461 1.330591 -0.948445
-1.614917 1.101229 -0.905524
-1.274723 0.759143 -0.865969
-0.923955 0.405540 -0.817636
-0.442865 -0.077350 -0.764641
0.034357 -0.557848 -0.695302
0.697842 -1.224506 -0.613325
0.580823 -1.115060 -0.483810
0.532719 -1.075605 -0.355757
0.481326 -1.040426 -0.107467
0.503808 -1.070050 0.014784
0.395292 -0.975791 0.254775
-2.665390 2.174057 -1.185947
-2.493481 2.000677 -1.169965
-2.428632 1.930662 -1.117985
-2.440877 1.935560 -1.048030
-2.317174 1.809154 -1.005924
-2.095239 1.585577 -0.979653
-1.842461 1.330591 -0.948445
-1.614917 1.101229 -0.905524
-1.274723 0.759143 -0.865969
-0.923955 0.405540 -0.817636
-0.442865 -0.077350 -0.764641
0.034357 -0.557848 -0.695302
0.697842 -1.224506 -0.613325
1.139806 -1.670168 -0.502195
0.532719 -1.075605 -0.355757
0.481326 -1.040426 -0.107467
0.503808 -1.070050 0.014784
0.395292 -0.975791 0.254775
-2.879886 2.310517 -1.199093
-2.707394 2.132070 -1.188072
-2.590617 2.009052 -1.157514
-2.462947 1.874194 -1.123147
-2.450077 1.853991 -1.058905
-2.369893 1.767815 -1.007105
-2.151105 1.541161 -0.981105
-1.899122 1.279844 -0.950683
-1.680395 1.052962 -0.907114
-1.358995 0.720330 -0.866096
-0.988024 0.336312 -0.821342
-0.443755 -0.224434 -0.775219
-0.060038 -0.623348 -0.698335
0.720004 -1.427677 -0.623897
1.124911 -1.848229 -0.509823
1.465797 -2.206274 -0.374148
0.452728 -1.186961 -0.110325
0.399396 -1.139696 0.009567
-2.879886 2.310517 -1.199093
-2.707394 2.132070 -1.188072
-2.590617 2.009052 -1.157514
-2.462947 1.874194 -1.123147
-2.450077 1.853991 -1.058905
-2.369893 1.767815 -1.007105
-2.151105 1.541161 -0.981105
-1.899122 1.279844 -0.950683
-1.680395 1.052962 -0.907114
-1.358995 0.720330 -0.866096
-0.988024 0.336312 -0.821342
-0.443755 -0.224434 -0.775219
-0.060038 -0.623348 -0.698335
0.720004 -1.427677 -0.623897
1.124911 -1.848229 -0.509823
1.465797 -2.206274 -0.374148
0.399396 -1.139696 0.009567
-2.917243 2.268727 -1.202019
-2.763627 2.104691 -1.186078
-2.618525 1.949131 -1.164420
-2.470808 1.789813 -1.135546
-2.488350 1.800425 -1.063255
-2.417609 1.721602 -1.009531
-2.207506 1.497605 -0.982596
-1.961951 1.235653 -0.951984
-1.762950 1.022930 -0.906132
-1.407642 0.645648 -0.871161
-1.047576 0.262189 -0.825760
-0.624280 -0.187878 -0.768983
-0.069619 -0.776886 -0.707929
0.624645 -1.514064 -0.628456
1.076036 -1.995327 -0.516588
-2.917243 2.268727 -1.202019
-2.763627 2.104691 -1.186078
-2.618525 1.949131 -1.164420
-2.470808 1.789813 -1.135546
-2.488350 1.800425 -1.063255
-2.417609 1.721602 -1.009531
-2.207506 1.497605 -0.982596
-1.961951 1.235653 -0.951984
-1.762950 1.022930 -0.906132
-1.407642 0.645648 -0.871161
-1.047576 0.262189 -0.825760
-0.624280 -0.187878 -0.768983
-0.069619 -0.776886 -0.707929
0.624645 -1.514064 -0.628456
1.076036 -1.995327 -0.516588
-2.955216 2.227426 -1.204986
-2.809279 2.066921 -1.187437
-2.658281 1.900793 -1.168279
-2.512794 1.739385 -1.139405
-2.522078 1.741544 -1.068988
-2.482209 1.693351 -1.008360
-2.269848 1.460696 -0.983024
-2.036120 1.204048 -0.951350
-1.935150 1.090247 -0.890726
-1.954658 1.104239 -0.806762
-1.184365 0.270475 -0.821162
-0.609755 -0.354864 -0.781652
-0.212861 -0.790764 -0.707529
0.506391 -1.575626 -0.631856
-1.986321 1.108149 -0.413337
-2.025614 1.140343 -0.257789
-2.040106 1.149849 -0.179386
-2.048449 1.148788 -0.025362
-2.067612 1.157304 0.202893
-2.098469 1.182422 0.352507
-2.106941 1.187696 0.430409
-2.955216 2.227426 -1.204986
-2.809279 2.066921 -1.187437
-2.658281 1.900793 -1.168279
-2.512794 1.739385 -1.139405
-2.522078 1.741544 -1.068988
-2.482209 1.693351 -1.008360
-2.269848 1.460696 -0.983024
-2.036120 1.204048 -0.951350
-1.935150 1.090247 -0.890726
-1.954658 1.104239 -0.806762
-1.184365 0.270475 -0.821162
-0.609755 -0.354864 -0.781652
-0.212861 -0.790764 -0.707529
0.506391 -1.575626 -0.631856
0.994497 -2.110139 -0.522423
-2.098469 1.182422 0.352507
-2.106941 1.187696 0.430409
-3.009671 2.203812 -1.202628
-2.847462 2.021198 -1.191336
-2.706752 1.861607 -1.169848
-2.534281 1.666285 -1.149090
-2.538183 1.662593 -1.079445
-2.520285 1.637039 -1.013295
-2.319189 1.410172 -0.986244
-2.105094 1.167868 -0.951725
-2.077944 1.132087 -0.879592
-2.054501 1.099317 -0.803574
-2.056063 1.094089 -0.726679
-2.065987 1.098691 -0.646775
-2.071404 1.098319 -0.569881
-2.072119 1.092752 -0.491166
-2.088835 1.106678 -0.414536
-2.085391 1.097096 -0.336451
-2.108932 1.118535 -0.260801
-2.117932 1.122239 -0.182829
-2.108273 1.106452 -0.107435
-2.136917 1.133087 -0.030429
-2.133766 1.125009 0.044386
-2.134246 1.120864 0.123636
-2.139929 1.123789 0.197912
-2.132892 1.107826 0.277433
-2.162462 1.140274 0.348252
-2.157673 1.130768 0.428567
-2.142980 1.109840 0.508274
-2.163188 1.128867 0.583912
-2.168173 1.130600 0.660474
-3.009671 2.203812 -1.202628
-2.847462 2.021198 -1.191336
-2.706752 1.861607 -1.169848
-2.534281 1.666285 -1.149090
-2.538183 1.662593 -1.079445
-2.520285 1.637039 -1.013295
-2.319189 1.410172 -0.986244
-2.105094 1.167868 -0.951725
-2.077944 1.132087 -0.879592
-2.054501 1.099317 -0.803574
-2.056063 1.094089 -0.726679
-2.065987 1.098691 -0.646775
-2.071404 1.098319 -0.569881
-2.072119 1.092752 -0.491166
-2.088835 1.106678 -0.414536
-2.085391 1.097096 -0.336451
-2.108932 1.118535 -0.260801
-2.117932 1.122239 -0.182829
-2.108273 1.106452 -0.107435
-2.136917 1.133087 -0.030429
-2.133766 1.125009 0.044386
-2.134246 1.120864 0.123636
-2.139929 1.123789 0.197912
-2.132892 1.107826 0.277433
-2.162462 1.140274 0.348252
-2.157673 1.130768 0.428567
-2.142980 1.109840 0.508274
-2.163188 1.128867 0.583912
-2.168173 1.130600 0.660474
-3.053830 2.169536 -1.203870
-2.896798 1.987594 -1.191932
-2.742650 1.808518 -1.175361
-2.575522 1.613684 -1.153790
-2.571608 1.601121 -1.085985
-2.575061 1.598851 -1.014623
-2.395556 1.389943 -0.983966
-2.161205 1.117979 -0.954615
-2.432104 1.418339 -0.832588
-2.432995 1.412813 -0.759639
-2.421551 1.393317 -0.691152
-2.152096 1.080975 -0.646729
-2.160161 1.083667 -0.570229
-2.163592 1.081101 -0.492047
-2.169576 1.083201 -0.416542
-2.171529 1.079553 -0.338885
-2.178972 1.083199 -0.263775
-2.182658 1.080945 -0.185956
-2.186350 1.080040 -0.111344
-2.204112 1.094949 -0.034065
-2.203688 1.089777 0.040292
-2.206829 1.088581 0.118958
-2.209844 1.088501 0.193254
-2.223841 1.096445 0.269264
-2.216511 1.087115 0.345790
-2.227434 1.095489 0.423070
-2.236296 1.101245 0.497370
-2.235506 1.096482 0.577230
-2.240431 1.098188 0.653462
-3.053830 2.169536 -1.203870
-2.896798 1.987594 -1.191932
-2.742650 1.808518 -1.175361
-2.575522 1.613684 -1.153790
-2.571608 1.601121 -1.085985
-2.575061 1.598851 -1.014623
-2.395556 1.389943 -0.983966
-2.161205 1.117979 -0.954615
-2.432104 1.418339 -0.832588
-2.432995 1.412813 -0.759639
-2.421551 1.393317 -0.691152
-2.152096 1.080975 -0.646729
-2.160161 1.083667 -0.570229
-2.163592 1.081101 -0.492047
-2.169576 1.083201 -0.416542
-2.171529 1.079553 -0.338885
-2.178972 1.083199 -0.263775
-2.182658 1.080945 -0.185956
-2.186350 1.080040 -0.111344
-2.204112 1.094949 -0.034065
-2.203688 1.089777 0.040292
-2.206829 1.088581 0.118958
-2.209844 1.088501 0.193254
-2.223841 1.096445 0.269264
-2.216511 1.087115 0.345790
-2.227434 1.095489 0.423070
-2.236296 1.101245 0.497370
-2.235506 1.096482 0.577230
-2.240431 1.098188 0.653462
-3.229531 2.292392 -1.216192
-3.093293 2.130042 -1.206940
-2.961934 1.972442 -1.187517
-2.800038 1.779473 -1.174659
-2.617616 1.561560 -1.158544
-2.606133 1.539913 -1.092592
-2.596682 1.522623 -1.023954
-2.471825 1.371100 -0.981693
-2.469169 1.360618 -0.909085
-2.518395 1.412075 -0.829537
-2.519389 1.406591 -0.757341
-2.497861 1.374849 -0.690912
-2.474006 1.340842 -0.621755
-2.201926 1.016016 -0.574505
-2.195034 1.001242 -0.496627
-2.211373 1.015512 -0.420144
-2.223758 1.024000 -0.341952
-2.228572 1.024636 -0.266724
-2.229721 1.019314 -0.188671
-2.243780 1.030602 -0.114315
-2.256181 1.039591 -0.036674
-2.250692 1.028252 0.038250
-2.261593 1.036189 0.116280
-2.249212 1.017809 0.192690
-2.252904 1.013712 0.270700
-2.276453 1.040763 0.342366
-2.277054 1.037070 0.421642
-2.285864 1.042902 0.496110
-2.290247 1.044134 0.574890
-2.302758 1.054919 0.649143
-3.229531 2.292392 -1.216192
-3.093293 2.130042 -1.206940
-2.961934 1.972442 -1.187517
-2.800038 1.779473 -1.174659
-2.617616 1.561560 -1.158544
-2.606133 1.539913 -1.092592
-2.596682 1.522623 -1.023954
-2.471825 1.371100 -0.981693
-2.469169 1.360618 -0.909085
-2.518395 1.412075 -0.829537
-2.519389 1.406591 -0.757341
-2.497861 1.374849 -0.690912
-2.474006 1.340842 -0.621755
-2.201926 1.016016 -0.574505
-2.195034 1.001242 -0.496627
-2.211373 1.015512 -0.420144
-2.223758 1.024000 -0.341952
-2.228572 1.024636 -0.266724
-2.229721 1.019314 -0.188671
-2.243780 1.030602 -0.114315
-2.256181 1.039591 -0.036674
-2.250692 1.028252 0.038250
-2.261593 1.036189 0.116280
-2.249212 1.017809 0.192690
-2.252904 1.013712 0.270700
-2.276453 1.040763 0.342366
-2.277054 1.037070 0.421642
-2.285864 1.042902 0.496110
-2.290247 1.044134 0.574890
-2.302758 1.054919 0.649143
-3.267310 2.255324 -1.219238
-3.148483 2.108893 -1.204646
-3.001664 1.928644 -1.191524
-2.862726 1.757361 -1.172407
-2.690993 1.546000 -1.154612
-2.621442 1.454854 -1.104645
-2.614737 1.440272 -1.034603
-2.553062 1.359708 -0.978306
-2.537847 1.334006 -0.908845
-2.573626 1.370871 -0.831826
-2.579807 1.371463 -0.758914
-2.571488 1.354703 -0.691010
-2.535365 1.305012 -0.623715
-2.211723 0.908792 -0.581722
-2.217811 0.909167 -0.501951
-2.236517 0.926639 -0.424576
-2.246264 0.932117 -0.345688
-2.243462 0.923479 -0.269673
-2.300702 0.985982 -0.192005
-2.261239 0.932577 -0.115470
-2.273578 0.941673 -0.036901
-2.268314 0.930208 0.038888
-2.289298 0.950594 0.116702
-2.317643 0.981336 0.188296
-2.283588 0.930998 0.272041
-2.313845 0.957529 0.499869
-2.325790 0.968013 0.577468
-2.358131 1.003424 0.646814
-3.267310 2.255324 -1.219238
-3.148483 2.108893 -1.204646
-3.001664 1.928644 -1.191524
-2.862726 1.757361 -1.172407
-2.690993 1.546000 -1.154612
-2.621442 1.454854 -1.104645
-2.614737 1.440272 -1.034603
-2.553062 1.359708 -0.978306
-2.537847 1.334006 -0.908845
-2.573626 1.370871 -0.831826
-2.579807 1.371463 -0.758914
-2.571488 1.354703 -0.691010
-2.535365 1.305012 -0.623715
-2.211723 0.908792 -0.581722
-2.217811 0.909167 -0.501951
-2.261239 0.932577 -0.115470
-2.289298 0.950594 0.116702
-2.283588 0.930998 0.272041
-2.325790 0.968013 0.577468
-3.310596 2.224738 -1.220404
-3.193828 2.076666 -1.205976
-3.054515 1.900425 -1.191355
-2.915502 1.724213 -1.173320
-2.744246 1.507446 -1.156525
-2.651010 1.384798 -1.113428
-2.649490 1.376103 -1.041647
-2.591436 1.297649 -0.984455
-2.596615 1.296252 -0.910638
-2.621864 1.321224 -0.835497
-2.615505 1.306369 -0.764425
-2.614950 1.298690 -0.695140
-2.584546 1.254630 -0.627096
-0.663926 -1.132241 -0.727688
-0.083853 -1.862839 -0.649986
-3.310596 2.224738 -1.220404
-3.193828 2.076666 -1.205976
-3.054515 1.900425 -1.191355
-2.915502 1.724213 -1.173320
-2.744246 1.507446 -1.156525
-2.651010 1.384798 -1.113428
-2.649490 1.376103 -1.041647
-2.591436 1.297649 -0.984455
-2.596615 1.296252 -0.910638
-2.621864 1.321224 -0.835497
-2.615505 1.306369 -0.764425
-2.614950 1.298690 -0.695140
-2.584546 1.254630 -0.627096
-0.663926 -1.132241 -0.727688
-0.083853 -1.862839 -0.649986
-3.354261 2.194792 -1.221598
-3.244455 2.051185 -1.205525
-3.100295 1.863893 -1.193748
-2.958857 1.679620 -1.177422
-2.807797 1.481971 -1.155542
-2.672118 1.302523 -1.125000
-2.675602 1.299813 -1.051241
-2.628468 1.232827 -0.991237
-2.611510 1.203375 -0.921578
-2.638853 1.231639 -0.845077
-2.647481 1.235290 -0.770795
-2.649502 1.230624 -0.700680
-1.106366 -0.740609 -0.804530
-0.695582 -1.274458 -0.737488
-0.147949 -1.984909 -0.657495
-3.354261 2.194792 -1.221598
-3.244455 2.051185 -1.205525
-3.100295 1.863893 -1.193748
-2.958857 1.679620 -1.177422
-2.807797 1.481971 -1.155542
-2.672118 1.302523 -1.125000
-2.675602 1.299813 -1.051241
-2.628468 1.232827 -0.991237
-2.611510 1.203375 -0.921578
-2.638853 1.231639 -0.845077
-2.647481 1.235290 -0.770795
-2.649502 1.230624 -0.700680
-1.106366 -0.740609 -0.804530
-0.695582 -1.274458 -0.737488
-0.147949 -1.984909 -0.657495
-3.393513 2.159376 -1.224745
-3.290511 2.020368 -1.206907
-3.141775 1.821836 -1.197872
-3.017347 1.654149 -1.176815
-2.859437 1.442012 -1.158252
-2.704575 1.232600 -1.133954
-2.688765 1.204767 -1.064657
-2.671537 1.174572 -0.996961
-2.461552 0.893141 -0.967727
-2.253668 0.615278 -0.930401
-1.961957 0.225876 -0.894676
-1.634752 -0.211324 -0.853861
-1.240028 -0.737747 -0.802936
-0.785896 -1.343930 -0.742229
-0.156290 -2.182880 -0.669228
-3.393513 2.159376 -1.224745
-3.290511 2.020368 -1.206907
-3.141775 1.821836 -1.197872
-3.017347 1.654149 -1.176815
-2.859437 1.442012 -1.158252
-2.704575 1.232600 -1.133954
-2.688765 1.204767 -1.064657
-2.671537 1.174572 -0.996961
-2.461552 0.893141 -0.967727
-2.253668 0.615278 -0.930401
-1.961957 0.225876 -0.894676
-1.634752 -0.211324 -0.853861
-1.240028 -0.737747 -0.802936
-0.785896 -1.343930 -0.742229
-0.156290 -2.182880 -0.669228
-3.447395 2.143021 -1.222137
-3.334594 1.987126 -1.209227
-3.202793 1.805233 -1.195234
-3.068927 1.620240 -1.178611
-2.909263 1.399639 -1.161737
-2.743130 1.169151 -1.141627
-2.737180 1.153619 -1.069454
-2.729866 1.135784 -0.999340
-2.507212 0.829188 -0.973947
-2.305591 0.551566 -0.936038
-2.038346 0.183615 -0.897131
-1.748166 -0.216526 -0.852355
-1.280026 -0.857318 -0.812432
-0.931814 -1.338309 -0.741753
-0.268826 -2.246980 -0.673967
-3.447395 2.143021 -1.222137
-3.334594 1.987126 -1.209227
-3.202793 1.805233 -1.195234
-3.068927 1.620240 -1.178611
-2.909263 1.399639 -1.161737
-2.743130 1.169151 -1.141627
-2.737180 1.153619 -1.069454
-2.729866 1.135784 -0.999340
-2.507212 0.829188 -0.973947
-2.305591 0.551566 -0.936038
-2.038346 0.183615 -0.897131
-1.748166 -0.216526 -0.852355
-1.280026 -0.857318 -0.812432
-0.931814 -1.338309 -0.741753
-0.268826 -2.246980 -0.673967
-3.386069 1.963910 -1.208845
-3.259144 1.783374 -1.194309
-3.127886 1.596567 -1.178046
-2.952754 1.348417 -1.167483
-2.796814 1.125125 -1.145270
-2.746888 1.048774 -1.084955
-2.753764 1.049813 -1.010312
-2.579649 0.801009 -0.974594
-2.381929 0.520610 -0.937168
-2.098863 0.119944 -0.902423
-1.814292 -0.284264 -0.857722
-1.380781 -0.895962 -0.814882
-1.004347 -1.430418 -0.748431
-3.386069 1.963910 -1.208845
-3.259144 1.783374 -1.194309
-3.127886 1.596567 -1.178046
-2.952754 1.348417 -1.167483
-2.796814 1.125125 -1.145270
-2.746888 1.048774 -1.084955
-2.753764 1.049813 -1.010312
-2.579649 0.801009 -0.974594
-2.381929 0.520610 -0.937168
-2.098863 0.119944 -0.902423
-1.814292 -0.284264 -0.857722
-1.380781 -0.895962 -0.814882
-1.004347 -1.430418 -0.748431
-3.428662 1.928841 -1.212136
-3.304264 1.746528 -1.197676
-3.166523 1.545117 -1.184695
-3.013072 1.320113 -1.168093
-2.851151 1.081825 -1.148957
-2.784047 0.978928 -1.093674
-2.781767 0.966983 -1.020818
-2.652247 0.774001 -0.975259
-2.442465 0.468129 -0.941541
-2.176444 0.079801 -0.904966
-1.888395 -0.341406 -0.862121
-1.529758 -0.864315 -0.811266
-1.062521 -1.544679 -0.756853
-3.428662 1.928841 -1.212136
-3.304264 1.746528 -1.197676
-3.166523 1.545117 -1.184695
-3.013072 1.320113 -1.168093
-2.851151 1.081825 -1.148957
-2.784047 0.978928 -1.093674
-2.781767 0.966983 -1.020818
-2.652247 0.774001 -0.975259
-2.442465 0.468129 -0.941541
-2.176444 0.079801 -0.904966
-1.888395 -0.341406 -0.862121
-1.529758 -0.864315 -0.811266
-1.062521 -1.544679 -0.756853
-3.354390 1.716708 -1.199365
-3.230623 1.529512 -1.182580
-3.064714 1.279806 -1.171702
-2.921770 1.061978 -1.147869
-2.806924 0.886546 -1.106894
-2.818222 0.893952 -1.029700
-2.707074 0.721974 -0.980087
-2.494854 0.403314 -0.947817
-2.267887 0.060571 -0.905114
-1.974537 -0.381063 -0.864829
-1.556013 -1.007959 -0.823368
-1.174481 -1.582549 -0.759962
-3.354390 1.716708 -1.199365
-3.230623 1.529512 -1.182580
-3.064714 1.279806 -1.171702
-2.921770 1.061978 -1.147869
-2.806924 0.886546 -1.106894
-2.818222 0.893952 -1.029700
-2.707074 0.721974 -0.980087
-2.494854 0.403314 -0.947817
-2.267887 0.060571 -0.905114
-1.974537 -0.381063 -0.864829
-1.556013 -1.007959 -0.823368
-1.174481 -1.582549 -0.759962
-3.409246 1.694101 -1.199361
-3.275003 1.485705 -1.187710
-3.138830 1.272844 -1.167885
-2.992386 1.043298 -1.146790
-2.844958 0.813732 -1.116430
-2.845185 0.804662 -1.041560
-2.760565 0.667324 -0.985492
-2.565973 0.365552 -0.950449
-2.306499 -0.036767 -0.915042
-2.050065 -0.436018 -0.869330
-1.692988 -0.988773 -0.821202
-1.269039 -1.645299 -0.765009
-3.409246 1.694101 -1.199361
-3.275003 1.485705 -1.187710
-3.138830 1.272844 -1.167885
-2.992386 1.043298 -1.146790
-2.844958 0.813732 -1.116430
-2.845185 0.804662 -1.041560
-2.760565 0.667324 -0.985492
-2.565973 0.365552 -0.950449
-2.306499 -0.036767 -0.915042
-2.050065 -0.436018 -0.869330
-1.692988 -0.988773 -0.821202
-1.269039 -1.645299 -0.765009
-3.464275 1.672349 -1.199374
-3.339377 1.471977 -1.185627
-3.201916 1.250706 -1.167806
-3.037266 0.986113 -1.154041
-2.875882 0.727904 -1.128599
-2.874079 0.715320 -1.053533
-2.847204 0.663321 -0.983113
-2.635370 0.325504 -0.953582
-2.568446 0.210955 -0.882880
-2.592539 0.238220 -0.796963
-2.603922 0.246473 -0.711593
-2.600992 0.232349 -0.630739
-3.464275 1.672349 -1.199374
-3.339377 1.471977 -1.185627
-3.201916 1.250706 -1.167806
-3.037266 0.986113 -1.154041
-2.875882 0.727904 -1.128599
-2.874079 0.715320 -1.053533
-2.847204 0.663321 -0.983113
-2.635370 0.325504 -0.953582
-2.568446 0.210955 -0.882880
-2.122101 -0.496652 -0.874596
-2.603922 0.246473 -0.711593
-1.327969 -1.763949 -0.774233
-3.380634 1.422897 -1.192450
-3.246263 1.199656 -1.174507
-3.102085 0.959403 -1.155096
-2.904450 0.635429 -1.142154
-2.900712 0.619254 -1.066785
-2.906070 0.617123 -0.987551
-2.690561 0.262864 -0.960042
-2.667280 0.214857 -0.880835
-2.686793 0.235706 -0.796387
-2.700165 0.247508 -0.711395
-2.684830 0.212969 -0.632741
-2.686850 0.206412 -0.549172
-3.380634 1.422897 -1.192450
-3.246263 1.199656 -1.174507
-3.102085 0.959403 -1.155096
-2.904450 0.635429 -1.142154
-2.900712 0.619254 -1.066785
-2.906070 0.617123 -0.987551
-2.690561 0.262864 -0.960042
-2.667280 0.214857 -0.880835
-2.686793 0.235706 -0.796387
-2.700165 0.247508 -0.711395
-2.684830 0.212969 -0.632741
-3.445320 1.410993 -1.190400
-3.318185 1.192664 -1.171464
-3.171231 0.940411 -1.154775
-2.978140 0.613754 -1.142364
-2.931529 0.526478 -1.079577
-2.941024 0.530995 -0.998374
-2.771554 0.241626 -0.960906
-2.753063 0.200094 -0.881251
-2.778451 0.231437 -0.796152
-2.773181 0.212644 -0.714503
-2.778858 0.212086 -0.633515
-2.744049 0.143820 -0.554055
-3.445320 1.410993 -1.190400
-3.318185 1.192664 -1.171464
-3.171231 0.940411 -1.154775
-2.978140 0.613754 -1.142364
-2.931529 0.526478 -1.079577
-2.941024 0.530995 -0.998374
-2.771554 0.241626 -0.960906
-2.753063 0.200094 -0.881251
-2.778451 0.231437 -0.796152
-2.773181 0.212644 -0.714503
-2.778858 0.212086 -0.633515
-2.744049 0.143820 -0.554055
-3.361793 1.139585 -1.179007
-3.236394 0.915741 -1.155867
-3.081964 0.644262 -1.132931
-2.964391 0.433707 -1.092489
-2.971819 0.434724 -1.010900
-2.834488 0.190840 -0.966056
-2.812574 0.142098 -0.887095
-2.837537 0.173688 -0.801697
-2.848586 0.182307 -0.717336
-2.840247 0.157608 -0.638264
-2.808411 0.092237 -0.558435
-3.361793 1.139585 -1.179007
-3.236394 0.915741 -1.155867
-3.081964 0.644262 -1.132931
-2.964391 0.433707 -1.092489
-2.971819 0.434724 -1.010900
-2.834488 0.190840 -0.966056
-2.812574 0.142098 -0.887095
-2.837537 0.173688 -0.801697
-2.848586 0.182307 -0.717336
-2.840247 0.157608 -0.638264
-3.427924 1.124431 -1.178263
-3.290017 0.871558 -1.161199
-3.115896 0.556766 -1.146054
-2.985597 0.316915 -1.109655
-2.998889 0.328099 -1.025151
-2.900226 0.144314 -0.970784
-2.861375 0.064030 -0.895527
-2.891788 0.106229 -0.808403
-2.894904 0.100985 -0.724811
-2.877154 0.058646 -0.646354
-3.427924 1.124431 -1.178263
-3.290017 0.871558 -1.161199
-3.115896 0.556766 -1.146054
-2.985597 0.316915 -1.109655
-2.998889 0.328099 -1.025151
-2.900226 0.144314 -0.970784
-2.861375 0.064030 -0.895527
-2.891788 0.106229 -0.808403
-2.894904 0.100985 -0.724811
-2.877154 0.058646 -0.646354
-3.348209 0.834940 -1.165170
-3.188040 0.535002 -1.146962
-3.030543 0.237941 -1.120457
-3.041776 0.245656 -1.035795
-3.001094 0.161322 -0.966921
-2.766607 -0.278787 -0.936182
-2.544455 -0.698234 -0.892708
-2.190935 -1.359607 -0.854679
-1.851988 -1.997000 -0.796818
-3.348209 0.834940 -1.165170
-3.188040 0.535002 -1.146962
-3.030543 0.237941 -1.120457
-3.041776 0.245656 -1.035795
-3.001094 0.161322 -0.966921
-2.766607 -0.278787 -0.936182
-2.544455 -0.698234 -0.892708
-2.190935 -1.359607 -0.854679
-1.851988 -1.997000 -0.796818
-3.408814 0.802584 -1.168471
-3.267732 0.528268 -1.145279
-3.082749 0.169770 -1.129574
-3.069681 0.131998 -1.051392
-3.054387 0.092466 -0.975082
-2.846542 -0.312299 -0.939483
-2.611654 -0.770039 -0.900141
-2.326908 -1.323472 -0.852143
-1.952253 -2.050237 -0.802282
-3.408814 0.802584 -1.168471
-3.267732 0.528268 -1.145279
-3.082749 0.169770 -1.129574
-3.069681 0.131998 -1.051392
-3.054387 0.092466 -0.975082
-2.846542 -0.312299 -0.939483
-2.611654 -0.770039 -0.900141
-2.326908 -1.323472 -0.852143
-1.952253 -2.050237 -0.802282
-3.307245 0.445731 -1.157982
-3.158093 0.144295 -1.131597
-3.103867 0.025249 -1.066062
-3.083692 -0.025312 -0.990127
-2.932275 -0.334020 -0.941532
-2.698355 -0.805628 -0.903934
-2.385147 -1.434061 -0.862788
-2.062294 -2.084275 -0.806499
-3.307245 0.445731 -1.157982
-3.158093 0.144295 -1.131597
-3.103867 0.025249 -1.066062
-3.083692 -0.025312 -0.990127
-2.932275 -0.334020 -0.941532
-2.698355 -0.805628 -0.903934
-2.385147 -1.434061 -0.862788
-2.062294 -2.084275 -0.806499
-3.392679 0.451662 -1.154373
-3.214236 0.081013 -1.140252
-3.135229 -0.092138 -1.082509
-3.119297 -0.136108 -1.004357
-3.005714 -0.379372 -0.946609
-2.808348 -0.793525 -0.902880
-2.486310 -1.461979 -0.866256
-2.837509 -0.762363 -0.711323
-2.849402 -0.752145 -0.615559
-3.392679 0.451662 -1.154373
-3.214236 0.081013 -1.140252
-3.135229 -0.092138 -1.082509
-3.119297 -0.136108 -1.004357
-3.005714 -0.379372 -0.946609
-2.808348 -0.793525 -0.902880
-2.486310 -1.461979 -0.866256
-2.837509 -0.762363 -0.711323
-3.463766 0.430614 -1.156015
-3.292222 0.061095 -1.141743
-3.164221 -0.220327 -1.100758
-3.150629 -0.261210 -1.020704
-3.079876 -0.423739 -0.951737
-2.929396 -0.754365 -0.899139
-2.938297 -0.750070 -0.803896
-2.942699 -0.755166 -0.712426
-2.944193 -0.766469 -0.618649
-2.926273 -0.815602 -0.529637
-3.463766 0.430614 -1.156015
-3.292222 0.061095 -1.141743
-3.164221 -0.220327 -1.100758
-3.150629 -0.261210 -1.020704
-3.079876 -0.423739 -0.951737
-2.929396 -0.754365 -0.899139
-2.938297 -0.750070 -0.803896
-2.942699 -0.755166 -0.712426
-2.944193 -0.766469 -0.618649
-3.360291 0.020842 -1.146887
-3.216261 -0.305537 -1.112595
-3.188277 -0.379219 -1.036238
-3.179695 -0.412936 -0.950372
-3.017210 -0.781766 -0.902557
-3.022737 -0.784656 -0.808130
-3.037171 -0.767981 -0.715109
-3.037163 -0.782941 -0.621954
-3.013311 -0.846924 -0.533936
-3.360291 0.020842 -1.146887
-3.216261 -0.305537 -1.112595
-3.188277 -0.379219 -1.036238
-3.179695 -0.412936 -0.950372
-3.017210 -0.781766 -0.902557
-3.022737 -0.784656 -0.808130
-3.037171 -0.767981 -0.715109
-3.037163 -0.782941 -0.621954
-3.013311 -0.846924 -0.533936
-3.453233 0.035631 -1.142939
-3.296008 -0.332428 -1.115715
-3.217426 -0.522580 -1.055412
-3.215807 -0.542183 -0.966094
-3.106857 -0.804229 -0.905616
-3.096331 -0.843567 -0.814687
-3.116985 -0.812190 -0.720236
-3.109172 -0.845520 -0.628049
-3.087840 -0.906266 -0.539536
-3.453233 0.035631 -1.142939
-3.296008 -0.332428 -1.115715
-3.217426 -0.522580 -1.055412
-3.215807 -0.542183 -0.966094
-3.106857 -0.804229 -0.905616
-3.096331 -0.843567 -0.814687
-3.116985 -0.812190 -0.720236
-3.109172 -0.845520 -0.628049
-3.363513 -0.387277 -1.123299
-3.256339 -0.651564 -1.072794
-3.250349 -0.682434 -0.983325
-3.166957 -0.894945 -0.916035
-2.845255 -1.668390 -0.890202
-3.177269 -0.903089 -0.728978
-3.188622 -0.892522 -0.633356
-3.363513 -0.387277 -1.123299
-3.256339 -0.651564 -1.072794
-3.250349 -0.682434 -0.983325
-3.166957 -0.894945 -0.916035
-2.845255 -1.668390 -0.890202
-3.177269 -0.903089 -0.728978
-3.433593 -0.437639 -1.130394
-3.289297 -0.802540 -1.093373
-3.285299 -0.830140 -1.001647
-3.226064 -0.992488 -0.927358
-2.940832 -1.707738 -0.895505
-3.433593 -0.437639 -1.130394
-3.289297 -0.802540 -1.093373
-3.285299 -0.830140 -1.001647
-3.226064 -0.992488 -0.927358
-2.940832 -1.707738 -0.895505
-3.358130 -0.872510 -1.103062
-3.319515 -0.989051 -1.021525
-3.336960 -0.963592 -0.925479
-3.035491 -1.749456 -0.901186
-3.358130 -0.872510 -1.103062
-3.319515 -0.989051 -1.021525
-3.336960 -0.963592 -0.925479
-3.035491 -1.749456 -0.901186
-3.439720 -0.912030 -1.108783
-3.364735 -1.129537 -1.039384
-3.379076 -1.111565 -0.942506
-3.157454 -1.718993 -0.900490
-3.081459 -1.941911 -0.814199
-3.095796 -1.924833 -0.703761
-3.107761 -1.909252 -0.597948
-3.439720 -0.912030 -1.108783
-3.364735 -1.129537 -1.039384
-3.379076 -1.111565 -0.942506
-3.157454 -1.718993 -0.900490
-3.081459 -1.941911 -0.814199
-3.095796 -1.924833 -0.703761
-3.107761 -1.909252 -0.597948
-3.405275 -1.292326 -1.060166
-3.420797 -1.270738 -0.960944
-3.276691 -1.690242 -0.900070
-3.192983 -1.944212 -0.817182
-3.212462 -1.911946 -0.706332
-3.213433 -1.926343 -0.602612
-3.197102 -1.992581 -0.496860
-3.405275 -1.292326 -1.060166
-3.420797 -1.270738 -0.960944
-3.276691 -1.690242 -0.900070
-3.192983 -1.944212 -0.817182
-3.212462 -1.911946 -0.706332
-3.213433 -1.926343 -0.602612
-3.197102 -1.992581 -0.496860
-3.445991 -1.466415 -1.082558
-3.355632 -1.772541 -0.909911
-3.292380 -1.978746 -0.822750
-3.314010 -1.938748 -0.711413
-3.321655 -1.934301 -0.606933
-3.295922 -2.031100 -0.502588
-3.445991 -1.466415 -1.082558
-3.355632 -1.772541 -0.909911
-3.292380 -1.978746 -0.822750
-3.314010 -1.938748 -0.711413
-3.321655 -1.934301 -0.606933
-3.407710 -1.940999 -0.927847
-3.374820 -2.064949 -0.832440
-3.389730 -2.043787 -0.721444
-3.394883 -2.046988 -0.616272
-3.407710 -1.940999 -0.927847
-3.374820 -2.064949 -0.832440
-3.389730 -2.043787 -0.721444
-3.394883 -2.046988 -0.616272
